bootstrap,model_id,overall_score,rank
1,claude_fable_5_max,63.463042665396,1
1,glm_5_2_max,62.625474117459135,2
1,gpt_5_5_xhigh,60.12510967423914,3
1,deepseek_v4_flash_max,59.03914887832035,4
1,gpt_5_6_sol_max,54.593768390782294,5
1,deepseek_v4_pro_max,52.17093333862923,6
1,gemini_3_1_pro_high,48.020567637217,7
1,qwen3_8_max,47.54355493306294,8
1,claude_opus_4_8_max,34.622472020081744,9
1,kimi_k3_max,31.062222514200776,10
2,deepseek_v4_flash_max,73.40853052226146,1
2,gpt_5_6_sol_max,70.6242400988657,2
2,kimi_k3_max,59.22860598256788,3
2,gpt_5_5_xhigh,58.17612457821953,4
2,claude_fable_5_max,57.41117653157259,5
2,glm_5_2_max,54.1243404764787,6
2,deepseek_v4_pro_max,53.52374626828315,7
2,claude_opus_4_8_max,43.900405558297265,8
2,qwen3_8_max,35.73922908105533,9
2,gemini_3_1_pro_high,21.299787458524523,10
3,glm_5_2_max,64.88187666904996,1
3,gpt_5_5_xhigh,60.816917789502874,2
3,qwen3_8_max,48.36437001750387,3
3,claude_opus_4_8_max,45.12653079454812,4
3,deepseek_v4_flash_max,36.04551359558911,5
3,kimi_k3_max,35.76482710976112,6
3,gpt_5_6_sol_max,35.666001828723694,7
3,gemini_3_1_pro_high,31.095765393072814,8
3,claude_fable_5_max,29.022760827245417,9
3,deepseek_v4_pro_max,24.53237788786446,10
4,deepseek_v4_flash_max,81.70331535591423,1
4,qwen3_8_max,67.73017783739883,2
4,claude_opus_4_8_max,61.38191317316971,3
4,glm_5_2_max,40.11847151984158,4
4,kimi_k3_max,36.772819206488684,5
4,deepseek_v4_pro_max,33.35402187229724,6
4,gemini_3_1_pro_high,30.9121254612362,7
4,gpt_5_5_xhigh,30.664169657617375,8
4,gpt_5_6_sol_max,27.719236205977186,9
4,claude_fable_5_max,27.621695635187052,10
5,kimi_k3_max,67.07341514282543,1
5,gpt_5_5_xhigh,61.94682702452132,2
5,deepseek_v4_pro_max,58.19745173192305,3
5,claude_fable_5_max,53.09963822781718,4
5,gemini_3_1_pro_high,38.91456136693296,5
5,claude_opus_4_8_max,32.88931401986426,6
5,qwen3_8_max,32.63465537573794,7
5,glm_5_2_max,24.571866615546657,8
5,deepseek_v4_flash_max,23.63137993093491,9
5,gpt_5_6_sol_max,23.630072983670377,10
6,claude_fable_5_max,79.46483485226335,1
6,kimi_k3_max,58.00936478919183,2
6,gpt_5_5_xhigh,56.215507255666026,3
6,claude_opus_4_8_max,56.21313522133315,4
6,glm_5_2_max,52.741736134663824,5
6,gpt_5_6_sol_max,48.32070263817139,6
6,gemini_3_1_pro_high,48.25047138775166,7
6,qwen3_8_max,35.94885066587886,8
6,deepseek_v4_pro_max,31.41074016053647,9
6,deepseek_v4_flash_max,29.692748328087845,10
7,claude_fable_5_max,67.40334669623257,1
7,gpt_5_6_sol_max,63.33255898491727,2
7,claude_opus_4_8_max,45.06516286747047,3
7,deepseek_v4_pro_max,44.81242548138297,4
7,gemini_3_1_pro_high,39.18942623861142,5
7,deepseek_v4_flash_max,36.89680159230913,6
7,gpt_5_5_xhigh,36.01458359263191,7
7,kimi_k3_max,33.55396145052344,8
7,glm_5_2_max,32.03132085871166,9
7,qwen3_8_max,30.510436471777304,10
8,gpt_5_6_sol_max,85.2403596428661,1
8,qwen3_8_max,44.39073746873299,2
8,gemini_3_1_pro_high,43.92229482895138,3
8,claude_fable_5_max,41.115594280586706,4
8,gpt_5_5_xhigh,40.29325126670385,5
8,claude_opus_4_8_max,40.2079151828877,6
8,kimi_k3_max,35.706878671882514,7
8,deepseek_v4_flash_max,31.038147546313724,8
8,deepseek_v4_pro_max,28.04803946355966,9
8,glm_5_2_max,28.02891630767696,10
9,claude_fable_5_max,59.74609173321211,1
9,gemini_3_1_pro_high,57.81918596414657,2
9,claude_opus_4_8_max,39.61926687696406,3
9,deepseek_v4_flash_max,39.495208812604076,4
9,gpt_5_6_sol_max,30.287304105962754,5
9,gpt_5_5_xhigh,28.9979414136428,6
9,qwen3_8_max,28.39192707882281,7
9,kimi_k3_max,28.352483639883616,8
9,glm_5_2_max,24.335992344825023,9
9,deepseek_v4_pro_max,23.378768911961153,10
10,gpt_5_6_sol_max,73.04083711873085,1
10,claude_fable_5_max,63.001801972388975,2
10,deepseek_v4_pro_max,59.478655687495085,3
10,gemini_3_1_pro_high,58.423001343985035,4
10,kimi_k3_max,46.46581806106818,5
10,qwen3_8_max,45.47709907801621,6
10,gpt_5_5_xhigh,43.526435482355936,7
10,claude_opus_4_8_max,40.3791573054396,8
10,deepseek_v4_flash_max,31.999791647870005,9
10,glm_5_2_max,23.71127858377363,10
11,deepseek_v4_pro_max,87.94710150018916,1
11,gemini_3_1_pro_high,64.72214452507258,2
11,claude_fable_5_max,59.08113458728223,3
11,glm_5_2_max,58.837099648202624,4
11,gpt_5_5_xhigh,57.51507831978581,5
11,gpt_5_6_sol_max,46.204812627896686,6
11,kimi_k3_max,38.317106040470165,7
11,qwen3_8_max,36.226897470024255,8
11,claude_opus_4_8_max,30.940749161815656,9
11,deepseek_v4_flash_max,15.695949310087633,10
12,deepseek_v4_flash_max,70.13434640609539,1
12,gpt_5_6_sol_max,68.59711430080515,2
12,gemini_3_1_pro_high,55.8406629922312,3
12,claude_fable_5_max,52.04680931802668,4
12,kimi_k3_max,51.82239857576042,5
12,qwen3_8_max,45.57246040780093,6
12,claude_opus_4_8_max,42.717220119524036,7
12,gpt_5_5_xhigh,38.4620225855735,8
12,glm_5_2_max,37.62672230758838,9
12,deepseek_v4_pro_max,29.028990198410547,10
13,deepseek_v4_flash_max,75.79915025332593,1
13,claude_opus_4_8_max,68.48345523991722,2
13,deepseek_v4_pro_max,65.08876432802987,3
13,gpt_5_5_xhigh,55.64633215426031,4
13,kimi_k3_max,49.00563658427142,5
13,glm_5_2_max,48.90940852811356,6
13,gemini_3_1_pro_high,47.92730173159681,7
13,qwen3_8_max,43.68137213354833,8
13,gpt_5_6_sol_max,40.32953722303935,9
13,claude_fable_5_max,17.643536694580682,10
14,claude_fable_5_max,71.55757353355044,1
14,gemini_3_1_pro_high,60.41787725177154,2
14,gpt_5_6_sol_max,44.48083534532371,3
14,claude_opus_4_8_max,42.96434013029939,4
14,deepseek_v4_pro_max,42.88299400457109,5
14,kimi_k3_max,42.73509135657751,6
14,glm_5_2_max,38.624103356394016,7
14,qwen3_8_max,30.309480432693118,8
14,gpt_5_5_xhigh,26.46489284051041,9
14,deepseek_v4_flash_max,24.290689170158053,10
15,deepseek_v4_pro_max,68.61933983782602,1
15,deepseek_v4_flash_max,56.01423163693947,2
15,claude_fable_5_max,36.56183244381258,3
15,claude_opus_4_8_max,30.38923550207509,4
15,gpt_5_5_xhigh,26.725763696543893,5
15,gemini_3_1_pro_high,25.144860859894713,6
15,qwen3_8_max,24.644070857091254,7
15,gpt_5_6_sol_max,23.142157829123775,8
15,kimi_k3_max,21.409253210189362,9
15,glm_5_2_max,20.633816975449626,10
16,claude_fable_5_max,70.14113025700428,1
16,claude_opus_4_8_max,53.85168201883687,2
16,glm_5_2_max,53.60600523672151,3
16,deepseek_v4_flash_max,53.41040210934248,4
16,gpt_5_6_sol_max,52.84361847748403,5
16,deepseek_v4_pro_max,40.97206064422427,6
16,qwen3_8_max,39.838308120303374,7
16,gpt_5_5_xhigh,37.14929762821885,8
16,kimi_k3_max,35.681248780083514,9
16,gemini_3_1_pro_high,28.401361410878977,10
17,claude_fable_5_max,75.47538491619486,1
17,deepseek_v4_pro_max,65.89747696543817,2
17,kimi_k3_max,61.85255117995567,3
17,claude_opus_4_8_max,60.06072581326854,4
17,gpt_5_6_sol_max,56.59847748754346,5
17,gpt_5_5_xhigh,50.8186677207184,6
17,gemini_3_1_pro_high,38.814665836431196,7
17,qwen3_8_max,26.289286305688357,8
17,glm_5_2_max,23.152173589476355,9
17,deepseek_v4_flash_max,22.87287526201813,10
18,claude_opus_4_8_max,80.79337411436885,1
18,deepseek_v4_flash_max,72.16671690140518,2
18,gpt_5_5_xhigh,70.25589719905153,3
18,qwen3_8_max,70.24181620467638,4
18,gemini_3_1_pro_high,66.361432287393,5
18,deepseek_v4_pro_max,58.0059885418875,6
18,gpt_5_6_sol_max,50.026292647244105,7
18,glm_5_2_max,44.47806068958847,8
18,kimi_k3_max,37.514895879103875,9
18,claude_fable_5_max,34.099790259404266,10
19,claude_fable_5_max,68.89012077214758,1
19,gpt_5_6_sol_max,64.26218182142648,2
19,deepseek_v4_pro_max,52.414812695923814,3
19,kimi_k3_max,45.89211836372683,4
19,gemini_3_1_pro_high,43.699770183775655,5
19,gpt_5_5_xhigh,41.979639132847275,6
19,claude_opus_4_8_max,41.81213597081481,7
19,glm_5_2_max,35.627479595470774,8
19,deepseek_v4_flash_max,31.785862754183796,9
19,qwen3_8_max,26.027735092916245,10
20,deepseek_v4_pro_max,68.48061452632096,1
20,claude_fable_5_max,67.58616091461073,2
20,gpt_5_6_sol_max,48.28095655985888,3
20,kimi_k3_max,47.04776352692289,4
20,gpt_5_5_xhigh,45.97903911564517,5
20,claude_opus_4_8_max,41.95679093993664,6
20,glm_5_2_max,36.397457585067045,7
20,qwen3_8_max,29.923347768151928,8
20,gemini_3_1_pro_high,28.530233081100178,9
20,deepseek_v4_flash_max,26.83290030299976,10
21,deepseek_v4_pro_max,73.3317678940999,1
21,gpt_5_6_sol_max,62.58564056521001,2
21,deepseek_v4_flash_max,48.132411738387304,3
21,claude_fable_5_max,46.27644835559428,4
21,gpt_5_5_xhigh,44.913428520824716,5
21,kimi_k3_max,41.58494264519631,6
21,gemini_3_1_pro_high,40.21360576462279,7
21,qwen3_8_max,34.22316251268201,8
21,claude_opus_4_8_max,27.01411391982396,9
21,glm_5_2_max,21.536441203948947,10
22,claude_fable_5_max,84.85139114328976,1
22,claude_opus_4_8_max,52.87558097107646,2
22,glm_5_2_max,42.28503202501923,3
22,qwen3_8_max,37.48658273073161,4
22,gpt_5_5_xhigh,37.40654772423078,5
22,deepseek_v4_pro_max,32.795356696319246,6
22,gpt_5_6_sol_max,32.75793665635404,7
22,deepseek_v4_flash_max,31.24275717078775,8
22,gemini_3_1_pro_high,28.784557453956566,9
22,kimi_k3_max,24.736787665425624,10
23,claude_fable_5_max,86.13117809519763,1
23,qwen3_8_max,73.55841384359172,2
23,gemini_3_1_pro_high,46.815141180657044,3
23,deepseek_v4_pro_max,46.81382936526093,4
23,kimi_k3_max,43.14582906291116,5
23,glm_5_2_max,40.914670445083445,6
23,gpt_5_6_sol_max,37.405086077171525,7
23,gpt_5_5_xhigh,36.055496689073216,8
23,claude_opus_4_8_max,29.94397479145907,9
23,deepseek_v4_flash_max,20.65896041608191,10
24,deepseek_v4_pro_max,64.47585585349816,1
24,claude_fable_5_max,58.78221583768803,2
24,deepseek_v4_flash_max,57.24144019702871,3
24,gpt_5_6_sol_max,51.86869817987118,4
24,kimi_k3_max,36.666802808349274,5
24,qwen3_8_max,33.44497957155543,6
24,gpt_5_5_xhigh,29.9660933443703,7
24,claude_opus_4_8_max,27.731315606442866,8
24,glm_5_2_max,23.087035507902897,9
24,gemini_3_1_pro_high,16.91455678790724,10
25,gemini_3_1_pro_high,69.17601855795584,1
25,deepseek_v4_flash_max,61.17860122436182,2
25,claude_opus_4_8_max,59.95554734068685,3
25,glm_5_2_max,54.09649389705454,4
25,gpt_5_6_sol_max,52.34372751684184,5
25,gpt_5_5_xhigh,46.62746010212203,6
25,kimi_k3_max,40.98098138194147,7
25,claude_fable_5_max,39.73059383344158,8
25,qwen3_8_max,36.220085644937456,9
25,deepseek_v4_pro_max,21.406787363105757,10
26,kimi_k3_max,70.84697601075612,1
26,deepseek_v4_pro_max,68.0349520047079,2
26,gpt_5_5_xhigh,59.62441939292568,3
26,glm_5_2_max,48.94919254063751,4
26,claude_opus_4_8_max,42.05054309362399,5
26,qwen3_8_max,40.357452011402735,6
26,gpt_5_6_sol_max,39.947319739077564,7
26,gemini_3_1_pro_high,39.09376230255545,8
26,deepseek_v4_flash_max,37.05899721032455,9
26,claude_fable_5_max,35.896345418223525,10
27,deepseek_v4_pro_max,67.82040827031932,1
27,claude_opus_4_8_max,65.71158033813892,2
27,gemini_3_1_pro_high,64.5745358152466,3
27,kimi_k3_max,52.84432789291387,4
27,glm_5_2_max,47.27675883908929,5
27,gpt_5_5_xhigh,44.83370288366156,6
27,gpt_5_6_sol_max,39.76961908119789,7
27,qwen3_8_max,34.794765571789235,8
27,deepseek_v4_flash_max,26.250435211610906,9
27,claude_fable_5_max,19.40324428360106,10
28,deepseek_v4_pro_max,75.4985555383812,1
28,claude_opus_4_8_max,67.58676190570928,2
28,gpt_5_6_sol_max,65.94561248661753,3
28,kimi_k3_max,65.70096226879846,4
28,gemini_3_1_pro_high,60.17708781352681,5
28,gpt_5_5_xhigh,59.402439694546786,6
28,qwen3_8_max,51.10533154069809,7
28,claude_fable_5_max,51.04660973746492,8
28,glm_5_2_max,31.946813220427153,9
28,deepseek_v4_flash_max,19.646923240422804,10
29,gpt_5_6_sol_max,79.75246459040525,1
29,kimi_k3_max,69.95935995620765,2
29,gemini_3_1_pro_high,67.2809969128865,3
29,deepseek_v4_pro_max,58.96624217777518,4
29,glm_5_2_max,46.65194548180451,5
29,qwen3_8_max,46.55273208462481,6
29,gpt_5_5_xhigh,41.4407212423145,7
29,claude_fable_5_max,38.94611757946903,8
29,claude_opus_4_8_max,37.86716515956752,9
29,deepseek_v4_flash_max,23.359560496952064,10
30,claude_fable_5_max,82.92657970697853,1
30,kimi_k3_max,72.12221904446449,2
30,gemini_3_1_pro_high,65.43696047943972,3
30,gpt_5_5_xhigh,52.86795817961375,4
30,qwen3_8_max,47.158417784190505,5
30,deepseek_v4_pro_max,43.00211528235957,6
30,deepseek_v4_flash_max,41.9956802284496,7
30,claude_opus_4_8_max,36.87338610929355,8
30,glm_5_2_max,34.14038622676381,9
30,gpt_5_6_sol_max,27.37886720307276,10
31,claude_fable_5_max,84.6577941536344,1
31,gemini_3_1_pro_high,62.732889943713914,2
31,deepseek_v4_pro_max,61.90160768259133,3
31,gpt_5_5_xhigh,52.60685124997686,4
31,gpt_5_6_sol_max,42.15018050305027,5
31,kimi_k3_max,41.47331612912015,6
31,claude_opus_4_8_max,40.60861553397697,7
31,qwen3_8_max,37.15841216200921,8
31,glm_5_2_max,13.868607740736817,9
31,deepseek_v4_flash_max,13.153627251793035,10
32,deepseek_v4_pro_max,83.68138667473245,1
32,claude_fable_5_max,60.200644107002034,2
32,deepseek_v4_flash_max,49.17836104817394,3
32,glm_5_2_max,48.721109578684164,4
32,claude_opus_4_8_max,44.71351558679191,5
32,gpt_5_5_xhigh,40.12828508999084,6
32,gemini_3_1_pro_high,39.13646629440332,7
32,gpt_5_6_sol_max,34.97322230316531,8
32,kimi_k3_max,29.636952970675274,9
32,qwen3_8_max,28.93294759055894,10
33,gemini_3_1_pro_high,85.08973908245613,1
33,kimi_k3_max,64.04092182878699,2
33,gpt_5_5_xhigh,49.7177836154149,3
33,gpt_5_6_sol_max,48.761260609449664,4
33,claude_fable_5_max,45.388711859882925,5
33,glm_5_2_max,44.51456591144051,6
33,deepseek_v4_pro_max,40.4116802625598,7
33,deepseek_v4_flash_max,34.2236780328562,8
33,claude_opus_4_8_max,30.330019440840093,9
33,qwen3_8_max,19.588917518114563,10
34,deepseek_v4_pro_max,73.70116544270624,1
34,glm_5_2_max,66.53342840959952,2
34,claude_fable_5_max,62.357312440080435,3
34,claude_opus_4_8_max,54.33302206815186,4
34,gemini_3_1_pro_high,54.26928098947156,5
34,gpt_5_6_sol_max,53.626572369328485,6
34,deepseek_v4_flash_max,46.12532297664893,7
34,kimi_k3_max,44.25415576165118,8
34,qwen3_8_max,29.413631016856712,9
34,gpt_5_5_xhigh,29.29494788407436,10
35,gemini_3_1_pro_high,73.31915319216219,1
35,deepseek_v4_pro_max,65.82139485768406,2
35,claude_opus_4_8_max,58.57260365357589,3
35,gpt_5_5_xhigh,54.34063538979805,4
35,claude_fable_5_max,51.754970860524224,5
35,glm_5_2_max,46.53746170492615,6
35,gpt_5_6_sol_max,44.39157463460458,7
35,qwen3_8_max,39.24928163058119,8
35,deepseek_v4_flash_max,27.639096621846484,9
35,kimi_k3_max,24.31005849968565,10
36,kimi_k3_max,66.12943919017339,1
36,gpt_5_5_xhigh,59.398616130222884,2
36,deepseek_v4_pro_max,56.1457654358925,3
36,claude_opus_4_8_max,52.02716400750823,4
36,gpt_5_6_sol_max,45.09258914171439,5
36,glm_5_2_max,45.0047026175024,6
36,claude_fable_5_max,37.705517486179765,7
36,gemini_3_1_pro_high,37.69874695017069,8
36,deepseek_v4_flash_max,33.59883234347849,9
36,qwen3_8_max,32.24282862263793,10
37,qwen3_8_max,67.44979489469341,1
37,gemini_3_1_pro_high,66.8851984594602,2
37,deepseek_v4_pro_max,65.37913032330829,3
37,claude_fable_5_max,47.57022547660191,4
37,glm_5_2_max,41.17218943062253,5
37,deepseek_v4_flash_max,39.59219696211596,6
37,gpt_5_6_sol_max,32.80471083009175,7
37,claude_opus_4_8_max,31.013996615369035,8
37,gpt_5_5_xhigh,29.327805590765507,9
37,kimi_k3_max,28.8226782414823,10
38,gpt_5_6_sol_max,72.33760881167555,1
38,kimi_k3_max,65.57645195530556,2
38,claude_fable_5_max,64.42324215461569,3
38,gemini_3_1_pro_high,50.81818349121569,4
38,deepseek_v4_pro_max,50.52588155701728,5
38,qwen3_8_max,47.26120400232752,6
38,claude_opus_4_8_max,45.181720370815576,7
38,gpt_5_5_xhigh,43.02102462543051,8
38,glm_5_2_max,34.88676989776332,9
38,deepseek_v4_flash_max,25.39008387839589,10
39,claude_fable_5_max,69.6747548062222,1
39,deepseek_v4_flash_max,65.82231577929674,2
39,gpt_5_5_xhigh,57.1097178176737,3
39,glm_5_2_max,49.970526533865396,4
39,kimi_k3_max,44.24615731963769,5
39,gpt_5_6_sol_max,39.977637457650346,6
39,claude_opus_4_8_max,39.433399519770184,7
39,gemini_3_1_pro_high,37.623153633748004,8
39,qwen3_8_max,37.161028201060816,9
39,deepseek_v4_pro_max,34.066210724881934,10
40,kimi_k3_max,58.43901101771549,1
40,deepseek_v4_pro_max,56.19907717625726,2
40,gpt_5_6_sol_max,55.609997437602075,3
40,claude_opus_4_8_max,51.78712024843676,4
40,qwen3_8_max,51.37352138800418,5
40,claude_fable_5_max,49.1947175709496,6
40,gpt_5_5_xhigh,48.39062497751836,7
40,glm_5_2_max,45.21746715899396,8
40,deepseek_v4_flash_max,43.05751069737828,9
40,gemini_3_1_pro_high,12.67384915094603,10
41,deepseek_v4_pro_max,81.00882575287989,1
41,qwen3_8_max,70.57564630702014,2
41,deepseek_v4_flash_max,67.85968020910079,3
41,gpt_5_6_sol_max,66.65973865501469,4
41,kimi_k3_max,60.18858115326362,5
41,gemini_3_1_pro_high,55.01491130514971,6
41,claude_opus_4_8_max,48.77780882498375,7
41,claude_fable_5_max,41.956735384533246,8
41,gpt_5_5_xhigh,35.13464376427757,9
41,glm_5_2_max,26.1895472937064,10
42,glm_5_2_max,79.57466945277996,1
42,claude_opus_4_8_max,68.26325290559622,2
42,gemini_3_1_pro_high,60.88845831576674,3
42,claude_fable_5_max,54.95601753063257,4
42,gpt_5_6_sol_max,46.68835299194642,5
42,gpt_5_5_xhigh,46.05164967803843,6
42,qwen3_8_max,44.872886635065676,7
42,deepseek_v4_pro_max,38.36124896739322,8
42,deepseek_v4_flash_max,37.24955466152562,9
42,kimi_k3_max,28.286164783511424,10
43,claude_fable_5_max,80.20257241819357,1
43,deepseek_v4_flash_max,60.12919858464929,2
43,claude_opus_4_8_max,59.085789826552116,3
43,gpt_5_5_xhigh,57.63866328993432,4
43,gemini_3_1_pro_high,54.1720991861107,5
43,gpt_5_6_sol_max,47.26091976434824,6
43,glm_5_2_max,33.193235621455216,7
43,kimi_k3_max,32.87228768410151,8
43,deepseek_v4_pro_max,30.481781048829927,9
43,qwen3_8_max,26.732282989563146,10
44,claude_fable_5_max,76.58005005136445,1
44,gpt_5_5_xhigh,60.291799235748435,2
44,claude_opus_4_8_max,59.13881544404548,3
44,qwen3_8_max,54.996606629101144,4
44,gpt_5_6_sol_max,47.20277158875833,5
44,gemini_3_1_pro_high,46.950540588316684,6
44,deepseek_v4_pro_max,41.55435102269685,7
44,glm_5_2_max,37.63923139184888,8
44,kimi_k3_max,28.784527402333897,9
44,deepseek_v4_flash_max,16.235571468020446,10
45,glm_5_2_max,69.3671198636754,1
45,deepseek_v4_pro_max,65.48898467083465,2
45,gemini_3_1_pro_high,58.896738122509475,3
45,deepseek_v4_flash_max,56.91041700890328,4
45,claude_fable_5_max,54.262293675584175,5
45,qwen3_8_max,53.07644626057559,6
45,claude_opus_4_8_max,52.56112461060283,7
45,gpt_5_6_sol_max,49.866153309960694,8
45,kimi_k3_max,42.017896424690605,9
45,gpt_5_5_xhigh,32.692208019480674,10
46,deepseek_v4_pro_max,82.85890413110445,1
46,claude_opus_4_8_max,53.46646643074182,2
46,gpt_5_5_xhigh,51.093772170631006,3
46,kimi_k3_max,50.59222024374819,4
46,qwen3_8_max,49.182684679606844,5
46,claude_fable_5_max,47.31948152257307,6
46,gemini_3_1_pro_high,46.43912861091855,7
46,gpt_5_6_sol_max,42.61195209071494,8
46,glm_5_2_max,31.97408926148642,9
46,deepseek_v4_flash_max,15.827168229289732,10
47,gemini_3_1_pro_high,64.61473236153782,1
47,claude_fable_5_max,63.333799664685294,2
47,gpt_5_6_sol_max,56.34390217263946,3
47,deepseek_v4_flash_max,51.849115261173466,4
47,claude_opus_4_8_max,38.250551349663866,5
47,qwen3_8_max,36.694491917700226,6
47,gpt_5_5_xhigh,32.10893113296851,7
47,deepseek_v4_pro_max,29.071911753533158,8
47,kimi_k3_max,19.612801542603762,9
47,glm_5_2_max,18.339616839139513,10
48,deepseek_v4_pro_max,77.93432091464818,1
48,gpt_5_6_sol_max,62.795044493331005,2
48,gemini_3_1_pro_high,52.702710185749396,3
48,claude_fable_5_max,51.281909725087175,4
48,kimi_k3_max,49.912899704875755,5
48,claude_opus_4_8_max,47.89262881875884,6
48,gpt_5_5_xhigh,47.56328224205452,7
48,glm_5_2_max,40.579021747584,8
48,deepseek_v4_flash_max,27.980638875954686,9
48,qwen3_8_max,16.949869709149443,10
49,claude_opus_4_8_max,65.54849212845006,1
49,gpt_5_5_xhigh,59.65839963882941,2
49,claude_fable_5_max,58.6652779043061,3
49,deepseek_v4_pro_max,53.79368122144715,4
49,gemini_3_1_pro_high,52.41068864760669,5
49,deepseek_v4_flash_max,43.988000921771004,6
49,kimi_k3_max,40.997148282497726,7
49,gpt_5_6_sol_max,39.180362838596025,8
49,qwen3_8_max,38.16374409208124,9
49,glm_5_2_max,35.614579787629914,10
50,gemini_3_1_pro_high,75.33537873698643,1
50,claude_opus_4_8_max,60.30835277179051,2
50,kimi_k3_max,55.512994955538424,3
50,gpt_5_5_xhigh,50.10452245522606,4
50,gpt_5_6_sol_max,48.689202774945194,5
50,qwen3_8_max,46.16968281756668,6
50,glm_5_2_max,38.595348621927265,7
50,claude_fable_5_max,33.18946445255558,8
50,deepseek_v4_flash_max,24.795953071412686,9
50,deepseek_v4_pro_max,20.551483853903754,10
51,gpt_5_6_sol_max,73.90440922048724,1
51,deepseek_v4_pro_max,68.96311898286811,2
51,gpt_5_5_xhigh,67.45430566381762,3
51,kimi_k3_max,58.80187765078523,4
51,claude_opus_4_8_max,51.24759050649859,5
51,deepseek_v4_flash_max,50.87195493696518,6
51,qwen3_8_max,46.62892193980913,7
51,claude_fable_5_max,34.53850889420696,8
51,gemini_3_1_pro_high,34.007819781599096,9
51,glm_5_2_max,27.066789366530116,10
52,gpt_5_5_xhigh,79.89897236453905,1
52,claude_opus_4_8_max,76.99206415716911,2
52,deepseek_v4_pro_max,65.44128312310062,3
52,deepseek_v4_flash_max,63.84276051751482,4
52,glm_5_2_max,56.97151427094778,5
52,gpt_5_6_sol_max,41.137979289652705,6
52,claude_fable_5_max,36.721946953246224,7
52,gemini_3_1_pro_high,24.901576159272338,8
52,qwen3_8_max,24.86635687244906,9
52,kimi_k3_max,19.11777143845425,10
53,gemini_3_1_pro_high,79.48504208463991,1
53,claude_fable_5_max,76.6768506204944,2
53,deepseek_v4_pro_max,55.717688490381235,3
53,claude_opus_4_8_max,52.16946708222643,4
53,qwen3_8_max,42.44433196792792,5
53,gpt_5_6_sol_max,42.368941746085454,6
53,kimi_k3_max,41.57593077976653,7
53,glm_5_2_max,41.459663540253295,8
53,deepseek_v4_flash_max,36.43342294245501,9
53,gpt_5_5_xhigh,29.41475064225536,10
54,claude_fable_5_max,72.25262602344951,1
54,gemini_3_1_pro_high,70.21025616409246,2
54,qwen3_8_max,66.57060952246019,3
54,deepseek_v4_flash_max,64.28072086952831,4
54,claude_opus_4_8_max,62.05124324752963,5
54,kimi_k3_max,53.61421039811661,6
54,glm_5_2_max,49.163699882401126,7
54,gpt_5_5_xhigh,44.29252204452225,8
54,gpt_5_6_sol_max,42.91323461799335,9
54,deepseek_v4_pro_max,15.02563104272653,10
55,glm_5_2_max,75.10938657891562,1
55,kimi_k3_max,63.21448906559856,2
55,gemini_3_1_pro_high,62.57114693232827,3
55,claude_opus_4_8_max,61.76752581004398,4
55,deepseek_v4_flash_max,58.70568211760258,5
55,gpt_5_6_sol_max,51.73219644578462,6
55,gpt_5_5_xhigh,48.24401272509374,7
55,qwen3_8_max,36.00771523725212,8
55,claude_fable_5_max,25.06341098938632,9
55,deepseek_v4_pro_max,22.989644253202844,10
56,claude_fable_5_max,66.2620762939435,1
56,qwen3_8_max,61.42911694364563,2
56,claude_opus_4_8_max,49.38981431079024,3
56,gpt_5_6_sol_max,48.588302353194706,4
56,kimi_k3_max,42.29790049227,5
56,deepseek_v4_flash_max,35.513046771012924,6
56,deepseek_v4_pro_max,35.04188080634748,7
56,glm_5_2_max,32.72676773258216,8
56,gpt_5_5_xhigh,26.115496409811342,9
56,gemini_3_1_pro_high,19.21150472419183,10
57,claude_fable_5_max,76.12515780935799,1
57,gemini_3_1_pro_high,75.70661348472308,2
57,gpt_5_6_sol_max,59.08829275217394,3
57,deepseek_v4_flash_max,55.78713866345796,4
57,claude_opus_4_8_max,53.88283317153781,5
57,gpt_5_5_xhigh,47.83033304696187,6
57,deepseek_v4_pro_max,44.85922142109564,7
57,kimi_k3_max,43.00691872545286,8
57,qwen3_8_max,42.93477084458447,9
57,glm_5_2_max,31.10606556781832,10
58,gpt_5_5_xhigh,84.2137140091437,1
58,kimi_k3_max,76.55602836621233,2
58,gemini_3_1_pro_high,64.03350844972061,3
58,deepseek_v4_pro_max,53.98404505834786,4
58,claude_opus_4_8_max,51.70749343805765,5
58,qwen3_8_max,45.45454866480924,6
58,gpt_5_6_sol_max,44.692090597870404,7
58,claude_fable_5_max,42.31558662102516,8
58,glm_5_2_max,34.16058709818562,9
58,deepseek_v4_flash_max,18.444144258243774,10
59,deepseek_v4_pro_max,87.66536060133022,1
59,claude_fable_5_max,76.23737513704769,2
59,kimi_k3_max,63.601237522268086,3
59,claude_opus_4_8_max,54.84917806088969,4
59,qwen3_8_max,47.359043785967366,5
59,gemini_3_1_pro_high,42.82486378572351,6
59,gpt_5_5_xhigh,42.61929458327967,7
59,gpt_5_6_sol_max,42.52849663195427,8
59,glm_5_2_max,39.42362485119031,9
59,deepseek_v4_flash_max,36.2206752158905,10
60,kimi_k3_max,73.34585506902592,1
60,claude_fable_5_max,72.19054416596538,2
60,gpt_5_6_sol_max,63.54860628542851,3
60,gpt_5_5_xhigh,50.911592584215256,4
60,deepseek_v4_pro_max,40.887742727500914,5
60,claude_opus_4_8_max,40.30691153876798,6
60,deepseek_v4_flash_max,37.70279125206827,7
60,gemini_3_1_pro_high,37.299091019145266,8
60,glm_5_2_max,32.939630406187945,9
60,qwen3_8_max,22.205195456951138,10
61,gpt_5_6_sol_max,71.38499364542247,1
61,deepseek_v4_flash_max,71.16764176243632,2
61,claude_fable_5_max,67.64461756975281,3
61,kimi_k3_max,63.32451353136022,4
61,gpt_5_5_xhigh,49.30983745709535,5
61,deepseek_v4_pro_max,49.066565780143165,6
61,qwen3_8_max,43.20018756310521,7
61,claude_opus_4_8_max,41.828214709320676,8
61,gemini_3_1_pro_high,35.43923803751266,9
61,glm_5_2_max,16.591318190132615,10
62,gemini_3_1_pro_high,74.95693239340606,1
62,glm_5_2_max,53.98537523403495,2
62,claude_opus_4_8_max,52.94431601882779,3
62,qwen3_8_max,49.627252090241456,4
62,gpt_5_5_xhigh,47.41640347708292,5
62,gpt_5_6_sol_max,47.25589484302445,6
62,kimi_k3_max,44.6738350776853,7
62,deepseek_v4_pro_max,35.52329897014437,8
62,claude_fable_5_max,34.34061739749774,9
62,deepseek_v4_flash_max,33.213276781346025,10
63,qwen3_8_max,60.46706572481163,1
63,kimi_k3_max,53.37724493271094,2
63,deepseek_v4_flash_max,53.05627933970922,3
63,claude_opus_4_8_max,52.41296466412912,4
63,claude_fable_5_max,49.79255280676355,5
63,gpt_5_6_sol_max,45.47842539580823,6
63,gpt_5_5_xhigh,36.48457543779014,7
63,gemini_3_1_pro_high,33.412903611220436,8
63,deepseek_v4_pro_max,30.379664528630375,9
63,glm_5_2_max,25.945969280759318,10
64,deepseek_v4_flash_max,67.59498576887952,1
64,gpt_5_5_xhigh,50.63013934331097,2
64,claude_fable_5_max,49.561671602150746,3
64,glm_5_2_max,48.784637345928616,4
64,gpt_5_6_sol_max,46.71112156951933,5
64,deepseek_v4_pro_max,42.31734790966637,6
64,gemini_3_1_pro_high,38.60609084694423,7
64,claude_opus_4_8_max,35.85647048126785,8
64,qwen3_8_max,34.4024661899876,9
64,kimi_k3_max,23.783393175102454,10
65,gpt_5_6_sol_max,63.54073356016168,1
65,glm_5_2_max,60.12478570271496,2
65,gpt_5_5_xhigh,55.76803550381658,3
65,claude_opus_4_8_max,51.78100858226474,4
65,qwen3_8_max,50.991485304378415,5
65,deepseek_v4_pro_max,43.144828607901154,6
65,claude_fable_5_max,39.74532658564612,7
65,gemini_3_1_pro_high,38.364975889330026,8
65,kimi_k3_max,38.19020866775223,9
65,deepseek_v4_flash_max,37.37200670432397,10
66,deepseek_v4_pro_max,80.70466548409601,1
66,claude_opus_4_8_max,70.03492338000316,2
66,claude_fable_5_max,63.375607257335375,3
66,gpt_5_5_xhigh,59.12914596134561,4
66,kimi_k3_max,45.864497100948746,5
66,qwen3_8_max,45.857926590575325,6
66,glm_5_2_max,45.073637275950546,7
66,gpt_5_6_sol_max,44.61307037711123,8
66,deepseek_v4_flash_max,44.13152521250851,9
66,gemini_3_1_pro_high,43.758717530783585,10
67,deepseek_v4_flash_max,76.08219574325229,1
67,kimi_k3_max,70.42929010460848,2
67,gpt_5_5_xhigh,61.98046449963072,3
67,gpt_5_6_sol_max,55.194419866288676,4
67,qwen3_8_max,53.99853058168861,5
67,deepseek_v4_pro_max,53.363375237486885,6
67,gemini_3_1_pro_high,43.565866563617334,7
67,claude_opus_4_8_max,43.305359556415254,8
67,claude_fable_5_max,40.20111205911894,9
67,glm_5_2_max,21.74255247202046,10
68,kimi_k3_max,69.25133436132812,1
68,qwen3_8_max,66.52986869542859,2
68,claude_fable_5_max,58.15720692000289,3
68,claude_opus_4_8_max,57.629408796322664,4
68,deepseek_v4_pro_max,57.5505995973377,5
68,gpt_5_5_xhigh,56.50080477089086,6
68,glm_5_2_max,55.644119266847945,7
68,gemini_3_1_pro_high,55.548201047566536,8
68,gpt_5_6_sol_max,44.639985248261176,9
68,deepseek_v4_flash_max,33.272105363219055,10
69,kimi_k3_max,64.99003200804668,1
69,qwen3_8_max,63.4576024179937,2
69,claude_fable_5_max,62.827354669953806,3
69,claude_opus_4_8_max,56.43017830033889,4
69,gemini_3_1_pro_high,55.28273278165631,5
69,glm_5_2_max,53.899329924743625,6
69,gpt_5_6_sol_max,51.70262249353245,7
69,gpt_5_5_xhigh,43.17904102515211,8
69,deepseek_v4_pro_max,42.8318042766803,9
69,deepseek_v4_flash_max,37.81460901529958,10
70,qwen3_8_max,71.12049292636209,1
70,kimi_k3_max,69.34128163292911,2
70,gemini_3_1_pro_high,61.27405271380302,3
70,claude_opus_4_8_max,56.343067026347384,4
70,deepseek_v4_pro_max,52.72106850712237,5
70,gpt_5_6_sol_max,50.636311300496736,6
70,gpt_5_5_xhigh,49.66273540242294,7
70,glm_5_2_max,46.53914178017163,8
70,deepseek_v4_flash_max,39.95089805482052,9
70,claude_fable_5_max,27.215300651601048,10
71,gemini_3_1_pro_high,73.59244386522376,1
71,gpt_5_6_sol_max,63.57965482259,2
71,gpt_5_5_xhigh,57.682315347028585,3
71,qwen3_8_max,52.224781707683356,4
71,kimi_k3_max,41.477122242363194,5
71,glm_5_2_max,38.63988672106524,6
71,claude_opus_4_8_max,37.49951024530508,7
71,claude_fable_5_max,36.523719293909124,8
71,deepseek_v4_pro_max,25.874989297310652,9
71,deepseek_v4_flash_max,20.702546840170093,10
72,gemini_3_1_pro_high,75.10637402409763,1
72,claude_fable_5_max,70.2847514206709,2
72,gpt_5_5_xhigh,66.9969408581221,3
72,claude_opus_4_8_max,66.78365578792264,4
72,gpt_5_6_sol_max,59.9752386760347,5
72,deepseek_v4_flash_max,59.06494853902167,6
72,glm_5_2_max,56.46883182115097,7
72,kimi_k3_max,39.74417754738191,8
72,qwen3_8_max,28.542521075550376,9
72,deepseek_v4_pro_max,16.9558588369189,10
73,deepseek_v4_pro_max,92.47545051166068,1
73,gpt_5_6_sol_max,70.75247102765586,2
73,claude_fable_5_max,61.436340459874685,3
73,kimi_k3_max,57.56663948191057,4
73,gpt_5_5_xhigh,45.317108137837415,5
73,deepseek_v4_flash_max,45.24625954376851,6
73,claude_opus_4_8_max,43.96056362979794,7
73,gemini_3_1_pro_high,43.72275835901789,8
73,qwen3_8_max,43.18957573635676,9
73,glm_5_2_max,30.911170830879385,10
74,glm_5_2_max,72.20019316490226,1
74,gemini_3_1_pro_high,69.20495033086281,2
74,kimi_k3_max,57.65480274675821,3
74,claude_fable_5_max,51.994895712816614,4
74,deepseek_v4_pro_max,42.38748876871512,5
74,gpt_5_5_xhigh,41.61306669963348,6
74,qwen3_8_max,41.58164430731327,7
74,gpt_5_6_sol_max,39.259400525841976,8
74,claude_opus_4_8_max,36.97176857869919,9
74,deepseek_v4_flash_max,30.04979948600887,10
75,claude_fable_5_max,78.80158228025573,1
75,deepseek_v4_pro_max,63.47712943750534,2
75,glm_5_2_max,51.78122313804489,3
75,gpt_5_5_xhigh,50.00060600671273,4
75,gemini_3_1_pro_high,39.09517219323844,5
75,claude_opus_4_8_max,33.11123118618238,6
75,gpt_5_6_sol_max,24.08671306614258,7
75,qwen3_8_max,18.575145339543763,8
75,kimi_k3_max,15.093308505566466,9
75,deepseek_v4_flash_max,9.206304978815266,10
76,claude_fable_5_max,78.4407666433767,1
76,qwen3_8_max,54.70310245479817,2
76,deepseek_v4_pro_max,52.593310766379346,3
76,claude_opus_4_8_max,46.7279503507772,4
76,gpt_5_5_xhigh,43.822871252238265,5
76,gpt_5_6_sol_max,41.49842335332375,6
76,kimi_k3_max,35.89275189301243,7
76,deepseek_v4_flash_max,32.85898583734264,8
76,glm_5_2_max,25.029130492902507,9
76,gemini_3_1_pro_high,25.02859151252926,10
77,gemini_3_1_pro_high,77.4252244977777,1
77,qwen3_8_max,60.041779489406494,2
77,kimi_k3_max,58.38654436784975,3
77,gpt_5_5_xhigh,58.018993065640714,4
77,gpt_5_6_sol_max,56.08005253490579,5
77,deepseek_v4_flash_max,54.5980164470701,6
77,claude_fable_5_max,47.68918441733633,7
77,claude_opus_4_8_max,46.55767682078689,8
77,glm_5_2_max,38.193638355645206,9
77,deepseek_v4_pro_max,14.835054275504445,10
78,kimi_k3_max,69.49679524665922,1
78,claude_opus_4_8_max,64.7901653976497,2
78,deepseek_v4_pro_max,55.28176175365223,3
78,gemini_3_1_pro_high,52.044183075153306,4
78,gpt_5_6_sol_max,49.276947325971356,5
78,deepseek_v4_flash_max,43.350355326415986,6
78,glm_5_2_max,33.277492057570356,7
78,gpt_5_5_xhigh,27.863198202188592,8
78,qwen3_8_max,27.464123718387285,9
78,claude_fable_5_max,24.536749511791854,10
79,glm_5_2_max,84.56363070380422,1
79,claude_fable_5_max,76.61640633144991,2
79,deepseek_v4_pro_max,55.79492030128786,3
79,qwen3_8_max,47.44716941839129,4
79,claude_opus_4_8_max,41.33817425429395,5
79,gpt_5_5_xhigh,40.410495826927225,6
79,kimi_k3_max,39.65515661508128,7
79,gpt_5_6_sol_max,35.00080500661398,8
79,gemini_3_1_pro_high,33.37049409599473,9
79,deepseek_v4_flash_max,33.1228714975602,10
80,gpt_5_6_sol_max,63.04133239589811,1
80,deepseek_v4_pro_max,59.48929728481485,2
80,gemini_3_1_pro_high,57.907378325482775,3
80,qwen3_8_max,52.383777394927804,4
80,kimi_k3_max,51.48837574647655,5
80,gpt_5_5_xhigh,46.855715922629706,6
80,claude_opus_4_8_max,42.548257725433245,7
80,claude_fable_5_max,38.83647631351366,8
80,glm_5_2_max,38.3168752113514,9
80,deepseek_v4_flash_max,32.85266843756295,10
81,deepseek_v4_pro_max,78.9159253974329,1
81,claude_fable_5_max,64.63621189463134,2
81,gpt_5_6_sol_max,45.146746854875886,3
81,glm_5_2_max,42.6924320967066,4
81,qwen3_8_max,36.69812795231501,5
81,claude_opus_4_8_max,35.94926649265564,6
81,kimi_k3_max,30.961939616584356,7
81,gemini_3_1_pro_high,29.109807310116597,8
81,gpt_5_5_xhigh,26.4093435674921,9
81,deepseek_v4_flash_max,16.05647012089238,10
82,claude_fable_5_max,83.42226005169546,1
82,claude_opus_4_8_max,65.68989898323252,2
82,deepseek_v4_pro_max,65.34977272895694,3
82,gpt_5_5_xhigh,54.17329664313744,4
82,gpt_5_6_sol_max,53.00072233061773,5
82,glm_5_2_max,49.27644418147335,6
82,deepseek_v4_flash_max,46.08430478956091,7
82,qwen3_8_max,45.01863415291959,8
82,kimi_k3_max,42.726393337914075,9
82,gemini_3_1_pro_high,24.42718441394476,10
83,gemini_3_1_pro_high,72.54189508882288,1
83,kimi_k3_max,61.161377055751586,2
83,claude_fable_5_max,60.06248264349769,3
83,claude_opus_4_8_max,50.849903527100814,4
83,gpt_5_5_xhigh,49.04236937624317,5
83,qwen3_8_max,44.22180380936102,6
83,deepseek_v4_pro_max,42.04671098686295,7
83,gpt_5_6_sol_max,41.56563440218265,8
83,glm_5_2_max,39.7170117107419,9
83,deepseek_v4_flash_max,35.16437902961994,10
84,kimi_k3_max,58.43398231545972,1
84,deepseek_v4_pro_max,52.847883939156375,2
84,qwen3_8_max,51.61645411129564,3
84,gemini_3_1_pro_high,50.79526896027985,4
84,gpt_5_5_xhigh,43.9148457994614,5
84,claude_opus_4_8_max,40.55507035746442,6
84,glm_5_2_max,40.19871031835639,7
84,gpt_5_6_sol_max,32.40172580056338,8
84,claude_fable_5_max,21.88982470621861,9
84,deepseek_v4_flash_max,19.640874792441224,10
85,deepseek_v4_pro_max,81.32053033550014,1
85,claude_fable_5_max,58.302158507420145,2
85,qwen3_8_max,56.28398579174612,3
85,claude_opus_4_8_max,52.43465319502337,4
85,gpt_5_6_sol_max,48.06416796344725,5
85,kimi_k3_max,47.86999742555066,6
85,gemini_3_1_pro_high,47.4024812209088,7
85,gpt_5_5_xhigh,31.504388369816525,8
85,glm_5_2_max,22.95973273424807,9
85,deepseek_v4_flash_max,18.425836128560082,10
86,deepseek_v4_pro_max,84.35758920610488,1
86,gemini_3_1_pro_high,62.616397994238916,2
86,claude_opus_4_8_max,44.51252607311788,3
86,gpt_5_6_sol_max,42.63527617889072,4
86,deepseek_v4_flash_max,41.690869478369834,5
86,claude_fable_5_max,40.27754721061821,6
86,qwen3_8_max,34.84567452118873,7
86,gpt_5_5_xhigh,29.06285865704399,8
86,kimi_k3_max,28.919470941353634,9
86,glm_5_2_max,20.165653717132486,10
87,claude_fable_5_max,83.50228367494023,1
87,deepseek_v4_flash_max,56.46124645677043,2
87,glm_5_2_max,41.03067086811183,3
87,claude_opus_4_8_max,39.884066776201806,4
87,kimi_k3_max,35.57813504950705,5
87,gemini_3_1_pro_high,30.508106316501248,6
87,qwen3_8_max,29.656517853172243,7
87,gpt_5_6_sol_max,25.220618925537913,8
87,deepseek_v4_pro_max,23.496814753559605,9
87,gpt_5_5_xhigh,20.992573938923368,10
88,gemini_3_1_pro_high,78.0854970416663,1
88,kimi_k3_max,74.86526935084656,2
88,qwen3_8_max,66.38061578767451,3
88,gpt_5_5_xhigh,64.4439647412321,4
88,glm_5_2_max,54.567265404014584,5
88,gpt_5_6_sol_max,50.417980298768995,6
88,claude_opus_4_8_max,47.10919668022017,7
88,deepseek_v4_pro_max,44.42981680268304,8
88,claude_fable_5_max,41.459452173521974,9
88,deepseek_v4_flash_max,40.653900945055085,10
89,deepseek_v4_flash_max,82.67627062466339,1
89,kimi_k3_max,60.61402004660304,2
89,gpt_5_6_sol_max,58.994605282775424,3
89,gpt_5_5_xhigh,43.7751526813728,4
89,claude_opus_4_8_max,41.91868947575774,5
89,gemini_3_1_pro_high,38.33860916819013,6
89,glm_5_2_max,35.3823714521748,7
89,qwen3_8_max,30.601125860030397,8
89,claude_fable_5_max,29.463024264721795,9
89,deepseek_v4_pro_max,0.0,10
90,kimi_k3_max,72.64799127430342,1
90,claude_fable_5_max,65.23835389548645,2
90,claude_opus_4_8_max,58.12672000660732,3
90,gpt_5_6_sol_max,57.850334030729655,4
90,glm_5_2_max,54.89105766376004,5
90,qwen3_8_max,52.056178969928474,6
90,gemini_3_1_pro_high,51.745191291795706,7
90,deepseek_v4_pro_max,48.04188661424353,8
90,gpt_5_5_xhigh,37.84391419036037,9
90,deepseek_v4_flash_max,32.08700215352321,10
91,claude_fable_5_max,86.21076468599385,1
91,kimi_k3_max,62.39770650721273,2
91,gpt_5_6_sol_max,54.00582756162219,3
91,gemini_3_1_pro_high,52.725229272568505,4
91,deepseek_v4_flash_max,41.455823141912525,5
91,claude_opus_4_8_max,41.33793775617828,6
91,gpt_5_5_xhigh,33.94718086584554,7
91,glm_5_2_max,29.2828316491399,8
91,qwen3_8_max,25.67770384480066,9
91,deepseek_v4_pro_max,16.87754588256915,10
92,gemini_3_1_pro_high,70.95609464940625,1
92,deepseek_v4_flash_max,65.52382389129676,2
92,gpt_5_5_xhigh,55.3185519533089,3
92,gpt_5_6_sol_max,49.34633986450101,4
92,kimi_k3_max,44.99585064434726,5
92,glm_5_2_max,41.866383752190444,6
92,qwen3_8_max,38.85065288830358,7
92,claude_fable_5_max,36.331150077910074,8
92,claude_opus_4_8_max,26.079282977322684,9
92,deepseek_v4_pro_max,17.53364792146101,10
93,gemini_3_1_pro_high,66.59735581308614,1
93,gpt_5_6_sol_max,55.765532894767674,2
93,claude_opus_4_8_max,50.9694497917992,3
93,kimi_k3_max,46.03706912538317,4
93,claude_fable_5_max,44.26838232692254,5
93,gpt_5_5_xhigh,41.486290934752,6
93,glm_5_2_max,38.09294078089867,7
93,deepseek_v4_pro_max,36.22935787796176,8
93,qwen3_8_max,33.755458781579456,9
93,deepseek_v4_flash_max,27.45026526215488,10
94,claude_fable_5_max,80.11109135406232,1
94,deepseek_v4_pro_max,61.09134389896728,2
94,claude_opus_4_8_max,54.8806098130837,3
94,gpt_5_6_sol_max,52.949372938867874,4
94,gpt_5_5_xhigh,43.62213774896855,5
94,kimi_k3_max,41.273917606310036,6
94,deepseek_v4_flash_max,38.724701761032364,7
94,qwen3_8_max,30.880593277596105,8
94,gemini_3_1_pro_high,23.248493146247498,9
94,glm_5_2_max,14.16070047249077,10
95,deepseek_v4_flash_max,72.48738699567897,1
95,glm_5_2_max,66.29921917127103,2
95,claude_fable_5_max,44.058462218162205,3
95,qwen3_8_max,40.00847253521702,4
95,claude_opus_4_8_max,36.92877359730874,5
95,gpt_5_5_xhigh,32.14914430636151,6
95,kimi_k3_max,31.890559933900064,7
95,gemini_3_1_pro_high,26.860962284131414,8
95,gpt_5_6_sol_max,25.12062517991481,9
95,deepseek_v4_pro_max,22.72890608138362,10
96,gpt_5_5_xhigh,67.34228907231996,1
96,gemini_3_1_pro_high,54.26801957575819,2
96,deepseek_v4_flash_max,53.43518939397259,3
96,kimi_k3_max,51.43744704851481,4
96,claude_fable_5_max,50.08460909200199,5
96,gpt_5_6_sol_max,46.940164355314856,6
96,qwen3_8_max,46.90393975934018,7
96,glm_5_2_max,46.73018299660611,8
96,deepseek_v4_pro_max,44.61431705386184,9
96,claude_opus_4_8_max,44.08338616115285,10
97,claude_fable_5_max,78.05439749322827,1
97,deepseek_v4_pro_max,58.75824349491847,2
97,gpt_5_5_xhigh,56.89627434640675,3
97,claude_opus_4_8_max,43.90959861671875,4
97,kimi_k3_max,36.06730115388444,5
97,qwen3_8_max,34.1946322803974,6
97,glm_5_2_max,29.003566740578258,7
97,gemini_3_1_pro_high,27.744741183273916,8
97,gpt_5_6_sol_max,27.10924079614533,9
97,deepseek_v4_flash_max,23.519966486157323,10
98,deepseek_v4_pro_max,78.07896507468011,1
98,gpt_5_5_xhigh,61.133520652688965,2
98,glm_5_2_max,58.03649715830761,3
98,claude_fable_5_max,54.38581400384254,4
98,gpt_5_6_sol_max,49.281245456428714,5
98,kimi_k3_max,49.0860349809736,6
98,qwen3_8_max,47.66357474775311,7
98,gemini_3_1_pro_high,35.75487799459315,8
98,claude_opus_4_8_max,34.58635991328909,9
98,deepseek_v4_flash_max,33.522534990284186,10
99,claude_fable_5_max,78.52230058600541,1
99,deepseek_v4_pro_max,57.98738339029517,2
99,kimi_k3_max,55.66657874758738,3
99,gpt_5_6_sol_max,42.721181037606314,4
99,claude_opus_4_8_max,34.16689718237589,5
99,qwen3_8_max,33.10385243604948,6
99,gemini_3_1_pro_high,30.798441909714267,7
99,glm_5_2_max,29.15996445655398,8
99,gpt_5_5_xhigh,26.86467200561529,9
99,deepseek_v4_flash_max,14.739661176583207,10
100,deepseek_v4_pro_max,92.5203913466997,1
100,gpt_5_6_sol_max,57.008784638165885,2
100,claude_opus_4_8_max,50.877770983444385,3
100,gpt_5_5_xhigh,46.56882140816812,4
100,gemini_3_1_pro_high,45.99069764540471,5
100,glm_5_2_max,44.39635011988007,6
100,claude_fable_5_max,35.74485258476835,7
100,qwen3_8_max,34.7255863918208,8
100,kimi_k3_max,32.829459705308885,9
100,deepseek_v4_flash_max,26.416560415161598,10
101,claude_fable_5_max,84.40960170438704,1
101,deepseek_v4_flash_max,52.28589175592144,2
101,gpt_5_5_xhigh,50.70549684068442,3
101,claude_opus_4_8_max,45.69995858730803,4
101,glm_5_2_max,43.98894807161838,5
101,qwen3_8_max,38.93302211587998,6
101,deepseek_v4_pro_max,38.873391181861884,7
101,gemini_3_1_pro_high,37.31964327694258,8
101,gpt_5_6_sol_max,35.61383986428213,9
101,kimi_k3_max,32.72326909515394,10
102,qwen3_8_max,72.432751384952,1
102,kimi_k3_max,58.7568220282904,2
102,gpt_5_5_xhigh,43.125728269989615,3
102,deepseek_v4_flash_max,37.26683169683469,4
102,glm_5_2_max,36.25053709003269,5
102,claude_fable_5_max,35.94817882573105,6
102,gpt_5_6_sol_max,35.28842748698288,7
102,gemini_3_1_pro_high,33.061948050799685,8
102,claude_opus_4_8_max,27.040796199111917,9
102,deepseek_v4_pro_max,23.780814273023275,10
103,deepseek_v4_pro_max,73.23092098735096,1
103,glm_5_2_max,67.41838647749034,2
103,qwen3_8_max,56.5477893577958,3
103,gemini_3_1_pro_high,55.74989744592124,4
103,claude_fable_5_max,47.39937595484317,5
103,gpt_5_6_sol_max,41.896905616428796,6
103,deepseek_v4_flash_max,41.76764505387239,7
103,claude_opus_4_8_max,41.70314898277621,8
103,gpt_5_5_xhigh,41.389942255242175,9
103,kimi_k3_max,35.31659687199662,10
104,deepseek_v4_pro_max,84.96278209153849,1
104,kimi_k3_max,68.92753481317345,2
104,gpt_5_5_xhigh,65.05834053597444,3
104,glm_5_2_max,56.336184786850694,4
104,deepseek_v4_flash_max,53.80738994271463,5
104,gpt_5_6_sol_max,34.486234051000544,6
104,claude_opus_4_8_max,34.40681773283652,7
104,qwen3_8_max,33.39783304271022,8
104,gemini_3_1_pro_high,29.003198149910133,9
104,claude_fable_5_max,21.420143975196222,10
105,deepseek_v4_flash_max,70.49825590857532,1
105,claude_fable_5_max,65.22481950763999,2
105,gpt_5_5_xhigh,62.69780069477847,3
105,qwen3_8_max,60.81359006991045,4
105,glm_5_2_max,47.69657501752197,5
105,claude_opus_4_8_max,46.84713975400939,6
105,gpt_5_6_sol_max,44.905066975077986,7
105,kimi_k3_max,30.719261628816806,8
105,gemini_3_1_pro_high,28.766042786690896,9
105,deepseek_v4_pro_max,14.271025200109772,10
106,claude_fable_5_max,77.1829429152657,1
106,kimi_k3_max,54.70661443086345,2
106,qwen3_8_max,54.147438026062126,3
106,claude_opus_4_8_max,48.10858324064336,4
106,deepseek_v4_flash_max,46.48854837257723,5
106,gpt_5_6_sol_max,45.707929039410985,6
106,glm_5_2_max,38.60916786551104,7
106,gpt_5_5_xhigh,38.2486130177098,8
106,gemini_3_1_pro_high,37.28506641452669,9
106,deepseek_v4_pro_max,32.185139254682696,10
107,gemini_3_1_pro_high,68.77759127259385,1
107,qwen3_8_max,64.2576015533457,2
107,claude_fable_5_max,52.46471984242944,3
107,gpt_5_5_xhigh,45.778978458038964,4
107,kimi_k3_max,39.40405572354562,5
107,claude_opus_4_8_max,39.3611227000049,6
107,glm_5_2_max,33.318572244549415,7
107,deepseek_v4_pro_max,31.110273641062335,8
107,gpt_5_6_sol_max,29.113176368848595,9
107,deepseek_v4_flash_max,11.584543329410007,10
108,deepseek_v4_flash_max,66.99432465332106,1
108,gemini_3_1_pro_high,62.66986518050581,2
108,gpt_5_6_sol_max,61.868602162952655,3
108,qwen3_8_max,55.56461843627997,4
108,claude_opus_4_8_max,52.85577295605054,5
108,gpt_5_5_xhigh,51.66678803529362,6
108,kimi_k3_max,48.305328587697744,7
108,glm_5_2_max,47.28889357624422,8
108,claude_fable_5_max,43.98520466934086,9
108,deepseek_v4_pro_max,31.588638199205555,10
109,claude_fable_5_max,82.53595102662634,1
109,deepseek_v4_flash_max,76.79925544248816,2
109,deepseek_v4_pro_max,67.57736227646019,3
109,qwen3_8_max,66.59210873659346,4
109,glm_5_2_max,61.88233091629586,5
109,claude_opus_4_8_max,52.745854041108196,6
109,gpt_5_5_xhigh,47.33981590211001,7
109,gemini_3_1_pro_high,36.325064579677274,8
109,gpt_5_6_sol_max,36.10796735509092,9
109,kimi_k3_max,27.99127731866262,10
110,gemini_3_1_pro_high,67.56470291287047,1
110,gpt_5_5_xhigh,59.09117997624318,2
110,gpt_5_6_sol_max,58.94071065855268,3
110,claude_opus_4_8_max,55.77874409923317,4
110,deepseek_v4_pro_max,41.246895395666456,5
110,kimi_k3_max,40.922570807907945,6
110,glm_5_2_max,39.7586048600071,7
110,qwen3_8_max,33.77123534061539,8
110,deepseek_v4_flash_max,29.142640084163805,9
110,claude_fable_5_max,26.588355865940084,10
111,gpt_5_5_xhigh,69.10211261904894,1
111,gemini_3_1_pro_high,68.86037157211761,2
111,claude_opus_4_8_max,66.8139568042435,3
111,qwen3_8_max,55.21104073694819,4
111,gpt_5_6_sol_max,51.84839430216161,5
111,kimi_k3_max,51.296239128741924,6
111,deepseek_v4_flash_max,50.11192183168,7
111,claude_fable_5_max,43.258816995463675,8
111,deepseek_v4_pro_max,38.15114813340617,9
111,glm_5_2_max,33.299981352368704,10
112,gpt_5_5_xhigh,83.73777737135632,1
112,gemini_3_1_pro_high,72.91105337266242,2
112,qwen3_8_max,72.17960294666048,3
112,glm_5_2_max,70.85447153392933,4
112,claude_opus_4_8_max,68.5074249620691,5
112,deepseek_v4_flash_max,64.95981154514672,6
112,gpt_5_6_sol_max,61.14146594780096,7
112,claude_fable_5_max,59.497438277961834,8
112,deepseek_v4_pro_max,40.59550901406379,9
112,kimi_k3_max,33.26298060714256,10
113,claude_fable_5_max,80.38552732421968,1
113,qwen3_8_max,55.166082969642034,2
113,deepseek_v4_pro_max,53.87286367870133,3
113,deepseek_v4_flash_max,49.707256766955965,4
113,gpt_5_5_xhigh,43.26768767891097,5
113,kimi_k3_max,43.24540041960523,6
113,claude_opus_4_8_max,40.38900284311839,7
113,glm_5_2_max,25.67069736596713,8
113,gpt_5_6_sol_max,23.37591584763353,9
113,gemini_3_1_pro_high,23.279833443647384,10
114,glm_5_2_max,77.43690206288997,1
114,gemini_3_1_pro_high,74.53805977623742,2
114,deepseek_v4_flash_max,59.366476465504974,3
114,claude_opus_4_8_max,57.25411476287893,4
114,claude_fable_5_max,57.01606219667605,5
114,gpt_5_5_xhigh,48.62644562733738,6
114,qwen3_8_max,44.251440570337266,7
114,kimi_k3_max,38.93315706873158,8
114,deepseek_v4_pro_max,38.917757391535204,9
114,gpt_5_6_sol_max,30.458695622543356,10
115,deepseek_v4_pro_max,81.26499112987742,1
115,gpt_5_5_xhigh,75.20905049450148,2
115,claude_opus_4_8_max,61.6750462520738,3
115,kimi_k3_max,60.03500258402277,4
115,deepseek_v4_flash_max,37.66801329952686,5
115,gpt_5_6_sol_max,32.85150716618604,6
115,claude_fable_5_max,23.364696128569655,7
115,glm_5_2_max,23.12463173729271,8
115,qwen3_8_max,21.511351529360134,9
115,gemini_3_1_pro_high,19.095562809619615,10
116,gemini_3_1_pro_high,81.84132065576856,1
116,gpt_5_5_xhigh,69.94635551048549,2
116,kimi_k3_max,58.61000454852691,3
116,claude_fable_5_max,47.19924674005959,4
116,gpt_5_6_sol_max,46.0580213347546,5
116,claude_opus_4_8_max,41.93329909850467,6
116,qwen3_8_max,38.918035264670664,7
116,glm_5_2_max,38.538989956319405,8
116,deepseek_v4_flash_max,29.46297604686822,9
116,deepseek_v4_pro_max,27.025900593068663,10
117,claude_fable_5_max,84.3803986565605,1
117,gemini_3_1_pro_high,57.89397944029558,2
117,qwen3_8_max,40.93836954335477,3
117,glm_5_2_max,36.98873044318595,4
117,gpt_5_6_sol_max,31.604998331832256,5
117,claude_opus_4_8_max,29.38487679394791,6
117,kimi_k3_max,28.632862460124294,7
117,deepseek_v4_flash_max,27.152441317954356,8
117,deepseek_v4_pro_max,27.129616266795924,9
117,gpt_5_5_xhigh,17.098350304854222,10
118,deepseek_v4_flash_max,67.3562334505074,1
118,kimi_k3_max,54.443425878380424,2
118,gemini_3_1_pro_high,49.40423082417749,3
118,qwen3_8_max,48.55627876609702,4
118,gpt_5_6_sol_max,47.42158707816026,5
118,claude_fable_5_max,42.6212365917124,6
118,glm_5_2_max,38.949787147921825,7
118,claude_opus_4_8_max,38.346675007877174,8
118,gpt_5_5_xhigh,38.225443001797835,9
118,deepseek_v4_pro_max,16.67334400731475,10
119,deepseek_v4_pro_max,75.19440089521089,1
119,qwen3_8_max,51.978028891174034,2
119,gpt_5_5_xhigh,51.96069454640372,3
119,claude_opus_4_8_max,51.46774397700097,4
119,claude_fable_5_max,48.43913993410533,5
119,glm_5_2_max,43.31269897608523,6
119,gemini_3_1_pro_high,37.515933075675115,7
119,gpt_5_6_sol_max,35.376935635132824,8
119,deepseek_v4_flash_max,32.3953645451332,9
119,kimi_k3_max,31.73069842204671,10
120,claude_fable_5_max,81.59461392530714,1
120,gpt_5_5_xhigh,55.78178958335801,2
120,glm_5_2_max,54.518919784514374,3
120,deepseek_v4_flash_max,43.95074095778969,4
120,deepseek_v4_pro_max,42.87148848628422,5
120,claude_opus_4_8_max,36.68931158618538,6
120,gpt_5_6_sol_max,34.02936572739662,7
120,gemini_3_1_pro_high,30.557781243304802,8
120,kimi_k3_max,29.200841171212144,9
120,qwen3_8_max,25.28754909896588,10
121,gpt_5_6_sol_max,71.49909260470574,1
121,deepseek_v4_flash_max,70.44571121204788,2
121,claude_fable_5_max,52.40509729548153,3
121,gemini_3_1_pro_high,50.711342326696396,4
121,deepseek_v4_pro_max,39.71032929742392,5
121,glm_5_2_max,34.311165357975554,6
121,claude_opus_4_8_max,31.656487103723425,7
121,qwen3_8_max,26.51196319754016,8
121,kimi_k3_max,20.628059912354058,9
121,gpt_5_5_xhigh,20.065497132924655,10
122,claude_fable_5_max,80.24286802785082,1
122,glm_5_2_max,62.78128159830905,2
122,deepseek_v4_flash_max,57.26296363161331,3
122,deepseek_v4_pro_max,54.08690214251586,4
122,claude_opus_4_8_max,52.55431443346893,5
122,gpt_5_5_xhigh,45.22709163893216,6
122,gpt_5_6_sol_max,43.59984875480162,7
122,kimi_k3_max,38.858831727673476,8
122,qwen3_8_max,35.4591316425002,9
122,gemini_3_1_pro_high,29.952573239617436,10
123,claude_fable_5_max,86.75256074648169,1
123,gpt_5_5_xhigh,70.02205737598317,2
123,qwen3_8_max,43.55417726415061,3
123,deepseek_v4_pro_max,43.01038588645505,4
123,glm_5_2_max,41.617439527676595,5
123,kimi_k3_max,41.38684854256695,6
123,claude_opus_4_8_max,31.9667489764096,7
123,gpt_5_6_sol_max,28.22272301916018,8
123,deepseek_v4_flash_max,26.23565325973962,9
123,gemini_3_1_pro_high,24.71587995172941,10
124,claude_fable_5_max,81.43552317537015,1
124,gemini_3_1_pro_high,53.45365769371911,2
124,gpt_5_5_xhigh,53.032592126989464,3
124,claude_opus_4_8_max,52.10839068719047,4
124,qwen3_8_max,49.01891002436916,5
124,gpt_5_6_sol_max,47.05603188984955,6
124,deepseek_v4_pro_max,44.03594648851852,7
124,kimi_k3_max,39.088070188405915,8
124,deepseek_v4_flash_max,31.671633001946972,9
124,glm_5_2_max,24.89815653967807,10
125,gpt_5_6_sol_max,74.83943738162986,1
125,glm_5_2_max,70.10865130897862,2
125,deepseek_v4_pro_max,58.24187477388975,3
125,gpt_5_5_xhigh,55.40801797324513,4
125,kimi_k3_max,50.23539428645711,5
125,claude_fable_5_max,47.580879143401646,6
125,claude_opus_4_8_max,45.39802915157397,7
125,gemini_3_1_pro_high,42.19885401695497,8
125,qwen3_8_max,38.97278179807211,9
125,deepseek_v4_flash_max,19.378375258591497,10
126,claude_fable_5_max,76.05677590140567,1
126,gpt_5_6_sol_max,59.41431413537322,2
126,deepseek_v4_flash_max,50.31051996570379,3
126,claude_opus_4_8_max,44.138721532918396,4
126,deepseek_v4_pro_max,36.266081763865635,5
126,qwen3_8_max,35.712012862710424,6
126,kimi_k3_max,31.914811070940093,7
126,gpt_5_5_xhigh,30.187455037145305,8
126,gemini_3_1_pro_high,25.665516586740768,9
126,glm_5_2_max,16.9116112868227,10
127,gemini_3_1_pro_high,73.85532750328369,1
127,gpt_5_6_sol_max,73.11939123532318,2
127,qwen3_8_max,71.30468926146109,3
127,claude_opus_4_8_max,71.05886939877618,4
127,gpt_5_5_xhigh,58.58090769803263,5
127,deepseek_v4_pro_max,50.48693913871692,6
127,glm_5_2_max,46.49703408523381,7
127,deepseek_v4_flash_max,42.25654204017444,8
127,claude_fable_5_max,30.572879066315807,9
127,kimi_k3_max,24.0561825698884,10
128,gpt_5_5_xhigh,69.27510285455037,1
128,deepseek_v4_pro_max,68.4595909538956,2
128,qwen3_8_max,63.31069939638665,3
128,kimi_k3_max,59.17468969955985,4
128,gpt_5_6_sol_max,52.48293233917706,5
128,gemini_3_1_pro_high,52.26717154167042,6
128,claude_opus_4_8_max,40.82205165959335,7
128,claude_fable_5_max,40.0557938476062,8
128,glm_5_2_max,23.888084527426756,9
128,deepseek_v4_flash_max,23.368895109655245,10
129,claude_fable_5_max,76.68323392363469,1
129,qwen3_8_max,66.24986253895129,2
129,deepseek_v4_pro_max,55.41896015632434,3
129,glm_5_2_max,54.276815113581996,4
129,kimi_k3_max,52.706246505819735,5
129,gemini_3_1_pro_high,51.14665889706045,6
129,gpt_5_5_xhigh,44.11544926442314,7
129,gpt_5_6_sol_max,38.31534856386878,8
129,claude_opus_4_8_max,35.4805868052826,9
129,deepseek_v4_flash_max,26.863120629240278,10
130,deepseek_v4_pro_max,86.35429632317891,1
130,kimi_k3_max,64.59049174126413,2
130,gpt_5_6_sol_max,61.89464391159671,3
130,gpt_5_5_xhigh,51.47301888419776,4
130,gemini_3_1_pro_high,50.277954811241536,5
130,glm_5_2_max,40.76535527815024,6
130,claude_opus_4_8_max,37.49797826920312,7
130,deepseek_v4_flash_max,31.845890701317437,8
130,claude_fable_5_max,31.039607406416472,9
130,qwen3_8_max,24.323875478634566,10
131,kimi_k3_max,77.26937919278352,1
131,claude_fable_5_max,50.10392236232718,2
131,deepseek_v4_pro_max,39.63211723624951,3
131,gpt_5_6_sol_max,39.29908578174494,4
131,gpt_5_5_xhigh,34.71772195099676,5
131,gemini_3_1_pro_high,33.35870427908809,6
131,qwen3_8_max,30.672777640540687,7
131,claude_opus_4_8_max,28.49880568029863,8
131,glm_5_2_max,25.5416259503653,9
131,deepseek_v4_flash_max,8.154893333950701,10
132,claude_fable_5_max,80.28347805471901,1
132,gemini_3_1_pro_high,52.809162077891116,2
132,qwen3_8_max,48.781779225688254,3
132,claude_opus_4_8_max,36.18300792957358,4
132,kimi_k3_max,34.88311543000484,5
132,glm_5_2_max,32.64719792719559,6
132,deepseek_v4_pro_max,29.279268431851897,7
132,gpt_5_5_xhigh,28.868932384491494,8
132,gpt_5_6_sol_max,23.551094590475824,9
132,deepseek_v4_flash_max,1.3571756334690477,10
133,gpt_5_6_sol_max,73.10196298381568,1
133,gemini_3_1_pro_high,70.56343244274761,2
133,glm_5_2_max,66.26978081823242,3
133,gpt_5_5_xhigh,57.93753983820637,4
133,deepseek_v4_flash_max,54.076941462779104,5
133,qwen3_8_max,48.5626624355627,6
133,claude_opus_4_8_max,48.332422901909894,7
133,claude_fable_5_max,26.343927428259185,8
133,kimi_k3_max,17.72939042737611,9
133,deepseek_v4_pro_max,16.352763982292036,10
134,claude_fable_5_max,76.51347595729038,1
134,glm_5_2_max,62.33452773142743,2
134,claude_opus_4_8_max,61.62437371390455,3
134,deepseek_v4_pro_max,54.68575663802385,4
134,gemini_3_1_pro_high,53.92205622629732,5
134,qwen3_8_max,47.785857900783185,6
134,gpt_5_5_xhigh,44.36309681381409,7
134,deepseek_v4_flash_max,42.30552038664576,8
134,gpt_5_6_sol_max,33.60583293716698,9
134,kimi_k3_max,29.499217694120965,10
135,claude_fable_5_max,76.61415656289961,1
135,gpt_5_6_sol_max,65.74718542278018,2
135,deepseek_v4_pro_max,62.52600716254225,3
135,kimi_k3_max,61.718317724262896,4
135,gemini_3_1_pro_high,49.61211553532369,5
135,claude_opus_4_8_max,41.91538974368542,6
135,deepseek_v4_flash_max,41.74716736577477,7
135,qwen3_8_max,37.36594665025919,8
135,glm_5_2_max,35.04101070190279,9
135,gpt_5_5_xhigh,29.691804277306588,10
136,claude_fable_5_max,80.10364843749149,1
136,glm_5_2_max,67.05329864852823,2
136,deepseek_v4_flash_max,52.969242948866594,3
136,gpt_5_6_sol_max,51.696324368769424,4
136,kimi_k3_max,47.69155279240631,5
136,claude_opus_4_8_max,44.04843678444931,6
136,gpt_5_5_xhigh,41.10276249146378,7
136,gemini_3_1_pro_high,38.6480862356963,8
136,deepseek_v4_pro_max,25.398926283392928,9
136,qwen3_8_max,24.303890364154405,10
137,claude_fable_5_max,71.63410517249278,1
137,kimi_k3_max,59.6730429093503,2
137,gpt_5_5_xhigh,50.389588602762565,3
137,deepseek_v4_flash_max,48.75423398637541,4
137,qwen3_8_max,47.00688114588129,5
137,deepseek_v4_pro_max,45.67912639374773,6
137,claude_opus_4_8_max,37.28364625730131,7
137,gpt_5_6_sol_max,34.8647507476289,8
137,gemini_3_1_pro_high,31.94417416615102,9
137,glm_5_2_max,23.751073472672708,10
138,qwen3_8_max,61.07592284203714,1
138,claude_fable_5_max,59.66349390873287,2
138,glm_5_2_max,46.92666658219331,3
138,deepseek_v4_pro_max,45.47884396373592,4
138,gpt_5_5_xhigh,44.70889771658169,5
138,deepseek_v4_flash_max,42.73589308851608,6
138,gpt_5_6_sol_max,37.76736670007868,7
138,claude_opus_4_8_max,33.91417406059067,8
138,kimi_k3_max,32.04100764912888,9
138,gemini_3_1_pro_high,22.437277033639297,10
139,gemini_3_1_pro_high,87.01930108686533,1
139,gpt_5_5_xhigh,55.58655668024677,2
139,qwen3_8_max,46.280677406208994,3
139,gpt_5_6_sol_max,43.073890570438785,4
139,deepseek_v4_flash_max,41.98811477063323,5
139,claude_fable_5_max,39.76934949582976,6
139,claude_opus_4_8_max,38.01061537906767,7
139,deepseek_v4_pro_max,28.67744730022732,8
139,glm_5_2_max,27.626585561288877,9
139,kimi_k3_max,23.56662353830438,10
140,gemini_3_1_pro_high,70.71008535731828,1
140,kimi_k3_max,69.82458413815367,2
140,gpt_5_6_sol_max,61.81773023043702,3
140,claude_opus_4_8_max,58.91146044905649,4
140,gpt_5_5_xhigh,53.5649381474384,5
140,claude_fable_5_max,51.883814322391686,6
140,deepseek_v4_flash_max,36.17862893258064,7
140,glm_5_2_max,34.40884144149061,8
140,qwen3_8_max,30.522572612093878,9
140,deepseek_v4_pro_max,29.811848831149497,10
141,gpt_5_6_sol_max,68.18184654349433,1
141,deepseek_v4_flash_max,66.16524547536746,2
141,claude_fable_5_max,64.70919656650995,3
141,gemini_3_1_pro_high,59.729753603363804,4
141,claude_opus_4_8_max,56.57015712305348,5
141,gpt_5_5_xhigh,49.65401624108405,6
141,deepseek_v4_pro_max,47.8333465821338,7
141,kimi_k3_max,42.82855546714133,8
141,glm_5_2_max,29.188950712925923,9
141,qwen3_8_max,27.564776132268793,10
142,deepseek_v4_flash_max,67.56962116185738,1
142,gemini_3_1_pro_high,60.405122129123995,2
142,kimi_k3_max,50.5886105986666,3
142,claude_opus_4_8_max,50.241634170554676,4
142,gpt_5_6_sol_max,45.42264234523739,5
142,gpt_5_5_xhigh,44.480554925723354,6
142,claude_fable_5_max,36.12344982830772,7
142,deepseek_v4_pro_max,34.41586294299026,8
142,qwen3_8_max,26.608454868932398,9
142,glm_5_2_max,16.423720938804838,10
143,deepseek_v4_flash_max,90.44088972042562,1
143,kimi_k3_max,81.280845967107,2
143,gpt_5_5_xhigh,62.43675046723109,3
143,deepseek_v4_pro_max,50.90835185556142,4
143,claude_fable_5_max,50.678842944495294,5
143,glm_5_2_max,46.182113643861676,6
143,qwen3_8_max,45.306383661477064,7
143,gpt_5_6_sol_max,43.74967721281191,8
143,claude_opus_4_8_max,42.01469046019863,9
143,gemini_3_1_pro_high,27.373378906063216,10
144,kimi_k3_max,66.98785738553858,1
144,claude_fable_5_max,66.58849807316913,2
144,deepseek_v4_pro_max,65.90646627517502,3
144,gpt_5_5_xhigh,56.563785275727426,4
144,gpt_5_6_sol_max,50.323152026801324,5
144,glm_5_2_max,49.361111471685795,6
144,deepseek_v4_flash_max,38.124593978174275,7
144,qwen3_8_max,36.18444562672555,8
144,claude_opus_4_8_max,27.73606716743248,9
144,gemini_3_1_pro_high,23.24133895121893,10
145,glm_5_2_max,66.47450126225786,1
145,gemini_3_1_pro_high,62.37811354598721,2
145,claude_opus_4_8_max,56.41660747619099,3
145,gpt_5_5_xhigh,54.45177251278869,4
145,gpt_5_6_sol_max,52.695991273403884,5
145,claude_fable_5_max,48.67050037039478,6
145,deepseek_v4_pro_max,44.48323958270382,7
145,qwen3_8_max,39.666897436560696,8
145,kimi_k3_max,38.743520457098896,9
145,deepseek_v4_flash_max,28.30023172379361,10
146,deepseek_v4_pro_max,86.31465253644141,1
146,qwen3_8_max,58.86812077648633,2
146,gemini_3_1_pro_high,48.6812013264915,3
146,claude_opus_4_8_max,45.295756627234,4
146,gpt_5_5_xhigh,42.6661629940326,5
146,claude_fable_5_max,42.59906295575219,6
146,kimi_k3_max,39.62141692644775,7
146,glm_5_2_max,33.9407477745783,8
146,gpt_5_6_sol_max,28.761695590156535,9
146,deepseek_v4_flash_max,22.283045652211754,10
147,gpt_5_5_xhigh,74.6437378409791,1
147,claude_opus_4_8_max,69.34186597452644,2
147,kimi_k3_max,65.10469001605318,3
147,glm_5_2_max,57.643034881795856,4
147,claude_fable_5_max,52.66965951917402,5
147,gemini_3_1_pro_high,46.28067054529566,6
147,qwen3_8_max,43.10596353024745,7
147,deepseek_v4_flash_max,39.111568430818764,8
147,gpt_5_6_sol_max,37.39735969755113,9
147,deepseek_v4_pro_max,34.56715973697153,10
148,glm_5_2_max,77.064662749701,1
148,gemini_3_1_pro_high,71.79677643474423,2
148,claude_fable_5_max,55.95200278338794,3
148,claude_opus_4_8_max,54.10945073382357,4
148,gpt_5_6_sol_max,48.55406870960913,5
148,kimi_k3_max,47.16640726338643,6
148,deepseek_v4_flash_max,43.0797170062771,7
148,gpt_5_5_xhigh,40.055382672753964,8
148,deepseek_v4_pro_max,29.848005410143223,9
148,qwen3_8_max,26.1204975337615,10
149,deepseek_v4_pro_max,89.92235659738564,1
149,claude_opus_4_8_max,57.836825369694054,2
149,claude_fable_5_max,47.61078663385947,3
149,gpt_5_5_xhigh,43.78509308939829,4
149,qwen3_8_max,43.64129755872304,5
149,gemini_3_1_pro_high,43.24338797972958,6
149,kimi_k3_max,41.61941578978582,7
149,deepseek_v4_flash_max,39.0596665316248,8
149,gpt_5_6_sol_max,36.82889293766628,9
149,glm_5_2_max,34.33558114574279,10
150,deepseek_v4_pro_max,71.41970530885484,1
150,claude_fable_5_max,62.624987753195306,2
150,claude_opus_4_8_max,54.77839912913798,3
150,qwen3_8_max,51.006375324696364,4
150,glm_5_2_max,46.20414550614046,5
150,kimi_k3_max,44.8605179069467,6
150,gpt_5_5_xhigh,41.47673501198188,7
150,gpt_5_6_sol_max,36.617733755369734,8
150,deepseek_v4_flash_max,30.322493745495873,9
150,gemini_3_1_pro_high,28.859202718299315,10
151,kimi_k3_max,80.07082309645733,1
151,claude_fable_5_max,79.27335660288207,2
151,qwen3_8_max,61.32957864516178,3
151,claude_opus_4_8_max,51.30746534498354,4
151,glm_5_2_max,51.19725304375013,5
151,gpt_5_6_sol_max,50.83693583516622,6
151,gemini_3_1_pro_high,47.30355438729324,7
151,deepseek_v4_pro_max,39.73360437302609,8
151,gpt_5_5_xhigh,34.803027517761606,9
151,deepseek_v4_flash_max,27.16078689288899,10
152,deepseek_v4_flash_max,57.95068237202064,1
152,glm_5_2_max,57.73623649268429,2
152,claude_fable_5_max,49.99670933664627,3
152,gpt_5_5_xhigh,49.28167883160555,4
152,gemini_3_1_pro_high,48.38445195735704,5
152,deepseek_v4_pro_max,46.72844082492593,6
152,gpt_5_6_sol_max,40.091939980555516,7
152,kimi_k3_max,35.651075906397175,8
152,claude_opus_4_8_max,30.308104459050487,9
152,qwen3_8_max,27.132818691741143,10
153,kimi_k3_max,80.58867666448656,1
153,claude_fable_5_max,79.72066533257966,2
153,deepseek_v4_flash_max,49.56465725510173,3
153,qwen3_8_max,49.05837928217038,4
153,gpt_5_5_xhigh,48.38847806822447,5
153,claude_opus_4_8_max,45.83696365509829,6
153,deepseek_v4_pro_max,45.33288703549796,7
153,glm_5_2_max,38.99324288998544,8
153,gemini_3_1_pro_high,32.97253410299625,9
153,gpt_5_6_sol_max,31.25020474581697,10
154,deepseek_v4_pro_max,85.96169510108908,1
154,gpt_5_6_sol_max,60.6605456445309,2
154,claude_opus_4_8_max,57.01851708016443,3
154,claude_fable_5_max,56.14089640846704,4
154,gpt_5_5_xhigh,53.27918230857245,5
154,qwen3_8_max,51.96121415185306,6
154,deepseek_v4_flash_max,43.16871220799617,7
154,kimi_k3_max,30.12083024180703,8
154,glm_5_2_max,29.988836679778572,9
154,gemini_3_1_pro_high,26.018503012241936,10
155,deepseek_v4_flash_max,88.11605445100034,1
155,qwen3_8_max,62.845676390681795,2
155,gpt_5_6_sol_max,56.29846500328205,3
155,kimi_k3_max,56.172205521573744,4
155,gpt_5_5_xhigh,51.53334728919729,5
155,claude_opus_4_8_max,46.55370627618779,6
155,claude_fable_5_max,46.30505800200767,7
155,deepseek_v4_pro_max,44.45731569791923,8
155,glm_5_2_max,39.20491290266526,9
155,gemini_3_1_pro_high,38.94459943562107,10
156,claude_fable_5_max,79.89871742347123,1
156,deepseek_v4_pro_max,66.65188560643382,2
156,gpt_5_5_xhigh,60.46305457835817,3
156,gpt_5_6_sol_max,53.52172187117461,4
156,deepseek_v4_flash_max,42.7198517711086,5
156,glm_5_2_max,41.926042996693525,6
156,claude_opus_4_8_max,41.09412635357893,7
156,gemini_3_1_pro_high,37.26914819843244,8
156,qwen3_8_max,31.182019568399568,9
156,kimi_k3_max,27.59195561068144,10
157,glm_5_2_max,67.87404453832693,1
157,deepseek_v4_flash_max,59.39790851586018,2
157,deepseek_v4_pro_max,55.95445782551282,3
157,claude_opus_4_8_max,54.61886576625285,4
157,gpt_5_5_xhigh,53.879271889145514,5
157,claude_fable_5_max,50.70343128519358,6
157,qwen3_8_max,48.65451340419267,7
157,gpt_5_6_sol_max,48.603215439136726,8
157,kimi_k3_max,45.26037707886484,9
157,gemini_3_1_pro_high,19.314734022175127,10
158,deepseek_v4_pro_max,72.64362945617027,1
158,glm_5_2_max,66.1633276595411,2
158,claude_fable_5_max,63.46158778390539,3
158,kimi_k3_max,61.300665244410276,4
158,deepseek_v4_flash_max,59.02099891767199,5
158,gpt_5_6_sol_max,53.48133945351182,6
158,claude_opus_4_8_max,51.21546110965605,7
158,qwen3_8_max,50.093175722945965,8
158,gpt_5_5_xhigh,43.08054480885556,9
158,gemini_3_1_pro_high,31.375114034944822,10
159,claude_opus_4_8_max,65.78391578629714,1
159,gemini_3_1_pro_high,61.227888044408665,2
159,gpt_5_5_xhigh,53.98761626607707,3
159,qwen3_8_max,53.68048140945234,4
159,deepseek_v4_pro_max,51.55655115998893,5
159,gpt_5_6_sol_max,49.96463298956699,6
159,kimi_k3_max,48.59947777993049,7
159,claude_fable_5_max,48.27901584979184,8
159,deepseek_v4_flash_max,47.367162219432906,9
159,glm_5_2_max,35.60952936512857,10
160,deepseek_v4_flash_max,65.89895620397182,1
160,gpt_5_6_sol_max,60.17211145907934,2
160,gpt_5_5_xhigh,48.104647466816516,3
160,gemini_3_1_pro_high,46.47587202792021,4
160,glm_5_2_max,45.39863994375102,5
160,kimi_k3_max,41.766155851773796,6
160,claude_opus_4_8_max,40.46635788238712,7
160,qwen3_8_max,40.01191508973163,8
160,claude_fable_5_max,28.520545357255163,9
160,deepseek_v4_pro_max,20.393218308232598,10
161,claude_fable_5_max,81.05661591525427,1
161,glm_5_2_max,73.5380852151414,2
161,gpt_5_5_xhigh,65.96657103626147,3
161,gpt_5_6_sol_max,53.60457638689656,4
161,deepseek_v4_flash_max,50.90371144135277,5
161,claude_opus_4_8_max,48.930699055486144,6
161,kimi_k3_max,39.15074364986998,7
161,qwen3_8_max,38.69117187001347,8
161,deepseek_v4_pro_max,36.460740905935296,9
161,gemini_3_1_pro_high,25.93588844501133,10
162,deepseek_v4_pro_max,68.0314914329673,1
162,qwen3_8_max,65.03081806613179,2
162,claude_fable_5_max,55.202694537945334,3
162,gemini_3_1_pro_high,52.085642337271885,4
162,glm_5_2_max,38.052062777900915,5
162,claude_opus_4_8_max,35.864147637672225,6
162,gpt_5_6_sol_max,35.15409166170714,7
162,deepseek_v4_flash_max,29.265804794488552,8
162,kimi_k3_max,29.114213603282316,9
162,gpt_5_5_xhigh,26.411009853141728,10
163,glm_5_2_max,71.16424119770446,1
163,deepseek_v4_pro_max,65.51645566030318,2
163,claude_fable_5_max,60.22332796355832,3
163,claude_opus_4_8_max,54.95953887405439,4
163,gpt_5_5_xhigh,52.0546481193021,5
163,kimi_k3_max,51.57023609380187,6
163,gpt_5_6_sol_max,50.62331475176334,7
163,qwen3_8_max,45.287845409024555,8
163,deepseek_v4_flash_max,45.27301439527024,9
163,gemini_3_1_pro_high,39.10022790491425,10
164,kimi_k3_max,76.57719178598173,1
164,claude_opus_4_8_max,74.68077617691387,2
164,gpt_5_5_xhigh,71.37750237978364,3
164,deepseek_v4_flash_max,69.8756066156703,4
164,claude_fable_5_max,68.6500563802922,5
164,gpt_5_6_sol_max,54.02174189558174,6
164,deepseek_v4_pro_max,48.58178479339671,7
164,qwen3_8_max,39.16075359861511,8
164,gemini_3_1_pro_high,36.84449233724034,9
164,glm_5_2_max,20.69738117484201,10
165,deepseek_v4_pro_max,68.47817217974179,1
165,glm_5_2_max,59.177097535325935,2
165,gemini_3_1_pro_high,50.124869146589745,3
165,claude_opus_4_8_max,49.02681595096775,4
165,deepseek_v4_flash_max,47.49998594114024,5
165,gpt_5_5_xhigh,45.111022791195616,6
165,claude_fable_5_max,42.056189171924416,7
165,kimi_k3_max,41.49423509863356,8
165,qwen3_8_max,41.18351490668663,9
165,gpt_5_6_sol_max,38.06384470788893,10
166,claude_fable_5_max,71.75492826360961,1
166,kimi_k3_max,67.48418735092991,2
166,gemini_3_1_pro_high,47.41089191015886,3
166,gpt_5_5_xhigh,42.30289688462467,4
166,deepseek_v4_flash_max,38.41629900080068,5
166,claude_opus_4_8_max,31.79359474966806,6
166,gpt_5_6_sol_max,31.7683668894331,7
166,glm_5_2_max,30.88131123834555,8
166,deepseek_v4_pro_max,29.301153141906543,9
166,qwen3_8_max,23.883810365003967,10
167,deepseek_v4_flash_max,79.77338743674423,1
167,claude_fable_5_max,66.43439701784628,2
167,gpt_5_5_xhigh,58.66083940835594,3
167,kimi_k3_max,58.19532511244893,4
167,gpt_5_6_sol_max,42.72197206723227,5
167,deepseek_v4_pro_max,42.46604459022721,6
167,qwen3_8_max,40.48306729489985,7
167,gemini_3_1_pro_high,39.37715909565136,8
167,claude_opus_4_8_max,33.156048417115336,9
167,glm_5_2_max,26.366162657969255,10
168,gpt_5_5_xhigh,75.09697505745181,1
168,glm_5_2_max,60.79657047059487,2
168,gpt_5_6_sol_max,46.3754210473542,3
168,claude_fable_5_max,40.742032429810266,4
168,deepseek_v4_pro_max,37.98781248541066,5
168,claude_opus_4_8_max,33.895322408836044,6
168,qwen3_8_max,33.413552214592194,7
168,gemini_3_1_pro_high,31.231191840959013,8
168,deepseek_v4_flash_max,28.090336241709018,9
168,kimi_k3_max,26.84075655848924,10
169,deepseek_v4_flash_max,93.23514140925491,1
169,claude_opus_4_8_max,68.67189386352032,2
169,claude_fable_5_max,55.385356618432496,3
169,kimi_k3_max,54.48400220797788,4
169,qwen3_8_max,49.10554650306634,5
169,glm_5_2_max,48.028233391046726,6
169,gpt_5_5_xhigh,47.09008877425501,7
169,gpt_5_6_sol_max,46.88634278414825,8
169,gemini_3_1_pro_high,28.727640178784718,9
169,deepseek_v4_pro_max,18.409462202644992,10
170,claude_fable_5_max,81.12517281706715,1
170,glm_5_2_max,71.4270481410909,2
170,gemini_3_1_pro_high,63.09868899063645,3
170,gpt_5_6_sol_max,61.708861462590654,4
170,deepseek_v4_pro_max,52.46392412174198,5
170,kimi_k3_max,51.85374763253248,6
170,gpt_5_5_xhigh,49.078271578230684,7
170,claude_opus_4_8_max,48.00672014881019,8
170,qwen3_8_max,30.68141012187389,9
170,deepseek_v4_flash_max,18.118028771882017,10
171,claude_fable_5_max,78.42164024639372,1
171,gemini_3_1_pro_high,49.0869545959055,2
171,kimi_k3_max,46.91746003584676,3
171,gpt_5_6_sol_max,40.76292759441813,4
171,gpt_5_5_xhigh,38.9443378470518,5
171,claude_opus_4_8_max,30.64433628927061,6
171,deepseek_v4_pro_max,29.280933125077535,7
171,glm_5_2_max,26.90367802620433,8
171,qwen3_8_max,24.750176006167052,9
171,deepseek_v4_flash_max,7.711824653273953,10
172,gemini_3_1_pro_high,79.91428028431034,1
172,kimi_k3_max,52.839782104076406,2
172,claude_opus_4_8_max,51.81239843640947,3
172,deepseek_v4_pro_max,48.0060060836934,4
172,claude_fable_5_max,40.241649342139574,5
172,glm_5_2_max,39.213721329991394,6
172,gpt_5_5_xhigh,30.593434447779302,7
172,qwen3_8_max,30.58069411119343,8
172,gpt_5_6_sol_max,29.303030843680098,9
172,deepseek_v4_flash_max,23.460440616174466,10
173,kimi_k3_max,82.79926988088357,1
173,gpt_5_5_xhigh,69.06796627433297,2
173,claude_fable_5_max,62.377531847405024,3
173,qwen3_8_max,59.0640567445172,4
173,claude_opus_4_8_max,53.801372178118946,5
173,gpt_5_6_sol_max,51.576650919057066,6
173,deepseek_v4_pro_max,50.88080326197648,7
173,deepseek_v4_flash_max,48.61827693167682,8
173,gemini_3_1_pro_high,43.55275281597673,9
173,glm_5_2_max,19.478749502819497,10
174,gemini_3_1_pro_high,76.51737653753608,1
174,glm_5_2_max,64.25821861400306,2
174,gpt_5_6_sol_max,63.460873688359406,3
174,deepseek_v4_pro_max,54.28217381484497,4
174,qwen3_8_max,49.80024525473958,5
174,gpt_5_5_xhigh,39.019933830049695,6
174,deepseek_v4_flash_max,37.75407294711553,7
174,kimi_k3_max,35.73961888799846,8
174,claude_opus_4_8_max,29.583095619890678,9
174,claude_fable_5_max,28.928215305362215,10
175,gemini_3_1_pro_high,71.31222086478293,1
175,claude_fable_5_max,70.08796321419537,2
175,gpt_5_6_sol_max,59.694971922468554,3
175,claude_opus_4_8_max,57.174936270201854,4
175,gpt_5_5_xhigh,52.30206810909414,5
175,qwen3_8_max,36.660292293664355,6
175,glm_5_2_max,32.20954602582402,7
175,kimi_k3_max,31.838703734628822,8
175,deepseek_v4_pro_max,27.479119313060384,9
175,deepseek_v4_flash_max,9.069341344101801,10
176,gemini_3_1_pro_high,75.07970799048294,1
176,claude_opus_4_8_max,64.0396209547492,2
176,gpt_5_6_sol_max,60.53112256829361,3
176,qwen3_8_max,58.635969211403285,4
176,kimi_k3_max,53.86100227185202,5
176,gpt_5_5_xhigh,50.56775949098241,6
176,deepseek_v4_flash_max,44.268058235682034,7
176,claude_fable_5_max,39.06876593312627,8
176,glm_5_2_max,33.72900534149632,9
176,deepseek_v4_pro_max,32.49644910497323,10
177,deepseek_v4_pro_max,86.10336945747525,1
177,claude_fable_5_max,82.85659636056039,2
177,kimi_k3_max,50.55837199397919,3
177,gpt_5_5_xhigh,43.31451437983768,4
177,qwen3_8_max,38.96886164509883,5
177,gpt_5_6_sol_max,37.46911586206951,6
177,claude_opus_4_8_max,36.957631289004404,7
177,gemini_3_1_pro_high,36.870679439057454,8
177,glm_5_2_max,34.687832293551374,9
177,deepseek_v4_flash_max,22.11710814044151,10
178,claude_fable_5_max,88.83256595090124,1
178,gpt_5_5_xhigh,57.54677974895308,2
178,deepseek_v4_pro_max,50.43478714373171,3
178,claude_opus_4_8_max,48.039554381501844,4
178,kimi_k3_max,47.1368469610932,5
178,gemini_3_1_pro_high,41.7165343551934,6
178,qwen3_8_max,38.33946352549847,7
178,gpt_5_6_sol_max,35.21730608531329,8
178,deepseek_v4_flash_max,33.55847364901497,9
178,glm_5_2_max,28.599600553129665,10
179,deepseek_v4_flash_max,68.55146611242563,1
179,gemini_3_1_pro_high,65.01704011832311,2
179,gpt_5_6_sol_max,59.682434169357535,3
179,gpt_5_5_xhigh,59.36673409847256,4
179,claude_fable_5_max,56.14178863198099,5
179,kimi_k3_max,48.70228911017774,6
179,glm_5_2_max,44.16600723765967,7
179,claude_opus_4_8_max,36.99500550336785,8
179,qwen3_8_max,32.735158016430404,9
179,deepseek_v4_pro_max,26.148946671476907,10
180,claude_fable_5_max,77.951529722984,1
180,kimi_k3_max,74.06190120037184,2
180,gpt_5_6_sol_max,72.12752667162309,3
180,qwen3_8_max,58.224763109762534,4
180,claude_opus_4_8_max,54.24282246019209,5
180,gpt_5_5_xhigh,51.38223547685216,6
180,glm_5_2_max,45.43265540488404,7
180,gemini_3_1_pro_high,42.32034606539787,8
180,deepseek_v4_pro_max,39.48699553534333,9
180,deepseek_v4_flash_max,10.461527442578788,10
181,claude_fable_5_max,84.4226528986326,1
181,kimi_k3_max,65.05226345968752,2
181,gpt_5_6_sol_max,55.76985866079145,3
181,glm_5_2_max,52.465996893024524,4
181,gpt_5_5_xhigh,49.861619462967795,5
181,qwen3_8_max,46.32499153030057,6
181,deepseek_v4_pro_max,44.80488940531625,7
181,claude_opus_4_8_max,44.59084851820436,8
181,deepseek_v4_flash_max,42.172277357080944,9
181,gemini_3_1_pro_high,40.04234758370136,10
182,deepseek_v4_flash_max,64.14954661457944,1
182,qwen3_8_max,53.958571849646255,2
182,gemini_3_1_pro_high,53.69814052012574,3
182,gpt_5_6_sol_max,49.83367814404848,4
182,claude_opus_4_8_max,48.97055930569816,5
182,glm_5_2_max,46.7562771578869,6
182,kimi_k3_max,45.56985252372134,7
182,claude_fable_5_max,42.99942523741685,8
182,gpt_5_5_xhigh,41.220690965836205,9
182,deepseek_v4_pro_max,21.36336403317177,10
183,kimi_k3_max,64.62928513006966,1
183,gemini_3_1_pro_high,59.98944183206272,2
183,claude_fable_5_max,55.393015438279456,3
183,claude_opus_4_8_max,52.456420879202675,4
183,gpt_5_5_xhigh,52.446312810699624,5
183,qwen3_8_max,46.293481580492696,6
183,deepseek_v4_flash_max,41.991630418517886,7
183,gpt_5_6_sol_max,39.70819978802774,8
183,glm_5_2_max,30.345812136963637,9
183,deepseek_v4_pro_max,17.126626597160097,10
184,deepseek_v4_flash_max,85.73405536601479,1
184,claude_fable_5_max,62.91454154169642,2
184,gpt_5_5_xhigh,58.09184373356387,3
184,claude_opus_4_8_max,51.11116693230252,4
184,qwen3_8_max,50.77752938903352,5
184,gpt_5_6_sol_max,43.849951800699145,6
184,glm_5_2_max,43.49797597998047,7
184,gemini_3_1_pro_high,40.231431115028336,8
184,kimi_k3_max,34.13025775120331,9
184,deepseek_v4_pro_max,15.926263966639942,10
185,deepseek_v4_pro_max,87.65282005314968,1
185,gpt_5_6_sol_max,80.99012430923105,2
185,glm_5_2_max,65.26908791342836,3
185,kimi_k3_max,50.239716792447375,4
185,qwen3_8_max,50.056790509330696,5
185,claude_opus_4_8_max,49.31576124756867,6
185,claude_fable_5_max,46.629464720341176,7
185,gpt_5_5_xhigh,35.59977751846931,8
185,deepseek_v4_flash_max,33.42100092296938,9
185,gemini_3_1_pro_high,31.723069364802583,10
186,gemini_3_1_pro_high,79.02353254203346,1
186,claude_fable_5_max,58.79382000233643,2
186,gpt_5_6_sol_max,52.77631096634884,3
186,claude_opus_4_8_max,48.871568066006,4
186,gpt_5_5_xhigh,47.25711938436927,5
186,deepseek_v4_flash_max,43.74260031752619,6
186,qwen3_8_max,41.204180693604954,7
186,kimi_k3_max,37.78010684621061,8
186,glm_5_2_max,34.288781184249004,9
186,deepseek_v4_pro_max,18.42500841858124,10
187,claude_opus_4_8_max,59.429363102618865,1
187,qwen3_8_max,55.72428062419442,2
187,gpt_5_5_xhigh,51.05441501149941,3
187,kimi_k3_max,50.18627618067127,4
187,gpt_5_6_sol_max,48.94239663099238,5
187,deepseek_v4_flash_max,46.17674748256675,6
187,gemini_3_1_pro_high,42.9488556931336,7
187,deepseek_v4_pro_max,38.95321960965205,8
187,glm_5_2_max,36.05241645230409,9
187,claude_fable_5_max,31.908078841933744,10
188,deepseek_v4_pro_max,73.48187897977219,1
188,claude_fable_5_max,53.64947913980976,2
188,qwen3_8_max,47.39603812699271,3
188,gpt_5_5_xhigh,46.29395294263793,4
188,kimi_k3_max,40.12463771008666,5
188,claude_opus_4_8_max,37.11810239217122,6
188,gpt_5_6_sol_max,32.153074740042285,7
188,deepseek_v4_flash_max,30.83992060449766,8
188,glm_5_2_max,25.060186268615404,9
188,gemini_3_1_pro_high,22.87746762295578,10
189,claude_fable_5_max,76.51379461682421,1
189,glm_5_2_max,50.1378095260641,2
189,claude_opus_4_8_max,47.268356848222396,3
189,gemini_3_1_pro_high,43.22263965629902,4
189,deepseek_v4_flash_max,42.42250505841657,5
189,deepseek_v4_pro_max,41.72304788255761,6
189,gpt_5_5_xhigh,38.76034060190223,7
189,qwen3_8_max,27.623419229970438,8
189,kimi_k3_max,26.675184457629776,9
189,gpt_5_6_sol_max,21.064208259482825,10
190,claude_fable_5_max,73.54037850298647,1
190,claude_opus_4_8_max,72.63439244464291,2
190,kimi_k3_max,67.46956463016652,3
190,deepseek_v4_flash_max,61.336054460831875,4
190,gpt_5_6_sol_max,47.267356901942826,5
190,glm_5_2_max,38.1804547226311,6
190,gemini_3_1_pro_high,33.380524768904124,7
190,gpt_5_5_xhigh,30.213187427143883,8
190,deepseek_v4_pro_max,27.094138548288946,9
190,qwen3_8_max,23.737020690539232,10
191,kimi_k3_max,72.84227815505567,1
191,deepseek_v4_pro_max,71.20045146113638,2
191,glm_5_2_max,65.70388925596889,3
191,qwen3_8_max,44.424699131029136,4
191,claude_opus_4_8_max,44.05793727257392,5
191,gpt_5_6_sol_max,43.31905608519961,6
191,gemini_3_1_pro_high,40.50189797212228,7
191,gpt_5_5_xhigh,38.32093379866835,8
191,claude_fable_5_max,31.463305982545272,9
191,deepseek_v4_flash_max,30.690624855190993,10
192,claude_fable_5_max,80.57159899716669,1
192,gpt_5_6_sol_max,66.2780759682701,2
192,claude_opus_4_8_max,61.894327547028354,3
192,gemini_3_1_pro_high,57.41304976376301,4
192,glm_5_2_max,52.93750358251786,5
192,deepseek_v4_flash_max,47.25348972465858,6
192,gpt_5_5_xhigh,32.403598390483744,7
192,qwen3_8_max,29.343497686586318,8
192,kimi_k3_max,28.682182360829465,9
192,deepseek_v4_pro_max,14.793203388080974,10
193,gemini_3_1_pro_high,70.16225733629554,1
193,gpt_5_5_xhigh,66.78665335544498,2
193,qwen3_8_max,63.296740544365235,3
193,gpt_5_6_sol_max,60.57359020699063,4
193,deepseek_v4_pro_max,59.375842821047414,5
193,claude_opus_4_8_max,57.10400821795348,6
193,kimi_k3_max,55.76801166416209,7
193,glm_5_2_max,40.24858564261196,8
193,deepseek_v4_flash_max,31.66232813475022,9
193,claude_fable_5_max,17.73283234560961,10
194,claude_fable_5_max,73.28606760182079,1
194,kimi_k3_max,66.90554264614296,2
194,claude_opus_4_8_max,50.73810214772557,3
194,deepseek_v4_pro_max,48.54938987131345,4
194,glm_5_2_max,39.194911021914294,5
194,gpt_5_5_xhigh,37.36591599761985,6
194,qwen3_8_max,27.992675385033387,7
194,gemini_3_1_pro_high,27.90069825413716,8
194,gpt_5_6_sol_max,26.057484919522363,9
194,deepseek_v4_flash_max,23.53503863183953,10
195,claude_opus_4_8_max,73.51203227973255,1
195,gpt_5_6_sol_max,71.40402553946197,2
195,gpt_5_5_xhigh,63.07797770650891,3
195,deepseek_v4_flash_max,51.58211641866103,4
195,gemini_3_1_pro_high,50.50632131428251,5
195,qwen3_8_max,45.0369554451049,6
195,glm_5_2_max,40.492141991406825,7
195,claude_fable_5_max,35.37962794671401,8
195,kimi_k3_max,27.73592542019412,9
195,deepseek_v4_pro_max,27.69137794526482,10
196,qwen3_8_max,74.18440618729349,1
196,claude_opus_4_8_max,49.11053245591445,2
196,deepseek_v4_pro_max,38.989262017297335,3
196,glm_5_2_max,35.09252815891269,4
196,deepseek_v4_flash_max,34.77394975523882,5
196,claude_fable_5_max,32.9357304876326,6
196,kimi_k3_max,32.91657128481296,7
196,gemini_3_1_pro_high,32.711637546018544,8
196,gpt_5_6_sol_max,16.009759222243062,9
196,gpt_5_5_xhigh,10.66749222798316,10
197,claude_opus_4_8_max,65.33091725244003,1
197,gemini_3_1_pro_high,63.91500151243019,2
197,gpt_5_6_sol_max,60.33464637563527,3
197,deepseek_v4_flash_max,60.01381278851808,4
197,claude_fable_5_max,57.16991012702313,5
197,kimi_k3_max,50.81466931033739,6
197,glm_5_2_max,45.324588683211076,7
197,qwen3_8_max,43.7721605526266,8
197,deepseek_v4_pro_max,36.228324804280604,9
197,gpt_5_5_xhigh,32.16679691119213,10
198,qwen3_8_max,67.7932389463653,1
198,gpt_5_6_sol_max,62.91127937415078,2
198,claude_opus_4_8_max,56.46479524575391,3
198,kimi_k3_max,53.89364498632598,4
198,claude_fable_5_max,51.1748642326258,5
198,gemini_3_1_pro_high,43.59903808746058,6
198,deepseek_v4_flash_max,41.317634227757836,7
198,gpt_5_5_xhigh,39.47500941788784,8
198,glm_5_2_max,38.01917196838405,9
198,deepseek_v4_pro_max,17.169369368891232,10
199,claude_fable_5_max,60.401371405029266,1
199,kimi_k3_max,57.431397375674834,2
199,gpt_5_6_sol_max,56.33017201002161,3
199,deepseek_v4_pro_max,54.227765787610565,4
199,gpt_5_5_xhigh,48.25099144790157,5
199,glm_5_2_max,35.89133471925193,6
199,claude_opus_4_8_max,30.23979514213199,7
199,qwen3_8_max,24.594353976060056,8
199,gemini_3_1_pro_high,19.95177221604529,9
199,deepseek_v4_flash_max,18.1023337338644,10
200,deepseek_v4_flash_max,78.66448180395196,1
200,glm_5_2_max,63.98361746648408,2
200,qwen3_8_max,53.87318574025155,3
200,gemini_3_1_pro_high,51.27823236645896,4
200,gpt_5_6_sol_max,50.91317161910099,5
200,deepseek_v4_pro_max,47.81219443105515,6
200,kimi_k3_max,45.98065423393321,7
200,gpt_5_5_xhigh,41.87027072397034,8
200,claude_opus_4_8_max,34.3141545772808,9
200,claude_fable_5_max,31.99143336921674,10
201,gemini_3_1_pro_high,71.9560307617678,1
201,gpt_5_5_xhigh,69.6769723763644,2
201,kimi_k3_max,67.85662788461585,3
201,glm_5_2_max,65.23169506182758,4
201,deepseek_v4_flash_max,62.75547347906485,5
201,qwen3_8_max,61.69375382045009,6
201,claude_opus_4_8_max,49.320909371303266,7
201,claude_fable_5_max,45.94928472184685,8
201,gpt_5_6_sol_max,36.74772103591683,9
201,deepseek_v4_pro_max,36.10438766856344,10
202,claude_opus_4_8_max,60.97042777691835,1
202,deepseek_v4_pro_max,60.761296566782484,2
202,kimi_k3_max,57.8957743737768,3
202,gpt_5_6_sol_max,57.306423284526666,4
202,glm_5_2_max,57.07108703837407,5
202,deepseek_v4_flash_max,49.704674426290175,6
202,qwen3_8_max,36.95722916315983,7
202,gpt_5_5_xhigh,34.731261918309755,8
202,gemini_3_1_pro_high,26.644394550279202,9
202,claude_fable_5_max,21.3958653902574,10
203,claude_fable_5_max,76.21983648375199,1
203,gpt_5_6_sol_max,64.27841995055071,2
203,gpt_5_5_xhigh,55.774612173173686,3
203,glm_5_2_max,55.68279839746978,4
203,deepseek_v4_pro_max,51.2739308979798,5
203,qwen3_8_max,50.392249180839435,6
203,kimi_k3_max,48.304492586990165,7
203,gemini_3_1_pro_high,44.35239423934802,8
203,claude_opus_4_8_max,43.310447287174114,9
203,deepseek_v4_flash_max,24.70896938991062,10
204,claude_fable_5_max,68.88156233763006,1
204,gpt_5_5_xhigh,63.98215207385008,2
204,deepseek_v4_flash_max,61.313590787067916,3
204,qwen3_8_max,52.15058051791585,4
204,gpt_5_6_sol_max,41.00965050300551,5
204,kimi_k3_max,38.41178796846167,6
204,glm_5_2_max,32.09039880517185,7
204,claude_opus_4_8_max,27.444457206414274,8
204,deepseek_v4_pro_max,24.970049028060796,9
204,gemini_3_1_pro_high,23.95447722556024,10
205,gemini_3_1_pro_high,68.86940336974223,1
205,qwen3_8_max,65.99405510369593,2
205,claude_opus_4_8_max,57.84943430922692,3
205,gpt_5_5_xhigh,55.52024437423672,4
205,deepseek_v4_pro_max,42.401811028075684,5
205,claude_fable_5_max,41.79757545570221,6
205,deepseek_v4_flash_max,41.49009712156002,7
205,kimi_k3_max,41.36368282621632,8
205,gpt_5_6_sol_max,37.05822984352856,9
205,glm_5_2_max,28.669437241803916,10
206,claude_fable_5_max,80.18690060594146,1
206,deepseek_v4_flash_max,67.54960803927172,2
206,claude_opus_4_8_max,54.418771272469485,3
206,qwen3_8_max,52.24851753883973,4
206,kimi_k3_max,48.00497273293093,5
206,gpt_5_6_sol_max,46.313541835908865,6
206,glm_5_2_max,44.49117628679639,7
206,gpt_5_5_xhigh,34.98667561009779,8
206,gemini_3_1_pro_high,31.1043204788323,9
206,deepseek_v4_pro_max,16.995826050579165,10
207,claude_fable_5_max,84.0721539144074,1
207,deepseek_v4_pro_max,66.58410844135707,2
207,gemini_3_1_pro_high,42.96018100369872,3
207,gpt_5_5_xhigh,41.628941676175614,4
207,gpt_5_6_sol_max,33.65452420755705,5
207,claude_opus_4_8_max,33.23531299698712,6
207,kimi_k3_max,24.860613032180247,7
207,glm_5_2_max,24.860334256950967,8
207,deepseek_v4_flash_max,23.369492022565105,9
207,qwen3_8_max,22.93161925056585,10
208,claude_fable_5_max,79.09147666749419,1
208,gemini_3_1_pro_high,59.049882356533736,2
208,gpt_5_5_xhigh,58.98004601762544,3
208,kimi_k3_max,49.88234893741672,4
208,qwen3_8_max,49.16274260291698,5
208,gpt_5_6_sol_max,46.70499927863521,6
208,deepseek_v4_flash_max,41.400730312766825,7
208,claude_opus_4_8_max,41.321552529235234,8
208,glm_5_2_max,21.624316322905088,9
208,deepseek_v4_pro_max,11.76684108692707,10
209,qwen3_8_max,78.62848654223676,1
209,claude_fable_5_max,70.56188788264211,2
209,glm_5_2_max,66.44494638519546,3
209,kimi_k3_max,61.53166560193063,4
209,claude_opus_4_8_max,51.9093861830673,5
209,gemini_3_1_pro_high,50.50958688844101,6
209,deepseek_v4_pro_max,50.46289999725376,7
209,gpt_5_6_sol_max,46.64995123899794,8
209,gpt_5_5_xhigh,28.721893739183468,9
209,deepseek_v4_flash_max,19.093110787313552,10
210,claude_fable_5_max,68.12960618203431,1
210,gpt_5_5_xhigh,53.91530957178924,2
210,deepseek_v4_pro_max,43.33395427655624,3
210,claude_opus_4_8_max,40.33535365001249,4
210,gemini_3_1_pro_high,38.08477166873946,5
210,deepseek_v4_flash_max,37.336841908750365,6
210,gpt_5_6_sol_max,33.36090886065592,7
210,qwen3_8_max,29.877085656788527,8
210,kimi_k3_max,28.378089506477025,9
210,glm_5_2_max,24.12500575868549,10
211,deepseek_v4_pro_max,64.41036080411992,1
211,claude_fable_5_max,60.99657937549565,2
211,claude_opus_4_8_max,51.42721742917101,3
211,gpt_5_6_sol_max,45.31453843088418,4
211,gpt_5_5_xhigh,41.16439911243407,5
211,glm_5_2_max,35.63957902875346,6
211,gemini_3_1_pro_high,31.64427256523092,7
211,qwen3_8_max,29.433351988594787,8
211,deepseek_v4_flash_max,26.06909159610967,9
211,kimi_k3_max,25.60942085054802,10
212,gemini_3_1_pro_high,83.0596060710199,1
212,claude_opus_4_8_max,76.8364064342619,2
212,gpt_5_5_xhigh,73.95745601347306,3
212,glm_5_2_max,72.8466730436152,4
212,qwen3_8_max,63.76395885494231,5
212,deepseek_v4_pro_max,41.623017446485285,6
212,deepseek_v4_flash_max,41.00480911795018,7
212,kimi_k3_max,37.30369666732358,8
212,gpt_5_6_sol_max,31.255049928336184,9
212,claude_fable_5_max,28.105355564197247,10
213,gemini_3_1_pro_high,66.47946277936083,1
213,qwen3_8_max,61.67136470633267,2
213,deepseek_v4_pro_max,53.71799380150573,3
213,gpt_5_5_xhigh,51.24761171792215,4
213,claude_opus_4_8_max,47.46520884355059,5
213,kimi_k3_max,47.27274173519054,6
213,claude_fable_5_max,41.233608894238856,7
213,gpt_5_6_sol_max,35.811142419379166,8
213,glm_5_2_max,32.71386929253522,9
213,deepseek_v4_flash_max,25.086128228497486,10
214,kimi_k3_max,82.22376759428946,1
214,claude_fable_5_max,66.74494588117908,2
214,gemini_3_1_pro_high,50.60459445738384,3
214,glm_5_2_max,46.50521848345013,4
214,gpt_5_5_xhigh,46.053940379885,5
214,claude_opus_4_8_max,45.69423492085939,6
214,gpt_5_6_sol_max,41.72475875135353,7
214,deepseek_v4_pro_max,39.47107559095358,8
214,qwen3_8_max,31.868657963313126,9
214,deepseek_v4_flash_max,23.578466803109798,10
215,deepseek_v4_flash_max,90.85279113586265,1
215,gpt_5_6_sol_max,62.870042657840195,2
215,glm_5_2_max,61.23963398900388,3
215,gpt_5_5_xhigh,59.91933627237577,4
215,claude_opus_4_8_max,43.106134156311285,5
215,claude_fable_5_max,38.55135257135096,6
215,kimi_k3_max,35.60862957065695,7
215,gemini_3_1_pro_high,33.64306379069505,8
215,qwen3_8_max,32.11735945827146,9
215,deepseek_v4_pro_max,29.814451975498276,10
216,deepseek_v4_pro_max,83.77576407431759,1
216,gpt_5_5_xhigh,61.885738511238046,2
216,qwen3_8_max,61.36739864189019,3
216,claude_opus_4_8_max,56.784530218525845,4
216,gpt_5_6_sol_max,55.27238110571136,5
216,kimi_k3_max,42.4793708562304,6
216,deepseek_v4_flash_max,42.45133462918292,7
216,glm_5_2_max,41.983527434146254,8
216,gemini_3_1_pro_high,41.608196553328,9
216,claude_fable_5_max,21.191353180136986,10
217,deepseek_v4_pro_max,79.57680344997135,1
217,deepseek_v4_flash_max,61.737794967417344,2
217,claude_opus_4_8_max,53.501518031975635,3
217,gpt_5_6_sol_max,51.84131049712035,4
217,qwen3_8_max,48.34890489541912,5
217,kimi_k3_max,47.531618409205166,6
217,gpt_5_5_xhigh,44.172448883917326,7
217,glm_5_2_max,39.110878728577234,8
217,gemini_3_1_pro_high,34.579926637659696,9
217,claude_fable_5_max,30.458181589022235,10
218,claude_fable_5_max,81.25362577743124,1
218,qwen3_8_max,52.70463517434182,2
218,deepseek_v4_flash_max,48.021933553436064,3
218,gemini_3_1_pro_high,39.42988496819213,4
218,gpt_5_5_xhigh,37.95086756819807,5
218,kimi_k3_max,35.711560715132386,6
218,claude_opus_4_8_max,33.47247736333448,7
218,gpt_5_6_sol_max,31.89478233697492,8
218,glm_5_2_max,17.709124107257992,9
218,deepseek_v4_pro_max,13.39759634102076,10
219,claude_fable_5_max,81.07185300921157,1
219,claude_opus_4_8_max,54.78152739247417,2
219,deepseek_v4_pro_max,54.64199981822979,3
219,gpt_5_5_xhigh,53.81959391289937,4
219,kimi_k3_max,46.55369958024137,5
219,glm_5_2_max,45.62477192188336,6
219,qwen3_8_max,38.585072467064,7
219,gemini_3_1_pro_high,37.995197574971634,8
219,gpt_5_6_sol_max,32.983568971795194,9
219,deepseek_v4_flash_max,21.50876042714861,10
220,glm_5_2_max,72.46035359225124,1
220,claude_fable_5_max,70.10395210321293,2
220,deepseek_v4_flash_max,65.03292861939617,3
220,gpt_5_5_xhigh,63.45595732117738,4
220,gpt_5_6_sol_max,45.612925011860696,5
220,kimi_k3_max,37.11659263619438,6
220,deepseek_v4_pro_max,35.830870063937695,7
220,qwen3_8_max,33.46604710360327,8
220,claude_opus_4_8_max,30.898198602324236,9
220,gemini_3_1_pro_high,29.991741285429647,10
221,claude_fable_5_max,74.99970180333037,1
221,deepseek_v4_pro_max,72.96766660063382,2
221,claude_opus_4_8_max,56.63463028323872,3
221,gpt_5_6_sol_max,51.920627600727855,4
221,qwen3_8_max,50.17252811438284,5
221,glm_5_2_max,45.81084835595771,6
221,kimi_k3_max,43.90349822593013,7
221,gemini_3_1_pro_high,40.410693875154585,8
221,gpt_5_5_xhigh,38.21709947514269,9
221,deepseek_v4_flash_max,21.4340870874325,10
222,gemini_3_1_pro_high,57.122042658236914,1
222,claude_opus_4_8_max,57.0386128512482,2
222,claude_fable_5_max,54.4376136033255,3
222,gpt_5_5_xhigh,54.09258937440093,4
222,gpt_5_6_sol_max,46.4117778349525,5
222,deepseek_v4_flash_max,39.19810204362583,6
222,glm_5_2_max,36.335430072329245,7
222,kimi_k3_max,34.99590941581647,8
222,qwen3_8_max,26.601681690021216,9
222,deepseek_v4_pro_max,0.0,10
223,gemini_3_1_pro_high,58.37959748818612,1
223,gpt_5_6_sol_max,55.91205235899209,2
223,gpt_5_5_xhigh,52.74652908559214,3
223,kimi_k3_max,52.22932034851536,4
223,deepseek_v4_pro_max,47.69851216533411,5
223,claude_fable_5_max,47.117892409575646,6
223,qwen3_8_max,42.068758930009864,7
223,claude_opus_4_8_max,41.45089229845506,8
223,glm_5_2_max,40.58354169090458,9
223,deepseek_v4_flash_max,28.47752596388416,10
224,gemini_3_1_pro_high,78.46948410736275,1
224,claude_opus_4_8_max,76.67291282407372,2
224,kimi_k3_max,71.57459800196905,3
224,qwen3_8_max,64.62834221989728,4
224,gpt_5_5_xhigh,60.13127460162487,5
224,deepseek_v4_pro_max,59.74211840713605,6
224,gpt_5_6_sol_max,56.45467753431861,7
224,claude_fable_5_max,50.778641204650974,8
224,deepseek_v4_flash_max,50.64897741911303,9
224,glm_5_2_max,50.11206193260273,10
225,kimi_k3_max,71.0277950078811,1
225,claude_fable_5_max,65.2204315519815,2
225,gpt_5_5_xhigh,62.76132218858193,3
225,glm_5_2_max,58.00981147659346,4
225,gemini_3_1_pro_high,56.08447605200037,5
225,gpt_5_6_sol_max,45.53978378934802,6
225,deepseek_v4_flash_max,41.64115288502195,7
225,claude_opus_4_8_max,40.102031460026396,8
225,qwen3_8_max,34.14046041869572,9
225,deepseek_v4_pro_max,7.79544358652611,10
226,deepseek_v4_pro_max,68.94935867295187,1
226,deepseek_v4_flash_max,62.817036323964366,2
226,gpt_5_5_xhigh,49.880265407362025,3
226,gemini_3_1_pro_high,42.559723506936415,4
226,kimi_k3_max,39.417826662206465,5
226,claude_opus_4_8_max,38.00543341110515,6
226,claude_fable_5_max,35.274156062059006,7
226,qwen3_8_max,30.835444623292606,8
226,glm_5_2_max,30.19428863111892,9
226,gpt_5_6_sol_max,25.734878482968174,10
227,gemini_3_1_pro_high,78.08580337045156,1
227,qwen3_8_max,59.73556249228843,2
227,kimi_k3_max,57.705926647020455,3
227,gpt_5_5_xhigh,48.91299292540476,4
227,claude_opus_4_8_max,42.56710748049329,5
227,glm_5_2_max,41.638914793109485,6
227,deepseek_v4_pro_max,40.56734805395465,7
227,claude_fable_5_max,40.43307436251325,8
227,gpt_5_6_sol_max,25.0160170295497,9
227,deepseek_v4_flash_max,9.951259225373697,10
228,qwen3_8_max,77.7783694515452,1
228,gemini_3_1_pro_high,67.17772367676142,2
228,deepseek_v4_pro_max,65.00567185920389,3
228,kimi_k3_max,63.2164610775217,4
228,gpt_5_6_sol_max,62.65638066234156,5
228,gpt_5_5_xhigh,42.969199594314816,6
228,claude_opus_4_8_max,39.99365896155632,7
228,deepseek_v4_flash_max,37.834352818718706,8
228,glm_5_2_max,34.20559931664848,9
228,claude_fable_5_max,26.948495906791663,10
229,deepseek_v4_flash_max,80.08507107304945,1
229,kimi_k3_max,65.58809029423188,2
229,gpt_5_6_sol_max,62.76974987264934,3
229,glm_5_2_max,59.067018067232866,4
229,claude_opus_4_8_max,53.30871644204383,5
229,qwen3_8_max,52.966871574238766,6
229,deepseek_v4_pro_max,51.30366062466656,7
229,gpt_5_5_xhigh,48.02979992125863,8
229,gemini_3_1_pro_high,46.728587277144605,9
229,claude_fable_5_max,31.854774167973567,10
230,claude_opus_4_8_max,75.2777101605249,1
230,claude_fable_5_max,71.67476701422702,2
230,gpt_5_6_sol_max,57.27200945767246,3
230,deepseek_v4_flash_max,49.97475190080445,4
230,kimi_k3_max,47.691049184281624,5
230,qwen3_8_max,44.22883197465988,6
230,deepseek_v4_pro_max,36.69835823405776,7
230,gpt_5_5_xhigh,31.729595822752742,8
230,gemini_3_1_pro_high,31.121878269270113,9
230,glm_5_2_max,16.787776242958678,10
231,deepseek_v4_pro_max,75.15625016405374,1
231,gpt_5_6_sol_max,59.64197911551859,2
231,claude_opus_4_8_max,55.62455465947764,3
231,gpt_5_5_xhigh,54.39930410899214,4
231,glm_5_2_max,49.10591187508937,5
231,claude_fable_5_max,48.81945597126557,6
231,qwen3_8_max,44.130565671473725,7
231,gemini_3_1_pro_high,35.172584949261065,8
231,deepseek_v4_flash_max,27.94820512845952,9
231,kimi_k3_max,15.806679993587341,10
232,claude_fable_5_max,72.17275877780348,1
232,gpt_5_5_xhigh,58.342899303614125,2
232,kimi_k3_max,48.670948126508534,3
232,deepseek_v4_pro_max,38.97709436465202,4
232,gpt_5_6_sol_max,30.36091904436112,5
232,gemini_3_1_pro_high,27.741330171053274,6
232,claude_opus_4_8_max,27.497332263971494,7
232,glm_5_2_max,21.661063676914978,8
232,qwen3_8_max,18.195341334242112,9
232,deepseek_v4_flash_max,12.016647059285678,10
233,deepseek_v4_pro_max,87.99481359989127,1
233,claude_opus_4_8_max,73.53306051194788,2
233,qwen3_8_max,66.0034486080931,3
233,gpt_5_6_sol_max,64.86076445405492,4
233,gpt_5_5_xhigh,58.76103045077149,5
233,kimi_k3_max,57.070762614961495,6
233,glm_5_2_max,56.93568572274374,7
233,claude_fable_5_max,51.635424292828084,8
233,gemini_3_1_pro_high,43.3203060604725,9
233,deepseek_v4_flash_max,41.30593045376632,10
234,claude_fable_5_max,69.86526872862161,1
234,gpt_5_6_sol_max,58.43961440596843,2
234,claude_opus_4_8_max,54.21885037996359,3
234,glm_5_2_max,50.95311225144951,4
234,qwen3_8_max,49.42620611385081,5
234,gpt_5_5_xhigh,48.79511957762044,6
234,deepseek_v4_pro_max,48.096374623754556,7
234,gemini_3_1_pro_high,45.703249486472174,8
234,deepseek_v4_flash_max,36.256872980094,9
234,kimi_k3_max,30.570832724430815,10
235,deepseek_v4_flash_max,70.67976006743902,1
235,claude_opus_4_8_max,61.95629575446084,2
235,kimi_k3_max,57.87814137434664,3
235,qwen3_8_max,54.606908954816504,4
235,deepseek_v4_pro_max,53.92722441759238,5
235,glm_5_2_max,52.7493243111766,6
235,gpt_5_5_xhigh,51.82391451293928,7
235,claude_fable_5_max,49.27384974783102,8
235,gpt_5_6_sol_max,46.92008953923525,9
235,gemini_3_1_pro_high,35.92189160390124,10
236,claude_fable_5_max,54.56953329908225,1
236,deepseek_v4_flash_max,52.847917474807005,2
236,claude_opus_4_8_max,38.19704930365982,3
236,glm_5_2_max,36.88099821965763,4
236,gpt_5_5_xhigh,35.165357740216535,5
236,kimi_k3_max,34.784480725570006,6
236,qwen3_8_max,34.640443792345316,7
236,gpt_5_6_sol_max,27.712429691372982,8
236,gemini_3_1_pro_high,20.96501343242968,9
236,deepseek_v4_pro_max,3.324972262956725,10
237,gemini_3_1_pro_high,61.98149545560412,1
237,gpt_5_6_sol_max,58.52690015044254,2
237,claude_fable_5_max,51.46818500447943,3
237,deepseek_v4_pro_max,44.95847604204201,4
237,qwen3_8_max,38.932400500447095,5
237,glm_5_2_max,38.814583332488795,6
237,gpt_5_5_xhigh,38.452753082652,7
237,claude_opus_4_8_max,31.943910011270916,8
237,deepseek_v4_flash_max,27.25791415547382,9
237,kimi_k3_max,19.331284617484727,10
238,claude_fable_5_max,82.16727759285776,1
238,glm_5_2_max,65.41884054463961,2
238,gemini_3_1_pro_high,52.71541470034616,3
238,deepseek_v4_flash_max,52.36839936582442,4
238,qwen3_8_max,48.62749454135438,5
238,claude_opus_4_8_max,47.76428898491476,6
238,gpt_5_5_xhigh,45.07221685944356,7
238,kimi_k3_max,44.11050988998683,8
238,gpt_5_6_sol_max,35.83886144146841,9
238,deepseek_v4_pro_max,34.82435269075279,10
239,qwen3_8_max,68.19604033760605,1
239,glm_5_2_max,64.41376488873853,2
239,claude_opus_4_8_max,63.103787362738416,3
239,kimi_k3_max,62.40415891676352,4
239,deepseek_v4_pro_max,58.03862766489267,5
239,gemini_3_1_pro_high,54.81973045768831,6
239,gpt_5_5_xhigh,51.5797681356113,7
239,deepseek_v4_flash_max,37.11295875450243,8
239,gpt_5_6_sol_max,34.63655057241297,9
239,claude_fable_5_max,17.707959733838354,10
240,claude_opus_4_8_max,69.50505459981937,1
240,gpt_5_6_sol_max,63.144637073268186,2
240,glm_5_2_max,63.08444887430424,3
240,kimi_k3_max,57.4176797497493,4
240,claude_fable_5_max,57.37936091837142,5
240,gemini_3_1_pro_high,54.23683139763358,6
240,deepseek_v4_pro_max,50.11642031201397,7
240,deepseek_v4_flash_max,45.841346756484874,8
240,qwen3_8_max,43.303390689721816,9
240,gpt_5_5_xhigh,23.62604652193037,10
241,claude_fable_5_max,66.73623658634287,1
241,gpt_5_5_xhigh,65.40059819706075,2
241,gpt_5_6_sol_max,63.22051807126409,3
241,deepseek_v4_pro_max,59.79440606442263,4
241,kimi_k3_max,57.50440857622053,5
241,claude_opus_4_8_max,47.805360353940166,6
241,qwen3_8_max,31.064654886119328,7
241,gemini_3_1_pro_high,26.348126979392887,8
241,glm_5_2_max,24.80065539135828,9
241,deepseek_v4_flash_max,22.399067178627096,10
242,gpt_5_6_sol_max,73.51476284812362,1
242,deepseek_v4_flash_max,71.69552050908254,2
242,qwen3_8_max,64.5773582913804,3
242,claude_opus_4_8_max,51.71620944110035,4
242,gemini_3_1_pro_high,50.3486274395445,5
242,glm_5_2_max,49.579447249391805,6
242,gpt_5_5_xhigh,47.09221681922414,7
242,kimi_k3_max,44.55132847230768,8
242,claude_fable_5_max,38.305798290050255,9
242,deepseek_v4_pro_max,11.440378597296956,10
243,kimi_k3_max,76.2254351878885,1
243,claude_fable_5_max,64.6489885736336,2
243,gemini_3_1_pro_high,63.746032310545004,3
243,deepseek_v4_pro_max,53.160289797745634,4
243,deepseek_v4_flash_max,46.15122431583188,5
243,gpt_5_6_sol_max,39.62546859911894,6
243,qwen3_8_max,34.95797394358242,7
243,gpt_5_5_xhigh,32.725279239977496,8
243,glm_5_2_max,26.538044841094138,9
243,claude_opus_4_8_max,19.009744462485145,10
244,claude_fable_5_max,74.23406150357289,1
244,claude_opus_4_8_max,48.39426099302723,2
244,gpt_5_5_xhigh,39.481087591450255,3
244,kimi_k3_max,36.504795777471614,4
244,deepseek_v4_flash_max,36.094259673283545,5
244,gpt_5_6_sol_max,34.73395742118434,6
244,qwen3_8_max,25.089767757878292,7
244,deepseek_v4_pro_max,23.243605885322438,8
244,gemini_3_1_pro_high,18.803446452331443,9
244,glm_5_2_max,16.82390634603582,10
245,deepseek_v4_pro_max,66.65404985724743,1
245,gpt_5_5_xhigh,55.02177703223703,2
245,kimi_k3_max,47.568044651829645,3
245,gemini_3_1_pro_high,45.06860631476296,4
245,claude_fable_5_max,44.92464058123568,5
245,qwen3_8_max,37.66395314631084,6
245,glm_5_2_max,34.580959345513904,7
245,gpt_5_6_sol_max,34.264340822473784,8
245,claude_opus_4_8_max,18.532836920940863,9
245,deepseek_v4_flash_max,16.379285877817196,10
246,kimi_k3_max,87.24541610622151,1
246,gpt_5_6_sol_max,69.24737648746596,2
246,gemini_3_1_pro_high,64.92059398149371,3
246,claude_opus_4_8_max,49.35807377039655,4
246,qwen3_8_max,45.686161914633175,5
246,glm_5_2_max,44.981524420652526,6
246,gpt_5_5_xhigh,44.30816638379525,7
246,claude_fable_5_max,40.516951608176356,8
246,deepseek_v4_flash_max,39.50366345874521,9
246,deepseek_v4_pro_max,39.399988149790914,10
247,gpt_5_5_xhigh,79.66171058718707,1
247,claude_opus_4_8_max,75.48340855882759,2
247,gpt_5_6_sol_max,66.16116177076721,3
247,deepseek_v4_pro_max,61.02389100370071,4
247,claude_fable_5_max,58.04097500770075,5
247,kimi_k3_max,56.94190401334673,6
247,qwen3_8_max,56.745826240553555,7
247,deepseek_v4_flash_max,48.821523638303816,8
247,glm_5_2_max,25.594734529888946,9
247,gemini_3_1_pro_high,24.451627513318538,10
248,claude_fable_5_max,76.75320906169172,1
248,gpt_5_6_sol_max,63.394512803768826,2
248,gpt_5_5_xhigh,57.933050455085535,3
248,qwen3_8_max,44.59444188789381,4
248,deepseek_v4_pro_max,39.839243327955636,5
248,kimi_k3_max,39.69388724552652,6
248,deepseek_v4_flash_max,35.41336011710986,7
248,gemini_3_1_pro_high,35.34343655505886,8
248,glm_5_2_max,29.20100848648645,9
248,claude_opus_4_8_max,25.97266120496644,10
249,gemini_3_1_pro_high,70.67721115753434,1
249,gpt_5_6_sol_max,63.26393590103096,2
249,claude_fable_5_max,57.183286114779364,3
249,qwen3_8_max,51.80205694223014,4
249,kimi_k3_max,51.28924542059607,5
249,deepseek_v4_flash_max,43.301874025757314,6
249,gpt_5_5_xhigh,42.17622447720609,7
249,deepseek_v4_pro_max,35.23971861803915,8
249,claude_opus_4_8_max,35.1857858436161,9
249,glm_5_2_max,33.30836444579436,10
250,gpt_5_6_sol_max,78.00126357793297,1
250,deepseek_v4_pro_max,76.5370345991167,2
250,qwen3_8_max,60.464234999854696,3
250,claude_opus_4_8_max,59.087168264458974,4
250,deepseek_v4_flash_max,53.46627453870382,5
250,claude_fable_5_max,51.98808087490713,6
250,gpt_5_5_xhigh,48.71922656330314,7
250,gemini_3_1_pro_high,44.022997463473445,8
250,glm_5_2_max,40.055209532614846,9
250,kimi_k3_max,25.630620315512605,10
251,gpt_5_6_sol_max,71.57543601846187,1
251,kimi_k3_max,69.13784449454184,2
251,claude_opus_4_8_max,65.53564631732445,3
251,glm_5_2_max,56.98475215731021,4
251,gemini_3_1_pro_high,56.85827363909297,5
251,gpt_5_5_xhigh,45.30216748723292,6
251,deepseek_v4_flash_max,41.67104991896757,7
251,claude_fable_5_max,39.03211964254062,8
251,qwen3_8_max,35.39564757729245,9
251,deepseek_v4_pro_max,8.70453991833438,10
252,deepseek_v4_pro_max,76.13670290964929,1
252,gpt_5_6_sol_max,71.09580378310119,2
252,gpt_5_5_xhigh,58.126044580791046,3
252,claude_opus_4_8_max,57.55283495842724,4
252,kimi_k3_max,51.948640502278096,5
252,claude_fable_5_max,48.81289741665192,6
252,gemini_3_1_pro_high,42.58699455944641,7
252,qwen3_8_max,37.156035539576486,8
252,glm_5_2_max,31.21277057718116,9
252,deepseek_v4_flash_max,25.373300329704048,10
253,gemini_3_1_pro_high,67.61455336179027,1
253,claude_fable_5_max,64.70907790784405,2
253,qwen3_8_max,51.34683400121192,3
253,glm_5_2_max,48.01955811051845,4
253,gpt_5_6_sol_max,44.537942645941726,5
253,deepseek_v4_flash_max,43.76104356413439,6
253,gpt_5_5_xhigh,39.98429527534119,7
253,claude_opus_4_8_max,33.84256165491655,8
253,kimi_k3_max,31.03406108520097,9
253,deepseek_v4_pro_max,29.837293518344907,10
254,kimi_k3_max,65.3671065430424,1
254,claude_opus_4_8_max,61.40231698789034,2
254,deepseek_v4_flash_max,61.27156853402457,3
254,deepseek_v4_pro_max,56.97635286034745,4
254,gpt_5_6_sol_max,55.58946035170862,5
254,gpt_5_5_xhigh,54.49364009458602,6
254,glm_5_2_max,51.54039837673674,7
254,qwen3_8_max,49.060902886249394,8
254,gemini_3_1_pro_high,46.58699939335214,9
254,claude_fable_5_max,32.3687808443821,10
255,claude_opus_4_8_max,70.08181735746365,1
255,deepseek_v4_pro_max,67.5034965094012,2
255,gemini_3_1_pro_high,63.42875966999555,3
255,qwen3_8_max,58.58610578467952,4
255,claude_fable_5_max,54.64046793461621,5
255,gpt_5_6_sol_max,54.615452599832764,6
255,kimi_k3_max,54.457802042067065,7
255,gpt_5_5_xhigh,45.13671816808687,8
255,glm_5_2_max,41.99863105419738,9
255,deepseek_v4_flash_max,26.41220420929244,10
256,deepseek_v4_pro_max,76.20871023129882,1
256,glm_5_2_max,65.07143609820058,2
256,claude_fable_5_max,48.78370361993963,3
256,qwen3_8_max,47.58460327265089,4
256,deepseek_v4_flash_max,40.9495894447237,5
256,gemini_3_1_pro_high,38.22833336828846,6
256,kimi_k3_max,34.30380278586188,7
256,claude_opus_4_8_max,34.1647156706178,8
256,gpt_5_5_xhigh,31.112183213938017,9
256,gpt_5_6_sol_max,20.5786361870567,10
257,gpt_5_6_sol_max,76.353599641228,1
257,gpt_5_5_xhigh,70.86366019724696,2
257,claude_opus_4_8_max,70.56921717268928,3
257,qwen3_8_max,68.48546027054063,4
257,claude_fable_5_max,61.14691765895652,5
257,glm_5_2_max,59.62865470308688,6
257,gemini_3_1_pro_high,50.282703500031545,7
257,deepseek_v4_pro_max,45.795797759666804,8
257,kimi_k3_max,30.671830946688758,9
257,deepseek_v4_flash_max,25.298531141689413,10
258,kimi_k3_max,66.39450026017536,1
258,claude_opus_4_8_max,66.32395531882192,2
258,deepseek_v4_pro_max,62.6302934025815,3
258,glm_5_2_max,60.08333544725623,4
258,deepseek_v4_flash_max,59.12830270600017,5
258,claude_fable_5_max,52.31323237572187,6
258,gpt_5_5_xhigh,50.206903806647105,7
258,qwen3_8_max,44.113560388564686,8
258,gemini_3_1_pro_high,40.76447367701635,9
258,gpt_5_6_sol_max,20.5092034006708,10
259,deepseek_v4_flash_max,67.5534963995042,1
259,claude_fable_5_max,65.81655353243221,2
259,gemini_3_1_pro_high,53.78474973408152,3
259,claude_opus_4_8_max,53.45978808833639,4
259,glm_5_2_max,49.983833176376656,5
259,gpt_5_5_xhigh,47.822262116672185,6
259,deepseek_v4_pro_max,47.350975282000235,7
259,qwen3_8_max,44.89100362492757,8
259,kimi_k3_max,38.79396594076725,9
259,gpt_5_6_sol_max,36.22875982953911,10
260,deepseek_v4_pro_max,63.214768412428384,1
260,claude_opus_4_8_max,58.492863325140135,2
260,glm_5_2_max,56.81384746070036,3
260,gpt_5_6_sol_max,54.97994053954838,4
260,qwen3_8_max,54.88416418200572,5
260,kimi_k3_max,54.24161948754087,6
260,gemini_3_1_pro_high,50.974075065154594,7
260,gpt_5_5_xhigh,49.1571954176282,8
260,deepseek_v4_flash_max,46.51713764124261,9
260,claude_fable_5_max,45.94232991635542,10
261,deepseek_v4_pro_max,64.28018676218026,1
261,qwen3_8_max,62.87492879795305,2
261,gemini_3_1_pro_high,62.85088609654186,3
261,glm_5_2_max,56.14675729745985,4
261,kimi_k3_max,54.408360744228155,5
261,gpt_5_6_sol_max,51.1843764905948,6
261,claude_opus_4_8_max,47.90399717024047,7
261,claude_fable_5_max,41.94392832022175,8
261,gpt_5_5_xhigh,40.774349127240995,9
261,deepseek_v4_flash_max,34.112892602566845,10
262,claude_fable_5_max,72.53135886578062,1
262,deepseek_v4_pro_max,70.40419002931026,2
262,gpt_5_6_sol_max,62.43607258906624,3
262,glm_5_2_max,50.15397933810407,4
262,gpt_5_5_xhigh,49.38686326501975,5
262,qwen3_8_max,48.25893941773807,6
262,claude_opus_4_8_max,39.81416373733193,7
262,gemini_3_1_pro_high,34.909495995400135,8
262,kimi_k3_max,21.921416082425694,9
262,deepseek_v4_flash_max,17.192449094041365,10
263,deepseek_v4_pro_max,80.84891418171748,1
263,gpt_5_5_xhigh,75.87453176529107,2
263,claude_fable_5_max,73.461763223598,3
263,claude_opus_4_8_max,69.51939391096087,4
263,qwen3_8_max,63.85841382688433,5
263,kimi_k3_max,63.5409725633909,6
263,gemini_3_1_pro_high,59.80630741532882,7
263,glm_5_2_max,56.005311068023516,8
263,gpt_5_6_sol_max,32.21377387764103,9
263,deepseek_v4_flash_max,16.412098172353385,10
264,claude_fable_5_max,80.55316342952528,1
264,gpt_5_6_sol_max,64.23860585947769,2
264,qwen3_8_max,49.92363651254613,3
264,deepseek_v4_flash_max,44.427074977318114,4
264,claude_opus_4_8_max,38.20911319724712,5
264,gpt_5_5_xhigh,37.14746716210681,6
264,gemini_3_1_pro_high,36.152549797173045,7
264,kimi_k3_max,34.111041731782,8
264,glm_5_2_max,24.07619779742228,9
264,deepseek_v4_pro_max,18.678097520550644,10
265,deepseek_v4_pro_max,76.32701551676031,1
265,claude_fable_5_max,64.88322521219408,2
265,gpt_5_6_sol_max,55.53164199923025,3
265,kimi_k3_max,47.59600638536123,4
265,claude_opus_4_8_max,42.8835869247485,5
265,gemini_3_1_pro_high,36.47175099292337,6
265,glm_5_2_max,35.61831075083716,7
265,qwen3_8_max,33.613326820733484,8
265,gpt_5_5_xhigh,30.70718000639082,9
265,deepseek_v4_flash_max,30.487146407768932,10
266,glm_5_2_max,80.48819963647007,1
266,deepseek_v4_pro_max,72.17284638825896,2
266,claude_opus_4_8_max,62.56879907153216,3
266,qwen3_8_max,59.58104891257359,4
266,gpt_5_5_xhigh,48.16346148080932,5
266,gemini_3_1_pro_high,46.16757484375532,6
266,gpt_5_6_sol_max,42.45139194988606,7
266,claude_fable_5_max,41.90322530994214,8
266,kimi_k3_max,24.052980125066345,9
266,deepseek_v4_flash_max,20.07329221903961,10
267,deepseek_v4_pro_max,86.88848505847169,1
267,glm_5_2_max,66.8022472668107,2
267,gpt_5_6_sol_max,61.384621077976675,3
267,gpt_5_5_xhigh,61.2542100953485,4
267,qwen3_8_max,59.369429565973334,5
267,claude_opus_4_8_max,55.988911573257155,6
267,gemini_3_1_pro_high,55.05445314938102,7
267,deepseek_v4_flash_max,42.217545662498765,8
267,kimi_k3_max,40.58914909851026,9
267,claude_fable_5_max,24.756120462918048,10
268,deepseek_v4_flash_max,86.96209099826386,1
268,kimi_k3_max,67.60052054278587,2
268,claude_fable_5_max,64.7978362332901,3
268,gemini_3_1_pro_high,60.09333941100207,4
268,gpt_5_5_xhigh,59.66952377145029,5
268,gpt_5_6_sol_max,49.64719041277338,6
268,qwen3_8_max,49.62107934110166,7
268,glm_5_2_max,45.27538381500136,8
268,claude_opus_4_8_max,38.1887285085592,9
268,deepseek_v4_pro_max,26.834806746125253,10
269,claude_fable_5_max,84.5609406465377,1
269,gpt_5_5_xhigh,59.57627184318232,2
269,kimi_k3_max,58.288009149572574,3
269,deepseek_v4_pro_max,51.797229556023076,4
269,claude_opus_4_8_max,45.55900039175735,5
269,qwen3_8_max,45.206556944752656,6
269,glm_5_2_max,42.6531732647121,7
269,gemini_3_1_pro_high,37.354868558316355,8
269,gpt_5_6_sol_max,30.230041400960044,9
269,deepseek_v4_flash_max,11.458087240372667,10
270,gemini_3_1_pro_high,65.40073604818151,1
270,deepseek_v4_pro_max,62.11946547141661,2
270,qwen3_8_max,54.547978556601116,3
270,claude_fable_5_max,40.96600377483435,4
270,claude_opus_4_8_max,38.87600958236912,5
270,gpt_5_5_xhigh,36.30637698013379,6
270,gpt_5_6_sol_max,29.974541816651264,7
270,glm_5_2_max,29.42769409877772,8
270,kimi_k3_max,28.457508946486072,9
270,deepseek_v4_flash_max,9.279222098993305,10
271,gpt_5_6_sol_max,78.22142111581933,1
271,deepseek_v4_pro_max,67.43589519163659,2
271,gemini_3_1_pro_high,62.925188324821235,3
271,gpt_5_5_xhigh,54.95033583371001,4
271,kimi_k3_max,53.744273873010926,5
271,claude_opus_4_8_max,50.26362156546071,6
271,claude_fable_5_max,47.16229712460771,7
271,deepseek_v4_flash_max,47.07233220302807,8
271,glm_5_2_max,38.13850759070566,9
271,qwen3_8_max,37.09414278121708,10
272,deepseek_v4_pro_max,65.20532886225928,1
272,gpt_5_6_sol_max,62.12620253853271,2
272,kimi_k3_max,54.986404203181735,3
272,deepseek_v4_flash_max,53.87731220357021,4
272,claude_opus_4_8_max,52.92901584648874,5
272,glm_5_2_max,49.50326158833468,6
272,claude_fable_5_max,47.16173396120778,7
272,qwen3_8_max,35.77484925064832,8
272,gemini_3_1_pro_high,35.11893452466949,9
272,gpt_5_5_xhigh,30.64801629806484,10
273,deepseek_v4_flash_max,70.1386419849607,1
273,claude_fable_5_max,61.1104042622935,2
273,gpt_5_6_sol_max,53.0182817225472,3
273,gpt_5_5_xhigh,52.9377287777507,4
273,glm_5_2_max,49.35997722013472,5
273,gemini_3_1_pro_high,42.935230877865905,6
273,qwen3_8_max,37.13198508240571,7
273,kimi_k3_max,35.57572803383995,8
273,claude_opus_4_8_max,32.29410719793928,9
273,deepseek_v4_pro_max,27.85104358366481,10
274,gemini_3_1_pro_high,66.64626340266027,1
274,claude_fable_5_max,55.097993919991616,2
274,gpt_5_6_sol_max,54.440926212055125,3
274,gpt_5_5_xhigh,50.50626874956975,4
274,deepseek_v4_flash_max,46.83311525426989,5
274,kimi_k3_max,38.40145169094535,6
274,claude_opus_4_8_max,36.353580842832606,7
274,qwen3_8_max,35.9281535081972,8
274,glm_5_2_max,23.971394313803547,9
274,deepseek_v4_pro_max,7.653758441181353,10
275,gpt_5_5_xhigh,75.37680561593223,1
275,gpt_5_6_sol_max,67.15556785014564,2
275,deepseek_v4_flash_max,55.14926659608161,3
275,glm_5_2_max,54.86954319970635,4
275,kimi_k3_max,52.67689583354661,5
275,claude_opus_4_8_max,48.34687343548925,6
275,claude_fable_5_max,46.8024856544049,7
275,deepseek_v4_pro_max,44.87403402899367,8
275,qwen3_8_max,38.145945403242266,9
275,gemini_3_1_pro_high,26.001584533653542,10
276,claude_fable_5_max,77.66983715533723,1
276,gpt_5_6_sol_max,55.73763495765992,2
276,claude_opus_4_8_max,53.52336320025409,3
276,deepseek_v4_flash_max,37.8472242419995,4
276,kimi_k3_max,34.00453862376628,5
276,deepseek_v4_pro_max,26.598802984493542,6
276,gpt_5_5_xhigh,26.290653576190643,7
276,glm_5_2_max,21.093051986893517,8
276,qwen3_8_max,18.095555337954643,9
276,gemini_3_1_pro_high,14.77247114560554,10
277,deepseek_v4_flash_max,89.65048825129718,1
277,claude_fable_5_max,56.83743230639175,2
277,claude_opus_4_8_max,51.00518367190201,3
277,qwen3_8_max,50.92476017706048,4
277,gpt_5_6_sol_max,49.911555531077504,5
277,kimi_k3_max,46.75249723465753,6
277,gpt_5_5_xhigh,46.7442021494423,7
277,deepseek_v4_pro_max,40.25384747605649,8
277,gemini_3_1_pro_high,38.674110578112845,9
277,glm_5_2_max,22.734381301526973,10
278,kimi_k3_max,82.97496129095819,1
278,deepseek_v4_flash_max,75.33193753035368,2
278,claude_fable_5_max,74.45168878118768,3
278,gpt_5_6_sol_max,57.098055097902275,4
278,deepseek_v4_pro_max,50.271924070809945,5
278,claude_opus_4_8_max,46.786786768974935,6
278,gemini_3_1_pro_high,44.266614822113524,7
278,qwen3_8_max,39.59767625497393,8
278,gpt_5_5_xhigh,36.945669511998624,9
278,glm_5_2_max,32.64672002034257,10
279,deepseek_v4_flash_max,66.35012294314794,1
279,claude_fable_5_max,59.22040896142349,2
279,glm_5_2_max,52.85419538966296,3
279,claude_opus_4_8_max,52.06193635939718,4
279,gemini_3_1_pro_high,46.88808693339956,5
279,qwen3_8_max,46.22069094926267,6
279,gpt_5_5_xhigh,46.19660169063735,7
279,gpt_5_6_sol_max,40.02864084527306,8
279,kimi_k3_max,37.95619846575258,9
279,deepseek_v4_pro_max,20.49447660925422,10
280,claude_fable_5_max,65.09405414169842,1
280,deepseek_v4_flash_max,55.20855268793485,2
280,gemini_3_1_pro_high,38.16464065006583,3
280,gpt_5_5_xhigh,33.552595354200655,4
280,claude_opus_4_8_max,32.76211913420404,5
280,kimi_k3_max,28.143857078499053,6
280,qwen3_8_max,25.789152315937187,7
280,gpt_5_6_sol_max,23.377152376129946,8
280,deepseek_v4_pro_max,16.735079079964166,9
280,glm_5_2_max,14.888723636202501,10
281,gpt_5_5_xhigh,65.51855986539111,1
281,glm_5_2_max,58.352164739610814,2
281,deepseek_v4_flash_max,54.98395987678481,3
281,claude_opus_4_8_max,52.13283964356903,4
281,qwen3_8_max,50.432335545421736,5
281,kimi_k3_max,48.63848455541034,6
281,claude_fable_5_max,47.794259695959084,7
281,deepseek_v4_pro_max,47.21142823266193,8
281,gpt_5_6_sol_max,35.79873226215257,9
281,gemini_3_1_pro_high,18.639642317504304,10
282,glm_5_2_max,70.6731828380066,1
282,kimi_k3_max,58.166314346614996,2
282,deepseek_v4_pro_max,54.63530504528616,3
282,qwen3_8_max,54.32495360691397,4
282,gpt_5_5_xhigh,54.2195245555441,5
282,claude_opus_4_8_max,50.276307585440335,6
282,claude_fable_5_max,48.705309090040345,7
282,deepseek_v4_flash_max,44.4681658609692,8
282,gpt_5_6_sol_max,44.38337758474361,9
282,gemini_3_1_pro_high,43.26098484199849,10
283,deepseek_v4_pro_max,73.60878114128408,1
283,gpt_5_6_sol_max,71.71992262379354,2
283,gpt_5_5_xhigh,67.86338309086362,3
283,glm_5_2_max,53.645736634111756,4
283,kimi_k3_max,44.33817428226392,5
283,claude_opus_4_8_max,40.030716667738496,6
283,qwen3_8_max,29.200831179875514,7
283,deepseek_v4_flash_max,26.437832986687685,8
283,gemini_3_1_pro_high,22.697618569000674,9
283,claude_fable_5_max,21.423659250745352,10
284,claude_fable_5_max,86.11812101754761,1
284,claude_opus_4_8_max,50.45661998458771,2
284,kimi_k3_max,48.35441376983922,3
284,gemini_3_1_pro_high,48.067368279248896,4
284,deepseek_v4_flash_max,33.883945286194745,5
284,glm_5_2_max,27.777102490428195,6
284,deepseek_v4_pro_max,23.583632146385064,7
284,qwen3_8_max,21.373442744215854,8
284,gpt_5_5_xhigh,21.327296877708136,9
284,gpt_5_6_sol_max,21.320780290789344,10
285,gemini_3_1_pro_high,65.62242774459983,1
285,qwen3_8_max,60.30079756763886,2
285,gpt_5_5_xhigh,55.54414847603143,3
285,claude_opus_4_8_max,51.33303568087933,4
285,claude_fable_5_max,48.313411562352854,5
285,kimi_k3_max,46.754074286440456,6
285,gpt_5_6_sol_max,42.969063383824654,7
285,deepseek_v4_flash_max,34.75626963035816,8
285,deepseek_v4_pro_max,31.94781818678309,9
285,glm_5_2_max,30.84484851494206,10
286,deepseek_v4_pro_max,77.94410610164144,1
286,gemini_3_1_pro_high,62.55030747595901,2
286,gpt_5_6_sol_max,60.029359986858566,3
286,glm_5_2_max,52.90224415290543,4
286,claude_opus_4_8_max,50.05811852011904,5
286,qwen3_8_max,45.40787472604134,6
286,kimi_k3_max,43.65773051947005,7
286,gpt_5_5_xhigh,37.28298997065114,8
286,deepseek_v4_flash_max,33.46494105645715,9
286,claude_fable_5_max,30.06825641554288,10
287,claude_fable_5_max,87.4553214938224,1
287,deepseek_v4_flash_max,53.0742731562892,2
287,gpt_5_5_xhigh,50.938106107296875,3
287,gpt_5_6_sol_max,46.52118324372835,4
287,deepseek_v4_pro_max,42.685401616721464,5
287,qwen3_8_max,40.95240452856975,6
287,gemini_3_1_pro_high,39.415074856851064,7
287,kimi_k3_max,35.455731323690216,8
287,claude_opus_4_8_max,33.210671918321005,9
287,glm_5_2_max,23.935485592101053,10
288,deepseek_v4_flash_max,63.654040071337356,1
288,gpt_5_6_sol_max,40.049105456002536,2
288,claude_fable_5_max,33.80657119980773,3
288,glm_5_2_max,33.730749800302874,4
288,claude_opus_4_8_max,30.67646726613425,5
288,gpt_5_5_xhigh,27.837261854193066,6
288,qwen3_8_max,26.865055701758003,7
288,gemini_3_1_pro_high,26.666413773324706,8
288,deepseek_v4_pro_max,23.687633775966702,9
288,kimi_k3_max,21.248535793964766,10
289,deepseek_v4_pro_max,70.69636872765098,1
289,glm_5_2_max,63.230092277940386,2
289,kimi_k3_max,56.653792569734,3
289,gpt_5_6_sol_max,51.10841946057615,4
289,qwen3_8_max,44.22889187076022,5
289,claude_opus_4_8_max,42.36884898700233,6
289,claude_fable_5_max,38.92079677213475,7
289,deepseek_v4_flash_max,36.728310143967164,8
289,gemini_3_1_pro_high,36.65696896621755,9
289,gpt_5_5_xhigh,28.49646595900002,10
290,claude_opus_4_8_max,74.87154454394016,1
290,gemini_3_1_pro_high,64.53577622596083,2
290,gpt_5_5_xhigh,59.6687363025964,3
290,kimi_k3_max,55.00186392651476,4
290,deepseek_v4_pro_max,54.12359060413483,5
290,claude_fable_5_max,50.13579159145122,6
290,qwen3_8_max,48.8874234996515,7
290,glm_5_2_max,40.94428643378976,8
290,gpt_5_6_sol_max,32.044419703510286,9
290,deepseek_v4_flash_max,5.685940206301317,10
291,qwen3_8_max,70.67053701954318,1
291,glm_5_2_max,68.60129003144657,2
291,claude_opus_4_8_max,60.68580896429485,3
291,gpt_5_6_sol_max,60.12081681267936,4
291,claude_fable_5_max,58.6774561892483,5
291,gpt_5_5_xhigh,57.2993783233959,6
291,deepseek_v4_pro_max,52.766132021792885,7
291,kimi_k3_max,37.308720692491,8
291,gemini_3_1_pro_high,29.2040921946433,9
291,deepseek_v4_flash_max,25.839043240101674,10
292,gpt_5_5_xhigh,69.84477925366136,1
292,deepseek_v4_pro_max,60.6890971786879,2
292,gemini_3_1_pro_high,56.68589851214423,3
292,qwen3_8_max,54.96709104774086,4
292,deepseek_v4_flash_max,53.58271656675783,5
292,kimi_k3_max,51.50934762386758,6
292,claude_opus_4_8_max,50.402164878919194,7
292,glm_5_2_max,39.93954319579425,8
292,gpt_5_6_sol_max,23.80139921217497,9
292,claude_fable_5_max,23.749378701051388,10
293,deepseek_v4_flash_max,72.95542498233938,1
293,claude_fable_5_max,65.15104511794105,2
293,deepseek_v4_pro_max,61.57843116105286,3
293,gpt_5_6_sol_max,60.56225379530317,4
293,gpt_5_5_xhigh,44.91926898582568,5
293,qwen3_8_max,42.518715264394615,6
293,kimi_k3_max,36.148817206402306,7
293,claude_opus_4_8_max,31.6679502705218,8
293,glm_5_2_max,29.475043642374647,9
293,gemini_3_1_pro_high,19.58347534432911,10
294,gpt_5_5_xhigh,77.63030546379363,1
294,gpt_5_6_sol_max,58.25153930098612,2
294,kimi_k3_max,54.66498906533576,3
294,gemini_3_1_pro_high,48.95106009499852,4
294,qwen3_8_max,45.84993691720614,5
294,glm_5_2_max,44.85779876793203,6
294,claude_opus_4_8_max,39.252210777499904,7
294,claude_fable_5_max,38.969671421106796,8
294,deepseek_v4_flash_max,33.588586728726916,9
294,deepseek_v4_pro_max,10.51225843513193,10
295,kimi_k3_max,70.09560266030329,1
295,deepseek_v4_pro_max,62.57659687677064,2
295,claude_opus_4_8_max,51.781343793499914,3
295,qwen3_8_max,48.24873185368475,4
295,claude_fable_5_max,44.93791529178474,5
295,gpt_5_6_sol_max,44.64726236956277,6
295,gpt_5_5_xhigh,41.9833326609974,7
295,gemini_3_1_pro_high,31.233090592538975,8
295,glm_5_2_max,29.85788976298708,9
295,deepseek_v4_flash_max,18.93264655502221,10
296,claude_fable_5_max,77.58934687146103,1
296,gpt_5_6_sol_max,57.75009563457073,2
296,gemini_3_1_pro_high,57.46199183664508,3
296,gpt_5_5_xhigh,50.89037702507544,4
296,deepseek_v4_pro_max,48.312705412273516,5
296,claude_opus_4_8_max,39.55593417504032,6
296,kimi_k3_max,36.7449930734106,7
296,glm_5_2_max,28.3605610023631,8
296,qwen3_8_max,25.907537831379283,9
296,deepseek_v4_flash_max,1.7009263574944729,10
297,deepseek_v4_pro_max,64.54782302221264,1
297,claude_fable_5_max,55.260223921536706,2
297,gpt_5_6_sol_max,50.979271314578774,3
297,gemini_3_1_pro_high,44.72788968627256,4
297,deepseek_v4_flash_max,44.240269515767665,5
297,claude_opus_4_8_max,43.688071285449624,6
297,qwen3_8_max,40.47360242493863,7
297,glm_5_2_max,36.58798377984954,8
297,gpt_5_5_xhigh,35.27258143934492,9
297,kimi_k3_max,26.399941256793632,10
298,deepseek_v4_pro_max,73.10671446256153,1
298,glm_5_2_max,69.48567736323761,2
298,claude_opus_4_8_max,56.957274520464566,3
298,gpt_5_6_sol_max,55.41331007992163,4
298,kimi_k3_max,53.84896162896727,5
298,claude_fable_5_max,53.3558819330526,6
298,gpt_5_5_xhigh,43.422639214410886,7
298,qwen3_8_max,43.015896654886156,8
298,gemini_3_1_pro_high,37.040567758429894,9
298,deepseek_v4_flash_max,6.387725164778786,10
299,glm_5_2_max,79.35705796550408,1
299,kimi_k3_max,68.21147981683457,2
299,qwen3_8_max,64.2560417202906,3
299,claude_opus_4_8_max,60.8832674799524,4
299,gpt_5_6_sol_max,54.9766072718387,5
299,deepseek_v4_pro_max,49.88449193915418,6
299,claude_fable_5_max,47.64921210010071,7
299,gpt_5_5_xhigh,43.838543851705886,8
299,deepseek_v4_flash_max,38.872740820214915,9
299,gemini_3_1_pro_high,35.84820283692356,10
300,kimi_k3_max,71.41349631034956,1
300,qwen3_8_max,58.272397324293905,2
300,claude_opus_4_8_max,57.856647016078284,3
300,claude_fable_5_max,53.93066426960196,4
300,gemini_3_1_pro_high,46.89233413548007,5
300,deepseek_v4_pro_max,46.51744708525505,6
300,gpt_5_6_sol_max,44.80036421430511,7
300,gpt_5_5_xhigh,32.1092914915441,8
300,deepseek_v4_flash_max,31.0142603648258,9
300,glm_5_2_max,16.25856692419824,10
301,gpt_5_5_xhigh,72.27895930541632,1
301,kimi_k3_max,65.45596566398835,2
301,qwen3_8_max,65.25468905292884,3
301,claude_fable_5_max,59.057608663717815,4
301,glm_5_2_max,52.747017616053256,5
301,claude_opus_4_8_max,46.080138735882606,6
301,gpt_5_6_sol_max,38.204707761437305,7
301,gemini_3_1_pro_high,35.09908591802128,8
301,deepseek_v4_flash_max,27.4010571010231,9
301,deepseek_v4_pro_max,17.075849242198426,10
302,deepseek_v4_pro_max,87.90056788883135,1
302,claude_opus_4_8_max,81.07061195651801,2
302,deepseek_v4_flash_max,61.35868176515537,3
302,gemini_3_1_pro_high,49.50239653958666,4
302,glm_5_2_max,49.42398748612352,5
302,gpt_5_6_sol_max,42.25795682905468,6
302,claude_fable_5_max,40.826236275985764,7
302,qwen3_8_max,39.597422665906706,8
302,kimi_k3_max,33.79010848086341,9
302,gpt_5_5_xhigh,33.49875970098867,10
303,glm_5_2_max,79.14342240403028,1
303,deepseek_v4_pro_max,68.61269939788308,2
303,kimi_k3_max,63.21644621593728,3
303,claude_opus_4_8_max,56.442161878189765,4
303,claude_fable_5_max,52.84153400715417,5
303,gpt_5_6_sol_max,50.888314492309355,6
303,gpt_5_5_xhigh,48.92931835895173,7
303,gemini_3_1_pro_high,40.941266837631424,8
303,qwen3_8_max,36.15940782332218,9
303,deepseek_v4_flash_max,19.086346789595673,10
304,gpt_5_5_xhigh,69.78192778415914,1
304,gemini_3_1_pro_high,67.56652965999226,2
304,kimi_k3_max,59.26932408951185,3
304,deepseek_v4_flash_max,57.1593456327599,4
304,claude_fable_5_max,55.609027016349316,5
304,gpt_5_6_sol_max,54.144052777859116,6
304,deepseek_v4_pro_max,45.233779945322226,7
304,claude_opus_4_8_max,44.15633164644601,8
304,qwen3_8_max,38.39068811611479,9
304,glm_5_2_max,36.857189426688386,10
305,claude_opus_4_8_max,74.04509217808976,1
305,deepseek_v4_flash_max,70.07721646485456,2
305,gpt_5_6_sol_max,65.92180052211224,3
305,kimi_k3_max,59.70328740011125,4
305,deepseek_v4_pro_max,52.397063603021465,5
305,gpt_5_5_xhigh,44.538518291757214,6
305,qwen3_8_max,43.321766945357126,7
305,glm_5_2_max,29.53599615844798,8
305,claude_fable_5_max,28.914737171859166,9
305,gemini_3_1_pro_high,17.440285678707482,10
306,claude_fable_5_max,79.81018016556061,1
306,deepseek_v4_pro_max,60.71752074275746,2
306,kimi_k3_max,59.134732171311484,3
306,gpt_5_5_xhigh,49.88888653834201,4
306,claude_opus_4_8_max,48.81505737539152,5
306,glm_5_2_max,44.74056550630294,6
306,gpt_5_6_sol_max,41.33688445680012,7
306,gemini_3_1_pro_high,41.31767236902882,8
306,deepseek_v4_flash_max,31.846124510730988,9
306,qwen3_8_max,26.74143071614499,10
307,gpt_5_6_sol_max,66.00228838138413,1
307,gpt_5_5_xhigh,64.9673077195725,2
307,qwen3_8_max,51.89563351605722,3
307,claude_fable_5_max,50.94386102323361,4
307,claude_opus_4_8_max,48.172787916873915,5
307,kimi_k3_max,44.814156575755185,6
307,deepseek_v4_flash_max,40.12232986002216,7
307,glm_5_2_max,39.78133556393398,8
307,deepseek_v4_pro_max,37.901365968875105,9
307,gemini_3_1_pro_high,36.03141899002367,10
308,kimi_k3_max,71.32794128495755,1
308,deepseek_v4_flash_max,69.20263154959423,2
308,qwen3_8_max,60.61611720057779,3
308,claude_opus_4_8_max,49.88380945217244,4
308,gemini_3_1_pro_high,49.62620080775407,5
308,deepseek_v4_pro_max,49.09148040100571,6
308,gpt_5_5_xhigh,42.831989586806756,7
308,claude_fable_5_max,39.31665571034712,8
308,gpt_5_6_sol_max,38.023591496732195,9
308,glm_5_2_max,26.10625741314469,10
309,deepseek_v4_flash_max,74.61603730380796,1
309,deepseek_v4_pro_max,62.87163345703461,2
309,claude_fable_5_max,59.00410409403965,3
309,gpt_5_5_xhigh,49.517045460786015,4
309,qwen3_8_max,48.758363348491834,5
309,claude_opus_4_8_max,45.70095633339106,6
309,gpt_5_6_sol_max,43.47025468019977,7
309,kimi_k3_max,40.25393457719674,8
309,glm_5_2_max,28.415223148359786,9
309,gemini_3_1_pro_high,25.615340245840112,10
310,deepseek_v4_pro_max,65.08566332328063,1
310,claude_fable_5_max,63.122799051049626,2
310,glm_5_2_max,48.48886254550543,3
310,claude_opus_4_8_max,46.33155111179154,4
310,qwen3_8_max,40.14618198247638,5
310,kimi_k3_max,35.9976951187894,6
310,deepseek_v4_flash_max,33.7397625281037,7
310,gpt_5_5_xhigh,32.36486134619298,8
310,gemini_3_1_pro_high,24.298468977543564,9
310,gpt_5_6_sol_max,23.524497384989736,10
311,gpt_5_6_sol_max,81.91154844268209,1
311,deepseek_v4_pro_max,77.48805545903569,2
311,claude_opus_4_8_max,69.40361522352575,3
311,gpt_5_5_xhigh,48.70816743609917,4
311,qwen3_8_max,41.03570994994672,5
311,kimi_k3_max,39.839706453130916,6
311,deepseek_v4_flash_max,38.60196663137991,7
311,claude_fable_5_max,38.37668721065659,8
311,glm_5_2_max,35.85522553623437,9
311,gemini_3_1_pro_high,28.383347283847783,10
312,deepseek_v4_pro_max,93.55801705536504,1
312,claude_opus_4_8_max,60.77667218284291,2
312,kimi_k3_max,54.90198301345629,3
312,qwen3_8_max,54.564797456654944,4
312,deepseek_v4_flash_max,51.74950831908062,5
312,gpt_5_5_xhigh,48.021390279291225,6
312,gemini_3_1_pro_high,47.21837749643583,7
312,claude_fable_5_max,42.36860022645583,8
312,gpt_5_6_sol_max,41.78371567667701,9
312,glm_5_2_max,41.53006448948531,10
313,gpt_5_6_sol_max,70.20123829781295,1
313,claude_fable_5_max,68.63626903702094,2
313,gpt_5_5_xhigh,61.41617931264447,3
313,gemini_3_1_pro_high,61.326654343483995,4
313,glm_5_2_max,61.180912767344694,5
313,deepseek_v4_pro_max,52.86227170475178,6
313,qwen3_8_max,51.6547331882749,7
313,claude_opus_4_8_max,45.71620754439972,8
313,kimi_k3_max,39.192289889258,9
313,deepseek_v4_flash_max,36.28987545154266,10
314,gpt_5_5_xhigh,58.43378100133535,1
314,claude_fable_5_max,56.841400902845464,2
314,glm_5_2_max,54.637003227629314,3
314,qwen3_8_max,51.338928931671504,4
314,gemini_3_1_pro_high,51.23229117482663,5
314,kimi_k3_max,50.996426249754784,6
314,gpt_5_6_sol_max,48.69738932936667,7
314,claude_opus_4_8_max,46.896880214767066,8
314,deepseek_v4_pro_max,46.176226987385434,9
314,deepseek_v4_flash_max,18.052900245567308,10
315,glm_5_2_max,75.66334956289113,1
315,deepseek_v4_pro_max,64.72502434438603,2
315,gpt_5_5_xhigh,60.655895771319706,3
315,claude_opus_4_8_max,58.740362563997934,4
315,claude_fable_5_max,57.144051467272895,5
315,deepseek_v4_flash_max,51.66785827392315,6
315,qwen3_8_max,43.27667032377779,7
315,gpt_5_6_sol_max,35.531352581765624,8
315,kimi_k3_max,33.64419105108046,9
315,gemini_3_1_pro_high,32.48199211536745,10
316,qwen3_8_max,69.41992024851565,1
316,claude_opus_4_8_max,68.82873216812456,2
316,claude_fable_5_max,61.20138288657736,3
316,glm_5_2_max,59.40541971184016,4
316,kimi_k3_max,51.61015943020199,5
316,gpt_5_5_xhigh,49.7331044716639,6
316,gpt_5_6_sol_max,44.089495471306776,7
316,deepseek_v4_pro_max,42.93660921629376,8
316,gemini_3_1_pro_high,39.25138488890004,9
316,deepseek_v4_flash_max,30.360111442259566,10
317,gemini_3_1_pro_high,86.44830890405588,1
317,deepseek_v4_pro_max,60.916902207990276,2
317,claude_opus_4_8_max,59.60177998075409,3
317,qwen3_8_max,50.035783648219436,4
317,kimi_k3_max,44.315536121611025,5
317,deepseek_v4_flash_max,36.54645760403351,6
317,gpt_5_5_xhigh,34.417102317399745,7
317,claude_fable_5_max,30.52006536117809,8
317,gpt_5_6_sol_max,30.242500756128255,9
317,glm_5_2_max,24.641968781392222,10
318,claude_opus_4_8_max,61.615617538306225,1
318,claude_fable_5_max,61.55371708412347,2
318,gemini_3_1_pro_high,59.9192019468699,3
318,glm_5_2_max,52.21598715796349,4
318,gpt_5_6_sol_max,49.956897604558804,5
318,deepseek_v4_flash_max,38.761545966773596,6
318,gpt_5_5_xhigh,33.74404949218087,7
318,deepseek_v4_pro_max,28.390692520687274,8
318,kimi_k3_max,26.08258653607345,9
318,qwen3_8_max,25.472572879611697,10
319,deepseek_v4_flash_max,65.84168038013769,1
319,claude_fable_5_max,61.853551018702674,2
319,claude_opus_4_8_max,61.711713349585864,3
319,gpt_5_5_xhigh,49.5778703474227,4
319,kimi_k3_max,42.25340404461309,5
319,glm_5_2_max,41.87316883762174,6
319,gemini_3_1_pro_high,40.87517188215248,7
319,deepseek_v4_pro_max,33.01302747244335,8
319,gpt_5_6_sol_max,30.25397140336048,9
319,qwen3_8_max,27.564138226586525,10
320,claude_fable_5_max,58.24577432847803,1
320,kimi_k3_max,48.41844308090328,2
320,claude_opus_4_8_max,47.521463404831536,3
320,gemini_3_1_pro_high,42.38552355420567,4
320,glm_5_2_max,40.966091530634614,5
320,deepseek_v4_pro_max,40.47552758823873,6
320,gpt_5_6_sol_max,32.78933812478826,7
320,gpt_5_5_xhigh,30.97972178130997,8
320,deepseek_v4_flash_max,21.14757350471383,9
320,qwen3_8_max,17.868830991260186,10
321,claude_opus_4_8_max,78.40588500478057,1
321,qwen3_8_max,61.60893441312156,2
321,kimi_k3_max,57.73611660784047,3
321,gpt_5_6_sol_max,53.30046418447375,4
321,gpt_5_5_xhigh,46.74289135553799,5
321,glm_5_2_max,42.41527864348097,6
321,deepseek_v4_pro_max,39.21382503856481,7
321,deepseek_v4_flash_max,36.862461638009876,8
321,claude_fable_5_max,30.921293848974813,9
321,gemini_3_1_pro_high,26.08413914742372,10
322,gpt_5_6_sol_max,68.58513223825852,1
322,deepseek_v4_flash_max,64.3095697839528,2
322,claude_fable_5_max,52.603161200417716,3
322,claude_opus_4_8_max,49.326804503452045,4
322,gpt_5_5_xhigh,48.455439742461834,5
322,qwen3_8_max,37.920093994887274,6
322,gemini_3_1_pro_high,37.41457843744222,7
322,kimi_k3_max,37.394845101903606,8
322,glm_5_2_max,31.103184346973634,9
322,deepseek_v4_pro_max,26.24957897224562,10
323,claude_fable_5_max,79.5267676369093,1
323,gpt_5_5_xhigh,60.19938059207509,2
323,claude_opus_4_8_max,56.67385117138007,3
323,gemini_3_1_pro_high,56.5216199778922,4
323,deepseek_v4_pro_max,41.662343975537595,5
323,qwen3_8_max,39.103813854896025,6
323,glm_5_2_max,38.78897479476154,7
323,deepseek_v4_flash_max,32.361322697288486,8
323,kimi_k3_max,31.763538720576573,9
323,gpt_5_6_sol_max,29.47316340647775,10
324,gpt_5_5_xhigh,65.37548770711865,1
324,claude_fable_5_max,61.63906230023315,2
324,glm_5_2_max,51.23246527590709,3
324,deepseek_v4_flash_max,40.236890520752006,4
324,kimi_k3_max,35.66195052460717,5
324,qwen3_8_max,32.303441230693466,6
324,gpt_5_6_sol_max,21.367351578686787,7
324,claude_opus_4_8_max,19.654383814027263,8
324,deepseek_v4_pro_max,17.560584287698425,9
324,gemini_3_1_pro_high,12.548616632985663,10
325,glm_5_2_max,56.61581424566151,1
325,claude_fable_5_max,55.03482120512107,2
325,deepseek_v4_pro_max,51.84112273161256,3
325,gpt_5_6_sol_max,51.0587273545007,4
325,claude_opus_4_8_max,47.87096466489889,5
325,deepseek_v4_flash_max,44.857131374916065,6
325,gemini_3_1_pro_high,43.291553275731836,7
325,gpt_5_5_xhigh,33.09143574314306,8
325,qwen3_8_max,28.136393274132864,9
325,kimi_k3_max,25.73561554394624,10
326,gemini_3_1_pro_high,70.00599875661777,1
326,kimi_k3_max,67.00311856030649,2
326,deepseek_v4_pro_max,66.62544575270775,3
326,deepseek_v4_flash_max,62.010827164412504,4
326,claude_opus_4_8_max,61.675082267187655,5
326,qwen3_8_max,53.58031770062951,6
326,glm_5_2_max,50.05418177742751,7
326,gpt_5_5_xhigh,42.246884730387414,8
326,gpt_5_6_sol_max,35.61345877786017,9
326,claude_fable_5_max,26.336912451078682,10
327,claude_fable_5_max,71.53968985824916,1
327,kimi_k3_max,48.56461192571011,2
327,deepseek_v4_pro_max,44.81350565129581,3
327,gpt_5_5_xhigh,40.93238306666791,4
327,qwen3_8_max,35.88168038838307,5
327,gpt_5_6_sol_max,34.407694682036286,6
327,claude_opus_4_8_max,33.97257467265793,7
327,deepseek_v4_flash_max,31.53252391758607,8
327,gemini_3_1_pro_high,30.820506431345116,9
327,glm_5_2_max,22.39615339229886,10
328,deepseek_v4_pro_max,84.60735474044964,1
328,gpt_5_5_xhigh,73.33301229222121,2
328,gpt_5_6_sol_max,66.44487153819674,3
328,qwen3_8_max,64.08644179509879,4
328,kimi_k3_max,62.08852722055209,5
328,claude_fable_5_max,55.849136095172426,6
328,claude_opus_4_8_max,54.037417264608486,7
328,gemini_3_1_pro_high,48.329583891749536,8
328,glm_5_2_max,47.056495572780356,9
328,deepseek_v4_flash_max,26.86984302705986,10
329,claude_fable_5_max,68.41545829248065,1
329,kimi_k3_max,59.05626460688617,2
329,qwen3_8_max,50.771859360541434,3
329,deepseek_v4_pro_max,50.28034491584772,4
329,gemini_3_1_pro_high,49.49030805446743,5
329,gpt_5_6_sol_max,48.62593572561965,6
329,claude_opus_4_8_max,39.07229252034334,7
329,gpt_5_5_xhigh,34.80532728737716,8
329,glm_5_2_max,34.32356608293718,9
329,deepseek_v4_flash_max,24.569996667506192,10
330,deepseek_v4_flash_max,76.89970290271721,1
330,claude_opus_4_8_max,66.97934209617992,2
330,gpt_5_5_xhigh,59.268764393832335,3
330,deepseek_v4_pro_max,57.2203743940965,4
330,kimi_k3_max,56.04058696640469,5
330,gpt_5_6_sol_max,52.25643086162941,6
330,gemini_3_1_pro_high,45.67809904359375,7
330,claude_fable_5_max,37.642944482165575,8
330,qwen3_8_max,35.79015765450717,9
330,glm_5_2_max,33.731541711325775,10
331,claude_fable_5_max,76.8963700684803,1
331,gpt_5_6_sol_max,59.81997980920272,2
331,gemini_3_1_pro_high,59.23927327389027,3
331,glm_5_2_max,57.440409572705164,4
331,kimi_k3_max,50.16676490976212,5
331,claude_opus_4_8_max,42.68117742252941,6
331,qwen3_8_max,41.75887212962843,7
331,gpt_5_5_xhigh,37.73026708900872,8
331,deepseek_v4_flash_max,34.156873066545984,9
331,deepseek_v4_pro_max,19.207873514553203,10
332,qwen3_8_max,72.02155881749131,1
332,claude_fable_5_max,67.69206777525582,2
332,deepseek_v4_pro_max,60.970562152829814,3
332,deepseek_v4_flash_max,55.38623308782886,4
332,gpt_5_5_xhigh,54.6266504443206,5
332,kimi_k3_max,50.27233638635986,6
332,gemini_3_1_pro_high,47.77448243206834,7
332,gpt_5_6_sol_max,46.24674501381068,8
332,claude_opus_4_8_max,44.29486192193782,9
332,glm_5_2_max,42.494406690294795,10
333,qwen3_8_max,73.26641388236607,1
333,claude_fable_5_max,67.22360972140439,2
333,gpt_5_6_sol_max,66.33682476722566,3
333,gpt_5_5_xhigh,66.00914541231376,4
333,deepseek_v4_flash_max,65.45899747835816,5
333,gemini_3_1_pro_high,62.18986995183353,6
333,claude_opus_4_8_max,54.92334678584495,7
333,glm_5_2_max,36.384494966126994,8
333,kimi_k3_max,36.29331472217314,9
333,deepseek_v4_pro_max,12.058746248006901,10
334,qwen3_8_max,71.98026421049839,1
334,glm_5_2_max,70.52026181761148,2
334,gemini_3_1_pro_high,68.91320226606649,3
334,gpt_5_5_xhigh,65.41814459035497,4
334,gpt_5_6_sol_max,61.776294911413835,5
334,claude_opus_4_8_max,59.13154357968494,6
334,deepseek_v4_flash_max,56.84711844363782,7
334,claude_fable_5_max,52.702789955240846,8
334,kimi_k3_max,38.589216774029694,9
334,deepseek_v4_pro_max,29.547782155121425,10
335,deepseek_v4_flash_max,72.28506001294043,1
335,gemini_3_1_pro_high,64.92762033794354,2
335,claude_opus_4_8_max,60.717644341926146,3
335,gpt_5_6_sol_max,50.570984104931206,4
335,claude_fable_5_max,48.5961357454095,5
335,kimi_k3_max,43.68859536043609,6
335,deepseek_v4_pro_max,34.69133203552256,7
335,gpt_5_5_xhigh,29.99872051120847,8
335,glm_5_2_max,29.81530729565536,9
335,qwen3_8_max,28.547599228562795,10
336,deepseek_v4_pro_max,84.86814821678955,1
336,gpt_5_5_xhigh,74.00009176684532,2
336,claude_opus_4_8_max,71.74035858430425,3
336,gpt_5_6_sol_max,58.13871345479184,4
336,qwen3_8_max,55.140694181775544,5
336,claude_fable_5_max,40.731251295554365,6
336,glm_5_2_max,38.69386545036569,7
336,kimi_k3_max,35.48015036613083,8
336,gemini_3_1_pro_high,34.580088767609325,9
336,deepseek_v4_flash_max,26.970454206989853,10
337,deepseek_v4_flash_max,76.36640125782012,1
337,kimi_k3_max,74.84165377851346,2
337,qwen3_8_max,70.5624538754059,3
337,gpt_5_5_xhigh,55.7665435788293,4
337,gpt_5_6_sol_max,51.30053424500056,5
337,claude_opus_4_8_max,47.60974515787716,6
337,claude_fable_5_max,39.37314582880429,7
337,gemini_3_1_pro_high,33.701755816146004,8
337,deepseek_v4_pro_max,22.18080684076013,9
337,glm_5_2_max,21.504380234666932,10
338,claude_fable_5_max,77.66823312372112,1
338,kimi_k3_max,75.92833860461866,2
338,claude_opus_4_8_max,65.40036014444526,3
338,deepseek_v4_flash_max,58.3524104964319,4
338,gpt_5_5_xhigh,58.271435909174286,5
338,qwen3_8_max,55.21330729172864,6
338,gemini_3_1_pro_high,53.870322346351415,7
338,gpt_5_6_sol_max,53.104299354107226,8
338,glm_5_2_max,44.788111365028584,9
338,deepseek_v4_pro_max,29.114571268594254,10
339,claude_fable_5_max,67.078087951724,1
339,gpt_5_6_sol_max,59.86015767070251,2
339,glm_5_2_max,56.325293204558626,3
339,qwen3_8_max,55.51844942022593,4
339,gemini_3_1_pro_high,43.23978526257039,5
339,gpt_5_5_xhigh,42.10983188197737,6
339,deepseek_v4_flash_max,37.149711197166255,7
339,kimi_k3_max,32.19104727996427,8
339,claude_opus_4_8_max,30.972745566361258,9
339,deepseek_v4_pro_max,15.015171375374864,10
340,deepseek_v4_pro_max,73.64881267223055,1
340,gemini_3_1_pro_high,66.09776667063323,2
340,qwen3_8_max,66.0314921104295,3
340,gpt_5_6_sol_max,57.600954412057355,4
340,claude_opus_4_8_max,53.560676982555,5
340,claude_fable_5_max,50.791780421042745,6
340,gpt_5_5_xhigh,43.280500164528334,7
340,glm_5_2_max,38.333600274084255,8
340,kimi_k3_max,34.69179398171375,9
340,deepseek_v4_flash_max,20.569207425525036,10
341,deepseek_v4_pro_max,74.72653456485246,1
341,qwen3_8_max,70.08470728395855,2
341,gpt_5_6_sol_max,69.52913780032631,3
341,deepseek_v4_flash_max,67.5848239009583,4
341,kimi_k3_max,67.41369600598617,5
341,gpt_5_5_xhigh,64.97565953375478,6
341,claude_opus_4_8_max,57.761629583878786,7
341,glm_5_2_max,50.68642403574894,8
341,claude_fable_5_max,44.17813004692861,9
341,gemini_3_1_pro_high,41.657215293073506,10
342,claude_fable_5_max,87.59431700594058,1
342,deepseek_v4_pro_max,59.50060842582377,2
342,qwen3_8_max,54.291144256305856,3
342,claude_opus_4_8_max,48.6027946150581,4
342,gpt_5_5_xhigh,45.4829955737814,5
342,glm_5_2_max,45.332979256157124,6
342,gpt_5_6_sol_max,38.50479007257078,7
342,kimi_k3_max,34.85835856423755,8
342,gemini_3_1_pro_high,32.36061187659246,9
342,deepseek_v4_flash_max,30.648824254780013,10
343,deepseek_v4_pro_max,91.77491718316593,1
343,qwen3_8_max,72.09712190262243,2
343,kimi_k3_max,58.6461222912719,3
343,glm_5_2_max,57.9705011670802,4
343,gpt_5_5_xhigh,56.696486437383314,5
343,claude_opus_4_8_max,56.223707449596844,6
343,gpt_5_6_sol_max,47.1211764383584,7
343,gemini_3_1_pro_high,42.477941094435444,8
343,claude_fable_5_max,23.132624212366984,9
343,deepseek_v4_flash_max,10.342412528859864,10
344,deepseek_v4_pro_max,66.67272098970514,1
344,claude_fable_5_max,65.97131463622165,2
344,gpt_5_6_sol_max,58.56694552962284,3
344,glm_5_2_max,57.75075639164797,4
344,claude_opus_4_8_max,56.87847643159557,5
344,kimi_k3_max,54.475347144822805,6
344,gemini_3_1_pro_high,42.467089983679394,7
344,gpt_5_5_xhigh,41.87503674053891,8
344,qwen3_8_max,35.93583782509243,9
344,deepseek_v4_flash_max,22.368106749277118,10
345,gemini_3_1_pro_high,60.55723433879637,1
345,claude_fable_5_max,60.426943239560835,2
345,qwen3_8_max,54.534382959988015,3
345,deepseek_v4_flash_max,53.493459062705114,4
345,claude_opus_4_8_max,49.98972560934,5
345,glm_5_2_max,49.17948307566465,6
345,gpt_5_6_sol_max,45.51183671252447,7
345,deepseek_v4_pro_max,34.730407788794345,8
345,gpt_5_5_xhigh,31.430411453972603,9
345,kimi_k3_max,29.857161184073156,10
346,deepseek_v4_pro_max,81.37781713286542,1
346,gpt_5_6_sol_max,76.91483546016394,2
346,glm_5_2_max,66.23620272828305,3
346,kimi_k3_max,59.48626514319338,4
346,claude_opus_4_8_max,52.23194698933959,5
346,gpt_5_5_xhigh,51.16847647074318,6
346,gemini_3_1_pro_high,44.761768720371485,7
346,deepseek_v4_flash_max,37.8099470556009,8
346,qwen3_8_max,35.562759869530026,9
346,claude_fable_5_max,23.52470599799066,10
347,glm_5_2_max,75.20053610818422,1
347,gpt_5_6_sol_max,70.79558144538993,2
347,deepseek_v4_pro_max,61.17619963427437,3
347,kimi_k3_max,58.69930830049091,4
347,gpt_5_5_xhigh,52.868309936339344,5
347,claude_opus_4_8_max,52.577084122677164,6
347,deepseek_v4_flash_max,51.592290684995156,7
347,qwen3_8_max,44.61515667638268,8
347,gemini_3_1_pro_high,36.13445239410487,9
347,claude_fable_5_max,32.992149020652036,10
348,claude_opus_4_8_max,73.61622256936715,1
348,kimi_k3_max,72.15034275199292,2
348,gpt_5_6_sol_max,68.17639089633248,3
348,gpt_5_5_xhigh,65.91738478730231,4
348,deepseek_v4_flash_max,64.04153886720424,5
348,gemini_3_1_pro_high,53.90363170314794,6
348,qwen3_8_max,51.79308456934829,7
348,glm_5_2_max,43.37142578550421,8
348,claude_fable_5_max,38.50210391316208,9
348,deepseek_v4_pro_max,30.180414311472433,10
349,deepseek_v4_pro_max,83.74693345991138,1
349,claude_fable_5_max,83.05753237285612,2
349,kimi_k3_max,43.034312866824585,3
349,gpt_5_6_sol_max,42.76189905187151,4
349,qwen3_8_max,35.71232096902989,5
349,deepseek_v4_flash_max,35.032675350218554,6
349,claude_opus_4_8_max,30.415640249298953,7
349,gemini_3_1_pro_high,22.961412827283084,8
349,gpt_5_5_xhigh,22.55935580693923,9
349,glm_5_2_max,15.987297572281458,10
350,gemini_3_1_pro_high,65.47409583700647,1
350,kimi_k3_max,56.81787803852491,2
350,deepseek_v4_pro_max,54.95428610704045,3
350,glm_5_2_max,53.12990786923812,4
350,qwen3_8_max,48.61161498089149,5
350,claude_fable_5_max,44.02071243699949,6
350,claude_opus_4_8_max,40.63222027028995,7
350,gpt_5_6_sol_max,39.990140736294194,8
350,gpt_5_5_xhigh,30.498266702824548,9
350,deepseek_v4_flash_max,4.342025426322011,10
351,kimi_k3_max,71.93335831495692,1
351,claude_fable_5_max,57.12856612145188,2
351,gpt_5_6_sol_max,53.55078715978517,3
351,claude_opus_4_8_max,38.714656203957304,4
351,gpt_5_5_xhigh,37.86097092115752,5
351,deepseek_v4_pro_max,36.77392989767193,6
351,qwen3_8_max,34.766855296670194,7
351,deepseek_v4_flash_max,31.949831126254225,8
351,glm_5_2_max,27.10911542008951,9
351,gemini_3_1_pro_high,22.16020818694566,10
352,deepseek_v4_pro_max,75.58937779592131,1
352,claude_opus_4_8_max,59.1345192602819,2
352,kimi_k3_max,54.973643845243295,3
352,gpt_5_6_sol_max,51.21944539265924,4
352,glm_5_2_max,49.08913249907378,5
352,gpt_5_5_xhigh,38.15961343892672,6
352,qwen3_8_max,37.85059026074691,7
352,gemini_3_1_pro_high,36.55878205454636,8
352,claude_fable_5_max,35.604425091962575,9
352,deepseek_v4_flash_max,32.20088006141116,10
353,deepseek_v4_pro_max,87.57626959138354,1
353,kimi_k3_max,72.02930945823603,2
353,claude_opus_4_8_max,63.09011362852594,3
353,gemini_3_1_pro_high,55.05210526800032,4
353,gpt_5_5_xhigh,54.57576124778076,5
353,gpt_5_6_sol_max,50.175766471713246,6
353,qwen3_8_max,49.02815258923947,7
353,glm_5_2_max,46.90079348375383,8
353,claude_fable_5_max,29.291855640306316,9
353,deepseek_v4_flash_max,28.442652429254526,10
354,gpt_5_5_xhigh,78.61033181069874,1
354,deepseek_v4_flash_max,77.93757704298875,2
354,kimi_k3_max,60.18578029138219,3
354,claude_fable_5_max,56.562680326860665,4
354,claude_opus_4_8_max,53.790134643223816,5
354,gpt_5_6_sol_max,51.557132863954976,6
354,qwen3_8_max,50.170990487099026,7
354,glm_5_2_max,43.66438106501069,8
354,gemini_3_1_pro_high,38.83366935643865,9
354,deepseek_v4_pro_max,27.69657086906454,10
355,claude_fable_5_max,71.78748395115797,1
355,deepseek_v4_pro_max,71.07576100314837,2
355,claude_opus_4_8_max,49.45539637628824,3
355,qwen3_8_max,48.87212642441685,4
355,gemini_3_1_pro_high,48.07092097827609,5
355,gpt_5_6_sol_max,47.794703489490786,6
355,kimi_k3_max,41.55136890364593,7
355,deepseek_v4_flash_max,41.0099208605066,8
355,gpt_5_5_xhigh,33.438966122248985,9
355,glm_5_2_max,21.802980898169153,10
356,kimi_k3_max,66.67487650787295,1
356,gpt_5_6_sol_max,53.7566747937469,2
356,gemini_3_1_pro_high,51.6831505916899,3
356,claude_opus_4_8_max,48.95105865816128,4
356,gpt_5_5_xhigh,45.676597741601064,5
356,deepseek_v4_pro_max,43.4182270546941,6
356,claude_fable_5_max,35.53041892786679,7
356,glm_5_2_max,34.18075619957651,8
356,qwen3_8_max,33.43204471994909,9
356,deepseek_v4_flash_max,18.3730471545748,10
357,claude_fable_5_max,76.78643376391801,1
357,deepseek_v4_pro_max,66.33813227983406,2
357,gpt_5_6_sol_max,60.15401607311572,3
357,kimi_k3_max,45.84041592175957,4
357,gpt_5_5_xhigh,44.82224105012394,5
357,claude_opus_4_8_max,44.82040999895606,6
357,qwen3_8_max,37.35935400697747,7
357,deepseek_v4_flash_max,34.17535715646227,8
357,gemini_3_1_pro_high,24.00908679486819,9
357,glm_5_2_max,20.126321567144107,10
358,gpt_5_5_xhigh,72.28675309533625,1
358,deepseek_v4_pro_max,69.97854351482904,2
358,gemini_3_1_pro_high,62.031884804728136,3
358,qwen3_8_max,58.242883679813986,4
358,gpt_5_6_sol_max,57.646147441383306,5
358,deepseek_v4_flash_max,55.20704987185283,6
358,claude_fable_5_max,42.98753702019524,7
358,claude_opus_4_8_max,42.15472279428408,8
358,glm_5_2_max,39.28227068676483,9
358,kimi_k3_max,39.08595035227452,10
359,deepseek_v4_pro_max,95.55927380514399,1
359,gpt_5_5_xhigh,66.90637888017312,2
359,deepseek_v4_flash_max,57.71318510746116,3
359,claude_fable_5_max,52.788923509601254,4
359,kimi_k3_max,50.67780587765122,5
359,claude_opus_4_8_max,49.55771276166813,6
359,glm_5_2_max,48.944589080508706,7
359,gemini_3_1_pro_high,48.87604184293506,8
359,qwen3_8_max,48.7876066593492,9
359,gpt_5_6_sol_max,39.158077501647604,10
360,kimi_k3_max,78.56959472651563,1
360,glm_5_2_max,65.64770568023158,2
360,claude_opus_4_8_max,65.40985557956837,3
360,gpt_5_5_xhigh,61.297281588004275,4
360,gemini_3_1_pro_high,60.405607342715236,5
360,claude_fable_5_max,57.58279333840471,6
360,qwen3_8_max,54.482366653095674,7
360,gpt_5_6_sol_max,49.56744947060923,8
360,deepseek_v4_flash_max,42.497322957702906,9
360,deepseek_v4_pro_max,35.4643423372719,10
361,qwen3_8_max,74.06804035701931,1
361,deepseek_v4_pro_max,68.08242235351774,2
361,claude_opus_4_8_max,36.58728459119051,3
361,gpt_5_5_xhigh,35.484206537446326,4
361,glm_5_2_max,33.871938026655236,5
361,gemini_3_1_pro_high,33.40060673489503,6
361,kimi_k3_max,31.89995456458408,7
361,gpt_5_6_sol_max,25.45167135740377,8
361,claude_fable_5_max,24.586369570054764,9
361,deepseek_v4_flash_max,21.18008044021463,10
362,claude_fable_5_max,68.89621872414999,1
362,deepseek_v4_flash_max,58.328524030585854,2
362,claude_opus_4_8_max,57.07031506003873,3
362,gemini_3_1_pro_high,55.18332504232903,4
362,gpt_5_5_xhigh,49.502120265671365,5
362,gpt_5_6_sol_max,42.58643534221058,6
362,kimi_k3_max,39.619633658270445,7
362,qwen3_8_max,35.453869323957505,8
362,deepseek_v4_pro_max,25.026675929167382,9
362,glm_5_2_max,23.338351187733863,10
363,qwen3_8_max,69.35315016743846,1
363,claude_fable_5_max,61.86606337126267,2
363,gemini_3_1_pro_high,58.34221966112878,3
363,gpt_5_5_xhigh,55.040906181772925,4
363,deepseek_v4_flash_max,54.941532674429396,5
363,kimi_k3_max,52.27071675314219,6
363,claude_opus_4_8_max,45.80196348792645,7
363,gpt_5_6_sol_max,42.71042979779918,8
363,glm_5_2_max,29.48121276591385,9
363,deepseek_v4_pro_max,5.433941221865582,10
364,qwen3_8_max,80.50162996274294,1
364,deepseek_v4_flash_max,74.58648339288514,2
364,gpt_5_5_xhigh,68.3691483687263,3
364,kimi_k3_max,61.12312723973605,4
364,claude_fable_5_max,50.984813742034994,5
364,claude_opus_4_8_max,43.55417829443916,6
364,gpt_5_6_sol_max,42.10864930929698,7
364,glm_5_2_max,27.387757172946472,8
364,gemini_3_1_pro_high,25.891554849025766,9
364,deepseek_v4_pro_max,15.612809430365138,10
365,glm_5_2_max,80.6029619946356,1
365,gpt_5_5_xhigh,76.60137146210543,2
365,kimi_k3_max,68.7726529219817,3
365,claude_opus_4_8_max,67.34359567645723,4
365,gemini_3_1_pro_high,65.25534570674739,5
365,gpt_5_6_sol_max,63.171999363080474,6
365,deepseek_v4_pro_max,46.364625311824454,7
365,qwen3_8_max,45.941206070578446,8
365,claude_fable_5_max,41.118670812475095,9
365,deepseek_v4_flash_max,17.849668359353647,10
366,kimi_k3_max,63.00177810310216,1
366,glm_5_2_max,59.93311537464262,2
366,gpt_5_6_sol_max,58.84377390884386,3
366,claude_fable_5_max,56.30172835069785,4
366,deepseek_v4_flash_max,53.06692717945611,5
366,gpt_5_5_xhigh,48.6415686190945,6
366,deepseek_v4_pro_max,46.00740006241057,7
366,claude_opus_4_8_max,44.043413953618206,8
366,gemini_3_1_pro_high,40.55173424298435,9
366,qwen3_8_max,33.36058282705211,10
367,gemini_3_1_pro_high,66.4366915403427,1
367,claude_fable_5_max,60.70767251219677,2
367,claude_opus_4_8_max,54.149754953349756,3
367,gpt_5_5_xhigh,54.124899825041325,4
367,glm_5_2_max,45.97666349302237,5
367,gpt_5_6_sol_max,44.45734093070138,6
367,qwen3_8_max,41.3917211921778,7
367,deepseek_v4_pro_max,39.18504911764114,8
367,deepseek_v4_flash_max,34.49649995070397,9
367,kimi_k3_max,26.74390334172714,10
368,deepseek_v4_flash_max,91.20804794108413,1
368,gpt_5_5_xhigh,61.54994576438576,2
368,kimi_k3_max,58.64495816552919,3
368,glm_5_2_max,57.059403111815946,4
368,claude_fable_5_max,56.17538633483454,5
368,claude_opus_4_8_max,53.27208142851231,6
368,gpt_5_6_sol_max,50.82242284970982,7
368,qwen3_8_max,46.189674911505215,8
368,gemini_3_1_pro_high,38.67902346915189,9
368,deepseek_v4_pro_max,37.68803033944791,10
369,qwen3_8_max,70.71983497604394,1
369,gpt_5_5_xhigh,48.61810750377256,2
369,claude_opus_4_8_max,45.40515520723132,3
369,kimi_k3_max,44.399209439472386,4
369,glm_5_2_max,40.87788943526375,5
369,claude_fable_5_max,39.90389213496167,6
369,deepseek_v4_flash_max,36.01606818009368,7
369,gpt_5_6_sol_max,35.719642766091695,8
369,deepseek_v4_pro_max,27.414536001685974,9
369,gemini_3_1_pro_high,26.194404016336552,10
370,gpt_5_6_sol_max,76.97466873788045,1
370,claude_fable_5_max,69.38505717536763,2
370,gpt_5_5_xhigh,48.18268317940349,3
370,claude_opus_4_8_max,45.80692980467343,4
370,gemini_3_1_pro_high,41.94119484057304,5
370,qwen3_8_max,35.85068675220225,6
370,deepseek_v4_pro_max,31.885217081667548,7
370,glm_5_2_max,30.679537450006436,8
370,kimi_k3_max,21.924390806526254,9
370,deepseek_v4_flash_max,16.515998679751206,10
371,claude_fable_5_max,58.23702459807791,1
371,kimi_k3_max,54.388898555552466,2
371,gemini_3_1_pro_high,51.91884030307883,3
371,deepseek_v4_flash_max,49.447459482307906,4
371,claude_opus_4_8_max,41.13404198172405,5
371,qwen3_8_max,39.01077305248776,6
371,deepseek_v4_pro_max,37.00099279702009,7
371,gpt_5_6_sol_max,33.82498276893696,8
371,gpt_5_5_xhigh,32.981362542035015,9
371,glm_5_2_max,13.794478652969737,10
372,gpt_5_6_sol_max,78.53138680591447,1
372,gemini_3_1_pro_high,67.99555741946813,2
372,gpt_5_5_xhigh,65.9239920475423,3
372,deepseek_v4_flash_max,63.62293146512492,4
372,claude_opus_4_8_max,53.70910652658416,5
372,deepseek_v4_pro_max,52.58575364640446,6
372,kimi_k3_max,51.25382879748948,7
372,qwen3_8_max,49.173994853392,8
372,claude_fable_5_max,40.502630430662975,9
372,glm_5_2_max,25.911324756691283,10
373,claude_fable_5_max,85.58215909633783,1
373,gemini_3_1_pro_high,49.88683587870963,2
373,deepseek_v4_flash_max,47.618388331599014,3
373,qwen3_8_max,44.07522423908286,4
373,glm_5_2_max,40.660444171296376,5
373,claude_opus_4_8_max,33.80843523759511,6
373,gpt_5_5_xhigh,29.68020223757504,7
373,gpt_5_6_sol_max,29.017586637465005,8
373,kimi_k3_max,27.29125150992002,9
373,deepseek_v4_pro_max,16.84047676259952,10
374,gpt_5_5_xhigh,59.98986446919582,1
374,claude_fable_5_max,52.26161281507616,2
374,deepseek_v4_flash_max,48.202752004617444,3
374,gpt_5_6_sol_max,41.824463564194204,4
374,kimi_k3_max,35.389466767401515,5
374,qwen3_8_max,34.8619399477436,6
374,gemini_3_1_pro_high,31.823450982499626,7
374,claude_opus_4_8_max,29.96878639069381,8
374,glm_5_2_max,29.736584197591885,9
374,deepseek_v4_pro_max,19.042692204905514,10
375,qwen3_8_max,77.71947897690848,1
375,gpt_5_6_sol_max,74.18569630982428,2
375,gemini_3_1_pro_high,65.03776933171994,3
375,gpt_5_5_xhigh,60.455434176198196,4
375,kimi_k3_max,57.56392342618129,5
375,deepseek_v4_pro_max,56.64423478947802,6
375,glm_5_2_max,45.461840903331066,7
375,claude_opus_4_8_max,38.39666365969527,8
375,deepseek_v4_flash_max,33.63903395541933,9
375,claude_fable_5_max,31.559640743361214,10
376,kimi_k3_max,77.98105807315689,1
376,gpt_5_6_sol_max,64.92468353977284,2
376,gemini_3_1_pro_high,64.47450343329544,3
376,claude_fable_5_max,62.660764922932074,4
376,claude_opus_4_8_max,62.28831358780557,5
376,deepseek_v4_pro_max,60.76441762725106,6
376,glm_5_2_max,59.7798566826816,7
376,gpt_5_5_xhigh,50.59610459910117,8
376,qwen3_8_max,39.23308408130865,9
376,deepseek_v4_flash_max,12.163925168763667,10
377,gpt_5_6_sol_max,62.92303225819073,1
377,deepseek_v4_pro_max,62.00872440603368,2
377,claude_opus_4_8_max,60.98929462872191,3
377,deepseek_v4_flash_max,60.77128779763327,4
377,glm_5_2_max,56.53115154102311,5
377,kimi_k3_max,51.56815381826775,6
377,qwen3_8_max,44.21205005049384,7
377,claude_fable_5_max,40.207783176653265,8
377,gemini_3_1_pro_high,38.12591795107092,9
377,gpt_5_5_xhigh,26.762797781104993,10
378,claude_fable_5_max,78.99117664559667,1
378,deepseek_v4_flash_max,48.55056704787911,2
378,kimi_k3_max,38.514374789398964,3
378,gpt_5_6_sol_max,35.52300449578271,4
378,claude_opus_4_8_max,32.27780450350928,5
378,gemini_3_1_pro_high,27.634592702859724,6
378,gpt_5_5_xhigh,21.29068985713916,7
378,qwen3_8_max,20.581300726997277,8
378,glm_5_2_max,18.906149290718265,9
378,deepseek_v4_pro_max,12.26376794803232,10
379,deepseek_v4_flash_max,74.3240635485344,1
379,claude_fable_5_max,53.20833693549166,2
379,gpt_5_5_xhigh,49.35423316709399,3
379,gpt_5_6_sol_max,49.34382008454646,4
379,qwen3_8_max,44.66333186353136,5
379,glm_5_2_max,44.13683149437034,6
379,kimi_k3_max,36.30632766599399,7
379,claude_opus_4_8_max,33.35386023840254,8
379,gemini_3_1_pro_high,30.833411260951983,9
379,deepseek_v4_pro_max,14.668477759458,10
380,deepseek_v4_pro_max,70.681123589885,1
380,kimi_k3_max,55.529078912303525,2
380,claude_fable_5_max,53.2538443411256,3
380,claude_opus_4_8_max,44.76211121202634,4
380,gpt_5_6_sol_max,36.37448765216135,5
380,gpt_5_5_xhigh,28.760984111389746,6
380,gemini_3_1_pro_high,25.972741045034077,7
380,glm_5_2_max,25.605250146989512,8
380,deepseek_v4_flash_max,25.42964452434191,9
380,qwen3_8_max,21.068879745011962,10
381,claude_fable_5_max,62.5230308909794,1
381,deepseek_v4_pro_max,53.92193974772601,2
381,gpt_5_5_xhigh,42.98900968993089,3
381,glm_5_2_max,37.69080859912752,4
381,qwen3_8_max,35.65493581606782,5
381,claude_opus_4_8_max,35.47833084670642,6
381,gpt_5_6_sol_max,34.3425991691338,7
381,kimi_k3_max,32.5414932344561,8
381,gemini_3_1_pro_high,22.14409616185938,9
381,deepseek_v4_flash_max,19.998678290797017,10
382,deepseek_v4_flash_max,69.18604175299133,1
382,glm_5_2_max,68.00884812802475,2
382,claude_fable_5_max,66.27633001967504,3
382,kimi_k3_max,65.03121630909646,4
382,gpt_5_6_sol_max,57.71135742198829,5
382,qwen3_8_max,56.46784861480798,6
382,claude_opus_4_8_max,51.08092663504701,7
382,gemini_3_1_pro_high,36.82176997732797,8
382,gpt_5_5_xhigh,29.71941653186804,9
382,deepseek_v4_pro_max,18.42769027687767,10
383,qwen3_8_max,75.0964403272059,1
383,deepseek_v4_flash_max,67.39511928216406,2
383,claude_opus_4_8_max,65.70909975116432,3
383,gpt_5_6_sol_max,63.597532338335014,4
383,gpt_5_5_xhigh,55.37214170880552,5
383,gemini_3_1_pro_high,54.25790902990866,6
383,glm_5_2_max,43.62777250852284,7
383,deepseek_v4_pro_max,43.14634658346938,8
383,claude_fable_5_max,39.403865749584924,9
383,kimi_k3_max,24.562938847984853,10
384,kimi_k3_max,63.413596641692756,1
384,claude_fable_5_max,56.7574594534084,2
384,gpt_5_6_sol_max,52.76775655363358,3
384,deepseek_v4_pro_max,48.90086863851056,4
384,claude_opus_4_8_max,47.081274367767165,5
384,gpt_5_5_xhigh,43.930709890574455,6
384,qwen3_8_max,35.55705826775738,7
384,gemini_3_1_pro_high,33.56292673657311,8
384,glm_5_2_max,26.145843422788598,9
384,deepseek_v4_flash_max,18.890637549446033,10
385,deepseek_v4_flash_max,73.79111627743349,1
385,gpt_5_5_xhigh,67.89479612497684,2
385,gpt_5_6_sol_max,65.13419623363453,3
385,qwen3_8_max,53.39673683596707,4
385,glm_5_2_max,49.90984290787378,5
385,gemini_3_1_pro_high,44.51835701500304,6
385,claude_opus_4_8_max,43.11408311107448,7
385,kimi_k3_max,39.57943059849087,8
385,claude_fable_5_max,39.13084656310431,9
385,deepseek_v4_pro_max,17.494517508112228,10
386,deepseek_v4_pro_max,92.66526281317185,1
386,qwen3_8_max,53.840300711914146,2
386,kimi_k3_max,51.19011215377705,3
386,gpt_5_6_sol_max,50.910725214415024,4
386,claude_fable_5_max,49.10729262886891,5
386,gpt_5_5_xhigh,46.85342921181554,6
386,glm_5_2_max,34.87674003050875,7
386,claude_opus_4_8_max,27.47340964047422,8
386,deepseek_v4_flash_max,25.50365277364369,9
386,gemini_3_1_pro_high,18.51443342681805,10
387,deepseek_v4_pro_max,76.37893279666159,1
387,gpt_5_5_xhigh,71.05717917226157,2
387,gemini_3_1_pro_high,68.4167341314869,3
387,claude_opus_4_8_max,59.50037437623783,4
387,glm_5_2_max,55.48627026859312,5
387,gpt_5_6_sol_max,55.13198497835871,6
387,claude_fable_5_max,48.906484522389476,7
387,kimi_k3_max,44.43386128835285,8
387,deepseek_v4_flash_max,40.756944224299595,9
387,qwen3_8_max,37.56939158143775,10
388,claude_fable_5_max,77.98592539773864,1
388,kimi_k3_max,68.82311566211392,2
388,deepseek_v4_flash_max,59.542867465565095,3
388,gpt_5_5_xhigh,53.8487793028018,4
388,glm_5_2_max,45.1967716878581,5
388,gpt_5_6_sol_max,43.813749309740686,6
388,deepseek_v4_pro_max,38.18118135586488,7
388,qwen3_8_max,32.267403588865186,8
388,gemini_3_1_pro_high,29.4892194423522,9
388,claude_opus_4_8_max,29.07021239108888,10
389,deepseek_v4_pro_max,68.75067103956411,1
389,qwen3_8_max,65.52647561709591,2
389,gpt_5_5_xhigh,59.85805419420582,3
389,gpt_5_6_sol_max,56.314882275556286,4
389,deepseek_v4_flash_max,55.69905982880007,5
389,kimi_k3_max,49.2813942377487,6
389,claude_opus_4_8_max,48.90386813966641,7
389,claude_fable_5_max,40.34810394421258,8
389,glm_5_2_max,24.88280343423739,9
389,gemini_3_1_pro_high,24.191766916733194,10
390,claude_fable_5_max,79.74385561281326,1
390,deepseek_v4_flash_max,69.81896253907807,2
390,gpt_5_6_sol_max,55.22044769170573,3
390,glm_5_2_max,51.20366057901239,4
390,gpt_5_5_xhigh,48.238614598022664,5
390,claude_opus_4_8_max,48.10423589910384,6
390,gemini_3_1_pro_high,45.02600147386335,7
390,deepseek_v4_pro_max,41.16955761747398,8
390,kimi_k3_max,40.60604397698775,9
390,qwen3_8_max,30.06934120391589,10
391,claude_fable_5_max,74.85538433177743,1
391,deepseek_v4_pro_max,54.3208228132798,2
391,claude_opus_4_8_max,52.22747152665964,3
391,kimi_k3_max,37.30558563237443,4
391,deepseek_v4_flash_max,36.05834787424034,5
391,qwen3_8_max,34.61608617432131,6
391,gpt_5_5_xhigh,34.518108693012266,7
391,gpt_5_6_sol_max,27.2442054141192,8
391,glm_5_2_max,27.11967282971633,9
391,gemini_3_1_pro_high,21.112449028084235,10
392,deepseek_v4_pro_max,69.36374960509808,1
392,claude_opus_4_8_max,65.54766431049322,2
392,glm_5_2_max,62.55781105667743,3
392,gpt_5_5_xhigh,58.671808010933745,4
392,gemini_3_1_pro_high,57.49391985612466,5
392,gpt_5_6_sol_max,55.53807067659794,6
392,claude_fable_5_max,53.81714521463785,7
392,qwen3_8_max,40.736942464937556,8
392,kimi_k3_max,35.00100738289681,9
392,deepseek_v4_flash_max,33.796501980956975,10
393,deepseek_v4_flash_max,91.49316572162137,1
393,gpt_5_5_xhigh,84.39056070655832,2
393,glm_5_2_max,78.9411626341946,3
393,gpt_5_6_sol_max,75.60870977629162,4
393,gemini_3_1_pro_high,72.80792946561324,5
393,claude_opus_4_8_max,59.31268437840197,6
393,kimi_k3_max,53.549336485810564,7
393,qwen3_8_max,45.071464705651884,8
393,claude_fable_5_max,24.43676953591319,9
393,deepseek_v4_pro_max,19.033422852222923,10
394,deepseek_v4_pro_max,96.95487972191174,1
394,gpt_5_6_sol_max,62.82011879792731,2
394,gpt_5_5_xhigh,54.541585969608946,3
394,kimi_k3_max,50.86980765181822,4
394,qwen3_8_max,46.79222720672092,5
394,claude_fable_5_max,41.35453875652717,6
394,claude_opus_4_8_max,40.79503918929816,7
394,glm_5_2_max,35.949872463907155,8
394,gemini_3_1_pro_high,25.008350508164536,9
394,deepseek_v4_flash_max,9.414274300602761,10
395,claude_fable_5_max,77.49346778865386,1
395,claude_opus_4_8_max,51.98363747227231,2
395,deepseek_v4_pro_max,47.470989983870865,3
395,gpt_5_6_sol_max,47.07697526897649,4
395,gpt_5_5_xhigh,46.46737035081006,5
395,qwen3_8_max,40.646858973191264,6
395,glm_5_2_max,36.251241762137994,7
395,gemini_3_1_pro_high,28.62632823757209,8
395,kimi_k3_max,23.438457605529287,9
395,deepseek_v4_flash_max,20.611996628460137,10
396,deepseek_v4_pro_max,66.98395705739063,1
396,gpt_5_6_sol_max,58.68580482282347,2
396,claude_fable_5_max,52.074015089184854,3
396,qwen3_8_max,45.164728976966025,4
396,claude_opus_4_8_max,41.813887658758624,5
396,deepseek_v4_flash_max,41.303975010192744,6
396,gemini_3_1_pro_high,38.18670690117914,7
396,gpt_5_5_xhigh,28.850877265769896,8
396,kimi_k3_max,25.032726906697704,9
396,glm_5_2_max,17.063224927891763,10
397,kimi_k3_max,79.28852483335172,1
397,gemini_3_1_pro_high,64.74953907639406,2
397,claude_opus_4_8_max,64.47342405466993,3
397,gpt_5_6_sol_max,61.79558064846859,4
397,deepseek_v4_pro_max,56.85441321868114,5
397,claude_fable_5_max,54.525197338788445,6
397,gpt_5_5_xhigh,46.9928847527036,7
397,qwen3_8_max,40.52387278279636,8
397,glm_5_2_max,30.174478402110218,9
397,deepseek_v4_flash_max,24.355735600456107,10
398,claude_opus_4_8_max,72.86478412660519,1
398,deepseek_v4_pro_max,69.08179903134854,2
398,gpt_5_5_xhigh,52.545773763100605,3
398,deepseek_v4_flash_max,50.160632107372535,4
398,kimi_k3_max,50.110895035016725,5
398,glm_5_2_max,42.21130403587687,6
398,qwen3_8_max,38.54672594732845,7
398,gpt_5_6_sol_max,29.491579738988978,8
398,claude_fable_5_max,28.783451895080916,9
398,gemini_3_1_pro_high,15.828771790219836,10
399,kimi_k3_max,61.79644348690932,1
399,qwen3_8_max,61.190541990575525,2
399,claude_fable_5_max,54.095088596532605,3
399,gpt_5_5_xhigh,50.95536699814679,4
399,deepseek_v4_pro_max,50.705022903539756,5
399,claude_opus_4_8_max,46.83565385540988,6
399,gpt_5_6_sol_max,46.08984181458478,7
399,glm_5_2_max,37.43594211775528,8
399,gemini_3_1_pro_high,29.351467887309028,9
399,deepseek_v4_flash_max,9.288133784641445,10
400,kimi_k3_max,79.81437418704016,1
400,deepseek_v4_pro_max,75.31147502057604,2
400,claude_fable_5_max,65.5428605721237,3
400,gpt_5_5_xhigh,63.51157184246658,4
400,deepseek_v4_flash_max,61.1686046710886,5
400,gemini_3_1_pro_high,46.503710902081735,6
400,qwen3_8_max,45.165484292883306,7
400,glm_5_2_max,44.30526597745184,8
400,gpt_5_6_sol_max,38.395353514916586,9
400,claude_opus_4_8_max,37.92245831635752,10
401,deepseek_v4_flash_max,72.98775796424927,1
401,kimi_k3_max,55.633872590938694,2
401,claude_opus_4_8_max,55.55935595847557,3
401,gpt_5_5_xhigh,55.12536735936634,4
401,claude_fable_5_max,54.67207162051524,5
401,gemini_3_1_pro_high,54.24169708942296,6
401,qwen3_8_max,53.09453758914321,7
401,glm_5_2_max,34.932435231967226,8
401,deepseek_v4_pro_max,30.277603673308988,9
401,gpt_5_6_sol_max,23.9238165590657,10
402,claude_fable_5_max,80.63674613496477,1
402,gpt_5_5_xhigh,59.99086360189411,2
402,kimi_k3_max,57.07768110652349,3
402,deepseek_v4_flash_max,52.448562464232324,4
402,glm_5_2_max,49.43834625113178,5
402,deepseek_v4_pro_max,47.14225355939756,6
402,gpt_5_6_sol_max,36.6274872497441,7
402,claude_opus_4_8_max,35.02863887296069,8
402,qwen3_8_max,26.779516430530087,9
402,gemini_3_1_pro_high,24.047308599605895,10
403,gpt_5_6_sol_max,64.67825263982363,1
403,kimi_k3_max,57.19268033466414,2
403,deepseek_v4_pro_max,52.88770778039883,3
403,gemini_3_1_pro_high,52.61176740096688,4
403,glm_5_2_max,47.39238942401285,5
403,claude_fable_5_max,46.80421809911692,6
403,claude_opus_4_8_max,46.273899320460366,7
403,gpt_5_5_xhigh,38.377738307192026,8
403,qwen3_8_max,34.3028173385012,9
403,deepseek_v4_flash_max,28.854531837131017,10
404,gemini_3_1_pro_high,77.96001260890077,1
404,qwen3_8_max,72.8036789936273,2
404,claude_fable_5_max,72.6853126455415,3
404,kimi_k3_max,66.88750638678565,4
404,claude_opus_4_8_max,54.506773989369364,5
404,gpt_5_6_sol_max,50.869349246761246,6
404,gpt_5_5_xhigh,45.21377234849231,7
404,deepseek_v4_flash_max,41.140585882338215,8
404,glm_5_2_max,19.798560984344913,9
404,deepseek_v4_pro_max,19.748403169752752,10
405,deepseek_v4_flash_max,61.86324909702123,1
405,claude_fable_5_max,60.497393719823975,2
405,claude_opus_4_8_max,55.963892594720896,3
405,kimi_k3_max,55.405143327911915,4
405,gemini_3_1_pro_high,50.86213531912816,5
405,gpt_5_6_sol_max,50.648161704216804,6
405,qwen3_8_max,47.10496032089366,7
405,glm_5_2_max,46.65170086644028,8
405,gpt_5_5_xhigh,45.219291012044245,9
405,deepseek_v4_pro_max,36.97009587141204,10
406,claude_fable_5_max,62.51611152413834,1
406,gpt_5_5_xhigh,62.063205115275586,2
406,deepseek_v4_pro_max,59.857303129094966,3
406,kimi_k3_max,52.129053461192015,4
406,gemini_3_1_pro_high,51.54905299195496,5
406,qwen3_8_max,50.645143213019026,6
406,gpt_5_6_sol_max,50.094518127374684,7
406,glm_5_2_max,43.695153865456035,8
406,claude_opus_4_8_max,33.23377291234172,9
406,deepseek_v4_flash_max,30.65663206835856,10
407,glm_5_2_max,75.36125708643664,1
407,deepseek_v4_flash_max,72.20335050169673,2
407,claude_opus_4_8_max,71.51482497533814,3
407,kimi_k3_max,61.795639519635756,4
407,gemini_3_1_pro_high,56.841912616715234,5
407,claude_fable_5_max,53.78490744267545,6
407,gpt_5_6_sol_max,53.36359900566311,7
407,gpt_5_5_xhigh,52.90702286524004,8
407,qwen3_8_max,43.169258135825444,9
407,deepseek_v4_pro_max,32.93132593938688,10
408,deepseek_v4_flash_max,83.44664166951372,1
408,gpt_5_6_sol_max,74.02072564889653,2
408,qwen3_8_max,62.179093111416464,3
408,kimi_k3_max,57.835165776268,4
408,claude_opus_4_8_max,55.357701713422884,5
408,gemini_3_1_pro_high,54.6429386430079,6
408,claude_fable_5_max,38.82417158919941,7
408,gpt_5_5_xhigh,37.46180318714397,8
408,glm_5_2_max,33.61048790030527,9
408,deepseek_v4_pro_max,23.702057228599273,10
409,gpt_5_6_sol_max,62.68626511075222,1
409,gpt_5_5_xhigh,57.587520829919,2
409,glm_5_2_max,57.46473512303042,3
409,deepseek_v4_flash_max,56.32485613793777,4
409,deepseek_v4_pro_max,54.56922074523575,5
409,qwen3_8_max,50.574226227263146,6
409,claude_opus_4_8_max,48.264807845370015,7
409,claude_fable_5_max,45.79262959584632,8
409,kimi_k3_max,40.66221341192005,9
409,gemini_3_1_pro_high,25.693238669824012,10
410,claude_fable_5_max,86.06404632215794,1
410,glm_5_2_max,69.28027930016331,2
410,kimi_k3_max,62.343167908451356,3
410,gpt_5_6_sol_max,42.28258941150152,4
410,gpt_5_5_xhigh,40.50411142664436,5
410,claude_opus_4_8_max,39.18686758554453,6
410,gemini_3_1_pro_high,33.83794284849041,7
410,deepseek_v4_pro_max,30.204181742637125,8
410,deepseek_v4_flash_max,29.765290404613875,9
410,qwen3_8_max,25.785397063703027,10
411,kimi_k3_max,69.68412925216006,1
411,gemini_3_1_pro_high,67.5020129824414,2
411,gpt_5_6_sol_max,60.63819995244083,3
411,claude_opus_4_8_max,51.65712195353999,4
411,claude_fable_5_max,49.722504288523936,5
411,gpt_5_5_xhigh,41.48560016099509,6
411,deepseek_v4_pro_max,36.93754798574931,7
411,qwen3_8_max,27.27963577418744,8
411,deepseek_v4_flash_max,22.488513212492414,9
411,glm_5_2_max,22.252356838341903,10
412,gemini_3_1_pro_high,76.70488441939244,1
412,qwen3_8_max,67.25056809565044,2
412,glm_5_2_max,63.92381081393304,3
412,claude_opus_4_8_max,60.72871456047349,4
412,gpt_5_5_xhigh,52.77399108730258,5
412,deepseek_v4_pro_max,42.126171700324235,6
412,deepseek_v4_flash_max,39.43306779729998,7
412,claude_fable_5_max,38.12671017242413,8
412,kimi_k3_max,30.261492085858418,9
412,gpt_5_6_sol_max,26.15467575405668,10
413,deepseek_v4_flash_max,86.79851299263615,1
413,glm_5_2_max,57.661982961387245,2
413,gpt_5_6_sol_max,57.25688341438582,3
413,qwen3_8_max,53.271210736269424,4
413,claude_opus_4_8_max,51.44467580092005,5
413,gpt_5_5_xhigh,50.05970242402526,6
413,kimi_k3_max,43.21298990778214,7
413,deepseek_v4_pro_max,31.47428974011311,8
413,claude_fable_5_max,30.706345459781684,9
413,gemini_3_1_pro_high,17.74862102002126,10
414,claude_fable_5_max,86.57463911439393,1
414,gpt_5_6_sol_max,36.40950074025085,2
414,gpt_5_5_xhigh,35.1365581325058,3
414,gemini_3_1_pro_high,35.036912992131306,4
414,kimi_k3_max,31.515255688019217,5
414,deepseek_v4_pro_max,26.746977138156147,6
414,deepseek_v4_flash_max,23.388205044810583,7
414,claude_opus_4_8_max,22.055769840621792,8
414,qwen3_8_max,21.918894203016535,9
414,glm_5_2_max,16.249792949239943,10
415,deepseek_v4_pro_max,71.28773170385871,1
415,claude_fable_5_max,66.8358669001676,2
415,gpt_5_6_sol_max,61.13226612466174,3
415,kimi_k3_max,60.86384479404239,4
415,glm_5_2_max,60.79972226674406,5
415,qwen3_8_max,40.07265640242448,6
415,claude_opus_4_8_max,30.975525048790516,7
415,gpt_5_5_xhigh,24.117141691532474,8
415,gemini_3_1_pro_high,23.763621017311902,9
415,deepseek_v4_flash_max,18.279550262418148,10
416,claude_fable_5_max,68.11215786996387,1
416,kimi_k3_max,62.87604663336137,2
416,gemini_3_1_pro_high,62.28989614283754,3
416,deepseek_v4_pro_max,59.310610205488345,4
416,gpt_5_5_xhigh,58.15957385106048,5
416,gpt_5_6_sol_max,37.4465933947287,6
416,claude_opus_4_8_max,36.882989182677406,7
416,qwen3_8_max,35.10351658876995,8
416,deepseek_v4_flash_max,32.570402720551186,9
416,glm_5_2_max,20.241339693578237,10
417,claude_fable_5_max,68.86341980046208,1
417,claude_opus_4_8_max,54.356556499181636,2
417,kimi_k3_max,50.231469062598514,3
417,deepseek_v4_pro_max,48.68873243438891,4
417,gemini_3_1_pro_high,48.4105535665319,5
417,glm_5_2_max,48.30066621685995,6
417,deepseek_v4_flash_max,47.42012799053991,7
417,gpt_5_5_xhigh,45.22571999692461,8
417,qwen3_8_max,42.534733860942374,9
417,gpt_5_6_sol_max,42.09726253254202,10
418,claude_opus_4_8_max,66.78210830028719,1
418,qwen3_8_max,59.91605306510383,2
418,gpt_5_5_xhigh,54.83505908650394,3
418,claude_fable_5_max,48.59046248311123,4
418,gemini_3_1_pro_high,47.95127465484185,5
418,gpt_5_6_sol_max,43.53651092716609,6
418,deepseek_v4_flash_max,34.65230238598712,7
418,kimi_k3_max,32.7180096090207,8
418,glm_5_2_max,31.885038258533726,9
418,deepseek_v4_pro_max,29.92538561480528,10
419,claude_fable_5_max,71.12942650626914,1
419,deepseek_v4_flash_max,70.09370200588343,2
419,gpt_5_6_sol_max,68.28293478817923,3
419,gpt_5_5_xhigh,58.53400843803015,4
419,glm_5_2_max,58.42922823855657,5
419,gemini_3_1_pro_high,53.81972297763323,6
419,qwen3_8_max,53.4392624214761,7
419,kimi_k3_max,36.22083474350621,8
419,claude_opus_4_8_max,31.492231510581775,9
419,deepseek_v4_pro_max,26.656475531428725,10
420,deepseek_v4_flash_max,82.81198564406688,1
420,claude_opus_4_8_max,62.800710590016614,2
420,glm_5_2_max,58.64218198290603,3
420,claude_fable_5_max,51.37152237154159,4
420,gemini_3_1_pro_high,45.7067445867406,5
420,kimi_k3_max,43.528011753853974,6
420,gpt_5_5_xhigh,37.29781777286132,7
420,deepseek_v4_pro_max,31.65901537587664,8
420,gpt_5_6_sol_max,31.230503728478165,9
420,qwen3_8_max,29.101388350393208,10
421,gemini_3_1_pro_high,77.34671431115542,1
421,claude_fable_5_max,63.22294802181034,2
421,gpt_5_6_sol_max,53.173269871442585,3
421,glm_5_2_max,52.32028016520231,4
421,claude_opus_4_8_max,51.41233649945961,5
421,gpt_5_5_xhigh,49.29699508530824,6
421,deepseek_v4_flash_max,43.65059472175025,7
421,qwen3_8_max,42.40302779120263,8
421,deepseek_v4_pro_max,41.84444638979352,9
421,kimi_k3_max,32.420799742035996,10
422,deepseek_v4_pro_max,74.90565185354491,1
422,kimi_k3_max,59.7544879027468,2
422,gemini_3_1_pro_high,55.27429205218415,3
422,gpt_5_5_xhigh,54.23471529859137,4
422,claude_opus_4_8_max,53.912795848960805,5
422,qwen3_8_max,46.665857430660786,6
422,deepseek_v4_flash_max,38.10910473211288,7
422,glm_5_2_max,33.73760622578353,8
422,gpt_5_6_sol_max,31.21372872193563,9
422,claude_fable_5_max,29.02602470072393,10
423,gemini_3_1_pro_high,77.56833926501596,1
423,gpt_5_6_sol_max,73.76732097279746,2
423,claude_opus_4_8_max,66.14333837490956,3
423,gpt_5_5_xhigh,63.32774874816341,4
423,kimi_k3_max,59.72668876384833,5
423,claude_fable_5_max,54.77749631187601,6
423,deepseek_v4_pro_max,45.67054503942413,7
423,deepseek_v4_flash_max,40.07123391032062,8
423,qwen3_8_max,35.15561983307298,9
423,glm_5_2_max,27.628403968605056,10
424,claude_fable_5_max,92.27635020128395,1
424,claude_opus_4_8_max,42.972452577237505,2
424,gpt_5_5_xhigh,37.469285193456166,3
424,deepseek_v4_pro_max,37.34087084172644,4
424,gemini_3_1_pro_high,34.489388985164,5
424,glm_5_2_max,29.912149797605455,6
424,deepseek_v4_flash_max,28.350749610598818,7
424,gpt_5_6_sol_max,27.539696976930113,8
424,kimi_k3_max,24.77669103756364,9
424,qwen3_8_max,14.869140686565615,10
425,gpt_5_6_sol_max,82.18208089493342,1
425,deepseek_v4_pro_max,78.08995025887779,2
425,gpt_5_5_xhigh,70.1232848477448,3
425,qwen3_8_max,52.58102377680649,4
425,gemini_3_1_pro_high,51.913351473580846,5
425,claude_opus_4_8_max,46.74443520367649,6
425,kimi_k3_max,45.26955761783637,7
425,glm_5_2_max,36.15644683725212,8
425,deepseek_v4_flash_max,25.771157157480097,9
425,claude_fable_5_max,21.890525207642654,10
426,claude_opus_4_8_max,73.92987771288534,1
426,qwen3_8_max,72.67395447162828,2
426,gemini_3_1_pro_high,69.04154597449956,3
426,kimi_k3_max,66.87257321838739,4
426,gpt_5_6_sol_max,64.82235674512175,5
426,deepseek_v4_pro_max,59.68163754847687,6
426,glm_5_2_max,51.09405225334162,7
426,gpt_5_5_xhigh,46.875407914291706,8
426,claude_fable_5_max,41.11293937369375,9
426,deepseek_v4_flash_max,36.5770877211445,10
427,gemini_3_1_pro_high,73.2270048788437,1
427,kimi_k3_max,68.94056296841414,2
427,gpt_5_6_sol_max,62.66010895433153,3
427,claude_fable_5_max,52.30065901397942,4
427,claude_opus_4_8_max,51.776153471195826,5
427,deepseek_v4_pro_max,51.09536782344728,6
427,qwen3_8_max,38.02777047509552,7
427,glm_5_2_max,37.18317590247972,8
427,deepseek_v4_flash_max,29.770882644121354,9
427,gpt_5_5_xhigh,27.932209967190232,10
428,deepseek_v4_flash_max,84.95843675535062,1
428,gpt_5_6_sol_max,70.74038832093183,2
428,claude_fable_5_max,70.04222186569841,3
428,gpt_5_5_xhigh,68.42345645441272,4
428,gemini_3_1_pro_high,68.12676818935364,5
428,claude_opus_4_8_max,66.72615379154882,6
428,qwen3_8_max,65.6342567551533,7
428,kimi_k3_max,59.498041276376284,8
428,deepseek_v4_pro_max,31.393506145626706,9
428,glm_5_2_max,29.231214175801398,10
429,deepseek_v4_pro_max,80.88603676483609,1
429,kimi_k3_max,63.345999318795926,2
429,claude_fable_5_max,57.91916743292967,3
429,glm_5_2_max,57.40112083009274,4
429,gpt_5_6_sol_max,57.258052988542,5
429,gpt_5_5_xhigh,57.230881594037264,6
429,claude_opus_4_8_max,53.7512797043874,7
429,qwen3_8_max,41.147554308347075,8
429,gemini_3_1_pro_high,30.491431596368393,9
429,deepseek_v4_flash_max,25.110865048875496,10
430,deepseek_v4_pro_max,79.41711690243615,1
430,claude_fable_5_max,70.55380353085141,2
430,gpt_5_5_xhigh,57.87416675566638,3
430,glm_5_2_max,50.34155927936086,4
430,qwen3_8_max,45.74682724693789,5
430,claude_opus_4_8_max,44.02213400933061,6
430,kimi_k3_max,39.72345792147432,7
430,deepseek_v4_flash_max,35.91698995345455,8
430,gpt_5_6_sol_max,35.632523459238136,9
430,gemini_3_1_pro_high,34.20862143584889,10
431,claude_fable_5_max,89.86925824742455,1
431,gpt_5_5_xhigh,47.52200860742267,2
431,kimi_k3_max,42.576008143375546,3
431,qwen3_8_max,40.42166195523429,4
431,deepseek_v4_flash_max,39.97223310259936,5
431,gemini_3_1_pro_high,39.798067696077794,6
431,claude_opus_4_8_max,35.606541006882885,7
431,gpt_5_6_sol_max,26.949044419079822,8
431,glm_5_2_max,19.685421731685746,9
431,deepseek_v4_pro_max,13.899057259525936,10
432,deepseek_v4_pro_max,67.92879967910237,1
432,claude_fable_5_max,64.78172205585807,2
432,gpt_5_6_sol_max,62.37798057033153,3
432,gemini_3_1_pro_high,59.84139929513849,4
432,qwen3_8_max,52.385434479685614,5
432,claude_opus_4_8_max,51.085328318314765,6
432,gpt_5_5_xhigh,36.59834807070601,7
432,kimi_k3_max,35.292869749132635,8
432,glm_5_2_max,22.08522680393817,9
432,deepseek_v4_flash_max,14.644232726776654,10
433,claude_fable_5_max,76.58377072567359,1
433,kimi_k3_max,72.1197112206394,2
433,deepseek_v4_flash_max,53.940763693115834,3
433,claude_opus_4_8_max,43.439957164549796,4
433,qwen3_8_max,41.141770815600566,5
433,gpt_5_6_sol_max,39.738931661626154,6
433,gemini_3_1_pro_high,38.120304863552995,7
433,gpt_5_5_xhigh,26.381269239370745,8
433,deepseek_v4_pro_max,20.708120742129246,9
433,glm_5_2_max,18.53060676999486,10
434,claude_opus_4_8_max,80.25196126947274,1
434,claude_fable_5_max,73.46188321264,2
434,gpt_5_6_sol_max,69.48830103067553,3
434,deepseek_v4_flash_max,63.4056930721887,4
434,qwen3_8_max,59.85767130818504,5
434,kimi_k3_max,56.491494610881446,6
434,gemini_3_1_pro_high,48.70176079955545,7
434,glm_5_2_max,47.92864700813483,8
434,gpt_5_5_xhigh,47.829813295235354,9
434,deepseek_v4_pro_max,21.47334781629713,10
435,deepseek_v4_flash_max,62.366478670374875,1
435,kimi_k3_max,60.08868244999903,2
435,claude_opus_4_8_max,58.15639648906816,3
435,claude_fable_5_max,57.40011690893785,4
435,gemini_3_1_pro_high,57.27997292535805,5
435,gpt_5_5_xhigh,50.54737958299805,6
435,gpt_5_6_sol_max,49.047915670659165,7
435,qwen3_8_max,44.20091887309893,8
435,glm_5_2_max,42.8499573985276,9
435,deepseek_v4_pro_max,37.70453120197603,10
436,deepseek_v4_flash_max,66.24043739333442,1
436,claude_fable_5_max,65.11648499026688,2
436,gemini_3_1_pro_high,59.1102327805188,3
436,glm_5_2_max,45.1694791380169,4
436,gpt_5_6_sol_max,44.43530051847871,5
436,kimi_k3_max,43.947665607737484,6
436,gpt_5_5_xhigh,43.791266948602455,7
436,claude_opus_4_8_max,27.332754881831377,8
436,qwen3_8_max,24.93237564544602,9
436,deepseek_v4_pro_max,14.779354410387501,10
437,claude_fable_5_max,81.43581892993194,1
437,deepseek_v4_pro_max,71.73262011522051,2
437,claude_opus_4_8_max,48.439617830408025,3
437,gpt_5_6_sol_max,44.72543533840002,4
437,glm_5_2_max,42.32042554307975,5
437,deepseek_v4_flash_max,40.06445320498783,6
437,qwen3_8_max,37.94205025612466,7
437,kimi_k3_max,33.91556889967319,8
437,gemini_3_1_pro_high,28.43630964259193,9
437,gpt_5_5_xhigh,24.379764899996744,10
438,claude_fable_5_max,66.8298907018726,1
438,kimi_k3_max,62.832455941274,2
438,glm_5_2_max,60.272830025938404,3
438,deepseek_v4_pro_max,59.2858063606937,4
438,qwen3_8_max,57.66293811517985,5
438,gemini_3_1_pro_high,55.76118462783262,6
438,gpt_5_6_sol_max,41.87782787231473,7
438,gpt_5_5_xhigh,33.61781826356017,8
438,deepseek_v4_flash_max,31.81388562130191,9
438,claude_opus_4_8_max,25.36477221857747,10
439,glm_5_2_max,65.29767776809449,1
439,deepseek_v4_pro_max,61.32853387363029,2
439,gpt_5_6_sol_max,58.22063451982143,3
439,gpt_5_5_xhigh,54.83814213228192,4
439,gemini_3_1_pro_high,53.28100470856793,5
439,qwen3_8_max,49.76647160464906,6
439,kimi_k3_max,48.544849119874875,7
439,claude_opus_4_8_max,44.86227954286711,8
439,deepseek_v4_flash_max,33.61898808258681,9
439,claude_fable_5_max,19.88541375191339,10
440,deepseek_v4_pro_max,89.43883580704856,1
440,qwen3_8_max,72.46427365526539,2
440,claude_opus_4_8_max,68.02684926142037,3
440,gpt_5_5_xhigh,62.56984389288792,4
440,kimi_k3_max,62.149206868008584,5
440,glm_5_2_max,54.95793011521683,6
440,gemini_3_1_pro_high,47.26499584682852,7
440,claude_fable_5_max,46.70619385772442,8
440,deepseek_v4_flash_max,45.41162838431942,9
440,gpt_5_6_sol_max,44.64576507450184,10
441,deepseek_v4_pro_max,63.031644603532186,1
441,deepseek_v4_flash_max,61.24735998925101,2
441,claude_opus_4_8_max,48.991300480740506,3
441,kimi_k3_max,48.98513301891136,4
441,glm_5_2_max,46.4073245867971,5
441,claude_fable_5_max,45.15235209355142,6
441,qwen3_8_max,37.110793488985884,7
441,gemini_3_1_pro_high,36.24489021485988,8
441,gpt_5_5_xhigh,33.40546637852736,9
441,gpt_5_6_sol_max,27.91624435081101,10
442,qwen3_8_max,85.05541104167722,1
442,gemini_3_1_pro_high,67.95417703252625,2
442,gpt_5_6_sol_max,66.91001230646081,3
442,claude_opus_4_8_max,64.59436552106268,4
442,gpt_5_5_xhigh,57.18325962324448,5
442,glm_5_2_max,55.93782002088427,6
442,claude_fable_5_max,48.06873486430741,7
442,deepseek_v4_flash_max,41.71009449370834,8
442,kimi_k3_max,40.505906367235845,9
442,deepseek_v4_pro_max,40.43369712523982,10
443,glm_5_2_max,64.49395638021096,1
443,gemini_3_1_pro_high,60.40282849959605,2
443,gpt_5_6_sol_max,48.71988492191913,3
443,kimi_k3_max,42.65509203988991,4
443,claude_opus_4_8_max,41.91985368046602,5
443,gpt_5_5_xhigh,41.55221411230025,6
443,deepseek_v4_pro_max,40.04689080928823,7
443,claude_fable_5_max,39.70686028538528,8
443,qwen3_8_max,38.41321454596748,9
443,deepseek_v4_flash_max,27.30024683770545,10
444,deepseek_v4_flash_max,72.1321640911663,1
444,gemini_3_1_pro_high,65.53544426342475,2
444,kimi_k3_max,63.13091913578447,3
444,gpt_5_5_xhigh,54.09355626379644,4
444,qwen3_8_max,51.14635614004765,5
444,claude_fable_5_max,43.94436872994242,6
444,glm_5_2_max,39.85351452671886,7
444,deepseek_v4_pro_max,36.14300719480427,8
444,gpt_5_6_sol_max,34.89864587508808,9
444,claude_opus_4_8_max,29.0484133684579,10
445,gpt_5_5_xhigh,76.18048423285366,1
445,claude_fable_5_max,69.53065214621063,2
445,gpt_5_6_sol_max,65.49107674207093,3
445,claude_opus_4_8_max,54.16236416620185,4
445,deepseek_v4_pro_max,49.881702890641186,5
445,kimi_k3_max,48.50718082699359,6
445,deepseek_v4_flash_max,35.90662669085788,7
445,glm_5_2_max,35.84058548601133,8
445,qwen3_8_max,30.402278497712,9
445,gemini_3_1_pro_high,24.916627021826606,10
446,qwen3_8_max,74.6015823079303,1
446,deepseek_v4_pro_max,72.56290652023894,2
446,deepseek_v4_flash_max,62.30154725802039,3
446,gpt_5_5_xhigh,56.09116156502043,4
446,glm_5_2_max,55.489258937510726,5
446,claude_fable_5_max,51.52578639045583,6
446,claude_opus_4_8_max,51.1926039019351,7
446,gemini_3_1_pro_high,48.293868958137935,8
446,gpt_5_6_sol_max,40.57674285785212,9
446,kimi_k3_max,30.516218768762233,10
447,claude_fable_5_max,73.03671177486075,1
447,deepseek_v4_flash_max,67.05648349803627,2
447,kimi_k3_max,64.3454261572569,3
447,claude_opus_4_8_max,57.51115235206286,4
447,gpt_5_5_xhigh,55.342875959792615,5
447,qwen3_8_max,52.98455864069003,6
447,gpt_5_6_sol_max,50.45004438294517,7
447,deepseek_v4_pro_max,47.08694917299676,8
447,glm_5_2_max,23.20915345048767,9
447,gemini_3_1_pro_high,17.511823511164987,10
448,gemini_3_1_pro_high,80.94596819944877,1
448,deepseek_v4_pro_max,77.74457544477207,2
448,glm_5_2_max,72.66681098299098,3
448,kimi_k3_max,61.66744237080859,4
448,qwen3_8_max,55.156939539011596,5
448,gpt_5_6_sol_max,53.04600409047195,6
448,gpt_5_5_xhigh,51.713064043790716,7
448,claude_opus_4_8_max,47.518306006668446,8
448,deepseek_v4_flash_max,33.57541453000905,9
448,claude_fable_5_max,21.304405208729616,10
449,deepseek_v4_flash_max,75.5383395751517,1
449,qwen3_8_max,64.98795150695145,2
449,gpt_5_6_sol_max,59.58946914252628,3
449,kimi_k3_max,53.77255585704513,4
449,claude_opus_4_8_max,52.14510857643166,5
449,claude_fable_5_max,51.42729545457495,6
449,gpt_5_5_xhigh,50.42267779004458,7
449,deepseek_v4_pro_max,31.48191327932303,8
449,glm_5_2_max,24.779228720184506,9
449,gemini_3_1_pro_high,18.218618140901654,10
450,deepseek_v4_pro_max,76.27148587239581,1
450,glm_5_2_max,68.96337068375696,2
450,gpt_5_6_sol_max,57.28401349844348,3
450,claude_opus_4_8_max,54.61076591251787,4
450,qwen3_8_max,54.40031711510188,5
450,kimi_k3_max,54.28569542485057,6
450,gpt_5_5_xhigh,46.10152035528624,7
450,gemini_3_1_pro_high,42.69909057126614,8
450,deepseek_v4_flash_max,42.06968491899521,9
450,claude_fable_5_max,28.06110227668927,10
451,gpt_5_5_xhigh,76.5196408280828,1
451,qwen3_8_max,58.24479148667584,2
451,glm_5_2_max,54.75780391146391,3
451,deepseek_v4_flash_max,54.64792725050103,4
451,claude_opus_4_8_max,54.17085774928174,5
451,kimi_k3_max,53.69412902235685,6
451,deepseek_v4_pro_max,37.096504548611655,7
451,gemini_3_1_pro_high,36.28924086719603,8
451,claude_fable_5_max,34.866757832375654,9
451,gpt_5_6_sol_max,29.764507334870192,10
452,claude_fable_5_max,80.20127905526998,1
452,gpt_5_5_xhigh,55.14238910946065,2
452,kimi_k3_max,45.76701008571498,3
452,gpt_5_6_sol_max,43.59577264041641,4
452,glm_5_2_max,42.51948495900649,5
452,deepseek_v4_pro_max,40.464523034350094,6
452,qwen3_8_max,38.93477996211563,7
452,claude_opus_4_8_max,31.450228367391077,8
452,deepseek_v4_flash_max,30.728275002757336,9
452,gemini_3_1_pro_high,27.622902937804618,10
453,gpt_5_6_sol_max,60.83689661736359,1
453,gpt_5_5_xhigh,60.73949954142806,2
453,deepseek_v4_pro_max,55.39082792803468,3
453,gemini_3_1_pro_high,53.78803446043271,4
453,claude_fable_5_max,52.38394516076204,5
453,glm_5_2_max,46.09397205212726,6
453,claude_opus_4_8_max,42.0009936300368,7
453,kimi_k3_max,39.6486453700153,8
453,qwen3_8_max,31.122087021614124,9
453,deepseek_v4_flash_max,29.962891246953987,10
454,gemini_3_1_pro_high,71.83823125037618,1
454,gpt_5_6_sol_max,65.24462352099816,2
454,qwen3_8_max,64.76387258437462,3
454,glm_5_2_max,64.18700757711916,4
454,kimi_k3_max,61.21704898851851,5
454,claude_opus_4_8_max,55.30601653377979,6
454,gpt_5_5_xhigh,54.894008214240344,7
454,claude_fable_5_max,50.187656445683146,8
454,deepseek_v4_flash_max,38.91502642216003,9
454,deepseek_v4_pro_max,37.8458071549732,10
455,kimi_k3_max,67.93538875630252,1
455,gpt_5_6_sol_max,60.56513516729124,2
455,deepseek_v4_flash_max,56.71188932934928,3
455,qwen3_8_max,55.71408109678818,4
455,deepseek_v4_pro_max,52.794288890111204,5
455,gpt_5_5_xhigh,51.65618684916363,6
455,claude_opus_4_8_max,38.86517551338819,7
455,claude_fable_5_max,35.66950953757346,8
455,gemini_3_1_pro_high,34.782563147744035,9
455,glm_5_2_max,16.750396667184635,10
456,kimi_k3_max,80.19559353027047,1
456,gemini_3_1_pro_high,61.71229829877595,2
456,claude_fable_5_max,57.61060534957892,3
456,claude_opus_4_8_max,56.6441347165701,4
456,qwen3_8_max,54.684151569606314,5
456,gpt_5_5_xhigh,53.65417216545821,6
456,gpt_5_6_sol_max,50.65528212821895,7
456,deepseek_v4_flash_max,48.92211459103248,8
456,glm_5_2_max,39.094169220211704,9
456,deepseek_v4_pro_max,35.18245067915201,10
457,deepseek_v4_flash_max,62.45253407065416,1
457,claude_fable_5_max,58.52391871412433,2
457,gpt_5_6_sol_max,58.35054261882179,3
457,kimi_k3_max,58.31102050805255,4
457,claude_opus_4_8_max,48.21973937546444,5
457,deepseek_v4_pro_max,41.52934160471554,6
457,glm_5_2_max,41.00379280991759,7
457,gemini_3_1_pro_high,38.59776387749158,8
457,qwen3_8_max,35.78224530901927,9
457,gpt_5_5_xhigh,30.781139460526177,10
458,deepseek_v4_pro_max,73.76708449540011,1
458,claude_fable_5_max,67.85369456680431,2
458,deepseek_v4_flash_max,56.93523466333858,3
458,qwen3_8_max,53.14642943932589,4
458,claude_opus_4_8_max,50.56903212457344,5
458,gpt_5_5_xhigh,40.93853377864445,6
458,gpt_5_6_sol_max,35.79081708035291,7
458,glm_5_2_max,34.49980251282351,8
458,kimi_k3_max,30.613350880647836,9
458,gemini_3_1_pro_high,23.298577239699696,10
459,claude_fable_5_max,74.03880134294847,1
459,qwen3_8_max,70.04829588095265,2
459,kimi_k3_max,66.20023278238314,3
459,claude_opus_4_8_max,66.18249779437065,4
459,gemini_3_1_pro_high,65.00521001353383,5
459,gpt_5_6_sol_max,63.05970877762682,6
459,gpt_5_5_xhigh,49.133641027146645,7
459,glm_5_2_max,44.60393363461259,8
459,deepseek_v4_flash_max,39.821810187031765,9
459,deepseek_v4_pro_max,22.345864929778,10
460,deepseek_v4_pro_max,75.1696631839848,1
460,glm_5_2_max,58.548704158416164,2
460,qwen3_8_max,52.720178719448086,3
460,gpt_5_5_xhigh,50.598982841403235,4
460,claude_opus_4_8_max,42.71704177486731,5
460,claude_fable_5_max,41.663672056023415,6
460,kimi_k3_max,37.8320501804818,7
460,gpt_5_6_sol_max,36.55831621325566,8
460,gemini_3_1_pro_high,29.988571151306004,9
460,deepseek_v4_flash_max,19.92267435928573,10
461,deepseek_v4_flash_max,67.69298059493211,1
461,gemini_3_1_pro_high,60.071841281655765,2
461,claude_opus_4_8_max,59.232769900529846,3
461,deepseek_v4_pro_max,59.21811214090798,4
461,kimi_k3_max,58.579337433394414,5
461,glm_5_2_max,58.31152093775793,6
461,gpt_5_5_xhigh,52.38492333039042,7
461,gpt_5_6_sol_max,49.08769501235574,8
461,qwen3_8_max,48.80434960052578,9
461,claude_fable_5_max,23.43412689395791,10
462,kimi_k3_max,73.90340587970942,1
462,claude_opus_4_8_max,73.34252567675951,2
462,claude_fable_5_max,46.76269321065082,3
462,deepseek_v4_flash_max,45.34134918407751,4
462,gpt_5_5_xhigh,39.77934032497967,5
462,qwen3_8_max,36.668001062040545,6
462,gemini_3_1_pro_high,27.980769125929264,7
462,gpt_5_6_sol_max,26.461924097327984,8
462,deepseek_v4_pro_max,22.21889784450671,9
462,glm_5_2_max,21.719925398242154,10
463,claude_fable_5_max,87.5025943330225,1
463,gpt_5_6_sol_max,63.37435693901942,2
463,claude_opus_4_8_max,60.2083909266437,3
463,deepseek_v4_flash_max,51.438415393683684,4
463,gpt_5_5_xhigh,34.19696664725374,5
463,gemini_3_1_pro_high,30.2150563547763,6
463,deepseek_v4_pro_max,25.66240318816105,7
463,glm_5_2_max,23.973975541460902,8
463,qwen3_8_max,22.679554073325527,9
463,kimi_k3_max,21.710095162244563,10
464,gemini_3_1_pro_high,68.4225300932407,1
464,gpt_5_5_xhigh,59.03598413673993,2
464,qwen3_8_max,58.481628314607256,3
464,claude_fable_5_max,55.03039590904956,4
464,kimi_k3_max,53.44127627696067,5
464,claude_opus_4_8_max,48.91321894738367,6
464,deepseek_v4_pro_max,40.695926421422186,7
464,gpt_5_6_sol_max,34.47563327986606,8
464,deepseek_v4_flash_max,34.297670737998956,9
464,glm_5_2_max,32.33449127791686,10
465,kimi_k3_max,64.57384351309851,1
465,claude_fable_5_max,42.485848329117886,2
465,glm_5_2_max,38.46738108738334,3
465,gemini_3_1_pro_high,37.090934022197274,4
465,claude_opus_4_8_max,33.30043952328363,5
465,gpt_5_6_sol_max,25.994605670390136,6
465,deepseek_v4_pro_max,22.7087428055897,7
465,qwen3_8_max,20.885694964043225,8
465,deepseek_v4_flash_max,16.329688052551866,9
465,gpt_5_5_xhigh,15.329586267711852,10
466,claude_fable_5_max,68.89045429645212,1
466,deepseek_v4_flash_max,63.47368181852711,2
466,deepseek_v4_pro_max,56.02297836890688,3
466,gpt_5_6_sol_max,52.809862286354225,4
466,claude_opus_4_8_max,51.12957713611453,5
466,kimi_k3_max,48.56116164288447,6
466,gpt_5_5_xhigh,47.08112399627936,7
466,glm_5_2_max,46.524198408785615,8
466,qwen3_8_max,43.78704689436188,9
466,gemini_3_1_pro_high,34.859862918752654,10
467,gemini_3_1_pro_high,61.70076453265854,1
467,gpt_5_5_xhigh,57.62319589098843,2
467,gpt_5_6_sol_max,56.31819417059632,3
467,glm_5_2_max,54.28937344962323,4
467,claude_fable_5_max,53.242328278294266,5
467,kimi_k3_max,52.608849064329284,6
467,deepseek_v4_flash_max,46.8766258891099,7
467,claude_opus_4_8_max,44.280332775874406,8
467,deepseek_v4_pro_max,41.19866135677731,9
467,qwen3_8_max,33.70831374845505,10
468,gpt_5_6_sol_max,72.06127696016507,1
468,kimi_k3_max,69.1278583834351,2
468,claude_opus_4_8_max,66.67688716060627,3
468,gpt_5_5_xhigh,56.88836995846139,4
468,deepseek_v4_pro_max,56.61327409114705,5
468,glm_5_2_max,55.68158443206309,6
468,gemini_3_1_pro_high,53.07043370030429,7
468,deepseek_v4_flash_max,52.1679507060265,8
468,claude_fable_5_max,51.15351950544013,9
468,qwen3_8_max,42.297700415180024,10
469,deepseek_v4_pro_max,90.05695436157038,1
469,qwen3_8_max,64.07775231651533,2
469,kimi_k3_max,64.07180269147479,3
469,claude_opus_4_8_max,56.27563380191675,4
469,glm_5_2_max,50.593885621626015,5
469,gpt_5_5_xhigh,47.17154135278947,6
469,gpt_5_6_sol_max,42.56505688402022,7
469,gemini_3_1_pro_high,40.38955692967764,8
469,deepseek_v4_flash_max,33.58407948148201,9
469,claude_fable_5_max,27.962491860688424,10
470,glm_5_2_max,74.33538424557149,1
470,gemini_3_1_pro_high,68.06645819388463,2
470,qwen3_8_max,66.58806819336212,3
470,gpt_5_5_xhigh,65.0821735482742,4
470,deepseek_v4_pro_max,62.35992656274285,5
470,deepseek_v4_flash_max,52.469576042159844,6
470,gpt_5_6_sol_max,49.0297772290551,7
470,claude_opus_4_8_max,36.569046400790334,8
470,claude_fable_5_max,33.34081596824677,9
470,kimi_k3_max,30.328571413879104,10
471,claude_fable_5_max,83.63575313396319,1
471,deepseek_v4_flash_max,51.14082218706024,2
471,claude_opus_4_8_max,50.456292828125,3
471,qwen3_8_max,37.51715634517778,4
471,gemini_3_1_pro_high,36.65767347398353,5
471,kimi_k3_max,29.7403842089336,6
471,glm_5_2_max,28.430099495707033,7
471,gpt_5_6_sol_max,27.491495350077656,8
471,gpt_5_5_xhigh,27.410499758418464,9
471,deepseek_v4_pro_max,25.293808291711045,10
472,gemini_3_1_pro_high,65.0198994531474,1
472,gpt_5_6_sol_max,58.932569922866634,2
472,deepseek_v4_pro_max,58.91526313814133,3
472,claude_opus_4_8_max,58.10221045811801,4
472,gpt_5_5_xhigh,52.74239546533843,5
472,glm_5_2_max,51.141887742458124,6
472,kimi_k3_max,49.08384459469324,7
472,claude_fable_5_max,38.711953049305166,8
472,deepseek_v4_flash_max,36.86966249891627,9
472,qwen3_8_max,36.60486781857247,10
473,deepseek_v4_pro_max,73.47260665274916,1
473,deepseek_v4_flash_max,50.35300013586587,2
473,claude_fable_5_max,48.194060897127635,3
473,claude_opus_4_8_max,47.775451539320066,4
473,gpt_5_6_sol_max,40.86654902636109,5
473,gpt_5_5_xhigh,33.873431795574774,6
473,glm_5_2_max,30.136349392798895,7
473,qwen3_8_max,28.075114901306325,8
473,gemini_3_1_pro_high,20.966961854492858,9
473,kimi_k3_max,17.866014086504315,10
474,kimi_k3_max,78.66892626330599,1
474,gpt_5_5_xhigh,67.14818113745835,2
474,glm_5_2_max,58.466315983639625,3
474,qwen3_8_max,55.96868446222377,4
474,claude_opus_4_8_max,50.96232124816976,5
474,deepseek_v4_flash_max,47.29713916089422,6
474,gemini_3_1_pro_high,43.41560044209645,7
474,deepseek_v4_pro_max,34.03707083996528,8
474,claude_fable_5_max,30.183729792844314,9
474,gpt_5_6_sol_max,24.21889950177846,10
475,deepseek_v4_pro_max,78.62106593308958,1
475,gemini_3_1_pro_high,65.35305792601926,2
475,claude_opus_4_8_max,60.83552997026659,3
475,claude_fable_5_max,60.52112275995088,4
475,kimi_k3_max,58.407823359340334,5
475,gpt_5_5_xhigh,57.5145237342245,6
475,gpt_5_6_sol_max,54.08492242854922,7
475,qwen3_8_max,49.576320887389414,8
475,deepseek_v4_flash_max,28.22363676593021,9
475,glm_5_2_max,21.64309346169526,10
476,claude_fable_5_max,77.00846320222652,1
476,gemini_3_1_pro_high,70.8137191771263,2
476,gpt_5_5_xhigh,60.57099995147772,3
476,gpt_5_6_sol_max,54.9271489687999,4
476,kimi_k3_max,51.74146932912279,5
476,glm_5_2_max,42.35278374484655,6
476,qwen3_8_max,37.78113616220426,7
476,claude_opus_4_8_max,28.55527723482478,8
476,deepseek_v4_pro_max,26.251148938154213,9
476,deepseek_v4_flash_max,11.499270063292359,10
477,kimi_k3_max,72.05553696123697,1
477,claude_fable_5_max,58.67721819000528,2
477,gemini_3_1_pro_high,55.45103551799427,3
477,deepseek_v4_flash_max,49.4856555570034,4
477,gpt_5_5_xhigh,46.29392990035012,5
477,claude_opus_4_8_max,44.23802434760358,6
477,deepseek_v4_pro_max,43.32330748097414,7
477,qwen3_8_max,32.329383361707116,8
477,glm_5_2_max,24.643516044995575,9
477,gpt_5_6_sol_max,20.389562486766422,10
478,qwen3_8_max,69.40289648430279,1
478,gemini_3_1_pro_high,63.9974002903036,2
478,claude_opus_4_8_max,61.81080354340633,3
478,deepseek_v4_pro_max,50.600220671250376,4
478,glm_5_2_max,44.56851328754427,5
478,gpt_5_6_sol_max,44.193493625537684,6
478,gpt_5_5_xhigh,42.68724082960219,7
478,kimi_k3_max,41.164294815429656,8
478,deepseek_v4_flash_max,36.0987103942939,9
478,claude_fable_5_max,27.426757373558786,10
479,claude_fable_5_max,78.16479975602938,1
479,glm_5_2_max,52.4956981910453,2
479,gpt_5_6_sol_max,47.87395163570771,3
479,gpt_5_5_xhigh,46.61700371254933,4
479,claude_opus_4_8_max,42.78725060995932,5
479,deepseek_v4_pro_max,42.521157146688026,6
479,qwen3_8_max,37.00503903312495,7
479,gemini_3_1_pro_high,28.429244285180975,8
479,kimi_k3_max,25.43649731243142,9
479,deepseek_v4_flash_max,20.78467177853538,10
480,deepseek_v4_pro_max,81.78921706885092,1
480,claude_opus_4_8_max,72.38757209454246,2
480,kimi_k3_max,65.06491372925677,3
480,gemini_3_1_pro_high,60.99601648764549,4
480,gpt_5_6_sol_max,45.22006044277799,5
480,claude_fable_5_max,37.38490633408976,6
480,gpt_5_5_xhigh,35.21227298432931,7
480,glm_5_2_max,30.381164273462353,8
480,qwen3_8_max,30.089081772284285,9
480,deepseek_v4_flash_max,22.039111320509065,10
481,kimi_k3_max,75.65165657283083,1
481,claude_fable_5_max,59.433036914147905,2
481,gemini_3_1_pro_high,45.41076952372606,3
481,gpt_5_6_sol_max,42.95717776765376,4
481,claude_opus_4_8_max,40.8773739304521,5
481,gpt_5_5_xhigh,38.71821294406689,6
481,deepseek_v4_flash_max,37.77375795593999,7
481,glm_5_2_max,28.050118566819982,8
481,qwen3_8_max,18.99098486772801,9
481,deepseek_v4_pro_max,18.39152345287056,10
482,deepseek_v4_flash_max,68.85595973802468,1
482,deepseek_v4_pro_max,68.45817873488335,2
482,gpt_5_6_sol_max,60.045068999022554,3
482,qwen3_8_max,55.80110114028193,4
482,claude_fable_5_max,53.912048530166274,5
482,gemini_3_1_pro_high,44.378186736370765,6
482,claude_opus_4_8_max,37.59903306485734,7
482,kimi_k3_max,34.4006399650033,8
482,gpt_5_5_xhigh,31.591704561501437,9
482,glm_5_2_max,30.64952965679049,10
483,claude_fable_5_max,73.79673169079598,1
483,deepseek_v4_flash_max,69.29897028979612,2
483,kimi_k3_max,68.81647110593602,3
483,claude_opus_4_8_max,67.26854280263214,4
483,gpt_5_6_sol_max,61.69463714712483,5
483,deepseek_v4_pro_max,52.5021169521129,6
483,gpt_5_5_xhigh,48.84704036312482,7
483,glm_5_2_max,45.522312678688266,8
483,gemini_3_1_pro_high,39.3454188000788,9
483,qwen3_8_max,34.80239893521691,10
484,deepseek_v4_flash_max,74.26057912495966,1
484,qwen3_8_max,70.65763617406071,2
484,claude_opus_4_8_max,56.97421066994342,3
484,kimi_k3_max,55.29725412111373,4
484,gpt_5_5_xhigh,51.735837654055594,5
484,gpt_5_6_sol_max,47.92569778794562,6
484,gemini_3_1_pro_high,42.969487052397696,7
484,glm_5_2_max,42.84542845284762,8
484,claude_fable_5_max,41.69807827095901,9
484,deepseek_v4_pro_max,26.621015439816105,10
485,kimi_k3_max,63.17320908075554,1
485,claude_fable_5_max,62.49679690229741,2
485,gpt_5_5_xhigh,53.53779644325552,3
485,gpt_5_6_sol_max,52.02130462226859,4
485,qwen3_8_max,48.91441635060578,5
485,glm_5_2_max,48.34001319993155,6
485,claude_opus_4_8_max,48.199066686253865,7
485,deepseek_v4_pro_max,46.02903523369647,8
485,gemini_3_1_pro_high,40.569301874054766,9
485,deepseek_v4_flash_max,39.8108463844473,10
486,gpt_5_6_sol_max,65.29907056247836,1
486,claude_fable_5_max,62.552528980952914,2
486,deepseek_v4_flash_max,52.868305971104,3
486,kimi_k3_max,52.81938434059103,4
486,gemini_3_1_pro_high,52.43769428280212,5
486,glm_5_2_max,47.6877363243139,6
486,deepseek_v4_pro_max,45.171296377519155,7
486,claude_opus_4_8_max,44.17148018706371,8
486,gpt_5_5_xhigh,43.50435947515873,9
486,qwen3_8_max,23.831523620830865,10
487,gpt_5_6_sol_max,69.62885263403886,1
487,qwen3_8_max,63.334625794670934,2
487,deepseek_v4_flash_max,63.137287311876726,3
487,gemini_3_1_pro_high,58.61134375156589,4
487,glm_5_2_max,56.251599710897636,5
487,claude_fable_5_max,48.5464097580815,6
487,gpt_5_5_xhigh,43.16900921177712,7
487,deepseek_v4_pro_max,33.938863313200045,8
487,claude_opus_4_8_max,28.967927214819145,9
487,kimi_k3_max,24.125167080864944,10
488,deepseek_v4_flash_max,62.05775810336529,1
488,gpt_5_5_xhigh,61.60101307257144,2
488,gpt_5_6_sol_max,58.21437512412176,3
488,kimi_k3_max,55.269979875026756,4
488,glm_5_2_max,53.877164102085786,5
488,qwen3_8_max,52.56105745621965,6
488,gemini_3_1_pro_high,45.531732012361644,7
488,claude_opus_4_8_max,42.44385048491869,8
488,claude_fable_5_max,27.86549479052833,9
488,deepseek_v4_pro_max,22.755931777872107,10
489,kimi_k3_max,73.1735621991891,1
489,glm_5_2_max,68.4503820301216,2
489,claude_fable_5_max,55.07341967722034,3
489,gpt_5_6_sol_max,52.37678564589774,4
489,qwen3_8_max,51.80155249073393,5
489,gpt_5_5_xhigh,50.78922602309642,6
489,gemini_3_1_pro_high,43.26697792955289,7
489,deepseek_v4_flash_max,31.976162608752382,8
489,claude_opus_4_8_max,31.065229182699746,9
489,deepseek_v4_pro_max,26.212411741066955,10
490,deepseek_v4_flash_max,78.73273713607004,1
490,glm_5_2_max,51.39042856112284,2
490,deepseek_v4_pro_max,45.47511794999913,3
490,qwen3_8_max,44.8977067719733,4
490,kimi_k3_max,44.32920878464881,5
490,gpt_5_6_sol_max,43.63208594590359,6
490,claude_opus_4_8_max,42.115357068826796,7
490,claude_fable_5_max,30.043704504989446,8
490,gemini_3_1_pro_high,28.3339982477603,9
490,gpt_5_5_xhigh,24.940316984292135,10
491,kimi_k3_max,64.86914624079091,1
491,gemini_3_1_pro_high,63.65453656624453,2
491,qwen3_8_max,58.129451636437864,3
491,claude_fable_5_max,56.22847597977603,4
491,gpt_5_6_sol_max,54.38487472116517,5
491,gpt_5_5_xhigh,45.45622240191337,6
491,claude_opus_4_8_max,44.90553553055564,7
491,deepseek_v4_pro_max,31.24333150854386,8
491,glm_5_2_max,26.912376158254215,9
491,deepseek_v4_flash_max,25.92398159254049,10
492,deepseek_v4_flash_max,71.09893164767897,1
492,claude_fable_5_max,69.07571450860725,2
492,gpt_5_6_sol_max,59.125484047293654,3
492,qwen3_8_max,56.902337847750985,4
492,gpt_5_5_xhigh,51.41316745595866,5
492,kimi_k3_max,48.2591853640926,6
492,claude_opus_4_8_max,42.13025590727824,7
492,glm_5_2_max,38.0368038713293,8
492,gemini_3_1_pro_high,34.67772559713449,9
492,deepseek_v4_pro_max,26.00456592649953,10
493,deepseek_v4_pro_max,67.86517266123963,1
493,qwen3_8_max,54.5740200930014,2
493,claude_fable_5_max,48.48811338784372,3
493,glm_5_2_max,40.671257173113986,4
493,gpt_5_5_xhigh,40.25212785090937,5
493,gemini_3_1_pro_high,34.13238549857627,6
493,gpt_5_6_sol_max,33.86356653577388,7
493,claude_opus_4_8_max,28.997998242586316,8
493,kimi_k3_max,26.350565785252318,9
493,deepseek_v4_flash_max,25.78406885108508,10
494,deepseek_v4_flash_max,60.00173256644874,1
494,gpt_5_6_sol_max,57.60003601958536,2
494,qwen3_8_max,55.66531597498454,3
494,claude_fable_5_max,54.558319791344395,4
494,deepseek_v4_pro_max,50.74026645399887,5
494,glm_5_2_max,43.34873454137001,6
494,gpt_5_5_xhigh,23.5735682042854,7
494,gemini_3_1_pro_high,22.294212285898432,8
494,kimi_k3_max,16.359938518456072,9
494,claude_opus_4_8_max,15.596485789664225,10
495,deepseek_v4_flash_max,72.64545719777742,1
495,claude_fable_5_max,66.27460369261809,2
495,kimi_k3_max,64.11307378725942,3
495,qwen3_8_max,63.55866143856295,4
495,gemini_3_1_pro_high,54.41352514790179,5
495,gpt_5_6_sol_max,49.110169814642745,6
495,glm_5_2_max,47.965986548851895,7
495,deepseek_v4_pro_max,38.264415374316414,8
495,gpt_5_5_xhigh,37.99644850511625,9
495,claude_opus_4_8_max,33.94189360136533,10
496,kimi_k3_max,71.51949599852692,1
496,gpt_5_6_sol_max,51.278534189491154,2
496,gemini_3_1_pro_high,49.97122247520468,3
496,claude_fable_5_max,46.60322163622246,4
496,deepseek_v4_pro_max,42.792953297453785,5
496,qwen3_8_max,37.34643395137307,6
496,claude_opus_4_8_max,36.58980525253531,7
496,gpt_5_5_xhigh,33.57720286083533,8
496,deepseek_v4_flash_max,30.371152540648282,9
496,glm_5_2_max,19.55302607226873,10
497,claude_opus_4_8_max,65.71642400040238,1
497,gpt_5_5_xhigh,60.45327151318272,2
497,qwen3_8_max,58.966629655226214,3
497,glm_5_2_max,58.763497228739574,4
497,kimi_k3_max,57.34976511452106,5
497,gpt_5_6_sol_max,49.51188937351993,6
497,deepseek_v4_flash_max,47.4032511174058,7
497,claude_fable_5_max,45.611394474216766,8
497,deepseek_v4_pro_max,42.85685917392715,9
497,gemini_3_1_pro_high,31.286258679617703,10
498,qwen3_8_max,69.7761539523847,1
498,kimi_k3_max,68.86438571772598,2
498,gemini_3_1_pro_high,60.71482371174724,3
498,gpt_5_5_xhigh,58.50217017803213,4
498,gpt_5_6_sol_max,58.39554392435772,5
498,deepseek_v4_pro_max,51.44743841009373,6
498,deepseek_v4_flash_max,49.37773253913643,7
498,claude_opus_4_8_max,47.64685154537545,8
498,glm_5_2_max,43.86771417889706,9
498,claude_fable_5_max,39.48759646447182,10
499,claude_opus_4_8_max,82.32497552967794,1
499,deepseek_v4_flash_max,60.58881584872486,2
499,gpt_5_5_xhigh,53.210924328035865,3
499,deepseek_v4_pro_max,50.51526709753824,4
499,kimi_k3_max,49.32278531057044,5
499,glm_5_2_max,48.86515529788746,6
499,gemini_3_1_pro_high,37.9616650378361,7
499,claude_fable_5_max,34.85528947700131,8
499,qwen3_8_max,34.610974359168324,9
499,gpt_5_6_sol_max,32.663061452480655,10
500,gemini_3_1_pro_high,60.44206233421531,1
500,claude_fable_5_max,39.77500490652955,2
500,kimi_k3_max,39.18407613234189,3
500,glm_5_2_max,37.68373911613469,4
500,deepseek_v4_pro_max,37.61457551175147,5
500,gpt_5_6_sol_max,36.7020093236237,6
500,deepseek_v4_flash_max,36.57835472161848,7
500,qwen3_8_max,28.841360690541293,8
500,claude_opus_4_8_max,26.610941912211835,9
500,gpt_5_5_xhigh,22.88375618770063,10
501,claude_fable_5_max,75.48088896705576,1
501,deepseek_v4_flash_max,56.30827588710842,2
501,kimi_k3_max,54.40544672614138,3
501,gpt_5_5_xhigh,48.553739142269066,4
501,deepseek_v4_pro_max,43.87814731696752,5
501,gpt_5_6_sol_max,41.32087275327722,6
501,qwen3_8_max,32.867913740461006,7
501,glm_5_2_max,32.74523615325813,8
501,claude_opus_4_8_max,31.637249209642555,9
501,gemini_3_1_pro_high,25.09007774444555,10
502,glm_5_2_max,63.935093589014855,1
502,qwen3_8_max,47.28242776569695,2
502,claude_fable_5_max,46.77178568628262,3
502,claude_opus_4_8_max,41.092266641566525,4
502,gpt_5_5_xhigh,34.62145979754253,5
502,deepseek_v4_pro_max,33.02999830526971,6
502,gemini_3_1_pro_high,32.230181011514944,7
502,deepseek_v4_flash_max,26.943001185549562,8
502,kimi_k3_max,26.297636965495187,9
502,gpt_5_6_sol_max,20.740658678380978,10
503,claude_opus_4_8_max,72.59968226014021,1
503,qwen3_8_max,67.70544005916406,2
503,glm_5_2_max,66.5912260960601,3
503,deepseek_v4_pro_max,65.7942093528799,4
503,gemini_3_1_pro_high,57.53814632231817,5
503,kimi_k3_max,54.249976478595386,6
503,claude_fable_5_max,53.05844809804722,7
503,gpt_5_5_xhigh,52.65613872563729,8
503,deepseek_v4_flash_max,46.6868022613334,9
503,gpt_5_6_sol_max,41.19612226085068,10
504,claude_fable_5_max,67.54516393704102,1
504,kimi_k3_max,66.78139248963177,2
504,claude_opus_4_8_max,61.852689131794655,3
504,deepseek_v4_pro_max,60.85385014527911,4
504,qwen3_8_max,54.68817525033183,5
504,gemini_3_1_pro_high,54.65034732765458,6
504,gpt_5_5_xhigh,43.71357036556393,7
504,gpt_5_6_sol_max,30.833167150743897,8
504,glm_5_2_max,29.005948508669015,9
504,deepseek_v4_flash_max,9.328428016157861,10
505,qwen3_8_max,75.48208092148523,1
505,glm_5_2_max,65.21568394044326,2
505,claude_opus_4_8_max,65.00194682276151,3
505,gpt_5_5_xhigh,60.66339090326903,4
505,kimi_k3_max,55.05537121790006,5
505,deepseek_v4_pro_max,52.829671237422076,6
505,claude_fable_5_max,46.54326796127826,7
505,gpt_5_6_sol_max,42.40631542067886,8
505,gemini_3_1_pro_high,42.081706856518224,9
505,deepseek_v4_flash_max,23.00504792159614,10
506,deepseek_v4_pro_max,74.0543572844646,1
506,gpt_5_6_sol_max,53.06774079664311,2
506,claude_fable_5_max,51.90257808848522,3
506,qwen3_8_max,51.73183096717177,4
506,deepseek_v4_flash_max,40.497343729081436,5
506,claude_opus_4_8_max,30.87358114165829,6
506,kimi_k3_max,30.175280198994294,7
506,gpt_5_5_xhigh,29.47090090643839,8
506,gemini_3_1_pro_high,29.38097972487408,9
506,glm_5_2_max,28.448401323772835,10
507,gemini_3_1_pro_high,75.93775319227878,1
507,deepseek_v4_pro_max,64.03911855743799,2
507,kimi_k3_max,56.203325418715835,3
507,gpt_5_5_xhigh,50.86732184753205,4
507,glm_5_2_max,50.75298514526879,5
507,gpt_5_6_sol_max,42.08419891636076,6
507,qwen3_8_max,41.296318362888556,7
507,claude_opus_4_8_max,38.55968476131187,8
507,claude_fable_5_max,32.34190951467731,9
507,deepseek_v4_flash_max,19.08571819941085,10
508,glm_5_2_max,79.90613252272783,1
508,gemini_3_1_pro_high,62.84120521807788,2
508,gpt_5_6_sol_max,62.411206521183345,3
508,claude_opus_4_8_max,58.65664865069107,4
508,gpt_5_5_xhigh,58.40669609648917,5
508,kimi_k3_max,57.74312865752103,6
508,claude_fable_5_max,45.51682986772645,7
508,qwen3_8_max,42.40170781378105,8
508,deepseek_v4_flash_max,32.914940545387296,9
508,deepseek_v4_pro_max,20.065266555902987,10
509,kimi_k3_max,73.38211143701425,1
509,qwen3_8_max,72.64398810094619,2
509,gpt_5_6_sol_max,64.17302054372995,3
509,deepseek_v4_flash_max,55.89319829242925,4
509,gemini_3_1_pro_high,55.854587133801864,5
509,glm_5_2_max,52.95675719586465,6
509,claude_opus_4_8_max,52.32437435626066,7
509,gpt_5_5_xhigh,49.23219204368512,8
509,deepseek_v4_pro_max,42.63904026473797,9
509,claude_fable_5_max,36.03110898846827,10
510,deepseek_v4_pro_max,67.24033040947307,1
510,kimi_k3_max,63.6682997254378,2
510,gpt_5_6_sol_max,62.622455976108895,3
510,claude_opus_4_8_max,59.44046517099578,4
510,claude_fable_5_max,56.903545148260626,5
510,gemini_3_1_pro_high,56.27723256865606,6
510,deepseek_v4_flash_max,50.585161643781895,7
510,gpt_5_5_xhigh,50.1024002642181,8
510,qwen3_8_max,41.908648998526694,9
510,glm_5_2_max,24.685398912194508,10
511,claude_fable_5_max,85.61428642763993,1
511,gpt_5_5_xhigh,44.54728728344342,2
511,deepseek_v4_pro_max,42.56897727739154,3
511,deepseek_v4_flash_max,42.383557147446595,4
511,claude_opus_4_8_max,41.43820360421946,5
511,gpt_5_6_sol_max,38.629674968459135,6
511,qwen3_8_max,37.40232262815712,7
511,kimi_k3_max,34.08860971847046,8
511,glm_5_2_max,24.06279108029492,9
511,gemini_3_1_pro_high,21.754467890506085,10
512,kimi_k3_max,79.65205326455114,1
512,claude_fable_5_max,70.36665191773366,2
512,deepseek_v4_flash_max,66.70799198698958,3
512,deepseek_v4_pro_max,65.74982725790605,4
512,gemini_3_1_pro_high,64.76426433926223,5
512,qwen3_8_max,49.92288124063229,6
512,gpt_5_6_sol_max,40.74907526779572,7
512,claude_opus_4_8_max,36.121679834387564,8
512,gpt_5_5_xhigh,33.20949293418668,9
512,glm_5_2_max,31.65227176643156,10
513,gpt_5_5_xhigh,71.25286970451998,1
513,glm_5_2_max,62.13096023751754,2
513,gpt_5_6_sol_max,53.69669063572465,3
513,claude_opus_4_8_max,48.17767272894279,4
513,claude_fable_5_max,47.923459912753856,5
513,qwen3_8_max,45.1755991196355,6
513,kimi_k3_max,40.02216885678521,7
513,deepseek_v4_flash_max,33.60948114049749,8
513,gemini_3_1_pro_high,32.62071290036825,9
513,deepseek_v4_pro_max,26.49394596400198,10
514,deepseek_v4_flash_max,67.84336062152565,1
514,glm_5_2_max,62.1202817482962,2
514,claude_opus_4_8_max,56.59695189547281,3
514,gpt_5_6_sol_max,55.837477130743935,4
514,claude_fable_5_max,52.84584423882083,5
514,gemini_3_1_pro_high,48.20495293658276,6
514,gpt_5_5_xhigh,38.78335564637092,7
514,kimi_k3_max,32.88166897025526,8
514,qwen3_8_max,30.771222253048855,9
514,deepseek_v4_pro_max,22.97153201779338,10
515,deepseek_v4_pro_max,83.02450434885223,1
515,claude_opus_4_8_max,61.914000575700115,2
515,claude_fable_5_max,45.588264705312795,3
515,qwen3_8_max,42.635786185282036,4
515,kimi_k3_max,39.51321943422191,5
515,glm_5_2_max,33.75022333176887,6
515,gemini_3_1_pro_high,32.12652154575041,7
515,gpt_5_6_sol_max,31.418289435460675,8
515,gpt_5_5_xhigh,26.84361856282605,9
515,deepseek_v4_flash_max,13.830297352029241,10
516,deepseek_v4_flash_max,81.18424862157214,1
516,gemini_3_1_pro_high,74.86828086175494,2
516,glm_5_2_max,73.26991533294847,3
516,gpt_5_6_sol_max,62.3599961709655,4
516,gpt_5_5_xhigh,49.85827124177514,5
516,claude_opus_4_8_max,48.32245031902149,6
516,claude_fable_5_max,40.40372694575583,7
516,kimi_k3_max,37.35314360003073,8
516,deepseek_v4_pro_max,27.428596974076946,9
516,qwen3_8_max,25.220107799662777,10
517,claude_fable_5_max,74.22067603912402,1
517,deepseek_v4_flash_max,50.89809754871423,2
517,gpt_5_5_xhigh,40.752530642653504,3
517,claude_opus_4_8_max,39.49206667515321,4
517,kimi_k3_max,39.18839523767946,5
517,gpt_5_6_sol_max,37.44715775030146,6
517,gemini_3_1_pro_high,35.341027299172424,7
517,qwen3_8_max,31.272642065313672,8
517,glm_5_2_max,19.014506713780634,9
517,deepseek_v4_pro_max,16.080166808445494,10
518,glm_5_2_max,71.48926597019235,1
518,claude_opus_4_8_max,70.15896384401023,2
518,gpt_5_6_sol_max,62.39509840509869,3
518,gpt_5_5_xhigh,59.96759218675798,4
518,claude_fable_5_max,53.48870212502234,5
518,kimi_k3_max,49.69669184697635,6
518,qwen3_8_max,46.61315175480969,7
518,deepseek_v4_pro_max,34.02867620137296,8
518,deepseek_v4_flash_max,26.999393318905817,9
518,gemini_3_1_pro_high,26.49781604005146,10
519,claude_fable_5_max,73.45769363993568,1
519,qwen3_8_max,66.58701991594319,2
519,gpt_5_5_xhigh,63.501585782867906,3
519,kimi_k3_max,58.320471608383215,4
519,gpt_5_6_sol_max,54.117962531527674,5
519,claude_opus_4_8_max,53.76285998587457,6
519,deepseek_v4_pro_max,51.190848542891956,7
519,deepseek_v4_flash_max,42.853809435656444,8
519,glm_5_2_max,39.53798574774806,9
519,gemini_3_1_pro_high,39.22933671755135,10
520,claude_fable_5_max,60.51064576185584,1
520,deepseek_v4_pro_max,49.2522838945583,2
520,qwen3_8_max,48.897980946136286,3
520,gpt_5_5_xhigh,42.74282325024333,4
520,gpt_5_6_sol_max,33.296381714302306,5
520,glm_5_2_max,31.241922588860007,6
520,gemini_3_1_pro_high,28.915103483525225,7
520,claude_opus_4_8_max,27.93225711217459,8
520,kimi_k3_max,24.143906175035454,9
520,deepseek_v4_flash_max,1.507682906138003,10
521,kimi_k3_max,78.43453163935969,1
521,claude_fable_5_max,73.63170727269753,2
521,gpt_5_6_sol_max,61.564557812136044,3
521,gpt_5_5_xhigh,56.91464901264988,4
521,deepseek_v4_flash_max,54.96555000448923,5
521,deepseek_v4_pro_max,53.801398938408056,6
521,claude_opus_4_8_max,47.975487360739464,7
521,qwen3_8_max,36.97552285357863,8
521,glm_5_2_max,36.06977345157249,9
521,gemini_3_1_pro_high,26.225807306431648,10
522,deepseek_v4_pro_max,72.8349096795258,1
522,qwen3_8_max,72.16035464823227,2
522,gpt_5_6_sol_max,59.36068231806756,3
522,gpt_5_5_xhigh,55.099341257784076,4
522,claude_opus_4_8_max,51.99387529450837,5
522,gemini_3_1_pro_high,50.59051154200132,6
522,claude_fable_5_max,44.530673638762075,7
522,kimi_k3_max,40.74638501926357,8
522,glm_5_2_max,34.08683661106925,9
522,deepseek_v4_flash_max,21.015151020852116,10
523,deepseek_v4_flash_max,70.27565109821484,1
523,claude_fable_5_max,63.854278343946376,2
523,qwen3_8_max,61.23268214341175,3
523,gemini_3_1_pro_high,57.13142338717532,4
523,kimi_k3_max,51.570828590450205,5
523,gpt_5_5_xhigh,50.52396482701968,6
523,deepseek_v4_pro_max,40.39123343657389,7
523,gpt_5_6_sol_max,40.207178672151414,8
523,claude_opus_4_8_max,30.048721679899558,9
523,glm_5_2_max,28.812735736798523,10
524,claude_fable_5_max,65.0751241862384,1
524,gpt_5_6_sol_max,56.9971357082202,2
524,claude_opus_4_8_max,45.49865001486753,3
524,gpt_5_5_xhigh,43.70958756707938,4
524,kimi_k3_max,42.742853875296795,5
524,gemini_3_1_pro_high,40.95410666631714,6
524,deepseek_v4_pro_max,31.602537716300183,7
524,qwen3_8_max,24.36868180217177,8
524,glm_5_2_max,23.415643572265637,9
524,deepseek_v4_flash_max,20.687586731404288,10
525,glm_5_2_max,61.39341812683638,1
525,claude_fable_5_max,61.17987789935717,2
525,gpt_5_5_xhigh,55.42517604937672,3
525,gpt_5_6_sol_max,53.58845776516385,4
525,claude_opus_4_8_max,51.35101488413231,5
525,kimi_k3_max,47.74103831791887,6
525,deepseek_v4_pro_max,47.49005051616224,7
525,gemini_3_1_pro_high,42.504287824174035,8
525,qwen3_8_max,39.17285878718441,9
525,deepseek_v4_flash_max,24.0089893965903,10
526,deepseek_v4_flash_max,77.23461411520745,1
526,claude_fable_5_max,63.39517933756081,2
526,claude_opus_4_8_max,56.09985052776563,3
526,gemini_3_1_pro_high,53.3285190385669,4
526,kimi_k3_max,40.946960230524525,5
526,glm_5_2_max,39.96996767207661,6
526,gpt_5_5_xhigh,38.77540374275318,7
526,gpt_5_6_sol_max,38.40380165925616,8
526,deepseek_v4_pro_max,35.02510808613308,9
526,qwen3_8_max,34.253539421255425,10
527,claude_fable_5_max,73.55903188409887,1
527,glm_5_2_max,62.678443203956334,2
527,gpt_5_6_sol_max,56.63970879390103,3
527,gpt_5_5_xhigh,53.47816431290947,4
527,gemini_3_1_pro_high,51.998702407620335,5
527,kimi_k3_max,51.2583102853785,6
527,deepseek_v4_pro_max,49.73867927994864,7
527,qwen3_8_max,39.61032784608675,8
527,deepseek_v4_flash_max,33.99443588320999,9
527,claude_opus_4_8_max,23.680967076764084,10
528,gemini_3_1_pro_high,65.99225734117091,1
528,glm_5_2_max,62.99011436285997,2
528,gpt_5_6_sol_max,60.80024857817764,3
528,qwen3_8_max,56.58426742521708,4
528,kimi_k3_max,56.13875051789114,5
528,claude_fable_5_max,55.13211994436943,6
528,deepseek_v4_pro_max,51.709906568472285,7
528,claude_opus_4_8_max,49.718981409583485,8
528,gpt_5_5_xhigh,46.976715849851324,9
528,deepseek_v4_flash_max,35.44050217837978,10
529,deepseek_v4_flash_max,73.24954474799056,1
529,gpt_5_5_xhigh,55.39652027925729,2
529,claude_fable_5_max,54.51726488198454,3
529,gemini_3_1_pro_high,51.37058790910122,4
529,qwen3_8_max,41.63848704371565,5
529,gpt_5_6_sol_max,40.32464543058466,6
529,glm_5_2_max,37.570629939681126,7
529,kimi_k3_max,35.42495006409565,8
529,claude_opus_4_8_max,34.432830297685875,9
529,deepseek_v4_pro_max,21.611894442430003,10
530,deepseek_v4_pro_max,80.24842735480844,1
530,kimi_k3_max,79.995682800198,2
530,gpt_5_5_xhigh,63.74835443280556,3
530,claude_fable_5_max,51.44102717955098,4
530,gemini_3_1_pro_high,49.55758972074886,5
530,qwen3_8_max,46.20801493279973,6
530,claude_opus_4_8_max,44.909988065855146,7
530,deepseek_v4_flash_max,36.82091372980548,8
530,glm_5_2_max,35.32739290814247,9
530,gpt_5_6_sol_max,33.15513681185831,10
531,claude_fable_5_max,75.71377885261572,1
531,gpt_5_5_xhigh,61.89764404426917,2
531,glm_5_2_max,46.2031595614383,3
531,claude_opus_4_8_max,42.79269709748793,4
531,deepseek_v4_flash_max,42.4975672312528,5
531,gpt_5_6_sol_max,36.92237289338712,6
531,deepseek_v4_pro_max,35.51112383709601,7
531,kimi_k3_max,35.03433417665781,8
531,qwen3_8_max,33.715313563080905,9
531,gemini_3_1_pro_high,32.581981565695536,10
532,deepseek_v4_pro_max,70.6858379298922,1
532,claude_opus_4_8_max,66.77895808301116,2
532,gpt_5_6_sol_max,66.02251421015002,3
532,glm_5_2_max,64.4248614406312,4
532,kimi_k3_max,55.354746488043894,5
532,qwen3_8_max,54.80033656586346,6
532,gemini_3_1_pro_high,53.32569855959967,7
532,claude_fable_5_max,46.76585400555546,8
532,gpt_5_5_xhigh,39.40310901327014,9
532,deepseek_v4_flash_max,38.61642775904034,10
533,qwen3_8_max,78.83732987648136,1
533,gpt_5_5_xhigh,75.72978044531361,2
533,gemini_3_1_pro_high,73.37520058958336,3
533,glm_5_2_max,72.94710536169282,4
533,deepseek_v4_flash_max,70.02273381440519,5
533,kimi_k3_max,68.09588532848994,6
533,claude_opus_4_8_max,62.79404877975219,7
533,claude_fable_5_max,40.71439811114309,8
533,gpt_5_6_sol_max,39.952040056482126,9
533,deepseek_v4_pro_max,2.5512377541312916,10
534,claude_fable_5_max,81.76427670759381,1
534,deepseek_v4_pro_max,68.65818623861273,2
534,gpt_5_6_sol_max,63.8158630486508,3
534,kimi_k3_max,50.95743490621889,4
534,claude_opus_4_8_max,48.00989399911668,5
534,gpt_5_5_xhigh,47.87555998788585,6
534,gemini_3_1_pro_high,47.569829859617606,7
534,glm_5_2_max,39.771189875342756,8
534,qwen3_8_max,34.61508455401916,9
534,deepseek_v4_flash_max,29.373941894632743,10
535,deepseek_v4_pro_max,89.85232195398794,1
535,qwen3_8_max,65.50894146614641,2
535,gpt_5_5_xhigh,48.97072198009298,3
535,gpt_5_6_sol_max,47.334923737572595,4
535,gemini_3_1_pro_high,35.22546991541689,5
535,kimi_k3_max,34.063815420314086,6
535,glm_5_2_max,31.53502047124934,7
535,claude_fable_5_max,29.181414242341752,8
535,claude_opus_4_8_max,25.861279195935932,9
535,deepseek_v4_flash_max,22.8264262890731,10
536,deepseek_v4_flash_max,75.17866386059482,1
536,gemini_3_1_pro_high,71.6076013396206,2
536,qwen3_8_max,66.55325924468272,3
536,gpt_5_6_sol_max,59.884455971513916,4
536,claude_opus_4_8_max,56.91612940597406,5
536,claude_fable_5_max,53.026223807338766,6
536,kimi_k3_max,52.990984750357136,7
536,gpt_5_5_xhigh,46.80032583497216,8
536,glm_5_2_max,30.452175306024998,9
536,deepseek_v4_pro_max,23.545514861495,10
537,claude_fable_5_max,75.35018452044102,1
537,gemini_3_1_pro_high,66.25172580827075,2
537,claude_opus_4_8_max,61.106083661987235,3
537,kimi_k3_max,48.33124884263397,4
537,deepseek_v4_pro_max,33.212134706200956,5
537,gpt_5_6_sol_max,31.977183639239648,6
537,gpt_5_5_xhigh,31.58990418577205,7
537,glm_5_2_max,22.72458434475525,8
537,qwen3_8_max,20.56144928702668,9
537,deepseek_v4_flash_max,14.591660412385325,10
538,claude_fable_5_max,72.62431827466924,1
538,gemini_3_1_pro_high,70.18528160107904,2
538,claude_opus_4_8_max,66.24947458444775,3
538,kimi_k3_max,63.8115503768361,4
538,qwen3_8_max,59.7732626984172,5
538,gpt_5_6_sol_max,58.356598811517756,6
538,glm_5_2_max,51.27947701487321,7
538,gpt_5_5_xhigh,46.663978345110166,8
538,deepseek_v4_pro_max,41.651936534459075,9
538,deepseek_v4_flash_max,17.29883679351386,10
539,deepseek_v4_flash_max,73.87379899392403,1
539,claude_fable_5_max,57.097001304681626,2
539,claude_opus_4_8_max,48.4647161262283,3
539,glm_5_2_max,38.502789942846675,4
539,gpt_5_6_sol_max,38.15736342806871,5
539,gpt_5_5_xhigh,37.11663545164856,6
539,gemini_3_1_pro_high,29.664790308913034,7
539,kimi_k3_max,26.218337672029893,8
539,qwen3_8_max,26.016062627309765,9
539,deepseek_v4_pro_max,5.925809766439995,10
540,claude_fable_5_max,80.31618679302903,1
540,gemini_3_1_pro_high,54.91012468016453,2
540,gpt_5_5_xhigh,44.96051202021727,3
540,gpt_5_6_sol_max,41.888428418686786,4
540,kimi_k3_max,39.66249048744858,5
540,qwen3_8_max,39.39633473773979,6
540,deepseek_v4_flash_max,37.43851717747638,7
540,claude_opus_4_8_max,35.114422809176716,8
540,glm_5_2_max,23.355166163282565,9
540,deepseek_v4_pro_max,9.768695537855464,10
541,claude_fable_5_max,78.29718723268257,1
541,gpt_5_5_xhigh,52.75645282678511,2
541,claude_opus_4_8_max,43.704709160138954,3
541,deepseek_v4_pro_max,43.45999362163394,4
541,qwen3_8_max,41.05575054775779,5
541,gpt_5_6_sol_max,40.01210118263182,6
541,gemini_3_1_pro_high,38.00351758310212,7
541,deepseek_v4_flash_max,36.080623814272165,8
541,kimi_k3_max,28.595462319275303,9
541,glm_5_2_max,28.068773821607042,10
542,claude_fable_5_max,67.55838763574627,1
542,qwen3_8_max,61.50055163330743,2
542,kimi_k3_max,60.12300705079237,3
542,glm_5_2_max,56.8593082110225,4
542,gpt_5_6_sol_max,55.277558041909344,5
542,gpt_5_5_xhigh,35.47103308781271,6
542,deepseek_v4_flash_max,31.954721424976604,7
542,gemini_3_1_pro_high,31.871926129709742,8
542,claude_opus_4_8_max,28.059959150119937,9
542,deepseek_v4_pro_max,17.67599259652456,10
543,claude_opus_4_8_max,72.76244221417922,1
543,gpt_5_5_xhigh,66.36928460151609,2
543,gemini_3_1_pro_high,64.582254401597,3
543,gpt_5_6_sol_max,60.06887544008208,4
543,glm_5_2_max,56.67952532322512,5
543,qwen3_8_max,50.049332141029296,6
543,deepseek_v4_pro_max,41.22850911144014,7
543,kimi_k3_max,39.54042044622719,8
543,deepseek_v4_flash_max,36.459950378596275,9
543,claude_fable_5_max,21.19308056787904,10
544,deepseek_v4_flash_max,81.69131137765339,1
544,kimi_k3_max,76.43674943863057,2
544,claude_fable_5_max,68.40172612644464,3
544,qwen3_8_max,50.868278757821265,4
544,gpt_5_6_sol_max,49.34894442232221,5
544,claude_opus_4_8_max,48.72282834177541,6
544,glm_5_2_max,45.37713326843533,7
544,deepseek_v4_pro_max,38.37518717890275,8
544,gpt_5_5_xhigh,36.31769947422267,9
544,gemini_3_1_pro_high,21.932605813944065,10
545,deepseek_v4_pro_max,71.45071138578861,1
545,glm_5_2_max,70.22508740813836,2
545,gpt_5_6_sol_max,63.93935952107877,3
545,qwen3_8_max,61.11016285497269,4
545,gpt_5_5_xhigh,59.024555445854666,5
545,gemini_3_1_pro_high,44.14363088422148,6
545,claude_opus_4_8_max,37.52297721727515,7
545,claude_fable_5_max,37.43539840372957,8
545,kimi_k3_max,25.907108462443635,9
545,deepseek_v4_flash_max,22.261783260706824,10
546,claude_fable_5_max,80.92649457234563,1
546,gpt_5_6_sol_max,64.49457466297308,2
546,gpt_5_5_xhigh,60.57721443078864,3
546,gemini_3_1_pro_high,47.00308823099228,4
546,kimi_k3_max,44.58516798380155,5
546,deepseek_v4_flash_max,37.37114334380803,6
546,glm_5_2_max,33.58109985337975,7
546,deepseek_v4_pro_max,31.898620214524612,8
546,qwen3_8_max,31.115159642673287,9
546,claude_opus_4_8_max,26.241631055279058,10
547,gemini_3_1_pro_high,80.46654612232294,1
547,deepseek_v4_pro_max,35.4125535428754,2
547,claude_fable_5_max,33.99093780351734,3
547,gpt_5_5_xhigh,30.530465641369645,4
547,claude_opus_4_8_max,29.410647729478892,5
547,qwen3_8_max,23.08551473215563,6
547,kimi_k3_max,20.387863013728065,7
547,gpt_5_6_sol_max,19.820828478640166,8
547,glm_5_2_max,18.182455279656242,9
547,deepseek_v4_flash_max,9.256822799709498,10
548,deepseek_v4_flash_max,92.84536354939885,1
548,gpt_5_5_xhigh,54.11475169508949,2
548,kimi_k3_max,53.834439249168646,3
548,gpt_5_6_sol_max,51.305080147094465,4
548,qwen3_8_max,48.03565345461062,5
548,claude_fable_5_max,46.52007101067721,6
548,claude_opus_4_8_max,39.1254796078887,7
548,deepseek_v4_pro_max,30.280656458570935,8
548,gemini_3_1_pro_high,29.299092451709438,9
548,glm_5_2_max,29.27334527549599,10
549,deepseek_v4_pro_max,82.60098088531412,1
549,gemini_3_1_pro_high,79.63739502950776,2
549,gpt_5_5_xhigh,71.69332848830145,3
549,gpt_5_6_sol_max,66.77627592537517,4
549,qwen3_8_max,65.43513225674755,5
549,claude_opus_4_8_max,61.83539988037373,6
549,glm_5_2_max,52.94319820432094,7
549,kimi_k3_max,44.18482550796054,8
549,claude_fable_5_max,43.93073759732874,9
549,deepseek_v4_flash_max,30.29663943453808,10
550,deepseek_v4_pro_max,86.95029161624126,1
550,claude_fable_5_max,68.40302622128185,2
550,gpt_5_6_sol_max,58.204341666964204,3
550,gemini_3_1_pro_high,50.824653036705826,4
550,deepseek_v4_flash_max,45.23300260485943,5
550,kimi_k3_max,45.06641856268572,6
550,glm_5_2_max,41.85800564750053,7
550,claude_opus_4_8_max,37.95110370190079,8
550,gpt_5_5_xhigh,34.503858517807075,9
550,qwen3_8_max,32.90448101416833,10
551,gpt_5_5_xhigh,70.42691012289671,1
551,deepseek_v4_pro_max,69.6759199618354,2
551,gpt_5_6_sol_max,41.770407128618665,3
551,kimi_k3_max,41.0833166700737,4
551,gemini_3_1_pro_high,40.39853579262713,5
551,glm_5_2_max,38.234585667364186,6
551,claude_opus_4_8_max,37.18231279700721,7
551,qwen3_8_max,36.04393229245244,8
551,deepseek_v4_flash_max,31.914397030914227,9
551,claude_fable_5_max,31.25080209188335,10
552,claude_fable_5_max,82.28982986668602,1
552,kimi_k3_max,73.02833529012905,2
552,gpt_5_6_sol_max,65.79306394056415,3
552,qwen3_8_max,63.59306914190441,4
552,glm_5_2_max,60.61655618826212,5
552,gpt_5_5_xhigh,60.475325521933236,6
552,claude_opus_4_8_max,57.37716333853822,7
552,gemini_3_1_pro_high,46.70079044789501,8
552,deepseek_v4_flash_max,46.46767758999287,9
552,deepseek_v4_pro_max,15.597807918938354,10
553,glm_5_2_max,69.15212709440041,1
553,deepseek_v4_pro_max,66.28863975353332,2
553,qwen3_8_max,54.3642616327548,3
553,deepseek_v4_flash_max,50.587690264928355,4
553,claude_opus_4_8_max,50.16577324562535,5
553,claude_fable_5_max,48.18281689387851,6
553,gpt_5_6_sol_max,46.22799243298747,7
553,gpt_5_5_xhigh,30.698852674441603,8
553,gemini_3_1_pro_high,27.411329794361954,9
553,kimi_k3_max,26.863212855945466,10
554,claude_fable_5_max,61.945054335440524,1
554,deepseek_v4_flash_max,60.23693122788428,2
554,kimi_k3_max,59.1587588653811,3
554,gpt_5_5_xhigh,47.119125128226315,4
554,glm_5_2_max,44.68764052326325,5
554,qwen3_8_max,43.6547477902469,6
554,claude_opus_4_8_max,34.17164933819045,7
554,gpt_5_6_sol_max,33.20095909310983,8
554,deepseek_v4_pro_max,24.08310621314417,9
554,gemini_3_1_pro_high,21.23552562171986,10
555,claude_opus_4_8_max,79.26817528246139,1
555,gemini_3_1_pro_high,73.68586387721139,2
555,gpt_5_6_sol_max,71.65237447575306,3
555,kimi_k3_max,64.705860723537,4
555,deepseek_v4_flash_max,64.61228847610478,5
555,glm_5_2_max,53.320533767771096,6
555,gpt_5_5_xhigh,51.31218307791098,7
555,claude_fable_5_max,48.12572206233402,8
555,qwen3_8_max,38.157913690804094,9
555,deepseek_v4_pro_max,23.532161556843917,10
556,claude_fable_5_max,74.06524770076878,1
556,deepseek_v4_flash_max,72.8445050858964,2
556,gpt_5_6_sol_max,68.6637468502741,3
556,gpt_5_5_xhigh,55.682565448751724,4
556,claude_opus_4_8_max,49.92988789441846,5
556,gemini_3_1_pro_high,45.610700325318284,6
556,glm_5_2_max,35.51096686718938,7
556,qwen3_8_max,34.003445742989705,8
556,kimi_k3_max,31.60447696083536,9
556,deepseek_v4_pro_max,14.220425442815408,10
557,qwen3_8_max,77.17956682833898,1
557,deepseek_v4_pro_max,70.19118718435824,2
557,claude_opus_4_8_max,57.80679711646815,3
557,gemini_3_1_pro_high,55.79934696984854,4
557,gpt_5_5_xhigh,54.41348213357897,5
557,glm_5_2_max,51.34469294632484,6
557,deepseek_v4_flash_max,48.98164879514034,7
557,claude_fable_5_max,41.03467526632964,8
557,kimi_k3_max,36.81549610007228,9
557,gpt_5_6_sol_max,26.19156185764514,10
558,deepseek_v4_pro_max,93.49799510490837,1
558,gemini_3_1_pro_high,68.88973683348352,2
558,glm_5_2_max,66.35566883951489,3
558,qwen3_8_max,65.08941917934311,4
558,gpt_5_5_xhigh,63.18796858490532,5
558,gpt_5_6_sol_max,50.875419880059326,6
558,kimi_k3_max,48.40381984581639,7
558,claude_opus_4_8_max,45.02937091673577,8
558,claude_fable_5_max,27.139772688474537,9
558,deepseek_v4_flash_max,23.60597655285229,10
559,deepseek_v4_pro_max,70.63359983744915,1
559,gpt_5_5_xhigh,68.17666848266431,2
559,deepseek_v4_flash_max,67.76830119455711,3
559,kimi_k3_max,58.61590507639271,4
559,gemini_3_1_pro_high,56.52721964456716,5
559,claude_opus_4_8_max,53.0019455257484,6
559,claude_fable_5_max,50.93223419927488,7
559,qwen3_8_max,45.57623130641285,8
559,gpt_5_6_sol_max,36.75332769889121,9
559,glm_5_2_max,33.4651071482552,10
560,gpt_5_6_sol_max,71.77530324388187,1
560,qwen3_8_max,71.3496159316389,2
560,claude_fable_5_max,66.97242979367503,3
560,gemini_3_1_pro_high,62.41865280378669,4
560,deepseek_v4_flash_max,57.77548204584514,5
560,gpt_5_5_xhigh,47.96477609971762,6
560,claude_opus_4_8_max,46.46687234965128,7
560,kimi_k3_max,43.74969076447155,8
560,glm_5_2_max,32.32416045536568,9
560,deepseek_v4_pro_max,15.445464919897217,10
561,claude_fable_5_max,80.3078448571105,1
561,deepseek_v4_pro_max,65.76169161624797,2
561,kimi_k3_max,61.4574022788118,3
561,gpt_5_6_sol_max,54.21097959837524,4
561,qwen3_8_max,47.8888719179065,5
561,claude_opus_4_8_max,46.41089974709899,6
561,gpt_5_5_xhigh,32.5511163765223,7
561,deepseek_v4_flash_max,31.923910190290627,8
561,glm_5_2_max,26.478418661972743,9
561,gemini_3_1_pro_high,16.967849231730064,10
562,gpt_5_6_sol_max,77.14642488790268,1
562,gemini_3_1_pro_high,63.53564852241836,2
562,kimi_k3_max,54.25862804918684,3
562,deepseek_v4_flash_max,53.293986228587826,4
562,glm_5_2_max,47.27340288710506,5
562,claude_fable_5_max,44.45251804401898,6
562,gpt_5_5_xhigh,41.94818648623722,7
562,qwen3_8_max,33.589862913565135,8
562,claude_opus_4_8_max,30.045443885829194,9
562,deepseek_v4_pro_max,27.37892261099507,10
563,claude_fable_5_max,68.4675728703046,1
563,deepseek_v4_pro_max,51.333757348337315,2
563,gpt_5_5_xhigh,42.070944782761615,3
563,qwen3_8_max,41.29217025631998,4
563,gpt_5_6_sol_max,40.084093649212306,5
563,glm_5_2_max,38.939644131545336,6
563,claude_opus_4_8_max,38.494632775026886,7
563,kimi_k3_max,38.30717060409691,8
563,deepseek_v4_flash_max,31.28757465883039,9
563,gemini_3_1_pro_high,16.06178119083368,10
564,gpt_5_6_sol_max,63.16217212183901,1
564,glm_5_2_max,61.189671220078615,2
564,qwen3_8_max,56.39968611135407,3
564,deepseek_v4_flash_max,56.3394124325541,4
564,claude_fable_5_max,55.87849025641002,5
564,gemini_3_1_pro_high,54.94967891039752,6
564,claude_opus_4_8_max,53.640917547254126,7
564,kimi_k3_max,38.87432138142833,8
564,gpt_5_5_xhigh,34.297059491859045,9
564,deepseek_v4_pro_max,15.137549085659476,10
565,claude_opus_4_8_max,54.69793235432925,1
565,qwen3_8_max,49.35769586651691,2
565,claude_fable_5_max,47.84395615177319,3
565,kimi_k3_max,47.52134966196948,4
565,gpt_5_6_sol_max,44.9681493640672,5
565,gemini_3_1_pro_high,44.262497794046034,6
565,gpt_5_5_xhigh,43.93035950126966,7
565,deepseek_v4_pro_max,41.84522476982627,8
565,deepseek_v4_flash_max,32.90288540051179,9
565,glm_5_2_max,21.304146508534885,10
566,deepseek_v4_pro_max,68.52422500704236,1
566,kimi_k3_max,61.501954034544895,2
566,gpt_5_6_sol_max,60.6373097476713,3
566,qwen3_8_max,52.38937807323254,4
566,claude_fable_5_max,50.237447411644496,5
566,claude_opus_4_8_max,50.17003003615806,6
566,gemini_3_1_pro_high,44.68783762338807,7
566,gpt_5_5_xhigh,40.54239554433853,8
566,glm_5_2_max,34.84694838049131,9
566,deepseek_v4_flash_max,33.53256712531211,10
567,kimi_k3_max,79.59521405765302,1
567,claude_fable_5_max,50.832029717720495,2
567,gpt_5_6_sol_max,47.64060811002944,3
567,qwen3_8_max,42.15505956000135,4
567,deepseek_v4_pro_max,39.57081278821531,5
567,deepseek_v4_flash_max,38.93716623828784,6
567,gemini_3_1_pro_high,37.7817192690074,7
567,gpt_5_5_xhigh,34.23345280383198,8
567,claude_opus_4_8_max,29.364889023593207,9
567,glm_5_2_max,28.90360482759333,10
568,gemini_3_1_pro_high,69.49343839365966,1
568,gpt_5_6_sol_max,67.01966998473657,2
568,gpt_5_5_xhigh,61.40269974428871,3
568,qwen3_8_max,60.876477241755964,4
568,claude_opus_4_8_max,60.05549127052039,5
568,deepseek_v4_pro_max,57.341260431603956,6
568,glm_5_2_max,56.996652250275574,7
568,kimi_k3_max,54.362663853748145,8
568,deepseek_v4_flash_max,42.23281890889364,9
568,claude_fable_5_max,22.995219339258185,10
569,deepseek_v4_pro_max,73.09420048461202,1
569,kimi_k3_max,68.88140316714588,2
569,qwen3_8_max,60.249033171701726,3
569,claude_fable_5_max,56.20090748887435,4
569,deepseek_v4_flash_max,49.82992811938195,5
569,gpt_5_5_xhigh,44.68280727857709,6
569,claude_opus_4_8_max,43.63016316642576,7
569,gpt_5_6_sol_max,43.06025054968235,8
569,gemini_3_1_pro_high,35.037433269593635,9
569,glm_5_2_max,30.299631036016404,10
570,claude_fable_5_max,78.05010804615343,1
570,gpt_5_5_xhigh,75.48579113430047,2
570,gpt_5_6_sol_max,74.3771428044187,3
570,claude_opus_4_8_max,72.45702471378684,4
570,gemini_3_1_pro_high,67.22629059674449,5
570,kimi_k3_max,61.34275292286414,6
570,deepseek_v4_flash_max,54.73106887997337,7
570,qwen3_8_max,41.183944051674246,8
570,glm_5_2_max,31.34008857155332,9
570,deepseek_v4_pro_max,26.587867088358614,10
571,kimi_k3_max,71.84740486916802,1
571,qwen3_8_max,66.33168195082696,2
571,gpt_5_5_xhigh,61.330480137540455,3
571,gpt_5_6_sol_max,61.24018544041223,4
571,deepseek_v4_pro_max,59.46986991142504,5
571,claude_opus_4_8_max,52.652989893204996,6
571,gemini_3_1_pro_high,41.67135405309955,7
571,glm_5_2_max,38.00365667566625,8
571,claude_fable_5_max,36.2172356572726,9
571,deepseek_v4_flash_max,33.805762940431364,10
572,gpt_5_5_xhigh,71.09100784455313,1
572,gpt_5_6_sol_max,61.785567700232676,2
572,qwen3_8_max,58.7915316693505,3
572,kimi_k3_max,54.866981528478206,4
572,glm_5_2_max,52.544353567709294,5
572,claude_fable_5_max,51.10358950455278,6
572,claude_opus_4_8_max,44.89270303957833,7
572,gemini_3_1_pro_high,39.786539936245504,8
572,deepseek_v4_pro_max,36.37067091905916,9
572,deepseek_v4_flash_max,13.00865057652718,10
573,gpt_5_6_sol_max,85.06165447072651,1
573,deepseek_v4_pro_max,73.22494170058748,2
573,claude_fable_5_max,56.004059745648576,3
573,qwen3_8_max,53.16679704562984,4
573,gemini_3_1_pro_high,50.49283702389459,5
573,deepseek_v4_flash_max,47.973790166727035,6
573,claude_opus_4_8_max,43.55805263729483,7
573,gpt_5_5_xhigh,25.235070900179572,8
573,kimi_k3_max,25.127252037001515,9
573,glm_5_2_max,21.88732002085237,10
574,claude_fable_5_max,62.59215716052073,1
574,gemini_3_1_pro_high,49.973294536408766,2
574,deepseek_v4_pro_max,38.38726286649335,3
574,kimi_k3_max,37.54685946285812,4
574,gpt_5_5_xhigh,37.44229726083336,5
574,qwen3_8_max,36.99510207036343,6
574,glm_5_2_max,32.274642758021486,7
574,claude_opus_4_8_max,27.5794864986329,8
574,gpt_5_6_sol_max,20.898952634831865,9
574,deepseek_v4_flash_max,3.542166567663574,10
575,kimi_k3_max,74.52774907401131,1
575,deepseek_v4_pro_max,62.26161712155662,2
575,qwen3_8_max,58.44548435824138,3
575,claude_fable_5_max,56.188325201894216,4
575,claude_opus_4_8_max,52.1408378792045,5
575,deepseek_v4_flash_max,51.07573006124025,6
575,gpt_5_6_sol_max,46.65725224075925,7
575,glm_5_2_max,42.84063083829683,8
575,gpt_5_5_xhigh,39.4195500696379,9
575,gemini_3_1_pro_high,37.79666939400451,10
576,qwen3_8_max,76.00481007448333,1
576,gpt_5_5_xhigh,62.21062007119966,2
576,claude_opus_4_8_max,56.67822714987215,3
576,deepseek_v4_pro_max,52.901215981474984,4
576,glm_5_2_max,52.37359582828486,5
576,gemini_3_1_pro_high,45.28332532878675,6
576,kimi_k3_max,43.200213495139835,7
576,gpt_5_6_sol_max,41.07948968145739,8
576,claude_fable_5_max,34.08620490200858,9
576,deepseek_v4_flash_max,33.58423140973703,10
577,gemini_3_1_pro_high,60.93079137815479,1
577,glm_5_2_max,52.983398808911275,2
577,gpt_5_6_sol_max,49.58880544187728,3
577,claude_opus_4_8_max,45.67778837780384,4
577,kimi_k3_max,44.85678984526546,5
577,deepseek_v4_pro_max,38.720786000627285,6
577,qwen3_8_max,35.99370617269665,7
577,gpt_5_5_xhigh,35.63303704356004,8
577,claude_fable_5_max,28.543611724389585,9
577,deepseek_v4_flash_max,0.0,10
578,kimi_k3_max,70.76582072030311,1
578,gemini_3_1_pro_high,69.6840813198156,2
578,claude_fable_5_max,69.21102153497205,3
578,gpt_5_5_xhigh,52.754842137885746,4
578,gpt_5_6_sol_max,51.89594872015567,5
578,claude_opus_4_8_max,46.12373711695396,6
578,qwen3_8_max,42.88989673503747,7
578,deepseek_v4_flash_max,37.37082715333527,8
578,deepseek_v4_pro_max,30.415220320503106,9
578,glm_5_2_max,18.107438103275292,10
579,deepseek_v4_pro_max,66.87712260041084,1
579,kimi_k3_max,61.94408162930758,2
579,gpt_5_6_sol_max,61.72139447932128,3
579,deepseek_v4_flash_max,61.437009399544976,4
579,gemini_3_1_pro_high,54.26242721007103,5
579,qwen3_8_max,53.47085992264591,6
579,glm_5_2_max,53.137977674905926,7
579,claude_opus_4_8_max,50.913769123424295,8
579,gpt_5_5_xhigh,42.248389916592565,9
579,claude_fable_5_max,19.274396864584205,10
580,deepseek_v4_pro_max,69.32281514164991,1
580,gpt_5_5_xhigh,62.820509575942935,2
580,claude_opus_4_8_max,59.28698260797022,3
580,kimi_k3_max,56.86538418895683,4
580,claude_fable_5_max,54.589642213537985,5
580,qwen3_8_max,53.56549327886384,6
580,glm_5_2_max,50.09112719821874,7
580,gemini_3_1_pro_high,45.33598341644674,8
580,gpt_5_6_sol_max,41.960362274610986,9
580,deepseek_v4_flash_max,36.148192550832164,10
581,gpt_5_5_xhigh,76.96551977191407,1
581,deepseek_v4_flash_max,74.89771385810344,2
581,glm_5_2_max,58.77508760448105,3
581,qwen3_8_max,48.41407323333726,4
581,gpt_5_6_sol_max,46.01148209139781,5
581,claude_opus_4_8_max,32.127361440719554,6
581,kimi_k3_max,32.0845136807228,7
581,claude_fable_5_max,31.060688930126567,8
581,deepseek_v4_pro_max,25.08528020255487,9
581,gemini_3_1_pro_high,14.393587001631651,10
582,deepseek_v4_pro_max,65.47671438128654,1
582,gpt_5_6_sol_max,61.946542211140795,2
582,claude_opus_4_8_max,56.70140423855721,3
582,kimi_k3_max,55.60826754101409,4
582,glm_5_2_max,52.42312970381242,5
582,gemini_3_1_pro_high,51.02112324262933,6
582,claude_fable_5_max,49.20347122873268,7
582,deepseek_v4_flash_max,48.193499448203696,8
582,gpt_5_5_xhigh,44.18427522836673,9
582,qwen3_8_max,29.253961637942453,10
583,claude_fable_5_max,71.38395018149518,1
583,glm_5_2_max,65.84856408938776,2
583,gpt_5_5_xhigh,63.43814285715774,3
583,gemini_3_1_pro_high,49.817520446579444,4
583,gpt_5_6_sol_max,49.63840492677636,5
583,deepseek_v4_pro_max,49.52051252293193,6
583,kimi_k3_max,49.100357127538075,7
583,qwen3_8_max,39.057873896763176,8
583,deepseek_v4_flash_max,35.04671630013293,9
583,claude_opus_4_8_max,32.737094390514066,10
584,claude_fable_5_max,90.41125035386183,1
584,gpt_5_6_sol_max,43.63016469097588,2
584,gemini_3_1_pro_high,40.50756456987826,3
584,gpt_5_5_xhigh,40.0170390255372,4
584,deepseek_v4_pro_max,34.25578708523048,5
584,claude_opus_4_8_max,28.84062307219933,6
584,glm_5_2_max,23.965647370281246,7
584,qwen3_8_max,22.78274458752351,8
584,deepseek_v4_flash_max,16.72313256476591,9
584,kimi_k3_max,16.436829032508438,10
585,qwen3_8_max,69.40347428080663,1
585,gpt_5_6_sol_max,68.86686303858113,2
585,glm_5_2_max,66.87049132764857,3
585,deepseek_v4_pro_max,61.47069062018804,4
585,claude_opus_4_8_max,55.31530973561056,5
585,claude_fable_5_max,54.054768394120615,6
585,gemini_3_1_pro_high,43.06322884706435,7
585,gpt_5_5_xhigh,38.55272171348348,8
585,kimi_k3_max,35.088180117182624,9
585,deepseek_v4_flash_max,15.669316757711844,10
586,claude_fable_5_max,75.41788377450621,1
586,deepseek_v4_flash_max,67.69966741284564,2
586,claude_opus_4_8_max,57.23280648048533,3
586,gemini_3_1_pro_high,51.534676122882296,4
586,gpt_5_6_sol_max,51.07016708163543,5
586,qwen3_8_max,50.08069367256684,6
586,gpt_5_5_xhigh,49.55552332413409,7
586,glm_5_2_max,34.7263207711924,8
586,kimi_k3_max,28.478607662946946,9
586,deepseek_v4_pro_max,23.661884129731686,10
587,gemini_3_1_pro_high,81.5932449453454,1
587,gpt_5_5_xhigh,63.50209228898254,2
587,gpt_5_6_sol_max,60.19568522831722,3
587,deepseek_v4_pro_max,51.92001258792364,4
587,kimi_k3_max,51.20345239650868,5
587,claude_fable_5_max,49.52422317267169,6
587,claude_opus_4_8_max,47.55034760933911,7
587,qwen3_8_max,36.81071746812515,8
587,glm_5_2_max,31.13834570559228,9
587,deepseek_v4_flash_max,11.810407365122186,10
588,glm_5_2_max,66.12432169563942,1
588,claude_fable_5_max,62.142561151070744,2
588,qwen3_8_max,48.70277074218789,3
588,gemini_3_1_pro_high,45.296978398363784,4
588,deepseek_v4_pro_max,44.04475071747672,5
588,gpt_5_5_xhigh,40.56644541136045,6
588,deepseek_v4_flash_max,40.558581049386994,7
588,kimi_k3_max,39.64022781850191,8
588,claude_opus_4_8_max,36.20026218253201,9
588,gpt_5_6_sol_max,26.531563988392076,10
589,gemini_3_1_pro_high,80.15823604875075,1
589,kimi_k3_max,72.24325034617263,2
589,deepseek_v4_flash_max,69.37641028726469,3
589,gpt_5_6_sol_max,64.08281156796693,4
589,glm_5_2_max,60.73530246427973,5
589,qwen3_8_max,52.49458073263591,6
589,gpt_5_5_xhigh,44.236505099106886,7
589,claude_opus_4_8_max,42.11872158467841,8
589,deepseek_v4_pro_max,30.614236293251054,9
589,claude_fable_5_max,18.730986454213777,10
590,deepseek_v4_flash_max,71.49351032244354,1
590,deepseek_v4_pro_max,57.4116908775272,2
590,gpt_5_5_xhigh,50.83267588075461,3
590,claude_fable_5_max,49.55934794493278,4
590,qwen3_8_max,45.325266517700015,5
590,gpt_5_6_sol_max,45.15648635233049,6
590,kimi_k3_max,38.977762466639305,7
590,claude_opus_4_8_max,36.44222338116253,8
590,glm_5_2_max,22.14699918055225,9
590,gemini_3_1_pro_high,17.548405942342978,10
591,deepseek_v4_pro_max,76.677080044851,1
591,deepseek_v4_flash_max,51.12390067636122,2
591,kimi_k3_max,46.49732384935893,3
591,gpt_5_6_sol_max,44.304612285201344,4
591,qwen3_8_max,40.82435012933252,5
591,claude_opus_4_8_max,40.55916163729208,6
591,claude_fable_5_max,39.81012198719302,7
591,gpt_5_5_xhigh,36.69739859164913,8
591,gemini_3_1_pro_high,35.6094351554367,9
591,glm_5_2_max,35.12873439113615,10
592,deepseek_v4_pro_max,68.03660779571494,1
592,claude_fable_5_max,62.42969469473563,2
592,gemini_3_1_pro_high,57.722330729941426,3
592,gpt_5_5_xhigh,56.88087144538894,4
592,claude_opus_4_8_max,54.01042885729987,5
592,kimi_k3_max,51.23755516041811,6
592,glm_5_2_max,48.51233652476318,7
592,qwen3_8_max,35.348729458453136,8
592,gpt_5_6_sol_max,34.51580944928781,9
592,deepseek_v4_flash_max,22.251541222415753,10
593,gemini_3_1_pro_high,66.3344960195378,1
593,gpt_5_6_sol_max,65.03637820617678,2
593,claude_opus_4_8_max,56.30305578371466,3
593,deepseek_v4_pro_max,51.82831149989386,4
593,claude_fable_5_max,48.05246776823547,5
593,qwen3_8_max,37.74375663095902,6
593,gpt_5_5_xhigh,36.17618609077099,7
593,kimi_k3_max,35.96819420577834,8
593,glm_5_2_max,31.55318829309875,9
593,deepseek_v4_flash_max,26.369709837404088,10
594,gemini_3_1_pro_high,83.9896926520473,1
594,gpt_5_5_xhigh,76.13268753349848,2
594,qwen3_8_max,62.73472769540871,3
594,claude_opus_4_8_max,60.90910741734594,4
594,deepseek_v4_pro_max,59.620075044798924,5
594,deepseek_v4_flash_max,56.50127587872936,6
594,kimi_k3_max,54.447763658736164,7
594,gpt_5_6_sol_max,49.706224225053376,8
594,glm_5_2_max,30.43095892141352,9
594,claude_fable_5_max,30.345916324384955,10
595,glm_5_2_max,84.07192243076352,1
595,gpt_5_6_sol_max,66.28547254775097,2
595,claude_fable_5_max,51.96821991076019,3
595,claude_opus_4_8_max,45.287986406217954,4
595,deepseek_v4_pro_max,43.149695492477754,5
595,gemini_3_1_pro_high,42.452945490030785,6
595,gpt_5_5_xhigh,42.260215303537535,7
595,kimi_k3_max,35.268718021469475,8
595,qwen3_8_max,28.89313527474354,9
595,deepseek_v4_flash_max,0.0,10
596,claude_fable_5_max,72.26042866344827,1
596,gemini_3_1_pro_high,70.22067706939387,2
596,kimi_k3_max,62.3466668455102,3
596,deepseek_v4_flash_max,61.282320869371695,4
596,gpt_5_6_sol_max,58.834382297689395,5
596,gpt_5_5_xhigh,50.47014085424409,6
596,glm_5_2_max,43.688026351435845,7
596,claude_opus_4_8_max,43.59676161668196,8
596,qwen3_8_max,43.160232421692264,9
596,deepseek_v4_pro_max,13.192187761964552,10
597,deepseek_v4_pro_max,79.44494067025121,1
597,claude_opus_4_8_max,69.97765216073272,2
597,gpt_5_5_xhigh,55.89110808765378,3
597,kimi_k3_max,51.64083805531124,4
597,gpt_5_6_sol_max,44.96071636061383,5
597,deepseek_v4_flash_max,42.26078294522917,6
597,glm_5_2_max,41.73386722426994,7
597,claude_fable_5_max,41.40651189346838,8
597,qwen3_8_max,40.83656711961781,9
597,gemini_3_1_pro_high,36.38419189241979,10
598,deepseek_v4_flash_max,80.81425145479558,1
598,kimi_k3_max,69.49280060584769,2
598,gpt_5_6_sol_max,54.22818562884315,3
598,qwen3_8_max,46.74938382335264,4
598,gpt_5_5_xhigh,42.07045719576674,5
598,gemini_3_1_pro_high,37.57173150216718,6
598,claude_opus_4_8_max,35.750580643240255,7
598,glm_5_2_max,31.954572105204306,8
598,deepseek_v4_pro_max,29.073117622159625,9
598,claude_fable_5_max,24.639222331228915,10
599,kimi_k3_max,81.57847028406738,1
599,gpt_5_6_sol_max,64.60595578804599,2
599,gemini_3_1_pro_high,61.94648868381928,3
599,deepseek_v4_pro_max,60.274566569244264,4
599,claude_fable_5_max,53.91937080600661,5
599,claude_opus_4_8_max,41.93924661178221,6
599,glm_5_2_max,40.84682345799098,7
599,deepseek_v4_flash_max,38.45723173874762,8
599,gpt_5_5_xhigh,38.37374749207602,9
599,qwen3_8_max,37.31823929204663,10
600,gemini_3_1_pro_high,79.29382948997996,1
600,gpt_5_6_sol_max,67.90051571198245,2
600,deepseek_v4_pro_max,65.17665799728212,3
600,glm_5_2_max,46.84648763157512,4
600,claude_opus_4_8_max,46.66195413762831,5
600,kimi_k3_max,44.37085712509657,6
600,gpt_5_5_xhigh,35.51380755712644,7
600,claude_fable_5_max,34.105280035946954,8
600,qwen3_8_max,34.096998496575424,9
600,deepseek_v4_flash_max,22.110588579718485,10
601,gpt_5_6_sol_max,80.1614875336161,1
601,gpt_5_5_xhigh,49.84016698971595,2
601,claude_fable_5_max,47.318370880969255,3
601,gemini_3_1_pro_high,41.27042962711438,4
601,claude_opus_4_8_max,35.66414365077652,5
601,kimi_k3_max,32.34772657330227,6
601,deepseek_v4_flash_max,32.288903734275266,7
601,deepseek_v4_pro_max,30.49210582799148,8
601,qwen3_8_max,28.55123435225748,9
601,glm_5_2_max,22.845956494533734,10
602,gpt_5_5_xhigh,79.29342239118945,1
602,gemini_3_1_pro_high,67.96868445121564,2
602,gpt_5_6_sol_max,66.85522267784961,3
602,qwen3_8_max,63.749099116318334,4
602,claude_opus_4_8_max,60.73214723569483,5
602,glm_5_2_max,57.31656936571728,6
602,kimi_k3_max,56.535838074457914,7
602,deepseek_v4_pro_max,40.29460501294111,8
602,deepseek_v4_flash_max,33.90090003803851,9
602,claude_fable_5_max,29.523944050947097,10
603,deepseek_v4_flash_max,87.34406206336575,1
603,claude_opus_4_8_max,62.64591440124145,2
603,gpt_5_5_xhigh,60.03273818711445,3
603,gpt_5_6_sol_max,52.09547809643004,4
603,claude_fable_5_max,46.75904150128063,5
603,qwen3_8_max,45.40931425657928,6
603,kimi_k3_max,42.96505313273496,7
603,gemini_3_1_pro_high,40.940295465301006,8
603,deepseek_v4_pro_max,32.863817268879515,9
603,glm_5_2_max,30.354725378901882,10
604,deepseek_v4_pro_max,83.19972211663091,1
604,claude_opus_4_8_max,65.66266901823352,2
604,deepseek_v4_flash_max,62.04244041073843,3
604,gemini_3_1_pro_high,48.18519730938384,4
604,gpt_5_6_sol_max,47.19925889435663,5
604,gpt_5_5_xhigh,40.2534552248601,6
604,glm_5_2_max,38.57845555288747,7
604,claude_fable_5_max,37.6133376310942,8
604,kimi_k3_max,34.783163376891586,9
604,qwen3_8_max,33.920264294858875,10
605,claude_fable_5_max,62.26188869479392,1
605,gpt_5_5_xhigh,60.883181093222035,2
605,kimi_k3_max,57.82867809650945,3
605,gpt_5_6_sol_max,53.23017241623183,4
605,deepseek_v4_pro_max,50.44555873066615,5
605,claude_opus_4_8_max,49.06491202001217,6
605,qwen3_8_max,40.271258069392516,7
605,gemini_3_1_pro_high,35.49388751659387,8
605,deepseek_v4_flash_max,30.56859846012931,9
605,glm_5_2_max,20.982221449019484,10
606,gpt_5_6_sol_max,66.80222864400294,1
606,deepseek_v4_pro_max,63.52390383245032,2
606,glm_5_2_max,62.08234815308386,3
606,kimi_k3_max,55.316427736666945,4
606,qwen3_8_max,53.01321244063041,5
606,gemini_3_1_pro_high,50.30876771673563,6
606,gpt_5_5_xhigh,48.63888031466424,7
606,claude_opus_4_8_max,44.278098597715186,8
606,deepseek_v4_flash_max,37.95308912990279,9
606,claude_fable_5_max,35.626531030077615,10
607,deepseek_v4_pro_max,66.77311495767455,1
607,qwen3_8_max,65.50422574382159,2
607,gpt_5_5_xhigh,59.330946782562606,3
607,claude_opus_4_8_max,54.46642733747724,4
607,kimi_k3_max,53.81196897570143,5
607,gpt_5_6_sol_max,40.809363749521694,6
607,glm_5_2_max,40.55727788532341,7
607,gemini_3_1_pro_high,39.26216684229012,8
607,claude_fable_5_max,32.1100399736382,9
607,deepseek_v4_flash_max,28.705461623722407,10
608,qwen3_8_max,69.29955351903597,1
608,glm_5_2_max,60.172664683121965,2
608,gpt_5_5_xhigh,57.11696883521679,3
608,claude_opus_4_8_max,56.90828606194195,4
608,gpt_5_6_sol_max,47.640580296803385,5
608,deepseek_v4_pro_max,44.65165279729388,6
608,gemini_3_1_pro_high,39.623650029427836,7
608,kimi_k3_max,38.61199365222071,8
608,deepseek_v4_flash_max,37.36507196346697,9
608,claude_fable_5_max,34.21899801462014,10
609,claude_fable_5_max,80.88370675263764,1
609,gpt_5_6_sol_max,69.06095920501105,2
609,deepseek_v4_flash_max,62.40608406758449,3
609,gpt_5_5_xhigh,54.480583522829285,4
609,deepseek_v4_pro_max,52.82389606985797,5
609,claude_opus_4_8_max,51.421563939508076,6
609,kimi_k3_max,44.66962166770584,7
609,gemini_3_1_pro_high,41.3114888423755,8
609,glm_5_2_max,39.19982927028937,9
609,qwen3_8_max,38.93504307712538,10
610,qwen3_8_max,70.3017251550963,1
610,deepseek_v4_pro_max,69.65364349468692,2
610,claude_opus_4_8_max,68.74630278677357,3
610,kimi_k3_max,59.053187433632104,4
610,glm_5_2_max,55.480585956071344,5
610,gpt_5_5_xhigh,48.42269801276705,6
610,claude_fable_5_max,36.79451947631737,7
610,gpt_5_6_sol_max,30.28002769025504,8
610,gemini_3_1_pro_high,27.360803043724097,9
610,deepseek_v4_flash_max,17.984041767181658,10
611,deepseek_v4_flash_max,75.16251215518601,1
611,kimi_k3_max,64.31072545516277,2
611,gpt_5_6_sol_max,63.73275069247285,3
611,gpt_5_5_xhigh,59.07466129952765,4
611,claude_opus_4_8_max,56.05466273434526,5
611,qwen3_8_max,52.02566279982277,6
611,glm_5_2_max,43.37082190887648,7
611,deepseek_v4_pro_max,41.40011847645407,8
611,claude_fable_5_max,32.66389045907806,9
611,gemini_3_1_pro_high,20.274829546662872,10
612,qwen3_8_max,71.28383263506561,1
612,gpt_5_6_sol_max,70.40296195304866,2
612,claude_fable_5_max,68.13841172400589,3
612,kimi_k3_max,57.57369542126479,4
612,claude_opus_4_8_max,56.30843729571479,5
612,deepseek_v4_flash_max,53.312131254764864,6
612,deepseek_v4_pro_max,50.50182165179433,7
612,glm_5_2_max,47.40062993855313,8
612,gpt_5_5_xhigh,43.204465232454034,9
612,gemini_3_1_pro_high,32.71967277928643,10
613,deepseek_v4_pro_max,84.94191224697516,1
613,qwen3_8_max,60.28901090242073,2
613,glm_5_2_max,58.38028626399128,3
613,gemini_3_1_pro_high,56.36846213121596,4
613,deepseek_v4_flash_max,50.229627857892055,5
613,claude_opus_4_8_max,43.66321609448838,6
613,kimi_k3_max,41.391267433427075,7
613,gpt_5_6_sol_max,38.586716292302484,8
613,gpt_5_5_xhigh,37.324721183903954,9
613,claude_fable_5_max,24.735055233725213,10
614,gemini_3_1_pro_high,78.0650146150694,1
614,qwen3_8_max,63.72985644746595,2
614,glm_5_2_max,63.28854862315817,3
614,deepseek_v4_flash_max,56.11102093402147,4
614,kimi_k3_max,51.793805484845336,5
614,claude_opus_4_8_max,44.57979060966351,6
614,claude_fable_5_max,41.918108776288676,7
614,gpt_5_6_sol_max,35.22475012282147,8
614,gpt_5_5_xhigh,32.75237955407347,9
614,deepseek_v4_pro_max,29.413178105653508,10
615,claude_fable_5_max,79.17094315375422,1
615,gemini_3_1_pro_high,67.58190933978963,2
615,qwen3_8_max,62.83687084214291,3
615,claude_opus_4_8_max,52.693330280988306,4
615,deepseek_v4_pro_max,47.91157127340102,5
615,glm_5_2_max,47.90855492637213,6
615,gpt_5_5_xhigh,47.908127221631204,7
615,kimi_k3_max,41.34162609872801,8
615,gpt_5_6_sol_max,39.77524048570575,9
615,deepseek_v4_flash_max,35.287670274617085,10
616,kimi_k3_max,62.7051766143775,1
616,claude_opus_4_8_max,56.00365426272802,2
616,claude_fable_5_max,51.135224292626184,3
616,gpt_5_5_xhigh,49.80577825414934,4
616,deepseek_v4_pro_max,40.43041085332212,5
616,gpt_5_6_sol_max,38.06312912534064,6
616,deepseek_v4_flash_max,30.27291484911458,7
616,gemini_3_1_pro_high,26.706774261048473,8
616,qwen3_8_max,25.333177973602265,9
616,glm_5_2_max,25.212690255624587,10
617,claude_fable_5_max,71.27599253980677,1
617,kimi_k3_max,67.49303513205713,2
617,gpt_5_5_xhigh,62.35878244073261,3
617,qwen3_8_max,51.44065575257615,4
617,gemini_3_1_pro_high,44.53320113032129,5
617,deepseek_v4_flash_max,37.049305883696434,6
617,claude_opus_4_8_max,36.9350998526721,7
617,deepseek_v4_pro_max,32.69884825716678,8
617,glm_5_2_max,31.015496642188563,9
617,gpt_5_6_sol_max,30.834188912307482,10
618,kimi_k3_max,78.78907931699526,1
618,claude_fable_5_max,73.14569585228621,2
618,gpt_5_6_sol_max,70.08647201784665,3
618,gpt_5_5_xhigh,67.14937405426419,4
618,gemini_3_1_pro_high,54.61718766299231,5
618,claude_opus_4_8_max,53.684173768512515,6
618,deepseek_v4_flash_max,49.870921038522496,7
618,qwen3_8_max,38.79085337091404,8
618,glm_5_2_max,34.96333697758524,9
618,deepseek_v4_pro_max,2.1255980520680633,10
619,gpt_5_6_sol_max,66.37553200701946,1
619,glm_5_2_max,54.99343394661231,2
619,qwen3_8_max,50.17953728473917,3
619,claude_opus_4_8_max,49.082481000776674,4
619,gpt_5_5_xhigh,47.68742302239334,5
619,claude_fable_5_max,39.51473934788702,6
619,deepseek_v4_flash_max,38.18451047383057,7
619,deepseek_v4_pro_max,36.94909128048663,8
619,gemini_3_1_pro_high,33.78032460326452,9
619,kimi_k3_max,13.69576162760556,10
620,claude_fable_5_max,71.1721044527479,1
620,glm_5_2_max,67.28794567467779,2
620,gpt_5_6_sol_max,61.61715213616267,3
620,deepseek_v4_pro_max,46.570100439085635,4
620,kimi_k3_max,45.852767981366185,5
620,gpt_5_5_xhigh,45.803958334317656,6
620,claude_opus_4_8_max,31.05565663809652,7
620,qwen3_8_max,26.567136905990893,8
620,deepseek_v4_flash_max,25.25713234503062,9
620,gemini_3_1_pro_high,21.583658591602365,10
621,gpt_5_6_sol_max,81.51117575775989,1
621,claude_fable_5_max,68.81439520717252,2
621,gemini_3_1_pro_high,61.3545653826329,3
621,glm_5_2_max,60.82245982709432,4
621,gpt_5_5_xhigh,51.13901322069086,5
621,kimi_k3_max,45.06045978980627,6
621,claude_opus_4_8_max,44.23152496795203,7
621,deepseek_v4_pro_max,40.32602281752654,8
621,qwen3_8_max,39.39414385760802,9
621,deepseek_v4_flash_max,37.07878288105013,10
622,deepseek_v4_flash_max,83.96573952562994,1
622,kimi_k3_max,77.79460949182685,2
622,claude_opus_4_8_max,71.48530605742695,3
622,qwen3_8_max,58.14746753989487,4
622,gemini_3_1_pro_high,49.64893941328849,5
622,gpt_5_6_sol_max,46.57257307425209,6
622,glm_5_2_max,45.605645427298725,7
622,gpt_5_5_xhigh,44.36570988775517,8
622,claude_fable_5_max,43.64358381769753,9
622,deepseek_v4_pro_max,19.803815285008675,10
623,claude_opus_4_8_max,72.32037008316526,1
623,gpt_5_5_xhigh,68.58813572522386,2
623,deepseek_v4_flash_max,48.88927515927192,3
623,qwen3_8_max,48.26764770435968,4
623,claude_fable_5_max,43.18707913740356,5
623,gemini_3_1_pro_high,42.82793094456482,6
623,deepseek_v4_pro_max,35.58244672199309,7
623,kimi_k3_max,31.048361134462613,8
623,glm_5_2_max,25.719284937088165,9
623,gpt_5_6_sol_max,23.266240903429402,10
624,claude_fable_5_max,82.49921573788737,1
624,qwen3_8_max,70.44111616276345,2
624,claude_opus_4_8_max,67.37513410023551,3
624,gpt_5_6_sol_max,65.51795995740297,4
624,deepseek_v4_pro_max,63.65937276817729,5
624,kimi_k3_max,52.05183628138988,6
624,gpt_5_5_xhigh,50.03689222208721,7
624,glm_5_2_max,46.11004685477242,8
624,gemini_3_1_pro_high,39.66048740334431,9
624,deepseek_v4_flash_max,27.81226885504522,10
625,claude_fable_5_max,86.81957556184632,1
625,gpt_5_6_sol_max,76.43077810165865,2
625,claude_opus_4_8_max,71.44714291879727,3
625,glm_5_2_max,54.37597565388609,4
625,qwen3_8_max,49.468570200450124,5
625,deepseek_v4_pro_max,45.7748705525196,6
625,gemini_3_1_pro_high,45.475867759476394,7
625,gpt_5_5_xhigh,39.904759550385776,8
625,kimi_k3_max,36.70222783441566,9
625,deepseek_v4_flash_max,21.886538911691325,10
626,claude_fable_5_max,70.98565407456353,1
626,deepseek_v4_flash_max,61.52717018552441,2
626,qwen3_8_max,41.28065384867684,3
626,gpt_5_5_xhigh,37.9335464595161,4
626,gpt_5_6_sol_max,37.133937871278775,5
626,gemini_3_1_pro_high,32.645097836297815,6
626,claude_opus_4_8_max,31.067303989005897,7
626,deepseek_v4_pro_max,28.1705109572309,8
626,kimi_k3_max,25.374700336506322,9
626,glm_5_2_max,23.62772761583491,10
627,deepseek_v4_flash_max,75.74976771732909,1
627,glm_5_2_max,70.52182939344837,2
627,claude_opus_4_8_max,62.03652171789768,3
627,gemini_3_1_pro_high,51.450934969046735,4
627,qwen3_8_max,47.69621443741467,5
627,gpt_5_6_sol_max,45.67654017879135,6
627,kimi_k3_max,44.81750481840405,7
627,deepseek_v4_pro_max,41.0532362492218,8
627,gpt_5_5_xhigh,35.25854952805386,9
627,claude_fable_5_max,33.68597952106267,10
628,qwen3_8_max,78.83217839947164,1
628,claude_fable_5_max,59.334370248198084,2
628,deepseek_v4_flash_max,57.970256534518,3
628,gpt_5_5_xhigh,51.51879299621721,4
628,gemini_3_1_pro_high,51.09699668585596,5
628,claude_opus_4_8_max,50.95179349900016,6
628,deepseek_v4_pro_max,36.991453214066084,7
628,kimi_k3_max,35.29318285346826,8
628,gpt_5_6_sol_max,33.3887699920333,9
628,glm_5_2_max,31.539472593498672,10
629,deepseek_v4_pro_max,60.059122749697416,1
629,claude_opus_4_8_max,54.316008609372545,2
629,deepseek_v4_flash_max,51.5131881289836,3
629,qwen3_8_max,50.64002502664303,4
629,gpt_5_6_sol_max,49.480293553378544,5
629,gemini_3_1_pro_high,49.19653747962986,6
629,gpt_5_5_xhigh,48.44788712299867,7
629,claude_fable_5_max,47.581855044932354,8
629,glm_5_2_max,39.21216570077978,9
629,kimi_k3_max,30.227974126620936,10
630,gpt_5_5_xhigh,62.84835575078923,1
630,gpt_5_6_sol_max,60.408238421959595,2
630,deepseek_v4_pro_max,56.200990286340826,3
630,claude_opus_4_8_max,54.94817198398327,4
630,gemini_3_1_pro_high,54.39771367829063,5
630,claude_fable_5_max,47.575354032594454,6
630,kimi_k3_max,44.53869058821992,7
630,qwen3_8_max,41.52276554637032,8
630,glm_5_2_max,37.393660479219825,9
630,deepseek_v4_flash_max,25.36343687942935,10
631,kimi_k3_max,64.05122387132614,1
631,gpt_5_6_sol_max,61.67985144010304,2
631,glm_5_2_max,61.391921127895266,3
631,qwen3_8_max,55.985258797113346,4
631,claude_opus_4_8_max,55.33445582621519,5
631,deepseek_v4_pro_max,55.33272075619527,6
631,gpt_5_5_xhigh,54.86743862128969,7
631,deepseek_v4_flash_max,49.71379021304473,8
631,gemini_3_1_pro_high,44.100968539873065,9
631,claude_fable_5_max,21.966993475116084,10
632,gpt_5_5_xhigh,72.59058337100964,1
632,glm_5_2_max,63.37528597860107,2
632,gpt_5_6_sol_max,63.359534922140746,3
632,claude_fable_5_max,61.80815607483109,4
632,kimi_k3_max,55.10685402747032,5
632,claude_opus_4_8_max,53.84625686449854,6
632,deepseek_v4_flash_max,50.120928640317665,7
632,deepseek_v4_pro_max,49.640972037653796,8
632,qwen3_8_max,42.71221413711223,9
632,gemini_3_1_pro_high,29.376130330425887,10
633,gpt_5_6_sol_max,63.39085466115511,1
633,deepseek_v4_flash_max,62.0796049775478,2
633,glm_5_2_max,57.41892708206227,3
633,claude_opus_4_8_max,55.93961740859116,4
633,gpt_5_5_xhigh,52.861239881294864,5
633,kimi_k3_max,45.60378301163905,6
633,deepseek_v4_pro_max,40.570230858444944,7
633,qwen3_8_max,36.62225813207475,8
633,gemini_3_1_pro_high,32.609615676474405,9
633,claude_fable_5_max,29.353952722035192,10
634,qwen3_8_max,64.73014759504608,1
634,gpt_5_5_xhigh,64.40759930003766,2
634,gemini_3_1_pro_high,63.84386115356715,3
634,gpt_5_6_sol_max,59.871916381541624,4
634,kimi_k3_max,51.94121315398498,5
634,deepseek_v4_flash_max,48.70634019930203,6
634,deepseek_v4_pro_max,47.40599262721946,7
634,claude_fable_5_max,44.07747525106327,8
634,glm_5_2_max,37.80221254458344,9
634,claude_opus_4_8_max,26.679872921265112,10
635,gpt_5_5_xhigh,75.54410947152608,1
635,deepseek_v4_flash_max,64.09376116236697,2
635,gpt_5_6_sol_max,49.81507368196064,3
635,glm_5_2_max,46.78427258182501,4
635,deepseek_v4_pro_max,45.86537377415884,5
635,claude_fable_5_max,45.629117126639514,6
635,claude_opus_4_8_max,41.25419651881734,7
635,kimi_k3_max,40.80429247562896,8
635,qwen3_8_max,37.46276367853808,9
635,gemini_3_1_pro_high,22.783610463167367,10
636,gemini_3_1_pro_high,75.7355305258013,1
636,qwen3_8_max,61.733313764341,2
636,claude_fable_5_max,54.46480174177636,3
636,kimi_k3_max,49.15483256326767,4
636,gpt_5_5_xhigh,43.385708625042234,5
636,glm_5_2_max,29.04716836592476,6
636,deepseek_v4_pro_max,28.175757052937925,7
636,gpt_5_6_sol_max,26.331085346731513,8
636,claude_opus_4_8_max,23.433815919847312,9
636,deepseek_v4_flash_max,6.449290431412101,10
637,claude_opus_4_8_max,66.1930578203558,1
637,kimi_k3_max,60.24019469090931,2
637,qwen3_8_max,52.36957342001646,3
637,gpt_5_5_xhigh,42.153973018890625,4
637,claude_fable_5_max,39.72326740468176,5
637,gpt_5_6_sol_max,26.267589094758378,6
637,deepseek_v4_flash_max,21.90224949363421,7
637,gemini_3_1_pro_high,20.122064542855224,8
637,glm_5_2_max,17.077794884661365,9
637,deepseek_v4_pro_max,10.945449387731562,10
638,glm_5_2_max,71.9044214149938,1
638,gpt_5_5_xhigh,62.310840333477906,2
638,deepseek_v4_flash_max,38.69802229912873,3
638,deepseek_v4_pro_max,38.08331304840333,4
638,qwen3_8_max,36.82447766136814,5
638,kimi_k3_max,34.271520229305956,6
638,gpt_5_6_sol_max,34.205666460253134,7
638,gemini_3_1_pro_high,31.61181270751617,8
638,claude_opus_4_8_max,29.710157681426125,9
638,claude_fable_5_max,21.510483058191088,10
639,claude_fable_5_max,76.62119673562074,1
639,deepseek_v4_flash_max,70.17826558256903,2
639,gpt_5_6_sol_max,69.6735674402467,3
639,kimi_k3_max,58.07035010603444,4
639,claude_opus_4_8_max,55.01579194957796,5
639,gemini_3_1_pro_high,45.98466847441648,6
639,glm_5_2_max,42.164088686587675,7
639,gpt_5_5_xhigh,41.42129251501899,8
639,qwen3_8_max,39.56658095386909,9
639,deepseek_v4_pro_max,25.20880083618235,10
640,kimi_k3_max,68.59780550421083,1
640,glm_5_2_max,57.11244486806861,2
640,gemini_3_1_pro_high,53.697043280427145,3
640,claude_opus_4_8_max,52.3171354508551,4
640,gpt_5_6_sol_max,45.054994522338205,5
640,qwen3_8_max,42.5077321384622,6
640,gpt_5_5_xhigh,41.92040445837165,7
640,deepseek_v4_flash_max,41.10270000250482,8
640,claude_fable_5_max,28.989796833488874,9
640,deepseek_v4_pro_max,11.376430048233773,10
641,deepseek_v4_flash_max,66.81014646620784,1
641,kimi_k3_max,65.76478379177888,2
641,qwen3_8_max,60.322307875041716,3
641,gpt_5_5_xhigh,59.36951056545685,4
641,gpt_5_6_sol_max,51.87228079415079,5
641,gemini_3_1_pro_high,43.56316802482384,6
641,glm_5_2_max,42.955821954285646,7
641,claude_opus_4_8_max,33.442488644668195,8
641,claude_fable_5_max,32.63396693568667,9
641,deepseek_v4_pro_max,11.135126336387982,10
642,gemini_3_1_pro_high,77.66032896192162,1
642,qwen3_8_max,74.71947364981875,2
642,kimi_k3_max,62.26962624369912,3
642,glm_5_2_max,61.840485103855826,4
642,gpt_5_6_sol_max,58.85921750408457,5
642,deepseek_v4_flash_max,53.273633362464366,6
642,claude_opus_4_8_max,51.73584701038149,7
642,claude_fable_5_max,48.74727415444856,8
642,deepseek_v4_pro_max,45.60260175278388,9
642,gpt_5_5_xhigh,37.36143290303109,10
643,deepseek_v4_pro_max,72.39436659184528,1
643,qwen3_8_max,63.403618425405185,2
643,deepseek_v4_flash_max,62.26770832495356,3
643,glm_5_2_max,61.891549552061235,4
643,claude_opus_4_8_max,53.2701944955425,5
643,gpt_5_6_sol_max,47.688285369656484,6
643,claude_fable_5_max,44.91084654002171,7
643,gemini_3_1_pro_high,44.82664358489973,8
643,kimi_k3_max,35.39952765526399,9
643,gpt_5_5_xhigh,17.19711159882252,10
644,gemini_3_1_pro_high,80.15721828417277,1
644,glm_5_2_max,78.92819896388005,2
644,gpt_5_5_xhigh,63.03361176321138,3
644,claude_fable_5_max,59.821856575265514,4
644,qwen3_8_max,50.90456839647507,5
644,gpt_5_6_sol_max,45.9267293218098,6
644,claude_opus_4_8_max,45.10883871111418,7
644,deepseek_v4_flash_max,37.03434050158046,8
644,kimi_k3_max,27.577361220355087,9
644,deepseek_v4_pro_max,14.589321528434159,10
645,claude_fable_5_max,70.82188536806349,1
645,deepseek_v4_pro_max,62.19971544096366,2
645,claude_opus_4_8_max,52.664173821651126,3
645,gpt_5_6_sol_max,48.173019805095485,4
645,glm_5_2_max,40.06392080640101,5
645,deepseek_v4_flash_max,39.2760340540362,6
645,gemini_3_1_pro_high,39.16665137654664,7
645,gpt_5_5_xhigh,38.43456773124353,8
645,kimi_k3_max,24.000656408274285,9
645,qwen3_8_max,23.646441582679333,10
646,deepseek_v4_pro_max,70.38587810146552,1
646,kimi_k3_max,70.17529950842365,2
646,glm_5_2_max,57.72775203514679,3
646,claude_opus_4_8_max,49.21310183356985,4
646,gemini_3_1_pro_high,48.6344442124149,5
646,gpt_5_6_sol_max,48.17579203398241,6
646,qwen3_8_max,46.96541344495877,7
646,gpt_5_5_xhigh,36.62281613566081,8
646,claude_fable_5_max,30.338193126887,9
646,deepseek_v4_flash_max,23.642248205037106,10
647,qwen3_8_max,72.18662023480191,1
647,gpt_5_5_xhigh,58.74799928544172,2
647,claude_fable_5_max,57.18424480660593,3
647,gpt_5_6_sol_max,49.35894793071765,4
647,gemini_3_1_pro_high,49.21278019613457,5
647,claude_opus_4_8_max,41.63736960443996,6
647,glm_5_2_max,38.37293002306041,7
647,deepseek_v4_flash_max,37.90043790186593,8
647,kimi_k3_max,30.05739210090622,9
647,deepseek_v4_pro_max,7.523245849376622,10
648,deepseek_v4_flash_max,79.7744597529016,1
648,claude_fable_5_max,55.34266394347958,2
648,kimi_k3_max,54.148865815381924,3
648,glm_5_2_max,51.61113891877355,4
648,gemini_3_1_pro_high,50.59713834750812,5
648,gpt_5_6_sol_max,42.738939165063584,6
648,claude_opus_4_8_max,38.54967431772977,7
648,gpt_5_5_xhigh,34.25889785937692,8
648,qwen3_8_max,27.752005014228963,9
648,deepseek_v4_pro_max,17.26371837342638,10
649,claude_fable_5_max,74.8017883916493,1
649,glm_5_2_max,61.98054127508203,2
649,qwen3_8_max,60.528103650863656,3
649,deepseek_v4_flash_max,60.49588604083967,4
649,claude_opus_4_8_max,51.14474158403562,5
649,kimi_k3_max,44.02558705184778,6
649,deepseek_v4_pro_max,40.93700395137482,7
649,gpt_5_5_xhigh,23.72107401401157,8
649,gpt_5_6_sol_max,23.24693633592588,9
649,gemini_3_1_pro_high,19.61806443232989,10
650,gpt_5_6_sol_max,66.62648848064117,1
650,kimi_k3_max,66.08449817551401,2
650,deepseek_v4_flash_max,63.62069494290661,3
650,deepseek_v4_pro_max,60.56721204639159,4
650,claude_fable_5_max,58.323026186961584,5
650,qwen3_8_max,56.809950147895826,6
650,gpt_5_5_xhigh,49.12724491290481,7
650,claude_opus_4_8_max,40.1471786420875,8
650,glm_5_2_max,37.80295588862372,9
650,gemini_3_1_pro_high,22.100095474701334,10
651,claude_fable_5_max,72.6247853738377,1
651,deepseek_v4_flash_max,71.55616562057443,2
651,gpt_5_6_sol_max,66.80445310514064,3
651,qwen3_8_max,63.17324560425344,4
651,claude_opus_4_8_max,58.7907011870315,5
651,kimi_k3_max,48.883338008193185,6
651,glm_5_2_max,44.55999640167629,7
651,gpt_5_5_xhigh,43.43624901718784,8
651,gemini_3_1_pro_high,38.763759763884366,9
651,deepseek_v4_pro_max,25.865321802117798,10
652,claude_fable_5_max,75.99975003548082,1
652,claude_opus_4_8_max,60.21322801345267,2
652,gemini_3_1_pro_high,59.899314819172055,3
652,deepseek_v4_flash_max,57.46644508478693,4
652,glm_5_2_max,55.28069653473216,5
652,gpt_5_6_sol_max,52.93338066918727,6
652,qwen3_8_max,44.91505408372344,7
652,gpt_5_5_xhigh,40.266651129200866,8
652,deepseek_v4_pro_max,37.54321147106032,9
652,kimi_k3_max,31.002048467981098,10
653,gpt_5_5_xhigh,63.99604162409864,1
653,glm_5_2_max,59.63286729848319,2
653,deepseek_v4_pro_max,58.737545285637026,3
653,kimi_k3_max,58.41875135216631,4
653,claude_fable_5_max,51.66320113147706,5
653,claude_opus_4_8_max,48.22703286654007,6
653,gpt_5_6_sol_max,44.79541176218565,7
653,qwen3_8_max,39.006760187098536,8
653,gemini_3_1_pro_high,38.49867468809598,9
653,deepseek_v4_flash_max,36.67098533158263,10
654,claude_fable_5_max,74.11026180228315,1
654,glm_5_2_max,67.54428337575894,2
654,deepseek_v4_pro_max,62.58202107836175,3
654,gemini_3_1_pro_high,57.078588024916684,4
654,claude_opus_4_8_max,45.84283558568343,5
654,qwen3_8_max,40.309207889537305,6
654,gpt_5_6_sol_max,39.332656551949405,7
654,deepseek_v4_flash_max,28.85762846905457,8
654,gpt_5_5_xhigh,28.81415868197714,9
654,kimi_k3_max,27.010946399758158,10
655,qwen3_8_max,71.22747161769264,1
655,deepseek_v4_flash_max,68.3155452317834,2
655,kimi_k3_max,61.225492275218286,3
655,gpt_5_6_sol_max,58.57055074655415,4
655,gpt_5_5_xhigh,57.51493783206061,5
655,claude_opus_4_8_max,53.35008032549754,6
655,gemini_3_1_pro_high,45.25253817423998,7
655,glm_5_2_max,40.16141571621574,8
655,claude_fable_5_max,39.653284563718756,9
655,deepseek_v4_pro_max,35.47631214192792,10
656,gemini_3_1_pro_high,60.137977811482706,1
656,claude_fable_5_max,53.07781310419982,2
656,glm_5_2_max,50.853932144203334,3
656,gpt_5_5_xhigh,46.054781042554275,4
656,kimi_k3_max,45.82421340181912,5
656,claude_opus_4_8_max,42.036696750197734,6
656,deepseek_v4_flash_max,40.514952959975076,7
656,qwen3_8_max,38.68575650131306,8
656,gpt_5_6_sol_max,31.262018666113438,9
656,deepseek_v4_pro_max,5.574489269244043,10
657,kimi_k3_max,74.195048827909,1
657,deepseek_v4_pro_max,68.92162371374125,2
657,gemini_3_1_pro_high,63.56152411699615,3
657,qwen3_8_max,56.456990476869805,4
657,claude_opus_4_8_max,46.705824439419644,5
657,gpt_5_6_sol_max,44.69190777605649,6
657,claude_fable_5_max,40.834161781164596,7
657,gpt_5_5_xhigh,35.05032448597394,8
657,glm_5_2_max,26.869286110454112,9
657,deepseek_v4_flash_max,17.047372953168956,10
658,gpt_5_6_sol_max,70.37330662373365,1
658,gpt_5_5_xhigh,58.47189041153612,2
658,deepseek_v4_pro_max,57.19770620642666,3
658,claude_opus_4_8_max,53.48278312494453,4
658,deepseek_v4_flash_max,49.80699041212159,5
658,gemini_3_1_pro_high,45.9838843394741,6
658,kimi_k3_max,43.9016097184176,7
658,claude_fable_5_max,37.06838909689889,8
658,qwen3_8_max,33.255415785616734,9
658,glm_5_2_max,33.004544776281485,10
659,deepseek_v4_flash_max,76.24336497159031,1
659,kimi_k3_max,61.297755905061635,2
659,gpt_5_5_xhigh,54.0939373681295,3
659,claude_opus_4_8_max,53.896381911887936,4
659,claude_fable_5_max,53.60527548596254,5
659,gpt_5_6_sol_max,43.842349092484156,6
659,glm_5_2_max,41.354440875225954,7
659,qwen3_8_max,39.88105043909512,8
659,gemini_3_1_pro_high,36.59545881865245,9
659,deepseek_v4_pro_max,29.97944956472633,10
660,kimi_k3_max,71.95264627917499,1
660,deepseek_v4_flash_max,67.19299972758195,2
660,claude_opus_4_8_max,58.80666369375722,3
660,gpt_5_6_sol_max,48.96457231287585,4
660,claude_fable_5_max,48.248774637721574,5
660,glm_5_2_max,42.028782512102836,6
660,qwen3_8_max,41.78562915244782,7
660,gpt_5_5_xhigh,34.95876566846345,8
660,gemini_3_1_pro_high,19.814142099565323,9
660,deepseek_v4_pro_max,15.95131719331682,10
661,claude_fable_5_max,86.78599971386313,1
661,gpt_5_5_xhigh,57.850539462059125,2
661,glm_5_2_max,55.26470675102053,3
661,claude_opus_4_8_max,47.420492023592175,4
661,gpt_5_6_sol_max,46.9235235449528,5
661,qwen3_8_max,46.69203047571569,6
661,deepseek_v4_flash_max,41.26632478327254,7
661,gemini_3_1_pro_high,35.220524558673176,8
661,kimi_k3_max,28.565626694491286,9
661,deepseek_v4_pro_max,24.549422162843914,10
662,gpt_5_6_sol_max,74.20582126970497,1
662,qwen3_8_max,60.21018114964748,2
662,deepseek_v4_pro_max,49.37441274109898,3
662,claude_opus_4_8_max,44.23607512249976,4
662,kimi_k3_max,40.07400265379751,5
662,gpt_5_5_xhigh,36.859116483461484,6
662,gemini_3_1_pro_high,34.073042045116125,7
662,claude_fable_5_max,32.603742430840995,8
662,glm_5_2_max,32.561024017700454,9
662,deepseek_v4_flash_max,18.275239581189783,10
663,deepseek_v4_pro_max,98.85566668569008,1
663,glm_5_2_max,63.37574834705065,2
663,gpt_5_6_sol_max,52.67667276199661,3
663,qwen3_8_max,47.08617195627587,4
663,gpt_5_5_xhigh,45.5682749102815,5
663,gemini_3_1_pro_high,43.688554869905296,6
663,claude_opus_4_8_max,40.51730398390072,7
663,kimi_k3_max,38.82297420507048,8
663,claude_fable_5_max,36.40700809914753,9
663,deepseek_v4_flash_max,33.313610428653185,10
664,claude_fable_5_max,71.54015600777444,1
664,kimi_k3_max,67.06561816400648,2
664,gemini_3_1_pro_high,64.5308671289704,3
664,qwen3_8_max,61.95494549869546,4
664,glm_5_2_max,59.29930394405896,5
664,gpt_5_5_xhigh,53.7686738574218,6
664,gpt_5_6_sol_max,50.08330292779196,7
664,claude_opus_4_8_max,47.55361552867039,8
664,deepseek_v4_flash_max,34.4879614018858,9
664,deepseek_v4_pro_max,25.6942379180158,10
665,kimi_k3_max,69.90312258728332,1
665,glm_5_2_max,63.64817044889171,2
665,deepseek_v4_pro_max,60.18630593265911,3
665,claude_opus_4_8_max,48.03432280605294,4
665,qwen3_8_max,44.7564541247314,5
665,deepseek_v4_flash_max,44.224511593721104,6
665,gemini_3_1_pro_high,40.40321384109263,7
665,claude_fable_5_max,37.42655349221412,8
665,gpt_5_6_sol_max,33.15273444081085,9
665,gpt_5_5_xhigh,29.945333162276,10
666,claude_fable_5_max,69.39267831994306,1
666,deepseek_v4_flash_max,66.95414832014089,2
666,deepseek_v4_pro_max,64.77473751017764,3
666,claude_opus_4_8_max,38.04197325961502,4
666,gpt_5_5_xhigh,37.83146708098697,5
666,gemini_3_1_pro_high,33.12619751032422,6
666,gpt_5_6_sol_max,24.874939363835626,7
666,qwen3_8_max,24.842087882496198,8
666,glm_5_2_max,23.67351810825462,9
666,kimi_k3_max,22.95305997577479,10
667,claude_fable_5_max,72.30501828707816,1
667,gpt_5_6_sol_max,63.686779880853436,2
667,deepseek_v4_pro_max,58.19913118729535,3
667,gemini_3_1_pro_high,53.95490365926054,4
667,claude_opus_4_8_max,50.247078032519106,5
667,deepseek_v4_flash_max,37.008264331124394,6
667,qwen3_8_max,31.10996636543157,7
667,gpt_5_5_xhigh,30.5406787902076,8
667,glm_5_2_max,29.473916044885886,9
667,kimi_k3_max,15.587579399675853,10
668,deepseek_v4_pro_max,72.93044826100898,1
668,claude_fable_5_max,63.12941993973446,2
668,gpt_5_6_sol_max,55.58042675736948,3
668,glm_5_2_max,54.3659146659671,4
668,kimi_k3_max,44.40328002405738,5
668,gemini_3_1_pro_high,31.506514486554213,6
668,claude_opus_4_8_max,30.54285961364618,7
668,gpt_5_5_xhigh,29.374302879123466,8
668,deepseek_v4_flash_max,27.869874783637542,9
668,qwen3_8_max,23.034758485411132,10
669,deepseek_v4_pro_max,74.43280839127881,1
669,qwen3_8_max,64.37913342353897,2
669,kimi_k3_max,60.59689892691587,3
669,gpt_5_5_xhigh,48.09824176133989,4
669,gemini_3_1_pro_high,47.929016589556646,5
669,claude_opus_4_8_max,43.55939537266839,6
669,claude_fable_5_max,42.35179671739374,7
669,gpt_5_6_sol_max,37.54532141803281,8
669,deepseek_v4_flash_max,36.450230891362004,9
669,glm_5_2_max,14.648870685125283,10
670,deepseek_v4_pro_max,83.4910308773323,1
670,qwen3_8_max,61.845984095454895,2
670,glm_5_2_max,61.392192521960624,3
670,kimi_k3_max,57.048557406731945,4
670,gpt_5_5_xhigh,46.52254889066392,5
670,gemini_3_1_pro_high,42.74296565785456,6
670,claude_opus_4_8_max,39.47881673374529,7
670,gpt_5_6_sol_max,34.174702580558204,8
670,claude_fable_5_max,33.2581085529676,9
670,deepseek_v4_flash_max,29.075686614219464,10
671,gpt_5_6_sol_max,55.92011041584687,1
671,deepseek_v4_pro_max,52.230172550370966,2
671,gpt_5_5_xhigh,49.31190568232796,3
671,deepseek_v4_flash_max,46.11354775219523,4
671,claude_fable_5_max,44.118982585759106,5
671,kimi_k3_max,40.42279522632474,6
671,glm_5_2_max,40.08737304913294,7
671,qwen3_8_max,39.56119094295981,8
671,claude_opus_4_8_max,37.42359125773949,9
671,gemini_3_1_pro_high,37.1369352175898,10
672,claude_fable_5_max,69.77955335990445,1
672,glm_5_2_max,48.766321475030125,2
672,claude_opus_4_8_max,48.158926431188576,3
672,kimi_k3_max,45.1507177822392,4
672,qwen3_8_max,45.0673098686982,5
672,gemini_3_1_pro_high,39.92941234617918,6
672,gpt_5_6_sol_max,35.07838813548051,7
672,deepseek_v4_pro_max,31.05194130214821,8
672,gpt_5_5_xhigh,29.46051274668274,9
672,deepseek_v4_flash_max,10.98989322887996,10
673,deepseek_v4_pro_max,78.77872559372823,1
673,qwen3_8_max,64.53973749611038,2
673,kimi_k3_max,63.4107360983444,3
673,gpt_5_5_xhigh,61.08239038985113,4
673,deepseek_v4_flash_max,56.091889517114566,5
673,gpt_5_6_sol_max,53.680467553784304,6
673,glm_5_2_max,48.10181938410156,7
673,claude_opus_4_8_max,48.00600989333472,8
673,claude_fable_5_max,43.90258534716697,9
673,gemini_3_1_pro_high,43.088090846969706,10
674,claude_fable_5_max,77.27530423965992,1
674,gpt_5_5_xhigh,63.68662918799579,2
674,kimi_k3_max,52.08424347422873,3
674,claude_opus_4_8_max,50.05120557353695,4
674,gemini_3_1_pro_high,49.2571324014925,5
674,deepseek_v4_flash_max,42.44083757870743,6
674,qwen3_8_max,42.11989305579148,7
674,gpt_5_6_sol_max,39.411044717621486,8
674,glm_5_2_max,27.202454473599744,9
674,deepseek_v4_pro_max,13.678329249182852,10
675,qwen3_8_max,76.98903087371397,1
675,gpt_5_6_sol_max,62.07503197694057,2
675,deepseek_v4_pro_max,60.72389359254057,3
675,gpt_5_5_xhigh,53.92513559303026,4
675,claude_opus_4_8_max,44.46846319713333,5
675,claude_fable_5_max,42.7468833355708,6
675,gemini_3_1_pro_high,41.860905497705545,7
675,glm_5_2_max,32.94792510058979,8
675,kimi_k3_max,30.285950394288477,9
675,deepseek_v4_flash_max,28.83883177214953,10
676,gpt_5_5_xhigh,68.55690372936908,1
676,gpt_5_6_sol_max,65.45717185125932,2
676,gemini_3_1_pro_high,62.99414969963884,3
676,deepseek_v4_pro_max,60.5998856273756,4
676,claude_opus_4_8_max,58.73507452978683,5
676,glm_5_2_max,53.150090668210126,6
676,qwen3_8_max,49.54666646802605,7
676,kimi_k3_max,46.598715916737014,8
676,claude_fable_5_max,44.916738632266856,9
676,deepseek_v4_flash_max,12.13371678695522,10
677,claude_fable_5_max,74.20545948495474,1
677,claude_opus_4_8_max,51.05369199569092,2
677,kimi_k3_max,50.83819071537711,3
677,gpt_5_5_xhigh,50.059375613254495,4
677,qwen3_8_max,41.60694151653996,5
677,glm_5_2_max,41.29099666926574,6
677,deepseek_v4_pro_max,41.27897230187751,7
677,deepseek_v4_flash_max,38.19297767920067,8
677,gemini_3_1_pro_high,31.160546569406392,9
677,gpt_5_6_sol_max,31.074849027160905,10
678,deepseek_v4_flash_max,78.34504106098248,1
678,glm_5_2_max,76.185486628116,2
678,gpt_5_6_sol_max,71.90440733502551,3
678,gpt_5_5_xhigh,61.08198498616385,4
678,qwen3_8_max,56.16298364003916,5
678,deepseek_v4_pro_max,53.842808145841815,6
678,gemini_3_1_pro_high,47.9882897180355,7
678,claude_opus_4_8_max,46.63882354508074,8
678,claude_fable_5_max,43.77452670175539,9
678,kimi_k3_max,27.38015243219583,10
679,deepseek_v4_flash_max,77.47011829652082,1
679,claude_opus_4_8_max,75.41341100657246,2
679,glm_5_2_max,68.34016204103074,3
679,qwen3_8_max,61.990851237593986,4
679,gemini_3_1_pro_high,47.32695582002283,5
679,gpt_5_5_xhigh,42.60818685135226,6
679,deepseek_v4_pro_max,41.73171892318336,7
679,gpt_5_6_sol_max,41.30572723652403,8
679,claude_fable_5_max,37.41767637815475,9
679,kimi_k3_max,37.06649107026474,10
680,gpt_5_5_xhigh,78.8416428517526,1
680,deepseek_v4_flash_max,61.03472692888779,2
680,claude_fable_5_max,56.191217871244326,3
680,claude_opus_4_8_max,52.65620484289366,4
680,gpt_5_6_sol_max,50.41177088535968,5
680,kimi_k3_max,48.395114117678354,6
680,gemini_3_1_pro_high,37.22201080261626,7
680,deepseek_v4_pro_max,35.34258196952612,8
680,qwen3_8_max,35.109208870955314,9
680,glm_5_2_max,33.797381794552244,10
681,gpt_5_5_xhigh,70.01772305925749,1
681,qwen3_8_max,58.73763548868684,2
681,gemini_3_1_pro_high,54.849530716007436,3
681,deepseek_v4_pro_max,54.416375683564155,4
681,claude_opus_4_8_max,46.70860149969468,5
681,claude_fable_5_max,46.67182063599713,6
681,gpt_5_6_sol_max,44.792833483513945,7
681,deepseek_v4_flash_max,37.34103795347003,8
681,glm_5_2_max,31.642499526772305,9
681,kimi_k3_max,20.51702074884383,10
682,deepseek_v4_flash_max,72.78457931835656,1
682,claude_fable_5_max,63.99986214564394,2
682,gpt_5_6_sol_max,61.0151859892633,3
682,deepseek_v4_pro_max,58.25455773775313,4
682,gemini_3_1_pro_high,52.16128454573892,5
682,kimi_k3_max,45.4011150658317,6
682,glm_5_2_max,44.543742934540404,7
682,claude_opus_4_8_max,37.58458396053133,8
682,gpt_5_5_xhigh,36.20730069982964,9
682,qwen3_8_max,32.47432734743502,10
683,deepseek_v4_flash_max,75.13117231344408,1
683,gpt_5_6_sol_max,74.12692291521337,2
683,gpt_5_5_xhigh,57.52009779365451,3
683,gemini_3_1_pro_high,56.35487480738976,4
683,claude_fable_5_max,53.99649062544658,5
683,qwen3_8_max,50.042598760008666,6
683,kimi_k3_max,46.12968401182032,7
683,claude_opus_4_8_max,35.34097102861655,8
683,glm_5_2_max,32.71367559731017,9
683,deepseek_v4_pro_max,19.415546671693832,10
684,deepseek_v4_pro_max,75.61103581417663,1
684,gpt_5_5_xhigh,73.43009799082701,2
684,kimi_k3_max,61.25020728766948,3
684,gpt_5_6_sol_max,60.672094852972975,4
684,glm_5_2_max,59.27511125146927,5
684,gemini_3_1_pro_high,57.15428260139673,6
684,claude_opus_4_8_max,51.14928264665285,7
684,deepseek_v4_flash_max,40.25147189880191,8
684,qwen3_8_max,36.37939687135974,9
684,claude_fable_5_max,35.927674694825804,10
685,claude_fable_5_max,80.25003053853794,1
685,gpt_5_5_xhigh,68.37213308538362,2
685,glm_5_2_max,67.49304162041844,3
685,qwen3_8_max,58.143930363472435,4
685,gemini_3_1_pro_high,54.631617967997904,5
685,claude_opus_4_8_max,52.726972769140616,6
685,deepseek_v4_flash_max,52.68623904882698,7
685,kimi_k3_max,52.18088138596726,8
685,gpt_5_6_sol_max,48.53416260297708,9
685,deepseek_v4_pro_max,24.942294323357267,10
686,kimi_k3_max,69.12537643528577,1
686,deepseek_v4_flash_max,68.05474981781543,2
686,claude_opus_4_8_max,60.69798299212428,3
686,qwen3_8_max,56.71639541726323,4
686,gemini_3_1_pro_high,55.45970560091742,5
686,claude_fable_5_max,50.689836313889316,6
686,gpt_5_5_xhigh,42.91006782238459,7
686,gpt_5_6_sol_max,35.08654962048928,8
686,glm_5_2_max,33.564403934949176,9
686,deepseek_v4_pro_max,22.863613645666668,10
687,kimi_k3_max,65.32568311700538,1
687,gpt_5_6_sol_max,60.29337429769589,2
687,gpt_5_5_xhigh,51.74946651117004,3
687,claude_fable_5_max,51.578169376971076,4
687,claude_opus_4_8_max,47.8114124836476,5
687,qwen3_8_max,45.12034121756887,6
687,gemini_3_1_pro_high,36.00458066267495,7
687,deepseek_v4_pro_max,34.779417665854766,8
687,glm_5_2_max,30.69599968876653,9
687,deepseek_v4_flash_max,20.842823195843923,10
688,gpt_5_6_sol_max,73.29445236591167,1
688,deepseek_v4_pro_max,70.86774865212712,2
688,gemini_3_1_pro_high,43.130908188043456,3
688,glm_5_2_max,42.80101466383604,4
688,qwen3_8_max,33.45387705899715,5
688,claude_opus_4_8_max,32.44210797264886,6
688,gpt_5_5_xhigh,31.96848501249677,7
688,kimi_k3_max,30.685774565383056,8
688,claude_fable_5_max,22.615671553957142,9
688,deepseek_v4_flash_max,18.4680457114741,10
689,deepseek_v4_pro_max,91.16491550995823,1
689,qwen3_8_max,75.54582992748965,2
689,claude_opus_4_8_max,73.00443045516768,3
689,gpt_5_6_sol_max,64.45769072617759,4
689,deepseek_v4_flash_max,44.20236946624757,5
689,gemini_3_1_pro_high,41.5123687835938,6
689,glm_5_2_max,37.682342234241524,7
689,claude_fable_5_max,33.52064001873417,8
689,gpt_5_5_xhigh,32.907552875735774,9
689,kimi_k3_max,21.809968702776764,10
690,gemini_3_1_pro_high,69.00204161376563,1
690,gpt_5_6_sol_max,62.95157898446665,2
690,claude_fable_5_max,55.031332705830536,3
690,deepseek_v4_pro_max,52.55116222505242,4
690,kimi_k3_max,47.96316375934552,5
690,glm_5_2_max,42.05722070149628,6
690,claude_opus_4_8_max,40.60209027591171,7
690,gpt_5_5_xhigh,39.18315910553904,8
690,qwen3_8_max,38.264441649412255,9
690,deepseek_v4_flash_max,14.970291280533564,10
691,gemini_3_1_pro_high,71.85640425392744,1
691,qwen3_8_max,62.47179490287562,2
691,claude_opus_4_8_max,61.57891281779857,3
691,claude_fable_5_max,58.491723522139566,4
691,glm_5_2_max,56.29896504288931,5
691,gpt_5_6_sol_max,53.49693740513656,6
691,kimi_k3_max,52.50992649349168,7
691,deepseek_v4_pro_max,43.81923657758357,8
691,gpt_5_5_xhigh,33.730018192487826,9
691,deepseek_v4_flash_max,21.356442972040107,10
692,claude_fable_5_max,71.22652123471016,1
692,gemini_3_1_pro_high,67.21209438946804,2
692,qwen3_8_max,66.01511052746994,3
692,kimi_k3_max,64.42088777107529,4
692,gpt_5_6_sol_max,62.295857610050504,5
692,claude_opus_4_8_max,62.04248315940471,6
692,gpt_5_5_xhigh,46.437916368492715,7
692,deepseek_v4_flash_max,34.652066886410026,8
692,deepseek_v4_pro_max,30.733491467302343,9
692,glm_5_2_max,28.272280755918437,10
693,glm_5_2_max,66.38517349394483,1
693,gemini_3_1_pro_high,58.602408155659546,2
693,kimi_k3_max,54.60052459918307,3
693,claude_opus_4_8_max,51.696251614196484,4
693,claude_fable_5_max,50.20101266110006,5
693,deepseek_v4_pro_max,49.835127007181256,6
693,gpt_5_5_xhigh,42.466272397184895,7
693,gpt_5_6_sol_max,35.979934749008564,8
693,qwen3_8_max,28.910192057526046,9
693,deepseek_v4_flash_max,4.110597566458724,10
694,gpt_5_6_sol_max,68.14091576133488,1
694,gpt_5_5_xhigh,60.670246787704365,2
694,kimi_k3_max,58.905734392423604,3
694,glm_5_2_max,57.41863386431639,4
694,claude_opus_4_8_max,55.86388367824148,5
694,claude_fable_5_max,50.64378667553011,6
694,deepseek_v4_pro_max,45.223577483199286,7
694,gemini_3_1_pro_high,39.908517465252174,8
694,qwen3_8_max,35.98419326127657,9
694,deepseek_v4_flash_max,25.762446935862112,10
695,claude_fable_5_max,65.59983586558758,1
695,gemini_3_1_pro_high,63.91748447579729,2
695,claude_opus_4_8_max,43.49140076524939,3
695,gpt_5_5_xhigh,38.554299819958345,4
695,gpt_5_6_sol_max,37.76263619759931,5
695,qwen3_8_max,31.63067024921937,6
695,deepseek_v4_pro_max,29.95561052309239,7
695,glm_5_2_max,26.974109860190044,8
695,kimi_k3_max,26.192458549389293,9
695,deepseek_v4_flash_max,13.274333902467841,10
696,gpt_5_6_sol_max,62.683119165043294,1
696,claude_opus_4_8_max,58.53868987140156,2
696,gemini_3_1_pro_high,56.844861772854074,3
696,claude_fable_5_max,56.53386274354085,4
696,deepseek_v4_pro_max,55.022563891650975,5
696,glm_5_2_max,53.72976978815869,6
696,kimi_k3_max,53.54586233243456,7
696,deepseek_v4_flash_max,51.62291984272606,8
696,qwen3_8_max,51.491138105936585,9
696,gpt_5_5_xhigh,35.87903474908375,10
697,claude_fable_5_max,85.20553741805897,1
697,glm_5_2_max,72.19857046641891,2
697,gpt_5_6_sol_max,64.22605479556249,3
697,claude_opus_4_8_max,41.72341912727004,4
697,kimi_k3_max,40.269391200489494,5
697,gemini_3_1_pro_high,38.38533037003433,6
697,gpt_5_5_xhigh,37.547293485029336,7
697,qwen3_8_max,37.380817651836495,8
697,deepseek_v4_flash_max,37.35684244962137,9
697,deepseek_v4_pro_max,36.85002155829428,10
698,glm_5_2_max,68.29547317433975,1
698,claude_fable_5_max,64.16679618595545,2
698,gpt_5_5_xhigh,52.933899172579416,3
698,gpt_5_6_sol_max,48.87258733566204,4
698,claude_opus_4_8_max,44.49648074594807,5
698,deepseek_v4_pro_max,41.710718674418224,6
698,deepseek_v4_flash_max,38.5566165406907,7
698,qwen3_8_max,37.3353556995956,8
698,gemini_3_1_pro_high,37.08189325258344,9
698,kimi_k3_max,33.4567794646079,10
699,deepseek_v4_flash_max,75.87955818205171,1
699,gpt_5_5_xhigh,61.77870724779467,2
699,claude_opus_4_8_max,61.43351252409345,3
699,kimi_k3_max,51.17100904186552,4
699,qwen3_8_max,50.98184756501274,5
699,claude_fable_5_max,47.713413559578484,6
699,gemini_3_1_pro_high,46.86066141292756,7
699,gpt_5_6_sol_max,46.63746366702111,8
699,deepseek_v4_pro_max,31.12054854249328,9
699,glm_5_2_max,24.667655262192746,10
700,deepseek_v4_pro_max,87.99171595021963,1
700,gpt_5_6_sol_max,57.72929277396008,2
700,gpt_5_5_xhigh,56.32869922180101,3
700,claude_opus_4_8_max,54.28987935885431,4
700,kimi_k3_max,40.52709097872586,5
700,glm_5_2_max,40.21955693111916,6
700,gemini_3_1_pro_high,36.36393789921291,7
700,claude_fable_5_max,35.01999477458369,8
700,qwen3_8_max,33.70340220706189,9
700,deepseek_v4_flash_max,25.674680047026186,10
701,claude_opus_4_8_max,73.979644181552,1
701,qwen3_8_max,68.9457304932175,2
701,gpt_5_6_sol_max,66.52587662756513,3
701,gemini_3_1_pro_high,62.4616863524166,4
701,glm_5_2_max,62.34152771391859,5
701,claude_fable_5_max,52.38652894900803,6
701,kimi_k3_max,51.399058679531734,7
701,deepseek_v4_flash_max,51.02852804313598,8
701,deepseek_v4_pro_max,34.53745496984501,9
701,gpt_5_5_xhigh,31.478320973172387,10
702,claude_fable_5_max,68.20961725718027,1
702,gemini_3_1_pro_high,56.709803618552485,2
702,claude_opus_4_8_max,46.872221446997145,3
702,gpt_5_6_sol_max,38.66305600943355,4
702,qwen3_8_max,33.16231104408057,5
702,deepseek_v4_flash_max,31.870273659542526,6
702,gpt_5_5_xhigh,30.48221873915511,7
702,kimi_k3_max,26.176029316476864,8
702,deepseek_v4_pro_max,22.443209863952518,9
702,glm_5_2_max,13.77689103034625,10
703,deepseek_v4_flash_max,79.29820097609893,1
703,kimi_k3_max,73.82934153622975,2
703,glm_5_2_max,66.15884025464152,3
703,gpt_5_6_sol_max,55.50630387570388,4
703,gpt_5_5_xhigh,50.92009662525296,5
703,claude_fable_5_max,49.709455914791256,6
703,gemini_3_1_pro_high,47.87165742247308,7
703,deepseek_v4_pro_max,45.939536667890316,8
703,qwen3_8_max,42.527799555374926,9
703,claude_opus_4_8_max,39.273621023323805,10
704,deepseek_v4_pro_max,82.47817490189868,1
704,claude_opus_4_8_max,62.74813385224721,2
704,gemini_3_1_pro_high,50.306718784603554,3
704,gpt_5_5_xhigh,50.12146642325149,4
704,glm_5_2_max,48.986517078370724,5
704,kimi_k3_max,48.87418350283652,6
704,gpt_5_6_sol_max,45.629391633435,7
704,claude_fable_5_max,41.208261607972105,8
704,qwen3_8_max,30.874976339229878,9
704,deepseek_v4_flash_max,18.702937928221274,10
705,deepseek_v4_flash_max,55.309848962673705,1
705,kimi_k3_max,50.20430942029095,2
705,qwen3_8_max,47.371526932451474,3
705,claude_opus_4_8_max,40.15851111415947,4
705,gpt_5_5_xhigh,36.650075994104974,5
705,claude_fable_5_max,36.118679186240115,6
705,glm_5_2_max,35.501036203440805,7
705,gpt_5_6_sol_max,34.626693707703865,8
705,deepseek_v4_pro_max,22.992501502477523,9
705,gemini_3_1_pro_high,13.927772533207825,10
706,gpt_5_5_xhigh,60.15290735181525,1
706,qwen3_8_max,58.0592254267227,2
706,claude_opus_4_8_max,52.45689542963962,3
706,deepseek_v4_flash_max,47.48992503016898,4
706,gpt_5_6_sol_max,46.71549512823826,5
706,deepseek_v4_pro_max,43.50017002263699,6
706,kimi_k3_max,41.69960737451311,7
706,glm_5_2_max,36.42243474773592,8
706,claude_fable_5_max,30.61122886080544,9
706,gemini_3_1_pro_high,26.414804064556066,10
707,gpt_5_5_xhigh,75.07003250148054,1
707,claude_opus_4_8_max,60.43903442776397,2
707,qwen3_8_max,56.554924879561,3
707,glm_5_2_max,56.22217629680708,4
707,deepseek_v4_pro_max,52.99794409214547,5
707,gpt_5_6_sol_max,51.596238595101596,6
707,kimi_k3_max,49.058043806937214,7
707,gemini_3_1_pro_high,35.13803290213027,8
707,claude_fable_5_max,24.519620086801176,9
707,deepseek_v4_flash_max,20.600766944517765,10
708,deepseek_v4_pro_max,82.40491381357536,1
708,claude_fable_5_max,68.96313194504519,2
708,gpt_5_6_sol_max,49.75202982211811,3
708,glm_5_2_max,41.63843050938854,4
708,qwen3_8_max,41.12021072619347,5
708,deepseek_v4_flash_max,39.724658005942885,6
708,claude_opus_4_8_max,36.530419830067764,7
708,gpt_5_5_xhigh,32.83958777570584,8
708,gemini_3_1_pro_high,28.222271655556995,9
708,kimi_k3_max,26.582382907931837,10
709,kimi_k3_max,84.37176431121047,1
709,deepseek_v4_flash_max,69.77775129483334,2
709,gpt_5_5_xhigh,66.04644104884694,3
709,qwen3_8_max,65.26724931859803,4
709,claude_fable_5_max,61.774739064561004,5
709,deepseek_v4_pro_max,51.88174454848722,6
709,gpt_5_6_sol_max,50.27103987640664,7
709,claude_opus_4_8_max,44.950593567800155,8
709,glm_5_2_max,38.32752438482475,9
709,gemini_3_1_pro_high,38.28429181085262,10
710,claude_fable_5_max,79.11646291658961,1
710,kimi_k3_max,61.72456644167884,2
710,gpt_5_6_sol_max,60.506914811926364,3
710,gpt_5_5_xhigh,46.78748353927748,4
710,claude_opus_4_8_max,37.318590214878824,5
710,deepseek_v4_pro_max,37.13782472331329,6
710,gemini_3_1_pro_high,33.438064127137125,7
710,glm_5_2_max,31.765431901359207,8
710,deepseek_v4_flash_max,31.598944028303862,9
710,qwen3_8_max,28.785408811134204,10
711,claude_opus_4_8_max,74.70909818702964,1
711,kimi_k3_max,56.71943611321169,2
711,qwen3_8_max,49.86857304036497,3
711,gpt_5_6_sol_max,42.38776265145569,4
711,gemini_3_1_pro_high,41.1083065241255,5
711,gpt_5_5_xhigh,40.44665986698134,6
711,deepseek_v4_pro_max,37.51610977908554,7
711,claude_fable_5_max,27.80318768979371,8
711,deepseek_v4_flash_max,26.646058723877392,9
711,glm_5_2_max,20.048446221030567,10
712,deepseek_v4_flash_max,68.94741051229597,1
712,gpt_5_5_xhigh,61.87092391543694,2
712,gemini_3_1_pro_high,54.044710443295386,3
712,glm_5_2_max,49.28803674649791,4
712,qwen3_8_max,49.24490901754919,5
712,gpt_5_6_sol_max,42.60509905968462,6
712,claude_opus_4_8_max,39.331292780759405,7
712,claude_fable_5_max,38.75550153876693,8
712,deepseek_v4_pro_max,22.32710698683953,9
712,kimi_k3_max,20.777468254213723,10
713,deepseek_v4_pro_max,70.66876952852263,1
713,gemini_3_1_pro_high,69.11986371741162,2
713,claude_opus_4_8_max,61.265805212384336,3
713,gpt_5_5_xhigh,50.1392311320209,4
713,kimi_k3_max,49.20762027905543,5
713,glm_5_2_max,46.617189858279275,6
713,qwen3_8_max,43.55349115994902,7
713,claude_fable_5_max,41.556233347852384,8
713,gpt_5_6_sol_max,33.31394562598338,9
713,deepseek_v4_flash_max,26.65453764638582,10
714,claude_fable_5_max,55.61940313717927,1
714,gpt_5_5_xhigh,53.340280167306986,2
714,deepseek_v4_flash_max,50.44649563999886,3
714,deepseek_v4_pro_max,42.09383527998676,4
714,gemini_3_1_pro_high,41.641814220753844,5
714,qwen3_8_max,36.56664009904581,6
714,claude_opus_4_8_max,35.51860605181494,7
714,kimi_k3_max,34.480827448753296,8
714,glm_5_2_max,29.03395551444355,9
714,gpt_5_6_sol_max,28.104767714721085,10
715,claude_fable_5_max,64.78668281575521,1
715,deepseek_v4_flash_max,61.64462810626641,2
715,gpt_5_6_sol_max,56.327802069581494,3
715,gemini_3_1_pro_high,52.300736989503484,4
715,deepseek_v4_pro_max,43.142333059658185,5
715,claude_opus_4_8_max,35.791458861829106,6
715,gpt_5_5_xhigh,35.58777486192313,7
715,kimi_k3_max,35.36336865892944,8
715,glm_5_2_max,35.3216066742681,9
715,qwen3_8_max,22.317891262422815,10
716,claude_fable_5_max,83.41895832215216,1
716,gpt_5_6_sol_max,63.097048826531115,2
716,qwen3_8_max,61.50909392974977,3
716,gpt_5_5_xhigh,57.60097597940884,4
716,deepseek_v4_pro_max,52.798867480191205,5
716,deepseek_v4_flash_max,50.33574770391137,6
716,gemini_3_1_pro_high,34.42586257713678,7
716,claude_opus_4_8_max,30.43395525640307,8
716,glm_5_2_max,17.392883015727605,9
716,kimi_k3_max,15.587209018691503,10
717,gpt_5_6_sol_max,69.79681356212762,1
717,claude_fable_5_max,58.23480865790161,2
717,claude_opus_4_8_max,53.678202138228315,3
717,deepseek_v4_pro_max,52.16792819618009,4
717,kimi_k3_max,43.711032995124356,5
717,qwen3_8_max,43.34865084375255,6
717,glm_5_2_max,42.95175357206979,7
717,gemini_3_1_pro_high,32.41321084736793,8
717,deepseek_v4_flash_max,29.891082236855517,9
717,gpt_5_5_xhigh,22.103995662063145,10
718,gpt_5_5_xhigh,85.66547097922887,1
718,qwen3_8_max,71.71651787303676,2
718,gpt_5_6_sol_max,70.75340220985841,3
718,deepseek_v4_pro_max,62.94648460955857,4
718,claude_fable_5_max,58.5092330095957,5
718,claude_opus_4_8_max,54.22071912677494,6
718,gemini_3_1_pro_high,48.98403288567599,7
718,glm_5_2_max,41.53250979552938,8
718,kimi_k3_max,40.52783978436048,9
718,deepseek_v4_flash_max,15.693577399948612,10
719,gemini_3_1_pro_high,87.77189994730064,1
719,kimi_k3_max,73.31583559649864,2
719,gpt_5_6_sol_max,61.69525799008006,3
719,deepseek_v4_pro_max,45.83156791132697,4
719,qwen3_8_max,36.789547238448364,5
719,claude_fable_5_max,36.62825997611162,6
719,claude_opus_4_8_max,30.192139202600984,7
719,gpt_5_5_xhigh,26.910770668711482,8
719,glm_5_2_max,25.91872348305386,9
719,deepseek_v4_flash_max,21.646483791641117,10
720,kimi_k3_max,66.02917534960687,1
720,deepseek_v4_pro_max,58.090229237918884,2
720,gpt_5_5_xhigh,58.07007458276957,3
720,claude_fable_5_max,54.53732984185786,4
720,claude_opus_4_8_max,52.232909695453536,5
720,gpt_5_6_sol_max,46.524142919083,6
720,gemini_3_1_pro_high,41.931124717945856,7
720,qwen3_8_max,23.6363184481213,8
720,glm_5_2_max,21.29383150884017,9
720,deepseek_v4_flash_max,12.114143755770792,10
721,deepseek_v4_pro_max,100.0,1
721,claude_opus_4_8_max,54.75014925762498,2
721,qwen3_8_max,54.471624233228745,3
721,gpt_5_6_sol_max,54.40269293372566,4
721,kimi_k3_max,50.80570166741639,5
721,glm_5_2_max,49.63113012645135,6
721,gpt_5_5_xhigh,47.536844775089726,7
721,deepseek_v4_flash_max,31.152543468805465,8
721,gemini_3_1_pro_high,30.07021504795777,9
721,claude_fable_5_max,22.713473118423885,10
722,deepseek_v4_pro_max,92.87305773152123,1
722,glm_5_2_max,71.5052939718594,2
722,kimi_k3_max,58.77358437083252,3
722,gpt_5_6_sol_max,57.28061678864526,4
722,gpt_5_5_xhigh,56.55853991643892,5
722,qwen3_8_max,55.7025359610922,6
722,claude_opus_4_8_max,48.9501783899964,7
722,gemini_3_1_pro_high,42.69592698343087,8
722,deepseek_v4_flash_max,33.069167710245466,9
722,claude_fable_5_max,28.88982591472416,10
723,deepseek_v4_pro_max,64.81522510696615,1
723,gpt_5_6_sol_max,55.31202930585195,2
723,gpt_5_5_xhigh,52.433934573257915,3
723,claude_opus_4_8_max,51.16457111082737,4
723,gemini_3_1_pro_high,50.963993810568624,5
723,deepseek_v4_flash_max,50.779337899306555,6
723,kimi_k3_max,49.345785960029616,7
723,claude_fable_5_max,44.56960474266622,8
723,glm_5_2_max,37.59956383752305,9
723,qwen3_8_max,28.75591063680103,10
724,claude_fable_5_max,71.72158499899916,1
724,kimi_k3_max,62.52664667398856,2
724,claude_opus_4_8_max,61.313818711888786,3
724,gpt_5_6_sol_max,56.6936851659442,4
724,deepseek_v4_pro_max,49.732865736605035,5
724,deepseek_v4_flash_max,46.238257567731765,6
724,glm_5_2_max,40.164588039263776,7
724,gemini_3_1_pro_high,37.70449288045348,8
724,qwen3_8_max,37.25123261964752,9
724,gpt_5_5_xhigh,30.87647054010352,10
725,kimi_k3_max,89.67360640310845,1
725,glm_5_2_max,62.19330546241753,2
725,gemini_3_1_pro_high,59.84461661900483,3
725,claude_fable_5_max,56.88736918270301,4
725,deepseek_v4_pro_max,55.69912844402484,5
725,qwen3_8_max,42.502116416694555,6
725,gpt_5_5_xhigh,36.13792708735899,7
725,claude_opus_4_8_max,31.8385538819821,8
725,gpt_5_6_sol_max,27.13983533785919,9
725,deepseek_v4_flash_max,0.9176588395717307,10
726,claude_fable_5_max,84.95665616864946,1
726,deepseek_v4_flash_max,70.98748631015933,2
726,claude_opus_4_8_max,60.71321679492308,3
726,deepseek_v4_pro_max,52.1260457336798,4
726,gemini_3_1_pro_high,44.15920504427677,5
726,glm_5_2_max,41.26188153376639,6
726,gpt_5_6_sol_max,40.21549065111514,7
726,gpt_5_5_xhigh,30.519936469174255,8
726,qwen3_8_max,26.310701285525194,9
726,kimi_k3_max,25.21096661959959,10
727,glm_5_2_max,88.11537107258802,1
727,deepseek_v4_pro_max,84.34501145433264,2
727,claude_opus_4_8_max,79.64501499817978,3
727,gpt_5_6_sol_max,70.45120744015222,4
727,qwen3_8_max,50.70674559953811,5
727,gpt_5_5_xhigh,49.928223173483495,6
727,deepseek_v4_flash_max,44.22311086516485,7
727,kimi_k3_max,43.473958482717805,8
727,gemini_3_1_pro_high,39.4567897951512,9
727,claude_fable_5_max,31.41201306474797,10
728,glm_5_2_max,58.58193078169853,1
728,gemini_3_1_pro_high,50.78100593575233,2
728,kimi_k3_max,50.63540796814296,3
728,claude_opus_4_8_max,50.43230015331513,4
728,claude_fable_5_max,38.60020393032943,5
728,deepseek_v4_pro_max,35.76590525866536,6
728,gpt_5_6_sol_max,34.81125536595041,7
728,gpt_5_5_xhigh,27.065226191984884,8
728,qwen3_8_max,25.995627347435455,9
728,deepseek_v4_flash_max,25.342997894532967,10
729,claude_fable_5_max,80.81595974399968,1
729,deepseek_v4_flash_max,51.37179739381583,2
729,kimi_k3_max,43.750626856586976,3
729,gpt_5_6_sol_max,39.035222373301494,4
729,gpt_5_5_xhigh,33.93031711063882,5
729,deepseek_v4_pro_max,29.576298512094166,6
729,claude_opus_4_8_max,29.44521250669907,7
729,qwen3_8_max,25.38485028485415,8
729,gemini_3_1_pro_high,22.083985130287154,9
729,glm_5_2_max,20.4233823135701,10
730,claude_fable_5_max,79.5320337954873,1
730,gpt_5_6_sol_max,53.87209396223052,2
730,gpt_5_5_xhigh,47.860230148090864,3
730,claude_opus_4_8_max,45.307848111183475,4
730,gemini_3_1_pro_high,42.57916697168467,5
730,qwen3_8_max,42.54750063878848,6
730,deepseek_v4_pro_max,39.963686901810135,7
730,kimi_k3_max,32.57369978138621,8
730,glm_5_2_max,28.895704148685166,9
730,deepseek_v4_flash_max,11.003416311900608,10
731,claude_fable_5_max,71.15466502085397,1
731,deepseek_v4_pro_max,69.2882258893659,2
731,gpt_5_6_sol_max,65.02027869314313,3
731,claude_opus_4_8_max,61.91110494740943,4
731,gemini_3_1_pro_high,59.80447239385023,5
731,kimi_k3_max,50.701606652898235,6
731,qwen3_8_max,50.44971607436501,7
731,glm_5_2_max,37.199597668409936,8
731,deepseek_v4_flash_max,36.79484343562776,9
731,gpt_5_5_xhigh,30.824983632495282,10
732,claude_fable_5_max,82.23933064881656,1
732,deepseek_v4_flash_max,71.81495017626621,2
732,glm_5_2_max,61.932689129654385,3
732,gpt_5_6_sol_max,52.2247614747431,4
732,claude_opus_4_8_max,49.671699071510766,5
732,gpt_5_5_xhigh,36.209593737593586,6
732,gemini_3_1_pro_high,30.985976046658102,7
732,qwen3_8_max,28.24631330339773,8
732,kimi_k3_max,21.020236982345597,9
732,deepseek_v4_pro_max,11.20802791357493,10
733,deepseek_v4_pro_max,88.1719135525535,1
733,claude_fable_5_max,62.36245105002894,2
733,gpt_5_5_xhigh,59.57020536636161,3
733,deepseek_v4_flash_max,47.74197424996075,4
733,gemini_3_1_pro_high,43.67312102883522,5
733,claude_opus_4_8_max,38.753526587318106,6
733,qwen3_8_max,30.251269155506456,7
733,gpt_5_6_sol_max,29.421172724674527,8
733,kimi_k3_max,27.618447456863088,9
733,glm_5_2_max,19.664030135795024,10
734,gpt_5_6_sol_max,86.3897852566712,1
734,gemini_3_1_pro_high,69.62576325908128,2
734,qwen3_8_max,54.873187742945014,3
734,claude_opus_4_8_max,48.19988686454984,4
734,claude_fable_5_max,47.54358295285305,5
734,deepseek_v4_pro_max,46.36162121961264,6
734,deepseek_v4_flash_max,46.070418475271865,7
734,glm_5_2_max,42.97880484174287,8
734,gpt_5_5_xhigh,36.667738605303,9
734,kimi_k3_max,36.29738788275474,10
735,deepseek_v4_pro_max,69.93148180371915,1
735,glm_5_2_max,66.2459131122171,2
735,gemini_3_1_pro_high,59.43336760938287,3
735,gpt_5_5_xhigh,51.99723281815079,4
735,claude_fable_5_max,49.92915130579038,5
735,gpt_5_6_sol_max,47.215370410334515,6
735,qwen3_8_max,46.3933467459569,7
735,deepseek_v4_flash_max,40.11124273877992,8
735,claude_opus_4_8_max,32.99842165330696,9
735,kimi_k3_max,30.4701465058671,10
736,deepseek_v4_pro_max,83.95874639717023,1
736,claude_opus_4_8_max,67.0499575741374,2
736,claude_fable_5_max,63.93761420624777,3
736,qwen3_8_max,58.480788226402794,4
736,deepseek_v4_flash_max,58.12507964980559,5
736,glm_5_2_max,55.04527565585124,6
736,gpt_5_6_sol_max,45.56081705126819,7
736,kimi_k3_max,45.30275920683315,8
736,gpt_5_5_xhigh,40.51199756978663,9
736,gemini_3_1_pro_high,30.749286199638046,10
737,qwen3_8_max,77.46507673572026,1
737,gpt_5_6_sol_max,63.243994598063395,2
737,deepseek_v4_flash_max,51.39345437610132,3
737,gpt_5_5_xhigh,50.498708293693895,4
737,claude_opus_4_8_max,45.1301442401295,5
737,kimi_k3_max,36.30646493473475,6
737,gemini_3_1_pro_high,23.89677109697382,7
737,deepseek_v4_pro_max,21.526411018447863,8
737,claude_fable_5_max,21.129071021985226,9
737,glm_5_2_max,20.274895084804413,10
738,gemini_3_1_pro_high,89.47733706304442,1
738,claude_opus_4_8_max,66.50281236065614,2
738,deepseek_v4_pro_max,55.71160776033146,3
738,kimi_k3_max,51.720541828912936,4
738,gpt_5_6_sol_max,47.85767351723826,5
738,gpt_5_5_xhigh,38.01704475725967,6
738,claude_fable_5_max,37.62030301878727,7
738,glm_5_2_max,37.03675942939792,8
738,deepseek_v4_flash_max,22.9585698425062,9
738,qwen3_8_max,18.13632380002883,10
739,deepseek_v4_pro_max,76.4718245484976,1
739,claude_fable_5_max,75.01285865874085,2
739,claude_opus_4_8_max,70.9523505852915,3
739,gpt_5_6_sol_max,66.44532549192093,4
739,kimi_k3_max,60.002222572761454,5
739,gemini_3_1_pro_high,52.31029743081033,6
739,gpt_5_5_xhigh,49.293424588677475,7
739,qwen3_8_max,46.01763552625632,8
739,glm_5_2_max,44.04735074803868,9
739,deepseek_v4_flash_max,25.973680164046197,10
740,kimi_k3_max,79.32602831934359,1
740,gemini_3_1_pro_high,74.51068389687211,2
740,claude_opus_4_8_max,69.99464384497087,3
740,gpt_5_6_sol_max,48.193673292845745,4
740,glm_5_2_max,47.02035070469635,5
740,claude_fable_5_max,42.550996111633886,6
740,qwen3_8_max,42.41821036279006,7
740,deepseek_v4_pro_max,41.44881018934217,8
740,gpt_5_5_xhigh,25.42855070074976,9
740,deepseek_v4_flash_max,15.407539647552081,10
741,qwen3_8_max,58.222839694947595,1
741,gpt_5_6_sol_max,55.486545706814866,2
741,glm_5_2_max,53.85248825199096,3
741,deepseek_v4_flash_max,49.740716452835045,4
741,gpt_5_5_xhigh,47.46255018334385,5
741,kimi_k3_max,43.69184933463572,6
741,claude_opus_4_8_max,40.84507641615655,7
741,deepseek_v4_pro_max,36.679324801754476,8
741,gemini_3_1_pro_high,30.05937874972703,9
741,claude_fable_5_max,27.25600839646652,10
742,claude_opus_4_8_max,73.33953539691991,1
742,deepseek_v4_flash_max,67.88087763561862,2
742,gpt_5_5_xhigh,62.91454744619045,3
742,kimi_k3_max,56.209754877051246,4
742,gpt_5_6_sol_max,53.973190240985986,5
742,claude_fable_5_max,40.848697222141716,6
742,qwen3_8_max,40.34144880119282,7
742,glm_5_2_max,39.638219530697825,8
742,gemini_3_1_pro_high,29.331290815443843,9
742,deepseek_v4_pro_max,25.64631788556154,10
743,gpt_5_5_xhigh,69.4660705218331,1
743,gpt_5_6_sol_max,57.81155195612885,2
743,deepseek_v4_flash_max,57.165090945036084,3
743,claude_fable_5_max,56.71357765061663,4
743,claude_opus_4_8_max,53.68397375205606,5
743,deepseek_v4_pro_max,45.4468841293222,6
743,qwen3_8_max,35.43407966776421,7
743,glm_5_2_max,33.63002341067176,8
743,kimi_k3_max,32.00056445485561,9
743,gemini_3_1_pro_high,14.234776690845033,10
744,claude_fable_5_max,69.26760704561717,1
744,gpt_5_6_sol_max,68.76034573153149,2
744,deepseek_v4_pro_max,67.7127839769829,3
744,claude_opus_4_8_max,65.32731000052844,4
744,qwen3_8_max,61.861813031001475,5
744,deepseek_v4_flash_max,60.92821795303574,6
744,gpt_5_5_xhigh,58.75469039004234,7
744,kimi_k3_max,44.10841227028516,8
744,glm_5_2_max,38.72955879275334,9
744,gemini_3_1_pro_high,35.665105694623094,10
745,gpt_5_5_xhigh,72.42417016258506,1
745,claude_fable_5_max,67.15084772746329,2
745,claude_opus_4_8_max,65.05176820794247,3
745,gpt_5_6_sol_max,62.43891548650212,4
745,kimi_k3_max,56.84895293206624,5
745,qwen3_8_max,39.977452984731336,6
745,gemini_3_1_pro_high,38.65657484799372,7
745,deepseek_v4_flash_max,38.306296744477976,8
745,deepseek_v4_pro_max,36.91686658828435,9
745,glm_5_2_max,34.621120988298486,10
746,deepseek_v4_pro_max,100.00000000000001,1
746,claude_fable_5_max,54.935698700588844,2
746,gpt_5_6_sol_max,49.69836381525201,3
746,deepseek_v4_flash_max,47.50775848400847,4
746,gemini_3_1_pro_high,44.91686649310536,5
746,kimi_k3_max,30.276226575022534,6
746,glm_5_2_max,21.770067059894593,7
746,claude_opus_4_8_max,21.463134740746398,8
746,gpt_5_5_xhigh,21.0773252361859,9
746,qwen3_8_max,14.415218435135545,10
747,deepseek_v4_pro_max,95.04407177888949,1
747,glm_5_2_max,51.484284899796926,2
747,gemini_3_1_pro_high,47.00376007058406,3
747,claude_fable_5_max,43.544794040468325,4
747,kimi_k3_max,41.78339407876779,5
747,qwen3_8_max,41.20770756217206,6
747,gpt_5_6_sol_max,39.069071550584546,7
747,claude_opus_4_8_max,36.269286908727395,8
747,deepseek_v4_flash_max,35.191045539713585,9
747,gpt_5_5_xhigh,35.16384892040024,10
748,gpt_5_5_xhigh,68.35550776601116,1
748,glm_5_2_max,62.393235318946495,2
748,gemini_3_1_pro_high,52.84078636679223,3
748,claude_fable_5_max,52.097663678270564,4
748,qwen3_8_max,51.48358757861281,5
748,kimi_k3_max,48.796454135828924,6
748,claude_opus_4_8_max,37.441554966199476,7
748,gpt_5_6_sol_max,36.19040743312763,8
748,deepseek_v4_flash_max,31.636810434394626,9
748,deepseek_v4_pro_max,22.99816441371523,10
749,claude_fable_5_max,83.01025914764877,1
749,glm_5_2_max,71.22576729339241,2
749,gpt_5_6_sol_max,59.93820349085679,3
749,deepseek_v4_flash_max,55.4387630590119,4
749,qwen3_8_max,42.61733243938323,5
749,gpt_5_5_xhigh,40.91487898735289,6
749,claude_opus_4_8_max,38.98310417649212,7
749,gemini_3_1_pro_high,35.962715203729076,8
749,deepseek_v4_pro_max,28.566115074306566,9
749,kimi_k3_max,27.86024505455148,10
750,qwen3_8_max,75.95280414953352,1
750,gemini_3_1_pro_high,62.627925054702786,2
750,claude_fable_5_max,58.40901529453537,3
750,gpt_5_5_xhigh,54.57122246133771,4
750,kimi_k3_max,54.04377617669693,5
750,glm_5_2_max,51.600729506670724,6
750,deepseek_v4_flash_max,50.46890366501516,7
750,gpt_5_6_sol_max,49.83284964411361,8
750,claude_opus_4_8_max,46.26960085725034,9
750,deepseek_v4_pro_max,19.255786032625622,10
751,glm_5_2_max,67.33968250555931,1
751,gpt_5_5_xhigh,61.55195037206312,2
751,claude_opus_4_8_max,60.75651289624022,3
751,qwen3_8_max,59.41889346182401,4
751,claude_fable_5_max,57.59654126607686,5
751,gpt_5_6_sol_max,56.79925907543383,6
751,kimi_k3_max,53.17344734953495,7
751,deepseek_v4_flash_max,43.7060103217611,8
751,deepseek_v4_pro_max,40.73597215710999,9
751,gemini_3_1_pro_high,19.875278533877992,10
752,claude_fable_5_max,63.45921092807498,1
752,gpt_5_5_xhigh,60.445236622945714,2
752,deepseek_v4_pro_max,60.110804515525814,3
752,kimi_k3_max,57.40424217701282,4
752,claude_opus_4_8_max,57.19792753133805,5
752,deepseek_v4_flash_max,49.14280556702208,6
752,qwen3_8_max,45.87772421550429,7
752,gpt_5_6_sol_max,40.37013562504577,8
752,gemini_3_1_pro_high,35.47747535150735,9
752,glm_5_2_max,24.168513157380843,10
753,kimi_k3_max,70.8422624863912,1
753,deepseek_v4_pro_max,68.49994289754741,2
753,gpt_5_6_sol_max,67.30555722876441,3
753,claude_opus_4_8_max,54.75234147676695,4
753,qwen3_8_max,43.312461817781575,5
753,glm_5_2_max,43.10462294388833,6
753,gemini_3_1_pro_high,39.98988375585628,7
753,deepseek_v4_flash_max,35.566278966988556,8
753,gpt_5_5_xhigh,28.08590186638792,9
753,claude_fable_5_max,24.966739530672186,10
754,deepseek_v4_pro_max,78.53657727780595,1
754,gpt_5_5_xhigh,68.6153709970439,2
754,kimi_k3_max,67.21366385742456,3
754,glm_5_2_max,59.065145581875655,4
754,claude_fable_5_max,55.3057544805008,5
754,gpt_5_6_sol_max,54.44934911031468,6
754,qwen3_8_max,51.037139148865364,7
754,claude_opus_4_8_max,33.47044466814928,8
754,gemini_3_1_pro_high,26.759483183439038,9
754,deepseek_v4_flash_max,14.979261607479593,10
755,gpt_5_5_xhigh,76.60050127453968,1
755,gemini_3_1_pro_high,69.17007531114689,2
755,qwen3_8_max,58.53204274227374,3
755,gpt_5_6_sol_max,50.55987223400628,4
755,claude_opus_4_8_max,41.774556988205326,5
755,claude_fable_5_max,36.85242882853677,6
755,glm_5_2_max,35.23531480287594,7
755,deepseek_v4_flash_max,34.791415222525515,8
755,kimi_k3_max,33.00811215551663,9
755,deepseek_v4_pro_max,5.65385632041826,10
756,deepseek_v4_pro_max,69.60126991776457,1
756,glm_5_2_max,62.97223134585895,2
756,kimi_k3_max,62.22265502932528,3
756,gpt_5_6_sol_max,60.25778945147865,4
756,gpt_5_5_xhigh,59.34757703265277,5
756,deepseek_v4_flash_max,58.30498498840065,6
756,claude_opus_4_8_max,57.02011819534105,7
756,claude_fable_5_max,53.069890374271,8
756,gemini_3_1_pro_high,46.686666784162746,9
756,qwen3_8_max,41.561724068522,10
757,gemini_3_1_pro_high,81.51982077368686,1
757,claude_opus_4_8_max,69.14691653414724,2
757,gpt_5_5_xhigh,64.72992887317054,3
757,gpt_5_6_sol_max,63.35973352157594,4
757,glm_5_2_max,63.061134964478974,5
757,deepseek_v4_flash_max,59.13349058222704,6
757,qwen3_8_max,57.58532326221518,7
757,claude_fable_5_max,56.065274991312066,8
757,kimi_k3_max,37.66707367996548,9
757,deepseek_v4_pro_max,30.48425378976551,10
758,gpt_5_6_sol_max,81.38266820399774,1
758,gemini_3_1_pro_high,70.61773210587663,2
758,deepseek_v4_pro_max,67.44501141087828,3
758,qwen3_8_max,66.78919692350003,4
758,claude_opus_4_8_max,60.54251796388617,5
758,kimi_k3_max,56.08618102906714,6
758,gpt_5_5_xhigh,51.97095695110694,7
758,claude_fable_5_max,43.564646454350715,8
758,glm_5_2_max,33.03035553713612,9
758,deepseek_v4_flash_max,24.147762854805983,10
759,kimi_k3_max,73.65579009770663,1
759,gpt_5_6_sol_max,71.9217278468937,2
759,claude_fable_5_max,52.49368314864445,3
759,glm_5_2_max,50.70276048047885,4
759,deepseek_v4_pro_max,38.18602558853149,5
759,qwen3_8_max,34.3062641302451,6
759,gpt_5_5_xhigh,30.711810285710612,7
759,gemini_3_1_pro_high,30.495210397518804,8
759,deepseek_v4_flash_max,28.89332498642308,9
759,claude_opus_4_8_max,27.353295581327565,10
760,claude_fable_5_max,60.256398745153476,1
760,deepseek_v4_flash_max,54.654911980541854,2
760,gpt_5_6_sol_max,53.64426220897711,3
760,claude_opus_4_8_max,53.30071813351385,4
760,kimi_k3_max,47.168189983882044,5
760,glm_5_2_max,43.68353812182536,6
760,gpt_5_5_xhigh,40.627059113332464,7
760,gemini_3_1_pro_high,37.20557740300776,8
760,deepseek_v4_pro_max,36.618590529119174,9
760,qwen3_8_max,35.194589715591526,10
761,claude_fable_5_max,61.704398366731574,1
761,glm_5_2_max,60.92670606171639,2
761,gpt_5_6_sol_max,57.735225351151904,3
761,deepseek_v4_pro_max,51.87283912265398,4
761,claude_opus_4_8_max,44.53725575846304,5
761,deepseek_v4_flash_max,43.87479586142146,6
761,kimi_k3_max,40.62239775023849,7
761,gpt_5_5_xhigh,34.42556726781041,8
761,qwen3_8_max,26.562161367246986,9
761,gemini_3_1_pro_high,18.605609564949788,10
762,gemini_3_1_pro_high,63.24433761825713,1
762,gpt_5_6_sol_max,61.912064748235636,2
762,gpt_5_5_xhigh,59.48377805669153,3
762,glm_5_2_max,50.31405137323536,4
762,claude_fable_5_max,49.63631239949085,5
762,claude_opus_4_8_max,42.79681977143922,6
762,qwen3_8_max,32.19668169278686,7
762,deepseek_v4_flash_max,25.977194440519295,8
762,deepseek_v4_pro_max,23.393606134493897,9
762,kimi_k3_max,19.095650941597718,10
763,claude_opus_4_8_max,72.98735323248931,1
763,kimi_k3_max,65.8715632534872,2
763,deepseek_v4_flash_max,62.92014198895262,3
763,gpt_5_6_sol_max,58.79248509401789,4
763,claude_fable_5_max,58.114859467890994,5
763,glm_5_2_max,57.92230917123737,6
763,qwen3_8_max,42.885820919330044,7
763,deepseek_v4_pro_max,39.609554147232636,8
763,gpt_5_5_xhigh,37.740842555841525,9
763,gemini_3_1_pro_high,29.53105699973046,10
764,claude_fable_5_max,71.75278636644924,1
764,gpt_5_6_sol_max,58.36609540315295,2
764,qwen3_8_max,54.93826473606892,3
764,kimi_k3_max,53.74998389861975,4
764,claude_opus_4_8_max,53.29419974629364,5
764,glm_5_2_max,53.07287032880177,6
764,deepseek_v4_pro_max,51.44627127342481,7
764,gpt_5_5_xhigh,45.37721902254241,8
764,gemini_3_1_pro_high,23.928189338556148,9
764,deepseek_v4_flash_max,19.408557084341677,10
765,deepseek_v4_pro_max,76.78596995147706,1
765,claude_opus_4_8_max,71.95446466955762,2
765,gemini_3_1_pro_high,71.34500889138879,3
765,deepseek_v4_flash_max,68.81180543125018,4
765,gpt_5_5_xhigh,60.773651049351315,5
765,gpt_5_6_sol_max,56.195621926360275,6
765,claude_fable_5_max,46.73828591202188,7
765,kimi_k3_max,44.22901927803165,8
765,qwen3_8_max,42.848909806649075,9
765,glm_5_2_max,22.50372196808231,10
766,claude_fable_5_max,62.80912500206246,1
766,gpt_5_6_sol_max,54.70452359566997,2
766,gpt_5_5_xhigh,51.42166521128555,3
766,claude_opus_4_8_max,45.28630676246647,4
766,deepseek_v4_pro_max,42.36382698721275,5
766,kimi_k3_max,41.28944546148161,6
766,gemini_3_1_pro_high,39.856515032524776,7
766,deepseek_v4_flash_max,36.87035409451631,8
766,qwen3_8_max,30.374900857136343,9
766,glm_5_2_max,28.212334048955185,10
767,gpt_5_6_sol_max,79.32709005749345,1
767,gemini_3_1_pro_high,58.47731284186519,2
767,claude_opus_4_8_max,45.974734801206175,3
767,deepseek_v4_pro_max,45.46520444996783,4
767,kimi_k3_max,43.31625279035624,5
767,qwen3_8_max,42.18972413357257,6
767,gpt_5_5_xhigh,39.460973520696825,7
767,deepseek_v4_flash_max,31.213694514565084,8
767,glm_5_2_max,30.180556073996335,9
767,claude_fable_5_max,22.932322598502736,10
768,gpt_5_5_xhigh,75.1729166508301,1
768,claude_fable_5_max,71.04179905657057,2
768,gemini_3_1_pro_high,61.46230222791738,3
768,gpt_5_6_sol_max,59.35758804862458,4
768,claude_opus_4_8_max,55.166967256040685,5
768,deepseek_v4_pro_max,54.61651251926369,6
768,qwen3_8_max,52.46049464927466,7
768,kimi_k3_max,48.130200259281594,8
768,deepseek_v4_flash_max,27.374815794177152,9
768,glm_5_2_max,26.620164997661035,10
769,deepseek_v4_flash_max,79.19142653896702,1
769,kimi_k3_max,59.908400522905886,2
769,claude_opus_4_8_max,54.78259816519287,3
769,glm_5_2_max,46.454318767092545,4
769,claude_fable_5_max,41.87823134503201,5
769,gpt_5_6_sol_max,37.50373396355069,6
769,qwen3_8_max,36.09046643324394,7
769,gemini_3_1_pro_high,33.86855643382268,8
769,deepseek_v4_pro_max,28.65736833823155,9
769,gpt_5_5_xhigh,27.136783615050035,10
770,deepseek_v4_pro_max,90.55271023618543,1
770,qwen3_8_max,63.64984235530811,2
770,claude_opus_4_8_max,56.92653078970327,3
770,gpt_5_5_xhigh,50.686387645865565,4
770,glm_5_2_max,48.13620352227837,5
770,gpt_5_6_sol_max,48.078892530082236,6
770,claude_fable_5_max,44.19816124921651,7
770,kimi_k3_max,44.09296300408004,8
770,gemini_3_1_pro_high,31.307212035820548,9
770,deepseek_v4_flash_max,18.190282033248213,10
771,claude_fable_5_max,81.75707250349161,1
771,deepseek_v4_pro_max,54.4930938676827,2
771,gpt_5_6_sol_max,53.75226476252788,3
771,gpt_5_5_xhigh,51.72049748672551,4
771,gemini_3_1_pro_high,46.60201735777029,5
771,kimi_k3_max,43.56965022523521,6
771,glm_5_2_max,39.34734382215762,7
771,claude_opus_4_8_max,36.55309309612737,8
771,deepseek_v4_flash_max,35.91173889052692,9
771,qwen3_8_max,28.941846286026525,10
772,deepseek_v4_flash_max,76.14983015564992,1
772,glm_5_2_max,68.87833106423064,2
772,claude_fable_5_max,59.50617574766068,3
772,deepseek_v4_pro_max,52.87215409085527,4
772,gemini_3_1_pro_high,42.49623974065082,5
772,kimi_k3_max,41.93723431831454,6
772,gpt_5_5_xhigh,41.098976142839874,7
772,qwen3_8_max,36.058404615073385,8
772,claude_opus_4_8_max,33.0540095129612,9
772,gpt_5_6_sol_max,31.65065857721472,10
773,claude_fable_5_max,55.19769114154507,1
773,gpt_5_6_sol_max,51.56090165404081,2
773,kimi_k3_max,50.32898947425427,3
773,gemini_3_1_pro_high,47.575402612271816,4
773,deepseek_v4_pro_max,45.96105028486298,5
773,deepseek_v4_flash_max,40.94205485017818,6
773,claude_opus_4_8_max,36.72903003657028,7
773,glm_5_2_max,35.321808055282595,8
773,qwen3_8_max,28.421042611705406,9
773,gpt_5_5_xhigh,26.391277543067027,10
774,deepseek_v4_flash_max,81.2935306241436,1
774,deepseek_v4_pro_max,60.60208732162425,2
774,qwen3_8_max,60.50926657524221,3
774,gpt_5_5_xhigh,57.80076833148053,4
774,glm_5_2_max,56.782832553264825,5
774,claude_opus_4_8_max,54.672737031479926,6
774,gpt_5_6_sol_max,49.350714760833924,7
774,gemini_3_1_pro_high,48.779505199289304,8
774,claude_fable_5_max,32.01432553426129,9
774,kimi_k3_max,31.140951443374007,10
775,kimi_k3_max,65.92541880074285,1
775,qwen3_8_max,63.33888090725354,2
775,deepseek_v4_pro_max,56.90401369158877,3
775,claude_fable_5_max,47.65135695438833,4
775,gemini_3_1_pro_high,46.25616779653957,5
775,gpt_5_6_sol_max,36.5811718144609,6
775,claude_opus_4_8_max,34.85157350156684,7
775,deepseek_v4_flash_max,34.183918487759534,8
775,gpt_5_5_xhigh,31.32812951246006,9
775,glm_5_2_max,16.69732727924485,10
776,gpt_5_5_xhigh,66.58965227517035,1
776,kimi_k3_max,65.67926318054784,2
776,claude_opus_4_8_max,57.255569154199364,3
776,claude_fable_5_max,51.842768282217676,4
776,deepseek_v4_pro_max,44.85750218571184,5
776,glm_5_2_max,39.46116772718324,6
776,gpt_5_6_sol_max,39.25305567927627,7
776,qwen3_8_max,33.84632062465201,8
776,deepseek_v4_flash_max,26.936835659693138,9
776,gemini_3_1_pro_high,25.65762981451884,10
777,gemini_3_1_pro_high,58.5762005689092,1
777,deepseek_v4_pro_max,55.75733160008351,2
777,kimi_k3_max,54.96850120963286,3
777,glm_5_2_max,54.161368769508826,4
777,gpt_5_6_sol_max,48.65918886096277,5
777,gpt_5_5_xhigh,43.311765126063655,6
777,claude_opus_4_8_max,42.91212544043889,7
777,claude_fable_5_max,41.92847853231963,8
777,qwen3_8_max,34.46870055699712,9
777,deepseek_v4_flash_max,27.267891615088995,10
778,claude_fable_5_max,70.52085728262169,1
778,kimi_k3_max,60.959132514284484,2
778,gpt_5_6_sol_max,60.78789699524756,3
778,deepseek_v4_flash_max,58.855800745635534,4
778,gpt_5_5_xhigh,49.6473828582906,5
778,glm_5_2_max,49.37128090776394,6
778,qwen3_8_max,44.692048697848826,7
778,gemini_3_1_pro_high,44.434915405754595,8
778,claude_opus_4_8_max,44.19750311304544,9
778,deepseek_v4_pro_max,31.157497738463842,10
779,claude_opus_4_8_max,69.10419661941351,1
779,gpt_5_5_xhigh,62.816102158303195,2
779,gpt_5_6_sol_max,62.74692773357721,3
779,deepseek_v4_pro_max,56.64076636941439,4
779,kimi_k3_max,54.483473307879414,5
779,claude_fable_5_max,50.01944754376819,6
779,qwen3_8_max,43.87453771278002,7
779,deepseek_v4_flash_max,36.60122712408106,8
779,gemini_3_1_pro_high,34.70211167347358,9
779,glm_5_2_max,18.39606567970241,10
780,gpt_5_6_sol_max,66.28932314760311,1
780,claude_fable_5_max,64.8600405388851,2
780,glm_5_2_max,50.32575722527479,3
780,deepseek_v4_pro_max,49.69109846063053,4
780,claude_opus_4_8_max,45.71916033830526,5
780,deepseek_v4_flash_max,42.06843764712437,6
780,kimi_k3_max,40.578389823748154,7
780,gemini_3_1_pro_high,39.55140973033416,8
780,gpt_5_5_xhigh,32.1759292384796,9
780,qwen3_8_max,31.513586512613266,10
781,claude_fable_5_max,76.86806008437227,1
781,deepseek_v4_flash_max,63.208870687815846,2
781,gpt_5_5_xhigh,60.5684490781439,3
781,claude_opus_4_8_max,57.33240880607967,4
781,glm_5_2_max,57.139202663329534,5
781,kimi_k3_max,54.828748071625455,6
781,qwen3_8_max,49.5352076804292,7
781,gpt_5_6_sol_max,49.27116280164298,8
781,gemini_3_1_pro_high,47.292601341035684,9
781,deepseek_v4_pro_max,0.0,10
782,claude_fable_5_max,73.27194041833175,1
782,deepseek_v4_flash_max,49.53367273228132,2
782,gemini_3_1_pro_high,45.174539765207065,3
782,gpt_5_5_xhigh,39.52323048944616,4
782,gpt_5_6_sol_max,36.17544366058443,5
782,qwen3_8_max,36.12232450765551,6
782,claude_opus_4_8_max,34.07200642054496,7
782,kimi_k3_max,33.43169557137141,8
782,deepseek_v4_pro_max,32.64363024430497,9
782,glm_5_2_max,27.955562748423354,10
783,claude_opus_4_8_max,87.28337611275678,1
783,claude_fable_5_max,65.37928275314461,2
783,deepseek_v4_pro_max,52.488908565375574,3
783,kimi_k3_max,47.62241701536959,4
783,qwen3_8_max,43.32349671130279,5
783,gpt_5_6_sol_max,41.426525903296735,6
783,gpt_5_5_xhigh,34.47927828432482,7
783,gemini_3_1_pro_high,23.286600804092586,8
783,deepseek_v4_flash_max,21.253681591699902,9
783,glm_5_2_max,14.264263312179505,10
784,claude_fable_5_max,76.70132948131592,1
784,gpt_5_6_sol_max,59.03728576878616,2
784,qwen3_8_max,56.235766177379745,3
784,gemini_3_1_pro_high,49.05242712961064,4
784,claude_opus_4_8_max,48.54253499712355,5
784,kimi_k3_max,46.10363183876888,6
784,deepseek_v4_flash_max,45.379153792288975,7
784,deepseek_v4_pro_max,41.6453276484464,8
784,gpt_5_5_xhigh,37.90990092946175,9
784,glm_5_2_max,19.995704603140183,10
785,deepseek_v4_pro_max,68.52099085945588,1
785,gemini_3_1_pro_high,67.26275876064278,2
785,qwen3_8_max,55.92960167671083,3
785,kimi_k3_max,55.63093921436658,4
785,gpt_5_5_xhigh,54.91325056931939,5
785,gpt_5_6_sol_max,53.66181270932582,6
785,claude_fable_5_max,50.94407820151674,7
785,glm_5_2_max,48.90624253979841,8
785,claude_opus_4_8_max,41.68134305288803,9
785,deepseek_v4_flash_max,11.36773858766468,10
786,qwen3_8_max,73.06766261879906,1
786,gpt_5_6_sol_max,72.5024544283882,2
786,glm_5_2_max,70.1161203918885,3
786,gemini_3_1_pro_high,66.80305414079659,4
786,claude_opus_4_8_max,66.17276925005825,5
786,kimi_k3_max,58.61069838241017,6
786,deepseek_v4_flash_max,47.93921028019608,7
786,gpt_5_5_xhigh,45.26839848348131,8
786,claude_fable_5_max,39.99052111651557,9
786,deepseek_v4_pro_max,19.42627674756511,10
787,qwen3_8_max,71.4448159301646,1
787,claude_fable_5_max,68.00982188398966,2
787,kimi_k3_max,66.96686440464178,3
787,gpt_5_5_xhigh,57.29306534858594,4
787,claude_opus_4_8_max,56.86160691686528,5
787,gemini_3_1_pro_high,50.01545854564799,6
787,gpt_5_6_sol_max,46.118037547734076,7
787,glm_5_2_max,43.254472579616426,8
787,deepseek_v4_pro_max,42.98158340464089,9
787,deepseek_v4_flash_max,35.18349650001651,10
788,deepseek_v4_flash_max,61.04937207442221,1
788,glm_5_2_max,53.835503075784274,2
788,kimi_k3_max,53.574076215274694,3
788,deepseek_v4_pro_max,52.92843624770585,4
788,gemini_3_1_pro_high,50.78180395605711,5
788,qwen3_8_max,48.027905747996805,6
788,claude_fable_5_max,46.36517266730172,7
788,gpt_5_6_sol_max,42.27761826516092,8
788,gpt_5_5_xhigh,29.608391643492574,9
788,claude_opus_4_8_max,25.14538200097725,10
789,kimi_k3_max,77.72078450522014,1
789,deepseek_v4_flash_max,70.88952864738371,2
789,claude_opus_4_8_max,59.29970502367417,3
789,gpt_5_6_sol_max,56.076724636617335,4
789,gpt_5_5_xhigh,47.397135432326756,5
789,deepseek_v4_pro_max,46.80925120729099,6
789,glm_5_2_max,44.960284129887285,7
789,claude_fable_5_max,38.74838761561507,8
789,qwen3_8_max,35.71891466103855,9
789,gemini_3_1_pro_high,24.552686200769923,10
790,kimi_k3_max,82.67520664086068,1
790,deepseek_v4_flash_max,80.51730702835752,2
790,gpt_5_6_sol_max,74.89912633782544,3
790,claude_opus_4_8_max,71.60017283806198,4
790,qwen3_8_max,69.23990730848762,5
790,glm_5_2_max,64.5989520973854,6
790,gpt_5_5_xhigh,63.968571778156736,7
790,gemini_3_1_pro_high,63.10938466356849,8
790,deepseek_v4_pro_max,35.027036248679394,9
790,claude_fable_5_max,27.648207042802984,10
791,gpt_5_6_sol_max,67.59703484547173,1
791,kimi_k3_max,67.50998863045349,2
791,qwen3_8_max,64.32321083932254,3
791,gpt_5_5_xhigh,63.312966500670385,4
791,deepseek_v4_flash_max,62.29956936107307,5
791,deepseek_v4_pro_max,53.25318544853914,6
791,claude_fable_5_max,52.57363264875444,7
791,glm_5_2_max,49.56268704654978,8
791,claude_opus_4_8_max,40.43971163003217,9
791,gemini_3_1_pro_high,32.622403646254675,10
792,glm_5_2_max,82.61642661478427,1
792,qwen3_8_max,70.46312394402264,2
792,claude_fable_5_max,57.89270732619079,3
792,gemini_3_1_pro_high,49.65484631068144,4
792,kimi_k3_max,48.26716960294286,5
792,deepseek_v4_flash_max,48.21169104904122,6
792,gpt_5_6_sol_max,42.324750264701436,7
792,gpt_5_5_xhigh,37.054907305103434,8
792,claude_opus_4_8_max,29.40593128860673,9
792,deepseek_v4_pro_max,15.562209007908852,10
793,gpt_5_6_sol_max,79.37087649098098,1
793,claude_opus_4_8_max,66.73232016934017,2
793,qwen3_8_max,57.00133063750482,3
793,claude_fable_5_max,56.02987518610226,4
793,kimi_k3_max,47.22906719630353,5
793,gpt_5_5_xhigh,46.675063804595844,6
793,gemini_3_1_pro_high,41.46013708996897,7
793,deepseek_v4_flash_max,40.60292473703248,8
793,glm_5_2_max,35.35739558781891,9
793,deepseek_v4_pro_max,31.052284956506057,10
794,claude_fable_5_max,76.16743134190934,1
794,gemini_3_1_pro_high,55.263440847845665,2
794,glm_5_2_max,53.48903277068394,3
794,claude_opus_4_8_max,50.90467831370402,4
794,gpt_5_6_sol_max,49.425545145888,5
794,deepseek_v4_pro_max,44.78822889713468,6
794,qwen3_8_max,44.504497961275014,7
794,gpt_5_5_xhigh,42.99769937863971,8
794,kimi_k3_max,34.856082317012046,9
794,deepseek_v4_flash_max,11.534840259937596,10
795,gpt_5_6_sol_max,69.38443432740371,1
795,gpt_5_5_xhigh,63.75593321509217,2
795,claude_fable_5_max,62.46254385908738,3
795,claude_opus_4_8_max,56.29004586825475,4
795,qwen3_8_max,55.77651452557225,5
795,gemini_3_1_pro_high,51.50413198505617,6
795,glm_5_2_max,50.32251506904545,7
795,deepseek_v4_pro_max,49.602861330902286,8
795,deepseek_v4_flash_max,38.52602172468831,9
795,kimi_k3_max,26.61186334679877,10
796,qwen3_8_max,71.7335321707664,1
796,gpt_5_5_xhigh,50.73350971087802,2
796,claude_opus_4_8_max,47.78894730685522,3
796,gpt_5_6_sol_max,46.70403901783436,4
796,deepseek_v4_flash_max,46.54651549536771,5
796,glm_5_2_max,42.23677783753405,6
796,claude_fable_5_max,38.96395190162248,7
796,kimi_k3_max,37.163718366445444,8
796,gemini_3_1_pro_high,35.21155077883613,9
796,deepseek_v4_pro_max,17.054394749376105,10
797,deepseek_v4_pro_max,86.16357591190521,1
797,kimi_k3_max,47.26207186403074,2
797,gpt_5_5_xhigh,42.148159369895815,3
797,gemini_3_1_pro_high,40.832894388012676,4
797,claude_fable_5_max,39.98259095636966,5
797,claude_opus_4_8_max,38.195119372967284,6
797,gpt_5_6_sol_max,33.63480860713281,7
797,qwen3_8_max,30.994712371054483,8
797,glm_5_2_max,25.215620026531127,9
797,deepseek_v4_flash_max,15.751944011524243,10
798,claude_fable_5_max,62.94871357844917,1
798,gemini_3_1_pro_high,55.66004749602216,2
798,claude_opus_4_8_max,50.101474580405906,3
798,kimi_k3_max,48.056669818160785,4
798,qwen3_8_max,47.029244729088006,5
798,deepseek_v4_pro_max,44.47915690014397,6
798,deepseek_v4_flash_max,42.449189711151654,7
798,glm_5_2_max,32.9317486179474,8
798,gpt_5_5_xhigh,32.9057685814626,9
798,gpt_5_6_sol_max,29.389131822485282,10
799,deepseek_v4_pro_max,74.90225548366303,1
799,claude_opus_4_8_max,65.95516322243415,2
799,gpt_5_5_xhigh,59.78182089219148,3
799,qwen3_8_max,53.635393862343925,4
799,deepseek_v4_flash_max,51.32543440232803,5
799,gpt_5_6_sol_max,47.789504008322936,6
799,claude_fable_5_max,40.30075450959495,7
799,gemini_3_1_pro_high,37.650042823236475,8
799,kimi_k3_max,28.18958676119837,9
799,glm_5_2_max,26.596435107973768,10
800,deepseek_v4_flash_max,80.1039205746111,1
800,gpt_5_5_xhigh,79.92996278815527,2
800,gpt_5_6_sol_max,65.16991273036564,3
800,gemini_3_1_pro_high,64.7975701923004,4
800,kimi_k3_max,61.63604119518868,5
800,deepseek_v4_pro_max,51.17712709899078,6
800,qwen3_8_max,41.84737180956607,7
800,claude_opus_4_8_max,36.91062950167961,8
800,glm_5_2_max,33.460202080037135,9
800,claude_fable_5_max,22.712970084552744,10
801,deepseek_v4_pro_max,80.01062809966459,1
801,claude_opus_4_8_max,54.19629842177831,2
801,gpt_5_5_xhigh,51.097366919144676,3
801,kimi_k3_max,50.12929123856292,4
801,gpt_5_6_sol_max,44.70675576196547,5
801,claude_fable_5_max,43.11218253832807,6
801,gemini_3_1_pro_high,38.00008813231299,7
801,qwen3_8_max,35.84302841068955,8
801,glm_5_2_max,28.785707780681015,9
801,deepseek_v4_flash_max,19.645643010762623,10
802,qwen3_8_max,69.91251754988727,1
802,deepseek_v4_flash_max,69.46399759257149,2
802,glm_5_2_max,61.254185931208525,3
802,claude_opus_4_8_max,58.24059198201818,4
802,deepseek_v4_pro_max,55.75042151145229,5
802,gpt_5_5_xhigh,51.227729892916614,6
802,gpt_5_6_sol_max,50.41103303764128,7
802,gemini_3_1_pro_high,40.901751006355475,8
802,kimi_k3_max,37.18035238959053,9
802,claude_fable_5_max,23.83380121639418,10
803,kimi_k3_max,77.39719791125962,1
803,qwen3_8_max,62.46325188233863,2
803,gpt_5_6_sol_max,61.34395398518342,3
803,deepseek_v4_flash_max,61.220158808596246,4
803,gemini_3_1_pro_high,54.82193690644766,5
803,glm_5_2_max,50.548891965774786,6
803,claude_opus_4_8_max,49.146587010144586,7
803,gpt_5_5_xhigh,48.07296357969623,8
803,claude_fable_5_max,43.16790373411282,9
803,deepseek_v4_pro_max,41.92739940155965,10
804,deepseek_v4_flash_max,89.65293009921965,1
804,qwen3_8_max,64.31774969268113,2
804,claude_fable_5_max,60.54115309725512,3
804,claude_opus_4_8_max,49.07246433704584,4
804,gpt_5_5_xhigh,44.90281790811303,5
804,gemini_3_1_pro_high,44.33737918343681,6
804,gpt_5_6_sol_max,39.443073133067955,7
804,kimi_k3_max,34.13456985786788,8
804,glm_5_2_max,24.988029586948528,9
804,deepseek_v4_pro_max,12.21232926276189,10
805,gemini_3_1_pro_high,68.71810808206517,1
805,kimi_k3_max,60.35564969243879,2
805,gpt_5_6_sol_max,58.79169354791366,3
805,gpt_5_5_xhigh,58.507621307967064,4
805,qwen3_8_max,53.23870455675973,5
805,claude_opus_4_8_max,52.36126282413321,6
805,deepseek_v4_flash_max,43.42443155974725,7
805,claude_fable_5_max,38.79004318275523,8
805,glm_5_2_max,21.872094227181265,9
805,deepseek_v4_pro_max,18.763471517343692,10
806,deepseek_v4_pro_max,84.95751526660254,1
806,gpt_5_5_xhigh,65.1666908048853,2
806,gpt_5_6_sol_max,47.26040456870659,3
806,claude_fable_5_max,44.99293770148932,4
806,qwen3_8_max,44.87650873307452,5
806,deepseek_v4_flash_max,35.97511823943002,6
806,glm_5_2_max,32.488080303653405,7
806,claude_opus_4_8_max,31.658021631033954,8
806,kimi_k3_max,30.221397566058105,9
806,gemini_3_1_pro_high,21.674766828912162,10
807,deepseek_v4_pro_max,73.751497273354,1
807,claude_opus_4_8_max,61.55509702101839,2
807,claude_fable_5_max,55.57334604160409,3
807,gpt_5_6_sol_max,54.92379688348761,4
807,glm_5_2_max,50.819065841616315,5
807,gpt_5_5_xhigh,45.977902889410124,6
807,deepseek_v4_flash_max,32.05447776953949,7
807,gemini_3_1_pro_high,29.16631463399554,8
807,qwen3_8_max,25.09850109023825,9
807,kimi_k3_max,20.383480793360164,10
808,deepseek_v4_pro_max,84.43969762124041,1
808,claude_opus_4_8_max,64.27878124092211,2
808,kimi_k3_max,63.632971108674894,3
808,gpt_5_6_sol_max,57.238537325299085,4
808,gpt_5_5_xhigh,54.11239240171462,5
808,deepseek_v4_flash_max,50.12113244907307,6
808,claude_fable_5_max,49.98766470174678,7
808,gemini_3_1_pro_high,49.19481233511464,8
808,qwen3_8_max,45.62099873113204,9
808,glm_5_2_max,44.20850873961865,10
809,deepseek_v4_flash_max,80.15270969828813,1
809,claude_opus_4_8_max,70.49874601657658,2
809,claude_fable_5_max,66.84926345907542,3
809,gemini_3_1_pro_high,63.886256420777386,4
809,gpt_5_6_sol_max,60.991130383607505,5
809,kimi_k3_max,59.26549606499667,6
809,glm_5_2_max,55.791383237375165,7
809,gpt_5_5_xhigh,46.27343287479939,8
809,qwen3_8_max,35.144603362609175,9
809,deepseek_v4_pro_max,22.297053075516555,10
810,deepseek_v4_flash_max,57.77805921307186,1
810,gpt_5_5_xhigh,54.07287778462252,2
810,glm_5_2_max,53.44149100616653,3
810,qwen3_8_max,51.70202250046201,4
810,claude_opus_4_8_max,49.69196660744336,5
810,gpt_5_6_sol_max,47.524786291865254,6
810,deepseek_v4_pro_max,43.32096057997315,7
810,kimi_k3_max,37.61183205850128,8
810,gemini_3_1_pro_high,37.5677969099549,9
810,claude_fable_5_max,33.130499307435066,10
811,gemini_3_1_pro_high,76.16091306485828,1
811,gpt_5_6_sol_max,70.06246544934396,2
811,claude_opus_4_8_max,57.54716498007913,3
811,glm_5_2_max,57.24860017708985,4
811,deepseek_v4_flash_max,56.72398638905155,5
811,claude_fable_5_max,56.010408148796344,6
811,gpt_5_5_xhigh,47.25352040481798,7
811,qwen3_8_max,46.66270301554296,8
811,deepseek_v4_pro_max,36.79521562842406,9
811,kimi_k3_max,32.775119562595606,10
812,glm_5_2_max,87.58107543578316,1
812,gemini_3_1_pro_high,75.53243080988167,2
812,deepseek_v4_flash_max,59.75227607803201,3
812,kimi_k3_max,54.143307828796054,4
812,claude_fable_5_max,52.44364717712408,5
812,gpt_5_6_sol_max,49.761322640099124,6
812,qwen3_8_max,49.02980156535034,7
812,claude_opus_4_8_max,44.266843229680134,8
812,gpt_5_5_xhigh,42.22808218138558,9
812,deepseek_v4_pro_max,37.96578240135326,10
813,glm_5_2_max,72.91920031248313,1
813,gemini_3_1_pro_high,69.62381400900625,2
813,claude_fable_5_max,57.867981246667966,3
813,qwen3_8_max,45.062966751041905,4
813,gpt_5_6_sol_max,42.41179235728653,5
813,deepseek_v4_pro_max,39.838093658728106,6
813,gpt_5_5_xhigh,39.083400374982055,7
813,kimi_k3_max,37.04806094249009,8
813,claude_opus_4_8_max,34.04846217264276,9
813,deepseek_v4_flash_max,4.603684018455394,10
814,kimi_k3_max,69.63913642002062,1
814,claude_opus_4_8_max,67.56933649958319,2
814,gemini_3_1_pro_high,62.27028937782998,3
814,gpt_5_5_xhigh,56.378330191423665,4
814,glm_5_2_max,54.006365655445904,5
814,claude_fable_5_max,53.345974641332816,6
814,qwen3_8_max,42.83460915505668,7
814,deepseek_v4_flash_max,37.79071168923898,8
814,deepseek_v4_pro_max,37.78405659560178,9
814,gpt_5_6_sol_max,32.00752969395411,10
815,claude_opus_4_8_max,70.99918874488972,1
815,gpt_5_6_sol_max,62.59000562449801,2
815,deepseek_v4_pro_max,62.52314077899539,3
815,gemini_3_1_pro_high,58.235739755594736,4
815,claude_fable_5_max,51.74299813876277,5
815,qwen3_8_max,43.52018637206157,6
815,deepseek_v4_flash_max,43.37969200932077,7
815,glm_5_2_max,42.78760371365245,8
815,gpt_5_5_xhigh,39.51280385280228,9
815,kimi_k3_max,36.77263383169134,10
816,gemini_3_1_pro_high,68.70147773542081,1
816,deepseek_v4_flash_max,68.54322099239012,2
816,gpt_5_6_sol_max,68.12067926916804,3
816,claude_opus_4_8_max,65.47637469466332,4
816,gpt_5_5_xhigh,59.49042936784103,5
816,qwen3_8_max,55.96077661265136,6
816,glm_5_2_max,50.179519444559595,7
816,kimi_k3_max,44.843074927966285,8
816,claude_fable_5_max,43.38966742252492,9
816,deepseek_v4_pro_max,16.39218568394714,10
817,gpt_5_6_sol_max,79.80519136146297,1
817,deepseek_v4_pro_max,54.58188786325029,2
817,deepseek_v4_flash_max,51.64525406178888,3
817,qwen3_8_max,43.82492888870457,4
817,kimi_k3_max,40.916579451315414,5
817,claude_fable_5_max,40.49714220299683,6
817,glm_5_2_max,38.239512852981676,7
817,claude_opus_4_8_max,35.85657729186561,8
817,gpt_5_5_xhigh,32.29280335357143,9
817,gemini_3_1_pro_high,22.160662705374925,10
818,gemini_3_1_pro_high,80.65490628242203,1
818,claude_opus_4_8_max,60.620119135646824,2
818,qwen3_8_max,58.70866505664074,3
818,deepseek_v4_pro_max,54.890548934279735,4
818,glm_5_2_max,51.01857046273614,5
818,gpt_5_6_sol_max,44.88862782262494,6
818,kimi_k3_max,44.540919817463106,7
818,claude_fable_5_max,42.27062975006633,8
818,gpt_5_5_xhigh,40.72579064211648,9
818,deepseek_v4_flash_max,18.134463571733285,10
819,gpt_5_6_sol_max,72.07867713911224,1
819,deepseek_v4_pro_max,70.36556785881884,2
819,claude_opus_4_8_max,65.0161791742441,3
819,kimi_k3_max,51.62901659901894,4
819,gpt_5_5_xhigh,49.009627546859605,5
819,claude_fable_5_max,46.589114502777356,6
819,qwen3_8_max,44.27247805648598,7
819,gemini_3_1_pro_high,37.23656748472149,8
819,glm_5_2_max,29.583973175448367,9
819,deepseek_v4_flash_max,26.173681497965234,10
820,glm_5_2_max,70.67212133056297,1
820,gpt_5_6_sol_max,68.74965339814767,2
820,gemini_3_1_pro_high,60.29038982501517,3
820,gpt_5_5_xhigh,55.74037751418683,4
820,claude_opus_4_8_max,53.298947543148955,5
820,deepseek_v4_flash_max,45.962281827753,6
820,deepseek_v4_pro_max,40.61608015743319,7
820,qwen3_8_max,39.335977643517495,8
820,kimi_k3_max,35.500231819975824,9
820,claude_fable_5_max,33.52537660445327,10
821,claude_fable_5_max,85.37669523667186,1
821,glm_5_2_max,65.73613844786352,2
821,deepseek_v4_pro_max,56.23245295635985,3
821,gpt_5_6_sol_max,47.16407131745648,4
821,qwen3_8_max,46.521881452691794,5
821,gemini_3_1_pro_high,44.60722004463745,6
821,claude_opus_4_8_max,38.95410121779662,7
821,deepseek_v4_flash_max,35.990493060948616,8
821,gpt_5_5_xhigh,32.83923199175388,9
821,kimi_k3_max,31.612797982074884,10
822,gpt_5_6_sol_max,65.42905221598289,1
822,kimi_k3_max,52.94580921789974,2
822,gpt_5_5_xhigh,50.82724450933165,3
822,glm_5_2_max,46.94739887577721,4
822,deepseek_v4_pro_max,44.83001344899731,5
822,deepseek_v4_flash_max,40.146503820721875,6
822,claude_opus_4_8_max,40.051552015841146,7
822,gemini_3_1_pro_high,35.59419671384207,8
822,claude_fable_5_max,32.452339136137965,9
822,qwen3_8_max,16.73172878219397,10
823,gpt_5_6_sol_max,58.42312368692955,1
823,kimi_k3_max,58.27317057137262,2
823,qwen3_8_max,56.75324558013352,3
823,claude_opus_4_8_max,54.987308433632506,4
823,claude_fable_5_max,51.93054042248789,5
823,gemini_3_1_pro_high,46.421726036224115,6
823,deepseek_v4_flash_max,44.77754808554326,7
823,gpt_5_5_xhigh,40.9223309749184,8
823,glm_5_2_max,40.64041973402312,9
823,deepseek_v4_pro_max,16.229902186776577,10
824,deepseek_v4_flash_max,65.96252224870817,1
824,claude_fable_5_max,64.44551297641907,2
824,qwen3_8_max,58.8871068425874,3
824,glm_5_2_max,57.002252427342604,4
824,deepseek_v4_pro_max,52.58652878334269,5
824,claude_opus_4_8_max,46.15652102206688,6
824,gpt_5_6_sol_max,44.68845769305889,7
824,kimi_k3_max,40.68343316713766,8
824,gemini_3_1_pro_high,38.290952976060375,9
824,gpt_5_5_xhigh,35.190258371567424,10
825,glm_5_2_max,68.35735423862833,1
825,deepseek_v4_pro_max,67.82713915367458,2
825,gpt_5_6_sol_max,64.49641417554324,3
825,qwen3_8_max,61.87670746061334,4
825,gpt_5_5_xhigh,61.27750073930604,5
825,kimi_k3_max,54.06479551175914,6
825,claude_opus_4_8_max,47.80708537103197,7
825,claude_fable_5_max,33.54106532956263,8
825,deepseek_v4_flash_max,31.626057603458015,9
825,gemini_3_1_pro_high,23.769195812423035,10
826,deepseek_v4_flash_max,71.59393759059392,1
826,gpt_5_5_xhigh,58.26954889730203,2
826,deepseek_v4_pro_max,57.00425919771919,3
826,gpt_5_6_sol_max,53.71693577849223,4
826,qwen3_8_max,44.48723557073414,5
826,gemini_3_1_pro_high,41.40964504131203,6
826,kimi_k3_max,41.32823138146938,7
826,claude_fable_5_max,37.67018051600581,8
826,glm_5_2_max,35.92570058977122,9
826,claude_opus_4_8_max,35.42073879454715,10
827,qwen3_8_max,70.75587091237344,1
827,glm_5_2_max,57.5385067269374,2
827,claude_fable_5_max,50.599771201893226,3
827,gpt_5_6_sol_max,47.78669286119817,4
827,deepseek_v4_pro_max,45.63511091535295,5
827,kimi_k3_max,40.84123826883123,6
827,claude_opus_4_8_max,39.98951759913062,7
827,deepseek_v4_flash_max,38.20043529522005,8
827,gemini_3_1_pro_high,24.76676807301752,9
827,gpt_5_5_xhigh,22.80298924056379,10
828,gpt_5_5_xhigh,66.90608395134012,1
828,gemini_3_1_pro_high,63.15909212782537,2
828,deepseek_v4_pro_max,60.12782340259656,3
828,claude_opus_4_8_max,56.49281618120646,4
828,gpt_5_6_sol_max,54.433453769287034,5
828,claude_fable_5_max,40.507691051642716,6
828,qwen3_8_max,40.08226815809461,7
828,glm_5_2_max,36.30298152281193,8
828,kimi_k3_max,29.22886331787298,9
828,deepseek_v4_flash_max,23.350682106396494,10
829,claude_fable_5_max,66.9440574232798,1
829,gpt_5_6_sol_max,54.85180087528809,2
829,qwen3_8_max,53.739103280306075,3
829,kimi_k3_max,50.7323414728004,4
829,gpt_5_5_xhigh,47.4073555298955,5
829,glm_5_2_max,44.43868612910971,6
829,claude_opus_4_8_max,44.38004366651411,7
829,deepseek_v4_flash_max,43.784569271223305,8
829,deepseek_v4_pro_max,38.911132197160896,9
829,gemini_3_1_pro_high,26.660276618738372,10
830,claude_fable_5_max,78.6187582434802,1
830,glm_5_2_max,63.05336568404735,2
830,gemini_3_1_pro_high,61.889646831267825,3
830,gpt_5_6_sol_max,52.70714852009182,4
830,deepseek_v4_pro_max,48.943216274109254,5
830,claude_opus_4_8_max,44.730560030153285,6
830,deepseek_v4_flash_max,44.09312985410364,7
830,gpt_5_5_xhigh,43.38163453148364,8
830,kimi_k3_max,39.31945188481668,9
830,qwen3_8_max,31.7252354332104,10
831,deepseek_v4_pro_max,76.46038600207206,1
831,qwen3_8_max,56.61025046841679,2
831,gemini_3_1_pro_high,55.45494087043477,3
831,gpt_5_6_sol_max,55.05315153942655,4
831,claude_opus_4_8_max,54.10508728615621,5
831,deepseek_v4_flash_max,52.86575513662963,6
831,kimi_k3_max,50.99100579161339,7
831,gpt_5_5_xhigh,39.5671319583204,8
831,claude_fable_5_max,36.44348688249451,9
831,glm_5_2_max,35.370922079174086,10
832,kimi_k3_max,76.1265786731589,1
832,claude_fable_5_max,75.24829036692454,2
832,deepseek_v4_pro_max,51.26086540749953,3
832,gemini_3_1_pro_high,44.48774041903796,4
832,claude_opus_4_8_max,44.101170796356556,5
832,gpt_5_5_xhigh,36.426958285566826,6
832,deepseek_v4_flash_max,34.33547154072107,7
832,gpt_5_6_sol_max,28.227884119909312,8
832,qwen3_8_max,25.719097251699377,9
832,glm_5_2_max,17.71346547340347,10
833,qwen3_8_max,74.62410030465384,1
833,gemini_3_1_pro_high,73.48447785837311,2
833,deepseek_v4_pro_max,62.38009021650451,3
833,gpt_5_5_xhigh,55.918543798870076,4
833,gpt_5_6_sol_max,51.78631550474812,5
833,claude_fable_5_max,50.48190495341723,6
833,claude_opus_4_8_max,44.73224818532465,7
833,kimi_k3_max,41.66701965660314,8
833,glm_5_2_max,28.46784813076708,9
833,deepseek_v4_flash_max,10.710646750558677,10
834,claude_fable_5_max,71.63681778450132,1
834,glm_5_2_max,67.89080325520099,2
834,claude_opus_4_8_max,66.63139243189224,3
834,qwen3_8_max,62.48785105110081,4
834,gpt_5_5_xhigh,57.32079471456639,5
834,gemini_3_1_pro_high,53.04838707603231,6
834,kimi_k3_max,48.262568172949855,7
834,deepseek_v4_pro_max,44.35889696637948,8
834,gpt_5_6_sol_max,36.33102118982908,9
834,deepseek_v4_flash_max,19.84396063747557,10
835,deepseek_v4_pro_max,73.83572856466748,1
835,glm_5_2_max,55.24407294277981,2
835,gpt_5_6_sol_max,53.459802124324966,3
835,claude_opus_4_8_max,49.336877428904025,4
835,gpt_5_5_xhigh,46.772594530145945,5
835,claude_fable_5_max,45.6926397701054,6
835,gemini_3_1_pro_high,35.02154461391084,7
835,kimi_k3_max,34.797513583088886,8
835,deepseek_v4_flash_max,34.33719334348406,9
835,qwen3_8_max,19.02645497983063,10
836,deepseek_v4_pro_max,69.64887157019076,1
836,claude_opus_4_8_max,67.57443833205764,2
836,qwen3_8_max,55.9140439535851,3
836,claude_fable_5_max,53.84563435613629,4
836,gemini_3_1_pro_high,47.678911737768935,5
836,deepseek_v4_flash_max,44.05503536505746,6
836,gpt_5_6_sol_max,43.38684634970882,7
836,kimi_k3_max,41.13981551894059,8
836,glm_5_2_max,35.87878441130372,9
836,gpt_5_5_xhigh,32.057916100828,10
837,glm_5_2_max,68.3103547290497,1
837,claude_opus_4_8_max,67.71682349839323,2
837,kimi_k3_max,59.237443239253025,3
837,gemini_3_1_pro_high,52.36606639298889,4
837,claude_fable_5_max,49.33134343239556,5
837,gpt_5_6_sol_max,47.05736392061963,6
837,gpt_5_5_xhigh,45.59701128097218,7
837,deepseek_v4_pro_max,43.664160659207205,8
837,qwen3_8_max,41.19085220906062,9
837,deepseek_v4_flash_max,14.393103009434405,10
838,gemini_3_1_pro_high,73.18343608832843,1
838,qwen3_8_max,72.01019211423443,2
838,kimi_k3_max,60.592924323471465,3
838,gpt_5_5_xhigh,55.418565607501456,4
838,deepseek_v4_pro_max,53.647158658191984,5
838,deepseek_v4_flash_max,40.96241460714506,6
838,glm_5_2_max,39.94986256657875,7
838,claude_fable_5_max,30.68631952342979,8
838,gpt_5_6_sol_max,29.31773681076689,9
838,claude_opus_4_8_max,24.686521274438157,10
839,deepseek_v4_pro_max,97.79943535711693,1
839,gpt_5_6_sol_max,74.11921786163082,2
839,qwen3_8_max,73.58727410313854,3
839,gemini_3_1_pro_high,72.52474382341171,4
839,claude_opus_4_8_max,71.50519765066923,5
839,glm_5_2_max,64.41201289927666,6
839,gpt_5_5_xhigh,64.21510068926796,7
839,kimi_k3_max,59.01541268374656,8
839,claude_fable_5_max,49.50261155643839,9
839,deepseek_v4_flash_max,23.059291920554696,10
840,deepseek_v4_pro_max,62.69153360231589,1
840,claude_fable_5_max,61.38116229463778,2
840,claude_opus_4_8_max,45.67668927578839,3
840,gpt_5_6_sol_max,41.166476894506516,4
840,gpt_5_5_xhigh,41.00780224810566,5
840,deepseek_v4_flash_max,39.13728224475069,6
840,kimi_k3_max,35.07112509173627,7
840,qwen3_8_max,32.16895096721193,8
840,glm_5_2_max,28.67429953953359,9
840,gemini_3_1_pro_high,21.686118759328913,10
841,kimi_k3_max,70.71341486980553,1
841,claude_opus_4_8_max,67.35708048152968,2
841,qwen3_8_max,65.83022469837785,3
841,gpt_5_5_xhigh,61.48862749510523,4
841,deepseek_v4_pro_max,58.251421190420835,5
841,gpt_5_6_sol_max,52.15924495426668,6
841,claude_fable_5_max,50.958940343479114,7
841,gemini_3_1_pro_high,49.858610213032314,8
841,glm_5_2_max,42.82905895030897,9
841,deepseek_v4_flash_max,28.66570706965721,10
842,deepseek_v4_flash_max,71.95289596960106,1
842,glm_5_2_max,67.0692014929206,2
842,claude_fable_5_max,66.97423020277755,3
842,kimi_k3_max,53.18665390179745,4
842,gemini_3_1_pro_high,43.238474096447284,5
842,gpt_5_6_sol_max,39.992119521555885,6
842,claude_opus_4_8_max,38.3110841963322,7
842,gpt_5_5_xhigh,33.978844259692394,8
842,qwen3_8_max,31.546025461501667,9
842,deepseek_v4_pro_max,16.520479457929323,10
843,deepseek_v4_pro_max,72.05859191471237,1
843,claude_fable_5_max,62.76445277949172,2
843,claude_opus_4_8_max,42.96086796768179,3
843,qwen3_8_max,41.36745881995538,4
843,gemini_3_1_pro_high,39.05053121728146,5
843,deepseek_v4_flash_max,35.840095469738536,6
843,gpt_5_6_sol_max,32.51730425556375,7
843,gpt_5_5_xhigh,26.586187512549422,8
843,kimi_k3_max,25.274316214811357,9
843,glm_5_2_max,17.399286626284223,10
844,deepseek_v4_flash_max,66.21411328443878,1
844,gpt_5_6_sol_max,64.63225666354154,2
844,deepseek_v4_pro_max,62.91122915240284,3
844,gpt_5_5_xhigh,59.0225574211083,4
844,qwen3_8_max,56.78140460553542,5
844,gemini_3_1_pro_high,55.524259661434854,6
844,kimi_k3_max,51.26099165179945,7
844,claude_opus_4_8_max,46.827453940387656,8
844,glm_5_2_max,43.92528754587196,9
844,claude_fable_5_max,24.89694536489863,10
845,claude_opus_4_8_max,76.44443641231837,1
845,kimi_k3_max,69.41498442837135,2
845,deepseek_v4_pro_max,64.04279850775951,3
845,gpt_5_5_xhigh,64.04274013091472,4
845,gpt_5_6_sol_max,63.47940465687843,5
845,qwen3_8_max,62.78831648733691,6
845,glm_5_2_max,52.908259543414296,7
845,claude_fable_5_max,51.918492310132024,8
845,gemini_3_1_pro_high,47.41425067226063,9
845,deepseek_v4_flash_max,38.08763328857912,10
846,claude_fable_5_max,67.38744703811128,1
846,deepseek_v4_pro_max,57.499853128748356,2
846,glm_5_2_max,52.86562946660618,3
846,deepseek_v4_flash_max,43.6046984658861,4
846,kimi_k3_max,40.81274540131242,5
846,gpt_5_6_sol_max,33.123231369460214,6
846,gpt_5_5_xhigh,30.793026103748478,7
846,qwen3_8_max,29.33062171639289,8
846,gemini_3_1_pro_high,29.24239828039081,9
846,claude_opus_4_8_max,28.166813152261668,10
847,deepseek_v4_pro_max,76.25475775187648,1
847,claude_opus_4_8_max,62.09331297240321,2
847,claude_fable_5_max,60.25547436628091,3
847,glm_5_2_max,45.33416250306234,4
847,gpt_5_5_xhigh,43.308271911363526,5
847,kimi_k3_max,38.45640778438613,6
847,gpt_5_6_sol_max,37.9138038674224,7
847,qwen3_8_max,30.56574128449741,8
847,deepseek_v4_flash_max,23.99392492734497,9
847,gemini_3_1_pro_high,22.249930331630072,10
848,gpt_5_5_xhigh,67.03327851827072,1
848,claude_opus_4_8_max,64.93394991238817,2
848,gpt_5_6_sol_max,58.97237949321938,3
848,gemini_3_1_pro_high,52.35552090044598,4
848,qwen3_8_max,46.34595845694092,5
848,deepseek_v4_flash_max,37.206626732797844,6
848,kimi_k3_max,36.66872008499239,7
848,deepseek_v4_pro_max,32.19414948006436,8
848,glm_5_2_max,29.045321088264856,9
848,claude_fable_5_max,27.081506039993958,10
849,claude_fable_5_max,83.77152339127466,1
849,gpt_5_5_xhigh,63.20882367917752,2
849,gpt_5_6_sol_max,54.19524400630616,3
849,claude_opus_4_8_max,44.70987196561961,4
849,gemini_3_1_pro_high,41.52475018054936,5
849,deepseek_v4_flash_max,41.41337159956028,6
849,kimi_k3_max,40.92512059896956,7
849,qwen3_8_max,40.00161715031904,8
849,deepseek_v4_pro_max,26.515522691361248,9
849,glm_5_2_max,18.815662796633283,10
850,kimi_k3_max,74.19471783044163,1
850,gpt_5_6_sol_max,72.69893137084019,2
850,claude_opus_4_8_max,70.71684262611218,3
850,deepseek_v4_pro_max,62.86084394458875,4
850,claude_fable_5_max,61.72127861225268,5
850,qwen3_8_max,55.394229417340796,6
850,gpt_5_5_xhigh,52.914770521984444,7
850,gemini_3_1_pro_high,46.383245898066676,8
850,deepseek_v4_flash_max,32.832167396488444,9
850,glm_5_2_max,20.746791043570788,10
851,claude_fable_5_max,73.13988964684147,1
851,gemini_3_1_pro_high,61.23199565162895,2
851,deepseek_v4_flash_max,59.49952321993728,3
851,glm_5_2_max,50.62664724146984,4
851,gpt_5_6_sol_max,48.233839892627486,5
851,qwen3_8_max,39.322829410633766,6
851,kimi_k3_max,37.942898817067025,7
851,gpt_5_5_xhigh,37.27468262880577,8
851,claude_opus_4_8_max,29.254786806583773,9
851,deepseek_v4_pro_max,25.610792154180615,10
852,claude_fable_5_max,70.4420077676142,1
852,claude_opus_4_8_max,53.40004843503868,2
852,deepseek_v4_flash_max,52.38641759768945,3
852,glm_5_2_max,50.702047931793444,4
852,gpt_5_5_xhigh,49.757677832020676,5
852,deepseek_v4_pro_max,48.31312405314068,6
852,qwen3_8_max,46.12068326847229,7
852,gpt_5_6_sol_max,42.66626859257126,8
852,kimi_k3_max,41.996652022273096,9
852,gemini_3_1_pro_high,14.897206405267731,10
853,deepseek_v4_pro_max,69.99525152265699,1
853,kimi_k3_max,63.967526225278306,2
853,gpt_5_5_xhigh,62.535124800411445,3
853,claude_opus_4_8_max,54.53031239357361,4
853,deepseek_v4_flash_max,50.6351518032008,5
853,glm_5_2_max,48.06673974327374,6
853,claude_fable_5_max,45.67931182490529,7
853,gemini_3_1_pro_high,42.578480060866326,8
853,qwen3_8_max,36.63176884159395,9
853,gpt_5_6_sol_max,36.11972659143787,10
854,gemini_3_1_pro_high,74.03100928551358,1
854,kimi_k3_max,66.09203306721479,2
854,gpt_5_6_sol_max,57.49832022489436,3
854,glm_5_2_max,57.32110691113904,4
854,claude_fable_5_max,55.91421896795191,5
854,claude_opus_4_8_max,50.662841943579046,6
854,deepseek_v4_flash_max,49.04997375680794,7
854,gpt_5_5_xhigh,39.40100691736748,8
854,deepseek_v4_pro_max,35.27205250550499,9
854,qwen3_8_max,34.52947954624409,10
855,deepseek_v4_flash_max,84.94395636024339,1
855,gpt_5_6_sol_max,71.74974719278207,2
855,claude_opus_4_8_max,63.21453745440041,3
855,kimi_k3_max,55.68106970103899,4
855,gpt_5_5_xhigh,48.33062320413699,5
855,gemini_3_1_pro_high,48.108018138478926,6
855,claude_fable_5_max,45.01445143334213,7
855,qwen3_8_max,41.11818652899903,8
855,deepseek_v4_pro_max,36.9594785969344,9
855,glm_5_2_max,26.98544668265353,10
856,gemini_3_1_pro_high,79.69122712655876,1
856,kimi_k3_max,61.39887406593159,2
856,gpt_5_5_xhigh,59.46547755247468,3
856,gpt_5_6_sol_max,57.40207809222783,4
856,glm_5_2_max,50.23047162604846,5
856,deepseek_v4_pro_max,48.66012052522767,6
856,qwen3_8_max,47.987385401235656,7
856,claude_opus_4_8_max,47.62109808441206,8
856,deepseek_v4_flash_max,43.45690972036472,9
856,claude_fable_5_max,22.00415294308736,10
857,deepseek_v4_pro_max,88.99525800833075,1
857,claude_fable_5_max,64.70437412479414,2
857,qwen3_8_max,49.47282937687716,3
857,gpt_5_6_sol_max,43.376859318258994,4
857,gpt_5_5_xhigh,38.85039740951834,5
857,deepseek_v4_flash_max,34.47724887237724,6
857,kimi_k3_max,34.06229868960032,7
857,glm_5_2_max,32.113249519482466,8
857,claude_opus_4_8_max,26.350336161805792,9
857,gemini_3_1_pro_high,22.578155954427153,10
858,deepseek_v4_pro_max,71.75381896757366,1
858,gpt_5_6_sol_max,67.95149072988693,2
858,kimi_k3_max,65.79541757378522,3
858,claude_fable_5_max,65.20775068915172,4
858,claude_opus_4_8_max,63.18621550171266,5
858,gpt_5_5_xhigh,57.022419047772296,6
858,deepseek_v4_flash_max,48.146455987817035,7
858,qwen3_8_max,41.04082718737016,8
858,glm_5_2_max,33.511858738323774,9
858,gemini_3_1_pro_high,25.543586311077128,10
859,gemini_3_1_pro_high,73.45172342896883,1
859,glm_5_2_max,63.862005734725045,2
859,claude_fable_5_max,62.076701331518116,3
859,kimi_k3_max,38.628175766864565,4
859,deepseek_v4_flash_max,37.59383796587007,5
859,claude_opus_4_8_max,31.36419000900971,6
859,qwen3_8_max,30.308279479410555,7
859,gpt_5_6_sol_max,29.82206007420693,8
859,deepseek_v4_pro_max,24.033379731487152,9
859,gpt_5_5_xhigh,21.6512528123545,10
860,gemini_3_1_pro_high,66.89022324836927,1
860,gpt_5_6_sol_max,64.08596816829751,2
860,gpt_5_5_xhigh,63.61548264410084,3
860,claude_opus_4_8_max,59.416174855482865,4
860,kimi_k3_max,51.66299327403605,5
860,glm_5_2_max,39.679793014709944,6
860,deepseek_v4_pro_max,36.09717299969317,7
860,claude_fable_5_max,34.932875793772226,8
860,deepseek_v4_flash_max,26.96646422409847,9
860,qwen3_8_max,23.949363695017084,10
861,gpt_5_6_sol_max,72.32525165884554,1
861,deepseek_v4_flash_max,59.87958299245753,2
861,claude_fable_5_max,57.82895792385065,3
861,gpt_5_5_xhigh,57.38418116886509,4
861,gemini_3_1_pro_high,53.07183468157685,5
861,glm_5_2_max,51.009009349596006,6
861,qwen3_8_max,50.040021089276564,7
861,claude_opus_4_8_max,45.35186017587457,8
861,kimi_k3_max,32.63093470939372,9
861,deepseek_v4_pro_max,24.621861817797217,10
862,gemini_3_1_pro_high,67.6890111889532,1
862,claude_fable_5_max,67.44033011954788,2
862,deepseek_v4_pro_max,65.25551764991907,3
862,gpt_5_6_sol_max,61.788971916626345,4
862,kimi_k3_max,61.43901789355366,5
862,claude_opus_4_8_max,58.51790841270085,6
862,gpt_5_5_xhigh,44.264142883140146,7
862,glm_5_2_max,33.95481436121839,8
862,qwen3_8_max,32.56323400249895,9
862,deepseek_v4_flash_max,14.109783108883171,10
863,claude_fable_5_max,67.72926745576098,1
863,claude_opus_4_8_max,60.48511859500236,2
863,gpt_5_6_sol_max,48.43817907858776,3
863,kimi_k3_max,42.42556543732103,4
863,glm_5_2_max,41.51007587580427,5
863,deepseek_v4_flash_max,36.57127460915735,6
863,gpt_5_5_xhigh,35.933706035034334,7
863,qwen3_8_max,29.37759312630093,8
863,gemini_3_1_pro_high,24.290871332387397,9
863,deepseek_v4_pro_max,22.927952675545406,10
864,deepseek_v4_flash_max,65.7363221132711,1
864,claude_fable_5_max,59.732983937565166,2
864,gpt_5_5_xhigh,59.053580429884434,3
864,gpt_5_6_sol_max,43.55423860758509,4
864,deepseek_v4_pro_max,40.31656875182931,5
864,gemini_3_1_pro_high,39.54067026068918,6
864,qwen3_8_max,36.00330496693423,7
864,claude_opus_4_8_max,35.44526253018859,8
864,kimi_k3_max,35.36424634273186,9
864,glm_5_2_max,26.295292265698126,10
865,gpt_5_6_sol_max,77.32347313234845,1
865,kimi_k3_max,64.97965053582583,2
865,gemini_3_1_pro_high,52.7565036902239,3
865,claude_opus_4_8_max,52.06017915364417,4
865,deepseek_v4_pro_max,51.569485622399554,5
865,claude_fable_5_max,45.802374798598564,6
865,qwen3_8_max,40.55935487158647,7
865,gpt_5_5_xhigh,39.143972618262424,8
865,glm_5_2_max,26.099969148393114,9
865,deepseek_v4_flash_max,16.930108897301437,10
866,deepseek_v4_pro_max,80.29685436456171,1
866,gpt_5_6_sol_max,52.228781287655416,2
866,gemini_3_1_pro_high,49.89305456761299,3
866,claude_fable_5_max,45.73035511796655,4
866,claude_opus_4_8_max,45.50868208889503,5
866,gpt_5_5_xhigh,42.93166847319918,6
866,kimi_k3_max,36.95770712517093,7
866,qwen3_8_max,35.00832830898273,8
866,glm_5_2_max,21.55157305758661,9
866,deepseek_v4_flash_max,6.634248602055453,10
867,deepseek_v4_pro_max,72.88383362315956,1
867,claude_fable_5_max,68.48242087512587,2
867,claude_opus_4_8_max,49.19587468221851,3
867,glm_5_2_max,46.884426189267224,4
867,gpt_5_6_sol_max,37.859633348451574,5
867,gpt_5_5_xhigh,37.7086535196581,6
867,qwen3_8_max,29.54284289400835,7
867,gemini_3_1_pro_high,25.844717303040838,8
867,kimi_k3_max,25.516821421219852,9
867,deepseek_v4_flash_max,20.29412620331787,10
868,claude_fable_5_max,74.75428356590021,1
868,gemini_3_1_pro_high,68.68183874156334,2
868,kimi_k3_max,60.53666551042554,3
868,claude_opus_4_8_max,49.19741593566959,4
868,gpt_5_6_sol_max,44.248304387367796,5
868,deepseek_v4_flash_max,42.751961887752444,6
868,qwen3_8_max,41.40205635386406,7
868,gpt_5_5_xhigh,32.96614478831775,8
868,glm_5_2_max,31.344859786412925,9
868,deepseek_v4_pro_max,27.980026648815937,10
869,claude_fable_5_max,66.77209696780629,1
869,glm_5_2_max,65.59164392488108,2
869,deepseek_v4_flash_max,56.180014116468485,3
869,qwen3_8_max,55.718967810111835,4
869,gemini_3_1_pro_high,50.868010037925096,5
869,gpt_5_5_xhigh,43.41082157181143,6
869,kimi_k3_max,36.5103585081721,7
869,gpt_5_6_sol_max,35.811870484394106,8
869,claude_opus_4_8_max,29.6407039381878,9
869,deepseek_v4_pro_max,22.03987349767024,10
870,claude_fable_5_max,72.22408012558685,1
870,kimi_k3_max,63.73681346894908,2
870,gpt_5_5_xhigh,59.17563495514899,3
870,deepseek_v4_flash_max,52.80801723321317,4
870,gpt_5_6_sol_max,51.23398065138172,5
870,qwen3_8_max,47.954210202612366,6
870,gemini_3_1_pro_high,44.209822398033225,7
870,deepseek_v4_pro_max,43.947337570699545,8
870,claude_opus_4_8_max,41.36466799766794,9
870,glm_5_2_max,32.70426546400717,10
871,kimi_k3_max,81.35626680527707,1
871,claude_fable_5_max,81.1854537826376,2
871,glm_5_2_max,63.2617098769845,3
871,gpt_5_6_sol_max,56.13492315040477,4
871,gpt_5_5_xhigh,54.175945280477485,5
871,gemini_3_1_pro_high,42.7983826177245,6
871,deepseek_v4_pro_max,41.754725458614786,7
871,claude_opus_4_8_max,41.56633931315177,8
871,qwen3_8_max,35.23613442406899,9
871,deepseek_v4_flash_max,32.25883606951639,10
872,claude_fable_5_max,73.69811796625028,1
872,gemini_3_1_pro_high,63.021205085316026,2
872,glm_5_2_max,49.62736040760265,3
872,deepseek_v4_flash_max,36.59133658758006,4
872,qwen3_8_max,35.79200680986563,5
872,gpt_5_6_sol_max,35.7904812292613,6
872,kimi_k3_max,34.08000779275541,7
872,claude_opus_4_8_max,26.803698029126714,8
872,gpt_5_5_xhigh,21.714036805623522,9
872,deepseek_v4_pro_max,14.290446267747951,10
873,deepseek_v4_flash_max,87.15087391153543,1
873,qwen3_8_max,66.68446800812715,2
873,gpt_5_6_sol_max,63.23066330066901,3
873,glm_5_2_max,61.79733130658705,4
873,claude_opus_4_8_max,60.78410038135326,5
873,deepseek_v4_pro_max,60.77971862143946,6
873,gpt_5_5_xhigh,58.4550318671175,7
873,kimi_k3_max,50.13834618071864,8
873,gemini_3_1_pro_high,39.08882495109396,9
873,claude_fable_5_max,26.131581782345414,10
874,deepseek_v4_pro_max,70.88279770841342,1
874,qwen3_8_max,64.8051627590783,2
874,gpt_5_5_xhigh,52.1409563474085,3
874,claude_opus_4_8_max,47.657918671121195,4
874,gemini_3_1_pro_high,45.565221037725266,5
874,kimi_k3_max,44.129752671624296,6
874,deepseek_v4_flash_max,40.63781503384873,7
874,claude_fable_5_max,39.095778310469576,8
874,gpt_5_6_sol_max,37.25480842142124,9
874,glm_5_2_max,27.47635508206015,10
875,gpt_5_6_sol_max,65.25032255376397,1
875,glm_5_2_max,62.326663135755005,2
875,gpt_5_5_xhigh,61.25403448068468,3
875,deepseek_v4_pro_max,57.25045335755034,4
875,claude_opus_4_8_max,40.617537977950576,5
875,kimi_k3_max,38.62555945046373,6
875,claude_fable_5_max,33.937783692946596,7
875,deepseek_v4_flash_max,23.861958118913105,8
875,qwen3_8_max,21.748915962617296,9
875,gemini_3_1_pro_high,17.79923605043716,10
876,gpt_5_5_xhigh,71.50736439316535,1
876,claude_fable_5_max,53.82089472550109,2
876,deepseek_v4_pro_max,51.57354383708461,3
876,claude_opus_4_8_max,48.644874891976144,4
876,deepseek_v4_flash_max,43.20451342368607,5
876,qwen3_8_max,39.832167373214936,6
876,kimi_k3_max,34.83919419130593,7
876,gpt_5_6_sol_max,32.965958611100945,8
876,gemini_3_1_pro_high,18.062203573567228,9
876,glm_5_2_max,17.034896310964882,10
877,deepseek_v4_flash_max,82.51844798132288,1
877,gpt_5_6_sol_max,71.25493200243041,2
877,qwen3_8_max,69.23295522443672,3
877,gpt_5_5_xhigh,56.075943097324334,4
877,claude_opus_4_8_max,49.99238138342013,5
877,claude_fable_5_max,49.837350440003064,6
877,gemini_3_1_pro_high,46.20272245806441,7
877,glm_5_2_max,31.660645841138763,8
877,kimi_k3_max,28.56774563589754,9
877,deepseek_v4_pro_max,20.157860004142997,10
878,deepseek_v4_flash_max,76.79589690821541,1
878,gpt_5_6_sol_max,57.74397878339809,2
878,kimi_k3_max,53.586002951344604,3
878,gpt_5_5_xhigh,47.4172034365222,4
878,gemini_3_1_pro_high,43.83945684032912,5
878,claude_opus_4_8_max,41.29745964320398,6
878,qwen3_8_max,36.78231897663659,7
878,glm_5_2_max,33.62282397243851,8
878,claude_fable_5_max,31.994180831448745,9
878,deepseek_v4_pro_max,30.577512511482254,10
879,kimi_k3_max,69.81729477880492,1
879,gpt_5_6_sol_max,64.37784136251432,2
879,gpt_5_5_xhigh,60.833333949100314,3
879,claude_opus_4_8_max,60.65125025970214,4
879,deepseek_v4_pro_max,59.80865436841323,5
879,claude_fable_5_max,56.53580881917199,6
879,gemini_3_1_pro_high,55.418700831109035,7
879,deepseek_v4_flash_max,53.758867540899125,8
879,qwen3_8_max,53.09553996052444,9
879,glm_5_2_max,32.14056144754843,10
880,deepseek_v4_flash_max,84.87252535299928,1
880,claude_fable_5_max,71.46084395466042,2
880,qwen3_8_max,61.22740072292381,3
880,gpt_5_6_sol_max,59.96512684019561,4
880,gpt_5_5_xhigh,58.33631042528488,5
880,claude_opus_4_8_max,51.083392519947864,6
880,glm_5_2_max,47.646291417104145,7
880,kimi_k3_max,46.526960868625295,8
880,gemini_3_1_pro_high,32.29031506089396,9
880,deepseek_v4_pro_max,25.52902916427362,10
881,claude_fable_5_max,75.21728512013892,1
881,deepseek_v4_flash_max,68.12207052611753,2
881,qwen3_8_max,51.30107530460821,3
881,claude_opus_4_8_max,42.11669634370636,4
881,gpt_5_6_sol_max,40.35330495255133,5
881,glm_5_2_max,34.858581991809764,6
881,gpt_5_5_xhigh,28.0351024977547,7
881,kimi_k3_max,27.341846344716657,8
881,gemini_3_1_pro_high,26.74297390973294,9
881,deepseek_v4_pro_max,17.19566242874118,10
882,deepseek_v4_pro_max,71.7055391794041,1
882,claude_opus_4_8_max,48.2286816685915,2
882,qwen3_8_max,47.075056369720436,3
882,gpt_5_5_xhigh,46.46056705202218,4
882,deepseek_v4_flash_max,45.036286923616416,5
882,gemini_3_1_pro_high,44.0485318749314,6
882,gpt_5_6_sol_max,42.950716617887224,7
882,kimi_k3_max,40.73216666833723,8
882,claude_fable_5_max,25.415476870701283,9
882,glm_5_2_max,15.049588288406941,10
883,deepseek_v4_flash_max,85.85382154521466,1
883,glm_5_2_max,71.11382543306185,2
883,gpt_5_6_sol_max,67.01300494319013,3
883,gemini_3_1_pro_high,55.045174726251076,4
883,qwen3_8_max,50.343160864241575,5
883,gpt_5_5_xhigh,50.3021752332428,6
883,claude_fable_5_max,48.65734644417896,7
883,claude_opus_4_8_max,41.637763363741016,8
883,kimi_k3_max,40.91227580242225,9
883,deepseek_v4_pro_max,16.651730923528255,10
884,claude_fable_5_max,78.54880025171187,1
884,deepseek_v4_flash_max,62.36209993056271,2
884,qwen3_8_max,60.37465161874836,3
884,gpt_5_6_sol_max,56.5654985068082,4
884,glm_5_2_max,45.40442814140039,5
884,deepseek_v4_pro_max,44.24837102740592,6
884,gpt_5_5_xhigh,42.8956117026728,7
884,claude_opus_4_8_max,31.028722274762355,8
884,kimi_k3_max,28.477863879965867,9
884,gemini_3_1_pro_high,21.680678769771376,10
885,gpt_5_6_sol_max,71.40491978252945,1
885,claude_fable_5_max,69.18200531411632,2
885,claude_opus_4_8_max,68.26652273933773,3
885,deepseek_v4_flash_max,59.410023086910535,4
885,kimi_k3_max,59.15353108870279,5
885,gpt_5_5_xhigh,57.98595033553165,6
885,qwen3_8_max,49.33636037129489,7
885,gemini_3_1_pro_high,47.79608754546743,8
885,glm_5_2_max,32.0034663553766,9
885,deepseek_v4_pro_max,18.661884325604944,10
886,claude_fable_5_max,68.57844776600456,1
886,gemini_3_1_pro_high,61.32940634832304,2
886,claude_opus_4_8_max,52.53508206323593,3
886,glm_5_2_max,44.34656073257185,4
886,kimi_k3_max,43.987883482081266,5
886,qwen3_8_max,37.36778265221375,6
886,deepseek_v4_pro_max,32.03045221720987,7
886,gpt_5_5_xhigh,31.83765593764209,8
886,deepseek_v4_flash_max,29.550997899178924,9
886,gpt_5_6_sol_max,26.455077365901914,10
887,qwen3_8_max,72.91049043042634,1
887,kimi_k3_max,69.12130751803583,2
887,gemini_3_1_pro_high,62.45287244235916,3
887,glm_5_2_max,50.360612112417954,4
887,gpt_5_5_xhigh,48.37461764572863,5
887,deepseek_v4_flash_max,46.28519337744815,6
887,claude_fable_5_max,41.06030592910864,7
887,gpt_5_6_sol_max,34.140465529245084,8
887,claude_opus_4_8_max,28.910728485740307,9
887,deepseek_v4_pro_max,26.23161712948874,10
888,qwen3_8_max,81.82866633867724,1
888,gpt_5_6_sol_max,57.62331661628168,2
888,glm_5_2_max,53.356338696915586,3
888,kimi_k3_max,41.79273999471826,4
888,claude_opus_4_8_max,39.70965486137107,5
888,gemini_3_1_pro_high,38.372309637440175,6
888,deepseek_v4_flash_max,37.35461206687607,7
888,gpt_5_5_xhigh,34.9936796353085,8
888,claude_fable_5_max,33.262155670200094,9
888,deepseek_v4_pro_max,25.1763471760774,10
889,deepseek_v4_flash_max,68.21471212582821,1
889,qwen3_8_max,66.68005146932279,2
889,claude_fable_5_max,59.733273895490456,3
889,gpt_5_6_sol_max,57.082863959831016,4
889,gpt_5_5_xhigh,55.28760072859348,5
889,claude_opus_4_8_max,52.653215615250915,6
889,kimi_k3_max,47.71578341981196,7
889,gemini_3_1_pro_high,32.78472583022377,8
889,glm_5_2_max,31.419048384138968,9
889,deepseek_v4_pro_max,29.266966824714675,10
890,qwen3_8_max,66.16072809307629,1
890,deepseek_v4_flash_max,58.80153863588916,2
890,gpt_5_6_sol_max,57.00566050108685,3
890,claude_opus_4_8_max,52.718572472458746,4
890,deepseek_v4_pro_max,46.716456591183594,5
890,glm_5_2_max,37.79295261362269,6
890,gemini_3_1_pro_high,36.48846092842596,7
890,gpt_5_5_xhigh,34.36994709800044,8
890,claude_fable_5_max,30.269122459002546,9
890,kimi_k3_max,26.260879148171625,10
891,deepseek_v4_flash_max,70.70421201819698,1
891,deepseek_v4_pro_max,67.65381469021479,2
891,qwen3_8_max,64.35121577328931,3
891,gpt_5_5_xhigh,55.86684312912921,4
891,glm_5_2_max,55.56294279099247,5
891,gpt_5_6_sol_max,55.45102675602147,6
891,kimi_k3_max,38.97921878745405,7
891,claude_opus_4_8_max,37.83154378012245,8
891,gemini_3_1_pro_high,35.35621643717086,9
891,claude_fable_5_max,17.64301806530743,10
892,gpt_5_5_xhigh,81.53163977129607,1
892,deepseek_v4_pro_max,65.55038928854854,2
892,gpt_5_6_sol_max,56.90691727489865,3
892,deepseek_v4_flash_max,49.75739630693449,4
892,gemini_3_1_pro_high,48.10062686589961,5
892,kimi_k3_max,39.63349777833631,6
892,claude_opus_4_8_max,39.46919831972002,7
892,qwen3_8_max,25.612846900974198,8
892,claude_fable_5_max,18.90559514271598,9
892,glm_5_2_max,15.260330839001771,10
893,gpt_5_5_xhigh,69.00237858757791,1
893,glm_5_2_max,65.6301591035825,2
893,deepseek_v4_flash_max,62.50192456147154,3
893,claude_opus_4_8_max,62.17311395443896,4
893,gpt_5_6_sol_max,51.54325833881283,5
893,claude_fable_5_max,47.429847220591355,6
893,kimi_k3_max,37.60671877567951,7
893,gemini_3_1_pro_high,29.750873594349102,8
893,qwen3_8_max,29.490049987410373,9
893,deepseek_v4_pro_max,20.455202637179056,10
894,gpt_5_6_sol_max,76.35169751454819,1
894,claude_fable_5_max,52.753618285781485,2
894,kimi_k3_max,50.05633357954613,3
894,deepseek_v4_pro_max,46.04860175207244,4
894,claude_opus_4_8_max,44.97725202655674,5
894,gemini_3_1_pro_high,40.0291311900829,6
894,glm_5_2_max,38.620490502821006,7
894,qwen3_8_max,36.80516660787739,8
894,gpt_5_5_xhigh,31.979286161176596,9
894,deepseek_v4_flash_max,12.994160062852428,10
895,gemini_3_1_pro_high,81.20449886984541,1
895,kimi_k3_max,73.71308855283809,2
895,gpt_5_5_xhigh,63.699357167342534,3
895,deepseek_v4_pro_max,58.775283337714015,4
895,deepseek_v4_flash_max,54.90939014019786,5
895,qwen3_8_max,54.4870637091493,6
895,gpt_5_6_sol_max,54.16908945879904,7
895,claude_fable_5_max,48.81977671532419,8
895,glm_5_2_max,48.20461715440476,9
895,claude_opus_4_8_max,28.335807079820015,10
896,kimi_k3_max,77.53571675458932,1
896,gpt_5_6_sol_max,70.8964285421994,2
896,gemini_3_1_pro_high,61.28956542474579,3
896,claude_fable_5_max,55.219758618604054,4
896,gpt_5_5_xhigh,53.53348742177748,5
896,deepseek_v4_pro_max,49.96685078834089,6
896,deepseek_v4_flash_max,36.40044195641762,7
896,claude_opus_4_8_max,34.89059862481594,8
896,qwen3_8_max,30.79711657984793,9
896,glm_5_2_max,24.308598386012104,10
897,gpt_5_6_sol_max,74.90061336316151,1
897,kimi_k3_max,73.40278416930552,2
897,qwen3_8_max,63.75009425028284,3
897,gpt_5_5_xhigh,59.944090332799455,4
897,claude_opus_4_8_max,59.36948226458184,5
897,gemini_3_1_pro_high,58.30307016578159,6
897,deepseek_v4_flash_max,55.39102239832836,7
897,glm_5_2_max,48.40512883797382,8
897,deepseek_v4_pro_max,38.82814916767282,9
897,claude_fable_5_max,31.176467911251393,10
898,deepseek_v4_pro_max,82.48135129423294,1
898,gpt_5_6_sol_max,67.82374972704014,2
898,gpt_5_5_xhigh,64.32051645675979,3
898,claude_opus_4_8_max,63.62304981472079,4
898,qwen3_8_max,63.386612534623296,5
898,gemini_3_1_pro_high,41.77213003933132,6
898,claude_fable_5_max,34.13186914926731,7
898,glm_5_2_max,32.77974575171872,8
898,kimi_k3_max,23.818154764285666,9
898,deepseek_v4_flash_max,12.270803439889622,10
899,deepseek_v4_flash_max,70.56608330733191,1
899,kimi_k3_max,67.36851070653304,2
899,claude_opus_4_8_max,63.01664895885331,3
899,deepseek_v4_pro_max,58.02489905105185,4
899,glm_5_2_max,57.391644690319964,5
899,claude_fable_5_max,56.78617005178519,6
899,gpt_5_6_sol_max,50.82872604423076,7
899,gpt_5_5_xhigh,44.72092665474855,8
899,qwen3_8_max,43.88967820800339,9
899,gemini_3_1_pro_high,25.909329865229935,10
900,claude_fable_5_max,80.12564691686316,1
900,kimi_k3_max,63.410996109457436,2
900,gpt_5_6_sol_max,59.47125598310376,3
900,claude_opus_4_8_max,55.139926218927286,4
900,gemini_3_1_pro_high,50.20507183009111,5
900,glm_5_2_max,46.08361765623344,6
900,gpt_5_5_xhigh,45.786424829631585,7
900,deepseek_v4_flash_max,40.08606027927688,8
900,qwen3_8_max,31.385730801137637,9
900,deepseek_v4_pro_max,29.764553216198223,10
901,deepseek_v4_flash_max,87.08807091783262,1
901,gpt_5_5_xhigh,53.691173542133434,2
901,gpt_5_6_sol_max,53.235684575149676,3
901,claude_opus_4_8_max,51.23452757089282,4
901,kimi_k3_max,45.88114399083902,5
901,gemini_3_1_pro_high,44.510025293420846,6
901,deepseek_v4_pro_max,43.00037627742332,7
901,glm_5_2_max,33.13652092911822,8
901,claude_fable_5_max,30.480754628735987,9
901,qwen3_8_max,18.85973462129659,10
902,gemini_3_1_pro_high,77.90470095004052,1
902,deepseek_v4_flash_max,70.90260365577436,2
902,claude_opus_4_8_max,61.81746903003502,3
902,gpt_5_6_sol_max,44.98615579827132,4
902,gpt_5_5_xhigh,44.24991751222073,5
902,kimi_k3_max,39.70896670196603,6
902,deepseek_v4_pro_max,36.95820008675911,7
902,qwen3_8_max,33.369626947253195,8
902,glm_5_2_max,31.871625269514936,9
902,claude_fable_5_max,27.7215069047218,10
903,kimi_k3_max,84.35838307858899,1
903,glm_5_2_max,79.63809586882961,2
903,gemini_3_1_pro_high,63.831776379741264,3
903,claude_fable_5_max,56.619567025143255,4
903,claude_opus_4_8_max,55.96738983763278,5
903,gpt_5_5_xhigh,41.322420326510496,6
903,qwen3_8_max,39.766373858261126,7
903,deepseek_v4_flash_max,33.58911409009815,8
903,gpt_5_6_sol_max,25.782621738230628,9
903,deepseek_v4_pro_max,19.41754409260148,10
904,gemini_3_1_pro_high,55.05146607036609,1
904,deepseek_v4_pro_max,54.39229843781393,2
904,claude_fable_5_max,52.15580930058313,3
904,qwen3_8_max,50.36721038693228,4
904,gpt_5_6_sol_max,50.23982378892119,5
904,glm_5_2_max,39.92504530080598,6
904,claude_opus_4_8_max,39.540795114258884,7
904,kimi_k3_max,38.02718338473865,8
904,gpt_5_5_xhigh,30.181679136082582,9
904,deepseek_v4_flash_max,27.634438028508878,10
905,qwen3_8_max,66.59929616564585,1
905,kimi_k3_max,62.75621992580299,2
905,deepseek_v4_flash_max,53.67129260021085,3
905,glm_5_2_max,52.33576273614704,4
905,gemini_3_1_pro_high,49.59594490812999,5
905,claude_opus_4_8_max,43.456543916554885,6
905,deepseek_v4_pro_max,36.16003848234902,7
905,gpt_5_5_xhigh,34.42352316522949,8
905,gpt_5_6_sol_max,30.858958634963507,9
905,claude_fable_5_max,20.32104309503226,10
906,claude_fable_5_max,78.7794498009896,1
906,gemini_3_1_pro_high,74.86846242008329,2
906,gpt_5_6_sol_max,59.82078338829662,3
906,claude_opus_4_8_max,50.2000643981703,4
906,kimi_k3_max,48.96625914355443,5
906,qwen3_8_max,48.33344658612643,6
906,deepseek_v4_pro_max,44.52352951844522,7
906,gpt_5_5_xhigh,43.308973401472564,8
906,glm_5_2_max,37.33348404432944,9
906,deepseek_v4_flash_max,34.85564388899368,10
907,deepseek_v4_pro_max,82.1919937562677,1
907,qwen3_8_max,75.39687230826007,2
907,gemini_3_1_pro_high,68.69688344658401,3
907,gpt_5_5_xhigh,62.64769515922327,4
907,gpt_5_6_sol_max,58.10413317828936,5
907,glm_5_2_max,52.51931529291812,6
907,claude_opus_4_8_max,41.596418697976745,7
907,kimi_k3_max,41.35773473550019,8
907,claude_fable_5_max,40.29726548563015,9
907,deepseek_v4_flash_max,14.236493552088124,10
908,deepseek_v4_pro_max,71.4413075205168,1
908,gpt_5_5_xhigh,67.286103005346,2
908,claude_fable_5_max,58.69124550421575,3
908,gemini_3_1_pro_high,46.693177823948716,4
908,qwen3_8_max,40.97294012168394,5
908,deepseek_v4_flash_max,38.790610067826655,6
908,claude_opus_4_8_max,29.399690764934903,7
908,kimi_k3_max,28.061132371354272,8
908,glm_5_2_max,20.845103886121613,9
908,gpt_5_6_sol_max,15.88127740591124,10
909,kimi_k3_max,57.571032751752476,1
909,claude_opus_4_8_max,54.51213659347198,2
909,gpt_5_5_xhigh,54.26597653725665,3
909,claude_fable_5_max,54.04071766119127,4
909,glm_5_2_max,47.179749563166055,5
909,gpt_5_6_sol_max,42.71135015876643,6
909,deepseek_v4_flash_max,42.56203884214223,7
909,gemini_3_1_pro_high,41.6972790546849,8
909,deepseek_v4_pro_max,41.535711538454954,9
909,qwen3_8_max,33.55311530463293,10
910,claude_fable_5_max,91.02312889092175,1
910,kimi_k3_max,49.91298418234624,2
910,deepseek_v4_pro_max,47.45158403738968,3
910,glm_5_2_max,44.71058797444557,4
910,claude_opus_4_8_max,44.266686546961616,5
910,gpt_5_5_xhigh,43.29899206569614,6
910,qwen3_8_max,42.413314787475215,7
910,deepseek_v4_flash_max,40.973631784866036,8
910,gpt_5_6_sol_max,39.77833160042969,9
910,gemini_3_1_pro_high,38.677233452856456,10
911,deepseek_v4_pro_max,72.03797791925905,1
911,glm_5_2_max,61.02466459701977,2
911,gpt_5_6_sol_max,58.61855402002016,3
911,gpt_5_5_xhigh,56.59503678239732,4
911,kimi_k3_max,50.09768425298837,5
911,claude_fable_5_max,48.63673906059371,6
911,deepseek_v4_flash_max,41.614740251975476,7
911,gemini_3_1_pro_high,38.877433106566784,8
911,claude_opus_4_8_max,26.395291866543054,9
911,qwen3_8_max,24.861861965180253,10
912,gemini_3_1_pro_high,81.53205610775484,1
912,gpt_5_5_xhigh,74.51813267606761,2
912,gpt_5_6_sol_max,72.7620474519569,3
912,kimi_k3_max,69.21408193871933,4
912,glm_5_2_max,64.41364529243228,5
912,qwen3_8_max,51.672391556998896,6
912,claude_opus_4_8_max,50.467886594567844,7
912,deepseek_v4_flash_max,39.667627720365005,8
912,claude_fable_5_max,38.91352685697095,9
912,deepseek_v4_pro_max,34.31831390389112,10
913,gpt_5_5_xhigh,68.24195094229819,1
913,glm_5_2_max,67.02879048158897,2
913,qwen3_8_max,46.87828512304709,3
913,claude_opus_4_8_max,38.659301870091824,4
913,gemini_3_1_pro_high,38.40365994856047,5
913,deepseek_v4_pro_max,37.03470553880381,6
913,deepseek_v4_flash_max,36.15090877907927,7
913,claude_fable_5_max,34.43676445142158,8
913,kimi_k3_max,28.769184043080827,9
913,gpt_5_6_sol_max,27.751753588778712,10
914,glm_5_2_max,69.54913104671242,1
914,deepseek_v4_pro_max,59.94509856016175,2
914,gpt_5_5_xhigh,56.74682623865036,3
914,claude_opus_4_8_max,43.830712777832716,4
914,gemini_3_1_pro_high,34.88817682253923,5
914,claude_fable_5_max,32.59632347616083,6
914,qwen3_8_max,31.532193235894994,7
914,gpt_5_6_sol_max,30.519575387074372,8
914,deepseek_v4_flash_max,24.124657110377683,9
914,kimi_k3_max,16.400659176281657,10
915,deepseek_v4_pro_max,65.84828439828922,1
915,kimi_k3_max,51.899338791400325,2
915,glm_5_2_max,49.42063822260802,3
915,claude_opus_4_8_max,44.80657670793499,4
915,qwen3_8_max,40.244762323630326,5
915,deepseek_v4_flash_max,35.89348396411589,6
915,gpt_5_6_sol_max,34.13616064197612,7
915,gpt_5_5_xhigh,32.66951608446674,8
915,claude_fable_5_max,28.420396851551093,9
915,gemini_3_1_pro_high,22.3925959146965,10
916,claude_fable_5_max,80.79752799033626,1
916,gpt_5_5_xhigh,72.01331440006446,2
916,gemini_3_1_pro_high,71.10153248048448,3
916,kimi_k3_max,62.12754067033045,4
916,claude_opus_4_8_max,52.228288739354966,5
916,gpt_5_6_sol_max,50.24839437094475,6
916,qwen3_8_max,48.0538977801282,7
916,deepseek_v4_flash_max,40.656920747257004,8
916,deepseek_v4_pro_max,40.137956577813256,9
916,glm_5_2_max,29.817638709946984,10
917,claude_fable_5_max,71.53247537618762,1
917,claude_opus_4_8_max,60.9908842286803,2
917,deepseek_v4_pro_max,54.503115470291974,3
917,deepseek_v4_flash_max,52.471087108969805,4
917,gpt_5_5_xhigh,51.305817473428625,5
917,gpt_5_6_sol_max,50.27494781902334,6
917,kimi_k3_max,45.98763939078147,7
917,glm_5_2_max,44.39771439648959,8
917,qwen3_8_max,29.04901549062707,9
917,gemini_3_1_pro_high,15.337090494141345,10
918,gpt_5_6_sol_max,60.06409925494863,1
918,gemini_3_1_pro_high,57.019953997699844,2
918,claude_fable_5_max,53.50083107129726,3
918,deepseek_v4_flash_max,45.82895815748708,4
918,claude_opus_4_8_max,44.4234627676215,5
918,qwen3_8_max,40.8729473659061,6
918,glm_5_2_max,33.70087903161835,7
918,deepseek_v4_pro_max,30.89894522400507,8
918,gpt_5_5_xhigh,30.404666776604834,9
918,kimi_k3_max,29.04422921719021,10
919,claude_fable_5_max,72.30592308988363,1
919,deepseek_v4_flash_max,47.33462970832676,2
919,kimi_k3_max,43.091346383488535,3
919,deepseek_v4_pro_max,37.77099189563823,4
919,gemini_3_1_pro_high,37.55880420398345,5
919,claude_opus_4_8_max,37.411582577113535,6
919,glm_5_2_max,36.154875529168066,7
919,gpt_5_5_xhigh,35.725269378444835,8
919,gpt_5_6_sol_max,28.06709501569658,9
919,qwen3_8_max,27.663057553203366,10
920,deepseek_v4_pro_max,79.63225728536094,1
920,gpt_5_5_xhigh,76.21219453014712,2
920,gpt_5_6_sol_max,73.39515454370124,3
920,kimi_k3_max,67.44842588815872,4
920,gemini_3_1_pro_high,57.864953056212286,5
920,deepseek_v4_flash_max,42.104944871363415,6
920,claude_opus_4_8_max,39.707343861512626,7
920,qwen3_8_max,35.24206422727091,8
920,claude_fable_5_max,32.17997075719283,9
920,glm_5_2_max,17.531949956850724,10
921,claude_fable_5_max,75.21083141351012,1
921,gpt_5_6_sol_max,65.49790909867026,2
921,gpt_5_5_xhigh,61.05751474975334,3
921,deepseek_v4_flash_max,54.48266142266432,4
921,deepseek_v4_pro_max,51.209416283488004,5
921,claude_opus_4_8_max,47.63219796343638,6
921,qwen3_8_max,47.32074624424604,7
921,kimi_k3_max,30.267020784477776,8
921,gemini_3_1_pro_high,30.24468614895566,9
921,glm_5_2_max,14.526353450550342,10
922,deepseek_v4_flash_max,69.8436289150011,1
922,gpt_5_5_xhigh,57.89564862530949,2
922,qwen3_8_max,50.714906170639175,3
922,deepseek_v4_pro_max,47.3789067097835,4
922,claude_opus_4_8_max,46.332625718189355,5
922,kimi_k3_max,43.78136395019633,6
922,gpt_5_6_sol_max,37.911778510950654,7
922,glm_5_2_max,37.32614825809863,8
922,claude_fable_5_max,31.46447527893313,9
922,gemini_3_1_pro_high,30.69965070408464,10
923,deepseek_v4_pro_max,73.55402887940723,1
923,claude_fable_5_max,73.4417666004947,2
923,gpt_5_6_sol_max,65.145485795532,3
923,deepseek_v4_flash_max,56.869294855047926,4
923,glm_5_2_max,51.70064323604672,5
923,kimi_k3_max,46.23594861528873,6
923,qwen3_8_max,45.559316690623994,7
923,claude_opus_4_8_max,45.208556626425114,8
923,gpt_5_5_xhigh,42.927810782737026,9
923,gemini_3_1_pro_high,36.53901710784979,10
924,claude_opus_4_8_max,69.86570663036294,1
924,gpt_5_6_sol_max,66.47989038565329,2
924,gpt_5_5_xhigh,52.051839171592796,3
924,deepseek_v4_pro_max,49.76312916716259,4
924,deepseek_v4_flash_max,44.648288068662765,5
924,gemini_3_1_pro_high,44.410326259918754,6
924,claude_fable_5_max,43.47876311753252,7
924,kimi_k3_max,40.197450899673484,8
924,glm_5_2_max,33.858020934355984,9
924,qwen3_8_max,22.393303064445213,10
925,kimi_k3_max,79.51324648516574,1
925,claude_opus_4_8_max,71.14152502757878,2
925,glm_5_2_max,70.05669846284177,3
925,qwen3_8_max,65.38465852845168,4
925,gpt_5_6_sol_max,63.5512104606194,5
925,gemini_3_1_pro_high,60.95104437005508,6
925,gpt_5_5_xhigh,48.44961740397157,7
925,deepseek_v4_pro_max,42.30860869624013,8
925,deepseek_v4_flash_max,39.93598579062406,9
925,claude_fable_5_max,38.278949538145184,10
926,gemini_3_1_pro_high,74.14180843013676,1
926,qwen3_8_max,59.5166644982898,2
926,deepseek_v4_flash_max,56.6787684629871,3
926,deepseek_v4_pro_max,55.81255705501128,4
926,kimi_k3_max,54.759876594299016,5
926,claude_fable_5_max,52.53677149063005,6
926,gpt_5_5_xhigh,50.88469474421834,7
926,gpt_5_6_sol_max,49.697186249495395,8
926,claude_opus_4_8_max,45.71036470230677,9
926,glm_5_2_max,15.185111850123423,10
927,deepseek_v4_pro_max,69.20748690735695,1
927,gemini_3_1_pro_high,65.16418757748656,2
927,kimi_k3_max,42.95206248000689,3
927,gpt_5_6_sol_max,38.29443749496532,4
927,glm_5_2_max,37.26473023590007,5
927,claude_opus_4_8_max,29.77472136654584,6
927,gpt_5_5_xhigh,28.544244509989895,7
927,qwen3_8_max,24.59920408995209,8
927,deepseek_v4_flash_max,19.371532130233234,9
927,claude_fable_5_max,17.59289692913337,10
928,deepseek_v4_pro_max,72.0794041435176,1
928,deepseek_v4_flash_max,67.85995967177519,2
928,qwen3_8_max,64.96846220735387,3
928,gpt_5_5_xhigh,62.42937749512835,4
928,claude_fable_5_max,56.38224300078837,5
928,gpt_5_6_sol_max,52.93854624139769,6
928,kimi_k3_max,51.75766942260157,7
928,claude_opus_4_8_max,45.81357819114743,8
928,gemini_3_1_pro_high,32.110329600428514,9
928,glm_5_2_max,20.849556360233965,10
929,claude_fable_5_max,77.05086617818263,1
929,deepseek_v4_pro_max,66.19001124689673,2
929,claude_opus_4_8_max,56.297262127231555,3
929,kimi_k3_max,48.25762381302252,4
929,gemini_3_1_pro_high,47.86494141674615,5
929,gpt_5_6_sol_max,44.937230763594556,6
929,qwen3_8_max,38.818586494961366,7
929,deepseek_v4_flash_max,29.93618998120753,8
929,gpt_5_5_xhigh,26.069968759352456,9
929,glm_5_2_max,25.780167977330613,10
930,claude_fable_5_max,79.43281810427844,1
930,kimi_k3_max,62.71090610184416,2
930,qwen3_8_max,62.46227447458784,3
930,gpt_5_6_sol_max,62.29455124174252,4
930,deepseek_v4_pro_max,58.32609808694099,5
930,claude_opus_4_8_max,55.410427706233506,6
930,deepseek_v4_flash_max,52.811842573636994,7
930,gemini_3_1_pro_high,50.328669823776906,8
930,gpt_5_5_xhigh,44.95500486805139,9
930,glm_5_2_max,31.244616084002015,10
931,gpt_5_6_sol_max,77.41333125166616,1
931,kimi_k3_max,65.61102669530626,2
931,deepseek_v4_flash_max,62.1068965598966,3
931,claude_opus_4_8_max,56.396472203076584,4
931,claude_fable_5_max,51.784729272138364,5
931,qwen3_8_max,48.07589994974323,6
931,deepseek_v4_pro_max,45.555850204743344,7
931,gpt_5_5_xhigh,44.80832128432531,8
931,glm_5_2_max,38.962559221151004,9
931,gemini_3_1_pro_high,36.50677533369412,10
932,deepseek_v4_pro_max,88.71906021667868,1
932,glm_5_2_max,73.95786409699294,2
932,claude_fable_5_max,65.95169465941231,3
932,gemini_3_1_pro_high,61.43606317316434,4
932,claude_opus_4_8_max,56.13919248403193,5
932,qwen3_8_max,53.5291876284832,6
932,kimi_k3_max,52.390715346906774,7
932,deepseek_v4_flash_max,48.44319328413325,8
932,gpt_5_5_xhigh,40.32438341428434,9
932,gpt_5_6_sol_max,37.659614857971945,10
933,claude_fable_5_max,84.71406804752745,1
933,deepseek_v4_flash_max,43.748839794760094,2
933,gpt_5_5_xhigh,37.13921672653241,3
933,deepseek_v4_pro_max,33.42417672043106,4
933,gpt_5_6_sol_max,32.94779751433726,5
933,gemini_3_1_pro_high,27.59649369238663,6
933,qwen3_8_max,24.73355420694905,7
933,glm_5_2_max,23.293574533042047,8
933,kimi_k3_max,23.221564892112298,9
933,claude_opus_4_8_max,22.727727655275423,10
934,kimi_k3_max,58.48389077526572,1
934,deepseek_v4_flash_max,55.18989061855875,2
934,claude_opus_4_8_max,54.56975818839975,3
934,gpt_5_5_xhigh,49.661464552093975,4
934,gemini_3_1_pro_high,45.2274689306482,5
934,glm_5_2_max,42.58757246499104,6
934,deepseek_v4_pro_max,41.0206755381662,7
934,qwen3_8_max,33.566636303935674,8
934,claude_fable_5_max,32.296977366441,9
934,gpt_5_6_sol_max,21.269777004467034,10
935,claude_fable_5_max,78.20420377675444,1
935,kimi_k3_max,55.30724089688367,2
935,deepseek_v4_pro_max,54.33963497283608,3
935,gemini_3_1_pro_high,48.60107445386064,4
935,gpt_5_6_sol_max,48.21309853040254,5
935,claude_opus_4_8_max,43.16839406975073,6
935,qwen3_8_max,42.74578824832875,7
935,glm_5_2_max,39.5914862194861,8
935,gpt_5_5_xhigh,38.88553973816276,9
935,deepseek_v4_flash_max,20.81131318430439,10
936,claude_fable_5_max,70.29820767143497,1
936,kimi_k3_max,54.42951015945621,2
936,deepseek_v4_flash_max,52.22600313964889,3
936,gemini_3_1_pro_high,48.84612223030506,4
936,gpt_5_5_xhigh,46.262770351544596,5
936,claude_opus_4_8_max,41.295234108651975,6
936,deepseek_v4_pro_max,40.50099301627346,7
936,gpt_5_6_sol_max,33.99322820656755,8
936,qwen3_8_max,29.212065167224967,9
936,glm_5_2_max,28.03009979152666,10
937,gemini_3_1_pro_high,60.41413631710278,1
937,claude_fable_5_max,58.31925846782755,2
937,gpt_5_5_xhigh,58.243127874677484,3
937,deepseek_v4_flash_max,51.93331452789633,4
937,claude_opus_4_8_max,40.92302820706219,5
937,glm_5_2_max,39.49829982921188,6
937,gpt_5_6_sol_max,38.825033016265294,7
937,kimi_k3_max,28.68117257471509,8
937,qwen3_8_max,28.411702359186116,9
937,deepseek_v4_pro_max,25.807807502985444,10
938,claude_fable_5_max,86.71612049227454,1
938,gpt_5_5_xhigh,44.41386934950053,2
938,gemini_3_1_pro_high,42.47686953954433,3
938,gpt_5_6_sol_max,41.90796608363439,4
938,kimi_k3_max,41.04445694771731,5
938,deepseek_v4_pro_max,39.357407628274984,6
938,glm_5_2_max,37.738165445358604,7
938,qwen3_8_max,35.85432425059679,8
938,deepseek_v4_flash_max,29.941518715301648,9
938,claude_opus_4_8_max,28.261429585687004,10
939,claude_fable_5_max,67.84326145868897,1
939,claude_opus_4_8_max,65.5490020525165,2
939,gpt_5_5_xhigh,61.57816100154215,3
939,qwen3_8_max,50.72508474446576,4
939,gpt_5_6_sol_max,47.81229586210132,5
939,deepseek_v4_pro_max,39.880007952887524,6
939,gemini_3_1_pro_high,28.053644685871674,7
939,kimi_k3_max,20.77356363552588,8
939,deepseek_v4_flash_max,19.628385117268227,9
939,glm_5_2_max,19.097336201137438,10
940,deepseek_v4_flash_max,67.76142320258236,1
940,claude_fable_5_max,62.98193608588327,2
940,gpt_5_6_sol_max,52.64988012187773,3
940,kimi_k3_max,51.010933979470835,4
940,gpt_5_5_xhigh,46.502516052517706,5
940,claude_opus_4_8_max,39.044383556188386,6
940,qwen3_8_max,38.177712813649904,7
940,gemini_3_1_pro_high,36.1646529999976,8
940,glm_5_2_max,34.906407615838624,9
940,deepseek_v4_pro_max,21.130714612757682,10
941,gemini_3_1_pro_high,73.73201069456411,1
941,gpt_5_6_sol_max,66.14402600799497,2
941,claude_opus_4_8_max,56.979832541788916,3
941,claude_fable_5_max,56.59974111127035,4
941,deepseek_v4_pro_max,56.226308023667016,5
941,gpt_5_5_xhigh,41.15828153477611,6
941,kimi_k3_max,39.28364484171016,7
941,glm_5_2_max,37.17278697310763,8
941,qwen3_8_max,35.606217589126615,9
941,deepseek_v4_flash_max,24.03231090371572,10
942,deepseek_v4_pro_max,75.12947585186507,1
942,claude_fable_5_max,71.41877780782998,2
942,gpt_5_5_xhigh,71.28113397255828,3
942,deepseek_v4_flash_max,64.96814588713286,4
942,glm_5_2_max,62.76758692990348,5
942,gpt_5_6_sol_max,53.26146459810502,6
942,gemini_3_1_pro_high,44.010355467014264,7
942,claude_opus_4_8_max,43.698842910396536,8
942,kimi_k3_max,34.04737857867727,9
942,qwen3_8_max,33.12128350828234,10
943,claude_fable_5_max,68.93015410507542,1
943,gpt_5_5_xhigh,65.11566123912353,2
943,claude_opus_4_8_max,63.67502141899979,3
943,deepseek_v4_pro_max,50.49745596968006,4
943,deepseek_v4_flash_max,41.392952991982725,5
943,qwen3_8_max,36.49303293052982,6
943,kimi_k3_max,32.80936634480753,7
943,glm_5_2_max,29.47882063457522,8
943,gpt_5_6_sol_max,25.838084548463783,9
943,gemini_3_1_pro_high,21.721180770246406,10
944,claude_fable_5_max,76.14874180420772,1
944,deepseek_v4_pro_max,63.98864883872105,2
944,kimi_k3_max,59.14097900670018,3
944,gpt_5_5_xhigh,50.573399158907975,4
944,deepseek_v4_flash_max,50.27186633710391,5
944,glm_5_2_max,50.09485229599725,6
944,gemini_3_1_pro_high,49.673815165119116,7
944,claude_opus_4_8_max,46.35098641741273,8
944,gpt_5_6_sol_max,39.498638499327555,9
944,qwen3_8_max,30.01016776880045,10
945,claude_fable_5_max,81.14361860740739,1
945,glm_5_2_max,59.294727279016975,2
945,qwen3_8_max,55.78765020482001,3
945,gemini_3_1_pro_high,53.980783748997354,4
945,gpt_5_5_xhigh,47.90623448907613,5
945,deepseek_v4_flash_max,39.86886732607584,6
945,deepseek_v4_pro_max,39.76866159716321,7
945,claude_opus_4_8_max,39.168017025146476,8
945,kimi_k3_max,38.701561468790956,9
945,gpt_5_6_sol_max,37.49098458584528,10
946,claude_fable_5_max,81.11508152053952,1
946,deepseek_v4_flash_max,68.00701174602673,2
946,gpt_5_5_xhigh,66.42180727311887,3
946,claude_opus_4_8_max,59.35881903946077,4
946,gpt_5_6_sol_max,55.44632462800196,5
946,kimi_k3_max,53.68512456788404,6
946,glm_5_2_max,40.13867706803954,7
946,qwen3_8_max,37.42347417317852,8
946,gemini_3_1_pro_high,34.965823578106736,9
946,deepseek_v4_pro_max,25.01576284760592,10
947,deepseek_v4_pro_max,65.72929976470175,1
947,kimi_k3_max,65.12806389522636,2
947,glm_5_2_max,63.89469301763272,3
947,gpt_5_5_xhigh,53.24568246802991,4
947,gpt_5_6_sol_max,41.94105357347016,5
947,claude_fable_5_max,41.907290429910695,6
947,qwen3_8_max,38.421766685847075,7
947,claude_opus_4_8_max,37.304086482496004,8
947,deepseek_v4_flash_max,30.113493310920717,9
947,gemini_3_1_pro_high,29.09948537678377,10
948,gemini_3_1_pro_high,80.45556475832903,1
948,claude_fable_5_max,74.72753545979396,2
948,gpt_5_6_sol_max,63.88893584023717,3
948,deepseek_v4_pro_max,63.858779203175544,4
948,gpt_5_5_xhigh,56.143429051697716,5
948,claude_opus_4_8_max,51.82094304316912,6
948,kimi_k3_max,50.449304094358915,7
948,deepseek_v4_flash_max,46.324189210063395,8
948,glm_5_2_max,30.384685959779212,9
948,qwen3_8_max,29.861385749307978,10
949,claude_fable_5_max,77.94528000938871,1
949,glm_5_2_max,58.299406650013225,2
949,deepseek_v4_pro_max,53.86635819413229,3
949,gpt_5_5_xhigh,50.772189992006716,4
949,qwen3_8_max,44.92109976149491,5
949,claude_opus_4_8_max,44.69863515257698,6
949,kimi_k3_max,41.59551419558545,7
949,deepseek_v4_flash_max,41.20259756727753,8
949,gemini_3_1_pro_high,37.87265623296108,9
949,gpt_5_6_sol_max,22.38406324282488,10
950,claude_fable_5_max,78.95078884044032,1
950,deepseek_v4_flash_max,59.83253701376225,2
950,kimi_k3_max,46.58232683890012,3
950,gpt_5_6_sol_max,46.40730129886548,4
950,deepseek_v4_pro_max,44.616651037522054,5
950,claude_opus_4_8_max,43.60641098518812,6
950,gemini_3_1_pro_high,39.62309486869411,7
950,qwen3_8_max,34.58937993708517,8
950,gpt_5_5_xhigh,34.15419405021889,9
950,glm_5_2_max,29.750963424110402,10
951,deepseek_v4_flash_max,76.8933213017197,1
951,kimi_k3_max,76.61659338830798,2
951,gpt_5_6_sol_max,75.75948071719439,3
951,glm_5_2_max,69.05397577272836,4
951,claude_opus_4_8_max,67.60500734918581,5
951,gpt_5_5_xhigh,66.46716297868096,6
951,qwen3_8_max,58.881568021104606,7
951,gemini_3_1_pro_high,52.895629098458215,8
951,claude_fable_5_max,31.80627320563849,9
951,deepseek_v4_pro_max,16.54847342584119,10
952,qwen3_8_max,61.208367913066176,1
952,deepseek_v4_flash_max,58.02582886776162,2
952,deepseek_v4_pro_max,57.92089444628128,3
952,gpt_5_5_xhigh,52.43443977199826,4
952,claude_fable_5_max,39.674591903401236,5
952,claude_opus_4_8_max,37.12833690980551,6
952,gemini_3_1_pro_high,35.51902724490589,7
952,kimi_k3_max,31.928054195647448,8
952,glm_5_2_max,27.65168574124101,9
952,gpt_5_6_sol_max,24.96878646676388,10
953,deepseek_v4_pro_max,84.65554145653886,1
953,gemini_3_1_pro_high,68.84021917079491,2
953,glm_5_2_max,66.27536848785428,3
953,gpt_5_5_xhigh,66.18643932815029,4
953,claude_opus_4_8_max,51.46749410280228,5
953,qwen3_8_max,49.921245894455815,6
953,gpt_5_6_sol_max,48.678442780813825,7
953,kimi_k3_max,44.26481141876499,8
953,claude_fable_5_max,33.69754114478606,9
953,deepseek_v4_flash_max,22.0359234576426,10
954,claude_fable_5_max,67.38144058448847,1
954,claude_opus_4_8_max,57.68092653883048,2
954,glm_5_2_max,54.31508950944613,3
954,gemini_3_1_pro_high,49.317851757716575,4
954,gpt_5_5_xhigh,47.38927811339061,5
954,kimi_k3_max,43.845254278109664,6
954,deepseek_v4_flash_max,42.24799443148236,7
954,deepseek_v4_pro_max,37.485392572314545,8
954,qwen3_8_max,19.707280377989612,9
954,gpt_5_6_sol_max,19.039545572397074,10
955,gemini_3_1_pro_high,65.75744186058884,1
955,claude_fable_5_max,64.59830907189546,2
955,gpt_5_6_sol_max,61.054645555473186,3
955,deepseek_v4_flash_max,60.46912427871087,4
955,claude_opus_4_8_max,58.97213456724367,5
955,kimi_k3_max,52.9090743023866,6
955,gpt_5_5_xhigh,44.06374505645748,7
955,qwen3_8_max,33.94239698479085,8
955,glm_5_2_max,25.3293970139674,9
955,deepseek_v4_pro_max,18.756568123511613,10
956,claude_fable_5_max,80.79240952716374,1
956,qwen3_8_max,60.95874315670436,2
956,deepseek_v4_flash_max,60.45560969134951,3
956,kimi_k3_max,46.51645597024131,4
956,glm_5_2_max,44.88889542751118,5
956,gemini_3_1_pro_high,43.533801668040724,6
956,gpt_5_5_xhigh,41.737899077650574,7
956,claude_opus_4_8_max,31.431680497460697,8
956,gpt_5_6_sol_max,27.745563238518134,9
956,deepseek_v4_pro_max,24.180216670305853,10
957,qwen3_8_max,73.71222868710899,1
957,kimi_k3_max,62.125704557932835,2
957,gpt_5_5_xhigh,58.38602179264408,3
957,deepseek_v4_flash_max,47.04110254235805,4
957,claude_opus_4_8_max,46.65251574719106,5
957,glm_5_2_max,45.169585415403304,6
957,deepseek_v4_pro_max,42.087469136631604,7
957,claude_fable_5_max,39.64829996454536,8
957,gpt_5_6_sol_max,39.59003295898576,9
957,gemini_3_1_pro_high,37.09502508859562,10
958,claude_fable_5_max,81.1459800372497,1
958,deepseek_v4_pro_max,58.57852073313997,2
958,gpt_5_6_sol_max,37.585314189744025,3
958,glm_5_2_max,34.06143716545719,4
958,gpt_5_5_xhigh,29.85440021889226,5
958,deepseek_v4_flash_max,28.206187003138705,6
958,qwen3_8_max,24.89128661351055,7
958,claude_opus_4_8_max,24.601549649268904,8
958,gemini_3_1_pro_high,23.084398827184373,9
958,kimi_k3_max,20.73664586446568,10
959,deepseek_v4_flash_max,78.27954856923921,1
959,gpt_5_6_sol_max,66.39079374629435,2
959,deepseek_v4_pro_max,62.80901819153557,3
959,claude_fable_5_max,60.97639230147784,4
959,gpt_5_5_xhigh,57.67293768138472,5
959,kimi_k3_max,52.029741744404404,6
959,qwen3_8_max,41.09946103023269,7
959,glm_5_2_max,38.64763646866138,8
959,gemini_3_1_pro_high,33.45702082367167,9
959,claude_opus_4_8_max,30.72205054945786,10
960,glm_5_2_max,59.78320862440107,1
960,gpt_5_6_sol_max,55.88932639827521,2
960,deepseek_v4_flash_max,55.44210273440342,3
960,claude_opus_4_8_max,48.05635940202783,4
960,claude_fable_5_max,47.49866343486822,5
960,qwen3_8_max,38.893552593004316,6
960,gemini_3_1_pro_high,38.55404640730892,7
960,kimi_k3_max,37.85832845546726,8
960,gpt_5_5_xhigh,34.326060905460935,9
960,deepseek_v4_pro_max,26.695196923115393,10
961,deepseek_v4_flash_max,88.98167775285032,1
961,qwen3_8_max,61.86036064589492,2
961,claude_fable_5_max,59.66783571862425,3
961,claude_opus_4_8_max,55.04595042884113,4
961,kimi_k3_max,50.45985797125756,5
961,gpt_5_5_xhigh,49.651413825992186,6
961,gemini_3_1_pro_high,45.53368697804582,7
961,gpt_5_6_sol_max,30.70052890610069,8
961,glm_5_2_max,30.57750340694617,9
961,deepseek_v4_pro_max,13.236534101064718,10
962,deepseek_v4_pro_max,71.11828184658323,1
962,kimi_k3_max,69.35232987880121,2
962,claude_opus_4_8_max,63.113752599837376,3
962,glm_5_2_max,60.25783523703435,4
962,deepseek_v4_flash_max,53.80130164600016,5
962,qwen3_8_max,46.227543547214154,6
962,claude_fable_5_max,45.316217090770536,7
962,gpt_5_6_sol_max,35.9314424154311,8
962,gpt_5_5_xhigh,26.770291725904073,9
962,gemini_3_1_pro_high,23.944090648798614,10
963,gemini_3_1_pro_high,68.34640674055171,1
963,kimi_k3_max,67.53358505377885,2
963,deepseek_v4_flash_max,47.47679135908696,3
963,claude_fable_5_max,46.07606498832548,4
963,qwen3_8_max,42.65764577748702,5
963,gpt_5_6_sol_max,40.53428085591598,6
963,claude_opus_4_8_max,39.960120743082484,7
963,gpt_5_5_xhigh,31.99242421151721,8
963,glm_5_2_max,27.276463983577614,9
963,deepseek_v4_pro_max,17.705139032008894,10
964,claude_fable_5_max,60.92193010631338,1
964,deepseek_v4_pro_max,56.42706053539006,2
964,qwen3_8_max,55.30655516448142,3
964,claude_opus_4_8_max,50.19929398949308,4
964,deepseek_v4_flash_max,46.887024498221486,5
964,gpt_5_5_xhigh,41.51265041990774,6
964,gpt_5_6_sol_max,40.80546630872396,7
964,kimi_k3_max,37.87511901486834,8
964,glm_5_2_max,34.42854488558609,9
964,gemini_3_1_pro_high,24.047066229870886,10
965,qwen3_8_max,68.88267293273877,1
965,deepseek_v4_flash_max,64.03932957198091,2
965,glm_5_2_max,61.649548149302916,3
965,claude_opus_4_8_max,61.053835598029686,4
965,gemini_3_1_pro_high,57.393352896526316,5
965,gpt_5_5_xhigh,51.32603719433883,6
965,kimi_k3_max,43.12137595383403,7
965,gpt_5_6_sol_max,31.416571636698276,8
965,claude_fable_5_max,29.406729475397228,9
965,deepseek_v4_pro_max,11.765319864033765,10
966,gpt_5_5_xhigh,73.19538548066893,1
966,kimi_k3_max,63.04540060219124,2
966,deepseek_v4_flash_max,60.189363004356835,3
966,claude_opus_4_8_max,53.05862986815789,4
966,gpt_5_6_sol_max,42.65663241230388,5
966,glm_5_2_max,39.77986879586686,6
966,claude_fable_5_max,38.59060531953904,7
966,qwen3_8_max,35.58925054531646,8
966,gemini_3_1_pro_high,31.13495540329602,9
966,deepseek_v4_pro_max,30.66731542956689,10
967,qwen3_8_max,60.785697787962505,1
967,gpt_5_5_xhigh,58.51390508913811,2
967,deepseek_v4_pro_max,57.90177174801829,3
967,claude_opus_4_8_max,55.21698680958275,4
967,gpt_5_6_sol_max,49.05400445021641,5
967,claude_fable_5_max,46.063132212276415,6
967,deepseek_v4_flash_max,45.030562840028566,7
967,glm_5_2_max,43.509092258934245,8
967,gemini_3_1_pro_high,41.028547296167076,9
967,kimi_k3_max,40.43119171593941,10
968,claude_fable_5_max,76.67074034048427,1
968,deepseek_v4_pro_max,60.99237967632179,2
968,gpt_5_6_sol_max,56.052803911431354,3
968,kimi_k3_max,43.802813420808214,4
968,claude_opus_4_8_max,42.509085734837186,5
968,deepseek_v4_flash_max,37.355701313414315,6
968,qwen3_8_max,34.93839235100219,7
968,glm_5_2_max,31.052500783830677,8
968,gpt_5_5_xhigh,29.227074552674296,9
968,gemini_3_1_pro_high,18.889855024716503,10
969,deepseek_v4_pro_max,90.11473942887402,1
969,claude_fable_5_max,59.776194662084094,2
969,qwen3_8_max,55.54684437350153,3
969,gpt_5_6_sol_max,51.88641827738559,4
969,gpt_5_5_xhigh,50.43049494697703,5
969,gemini_3_1_pro_high,48.501437426262214,6
969,claude_opus_4_8_max,46.984638481416305,7
969,glm_5_2_max,43.83467931739294,8
969,kimi_k3_max,25.380271131239226,9
969,deepseek_v4_flash_max,21.839478411363892,10
970,deepseek_v4_pro_max,90.44931895335728,1
970,gpt_5_5_xhigh,52.96573947409797,2
970,glm_5_2_max,47.86686983172951,3
970,gpt_5_6_sol_max,46.306284042119756,4
970,gemini_3_1_pro_high,41.955058152226364,5
970,kimi_k3_max,39.19871998117788,6
970,claude_fable_5_max,35.382592668666895,7
970,claude_opus_4_8_max,33.7689712738916,8
970,qwen3_8_max,23.985479827117302,9
970,deepseek_v4_flash_max,22.311811936545787,10
971,claude_fable_5_max,77.12953494309998,1
971,glm_5_2_max,49.82745593103647,2
971,gpt_5_5_xhigh,44.51494817938005,3
971,deepseek_v4_flash_max,42.80573278593903,4
971,qwen3_8_max,39.75773543756782,5
971,gemini_3_1_pro_high,38.26069674182842,6
971,claude_opus_4_8_max,36.298599541865336,7
971,gpt_5_6_sol_max,34.89690384470901,8
971,kimi_k3_max,34.29818288656601,9
971,deepseek_v4_pro_max,26.02039568491292,10
972,deepseek_v4_flash_max,79.71374256756613,1
972,qwen3_8_max,71.07343688981821,2
972,kimi_k3_max,59.03874448498104,3
972,gpt_5_6_sol_max,57.67906626672201,4
972,gemini_3_1_pro_high,54.03800614332067,5
972,gpt_5_5_xhigh,53.09543652308707,6
972,glm_5_2_max,50.47397136497537,7
972,claude_fable_5_max,39.76731677876101,8
972,claude_opus_4_8_max,32.16566122611003,9
972,deepseek_v4_pro_max,20.679938476152095,10
973,gemini_3_1_pro_high,75.05978092979036,1
973,kimi_k3_max,72.65274389376756,2
973,gpt_5_6_sol_max,69.14382778214947,3
973,glm_5_2_max,58.20007197804667,4
973,gpt_5_5_xhigh,57.64382332247257,5
973,deepseek_v4_flash_max,55.165234524544275,6
973,claude_opus_4_8_max,52.93746703418576,7
973,qwen3_8_max,45.062330566581615,8
973,claude_fable_5_max,44.169924612704435,9
973,deepseek_v4_pro_max,40.499035140786035,10
974,deepseek_v4_pro_max,87.25852282597016,1
974,gpt_5_6_sol_max,52.86022931234083,2
974,gpt_5_5_xhigh,50.93817218756617,3
974,gemini_3_1_pro_high,49.34750226258641,4
974,claude_fable_5_max,48.855137224112,5
974,claude_opus_4_8_max,48.21097952897877,6
974,qwen3_8_max,44.43153433330147,7
974,kimi_k3_max,41.69365702483056,8
974,glm_5_2_max,30.665627860005458,9
974,deepseek_v4_flash_max,17.254421763458335,10
975,claude_fable_5_max,81.17464347962161,1
975,gemini_3_1_pro_high,77.96657507002882,2
975,qwen3_8_max,64.2051262985811,3
975,kimi_k3_max,56.101726498974855,4
975,glm_5_2_max,50.631770499998396,5
975,gpt_5_6_sol_max,47.33183473451844,6
975,gpt_5_5_xhigh,35.303064400486335,7
975,claude_opus_4_8_max,32.916320391777056,8
975,deepseek_v4_pro_max,29.127528546908497,9
975,deepseek_v4_flash_max,26.567952786279783,10
976,gpt_5_6_sol_max,70.93690555088001,1
976,gemini_3_1_pro_high,69.8601414529246,2
976,claude_opus_4_8_max,63.88155537436195,3
976,claude_fable_5_max,61.643151474211265,4
976,gpt_5_5_xhigh,59.24328770127314,5
976,deepseek_v4_pro_max,57.280474240087415,6
976,qwen3_8_max,50.92439662931202,7
976,deepseek_v4_flash_max,34.77522474108267,8
976,glm_5_2_max,18.87372633857481,9
976,kimi_k3_max,17.21915781433014,10
977,claude_fable_5_max,71.72084292028839,1
977,deepseek_v4_flash_max,53.365207109785516,2
977,claude_opus_4_8_max,52.16525595326334,3
977,gpt_5_5_xhigh,51.37979332186664,4
977,gemini_3_1_pro_high,44.221631932892976,5
977,qwen3_8_max,43.684201306868204,6
977,deepseek_v4_pro_max,42.860986049698454,7
977,glm_5_2_max,42.435197398738396,8
977,gpt_5_6_sol_max,38.728997623639714,9
977,kimi_k3_max,26.95361401269601,10
978,claude_fable_5_max,76.25793886151561,1
978,gpt_5_6_sol_max,75.09361216802624,2
978,deepseek_v4_flash_max,65.74027592837561,3
978,kimi_k3_max,58.10278798104794,4
978,glm_5_2_max,56.408188973233734,5
978,gpt_5_5_xhigh,45.71415466137597,6
978,claude_opus_4_8_max,39.735882823463996,7
978,gemini_3_1_pro_high,38.57123951218482,8
978,deepseek_v4_pro_max,38.2245457080911,9
978,qwen3_8_max,35.829245763363616,10
979,deepseek_v4_pro_max,73.731065658873,1
979,claude_fable_5_max,69.18989335295416,2
979,claude_opus_4_8_max,57.18517186903333,3
979,gemini_3_1_pro_high,51.49897204143722,4
979,gpt_5_6_sol_max,46.925586304167666,5
979,qwen3_8_max,43.768262867070824,6
979,deepseek_v4_flash_max,40.257302459362826,7
979,kimi_k3_max,38.16529097846421,8
979,gpt_5_5_xhigh,35.31430568598171,9
979,glm_5_2_max,24.49395793787234,10
980,claude_opus_4_8_max,74.97743439531027,1
980,kimi_k3_max,72.82637805298688,2
980,gemini_3_1_pro_high,68.79162744255625,3
980,qwen3_8_max,60.13734263804686,4
980,deepseek_v4_pro_max,59.7285199718324,5
980,claude_fable_5_max,58.59011114248071,6
980,gpt_5_5_xhigh,40.89152597823856,7
980,glm_5_2_max,36.86071007578413,8
980,gpt_5_6_sol_max,35.61962280210174,9
980,deepseek_v4_flash_max,32.226910631657866,10
981,deepseek_v4_pro_max,71.66379711742765,1
981,gpt_5_6_sol_max,55.33172057379665,2
981,kimi_k3_max,54.96309530792152,3
981,gpt_5_5_xhigh,53.81036844084127,4
981,qwen3_8_max,53.479733446518935,5
981,gemini_3_1_pro_high,52.24826246915848,6
981,glm_5_2_max,45.26500653927063,7
981,claude_fable_5_max,37.607977535011955,8
981,claude_opus_4_8_max,37.027613545858046,9
981,deepseek_v4_flash_max,35.99050470387672,10
982,gpt_5_5_xhigh,72.04585118637381,1
982,deepseek_v4_pro_max,67.65790333320821,2
982,gemini_3_1_pro_high,58.24892228004789,3
982,qwen3_8_max,56.342419341906684,4
982,gpt_5_6_sol_max,55.25747375666223,5
982,kimi_k3_max,46.285815086373475,6
982,claude_fable_5_max,43.34659069514992,7
982,claude_opus_4_8_max,37.89702351157419,8
982,glm_5_2_max,37.73630529791087,9
982,deepseek_v4_flash_max,24.35406773459396,10
983,claude_fable_5_max,91.61033061202879,1
983,deepseek_v4_flash_max,60.75305657069182,2
983,qwen3_8_max,49.52187911964102,3
983,glm_5_2_max,46.42198282319009,4
983,claude_opus_4_8_max,42.92358716453124,5
983,kimi_k3_max,36.934321879733645,6
983,deepseek_v4_pro_max,35.54696595669673,7
983,gpt_5_5_xhigh,32.333403710655965,8
983,gpt_5_6_sol_max,28.510437643032358,9
983,gemini_3_1_pro_high,18.180680931205366,10
984,claude_fable_5_max,79.03623896716886,1
984,claude_opus_4_8_max,66.09808595263601,2
984,qwen3_8_max,54.05050602093476,3
984,gpt_5_5_xhigh,41.32528201128973,4
984,gpt_5_6_sol_max,41.051619530852506,5
984,gemini_3_1_pro_high,39.379888249354536,6
984,deepseek_v4_pro_max,37.630636577901896,7
984,glm_5_2_max,23.837520891837663,8
984,kimi_k3_max,21.752936501586092,9
984,deepseek_v4_flash_max,6.464043930113833,10
985,deepseek_v4_pro_max,62.546192822435415,1
985,kimi_k3_max,58.4031669324259,2
985,gpt_5_6_sol_max,54.26451610545563,3
985,qwen3_8_max,52.43725727295025,4
985,gpt_5_5_xhigh,42.32115831690244,5
985,claude_opus_4_8_max,41.07171172200798,6
985,deepseek_v4_flash_max,39.19936117898091,7
985,claude_fable_5_max,34.287300959486856,8
985,gemini_3_1_pro_high,31.872455034397394,9
985,glm_5_2_max,15.6064653087695,10
986,claude_fable_5_max,77.38102516916413,1
986,gemini_3_1_pro_high,61.722060463248546,2
986,glm_5_2_max,49.22132048708623,3
986,claude_opus_4_8_max,48.260169503440615,4
986,qwen3_8_max,46.72045024910433,5
986,deepseek_v4_pro_max,42.85289079072619,6
986,kimi_k3_max,41.95023512544108,7
986,gpt_5_5_xhigh,39.03960461893198,8
986,deepseek_v4_flash_max,34.35884868821218,9
986,gpt_5_6_sol_max,32.26881069033203,10
987,glm_5_2_max,74.64652947356109,1
987,kimi_k3_max,61.897808029855504,2
987,gpt_5_5_xhigh,55.522220599285184,3
987,deepseek_v4_flash_max,52.421844305743406,4
987,deepseek_v4_pro_max,52.214153762927786,5
987,gpt_5_6_sol_max,50.04176716888513,6
987,claude_opus_4_8_max,42.71692904038419,7
987,gemini_3_1_pro_high,29.228063832935543,8
987,qwen3_8_max,26.219264329812688,9
987,claude_fable_5_max,20.24183431912047,10
988,deepseek_v4_flash_max,86.90757533496142,1
988,gemini_3_1_pro_high,70.55253046117414,2
988,glm_5_2_max,64.0210726992689,3
988,gpt_5_6_sol_max,53.07044507230214,4
988,kimi_k3_max,48.98372467276839,5
988,gpt_5_5_xhigh,46.486013761453506,6
988,claude_fable_5_max,45.81425439062261,7
988,qwen3_8_max,38.394146636671806,8
988,claude_opus_4_8_max,34.07313826090935,9
988,deepseek_v4_pro_max,18.22700837245338,10
989,glm_5_2_max,73.95782143863873,1
989,qwen3_8_max,65.05050157613255,2
989,kimi_k3_max,61.92239251301523,3
989,gpt_5_6_sol_max,61.894517118889354,4
989,claude_opus_4_8_max,57.35847832110579,5
989,gpt_5_5_xhigh,56.10259175493742,6
989,deepseek_v4_flash_max,51.57338733755476,7
989,claude_fable_5_max,51.27010219331094,8
989,gemini_3_1_pro_high,46.166983813792584,9
989,deepseek_v4_pro_max,24.92935819289011,10
990,kimi_k3_max,71.84239641185626,1
990,deepseek_v4_flash_max,70.87339967490156,2
990,claude_opus_4_8_max,50.29120139080817,3
990,gemini_3_1_pro_high,49.61966037649854,4
990,gpt_5_6_sol_max,48.637026489584144,5
990,claude_fable_5_max,43.0810359811219,6
990,qwen3_8_max,39.09113450999689,7
990,glm_5_2_max,37.88667370867587,8
990,deepseek_v4_pro_max,33.52474175543379,9
990,gpt_5_5_xhigh,29.887376680295535,10
991,claude_fable_5_max,78.1531260114679,1
991,deepseek_v4_pro_max,59.87245105438092,2
991,claude_opus_4_8_max,40.473646043917064,3
991,gpt_5_5_xhigh,38.78538452312788,4
991,kimi_k3_max,37.38573635503403,5
991,qwen3_8_max,34.956221426611656,6
991,glm_5_2_max,27.995724442565205,7
991,gpt_5_6_sol_max,26.80269394486725,8
991,gemini_3_1_pro_high,22.788399425731974,9
991,deepseek_v4_flash_max,19.303340509351,10
992,deepseek_v4_flash_max,68.29397119058272,1
992,claude_opus_4_8_max,64.22817002139224,2
992,qwen3_8_max,60.60237477418725,3
992,kimi_k3_max,47.457719279801786,4
992,gpt_5_6_sol_max,47.455817581560716,5
992,deepseek_v4_pro_max,47.312912539331684,6
992,glm_5_2_max,46.88487354253291,7
992,gpt_5_5_xhigh,45.86301183220307,8
992,claude_fable_5_max,42.42711591521973,9
992,gemini_3_1_pro_high,33.78431420590686,10
993,claude_fable_5_max,77.03045573554162,1
993,qwen3_8_max,55.115883046125134,2
993,gpt_5_6_sol_max,53.810309817669264,3
993,deepseek_v4_flash_max,46.43919211285129,4
993,kimi_k3_max,41.698827298979516,5
993,gpt_5_5_xhigh,41.206818920975515,6
993,claude_opus_4_8_max,40.645676539214804,7
993,deepseek_v4_pro_max,22.892577699119663,8
993,gemini_3_1_pro_high,18.244158162015,9
993,glm_5_2_max,17.522211558652106,10
994,kimi_k3_max,75.08460282216542,1
994,claude_fable_5_max,72.1848666160677,2
994,qwen3_8_max,65.50366539295585,3
994,gpt_5_6_sol_max,63.46843670043231,4
994,deepseek_v4_pro_max,59.32364851540173,5
994,gpt_5_5_xhigh,59.10264170606261,6
994,claude_opus_4_8_max,56.40024480254875,7
994,deepseek_v4_flash_max,54.24670995950203,8
994,gemini_3_1_pro_high,48.21310480304948,9
994,glm_5_2_max,28.675772108947726,10
995,claude_fable_5_max,71.80798339630819,1
995,gpt_5_5_xhigh,58.505599726384354,2
995,deepseek_v4_pro_max,52.23103856412089,3
995,kimi_k3_max,48.962481719057905,4
995,deepseek_v4_flash_max,47.52285683512627,5
995,qwen3_8_max,45.74131881697339,6
995,gemini_3_1_pro_high,44.76256271837063,7
995,glm_5_2_max,37.10140920573561,8
995,claude_opus_4_8_max,36.84000041190099,9
995,gpt_5_6_sol_max,21.93800178574909,10
996,deepseek_v4_pro_max,60.159813026012735,1
996,gemini_3_1_pro_high,58.01243430452716,2
996,claude_opus_4_8_max,48.93238830243595,3
996,glm_5_2_max,48.842557844735964,4
996,gpt_5_6_sol_max,46.23977748994082,5
996,claude_fable_5_max,44.625726341274785,6
996,kimi_k3_max,43.23498559375627,7
996,gpt_5_5_xhigh,35.98593712550726,8
996,deepseek_v4_flash_max,35.74413909153168,9
996,qwen3_8_max,27.22139343989546,10
997,gemini_3_1_pro_high,79.52792386702468,1
997,claude_fable_5_max,65.67075746393975,2
997,qwen3_8_max,48.35166157842234,3
997,gpt_5_5_xhigh,39.9290075336713,4
997,deepseek_v4_flash_max,36.31833320521861,5
997,claude_opus_4_8_max,35.84024547399786,6
997,kimi_k3_max,34.17444317566614,7
997,gpt_5_6_sol_max,28.554526237987115,8
997,glm_5_2_max,24.975456649918833,9
997,deepseek_v4_pro_max,22.350675228724057,10
998,deepseek_v4_pro_max,72.1827603324592,1
998,glm_5_2_max,56.18828105714199,2
998,claude_opus_4_8_max,41.55583027296648,3
998,gpt_5_6_sol_max,36.21590170181372,4
998,gemini_3_1_pro_high,35.50692889056004,5
998,gpt_5_5_xhigh,34.62651552771496,6
998,claude_fable_5_max,32.644972247862015,7
998,kimi_k3_max,25.338152653575513,8
998,deepseek_v4_flash_max,20.614196979734956,9
998,qwen3_8_max,10.413047077182046,10
999,claude_fable_5_max,86.81849610649562,1
999,qwen3_8_max,71.59377496492331,2
999,gpt_5_5_xhigh,65.07992181527837,3
999,glm_5_2_max,63.02675516825266,4
999,gemini_3_1_pro_high,57.52794055125288,5
999,gpt_5_6_sol_max,49.34969338175286,6
999,kimi_k3_max,42.5864859898367,7
999,deepseek_v4_pro_max,42.56558051779387,8
999,claude_opus_4_8_max,36.74490329729138,9
999,deepseek_v4_flash_max,35.78426925532068,10
1000,claude_fable_5_max,78.45949592727905,1
1000,deepseek_v4_pro_max,68.73410814647961,2
1000,gpt_5_6_sol_max,63.884096302192475,3
1000,claude_opus_4_8_max,62.097470042446666,4
1000,gpt_5_5_xhigh,48.273094051816116,5
1000,qwen3_8_max,46.239708036602615,6
1000,kimi_k3_max,45.72893472430181,7
1000,gemini_3_1_pro_high,45.518933249121424,8
1000,glm_5_2_max,45.48726425121009,9
1000,deepseek_v4_flash_max,27.36532401086229,10
1001,claude_fable_5_max,76.15250974697764,1
1001,claude_opus_4_8_max,66.58454129646113,2
1001,deepseek_v4_flash_max,63.95632879919282,3
1001,glm_5_2_max,56.92775903981846,4
1001,gpt_5_6_sol_max,50.83551599009552,5
1001,gpt_5_5_xhigh,50.39918810582419,6
1001,deepseek_v4_pro_max,48.40678762298933,7
1001,kimi_k3_max,44.02059167536149,8
1001,qwen3_8_max,29.428221867333946,9
1001,gemini_3_1_pro_high,23.83400518318704,10
1002,claude_fable_5_max,75.08391171660959,1
1002,deepseek_v4_pro_max,62.68301276695135,2
1002,kimi_k3_max,45.6000134208379,3
1002,claude_opus_4_8_max,37.27108338468215,4
1002,gpt_5_6_sol_max,36.35341147269727,5
1002,gpt_5_5_xhigh,33.22259793381848,6
1002,glm_5_2_max,33.08291178287379,7
1002,gemini_3_1_pro_high,30.060485840958442,8
1002,qwen3_8_max,23.895847126587654,9
1002,deepseek_v4_flash_max,19.567163027687087,10
1003,gpt_5_5_xhigh,76.51963528925683,1
1003,claude_opus_4_8_max,76.51567206425624,2
1003,gpt_5_6_sol_max,75.04400269405228,3
1003,glm_5_2_max,73.77908266760011,4
1003,kimi_k3_max,51.46292825007526,5
1003,deepseek_v4_pro_max,49.656606024180775,6
1003,qwen3_8_max,44.30380022841666,7
1003,gemini_3_1_pro_high,43.27711828895152,8
1003,claude_fable_5_max,26.04542397296577,9
1003,deepseek_v4_flash_max,8.135270612478518,10
1004,kimi_k3_max,80.59081618522309,1
1004,claude_fable_5_max,70.19277434251677,2
1004,qwen3_8_max,65.01177890938462,3
1004,gemini_3_1_pro_high,57.121602378821876,4
1004,deepseek_v4_pro_max,56.36731462937642,5
1004,claude_opus_4_8_max,39.98128285440579,6
1004,gpt_5_6_sol_max,38.561246223182415,7
1004,glm_5_2_max,37.861927496546414,8
1004,gpt_5_5_xhigh,36.32840436906642,9
1004,deepseek_v4_flash_max,28.92955426454086,10
1005,deepseek_v4_flash_max,68.39659475481795,1
1005,claude_opus_4_8_max,67.56733825063111,2
1005,gpt_5_6_sol_max,64.4877218719328,3
1005,kimi_k3_max,61.6836191170519,4
1005,claude_fable_5_max,56.09091655117093,5
1005,glm_5_2_max,55.87325119870473,6
1005,qwen3_8_max,54.37919898823853,7
1005,gpt_5_5_xhigh,47.016279367386794,8
1005,gemini_3_1_pro_high,29.710825540373037,9
1005,deepseek_v4_pro_max,25.5361159545777,10
1006,gpt_5_6_sol_max,67.19982665256636,1
1006,gemini_3_1_pro_high,66.18696159458567,2
1006,claude_fable_5_max,65.65419667757934,3
1006,kimi_k3_max,62.686477803376874,4
1006,claude_opus_4_8_max,62.12066289498883,5
1006,gpt_5_5_xhigh,47.88237567526963,6
1006,glm_5_2_max,47.62272421190466,7
1006,deepseek_v4_flash_max,42.42744804975216,8
1006,qwen3_8_max,33.71173294823014,9
1006,deepseek_v4_pro_max,12.735087257303478,10
1007,deepseek_v4_flash_max,76.92724872190053,1
1007,gpt_5_6_sol_max,71.69757901332406,2
1007,glm_5_2_max,67.78294107839054,3
1007,claude_opus_4_8_max,67.65825548442629,4
1007,gpt_5_5_xhigh,67.62370347577058,5
1007,kimi_k3_max,64.46043167638233,6
1007,gemini_3_1_pro_high,57.43540973480927,7
1007,qwen3_8_max,49.791563480434164,8
1007,claude_fable_5_max,41.11695393178199,9
1007,deepseek_v4_pro_max,11.317368160347389,10
1008,gpt_5_5_xhigh,70.76216159444641,1
1008,deepseek_v4_pro_max,67.11849353167307,2
1008,gemini_3_1_pro_high,63.890156692881796,3
1008,gpt_5_6_sol_max,56.55142268062349,4
1008,glm_5_2_max,55.47514266701639,5
1008,kimi_k3_max,49.905852908370974,6
1008,qwen3_8_max,49.246576359994535,7
1008,deepseek_v4_flash_max,43.04484151414942,8
1008,claude_opus_4_8_max,34.06548124985204,9
1008,claude_fable_5_max,15.664859806462017,10
1009,deepseek_v4_flash_max,75.31694405017227,1
1009,glm_5_2_max,61.71625234207505,2
1009,gpt_5_5_xhigh,59.366762006139965,3
1009,gpt_5_6_sol_max,59.16613492361371,4
1009,claude_opus_4_8_max,54.90784196738372,5
1009,claude_fable_5_max,54.58678926700717,6
1009,kimi_k3_max,39.135632417464535,7
1009,qwen3_8_max,32.983453705430925,8
1009,deepseek_v4_pro_max,32.1661153731573,9
1009,gemini_3_1_pro_high,26.446664056393875,10
1010,gpt_5_6_sol_max,77.70218992888556,1
1010,deepseek_v4_pro_max,59.929199482496514,2
1010,glm_5_2_max,55.84160528850696,3
1010,gemini_3_1_pro_high,55.80283700253216,4
1010,claude_fable_5_max,48.37810745560873,5
1010,qwen3_8_max,48.193720562824964,6
1010,claude_opus_4_8_max,47.93353281072234,7
1010,kimi_k3_max,42.14970028330883,8
1010,deepseek_v4_flash_max,27.56744759778727,9
1010,gpt_5_5_xhigh,18.4661507823964,10
1011,claude_fable_5_max,77.53459015107093,1
1011,kimi_k3_max,43.810132811231604,2
1011,claude_opus_4_8_max,42.675325198738555,3
1011,gpt_5_6_sol_max,42.442559491901534,4
1011,gpt_5_5_xhigh,41.66870952027951,5
1011,gemini_3_1_pro_high,35.413130174132014,6
1011,deepseek_v4_flash_max,31.404390976194104,7
1011,glm_5_2_max,28.837425436250783,8
1011,qwen3_8_max,24.49999455726711,9
1011,deepseek_v4_pro_max,21.95595799836756,10
1012,gemini_3_1_pro_high,67.72972499960815,1
1012,claude_opus_4_8_max,64.92063882969805,2
1012,gpt_5_5_xhigh,56.596650836724685,3
1012,kimi_k3_max,53.98638674542325,4
1012,deepseek_v4_flash_max,50.7848170798122,5
1012,qwen3_8_max,50.11669776887398,6
1012,gpt_5_6_sol_max,48.433915185362864,7
1012,claude_fable_5_max,46.27315984388983,8
1012,glm_5_2_max,41.94139592860026,9
1012,deepseek_v4_pro_max,36.580694679973305,10
1013,claude_opus_4_8_max,65.063685487469,1
1013,claude_fable_5_max,62.8647094271832,2
1013,gpt_5_6_sol_max,60.54755277158101,3
1013,kimi_k3_max,58.54991136174656,4
1013,qwen3_8_max,57.42747429151892,5
1013,gpt_5_5_xhigh,49.476501320016325,6
1013,deepseek_v4_flash_max,46.65840606406462,7
1013,gemini_3_1_pro_high,40.33170515410642,8
1013,deepseek_v4_pro_max,34.44849583805819,9
1013,glm_5_2_max,28.90393034070409,10
1014,claude_fable_5_max,83.13501828667502,1
1014,gpt_5_6_sol_max,53.107397444049965,2
1014,gemini_3_1_pro_high,42.659311858561495,3
1014,gpt_5_5_xhigh,34.56231790115676,4
1014,kimi_k3_max,34.18223319766769,5
1014,claude_opus_4_8_max,33.08875408163482,6
1014,qwen3_8_max,33.00909409608834,7
1014,deepseek_v4_flash_max,27.159366698155992,8
1014,deepseek_v4_pro_max,25.94790501942807,9
1014,glm_5_2_max,14.349201514249817,10
1015,claude_fable_5_max,67.94060479193502,1
1015,deepseek_v4_flash_max,61.9278410627802,2
1015,claude_opus_4_8_max,57.92622871809253,3
1015,qwen3_8_max,57.56018617194588,4
1015,gpt_5_6_sol_max,56.32928013696122,5
1015,gemini_3_1_pro_high,52.881678519335026,6
1015,kimi_k3_max,46.84112859536044,7
1015,gpt_5_5_xhigh,43.361283160338544,8
1015,glm_5_2_max,41.50461749070859,9
1015,deepseek_v4_pro_max,36.38681232553877,10
1016,gpt_5_5_xhigh,64.64526265538055,1
1016,kimi_k3_max,63.350891122787715,2
1016,deepseek_v4_pro_max,61.274435525373235,3
1016,glm_5_2_max,54.022837076937506,4
1016,qwen3_8_max,46.508102083153275,5
1016,deepseek_v4_flash_max,44.983287826017104,6
1016,claude_opus_4_8_max,43.84197977747605,7
1016,gpt_5_6_sol_max,42.90249358213486,8
1016,gemini_3_1_pro_high,30.35957114713367,9
1016,claude_fable_5_max,27.642625026288293,10
1017,kimi_k3_max,73.20143693636064,1
1017,claude_fable_5_max,63.71080118149824,2
1017,qwen3_8_max,59.09379739280797,3
1017,gpt_5_5_xhigh,45.46305675625376,4
1017,claude_opus_4_8_max,43.046060499981074,5
1017,deepseek_v4_pro_max,33.90872083180165,6
1017,gemini_3_1_pro_high,31.87564058248754,7
1017,glm_5_2_max,27.807180074233784,8
1017,gpt_5_6_sol_max,26.540999020757667,9
1017,deepseek_v4_flash_max,25.30508453795908,10
1018,gpt_5_6_sol_max,71.13063770122393,1
1018,gpt_5_5_xhigh,62.15139091174163,2
1018,gemini_3_1_pro_high,59.958025943499536,3
1018,claude_fable_5_max,54.805858941157894,4
1018,qwen3_8_max,47.61204926343747,5
1018,deepseek_v4_flash_max,37.97965912858908,6
1018,claude_opus_4_8_max,32.46539364366995,7
1018,kimi_k3_max,27.07706557993374,8
1018,glm_5_2_max,25.293069158317827,9
1018,deepseek_v4_pro_max,24.790920228856162,10
1019,claude_opus_4_8_max,68.26819092658815,1
1019,gemini_3_1_pro_high,65.82105410387261,2
1019,glm_5_2_max,63.35616367929274,3
1019,deepseek_v4_pro_max,51.09906824403001,4
1019,deepseek_v4_flash_max,48.92481680610399,5
1019,claude_fable_5_max,40.52478046374245,6
1019,gpt_5_5_xhigh,39.507105227059526,7
1019,qwen3_8_max,37.596030030470004,8
1019,kimi_k3_max,26.76517919498257,9
1019,gpt_5_6_sol_max,26.14477042881127,10
1020,claude_fable_5_max,67.18322246609885,1
1020,gemini_3_1_pro_high,53.37693901550002,2
1020,gpt_5_5_xhigh,41.43287278568263,3
1020,qwen3_8_max,38.7556869071364,4
1020,deepseek_v4_flash_max,38.584596057190204,5
1020,glm_5_2_max,34.89369216209166,6
1020,claude_opus_4_8_max,24.22044434101322,7
1020,gpt_5_6_sol_max,19.796832044393657,8
1020,kimi_k3_max,14.903018612255726,9
1020,deepseek_v4_pro_max,12.447453123740983,10
1021,claude_fable_5_max,73.7337335176313,1
1021,gemini_3_1_pro_high,52.32566092426021,2
1021,qwen3_8_max,50.76395062875586,3
1021,deepseek_v4_flash_max,48.171112634416396,4
1021,gpt_5_5_xhigh,45.3483762775596,5
1021,kimi_k3_max,40.18270936210945,6
1021,claude_opus_4_8_max,40.116509009613594,7
1021,deepseek_v4_pro_max,30.62475811617462,8
1021,glm_5_2_max,30.52511157730845,9
1021,gpt_5_6_sol_max,29.660915068480804,10
1022,deepseek_v4_pro_max,73.61980292230345,1
1022,glm_5_2_max,60.91943783429819,2
1022,gpt_5_6_sol_max,59.22762498261881,3
1022,gpt_5_5_xhigh,55.93154619555682,4
1022,claude_opus_4_8_max,52.20242033799262,5
1022,qwen3_8_max,44.72704194618566,6
1022,claude_fable_5_max,40.53837686830139,7
1022,kimi_k3_max,38.22103359958321,8
1022,gemini_3_1_pro_high,26.135275002868113,9
1022,deepseek_v4_flash_max,21.146247776166835,10
1023,deepseek_v4_pro_max,75.67695367475511,1
1023,gpt_5_6_sol_max,59.725745803018555,2
1023,kimi_k3_max,52.485000450610364,3
1023,gpt_5_5_xhigh,51.42667210905353,4
1023,claude_fable_5_max,47.539832694172745,5
1023,gemini_3_1_pro_high,45.50483014378837,6
1023,qwen3_8_max,42.84957606110659,7
1023,claude_opus_4_8_max,37.79457745206304,8
1023,deepseek_v4_flash_max,37.551286846374104,9
1023,glm_5_2_max,31.810796998224724,10
1024,deepseek_v4_pro_max,91.05570369409602,1
1024,claude_fable_5_max,68.83939541183128,2
1024,glm_5_2_max,67.02466545387713,3
1024,kimi_k3_max,64.62118493765132,4
1024,gpt_5_5_xhigh,57.76529448617065,5
1024,gpt_5_6_sol_max,48.911145812286414,6
1024,claude_opus_4_8_max,44.808544803641745,7
1024,gemini_3_1_pro_high,41.47953960633183,8
1024,qwen3_8_max,37.922630671205425,9
1024,deepseek_v4_flash_max,21.49529285891264,10
1025,claude_fable_5_max,77.32443912584691,1
1025,deepseek_v4_pro_max,62.112929482833536,2
1025,qwen3_8_max,54.09863548809479,3
1025,gemini_3_1_pro_high,53.803690150646986,4
1025,glm_5_2_max,48.847206743287096,5
1025,kimi_k3_max,41.10194530810578,6
1025,gpt_5_6_sol_max,39.53859747375151,7
1025,claude_opus_4_8_max,34.838576102306114,8
1025,gpt_5_5_xhigh,29.989135482696934,9
1025,deepseek_v4_flash_max,28.824141346981044,10
1026,deepseek_v4_pro_max,84.66884600131456,1
1026,claude_opus_4_8_max,66.33846555350554,2
1026,qwen3_8_max,62.87864563460334,3
1026,gpt_5_5_xhigh,51.67670688481953,4
1026,gemini_3_1_pro_high,51.03349565410808,5
1026,kimi_k3_max,44.93105971357047,6
1026,deepseek_v4_flash_max,43.7070157273539,7
1026,glm_5_2_max,42.940145658358105,8
1026,gpt_5_6_sol_max,37.49145582219077,9
1026,claude_fable_5_max,34.43396041708721,10
1027,gpt_5_5_xhigh,69.69701709241356,1
1027,gpt_5_6_sol_max,61.13212114414036,2
1027,claude_opus_4_8_max,59.73840418946385,3
1027,glm_5_2_max,56.76643443208191,4
1027,kimi_k3_max,49.67054080208097,5
1027,claude_fable_5_max,48.11695647442387,6
1027,deepseek_v4_flash_max,44.28799906076766,7
1027,deepseek_v4_pro_max,32.95179918181681,8
1027,qwen3_8_max,28.49148581802995,9
1027,gemini_3_1_pro_high,27.462628901883892,10
1028,gemini_3_1_pro_high,68.54020172134574,1
1028,claude_opus_4_8_max,59.94426906496408,2
1028,claude_fable_5_max,58.90870427124155,3
1028,gpt_5_6_sol_max,49.596282636149155,4
1028,gpt_5_5_xhigh,48.59830970058191,5
1028,deepseek_v4_pro_max,43.93883190223226,6
1028,glm_5_2_max,43.190192428661526,7
1028,qwen3_8_max,38.91627277742553,8
1028,kimi_k3_max,37.757970362789166,9
1028,deepseek_v4_flash_max,2.4876120758131197,10
1029,kimi_k3_max,84.88002174687394,1
1029,deepseek_v4_pro_max,72.85939740822926,2
1029,claude_opus_4_8_max,61.252538736629184,3
1029,gpt_5_6_sol_max,59.67168260910166,4
1029,qwen3_8_max,54.095488128978644,5
1029,gpt_5_5_xhigh,50.2621613654348,6
1029,claude_fable_5_max,47.62662150695489,7
1029,gemini_3_1_pro_high,44.18351971591159,8
1029,deepseek_v4_flash_max,33.02006866215981,9
1029,glm_5_2_max,16.329711809235945,10
1030,gemini_3_1_pro_high,71.56223705373279,1
1030,deepseek_v4_pro_max,57.32926237152583,2
1030,glm_5_2_max,48.23489744591969,3
1030,claude_fable_5_max,47.23822388062937,4
1030,claude_opus_4_8_max,42.852772651029426,5
1030,gpt_5_6_sol_max,40.358014908921035,6
1030,gpt_5_5_xhigh,36.43483047122998,7
1030,kimi_k3_max,33.983694708336024,8
1030,qwen3_8_max,25.746718614938263,9
1030,deepseek_v4_flash_max,18.890509080527174,10
1031,deepseek_v4_flash_max,66.72943446172351,1
1031,qwen3_8_max,52.66771615758112,2
1031,glm_5_2_max,44.74834003668766,3
1031,gpt_5_5_xhigh,44.629982403449404,4
1031,kimi_k3_max,43.59201440949811,5
1031,deepseek_v4_pro_max,41.705173210881135,6
1031,claude_opus_4_8_max,39.74334030243125,7
1031,gpt_5_6_sol_max,38.6550478730265,8
1031,claude_fable_5_max,37.11905751609761,9
1031,gemini_3_1_pro_high,17.121296052763228,10
1032,gemini_3_1_pro_high,66.99330164090175,1
1032,gpt_5_6_sol_max,50.959763210764166,2
1032,gpt_5_5_xhigh,49.3858506801141,3
1032,qwen3_8_max,46.2392152901637,4
1032,deepseek_v4_flash_max,44.63662919152807,5
1032,glm_5_2_max,43.19811917035411,6
1032,claude_fable_5_max,37.75336419123147,7
1032,claude_opus_4_8_max,37.463584922307795,8
1032,deepseek_v4_pro_max,36.33675256547715,9
1032,kimi_k3_max,20.34479043738979,10
1033,gemini_3_1_pro_high,58.42379370432416,1
1033,deepseek_v4_pro_max,56.890849070689896,2
1033,deepseek_v4_flash_max,55.567665760491096,3
1033,gpt_5_6_sol_max,47.69744558826879,4
1033,claude_opus_4_8_max,44.686587144514384,5
1033,glm_5_2_max,44.16645190825054,6
1033,claude_fable_5_max,37.045369500610356,7
1033,qwen3_8_max,33.578853681591326,8
1033,kimi_k3_max,23.321647392860818,9
1033,gpt_5_5_xhigh,23.21902455960495,10
1034,claude_fable_5_max,59.29984367602431,1
1034,glm_5_2_max,55.50686670941856,2
1034,claude_opus_4_8_max,55.40379058351825,3
1034,deepseek_v4_flash_max,55.048999882688314,4
1034,kimi_k3_max,51.363444115525596,5
1034,gpt_5_5_xhigh,45.08066851465513,6
1034,qwen3_8_max,37.78604118192554,7
1034,gpt_5_6_sol_max,35.65967913606383,8
1034,deepseek_v4_pro_max,33.667020311681846,9
1034,gemini_3_1_pro_high,30.282138105008613,10
1035,gemini_3_1_pro_high,65.27663570711655,1
1035,claude_fable_5_max,56.667126743520605,2
1035,deepseek_v4_pro_max,53.012616266542395,3
1035,claude_opus_4_8_max,46.740199067855386,4
1035,gpt_5_6_sol_max,45.817828401559154,5
1035,kimi_k3_max,45.530581313638066,6
1035,gpt_5_5_xhigh,45.15704709887071,7
1035,qwen3_8_max,44.91487523870637,8
1035,glm_5_2_max,33.594727038879014,9
1035,deepseek_v4_flash_max,21.97864432918265,10
1036,claude_fable_5_max,88.92151283371398,1
1036,gpt_5_5_xhigh,78.5609941095398,2
1036,kimi_k3_max,50.36806288965451,3
1036,deepseek_v4_flash_max,36.42355768104112,4
1036,qwen3_8_max,35.765527744878725,5
1036,claude_opus_4_8_max,27.316658178500845,6
1036,glm_5_2_max,25.219388536220862,7
1036,gemini_3_1_pro_high,24.215580008438934,8
1036,gpt_5_6_sol_max,21.166892695418486,9
1036,deepseek_v4_pro_max,9.078351258455669,10
1037,claude_fable_5_max,57.27591926306644,1
1037,gemini_3_1_pro_high,51.94117133096541,2
1037,gpt_5_5_xhigh,43.273415450611225,3
1037,kimi_k3_max,41.55887076644361,4
1037,deepseek_v4_flash_max,41.04283987887046,5
1037,gpt_5_6_sol_max,38.753627689044336,6
1037,claude_opus_4_8_max,38.01773670565962,7
1037,glm_5_2_max,35.09467431269563,8
1037,deepseek_v4_pro_max,34.006698171804864,9
1037,qwen3_8_max,32.80032479686156,10
1038,kimi_k3_max,67.08772670382568,1
1038,qwen3_8_max,54.01468189403668,2
1038,deepseek_v4_flash_max,47.9251459347262,3
1038,glm_5_2_max,46.99433293074646,4
1038,claude_opus_4_8_max,41.25166695897471,5
1038,gemini_3_1_pro_high,41.031352760317546,6
1038,gpt_5_5_xhigh,39.011122065644365,7
1038,claude_fable_5_max,38.16645279956213,8
1038,deepseek_v4_pro_max,33.62910974891836,9
1038,gpt_5_6_sol_max,33.49969928394495,10
1039,claude_fable_5_max,83.19534083819795,1
1039,gemini_3_1_pro_high,62.76894341344643,2
1039,claude_opus_4_8_max,57.23464368609967,3
1039,gpt_5_6_sol_max,49.20298676020885,4
1039,glm_5_2_max,44.37275832785975,5
1039,deepseek_v4_flash_max,42.44077426168478,6
1039,kimi_k3_max,39.844257810568735,7
1039,gpt_5_5_xhigh,36.740582238977844,8
1039,qwen3_8_max,36.73675779400864,9
1039,deepseek_v4_pro_max,14.358865706514946,10
1040,deepseek_v4_pro_max,75.68279339714194,1
1040,claude_opus_4_8_max,56.498273507117744,2
1040,glm_5_2_max,55.26435156121242,3
1040,gemini_3_1_pro_high,50.585306620779875,4
1040,gpt_5_6_sol_max,47.55255805260817,5
1040,gpt_5_5_xhigh,46.3709419196022,6
1040,qwen3_8_max,38.804462644138944,7
1040,claude_fable_5_max,32.963711303567294,8
1040,deepseek_v4_flash_max,30.569098520699534,9
1040,kimi_k3_max,16.793137449868215,10
1041,kimi_k3_max,67.91099015150412,1
1041,claude_opus_4_8_max,65.2178693344767,2
1041,qwen3_8_max,62.87400737590504,3
1041,gemini_3_1_pro_high,60.366888986916756,4
1041,deepseek_v4_flash_max,58.73229338522166,5
1041,gpt_5_5_xhigh,51.5251792094444,6
1041,claude_fable_5_max,43.94865028315701,7
1041,gpt_5_6_sol_max,41.63515319668855,8
1041,glm_5_2_max,24.566007807557547,9
1041,deepseek_v4_pro_max,14.58579662950235,10
1042,claude_fable_5_max,79.63698379949042,1
1042,deepseek_v4_flash_max,59.583835979007475,2
1042,kimi_k3_max,58.978033632521644,3
1042,gpt_5_6_sol_max,56.473289213252336,4
1042,gemini_3_1_pro_high,45.71736672592563,5
1042,claude_opus_4_8_max,43.8186968114317,6
1042,glm_5_2_max,39.289810652899305,7
1042,qwen3_8_max,38.96842649821049,8
1042,deepseek_v4_pro_max,28.751191013259245,9
1042,gpt_5_5_xhigh,23.184801950429687,10
1043,gpt_5_6_sol_max,74.70737075118424,1
1043,glm_5_2_max,72.24985679329863,2
1043,claude_opus_4_8_max,70.12666106006239,3
1043,deepseek_v4_flash_max,69.53695917489654,4
1043,deepseek_v4_pro_max,52.94792238725043,5
1043,qwen3_8_max,52.512456172162956,6
1043,gpt_5_5_xhigh,49.95239220782436,7
1043,kimi_k3_max,45.46970549350277,8
1043,claude_fable_5_max,39.52650106654774,9
1043,gemini_3_1_pro_high,33.13374189128125,10
1044,claude_fable_5_max,67.96615467823354,1
1044,gpt_5_6_sol_max,60.97849243486574,2
1044,deepseek_v4_flash_max,60.86663191455442,3
1044,deepseek_v4_pro_max,60.6876692535191,4
1044,gpt_5_5_xhigh,46.50880707368604,5
1044,qwen3_8_max,42.561939807581915,6
1044,claude_opus_4_8_max,35.94301281871929,7
1044,kimi_k3_max,34.37057091716798,8
1044,glm_5_2_max,29.422000331032116,9
1044,gemini_3_1_pro_high,26.355331008343583,10
1045,deepseek_v4_pro_max,74.40564421979477,1
1045,claude_fable_5_max,61.46922715546451,2
1045,gpt_5_5_xhigh,55.69664380071494,3
1045,gpt_5_6_sol_max,54.730487445567185,4
1045,qwen3_8_max,54.49401886376236,5
1045,kimi_k3_max,50.81711084564605,6
1045,glm_5_2_max,44.34586036431618,7
1045,claude_opus_4_8_max,40.50703738272959,8
1045,gemini_3_1_pro_high,32.318392007934094,9
1045,deepseek_v4_flash_max,16.573203351602295,10
1046,qwen3_8_max,68.37873764524593,1
1046,deepseek_v4_pro_max,53.82349992070996,2
1046,gpt_5_6_sol_max,53.251921424951476,3
1046,gpt_5_5_xhigh,52.41696735508901,4
1046,kimi_k3_max,44.72283114682215,5
1046,claude_fable_5_max,44.558605401566766,6
1046,claude_opus_4_8_max,40.24854601087098,7
1046,deepseek_v4_flash_max,38.23031293886004,8
1046,gemini_3_1_pro_high,37.767418119918865,9
1046,glm_5_2_max,25.88924952120271,10
1047,deepseek_v4_pro_max,64.31605623016198,1
1047,gpt_5_5_xhigh,57.1406848500581,2
1047,kimi_k3_max,56.65467125936152,3
1047,claude_opus_4_8_max,55.60664285650307,4
1047,gemini_3_1_pro_high,51.45290821133534,5
1047,claude_fable_5_max,48.453670353863316,6
1047,glm_5_2_max,42.77022138850089,7
1047,gpt_5_6_sol_max,41.697283157796676,8
1047,qwen3_8_max,37.534584849083714,9
1047,deepseek_v4_flash_max,37.089891875176384,10
1048,kimi_k3_max,70.11982367720515,1
1048,claude_fable_5_max,60.47765226671465,2
1048,qwen3_8_max,52.44277848642945,3
1048,claude_opus_4_8_max,52.38184397294974,4
1048,deepseek_v4_flash_max,51.88376305470846,5
1048,gpt_5_5_xhigh,46.128975931485826,6
1048,gpt_5_6_sol_max,43.40395253793393,7
1048,gemini_3_1_pro_high,35.436056124171465,8
1048,glm_5_2_max,33.86544148421194,9
1048,deepseek_v4_pro_max,32.17495454104865,10
1049,deepseek_v4_pro_max,64.24677388194216,1
1049,gpt_5_6_sol_max,63.54637154812922,2
1049,kimi_k3_max,56.356116489349006,3
1049,qwen3_8_max,55.72861637451421,4
1049,glm_5_2_max,52.00923525211672,5
1049,gpt_5_5_xhigh,50.67564839047211,6
1049,claude_opus_4_8_max,48.254581437925665,7
1049,claude_fable_5_max,47.2345814263568,8
1049,gemini_3_1_pro_high,44.06750670700709,9
1049,deepseek_v4_flash_max,26.094864217605146,10
1050,kimi_k3_max,79.99604357050896,1
1050,gpt_5_5_xhigh,73.38879712968225,2
1050,claude_opus_4_8_max,69.20330719205008,3
1050,deepseek_v4_pro_max,65.61530710021688,4
1050,gpt_5_6_sol_max,65.31110993054824,5
1050,qwen3_8_max,62.34698068378292,6
1050,gemini_3_1_pro_high,61.29968050000346,7
1050,glm_5_2_max,46.790641106985575,8
1050,claude_fable_5_max,41.71299171299156,9
1050,deepseek_v4_flash_max,35.180341713423054,10
1051,deepseek_v4_flash_max,66.06011102524528,1
1051,claude_fable_5_max,57.50018660086275,2
1051,deepseek_v4_pro_max,52.2098243447613,3
1051,gpt_5_5_xhigh,51.66481278539898,4
1051,gemini_3_1_pro_high,48.269339098810654,5
1051,glm_5_2_max,43.420588117078296,6
1051,gpt_5_6_sol_max,37.580550156640825,7
1051,qwen3_8_max,31.517285546847894,8
1051,claude_opus_4_8_max,29.648946444302247,9
1051,kimi_k3_max,22.10199748402277,10
1052,glm_5_2_max,65.1701671702223,1
1052,kimi_k3_max,59.71879041754607,2
1052,gpt_5_5_xhigh,59.2666271439307,3
1052,claude_opus_4_8_max,52.48752807959817,4
1052,gemini_3_1_pro_high,51.094294416810435,5
1052,deepseek_v4_pro_max,43.9779229132902,6
1052,deepseek_v4_flash_max,42.727088589803806,7
1052,qwen3_8_max,40.36598504027165,8
1052,claude_fable_5_max,39.62859738741356,9
1052,gpt_5_6_sol_max,39.39390375555102,10
1053,gemini_3_1_pro_high,69.19333465980407,1
1053,claude_opus_4_8_max,63.620902400853,2
1053,glm_5_2_max,63.512251371705226,3
1053,qwen3_8_max,56.02422864064117,4
1053,kimi_k3_max,51.399840683918896,5
1053,claude_fable_5_max,50.315856978721726,6
1053,gpt_5_5_xhigh,50.19460374734743,7
1053,gpt_5_6_sol_max,48.05179923937194,8
1053,deepseek_v4_pro_max,44.32167936313982,9
1053,deepseek_v4_flash_max,43.624647062116935,10
1054,gpt_5_6_sol_max,73.6872122750009,1
1054,kimi_k3_max,72.66137067086142,2
1054,deepseek_v4_pro_max,69.74130709881362,3
1054,claude_opus_4_8_max,54.6880056593697,4
1054,deepseek_v4_flash_max,50.93881116614888,5
1054,gemini_3_1_pro_high,44.622505041700656,6
1054,gpt_5_5_xhigh,41.979433746514516,7
1054,claude_fable_5_max,37.487853454065046,8
1054,glm_5_2_max,33.26759947789836,9
1054,qwen3_8_max,27.95017347683406,10
1055,gpt_5_6_sol_max,74.99177138492257,1
1055,gpt_5_5_xhigh,70.81537203700132,2
1055,deepseek_v4_pro_max,62.17059659085561,3
1055,claude_fable_5_max,59.26258742439816,4
1055,deepseek_v4_flash_max,58.21064698292716,5
1055,claude_opus_4_8_max,56.91142877273242,6
1055,gemini_3_1_pro_high,53.540377760737215,7
1055,qwen3_8_max,48.49663323819078,8
1055,glm_5_2_max,45.586474413189194,9
1055,kimi_k3_max,38.50126684126914,10
1056,claude_fable_5_max,85.18634753906176,1
1056,gpt_5_6_sol_max,55.202365732360896,2
1056,claude_opus_4_8_max,52.999641077268926,3
1056,gpt_5_5_xhigh,44.1274932417555,4
1056,kimi_k3_max,37.843115254085376,5
1056,glm_5_2_max,36.33938165210631,6
1056,deepseek_v4_pro_max,35.0607842937652,7
1056,deepseek_v4_flash_max,31.258349138208985,8
1056,gemini_3_1_pro_high,28.196810742731213,9
1056,qwen3_8_max,27.28510455971466,10
1057,gemini_3_1_pro_high,60.39781771730404,1
1057,deepseek_v4_pro_max,57.66844817396282,2
1057,claude_fable_5_max,54.98937464043351,3
1057,claude_opus_4_8_max,50.324816150249674,4
1057,glm_5_2_max,49.06116403600413,5
1057,gpt_5_6_sol_max,45.82109803608429,6
1057,gpt_5_5_xhigh,45.33597183826971,7
1057,kimi_k3_max,43.2779804624184,8
1057,qwen3_8_max,29.671301406205842,9
1057,deepseek_v4_flash_max,22.14350704534955,10
1058,claude_fable_5_max,71.11010433637242,1
1058,claude_opus_4_8_max,62.51656611925376,2
1058,deepseek_v4_flash_max,53.65508969247771,3
1058,glm_5_2_max,53.0380528469392,4
1058,gpt_5_5_xhigh,51.90294719983745,5
1058,gemini_3_1_pro_high,48.11528568431247,6
1058,gpt_5_6_sol_max,47.099940503544445,7
1058,qwen3_8_max,45.833909177903436,8
1058,kimi_k3_max,40.75709757852019,9
1058,deepseek_v4_pro_max,38.08304203584838,10
1059,glm_5_2_max,80.60086376777713,1
1059,claude_fable_5_max,64.47191914668615,2
1059,deepseek_v4_pro_max,60.29949012700872,3
1059,gpt_5_6_sol_max,56.60056758836456,4
1059,qwen3_8_max,45.23545914772465,5
1059,claude_opus_4_8_max,42.11154786426296,6
1059,deepseek_v4_flash_max,41.52343737186783,7
1059,kimi_k3_max,40.44269970148214,8
1059,gpt_5_5_xhigh,39.93772146558861,9
1059,gemini_3_1_pro_high,18.993231090512474,10
1060,claude_fable_5_max,78.20960541959957,1
1060,gpt_5_5_xhigh,59.10210156535348,2
1060,qwen3_8_max,47.14463455958299,3
1060,gpt_5_6_sol_max,46.7283408146466,4
1060,deepseek_v4_flash_max,42.39768436170024,5
1060,gemini_3_1_pro_high,35.1911160726055,6
1060,claude_opus_4_8_max,33.88275711627768,7
1060,glm_5_2_max,28.250223030722346,8
1060,kimi_k3_max,27.84674514054933,9
1060,deepseek_v4_pro_max,23.467195400940433,10
1061,deepseek_v4_pro_max,98.22578119174415,1
1061,claude_opus_4_8_max,72.32083968187325,2
1061,claude_fable_5_max,68.14795729071055,3
1061,gpt_5_6_sol_max,67.36747498385304,4
1061,glm_5_2_max,51.327239204974966,5
1061,gpt_5_5_xhigh,41.83193804539289,6
1061,qwen3_8_max,38.595229920500394,7
1061,deepseek_v4_flash_max,30.35182065018443,8
1061,gemini_3_1_pro_high,30.229342373846396,9
1061,kimi_k3_max,30.178703304635484,10
1062,kimi_k3_max,63.1519834435354,1
1062,claude_opus_4_8_max,53.14039448676939,2
1062,deepseek_v4_pro_max,52.994052025180025,3
1062,gemini_3_1_pro_high,52.705744646105416,4
1062,gpt_5_5_xhigh,52.50184304066893,5
1062,deepseek_v4_flash_max,50.61374705031995,6
1062,glm_5_2_max,47.59697051202266,7
1062,gpt_5_6_sol_max,42.65312402779122,8
1062,qwen3_8_max,35.49565150718256,9
1062,claude_fable_5_max,26.379071815202735,10
1063,claude_fable_5_max,68.71115574604224,1
1063,gemini_3_1_pro_high,68.60104355355229,2
1063,gpt_5_5_xhigh,57.0162154526348,3
1063,gpt_5_6_sol_max,56.621077998005696,4
1063,claude_opus_4_8_max,51.396363828942654,5
1063,qwen3_8_max,40.09812405961807,6
1063,deepseek_v4_pro_max,40.03419234531292,7
1063,glm_5_2_max,36.90867244518388,8
1063,kimi_k3_max,29.182352736760194,9
1063,deepseek_v4_flash_max,15.023727154358689,10
1064,gemini_3_1_pro_high,80.65757971225304,1
1064,gpt_5_5_xhigh,49.32409881355706,2
1064,glm_5_2_max,49.15556549916989,3
1064,qwen3_8_max,48.46338901027189,4
1064,gpt_5_6_sol_max,48.3397691803445,5
1064,claude_opus_4_8_max,48.220926150987744,6
1064,kimi_k3_max,41.071035311906456,7
1064,claude_fable_5_max,40.01705893797846,8
1064,deepseek_v4_pro_max,39.94941196660883,9
1064,deepseek_v4_flash_max,15.568430907569997,10
1065,claude_fable_5_max,65.47045335581181,1
1065,gpt_5_5_xhigh,53.43339886081844,2
1065,gemini_3_1_pro_high,50.58038962695069,3
1065,gpt_5_6_sol_max,48.85590887840763,4
1065,deepseek_v4_flash_max,47.13920957838622,5
1065,kimi_k3_max,46.78232371893501,6
1065,claude_opus_4_8_max,44.68208469553787,7
1065,glm_5_2_max,35.20685671822151,8
1065,qwen3_8_max,30.887154343496263,9
1065,deepseek_v4_pro_max,29.628782803402736,10
1066,gemini_3_1_pro_high,78.54408457639218,1
1066,kimi_k3_max,67.26475719072695,2
1066,glm_5_2_max,54.74069388162184,3
1066,gpt_5_6_sol_max,51.74389313497477,4
1066,deepseek_v4_flash_max,48.74858263945054,5
1066,gpt_5_5_xhigh,47.27495580997686,6
1066,claude_opus_4_8_max,44.66748607657129,7
1066,qwen3_8_max,36.801106925641704,8
1066,claude_fable_5_max,22.604704099122753,9
1066,deepseek_v4_pro_max,7.91978661149572,10
1067,deepseek_v4_flash_max,68.1449189681898,1
1067,gpt_5_6_sol_max,67.83936087546421,2
1067,kimi_k3_max,49.22681852512654,3
1067,claude_opus_4_8_max,44.42576418533679,4
1067,claude_fable_5_max,40.14801673389913,5
1067,qwen3_8_max,39.788266767877076,6
1067,gemini_3_1_pro_high,34.64215369744847,7
1067,glm_5_2_max,31.560707579591224,8
1067,deepseek_v4_pro_max,29.384703337817264,9
1067,gpt_5_5_xhigh,29.221368720047302,10
1068,claude_fable_5_max,80.63234675704587,1
1068,gemini_3_1_pro_high,66.54273439628578,2
1068,gpt_5_6_sol_max,51.36425150721172,3
1068,qwen3_8_max,47.80638377796726,4
1068,kimi_k3_max,45.37809224030704,5
1068,deepseek_v4_pro_max,41.53666661860531,6
1068,claude_opus_4_8_max,39.542260559634315,7
1068,deepseek_v4_flash_max,37.16516071216174,8
1068,glm_5_2_max,21.843378049042173,9
1068,gpt_5_5_xhigh,21.772929519367626,10
1069,gpt_5_6_sol_max,73.99879843217026,1
1069,qwen3_8_max,63.802014406966606,2
1069,claude_fable_5_max,60.469778461531654,3
1069,gpt_5_5_xhigh,60.46905717327977,4
1069,kimi_k3_max,60.32826169660348,5
1069,claude_opus_4_8_max,59.81940511295112,6
1069,deepseek_v4_flash_max,46.329227146468725,7
1069,gemini_3_1_pro_high,44.69985350105178,8
1069,deepseek_v4_pro_max,33.58644375905879,9
1069,glm_5_2_max,30.215162975439974,10
1070,claude_opus_4_8_max,67.92769033996576,1
1070,gpt_5_5_xhigh,65.75967860451281,2
1070,gemini_3_1_pro_high,54.528078370387334,3
1070,glm_5_2_max,53.96420318008991,4
1070,kimi_k3_max,51.842987779359675,5
1070,deepseek_v4_pro_max,48.23306404458002,6
1070,gpt_5_6_sol_max,41.66659782445502,7
1070,qwen3_8_max,38.02435661675688,8
1070,claude_fable_5_max,34.895966239428475,9
1070,deepseek_v4_flash_max,23.9337124215933,10
1071,gemini_3_1_pro_high,66.61016981199779,1
1071,gpt_5_6_sol_max,58.596236124078644,2
1071,claude_fable_5_max,54.6283055814637,3
1071,deepseek_v4_flash_max,51.327083221868286,4
1071,gpt_5_5_xhigh,48.802555635960765,5
1071,qwen3_8_max,45.772488303055,6
1071,kimi_k3_max,42.76524410286102,7
1071,claude_opus_4_8_max,41.61619445084042,8
1071,deepseek_v4_pro_max,24.746933374058553,9
1071,glm_5_2_max,19.27905750463228,10
1072,claude_fable_5_max,84.7940749059804,1
1072,gpt_5_6_sol_max,66.42730413135953,2
1072,gemini_3_1_pro_high,64.14682301018107,3
1072,gpt_5_5_xhigh,42.262347209272946,4
1072,claude_opus_4_8_max,38.34012187269987,5
1072,kimi_k3_max,35.84848863876969,6
1072,glm_5_2_max,34.82254968307985,7
1072,deepseek_v4_pro_max,32.35861223861396,8
1072,qwen3_8_max,29.32761925077029,9
1072,deepseek_v4_flash_max,22.069383994886795,10
1073,claude_fable_5_max,80.6313197963523,1
1073,deepseek_v4_pro_max,73.34296209017893,2
1073,glm_5_2_max,53.058648170003536,3
1073,gpt_5_5_xhigh,43.31752562554962,4
1073,claude_opus_4_8_max,42.14431321305402,5
1073,kimi_k3_max,38.866287747667315,6
1073,gpt_5_6_sol_max,32.10794681139328,7
1073,gemini_3_1_pro_high,31.936928000926073,8
1073,qwen3_8_max,28.473267432467864,9
1073,deepseek_v4_flash_max,12.983830278571197,10
1074,claude_fable_5_max,67.34040022653406,1
1074,deepseek_v4_flash_max,60.1377433783924,2
1074,gpt_5_6_sol_max,56.65120615396895,3
1074,claude_opus_4_8_max,55.010625828080585,4
1074,kimi_k3_max,52.857471967885296,5
1074,gpt_5_5_xhigh,46.52176040093886,6
1074,qwen3_8_max,32.88188128117122,7
1074,glm_5_2_max,27.269452895243298,8
1074,gemini_3_1_pro_high,26.476090922965906,9
1074,deepseek_v4_pro_max,17.716757618346524,10
1075,claude_fable_5_max,67.46154640877361,1
1075,gemini_3_1_pro_high,52.54645385505975,2
1075,glm_5_2_max,45.89725314051364,3
1075,gpt_5_5_xhigh,43.7311117263085,4
1075,qwen3_8_max,43.47638806276459,5
1075,claude_opus_4_8_max,39.90038588708773,6
1075,deepseek_v4_flash_max,35.69421127462935,7
1075,deepseek_v4_pro_max,30.884436567455083,8
1075,gpt_5_6_sol_max,29.44684971578519,9
1075,kimi_k3_max,28.610631896174926,10
1076,qwen3_8_max,73.86138177056061,1
1076,kimi_k3_max,63.99121881476358,2
1076,claude_fable_5_max,63.09399550784558,3
1076,gemini_3_1_pro_high,58.177815418312065,4
1076,gpt_5_5_xhigh,43.86440398626827,5
1076,gpt_5_6_sol_max,42.63035668186955,6
1076,claude_opus_4_8_max,37.95038672545772,7
1076,glm_5_2_max,30.607384193522208,8
1076,deepseek_v4_flash_max,27.604565437603664,9
1076,deepseek_v4_pro_max,17.43401603187886,10
1077,deepseek_v4_pro_max,93.93800727290507,1
1077,gpt_5_6_sol_max,67.12010932327678,2
1077,kimi_k3_max,62.47980083751105,3
1077,claude_opus_4_8_max,61.261002845054975,4
1077,gpt_5_5_xhigh,54.343512133399216,5
1077,qwen3_8_max,46.78609768685902,6
1077,claude_fable_5_max,46.56390191489554,7
1077,glm_5_2_max,36.7870347764911,8
1077,deepseek_v4_flash_max,34.795680463242036,9
1077,gemini_3_1_pro_high,32.55774747406598,10
1078,kimi_k3_max,87.631405855254,1
1078,gpt_5_6_sol_max,44.85800614215853,2
1078,glm_5_2_max,43.2524802192339,3
1078,gpt_5_5_xhigh,40.77964324896145,4
1078,deepseek_v4_flash_max,39.993126426891905,5
1078,gemini_3_1_pro_high,39.66552468522376,6
1078,qwen3_8_max,35.95883349335642,7
1078,claude_fable_5_max,35.57023555436624,8
1078,deepseek_v4_pro_max,35.5368921115007,9
1078,claude_opus_4_8_max,19.302774404863282,10
1079,glm_5_2_max,67.57290701820622,1
1079,deepseek_v4_pro_max,64.37928831107799,2
1079,qwen3_8_max,60.30785855255645,3
1079,kimi_k3_max,52.764676785124664,4
1079,claude_opus_4_8_max,51.77391040697458,5
1079,gpt_5_5_xhigh,49.898690818205196,6
1079,gpt_5_6_sol_max,48.44423717014477,7
1079,claude_fable_5_max,47.035207185846815,8
1079,deepseek_v4_flash_max,32.91223311898177,9
1079,gemini_3_1_pro_high,26.120133193430625,10
1080,gemini_3_1_pro_high,72.6122913335513,1
1080,kimi_k3_max,70.31441468032017,2
1080,gpt_5_6_sol_max,64.49374556817001,3
1080,gpt_5_5_xhigh,60.4349556805672,4
1080,qwen3_8_max,58.57903641524163,5
1080,deepseek_v4_pro_max,58.215476126980874,6
1080,claude_opus_4_8_max,47.63061042667174,7
1080,glm_5_2_max,37.07872840109325,8
1080,claude_fable_5_max,35.68045860027165,9
1080,deepseek_v4_flash_max,21.485847023627276,10
1081,claude_fable_5_max,85.6769800601579,1
1081,deepseek_v4_flash_max,55.95122653858273,2
1081,gpt_5_5_xhigh,55.554212700128744,3
1081,claude_opus_4_8_max,52.7016685402672,4
1081,kimi_k3_max,51.26134475428351,5
1081,gpt_5_6_sol_max,44.31763827778053,6
1081,glm_5_2_max,43.22170117405449,7
1081,gemini_3_1_pro_high,39.2290363717313,8
1081,qwen3_8_max,22.983603006978882,9
1081,deepseek_v4_pro_max,7.586064120202292,10
1082,claude_fable_5_max,72.95644238022702,1
1082,deepseek_v4_flash_max,57.74637615373349,2
1082,gpt_5_6_sol_max,55.06342508584487,3
1082,gemini_3_1_pro_high,40.622660947035165,4
1082,gpt_5_5_xhigh,38.28612259220482,5
1082,kimi_k3_max,36.18073772213167,6
1082,glm_5_2_max,32.63883933198325,7
1082,claude_opus_4_8_max,31.590051186142865,8
1082,qwen3_8_max,29.80120704232965,9
1082,deepseek_v4_pro_max,29.19241051819577,10
1083,gpt_5_6_sol_max,66.5777453685013,1
1083,kimi_k3_max,61.651593119884375,2
1083,claude_fable_5_max,61.29226796263361,3
1083,qwen3_8_max,58.80337402090004,4
1083,gpt_5_5_xhigh,50.634794254335716,5
1083,gemini_3_1_pro_high,50.45762077365842,6
1083,claude_opus_4_8_max,49.180437591503775,7
1083,glm_5_2_max,48.82717686898041,8
1083,deepseek_v4_pro_max,33.06488751392379,9
1083,deepseek_v4_flash_max,32.06971386650826,10
1084,deepseek_v4_flash_max,84.21429808411402,1
1084,gpt_5_5_xhigh,75.88689226014863,2
1084,claude_fable_5_max,61.966124618770834,3
1084,claude_opus_4_8_max,52.43046821728669,4
1084,qwen3_8_max,51.409780514141225,5
1084,deepseek_v4_pro_max,50.928747938368915,6
1084,kimi_k3_max,48.88684843512905,7
1084,glm_5_2_max,44.81205936483433,8
1084,gemini_3_1_pro_high,38.34714668927724,9
1084,gpt_5_6_sol_max,31.518934670687237,10
1085,kimi_k3_max,69.08619174489226,1
1085,gpt_5_6_sol_max,64.89097629019832,2
1085,glm_5_2_max,55.962155286805796,3
1085,claude_fable_5_max,54.15713266014571,4
1085,gpt_5_5_xhigh,49.610643398816,5
1085,gemini_3_1_pro_high,47.84062408658312,6
1085,claude_opus_4_8_max,47.709511724856696,7
1085,deepseek_v4_pro_max,43.590430173487164,8
1085,qwen3_8_max,42.090702769462126,9
1085,deepseek_v4_flash_max,38.17003947699273,10
1086,deepseek_v4_flash_max,65.98572584264879,1
1086,claude_opus_4_8_max,60.684727917726036,2
1086,qwen3_8_max,54.71552110305273,3
1086,gpt_5_6_sol_max,54.08194937038766,4
1086,kimi_k3_max,50.792649200800476,5
1086,glm_5_2_max,49.011846291398804,6
1086,claude_fable_5_max,48.428006660166304,7
1086,gemini_3_1_pro_high,37.17371016924159,8
1086,deepseek_v4_pro_max,31.5550777514503,9
1086,gpt_5_5_xhigh,30.009757569295015,10
1087,claude_fable_5_max,62.24719478698425,1
1087,kimi_k3_max,49.46192736812483,2
1087,glm_5_2_max,49.03893198656388,3
1087,claude_opus_4_8_max,41.88250653975901,4
1087,deepseek_v4_pro_max,40.83846876203242,5
1087,gpt_5_6_sol_max,36.35641256469015,6
1087,gpt_5_5_xhigh,28.324620356302685,7
1087,deepseek_v4_flash_max,25.873775618676078,8
1087,gemini_3_1_pro_high,25.57715020208697,9
1087,qwen3_8_max,21.723880542809084,10
1088,deepseek_v4_flash_max,81.06927894491272,1
1088,kimi_k3_max,71.62769909872043,2
1088,gpt_5_5_xhigh,55.311933335469355,3
1088,claude_fable_5_max,54.975608246257465,4
1088,qwen3_8_max,53.24050210733497,5
1088,claude_opus_4_8_max,51.41644067629228,6
1088,gpt_5_6_sol_max,30.197261861602165,7
1088,deepseek_v4_pro_max,28.12591566488593,8
1088,gemini_3_1_pro_high,24.859559532023084,9
1088,glm_5_2_max,20.11055318245353,10
1089,claude_fable_5_max,78.01078709829058,1
1089,claude_opus_4_8_max,63.77940873305514,2
1089,deepseek_v4_pro_max,52.323884993237556,3
1089,gemini_3_1_pro_high,52.0426353230945,4
1089,gpt_5_5_xhigh,48.13054727160906,5
1089,glm_5_2_max,35.209134805595134,6
1089,kimi_k3_max,31.696797748105766,7
1089,qwen3_8_max,23.935294100632007,8
1089,gpt_5_6_sol_max,22.625421406338184,9
1089,deepseek_v4_flash_max,15.989563823716203,10
1090,deepseek_v4_pro_max,66.16660621821408,1
1090,kimi_k3_max,61.66374811718048,2
1090,glm_5_2_max,61.288114220317446,3
1090,gpt_5_5_xhigh,57.507158804754766,4
1090,gemini_3_1_pro_high,52.01497516186608,5
1090,deepseek_v4_flash_max,45.39280662081343,6
1090,gpt_5_6_sol_max,41.26778440332955,7
1090,claude_fable_5_max,40.31468292515897,8
1090,qwen3_8_max,39.56807832200218,9
1090,claude_opus_4_8_max,32.390403114129555,10
1091,deepseek_v4_flash_max,73.55681292948238,1
1091,glm_5_2_max,72.06090551038794,2
1091,gpt_5_6_sol_max,62.16031346050487,3
1091,claude_fable_5_max,59.386233408887435,4
1091,claude_opus_4_8_max,58.26473205178388,5
1091,kimi_k3_max,57.833516487590636,6
1091,deepseek_v4_pro_max,47.52543345081443,7
1091,gemini_3_1_pro_high,39.26951975453594,8
1091,qwen3_8_max,36.5733959032671,9
1091,gpt_5_5_xhigh,33.7206209009584,10
1092,glm_5_2_max,79.63845318563692,1
1092,deepseek_v4_pro_max,60.6807571323143,2
1092,claude_opus_4_8_max,58.601017420299826,3
1092,deepseek_v4_flash_max,55.95202508728802,4
1092,gpt_5_5_xhigh,53.34440940274234,5
1092,qwen3_8_max,49.241935072945424,6
1092,gemini_3_1_pro_high,46.17922678426342,7
1092,claude_fable_5_max,42.72060064564789,8
1092,gpt_5_6_sol_max,40.13900791793448,9
1092,kimi_k3_max,40.126414478406005,10
1093,qwen3_8_max,69.36421601941632,1
1093,deepseek_v4_flash_max,55.28648836337624,2
1093,claude_fable_5_max,52.90157177875508,3
1093,gemini_3_1_pro_high,47.99628411575371,4
1093,gpt_5_5_xhigh,47.468505036012374,5
1093,claude_opus_4_8_max,40.44996905850852,6
1093,kimi_k3_max,37.47064398821941,7
1093,glm_5_2_max,30.43546294631731,8
1093,deepseek_v4_pro_max,28.81262704892832,9
1093,gpt_5_6_sol_max,21.0773174366214,10
1094,qwen3_8_max,60.20349773030758,1
1094,gemini_3_1_pro_high,60.02433793629424,2
1094,deepseek_v4_pro_max,53.259809600966946,3
1094,gpt_5_5_xhigh,52.91320542227769,4
1094,claude_opus_4_8_max,50.56806283317655,5
1094,kimi_k3_max,48.20019298743992,6
1094,claude_fable_5_max,46.470827543528415,7
1094,gpt_5_6_sol_max,39.964679965081146,8
1094,deepseek_v4_flash_max,31.154187385788283,9
1094,glm_5_2_max,12.521134058296687,10
1095,claude_fable_5_max,82.23952404619806,1
1095,gpt_5_5_xhigh,60.73072547922666,2
1095,gemini_3_1_pro_high,45.75321153496577,3
1095,claude_opus_4_8_max,44.37841408701356,4
1095,gpt_5_6_sol_max,43.0929419912524,5
1095,deepseek_v4_flash_max,42.177045116880535,6
1095,deepseek_v4_pro_max,42.013523398457025,7
1095,glm_5_2_max,33.04267538805286,8
1095,qwen3_8_max,25.012383691137508,9
1095,kimi_k3_max,22.33379827154512,10
1096,deepseek_v4_pro_max,77.77900711730723,1
1096,claude_opus_4_8_max,74.52575963124735,2
1096,gpt_5_6_sol_max,47.153993908683205,3
1096,glm_5_2_max,38.956927948438874,4
1096,claude_fable_5_max,37.94525928431768,5
1096,gpt_5_5_xhigh,32.01103781319262,6
1096,gemini_3_1_pro_high,31.239476795362584,7
1096,kimi_k3_max,29.864059617792677,8
1096,qwen3_8_max,25.25988178618816,9
1096,deepseek_v4_flash_max,17.60567550789075,10
1097,kimi_k3_max,73.04890535220082,1
1097,claude_fable_5_max,66.37269673593974,2
1097,gpt_5_6_sol_max,65.22577266962226,3
1097,gemini_3_1_pro_high,58.40184831308221,4
1097,gpt_5_5_xhigh,48.131635816139394,5
1097,claude_opus_4_8_max,47.875406706912315,6
1097,deepseek_v4_flash_max,47.28157549007624,7
1097,deepseek_v4_pro_max,32.77706924689873,8
1097,glm_5_2_max,27.757616046050572,9
1097,qwen3_8_max,27.355866305578814,10
1098,gpt_5_6_sol_max,58.236160890751584,1
1098,glm_5_2_max,57.57090991658251,2
1098,gpt_5_5_xhigh,52.05078790935877,3
1098,claude_opus_4_8_max,49.4519194989014,4
1098,kimi_k3_max,47.455307996771786,5
1098,deepseek_v4_pro_max,37.05241415447492,6
1098,deepseek_v4_flash_max,32.8792024584842,7
1098,gemini_3_1_pro_high,25.84970973437811,8
1098,qwen3_8_max,21.7712407992221,9
1098,claude_fable_5_max,19.378433602274868,10
1099,kimi_k3_max,69.53138754096477,1
1099,claude_fable_5_max,68.86394442195049,2
1099,qwen3_8_max,64.68691476411196,3
1099,claude_opus_4_8_max,60.728619066635524,4
1099,gpt_5_5_xhigh,57.90175849911066,5
1099,deepseek_v4_flash_max,56.975144654918964,6
1099,glm_5_2_max,52.35141533113551,7
1099,gemini_3_1_pro_high,45.237094858747724,8
1099,deepseek_v4_pro_max,39.39030083578707,9
1099,gpt_5_6_sol_max,33.0619695801219,10
1100,qwen3_8_max,70.7316720060108,1
1100,gpt_5_6_sol_max,68.79360602528722,2
1100,deepseek_v4_flash_max,66.00860177135162,3
1100,gpt_5_5_xhigh,62.342968475499504,4
1100,claude_opus_4_8_max,58.72926132236227,5
1100,deepseek_v4_pro_max,57.173993959331725,6
1100,claude_fable_5_max,56.80347795614132,7
1100,gemini_3_1_pro_high,54.73896451002739,8
1100,kimi_k3_max,49.51479510099193,9
1100,glm_5_2_max,41.55880804811741,10
1101,gpt_5_5_xhigh,76.70425423854456,1
1101,qwen3_8_max,71.25701773199259,2
1101,deepseek_v4_pro_max,67.90351677152154,3
1101,claude_opus_4_8_max,64.3218055948191,4
1101,deepseek_v4_flash_max,51.39900460710207,5
1101,kimi_k3_max,48.150551173024965,6
1101,glm_5_2_max,44.68542041780819,7
1101,gpt_5_6_sol_max,41.72888647183661,8
1101,claude_fable_5_max,32.797199045015766,9
1101,gemini_3_1_pro_high,28.408581841601404,10
1102,claude_fable_5_max,72.7773362126111,1
1102,gpt_5_6_sol_max,60.981145214150416,2
1102,kimi_k3_max,51.09325996454298,3
1102,claude_opus_4_8_max,49.88011048744673,4
1102,deepseek_v4_pro_max,48.64299664505536,5
1102,gpt_5_5_xhigh,43.84502299949097,6
1102,glm_5_2_max,42.01863428155911,7
1102,gemini_3_1_pro_high,41.38942307155383,8
1102,deepseek_v4_flash_max,40.01853667008828,9
1102,qwen3_8_max,38.242130297374544,10
1103,qwen3_8_max,75.25829865741402,1
1103,claude_opus_4_8_max,71.05850866426064,2
1103,deepseek_v4_pro_max,54.26491755106879,3
1103,gpt_5_6_sol_max,51.93276473022017,4
1103,gpt_5_5_xhigh,46.67881375676712,5
1103,gemini_3_1_pro_high,46.10520830320839,6
1103,glm_5_2_max,46.074357396790376,7
1103,kimi_k3_max,42.51557611105424,8
1103,claude_fable_5_max,32.081813282656334,9
1103,deepseek_v4_flash_max,14.71855821977181,10
1104,kimi_k3_max,82.7776983554837,1
1104,deepseek_v4_flash_max,56.867167211478844,2
1104,claude_fable_5_max,51.02561002094058,3
1104,deepseek_v4_pro_max,50.89097677069138,4
1104,gpt_5_6_sol_max,41.468241638822725,5
1104,claude_opus_4_8_max,39.92227701378825,6
1104,qwen3_8_max,35.54243437412637,7
1104,gpt_5_5_xhigh,31.66914035630356,8
1104,gemini_3_1_pro_high,26.70265541575841,9
1104,glm_5_2_max,21.808245300993978,10
1105,deepseek_v4_pro_max,69.61089498671264,1
1105,claude_fable_5_max,66.56771583434234,2
1105,gpt_5_6_sol_max,65.42610193646884,3
1105,kimi_k3_max,63.47757347876301,4
1105,gpt_5_5_xhigh,63.115067978037686,5
1105,claude_opus_4_8_max,62.402632405643956,6
1105,qwen3_8_max,39.899768505705104,7
1105,gemini_3_1_pro_high,37.70028774839906,8
1105,glm_5_2_max,33.58632843528705,9
1105,deepseek_v4_flash_max,24.636475514653945,10
1106,claude_fable_5_max,79.90692977601404,1
1106,gpt_5_6_sol_max,42.91338777674503,2
1106,claude_opus_4_8_max,40.09634787604198,3
1106,deepseek_v4_pro_max,38.98279956203881,4
1106,gpt_5_5_xhigh,37.53657932482701,5
1106,deepseek_v4_flash_max,37.111351099902926,6
1106,kimi_k3_max,30.64615313294679,7
1106,qwen3_8_max,30.276396808018283,8
1106,gemini_3_1_pro_high,24.597080120758555,9
1106,glm_5_2_max,20.053692629465402,10
1107,qwen3_8_max,64.82298548699254,1
1107,claude_opus_4_8_max,56.83731407778395,2
1107,claude_fable_5_max,53.52760653675311,3
1107,gpt_5_5_xhigh,51.71524613621553,4
1107,kimi_k3_max,50.29465160522665,5
1107,glm_5_2_max,46.139479008027884,6
1107,gemini_3_1_pro_high,45.494831954213346,7
1107,deepseek_v4_flash_max,43.859945496890674,8
1107,deepseek_v4_pro_max,41.621910909112415,9
1107,gpt_5_6_sol_max,35.23078529229735,10
1108,qwen3_8_max,67.72524462804606,1
1108,claude_fable_5_max,65.08634497798612,2
1108,deepseek_v4_pro_max,63.03236598659823,3
1108,gpt_5_6_sol_max,54.95312435055649,4
1108,deepseek_v4_flash_max,45.585000696847814,5
1108,claude_opus_4_8_max,40.3112046905168,6
1108,gpt_5_5_xhigh,38.435982537281696,7
1108,glm_5_2_max,34.59564468804918,8
1108,gemini_3_1_pro_high,34.54889915837981,9
1108,kimi_k3_max,31.521636677615817,10
1109,glm_5_2_max,66.39410520766529,1
1109,gpt_5_5_xhigh,65.91521044259586,2
1109,kimi_k3_max,63.91597669178218,3
1109,gemini_3_1_pro_high,56.21181311124807,4
1109,deepseek_v4_pro_max,51.14752237753011,5
1109,qwen3_8_max,46.55583138151451,6
1109,gpt_5_6_sol_max,44.60353871815643,7
1109,claude_opus_4_8_max,44.2413244002368,8
1109,claude_fable_5_max,37.88548961166634,9
1109,deepseek_v4_flash_max,37.295831365601884,10
1110,deepseek_v4_flash_max,74.15122353125574,1
1110,claude_fable_5_max,70.49759254155556,2
1110,glm_5_2_max,63.59803912045862,3
1110,qwen3_8_max,60.610009255808684,4
1110,gpt_5_5_xhigh,59.305600456685625,5
1110,gpt_5_6_sol_max,49.0494935757897,6
1110,gemini_3_1_pro_high,46.86456634118033,7
1110,kimi_k3_max,44.697888505396214,8
1110,deepseek_v4_pro_max,43.34486646953981,9
1110,claude_opus_4_8_max,41.500325528039234,10
1111,gpt_5_6_sol_max,61.531017602462214,1
1111,gpt_5_5_xhigh,58.978759547845456,2
1111,deepseek_v4_flash_max,57.01384060102271,3
1111,claude_fable_5_max,55.919546792882194,4
1111,gemini_3_1_pro_high,55.6417950918275,5
1111,qwen3_8_max,54.1461885252367,6
1111,kimi_k3_max,49.08614798169676,7
1111,claude_opus_4_8_max,44.56598677765375,8
1111,deepseek_v4_pro_max,37.531548133829716,9
1111,glm_5_2_max,34.75091071130885,10
1112,claude_fable_5_max,57.52217075116315,1
1112,gemini_3_1_pro_high,57.25347068091555,2
1112,deepseek_v4_flash_max,48.61362500641444,3
1112,qwen3_8_max,47.92509992529571,4
1112,gpt_5_5_xhigh,45.98829489118411,5
1112,gpt_5_6_sol_max,44.584339067443736,6
1112,claude_opus_4_8_max,37.97180441868789,7
1112,deepseek_v4_pro_max,30.430202492435246,8
1112,glm_5_2_max,29.65276251085753,9
1112,kimi_k3_max,24.802983265151198,10
1113,gemini_3_1_pro_high,74.85130358678852,1
1113,claude_fable_5_max,57.135731332322095,2
1113,gpt_5_6_sol_max,55.032280187063314,3
1113,qwen3_8_max,52.56220854767051,4
1113,kimi_k3_max,44.473050787595966,5
1113,gpt_5_5_xhigh,44.00104959043613,6
1113,claude_opus_4_8_max,42.652518351673564,7
1113,deepseek_v4_pro_max,39.765350896443614,8
1113,deepseek_v4_flash_max,32.902311157457405,9
1113,glm_5_2_max,30.89552208809163,10
1114,deepseek_v4_pro_max,88.43043927325138,1
1114,glm_5_2_max,75.53635325436788,2
1114,gpt_5_6_sol_max,69.95268866206125,3
1114,claude_opus_4_8_max,63.96677175549664,4
1114,gpt_5_5_xhigh,59.942083444895175,5
1114,kimi_k3_max,58.84733771532464,6
1114,gemini_3_1_pro_high,47.61903708506681,7
1114,qwen3_8_max,44.712072718271976,8
1114,deepseek_v4_flash_max,37.729209572591664,9
1114,claude_fable_5_max,33.889729547964365,10
1115,gemini_3_1_pro_high,80.61426582996242,1
1115,kimi_k3_max,64.61714951701903,2
1115,gpt_5_5_xhigh,60.322778998957716,3
1115,qwen3_8_max,47.21502600817948,4
1115,gpt_5_6_sol_max,45.180415451564464,5
1115,glm_5_2_max,33.80606287069955,6
1115,claude_opus_4_8_max,32.01956137718561,7
1115,claude_fable_5_max,31.456817111867984,8
1115,deepseek_v4_pro_max,26.761149559003073,9
1115,deepseek_v4_flash_max,24.250547458618684,10
1116,kimi_k3_max,66.50387457068828,1
1116,qwen3_8_max,64.6070192038913,2
1116,claude_opus_4_8_max,61.11781516983605,3
1116,claude_fable_5_max,58.17911346192605,4
1116,gpt_5_6_sol_max,57.94775955854368,5
1116,glm_5_2_max,55.51908317072204,6
1116,deepseek_v4_pro_max,46.78600690016923,7
1116,gpt_5_5_xhigh,45.0422024351477,8
1116,gemini_3_1_pro_high,44.48580126438137,9
1116,deepseek_v4_flash_max,28.41849251984932,10
1117,gpt_5_5_xhigh,61.7092691648511,1
1117,claude_fable_5_max,51.42064221605225,2
1117,gpt_5_6_sol_max,44.574371687645275,3
1117,kimi_k3_max,43.36009095207946,4
1117,glm_5_2_max,36.88595381209928,5
1117,claude_opus_4_8_max,36.367644636990995,6
1117,deepseek_v4_pro_max,34.343870628231215,7
1117,gemini_3_1_pro_high,31.39357751630066,8
1117,qwen3_8_max,29.40869903889383,9
1117,deepseek_v4_flash_max,13.214778856727607,10
1118,claude_fable_5_max,81.38773175733982,1
1118,kimi_k3_max,73.24697106900459,2
1118,gpt_5_5_xhigh,55.822845294110806,3
1118,deepseek_v4_pro_max,46.22497608759795,4
1118,qwen3_8_max,42.29603942500669,5
1118,claude_opus_4_8_max,40.305262688765104,6
1118,gpt_5_6_sol_max,37.54957241151677,7
1118,glm_5_2_max,28.44517508448307,8
1118,deepseek_v4_flash_max,27.389878224371735,9
1118,gemini_3_1_pro_high,16.833342943073347,10
1119,gemini_3_1_pro_high,71.73340149872342,1
1119,gpt_5_6_sol_max,59.79720045421058,2
1119,kimi_k3_max,59.46652427293355,3
1119,glm_5_2_max,47.328910431483415,4
1119,gpt_5_5_xhigh,46.59886219975543,5
1119,claude_fable_5_max,46.08336834357523,6
1119,qwen3_8_max,42.89783200136145,7
1119,claude_opus_4_8_max,42.54369524504188,8
1119,deepseek_v4_flash_max,35.024885845591996,9
1119,deepseek_v4_pro_max,33.71817174255691,10
1120,claude_fable_5_max,70.98438171509125,1
1120,gpt_5_6_sol_max,61.96664550215917,2
1120,gemini_3_1_pro_high,58.88961700120713,3
1120,kimi_k3_max,47.04385514049028,4
1120,gpt_5_5_xhigh,40.689907327503775,5
1120,claude_opus_4_8_max,35.88110444780616,6
1120,glm_5_2_max,35.41273791236337,7
1120,deepseek_v4_flash_max,34.07193687401067,8
1120,deepseek_v4_pro_max,32.83463839212928,9
1120,qwen3_8_max,24.111427604709565,10
1121,claude_fable_5_max,78.9961972901921,1
1121,glm_5_2_max,73.74630407815192,2
1121,claude_opus_4_8_max,64.5722256330891,3
1121,kimi_k3_max,63.12567949394942,4
1121,qwen3_8_max,59.839185154979795,5
1121,deepseek_v4_pro_max,49.96779113366544,6
1121,deepseek_v4_flash_max,48.456603467528325,7
1121,gemini_3_1_pro_high,47.784570655194514,8
1121,gpt_5_6_sol_max,41.445516257726,9
1121,gpt_5_5_xhigh,34.30549554350529,10
1122,gemini_3_1_pro_high,76.8469386412551,1
1122,qwen3_8_max,72.64619043143463,2
1122,deepseek_v4_flash_max,66.10949999655804,3
1122,glm_5_2_max,61.222769783632295,4
1122,deepseek_v4_pro_max,54.88094065033384,5
1122,claude_fable_5_max,52.27142024961414,6
1122,kimi_k3_max,45.15369867794752,7
1122,claude_opus_4_8_max,44.61394537769238,8
1122,gpt_5_5_xhigh,40.45333723802488,9
1122,gpt_5_6_sol_max,37.83027165728747,10
1123,claude_fable_5_max,86.376050173934,1
1123,gpt_5_5_xhigh,48.21922139610754,2
1123,glm_5_2_max,47.709535938268814,3
1123,gpt_5_6_sol_max,46.3210828752507,4
1123,claude_opus_4_8_max,42.61786614782764,5
1123,deepseek_v4_pro_max,39.43294987628107,6
1123,kimi_k3_max,38.73262856395414,7
1123,deepseek_v4_flash_max,38.432076756460226,8
1123,gemini_3_1_pro_high,29.420841840700117,9
1123,qwen3_8_max,28.30386743558659,10
1124,deepseek_v4_pro_max,78.23990663521491,1
1124,kimi_k3_max,66.8282501132866,2
1124,gpt_5_5_xhigh,52.751266244893976,3
1124,claude_fable_5_max,49.79083511518286,4
1124,gpt_5_6_sol_max,48.60472278766786,5
1124,glm_5_2_max,48.47081340503754,6
1124,gemini_3_1_pro_high,47.99167722196825,7
1124,deepseek_v4_flash_max,47.80276056597742,8
1124,claude_opus_4_8_max,46.51036908108765,9
1124,qwen3_8_max,45.514732088964,10
1125,glm_5_2_max,69.75377207560172,1
1125,gpt_5_6_sol_max,62.73713305441423,2
1125,gemini_3_1_pro_high,60.58841671305929,3
1125,qwen3_8_max,55.44339642417023,4
1125,claude_fable_5_max,49.633536586581315,5
1125,kimi_k3_max,49.52938527652826,6
1125,claude_opus_4_8_max,41.4395220702195,7
1125,deepseek_v4_pro_max,40.60569511590333,8
1125,gpt_5_5_xhigh,39.21297251284133,9
1125,deepseek_v4_flash_max,29.94005253662087,10
1126,claude_fable_5_max,79.97942181588044,1
1126,deepseek_v4_pro_max,50.27377423356998,2
1126,gpt_5_5_xhigh,40.749847854265205,3
1126,claude_opus_4_8_max,39.95337689778276,4
1126,gemini_3_1_pro_high,38.810582777886076,5
1126,gpt_5_6_sol_max,34.89349139872817,6
1126,kimi_k3_max,33.02515724270076,7
1126,glm_5_2_max,32.62641792285072,8
1126,qwen3_8_max,23.397963976727624,9
1126,deepseek_v4_flash_max,22.307186462214144,10
1127,gemini_3_1_pro_high,65.75537602188129,1
1127,claude_fable_5_max,62.637178404993975,2
1127,claude_opus_4_8_max,45.23037095563833,3
1127,qwen3_8_max,45.044610557348996,4
1127,gpt_5_6_sol_max,41.09010298809603,5
1127,deepseek_v4_flash_max,36.712442891775304,6
1127,kimi_k3_max,25.710894578516644,7
1127,gpt_5_5_xhigh,24.44042205498063,8
1127,glm_5_2_max,24.208134584016065,9
1127,deepseek_v4_pro_max,18.181322318788574,10
1128,gpt_5_5_xhigh,70.99358049778736,1
1128,qwen3_8_max,68.34024292491445,2
1128,claude_opus_4_8_max,66.77566524345734,3
1128,gpt_5_6_sol_max,66.07150342920991,4
1128,kimi_k3_max,54.122763089579365,5
1128,glm_5_2_max,52.79968071501217,6
1128,deepseek_v4_flash_max,49.792811985756984,7
1128,deepseek_v4_pro_max,40.29927201277572,8
1128,gemini_3_1_pro_high,34.4692846796557,9
1128,claude_fable_5_max,33.57463408670852,10
1129,claude_fable_5_max,69.67158303240194,1
1129,kimi_k3_max,68.81284145167935,2
1129,deepseek_v4_pro_max,56.630823835369085,3
1129,claude_opus_4_8_max,47.86274048310873,4
1129,gpt_5_6_sol_max,46.09097566476664,5
1129,glm_5_2_max,44.929019391038835,6
1129,qwen3_8_max,42.29441631499208,7
1129,deepseek_v4_flash_max,32.680032638133696,8
1129,gemini_3_1_pro_high,32.43987472461376,9
1129,gpt_5_5_xhigh,29.995798028762,10
1130,deepseek_v4_pro_max,65.82862854757505,1
1130,gemini_3_1_pro_high,60.916165346918184,2
1130,deepseek_v4_flash_max,55.864396648591296,3
1130,gpt_5_5_xhigh,54.69291770422662,4
1130,qwen3_8_max,54.14460170610696,5
1130,gpt_5_6_sol_max,52.24762547079525,6
1130,kimi_k3_max,48.14774297907654,7
1130,claude_opus_4_8_max,45.44420180003892,8
1130,claude_fable_5_max,41.70238874230049,9
1130,glm_5_2_max,35.04637841891995,10
1131,claude_fable_5_max,81.895827072719,1
1131,kimi_k3_max,78.44812497338987,2
1131,qwen3_8_max,67.04970831527893,3
1131,gemini_3_1_pro_high,60.43870912729168,4
1131,deepseek_v4_pro_max,58.8513784662959,5
1131,gpt_5_5_xhigh,56.85496883774356,6
1131,claude_opus_4_8_max,56.279424610374846,7
1131,gpt_5_6_sol_max,54.29718875151016,8
1131,deepseek_v4_flash_max,37.46371516504436,9
1131,glm_5_2_max,30.378023171940058,10
1132,claude_opus_4_8_max,62.23258863646001,1
1132,gpt_5_6_sol_max,60.55143119423243,2
1132,gpt_5_5_xhigh,59.91691389493648,3
1132,gemini_3_1_pro_high,59.9075538877437,4
1132,kimi_k3_max,58.25366768679231,5
1132,deepseek_v4_pro_max,53.65759962829773,6
1132,qwen3_8_max,52.873798146155366,7
1132,claude_fable_5_max,52.852089610104294,8
1132,glm_5_2_max,47.7069854988002,9
1132,deepseek_v4_flash_max,45.17440403626537,10
1133,glm_5_2_max,72.52476099974467,1
1133,gpt_5_6_sol_max,64.04101327133289,2
1133,qwen3_8_max,60.710317058485245,3
1133,kimi_k3_max,57.87448785703098,4
1133,claude_opus_4_8_max,43.86379129794681,5
1133,claude_fable_5_max,43.1024975968439,6
1133,gemini_3_1_pro_high,42.004855879771185,7
1133,gpt_5_5_xhigh,39.6085240494041,8
1133,deepseek_v4_flash_max,37.75939429879307,9
1133,deepseek_v4_pro_max,12.704567946053295,10
1134,claude_fable_5_max,72.93940791875441,1
1134,gpt_5_5_xhigh,65.72576546718844,2
1134,gpt_5_6_sol_max,41.19107213109799,3
1134,deepseek_v4_flash_max,39.243281534003984,4
1134,qwen3_8_max,37.59452966883166,5
1134,glm_5_2_max,36.509738492427715,6
1134,deepseek_v4_pro_max,35.90307586402096,7
1134,claude_opus_4_8_max,34.962051084478254,8
1134,kimi_k3_max,22.619656658316345,9
1134,gemini_3_1_pro_high,19.917987803222573,10
1135,claude_fable_5_max,73.58692727016975,1
1135,claude_opus_4_8_max,66.46760295546281,2
1135,qwen3_8_max,58.238033941552175,3
1135,gpt_5_6_sol_max,54.206662368910905,4
1135,kimi_k3_max,52.39533600950907,5
1135,gpt_5_5_xhigh,48.80213265216389,6
1135,gemini_3_1_pro_high,46.11981194285097,7
1135,deepseek_v4_flash_max,39.87498311029111,8
1135,deepseek_v4_pro_max,33.655242703284365,9
1135,glm_5_2_max,16.829605905597713,10
1136,kimi_k3_max,75.29595167544169,1
1136,claude_opus_4_8_max,65.88660528287186,2
1136,gpt_5_6_sol_max,63.74395839206064,3
1136,qwen3_8_max,63.606751575405006,4
1136,gpt_5_5_xhigh,59.68822584842909,5
1136,deepseek_v4_pro_max,55.39702622232619,6
1136,gemini_3_1_pro_high,46.99690150602299,7
1136,claude_fable_5_max,39.53786348631397,8
1136,deepseek_v4_flash_max,33.65700637814319,9
1136,glm_5_2_max,19.3312113506369,10
1137,gemini_3_1_pro_high,61.16703349603743,1
1137,kimi_k3_max,60.46431068401859,2
1137,deepseek_v4_flash_max,50.987991349966265,3
1137,gpt_5_5_xhigh,47.77545679121709,4
1137,gpt_5_6_sol_max,46.31589073910252,5
1137,qwen3_8_max,45.48415874970747,6
1137,claude_fable_5_max,43.73166145728415,7
1137,glm_5_2_max,42.06073992065638,8
1137,claude_opus_4_8_max,33.8108396850925,9
1137,deepseek_v4_pro_max,27.378476241095274,10
1138,gemini_3_1_pro_high,77.89544892222102,1
1138,kimi_k3_max,69.80708387431247,2
1138,claude_opus_4_8_max,68.65971082133677,3
1138,glm_5_2_max,61.50686959269272,4
1138,qwen3_8_max,57.384005452408786,5
1138,claude_fable_5_max,54.83207906094137,6
1138,gpt_5_6_sol_max,50.404816821238164,7
1138,gpt_5_5_xhigh,40.57690351404652,8
1138,deepseek_v4_flash_max,38.04136410406081,9
1138,deepseek_v4_pro_max,21.809098794618578,10
1139,qwen3_8_max,75.68511469366896,1
1139,glm_5_2_max,67.47785002429205,2
1139,gemini_3_1_pro_high,66.72376547550594,3
1139,gpt_5_6_sol_max,58.00683056520256,4
1139,claude_opus_4_8_max,56.650295850401506,5
1139,claude_fable_5_max,55.73801870724282,6
1139,gpt_5_5_xhigh,47.02818275683777,7
1139,kimi_k3_max,33.2930828236042,8
1139,deepseek_v4_flash_max,32.75344241468878,9
1139,deepseek_v4_pro_max,25.19457951607889,10
1140,kimi_k3_max,70.67118353201646,1
1140,deepseek_v4_pro_max,69.3535357564686,2
1140,claude_fable_5_max,64.52905044890157,3
1140,claude_opus_4_8_max,63.65110307478905,4
1140,gemini_3_1_pro_high,59.91889950413993,5
1140,qwen3_8_max,50.331675147719544,6
1140,gpt_5_6_sol_max,38.34928715760806,7
1140,glm_5_2_max,33.63016189659618,8
1140,gpt_5_5_xhigh,29.862016373976566,9
1140,deepseek_v4_flash_max,19.76630303160349,10
1141,claude_opus_4_8_max,69.86238102132123,1
1141,claude_fable_5_max,67.75528649014552,2
1141,deepseek_v4_flash_max,60.44933933376598,3
1141,deepseek_v4_pro_max,47.163725059362164,4
1141,glm_5_2_max,41.687387819207395,5
1141,gemini_3_1_pro_high,38.399913636360466,6
1141,gpt_5_5_xhigh,38.30681565253208,7
1141,qwen3_8_max,34.20703123364907,8
1141,kimi_k3_max,33.362147197820754,9
1141,gpt_5_6_sol_max,26.5194635296361,10
1142,gpt_5_6_sol_max,74.767995395843,1
1142,gemini_3_1_pro_high,67.14265143123801,2
1142,qwen3_8_max,65.00430734055561,3
1142,gpt_5_5_xhigh,64.05885442762703,4
1142,claude_opus_4_8_max,61.137757999361554,5
1142,deepseek_v4_flash_max,56.20441768090083,6
1142,kimi_k3_max,47.957647201303246,7
1142,claude_fable_5_max,47.43930808724382,8
1142,deepseek_v4_pro_max,42.779426272345134,9
1142,glm_5_2_max,28.31667868568355,10
1143,kimi_k3_max,83.03714464279035,1
1143,deepseek_v4_pro_max,65.42596306799096,2
1143,gpt_5_5_xhigh,58.57165327296025,3
1143,qwen3_8_max,50.80753927147411,4
1143,gpt_5_6_sol_max,47.05395357926915,5
1143,claude_fable_5_max,40.10940866923215,6
1143,glm_5_2_max,38.66009782918234,7
1143,gemini_3_1_pro_high,24.37233148985768,8
1143,claude_opus_4_8_max,23.647384848866704,9
1143,deepseek_v4_flash_max,20.76614212572037,10
1144,deepseek_v4_pro_max,88.8907752124687,1
1144,claude_opus_4_8_max,53.49493959106785,2
1144,qwen3_8_max,51.0954627617523,3
1144,kimi_k3_max,42.020244908428076,4
1144,gpt_5_6_sol_max,39.87733084895335,5
1144,glm_5_2_max,38.99595439348642,6
1144,deepseek_v4_flash_max,38.18753085177887,7
1144,claude_fable_5_max,33.844037576916435,8
1144,gpt_5_5_xhigh,33.4122697226082,9
1144,gemini_3_1_pro_high,21.735738339939186,10
1145,claude_fable_5_max,71.38121598728964,1
1145,qwen3_8_max,68.88755928081024,2
1145,gpt_5_6_sol_max,50.670920990080916,3
1145,deepseek_v4_flash_max,48.22845211571113,4
1145,gpt_5_5_xhigh,46.70194995366826,5
1145,deepseek_v4_pro_max,44.72262187432007,6
1145,gemini_3_1_pro_high,38.121833719352665,7
1145,glm_5_2_max,31.204426655204163,8
1145,claude_opus_4_8_max,24.330865386512393,9
1145,kimi_k3_max,23.14090176435181,10
1146,deepseek_v4_flash_max,71.49517839326099,1
1146,kimi_k3_max,65.02707758307223,2
1146,gpt_5_5_xhigh,62.242511448295076,3
1146,claude_opus_4_8_max,61.23611494428914,4
1146,glm_5_2_max,47.90638282556868,5
1146,deepseek_v4_pro_max,34.55791236482065,6
1146,qwen3_8_max,28.248864635156504,7
1146,claude_fable_5_max,25.620599289582113,8
1146,gemini_3_1_pro_high,24.845950731045974,9
1146,gpt_5_6_sol_max,20.166328872372134,10
1147,claude_fable_5_max,72.08499501642291,1
1147,deepseek_v4_pro_max,55.93884774894303,2
1147,glm_5_2_max,45.22985911763633,3
1147,gpt_5_5_xhigh,37.58313277628638,4
1147,kimi_k3_max,31.569198127401116,5
1147,claude_opus_4_8_max,29.903017442107895,6
1147,deepseek_v4_flash_max,29.539728990707616,7
1147,gpt_5_6_sol_max,25.509197841905134,8
1147,gemini_3_1_pro_high,22.72683676909847,9
1147,qwen3_8_max,22.59128223066962,10
1148,deepseek_v4_pro_max,54.54494136861514,1
1148,claude_fable_5_max,53.105277695821144,2
1148,kimi_k3_max,52.26365760350753,3
1148,gpt_5_6_sol_max,51.92673826265387,4
1148,gpt_5_5_xhigh,48.98523750436338,5
1148,glm_5_2_max,48.51259083978022,6
1148,deepseek_v4_flash_max,47.607922811572635,7
1148,qwen3_8_max,37.01179316829888,8
1148,claude_opus_4_8_max,28.378023245479838,9
1148,gemini_3_1_pro_high,27.212984768230633,10
1149,gemini_3_1_pro_high,76.47791101429766,1
1149,gpt_5_5_xhigh,72.81449175514072,2
1149,deepseek_v4_flash_max,68.09254379350656,3
1149,kimi_k3_max,63.141583181409295,4
1149,claude_opus_4_8_max,58.76111035310126,5
1149,gpt_5_6_sol_max,56.47944794645,6
1149,glm_5_2_max,53.26868687470139,7
1149,qwen3_8_max,38.39754625198745,8
1149,claude_fable_5_max,31.898046299301313,9
1149,deepseek_v4_pro_max,24.41931278603306,10
1150,gemini_3_1_pro_high,76.51739059325175,1
1150,gpt_5_5_xhigh,69.5114973597628,2
1150,kimi_k3_max,63.00942050530309,3
1150,gpt_5_6_sol_max,61.49024947763509,4
1150,glm_5_2_max,56.42215773459411,5
1150,claude_opus_4_8_max,51.87275728448016,6
1150,deepseek_v4_flash_max,48.787143528808215,7
1150,claude_fable_5_max,43.17948632725067,8
1150,qwen3_8_max,33.84654595153341,9
1150,deepseek_v4_pro_max,27.72824587472481,10
1151,claude_fable_5_max,86.04526457798178,1
1151,deepseek_v4_pro_max,80.17082945059603,2
1151,claude_opus_4_8_max,73.38672358337374,3
1151,qwen3_8_max,61.7889420627041,4
1151,gpt_5_6_sol_max,61.15215052398177,5
1151,deepseek_v4_flash_max,57.60678221293418,6
1151,glm_5_2_max,41.38596722803513,7
1151,gpt_5_5_xhigh,39.216841536600604,8
1151,gemini_3_1_pro_high,36.69842003893551,9
1151,kimi_k3_max,21.794072176116202,10
1152,gpt_5_5_xhigh,75.9852349053166,1
1152,qwen3_8_max,53.809690249587646,2
1152,kimi_k3_max,53.73249921430885,3
1152,glm_5_2_max,51.67371385642543,4
1152,gemini_3_1_pro_high,49.061479447327116,5
1152,claude_fable_5_max,45.578749453504074,6
1152,deepseek_v4_flash_max,45.52735390111232,7
1152,gpt_5_6_sol_max,40.10620302346494,8
1152,claude_opus_4_8_max,31.335470004859985,9
1152,deepseek_v4_pro_max,25.51239614849669,10
1153,qwen3_8_max,65.06104496995931,1
1153,glm_5_2_max,61.73305680346237,2
1153,claude_fable_5_max,49.470262989288166,3
1153,gemini_3_1_pro_high,46.78948302367192,4
1153,gpt_5_5_xhigh,40.94554833731272,5
1153,deepseek_v4_pro_max,38.65122643598221,6
1153,gpt_5_6_sol_max,30.283600408979026,7
1153,claude_opus_4_8_max,28.909506480659672,8
1153,deepseek_v4_flash_max,22.985225628612955,9
1153,kimi_k3_max,13.444477745516235,10
1154,claude_fable_5_max,68.59933122296557,1
1154,gpt_5_5_xhigh,63.86143449958475,2
1154,qwen3_8_max,59.62291908493693,3
1154,deepseek_v4_pro_max,58.0518314389626,4
1154,gemini_3_1_pro_high,54.93916565305877,5
1154,kimi_k3_max,51.96449460007822,6
1154,gpt_5_6_sol_max,49.16748888301174,7
1154,glm_5_2_max,43.59887077273942,8
1154,claude_opus_4_8_max,35.45015364937255,9
1154,deepseek_v4_flash_max,30.39697745397053,10
1155,deepseek_v4_pro_max,73.39340478416456,1
1155,glm_5_2_max,67.67322995524319,2
1155,claude_opus_4_8_max,65.54737364742421,3
1155,gpt_5_5_xhigh,64.17773819014178,4
1155,claude_fable_5_max,58.814076086232966,5
1155,deepseek_v4_flash_max,52.89703753786564,6
1155,kimi_k3_max,51.75277786407398,7
1155,gpt_5_6_sol_max,47.43558184584814,8
1155,qwen3_8_max,26.972342487642848,9
1155,gemini_3_1_pro_high,26.879217027726106,10
1156,qwen3_8_max,88.7631613723108,1
1156,gpt_5_5_xhigh,79.19519678220385,2
1156,glm_5_2_max,71.92757755765888,3
1156,deepseek_v4_flash_max,56.80486844054036,4
1156,claude_opus_4_8_max,54.70850457833453,5
1156,deepseek_v4_pro_max,53.82341022665638,6
1156,gemini_3_1_pro_high,50.17060474074748,7
1156,kimi_k3_max,38.75202319546634,8
1156,gpt_5_6_sol_max,24.606934284759273,9
1156,claude_fable_5_max,24.106874706208096,10
1157,deepseek_v4_flash_max,86.1787249926679,1
1157,glm_5_2_max,60.27483649582728,2
1157,gpt_5_5_xhigh,56.90854115309363,3
1157,kimi_k3_max,55.976844041803886,4
1157,gpt_5_6_sol_max,54.58415730111408,5
1157,claude_fable_5_max,46.70640082566361,6
1157,qwen3_8_max,33.23394475595994,7
1157,gemini_3_1_pro_high,29.19049889249953,8
1157,claude_opus_4_8_max,28.774465724564433,9
1157,deepseek_v4_pro_max,7.020715502755506,10
1158,gemini_3_1_pro_high,84.35102976918574,1
1158,kimi_k3_max,69.35544883137071,2
1158,gpt_5_6_sol_max,64.03802778075618,3
1158,gpt_5_5_xhigh,62.23347860554766,4
1158,claude_opus_4_8_max,54.40559975356258,5
1158,qwen3_8_max,52.08397782370635,6
1158,glm_5_2_max,44.34019781272704,7
1158,deepseek_v4_flash_max,35.827887988344216,8
1158,claude_fable_5_max,29.793918952739062,9
1158,deepseek_v4_pro_max,16.607551422220027,10
1159,claude_opus_4_8_max,72.31654779114102,1
1159,gpt_5_6_sol_max,69.10084642077669,2
1159,glm_5_2_max,64.76215713001733,3
1159,deepseek_v4_flash_max,60.53768214529677,4
1159,gemini_3_1_pro_high,58.180214231210535,5
1159,kimi_k3_max,48.81665648523819,6
1159,gpt_5_5_xhigh,39.14097350403337,7
1159,claude_fable_5_max,37.31805107728399,8
1159,qwen3_8_max,29.861228889304932,9
1159,deepseek_v4_pro_max,11.080490276893137,10
1160,gpt_5_5_xhigh,83.32471271142364,1
1160,gemini_3_1_pro_high,83.135745662249,2
1160,gpt_5_6_sol_max,69.03938658116178,3
1160,claude_fable_5_max,68.15135036336194,4
1160,kimi_k3_max,66.39885431850144,5
1160,qwen3_8_max,53.63957206227923,6
1160,claude_opus_4_8_max,49.84720257585913,7
1160,glm_5_2_max,48.543945250785384,8
1160,deepseek_v4_pro_max,47.11985027084566,9
1160,deepseek_v4_flash_max,42.136640903383686,10
1161,deepseek_v4_flash_max,77.48275683623012,1
1161,claude_fable_5_max,74.14940676403207,2
1161,kimi_k3_max,47.76210579959636,3
1161,gpt_5_6_sol_max,44.42545897186463,4
1161,qwen3_8_max,36.786740900165796,5
1161,gpt_5_5_xhigh,35.371360135897866,6
1161,claude_opus_4_8_max,34.57531154913911,7
1161,gemini_3_1_pro_high,24.610444417938083,8
1161,deepseek_v4_pro_max,23.895466238207007,9
1161,glm_5_2_max,22.097201609925783,10
1162,deepseek_v4_pro_max,70.9331120113578,1
1162,gemini_3_1_pro_high,61.89178710863243,2
1162,claude_opus_4_8_max,56.64068987483271,3
1162,gpt_5_6_sol_max,56.25506598663502,4
1162,gpt_5_5_xhigh,55.633082546621154,5
1162,claude_fable_5_max,53.99001958998893,6
1162,kimi_k3_max,49.20502890754075,7
1162,glm_5_2_max,47.14106699879943,8
1162,qwen3_8_max,46.688753635180305,9
1162,deepseek_v4_flash_max,22.63501031917994,10
1163,claude_fable_5_max,72.6855971120849,1
1163,gemini_3_1_pro_high,65.83130995750379,2
1163,kimi_k3_max,62.269462227669734,3
1163,gpt_5_5_xhigh,48.68733584101866,4
1163,claude_opus_4_8_max,48.52580558443683,5
1163,deepseek_v4_pro_max,46.05511993720363,6
1163,glm_5_2_max,33.49651782382499,7
1163,qwen3_8_max,30.831241909789227,8
1163,gpt_5_6_sol_max,27.89119532944322,9
1163,deepseek_v4_flash_max,27.112502123467426,10
1164,claude_opus_4_8_max,65.52557226150093,1
1164,claude_fable_5_max,65.28042761847377,2
1164,gpt_5_5_xhigh,60.75993735439684,3
1164,kimi_k3_max,59.21992208299036,4
1164,qwen3_8_max,56.26560561049416,5
1164,gemini_3_1_pro_high,55.4035481296651,6
1164,glm_5_2_max,48.75207816683863,7
1164,gpt_5_6_sol_max,37.48346580491667,8
1164,deepseek_v4_flash_max,16.128012950177563,9
1164,deepseek_v4_pro_max,15.364976609208425,10
1165,claude_fable_5_max,67.10791214283523,1
1165,deepseek_v4_pro_max,59.26768489308216,2
1165,gpt_5_5_xhigh,48.118097577106475,3
1165,qwen3_8_max,42.47509624954499,4
1165,claude_opus_4_8_max,36.05657097144604,5
1165,kimi_k3_max,32.96793791734177,6
1165,gemini_3_1_pro_high,28.752428664673072,7
1165,glm_5_2_max,27.622867487564708,8
1165,gpt_5_6_sol_max,25.8951596574725,9
1165,deepseek_v4_flash_max,24.721962462909172,10
1166,gemini_3_1_pro_high,74.39133277096781,1
1166,gpt_5_6_sol_max,63.56061233734076,2
1166,kimi_k3_max,63.05257570440868,3
1166,claude_opus_4_8_max,54.53467608587575,4
1166,gpt_5_5_xhigh,52.73279710074641,5
1166,glm_5_2_max,47.24256836221778,6
1166,claude_fable_5_max,44.04939098759523,7
1166,deepseek_v4_pro_max,40.91188582817463,8
1166,qwen3_8_max,33.933626595707594,9
1166,deepseek_v4_flash_max,25.810346464723107,10
1167,kimi_k3_max,72.36861303829674,1
1167,gpt_5_6_sol_max,60.10615119130039,2
1167,glm_5_2_max,56.58448230791777,3
1167,gemini_3_1_pro_high,55.35666905024588,4
1167,qwen3_8_max,50.620362428636724,5
1167,claude_fable_5_max,47.09423032976418,6
1167,deepseek_v4_flash_max,45.902912751657134,7
1167,gpt_5_5_xhigh,44.78216656274825,8
1167,claude_opus_4_8_max,43.37939084930519,9
1167,deepseek_v4_pro_max,42.14021475330181,10
1168,claude_fable_5_max,85.2320329909582,1
1168,qwen3_8_max,52.44039079940685,2
1168,deepseek_v4_flash_max,46.447220212380415,3
1168,gemini_3_1_pro_high,43.83385060045524,4
1168,gpt_5_6_sol_max,41.72112813029608,5
1168,kimi_k3_max,40.060171642086154,6
1168,gpt_5_5_xhigh,37.90446594112662,7
1168,glm_5_2_max,30.071810106766463,8
1168,deepseek_v4_pro_max,29.776843806227195,9
1168,claude_opus_4_8_max,14.71820364951041,10
1169,claude_fable_5_max,79.08899357312812,1
1169,gpt_5_6_sol_max,54.14582429036735,2
1169,deepseek_v4_flash_max,49.9358425744567,3
1169,claude_opus_4_8_max,39.5753975229972,4
1169,glm_5_2_max,34.88862993413911,5
1169,kimi_k3_max,33.537077596693045,6
1169,qwen3_8_max,29.85869541119113,7
1169,deepseek_v4_pro_max,20.39456205139031,8
1169,gpt_5_5_xhigh,18.125889854712185,9
1169,gemini_3_1_pro_high,17.1689339453486,10
1170,deepseek_v4_flash_max,99.80627458937816,1
1170,claude_fable_5_max,68.27846607622776,2
1170,glm_5_2_max,66.82905443494772,3
1170,claude_opus_4_8_max,63.175242828976565,4
1170,qwen3_8_max,52.73633560148053,5
1170,gpt_5_6_sol_max,49.09366297754392,6
1170,gemini_3_1_pro_high,45.31105780587269,7
1170,kimi_k3_max,39.51914762601665,8
1170,gpt_5_5_xhigh,34.35653937521759,9
1170,deepseek_v4_pro_max,12.632649194551929,10
1171,deepseek_v4_flash_max,68.55935155781845,1
1171,gpt_5_5_xhigh,52.79838468727594,2
1171,gpt_5_6_sol_max,46.24589306480426,3
1171,qwen3_8_max,43.14145320818114,4
1171,glm_5_2_max,42.11459538352488,5
1171,claude_fable_5_max,27.430414809601054,6
1171,claude_opus_4_8_max,27.074412959944468,7
1171,kimi_k3_max,26.47949566123822,8
1171,deepseek_v4_pro_max,24.502742577953743,9
1171,gemini_3_1_pro_high,22.66587066720697,10
1172,gpt_5_5_xhigh,60.72482497066066,1
1172,claude_opus_4_8_max,55.202841807748456,2
1172,claude_fable_5_max,53.96599166606149,3
1172,deepseek_v4_pro_max,52.056142820604954,4
1172,kimi_k3_max,49.429593007797074,5
1172,deepseek_v4_flash_max,41.714386483206525,6
1172,gemini_3_1_pro_high,40.6705463108058,7
1172,gpt_5_6_sol_max,39.194782127658215,8
1172,qwen3_8_max,33.99906699506513,9
1172,glm_5_2_max,25.055471829156133,10
1173,deepseek_v4_flash_max,74.57247279204228,1
1173,gpt_5_6_sol_max,64.8528108658381,2
1173,glm_5_2_max,63.2107866345459,3
1173,gpt_5_5_xhigh,58.94111235612887,4
1173,kimi_k3_max,55.0155243117581,5
1173,claude_opus_4_8_max,50.401523995463585,6
1173,qwen3_8_max,41.355459319591766,7
1173,claude_fable_5_max,40.530269166762295,8
1173,gemini_3_1_pro_high,37.42658587535378,9
1173,deepseek_v4_pro_max,18.054184026649807,10
1174,claude_fable_5_max,77.34460992437316,1
1174,gemini_3_1_pro_high,60.78106953205187,2
1174,claude_opus_4_8_max,57.962197080264175,3
1174,deepseek_v4_pro_max,57.80146609991569,4
1174,qwen3_8_max,56.51018379503742,5
1174,deepseek_v4_flash_max,53.39680962046588,6
1174,gpt_5_5_xhigh,51.70079368228234,7
1174,kimi_k3_max,37.07577569036529,8
1174,glm_5_2_max,34.6547830114447,9
1174,gpt_5_6_sol_max,31.371402803644404,10
1175,deepseek_v4_pro_max,83.9853327185987,1
1175,claude_fable_5_max,74.60700021037655,2
1175,claude_opus_4_8_max,66.88463567011152,3
1175,qwen3_8_max,65.92074688378604,4
1175,kimi_k3_max,62.009881821833005,5
1175,gpt_5_6_sol_max,57.70753276844533,6
1175,gpt_5_5_xhigh,53.88125738811781,7
1175,glm_5_2_max,42.24716699356337,8
1175,gemini_3_1_pro_high,37.43095008096142,9
1175,deepseek_v4_flash_max,25.15253974393968,10
1176,gemini_3_1_pro_high,66.87041365929457,1
1176,gpt_5_5_xhigh,58.23804503761775,2
1176,claude_fable_5_max,55.12224134104396,3
1176,gpt_5_6_sol_max,54.792285087370374,4
1176,glm_5_2_max,50.93041086123404,5
1176,deepseek_v4_flash_max,46.201977255697436,6
1176,deepseek_v4_pro_max,46.091521912792984,7
1176,qwen3_8_max,36.696939256031015,8
1176,kimi_k3_max,31.30396177622697,9
1176,claude_opus_4_8_max,27.065826702596517,10
1177,deepseek_v4_pro_max,93.07224232788322,1
1177,kimi_k3_max,66.2576558732166,2
1177,glm_5_2_max,57.29508845331378,3
1177,gpt_5_5_xhigh,56.047708143131615,4
1177,claude_opus_4_8_max,55.45686360265634,5
1177,gpt_5_6_sol_max,49.477250957627035,6
1177,deepseek_v4_flash_max,44.07168712682119,7
1177,qwen3_8_max,33.52607447661375,8
1177,claude_fable_5_max,32.31683726566173,9
1177,gemini_3_1_pro_high,24.075263352585583,10
1178,claude_fable_5_max,88.29190834100507,1
1178,deepseek_v4_flash_max,52.89905546380421,2
1178,glm_5_2_max,52.21274046517672,3
1178,claude_opus_4_8_max,49.95667622926148,4
1178,deepseek_v4_pro_max,42.32787263914868,5
1178,gemini_3_1_pro_high,41.028722888629595,6
1178,gpt_5_6_sol_max,33.37277052085305,7
1178,gpt_5_5_xhigh,32.189907393213275,8
1178,kimi_k3_max,30.478893746888183,9
1178,qwen3_8_max,25.476874582969682,10
1179,deepseek_v4_flash_max,79.32656245324395,1
1179,gpt_5_5_xhigh,72.65847429960078,2
1179,glm_5_2_max,58.90605858979192,3
1179,qwen3_8_max,57.81010990579755,4
1179,gpt_5_6_sol_max,56.50234254273636,5
1179,claude_fable_5_max,53.000457571871756,6
1179,gemini_3_1_pro_high,49.189524095967,7
1179,deepseek_v4_pro_max,46.26043835552309,8
1179,claude_opus_4_8_max,42.18969847175293,9
1179,kimi_k3_max,42.009037446659455,10
1180,deepseek_v4_flash_max,69.6687691609207,1
1180,claude_fable_5_max,68.89768983296241,2
1180,kimi_k3_max,64.07528317529157,3
1180,gpt_5_6_sol_max,60.40314240083023,4
1180,claude_opus_4_8_max,58.599113725270485,5
1180,gemini_3_1_pro_high,55.23072814233437,6
1180,qwen3_8_max,54.21438735554984,7
1180,glm_5_2_max,33.34774145127888,8
1180,gpt_5_5_xhigh,32.8892476744183,9
1180,deepseek_v4_pro_max,26.617797554547042,10
1181,gemini_3_1_pro_high,80.03607071338246,1
1181,claude_opus_4_8_max,54.42593790981621,2
1181,kimi_k3_max,51.68333186379827,3
1181,deepseek_v4_pro_max,48.374565821678914,4
1181,gpt_5_6_sol_max,44.537791700741785,5
1181,deepseek_v4_flash_max,42.643922614647536,6
1181,claude_fable_5_max,41.28899255783998,7
1181,gpt_5_5_xhigh,32.00771049650385,8
1181,glm_5_2_max,18.589180611945988,9
1181,qwen3_8_max,17.401138670373687,10
1182,gpt_5_6_sol_max,79.62428438982498,1
1182,glm_5_2_max,75.4497047851609,2
1182,gpt_5_5_xhigh,47.75471212407743,3
1182,claude_opus_4_8_max,46.730476623102696,4
1182,gemini_3_1_pro_high,46.5383316578947,5
1182,claude_fable_5_max,42.11547358176045,6
1182,qwen3_8_max,36.0917750223917,7
1182,deepseek_v4_flash_max,33.75940344473753,8
1182,deepseek_v4_pro_max,30.256831432968905,9
1182,kimi_k3_max,25.69026202383715,10
1183,gpt_5_6_sol_max,73.30174030812958,1
1183,claude_opus_4_8_max,69.25599464420472,2
1183,gpt_5_5_xhigh,58.53827057104602,3
1183,claude_fable_5_max,56.511308613046616,4
1183,qwen3_8_max,54.86733733652563,5
1183,deepseek_v4_pro_max,54.11238766228209,6
1183,gemini_3_1_pro_high,51.456741451360756,7
1183,kimi_k3_max,49.62221968248423,8
1183,deepseek_v4_flash_max,35.73479337408186,9
1183,glm_5_2_max,28.740075641292407,10
1184,deepseek_v4_flash_max,75.80078162991327,1
1184,gemini_3_1_pro_high,69.39281118047113,2
1184,gpt_5_6_sol_max,55.09266086215567,3
1184,kimi_k3_max,54.32216045720432,4
1184,deepseek_v4_pro_max,49.73792876323188,5
1184,gpt_5_5_xhigh,47.24842556251062,6
1184,glm_5_2_max,41.308201471969454,7
1184,qwen3_8_max,38.23937976302086,8
1184,claude_fable_5_max,29.506712908886342,9
1184,claude_opus_4_8_max,28.704980521616626,10
1185,kimi_k3_max,75.64095337030702,1
1185,deepseek_v4_flash_max,67.89792148306245,2
1185,gemini_3_1_pro_high,65.48874622706286,3
1185,gpt_5_5_xhigh,58.00607845516079,4
1185,glm_5_2_max,55.641244114386865,5
1185,deepseek_v4_pro_max,45.412749707431615,6
1185,qwen3_8_max,43.96370187235976,7
1185,claude_opus_4_8_max,39.34805603195996,8
1185,claude_fable_5_max,36.58198818879913,9
1185,gpt_5_6_sol_max,28.285646747891157,10
1186,kimi_k3_max,77.37723729152582,1
1186,gemini_3_1_pro_high,77.19046362262809,2
1186,claude_opus_4_8_max,70.3474306673933,3
1186,gpt_5_5_xhigh,68.46554280527823,4
1186,deepseek_v4_flash_max,68.28509887925888,5
1186,qwen3_8_max,65.3221761869247,6
1186,gpt_5_6_sol_max,64.29923837607163,7
1186,deepseek_v4_pro_max,45.37456132675217,8
1186,glm_5_2_max,41.040841097025506,9
1186,claude_fable_5_max,34.37762508191117,10
1187,deepseek_v4_pro_max,61.638685227415614,1
1187,claude_fable_5_max,53.2407255567218,2
1187,gpt_5_6_sol_max,52.05361246590722,3
1187,gpt_5_5_xhigh,48.694929213574405,4
1187,claude_opus_4_8_max,46.57702973922036,5
1187,kimi_k3_max,43.91283570206803,6
1187,gemini_3_1_pro_high,37.88943007914368,7
1187,qwen3_8_max,37.48209565165476,8
1187,glm_5_2_max,23.558564601614908,9
1187,deepseek_v4_flash_max,17.950473664820162,10
1188,claude_fable_5_max,62.987137092675674,1
1188,gpt_5_5_xhigh,58.48717437004988,2
1188,gpt_5_6_sol_max,56.99528099913495,3
1188,claude_opus_4_8_max,52.95985571578841,4
1188,qwen3_8_max,47.22416072526605,5
1188,deepseek_v4_pro_max,44.261282495799364,6
1188,gemini_3_1_pro_high,41.7765645151387,7
1188,glm_5_2_max,41.48701334121132,8
1188,kimi_k3_max,40.03847878524212,9
1188,deepseek_v4_flash_max,37.92586863925086,10
1189,deepseek_v4_pro_max,71.49746466825023,1
1189,claude_opus_4_8_max,65.7684049571705,2
1189,kimi_k3_max,57.004803009834035,3
1189,qwen3_8_max,55.31794125368896,4
1189,gpt_5_5_xhigh,51.018916537404245,5
1189,gpt_5_6_sol_max,40.40671881799091,6
1189,claude_fable_5_max,38.594765221067604,7
1189,glm_5_2_max,30.96520063666992,8
1189,gemini_3_1_pro_high,25.766444561100997,9
1189,deepseek_v4_flash_max,17.251335889708713,10
1190,deepseek_v4_flash_max,79.48679190896881,1
1190,claude_opus_4_8_max,69.25146199118625,2
1190,glm_5_2_max,61.24772448869627,3
1190,gpt_5_5_xhigh,59.8347358475393,4
1190,gemini_3_1_pro_high,59.375788921715525,5
1190,kimi_k3_max,49.12948589232501,6
1190,qwen3_8_max,47.57977273410039,7
1190,claude_fable_5_max,46.133177762058516,8
1190,deepseek_v4_pro_max,40.55056767650869,9
1190,gpt_5_6_sol_max,30.619154024470312,10
1191,claude_opus_4_8_max,62.12048905409371,1
1191,gpt_5_5_xhigh,58.67447294922067,2
1191,glm_5_2_max,57.651086725196826,3
1191,gemini_3_1_pro_high,55.53741799666283,4
1191,gpt_5_6_sol_max,54.967144679454904,5
1191,deepseek_v4_pro_max,52.58783827625862,6
1191,qwen3_8_max,50.979866163452115,7
1191,claude_fable_5_max,45.58627181321725,8
1191,kimi_k3_max,41.38513727995712,9
1191,deepseek_v4_flash_max,38.31557672352916,10
1192,claude_fable_5_max,75.45572199750058,1
1192,kimi_k3_max,60.55042539770369,2
1192,deepseek_v4_pro_max,56.225567860470754,3
1192,gpt_5_6_sol_max,54.49138062748944,4
1192,gpt_5_5_xhigh,53.83775999128177,5
1192,gemini_3_1_pro_high,49.485239309522825,6
1192,claude_opus_4_8_max,48.72195451050554,7
1192,glm_5_2_max,44.8270638671757,8
1192,qwen3_8_max,40.16707536798783,9
1192,deepseek_v4_flash_max,30.48828833527709,10
1193,deepseek_v4_flash_max,92.05377932224548,1
1193,glm_5_2_max,73.047869126998,2
1193,qwen3_8_max,60.192325729229324,3
1193,kimi_k3_max,49.49277851344106,4
1193,claude_opus_4_8_max,49.455388694075225,5
1193,gpt_5_6_sol_max,36.81727768788682,6
1193,gpt_5_5_xhigh,33.209390461368976,7
1193,deepseek_v4_pro_max,26.910619035571642,8
1193,gemini_3_1_pro_high,23.966946519050516,9
1193,claude_fable_5_max,21.84551491249555,10
1194,qwen3_8_max,73.36525062333918,1
1194,gemini_3_1_pro_high,69.13798701217625,2
1194,deepseek_v4_flash_max,63.431427100607934,3
1194,kimi_k3_max,63.38896805992839,4
1194,glm_5_2_max,57.93506022976955,5
1194,claude_fable_5_max,57.23430576230232,6
1194,gpt_5_5_xhigh,55.03299701981873,7
1194,gpt_5_6_sol_max,41.85180741108108,8
1194,claude_opus_4_8_max,38.067093134798604,9
1194,deepseek_v4_pro_max,23.743825930628066,10
1195,claude_fable_5_max,89.2039427435568,1
1195,gpt_5_5_xhigh,76.68754413993435,2
1195,gpt_5_6_sol_max,60.579754889716845,3
1195,kimi_k3_max,60.21528898475094,4
1195,claude_opus_4_8_max,58.83969459397138,5
1195,qwen3_8_max,51.97836592890365,6
1195,deepseek_v4_pro_max,46.85438862075381,7
1195,gemini_3_1_pro_high,35.65808887257314,8
1195,deepseek_v4_flash_max,31.587683348101578,9
1195,glm_5_2_max,23.630134570922447,10
1196,gemini_3_1_pro_high,67.08623135891091,1
1196,qwen3_8_max,65.72245031517924,2
1196,claude_opus_4_8_max,56.56876063715115,3
1196,kimi_k3_max,54.89889431675051,4
1196,gpt_5_5_xhigh,40.036167962265615,5
1196,deepseek_v4_flash_max,39.1197723837105,6
1196,claude_fable_5_max,33.147167210618214,7
1196,gpt_5_6_sol_max,31.847690291178786,8
1196,glm_5_2_max,29.06123227714795,9
1196,deepseek_v4_pro_max,15.656312280984404,10
1197,gemini_3_1_pro_high,74.53797662763638,1
1197,kimi_k3_max,62.223936589671574,2
1197,claude_fable_5_max,60.27960431706896,3
1197,gpt_5_6_sol_max,55.104048532080384,4
1197,glm_5_2_max,52.492182901127585,5
1197,qwen3_8_max,48.703513965950954,6
1197,claude_opus_4_8_max,48.69316973943717,7
1197,deepseek_v4_pro_max,41.69959839752005,8
1197,gpt_5_5_xhigh,33.00799036982825,9
1197,deepseek_v4_flash_max,10.268428981963938,10
1198,claude_fable_5_max,80.96906526983958,1
1198,glm_5_2_max,63.57589165841897,2
1198,claude_opus_4_8_max,53.26582377853394,3
1198,kimi_k3_max,46.82239958151051,4
1198,gemini_3_1_pro_high,41.12910931559347,5
1198,deepseek_v4_flash_max,35.91105912556208,6
1198,deepseek_v4_pro_max,35.523973843841475,7
1198,gpt_5_5_xhigh,30.580337690463065,8
1198,gpt_5_6_sol_max,30.38710669766529,9
1198,qwen3_8_max,25.532528196863293,10
1199,deepseek_v4_pro_max,85.41904347360546,1
1199,claude_opus_4_8_max,69.95962496589931,2
1199,qwen3_8_max,68.32615642411227,3
1199,glm_5_2_max,62.21057385947272,4
1199,gpt_5_6_sol_max,56.41051762783389,5
1199,gemini_3_1_pro_high,55.68092416592378,6
1199,gpt_5_5_xhigh,54.519545450794816,7
1199,kimi_k3_max,41.58877809840393,8
1199,deepseek_v4_flash_max,31.052222292079886,9
1199,claude_fable_5_max,27.634007855852662,10
1200,claude_opus_4_8_max,63.76838899646053,1
1200,gemini_3_1_pro_high,55.00149588826792,2
1200,deepseek_v4_flash_max,54.14379796187448,3
1200,qwen3_8_max,53.22142184488803,4
1200,claude_fable_5_max,53.04571362105085,5
1200,gpt_5_6_sol_max,50.271859217369695,6
1200,gpt_5_5_xhigh,47.2817438019607,7
1200,glm_5_2_max,46.02586577831672,8
1200,kimi_k3_max,41.31737996450367,9
1200,deepseek_v4_pro_max,29.130942445529094,10
1201,claude_opus_4_8_max,81.0040952023232,1
1201,glm_5_2_max,70.33620047467345,2
1201,gpt_5_5_xhigh,66.47241430883372,3
1201,gemini_3_1_pro_high,59.015676253835245,4
1201,kimi_k3_max,54.00597666563171,5
1201,deepseek_v4_flash_max,50.68174946779098,6
1201,qwen3_8_max,49.430438586065605,7
1201,gpt_5_6_sol_max,46.580885756296624,8
1201,deepseek_v4_pro_max,24.441755783962726,9
1201,claude_fable_5_max,20.522421496295937,10
1202,gpt_5_6_sol_max,80.79329962580462,1
1202,kimi_k3_max,72.83582247910658,2
1202,gemini_3_1_pro_high,62.08847790937233,3
1202,claude_opus_4_8_max,61.453290611969095,4
1202,qwen3_8_max,53.88164580799527,5
1202,glm_5_2_max,49.28668606697596,6
1202,deepseek_v4_pro_max,46.08202826962733,7
1202,gpt_5_5_xhigh,45.00183006972627,8
1202,claude_fable_5_max,44.22944087171281,9
1202,deepseek_v4_flash_max,40.70524514520832,10
1203,claude_fable_5_max,80.666011986466,1
1203,gpt_5_6_sol_max,65.9665119056965,2
1203,gpt_5_5_xhigh,64.82893577174632,3
1203,gemini_3_1_pro_high,54.13049111788729,4
1203,qwen3_8_max,52.2172127321791,5
1203,kimi_k3_max,51.79015983033591,6
1203,deepseek_v4_flash_max,49.06944060476384,7
1203,claude_opus_4_8_max,37.695982039426305,8
1203,deepseek_v4_pro_max,31.80822004958993,9
1203,glm_5_2_max,22.571333251803004,10
1204,gemini_3_1_pro_high,74.37407259701824,1
1204,kimi_k3_max,70.6233712612505,2
1204,claude_fable_5_max,67.36956303387144,3
1204,deepseek_v4_flash_max,59.70983418986204,4
1204,gpt_5_6_sol_max,58.69104485253962,5
1204,claude_opus_4_8_max,55.364926821266764,6
1204,deepseek_v4_pro_max,40.84148871651432,7
1204,qwen3_8_max,39.40883463549034,8
1204,glm_5_2_max,28.38060047317773,9
1204,gpt_5_5_xhigh,28.22650594775388,10
1205,claude_fable_5_max,87.0979459070835,1
1205,deepseek_v4_pro_max,42.30544172670913,2
1205,glm_5_2_max,41.83877461184876,3
1205,claude_opus_4_8_max,39.06403910223523,4
1205,gemini_3_1_pro_high,34.674514119399866,5
1205,qwen3_8_max,33.356625319469046,6
1205,gpt_5_6_sol_max,31.182726802533644,7
1205,gpt_5_5_xhigh,31.09890790135318,8
1205,deepseek_v4_flash_max,24.316192377476817,9
1205,kimi_k3_max,22.856420355094656,10
1206,glm_5_2_max,80.09868843697996,1
1206,claude_fable_5_max,70.86672863785361,2
1206,qwen3_8_max,63.86045270932173,3
1206,kimi_k3_max,62.47158744501078,4
1206,gpt_5_6_sol_max,54.37935656211619,5
1206,claude_opus_4_8_max,53.54644199853955,6
1206,gpt_5_5_xhigh,51.707641439419994,7
1206,gemini_3_1_pro_high,41.58045298477992,8
1206,deepseek_v4_flash_max,38.483060900295065,9
1206,deepseek_v4_pro_max,36.47790379004363,10
1207,claude_opus_4_8_max,81.61654800584347,1
1207,gpt_5_6_sol_max,55.46070521304235,2
1207,qwen3_8_max,54.546597887399166,3
1207,glm_5_2_max,51.884751372726306,4
1207,deepseek_v4_pro_max,50.788210377158734,5
1207,kimi_k3_max,43.30255285574183,6
1207,gemini_3_1_pro_high,41.599700091440575,7
1207,claude_fable_5_max,38.431149058343536,8
1207,gpt_5_5_xhigh,30.263544443834043,9
1207,deepseek_v4_flash_max,26.77833682188414,10
1208,kimi_k3_max,73.57007304003504,1
1208,claude_fable_5_max,56.24819444757694,2
1208,glm_5_2_max,49.62728730873138,3
1208,deepseek_v4_flash_max,48.33780739578769,4
1208,claude_opus_4_8_max,43.433286132577855,5
1208,deepseek_v4_pro_max,38.59418776716479,6
1208,qwen3_8_max,37.51437376015261,7
1208,gpt_5_5_xhigh,36.38177405148097,8
1208,gpt_5_6_sol_max,35.689587688693535,9
1208,gemini_3_1_pro_high,33.941777680849015,10
1209,claude_fable_5_max,78.33910326160714,1
1209,glm_5_2_max,71.92025049745827,2
1209,gpt_5_5_xhigh,63.520000220060865,3
1209,gemini_3_1_pro_high,55.81856577955283,4
1209,kimi_k3_max,48.43714136712981,5
1209,claude_opus_4_8_max,47.470158975294154,6
1209,deepseek_v4_flash_max,38.934229151618254,7
1209,qwen3_8_max,38.76369102921069,8
1209,gpt_5_6_sol_max,36.333112006288914,9
1209,deepseek_v4_pro_max,36.05145744163496,10
1210,glm_5_2_max,77.2147601626235,1
1210,claude_opus_4_8_max,67.99485947176846,2
1210,gpt_5_6_sol_max,66.2950687684779,3
1210,claude_fable_5_max,63.371957340866054,4
1210,kimi_k3_max,51.23052494286032,5
1210,gemini_3_1_pro_high,50.10450688433974,6
1210,gpt_5_5_xhigh,43.7500984019117,7
1210,deepseek_v4_pro_max,42.22797869869838,8
1210,qwen3_8_max,36.11449987366693,9
1210,deepseek_v4_flash_max,30.56000397572229,10
1211,deepseek_v4_pro_max,66.09073564175924,1
1211,claude_opus_4_8_max,55.52750464302151,2
1211,kimi_k3_max,52.850986557095666,3
1211,gpt_5_6_sol_max,52.515860408585205,4
1211,claude_fable_5_max,50.835025633112906,5
1211,gemini_3_1_pro_high,44.87753966105054,6
1211,gpt_5_5_xhigh,43.884559795568414,7
1211,qwen3_8_max,40.95575023756862,8
1211,deepseek_v4_flash_max,35.95068087943227,9
1211,glm_5_2_max,30.308586108598234,10
1212,claude_opus_4_8_max,71.77479111864893,1
1212,gpt_5_6_sol_max,52.2604028091751,2
1212,deepseek_v4_flash_max,44.67797727457554,3
1212,glm_5_2_max,44.64944750705925,4
1212,claude_fable_5_max,43.033189681462744,5
1212,gpt_5_5_xhigh,39.30888094411011,6
1212,qwen3_8_max,36.76510840675694,7
1212,kimi_k3_max,35.22944709831442,8
1212,gemini_3_1_pro_high,32.34742683358273,9
1212,deepseek_v4_pro_max,30.024880299983984,10
1213,glm_5_2_max,66.38215107212744,1
1213,kimi_k3_max,59.66515318408687,2
1213,qwen3_8_max,57.460202551336685,3
1213,gpt_5_6_sol_max,57.4035037929584,4
1213,deepseek_v4_pro_max,57.19190575243347,5
1213,gpt_5_5_xhigh,54.13137417807722,6
1213,claude_opus_4_8_max,52.490022059615484,7
1213,deepseek_v4_flash_max,50.47736615461585,8
1213,gemini_3_1_pro_high,49.174138975792346,9
1213,claude_fable_5_max,35.27378450087151,10
1214,claude_fable_5_max,87.53304295983287,1
1214,gemini_3_1_pro_high,68.82719661414903,2
1214,gpt_5_5_xhigh,51.01434969538769,3
1214,qwen3_8_max,50.968027817337635,4
1214,claude_opus_4_8_max,48.6790398969859,5
1214,gpt_5_6_sol_max,30.04072258961933,6
1214,deepseek_v4_flash_max,29.55321347836407,7
1214,kimi_k3_max,28.673052324577746,8
1214,glm_5_2_max,27.51968163129793,9
1214,deepseek_v4_pro_max,25.025328419550178,10
1215,deepseek_v4_pro_max,84.31904643405775,1
1215,claude_opus_4_8_max,62.95865771963943,2
1215,deepseek_v4_flash_max,52.16558144650666,3
1215,glm_5_2_max,48.98104289709462,4
1215,claude_fable_5_max,40.216450438436226,5
1215,kimi_k3_max,39.6864685126778,6
1215,gemini_3_1_pro_high,35.15266610613436,7
1215,gpt_5_6_sol_max,32.65985260579394,8
1215,qwen3_8_max,24.53468655316339,9
1215,gpt_5_5_xhigh,24.019852859681748,10
1216,glm_5_2_max,82.0202845868033,1
1216,kimi_k3_max,71.64838460771257,2
1216,claude_opus_4_8_max,71.39480436502556,3
1216,deepseek_v4_flash_max,46.811471530882066,4
1216,claude_fable_5_max,37.574051360789255,5
1216,gpt_5_6_sol_max,36.06694693450211,6
1216,deepseek_v4_pro_max,34.34636408706549,7
1216,gpt_5_5_xhigh,31.715537383307165,8
1216,gemini_3_1_pro_high,26.319642316020143,9
1216,qwen3_8_max,20.081850204424903,10
1217,glm_5_2_max,73.33992748377466,1
1217,gpt_5_6_sol_max,70.31650214604642,2
1217,claude_fable_5_max,61.61552551483625,3
1217,gpt_5_5_xhigh,54.338419980965696,4
1217,claude_opus_4_8_max,48.78048449290277,5
1217,deepseek_v4_pro_max,46.08432606689277,6
1217,gemini_3_1_pro_high,44.41045997110259,7
1217,deepseek_v4_flash_max,43.35220272260429,8
1217,kimi_k3_max,40.997749754270515,9
1217,qwen3_8_max,26.590801051829573,10
1218,claude_opus_4_8_max,69.83758812029684,1
1218,gpt_5_5_xhigh,67.55178162560713,2
1218,gemini_3_1_pro_high,64.27873920984908,3
1218,kimi_k3_max,63.69846508833258,4
1218,deepseek_v4_pro_max,62.1896504429322,5
1218,gpt_5_6_sol_max,60.46466364381507,6
1218,glm_5_2_max,49.65314216794258,7
1218,qwen3_8_max,49.18176496353034,8
1218,deepseek_v4_flash_max,34.182237476936606,9
1218,claude_fable_5_max,33.34405600836959,10
1219,deepseek_v4_flash_max,75.66411334295519,1
1219,qwen3_8_max,68.38264574721306,2
1219,claude_fable_5_max,63.2205398881122,3
1219,glm_5_2_max,55.05343665433665,4
1219,gpt_5_5_xhigh,52.94001535501971,5
1219,gemini_3_1_pro_high,45.414745302997346,6
1219,deepseek_v4_pro_max,43.14442461659513,7
1219,gpt_5_6_sol_max,31.61437635292797,8
1219,claude_opus_4_8_max,30.777955430364553,9
1219,kimi_k3_max,25.345262732182892,10
1220,deepseek_v4_pro_max,67.39354138337848,1
1220,claude_opus_4_8_max,50.30580598637453,2
1220,qwen3_8_max,49.625149296453046,3
1220,claude_fable_5_max,40.69602614867777,4
1220,glm_5_2_max,35.74150142425833,5
1220,gpt_5_5_xhigh,33.712157510632736,6
1220,kimi_k3_max,24.512723235077637,7
1220,gemini_3_1_pro_high,23.229377809794137,8
1220,gpt_5_6_sol_max,23.114151788205895,9
1220,deepseek_v4_flash_max,4.641772496007368,10
1221,deepseek_v4_pro_max,80.47463005656968,1
1221,claude_fable_5_max,63.8016487277589,2
1221,gpt_5_5_xhigh,53.75251780383499,3
1221,claude_opus_4_8_max,45.25854317189476,4
1221,gpt_5_6_sol_max,38.4224506493445,5
1221,glm_5_2_max,37.15782924079073,6
1221,gemini_3_1_pro_high,34.26296671341552,7
1221,kimi_k3_max,33.984675660935835,8
1221,qwen3_8_max,28.30144826351324,9
1221,deepseek_v4_flash_max,27.366825666016407,10
1222,claude_fable_5_max,86.60474206657769,1
1222,glm_5_2_max,60.82758551990815,2
1222,gpt_5_6_sol_max,55.82801079514532,3
1222,gemini_3_1_pro_high,53.47855582697301,4
1222,qwen3_8_max,51.891920384578604,5
1222,gpt_5_5_xhigh,48.694596283082596,6
1222,deepseek_v4_flash_max,41.798190858986004,7
1222,deepseek_v4_pro_max,41.76303511483815,8
1222,claude_opus_4_8_max,31.70548930691719,9
1222,kimi_k3_max,20.422722160410835,10
1223,kimi_k3_max,72.36146032695237,1
1223,gpt_5_6_sol_max,62.588327982403925,2
1223,deepseek_v4_flash_max,61.61144457789631,3
1223,claude_opus_4_8_max,53.1396968559075,4
1223,gpt_5_5_xhigh,49.80408097389092,5
1223,gemini_3_1_pro_high,44.58939646571999,6
1223,claude_fable_5_max,40.39242990296737,7
1223,deepseek_v4_pro_max,36.26614101309069,8
1223,glm_5_2_max,33.003223352602426,9
1223,qwen3_8_max,28.704165604879933,10
1224,claude_fable_5_max,85.31554899378618,1
1224,gpt_5_6_sol_max,62.935809726035046,2
1224,kimi_k3_max,61.73981228098721,3
1224,claude_opus_4_8_max,56.950644589034994,4
1224,deepseek_v4_flash_max,54.38656736610038,5
1224,glm_5_2_max,44.508002906035045,6
1224,qwen3_8_max,42.29241518785245,7
1224,gpt_5_5_xhigh,41.03522657319894,8
1224,gemini_3_1_pro_high,36.22559709292893,9
1224,deepseek_v4_pro_max,17.286726314466982,10
1225,claude_fable_5_max,73.77096916775727,1
1225,deepseek_v4_pro_max,56.25601346239756,2
1225,claude_opus_4_8_max,53.02341243799591,3
1225,gpt_5_5_xhigh,52.516242270402024,4
1225,gemini_3_1_pro_high,51.28745399667049,5
1225,gpt_5_6_sol_max,47.335519192947174,6
1225,glm_5_2_max,41.075835263967086,7
1225,kimi_k3_max,40.88365890057222,8
1225,qwen3_8_max,30.301163797463097,9
1225,deepseek_v4_flash_max,24.538754301321134,10
1226,gpt_5_6_sol_max,74.09753525589286,1
1226,kimi_k3_max,60.0855529554784,2
1226,gemini_3_1_pro_high,51.931404567384874,3
1226,claude_opus_4_8_max,50.84554153678897,4
1226,deepseek_v4_flash_max,46.55817034119349,5
1226,glm_5_2_max,46.334861743189634,6
1226,gpt_5_5_xhigh,43.96260268464003,7
1226,claude_fable_5_max,43.58802910179492,8
1226,qwen3_8_max,33.97261787095855,9
1226,deepseek_v4_pro_max,30.21338774314333,10
1227,glm_5_2_max,76.51558791380428,1
1227,claude_opus_4_8_max,63.49177829181219,2
1227,kimi_k3_max,60.31899860840213,3
1227,deepseek_v4_flash_max,56.30100816730578,4
1227,qwen3_8_max,54.37515251813621,5
1227,gemini_3_1_pro_high,52.27248149500875,6
1227,gpt_5_6_sol_max,50.62031835120125,7
1227,claude_fable_5_max,43.98092689989972,8
1227,deepseek_v4_pro_max,41.82315594840202,9
1227,gpt_5_5_xhigh,37.654180856365045,10
1228,deepseek_v4_pro_max,72.07478930269056,1
1228,gpt_5_6_sol_max,64.57921599322188,2
1228,claude_fable_5_max,61.227093287630765,3
1228,kimi_k3_max,58.71275548587166,4
1228,glm_5_2_max,50.249553602771456,5
1228,gpt_5_5_xhigh,50.089931906992376,6
1228,qwen3_8_max,47.80316353440427,7
1228,gemini_3_1_pro_high,36.75848313863934,8
1228,claude_opus_4_8_max,26.77804935966104,9
1228,deepseek_v4_flash_max,25.199749143404944,10
1229,claude_fable_5_max,83.69720949375699,1
1229,deepseek_v4_flash_max,70.96499536965185,2
1229,kimi_k3_max,60.10778068384578,3
1229,gemini_3_1_pro_high,50.48511240017586,4
1229,gpt_5_6_sol_max,48.4894667882402,5
1229,claude_opus_4_8_max,47.44620675863273,6
1229,deepseek_v4_pro_max,43.03405586608176,7
1229,gpt_5_5_xhigh,39.67968746493766,8
1229,qwen3_8_max,39.27658657264218,9
1229,glm_5_2_max,27.42460429164334,10
1230,gpt_5_6_sol_max,64.76388448688982,1
1230,qwen3_8_max,61.16548077918746,2
1230,claude_fable_5_max,59.507641128851475,3
1230,gpt_5_5_xhigh,59.47085067544094,4
1230,deepseek_v4_pro_max,52.73275521112706,5
1230,gemini_3_1_pro_high,51.49628401299199,6
1230,claude_opus_4_8_max,42.75300357426734,7
1230,kimi_k3_max,38.59241386531575,8
1230,glm_5_2_max,31.900906244941247,9
1230,deepseek_v4_flash_max,12.426817979929275,10
1231,gpt_5_6_sol_max,76.73002868373663,1
1231,glm_5_2_max,70.3867136094176,2
1231,deepseek_v4_flash_max,69.26189522625967,3
1231,gpt_5_5_xhigh,65.66420648101342,4
1231,deepseek_v4_pro_max,65.29219347145218,5
1231,claude_fable_5_max,61.98496157231109,6
1231,kimi_k3_max,58.34149982738156,7
1231,claude_opus_4_8_max,50.68813914823264,8
1231,qwen3_8_max,39.94866551357665,9
1231,gemini_3_1_pro_high,27.200983103725832,10
1232,gpt_5_5_xhigh,76.0834987492986,1
1232,gemini_3_1_pro_high,71.260234979618,2
1232,gpt_5_6_sol_max,65.78959869684347,3
1232,deepseek_v4_pro_max,55.431082935726614,4
1232,deepseek_v4_flash_max,53.02051268722159,5
1232,kimi_k3_max,44.588637197565106,6
1232,claude_opus_4_8_max,39.975635130379466,7
1232,glm_5_2_max,36.83505757357573,8
1232,qwen3_8_max,34.05690451229393,9
1232,claude_fable_5_max,24.133920863636725,10
1233,kimi_k3_max,78.98448999515192,1
1233,claude_opus_4_8_max,77.5581378256801,2
1233,gemini_3_1_pro_high,69.83834631653815,3
1233,deepseek_v4_pro_max,69.60643959426369,4
1233,gpt_5_5_xhigh,55.12590065711426,5
1233,gpt_5_6_sol_max,53.901891199898024,6
1233,qwen3_8_max,45.16934028934804,7
1233,glm_5_2_max,43.0447535741205,8
1233,deepseek_v4_flash_max,20.645179515668683,9
1233,claude_fable_5_max,17.96208008939349,10
1234,claude_fable_5_max,61.215110030782455,1
1234,gpt_5_5_xhigh,53.642379552147524,2
1234,gemini_3_1_pro_high,52.453007014583974,3
1234,gpt_5_6_sol_max,48.88626845708637,4
1234,claude_opus_4_8_max,48.217374727947096,5
1234,deepseek_v4_flash_max,47.82431311586085,6
1234,kimi_k3_max,42.161241041368434,7
1234,glm_5_2_max,33.43045663667469,8
1234,qwen3_8_max,32.91767536529036,9
1234,deepseek_v4_pro_max,20.87289917992165,10
1235,claude_fable_5_max,81.45531985571213,1
1235,kimi_k3_max,45.875266881368,2
1235,gpt_5_5_xhigh,45.648363236516985,3
1235,deepseek_v4_flash_max,43.85987482114812,4
1235,claude_opus_4_8_max,34.32508994081454,5
1235,deepseek_v4_pro_max,30.879477037279678,6
1235,gemini_3_1_pro_high,29.967052615463803,7
1235,qwen3_8_max,28.92769549907556,8
1235,gpt_5_6_sol_max,21.483267370652726,9
1235,glm_5_2_max,21.30210761252224,10
1236,gemini_3_1_pro_high,66.21224982535253,1
1236,claude_fable_5_max,58.072831863509684,2
1236,gpt_5_6_sol_max,54.59406717671037,3
1236,glm_5_2_max,54.20439578763413,4
1236,deepseek_v4_flash_max,44.58767625455571,5
1236,claude_opus_4_8_max,41.78318813695991,6
1236,gpt_5_5_xhigh,36.01241274251064,7
1236,qwen3_8_max,35.77232273980971,8
1236,kimi_k3_max,35.7418878591302,9
1236,deepseek_v4_pro_max,7.698941937176403,10
1237,deepseek_v4_pro_max,71.80269648019753,1
1237,claude_fable_5_max,69.61198026955829,2
1237,kimi_k3_max,66.75221013227946,3
1237,gpt_5_5_xhigh,65.02349306654354,4
1237,claude_opus_4_8_max,58.52459273730693,5
1237,gpt_5_6_sol_max,54.040333513974694,6
1237,qwen3_8_max,52.40965685040658,7
1237,glm_5_2_max,39.83135946088817,8
1237,gemini_3_1_pro_high,31.98904422306273,9
1237,deepseek_v4_flash_max,28.678748461695132,10
1238,claude_fable_5_max,75.11246080234676,1
1238,kimi_k3_max,56.59310614655752,2
1238,deepseek_v4_pro_max,54.61662256386198,3
1238,gpt_5_6_sol_max,51.74363239823517,4
1238,claude_opus_4_8_max,49.5197687052212,5
1238,gpt_5_5_xhigh,48.651393012449894,6
1238,glm_5_2_max,43.18543745206377,7
1238,qwen3_8_max,41.213806259800826,8
1238,deepseek_v4_flash_max,35.52514728997306,9
1238,gemini_3_1_pro_high,34.46121048113264,10
1239,glm_5_2_max,76.89793565678752,1
1239,claude_fable_5_max,76.7426696322807,2
1239,gpt_5_6_sol_max,66.51923412023221,3
1239,qwen3_8_max,66.50908796522677,4
1239,deepseek_v4_pro_max,62.72769382177048,5
1239,kimi_k3_max,57.29630862805129,6
1239,gpt_5_5_xhigh,42.366434412172254,7
1239,deepseek_v4_flash_max,42.06161173672044,8
1239,gemini_3_1_pro_high,41.82928804396452,9
1239,claude_opus_4_8_max,37.001019278564314,10
1240,kimi_k3_max,76.74802370971881,1
1240,deepseek_v4_flash_max,69.75592266788381,2
1240,gemini_3_1_pro_high,60.718721545893175,3
1240,claude_opus_4_8_max,57.682195296023856,4
1240,gpt_5_5_xhigh,55.45596043053411,5
1240,gpt_5_6_sol_max,54.667544403069556,6
1240,claude_fable_5_max,51.79249377207999,7
1240,deepseek_v4_pro_max,47.02149102137848,8
1240,glm_5_2_max,39.86925716065917,9
1240,qwen3_8_max,37.120742401563845,10
1241,gemini_3_1_pro_high,74.3707322930876,1
1241,claude_opus_4_8_max,56.249429558581625,2
1241,gpt_5_6_sol_max,54.024580155836915,3
1241,deepseek_v4_pro_max,47.513174279610084,4
1241,glm_5_2_max,44.40600337765754,5
1241,deepseek_v4_flash_max,36.823035844558646,6
1241,qwen3_8_max,34.52963747356741,7
1241,claude_fable_5_max,30.300679343041335,8
1241,kimi_k3_max,27.655830805288776,9
1241,gpt_5_5_xhigh,25.808616892635378,10
1242,deepseek_v4_flash_max,88.11485213807414,1
1242,kimi_k3_max,70.59078593722789,2
1242,claude_fable_5_max,66.56129703360413,3
1242,gpt_5_6_sol_max,58.61168373056283,4
1242,qwen3_8_max,52.757838982408416,5
1242,deepseek_v4_pro_max,47.95755581982817,6
1242,claude_opus_4_8_max,47.721958460380954,7
1242,glm_5_2_max,41.04626631151112,8
1242,gpt_5_5_xhigh,36.69980632199557,9
1242,gemini_3_1_pro_high,32.63821914977714,10
1243,deepseek_v4_flash_max,73.72918448694486,1
1243,claude_fable_5_max,51.70254864032173,2
1243,gpt_5_6_sol_max,50.773605622234655,3
1243,gpt_5_5_xhigh,47.72847017036491,4
1243,kimi_k3_max,43.939361856584135,5
1243,claude_opus_4_8_max,43.1603913808022,6
1243,glm_5_2_max,42.03723595994376,7
1243,gemini_3_1_pro_high,34.934898039708614,8
1243,qwen3_8_max,28.99861322146998,9
1243,deepseek_v4_pro_max,15.97590903832911,10
1244,claude_fable_5_max,80.10045309420234,1
1244,gpt_5_6_sol_max,58.3339102167531,2
1244,kimi_k3_max,47.74788580710741,3
1244,claude_opus_4_8_max,47.124332507200975,4
1244,deepseek_v4_flash_max,41.993889284926865,5
1244,gpt_5_5_xhigh,35.95846581646598,6
1244,deepseek_v4_pro_max,35.626091938861194,7
1244,qwen3_8_max,32.13872623648213,8
1244,glm_5_2_max,31.620898975862985,9
1244,gemini_3_1_pro_high,30.525151034593854,10
1245,deepseek_v4_pro_max,75.00086016841138,1
1245,qwen3_8_max,71.42771053716942,2
1245,claude_opus_4_8_max,62.46676143391227,3
1245,gemini_3_1_pro_high,60.948574945891835,4
1245,gpt_5_6_sol_max,54.73869329994056,5
1245,deepseek_v4_flash_max,53.45180482997024,6
1245,gpt_5_5_xhigh,48.1354594202656,7
1245,kimi_k3_max,40.72793811067368,8
1245,glm_5_2_max,30.28115965254495,9
1245,claude_fable_5_max,29.1886433596108,10
1246,gemini_3_1_pro_high,81.93117318077185,1
1246,glm_5_2_max,77.89452357491388,2
1246,deepseek_v4_pro_max,71.16583511859318,3
1246,claude_opus_4_8_max,57.709560317556914,4
1246,gpt_5_6_sol_max,53.86401477013996,5
1246,claude_fable_5_max,52.26486648891259,6
1246,kimi_k3_max,43.04484301822187,7
1246,qwen3_8_max,38.2589330128338,8
1246,gpt_5_5_xhigh,36.583607425204164,9
1246,deepseek_v4_flash_max,17.787247977824514,10
1247,gemini_3_1_pro_high,85.74230786266672,1
1247,kimi_k3_max,71.48974409789359,2
1247,gpt_5_6_sol_max,67.1213782206834,3
1247,deepseek_v4_pro_max,65.09962092021964,4
1247,glm_5_2_max,55.621560057389516,5
1247,claude_opus_4_8_max,43.272613566497796,6
1247,gpt_5_5_xhigh,40.24921676098251,7
1247,qwen3_8_max,39.799187608474384,8
1247,claude_fable_5_max,33.916659334346285,9
1247,deepseek_v4_flash_max,26.85032233773294,10
1248,claude_opus_4_8_max,64.7406414920089,1
1248,deepseek_v4_flash_max,63.39064827096877,2
1248,qwen3_8_max,54.329835378285686,3
1248,gpt_5_6_sol_max,50.95936847684876,4
1248,kimi_k3_max,50.57006716279133,5
1248,glm_5_2_max,49.95844862141399,6
1248,gpt_5_5_xhigh,36.642616896333415,7
1248,gemini_3_1_pro_high,35.48947937884531,8
1248,claude_fable_5_max,35.13790763553604,9
1248,deepseek_v4_pro_max,19.771804800115582,10
1249,qwen3_8_max,74.87553449113035,1
1249,claude_fable_5_max,64.09117345505977,2
1249,kimi_k3_max,50.18130639052231,3
1249,deepseek_v4_flash_max,47.39579945803415,4
1249,gpt_5_5_xhigh,47.26329571614669,5
1249,claude_opus_4_8_max,37.344248938221114,6
1249,gemini_3_1_pro_high,30.427006314971663,7
1249,deepseek_v4_pro_max,26.668932525424843,8
1249,gpt_5_6_sol_max,18.198099844513962,9
1249,glm_5_2_max,14.330689651678084,10
1250,gpt_5_5_xhigh,68.96753090906165,1
1250,gemini_3_1_pro_high,55.84610613591473,2
1250,glm_5_2_max,49.01669110045526,3
1250,claude_opus_4_8_max,43.350708891951754,4
1250,deepseek_v4_flash_max,42.961978813788164,5
1250,deepseek_v4_pro_max,42.753497354852655,6
1250,qwen3_8_max,36.66375832727294,7
1250,gpt_5_6_sol_max,29.8451746857507,8
1250,kimi_k3_max,29.2734593511723,9
1250,claude_fable_5_max,20.884418206439552,10
1251,deepseek_v4_pro_max,94.82196012059704,1
1251,gpt_5_5_xhigh,59.918004433968434,2
1251,claude_opus_4_8_max,54.98044046050031,3
1251,qwen3_8_max,54.25924535814398,4
1251,gemini_3_1_pro_high,48.57181242272197,5
1251,glm_5_2_max,45.81589981870066,6
1251,kimi_k3_max,45.15264125642304,7
1251,gpt_5_6_sol_max,39.251971613602485,8
1251,claude_fable_5_max,33.880569946423165,9
1251,deepseek_v4_flash_max,16.25979081801461,10
1252,glm_5_2_max,80.72939968598234,1
1252,deepseek_v4_pro_max,70.18947427629858,2
1252,gpt_5_6_sol_max,58.04930337053614,3
1252,claude_opus_4_8_max,57.496439381236414,4
1252,gpt_5_5_xhigh,56.894622568914656,5
1252,deepseek_v4_flash_max,52.5201174663826,6
1252,kimi_k3_max,46.44358302030619,7
1252,qwen3_8_max,42.71686834369385,8
1252,claude_fable_5_max,38.09017630110705,9
1252,gemini_3_1_pro_high,37.46713300008288,10
1253,deepseek_v4_pro_max,79.13796856662074,1
1253,gpt_5_5_xhigh,45.0316873784563,2
1253,gpt_5_6_sol_max,43.10402524182331,3
1253,claude_opus_4_8_max,40.74655316267166,4
1253,kimi_k3_max,38.175812116851404,5
1253,claude_fable_5_max,35.8278439414779,6
1253,gemini_3_1_pro_high,28.82663832503758,7
1253,glm_5_2_max,27.109325482276716,8
1253,qwen3_8_max,26.988583949373716,9
1253,deepseek_v4_flash_max,19.617932777706965,10
1254,gpt_5_5_xhigh,69.86792715060487,1
1254,deepseek_v4_pro_max,64.65708578144474,2
1254,kimi_k3_max,44.91798678536799,3
1254,claude_fable_5_max,40.088366410942,4
1254,qwen3_8_max,37.259740381121105,5
1254,claude_opus_4_8_max,37.09076830192512,6
1254,gemini_3_1_pro_high,33.24340803720945,7
1254,glm_5_2_max,28.826130394555374,8
1254,gpt_5_6_sol_max,28.401963326012265,9
1254,deepseek_v4_flash_max,20.54158220534775,10
1255,claude_opus_4_8_max,70.88404290530049,1
1255,kimi_k3_max,66.88761825080906,2
1255,gpt_5_5_xhigh,62.905897099856574,3
1255,deepseek_v4_pro_max,39.47794906426411,4
1255,claude_fable_5_max,33.94841132226086,5
1255,gpt_5_6_sol_max,29.71554800369811,6
1255,gemini_3_1_pro_high,28.652849345191555,7
1255,qwen3_8_max,16.667787448529616,8
1255,glm_5_2_max,15.474968257428863,9
1255,deepseek_v4_flash_max,11.916275964044374,10
1256,kimi_k3_max,70.70141892975744,1
1256,gpt_5_5_xhigh,61.87208597477365,2
1256,gpt_5_6_sol_max,61.61455055960954,3
1256,deepseek_v4_flash_max,58.35100219918171,4
1256,claude_opus_4_8_max,54.83524988821911,5
1256,qwen3_8_max,53.139607081153414,6
1256,glm_5_2_max,42.0013782184679,7
1256,deepseek_v4_pro_max,32.47300909207536,8
1256,claude_fable_5_max,30.244994892162396,9
1256,gemini_3_1_pro_high,29.00644522454163,10
1257,gpt_5_6_sol_max,81.31888255698463,1
1257,deepseek_v4_flash_max,69.19610783760339,2
1257,claude_fable_5_max,63.92736080143794,3
1257,deepseek_v4_pro_max,58.84158879584653,4
1257,gpt_5_5_xhigh,55.290585413234595,5
1257,kimi_k3_max,54.16769682708696,6
1257,gemini_3_1_pro_high,53.7736959854819,7
1257,claude_opus_4_8_max,50.814295400800404,8
1257,glm_5_2_max,38.047873564841005,9
1257,qwen3_8_max,31.036144025974814,10
1258,gpt_5_6_sol_max,66.30921952123865,1
1258,gemini_3_1_pro_high,63.65073065505024,2
1258,kimi_k3_max,63.058381925594446,3
1258,deepseek_v4_pro_max,58.640871965409175,4
1258,claude_fable_5_max,48.36410065973437,5
1258,gpt_5_5_xhigh,45.07499951573597,6
1258,qwen3_8_max,42.396137200464224,7
1258,claude_opus_4_8_max,37.835014962224335,8
1258,glm_5_2_max,34.567753804753565,9
1258,deepseek_v4_flash_max,30.812379281505848,10
1259,deepseek_v4_pro_max,69.45875558703912,1
1259,gpt_5_5_xhigh,64.04755506902703,2
1259,gpt_5_6_sol_max,55.91354214381394,3
1259,claude_fable_5_max,55.27836021219505,4
1259,gemini_3_1_pro_high,41.92804123037341,5
1259,claude_opus_4_8_max,40.603498104795406,6
1259,qwen3_8_max,36.52547508491591,7
1259,kimi_k3_max,35.92819524958718,8
1259,deepseek_v4_flash_max,34.86839469227954,9
1259,glm_5_2_max,18.782810744004696,10
1260,claude_fable_5_max,86.04734943870781,1
1260,gpt_5_6_sol_max,74.6715773273481,2
1260,deepseek_v4_pro_max,58.116875338424464,3
1260,claude_opus_4_8_max,51.60441263689896,4
1260,kimi_k3_max,43.15393636003911,5
1260,gemini_3_1_pro_high,40.214553377327626,6
1260,deepseek_v4_flash_max,39.571021263113494,7
1260,gpt_5_5_xhigh,37.80510679059692,8
1260,qwen3_8_max,24.999292957741726,9
1260,glm_5_2_max,18.75167127725442,10
1261,claude_fable_5_max,74.46732757980402,1
1261,qwen3_8_max,63.62459120190562,2
1261,kimi_k3_max,56.238213598381336,3
1261,deepseek_v4_flash_max,55.98053163017555,4
1261,gpt_5_5_xhigh,50.300968857549925,5
1261,deepseek_v4_pro_max,41.76513803969593,6
1261,glm_5_2_max,40.74485303752017,7
1261,gpt_5_6_sol_max,35.36098799735159,8
1261,claude_opus_4_8_max,25.186388530037306,9
1261,gemini_3_1_pro_high,22.185149418921164,10
1262,deepseek_v4_pro_max,68.24401230197866,1
1262,gpt_5_6_sol_max,62.50325009308221,2
1262,claude_fable_5_max,61.043789300480796,3
1262,gpt_5_5_xhigh,55.90127998388898,4
1262,claude_opus_4_8_max,55.287669967597616,5
1262,qwen3_8_max,47.84845677059157,6
1262,glm_5_2_max,47.32961893788223,7
1262,kimi_k3_max,37.82415878752995,8
1262,gemini_3_1_pro_high,33.73076706002047,9
1262,deepseek_v4_flash_max,32.45179974284858,10
1263,deepseek_v4_pro_max,100.0,1
1263,kimi_k3_max,61.120969107294094,2
1263,gpt_5_6_sol_max,54.64974497687322,3
1263,qwen3_8_max,45.12575422433811,4
1263,gpt_5_5_xhigh,35.78886255498507,5
1263,deepseek_v4_flash_max,34.92812858342633,6
1263,claude_fable_5_max,28.3236320088573,7
1263,claude_opus_4_8_max,26.245445738028884,8
1263,gemini_3_1_pro_high,22.95558290255661,9
1263,glm_5_2_max,18.496210603270903,10
1264,glm_5_2_max,85.79931833914274,1
1264,deepseek_v4_pro_max,69.71412745302831,2
1264,claude_opus_4_8_max,60.700954551323925,3
1264,gpt_5_5_xhigh,56.59282615232381,4
1264,gpt_5_6_sol_max,54.329366920552005,5
1264,claude_fable_5_max,52.8482183711649,6
1264,deepseek_v4_flash_max,51.11604241979199,7
1264,gemini_3_1_pro_high,40.65406759792613,8
1264,qwen3_8_max,31.3556672032309,9
1264,kimi_k3_max,29.883740065301954,10
1265,gpt_5_6_sol_max,77.02492365441128,1
1265,deepseek_v4_pro_max,76.2914062922393,2
1265,claude_opus_4_8_max,69.62977069290073,3
1265,claude_fable_5_max,59.3187692013696,4
1265,gpt_5_5_xhigh,54.559123326471074,5
1265,deepseek_v4_flash_max,45.82966259866375,6
1265,gemini_3_1_pro_high,45.4844206545846,7
1265,kimi_k3_max,42.513035634651445,8
1265,glm_5_2_max,37.537099708568384,9
1265,qwen3_8_max,33.730715850664794,10
1266,deepseek_v4_flash_max,78.6579034195537,1
1266,claude_fable_5_max,54.4179628726974,2
1266,gpt_5_5_xhigh,46.368430369297315,3
1266,kimi_k3_max,45.958129850756634,4
1266,gpt_5_6_sol_max,45.51498081707707,5
1266,glm_5_2_max,43.95969077197726,6
1266,deepseek_v4_pro_max,37.576890072508114,7
1266,claude_opus_4_8_max,31.896173910720794,8
1266,gemini_3_1_pro_high,30.799804436342495,9
1266,qwen3_8_max,28.166746030906353,10
1267,glm_5_2_max,76.27909310449715,1
1267,claude_fable_5_max,74.04241190340477,2
1267,claude_opus_4_8_max,54.41706973298906,3
1267,qwen3_8_max,54.20323491616642,4
1267,deepseek_v4_pro_max,52.10230198464397,5
1267,gpt_5_5_xhigh,45.19927952834315,6
1267,gemini_3_1_pro_high,45.10278853163061,7
1267,gpt_5_6_sol_max,34.74052141963622,8
1267,kimi_k3_max,29.01962857041682,9
1267,deepseek_v4_flash_max,25.404055429204945,10
1268,gemini_3_1_pro_high,69.75395667702506,1
1268,claude_fable_5_max,68.22362367920806,2
1268,claude_opus_4_8_max,64.6667347513859,3
1268,glm_5_2_max,60.67122621021637,4
1268,deepseek_v4_flash_max,58.9178065998815,5
1268,deepseek_v4_pro_max,45.33244974937267,6
1268,qwen3_8_max,43.48961044974891,7
1268,gpt_5_5_xhigh,42.17582367167106,8
1268,gpt_5_6_sol_max,31.45380895027523,9
1268,kimi_k3_max,27.693122848741872,10
1269,claude_fable_5_max,77.24492021942251,1
1269,deepseek_v4_pro_max,74.42969377730638,2
1269,kimi_k3_max,67.38701783249321,3
1269,gpt_5_5_xhigh,67.1701934348033,4
1269,gpt_5_6_sol_max,60.06479184555151,5
1269,gemini_3_1_pro_high,53.51150690574117,6
1269,claude_opus_4_8_max,48.9687711721717,7
1269,deepseek_v4_flash_max,46.14570485595861,8
1269,qwen3_8_max,44.628355900117356,9
1269,glm_5_2_max,26.58084164501158,10
1270,claude_fable_5_max,63.18796324286355,1
1270,claude_opus_4_8_max,56.243614385411846,2
1270,gemini_3_1_pro_high,49.898182730568806,3
1270,deepseek_v4_flash_max,40.74174621205514,4
1270,glm_5_2_max,35.32689464371465,5
1270,kimi_k3_max,31.296858897381902,6
1270,gpt_5_5_xhigh,30.38565820128676,7
1270,deepseek_v4_pro_max,30.29914177806465,8
1270,gpt_5_6_sol_max,27.685342032277205,9
1270,qwen3_8_max,26.394323141890233,10
1271,deepseek_v4_pro_max,96.76725747348102,1
1271,gpt_5_6_sol_max,53.89634152077115,2
1271,qwen3_8_max,53.38052137639022,3
1271,gemini_3_1_pro_high,51.74660697783934,4
1271,claude_fable_5_max,51.025454637935596,5
1271,kimi_k3_max,50.182916903916066,6
1271,claude_opus_4_8_max,48.33682551768751,7
1271,gpt_5_5_xhigh,45.562893733825874,8
1271,glm_5_2_max,36.027368660123926,9
1271,deepseek_v4_flash_max,21.714961195905982,10
1272,claude_fable_5_max,86.69768984680846,1
1272,gemini_3_1_pro_high,71.68942756121919,2
1272,gpt_5_6_sol_max,66.13744868798204,3
1272,deepseek_v4_flash_max,60.73949137106315,4
1272,kimi_k3_max,60.29728405440892,5
1272,claude_opus_4_8_max,57.688006145191764,6
1272,gpt_5_5_xhigh,57.19535859857652,7
1272,deepseek_v4_pro_max,43.31179274776687,8
1272,qwen3_8_max,39.72533838217761,9
1272,glm_5_2_max,23.107804079858134,10
1273,gemini_3_1_pro_high,74.8014270080458,1
1273,glm_5_2_max,56.18891873412697,2
1273,gpt_5_6_sol_max,55.02045577044645,3
1273,claude_fable_5_max,54.48346207652608,4
1273,gpt_5_5_xhigh,52.15495976166407,5
1273,qwen3_8_max,49.13147935377408,6
1273,kimi_k3_max,45.58161320621054,7
1273,claude_opus_4_8_max,45.5455618288918,8
1273,deepseek_v4_pro_max,43.82515588743887,9
1273,deepseek_v4_flash_max,22.17566059816356,10
1274,deepseek_v4_flash_max,74.85976721060484,1
1274,gpt_5_6_sol_max,67.69826804945568,2
1274,glm_5_2_max,63.55974478728509,3
1274,kimi_k3_max,62.40134398704798,4
1274,gemini_3_1_pro_high,50.52912310933201,5
1274,qwen3_8_max,43.49646637281362,6
1274,deepseek_v4_pro_max,40.298365479003,7
1274,claude_fable_5_max,35.88265495780878,8
1274,claude_opus_4_8_max,33.47167659041964,9
1274,gpt_5_5_xhigh,23.791984158910044,10
1275,deepseek_v4_pro_max,90.5456008699521,1
1275,gpt_5_6_sol_max,67.93612529871173,2
1275,claude_fable_5_max,66.96434530628586,3
1275,glm_5_2_max,57.17957777395806,4
1275,claude_opus_4_8_max,49.29791446275981,5
1275,deepseek_v4_flash_max,45.26449879056472,6
1275,gemini_3_1_pro_high,40.23588713505469,7
1275,gpt_5_5_xhigh,38.38563745946846,8
1275,kimi_k3_max,35.286746266948825,9
1275,qwen3_8_max,30.917287372503345,10
1276,gpt_5_6_sol_max,70.10817812049889,1
1276,claude_opus_4_8_max,61.9680864718317,2
1276,claude_fable_5_max,61.06930133179111,3
1276,gemini_3_1_pro_high,54.490600604502546,4
1276,glm_5_2_max,54.240588016543825,5
1276,deepseek_v4_pro_max,49.44483724793268,6
1276,kimi_k3_max,46.7586076698331,7
1276,gpt_5_5_xhigh,40.360360919177786,8
1276,qwen3_8_max,31.8143855535792,9
1276,deepseek_v4_flash_max,18.6253109228886,10
1277,claude_fable_5_max,60.133477732168174,1
1277,deepseek_v4_flash_max,56.27312797152831,2
1277,glm_5_2_max,55.14899968011721,3
1277,claude_opus_4_8_max,49.98337998635855,4
1277,gpt_5_5_xhigh,41.98528515883756,5
1277,gpt_5_6_sol_max,38.17798362301082,6
1277,qwen3_8_max,28.146622854494222,7
1277,kimi_k3_max,25.971742692119467,8
1277,deepseek_v4_pro_max,19.204304566364847,9
1277,gemini_3_1_pro_high,18.885172650486826,10
1278,claude_fable_5_max,67.76333388864388,1
1278,deepseek_v4_pro_max,54.8370438759953,2
1278,gpt_5_5_xhigh,45.92500672803946,3
1278,claude_opus_4_8_max,37.99609885010951,4
1278,kimi_k3_max,32.754695381811594,5
1278,gpt_5_6_sol_max,29.09103198171109,6
1278,deepseek_v4_flash_max,27.379806778213094,7
1278,gemini_3_1_pro_high,24.361348723853414,8
1278,qwen3_8_max,23.595188620968596,9
1278,glm_5_2_max,20.774571070910532,10
1279,deepseek_v4_flash_max,78.6512062856238,1
1279,gpt_5_5_xhigh,75.39986503827745,2
1279,gpt_5_6_sol_max,73.57681388771321,3
1279,qwen3_8_max,72.96788309538358,4
1279,kimi_k3_max,69.10917935106997,5
1279,gemini_3_1_pro_high,50.07674577356377,6
1279,claude_opus_4_8_max,49.28782012540638,7
1279,claude_fable_5_max,41.48846556881422,8
1279,deepseek_v4_pro_max,29.085701254673598,9
1279,glm_5_2_max,23.91821656394258,10
1280,gemini_3_1_pro_high,72.5402441318426,1
1280,gpt_5_5_xhigh,66.15028192080518,2
1280,deepseek_v4_pro_max,58.66799789048116,3
1280,claude_fable_5_max,53.68354806685001,4
1280,claude_opus_4_8_max,52.94561836228726,5
1280,gpt_5_6_sol_max,52.269572594633324,6
1280,kimi_k3_max,40.27623666207369,7
1280,glm_5_2_max,39.27217030946472,8
1280,qwen3_8_max,38.51708881105213,9
1280,deepseek_v4_flash_max,36.886910157489964,10
1281,kimi_k3_max,65.58881086078011,1
1281,claude_fable_5_max,57.370610351383036,2
1281,gemini_3_1_pro_high,50.11542229441172,3
1281,gpt_5_5_xhigh,48.27786735621213,4
1281,deepseek_v4_pro_max,47.38989064529275,5
1281,claude_opus_4_8_max,47.05666927888027,6
1281,qwen3_8_max,41.70059060143109,7
1281,deepseek_v4_flash_max,34.09012058771944,8
1281,gpt_5_6_sol_max,32.95976805106676,9
1281,glm_5_2_max,21.479816913440956,10
1282,gpt_5_6_sol_max,81.28607263104028,1
1282,deepseek_v4_flash_max,64.35484827781991,2
1282,gpt_5_5_xhigh,61.307759600921244,3
1282,glm_5_2_max,51.28727157564634,4
1282,claude_opus_4_8_max,45.639767550867454,5
1282,deepseek_v4_pro_max,42.76939253474934,6
1282,kimi_k3_max,38.34881791298869,7
1282,claude_fable_5_max,36.712047675614855,8
1282,qwen3_8_max,36.22309871634271,9
1282,gemini_3_1_pro_high,15.266230513587855,10
1283,deepseek_v4_pro_max,86.07236702654345,1
1283,claude_fable_5_max,80.29382366269986,2
1283,kimi_k3_max,64.3059990956111,3
1283,claude_opus_4_8_max,61.88958337216041,4
1283,gpt_5_6_sol_max,55.14066109363463,5
1283,gpt_5_5_xhigh,46.69101796866826,6
1283,gemini_3_1_pro_high,46.18024852144152,7
1283,qwen3_8_max,40.90161817566249,8
1283,deepseek_v4_flash_max,38.093815672354594,9
1283,glm_5_2_max,24.13798108286049,10
1284,deepseek_v4_flash_max,80.58979739113784,1
1284,gemini_3_1_pro_high,76.72751060073374,2
1284,claude_opus_4_8_max,68.53772721023844,3
1284,gpt_5_6_sol_max,68.4442631959718,4
1284,glm_5_2_max,63.54094553135401,5
1284,gpt_5_5_xhigh,63.5157145036137,6
1284,claude_fable_5_max,62.42099404101264,7
1284,qwen3_8_max,56.45395854205825,8
1284,kimi_k3_max,50.570983946704885,9
1284,deepseek_v4_pro_max,21.047871963687605,10
1285,claude_fable_5_max,75.27300578279089,1
1285,deepseek_v4_flash_max,70.47544817644486,2
1285,glm_5_2_max,66.63316592064402,3
1285,claude_opus_4_8_max,61.22935589405565,4
1285,qwen3_8_max,61.05335534798961,5
1285,gpt_5_6_sol_max,43.073819135558274,6
1285,deepseek_v4_pro_max,42.75381425648962,7
1285,kimi_k3_max,38.66104570138238,8
1285,gemini_3_1_pro_high,38.09967804315437,9
1285,gpt_5_5_xhigh,31.192846296689893,10
1286,kimi_k3_max,81.15172754493547,1
1286,qwen3_8_max,74.41349070003149,2
1286,glm_5_2_max,66.19557859214494,3
1286,deepseek_v4_pro_max,59.30384994090557,4
1286,claude_opus_4_8_max,55.113485471176105,5
1286,gemini_3_1_pro_high,49.584969726301956,6
1286,deepseek_v4_flash_max,45.426553891392906,7
1286,claude_fable_5_max,43.402823753218215,8
1286,gpt_5_5_xhigh,42.04699934544378,9
1286,gpt_5_6_sol_max,35.66441243342053,10
1287,deepseek_v4_pro_max,57.98447436919089,1
1287,gemini_3_1_pro_high,54.982452040743524,2
1287,gpt_5_6_sol_max,53.82207766039858,3
1287,deepseek_v4_flash_max,53.75484131792783,4
1287,gpt_5_5_xhigh,49.26692227455265,5
1287,glm_5_2_max,38.79121259938418,6
1287,qwen3_8_max,37.22505413456562,7
1287,claude_opus_4_8_max,32.542109565449415,8
1287,kimi_k3_max,30.1540592758814,9
1287,claude_fable_5_max,21.71852176733448,10
1288,glm_5_2_max,71.2358107405852,1
1288,kimi_k3_max,70.21249248806129,2
1288,deepseek_v4_pro_max,65.36571939276357,3
1288,gpt_5_5_xhigh,61.71292150686675,4
1288,gpt_5_6_sol_max,58.675010700378095,5
1288,gemini_3_1_pro_high,55.29027727594577,6
1288,deepseek_v4_flash_max,47.82075963139202,7
1288,claude_fable_5_max,46.409627418218896,8
1288,claude_opus_4_8_max,45.44296323371721,9
1288,qwen3_8_max,39.576639126568445,10
1289,gemini_3_1_pro_high,82.15791950863748,1
1289,gpt_5_5_xhigh,76.44503475824433,2
1289,deepseek_v4_flash_max,71.88013339478064,3
1289,claude_fable_5_max,60.33598710307422,4
1289,kimi_k3_max,55.598210733691175,5
1289,gpt_5_6_sol_max,52.637905644244874,6
1289,claude_opus_4_8_max,51.24694014824633,7
1289,qwen3_8_max,27.89149451036623,8
1289,deepseek_v4_pro_max,18.992336707059923,9
1289,glm_5_2_max,16.860220690179965,10
1290,deepseek_v4_flash_max,70.23188791960087,1
1290,deepseek_v4_pro_max,63.82485267770798,2
1290,gemini_3_1_pro_high,60.725345504922615,3
1290,glm_5_2_max,42.895696729992466,4
1290,gpt_5_5_xhigh,41.18419037168728,5
1290,qwen3_8_max,38.05547937006169,6
1290,claude_opus_4_8_max,31.291180068266552,7
1290,claude_fable_5_max,28.084758238181625,8
1290,gpt_5_6_sol_max,27.07268041993424,9
1290,kimi_k3_max,20.83873856281404,10
1291,claude_opus_4_8_max,68.75788261267046,1
1291,deepseek_v4_pro_max,55.68884693460056,2
1291,qwen3_8_max,47.94449196460256,3
1291,gpt_5_6_sol_max,42.363442241143474,4
1291,kimi_k3_max,38.92860066777165,5
1291,deepseek_v4_flash_max,38.31569333590875,6
1291,gpt_5_5_xhigh,37.69060786226535,7
1291,glm_5_2_max,33.53998865854321,8
1291,claude_fable_5_max,18.376605491918568,9
1291,gemini_3_1_pro_high,16.031929041127043,10
1292,gemini_3_1_pro_high,87.91477089170819,1
1292,gpt_5_6_sol_max,66.68033881012816,2
1292,kimi_k3_max,56.915182515784565,3
1292,glm_5_2_max,53.593085479583394,4
1292,qwen3_8_max,52.85446769855817,5
1292,claude_opus_4_8_max,51.83639186451186,6
1292,gpt_5_5_xhigh,49.919774628266744,7
1292,deepseek_v4_flash_max,34.6315100088648,8
1292,deepseek_v4_pro_max,34.1685039112018,9
1292,claude_fable_5_max,28.989106881887217,10
1293,claude_fable_5_max,84.75244995772327,1
1293,gemini_3_1_pro_high,57.36412855345855,2
1293,deepseek_v4_pro_max,54.53928478131192,3
1293,claude_opus_4_8_max,47.56367195891799,4
1293,deepseek_v4_flash_max,46.3784722879533,5
1293,qwen3_8_max,45.354947017137285,6
1293,gpt_5_6_sol_max,39.39203210745481,7
1293,kimi_k3_max,37.97580550144062,8
1293,glm_5_2_max,30.715127515074368,9
1293,gpt_5_5_xhigh,28.747945994083732,10
1294,kimi_k3_max,64.60124275823297,1
1294,claude_fable_5_max,56.9971353296066,2
1294,deepseek_v4_flash_max,56.30014750141338,3
1294,gpt_5_5_xhigh,50.6322154984924,4
1294,gpt_5_6_sol_max,49.61996814508063,5
1294,qwen3_8_max,47.681599568692945,6
1294,claude_opus_4_8_max,40.38649096869383,7
1294,deepseek_v4_pro_max,37.986108570621155,8
1294,gemini_3_1_pro_high,22.7277093573092,9
1294,glm_5_2_max,22.381536748600553,10
1295,claude_fable_5_max,65.21934897568713,1
1295,kimi_k3_max,60.84721573476047,2
1295,gpt_5_5_xhigh,59.238882171241166,3
1295,gemini_3_1_pro_high,56.98404375905212,4
1295,deepseek_v4_pro_max,55.78886849253319,5
1295,glm_5_2_max,53.110875601364725,6
1295,gpt_5_6_sol_max,50.000256326339446,7
1295,qwen3_8_max,45.70271188178434,8
1295,deepseek_v4_flash_max,36.39673968801996,9
1295,claude_opus_4_8_max,32.41433417734353,10
1296,deepseek_v4_flash_max,68.1498151549172,1
1296,claude_opus_4_8_max,63.93201924550401,2
1296,claude_fable_5_max,62.289131015794354,3
1296,gpt_5_5_xhigh,60.74206509713321,4
1296,deepseek_v4_pro_max,46.98710327735872,5
1296,kimi_k3_max,43.688901075838636,6
1296,qwen3_8_max,40.886878039213755,7
1296,gemini_3_1_pro_high,36.163297044278224,8
1296,gpt_5_6_sol_max,31.278045788377447,9
1296,glm_5_2_max,28.19974228124935,10
1297,gemini_3_1_pro_high,73.81776737506426,1
1297,glm_5_2_max,67.99316915122239,2
1297,claude_opus_4_8_max,58.88791985305067,3
1297,qwen3_8_max,56.066596360139506,4
1297,deepseek_v4_flash_max,51.61496897577537,5
1297,gpt_5_5_xhigh,50.063118117074616,6
1297,kimi_k3_max,47.48991289110778,7
1297,claude_fable_5_max,33.08236450235935,8
1297,gpt_5_6_sol_max,32.268679717160246,9
1297,deepseek_v4_pro_max,31.477547729323987,10
1298,kimi_k3_max,71.88071069768976,1
1298,gpt_5_6_sol_max,69.93359944732659,2
1298,claude_fable_5_max,61.42454162360284,3
1298,glm_5_2_max,58.10911694358823,4
1298,claude_opus_4_8_max,56.349620551235816,5
1298,deepseek_v4_pro_max,55.974794037928696,6
1298,gemini_3_1_pro_high,51.187603721452255,7
1298,gpt_5_5_xhigh,43.612466137815645,8
1298,qwen3_8_max,42.47330656125585,9
1298,deepseek_v4_flash_max,30.885479822989097,10
1299,claude_fable_5_max,76.95112776153093,1
1299,gpt_5_6_sol_max,71.12851861115801,2
1299,gpt_5_5_xhigh,68.82294853264824,3
1299,claude_opus_4_8_max,63.49403073388389,4
1299,kimi_k3_max,58.01133326449491,5
1299,gemini_3_1_pro_high,52.30183532951797,6
1299,deepseek_v4_pro_max,47.54868909566443,7
1299,qwen3_8_max,45.422238428658986,8
1299,deepseek_v4_flash_max,38.821490261151574,9
1299,glm_5_2_max,30.985282349062455,10
1300,deepseek_v4_pro_max,88.77135908508136,1
1300,claude_fable_5_max,74.23104234282115,2
1300,gpt_5_6_sol_max,72.49968371058752,3
1300,claude_opus_4_8_max,62.0278522279943,4
1300,gpt_5_5_xhigh,54.94340673378216,5
1300,qwen3_8_max,42.728381417154374,6
1300,kimi_k3_max,36.35877329464032,7
1300,deepseek_v4_flash_max,33.76143625431377,8
1300,glm_5_2_max,31.90181832821771,9
1300,gemini_3_1_pro_high,21.23233634667685,10
1301,claude_fable_5_max,80.7940756078699,1
1301,gemini_3_1_pro_high,66.28634865517964,2
1301,kimi_k3_max,65.41046830389551,3
1301,qwen3_8_max,55.35317181749599,4
1301,gpt_5_5_xhigh,51.79033486766171,5
1301,gpt_5_6_sol_max,46.236165259715534,6
1301,claude_opus_4_8_max,40.27111067528761,7
1301,glm_5_2_max,38.571863406889605,8
1301,deepseek_v4_pro_max,32.72082268945577,9
1301,deepseek_v4_flash_max,17.117590133319275,10
1302,deepseek_v4_pro_max,74.35544389724922,1
1302,claude_fable_5_max,72.04727541935411,2
1302,gemini_3_1_pro_high,63.29817484362944,3
1302,qwen3_8_max,53.18822509733275,4
1302,gpt_5_5_xhigh,47.14747519306852,5
1302,glm_5_2_max,43.644287208491896,6
1302,kimi_k3_max,41.73282412590769,7
1302,claude_opus_4_8_max,40.12939997191107,8
1302,deepseek_v4_flash_max,21.81349921587741,9
1302,gpt_5_6_sol_max,18.324175866184465,10
1303,deepseek_v4_pro_max,95.07394435210104,1
1303,claude_fable_5_max,65.59128944057747,2
1303,gpt_5_5_xhigh,47.156646112108405,3
1303,glm_5_2_max,42.15046293417366,4
1303,claude_opus_4_8_max,37.082860762771595,5
1303,gpt_5_6_sol_max,33.97782359318479,6
1303,gemini_3_1_pro_high,33.83442032064198,7
1303,qwen3_8_max,31.550861775605007,8
1303,kimi_k3_max,26.506012487100772,9
1303,deepseek_v4_flash_max,8.909472430779685,10
1304,claude_fable_5_max,77.14811837631484,1
1304,gpt_5_6_sol_max,74.70098560902103,2
1304,gemini_3_1_pro_high,69.97887753708869,3
1304,deepseek_v4_flash_max,62.188445580658126,4
1304,qwen3_8_max,56.81274401914868,5
1304,kimi_k3_max,53.609287957765716,6
1304,gpt_5_5_xhigh,45.52232122638364,7
1304,glm_5_2_max,44.05424407058154,8
1304,claude_opus_4_8_max,36.174298369408454,9
1304,deepseek_v4_pro_max,23.171820891138793,10
1305,gemini_3_1_pro_high,66.83558288061079,1
1305,claude_fable_5_max,64.35718733824874,2
1305,gpt_5_5_xhigh,55.88508245877951,3
1305,deepseek_v4_flash_max,55.725020013103176,4
1305,qwen3_8_max,49.69389152245924,5
1305,claude_opus_4_8_max,44.74099398784957,6
1305,kimi_k3_max,37.68657918557424,7
1305,glm_5_2_max,34.65924530384663,8
1305,gpt_5_6_sol_max,32.07763171028248,9
1305,deepseek_v4_pro_max,16.015652029281224,10
1306,gemini_3_1_pro_high,71.37362635536473,1
1306,gpt_5_5_xhigh,69.5330135901114,2
1306,qwen3_8_max,65.8681101215505,3
1306,gpt_5_6_sol_max,60.54005950835954,4
1306,deepseek_v4_flash_max,59.118921275751624,5
1306,claude_fable_5_max,58.02410336038044,6
1306,kimi_k3_max,48.952851137831814,7
1306,claude_opus_4_8_max,46.22811078819957,8
1306,glm_5_2_max,26.56062548083201,9
1306,deepseek_v4_pro_max,21.7231716482722,10
1307,claude_fable_5_max,80.84985387490433,1
1307,qwen3_8_max,69.50879690779782,2
1307,gpt_5_5_xhigh,53.96462555851292,3
1307,gemini_3_1_pro_high,50.67101630512125,4
1307,glm_5_2_max,41.85557337323641,5
1307,deepseek_v4_pro_max,39.76885322019841,6
1307,claude_opus_4_8_max,35.666446680437915,7
1307,gpt_5_6_sol_max,34.13223347787982,8
1307,deepseek_v4_flash_max,33.422210850996024,9
1307,kimi_k3_max,19.787945836222303,10
1308,deepseek_v4_flash_max,90.57689891911002,1
1308,claude_opus_4_8_max,65.0663658919506,2
1308,claude_fable_5_max,64.88666467563502,3
1308,glm_5_2_max,60.82102482616745,4
1308,kimi_k3_max,54.42516370720963,5
1308,gpt_5_6_sol_max,53.29089330719032,6
1308,gpt_5_5_xhigh,49.24168929865759,7
1308,deepseek_v4_pro_max,44.84578172231548,8
1308,qwen3_8_max,41.28527827547754,9
1308,gemini_3_1_pro_high,27.495978279631814,10
1309,deepseek_v4_pro_max,65.27552187534633,1
1309,qwen3_8_max,60.526659250585276,2
1309,glm_5_2_max,56.46507523013183,3
1309,claude_opus_4_8_max,55.10831561797122,4
1309,gpt_5_6_sol_max,54.63273448746513,5
1309,kimi_k3_max,53.91849091995996,6
1309,claude_fable_5_max,53.839288242241935,7
1309,deepseek_v4_flash_max,48.72582419408825,8
1309,gemini_3_1_pro_high,46.2958351236606,9
1309,gpt_5_5_xhigh,39.818906935956825,10
1310,glm_5_2_max,74.30006299544021,1
1310,deepseek_v4_pro_max,73.980391691907,2
1310,gpt_5_5_xhigh,70.01596589985603,3
1310,deepseek_v4_flash_max,67.13124311221068,4
1310,kimi_k3_max,66.56887800342639,5
1310,gemini_3_1_pro_high,57.54813941762338,6
1310,qwen3_8_max,55.33257242747121,7
1310,claude_opus_4_8_max,45.39052122593236,8
1310,gpt_5_6_sol_max,43.24817232446128,9
1310,claude_fable_5_max,30.76099862464723,10
1311,claude_fable_5_max,72.86166840723611,1
1311,gemini_3_1_pro_high,72.59391618683966,2
1311,deepseek_v4_flash_max,70.94947759427802,3
1311,gpt_5_5_xhigh,68.81347556016577,4
1311,gpt_5_6_sol_max,64.53494505912884,5
1311,kimi_k3_max,61.288730490639516,6
1311,claude_opus_4_8_max,55.79440056565687,7
1311,deepseek_v4_pro_max,46.46289675267997,8
1311,qwen3_8_max,39.08557104278936,9
1311,glm_5_2_max,31.985814990593106,10
1312,claude_fable_5_max,78.56379793541258,1
1312,gpt_5_5_xhigh,65.54596050902843,2
1312,gemini_3_1_pro_high,59.874119010129704,3
1312,glm_5_2_max,58.17494914960224,4
1312,deepseek_v4_flash_max,55.78131772563117,5
1312,gpt_5_6_sol_max,51.66503034379009,6
1312,kimi_k3_max,48.512693614045425,7
1312,claude_opus_4_8_max,45.70625345590326,8
1312,qwen3_8_max,44.71811240995825,9
1312,deepseek_v4_pro_max,39.40903196121711,10
1313,claude_fable_5_max,77.43650346580218,1
1313,kimi_k3_max,64.62148805750031,2
1313,gemini_3_1_pro_high,63.667134145074996,3
1313,gpt_5_5_xhigh,59.2986055795476,4
1313,gpt_5_6_sol_max,56.56595858980832,5
1313,glm_5_2_max,51.58245119331912,6
1313,claude_opus_4_8_max,39.61340074171454,7
1313,qwen3_8_max,38.15628652219567,8
1313,deepseek_v4_flash_max,37.835477861890624,9
1313,deepseek_v4_pro_max,34.65614075663979,10
1314,kimi_k3_max,81.21046107960308,1
1314,gpt_5_5_xhigh,76.82740066797248,2
1314,deepseek_v4_pro_max,65.55890102384646,3
1314,claude_opus_4_8_max,59.53736842106771,4
1314,glm_5_2_max,50.225145854447234,5
1314,claude_fable_5_max,49.856006858800875,6
1314,gemini_3_1_pro_high,49.5685068535291,7
1314,deepseek_v4_flash_max,48.84109043933651,8
1314,gpt_5_6_sol_max,47.70578609438451,9
1314,qwen3_8_max,40.841586895564944,10
1315,claude_opus_4_8_max,72.47343930686868,1
1315,gpt_5_5_xhigh,66.70641224149732,2
1315,qwen3_8_max,61.73759629967935,3
1315,deepseek_v4_pro_max,54.09164170585248,4
1315,kimi_k3_max,51.819890595970676,5
1315,gpt_5_6_sol_max,49.838110647972535,6
1315,claude_fable_5_max,47.23605731968152,7
1315,deepseek_v4_flash_max,43.567311089537355,8
1315,glm_5_2_max,27.372449320071045,9
1315,gemini_3_1_pro_high,24.766769121282433,10
1316,gpt_5_6_sol_max,68.88437120197536,1
1316,gemini_3_1_pro_high,67.08702706826679,2
1316,claude_fable_5_max,64.23377797335293,3
1316,claude_opus_4_8_max,56.95755733123066,4
1316,qwen3_8_max,45.54658336186094,5
1316,kimi_k3_max,44.989701670847666,6
1316,glm_5_2_max,41.70431548860735,7
1316,gpt_5_5_xhigh,38.443976705985314,8
1316,deepseek_v4_flash_max,38.22535311437444,9
1316,deepseek_v4_pro_max,18.83068048285176,10
1317,deepseek_v4_flash_max,89.80036313387114,1
1317,claude_fable_5_max,72.6663950464672,2
1317,kimi_k3_max,58.98394721516708,3
1317,claude_opus_4_8_max,51.57177606592708,4
1317,gemini_3_1_pro_high,39.87167196175223,5
1317,gpt_5_5_xhigh,38.176490975129305,6
1317,deepseek_v4_pro_max,35.37377992832849,7
1317,gpt_5_6_sol_max,33.61104163598292,8
1317,qwen3_8_max,33.51562522422037,9
1317,glm_5_2_max,24.519061502401023,10
1318,gpt_5_5_xhigh,69.93174055501076,1
1318,gemini_3_1_pro_high,69.76722068767702,2
1318,claude_opus_4_8_max,63.437923115874256,3
1318,gpt_5_6_sol_max,62.41225345541956,4
1318,kimi_k3_max,59.27449830224593,5
1318,qwen3_8_max,55.172250522275796,6
1318,claude_fable_5_max,54.92914266985215,7
1318,glm_5_2_max,35.53392677845636,8
1318,deepseek_v4_flash_max,28.63129731072941,9
1318,deepseek_v4_pro_max,21.765779778590925,10
1319,gemini_3_1_pro_high,72.08964241955243,1
1319,deepseek_v4_pro_max,65.26793693876559,2
1319,gpt_5_5_xhigh,60.17116465109932,3
1319,claude_opus_4_8_max,58.37704772705514,4
1319,glm_5_2_max,55.82816797410868,5
1319,qwen3_8_max,50.57265350874848,6
1319,gpt_5_6_sol_max,50.029506942216564,7
1319,kimi_k3_max,42.620688268068406,8
1319,claude_fable_5_max,28.302396347920364,9
1319,deepseek_v4_flash_max,13.052237900551933,10
1320,deepseek_v4_flash_max,96.20678938498283,1
1320,kimi_k3_max,67.80270344285822,2
1320,claude_fable_5_max,63.41871501244842,3
1320,claude_opus_4_8_max,63.182595950911036,4
1320,gpt_5_6_sol_max,49.40931912746362,5
1320,gemini_3_1_pro_high,35.272953112132825,6
1320,deepseek_v4_pro_max,35.24873988530484,7
1320,glm_5_2_max,33.69193314572948,8
1320,gpt_5_5_xhigh,33.665986237853154,9
1320,qwen3_8_max,30.689227557691417,10
1321,qwen3_8_max,65.79727669134908,1
1321,kimi_k3_max,65.00160673543333,2
1321,deepseek_v4_flash_max,63.23849468877981,3
1321,claude_opus_4_8_max,60.51234188886433,4
1321,gpt_5_5_xhigh,55.47109949731808,5
1321,gpt_5_6_sol_max,45.97869527555304,6
1321,glm_5_2_max,31.440167797281077,7
1321,gemini_3_1_pro_high,30.34887578564195,8
1321,claude_fable_5_max,26.56526450396564,9
1321,deepseek_v4_pro_max,8.730613869302974,10
1322,claude_fable_5_max,61.912478407122826,1
1322,kimi_k3_max,60.07048611206926,2
1322,deepseek_v4_flash_max,58.96239240036631,3
1322,deepseek_v4_pro_max,54.38953067046801,4
1322,qwen3_8_max,53.60239726790385,5
1322,gpt_5_5_xhigh,42.5524881096007,6
1322,gemini_3_1_pro_high,39.95417826377692,7
1322,claude_opus_4_8_max,37.751528484240154,8
1322,glm_5_2_max,35.47930470399818,9
1322,gpt_5_6_sol_max,18.686359548669444,10
1323,claude_opus_4_8_max,73.09462713027213,1
1323,gpt_5_5_xhigh,72.73740303267049,2
1323,kimi_k3_max,68.29787129454732,3
1323,gpt_5_6_sol_max,61.44847114521661,4
1323,deepseek_v4_flash_max,59.01417299537538,5
1323,gemini_3_1_pro_high,54.788908843542984,6
1323,glm_5_2_max,51.68323571467059,7
1323,deepseek_v4_pro_max,43.64719107397997,8
1323,qwen3_8_max,36.56868139078612,9
1323,claude_fable_5_max,33.33004024298289,10
1324,gpt_5_6_sol_max,64.88309676739102,1
1324,qwen3_8_max,46.80752543279537,2
1324,gpt_5_5_xhigh,40.555496686377325,3
1324,claude_opus_4_8_max,39.849096254776825,4
1324,deepseek_v4_pro_max,39.80890289317519,5
1324,claude_fable_5_max,39.179158226294675,6
1324,glm_5_2_max,35.53078790590584,7
1324,kimi_k3_max,35.45549023127141,8
1324,deepseek_v4_flash_max,34.766885471015264,9
1324,gemini_3_1_pro_high,31.83525118398306,10
1325,deepseek_v4_pro_max,60.35669661811358,1
1325,kimi_k3_max,59.465353290346954,2
1325,gpt_5_6_sol_max,55.23184610917983,3
1325,claude_opus_4_8_max,51.57975276138341,4
1325,gpt_5_5_xhigh,39.8726211106402,5
1325,claude_fable_5_max,35.04489645145864,6
1325,gemini_3_1_pro_high,34.02313126352339,7
1325,qwen3_8_max,31.702762686107285,8
1325,glm_5_2_max,20.66906635563918,9
1325,deepseek_v4_flash_max,20.064434085502906,10
1326,deepseek_v4_pro_max,82.5665804000095,1
1326,claude_fable_5_max,52.51470173911724,2
1326,claude_opus_4_8_max,51.690113609718466,3
1326,glm_5_2_max,50.40498484559818,4
1326,gpt_5_5_xhigh,45.241601930368844,5
1326,kimi_k3_max,35.24833810536107,6
1326,gpt_5_6_sol_max,33.90438981148171,7
1326,gemini_3_1_pro_high,33.847681327266365,8
1326,deepseek_v4_flash_max,33.01628265836529,9
1326,qwen3_8_max,23.96681874182329,10
1327,claude_fable_5_max,61.447722900200574,1
1327,deepseek_v4_flash_max,60.554540760617634,2
1327,kimi_k3_max,51.38893752503517,3
1327,gemini_3_1_pro_high,50.32116291137774,4
1327,claude_opus_4_8_max,45.909278608544625,5
1327,qwen3_8_max,43.87783856872091,6
1327,gpt_5_6_sol_max,36.94510587057621,7
1327,gpt_5_5_xhigh,35.23281862271662,8
1327,glm_5_2_max,31.55250116588548,9
1327,deepseek_v4_pro_max,23.339553743788663,10
1328,deepseek_v4_pro_max,63.30627954546728,1
1328,kimi_k3_max,62.68348449811364,2
1328,gpt_5_5_xhigh,61.79872016845364,3
1328,qwen3_8_max,54.96012025732689,4
1328,claude_fable_5_max,49.3893956310778,5
1328,claude_opus_4_8_max,44.845778920878686,6
1328,gpt_5_6_sol_max,43.0966904502491,7
1328,gemini_3_1_pro_high,36.62442605283253,8
1328,glm_5_2_max,36.27578556082668,9
1328,deepseek_v4_flash_max,21.387634990782704,10
1329,kimi_k3_max,66.59050611585799,1
1329,deepseek_v4_pro_max,60.871261991012645,2
1329,claude_fable_5_max,50.05247010512171,3
1329,gpt_5_5_xhigh,43.54342560768872,4
1329,claude_opus_4_8_max,42.710349542937806,5
1329,gpt_5_6_sol_max,38.72652706373195,6
1329,glm_5_2_max,32.13712014082602,7
1329,gemini_3_1_pro_high,31.222727996542428,8
1329,qwen3_8_max,25.208419351661455,9
1329,deepseek_v4_flash_max,16.832878148892576,10
1330,claude_fable_5_max,79.19541444709876,1
1330,deepseek_v4_pro_max,68.99025876921641,2
1330,deepseek_v4_flash_max,63.19943179866438,3
1330,glm_5_2_max,56.53021413926115,4
1330,claude_opus_4_8_max,52.07040615899812,5
1330,gpt_5_6_sol_max,48.0569966481932,6
1330,gpt_5_5_xhigh,44.33403573536849,7
1330,qwen3_8_max,42.25266374780938,8
1330,kimi_k3_max,36.64244882843145,9
1330,gemini_3_1_pro_high,21.49872872884987,10
1331,gpt_5_6_sol_max,73.52534603997354,1
1331,gemini_3_1_pro_high,60.74961497111347,2
1331,deepseek_v4_flash_max,37.14327437351507,3
1331,claude_opus_4_8_max,36.64884454434892,4
1331,claude_fable_5_max,35.79678767166177,5
1331,qwen3_8_max,34.95704372729024,6
1331,kimi_k3_max,31.27983581370672,7
1331,gpt_5_5_xhigh,24.949446050046387,8
1331,glm_5_2_max,22.88640735100046,9
1331,deepseek_v4_pro_max,17.270538081874555,10
1332,deepseek_v4_flash_max,66.15151919644657,1
1332,qwen3_8_max,55.95963123758635,2
1332,gpt_5_5_xhigh,48.706899656330464,3
1332,claude_fable_5_max,48.050642494909354,4
1332,gpt_5_6_sol_max,47.096353724057394,5
1332,glm_5_2_max,45.295968504301655,6
1332,kimi_k3_max,43.413592212603035,7
1332,deepseek_v4_pro_max,37.3296219314302,8
1332,claude_opus_4_8_max,33.39909153740675,9
1332,gemini_3_1_pro_high,32.119877008147064,10
1333,deepseek_v4_pro_max,75.65921950153205,1
1333,claude_fable_5_max,69.58819419498327,2
1333,kimi_k3_max,63.7316814358465,3
1333,gpt_5_6_sol_max,55.63513057937265,4
1333,glm_5_2_max,55.42145584227698,5
1333,claude_opus_4_8_max,48.10075516070224,6
1333,gpt_5_5_xhigh,40.60653617926792,7
1333,qwen3_8_max,39.076030479801574,8
1333,gemini_3_1_pro_high,35.20409518078449,9
1333,deepseek_v4_flash_max,24.583906953764092,10
1334,claude_fable_5_max,64.54606115426766,1
1334,claude_opus_4_8_max,63.059436306902484,2
1334,gpt_5_5_xhigh,61.73458202995808,3
1334,kimi_k3_max,58.68863762850645,4
1334,deepseek_v4_flash_max,58.187756401623865,5
1334,glm_5_2_max,50.595464336838475,6
1334,qwen3_8_max,48.62344297683885,7
1334,gpt_5_6_sol_max,45.42749503611751,8
1334,deepseek_v4_pro_max,43.47081032763282,9
1334,gemini_3_1_pro_high,34.01719976648463,10
1335,gpt_5_6_sol_max,73.79873713834407,1
1335,qwen3_8_max,71.74894952722867,2
1335,claude_fable_5_max,62.22539829293063,3
1335,kimi_k3_max,53.433453060233184,4
1335,deepseek_v4_flash_max,51.976750276435766,5
1335,gpt_5_5_xhigh,46.157634454696925,6
1335,claude_opus_4_8_max,40.578077773769145,7
1335,gemini_3_1_pro_high,38.45183184201761,8
1335,deepseek_v4_pro_max,28.2765918095377,9
1335,glm_5_2_max,28.220203301217786,10
1336,gpt_5_5_xhigh,74.00520673555943,1
1336,gemini_3_1_pro_high,70.27642961887274,2
1336,gpt_5_6_sol_max,68.35669855316189,3
1336,qwen3_8_max,65.52799373477465,4
1336,glm_5_2_max,54.47484866010601,5
1336,claude_opus_4_8_max,53.21343431077385,6
1336,deepseek_v4_flash_max,51.5800787275454,7
1336,kimi_k3_max,50.17633270907966,8
1336,deepseek_v4_pro_max,36.50677738464152,9
1336,claude_fable_5_max,34.2692363871805,10
1337,claude_opus_4_8_max,60.61550187894936,1
1337,gemini_3_1_pro_high,57.52481457542763,2
1337,kimi_k3_max,57.15576108935059,3
1337,claude_fable_5_max,56.56040869444669,4
1337,qwen3_8_max,48.46135145476546,5
1337,gpt_5_5_xhigh,46.25081449195637,6
1337,gpt_5_6_sol_max,44.201580520066,7
1337,glm_5_2_max,37.72106109320445,8
1337,deepseek_v4_flash_max,15.453528981755518,9
1337,deepseek_v4_pro_max,14.217002524620684,10
1338,gemini_3_1_pro_high,73.08815660829242,1
1338,kimi_k3_max,71.42068658113283,2
1338,gpt_5_5_xhigh,59.42734336775012,3
1338,gpt_5_6_sol_max,58.503722493838254,4
1338,claude_opus_4_8_max,53.49289096524301,5
1338,qwen3_8_max,50.33138560984594,6
1338,claude_fable_5_max,49.370105900811566,7
1338,deepseek_v4_pro_max,46.144350290442446,8
1338,glm_5_2_max,23.6942283172042,9
1338,deepseek_v4_flash_max,20.01916068168075,10
1339,claude_fable_5_max,73.51539826141428,1
1339,gpt_5_6_sol_max,60.75775456096409,2
1339,deepseek_v4_pro_max,59.427817316293854,3
1339,gemini_3_1_pro_high,58.160760549225685,4
1339,qwen3_8_max,48.21796718135438,5
1339,glm_5_2_max,43.33812195454431,6
1339,claude_opus_4_8_max,41.844092336251414,7
1339,deepseek_v4_flash_max,26.9511163722207,8
1339,gpt_5_5_xhigh,23.782962307549443,9
1339,kimi_k3_max,20.918748002506103,10
1340,claude_fable_5_max,75.27244036736431,1
1340,deepseek_v4_pro_max,52.29531560766917,2
1340,glm_5_2_max,43.20102321498434,3
1340,qwen3_8_max,39.181369811362146,4
1340,claude_opus_4_8_max,38.10486000648712,5
1340,gpt_5_5_xhigh,34.93231364613,6
1340,deepseek_v4_flash_max,33.00549622427771,7
1340,kimi_k3_max,29.194447147113443,8
1340,gpt_5_6_sol_max,26.303017698388317,9
1340,gemini_3_1_pro_high,17.190647530974136,10
1341,gemini_3_1_pro_high,77.21545769856165,1
1341,gpt_5_5_xhigh,76.37441806124872,2
1341,kimi_k3_max,74.97910842532941,3
1341,glm_5_2_max,73.4109048969873,4
1341,gpt_5_6_sol_max,66.35986375512687,5
1341,claude_opus_4_8_max,62.98628373799943,6
1341,deepseek_v4_flash_max,54.53687910788243,7
1341,deepseek_v4_pro_max,50.54747919536774,8
1341,claude_fable_5_max,43.23546991410805,9
1341,qwen3_8_max,37.078506166528115,10
1342,gemini_3_1_pro_high,72.68866871409597,1
1342,claude_fable_5_max,68.74516098829886,2
1342,deepseek_v4_flash_max,65.87825945587606,3
1342,claude_opus_4_8_max,63.27663075518875,4
1342,glm_5_2_max,62.79780374576985,5
1342,qwen3_8_max,47.294659133225686,6
1342,gpt_5_6_sol_max,38.18523576999332,7
1342,gpt_5_5_xhigh,37.05174152285937,8
1342,kimi_k3_max,34.01398006760052,9
1342,deepseek_v4_pro_max,30.869643488608794,10
1343,gpt_5_6_sol_max,71.55704460812275,1
1343,deepseek_v4_pro_max,68.55848275282212,2
1343,claude_fable_5_max,67.63579064138261,3
1343,gpt_5_5_xhigh,61.46032848089596,4
1343,kimi_k3_max,61.20265268370695,5
1343,gemini_3_1_pro_high,59.118846224439196,6
1343,qwen3_8_max,49.73415998891103,7
1343,glm_5_2_max,48.47487814841989,8
1343,claude_opus_4_8_max,46.67117172227015,9
1343,deepseek_v4_flash_max,17.301546047431348,10
1344,deepseek_v4_flash_max,84.30103607937146,1
1344,claude_fable_5_max,81.2922419004702,2
1344,kimi_k3_max,49.41308181844428,3
1344,claude_opus_4_8_max,37.80859715696931,4
1344,gpt_5_6_sol_max,37.4510111300356,5
1344,gemini_3_1_pro_high,31.027642432545324,6
1344,gpt_5_5_xhigh,29.921602585643097,7
1344,qwen3_8_max,18.17445118660978,8
1344,glm_5_2_max,14.028517616961603,9
1344,deepseek_v4_pro_max,13.496105642137334,10
1345,kimi_k3_max,78.67187571329058,1
1345,claude_opus_4_8_max,66.57281526882083,2
1345,deepseek_v4_pro_max,65.3008802346759,3
1345,gpt_5_6_sol_max,61.153917486897456,4
1345,claude_fable_5_max,51.42729381286977,5
1345,glm_5_2_max,49.384764073443556,6
1345,qwen3_8_max,41.30518894082803,7
1345,gpt_5_5_xhigh,34.42070460170075,8
1345,gemini_3_1_pro_high,22.79453888416297,9
1345,deepseek_v4_flash_max,21.59265567003377,10
1346,kimi_k3_max,78.7005204837888,1
1346,deepseek_v4_pro_max,65.43954006827862,2
1346,deepseek_v4_flash_max,49.524639406219976,3
1346,gpt_5_6_sol_max,37.59084849111041,4
1346,glm_5_2_max,36.18774199482404,5
1346,qwen3_8_max,35.41989694543648,6
1346,gpt_5_5_xhigh,34.55905118852374,7
1346,gemini_3_1_pro_high,32.73655922850912,8
1346,claude_fable_5_max,28.21517924871446,9
1346,claude_opus_4_8_max,26.845004745533803,10
1347,glm_5_2_max,86.63235494119888,1
1347,qwen3_8_max,73.88934406725579,2
1347,deepseek_v4_pro_max,68.98230990525323,3
1347,gemini_3_1_pro_high,58.94005913203554,4
1347,claude_opus_4_8_max,48.24245143615817,5
1347,kimi_k3_max,41.931989395274016,6
1347,gpt_5_6_sol_max,35.64012598799387,7
1347,gpt_5_5_xhigh,31.844326256511167,8
1347,claude_fable_5_max,23.553395138877576,9
1347,deepseek_v4_flash_max,22.27223320215719,10
1348,claude_fable_5_max,75.38566853000376,1
1348,glm_5_2_max,59.461521746856306,2
1348,gpt_5_6_sol_max,56.466021954257116,3
1348,deepseek_v4_flash_max,54.91651619390892,4
1348,qwen3_8_max,49.21253380045358,5
1348,gpt_5_5_xhigh,48.55471589514312,6
1348,gemini_3_1_pro_high,40.26368428138538,7
1348,claude_opus_4_8_max,36.83330544746279,8
1348,kimi_k3_max,32.98971821597251,9
1348,deepseek_v4_pro_max,27.676322245414514,10
1349,claude_fable_5_max,78.63411236037183,1
1349,gpt_5_6_sol_max,70.04027238181448,2
1349,claude_opus_4_8_max,58.354599310663545,3
1349,deepseek_v4_pro_max,56.70557402006777,4
1349,deepseek_v4_flash_max,56.39370893190953,5
1349,kimi_k3_max,55.289711783245274,6
1349,glm_5_2_max,54.47032349469328,7
1349,gpt_5_5_xhigh,44.623048570111095,8
1349,qwen3_8_max,38.9779659319256,9
1349,gemini_3_1_pro_high,32.07679309626751,10
1350,deepseek_v4_pro_max,91.2230902976141,1
1350,gpt_5_5_xhigh,66.97376382428823,2
1350,kimi_k3_max,60.91284200359358,3
1350,gemini_3_1_pro_high,54.65723648253438,4
1350,glm_5_2_max,45.430267586547984,5
1350,qwen3_8_max,38.29850963395537,6
1350,claude_fable_5_max,35.72471959087137,7
1350,claude_opus_4_8_max,35.65321754913872,8
1350,gpt_5_6_sol_max,32.76007660661467,9
1350,deepseek_v4_flash_max,23.999377813930483,10
1351,deepseek_v4_pro_max,95.07716356061903,1
1351,qwen3_8_max,62.15386810453646,2
1351,claude_opus_4_8_max,44.07426765424217,3
1351,gpt_5_6_sol_max,42.7568492865784,4
1351,gpt_5_5_xhigh,41.078074231686614,5
1351,deepseek_v4_flash_max,40.952803932786196,6
1351,gemini_3_1_pro_high,35.590977731237345,7
1351,claude_fable_5_max,27.760526345107778,8
1351,glm_5_2_max,17.969203189224235,9
1351,kimi_k3_max,15.696111170762325,10
1352,qwen3_8_max,76.83096401272957,1
1352,claude_opus_4_8_max,71.6641697778441,2
1352,deepseek_v4_pro_max,68.61585846498146,3
1352,glm_5_2_max,55.80863658035881,4
1352,claude_fable_5_max,49.07845905149686,5
1352,deepseek_v4_flash_max,43.17066230799509,6
1352,gpt_5_6_sol_max,41.910119953087474,7
1352,gemini_3_1_pro_high,39.344039773029564,8
1352,gpt_5_5_xhigh,34.276448222859806,9
1352,kimi_k3_max,31.815713146298776,10
1353,gemini_3_1_pro_high,69.43684797579574,1
1353,deepseek_v4_pro_max,60.69762801649114,2
1353,glm_5_2_max,58.64057680892759,3
1353,gpt_5_5_xhigh,54.57833280874449,4
1353,claude_fable_5_max,49.69406814709231,5
1353,kimi_k3_max,45.8900737576173,6
1353,claude_opus_4_8_max,42.5326280145684,7
1353,qwen3_8_max,41.09025262038459,8
1353,gpt_5_6_sol_max,37.3516688379203,9
1353,deepseek_v4_flash_max,24.229726984408778,10
1354,qwen3_8_max,68.38886124061857,1
1354,kimi_k3_max,65.52245905333118,2
1354,gpt_5_5_xhigh,64.67875331967412,3
1354,claude_opus_4_8_max,59.69586746446836,4
1354,deepseek_v4_pro_max,56.470778461636996,5
1354,glm_5_2_max,52.582049166253825,6
1354,gpt_5_6_sol_max,46.71107079091273,7
1354,gemini_3_1_pro_high,43.64461164780442,8
1354,deepseek_v4_flash_max,40.03645582813975,9
1354,claude_fable_5_max,33.773650904749196,10
1355,gemini_3_1_pro_high,67.35613806663903,1
1355,claude_fable_5_max,60.20217832840591,2
1355,gpt_5_5_xhigh,50.16596696237638,3
1355,claude_opus_4_8_max,44.783400760589984,4
1355,kimi_k3_max,44.177553620492915,5
1355,gpt_5_6_sol_max,42.130386604744324,6
1355,glm_5_2_max,32.61478706335028,7
1355,deepseek_v4_pro_max,32.13930180608167,8
1355,qwen3_8_max,27.970564672270065,9
1355,deepseek_v4_flash_max,19.18993730974981,10
1356,deepseek_v4_pro_max,78.77149009584252,1
1356,gpt_5_6_sol_max,78.56942250800095,2
1356,kimi_k3_max,65.69363452558775,3
1356,deepseek_v4_flash_max,64.10496830160018,4
1356,gpt_5_5_xhigh,55.98524475948503,5
1356,qwen3_8_max,39.517974023646744,6
1356,claude_fable_5_max,37.104714868234126,7
1356,claude_opus_4_8_max,31.92860433561224,8
1356,gemini_3_1_pro_high,28.938664419335304,9
1356,glm_5_2_max,22.32702561142841,10
1357,kimi_k3_max,60.07230711883003,1
1357,gpt_5_5_xhigh,57.61168227529617,2
1357,glm_5_2_max,54.41888761296536,3
1357,deepseek_v4_pro_max,54.278272524460284,4
1357,claude_fable_5_max,48.089138011191864,5
1357,gpt_5_6_sol_max,47.13183691762679,6
1357,qwen3_8_max,43.14540225259622,7
1357,gemini_3_1_pro_high,33.005172457025196,8
1357,claude_opus_4_8_max,24.792851429195984,9
1357,deepseek_v4_flash_max,22.412738213794256,10
1358,kimi_k3_max,59.9473070258673,1
1358,claude_fable_5_max,53.00916358577826,2
1358,gpt_5_6_sol_max,52.63096209948806,3
1358,gemini_3_1_pro_high,45.37210900591341,4
1358,glm_5_2_max,42.27915574263892,5
1358,qwen3_8_max,40.40931573328331,6
1358,gpt_5_5_xhigh,36.84870904465979,7
1358,claude_opus_4_8_max,36.02077838542551,8
1358,deepseek_v4_flash_max,29.445556701150792,9
1358,deepseek_v4_pro_max,5.513919107204085,10
1359,deepseek_v4_pro_max,70.3961973841229,1
1359,gpt_5_5_xhigh,60.19691976472305,2
1359,glm_5_2_max,55.88805800595887,3
1359,gpt_5_6_sol_max,54.19349135238222,4
1359,claude_fable_5_max,53.17904485055041,5
1359,claude_opus_4_8_max,50.80073377613436,6
1359,kimi_k3_max,43.13496503513832,7
1359,deepseek_v4_flash_max,33.88728498833696,8
1359,qwen3_8_max,31.388874673796558,9
1359,gemini_3_1_pro_high,18.160442810883154,10
1360,claude_fable_5_max,68.90692023710986,1
1360,deepseek_v4_pro_max,63.820821539820315,2
1360,qwen3_8_max,55.27163550791478,3
1360,gpt_5_6_sol_max,49.33581097509704,4
1360,gpt_5_5_xhigh,47.773051970994814,5
1360,claude_opus_4_8_max,45.96649966199792,6
1360,kimi_k3_max,45.59216378121316,7
1360,gemini_3_1_pro_high,42.060605255414636,8
1360,deepseek_v4_flash_max,30.662705662384354,9
1360,glm_5_2_max,29.696695190428056,10
1361,deepseek_v4_pro_max,73.75718526943307,1
1361,gpt_5_6_sol_max,70.28321972161059,2
1361,claude_fable_5_max,67.43369143797199,3
1361,claude_opus_4_8_max,65.8942542895608,4
1361,glm_5_2_max,56.33422309477515,5
1361,qwen3_8_max,54.47442242614416,6
1361,kimi_k3_max,48.512989241365275,7
1361,gpt_5_5_xhigh,48.408698206308955,8
1361,gemini_3_1_pro_high,31.088768392251694,9
1361,deepseek_v4_flash_max,18.106405110860006,10
1362,deepseek_v4_pro_max,63.42767294206013,1
1362,claude_fable_5_max,55.759593677160424,2
1362,deepseek_v4_flash_max,49.76943648793552,3
1362,glm_5_2_max,38.60001946415191,4
1362,qwen3_8_max,37.95876237344905,5
1362,gpt_5_5_xhigh,37.05485417569497,6
1362,claude_opus_4_8_max,33.14609604039025,7
1362,gpt_5_6_sol_max,31.07625802435719,8
1362,gemini_3_1_pro_high,25.232349701041255,9
1362,kimi_k3_max,19.952514542815017,10
1363,deepseek_v4_flash_max,83.33329262815519,1
1363,kimi_k3_max,52.08110466386168,2
1363,claude_opus_4_8_max,51.6675126302395,3
1363,qwen3_8_max,49.74998085031316,4
1363,gpt_5_5_xhigh,44.04543556083365,5
1363,claude_fable_5_max,43.14149944829669,6
1363,gpt_5_6_sol_max,39.847791909646695,7
1363,glm_5_2_max,37.358923972613816,8
1363,deepseek_v4_pro_max,36.69063187912961,9
1363,gemini_3_1_pro_high,25.7306009660291,10
1364,claude_fable_5_max,89.31382117239674,1
1364,qwen3_8_max,66.42274165684856,2
1364,gemini_3_1_pro_high,64.23866754118325,3
1364,gpt_5_6_sol_max,59.98947812690518,4
1364,deepseek_v4_flash_max,51.127812740226744,5
1364,glm_5_2_max,48.527569630278066,6
1364,claude_opus_4_8_max,47.6765626696537,7
1364,gpt_5_5_xhigh,39.05964041414815,8
1364,deepseek_v4_pro_max,37.166282437791814,9
1364,kimi_k3_max,34.5802322419563,10
1365,gpt_5_5_xhigh,68.10181391183548,1
1365,gpt_5_6_sol_max,67.86322171034344,2
1365,kimi_k3_max,61.00715481562234,3
1365,deepseek_v4_pro_max,60.11816427747244,4
1365,claude_fable_5_max,52.19137121972327,5
1365,gemini_3_1_pro_high,45.4953707840163,6
1365,qwen3_8_max,43.582066636336634,7
1365,glm_5_2_max,37.11749055571158,8
1365,deepseek_v4_flash_max,34.581537888574964,9
1365,claude_opus_4_8_max,33.67611048447142,10
1366,claude_fable_5_max,76.4264629003941,1
1366,kimi_k3_max,56.304729877271214,2
1366,claude_opus_4_8_max,49.92403558984598,3
1366,gpt_5_5_xhigh,41.967558911162754,4
1366,deepseek_v4_pro_max,41.42359842530276,5
1366,qwen3_8_max,36.75175887960456,6
1366,deepseek_v4_flash_max,34.03834204248733,7
1366,gpt_5_6_sol_max,27.936502965866726,8
1366,gemini_3_1_pro_high,27.36535780230479,9
1366,glm_5_2_max,15.485918935791155,10
1367,glm_5_2_max,71.79403802912454,1
1367,claude_fable_5_max,69.54957168005892,2
1367,qwen3_8_max,65.11486707027625,3
1367,gpt_5_5_xhigh,58.293352297527775,4
1367,kimi_k3_max,48.59942691028594,5
1367,deepseek_v4_flash_max,46.97093341050294,6
1367,claude_opus_4_8_max,41.41130445875991,7
1367,gpt_5_6_sol_max,40.35870657829438,8
1367,gemini_3_1_pro_high,36.68884584213429,9
1367,deepseek_v4_pro_max,28.708675244782732,10
1368,claude_fable_5_max,74.0110457169858,1
1368,glm_5_2_max,48.189156605444076,2
1368,deepseek_v4_pro_max,45.25493352069115,3
1368,deepseek_v4_flash_max,37.32849087112799,4
1368,gpt_5_5_xhigh,36.942943091287425,5
1368,gemini_3_1_pro_high,33.25855143412025,6
1368,claude_opus_4_8_max,32.46037249036313,7
1368,gpt_5_6_sol_max,27.93307313465398,8
1368,qwen3_8_max,26.864339827435934,9
1368,kimi_k3_max,23.92171457437988,10
1369,gemini_3_1_pro_high,68.17423475712884,1
1369,kimi_k3_max,62.40338292150926,2
1369,gpt_5_5_xhigh,61.293096769292674,3
1369,qwen3_8_max,56.92279397085199,4
1369,claude_fable_5_max,54.52812301074536,5
1369,deepseek_v4_flash_max,51.86115225063909,6
1369,gpt_5_6_sol_max,50.57424509049889,7
1369,claude_opus_4_8_max,39.64674779063227,8
1369,glm_5_2_max,31.32480182670657,9
1369,deepseek_v4_pro_max,2.339627389450579,10
1370,claude_fable_5_max,73.8434654575641,1
1370,gemini_3_1_pro_high,62.50347340890484,2
1370,qwen3_8_max,54.81020412239594,3
1370,kimi_k3_max,47.104668305847824,4
1370,gpt_5_6_sol_max,43.53694857642676,5
1370,claude_opus_4_8_max,38.98092772035144,6
1370,glm_5_2_max,37.99136957624674,7
1370,deepseek_v4_pro_max,37.7003487766503,8
1370,gpt_5_5_xhigh,24.26295191353735,9
1370,deepseek_v4_flash_max,15.904948717225286,10
1371,gpt_5_5_xhigh,65.47274737117937,1
1371,claude_opus_4_8_max,65.3834483654418,2
1371,kimi_k3_max,61.917599533429964,3
1371,glm_5_2_max,58.139981375237014,4
1371,claude_fable_5_max,56.71474277361827,5
1371,qwen3_8_max,52.08558635287255,6
1371,gemini_3_1_pro_high,45.76758410890249,7
1371,deepseek_v4_flash_max,33.54637836252249,8
1371,gpt_5_6_sol_max,31.618611551631645,9
1371,deepseek_v4_pro_max,19.929484978444837,10
1372,claude_fable_5_max,67.83966042024144,1
1372,qwen3_8_max,52.288555843640815,2
1372,glm_5_2_max,49.70903599230441,3
1372,deepseek_v4_flash_max,47.05191578106265,4
1372,claude_opus_4_8_max,44.31989939885732,5
1372,gpt_5_6_sol_max,41.68060615318791,6
1372,gpt_5_5_xhigh,35.411715964780484,7
1372,deepseek_v4_pro_max,34.21019933571597,8
1372,kimi_k3_max,30.847064151328738,9
1372,gemini_3_1_pro_high,25.663495683918104,10
1373,deepseek_v4_pro_max,80.62006741529166,1
1373,gpt_5_6_sol_max,59.171865070741674,2
1373,claude_fable_5_max,57.114494466431374,3
1373,gpt_5_5_xhigh,52.550002875752355,4
1373,qwen3_8_max,52.187828106182394,5
1373,claude_opus_4_8_max,50.84723382333129,6
1373,glm_5_2_max,49.301695038784864,7
1373,gemini_3_1_pro_high,36.38287854144099,8
1373,kimi_k3_max,34.79088622239705,9
1373,deepseek_v4_flash_max,32.44165966048899,10
1374,qwen3_8_max,64.8443894417921,1
1374,gemini_3_1_pro_high,60.57770039187482,2
1374,glm_5_2_max,57.691015306804026,3
1374,kimi_k3_max,55.98515291787247,4
1374,deepseek_v4_flash_max,42.32514658895809,5
1374,claude_opus_4_8_max,38.00465616403426,6
1374,claude_fable_5_max,36.32990248549229,7
1374,gpt_5_6_sol_max,35.53301874237198,8
1374,gpt_5_5_xhigh,29.356050097642218,9
1374,deepseek_v4_pro_max,25.956938128474924,10
1375,deepseek_v4_pro_max,98.04256450409025,1
1375,qwen3_8_max,67.12625001285248,2
1375,glm_5_2_max,59.43540191399791,3
1375,claude_opus_4_8_max,57.415013747443,4
1375,gpt_5_6_sol_max,49.735185572152034,5
1375,kimi_k3_max,42.161026280879824,6
1375,claude_fable_5_max,41.638191194878154,7
1375,gpt_5_5_xhigh,31.401504423170163,8
1375,gemini_3_1_pro_high,26.312082935995214,9
1375,deepseek_v4_flash_max,19.857389258850947,10
1376,claude_opus_4_8_max,80.14515230339543,1
1376,kimi_k3_max,55.50755459145134,2
1376,claude_fable_5_max,54.87906775013108,3
1376,qwen3_8_max,51.17402339028168,4
1376,gpt_5_6_sol_max,49.66147327074324,5
1376,glm_5_2_max,44.54059510083161,6
1376,deepseek_v4_pro_max,30.224995009186216,7
1376,gpt_5_5_xhigh,29.377593498392454,8
1376,gemini_3_1_pro_high,28.982831590858204,9
1376,deepseek_v4_flash_max,11.29044952546842,10
1377,deepseek_v4_pro_max,78.30681467860299,1
1377,qwen3_8_max,75.09051930095444,2
1377,gpt_5_6_sol_max,67.69415806876069,3
1377,kimi_k3_max,59.18174362505326,4
1377,deepseek_v4_flash_max,50.61971817988668,5
1377,glm_5_2_max,49.87179724005195,6
1377,gemini_3_1_pro_high,47.581340364864445,7
1377,claude_opus_4_8_max,40.537384428341284,8
1377,gpt_5_5_xhigh,38.18714972920765,9
1377,claude_fable_5_max,17.765695370429057,10
1378,glm_5_2_max,80.77791266636848,1
1378,gpt_5_5_xhigh,67.36083195079372,2
1378,gpt_5_6_sol_max,56.03644898447368,3
1378,deepseek_v4_flash_max,53.327603134118434,4
1378,kimi_k3_max,50.23917205352157,5
1378,claude_opus_4_8_max,48.72078527671228,6
1378,qwen3_8_max,46.877467863131784,7
1378,claude_fable_5_max,42.61294286114501,8
1378,deepseek_v4_pro_max,38.936304705096134,9
1378,gemini_3_1_pro_high,35.1832043740753,10
1379,deepseek_v4_pro_max,71.70872997467512,1
1379,claude_fable_5_max,65.19109137107148,2
1379,qwen3_8_max,55.213205170329836,3
1379,claude_opus_4_8_max,40.69371832720925,4
1379,gemini_3_1_pro_high,37.11679264016502,5
1379,gpt_5_5_xhigh,35.51901213191255,6
1379,kimi_k3_max,32.07325311801425,7
1379,gpt_5_6_sol_max,31.77538347822938,8
1379,glm_5_2_max,27.43606535330765,9
1379,deepseek_v4_flash_max,17.899176781979513,10
1380,glm_5_2_max,74.63390745665627,1
1380,gemini_3_1_pro_high,64.70882175396098,2
1380,deepseek_v4_pro_max,58.54151287986707,3
1380,claude_fable_5_max,57.48257484143971,4
1380,qwen3_8_max,56.345189606039455,5
1380,gpt_5_5_xhigh,55.617515326404636,6
1380,claude_opus_4_8_max,50.2290620572278,7
1380,kimi_k3_max,39.46344495725087,8
1380,gpt_5_6_sol_max,33.67801372942067,9
1380,deepseek_v4_flash_max,33.328786328677594,10
1381,gpt_5_6_sol_max,60.91829837234958,1
1381,glm_5_2_max,60.690750845854,2
1381,deepseek_v4_flash_max,57.49234888209587,3
1381,claude_fable_5_max,55.16442230823712,4
1381,claude_opus_4_8_max,54.42707551745099,5
1381,deepseek_v4_pro_max,46.76821786049758,6
1381,qwen3_8_max,46.543871436881446,7
1381,gpt_5_5_xhigh,43.661804871851494,8
1381,kimi_k3_max,41.872255104896055,9
1381,gemini_3_1_pro_high,36.466714804216146,10
1382,deepseek_v4_flash_max,74.7461922733659,1
1382,qwen3_8_max,72.6356034374235,2
1382,claude_fable_5_max,70.8582445712746,3
1382,claude_opus_4_8_max,59.71936260732818,4
1382,glm_5_2_max,58.28919254161054,5
1382,gpt_5_6_sol_max,56.48567162981366,6
1382,gemini_3_1_pro_high,51.07179926771172,7
1382,gpt_5_5_xhigh,49.27720857645358,8
1382,deepseek_v4_pro_max,44.69703939153237,9
1382,kimi_k3_max,24.85828693749974,10
1383,kimi_k3_max,77.58286310215317,1
1383,qwen3_8_max,66.19380422816586,2
1383,gpt_5_5_xhigh,66.1216156192496,3
1383,gemini_3_1_pro_high,64.56831620798467,4
1383,glm_5_2_max,57.274415824493225,5
1383,gpt_5_6_sol_max,56.70809437234642,6
1383,deepseek_v4_pro_max,53.88841586313446,7
1383,claude_opus_4_8_max,52.23933022683093,8
1383,claude_fable_5_max,42.07300404662084,9
1383,deepseek_v4_flash_max,38.84122333427458,10
1384,deepseek_v4_pro_max,80.5463828552584,1
1384,qwen3_8_max,69.61343746019841,2
1384,claude_opus_4_8_max,58.73204398011583,3
1384,kimi_k3_max,58.0813702267329,4
1384,gemini_3_1_pro_high,55.004718988328136,5
1384,claude_fable_5_max,43.31050057966702,6
1384,gpt_5_5_xhigh,41.53711967788631,7
1384,gpt_5_6_sol_max,37.320896334325326,8
1384,glm_5_2_max,28.94722460088544,9
1384,deepseek_v4_flash_max,20.665104134197417,10
1385,deepseek_v4_pro_max,62.120256945761795,1
1385,claude_fable_5_max,60.43522920584523,2
1385,gpt_5_5_xhigh,58.532041879957006,3
1385,claude_opus_4_8_max,48.37191614404907,4
1385,kimi_k3_max,47.953597573981895,5
1385,deepseek_v4_flash_max,47.02602765576613,6
1385,qwen3_8_max,43.81973643404254,7
1385,gpt_5_6_sol_max,40.90850578499111,8
1385,glm_5_2_max,39.69060442347746,9
1385,gemini_3_1_pro_high,20.774005061453963,10
1386,glm_5_2_max,87.08607847197786,1
1386,claude_fable_5_max,81.24387482097899,2
1386,gpt_5_5_xhigh,66.64585938018364,3
1386,kimi_k3_max,66.49930784016442,4
1386,gpt_5_6_sol_max,63.458920048134345,5
1386,gemini_3_1_pro_high,62.50200371666996,6
1386,qwen3_8_max,42.52207917407347,7
1386,deepseek_v4_pro_max,37.52161944555242,8
1386,claude_opus_4_8_max,28.700853629646602,9
1386,deepseek_v4_flash_max,26.176007232557595,10
1387,claude_fable_5_max,66.45399885908535,1
1387,kimi_k3_max,62.355039105617735,2
1387,gemini_3_1_pro_high,60.557127717084505,3
1387,deepseek_v4_pro_max,59.32139255767922,4
1387,glm_5_2_max,59.04101875095466,5
1387,qwen3_8_max,47.27444892271477,6
1387,claude_opus_4_8_max,46.033592205689345,7
1387,gpt_5_6_sol_max,43.96818802630804,8
1387,gpt_5_5_xhigh,35.330417738414454,9
1387,deepseek_v4_flash_max,16.13924143697042,10
1388,gpt_5_5_xhigh,61.03183879066528,1
1388,qwen3_8_max,50.90033169491387,2
1388,glm_5_2_max,39.326434258817116,3
1388,claude_opus_4_8_max,36.345026204969635,4
1388,deepseek_v4_pro_max,32.033033588650966,5
1388,gpt_5_6_sol_max,28.86311959999945,6
1388,kimi_k3_max,26.58642578227975,7
1388,claude_fable_5_max,25.55519491930729,8
1388,deepseek_v4_flash_max,22.177695868643305,9
1388,gemini_3_1_pro_high,16.350531757509,10
1389,gpt_5_5_xhigh,73.66770153491385,1
1389,deepseek_v4_pro_max,63.09272904616293,2
1389,gpt_5_6_sol_max,61.5189437813969,3
1389,claude_fable_5_max,59.75165616454726,4
1389,kimi_k3_max,58.587549467555725,5
1389,claude_opus_4_8_max,47.19930607525468,6
1389,gemini_3_1_pro_high,45.304941029987546,7
1389,qwen3_8_max,42.03844534234359,8
1389,glm_5_2_max,35.92926264915351,9
1389,deepseek_v4_flash_max,35.12452067729329,10
1390,gpt_5_6_sol_max,80.8201613178275,1
1390,deepseek_v4_flash_max,65.18587706779968,2
1390,gemini_3_1_pro_high,62.82530677330643,3
1390,qwen3_8_max,57.418156491965384,4
1390,deepseek_v4_pro_max,56.08168802161793,5
1390,claude_opus_4_8_max,55.10996906285911,6
1390,claude_fable_5_max,54.86722761474888,7
1390,gpt_5_5_xhigh,44.41747804865427,8
1390,glm_5_2_max,38.93607529124795,9
1390,kimi_k3_max,36.96087946006352,10
1391,gpt_5_6_sol_max,73.41656102324376,1
1391,glm_5_2_max,64.32663110963252,2
1391,gpt_5_5_xhigh,59.1574818903665,3
1391,claude_fable_5_max,58.7539419156933,4
1391,deepseek_v4_flash_max,57.43298810369164,5
1391,claude_opus_4_8_max,51.76458082497618,6
1391,gemini_3_1_pro_high,44.452608282587235,7
1391,qwen3_8_max,34.584276475328906,8
1391,kimi_k3_max,30.55776190581659,9
1391,deepseek_v4_pro_max,19.307095821575462,10
1392,claude_fable_5_max,80.75504264502447,1
1392,claude_opus_4_8_max,44.90692702933736,2
1392,qwen3_8_max,44.511055894421396,3
1392,deepseek_v4_pro_max,43.20918222887069,4
1392,gpt_5_5_xhigh,40.78085936223236,5
1392,gpt_5_6_sol_max,40.60053744553097,6
1392,glm_5_2_max,36.71084355550244,7
1392,gemini_3_1_pro_high,35.71528936819291,8
1392,kimi_k3_max,33.31382866833503,9
1392,deepseek_v4_flash_max,31.1186212217172,10
1393,gpt_5_6_sol_max,75.7711791254182,1
1393,kimi_k3_max,70.31933784187136,2
1393,claude_fable_5_max,63.88147555594324,3
1393,deepseek_v4_pro_max,60.4122696008325,4
1393,gpt_5_5_xhigh,50.26650141082376,5
1393,deepseek_v4_flash_max,48.619908825240415,6
1393,claude_opus_4_8_max,34.638947206570386,7
1393,gemini_3_1_pro_high,31.916597388957314,8
1393,glm_5_2_max,25.142095493005776,9
1393,qwen3_8_max,22.148290743801414,10
1394,claude_fable_5_max,70.070748505818,1
1394,claude_opus_4_8_max,61.68423141025614,2
1394,deepseek_v4_flash_max,60.35029248766176,3
1394,qwen3_8_max,56.17915696287184,4
1394,kimi_k3_max,54.254187522495734,5
1394,deepseek_v4_pro_max,53.31783679597211,6
1394,gpt_5_6_sol_max,49.181616945320116,7
1394,gemini_3_1_pro_high,42.949175468600586,8
1394,gpt_5_5_xhigh,33.97230413693812,9
1394,glm_5_2_max,31.12467766379057,10
1395,claude_fable_5_max,67.17841201520963,1
1395,gemini_3_1_pro_high,62.69499411398348,2
1395,kimi_k3_max,56.475072346715834,3
1395,deepseek_v4_pro_max,55.37324274137069,4
1395,glm_5_2_max,54.48242157172665,5
1395,gpt_5_5_xhigh,47.40361747691554,6
1395,gpt_5_6_sol_max,46.01259718312372,7
1395,qwen3_8_max,36.32596392270006,8
1395,claude_opus_4_8_max,33.23966202477926,9
1395,deepseek_v4_flash_max,12.304210538856646,10
1396,gemini_3_1_pro_high,84.17020370032519,1
1396,gpt_5_5_xhigh,72.05683852900424,2
1396,gpt_5_6_sol_max,66.91227395003239,3
1396,kimi_k3_max,58.7342467680422,4
1396,glm_5_2_max,52.3502751709671,5
1396,claude_opus_4_8_max,48.63063538679131,6
1396,deepseek_v4_pro_max,47.04207456182977,7
1396,qwen3_8_max,40.45703346503246,8
1396,deepseek_v4_flash_max,26.012273385705665,9
1396,claude_fable_5_max,22.880905606286206,10
1397,deepseek_v4_flash_max,67.27345149272558,1
1397,claude_fable_5_max,53.94166433639269,2
1397,glm_5_2_max,43.01180054759273,3
1397,gpt_5_6_sol_max,41.35455975150667,4
1397,qwen3_8_max,38.46297978036605,5
1397,claude_opus_4_8_max,37.23757638966709,6
1397,gpt_5_5_xhigh,37.020038441482924,7
1397,deepseek_v4_pro_max,35.390588156644995,8
1397,kimi_k3_max,30.299164937683816,9
1397,gemini_3_1_pro_high,15.60486131870724,10
1398,claude_fable_5_max,74.47058062120905,1
1398,kimi_k3_max,51.44706735972452,2
1398,deepseek_v4_flash_max,49.93354093116643,3
1398,gpt_5_5_xhigh,49.45082741738774,4
1398,deepseek_v4_pro_max,42.71233101719752,5
1398,claude_opus_4_8_max,42.32332132542174,6
1398,qwen3_8_max,34.77154624306634,7
1398,glm_5_2_max,33.635024557761184,8
1398,gpt_5_6_sol_max,32.73066149917053,9
1398,gemini_3_1_pro_high,27.881129951041984,10
1399,gpt_5_5_xhigh,73.2630980360759,1
1399,kimi_k3_max,48.6266667690376,2
1399,deepseek_v4_pro_max,48.0057458378916,3
1399,gemini_3_1_pro_high,44.223692785716125,4
1399,claude_opus_4_8_max,40.787458187717434,5
1399,qwen3_8_max,35.80647530905515,6
1399,claude_fable_5_max,34.31626718692464,7
1399,gpt_5_6_sol_max,32.48046449899502,8
1399,deepseek_v4_flash_max,32.21380427197908,9
1399,glm_5_2_max,31.1772234680235,10
1400,deepseek_v4_pro_max,74.95988305834462,1
1400,qwen3_8_max,52.05810446587102,2
1400,claude_opus_4_8_max,49.283468309998874,3
1400,claude_fable_5_max,46.7494642752339,4
1400,gpt_5_6_sol_max,44.93916177479535,5
1400,kimi_k3_max,44.88805000202511,6
1400,gpt_5_5_xhigh,33.81870232035345,7
1400,gemini_3_1_pro_high,33.28232997001348,8
1400,glm_5_2_max,33.14052641825889,9
1400,deepseek_v4_flash_max,10.304483502945663,10
1401,kimi_k3_max,76.43905986439118,1
1401,deepseek_v4_pro_max,57.029859718883515,2
1401,gemini_3_1_pro_high,57.02344664799793,3
1401,glm_5_2_max,45.10393839348339,4
1401,claude_fable_5_max,42.66022039181564,5
1401,qwen3_8_max,40.647548318586146,6
1401,gpt_5_5_xhigh,32.31290654563565,7
1401,claude_opus_4_8_max,25.993699265572918,8
1401,gpt_5_6_sol_max,24.502452209316935,9
1401,deepseek_v4_flash_max,22.149447636968944,10
1402,gpt_5_5_xhigh,79.42473293105293,1
1402,glm_5_2_max,61.53479278557518,2
1402,deepseek_v4_pro_max,57.98362967470898,3
1402,deepseek_v4_flash_max,57.77013910234028,4
1402,claude_fable_5_max,52.75763104779816,5
1402,qwen3_8_max,52.335128543950646,6
1402,claude_opus_4_8_max,51.9722265585276,7
1402,kimi_k3_max,43.97002148353681,8
1402,gpt_5_6_sol_max,38.774954942961735,9
1402,gemini_3_1_pro_high,22.34168753713115,10
1403,deepseek_v4_pro_max,88.4959066247286,1
1403,qwen3_8_max,68.56090608228781,2
1403,kimi_k3_max,58.54738409151108,3
1403,claude_fable_5_max,48.87366607284162,4
1403,glm_5_2_max,46.016059237408484,5
1403,gpt_5_5_xhigh,38.31076942805463,6
1403,claude_opus_4_8_max,37.33204000061736,7
1403,deepseek_v4_flash_max,34.351335184218314,8
1403,gpt_5_6_sol_max,32.922474314204734,9
1403,gemini_3_1_pro_high,30.109610966315117,10
1404,gemini_3_1_pro_high,72.5492282398919,1
1404,gpt_5_6_sol_max,66.51757436103132,2
1404,claude_fable_5_max,61.275386351243405,3
1404,qwen3_8_max,60.88226556748138,4
1404,claude_opus_4_8_max,60.62451932817284,5
1404,gpt_5_5_xhigh,57.02822235584483,6
1404,kimi_k3_max,55.13279444726452,7
1404,deepseek_v4_flash_max,49.21986781512496,8
1404,glm_5_2_max,38.78600565772917,9
1404,deepseek_v4_pro_max,28.17883984675525,10
1405,deepseek_v4_flash_max,66.21636746209549,1
1405,gpt_5_5_xhigh,64.49566460752276,2
1405,gpt_5_6_sol_max,64.47855857341025,3
1405,claude_opus_4_8_max,56.63202939416834,4
1405,glm_5_2_max,55.10969139077875,5
1405,claude_fable_5_max,45.69908335029589,6
1405,kimi_k3_max,40.65270466413743,7
1405,qwen3_8_max,39.94558404779475,8
1405,deepseek_v4_pro_max,37.29795572675596,9
1405,gemini_3_1_pro_high,36.10343707319349,10
1406,gpt_5_6_sol_max,63.223104417627404,1
1406,kimi_k3_max,63.21820153479764,2
1406,deepseek_v4_flash_max,58.68781410963221,3
1406,claude_opus_4_8_max,57.20589104085204,4
1406,deepseek_v4_pro_max,49.953024959096496,5
1406,claude_fable_5_max,49.60304510824289,6
1406,qwen3_8_max,48.647176426449334,7
1406,gpt_5_5_xhigh,42.59176022615962,8
1406,glm_5_2_max,26.812220489378536,9
1406,gemini_3_1_pro_high,22.76160545650357,10
1407,deepseek_v4_flash_max,86.48085785584799,1
1407,claude_fable_5_max,59.38757688866609,2
1407,kimi_k3_max,56.72120913379628,3
1407,gpt_5_6_sol_max,53.78246577611816,4
1407,claude_opus_4_8_max,51.75580995358375,5
1407,deepseek_v4_pro_max,43.45649250293252,6
1407,gpt_5_5_xhigh,35.269911506263696,7
1407,qwen3_8_max,28.786532190837725,8
1407,glm_5_2_max,24.74577807417788,9
1407,gemini_3_1_pro_high,23.19238732946656,10
1408,claude_fable_5_max,77.6364020221207,1
1408,gpt_5_6_sol_max,77.50447443220231,2
1408,gemini_3_1_pro_high,63.061746156113166,3
1408,deepseek_v4_pro_max,60.67513924856492,4
1408,deepseek_v4_flash_max,59.50707748730718,5
1408,claude_opus_4_8_max,51.315552169233555,6
1408,glm_5_2_max,42.715823415777706,7
1408,gpt_5_5_xhigh,39.719178695935724,8
1408,qwen3_8_max,31.998129936790754,9
1408,kimi_k3_max,22.938028677725935,10
1409,kimi_k3_max,67.0245292605609,1
1409,gpt_5_5_xhigh,62.73428788004831,2
1409,glm_5_2_max,58.31580421758799,3
1409,deepseek_v4_flash_max,57.85080625049653,4
1409,claude_opus_4_8_max,57.776035795997274,5
1409,gemini_3_1_pro_high,48.18077036345379,6
1409,qwen3_8_max,40.673950668158774,7
1409,gpt_5_6_sol_max,36.585438979574306,8
1409,claude_fable_5_max,35.39731595240528,9
1409,deepseek_v4_pro_max,8.405851490734083,10
1410,claude_fable_5_max,80.90014723514331,1
1410,gemini_3_1_pro_high,71.16743349412167,2
1410,gpt_5_5_xhigh,57.21166836672704,3
1410,kimi_k3_max,52.90019548343169,4
1410,deepseek_v4_pro_max,46.24149166613662,5
1410,qwen3_8_max,44.59613836185272,6
1410,gpt_5_6_sol_max,40.873925770349175,7
1410,glm_5_2_max,37.3628963226012,8
1410,deepseek_v4_flash_max,34.02920409936638,9
1410,claude_opus_4_8_max,29.321685259954478,10
1411,deepseek_v4_pro_max,64.71212124577012,1
1411,claude_opus_4_8_max,60.30753192836453,2
1411,glm_5_2_max,52.817992139391315,3
1411,deepseek_v4_flash_max,49.954214851101455,4
1411,gpt_5_5_xhigh,49.52797402954192,5
1411,claude_fable_5_max,49.303037700577356,6
1411,kimi_k3_max,45.57854440851917,7
1411,gpt_5_6_sol_max,44.26049220369801,8
1411,qwen3_8_max,34.89350876174737,9
1411,gemini_3_1_pro_high,18.19701216509801,10
1412,deepseek_v4_pro_max,67.15971810465592,1
1412,claude_fable_5_max,55.43453674331707,2
1412,kimi_k3_max,54.73302130417444,3
1412,qwen3_8_max,47.890809520320595,4
1412,gpt_5_6_sol_max,47.88459006075907,5
1412,glm_5_2_max,39.87489923013032,6
1412,gpt_5_5_xhigh,39.487710457318876,7
1412,claude_opus_4_8_max,30.819417330127695,8
1412,gemini_3_1_pro_high,28.287617665032663,9
1412,deepseek_v4_flash_max,9.950412242444099,10
1413,gpt_5_6_sol_max,72.9726637170652,1
1413,claude_fable_5_max,72.0338091027569,2
1413,deepseek_v4_flash_max,67.3269765596379,3
1413,qwen3_8_max,58.52502003507962,4
1413,kimi_k3_max,48.94696264596638,5
1413,gemini_3_1_pro_high,48.40838562314939,6
1413,claude_opus_4_8_max,46.72401367205255,7
1413,glm_5_2_max,45.07602228352657,8
1413,gpt_5_5_xhigh,43.83108566114955,9
1413,deepseek_v4_pro_max,27.590473657461608,10
1414,gpt_5_5_xhigh,66.10725795538013,1
1414,qwen3_8_max,64.80971188911577,2
1414,claude_opus_4_8_max,60.386320950714115,3
1414,deepseek_v4_flash_max,60.014560166956585,4
1414,glm_5_2_max,55.98452473335071,5
1414,kimi_k3_max,42.123970181131035,6
1414,gpt_5_6_sol_max,40.98776791244488,7
1414,claude_fable_5_max,39.501692481378754,8
1414,gemini_3_1_pro_high,34.67738730832563,9
1414,deepseek_v4_pro_max,32.81807351033768,10
1415,gemini_3_1_pro_high,69.50197849457938,1
1415,qwen3_8_max,63.752083328358246,2
1415,gpt_5_5_xhigh,60.112814317840034,3
1415,gpt_5_6_sol_max,58.35216037934772,4
1415,glm_5_2_max,56.531338297106466,5
1415,deepseek_v4_flash_max,53.67828157968626,6
1415,deepseek_v4_pro_max,52.720256567169145,7
1415,claude_opus_4_8_max,45.64074951135935,8
1415,kimi_k3_max,35.94833382755856,9
1415,claude_fable_5_max,15.955835762952926,10
1416,qwen3_8_max,69.65864239547535,1
1416,deepseek_v4_pro_max,59.40898570229912,2
1416,gpt_5_6_sol_max,53.4524974508797,3
1416,gemini_3_1_pro_high,52.17980010822957,4
1416,claude_fable_5_max,50.09258320058171,5
1416,gpt_5_5_xhigh,45.41244682929669,6
1416,deepseek_v4_flash_max,36.5476311965078,7
1416,kimi_k3_max,36.5137032567977,8
1416,claude_opus_4_8_max,32.67510848942714,9
1416,glm_5_2_max,32.28113837334024,10
1417,qwen3_8_max,83.26022701727041,1
1417,deepseek_v4_pro_max,65.8846320581029,2
1417,glm_5_2_max,60.133762914254795,3
1417,gpt_5_6_sol_max,59.26550001922908,4
1417,claude_fable_5_max,45.22425991646717,5
1417,gpt_5_5_xhigh,43.13463825078739,6
1417,deepseek_v4_flash_max,36.51990634628219,7
1417,claude_opus_4_8_max,34.402930286258574,8
1417,kimi_k3_max,34.33168776853767,9
1417,gemini_3_1_pro_high,26.744614436256644,10
1418,claude_fable_5_max,61.42647821443834,1
1418,claude_opus_4_8_max,52.40715927706762,2
1418,glm_5_2_max,48.39790548536334,3
1418,gpt_5_5_xhigh,48.20164170793618,4
1418,deepseek_v4_pro_max,47.38994749757161,5
1418,deepseek_v4_flash_max,44.88278761535315,6
1418,gpt_5_6_sol_max,44.694915052423454,7
1418,qwen3_8_max,43.54454175773782,8
1418,kimi_k3_max,42.9449907720967,9
1418,gemini_3_1_pro_high,37.49733994201863,10
1419,deepseek_v4_flash_max,68.66883910982077,1
1419,gpt_5_5_xhigh,52.92672603773369,2
1419,glm_5_2_max,44.91131204961829,3
1419,kimi_k3_max,35.47505125771338,4
1419,gpt_5_6_sol_max,35.36516481652011,5
1419,claude_fable_5_max,34.951578744778246,6
1419,gemini_3_1_pro_high,34.207588140480645,7
1419,qwen3_8_max,31.71829913107106,8
1419,deepseek_v4_pro_max,30.325191008645735,9
1419,claude_opus_4_8_max,25.212600808923995,10
1420,claude_fable_5_max,73.17098325215304,1
1420,deepseek_v4_pro_max,61.526774175142705,2
1420,glm_5_2_max,59.289270727443096,3
1420,claude_opus_4_8_max,53.088985222071656,4
1420,qwen3_8_max,51.3658696765297,5
1420,gpt_5_5_xhigh,50.01944889901954,6
1420,deepseek_v4_flash_max,43.11417577808062,7
1420,gpt_5_6_sol_max,38.04310720712716,8
1420,kimi_k3_max,36.71339472153808,9
1420,gemini_3_1_pro_high,35.76888146360039,10
1421,gpt_5_5_xhigh,70.68936122652799,1
1421,deepseek_v4_pro_max,66.00187558747784,2
1421,gpt_5_6_sol_max,62.833866098317955,3
1421,deepseek_v4_flash_max,61.332678480528514,4
1421,kimi_k3_max,59.72553352488894,5
1421,qwen3_8_max,55.69081602389844,6
1421,claude_opus_4_8_max,53.39352828009121,7
1421,gemini_3_1_pro_high,47.49616993620445,8
1421,glm_5_2_max,42.74411157908622,9
1421,claude_fable_5_max,23.172901977810767,10
1422,claude_fable_5_max,89.32795906758177,1
1422,qwen3_8_max,47.67153575200324,2
1422,deepseek_v4_pro_max,42.812252711378214,3
1422,gpt_5_6_sol_max,32.977890631764154,4
1422,gpt_5_5_xhigh,32.1496845142057,5
1422,gemini_3_1_pro_high,30.218555874993665,6
1422,deepseek_v4_flash_max,27.598196122967742,7
1422,claude_opus_4_8_max,26.738706724448342,8
1422,kimi_k3_max,21.003007107986605,9
1422,glm_5_2_max,16.580278868130687,10
1423,deepseek_v4_flash_max,77.93017605526988,1
1423,qwen3_8_max,63.44619087770921,2
1423,gpt_5_5_xhigh,60.84525578784942,3
1423,glm_5_2_max,56.97035913338767,4
1423,claude_opus_4_8_max,56.36438056602225,5
1423,gpt_5_6_sol_max,48.86235326199178,6
1423,claude_fable_5_max,38.037056712652486,7
1423,kimi_k3_max,28.319599821943505,8
1423,gemini_3_1_pro_high,25.964602854618725,9
1423,deepseek_v4_pro_max,17.18213998563182,10
1424,gemini_3_1_pro_high,61.09998305469003,1
1424,claude_opus_4_8_max,60.72079471205538,2
1424,kimi_k3_max,59.90445502184314,3
1424,claude_fable_5_max,48.341158656405085,4
1424,gpt_5_6_sol_max,47.94954439881358,5
1424,gpt_5_5_xhigh,42.38918568796303,6
1424,glm_5_2_max,37.68172606958365,7
1424,qwen3_8_max,28.78277182617328,8
1424,deepseek_v4_flash_max,24.89003101705668,9
1424,deepseek_v4_pro_max,22.754156228270283,10
1425,gemini_3_1_pro_high,82.89714148402135,1
1425,claude_fable_5_max,58.352405070800124,2
1425,glm_5_2_max,57.7400373660992,3
1425,deepseek_v4_flash_max,56.538287701128546,4
1425,qwen3_8_max,49.47761571577982,5
1425,deepseek_v4_pro_max,44.17407778964136,6
1425,kimi_k3_max,43.34234100883878,7
1425,claude_opus_4_8_max,39.88336204777705,8
1425,gpt_5_5_xhigh,36.403533209394936,9
1425,gpt_5_6_sol_max,30.243019901730555,10
1426,deepseek_v4_pro_max,87.23848150391089,1
1426,gpt_5_5_xhigh,71.3988083569474,2
1426,glm_5_2_max,64.47615517558802,3
1426,claude_fable_5_max,63.5755051329176,4
1426,qwen3_8_max,55.754107233749735,5
1426,claude_opus_4_8_max,54.58754027485893,6
1426,deepseek_v4_flash_max,49.63678478632541,7
1426,gpt_5_6_sol_max,47.054801163434874,8
1426,gemini_3_1_pro_high,46.61148083859171,9
1426,kimi_k3_max,33.607605241976984,10
1427,deepseek_v4_pro_max,85.63638240083631,1
1427,claude_opus_4_8_max,69.07929760510619,2
1427,gpt_5_6_sol_max,61.93531040312121,3
1427,claude_fable_5_max,59.75852335460764,4
1427,kimi_k3_max,55.28123418780078,5
1427,gpt_5_5_xhigh,54.06486247893186,6
1427,glm_5_2_max,46.194922648158936,7
1427,deepseek_v4_flash_max,45.101544378717854,8
1427,qwen3_8_max,40.78356506369982,9
1427,gemini_3_1_pro_high,15.373695878541294,10
1428,glm_5_2_max,80.17117398745361,1
1428,deepseek_v4_pro_max,72.51006423959234,2
1428,claude_opus_4_8_max,58.95636752990592,3
1428,gpt_5_5_xhigh,55.58908071369714,4
1428,kimi_k3_max,53.89224574152134,5
1428,gemini_3_1_pro_high,46.75565565504237,6
1428,gpt_5_6_sol_max,43.54152026936966,7
1428,qwen3_8_max,37.19508435131675,8
1428,claude_fable_5_max,34.62613912182515,9
1428,deepseek_v4_flash_max,25.825385006122428,10
1429,claude_fable_5_max,68.82059675861707,1
1429,gemini_3_1_pro_high,58.299857258398546,2
1429,claude_opus_4_8_max,48.138618801475126,3
1429,kimi_k3_max,40.02719974307451,4
1429,gpt_5_5_xhigh,39.71559542362454,5
1429,glm_5_2_max,31.024462758177723,6
1429,deepseek_v4_pro_max,20.424421142409223,7
1429,qwen3_8_max,17.419949633243093,8
1429,gpt_5_6_sol_max,14.532709857657625,9
1429,deepseek_v4_flash_max,6.108251744983143,10
1430,deepseek_v4_pro_max,69.62940611349099,1
1430,gpt_5_5_xhigh,55.58857297644812,2
1430,glm_5_2_max,50.797435089118565,3
1430,deepseek_v4_flash_max,46.93048890458647,4
1430,qwen3_8_max,45.362999077365636,5
1430,kimi_k3_max,40.17888541150639,6
1430,gpt_5_6_sol_max,37.15426052838091,7
1430,claude_opus_4_8_max,35.72538400218895,8
1430,claude_fable_5_max,23.6728622120529,9
1430,gemini_3_1_pro_high,23.177656661756117,10
1431,kimi_k3_max,58.41325845555782,1
1431,deepseek_v4_pro_max,57.11699827533224,2
1431,claude_opus_4_8_max,53.1035124388157,3
1431,claude_fable_5_max,50.47735772887499,4
1431,gpt_5_5_xhigh,45.958314718276824,5
1431,glm_5_2_max,42.86013828496273,6
1431,gemini_3_1_pro_high,38.60047517661159,7
1431,gpt_5_6_sol_max,37.0787696424944,8
1431,deepseek_v4_flash_max,35.123501389290944,9
1431,qwen3_8_max,25.185031522004632,10
1432,kimi_k3_max,77.88398003721231,1
1432,deepseek_v4_pro_max,77.62699419360177,2
1432,gpt_5_5_xhigh,77.38231413607642,3
1432,claude_opus_4_8_max,73.48718291814099,4
1432,glm_5_2_max,61.50490678008873,5
1432,qwen3_8_max,57.6669232614127,6
1432,gpt_5_6_sol_max,57.57593085424826,7
1432,gemini_3_1_pro_high,54.78502959005431,8
1432,deepseek_v4_flash_max,43.37944481638184,9
1432,claude_fable_5_max,18.273160012050063,10
1433,gpt_5_5_xhigh,76.94055576779544,1
1433,deepseek_v4_flash_max,61.1819002039976,2
1433,gpt_5_6_sol_max,54.32871059016289,3
1433,kimi_k3_max,53.83149451241751,4
1433,claude_opus_4_8_max,51.94079713960457,5
1433,claude_fable_5_max,51.40124460679145,6
1433,glm_5_2_max,48.919507978928024,7
1433,qwen3_8_max,48.18215189704767,8
1433,gemini_3_1_pro_high,47.86164370658914,9
1433,deepseek_v4_pro_max,43.71088538445094,10
1434,gemini_3_1_pro_high,67.68051647799234,1
1434,claude_opus_4_8_max,61.48024548615821,2
1434,glm_5_2_max,59.29335116714587,3
1434,gpt_5_6_sol_max,55.07220505483552,4
1434,gpt_5_5_xhigh,52.79435525767353,5
1434,kimi_k3_max,52.56107927022755,6
1434,qwen3_8_max,51.33820944286505,7
1434,claude_fable_5_max,39.63515845328263,8
1434,deepseek_v4_flash_max,28.571766913368805,9
1434,deepseek_v4_pro_max,22.821879041678542,10
1435,deepseek_v4_pro_max,86.59790675362017,1
1435,deepseek_v4_flash_max,64.57166380531825,2
1435,kimi_k3_max,62.07439943160859,3
1435,claude_fable_5_max,51.78352786256329,4
1435,gpt_5_5_xhigh,50.60103118861663,5
1435,qwen3_8_max,48.86137114829417,6
1435,glm_5_2_max,48.612817512046476,7
1435,claude_opus_4_8_max,48.100543479770735,8
1435,gpt_5_6_sol_max,44.60718354039091,9
1435,gemini_3_1_pro_high,27.565933450556674,10
1436,claude_fable_5_max,68.48906919115387,1
1436,qwen3_8_max,66.01710635359868,2
1436,kimi_k3_max,60.88409417633923,3
1436,deepseek_v4_pro_max,57.321175604263786,4
1436,claude_opus_4_8_max,51.87155425025138,5
1436,gpt_5_5_xhigh,51.30686567769034,6
1436,gpt_5_6_sol_max,40.513902422546224,7
1436,gemini_3_1_pro_high,39.90577038923299,8
1436,deepseek_v4_flash_max,37.22716475692769,9
1436,glm_5_2_max,27.882499443697583,10
1437,deepseek_v4_pro_max,72.62569048532016,1
1437,claude_fable_5_max,64.10821193253618,2
1437,deepseek_v4_flash_max,62.018803204412066,3
1437,kimi_k3_max,60.935064712488106,4
1437,glm_5_2_max,59.16665525090587,5
1437,gpt_5_6_sol_max,54.923372448877466,6
1437,gpt_5_5_xhigh,54.67150610803866,7
1437,claude_opus_4_8_max,53.82225040002719,8
1437,gemini_3_1_pro_high,48.58004138812425,9
1437,qwen3_8_max,39.44226603566354,10
1438,claude_fable_5_max,75.72534451675999,1
1438,deepseek_v4_flash_max,55.23480651543863,2
1438,gemini_3_1_pro_high,52.59515428715876,3
1438,gpt_5_6_sol_max,49.90433826024104,4
1438,qwen3_8_max,47.66422008781839,5
1438,gpt_5_5_xhigh,46.527781365891045,6
1438,claude_opus_4_8_max,45.571914194314274,7
1438,deepseek_v4_pro_max,42.09962464831676,8
1438,glm_5_2_max,35.50609069993163,9
1438,kimi_k3_max,31.223843997859937,10
1439,deepseek_v4_pro_max,91.87109767832631,1
1439,claude_fable_5_max,84.11085485752008,2
1439,claude_opus_4_8_max,65.60508038324757,3
1439,kimi_k3_max,53.32598522490635,4
1439,gpt_5_6_sol_max,52.27367774353554,5
1439,qwen3_8_max,48.865377730742196,6
1439,gpt_5_5_xhigh,46.7178282302786,7
1439,gemini_3_1_pro_high,41.695354455062436,8
1439,glm_5_2_max,37.22428582440868,9
1439,deepseek_v4_flash_max,23.306051150091797,10
1440,deepseek_v4_pro_max,91.19243735335316,1
1440,qwen3_8_max,76.24451319383557,2
1440,glm_5_2_max,72.28370771581305,3
1440,gpt_5_5_xhigh,70.18631384467729,4
1440,gemini_3_1_pro_high,69.65706026244155,5
1440,claude_opus_4_8_max,68.55248340515932,6
1440,deepseek_v4_flash_max,49.504103781627535,7
1440,kimi_k3_max,41.700551645997486,8
1440,claude_fable_5_max,39.93032071795924,9
1440,gpt_5_6_sol_max,32.074811947031336,10
1441,claude_fable_5_max,65.37954871957409,1
1441,glm_5_2_max,62.942565313939205,2
1441,kimi_k3_max,54.17196282746889,3
1441,gpt_5_5_xhigh,52.300077881179924,4
1441,gpt_5_6_sol_max,52.1854243699784,5
1441,deepseek_v4_pro_max,46.32566008103889,6
1441,gemini_3_1_pro_high,45.35983113546949,7
1441,deepseek_v4_flash_max,42.54525674464057,8
1441,claude_opus_4_8_max,38.81272673163706,9
1441,qwen3_8_max,32.52973169771965,10
1442,gpt_5_6_sol_max,69.3201174441507,1
1442,claude_fable_5_max,59.621051825518066,2
1442,deepseek_v4_pro_max,55.78424405879612,3
1442,deepseek_v4_flash_max,53.06978881570895,4
1442,glm_5_2_max,48.85064297308564,5
1442,gpt_5_5_xhigh,47.06683483219052,6
1442,claude_opus_4_8_max,41.44388377567852,7
1442,qwen3_8_max,37.33767185203181,8
1442,kimi_k3_max,36.27638700897792,9
1442,gemini_3_1_pro_high,15.1568101958593,10
1443,claude_fable_5_max,65.29893748457228,1
1443,deepseek_v4_flash_max,54.472844282052186,2
1443,kimi_k3_max,54.41076418604301,3
1443,claude_opus_4_8_max,49.76288545126177,4
1443,gpt_5_5_xhigh,49.498993876797186,5
1443,gemini_3_1_pro_high,44.199538031711846,6
1443,qwen3_8_max,43.70276052915865,7
1443,glm_5_2_max,41.70847530454812,8
1443,gpt_5_6_sol_max,36.874461302541626,9
1443,deepseek_v4_pro_max,16.432262987844048,10
1444,claude_fable_5_max,79.99203271239276,1
1444,kimi_k3_max,59.746368245951615,2
1444,glm_5_2_max,51.26527253763345,3
1444,qwen3_8_max,45.51132487307598,4
1444,claude_opus_4_8_max,45.13511020466941,5
1444,gemini_3_1_pro_high,43.40026826002641,6
1444,deepseek_v4_flash_max,41.26157119446959,7
1444,deepseek_v4_pro_max,34.913157029138354,8
1444,gpt_5_6_sol_max,28.63024465102308,9
1444,gpt_5_5_xhigh,28.524233513554513,10
1445,deepseek_v4_flash_max,71.94650129304937,1
1445,gpt_5_6_sol_max,71.48383699920693,2
1445,kimi_k3_max,68.86863998985109,3
1445,gpt_5_5_xhigh,49.10956841176764,4
1445,claude_fable_5_max,47.502435753917915,5
1445,deepseek_v4_pro_max,46.91089567943585,6
1445,glm_5_2_max,44.16724750484859,7
1445,gemini_3_1_pro_high,38.3785977122954,8
1445,claude_opus_4_8_max,33.44003962295218,9
1445,qwen3_8_max,25.570621721512854,10
1446,glm_5_2_max,78.67509401120336,1
1446,kimi_k3_max,66.82925301422073,2
1446,gpt_5_6_sol_max,62.89867006450571,3
1446,gpt_5_5_xhigh,58.24333411823167,4
1446,claude_fable_5_max,57.37199351366308,5
1446,deepseek_v4_flash_max,46.99421943835388,6
1446,claude_opus_4_8_max,45.67756046319209,7
1446,gemini_3_1_pro_high,43.97147043978497,8
1446,qwen3_8_max,40.493118494881216,9
1446,deepseek_v4_pro_max,34.51847781563399,10
1447,deepseek_v4_pro_max,77.15893418804158,1
1447,claude_fable_5_max,72.22620635530278,2
1447,gpt_5_6_sol_max,63.18144741664037,3
1447,kimi_k3_max,61.02862114990296,4
1447,deepseek_v4_flash_max,57.19619427591138,5
1447,claude_opus_4_8_max,55.54115426928799,6
1447,gpt_5_5_xhigh,52.39840883730683,7
1447,gemini_3_1_pro_high,47.57410736641458,8
1447,qwen3_8_max,45.13656919291358,9
1447,glm_5_2_max,20.48732692871161,10
1448,kimi_k3_max,54.45334474113929,1
1448,gemini_3_1_pro_high,54.39436934808902,2
1448,claude_fable_5_max,53.23340984363686,3
1448,gpt_5_6_sol_max,51.19034714047058,4
1448,gpt_5_5_xhigh,50.703191359039685,5
1448,glm_5_2_max,48.133018726928505,6
1448,qwen3_8_max,42.178065045958974,7
1448,claude_opus_4_8_max,41.689910824575456,8
1448,deepseek_v4_flash_max,28.521943840043043,9
1448,deepseek_v4_pro_max,22.497256444961813,10
1449,claude_fable_5_max,81.68316812649702,1
1449,kimi_k3_max,66.35037552557245,2
1449,qwen3_8_max,63.938007528972086,3
1449,claude_opus_4_8_max,61.233726826306764,4
1449,gpt_5_5_xhigh,49.264780047342796,5
1449,gemini_3_1_pro_high,48.59722623372412,6
1449,deepseek_v4_flash_max,47.803546601626394,7
1449,glm_5_2_max,43.17103861331669,8
1449,deepseek_v4_pro_max,41.944040574465355,9
1449,gpt_5_6_sol_max,34.712196048346534,10
1450,claude_fable_5_max,79.34874439489386,1
1450,glm_5_2_max,52.31199612618951,2
1450,gpt_5_5_xhigh,51.277125613530515,3
1450,qwen3_8_max,48.31220445163729,4
1450,claude_opus_4_8_max,45.458554405958644,5
1450,gpt_5_6_sol_max,44.50061073354084,6
1450,kimi_k3_max,43.470276325341075,7
1450,deepseek_v4_pro_max,34.56636152591109,8
1450,deepseek_v4_flash_max,30.53813427870237,9
1450,gemini_3_1_pro_high,23.90241353811208,10
1451,claude_fable_5_max,69.08540368903533,1
1451,glm_5_2_max,67.86529781049829,2
1451,qwen3_8_max,64.48840027900397,3
1451,claude_opus_4_8_max,58.785790069380596,4
1451,gpt_5_5_xhigh,51.831510086571065,5
1451,gemini_3_1_pro_high,51.67460632765554,6
1451,kimi_k3_max,51.478213207956706,7
1451,deepseek_v4_flash_max,50.5122938509776,8
1451,gpt_5_6_sol_max,44.43805441846731,9
1451,deepseek_v4_pro_max,19.526957217824,10
1452,gemini_3_1_pro_high,64.98665554547425,1
1452,kimi_k3_max,59.25497420291792,2
1452,claude_fable_5_max,59.24214015283711,3
1452,claude_opus_4_8_max,51.72541272617605,4
1452,deepseek_v4_flash_max,48.25386601510159,5
1452,gpt_5_5_xhigh,44.116853395094765,6
1452,glm_5_2_max,43.58511261797159,7
1452,gpt_5_6_sol_max,42.287387829333646,8
1452,qwen3_8_max,32.28426967385619,9
1452,deepseek_v4_pro_max,0.0,10
1453,deepseek_v4_flash_max,60.15650680887286,1
1453,claude_fable_5_max,56.73032680363497,2
1453,gpt_5_5_xhigh,54.857466354782474,3
1453,deepseek_v4_pro_max,39.38881126868484,4
1453,kimi_k3_max,38.33210589787978,5
1453,qwen3_8_max,35.763824594966,6
1453,gpt_5_6_sol_max,35.011061012916294,7
1453,gemini_3_1_pro_high,28.709070632861085,8
1453,glm_5_2_max,27.70091277828432,9
1453,claude_opus_4_8_max,25.10287183191121,10
1454,claude_fable_5_max,75.84928689155834,1
1454,gpt_5_6_sol_max,69.65123667268311,2
1454,gpt_5_5_xhigh,66.81512617600637,3
1454,deepseek_v4_flash_max,66.43528340056608,4
1454,glm_5_2_max,62.843724418069925,5
1454,qwen3_8_max,61.487473940477585,6
1454,claude_opus_4_8_max,53.049220934717795,7
1454,gemini_3_1_pro_high,51.37533327071094,8
1454,kimi_k3_max,46.28758880633509,9
1454,deepseek_v4_pro_max,11.504117674289486,10
1455,deepseek_v4_flash_max,80.665858655741,1
1455,gpt_5_6_sol_max,61.84867905568417,2
1455,gemini_3_1_pro_high,54.79277368572764,3
1455,claude_fable_5_max,54.76374414010943,4
1455,kimi_k3_max,51.05822501058322,5
1455,deepseek_v4_pro_max,41.47906492360731,6
1455,qwen3_8_max,38.534661722594564,7
1455,claude_opus_4_8_max,31.58419450727196,8
1455,gpt_5_5_xhigh,30.14266198580693,9
1455,glm_5_2_max,29.566982979333453,10
1456,claude_fable_5_max,70.39861283899391,1
1456,qwen3_8_max,45.26205269638445,2
1456,deepseek_v4_flash_max,42.75386936435877,3
1456,gpt_5_5_xhigh,40.33519019911943,4
1456,deepseek_v4_pro_max,37.725292393814996,5
1456,gemini_3_1_pro_high,36.25136698661163,6
1456,claude_opus_4_8_max,34.42334602540484,7
1456,gpt_5_6_sol_max,29.354016621691738,8
1456,kimi_k3_max,28.94923602837687,9
1456,glm_5_2_max,26.586365730860674,10
1457,kimi_k3_max,74.51039212720904,1
1457,glm_5_2_max,47.81625705755446,2
1457,claude_opus_4_8_max,47.6039673328259,3
1457,claude_fable_5_max,43.6509903255879,4
1457,gemini_3_1_pro_high,42.09677950674853,5
1457,gpt_5_6_sol_max,38.04371349042272,6
1457,deepseek_v4_pro_max,36.64476285248465,7
1457,qwen3_8_max,34.815985434308345,8
1457,gpt_5_5_xhigh,31.60321955783979,9
1457,deepseek_v4_flash_max,27.019105671532493,10
1458,deepseek_v4_flash_max,68.2376822148383,1
1458,glm_5_2_max,65.8612826326649,2
1458,gpt_5_6_sol_max,60.22625321423723,3
1458,deepseek_v4_pro_max,55.31639393696903,4
1458,gpt_5_5_xhigh,48.55290906525374,5
1458,kimi_k3_max,44.853315137254015,6
1458,claude_opus_4_8_max,41.79500388053292,7
1458,gemini_3_1_pro_high,33.63685207624308,8
1458,qwen3_8_max,29.231528026029252,9
1458,claude_fable_5_max,27.057612927624966,10
1459,gemini_3_1_pro_high,74.42563595070732,1
1459,glm_5_2_max,58.92163026119445,2
1459,gpt_5_6_sol_max,49.249948334482625,3
1459,claude_fable_5_max,44.73599652671739,4
1459,kimi_k3_max,44.39597519746303,5
1459,claude_opus_4_8_max,41.02282622055488,6
1459,qwen3_8_max,40.131130187960565,7
1459,deepseek_v4_flash_max,39.37120238104316,8
1459,gpt_5_5_xhigh,26.77776984556858,9
1459,deepseek_v4_pro_max,18.491394254870308,10
1460,deepseek_v4_pro_max,90.71324193275073,1
1460,qwen3_8_max,69.41499178087426,2
1460,gpt_5_5_xhigh,61.511769283298165,3
1460,claude_opus_4_8_max,49.37059903881391,4
1460,claude_fable_5_max,47.73659047291068,5
1460,gemini_3_1_pro_high,41.01896687508389,6
1460,glm_5_2_max,40.73508960253534,7
1460,kimi_k3_max,36.1753498280182,8
1460,gpt_5_6_sol_max,35.113002447639786,9
1460,deepseek_v4_flash_max,24.25526711320417,10
1461,gpt_5_6_sol_max,77.54204828771948,1
1461,claude_opus_4_8_max,71.77993052822639,2
1461,claude_fable_5_max,68.84393837379477,3
1461,gemini_3_1_pro_high,60.6693446689183,4
1461,qwen3_8_max,57.85870558742508,5
1461,deepseek_v4_flash_max,40.39820064794644,6
1461,glm_5_2_max,39.49614117420232,7
1461,gpt_5_5_xhigh,34.07039625667209,8
1461,kimi_k3_max,31.97091152560347,9
1461,deepseek_v4_pro_max,28.77865254795751,10
1462,claude_fable_5_max,73.60977924820318,1
1462,glm_5_2_max,64.33598275480239,2
1462,kimi_k3_max,64.06406145650763,3
1462,gemini_3_1_pro_high,62.65361439059347,4
1462,qwen3_8_max,60.432378353919475,5
1462,claude_opus_4_8_max,40.96269455559427,6
1462,deepseek_v4_pro_max,39.06097628869681,7
1462,gpt_5_5_xhigh,31.537473682911155,8
1462,gpt_5_6_sol_max,28.86954197462302,9
1462,deepseek_v4_flash_max,25.268530785498598,10
1463,claude_fable_5_max,67.44990392688386,1
1463,kimi_k3_max,60.40069749309999,2
1463,deepseek_v4_pro_max,46.811786366001044,3
1463,glm_5_2_max,44.8014426015404,4
1463,deepseek_v4_flash_max,42.45307477642048,5
1463,claude_opus_4_8_max,41.23113759040754,6
1463,gpt_5_6_sol_max,39.12119459195431,7
1463,qwen3_8_max,33.65167069735706,8
1463,gpt_5_5_xhigh,32.54144893032904,9
1463,gemini_3_1_pro_high,24.228425070457646,10
1464,claude_fable_5_max,87.00085544508939,1
1464,kimi_k3_max,74.45784669413935,2
1464,qwen3_8_max,67.24475152781983,3
1464,claude_opus_4_8_max,48.881857922432005,4
1464,deepseek_v4_flash_max,43.881811241286485,5
1464,gpt_5_5_xhigh,36.70791093192323,6
1464,gpt_5_6_sol_max,34.83923667088664,7
1464,glm_5_2_max,33.3113175464648,8
1464,gemini_3_1_pro_high,31.329199027466267,9
1464,deepseek_v4_pro_max,23.966258732225718,10
1465,glm_5_2_max,81.22604279826783,1
1465,claude_fable_5_max,77.340372636978,2
1465,deepseek_v4_flash_max,65.79289422032636,3
1465,gemini_3_1_pro_high,64.43881270411954,4
1465,gpt_5_6_sol_max,64.11044535541855,5
1465,kimi_k3_max,42.166060788330405,6
1465,claude_opus_4_8_max,36.54433627164577,7
1465,gpt_5_5_xhigh,36.301575316901335,8
1465,qwen3_8_max,29.439093659281372,9
1465,deepseek_v4_pro_max,26.236466848720703,10
1466,kimi_k3_max,61.672656154788626,1
1466,gemini_3_1_pro_high,53.45414404734953,2
1466,qwen3_8_max,53.22706019929384,3
1466,deepseek_v4_pro_max,51.83526958026315,4
1466,claude_fable_5_max,48.65706492512967,5
1466,glm_5_2_max,46.511617342196246,6
1466,gpt_5_5_xhigh,43.68765892194933,7
1466,deepseek_v4_flash_max,39.32722343110525,8
1466,gpt_5_6_sol_max,32.73973662836323,9
1466,claude_opus_4_8_max,32.51927650993389,10
1467,claude_fable_5_max,79.61936319702606,1
1467,deepseek_v4_pro_max,64.99322427629987,2
1467,gpt_5_6_sol_max,54.09809705455105,3
1467,claude_opus_4_8_max,39.29659298502456,4
1467,qwen3_8_max,33.99760516197752,5
1467,glm_5_2_max,28.869529375351945,6
1467,gpt_5_5_xhigh,27.963689649034723,7
1467,kimi_k3_max,27.438138101471907,8
1467,deepseek_v4_flash_max,21.607518357433865,9
1467,gemini_3_1_pro_high,21.55185828282359,10
1468,glm_5_2_max,72.95853431708004,1
1468,gemini_3_1_pro_high,67.64436233286905,2
1468,qwen3_8_max,49.824661651101515,3
1468,kimi_k3_max,44.874632404195026,4
1468,gpt_5_5_xhigh,42.078075639862426,5
1468,claude_opus_4_8_max,36.501760351600765,6
1468,deepseek_v4_pro_max,30.564847858026024,7
1468,gpt_5_6_sol_max,26.012096756265553,8
1468,claude_fable_5_max,25.55000969777715,9
1468,deepseek_v4_flash_max,13.214771733201117,10
1469,claude_fable_5_max,65.40855720771806,1
1469,glm_5_2_max,64.87341452721053,2
1469,gpt_5_6_sol_max,64.14967456002627,3
1469,gemini_3_1_pro_high,59.57504431348058,4
1469,gpt_5_5_xhigh,59.41632730665358,5
1469,claude_opus_4_8_max,54.42267601527072,6
1469,qwen3_8_max,36.559480873657115,7
1469,kimi_k3_max,28.14740228080992,8
1469,deepseek_v4_pro_max,24.9674058751827,9
1469,deepseek_v4_flash_max,22.055618981653286,10
1470,gpt_5_5_xhigh,74.15051313926655,1
1470,qwen3_8_max,73.59966908628174,2
1470,gpt_5_6_sol_max,66.29355449044179,3
1470,deepseek_v4_pro_max,63.65110686311575,4
1470,glm_5_2_max,55.61359509294411,5
1470,claude_opus_4_8_max,53.375518093897384,6
1470,gemini_3_1_pro_high,50.12198566650326,7
1470,deepseek_v4_flash_max,40.413073535078915,8
1470,kimi_k3_max,39.377101255483964,9
1470,claude_fable_5_max,19.512196228531423,10
1471,deepseek_v4_pro_max,84.81655550879988,1
1471,claude_fable_5_max,75.65357343210192,2
1471,qwen3_8_max,73.3461216284372,3
1471,gpt_5_5_xhigh,57.347142587457725,4
1471,deepseek_v4_flash_max,56.33634132364707,5
1471,claude_opus_4_8_max,56.24043157379065,6
1471,kimi_k3_max,44.677879077454854,7
1471,gemini_3_1_pro_high,41.04254742565497,8
1471,gpt_5_6_sol_max,38.66980764722176,9
1471,glm_5_2_max,27.648725034794403,10
1472,deepseek_v4_pro_max,95.17244196214914,1
1472,gpt_5_5_xhigh,65.48441765371024,2
1472,glm_5_2_max,64.85863845967091,3
1472,kimi_k3_max,57.02655131725474,4
1472,claude_opus_4_8_max,50.003425133972854,5
1472,gpt_5_6_sol_max,47.389832887817235,6
1472,qwen3_8_max,43.72966154410942,7
1472,claude_fable_5_max,41.57192471424341,8
1472,gemini_3_1_pro_high,28.607957497664387,9
1472,deepseek_v4_flash_max,26.821379588677846,10
1473,claude_fable_5_max,63.797724683682596,1
1473,claude_opus_4_8_max,61.48131019638921,2
1473,gpt_5_6_sol_max,50.31792155063496,3
1473,gemini_3_1_pro_high,48.74962703408579,4
1473,gpt_5_5_xhigh,46.744835867930114,5
1473,glm_5_2_max,42.53294309427841,6
1473,qwen3_8_max,31.15246766345393,7
1473,deepseek_v4_pro_max,27.186358610105053,8
1473,deepseek_v4_flash_max,23.426711739007512,9
1473,kimi_k3_max,21.34792479770889,10
1474,kimi_k3_max,75.63839260016393,1
1474,claude_opus_4_8_max,72.62383433651534,2
1474,qwen3_8_max,62.859566737596,3
1474,gemini_3_1_pro_high,59.134728941783614,4
1474,deepseek_v4_pro_max,58.82186341568156,5
1474,claude_fable_5_max,58.35458536278193,6
1474,gpt_5_5_xhigh,48.79019644230493,7
1474,deepseek_v4_flash_max,48.06781570166098,8
1474,gpt_5_6_sol_max,44.96682751074327,9
1474,glm_5_2_max,22.46959684992399,10
1475,glm_5_2_max,85.87131625400832,1
1475,deepseek_v4_pro_max,76.92867346534513,2
1475,claude_fable_5_max,68.36765456324045,3
1475,kimi_k3_max,64.15279353667927,4
1475,gpt_5_5_xhigh,62.5938735284712,5
1475,claude_opus_4_8_max,60.023465763637276,6
1475,qwen3_8_max,52.26444424358746,7
1475,gpt_5_6_sol_max,48.037918004438296,8
1475,gemini_3_1_pro_high,37.562728697185726,9
1475,deepseek_v4_flash_max,30.48150102289248,10
1476,qwen3_8_max,81.04952014178825,1
1476,glm_5_2_max,72.72050159936184,2
1476,deepseek_v4_pro_max,66.38637643748672,3
1476,kimi_k3_max,66.11861230845729,4
1476,gpt_5_5_xhigh,64.66862749216153,5
1476,claude_opus_4_8_max,59.92096925815176,6
1476,gpt_5_6_sol_max,57.83170688048155,7
1476,deepseek_v4_flash_max,48.28931960812137,8
1476,claude_fable_5_max,37.41825338129193,9
1476,gemini_3_1_pro_high,31.9532789404037,10
1477,deepseek_v4_pro_max,100.0,1
1477,claude_fable_5_max,68.69055315162615,2
1477,claude_opus_4_8_max,62.83437827967825,3
1477,gpt_5_5_xhigh,55.11847701161558,4
1477,qwen3_8_max,52.199401388153646,5
1477,kimi_k3_max,49.850111312203204,6
1477,gpt_5_6_sol_max,46.854486011163495,7
1477,deepseek_v4_flash_max,42.01909400444068,8
1477,glm_5_2_max,38.04337729521035,9
1477,gemini_3_1_pro_high,28.65276525870434,10
1478,claude_fable_5_max,80.57108589888522,1
1478,kimi_k3_max,69.19743114610218,2
1478,claude_opus_4_8_max,48.24466339223195,3
1478,gemini_3_1_pro_high,48.05425576111487,4
1478,deepseek_v4_flash_max,47.959794956553395,5
1478,gpt_5_6_sol_max,41.39905825343732,6
1478,qwen3_8_max,37.05559469587404,7
1478,gpt_5_5_xhigh,35.544973954071985,8
1478,glm_5_2_max,30.451975035651998,9
1478,deepseek_v4_pro_max,20.068966662644982,10
1479,gpt_5_5_xhigh,80.13127697136467,1
1479,deepseek_v4_flash_max,67.39897482387471,2
1479,gpt_5_6_sol_max,63.21564616036506,3
1479,kimi_k3_max,58.707602005241284,4
1479,claude_opus_4_8_max,57.32916509401621,5
1479,gemini_3_1_pro_high,47.66981996624063,6
1479,glm_5_2_max,46.21378238195187,7
1479,claude_fable_5_max,38.3236254992484,8
1479,qwen3_8_max,32.88111433757482,9
1479,deepseek_v4_pro_max,31.007526871721414,10
1480,claude_fable_5_max,76.85028340070203,1
1480,deepseek_v4_flash_max,60.32496547280546,2
1480,claude_opus_4_8_max,60.16088316456338,3
1480,deepseek_v4_pro_max,55.03743368302334,4
1480,qwen3_8_max,47.1409636214683,5
1480,gemini_3_1_pro_high,42.447249238567025,6
1480,gpt_5_6_sol_max,40.573765276649915,7
1480,glm_5_2_max,39.826166597846864,8
1480,gpt_5_5_xhigh,37.43941449860623,9
1480,kimi_k3_max,27.040661714195966,10
1481,gpt_5_6_sol_max,63.47255474506011,1
1481,kimi_k3_max,56.364084614497855,2
1481,gemini_3_1_pro_high,52.064577293227025,3
1481,claude_fable_5_max,51.84136403157699,4
1481,qwen3_8_max,49.499680568226196,5
1481,deepseek_v4_flash_max,47.20487873705247,6
1481,gpt_5_5_xhigh,43.2920314167738,7
1481,glm_5_2_max,39.19709949162919,8
1481,claude_opus_4_8_max,34.041079631396,9
1481,deepseek_v4_pro_max,28.150342179202802,10
1482,deepseek_v4_pro_max,64.85186174197526,1
1482,gpt_5_6_sol_max,60.3801888279487,2
1482,claude_opus_4_8_max,55.08716380313202,3
1482,claude_fable_5_max,48.32652998287457,4
1482,kimi_k3_max,47.47441504724293,5
1482,glm_5_2_max,45.540574316758935,6
1482,gemini_3_1_pro_high,45.393302012086636,7
1482,gpt_5_5_xhigh,37.629368528905545,8
1482,qwen3_8_max,36.482492666104534,9
1482,deepseek_v4_flash_max,29.89911569387676,10
1483,deepseek_v4_pro_max,73.09362797516667,1
1483,gpt_5_6_sol_max,67.91804700479672,2
1483,kimi_k3_max,52.24725686596557,3
1483,claude_opus_4_8_max,45.968053233598525,4
1483,deepseek_v4_flash_max,39.27715602269477,5
1483,claude_fable_5_max,36.91899727364821,6
1483,qwen3_8_max,36.48119448268321,7
1483,glm_5_2_max,27.743928821628046,8
1483,gpt_5_5_xhigh,23.537991956681015,9
1483,gemini_3_1_pro_high,21.863002039513024,10
1484,claude_fable_5_max,68.42526624726199,1
1484,claude_opus_4_8_max,53.453911099811066,2
1484,deepseek_v4_pro_max,49.7902416390732,3
1484,deepseek_v4_flash_max,45.33835998960568,4
1484,glm_5_2_max,36.68741671654964,5
1484,kimi_k3_max,34.85528422313703,6
1484,gemini_3_1_pro_high,32.54817811902035,7
1484,gpt_5_6_sol_max,28.36863997413672,8
1484,qwen3_8_max,27.467261936730313,9
1484,gpt_5_5_xhigh,23.75347101017262,10
1485,glm_5_2_max,61.65931487300847,1
1485,deepseek_v4_flash_max,52.21983699449851,2
1485,claude_fable_5_max,49.316039339947565,3
1485,gemini_3_1_pro_high,46.4140909530457,4
1485,qwen3_8_max,43.651536036935816,5
1485,claude_opus_4_8_max,39.58666226235319,6
1485,gpt_5_5_xhigh,36.4926257627039,7
1485,kimi_k3_max,36.3922907614501,8
1485,gpt_5_6_sol_max,34.691860022474216,9
1485,deepseek_v4_pro_max,15.905320133929306,10
1486,deepseek_v4_pro_max,91.3515618101104,1
1486,gpt_5_5_xhigh,51.747178692847726,2
1486,kimi_k3_max,50.12706143787993,3
1486,gpt_5_6_sol_max,41.40285396528429,4
1486,claude_opus_4_8_max,41.09997156397668,5
1486,glm_5_2_max,34.2368272274925,6
1486,claude_fable_5_max,32.21026637488,7
1486,deepseek_v4_flash_max,31.9623505029128,8
1486,qwen3_8_max,31.68434650896218,9
1486,gemini_3_1_pro_high,26.751581962709146,10
1487,gpt_5_5_xhigh,69.45619081824668,1
1487,kimi_k3_max,60.37384393433126,2
1487,claude_fable_5_max,55.5901599866275,3
1487,deepseek_v4_flash_max,53.14156255431374,4
1487,deepseek_v4_pro_max,49.70519719710986,5
1487,claude_opus_4_8_max,47.745151940734516,6
1487,glm_5_2_max,47.16828154111303,7
1487,qwen3_8_max,46.56026957452674,8
1487,gpt_5_6_sol_max,45.27897531398908,9
1487,gemini_3_1_pro_high,33.66020983518337,10
1488,gemini_3_1_pro_high,73.54259834837502,1
1488,kimi_k3_max,61.41146225704328,2
1488,gpt_5_6_sol_max,58.82631677084232,3
1488,glm_5_2_max,58.741891121105944,4
1488,deepseek_v4_flash_max,52.97115158256642,5
1488,gpt_5_5_xhigh,50.57926439488194,6
1488,qwen3_8_max,41.719225020109704,7
1488,claude_fable_5_max,37.930097595331844,8
1488,claude_opus_4_8_max,31.36528906784726,9
1488,deepseek_v4_pro_max,28.449317488063016,10
1489,claude_fable_5_max,83.64578885657426,1
1489,gemini_3_1_pro_high,57.937147695681446,2
1489,gpt_5_5_xhigh,56.71260106893776,3
1489,kimi_k3_max,56.53387444138344,4
1489,qwen3_8_max,54.82390227989376,5
1489,gpt_5_6_sol_max,52.881482614511285,6
1489,deepseek_v4_pro_max,50.449712875472656,7
1489,claude_opus_4_8_max,46.332662497999436,8
1489,glm_5_2_max,32.050340110574226,9
1489,deepseek_v4_flash_max,23.398302149956724,10
1490,deepseek_v4_pro_max,80.8918198602607,1
1490,deepseek_v4_flash_max,67.23704177821281,2
1490,claude_fable_5_max,63.842968823317655,3
1490,glm_5_2_max,60.736438512224964,4
1490,gpt_5_5_xhigh,58.10687481148548,5
1490,gpt_5_6_sol_max,56.15830741913551,6
1490,kimi_k3_max,52.77275765840483,7
1490,gemini_3_1_pro_high,45.330133892692515,8
1490,qwen3_8_max,37.205486985804264,9
1490,claude_opus_4_8_max,31.45909573976446,10
1491,deepseek_v4_pro_max,79.52343842049945,1
1491,claude_fable_5_max,71.0469713143992,2
1491,glm_5_2_max,50.89557809936341,3
1491,gpt_5_5_xhigh,44.611786246901175,4
1491,gpt_5_6_sol_max,39.44529815883915,5
1491,claude_opus_4_8_max,38.218779892967355,6
1491,qwen3_8_max,37.38495842038645,7
1491,kimi_k3_max,32.030742335426076,8
1491,deepseek_v4_flash_max,31.786649275393216,9
1491,gemini_3_1_pro_high,25.88503300088543,10
1492,deepseek_v4_flash_max,85.37702349227855,1
1492,claude_fable_5_max,70.00158592108231,2
1492,claude_opus_4_8_max,60.063189067509256,3
1492,deepseek_v4_pro_max,54.41861993664429,4
1492,gpt_5_6_sol_max,50.66402666092463,5
1492,qwen3_8_max,42.47368058085179,6
1492,gpt_5_5_xhigh,36.13136482416627,7
1492,kimi_k3_max,33.02812255559701,8
1492,gemini_3_1_pro_high,32.64597383773666,9
1492,glm_5_2_max,31.160233542986003,10
1493,glm_5_2_max,58.62921675921061,1
1493,claude_opus_4_8_max,58.543261249196625,2
1493,deepseek_v4_flash_max,57.333456889147136,3
1493,qwen3_8_max,49.90616858129626,4
1493,deepseek_v4_pro_max,47.49941304398973,5
1493,gpt_5_6_sol_max,47.30704295959887,6
1493,claude_fable_5_max,45.12518096176421,7
1493,gpt_5_5_xhigh,42.73464947530162,8
1493,kimi_k3_max,41.56436563616483,9
1493,gemini_3_1_pro_high,36.85050861168782,10
1494,claude_fable_5_max,73.26618232921766,1
1494,glm_5_2_max,69.91839460227669,2
1494,gemini_3_1_pro_high,59.30718182961602,3
1494,qwen3_8_max,56.85357353082358,4
1494,deepseek_v4_pro_max,55.72917885292649,5
1494,gpt_5_5_xhigh,55.12048697902897,6
1494,deepseek_v4_flash_max,48.97856947295848,7
1494,gpt_5_6_sol_max,46.27305666393464,8
1494,claude_opus_4_8_max,42.30695549062452,9
1494,kimi_k3_max,35.59826999678645,10
1495,gemini_3_1_pro_high,71.62965182388777,1
1495,qwen3_8_max,69.85586461986969,2
1495,gpt_5_5_xhigh,64.8018700771197,3
1495,deepseek_v4_pro_max,51.15330755079299,4
1495,gpt_5_6_sol_max,51.09802380538295,5
1495,kimi_k3_max,50.22453433444214,6
1495,glm_5_2_max,48.598852988547435,7
1495,claude_opus_4_8_max,42.24103352470646,8
1495,claude_fable_5_max,31.61808850806329,9
1495,deepseek_v4_flash_max,22.294934730281774,10
1496,glm_5_2_max,65.60267726874359,1
1496,gpt_5_5_xhigh,63.72107773513683,2
1496,kimi_k3_max,61.094602069827836,3
1496,claude_fable_5_max,60.73941013889214,4
1496,gpt_5_6_sol_max,50.761497267179045,5
1496,deepseek_v4_pro_max,49.72061661460883,6
1496,deepseek_v4_flash_max,44.43450595363549,7
1496,claude_opus_4_8_max,43.17762875829782,8
1496,gemini_3_1_pro_high,42.47514528974247,9
1496,qwen3_8_max,21.858978357485782,10
1497,deepseek_v4_flash_max,82.54810996525073,1
1497,claude_fable_5_max,70.7794189617706,2
1497,glm_5_2_max,62.840235971336256,3
1497,gpt_5_5_xhigh,54.91288362260889,4
1497,claude_opus_4_8_max,53.79037075859135,5
1497,kimi_k3_max,51.68724787152252,6
1497,qwen3_8_max,47.111519498026304,7
1497,gpt_5_6_sol_max,41.961054757602426,8
1497,deepseek_v4_pro_max,36.03717982551328,9
1497,gemini_3_1_pro_high,33.51424041783868,10
1498,claude_fable_5_max,64.13938120848462,1
1498,claude_opus_4_8_max,60.1082111026258,2
1498,deepseek_v4_pro_max,53.288934748947355,3
1498,gpt_5_6_sol_max,45.308704788406104,4
1498,glm_5_2_max,39.7452918023149,5
1498,deepseek_v4_flash_max,37.78331824108466,6
1498,qwen3_8_max,33.072173760621915,7
1498,kimi_k3_max,30.361650863358356,8
1498,gemini_3_1_pro_high,28.20239208382589,9
1498,gpt_5_5_xhigh,22.42194009070006,10
1499,gemini_3_1_pro_high,64.03575370602664,1
1499,claude_opus_4_8_max,61.781572094558925,2
1499,claude_fable_5_max,58.2538941532753,3
1499,gpt_5_6_sol_max,48.77110099992997,4
1499,qwen3_8_max,48.00140172100094,5
1499,deepseek_v4_flash_max,47.94053565828774,6
1499,deepseek_v4_pro_max,46.82965208897297,7
1499,gpt_5_5_xhigh,39.099528907553115,8
1499,glm_5_2_max,30.542038797082142,9
1499,kimi_k3_max,27.021888295497995,10
1500,gemini_3_1_pro_high,69.73195220466096,1
1500,kimi_k3_max,61.37900332855789,2
1500,deepseek_v4_pro_max,59.604850647855294,3
1500,gpt_5_5_xhigh,56.559691143941386,4
1500,qwen3_8_max,55.745384315053464,5
1500,glm_5_2_max,49.46259154079381,6
1500,claude_opus_4_8_max,42.30100193471096,7
1500,gpt_5_6_sol_max,41.86471451429988,8
1500,claude_fable_5_max,41.31929970916741,9
1500,deepseek_v4_flash_max,14.186738973011547,10
1501,deepseek_v4_flash_max,75.42842600417804,1
1501,gpt_5_6_sol_max,61.72214857837207,2
1501,claude_fable_5_max,58.076419028751516,3
1501,gpt_5_5_xhigh,56.35872653458772,4
1501,kimi_k3_max,51.934943254699625,5
1501,claude_opus_4_8_max,51.12192880714983,6
1501,glm_5_2_max,49.05497789471671,7
1501,deepseek_v4_pro_max,47.31258483224771,8
1501,qwen3_8_max,44.12125187923799,9
1501,gemini_3_1_pro_high,41.41984601070702,10
1502,claude_fable_5_max,70.96027035078681,1
1502,deepseek_v4_flash_max,62.48674221062521,2
1502,claude_opus_4_8_max,61.56646834567711,3
1502,glm_5_2_max,58.30457723209253,4
1502,gpt_5_5_xhigh,50.249333578766546,5
1502,kimi_k3_max,47.947145504968596,6
1502,qwen3_8_max,37.325759516776245,7
1502,gemini_3_1_pro_high,37.10668285805088,8
1502,gpt_5_6_sol_max,35.93235828248312,9
1502,deepseek_v4_pro_max,5.390392317066562,10
1503,gpt_5_6_sol_max,66.58731128698804,1
1503,deepseek_v4_pro_max,64.53507639260937,2
1503,qwen3_8_max,54.68829565670189,3
1503,glm_5_2_max,54.57161431091245,4
1503,claude_fable_5_max,53.395076171546464,5
1503,kimi_k3_max,52.97648388331183,6
1503,deepseek_v4_flash_max,42.77004373953007,7
1503,gemini_3_1_pro_high,37.72600351553973,8
1503,gpt_5_5_xhigh,30.12485368341433,9
1503,claude_opus_4_8_max,24.639491172329606,10
1504,deepseek_v4_pro_max,100.0,1
1504,claude_fable_5_max,61.7335235063351,2
1504,kimi_k3_max,44.810096533927464,3
1504,glm_5_2_max,40.73637175412922,4
1504,gemini_3_1_pro_high,38.257064154929964,5
1504,qwen3_8_max,35.55501956834349,6
1504,gpt_5_5_xhigh,35.11587837991055,7
1504,gpt_5_6_sol_max,32.40640994194416,8
1504,deepseek_v4_flash_max,25.002608393204373,9
1504,claude_opus_4_8_max,23.97835304997252,10
1505,claude_fable_5_max,83.63982722797981,1
1505,deepseek_v4_flash_max,42.52654175587257,2
1505,glm_5_2_max,41.39999984527184,3
1505,gpt_5_5_xhigh,38.580092152000695,4
1505,claude_opus_4_8_max,33.51145691022967,5
1505,qwen3_8_max,30.00734302336042,6
1505,deepseek_v4_pro_max,26.396960560709132,7
1505,gemini_3_1_pro_high,24.301835557247344,8
1505,gpt_5_6_sol_max,23.813175725928488,9
1505,kimi_k3_max,11.918124760676719,10
1506,gpt_5_5_xhigh,61.13184512126562,1
1506,claude_fable_5_max,58.45872385275155,2
1506,deepseek_v4_flash_max,55.81692240125512,3
1506,deepseek_v4_pro_max,52.93591865334565,4
1506,claude_opus_4_8_max,48.16515148702473,5
1506,gpt_5_6_sol_max,47.976220746132384,6
1506,qwen3_8_max,41.40532126123023,7
1506,kimi_k3_max,41.102684439651604,8
1506,glm_5_2_max,31.970614263112076,9
1506,gemini_3_1_pro_high,26.01514976329296,10
1507,claude_fable_5_max,71.29564440551184,1
1507,gemini_3_1_pro_high,70.98938303144551,2
1507,qwen3_8_max,50.87541569060491,3
1507,gpt_5_5_xhigh,49.688850614724444,4
1507,deepseek_v4_flash_max,38.68302071262557,5
1507,gpt_5_6_sol_max,36.90534680023338,6
1507,kimi_k3_max,35.05253851044057,7
1507,claude_opus_4_8_max,34.2742211758905,8
1507,glm_5_2_max,25.45681602742144,9
1507,deepseek_v4_pro_max,25.441328196532126,10
1508,claude_fable_5_max,79.44704530930879,1
1508,deepseek_v4_flash_max,77.83964222043275,2
1508,gpt_5_5_xhigh,71.38400619199953,3
1508,deepseek_v4_pro_max,68.66333339966818,4
1508,qwen3_8_max,54.55250197025075,5
1508,claude_opus_4_8_max,54.378373240874915,6
1508,kimi_k3_max,47.15131037495084,7
1508,gpt_5_6_sol_max,45.80909172807376,8
1508,glm_5_2_max,44.336708532094356,9
1508,gemini_3_1_pro_high,38.032783214064416,10
1509,claude_opus_4_8_max,71.96614081794108,1
1509,kimi_k3_max,45.19030980989244,2
1509,qwen3_8_max,39.199833710671825,3
1509,deepseek_v4_pro_max,37.88346880852201,4
1509,glm_5_2_max,35.78326977510441,5
1509,gpt_5_5_xhigh,34.706335905545146,6
1509,gpt_5_6_sol_max,33.75397001816944,7
1509,claude_fable_5_max,30.44748456220436,8
1509,deepseek_v4_flash_max,21.606445448503322,9
1509,gemini_3_1_pro_high,13.405636785785244,10
1510,kimi_k3_max,69.60092504564955,1
1510,claude_opus_4_8_max,54.45536215016977,2
1510,gpt_5_6_sol_max,50.90669366111033,3
1510,gemini_3_1_pro_high,48.96019697528188,4
1510,glm_5_2_max,46.825460930668505,5
1510,qwen3_8_max,45.4747474807405,6
1510,claude_fable_5_max,45.14011673047885,7
1510,gpt_5_5_xhigh,38.29443864888042,8
1510,deepseek_v4_pro_max,35.571763874154286,9
1510,deepseek_v4_flash_max,14.595039006208532,10
1511,claude_fable_5_max,73.15911231296685,1
1511,gpt_5_6_sol_max,60.86688177370151,2
1511,claude_opus_4_8_max,59.748504611162666,3
1511,qwen3_8_max,58.522023998324244,4
1511,gemini_3_1_pro_high,53.320291883940484,5
1511,deepseek_v4_pro_max,47.360225230730464,6
1511,deepseek_v4_flash_max,46.566136006558764,7
1511,kimi_k3_max,45.981498519087005,8
1511,gpt_5_5_xhigh,36.27008587481475,9
1511,glm_5_2_max,35.65096340314438,10
1512,kimi_k3_max,77.5629866875876,1
1512,claude_fable_5_max,76.61123113032184,2
1512,gpt_5_6_sol_max,64.38484616321782,3
1512,claude_opus_4_8_max,48.70102496525728,4
1512,gemini_3_1_pro_high,46.74944402113723,5
1512,deepseek_v4_pro_max,42.263982575699394,6
1512,gpt_5_5_xhigh,41.4760030605424,7
1512,qwen3_8_max,35.46365113251219,8
1512,deepseek_v4_flash_max,29.41393965614636,9
1512,glm_5_2_max,22.3073223224908,10
1513,gemini_3_1_pro_high,67.9025248425441,1
1513,qwen3_8_max,60.32100622180529,2
1513,gpt_5_6_sol_max,59.384973531381384,3
1513,claude_opus_4_8_max,52.37193213507358,4
1513,claude_fable_5_max,49.14259725456182,5
1513,kimi_k3_max,44.19683499911247,6
1513,deepseek_v4_flash_max,42.5886638949228,7
1513,gpt_5_5_xhigh,42.158166475208915,8
1513,glm_5_2_max,31.280121746291965,9
1513,deepseek_v4_pro_max,23.046271292410783,10
1514,claude_fable_5_max,69.43294229434254,1
1514,deepseek_v4_flash_max,64.90977948962757,2
1514,gpt_5_6_sol_max,61.85412665709721,3
1514,claude_opus_4_8_max,45.11558457704211,4
1514,kimi_k3_max,40.63058710802094,5
1514,glm_5_2_max,35.33390171624355,6
1514,qwen3_8_max,34.062965587149066,7
1514,gpt_5_5_xhigh,31.797438436453643,8
1514,gemini_3_1_pro_high,29.66496064535078,9
1514,deepseek_v4_pro_max,21.301545585434308,10
1515,deepseek_v4_flash_max,79.10084419306347,1
1515,claude_fable_5_max,73.6980186165267,2
1515,gpt_5_5_xhigh,62.246900006423935,3
1515,gpt_5_6_sol_max,50.70570723959416,4
1515,kimi_k3_max,45.62793628835615,5
1515,gemini_3_1_pro_high,40.816034032768,6
1515,claude_opus_4_8_max,24.021790496613438,7
1515,glm_5_2_max,22.519252589436633,8
1515,deepseek_v4_pro_max,15.913644202709417,9
1515,qwen3_8_max,14.149320893646372,10
1516,deepseek_v4_flash_max,61.49513073344252,1
1516,kimi_k3_max,50.96090248550564,2
1516,claude_fable_5_max,50.24021972334112,3
1516,glm_5_2_max,42.9939148032674,4
1516,qwen3_8_max,37.78011792670907,5
1516,gpt_5_5_xhigh,37.13532728654108,6
1516,deepseek_v4_pro_max,37.132217417790756,7
1516,gpt_5_6_sol_max,34.524601712568554,8
1516,gemini_3_1_pro_high,31.843377402523384,9
1516,claude_opus_4_8_max,30.640339301444918,10
1517,claude_fable_5_max,74.85113411240751,1
1517,kimi_k3_max,48.648566782471065,2
1517,gemini_3_1_pro_high,39.33477079461396,3
1517,claude_opus_4_8_max,39.10442668662478,4
1517,gpt_5_5_xhigh,28.88996941679261,5
1517,deepseek_v4_pro_max,27.041017486406943,6
1517,gpt_5_6_sol_max,26.377118052053273,7
1517,glm_5_2_max,18.023633906193577,8
1517,qwen3_8_max,16.666757284019855,9
1517,deepseek_v4_flash_max,13.307654940407657,10
1518,claude_fable_5_max,62.28934531525342,1
1518,deepseek_v4_pro_max,54.55166284169038,2
1518,gpt_5_6_sol_max,52.21461322274444,3
1518,claude_opus_4_8_max,50.19601993362588,4
1518,gpt_5_5_xhigh,46.06817939681351,5
1518,glm_5_2_max,45.38756764240366,6
1518,qwen3_8_max,39.60841075657654,7
1518,kimi_k3_max,39.46872566224672,8
1518,gemini_3_1_pro_high,38.758972709960474,9
1518,deepseek_v4_flash_max,27.387428752719224,10
1519,deepseek_v4_pro_max,68.69490936876215,1
1519,claude_fable_5_max,67.21457425732432,2
1519,gemini_3_1_pro_high,64.59247880209705,3
1519,kimi_k3_max,59.545433955894055,4
1519,claude_opus_4_8_max,47.55147380822147,5
1519,gpt_5_5_xhigh,46.60183618138397,6
1519,deepseek_v4_flash_max,41.13732502481383,7
1519,gpt_5_6_sol_max,37.83824989481339,8
1519,qwen3_8_max,33.379293712327446,9
1519,glm_5_2_max,24.422381254246844,10
1520,deepseek_v4_pro_max,82.76202332429253,1
1520,claude_fable_5_max,52.722125931483696,2
1520,qwen3_8_max,44.99204287905398,3
1520,gpt_5_5_xhigh,44.439556162143916,4
1520,deepseek_v4_flash_max,42.06987040500378,5
1520,gpt_5_6_sol_max,40.025509205335474,6
1520,claude_opus_4_8_max,38.65235470728745,7
1520,gemini_3_1_pro_high,36.40984552236056,8
1520,kimi_k3_max,25.777998542421923,9
1520,glm_5_2_max,24.990189509067747,10
1521,claude_fable_5_max,67.58677208252448,1
1521,deepseek_v4_flash_max,55.38202037994162,2
1521,gemini_3_1_pro_high,54.66940313150978,3
1521,claude_opus_4_8_max,48.609767531106954,4
1521,gpt_5_5_xhigh,42.391065115645794,5
1521,gpt_5_6_sol_max,41.78317673570564,6
1521,glm_5_2_max,41.650040664542075,7
1521,qwen3_8_max,39.49618628310098,8
1521,kimi_k3_max,38.48692016723571,9
1521,deepseek_v4_pro_max,14.618507275217365,10
1522,deepseek_v4_pro_max,80.42106695151443,1
1522,gemini_3_1_pro_high,77.9866977695122,2
1522,claude_fable_5_max,73.53034185256301,3
1522,kimi_k3_max,70.91262542757252,4
1522,claude_opus_4_8_max,64.72912174032929,5
1522,qwen3_8_max,62.11673779267239,6
1522,gpt_5_5_xhigh,54.744877304363804,7
1522,gpt_5_6_sol_max,49.028308289098604,8
1522,deepseek_v4_flash_max,47.76152592785313,9
1522,glm_5_2_max,23.33532880707761,10
1523,claude_fable_5_max,68.12415464122185,1
1523,claude_opus_4_8_max,65.99552594907095,2
1523,glm_5_2_max,63.21816691495821,3
1523,deepseek_v4_flash_max,53.931596141692474,4
1523,kimi_k3_max,53.41400174470985,5
1523,gemini_3_1_pro_high,51.52603638108869,6
1523,gpt_5_6_sol_max,51.11778314962477,7
1523,qwen3_8_max,44.28289889982994,8
1523,deepseek_v4_pro_max,43.34729094138615,9
1523,gpt_5_5_xhigh,37.1258496011945,10
1524,claude_fable_5_max,89.06045148231802,1
1524,deepseek_v4_flash_max,54.862098968258735,2
1524,qwen3_8_max,53.807058294930705,3
1524,glm_5_2_max,47.991330095703916,4
1524,kimi_k3_max,47.0889211388688,5
1524,gemini_3_1_pro_high,39.60685634883665,6
1524,deepseek_v4_pro_max,37.67997974132733,7
1524,gpt_5_5_xhigh,27.647140621215687,8
1524,gpt_5_6_sol_max,26.079415538933894,9
1524,claude_opus_4_8_max,23.71217065845252,10
1525,gpt_5_6_sol_max,66.50749035909146,1
1525,gemini_3_1_pro_high,62.25554594693689,2
1525,gpt_5_5_xhigh,49.383343978146165,3
1525,claude_opus_4_8_max,49.36537702757662,4
1525,deepseek_v4_pro_max,46.4530114059638,5
1525,kimi_k3_max,41.70296961355193,6
1525,claude_fable_5_max,41.585999830979176,7
1525,qwen3_8_max,36.761997243611006,8
1525,glm_5_2_max,34.293974161067865,9
1525,deepseek_v4_flash_max,31.39490153010042,10
1526,kimi_k3_max,76.35203167315964,1
1526,qwen3_8_max,66.11648310831981,2
1526,deepseek_v4_pro_max,61.010190044271084,3
1526,claude_opus_4_8_max,59.63909253827545,4
1526,gpt_5_5_xhigh,59.23210824914495,5
1526,glm_5_2_max,54.7696631776761,6
1526,gemini_3_1_pro_high,53.999599893759154,7
1526,claude_fable_5_max,53.84236388959357,8
1526,gpt_5_6_sol_max,43.24725904328482,9
1526,deepseek_v4_flash_max,17.8291183135784,10
1527,deepseek_v4_pro_max,65.04157934940253,1
1527,kimi_k3_max,60.02689051121553,2
1527,qwen3_8_max,47.64282131265988,3
1527,claude_fable_5_max,47.541386585726215,4
1527,gpt_5_6_sol_max,43.27456800552702,5
1527,gpt_5_5_xhigh,40.029327505518324,6
1527,claude_opus_4_8_max,31.958403373311505,7
1527,gemini_3_1_pro_high,25.57413220332467,8
1527,glm_5_2_max,24.616042520926058,9
1527,deepseek_v4_flash_max,10.032038482722113,10
1528,qwen3_8_max,86.43428927427856,1
1528,claude_fable_5_max,78.70657655829017,2
1528,claude_opus_4_8_max,75.0801564641733,3
1528,gpt_5_6_sol_max,55.94322509529356,4
1528,deepseek_v4_pro_max,54.94763807657291,5
1528,kimi_k3_max,43.5208393609684,6
1528,deepseek_v4_flash_max,40.37860899227343,7
1528,gemini_3_1_pro_high,28.149876117428732,8
1528,gpt_5_5_xhigh,23.476525107279038,9
1528,glm_5_2_max,20.947191433284317,10
1529,claude_fable_5_max,70.5038948185188,1
1529,kimi_k3_max,58.87486474965099,2
1529,deepseek_v4_flash_max,54.3318615029862,3
1529,gemini_3_1_pro_high,53.790735888292666,4
1529,gpt_5_6_sol_max,36.0509537369547,5
1529,deepseek_v4_pro_max,35.87996392745513,6
1529,gpt_5_5_xhigh,33.795009709626385,7
1529,qwen3_8_max,28.336346673252216,8
1529,glm_5_2_max,23.09040935336572,9
1529,claude_opus_4_8_max,17.45612724447002,10
1530,claude_fable_5_max,71.74926842907263,1
1530,gpt_5_6_sol_max,67.44728788929149,2
1530,claude_opus_4_8_max,59.18677692604702,3
1530,gpt_5_5_xhigh,56.923506047760554,4
1530,glm_5_2_max,56.764530484135975,5
1530,kimi_k3_max,51.59389040084828,6
1530,deepseek_v4_flash_max,51.10516302931378,7
1530,qwen3_8_max,48.08940265955057,8
1530,deepseek_v4_pro_max,41.96469571723185,9
1530,gemini_3_1_pro_high,38.81411520356773,10
1531,deepseek_v4_pro_max,82.18029480968994,1
1531,kimi_k3_max,55.15543728387535,2
1531,claude_fable_5_max,49.997076345172395,3
1531,claude_opus_4_8_max,48.95399585495248,4
1531,gpt_5_5_xhigh,48.01778602582679,5
1531,gpt_5_6_sol_max,47.734102079132086,6
1531,glm_5_2_max,46.989326507429894,7
1531,qwen3_8_max,45.59399751584133,8
1531,deepseek_v4_flash_max,28.41959099953953,9
1531,gemini_3_1_pro_high,25.572393480947397,10
1532,claude_opus_4_8_max,73.99256507609338,1
1532,deepseek_v4_pro_max,69.31950772157413,2
1532,qwen3_8_max,69.20990089916667,3
1532,kimi_k3_max,63.417083401813116,4
1532,gpt_5_5_xhigh,60.49678076736096,5
1532,gpt_5_6_sol_max,55.20898940631063,6
1532,gemini_3_1_pro_high,43.694134070379015,7
1532,deepseek_v4_flash_max,43.178244138431154,8
1532,claude_fable_5_max,30.982147262035728,9
1532,glm_5_2_max,15.793642448427457,10
1533,claude_fable_5_max,70.63709057072637,1
1533,gpt_5_5_xhigh,62.183144481343376,2
1533,qwen3_8_max,61.88924229372201,3
1533,claude_opus_4_8_max,61.127395358949165,4
1533,gpt_5_6_sol_max,56.691722801667225,5
1533,deepseek_v4_pro_max,52.83969128464939,6
1533,deepseek_v4_flash_max,48.95371717114582,7
1533,gemini_3_1_pro_high,41.346597574522534,8
1533,kimi_k3_max,38.647537343691646,9
1533,glm_5_2_max,25.496147054647324,10
1534,deepseek_v4_pro_max,69.68901198251001,1
1534,kimi_k3_max,65.63294210443561,2
1534,deepseek_v4_flash_max,56.706379133170614,3
1534,claude_fable_5_max,55.03230806820156,4
1534,gpt_5_5_xhigh,53.38725088275223,5
1534,qwen3_8_max,40.57237794371739,6
1534,gemini_3_1_pro_high,39.19780890990844,7
1534,gpt_5_6_sol_max,33.72952044734823,8
1534,claude_opus_4_8_max,25.589070332071344,9
1534,glm_5_2_max,18.88938160313439,10
1535,claude_fable_5_max,69.29786710998374,1
1535,claude_opus_4_8_max,69.21882793066442,2
1535,qwen3_8_max,66.604722717354,3
1535,gpt_5_6_sol_max,53.09133307669863,4
1535,glm_5_2_max,49.32837833716469,5
1535,deepseek_v4_pro_max,45.87806917993128,6
1535,gemini_3_1_pro_high,43.41527934521783,7
1535,kimi_k3_max,43.14234558437771,8
1535,gpt_5_5_xhigh,28.74981645219821,9
1535,deepseek_v4_flash_max,18.45027862874847,10
1536,claude_fable_5_max,68.45941536318689,1
1536,gemini_3_1_pro_high,60.02070166347002,2
1536,gpt_5_6_sol_max,52.01342204603302,3
1536,qwen3_8_max,42.00461175356715,4
1536,gpt_5_5_xhigh,41.02410152202035,5
1536,claude_opus_4_8_max,40.61249998606089,6
1536,kimi_k3_max,39.85600172491638,7
1536,deepseek_v4_flash_max,38.98521546028944,8
1536,glm_5_2_max,36.52034347736117,9
1536,deepseek_v4_pro_max,14.550974696461752,10
1537,deepseek_v4_pro_max,90.30359380200431,1
1537,gemini_3_1_pro_high,80.47616858637356,2
1537,gpt_5_6_sol_max,74.46640895326834,3
1537,claude_fable_5_max,64.10225140846148,4
1537,gpt_5_5_xhigh,58.73914648412921,5
1537,claude_opus_4_8_max,53.49703370459657,6
1537,glm_5_2_max,51.385701208408136,7
1537,kimi_k3_max,45.169847396888656,8
1537,qwen3_8_max,38.014944885332845,9
1537,deepseek_v4_flash_max,15.000392733387486,10
1538,deepseek_v4_flash_max,76.57512603576134,1
1538,gpt_5_6_sol_max,66.25955444602842,2
1538,gemini_3_1_pro_high,64.32285902023588,3
1538,gpt_5_5_xhigh,60.73369368676501,4
1538,claude_fable_5_max,54.56394556647755,5
1538,qwen3_8_max,46.967242630863886,6
1538,glm_5_2_max,40.533691763899625,7
1538,deepseek_v4_pro_max,38.810588279816976,8
1538,claude_opus_4_8_max,38.5684237038907,9
1538,kimi_k3_max,36.65764891296892,10
1539,gemini_3_1_pro_high,70.73080095297253,1
1539,gpt_5_6_sol_max,69.29414964175973,2
1539,claude_fable_5_max,65.78197531786843,3
1539,deepseek_v4_pro_max,65.70456545670014,4
1539,glm_5_2_max,60.40119140657454,5
1539,claude_opus_4_8_max,59.14957916417892,6
1539,gpt_5_5_xhigh,53.20528062867105,7
1539,qwen3_8_max,48.91070729759301,8
1539,kimi_k3_max,38.7041446017641,9
1539,deepseek_v4_flash_max,34.790991352413975,10
1540,gpt_5_6_sol_max,85.79888610881213,1
1540,gemini_3_1_pro_high,58.921246020057104,2
1540,gpt_5_5_xhigh,49.23835940569916,3
1540,glm_5_2_max,45.67008739812208,4
1540,claude_fable_5_max,44.84461803590585,5
1540,deepseek_v4_pro_max,43.93779870999391,6
1540,qwen3_8_max,43.703425334239554,7
1540,deepseek_v4_flash_max,41.865234016858714,8
1540,claude_opus_4_8_max,41.172548468514684,9
1540,kimi_k3_max,31.53987072613448,10
1541,deepseek_v4_flash_max,87.13218472372,1
1541,kimi_k3_max,75.03878036577039,2
1541,claude_fable_5_max,71.05015687503695,3
1541,qwen3_8_max,57.855001030515055,4
1541,claude_opus_4_8_max,56.26755917622259,5
1541,gpt_5_5_xhigh,54.84594546587224,6
1541,glm_5_2_max,50.502440469291095,7
1541,gpt_5_6_sol_max,48.65467881624171,8
1541,gemini_3_1_pro_high,48.63863818025518,9
1541,deepseek_v4_pro_max,30.710804027177385,10
1542,gpt_5_6_sol_max,73.75223191825594,1
1542,qwen3_8_max,65.63839931242262,2
1542,gpt_5_5_xhigh,60.05241666101857,3
1542,deepseek_v4_flash_max,54.34107605641801,4
1542,gemini_3_1_pro_high,53.10489605079088,5
1542,kimi_k3_max,51.83206872699828,6
1542,claude_opus_4_8_max,49.273908274511385,7
1542,glm_5_2_max,47.15753870839254,8
1542,deepseek_v4_pro_max,37.00230788457465,9
1542,claude_fable_5_max,29.423223360462018,10
1543,deepseek_v4_pro_max,71.12238763803933,1
1543,claude_fable_5_max,69.26467122379796,2
1543,gpt_5_6_sol_max,56.87406308745066,3
1543,claude_opus_4_8_max,56.768497652839784,4
1543,gpt_5_5_xhigh,54.240517669489954,5
1543,deepseek_v4_flash_max,52.028969407617524,6
1543,glm_5_2_max,49.13699364597557,7
1543,kimi_k3_max,48.24556022240276,8
1543,qwen3_8_max,40.6029694198459,9
1543,gemini_3_1_pro_high,40.2389574552741,10
1544,qwen3_8_max,65.72337590918998,1
1544,claude_fable_5_max,53.74909931239553,2
1544,gpt_5_6_sol_max,52.55511430122412,3
1544,gemini_3_1_pro_high,50.56549328494329,4
1544,glm_5_2_max,48.232853836146134,5
1544,gpt_5_5_xhigh,43.75596246024922,6
1544,deepseek_v4_flash_max,43.52447329226917,7
1544,claude_opus_4_8_max,43.21820129285144,8
1544,kimi_k3_max,42.08135704234003,9
1544,deepseek_v4_pro_max,27.064606324392745,10
1545,claude_fable_5_max,70.44283520656478,1
1545,claude_opus_4_8_max,54.23276855315028,2
1545,gpt_5_6_sol_max,53.68262039032064,3
1545,gpt_5_5_xhigh,51.3253252003621,4
1545,qwen3_8_max,49.219227314134464,5
1545,kimi_k3_max,45.10744138262263,6
1545,deepseek_v4_flash_max,41.270466236084744,7
1545,glm_5_2_max,38.16049865785,8
1545,gemini_3_1_pro_high,31.20286310065039,9
1545,deepseek_v4_pro_max,30.15117253688749,10
1546,kimi_k3_max,75.1850450161649,1
1546,deepseek_v4_pro_max,68.40474784310447,2
1546,qwen3_8_max,67.01411050343958,3
1546,gpt_5_6_sol_max,63.91732379875212,4
1546,claude_opus_4_8_max,58.35114972085424,5
1546,claude_fable_5_max,50.576253298068096,6
1546,gemini_3_1_pro_high,32.70312220382205,7
1546,gpt_5_5_xhigh,32.11938193433988,8
1546,glm_5_2_max,23.868429771383433,9
1546,deepseek_v4_flash_max,20.080084449661804,10
1547,claude_fable_5_max,83.3252307766471,1
1547,deepseek_v4_pro_max,59.02913296587916,2
1547,gemini_3_1_pro_high,47.18271674574588,3
1547,gpt_5_5_xhigh,42.99046525904963,4
1547,qwen3_8_max,42.58682689666869,5
1547,gpt_5_6_sol_max,37.93869841293272,6
1547,claude_opus_4_8_max,33.47543587912745,7
1547,glm_5_2_max,32.29051779150197,8
1547,kimi_k3_max,31.97406168010844,9
1547,deepseek_v4_flash_max,31.30109251629888,10
1548,glm_5_2_max,83.79998413005976,1
1548,gpt_5_6_sol_max,70.07884669474866,2
1548,deepseek_v4_pro_max,68.24532882003084,3
1548,gemini_3_1_pro_high,62.530585181311686,4
1548,claude_opus_4_8_max,60.049549250032264,5
1548,gpt_5_5_xhigh,36.691051500838654,6
1548,qwen3_8_max,34.23665976756341,7
1548,claude_fable_5_max,29.318705341521316,8
1548,kimi_k3_max,28.602673365922346,9
1548,deepseek_v4_flash_max,16.106137469260418,10
1549,claude_fable_5_max,74.54395940049567,1
1549,gpt_5_6_sol_max,71.15906643456705,2
1549,deepseek_v4_flash_max,53.524436790522024,3
1549,claude_opus_4_8_max,48.92170731270177,4
1549,gemini_3_1_pro_high,47.792869981020075,5
1549,kimi_k3_max,47.26543448698914,6
1549,gpt_5_5_xhigh,41.77646044886404,7
1549,glm_5_2_max,37.8608494615332,8
1549,qwen3_8_max,31.44920746284209,9
1549,deepseek_v4_pro_max,18.780666362617506,10
1550,kimi_k3_max,68.24936508569056,1
1550,claude_fable_5_max,66.96702961139778,2
1550,deepseek_v4_flash_max,65.24046975401652,3
1550,gpt_5_5_xhigh,60.309083151729055,4
1550,glm_5_2_max,53.31356845625818,5
1550,qwen3_8_max,52.13352541170049,6
1550,gemini_3_1_pro_high,38.293259492580155,7
1550,claude_opus_4_8_max,37.0998566020962,8
1550,deepseek_v4_pro_max,33.08700716093685,9
1550,gpt_5_6_sol_max,22.555782173987343,10
1551,gpt_5_5_xhigh,65.74321028403617,1
1551,gemini_3_1_pro_high,64.17959297149747,2
1551,deepseek_v4_flash_max,53.9792607448081,3
1551,glm_5_2_max,49.85360298782458,4
1551,kimi_k3_max,48.63323234702994,5
1551,claude_fable_5_max,48.06177660633771,6
1551,gpt_5_6_sol_max,43.86817611791926,7
1551,qwen3_8_max,38.53917684923205,8
1551,claude_opus_4_8_max,30.983751290893792,9
1551,deepseek_v4_pro_max,20.95393535417505,10
1552,claude_fable_5_max,73.19575549187326,1
1552,deepseek_v4_flash_max,64.88554504357052,2
1552,gpt_5_5_xhigh,43.296938137324176,3
1552,kimi_k3_max,37.69047560523834,4
1552,gpt_5_6_sol_max,34.176014992846824,5
1552,claude_opus_4_8_max,27.456029672694996,6
1552,glm_5_2_max,27.252180080467923,7
1552,qwen3_8_max,27.099269250935247,8
1552,gemini_3_1_pro_high,23.551276494115406,9
1552,deepseek_v4_pro_max,15.933296360151164,10
1553,deepseek_v4_pro_max,77.10623964298341,1
1553,claude_fable_5_max,69.62418549832462,2
1553,kimi_k3_max,58.77426237585243,3
1553,gpt_5_6_sol_max,55.18509753821606,4
1553,qwen3_8_max,52.915156554137575,5
1553,claude_opus_4_8_max,51.88429028539467,6
1553,deepseek_v4_flash_max,45.57596999678695,7
1553,gemini_3_1_pro_high,29.270236429145395,8
1553,glm_5_2_max,28.80233522271263,9
1553,gpt_5_5_xhigh,27.371554044438753,10
1554,gemini_3_1_pro_high,75.1508028161661,1
1554,deepseek_v4_pro_max,74.82127089280206,2
1554,claude_fable_5_max,74.5449123677716,3
1554,gpt_5_6_sol_max,58.21558832018664,4
1554,gpt_5_5_xhigh,50.83425522637731,5
1554,glm_5_2_max,47.2042604200593,6
1554,claude_opus_4_8_max,46.56939888378271,7
1554,qwen3_8_max,36.63504792281731,8
1554,deepseek_v4_flash_max,34.94075462980024,9
1554,kimi_k3_max,23.917642669740353,10
1555,claude_fable_5_max,70.71108882106843,1
1555,gemini_3_1_pro_high,66.19258293959552,2
1555,gpt_5_6_sol_max,62.18578573844931,3
1555,kimi_k3_max,60.944465657447374,4
1555,claude_opus_4_8_max,53.30029798471627,5
1555,qwen3_8_max,53.244958145519796,6
1555,gpt_5_5_xhigh,44.628672063312386,7
1555,glm_5_2_max,41.240091622963526,8
1555,deepseek_v4_flash_max,31.834431801194636,9
1555,deepseek_v4_pro_max,23.464494103679286,10
1556,claude_opus_4_8_max,75.398376248209,1
1556,gpt_5_5_xhigh,72.10107784645491,2
1556,gpt_5_6_sol_max,68.89502019356135,3
1556,qwen3_8_max,68.78945357036311,4
1556,kimi_k3_max,66.08520377605532,5
1556,deepseek_v4_pro_max,63.550366343765134,6
1556,claude_fable_5_max,51.50539958503081,7
1556,gemini_3_1_pro_high,46.684017831949916,8
1556,deepseek_v4_flash_max,46.0357877325949,9
1556,glm_5_2_max,26.716641645626016,10
1557,gemini_3_1_pro_high,82.0831968105669,1
1557,gpt_5_5_xhigh,73.2807780122407,2
1557,claude_opus_4_8_max,62.27580169307099,3
1557,kimi_k3_max,57.33002888380532,4
1557,qwen3_8_max,51.70610065974968,5
1557,deepseek_v4_flash_max,48.44380776331595,6
1557,gpt_5_6_sol_max,43.29910877333428,7
1557,glm_5_2_max,39.59798995707696,8
1557,deepseek_v4_pro_max,32.82424135402914,9
1557,claude_fable_5_max,21.163245775017522,10
1558,kimi_k3_max,76.08443957691107,1
1558,gemini_3_1_pro_high,71.17263456740706,2
1558,deepseek_v4_pro_max,50.02507883284166,3
1558,gpt_5_5_xhigh,49.52474432955614,4
1558,glm_5_2_max,43.900866765385125,5
1558,qwen3_8_max,39.194171317686965,6
1558,claude_opus_4_8_max,34.17188376905594,7
1558,deepseek_v4_flash_max,31.90904447464753,8
1558,gpt_5_6_sol_max,31.232470580205074,9
1558,claude_fable_5_max,17.627569226211435,10
1559,glm_5_2_max,59.21574235540372,1
1559,gpt_5_5_xhigh,56.63535247660478,2
1559,kimi_k3_max,50.618645727263186,3
1559,gpt_5_6_sol_max,42.788597394177785,4
1559,deepseek_v4_pro_max,41.4833258168865,5
1559,claude_fable_5_max,40.09718883323046,6
1559,deepseek_v4_flash_max,36.04011033090684,7
1559,claude_opus_4_8_max,29.981985312184552,8
1559,gemini_3_1_pro_high,28.869439271706508,9
1559,qwen3_8_max,27.30525874355171,10
1560,deepseek_v4_pro_max,70.43674303349906,1
1560,qwen3_8_max,64.4617824945356,2
1560,glm_5_2_max,58.116574470371226,3
1560,kimi_k3_max,55.485138021163834,4
1560,claude_opus_4_8_max,53.572344645568684,5
1560,gemini_3_1_pro_high,51.938932618514585,6
1560,gpt_5_6_sol_max,45.48480239147419,7
1560,gpt_5_5_xhigh,33.63432435809595,8
1560,deepseek_v4_flash_max,30.333246716297815,9
1560,claude_fable_5_max,18.680204195784945,10
1561,deepseek_v4_pro_max,82.98377785255155,1
1561,gemini_3_1_pro_high,63.43856341677099,2
1561,kimi_k3_max,60.716874507470536,3
1561,glm_5_2_max,56.83668741571399,4
1561,gpt_5_5_xhigh,54.5838426613959,5
1561,qwen3_8_max,52.63792333470656,6
1561,gpt_5_6_sol_max,39.675933697136415,7
1561,claude_opus_4_8_max,36.796935514521316,8
1561,claude_fable_5_max,27.635877813737867,9
1561,deepseek_v4_flash_max,10.321472636065904,10
1562,claude_opus_4_8_max,62.26490859393152,1
1562,qwen3_8_max,59.772386968439974,2
1562,gemini_3_1_pro_high,59.65524404965153,3
1562,glm_5_2_max,55.4665049659882,4
1562,deepseek_v4_flash_max,52.855687104931604,5
1562,gpt_5_5_xhigh,47.596407395717094,6
1562,claude_fable_5_max,46.5831344773339,7
1562,gpt_5_6_sol_max,39.78494830436059,8
1562,kimi_k3_max,26.457878466101587,9
1562,deepseek_v4_pro_max,21.28742589312897,10
1563,deepseek_v4_pro_max,65.56623718471842,1
1563,claude_fable_5_max,65.48707120752987,2
1563,claude_opus_4_8_max,65.39670090645735,3
1563,gpt_5_5_xhigh,65.36819394000466,4
1563,glm_5_2_max,60.66292379742906,5
1563,gemini_3_1_pro_high,60.14554843266207,6
1563,gpt_5_6_sol_max,49.40242629960916,7
1563,kimi_k3_max,46.598802007763226,8
1563,deepseek_v4_flash_max,37.23247199884263,9
1563,qwen3_8_max,35.11417669884696,10
1564,deepseek_v4_pro_max,68.5083715687383,1
1564,gpt_5_5_xhigh,65.25566667099973,2
1564,qwen3_8_max,64.53436957002786,3
1564,gpt_5_6_sol_max,61.88702170474568,4
1564,kimi_k3_max,60.68684483829043,5
1564,deepseek_v4_flash_max,49.994194400410386,6
1564,claude_fable_5_max,49.915245513092934,7
1564,gemini_3_1_pro_high,40.77830974448576,8
1564,claude_opus_4_8_max,32.15903742673318,9
1564,glm_5_2_max,22.276232500952148,10
1565,deepseek_v4_pro_max,81.96723658203481,1
1565,kimi_k3_max,55.735541648326254,2
1565,qwen3_8_max,53.99592032980283,3
1565,gpt_5_5_xhigh,48.990555498522866,4
1565,glm_5_2_max,42.68651666973912,5
1565,claude_fable_5_max,39.00720355165825,6
1565,gpt_5_6_sol_max,36.80496624364962,7
1565,gemini_3_1_pro_high,35.401803956142004,8
1565,deepseek_v4_flash_max,20.63014403151971,9
1565,claude_opus_4_8_max,20.36896111684894,10
1566,kimi_k3_max,62.51426977801742,1
1566,claude_fable_5_max,56.577428086284115,2
1566,gpt_5_5_xhigh,54.35819869128793,3
1566,claude_opus_4_8_max,52.39569816839645,4
1566,gpt_5_6_sol_max,50.078572255088815,5
1566,qwen3_8_max,49.82240903226154,6
1566,gemini_3_1_pro_high,39.08760300208303,7
1566,deepseek_v4_flash_max,37.76729541345069,8
1566,glm_5_2_max,35.45383739834815,9
1566,deepseek_v4_pro_max,34.983785226854756,10
1567,kimi_k3_max,82.36679344735772,1
1567,glm_5_2_max,81.55222829528495,2
1567,deepseek_v4_pro_max,80.85058236989917,3
1567,gemini_3_1_pro_high,57.36561663198394,4
1567,claude_fable_5_max,51.58142268216566,5
1567,deepseek_v4_flash_max,41.902151386702776,6
1567,claude_opus_4_8_max,41.64090177239087,7
1567,gpt_5_6_sol_max,39.95553195637227,8
1567,qwen3_8_max,35.093819467677896,9
1567,gpt_5_5_xhigh,21.500980929806538,10
1568,gpt_5_5_xhigh,68.9702039973314,1
1568,claude_fable_5_max,67.03130038489141,2
1568,gemini_3_1_pro_high,54.79588647558056,3
1568,claude_opus_4_8_max,53.16490479089289,4
1568,qwen3_8_max,46.41584920625463,5
1568,deepseek_v4_flash_max,45.80458336283638,6
1568,kimi_k3_max,41.75879933076732,7
1568,glm_5_2_max,36.17087576845422,8
1568,gpt_5_6_sol_max,34.63571258050108,9
1568,deepseek_v4_pro_max,19.819650310336918,10
1569,claude_fable_5_max,88.10601600206232,1
1569,qwen3_8_max,47.827205043124835,2
1569,gemini_3_1_pro_high,46.6136354055463,3
1569,glm_5_2_max,45.88277114147864,4
1569,gpt_5_6_sol_max,44.0156118152432,5
1569,deepseek_v4_pro_max,43.2352752721373,6
1569,claude_opus_4_8_max,39.55442267563183,7
1569,kimi_k3_max,39.45731719298368,8
1569,gpt_5_5_xhigh,26.53880401007588,9
1569,deepseek_v4_flash_max,24.482277240278812,10
1570,claude_fable_5_max,69.03521591698599,1
1570,gemini_3_1_pro_high,62.94865640819242,2
1570,gpt_5_5_xhigh,61.21609233717993,3
1570,qwen3_8_max,59.94918609666046,4
1570,claude_opus_4_8_max,57.13027633493479,5
1570,deepseek_v4_flash_max,53.666983798774154,6
1570,gpt_5_6_sol_max,52.41728549366524,7
1570,deepseek_v4_pro_max,32.063472273898014,8
1570,kimi_k3_max,30.779746780362842,9
1570,glm_5_2_max,29.740820913879993,10
1571,deepseek_v4_pro_max,83.10327958902195,1
1571,qwen3_8_max,71.82554851885163,2
1571,glm_5_2_max,50.846607232609266,3
1571,claude_fable_5_max,49.61285133576827,4
1571,gpt_5_6_sol_max,42.16520434382141,5
1571,gpt_5_5_xhigh,41.2960082760704,6
1571,gemini_3_1_pro_high,37.719945083991384,7
1571,kimi_k3_max,35.733465603799104,8
1571,deepseek_v4_flash_max,35.00178384978949,9
1571,claude_opus_4_8_max,30.419978312100753,10
1572,deepseek_v4_pro_max,72.87028050094769,1
1572,gpt_5_6_sol_max,67.52824609648424,2
1572,glm_5_2_max,55.961498770838055,3
1572,kimi_k3_max,47.60902470631793,4
1572,claude_opus_4_8_max,47.047261479495354,5
1572,deepseek_v4_flash_max,42.04019311007954,6
1572,qwen3_8_max,41.75748247533847,7
1572,gemini_3_1_pro_high,40.781475244273075,8
1572,gpt_5_5_xhigh,40.66094499603602,9
1572,claude_fable_5_max,35.1639654701585,10
1573,gpt_5_5_xhigh,72.22926127319519,1
1573,glm_5_2_max,66.27262419540072,2
1573,claude_fable_5_max,55.59509232027512,3
1573,gemini_3_1_pro_high,52.27131463986509,4
1573,qwen3_8_max,44.911261554834965,5
1573,claude_opus_4_8_max,43.21932570147156,6
1573,gpt_5_6_sol_max,34.99214110411789,7
1573,deepseek_v4_flash_max,31.9058289679513,8
1573,kimi_k3_max,25.330338417705903,9
1573,deepseek_v4_pro_max,21.834470808293858,10
1574,kimi_k3_max,63.64857897077701,1
1574,gpt_5_6_sol_max,55.378676690906666,2
1574,gpt_5_5_xhigh,54.499456991569396,3
1574,deepseek_v4_pro_max,42.930848932581085,4
1574,claude_fable_5_max,41.2752089001291,5
1574,gemini_3_1_pro_high,40.770308228903914,6
1574,claude_opus_4_8_max,39.84284299467856,7
1574,qwen3_8_max,33.07507623947183,8
1574,glm_5_2_max,30.868347426978115,9
1574,deepseek_v4_flash_max,30.524826819529594,10
1575,deepseek_v4_pro_max,79.71879466341659,1
1575,gemini_3_1_pro_high,70.10635407289838,2
1575,gpt_5_6_sol_max,67.8748384950477,3
1575,deepseek_v4_flash_max,60.72230200689199,4
1575,qwen3_8_max,57.503704863732,5
1575,kimi_k3_max,57.15632089445254,6
1575,claude_opus_4_8_max,53.755419809212405,7
1575,gpt_5_5_xhigh,53.371233952094556,8
1575,glm_5_2_max,32.02918078510082,9
1575,claude_fable_5_max,23.607721754134698,10
1576,claude_fable_5_max,87.14565844278707,1
1576,glm_5_2_max,48.29675558981057,2
1576,deepseek_v4_flash_max,37.79517232681104,3
1576,gpt_5_6_sol_max,32.77590081898709,4
1576,kimi_k3_max,30.526986385866664,5
1576,gpt_5_5_xhigh,29.901421367694496,6
1576,qwen3_8_max,29.828904986060575,7
1576,deepseek_v4_pro_max,26.784287311068,8
1576,claude_opus_4_8_max,25.441053177864372,9
1576,gemini_3_1_pro_high,17.845437779056674,10
1577,glm_5_2_max,78.21152156553259,1
1577,deepseek_v4_pro_max,63.15772473260348,2
1577,claude_fable_5_max,59.17721778925866,3
1577,gemini_3_1_pro_high,50.89210711664148,4
1577,kimi_k3_max,50.82158601578749,5
1577,gpt_5_6_sol_max,43.68290444283569,6
1577,gpt_5_5_xhigh,40.76411000590489,7
1577,claude_opus_4_8_max,30.157042076984098,8
1577,qwen3_8_max,23.970757173172135,9
1577,deepseek_v4_flash_max,21.74791030980085,10
1578,gemini_3_1_pro_high,81.59153905821113,1
1578,deepseek_v4_flash_max,73.37259439448613,2
1578,gpt_5_5_xhigh,71.10079677805496,3
1578,qwen3_8_max,69.88964108207249,4
1578,deepseek_v4_pro_max,67.85923464139368,5
1578,gpt_5_6_sol_max,67.36265295038966,6
1578,kimi_k3_max,64.70325362337243,7
1578,claude_fable_5_max,46.03238688820681,8
1578,glm_5_2_max,45.37067426426755,9
1578,claude_opus_4_8_max,31.485960384337055,10
1579,gpt_5_6_sol_max,83.43286296108911,1
1579,qwen3_8_max,52.252672322206244,2
1579,gpt_5_5_xhigh,49.58263826627812,3
1579,kimi_k3_max,48.78231040561407,4
1579,claude_opus_4_8_max,36.2302444873425,5
1579,deepseek_v4_flash_max,36.14058175630144,6
1579,gemini_3_1_pro_high,33.364205176160645,7
1579,deepseek_v4_pro_max,29.46447312466985,8
1579,glm_5_2_max,27.919008483436947,9
1579,claude_fable_5_max,18.177838288746067,10
1580,glm_5_2_max,82.51496576454772,1
1580,gpt_5_6_sol_max,61.137988985919534,2
1580,deepseek_v4_pro_max,56.56152932049412,3
1580,gpt_5_5_xhigh,50.90183957499161,4
1580,claude_fable_5_max,38.8036272617034,5
1580,claude_opus_4_8_max,38.777243306745184,6
1580,kimi_k3_max,28.383420245376456,7
1580,qwen3_8_max,25.86643354447088,8
1580,gemini_3_1_pro_high,21.667381573184592,9
1580,deepseek_v4_flash_max,17.275356038580234,10
1581,claude_fable_5_max,66.00426223182788,1
1581,kimi_k3_max,51.8570687658028,2
1581,gemini_3_1_pro_high,45.04544388913565,3
1581,claude_opus_4_8_max,42.04479678216448,4
1581,qwen3_8_max,41.3510338445957,5
1581,glm_5_2_max,37.803634324907385,6
1581,gpt_5_5_xhigh,37.49388342733204,7
1581,deepseek_v4_flash_max,36.160240204696805,8
1581,gpt_5_6_sol_max,32.22610410080541,9
1581,deepseek_v4_pro_max,23.35434340036484,10
1582,gpt_5_5_xhigh,53.284352845439585,1
1582,kimi_k3_max,50.89138483688767,2
1582,deepseek_v4_pro_max,50.40619437217987,3
1582,claude_opus_4_8_max,44.13616513016283,4
1582,deepseek_v4_flash_max,43.959163286259944,5
1582,qwen3_8_max,42.4897904332998,6
1582,claude_fable_5_max,42.21208593387614,7
1582,gpt_5_6_sol_max,42.007199482632814,8
1582,glm_5_2_max,39.699300707836095,9
1582,gemini_3_1_pro_high,25.267427437316996,10
1583,deepseek_v4_pro_max,84.17522947601182,1
1583,gpt_5_5_xhigh,54.05955062670529,2
1583,kimi_k3_max,48.04144754459995,3
1583,claude_fable_5_max,48.00030338732164,4
1583,glm_5_2_max,41.437547702801226,5
1583,claude_opus_4_8_max,37.76553569853646,6
1583,gpt_5_6_sol_max,37.62594738616169,7
1583,qwen3_8_max,32.44122447815437,8
1583,gemini_3_1_pro_high,30.042149172877583,9
1583,deepseek_v4_flash_max,20.18039830331333,10
1584,claude_fable_5_max,64.30694599066987,1
1584,claude_opus_4_8_max,48.30475024506149,2
1584,gpt_5_5_xhigh,43.31540646976893,3
1584,kimi_k3_max,39.14302352131942,4
1584,deepseek_v4_pro_max,38.2752803366657,5
1584,deepseek_v4_flash_max,36.79877558582443,6
1584,glm_5_2_max,35.97955401495076,7
1584,qwen3_8_max,24.439708092069317,8
1584,gpt_5_6_sol_max,23.462258000183777,9
1584,gemini_3_1_pro_high,18.49997375946332,10
1585,deepseek_v4_flash_max,73.88461690332947,1
1585,qwen3_8_max,59.377782197755224,2
1585,gemini_3_1_pro_high,57.73586345456468,3
1585,glm_5_2_max,56.380159311447265,4
1585,deepseek_v4_pro_max,51.5834386474086,5
1585,claude_opus_4_8_max,50.01196390018703,6
1585,gpt_5_6_sol_max,48.35159789396969,7
1585,claude_fable_5_max,39.25712628363752,8
1585,gpt_5_5_xhigh,38.47802127130632,9
1585,kimi_k3_max,32.73343244198291,10
1586,claude_fable_5_max,63.78822691694665,1
1586,claude_opus_4_8_max,46.66082652541909,2
1586,gpt_5_5_xhigh,43.140224155868225,3
1586,qwen3_8_max,40.35177843174146,4
1586,glm_5_2_max,37.827646540023636,5
1586,gpt_5_6_sol_max,36.52272294736185,6
1586,deepseek_v4_pro_max,33.53454717981188,7
1586,kimi_k3_max,32.57969094950077,8
1586,gemini_3_1_pro_high,29.102474416170416,9
1586,deepseek_v4_flash_max,28.577582295664882,10
1587,qwen3_8_max,70.21438683965495,1
1587,glm_5_2_max,68.29925251422343,2
1587,deepseek_v4_pro_max,52.72770598142955,3
1587,kimi_k3_max,44.01469864707889,4
1587,deepseek_v4_flash_max,42.76385044064489,5
1587,claude_fable_5_max,41.88146718775463,6
1587,claude_opus_4_8_max,32.58745999797654,7
1587,gpt_5_6_sol_max,32.392674700931835,8
1587,gemini_3_1_pro_high,30.924766261205882,9
1587,gpt_5_5_xhigh,21.564590470033743,10
1588,glm_5_2_max,64.46498600872098,1
1588,kimi_k3_max,64.17808672664769,2
1588,deepseek_v4_pro_max,56.76172450183964,3
1588,claude_fable_5_max,51.35204470602615,4
1588,claude_opus_4_8_max,47.95229654899042,5
1588,gpt_5_6_sol_max,45.76639859000085,6
1588,gemini_3_1_pro_high,42.31937851822235,7
1588,gpt_5_5_xhigh,40.73003280684233,8
1588,qwen3_8_max,30.223415298031966,9
1588,deepseek_v4_flash_max,17.422957906513957,10
1589,deepseek_v4_flash_max,66.76428918503802,1
1589,qwen3_8_max,66.63204871716013,2
1589,gpt_5_6_sol_max,66.40607055077982,3
1589,deepseek_v4_pro_max,56.20721368798989,4
1589,claude_opus_4_8_max,49.42007335282317,5
1589,claude_fable_5_max,48.13524588953768,6
1589,gemini_3_1_pro_high,39.21472163692928,7
1589,gpt_5_5_xhigh,37.586374057340095,8
1589,glm_5_2_max,37.11406214112264,9
1589,kimi_k3_max,29.10425599622811,10
1590,deepseek_v4_flash_max,80.58358870567011,1
1590,claude_fable_5_max,69.11401719917292,2
1590,glm_5_2_max,62.476149953930474,3
1590,kimi_k3_max,61.98453354956015,4
1590,gpt_5_6_sol_max,48.69849490165612,5
1590,gpt_5_5_xhigh,47.531563635975594,6
1590,deepseek_v4_pro_max,46.31352587926497,7
1590,claude_opus_4_8_max,43.91152987132474,8
1590,qwen3_8_max,38.83414439827635,9
1590,gemini_3_1_pro_high,27.296069462620448,10
1591,claude_opus_4_8_max,74.42573940143029,1
1591,deepseek_v4_pro_max,61.769897908535256,2
1591,glm_5_2_max,61.63659520611208,3
1591,gemini_3_1_pro_high,61.55532593351064,4
1591,gpt_5_6_sol_max,58.52803111543643,5
1591,gpt_5_5_xhigh,56.6012935844658,6
1591,kimi_k3_max,51.73404877982389,7
1591,claude_fable_5_max,49.28057517696212,8
1591,deepseek_v4_flash_max,44.67305397889055,9
1591,qwen3_8_max,37.803905269136905,10
1592,claude_fable_5_max,89.74062190197667,1
1592,gpt_5_5_xhigh,62.29997369732885,2
1592,kimi_k3_max,52.114335477461054,3
1592,claude_opus_4_8_max,49.068577505026326,4
1592,qwen3_8_max,37.140831235766214,5
1592,gpt_5_6_sol_max,36.02810239653885,6
1592,glm_5_2_max,35.661318076459025,7
1592,gemini_3_1_pro_high,34.54327169116866,8
1592,deepseek_v4_flash_max,23.067190885741702,9
1592,deepseek_v4_pro_max,17.419933330762085,10
1593,claude_fable_5_max,89.05943343967917,1
1593,deepseek_v4_pro_max,59.95740573905966,2
1593,kimi_k3_max,51.06441068156862,3
1593,deepseek_v4_flash_max,46.230179408580376,4
1593,claude_opus_4_8_max,33.84480697458897,5
1593,qwen3_8_max,32.1191069975435,6
1593,glm_5_2_max,30.531782460442383,7
1593,gpt_5_5_xhigh,28.145256038879996,8
1593,gpt_5_6_sol_max,24.22065551411795,9
1593,gemini_3_1_pro_high,22.55070010549528,10
1594,claude_fable_5_max,71.98026220074819,1
1594,deepseek_v4_pro_max,65.3887243568899,2
1594,gpt_5_6_sol_max,65.08348637387998,3
1594,kimi_k3_max,55.48938869033316,4
1594,glm_5_2_max,54.04921893690113,5
1594,claude_opus_4_8_max,52.86316090326279,6
1594,gpt_5_5_xhigh,44.74393701545,7
1594,qwen3_8_max,44.10822745138444,8
1594,gemini_3_1_pro_high,43.12572805156158,9
1594,deepseek_v4_flash_max,25.018267925478604,10
1595,gpt_5_6_sol_max,76.14535412962692,1
1595,qwen3_8_max,55.64445773743061,2
1595,claude_opus_4_8_max,47.310332129051886,3
1595,deepseek_v4_pro_max,45.721255914463015,4
1595,gemini_3_1_pro_high,43.39768081131614,5
1595,glm_5_2_max,42.99343880993652,6
1595,gpt_5_5_xhigh,42.841407998322246,7
1595,claude_fable_5_max,41.148573191100695,8
1595,kimi_k3_max,36.49106677000073,9
1595,deepseek_v4_flash_max,23.69850046688586,10
1596,glm_5_2_max,63.40456383900606,1
1596,gpt_5_5_xhigh,58.854967938703574,2
1596,kimi_k3_max,56.31756963886434,3
1596,deepseek_v4_pro_max,52.856939443737936,4
1596,gemini_3_1_pro_high,50.31074016779336,5
1596,gpt_5_6_sol_max,45.61659467226065,6
1596,qwen3_8_max,44.02330305027024,7
1596,claude_opus_4_8_max,41.700467107305975,8
1596,deepseek_v4_flash_max,37.13193915615931,9
1596,claude_fable_5_max,22.862204469832335,10
1597,claude_fable_5_max,91.28556789221304,1
1597,gpt_5_5_xhigh,57.42444310720021,2
1597,gpt_5_6_sol_max,53.66190269979325,3
1597,glm_5_2_max,41.11040430682654,4
1597,deepseek_v4_pro_max,36.96163885269996,5
1597,qwen3_8_max,35.552765446996425,6
1597,kimi_k3_max,32.00058027472596,7
1597,gemini_3_1_pro_high,31.79550485932141,8
1597,claude_opus_4_8_max,29.8746251177975,9
1597,deepseek_v4_flash_max,20.769274986522923,10
1598,qwen3_8_max,59.58303625940532,1
1598,kimi_k3_max,59.21409400193072,2
1598,deepseek_v4_pro_max,58.37583613923837,3
1598,gpt_5_6_sol_max,56.43358553461216,4
1598,gpt_5_5_xhigh,54.31067969711645,5
1598,gemini_3_1_pro_high,51.31967490614921,6
1598,glm_5_2_max,46.478261883485146,7
1598,deepseek_v4_flash_max,44.6272983278332,8
1598,claude_opus_4_8_max,41.41649997811294,9
1598,claude_fable_5_max,21.750100631180903,10
1599,deepseek_v4_pro_max,72.66852253565557,1
1599,claude_opus_4_8_max,67.69774119422206,2
1599,claude_fable_5_max,58.9506399253036,3
1599,gpt_5_6_sol_max,56.89866807674494,4
1599,gpt_5_5_xhigh,55.94779236187584,5
1599,kimi_k3_max,47.84168832287658,6
1599,gemini_3_1_pro_high,47.32808709128773,7
1599,glm_5_2_max,40.92030400704471,8
1599,qwen3_8_max,31.82018100020392,9
1599,deepseek_v4_flash_max,21.21120658682586,10
1600,deepseek_v4_pro_max,90.01696689301181,1
1600,gpt_5_6_sol_max,76.493369291414,2
1600,claude_opus_4_8_max,63.310712291256394,3
1600,gpt_5_5_xhigh,63.20225148991166,4
1600,claude_fable_5_max,60.34681567111416,5
1600,kimi_k3_max,59.787910057110125,6
1600,glm_5_2_max,47.84877806047338,7
1600,gemini_3_1_pro_high,43.68390697777361,8
1600,deepseek_v4_flash_max,41.60588349830617,9
1600,qwen3_8_max,30.241399065181135,10
1601,claude_fable_5_max,78.27826492544487,1
1601,gemini_3_1_pro_high,55.768814259459006,2
1601,gpt_5_6_sol_max,46.99119575844862,3
1601,qwen3_8_max,42.328173256700964,4
1601,gpt_5_5_xhigh,40.81663573520137,5
1601,glm_5_2_max,35.4493856900833,6
1601,deepseek_v4_flash_max,35.202128521765886,7
1601,claude_opus_4_8_max,29.852562206350534,8
1601,kimi_k3_max,25.319921009340188,9
1601,deepseek_v4_pro_max,21.99878021599638,10
1602,kimi_k3_max,86.82202755576192,1
1602,deepseek_v4_pro_max,82.30163166050504,2
1602,glm_5_2_max,68.29856172789559,3
1602,gpt_5_6_sol_max,59.852523224778835,4
1602,claude_opus_4_8_max,59.1797439237433,5
1602,gpt_5_5_xhigh,56.085616769955685,6
1602,qwen3_8_max,55.68985337633056,7
1602,claude_fable_5_max,55.53254443512789,8
1602,gemini_3_1_pro_high,40.3008592255938,9
1602,deepseek_v4_flash_max,36.7275435375257,10
1603,gemini_3_1_pro_high,81.96444322631572,1
1603,claude_opus_4_8_max,74.64802178601269,2
1603,gpt_5_5_xhigh,72.99624382448744,3
1603,gpt_5_6_sol_max,68.55693077432991,4
1603,deepseek_v4_pro_max,66.697043510659,5
1603,qwen3_8_max,63.33607469989355,6
1603,kimi_k3_max,56.273669520351376,7
1603,deepseek_v4_flash_max,54.289703520768605,8
1603,glm_5_2_max,52.45408401417369,9
1603,claude_fable_5_max,21.471818976472534,10
1604,qwen3_8_max,74.59585007550996,1
1604,kimi_k3_max,72.25339290082113,2
1604,claude_opus_4_8_max,68.31905356055955,3
1604,gemini_3_1_pro_high,66.2718255063067,4
1604,deepseek_v4_flash_max,64.44417495761117,5
1604,deepseek_v4_pro_max,63.02405645197585,6
1604,gpt_5_6_sol_max,52.443620504382054,7
1604,claude_fable_5_max,44.748596071680794,8
1604,glm_5_2_max,41.672891404359724,9
1604,gpt_5_5_xhigh,39.19411166315854,10
1605,gemini_3_1_pro_high,78.85538694104376,1
1605,claude_fable_5_max,76.30892578228548,2
1605,deepseek_v4_flash_max,72.39081388688331,3
1605,deepseek_v4_pro_max,57.57449143661778,4
1605,claude_opus_4_8_max,57.35260618425995,5
1605,gpt_5_6_sol_max,54.12066868337449,6
1605,glm_5_2_max,46.57669393516007,7
1605,qwen3_8_max,45.29059791098133,8
1605,kimi_k3_max,42.74172258948272,9
1605,gpt_5_5_xhigh,28.774912233499315,10
1606,deepseek_v4_pro_max,81.84355837310697,1
1606,claude_fable_5_max,73.51262943359191,2
1606,kimi_k3_max,46.382770297129746,3
1606,gpt_5_5_xhigh,42.951539507445986,4
1606,deepseek_v4_flash_max,42.39006807151414,5
1606,qwen3_8_max,40.25588221773345,6
1606,claude_opus_4_8_max,32.4483741446913,7
1606,gpt_5_6_sol_max,31.120720154223292,8
1606,gemini_3_1_pro_high,15.425806914827671,9
1606,glm_5_2_max,14.833241920447717,10
1607,gpt_5_6_sol_max,76.26864577968645,1
1607,kimi_k3_max,62.5054834927385,2
1607,gpt_5_5_xhigh,55.75017385140299,3
1607,claude_fable_5_max,52.045250486783274,4
1607,deepseek_v4_pro_max,49.34126940839206,5
1607,claude_opus_4_8_max,48.59929937736912,6
1607,gemini_3_1_pro_high,46.267191579173186,7
1607,glm_5_2_max,43.21092255417651,8
1607,qwen3_8_max,38.27690754743353,9
1607,deepseek_v4_flash_max,32.2410687344457,10
1608,qwen3_8_max,74.00069760787567,1
1608,gemini_3_1_pro_high,67.44988378518745,2
1608,glm_5_2_max,58.183499057183326,3
1608,claude_fable_5_max,55.97988790083127,4
1608,deepseek_v4_flash_max,55.43308680008565,5
1608,gpt_5_5_xhigh,54.18640728863943,6
1608,deepseek_v4_pro_max,50.54390691427233,7
1608,claude_opus_4_8_max,47.68358602785707,8
1608,kimi_k3_max,46.36249234054294,9
1608,gpt_5_6_sol_max,43.90373527900328,10
1609,claude_fable_5_max,76.17984840621833,1
1609,deepseek_v4_flash_max,64.51533808383832,2
1609,qwen3_8_max,62.91617737790526,3
1609,gpt_5_6_sol_max,60.66017868887636,4
1609,gemini_3_1_pro_high,59.231891404492885,5
1609,claude_opus_4_8_max,50.926371981119956,6
1609,gpt_5_5_xhigh,49.68470251292909,7
1609,kimi_k3_max,45.901974809238915,8
1609,glm_5_2_max,33.33917169476142,9
1609,deepseek_v4_pro_max,22.439091369766818,10
1610,qwen3_8_max,69.35011923905984,1
1610,glm_5_2_max,66.08231688705914,2
1610,gemini_3_1_pro_high,65.2230188290292,3
1610,gpt_5_6_sol_max,63.80723344307849,4
1610,kimi_k3_max,62.78302986191745,5
1610,gpt_5_5_xhigh,59.57753586317173,6
1610,claude_opus_4_8_max,55.95498269407027,7
1610,deepseek_v4_pro_max,54.47933318125376,8
1610,claude_fable_5_max,53.62863130331486,9
1610,deepseek_v4_flash_max,28.81060889736399,10
1611,deepseek_v4_pro_max,89.06714184039978,1
1611,gpt_5_5_xhigh,67.01033995616903,2
1611,claude_opus_4_8_max,61.770931350957,3
1611,claude_fable_5_max,50.84990016583983,4
1611,gpt_5_6_sol_max,49.99675781071869,5
1611,qwen3_8_max,49.20741134027902,6
1611,glm_5_2_max,34.986656404146416,7
1611,gemini_3_1_pro_high,34.93148908473441,8
1611,kimi_k3_max,28.503018664943326,9
1611,deepseek_v4_flash_max,25.891537419312634,10
1612,deepseek_v4_flash_max,69.32257383309992,1
1612,glm_5_2_max,55.96794464349073,2
1612,claude_fable_5_max,54.686914965242586,3
1612,claude_opus_4_8_max,51.8514873144881,4
1612,gpt_5_5_xhigh,50.60360442503875,5
1612,gemini_3_1_pro_high,50.06466588270056,6
1612,deepseek_v4_pro_max,43.21745921242045,7
1612,kimi_k3_max,40.99417447933689,8
1612,gpt_5_6_sol_max,35.58667847517571,9
1612,qwen3_8_max,32.93231428794671,10
1613,deepseek_v4_flash_max,79.6399327549473,1
1613,kimi_k3_max,77.66345237104379,2
1613,gpt_5_6_sol_max,70.82370045037882,3
1613,claude_fable_5_max,66.28272497304621,4
1613,gemini_3_1_pro_high,62.19250324397196,5
1613,claude_opus_4_8_max,60.353738521332446,6
1613,gpt_5_5_xhigh,42.49559123854156,7
1613,glm_5_2_max,32.88057245871937,8
1613,deepseek_v4_pro_max,29.298333359367746,9
1613,qwen3_8_max,25.009285451864564,10
1614,claude_fable_5_max,64.4912318366973,1
1614,qwen3_8_max,49.00959920779759,2
1614,deepseek_v4_pro_max,48.05690191579541,3
1614,kimi_k3_max,45.83354040633745,4
1614,claude_opus_4_8_max,44.65127725106058,5
1614,glm_5_2_max,43.4615072694138,6
1614,gpt_5_5_xhigh,42.28124993377257,7
1614,gemini_3_1_pro_high,39.61536396357936,8
1614,deepseek_v4_flash_max,37.23699619284534,9
1614,gpt_5_6_sol_max,31.060117543951925,10
1615,claude_fable_5_max,87.2752821229914,1
1615,deepseek_v4_flash_max,78.85488131435939,2
1615,claude_opus_4_8_max,57.71965222972198,3
1615,qwen3_8_max,49.449643542237226,4
1615,kimi_k3_max,36.874401206546615,5
1615,gpt_5_5_xhigh,36.54177599963156,6
1615,gpt_5_6_sol_max,34.24127686702069,7
1615,deepseek_v4_pro_max,30.600343353661597,8
1615,gemini_3_1_pro_high,25.008062931960133,9
1615,glm_5_2_max,19.85015326422009,10
1616,claude_fable_5_max,72.91325422032533,1
1616,deepseek_v4_flash_max,71.8512750696517,2
1616,qwen3_8_max,67.86407779947243,3
1616,gemini_3_1_pro_high,60.529269008590845,4
1616,gpt_5_6_sol_max,57.929521734082556,5
1616,kimi_k3_max,52.85535061820426,6
1616,claude_opus_4_8_max,52.03215422594276,7
1616,gpt_5_5_xhigh,51.687418703674496,8
1616,glm_5_2_max,40.117362978068456,9
1616,deepseek_v4_pro_max,30.868542631062613,10
1617,claude_fable_5_max,91.75382367667032,1
1617,gpt_5_5_xhigh,59.497433272507436,2
1617,deepseek_v4_pro_max,55.919348854259454,3
1617,claude_opus_4_8_max,51.2525320884521,4
1617,qwen3_8_max,49.06062364313563,5
1617,kimi_k3_max,43.637275759904796,6
1617,glm_5_2_max,33.742537169165516,7
1617,deepseek_v4_flash_max,30.851053111021365,8
1617,gemini_3_1_pro_high,29.930006839536425,9
1617,gpt_5_6_sol_max,24.123152181573133,10
1618,kimi_k3_max,61.96866154449035,1
1618,deepseek_v4_pro_max,55.39604646518681,2
1618,gpt_5_5_xhigh,48.43788246935492,3
1618,gemini_3_1_pro_high,46.550221973197914,4
1618,claude_opus_4_8_max,46.39858257972267,5
1618,deepseek_v4_flash_max,44.902131561485746,6
1618,gpt_5_6_sol_max,34.746525177757675,7
1618,qwen3_8_max,34.542094611886334,8
1618,claude_fable_5_max,25.957892751704133,9
1618,glm_5_2_max,23.61819284442192,10
1619,claude_fable_5_max,64.21837106651195,1
1619,deepseek_v4_pro_max,49.17513677144092,2
1619,gpt_5_6_sol_max,44.42612346740734,3
1619,gpt_5_5_xhigh,39.45152437425766,4
1619,glm_5_2_max,32.595100610357186,5
1619,claude_opus_4_8_max,31.296416083005973,6
1619,gemini_3_1_pro_high,29.260205438460936,7
1619,kimi_k3_max,28.84371675525525,8
1619,qwen3_8_max,21.26155095680438,9
1619,deepseek_v4_flash_max,18.15786926535994,10
1620,gemini_3_1_pro_high,75.2107772008873,1
1620,claude_opus_4_8_max,59.62046749428879,2
1620,kimi_k3_max,56.937014498791015,3
1620,claude_fable_5_max,56.55718231686967,4
1620,gpt_5_5_xhigh,55.67716743976073,5
1620,gpt_5_6_sol_max,53.360734922918276,6
1620,deepseek_v4_flash_max,52.98123401375295,7
1620,deepseek_v4_pro_max,51.05963629876585,8
1620,qwen3_8_max,50.34605542011632,9
1620,glm_5_2_max,44.14744772117787,10
1621,deepseek_v4_pro_max,79.22398913163835,1
1621,glm_5_2_max,66.05768255338371,2
1621,gpt_5_5_xhigh,60.601944177643574,3
1621,deepseek_v4_flash_max,56.666205058646796,4
1621,qwen3_8_max,49.07548012784807,5
1621,claude_opus_4_8_max,48.638092285652306,6
1621,kimi_k3_max,44.99930736163021,7
1621,gemini_3_1_pro_high,42.2056089207007,8
1621,gpt_5_6_sol_max,38.58844834612694,9
1621,claude_fable_5_max,20.007458576850254,10
1622,gemini_3_1_pro_high,71.79005298291868,1
1622,gpt_5_6_sol_max,52.749474651274284,2
1622,deepseek_v4_pro_max,49.81167605071225,3
1622,kimi_k3_max,48.43716972370197,4
1622,deepseek_v4_flash_max,43.74744697586932,5
1622,gpt_5_5_xhigh,41.433544054683736,6
1622,claude_opus_4_8_max,35.87541808130639,7
1622,claude_fable_5_max,34.141477904635344,8
1622,qwen3_8_max,33.206080932933006,9
1622,glm_5_2_max,13.830893113408823,10
1623,qwen3_8_max,76.58591676409375,1
1623,claude_opus_4_8_max,70.54955145264134,2
1623,gemini_3_1_pro_high,65.50596779559393,3
1623,deepseek_v4_pro_max,53.002706034635374,4
1623,kimi_k3_max,48.48883449935176,5
1623,gpt_5_5_xhigh,47.092772723345526,6
1623,deepseek_v4_flash_max,46.00798336917728,7
1623,claude_fable_5_max,37.85705688564276,8
1623,glm_5_2_max,33.11426512439423,9
1623,gpt_5_6_sol_max,31.44511290177148,10
1624,claude_fable_5_max,65.03827717893647,1
1624,gpt_5_6_sol_max,59.73173364134888,2
1624,qwen3_8_max,58.208999536107946,3
1624,deepseek_v4_flash_max,55.409135062105804,4
1624,claude_opus_4_8_max,52.903842841970196,5
1624,gemini_3_1_pro_high,51.8928447734648,6
1624,gpt_5_5_xhigh,48.604853235477165,7
1624,deepseek_v4_pro_max,37.88134792152873,8
1624,kimi_k3_max,29.909465117601606,9
1624,glm_5_2_max,23.025349195067776,10
1625,kimi_k3_max,85.30720484174111,1
1625,deepseek_v4_pro_max,79.47941348859739,2
1625,claude_fable_5_max,66.49019617036423,3
1625,claude_opus_4_8_max,62.78925744265697,4
1625,gpt_5_5_xhigh,62.280544983354474,5
1625,gemini_3_1_pro_high,58.72415447356621,6
1625,glm_5_2_max,52.318798449890394,7
1625,deepseek_v4_flash_max,49.874185705551575,8
1625,gpt_5_6_sol_max,46.32364568914582,9
1625,qwen3_8_max,39.83276392881406,10
1626,kimi_k3_max,59.06282180799658,1
1626,deepseek_v4_pro_max,58.31316313380562,2
1626,gemini_3_1_pro_high,55.061247676999194,3
1626,claude_opus_4_8_max,46.9250017098013,4
1626,glm_5_2_max,44.17338430528798,5
1626,gpt_5_6_sol_max,43.41695190450638,6
1626,gpt_5_5_xhigh,37.5958522095608,7
1626,deepseek_v4_flash_max,35.00824106827818,8
1626,qwen3_8_max,27.363374435109115,9
1626,claude_fable_5_max,26.85650192214753,10
1627,deepseek_v4_pro_max,90.98171349833622,1
1627,claude_fable_5_max,84.22405216993596,2
1627,qwen3_8_max,69.51356046867664,3
1627,glm_5_2_max,58.15280157024728,4
1627,gpt_5_5_xhigh,55.825033517966304,5
1627,gemini_3_1_pro_high,51.11509457712667,6
1627,claude_opus_4_8_max,43.782021964216256,7
1627,kimi_k3_max,34.95969524398274,8
1627,gpt_5_6_sol_max,31.879497400724745,9
1627,deepseek_v4_flash_max,28.43618038815879,10
1628,gemini_3_1_pro_high,63.949600341975234,1
1628,gpt_5_5_xhigh,60.94276577057052,2
1628,claude_opus_4_8_max,60.21672505266369,3
1628,qwen3_8_max,58.26084622444151,4
1628,gpt_5_6_sol_max,56.18881521935377,5
1628,deepseek_v4_flash_max,50.536103070543554,6
1628,claude_fable_5_max,50.290990823993425,7
1628,deepseek_v4_pro_max,37.02941465535653,8
1628,kimi_k3_max,30.568433133545092,9
1628,glm_5_2_max,18.29647919272328,10
1629,claude_fable_5_max,65.33411155717653,1
1629,gpt_5_6_sol_max,62.35415194938764,2
1629,claude_opus_4_8_max,50.24968705241122,3
1629,gemini_3_1_pro_high,48.55106612359395,4
1629,gpt_5_5_xhigh,46.17410599644185,5
1629,deepseek_v4_pro_max,44.93014414734495,6
1629,glm_5_2_max,42.086140456944676,7
1629,qwen3_8_max,38.83656355850153,8
1629,deepseek_v4_flash_max,28.95726291217771,9
1629,kimi_k3_max,18.174023791113797,10
1630,deepseek_v4_pro_max,73.25686228749828,1
1630,claude_fable_5_max,56.2340319308521,2
1630,claude_opus_4_8_max,54.97476448447078,3
1630,deepseek_v4_flash_max,53.97579787035591,4
1630,gpt_5_5_xhigh,51.13350272289053,5
1630,gemini_3_1_pro_high,42.360089604384555,6
1630,qwen3_8_max,42.35114586179283,7
1630,gpt_5_6_sol_max,41.572170514328114,8
1630,glm_5_2_max,38.16715782294516,9
1630,kimi_k3_max,32.005082486174125,10
1631,claude_opus_4_8_max,74.28904457117085,1
1631,claude_fable_5_max,73.53188390492824,2
1631,deepseek_v4_flash_max,65.99316236971399,3
1631,gpt_5_6_sol_max,55.31954015446075,4
1631,deepseek_v4_pro_max,45.63232025378005,5
1631,gemini_3_1_pro_high,41.159098632481,6
1631,qwen3_8_max,39.49549195785062,7
1631,kimi_k3_max,38.27696145274402,8
1631,glm_5_2_max,36.800675293136415,9
1631,gpt_5_5_xhigh,28.210160463279983,10
1632,kimi_k3_max,63.10323023309788,1
1632,deepseek_v4_pro_max,58.08042090264263,2
1632,gemini_3_1_pro_high,56.66155025893416,3
1632,glm_5_2_max,55.640081163773324,4
1632,gpt_5_6_sol_max,47.77396787026425,5
1632,claude_fable_5_max,46.74635267341237,6
1632,gpt_5_5_xhigh,42.08272801284153,7
1632,qwen3_8_max,41.66715843407785,8
1632,claude_opus_4_8_max,37.98521421816676,9
1632,deepseek_v4_flash_max,37.69799123088568,10
1633,claude_fable_5_max,71.37803905149822,1
1633,deepseek_v4_pro_max,58.084999415100896,2
1633,gpt_5_5_xhigh,54.52504411150147,3
1633,kimi_k3_max,51.21826275335195,4
1633,qwen3_8_max,43.5436961555136,5
1633,claude_opus_4_8_max,39.947073413584555,6
1633,gpt_5_6_sol_max,35.700062244770734,7
1633,deepseek_v4_flash_max,34.92820386827978,8
1633,glm_5_2_max,25.14932627990268,9
1633,gemini_3_1_pro_high,21.7499489288387,10
1634,kimi_k3_max,74.46922583300227,1
1634,deepseek_v4_pro_max,59.40932568702573,2
1634,claude_fable_5_max,55.19257270706752,3
1634,gpt_5_5_xhigh,50.24809687611036,4
1634,gpt_5_6_sol_max,49.33377169956398,5
1634,gemini_3_1_pro_high,45.89644257475856,6
1634,deepseek_v4_flash_max,44.60612565577256,7
1634,glm_5_2_max,43.71430951613442,8
1634,claude_opus_4_8_max,37.968051345890395,9
1634,qwen3_8_max,24.61004506622736,10
1635,gpt_5_5_xhigh,68.03044114750855,1
1635,deepseek_v4_pro_max,66.97494989161476,2
1635,qwen3_8_max,62.28374259838989,3
1635,glm_5_2_max,59.665275064265096,4
1635,claude_fable_5_max,57.279886838064115,5
1635,deepseek_v4_flash_max,56.59784410144272,6
1635,claude_opus_4_8_max,54.39442066782311,7
1635,gpt_5_6_sol_max,51.19278612257807,8
1635,kimi_k3_max,34.926384168939535,9
1635,gemini_3_1_pro_high,31.820630287512234,10
1636,claude_fable_5_max,63.95710735074062,1
1636,deepseek_v4_pro_max,49.24677144729846,2
1636,kimi_k3_max,43.0011728492366,3
1636,claude_opus_4_8_max,34.34534167613341,4
1636,glm_5_2_max,32.85617533554822,5
1636,gpt_5_5_xhigh,30.85764486427514,6
1636,deepseek_v4_flash_max,29.860819326453854,7
1636,gpt_5_6_sol_max,22.671194187086716,8
1636,qwen3_8_max,21.968897379801703,9
1636,gemini_3_1_pro_high,16.661264628821552,10
1637,deepseek_v4_pro_max,67.41947725028601,1
1637,qwen3_8_max,62.68761331312419,2
1637,gemini_3_1_pro_high,53.27548274708778,3
1637,gpt_5_5_xhigh,51.470516328783084,4
1637,claude_opus_4_8_max,47.91085639716799,5
1637,claude_fable_5_max,46.71106741974771,6
1637,glm_5_2_max,37.88501641024789,7
1637,deepseek_v4_flash_max,24.550335195436983,8
1637,kimi_k3_max,24.387670403830533,9
1637,gpt_5_6_sol_max,22.220660355003666,10
1638,claude_fable_5_max,76.80651818081768,1
1638,deepseek_v4_pro_max,64.67125829960753,2
1638,kimi_k3_max,48.41069565521043,3
1638,qwen3_8_max,47.11222438849396,4
1638,claude_opus_4_8_max,46.345115540797146,5
1638,deepseek_v4_flash_max,42.29362544096819,6
1638,gpt_5_5_xhigh,38.88590620770269,7
1638,gpt_5_6_sol_max,30.860650402276285,8
1638,gemini_3_1_pro_high,29.50316130480205,9
1638,glm_5_2_max,22.769110943374802,10
1639,kimi_k3_max,78.02892273116383,1
1639,qwen3_8_max,63.56157466159352,2
1639,gpt_5_6_sol_max,63.373905912642805,3
1639,gemini_3_1_pro_high,58.96418210563428,4
1639,deepseek_v4_flash_max,55.75667886687247,5
1639,glm_5_2_max,48.16767994535286,6
1639,gpt_5_5_xhigh,47.44695076930586,7
1639,claude_opus_4_8_max,37.0746876927267,8
1639,claude_fable_5_max,33.49226230691225,9
1639,deepseek_v4_pro_max,19.78997490617752,10
1640,gpt_5_5_xhigh,80.89583528287655,1
1640,claude_fable_5_max,77.23903652290667,2
1640,deepseek_v4_pro_max,61.45791190812794,3
1640,glm_5_2_max,60.56317788004381,4
1640,gemini_3_1_pro_high,53.497933290617325,5
1640,claude_opus_4_8_max,52.91211339942878,6
1640,gpt_5_6_sol_max,33.929185417302826,7
1640,deepseek_v4_flash_max,26.961493225653278,8
1640,kimi_k3_max,23.7140576711666,9
1640,qwen3_8_max,21.623034230884194,10
1641,gpt_5_5_xhigh,72.14688531255948,1
1641,claude_fable_5_max,64.39305360273201,2
1641,kimi_k3_max,63.500299850252546,3
1641,claude_opus_4_8_max,55.64403097061103,4
1641,qwen3_8_max,45.7031636108442,5
1641,gpt_5_6_sol_max,45.545007069203386,6
1641,gemini_3_1_pro_high,42.89853040062554,7
1641,glm_5_2_max,42.695396285775885,8
1641,deepseek_v4_pro_max,42.316239114382796,9
1641,deepseek_v4_flash_max,29.523586235465395,10
1642,gemini_3_1_pro_high,63.37386271463012,1
1642,gpt_5_5_xhigh,62.78061195379873,2
1642,deepseek_v4_pro_max,61.83119144931783,3
1642,claude_opus_4_8_max,53.737188464598844,4
1642,claude_fable_5_max,50.946640420001735,5
1642,gpt_5_6_sol_max,46.18803341264241,6
1642,deepseek_v4_flash_max,41.74351970666,7
1642,qwen3_8_max,32.71302564054356,8
1642,glm_5_2_max,31.55167912115024,9
1642,kimi_k3_max,22.351777838742827,10
1643,deepseek_v4_flash_max,69.52961319182381,1
1643,gpt_5_6_sol_max,68.09898400112624,2
1643,gpt_5_5_xhigh,67.09394471420555,3
1643,gemini_3_1_pro_high,61.766298195296166,4
1643,claude_fable_5_max,54.680209127233,5
1643,claude_opus_4_8_max,53.55768716584271,6
1643,glm_5_2_max,45.609163624172204,7
1643,deepseek_v4_pro_max,44.1771546467448,8
1643,kimi_k3_max,38.856678654121666,9
1643,qwen3_8_max,32.504082687528616,10
1644,glm_5_2_max,70.56382715762047,1
1644,claude_fable_5_max,64.12572887606458,2
1644,deepseek_v4_flash_max,61.231536901836705,3
1644,gpt_5_6_sol_max,40.74661457008262,4
1644,gpt_5_5_xhigh,36.756351891047586,5
1644,claude_opus_4_8_max,36.20821942342627,6
1644,qwen3_8_max,33.23314445531177,7
1644,gemini_3_1_pro_high,32.90767849412924,8
1644,deepseek_v4_pro_max,30.973956787887897,9
1644,kimi_k3_max,28.068773956316804,10
1645,gemini_3_1_pro_high,78.02856193760272,1
1645,claude_fable_5_max,72.20316357444085,2
1645,kimi_k3_max,67.65292997138087,3
1645,gpt_5_6_sol_max,56.51446432750467,4
1645,claude_opus_4_8_max,53.90421375090753,5
1645,gpt_5_5_xhigh,46.78962595755678,6
1645,deepseek_v4_flash_max,42.887338914859754,7
1645,qwen3_8_max,39.96208519127184,8
1645,glm_5_2_max,39.63981327737327,9
1645,deepseek_v4_pro_max,5.454053403785712,10
1646,claude_opus_4_8_max,69.32516416669166,1
1646,gemini_3_1_pro_high,66.41299657387417,2
1646,gpt_5_5_xhigh,55.93913470407671,3
1646,claude_fable_5_max,48.95373768243303,4
1646,kimi_k3_max,47.47379593271062,5
1646,qwen3_8_max,34.874690655681654,6
1646,gpt_5_6_sol_max,31.400571659231495,7
1646,deepseek_v4_flash_max,30.689361390414433,8
1646,deepseek_v4_pro_max,29.373996197480462,9
1646,glm_5_2_max,25.156452749915474,10
1647,kimi_k3_max,82.44217460790225,1
1647,glm_5_2_max,63.322845883165236,2
1647,deepseek_v4_pro_max,55.24213123802917,3
1647,deepseek_v4_flash_max,50.18032977074902,4
1647,gpt_5_5_xhigh,47.19593373526359,5
1647,gpt_5_6_sol_max,44.79260115627094,6
1647,claude_fable_5_max,38.27253506238475,7
1647,claude_opus_4_8_max,37.29512555370541,8
1647,qwen3_8_max,22.27530523016688,9
1647,gemini_3_1_pro_high,21.29275629437981,10
1648,gemini_3_1_pro_high,67.92423710952087,1
1648,deepseek_v4_flash_max,66.54832034810573,2
1648,gpt_5_6_sol_max,65.41676780120706,3
1648,kimi_k3_max,64.18149532795972,4
1648,claude_fable_5_max,57.21392718182649,5
1648,claude_opus_4_8_max,56.90203378888941,6
1648,gpt_5_5_xhigh,48.32344774101288,7
1648,qwen3_8_max,43.98456384412934,8
1648,deepseek_v4_pro_max,27.58331987681518,9
1648,glm_5_2_max,26.04905648094505,10
1649,gpt_5_5_xhigh,80.78770798970626,1
1649,gemini_3_1_pro_high,74.14716141236418,2
1649,claude_fable_5_max,70.14432594663565,3
1649,qwen3_8_max,49.34052569724413,4
1649,glm_5_2_max,44.989522203636646,5
1649,deepseek_v4_flash_max,42.61856696083315,6
1649,gpt_5_6_sol_max,28.604018119076876,7
1649,kimi_k3_max,26.53064780628427,8
1649,claude_opus_4_8_max,25.72314772270646,9
1649,deepseek_v4_pro_max,16.134597890947038,10
1650,qwen3_8_max,65.29907703626976,1
1650,gemini_3_1_pro_high,57.80778007638597,2
1650,claude_fable_5_max,47.2481225599682,3
1650,gpt_5_6_sol_max,40.97568645163772,4
1650,kimi_k3_max,40.02748176320106,5
1650,claude_opus_4_8_max,39.83391741380834,6
1650,gpt_5_5_xhigh,36.97469707162158,7
1650,deepseek_v4_pro_max,26.27249190626853,8
1650,glm_5_2_max,21.234824301387505,9
1650,deepseek_v4_flash_max,14.471156256572037,10
1651,qwen3_8_max,65.7838366465732,1
1651,kimi_k3_max,65.15371938769073,2
1651,claude_fable_5_max,64.42555103921438,3
1651,glm_5_2_max,64.41031175689861,4
1651,claude_opus_4_8_max,56.91178025766875,5
1651,gpt_5_6_sol_max,54.876595010579734,6
1651,deepseek_v4_pro_max,48.73758117435422,7
1651,gpt_5_5_xhigh,46.20468053361074,8
1651,deepseek_v4_flash_max,42.110946919599016,9
1651,gemini_3_1_pro_high,39.75217257681268,10
1652,glm_5_2_max,82.62410298012676,1
1652,gpt_5_5_xhigh,81.6904569680566,2
1652,claude_opus_4_8_max,71.48735968790982,3
1652,gemini_3_1_pro_high,65.23339617051698,4
1652,qwen3_8_max,58.01153022561154,5
1652,gpt_5_6_sol_max,44.75862188939294,6
1652,kimi_k3_max,35.427266986685396,7
1652,deepseek_v4_flash_max,35.27627870489589,8
1652,deepseek_v4_pro_max,26.943625716293766,9
1652,claude_fable_5_max,19.29622198038895,10
1653,deepseek_v4_pro_max,76.35778201944166,1
1653,claude_opus_4_8_max,73.55805809782815,2
1653,kimi_k3_max,65.82370430537019,3
1653,gpt_5_5_xhigh,56.07277467204008,4
1653,gemini_3_1_pro_high,55.60359270214626,5
1653,gpt_5_6_sol_max,41.643091154699746,6
1653,deepseek_v4_flash_max,34.90338923113916,7
1653,glm_5_2_max,29.985279422576255,8
1653,claude_fable_5_max,26.308908866562604,9
1653,qwen3_8_max,26.198406025713002,10
1654,deepseek_v4_pro_max,70.76977049227966,1
1654,gpt_5_6_sol_max,67.50986094964702,2
1654,deepseek_v4_flash_max,65.92105854025047,3
1654,claude_fable_5_max,62.3189548009783,4
1654,gemini_3_1_pro_high,39.214349751609674,5
1654,claude_opus_4_8_max,34.77835871813975,6
1654,glm_5_2_max,31.881167789360042,7
1654,qwen3_8_max,29.376540883310795,8
1654,gpt_5_5_xhigh,27.51836616082265,9
1654,kimi_k3_max,24.551904691033297,10
1655,deepseek_v4_pro_max,83.87079254634368,1
1655,claude_fable_5_max,59.03312245112285,2
1655,gpt_5_6_sol_max,53.9890558000852,3
1655,claude_opus_4_8_max,50.36598754156607,4
1655,glm_5_2_max,49.37452870301295,5
1655,gemini_3_1_pro_high,46.64099952137039,6
1655,kimi_k3_max,36.630863152009944,7
1655,deepseek_v4_flash_max,35.187394581278426,8
1655,qwen3_8_max,33.467626459077685,9
1655,gpt_5_5_xhigh,30.819948981354795,10
1656,claude_fable_5_max,83.21977624776252,1
1656,gpt_5_6_sol_max,70.24800092540129,2
1656,gpt_5_5_xhigh,60.905113812469615,3
1656,deepseek_v4_flash_max,56.92899708761409,4
1656,claude_opus_4_8_max,46.55346615757028,5
1656,kimi_k3_max,44.73430326707362,6
1656,glm_5_2_max,32.780005194473546,7
1656,deepseek_v4_pro_max,30.30558560766266,8
1656,gemini_3_1_pro_high,25.796342810834332,9
1656,qwen3_8_max,22.30436194278639,10
1657,qwen3_8_max,70.85635779648948,1
1657,claude_fable_5_max,64.4079788610989,2
1657,gemini_3_1_pro_high,63.878201434920996,3
1657,kimi_k3_max,58.387247348390595,4
1657,glm_5_2_max,56.08765656500492,5
1657,gpt_5_5_xhigh,49.572529098182734,6
1657,deepseek_v4_flash_max,43.09397112412526,7
1657,deepseek_v4_pro_max,40.028658515015735,8
1657,gpt_5_6_sol_max,37.36905038381958,9
1657,claude_opus_4_8_max,37.11112715819763,10
1658,gemini_3_1_pro_high,80.26157125294093,1
1658,claude_opus_4_8_max,58.55388484796041,2
1658,claude_fable_5_max,51.29007910536067,3
1658,gpt_5_5_xhigh,51.229200139142925,4
1658,kimi_k3_max,45.19574747947844,5
1658,qwen3_8_max,39.79044803492265,6
1658,deepseek_v4_pro_max,33.1572424566599,7
1658,gpt_5_6_sol_max,28.599274480352772,8
1658,deepseek_v4_flash_max,27.850428497635722,9
1658,glm_5_2_max,24.90117525649344,10
1659,glm_5_2_max,79.82891169005012,1
1659,gpt_5_6_sol_max,76.34530326006622,2
1659,gpt_5_5_xhigh,70.3837160279143,3
1659,gemini_3_1_pro_high,68.72580820349715,4
1659,deepseek_v4_flash_max,62.787053700822284,5
1659,claude_opus_4_8_max,54.578667971976955,6
1659,qwen3_8_max,44.25991143995299,7
1659,kimi_k3_max,41.62473731612692,8
1659,claude_fable_5_max,40.49955404141869,9
1659,deepseek_v4_pro_max,37.5467366508325,10
1660,glm_5_2_max,70.9657892343541,1
1660,gpt_5_5_xhigh,64.28639424874441,2
1660,deepseek_v4_pro_max,60.4247327250147,3
1660,claude_fable_5_max,58.51715142211221,4
1660,claude_opus_4_8_max,55.605719819678285,5
1660,kimi_k3_max,43.23318137587015,6
1660,gpt_5_6_sol_max,40.504975078137406,7
1660,deepseek_v4_flash_max,38.549878986054836,8
1660,qwen3_8_max,29.394452405569666,9
1660,gemini_3_1_pro_high,25.55011973768235,10
1661,glm_5_2_max,74.88029881646455,1
1661,gpt_5_6_sol_max,61.76237506978015,2
1661,kimi_k3_max,60.27567968693363,3
1661,claude_fable_5_max,57.6076116888587,4
1661,deepseek_v4_flash_max,51.66235329291339,5
1661,deepseek_v4_pro_max,50.48059222599856,6
1661,gemini_3_1_pro_high,43.62256233999839,7
1661,qwen3_8_max,40.00733999949807,8
1661,claude_opus_4_8_max,37.60568510460892,9
1661,gpt_5_5_xhigh,32.07258929189271,10
1662,claude_fable_5_max,63.140950313687654,1
1662,glm_5_2_max,58.75958053987471,2
1662,claude_opus_4_8_max,58.75677271976216,3
1662,gpt_5_5_xhigh,57.36429914223084,4
1662,kimi_k3_max,56.51455133496867,5
1662,gemini_3_1_pro_high,56.009873726127694,6
1662,qwen3_8_max,50.08142906754508,7
1662,deepseek_v4_pro_max,35.891050704698635,8
1662,gpt_5_6_sol_max,24.297536472447376,9
1662,deepseek_v4_flash_max,20.134356509113957,10
1663,gemini_3_1_pro_high,83.81965660777676,1
1663,glm_5_2_max,77.25847750115143,2
1663,claude_opus_4_8_max,76.83035194490873,3
1663,gpt_5_6_sol_max,73.06038287816463,4
1663,claude_fable_5_max,64.80028196674618,5
1663,kimi_k3_max,56.69791017579661,6
1663,qwen3_8_max,49.29310020236088,7
1663,gpt_5_5_xhigh,45.57795789941626,8
1663,deepseek_v4_pro_max,37.49199060934524,9
1663,deepseek_v4_flash_max,30.146699398428296,10
1664,deepseek_v4_flash_max,70.06247439212603,1
1664,claude_fable_5_max,59.95065399048765,2
1664,deepseek_v4_pro_max,52.93614901613619,3
1664,gpt_5_6_sol_max,46.6480689246197,4
1664,gemini_3_1_pro_high,43.3945653351237,5
1664,gpt_5_5_xhigh,41.54953644490477,6
1664,claude_opus_4_8_max,35.97422559895052,7
1664,kimi_k3_max,35.26731537598255,8
1664,glm_5_2_max,30.506978755703962,9
1664,qwen3_8_max,29.775966409736867,10
1665,deepseek_v4_flash_max,75.6321295658502,1
1665,gpt_5_5_xhigh,63.83688913686485,2
1665,kimi_k3_max,60.6308594774736,3
1665,claude_opus_4_8_max,50.606836663573276,4
1665,qwen3_8_max,47.714452404948226,5
1665,gpt_5_6_sol_max,44.95911323638417,6
1665,claude_fable_5_max,40.211557899747255,7
1665,deepseek_v4_pro_max,40.02897861628033,8
1665,gemini_3_1_pro_high,37.079031580471586,9
1665,glm_5_2_max,25.37511530182306,10
1666,gpt_5_6_sol_max,77.87686169170053,1
1666,gpt_5_5_xhigh,71.2179118597872,2
1666,kimi_k3_max,69.11510626860392,3
1666,claude_fable_5_max,67.80612680844472,4
1666,deepseek_v4_flash_max,61.89662884097136,5
1666,glm_5_2_max,55.80701321588403,6
1666,qwen3_8_max,46.09211319554719,7
1666,deepseek_v4_pro_max,37.770356862605574,8
1666,gemini_3_1_pro_high,31.763433627036363,9
1666,claude_opus_4_8_max,28.210190147222484,10
1667,glm_5_2_max,72.4865840337953,1
1667,deepseek_v4_pro_max,62.224889069704986,2
1667,kimi_k3_max,61.5297684268432,3
1667,deepseek_v4_flash_max,49.22916457110927,4
1667,claude_fable_5_max,44.83707665069895,5
1667,gpt_5_6_sol_max,37.8877117765055,6
1667,gpt_5_5_xhigh,37.516179362258754,7
1667,claude_opus_4_8_max,35.17194234790871,8
1667,qwen3_8_max,33.14354138600514,9
1667,gemini_3_1_pro_high,19.31588916621504,10
1668,claude_fable_5_max,80.6986966599579,1
1668,deepseek_v4_flash_max,55.391098767611275,2
1668,qwen3_8_max,48.42296349346851,3
1668,gpt_5_6_sol_max,46.893254950638564,4
1668,glm_5_2_max,46.297716724108525,5
1668,claude_opus_4_8_max,41.518978788171964,6
1668,gpt_5_5_xhigh,37.817835822495205,7
1668,kimi_k3_max,37.07897622792265,8
1668,deepseek_v4_pro_max,32.225465437295064,9
1668,gemini_3_1_pro_high,19.329261796427147,10
1669,gemini_3_1_pro_high,61.43522206487087,1
1669,glm_5_2_max,58.36448086911426,2
1669,gpt_5_5_xhigh,57.86262540779651,3
1669,claude_fable_5_max,48.17120805124081,4
1669,gpt_5_6_sol_max,47.54150757568004,5
1669,claude_opus_4_8_max,46.682148887521606,6
1669,qwen3_8_max,44.11141143576952,7
1669,deepseek_v4_pro_max,37.59966212402669,8
1669,kimi_k3_max,19.35290227693462,9
1669,deepseek_v4_flash_max,17.31178640168412,10
1670,deepseek_v4_pro_max,93.5762130705838,1
1670,gpt_5_5_xhigh,63.343707702976,2
1670,kimi_k3_max,59.28493018530423,3
1670,qwen3_8_max,53.62921221277577,4
1670,glm_5_2_max,53.403823269349616,5
1670,claude_opus_4_8_max,46.7725214233705,6
1670,gpt_5_6_sol_max,29.247999279453055,7
1670,claude_fable_5_max,27.32554983901426,8
1670,gemini_3_1_pro_high,23.409151871224296,9
1670,deepseek_v4_flash_max,8.601365823177456,10
1671,claude_opus_4_8_max,83.70572445579846,1
1671,deepseek_v4_pro_max,75.55173891635823,2
1671,gpt_5_5_xhigh,65.08885226002303,3
1671,gpt_5_6_sol_max,60.84909600213035,4
1671,qwen3_8_max,59.34148456160748,5
1671,gemini_3_1_pro_high,58.30139227273099,6
1671,claude_fable_5_max,45.58772403311244,7
1671,glm_5_2_max,44.03945423002512,8
1671,deepseek_v4_flash_max,40.423583164781064,9
1671,kimi_k3_max,37.25131946066205,10
1672,claude_opus_4_8_max,59.61462514317748,1
1672,qwen3_8_max,58.73636458530052,2
1672,gpt_5_6_sol_max,51.56980424174015,3
1672,claude_fable_5_max,49.69225251422343,4
1672,kimi_k3_max,46.42055641214351,5
1672,deepseek_v4_flash_max,45.911323895433135,6
1672,gemini_3_1_pro_high,45.33860530037534,7
1672,gpt_5_5_xhigh,37.9375009699003,8
1672,deepseek_v4_pro_max,22.91844156407793,9
1672,glm_5_2_max,16.510825604674146,10
1673,claude_fable_5_max,70.50161241146705,1
1673,gpt_5_6_sol_max,63.93556791946861,2
1673,kimi_k3_max,59.050024359493676,3
1673,gpt_5_5_xhigh,58.151180899633005,4
1673,deepseek_v4_flash_max,46.79007705309533,5
1673,glm_5_2_max,37.814605372661994,6
1673,claude_opus_4_8_max,34.70577397349066,7
1673,deepseek_v4_pro_max,26.854607818131658,8
1673,qwen3_8_max,24.490549656205886,9
1673,gemini_3_1_pro_high,17.66585514298505,10
1674,deepseek_v4_pro_max,85.98213976192582,1
1674,claude_fable_5_max,63.36214886847807,2
1674,gpt_5_5_xhigh,45.21576998945347,3
1674,glm_5_2_max,43.71723006271364,4
1674,deepseek_v4_flash_max,32.49341335060836,5
1674,claude_opus_4_8_max,32.27911646366471,6
1674,gpt_5_6_sol_max,31.455449880634255,7
1674,gemini_3_1_pro_high,30.709550307312778,8
1674,qwen3_8_max,29.027683314943538,9
1674,kimi_k3_max,15.104205698494741,10
1675,gpt_5_5_xhigh,76.57361975663788,1
1675,deepseek_v4_pro_max,62.0654854726958,2
1675,kimi_k3_max,62.05423523317042,3
1675,claude_opus_4_8_max,61.09117350768541,4
1675,glm_5_2_max,55.01522607366098,5
1675,gpt_5_6_sol_max,54.6894074136654,6
1675,deepseek_v4_flash_max,48.040330978867225,7
1675,gemini_3_1_pro_high,44.264276725910015,8
1675,qwen3_8_max,41.81546848409097,9
1675,claude_fable_5_max,38.8213545693745,10
1676,deepseek_v4_flash_max,74.68166851580084,1
1676,kimi_k3_max,71.95920873627617,2
1676,gemini_3_1_pro_high,62.01494737795147,3
1676,glm_5_2_max,60.80036899092978,4
1676,qwen3_8_max,56.66253953250161,5
1676,claude_fable_5_max,53.35372129427779,6
1676,deepseek_v4_pro_max,51.38924588697033,7
1676,gpt_5_6_sol_max,45.193478218757704,8
1676,claude_opus_4_8_max,38.51643129170251,9
1676,gpt_5_5_xhigh,36.99448935920439,10
1677,claude_opus_4_8_max,68.2175024126377,1
1677,glm_5_2_max,65.56693001198725,2
1677,kimi_k3_max,60.121836497576716,3
1677,gpt_5_6_sol_max,54.83826380754172,4
1677,deepseek_v4_pro_max,48.8463899655422,5
1677,gpt_5_5_xhigh,44.340528026139964,6
1677,claude_fable_5_max,44.04714867277196,7
1677,deepseek_v4_flash_max,36.471246515828895,8
1677,qwen3_8_max,33.519073763888656,9
1677,gemini_3_1_pro_high,24.3624212697489,10
1678,claude_fable_5_max,70.5154654632392,1
1678,claude_opus_4_8_max,65.98810575920334,2
1678,deepseek_v4_flash_max,62.81932125289356,3
1678,qwen3_8_max,49.78172492485945,4
1678,kimi_k3_max,39.27021696843357,5
1678,gpt_5_6_sol_max,38.361470218898226,6
1678,deepseek_v4_pro_max,32.452170799390316,7
1678,gemini_3_1_pro_high,31.6552547670994,8
1678,glm_5_2_max,30.881561760207838,9
1678,gpt_5_5_xhigh,30.390140758909858,10
1679,claude_fable_5_max,77.5135011325325,1
1679,qwen3_8_max,50.690655785279574,2
1679,deepseek_v4_pro_max,48.061906020226914,3
1679,gpt_5_6_sol_max,47.658216183154714,4
1679,kimi_k3_max,44.541744410409436,5
1679,deepseek_v4_flash_max,43.210779077579474,6
1679,gpt_5_5_xhigh,40.48293214712912,7
1679,glm_5_2_max,39.70582771307075,8
1679,claude_opus_4_8_max,36.135436761822476,9
1679,gemini_3_1_pro_high,29.57010480805019,10
1680,gemini_3_1_pro_high,80.34619129725861,1
1680,gpt_5_5_xhigh,64.60027138846291,2
1680,gpt_5_6_sol_max,64.59773955260212,3
1680,qwen3_8_max,61.954827492669054,4
1680,claude_opus_4_8_max,60.82756259621734,5
1680,claude_fable_5_max,54.62690418230269,6
1680,kimi_k3_max,53.90189180844324,7
1680,deepseek_v4_pro_max,44.742948422966194,8
1680,glm_5_2_max,43.188882475193225,9
1680,deepseek_v4_flash_max,28.536137161699017,10
1681,claude_fable_5_max,72.34701885374287,1
1681,glm_5_2_max,58.44633775048501,2
1681,deepseek_v4_pro_max,56.23207395543195,3
1681,gpt_5_5_xhigh,52.601295235619006,4
1681,claude_opus_4_8_max,50.38048533488764,5
1681,deepseek_v4_flash_max,47.98427796422963,6
1681,kimi_k3_max,40.75880721357362,7
1681,qwen3_8_max,39.84701511511363,8
1681,gpt_5_6_sol_max,37.790132301584244,9
1681,gemini_3_1_pro_high,19.401563772441403,10
1682,gpt_5_5_xhigh,70.59279018431663,1
1682,claude_fable_5_max,61.83836363703539,2
1682,claude_opus_4_8_max,56.407751102281054,3
1682,gpt_5_6_sol_max,51.31054167449827,4
1682,qwen3_8_max,50.61453835002044,5
1682,gemini_3_1_pro_high,48.039201331920225,6
1682,kimi_k3_max,40.97185636996454,7
1682,deepseek_v4_flash_max,37.44539084464404,8
1682,deepseek_v4_pro_max,34.60601778493401,9
1682,glm_5_2_max,21.103582545105414,10
1683,claude_fable_5_max,77.60037552482065,1
1683,gemini_3_1_pro_high,68.88326002183575,2
1683,gpt_5_5_xhigh,61.32188007486793,3
1683,claude_opus_4_8_max,48.230503505558225,4
1683,gpt_5_6_sol_max,47.490522697393104,5
1683,qwen3_8_max,42.681898881191216,6
1683,deepseek_v4_flash_max,42.51609593723361,7
1683,glm_5_2_max,41.676623219452786,8
1683,deepseek_v4_pro_max,33.101632203950516,9
1683,kimi_k3_max,31.52834679766891,10
1684,deepseek_v4_pro_max,82.39850469797622,1
1684,claude_fable_5_max,69.54026485882812,2
1684,qwen3_8_max,62.93541017034003,3
1684,gemini_3_1_pro_high,56.91416900384786,4
1684,gpt_5_6_sol_max,51.036789313542464,5
1684,gpt_5_5_xhigh,50.44213159615035,6
1684,kimi_k3_max,44.213179273711084,7
1684,claude_opus_4_8_max,42.852389175480724,8
1684,glm_5_2_max,33.767429099608776,9
1684,deepseek_v4_flash_max,28.991661227849477,10
1685,deepseek_v4_flash_max,79.1241598895034,1
1685,claude_fable_5_max,66.2083454323226,2
1685,qwen3_8_max,59.75974344568834,3
1685,deepseek_v4_pro_max,59.176261049410336,4
1685,claude_opus_4_8_max,58.17063780261773,5
1685,gpt_5_6_sol_max,56.4386900527907,6
1685,gpt_5_5_xhigh,53.66134891548183,7
1685,gemini_3_1_pro_high,36.722955516934675,8
1685,glm_5_2_max,36.04162730833614,9
1685,kimi_k3_max,17.040626500837256,10
1686,kimi_k3_max,74.36878678332222,1
1686,qwen3_8_max,68.59672560492724,2
1686,claude_fable_5_max,65.09581090596099,3
1686,gpt_5_6_sol_max,52.09485517538998,4
1686,claude_opus_4_8_max,52.013225678577136,5
1686,deepseek_v4_pro_max,48.62527469566547,6
1686,deepseek_v4_flash_max,43.52890384543457,7
1686,glm_5_2_max,39.467452727377534,8
1686,gpt_5_5_xhigh,35.94604497767819,9
1686,gemini_3_1_pro_high,35.51998344142039,10
1687,gpt_5_6_sol_max,71.76212781414819,1
1687,qwen3_8_max,66.46417497699045,2
1687,claude_opus_4_8_max,63.67762847270055,3
1687,kimi_k3_max,61.88347169970919,4
1687,gpt_5_5_xhigh,60.31350579680355,5
1687,gemini_3_1_pro_high,58.88225010097533,6
1687,deepseek_v4_pro_max,49.52501514306584,7
1687,deepseek_v4_flash_max,42.09542984931437,8
1687,claude_fable_5_max,34.33534907590579,9
1687,glm_5_2_max,17.924175985131917,10
1688,deepseek_v4_pro_max,76.5640973142757,1
1688,gpt_5_6_sol_max,60.60177251812209,2
1688,claude_fable_5_max,54.72057522403358,3
1688,claude_opus_4_8_max,54.19861168434922,4
1688,glm_5_2_max,49.52098957223167,5
1688,kimi_k3_max,49.02444573291517,6
1688,gpt_5_5_xhigh,46.11316522453476,7
1688,gemini_3_1_pro_high,45.28253883386289,8
1688,qwen3_8_max,37.64945801997689,9
1688,deepseek_v4_flash_max,26.90309016546403,10
1689,kimi_k3_max,66.37066719989971,1
1689,claude_fable_5_max,64.7705479957634,2
1689,deepseek_v4_pro_max,61.8384765215199,3
1689,qwen3_8_max,56.862811802171045,4
1689,claude_opus_4_8_max,51.259936985241744,5
1689,gemini_3_1_pro_high,45.51705805028551,6
1689,gpt_5_6_sol_max,44.13183805147475,7
1689,glm_5_2_max,38.35765946954336,8
1689,deepseek_v4_flash_max,35.861246505933195,9
1689,gpt_5_5_xhigh,30.155553088808325,10
1690,deepseek_v4_pro_max,81.42617948552257,1
1690,gemini_3_1_pro_high,56.782731402968416,2
1690,gpt_5_6_sol_max,53.85871398818229,3
1690,claude_fable_5_max,47.5847336966051,4
1690,qwen3_8_max,41.85504035856726,5
1690,claude_opus_4_8_max,41.74699971527429,6
1690,gpt_5_5_xhigh,36.297487754798865,7
1690,kimi_k3_max,30.861211243144425,8
1690,glm_5_2_max,30.532349897616776,9
1690,deepseek_v4_flash_max,26.048694035661548,10
1691,deepseek_v4_pro_max,85.18492469458036,1
1691,claude_fable_5_max,73.85648548181351,2
1691,gpt_5_5_xhigh,67.81698393102809,3
1691,glm_5_2_max,64.52078652415209,4
1691,kimi_k3_max,61.36607550413726,5
1691,claude_opus_4_8_max,53.54717194287928,6
1691,gpt_5_6_sol_max,53.03448503408884,7
1691,gemini_3_1_pro_high,51.55383646437687,8
1691,qwen3_8_max,43.93315595671601,9
1691,deepseek_v4_flash_max,22.059895521212965,10
1692,gpt_5_6_sol_max,74.80144242432293,1
1692,kimi_k3_max,57.3424958604541,2
1692,gpt_5_5_xhigh,49.271936394045575,3
1692,deepseek_v4_flash_max,45.77063785481322,4
1692,glm_5_2_max,43.6981669830755,5
1692,claude_opus_4_8_max,41.314662556207665,6
1692,gemini_3_1_pro_high,39.83338044231185,7
1692,qwen3_8_max,31.665886990767838,8
1692,deepseek_v4_pro_max,23.257611035657987,9
1692,claude_fable_5_max,21.409123618537897,10
1693,gemini_3_1_pro_high,71.41468964167764,1
1693,deepseek_v4_pro_max,70.27974579018075,2
1693,glm_5_2_max,68.06997089094352,3
1693,claude_opus_4_8_max,58.05460421350082,4
1693,kimi_k3_max,54.32634625848214,5
1693,claude_fable_5_max,52.32188340863232,6
1693,qwen3_8_max,46.28598014612544,7
1693,gpt_5_5_xhigh,42.605507335531726,8
1693,gpt_5_6_sol_max,35.98701464674003,9
1693,deepseek_v4_flash_max,32.687994931346964,10
1694,gpt_5_5_xhigh,75.38014788145784,1
1694,claude_opus_4_8_max,67.2646799644268,2
1694,gemini_3_1_pro_high,62.59938409403715,3
1694,kimi_k3_max,62.50710563008365,4
1694,qwen3_8_max,61.42958241679169,5
1694,claude_fable_5_max,59.318728123112834,6
1694,gpt_5_6_sol_max,53.62582405626449,7
1694,glm_5_2_max,43.421513284132836,8
1694,deepseek_v4_flash_max,38.515476376707895,9
1694,deepseek_v4_pro_max,20.676040340199815,10
1695,gemini_3_1_pro_high,84.81031688984665,1
1695,gpt_5_5_xhigh,62.9921864591786,2
1695,qwen3_8_max,57.96263965028707,3
1695,deepseek_v4_pro_max,55.506790718300266,4
1695,claude_opus_4_8_max,50.72487850742464,5
1695,kimi_k3_max,39.062666662244446,6
1695,gpt_5_6_sol_max,36.20204946225234,7
1695,claude_fable_5_max,31.75863958433229,8
1695,deepseek_v4_flash_max,29.936107409948523,9
1695,glm_5_2_max,17.671203678879685,10
1696,claude_fable_5_max,74.34798622437546,1
1696,gemini_3_1_pro_high,63.706161476228395,2
1696,gpt_5_6_sol_max,55.396579146739825,3
1696,glm_5_2_max,49.69878262251458,4
1696,kimi_k3_max,46.77808006532366,5
1696,claude_opus_4_8_max,45.05469043172697,6
1696,gpt_5_5_xhigh,44.48000997618305,7
1696,deepseek_v4_flash_max,40.3544372700852,8
1696,qwen3_8_max,28.654554075308535,9
1696,deepseek_v4_pro_max,14.615160164470565,10
1697,claude_fable_5_max,75.87008502804598,1
1697,qwen3_8_max,69.8278147467883,2
1697,gpt_5_5_xhigh,62.345108624653584,3
1697,claude_opus_4_8_max,60.98313166321689,4
1697,deepseek_v4_pro_max,57.71959364106077,5
1697,gpt_5_6_sol_max,40.53657965116238,6
1697,gemini_3_1_pro_high,35.03844521333013,7
1697,glm_5_2_max,31.02756042163834,8
1697,kimi_k3_max,14.755486108549697,9
1697,deepseek_v4_flash_max,11.883502575208189,10
1698,kimi_k3_max,83.09308113924766,1
1698,gemini_3_1_pro_high,72.50816844522889,2
1698,gpt_5_6_sol_max,65.97626985798506,3
1698,claude_fable_5_max,64.0810481555354,4
1698,claude_opus_4_8_max,57.923072731962336,5
1698,qwen3_8_max,55.69936978997356,6
1698,gpt_5_5_xhigh,44.210062912123945,7
1698,deepseek_v4_pro_max,40.481196684806655,8
1698,glm_5_2_max,39.7583890563463,9
1698,deepseek_v4_flash_max,17.953747020491775,10
1699,claude_fable_5_max,70.30613584453894,1
1699,kimi_k3_max,63.460343758322196,2
1699,gpt_5_5_xhigh,54.37726741876099,3
1699,gpt_5_6_sol_max,52.91293334817464,4
1699,gemini_3_1_pro_high,43.86487302450081,5
1699,deepseek_v4_flash_max,41.66876570687048,6
1699,claude_opus_4_8_max,40.013413724050324,7
1699,glm_5_2_max,29.597681867251882,8
1699,qwen3_8_max,25.70237941989876,9
1699,deepseek_v4_pro_max,11.482220798837943,10
1700,claude_fable_5_max,84.7135093908403,1
1700,deepseek_v4_pro_max,37.24645395176297,2
1700,deepseek_v4_flash_max,36.83109606997061,3
1700,kimi_k3_max,35.62819004761341,4
1700,gpt_5_6_sol_max,32.852807477566415,5
1700,claude_opus_4_8_max,29.84892355701927,6
1700,gpt_5_5_xhigh,28.582111524288024,7
1700,glm_5_2_max,27.92390275387514,8
1700,qwen3_8_max,26.40484899634784,9
1700,gemini_3_1_pro_high,20.914713776927037,10
1701,gpt_5_5_xhigh,72.1618518082516,1
1701,gpt_5_6_sol_max,68.45026600065415,2
1701,glm_5_2_max,63.102244757825886,3
1701,claude_opus_4_8_max,52.99636770401692,4
1701,qwen3_8_max,50.917777884769144,5
1701,deepseek_v4_flash_max,50.45764761507732,6
1701,deepseek_v4_pro_max,45.795891062096224,7
1701,claude_fable_5_max,44.70809014909061,8
1701,gemini_3_1_pro_high,40.27435327545875,9
1701,kimi_k3_max,36.39293467386417,10
1702,deepseek_v4_pro_max,75.93837337316594,1
1702,claude_fable_5_max,61.42247535574839,2
1702,claude_opus_4_8_max,56.194465234043754,3
1702,gpt_5_6_sol_max,47.746714269654156,4
1702,deepseek_v4_flash_max,41.03408778968452,5
1702,glm_5_2_max,38.72043870917766,6
1702,gpt_5_5_xhigh,37.39704084894359,7
1702,gemini_3_1_pro_high,32.21583683681817,8
1702,kimi_k3_max,28.84386337350081,9
1702,qwen3_8_max,19.54009482546875,10
1703,gemini_3_1_pro_high,70.14013410967848,1
1703,gpt_5_5_xhigh,66.06886159829138,2
1703,deepseek_v4_pro_max,61.74704434707485,3
1703,claude_fable_5_max,59.209654738812695,4
1703,claude_opus_4_8_max,59.20479801812629,5
1703,kimi_k3_max,57.7901283149162,6
1703,qwen3_8_max,54.219198730333495,7
1703,gpt_5_6_sol_max,40.027423018324775,8
1703,glm_5_2_max,38.15080648165359,9
1703,deepseek_v4_flash_max,29.270585445362173,10
1704,qwen3_8_max,67.63340974952956,1
1704,claude_fable_5_max,65.50814080067403,2
1704,gpt_5_5_xhigh,61.6706345165099,3
1704,deepseek_v4_pro_max,58.575544907272956,4
1704,kimi_k3_max,54.303443149984005,5
1704,glm_5_2_max,54.05508021248678,6
1704,gemini_3_1_pro_high,53.471958278401274,7
1704,claude_opus_4_8_max,46.975899150194536,8
1704,deepseek_v4_flash_max,37.93028808787459,9
1704,gpt_5_6_sol_max,27.970063924407654,10
1705,deepseek_v4_pro_max,92.05218617620312,1
1705,claude_opus_4_8_max,66.57262843710332,2
1705,gpt_5_5_xhigh,65.1429569219137,3
1705,qwen3_8_max,58.0259976797204,4
1705,claude_fable_5_max,56.05470705665863,5
1705,gpt_5_6_sol_max,55.7533087043914,6
1705,gemini_3_1_pro_high,50.60530633551171,7
1705,kimi_k3_max,50.53125924155703,8
1705,glm_5_2_max,36.483046775066136,9
1705,deepseek_v4_flash_max,19.254397000208566,10
1706,kimi_k3_max,69.15447099477659,1
1706,deepseek_v4_pro_max,63.991633596939295,2
1706,glm_5_2_max,60.79017898046147,3
1706,claude_fable_5_max,58.15809027012391,4
1706,gemini_3_1_pro_high,57.70435710289462,5
1706,gpt_5_5_xhigh,34.329269305302454,6
1706,gpt_5_6_sol_max,33.799972710699684,7
1706,claude_opus_4_8_max,31.533688293554263,8
1706,deepseek_v4_flash_max,31.276639174141014,9
1706,qwen3_8_max,22.861479094945174,10
1707,gpt_5_6_sol_max,75.10377158453483,1
1707,gemini_3_1_pro_high,69.38169164135634,2
1707,qwen3_8_max,58.719069911440926,3
1707,gpt_5_5_xhigh,55.16745748424844,4
1707,glm_5_2_max,54.840340149202675,5
1707,claude_fable_5_max,53.3959515844943,6
1707,claude_opus_4_8_max,47.2169742986693,7
1707,kimi_k3_max,42.14916687269245,8
1707,deepseek_v4_flash_max,37.623016949108404,9
1707,deepseek_v4_pro_max,24.210454101418897,10
1708,deepseek_v4_pro_max,73.99774763833159,1
1708,qwen3_8_max,70.20522373373657,2
1708,gpt_5_5_xhigh,70.14829504786128,3
1708,gpt_5_6_sol_max,66.19639765307733,4
1708,kimi_k3_max,56.28088709622139,5
1708,claude_opus_4_8_max,52.222081645885766,6
1708,deepseek_v4_flash_max,48.711216846911086,7
1708,glm_5_2_max,48.33676605182333,8
1708,claude_fable_5_max,46.50110212730429,9
1708,gemini_3_1_pro_high,44.62843212488757,10
1709,deepseek_v4_pro_max,70.02887850047364,1
1709,qwen3_8_max,68.1735531721769,2
1709,kimi_k3_max,67.27341528654118,3
1709,gemini_3_1_pro_high,62.48456191129452,4
1709,gpt_5_5_xhigh,59.73826252369001,5
1709,glm_5_2_max,43.13507796369388,6
1709,claude_fable_5_max,35.33724916104066,7
1709,claude_opus_4_8_max,33.44725806724668,8
1709,gpt_5_6_sol_max,30.487814774403184,9
1709,deepseek_v4_flash_max,17.505914633726878,10
1710,claude_fable_5_max,63.82616796076017,1
1710,gemini_3_1_pro_high,54.10685108145465,2
1710,deepseek_v4_flash_max,47.055169044872464,3
1710,claude_opus_4_8_max,45.068049345278816,4
1710,deepseek_v4_pro_max,38.27180529935528,5
1710,kimi_k3_max,33.365825619120564,6
1710,qwen3_8_max,25.812641183226347,7
1710,glm_5_2_max,23.479202651112477,8
1710,gpt_5_6_sol_max,22.105778292093937,9
1710,gpt_5_5_xhigh,21.148610119798498,10
1711,kimi_k3_max,70.30630658083454,1
1711,deepseek_v4_pro_max,57.96593806566913,2
1711,qwen3_8_max,54.33119631760292,3
1711,deepseek_v4_flash_max,51.46448710215048,4
1711,gpt_5_6_sol_max,50.64458958414631,5
1711,claude_opus_4_8_max,50.27379369694259,6
1711,gpt_5_5_xhigh,34.57363565230772,7
1711,glm_5_2_max,33.5275303425298,8
1711,gemini_3_1_pro_high,31.9264674526704,9
1711,claude_fable_5_max,16.038204020850994,10
1712,kimi_k3_max,70.2862862214479,1
1712,gemini_3_1_pro_high,65.73222490496704,2
1712,gpt_5_5_xhigh,65.39330609590913,3
1712,claude_opus_4_8_max,49.24947952969114,4
1712,deepseek_v4_flash_max,47.768157747723556,5
1712,gpt_5_6_sol_max,40.381883270761705,6
1712,deepseek_v4_pro_max,32.69090384521255,7
1712,glm_5_2_max,29.13771922687321,8
1712,qwen3_8_max,25.92820634987151,9
1712,claude_fable_5_max,19.411643984075432,10
1713,glm_5_2_max,83.36726709572565,1
1713,claude_opus_4_8_max,64.2609992589315,2
1713,gpt_5_6_sol_max,55.10598252723008,3
1713,kimi_k3_max,50.02509480705361,4
1713,gpt_5_5_xhigh,47.43107276308277,5
1713,claude_fable_5_max,46.50362908268161,6
1713,qwen3_8_max,45.846871536714794,7
1713,deepseek_v4_flash_max,45.15106844320713,8
1713,deepseek_v4_pro_max,40.427841668205446,9
1713,gemini_3_1_pro_high,21.903742962211055,10
1714,claude_fable_5_max,57.35316244403569,1
1714,claude_opus_4_8_max,56.84087890053049,2
1714,gemini_3_1_pro_high,50.647999078303805,3
1714,kimi_k3_max,41.464462700703564,4
1714,qwen3_8_max,41.105263342001514,5
1714,gpt_5_6_sol_max,38.826410411795806,6
1714,gpt_5_5_xhigh,37.5767835129669,7
1714,deepseek_v4_flash_max,35.080624180450116,8
1714,glm_5_2_max,29.579999981696048,9
1714,deepseek_v4_pro_max,27.045972627298642,10
1715,deepseek_v4_pro_max,91.86519349486397,1
1715,gpt_5_5_xhigh,66.77383230699908,2
1715,qwen3_8_max,62.94318665111926,3
1715,claude_fable_5_max,59.34574408234666,4
1715,claude_opus_4_8_max,53.5852425347958,5
1715,gpt_5_6_sol_max,49.63117474130078,6
1715,gemini_3_1_pro_high,46.062617594866495,7
1715,kimi_k3_max,28.902466191300185,8
1715,glm_5_2_max,28.653086006341443,9
1715,deepseek_v4_flash_max,11.4800044448367,10
1716,deepseek_v4_pro_max,87.94581640755602,1
1716,gpt_5_6_sol_max,67.16948244035736,2
1716,qwen3_8_max,52.18834142836053,3
1716,gemini_3_1_pro_high,51.56224811443875,4
1716,claude_opus_4_8_max,46.800012336589134,5
1716,claude_fable_5_max,38.23651703908125,6
1716,deepseek_v4_flash_max,34.0013031858725,7
1716,gpt_5_5_xhigh,33.549593410865995,8
1716,glm_5_2_max,24.346061273613067,9
1716,kimi_k3_max,22.83254021872486,10
1717,gpt_5_6_sol_max,77.20881357201534,1
1717,deepseek_v4_flash_max,70.4636852724061,2
1717,gemini_3_1_pro_high,49.38596392168108,3
1717,qwen3_8_max,48.681031937927635,4
1717,kimi_k3_max,47.47288809464626,5
1717,claude_opus_4_8_max,46.1284073272448,6
1717,gpt_5_5_xhigh,41.41565221941803,7
1717,deepseek_v4_pro_max,38.62753015711043,8
1717,claude_fable_5_max,31.27391251326015,9
1717,glm_5_2_max,21.82511511830492,10
1718,claude_fable_5_max,83.21537977385312,1
1718,deepseek_v4_pro_max,79.85450705586061,2
1718,claude_opus_4_8_max,61.48535479410737,3
1718,deepseek_v4_flash_max,45.634275198356505,4
1718,gemini_3_1_pro_high,43.771561311238514,5
1718,qwen3_8_max,42.52816883307029,6
1718,kimi_k3_max,42.13087401314458,7
1718,glm_5_2_max,37.42403625173479,8
1718,gpt_5_6_sol_max,34.74951198701247,9
1718,gpt_5_5_xhigh,31.968458149997,10
1719,claude_fable_5_max,65.46151110227736,1
1719,gemini_3_1_pro_high,60.74007924124602,2
1719,deepseek_v4_flash_max,52.05897686829054,3
1719,gpt_5_5_xhigh,48.50088360895627,4
1719,qwen3_8_max,47.65797094373003,5
1719,deepseek_v4_pro_max,41.08253664617256,6
1719,kimi_k3_max,40.648469498471464,7
1719,gpt_5_6_sol_max,39.45549107858032,8
1719,glm_5_2_max,15.633938578894508,9
1719,claude_opus_4_8_max,11.140599472711566,10
1720,qwen3_8_max,73.22536302494234,1
1720,deepseek_v4_flash_max,65.21755663881889,2
1720,gpt_5_6_sol_max,52.702488195370435,3
1720,deepseek_v4_pro_max,46.04459169232821,4
1720,claude_fable_5_max,40.92954673914326,5
1720,claude_opus_4_8_max,33.931655132121584,6
1720,kimi_k3_max,31.962671128203336,7
1720,gpt_5_5_xhigh,31.490371615292688,8
1720,gemini_3_1_pro_high,24.583875133792347,9
1720,glm_5_2_max,21.22703832971368,10
1721,claude_fable_5_max,79.11251014657763,1
1721,deepseek_v4_pro_max,68.90061645084074,2
1721,deepseek_v4_flash_max,56.02565502844706,3
1721,gpt_5_5_xhigh,44.70281095532678,4
1721,kimi_k3_max,44.2435331079135,5
1721,qwen3_8_max,33.43520968946969,6
1721,claude_opus_4_8_max,30.097204725295626,7
1721,gemini_3_1_pro_high,27.98282604166296,8
1721,glm_5_2_max,17.430805561611884,9
1721,gpt_5_6_sol_max,16.26092425412479,10
1722,gemini_3_1_pro_high,80.65857647133254,1
1722,claude_opus_4_8_max,69.05677208192418,2
1722,gpt_5_6_sol_max,68.63778636192288,3
1722,gpt_5_5_xhigh,67.84325261073963,4
1722,qwen3_8_max,62.194700353090255,5
1722,kimi_k3_max,60.892658790542555,6
1722,claude_fable_5_max,58.20262847578422,7
1722,glm_5_2_max,49.02747024791522,8
1722,deepseek_v4_flash_max,45.75932303121132,9
1722,deepseek_v4_pro_max,44.641217770416226,10
1723,glm_5_2_max,69.55073571297228,1
1723,gemini_3_1_pro_high,64.69883559295846,2
1723,deepseek_v4_flash_max,64.07020790860935,3
1723,gpt_5_6_sol_max,52.75159437678018,4
1723,deepseek_v4_pro_max,51.48428852309208,5
1723,claude_opus_4_8_max,45.43152623380961,6
1723,kimi_k3_max,41.21560345895787,7
1723,claude_fable_5_max,36.023213020987654,8
1723,qwen3_8_max,29.01267301211886,9
1723,gpt_5_5_xhigh,28.041858618835747,10
1724,gemini_3_1_pro_high,77.41267778562762,1
1724,claude_fable_5_max,63.93118470636517,2
1724,gpt_5_6_sol_max,59.72237603510254,3
1724,gpt_5_5_xhigh,52.84133268712718,4
1724,kimi_k3_max,47.95777478777591,5
1724,glm_5_2_max,47.55158375723257,6
1724,claude_opus_4_8_max,44.40433990278752,7
1724,deepseek_v4_flash_max,40.84240784706552,8
1724,deepseek_v4_pro_max,33.963171602495905,9
1724,qwen3_8_max,20.072320420178688,10
1725,claude_fable_5_max,66.01923234661787,1
1725,gemini_3_1_pro_high,63.06470606275204,2
1725,gpt_5_5_xhigh,57.765034706312136,3
1725,claude_opus_4_8_max,50.185879991866585,4
1725,kimi_k3_max,47.443147333204315,5
1725,qwen3_8_max,45.41804418126054,6
1725,gpt_5_6_sol_max,39.17843701490389,7
1725,deepseek_v4_pro_max,36.302761502467135,8
1725,deepseek_v4_flash_max,34.922307595289894,9
1725,glm_5_2_max,26.917475694350273,10
1726,claude_fable_5_max,78.18291914080838,1
1726,qwen3_8_max,73.99103036737301,2
1726,deepseek_v4_pro_max,68.8682783527367,3
1726,claude_opus_4_8_max,66.52872870327278,4
1726,deepseek_v4_flash_max,54.32281338583853,5
1726,gpt_5_5_xhigh,50.93351014204778,6
1726,kimi_k3_max,43.298940991609456,7
1726,gpt_5_6_sol_max,37.925321761766966,8
1726,glm_5_2_max,31.990524543198852,9
1726,gemini_3_1_pro_high,31.776909659670117,10
1727,kimi_k3_max,64.41963858778232,1
1727,glm_5_2_max,55.096105004522684,2
1727,deepseek_v4_pro_max,52.58042828251271,3
1727,claude_opus_4_8_max,51.13936757019008,4
1727,gpt_5_5_xhigh,47.017008802117715,5
1727,gemini_3_1_pro_high,46.02656474369995,6
1727,gpt_5_6_sol_max,44.769959584346495,7
1727,claude_fable_5_max,33.555429389645724,8
1727,qwen3_8_max,28.834236003904053,9
1727,deepseek_v4_flash_max,20.736168329982267,10
1728,claude_fable_5_max,75.80835405713846,1
1728,gpt_5_6_sol_max,69.26585815108228,2
1728,qwen3_8_max,57.94366084872591,3
1728,deepseek_v4_pro_max,56.146017365500384,4
1728,claude_opus_4_8_max,53.346531178213716,5
1728,gpt_5_5_xhigh,38.415978269556405,6
1728,glm_5_2_max,37.952693279605285,7
1728,deepseek_v4_flash_max,35.976351398612486,8
1728,kimi_k3_max,33.39690250594981,9
1728,gemini_3_1_pro_high,33.390278455376766,10
1729,gpt_5_5_xhigh,67.5742027854939,1
1729,claude_fable_5_max,66.20350558659226,2
1729,gpt_5_6_sol_max,58.5713686209299,3
1729,claude_opus_4_8_max,58.38267383129107,4
1729,kimi_k3_max,53.6500008152732,5
1729,glm_5_2_max,51.743511503918285,6
1729,gemini_3_1_pro_high,44.827616761568976,7
1729,deepseek_v4_flash_max,44.36624506008704,8
1729,qwen3_8_max,43.115194909102684,9
1729,deepseek_v4_pro_max,31.746397376612855,10
1730,claude_fable_5_max,72.42929360698238,1
1730,glm_5_2_max,63.867819528207036,2
1730,gemini_3_1_pro_high,43.23185698255719,3
1730,qwen3_8_max,34.72258689978427,4
1730,deepseek_v4_flash_max,30.710132029040675,5
1730,deepseek_v4_pro_max,28.803915578894802,6
1730,kimi_k3_max,28.210754195036692,7
1730,gpt_5_6_sol_max,25.132926951870484,8
1730,gpt_5_5_xhigh,24.076647214792317,9
1730,claude_opus_4_8_max,22.836706222126956,10
1731,claude_fable_5_max,66.17930582584967,1
1731,qwen3_8_max,63.09191133420707,2
1731,deepseek_v4_flash_max,51.080040650521205,3
1731,claude_opus_4_8_max,48.187667854009696,4
1731,kimi_k3_max,39.35323199400999,5
1731,gemini_3_1_pro_high,36.5430142985716,6
1731,gpt_5_5_xhigh,35.25347324404713,7
1731,gpt_5_6_sol_max,28.771048158901525,8
1731,deepseek_v4_pro_max,20.946328893985026,9
1731,glm_5_2_max,8.99450191187106,10
1732,gpt_5_6_sol_max,72.30074339297012,1
1732,claude_fable_5_max,69.29533304004444,2
1732,glm_5_2_max,66.18174849506326,3
1732,claude_opus_4_8_max,65.65929533021206,4
1732,deepseek_v4_pro_max,64.84382193226303,5
1732,gpt_5_5_xhigh,57.76020295870584,6
1732,deepseek_v4_flash_max,57.20366754294143,7
1732,qwen3_8_max,53.301045692354464,8
1732,kimi_k3_max,53.028812603621816,9
1732,gemini_3_1_pro_high,47.688948874017754,10
1733,gpt_5_6_sol_max,76.55217148343591,1
1733,deepseek_v4_pro_max,69.10860589201901,2
1733,gemini_3_1_pro_high,63.70006606146018,3
1733,kimi_k3_max,51.637597162011204,4
1733,deepseek_v4_flash_max,43.75348618523773,5
1733,qwen3_8_max,42.1800440505877,6
1733,glm_5_2_max,41.992443826465085,7
1733,claude_opus_4_8_max,33.23951800332852,8
1733,gpt_5_5_xhigh,26.735878962999898,9
1733,claude_fable_5_max,25.819852171006158,10
1734,claude_opus_4_8_max,69.71090886873941,1
1734,gpt_5_5_xhigh,65.06495975058641,2
1734,gemini_3_1_pro_high,61.161156598849196,3
1734,gpt_5_6_sol_max,54.53510601178319,4
1734,kimi_k3_max,46.29780082872171,5
1734,deepseek_v4_pro_max,45.442368925145495,6
1734,qwen3_8_max,40.65692802016139,7
1734,deepseek_v4_flash_max,40.5879663374445,8
1734,glm_5_2_max,34.62237220949271,9
1734,claude_fable_5_max,30.13571507737835,10
1735,claude_fable_5_max,72.8630014091023,1
1735,deepseek_v4_flash_max,70.30673416223885,2
1735,gpt_5_6_sol_max,57.84809120532483,3
1735,glm_5_2_max,54.504835737698826,4
1735,gpt_5_5_xhigh,54.421882007973565,5
1735,deepseek_v4_pro_max,53.66049736483842,6
1735,claude_opus_4_8_max,53.49250675762964,7
1735,kimi_k3_max,40.2576973140884,8
1735,gemini_3_1_pro_high,36.38025171586282,9
1735,qwen3_8_max,34.790955167178325,10
1736,gpt_5_6_sol_max,73.33030302553324,1
1736,gemini_3_1_pro_high,72.02637743274559,2
1736,gpt_5_5_xhigh,70.82768623764828,3
1736,qwen3_8_max,66.5678291335599,4
1736,deepseek_v4_flash_max,58.853679700422994,5
1736,kimi_k3_max,56.893625221168925,6
1736,claude_opus_4_8_max,50.032550680572015,7
1736,deepseek_v4_pro_max,47.18451632874069,8
1736,claude_fable_5_max,44.82376252320125,9
1736,glm_5_2_max,30.637546411812064,10
1737,gemini_3_1_pro_high,73.70036758451934,1
1737,qwen3_8_max,65.7094852109268,2
1737,gpt_5_6_sol_max,54.07025179831572,3
1737,claude_opus_4_8_max,50.615533667505495,4
1737,gpt_5_5_xhigh,49.62456876084903,5
1737,glm_5_2_max,44.988679389712516,6
1737,deepseek_v4_pro_max,43.05311159822317,7
1737,deepseek_v4_flash_max,36.610227429964844,8
1737,kimi_k3_max,35.993854719699456,9
1737,claude_fable_5_max,30.845962846334295,10
1738,gemini_3_1_pro_high,57.857566112122136,1
1738,deepseek_v4_flash_max,51.15525071097582,2
1738,claude_fable_5_max,45.20289996663318,3
1738,kimi_k3_max,44.57957082418983,4
1738,gpt_5_5_xhigh,39.852819928733226,5
1738,gpt_5_6_sol_max,31.452384213418803,6
1738,qwen3_8_max,29.872586566370707,7
1738,glm_5_2_max,24.637176632394187,8
1738,claude_opus_4_8_max,21.268577940369433,9
1738,deepseek_v4_pro_max,14.039518599632801,10
1739,gpt_5_5_xhigh,75.86561817384371,1
1739,claude_fable_5_max,62.75851864648316,2
1739,qwen3_8_max,62.509056653575385,3
1739,claude_opus_4_8_max,59.22883017559691,4
1739,deepseek_v4_pro_max,58.48363119034454,5
1739,gpt_5_6_sol_max,54.75703833958289,6
1739,deepseek_v4_flash_max,53.69855066505051,7
1739,gemini_3_1_pro_high,50.851297864994834,8
1739,glm_5_2_max,49.61823923530814,9
1739,kimi_k3_max,34.55462293788767,10
1740,kimi_k3_max,64.79919602507874,1
1740,claude_opus_4_8_max,64.73601080470665,2
1740,deepseek_v4_flash_max,62.45759492548907,3
1740,gpt_5_6_sol_max,61.574267685130835,4
1740,glm_5_2_max,55.2180215890475,5
1740,gpt_5_5_xhigh,48.860897538915026,6
1740,claude_fable_5_max,47.729176822098665,7
1740,deepseek_v4_pro_max,45.124504867634634,8
1740,qwen3_8_max,35.266603540873675,9
1740,gemini_3_1_pro_high,33.4033465266957,10
1741,deepseek_v4_pro_max,97.43375479873741,1
1741,qwen3_8_max,59.452149232238,2
1741,gemini_3_1_pro_high,56.386842897048766,3
1741,deepseek_v4_flash_max,53.484828342912635,4
1741,kimi_k3_max,48.982667326198566,5
1741,claude_opus_4_8_max,46.73592199231977,6
1741,glm_5_2_max,40.67733283154208,7
1741,claude_fable_5_max,35.454484675910706,8
1741,gpt_5_6_sol_max,35.1307930381286,9
1741,gpt_5_5_xhigh,29.70223708611617,10
1742,deepseek_v4_flash_max,72.09386179586372,1
1742,kimi_k3_max,64.05272859188578,2
1742,claude_opus_4_8_max,58.601890805710326,3
1742,glm_5_2_max,57.75096949258423,4
1742,claude_fable_5_max,53.447753199330535,5
1742,deepseek_v4_pro_max,48.530837458992494,6
1742,gpt_5_5_xhigh,48.447139706887526,7
1742,qwen3_8_max,48.223175636616354,8
1742,gemini_3_1_pro_high,44.358473195507635,9
1742,gpt_5_6_sol_max,36.456418619979466,10
1743,deepseek_v4_pro_max,73.94523075990352,1
1743,qwen3_8_max,73.26195510406004,2
1743,claude_fable_5_max,63.41896108547879,3
1743,gemini_3_1_pro_high,60.06505817906974,4
1743,gpt_5_5_xhigh,58.029270748920254,5
1743,claude_opus_4_8_max,51.67766568624429,6
1743,deepseek_v4_flash_max,50.34953016804844,7
1743,gpt_5_6_sol_max,39.7784108383946,8
1743,kimi_k3_max,23.57338625352118,9
1743,glm_5_2_max,19.172985062320755,10
1744,gpt_5_6_sol_max,77.32544809940036,1
1744,deepseek_v4_flash_max,65.50946894139369,2
1744,claude_opus_4_8_max,56.395537746313494,3
1744,claude_fable_5_max,56.110861362221,4
1744,deepseek_v4_pro_max,54.31955812865775,5
1744,kimi_k3_max,50.07501255239298,6
1744,gemini_3_1_pro_high,48.420891071152155,7
1744,gpt_5_5_xhigh,45.785587896311995,8
1744,glm_5_2_max,39.097251057723504,9
1744,qwen3_8_max,38.390312576278596,10
1745,claude_fable_5_max,74.26674257597539,1
1745,deepseek_v4_pro_max,64.8417243254238,2
1745,glm_5_2_max,59.27154019658319,3
1745,gpt_5_6_sol_max,54.428520027330705,4
1745,claude_opus_4_8_max,51.25379882279093,5
1745,gemini_3_1_pro_high,45.19445612689362,6
1745,kimi_k3_max,40.84467076254638,7
1745,qwen3_8_max,36.36112865976388,8
1745,gpt_5_5_xhigh,35.63935206447336,9
1745,deepseek_v4_flash_max,17.198940910412297,10
1746,kimi_k3_max,76.36288429121446,1
1746,gpt_5_6_sol_max,74.5913965811945,2
1746,claude_fable_5_max,74.0077870060294,3
1746,claude_opus_4_8_max,69.88077619596632,4
1746,gemini_3_1_pro_high,69.69151706313909,5
1746,glm_5_2_max,68.24221955988364,6
1746,gpt_5_5_xhigh,51.38581282933923,7
1746,qwen3_8_max,42.014072007328465,8
1746,deepseek_v4_pro_max,35.53555346478709,9
1746,deepseek_v4_flash_max,31.99684477742494,10
1747,claude_fable_5_max,88.64849020536221,1
1747,glm_5_2_max,35.09881870336384,2
1747,gpt_5_6_sol_max,31.7364666039812,3
1747,deepseek_v4_pro_max,31.632882247515454,4
1747,claude_opus_4_8_max,27.872796056587816,5
1747,gemini_3_1_pro_high,26.525519634564912,6
1747,qwen3_8_max,25.908013784484744,7
1747,kimi_k3_max,24.785452473891688,8
1747,gpt_5_5_xhigh,22.33056883967808,9
1747,deepseek_v4_flash_max,21.743548879167324,10
1748,deepseek_v4_flash_max,72.39866425886717,1
1748,claude_fable_5_max,59.0564566050602,2
1748,kimi_k3_max,56.38596752210128,3
1748,gpt_5_6_sol_max,55.50228552222367,4
1748,gpt_5_5_xhigh,47.34046293526578,5
1748,qwen3_8_max,44.35782977662271,6
1748,claude_opus_4_8_max,40.241923308185065,7
1748,glm_5_2_max,38.87769492160363,8
1748,gemini_3_1_pro_high,33.76797054903895,9
1748,deepseek_v4_pro_max,33.6492125503594,10
1749,claude_fable_5_max,71.62037847855612,1
1749,deepseek_v4_flash_max,65.75377125105777,2
1749,gpt_5_5_xhigh,57.88094586358456,3
1749,glm_5_2_max,51.432853091615684,4
1749,qwen3_8_max,50.16314338230599,5
1749,kimi_k3_max,46.73499848144319,6
1749,deepseek_v4_pro_max,46.497020098069406,7
1749,gpt_5_6_sol_max,44.57429338707867,8
1749,claude_opus_4_8_max,43.32958311056724,9
1749,gemini_3_1_pro_high,23.196558372289587,10
1750,deepseek_v4_flash_max,72.63263270500262,1
1750,qwen3_8_max,68.81152105739473,2
1750,claude_fable_5_max,66.26453238533334,3
1750,kimi_k3_max,59.40263741198349,4
1750,gpt_5_6_sol_max,57.383091248317776,5
1750,glm_5_2_max,54.01843298701528,6
1750,gemini_3_1_pro_high,53.00182867210117,7
1750,gpt_5_5_xhigh,47.5257704830152,8
1750,claude_opus_4_8_max,40.88714101410433,9
1750,deepseek_v4_pro_max,3.8405227478605486,10
1751,kimi_k3_max,87.3809914673485,1
1751,glm_5_2_max,80.58295934078116,2
1751,deepseek_v4_pro_max,79.38564151992908,3
1751,qwen3_8_max,62.6436474306233,4
1751,claude_fable_5_max,48.842514128998545,5
1751,claude_opus_4_8_max,48.011375871813975,6
1751,gpt_5_5_xhigh,46.64338337456257,7
1751,deepseek_v4_flash_max,44.209181794775176,8
1751,gpt_5_6_sol_max,41.48115278366578,9
1751,gemini_3_1_pro_high,38.99863429812043,10
1752,deepseek_v4_flash_max,79.45402896618113,1
1752,kimi_k3_max,69.17179721108315,2
1752,gpt_5_5_xhigh,69.13616448313488,3
1752,claude_opus_4_8_max,63.783586989350965,4
1752,gpt_5_6_sol_max,47.22217314039443,5
1752,claude_fable_5_max,44.56375954078109,6
1752,qwen3_8_max,41.53045341305404,7
1752,deepseek_v4_pro_max,35.53647960020854,8
1752,gemini_3_1_pro_high,35.46134726849439,9
1752,glm_5_2_max,27.437386156475412,10
1753,gpt_5_5_xhigh,68.97490919337073,1
1753,glm_5_2_max,63.585177068664336,2
1753,claude_fable_5_max,62.21251950128658,3
1753,gpt_5_6_sol_max,61.47831753560003,4
1753,claude_opus_4_8_max,58.75804210239006,5
1753,deepseek_v4_pro_max,57.83345251688215,6
1753,qwen3_8_max,46.275126960516054,7
1753,gemini_3_1_pro_high,41.46970596053879,8
1753,kimi_k3_max,40.33017238178095,9
1753,deepseek_v4_flash_max,16.47070656158219,10
1754,kimi_k3_max,80.52149489457216,1
1754,gemini_3_1_pro_high,78.29898806984599,2
1754,gpt_5_5_xhigh,60.36667877186336,3
1754,claude_opus_4_8_max,58.53739383977345,4
1754,gpt_5_6_sol_max,53.245544990940466,5
1754,claude_fable_5_max,50.955088526410506,6
1754,deepseek_v4_flash_max,42.81975299690666,7
1754,glm_5_2_max,35.850480360168866,8
1754,qwen3_8_max,33.8248212144325,9
1754,deepseek_v4_pro_max,17.55542419103798,10
1755,claude_fable_5_max,69.80939572889321,1
1755,glm_5_2_max,49.533933267887065,2
1755,gemini_3_1_pro_high,45.037480738410025,3
1755,deepseek_v4_pro_max,40.52012266334837,4
1755,gpt_5_6_sol_max,40.18934098226001,5
1755,claude_opus_4_8_max,39.44501643675132,6
1755,kimi_k3_max,36.26443619712568,7
1755,qwen3_8_max,34.43307376063899,8
1755,deepseek_v4_flash_max,33.383486932633446,9
1755,gpt_5_5_xhigh,30.36751628949265,10
1756,deepseek_v4_pro_max,82.24214317630236,1
1756,gpt_5_6_sol_max,69.71816169224391,2
1756,claude_fable_5_max,61.49638479189068,3
1756,glm_5_2_max,59.03770410655744,4
1756,qwen3_8_max,57.23912859167371,5
1756,gemini_3_1_pro_high,55.01853489760618,6
1756,gpt_5_5_xhigh,51.94256861167417,7
1756,kimi_k3_max,51.249716413796726,8
1756,claude_opus_4_8_max,44.73730500173551,9
1756,deepseek_v4_flash_max,36.67597293648912,10
1757,deepseek_v4_pro_max,82.05028034520606,1
1757,gpt_5_5_xhigh,56.00430946271608,2
1757,gemini_3_1_pro_high,54.68649876279501,3
1757,kimi_k3_max,52.20359008488157,4
1757,claude_opus_4_8_max,47.10606150762932,5
1757,qwen3_8_max,47.077583879797565,6
1757,gpt_5_6_sol_max,45.201741586784294,7
1757,deepseek_v4_flash_max,40.84528755961808,8
1757,glm_5_2_max,39.935065455399176,9
1757,claude_fable_5_max,30.421805915949157,10
1758,kimi_k3_max,72.55459961398483,1
1758,claude_fable_5_max,64.20710015065501,2
1758,gpt_5_5_xhigh,52.64611022126721,3
1758,deepseek_v4_flash_max,51.789827471480194,4
1758,claude_opus_4_8_max,48.078361803136524,5
1758,gemini_3_1_pro_high,40.92396137770932,6
1758,gpt_5_6_sol_max,38.57464893262494,7
1758,deepseek_v4_pro_max,34.261779681522114,8
1758,qwen3_8_max,32.45979748534968,9
1758,glm_5_2_max,22.300583400913837,10
1759,kimi_k3_max,66.03679886474355,1
1759,gemini_3_1_pro_high,63.23306172449284,2
1759,gpt_5_5_xhigh,57.87697840806968,3
1759,gpt_5_6_sol_max,56.19038511580018,4
1759,claude_fable_5_max,52.00214215623036,5
1759,deepseek_v4_flash_max,49.46408672669135,6
1759,glm_5_2_max,48.301707754060004,7
1759,claude_opus_4_8_max,46.4746352623721,8
1759,deepseek_v4_pro_max,40.880105556898904,9
1759,qwen3_8_max,39.30506824849244,10
1760,qwen3_8_max,63.32944266399668,1
1760,kimi_k3_max,62.714321585326275,2
1760,gemini_3_1_pro_high,60.13506806431932,3
1760,claude_fable_5_max,58.83568446213861,4
1760,claude_opus_4_8_max,50.236291296001205,5
1760,gpt_5_6_sol_max,49.75179399197119,6
1760,glm_5_2_max,46.42286226012688,7
1760,gpt_5_5_xhigh,45.69285513980423,8
1760,deepseek_v4_pro_max,44.95983842292177,9
1760,deepseek_v4_flash_max,25.845875762560166,10
1761,claude_fable_5_max,80.55934688470033,1
1761,claude_opus_4_8_max,70.48510444276457,2
1761,deepseek_v4_pro_max,68.13065228320721,3
1761,gpt_5_5_xhigh,67.59536792460547,4
1761,gpt_5_6_sol_max,60.07948544609536,5
1761,kimi_k3_max,52.97640040063663,6
1761,qwen3_8_max,52.774857067310386,7
1761,gemini_3_1_pro_high,49.98874021213731,8
1761,deepseek_v4_flash_max,37.90394108880035,9
1761,glm_5_2_max,35.722686217233154,10
1762,deepseek_v4_pro_max,69.99168060441374,1
1762,gpt_5_5_xhigh,63.420366891391716,2
1762,kimi_k3_max,48.65396783290319,3
1762,glm_5_2_max,44.15048659419886,4
1762,qwen3_8_max,41.987907914343026,5
1762,gpt_5_6_sol_max,40.55350884428326,6
1762,claude_fable_5_max,32.290814364810146,7
1762,deepseek_v4_flash_max,29.511824743873134,8
1762,claude_opus_4_8_max,26.604860052160245,9
1762,gemini_3_1_pro_high,13.94335175508105,10
1763,claude_fable_5_max,70.56859224015356,1
1763,gemini_3_1_pro_high,62.61655261747833,2
1763,gpt_5_6_sol_max,59.839067083912326,3
1763,gpt_5_5_xhigh,55.22608455624342,4
1763,claude_opus_4_8_max,52.80013879685172,5
1763,deepseek_v4_flash_max,34.07183022328334,6
1763,qwen3_8_max,33.93413520694609,7
1763,glm_5_2_max,26.74538172212911,8
1763,kimi_k3_max,24.57518397132481,9
1763,deepseek_v4_pro_max,19.011916492537473,10
1764,claude_fable_5_max,73.28642807811305,1
1764,deepseek_v4_pro_max,63.94739701822627,2
1764,gpt_5_6_sol_max,57.207822692754526,3
1764,claude_opus_4_8_max,51.13967776707773,4
1764,kimi_k3_max,48.29632400747843,5
1764,qwen3_8_max,48.283829574142445,6
1764,gemini_3_1_pro_high,45.89347856591098,7
1764,glm_5_2_max,45.78893580498696,8
1764,deepseek_v4_flash_max,28.927231824893944,9
1764,gpt_5_5_xhigh,26.797528910165507,10
1765,claude_fable_5_max,68.11311771727668,1
1765,deepseek_v4_pro_max,59.144130593745075,2
1765,qwen3_8_max,52.74149159619941,3
1765,gemini_3_1_pro_high,52.00216390315577,4
1765,claude_opus_4_8_max,47.327149076528784,5
1765,glm_5_2_max,42.28459098132236,6
1765,kimi_k3_max,40.20881368359334,7
1765,gpt_5_5_xhigh,36.234967854637404,8
1765,gpt_5_6_sol_max,28.780452463768704,9
1765,deepseek_v4_flash_max,20.699464750310476,10
1766,deepseek_v4_pro_max,86.96235541637931,1
1766,kimi_k3_max,69.68668757468895,2
1766,gpt_5_6_sol_max,62.987545666412444,3
1766,claude_fable_5_max,60.60877357017581,4
1766,deepseek_v4_flash_max,50.190414051779065,5
1766,gpt_5_5_xhigh,44.844116843525995,6
1766,qwen3_8_max,43.03777004277459,7
1766,glm_5_2_max,42.608677081422314,8
1766,claude_opus_4_8_max,40.17688815495521,9
1766,gemini_3_1_pro_high,35.04196704333742,10
1767,gemini_3_1_pro_high,71.64476796361086,1
1767,gpt_5_6_sol_max,54.696646558729604,2
1767,glm_5_2_max,53.62802874284353,3
1767,deepseek_v4_flash_max,48.80324156612127,4
1767,deepseek_v4_pro_max,48.04752198050727,5
1767,kimi_k3_max,45.12617964206095,6
1767,claude_opus_4_8_max,41.171289499441826,7
1767,gpt_5_5_xhigh,40.79990343511511,8
1767,qwen3_8_max,37.16062627897573,9
1767,claude_fable_5_max,29.770398672931645,10
1768,gpt_5_6_sol_max,77.51332975577778,1
1768,deepseek_v4_pro_max,56.82360323966135,2
1768,claude_opus_4_8_max,56.06638605231767,3
1768,kimi_k3_max,52.70640615068057,4
1768,gemini_3_1_pro_high,51.85684898719723,5
1768,claude_fable_5_max,38.936440398946765,6
1768,gpt_5_5_xhigh,37.32578712138222,7
1768,glm_5_2_max,36.383339302876074,8
1768,qwen3_8_max,32.18082334307519,9
1768,deepseek_v4_flash_max,22.43000870319243,10
1769,gemini_3_1_pro_high,64.66623143724208,1
1769,gpt_5_6_sol_max,62.81953106775248,2
1769,deepseek_v4_pro_max,57.1484218257599,3
1769,kimi_k3_max,56.523589892663885,4
1769,claude_opus_4_8_max,56.19704054924816,5
1769,glm_5_2_max,50.36916101817923,6
1769,deepseek_v4_flash_max,37.7845768450928,7
1769,qwen3_8_max,33.40923530434475,8
1769,gpt_5_5_xhigh,28.510834922151712,9
1769,claude_fable_5_max,16.540069434800415,10
1770,deepseek_v4_pro_max,74.4404342815574,1
1770,qwen3_8_max,73.72257439198738,2
1770,gemini_3_1_pro_high,67.23712824851405,3
1770,kimi_k3_max,67.01755570940159,4
1770,gpt_5_5_xhigh,63.470944312233826,5
1770,gpt_5_6_sol_max,52.11029803648759,6
1770,glm_5_2_max,50.58271313804359,7
1770,claude_fable_5_max,45.144228410467804,8
1770,claude_opus_4_8_max,27.59137317685755,9
1770,deepseek_v4_flash_max,19.617830351553618,10
1771,deepseek_v4_pro_max,81.50792853860378,1
1771,claude_fable_5_max,73.29392596466514,2
1771,glm_5_2_max,64.99063036483828,3
1771,gpt_5_5_xhigh,52.21044553651715,4
1771,kimi_k3_max,51.444927840265784,5
1771,claude_opus_4_8_max,50.853752847812004,6
1771,qwen3_8_max,50.14114254156848,7
1771,gpt_5_6_sol_max,30.87909308769453,8
1771,gemini_3_1_pro_high,30.687366031216776,9
1771,deepseek_v4_flash_max,23.8955615509284,10
1772,kimi_k3_max,72.50021561760467,1
1772,claude_opus_4_8_max,67.52121470621164,2
1772,gpt_5_5_xhigh,62.4674392782429,3
1772,claude_fable_5_max,57.449456925393235,4
1772,gemini_3_1_pro_high,55.51940121945101,5
1772,gpt_5_6_sol_max,47.96795644163725,6
1772,qwen3_8_max,39.59041258739374,7
1772,glm_5_2_max,36.49328641077164,8
1772,deepseek_v4_flash_max,26.01796190566491,9
1772,deepseek_v4_pro_max,23.23270352810257,10
1773,claude_fable_5_max,88.01002429930774,1
1773,claude_opus_4_8_max,40.02002742898281,2
1773,glm_5_2_max,32.494905804932955,3
1773,gpt_5_5_xhigh,31.55889141588198,4
1773,gemini_3_1_pro_high,28.84352111253511,5
1773,qwen3_8_max,27.390010471766093,6
1773,gpt_5_6_sol_max,25.670159817142256,7
1773,kimi_k3_max,23.101268973447826,8
1773,deepseek_v4_flash_max,15.334481277090475,9
1773,deepseek_v4_pro_max,13.586184100576219,10
1774,claude_fable_5_max,76.67092103728217,1
1774,kimi_k3_max,63.53355990139868,2
1774,claude_opus_4_8_max,61.03333800369141,3
1774,gpt_5_5_xhigh,57.1726101556376,4
1774,deepseek_v4_pro_max,56.18015257769143,5
1774,glm_5_2_max,46.66090111292531,6
1774,gpt_5_6_sol_max,38.74062153964138,7
1774,gemini_3_1_pro_high,37.63732853163707,8
1774,deepseek_v4_flash_max,33.37058447199813,9
1774,qwen3_8_max,30.566683954202208,10
1775,glm_5_2_max,72.68628393812446,1
1775,gpt_5_5_xhigh,71.87729201590972,2
1775,claude_fable_5_max,63.03560356764694,3
1775,gpt_5_6_sol_max,61.90710539976331,4
1775,deepseek_v4_flash_max,61.53712856586739,5
1775,gemini_3_1_pro_high,55.87795566637385,6
1775,deepseek_v4_pro_max,49.455306788508516,7
1775,claude_opus_4_8_max,48.21781508937047,8
1775,kimi_k3_max,48.03604713886971,9
1775,qwen3_8_max,33.884426267475554,10
1776,claude_fable_5_max,60.971154620828756,1
1776,gpt_5_5_xhigh,60.264667227766346,2
1776,deepseek_v4_flash_max,47.440339413526715,3
1776,claude_opus_4_8_max,39.47487587865079,4
1776,deepseek_v4_pro_max,38.90307062504114,5
1776,kimi_k3_max,37.979613994148124,6
1776,glm_5_2_max,31.49528781795486,7
1776,gpt_5_6_sol_max,29.198760331933883,8
1776,gemini_3_1_pro_high,26.129116786537814,9
1776,qwen3_8_max,16.99364807656996,10
1777,claude_fable_5_max,64.7290246076427,1
1777,kimi_k3_max,60.741106954989355,2
1777,glm_5_2_max,59.97231301950532,3
1777,deepseek_v4_flash_max,47.30600855216359,4
1777,gemini_3_1_pro_high,45.79340066519303,5
1777,gpt_5_6_sol_max,43.91627144696839,6
1777,claude_opus_4_8_max,43.45003780424213,7
1777,gpt_5_5_xhigh,40.96675733944637,8
1777,deepseek_v4_pro_max,30.248418678916572,9
1777,qwen3_8_max,29.686304300380606,10
1778,qwen3_8_max,72.0965282131225,1
1778,gpt_5_6_sol_max,58.48352704910626,2
1778,gpt_5_5_xhigh,58.024422659897894,3
1778,claude_opus_4_8_max,54.825366367850016,4
1778,deepseek_v4_pro_max,53.76379784130773,5
1778,gemini_3_1_pro_high,50.05758923941423,6
1778,claude_fable_5_max,46.42297743617938,7
1778,kimi_k3_max,43.0327362828345,8
1778,glm_5_2_max,39.82586915639894,9
1778,deepseek_v4_flash_max,35.003942586611,10
1779,claude_fable_5_max,65.82457781383081,1
1779,deepseek_v4_pro_max,63.14506232182525,2
1779,claude_opus_4_8_max,53.05797753613775,3
1779,gpt_5_5_xhigh,52.6666215747711,4
1779,gpt_5_6_sol_max,52.03385424332126,5
1779,qwen3_8_max,48.828780751589164,6
1779,kimi_k3_max,48.65786257240326,7
1779,glm_5_2_max,42.77394440579414,8
1779,deepseek_v4_flash_max,35.10410355723347,9
1779,gemini_3_1_pro_high,27.801402551255908,10
1780,deepseek_v4_flash_max,68.18040051313021,1
1780,gpt_5_6_sol_max,57.352959763147666,2
1780,gpt_5_5_xhigh,54.46010879536559,3
1780,kimi_k3_max,45.209632851514066,4
1780,claude_fable_5_max,41.78095617648516,5
1780,qwen3_8_max,40.583084297340235,6
1780,gemini_3_1_pro_high,35.506522652256905,7
1780,deepseek_v4_pro_max,24.10704158119167,8
1780,claude_opus_4_8_max,18.479947917514373,9
1780,glm_5_2_max,11.013487670677979,10
1781,claude_fable_5_max,78.06354346338836,1
1781,gpt_5_6_sol_max,66.40044972799443,2
1781,gpt_5_5_xhigh,63.86877179189419,3
1781,kimi_k3_max,62.91216810637934,4
1781,gemini_3_1_pro_high,62.581999395475655,5
1781,qwen3_8_max,57.902045737841966,6
1781,claude_opus_4_8_max,44.89841516529994,7
1781,deepseek_v4_pro_max,32.44126302155482,8
1781,glm_5_2_max,31.686774767302936,9
1781,deepseek_v4_flash_max,26.69113261869286,10
1782,claude_fable_5_max,72.57036756723446,1
1782,kimi_k3_max,58.61084401391572,2
1782,glm_5_2_max,47.23833970338912,3
1782,gemini_3_1_pro_high,45.928071506908,4
1782,gpt_5_5_xhigh,45.60987993451488,5
1782,claude_opus_4_8_max,41.529052563301335,6
1782,deepseek_v4_pro_max,40.89335433226387,7
1782,gpt_5_6_sol_max,40.36377396013442,8
1782,qwen3_8_max,34.23489950172451,9
1782,deepseek_v4_flash_max,23.5142410695069,10
1783,claude_fable_5_max,64.45417569828089,1
1783,deepseek_v4_pro_max,52.66497260074483,2
1783,qwen3_8_max,51.74344558907603,3
1783,claude_opus_4_8_max,44.82594425041025,4
1783,kimi_k3_max,41.776476066042136,5
1783,gpt_5_5_xhigh,34.33708278515367,6
1783,glm_5_2_max,33.1398509559752,7
1783,gpt_5_6_sol_max,29.146498172145208,8
1783,gemini_3_1_pro_high,29.09834834237987,9
1783,deepseek_v4_flash_max,23.041664233278315,10
1784,deepseek_v4_flash_max,70.85982961668012,1
1784,qwen3_8_max,64.2489493963006,2
1784,claude_opus_4_8_max,49.65317532669389,3
1784,deepseek_v4_pro_max,47.87516596070202,4
1784,kimi_k3_max,44.60905937889418,5
1784,gpt_5_6_sol_max,38.37122190399837,6
1784,gpt_5_5_xhigh,36.82227300351867,7
1784,claude_fable_5_max,32.74415767006352,8
1784,glm_5_2_max,30.36601305802897,9
1784,gemini_3_1_pro_high,22.818574219053954,10
1785,claude_fable_5_max,77.95130376808527,1
1785,gpt_5_6_sol_max,70.65536227453849,2
1785,gpt_5_5_xhigh,67.20191783567759,3
1785,gemini_3_1_pro_high,62.88809125624731,4
1785,kimi_k3_max,50.150142161356996,5
1785,claude_opus_4_8_max,49.52469933202205,6
1785,deepseek_v4_flash_max,46.883994744439626,7
1785,glm_5_2_max,45.754731009886314,8
1785,deepseek_v4_pro_max,34.19040529124912,9
1785,qwen3_8_max,30.983850362697527,10
1786,deepseek_v4_pro_max,69.05419669260817,1
1786,gpt_5_6_sol_max,59.6583768934135,2
1786,claude_fable_5_max,56.853222552340995,3
1786,gpt_5_5_xhigh,56.172301889644615,4
1786,kimi_k3_max,55.21579769563713,5
1786,claude_opus_4_8_max,51.85652744395969,6
1786,qwen3_8_max,45.76773381711017,7
1786,glm_5_2_max,45.526670028018124,8
1786,deepseek_v4_flash_max,45.510211143805634,9
1786,gemini_3_1_pro_high,31.534887254697804,10
1787,deepseek_v4_pro_max,69.12413484286104,1
1787,qwen3_8_max,65.7309996815251,2
1787,claude_opus_4_8_max,63.35722317873265,3
1787,deepseek_v4_flash_max,57.477089455662764,4
1787,gpt_5_5_xhigh,52.7827474248749,5
1787,gemini_3_1_pro_high,42.227556484447,6
1787,claude_fable_5_max,38.59681827218585,7
1787,kimi_k3_max,32.54410596836579,8
1787,gpt_5_6_sol_max,28.490668438556316,9
1787,glm_5_2_max,22.55805296876459,10
1788,kimi_k3_max,78.2023777891085,1
1788,claude_fable_5_max,68.44884166536791,2
1788,deepseek_v4_pro_max,65.06840460092698,3
1788,glm_5_2_max,57.685753348687,4
1788,qwen3_8_max,55.99226105279137,5
1788,claude_opus_4_8_max,51.51633006486455,6
1788,deepseek_v4_flash_max,45.75607397467954,7
1788,gpt_5_5_xhigh,42.25914206472025,8
1788,gemini_3_1_pro_high,39.10213891808431,9
1788,gpt_5_6_sol_max,36.388953297064376,10
1789,deepseek_v4_pro_max,63.89034444469704,1
1789,gpt_5_5_xhigh,52.55542102379852,2
1789,claude_opus_4_8_max,50.01501160375781,3
1789,glm_5_2_max,45.830663109034326,4
1789,deepseek_v4_flash_max,45.704436563301265,5
1789,qwen3_8_max,45.24791839051596,6
1789,gpt_5_6_sol_max,41.33322908149228,7
1789,claude_fable_5_max,33.86156182175555,8
1789,kimi_k3_max,32.02112714018216,9
1789,gemini_3_1_pro_high,26.19177380602578,10
1790,deepseek_v4_pro_max,78.48082099122095,1
1790,deepseek_v4_flash_max,69.9226618739191,2
1790,gpt_5_6_sol_max,62.17236243196776,3
1790,gpt_5_5_xhigh,55.89352307852226,4
1790,kimi_k3_max,44.03885641621498,5
1790,claude_fable_5_max,40.032350958260096,6
1790,claude_opus_4_8_max,33.674267978434045,7
1790,glm_5_2_max,33.04722515039145,8
1790,qwen3_8_max,23.970694702033637,9
1790,gemini_3_1_pro_high,23.618944175773233,10
1791,kimi_k3_max,61.44688667654544,1
1791,deepseek_v4_flash_max,59.503760381758,2
1791,deepseek_v4_pro_max,52.99810328261867,3
1791,qwen3_8_max,52.15042946130347,4
1791,claude_opus_4_8_max,49.07339818020564,5
1791,gpt_5_6_sol_max,44.01006443736489,6
1791,glm_5_2_max,41.25881754879718,7
1791,gpt_5_5_xhigh,40.77256011567521,8
1791,gemini_3_1_pro_high,38.38430684496264,9
1791,claude_fable_5_max,30.376267506696266,10
1792,gemini_3_1_pro_high,75.82908845525736,1
1792,qwen3_8_max,71.34438948278768,2
1792,kimi_k3_max,69.75337952954312,3
1792,gpt_5_5_xhigh,68.74482864315506,4
1792,claude_opus_4_8_max,65.6389664462826,5
1792,claude_fable_5_max,60.513513886173804,6
1792,deepseek_v4_pro_max,54.05466412027951,7
1792,gpt_5_6_sol_max,47.87338344639531,8
1792,glm_5_2_max,41.02006795331066,9
1792,deepseek_v4_flash_max,40.24815446949139,10
1793,deepseek_v4_flash_max,80.38534051252145,1
1793,kimi_k3_max,56.97886429998101,2
1793,gpt_5_5_xhigh,56.62180332477029,3
1793,claude_opus_4_8_max,50.18386711956648,4
1793,gpt_5_6_sol_max,49.64673032810589,5
1793,deepseek_v4_pro_max,45.27676963567513,6
1793,claude_fable_5_max,41.55745285071523,7
1793,qwen3_8_max,35.81193747615521,8
1793,gemini_3_1_pro_high,29.240554287540874,9
1793,glm_5_2_max,19.604394879972173,10
1794,deepseek_v4_pro_max,69.8219759723402,1
1794,gpt_5_6_sol_max,53.490617617823915,2
1794,claude_fable_5_max,52.26657098442678,3
1794,qwen3_8_max,51.918050070251795,4
1794,claude_opus_4_8_max,46.706863895003124,5
1794,glm_5_2_max,46.21078605047248,6
1794,gemini_3_1_pro_high,40.19082148918814,7
1794,kimi_k3_max,38.959567254735035,8
1794,gpt_5_5_xhigh,35.41011541599814,9
1794,deepseek_v4_flash_max,20.641936179692117,10
1795,deepseek_v4_pro_max,79.88338821578556,1
1795,claude_opus_4_8_max,63.52887974974003,2
1795,kimi_k3_max,58.684190474694546,3
1795,glm_5_2_max,58.61287004125319,4
1795,gpt_5_6_sol_max,56.572412220947655,5
1795,qwen3_8_max,55.77255309985656,6
1795,claude_fable_5_max,47.00985373305494,7
1795,deepseek_v4_flash_max,45.52542184225544,8
1795,gpt_5_5_xhigh,40.956976598849636,9
1795,gemini_3_1_pro_high,35.23406581835677,10
1796,deepseek_v4_pro_max,72.19490869610009,1
1796,gpt_5_6_sol_max,62.74182453529012,2
1796,qwen3_8_max,49.5076052537838,3
1796,claude_fable_5_max,48.665179560338565,4
1796,kimi_k3_max,45.43207493674461,5
1796,glm_5_2_max,41.151014424508695,6
1796,deepseek_v4_flash_max,38.06877061225559,7
1796,claude_opus_4_8_max,36.43450615031431,8
1796,gpt_5_5_xhigh,35.4450106495734,9
1796,gemini_3_1_pro_high,18.734834181565013,10
1797,claude_fable_5_max,69.91038150656051,1
1797,kimi_k3_max,67.94945111753046,2
1797,deepseek_v4_pro_max,67.2699765187147,3
1797,claude_opus_4_8_max,59.93339943269996,4
1797,qwen3_8_max,51.351556525991775,5
1797,gemini_3_1_pro_high,46.60945391780686,6
1797,gpt_5_5_xhigh,37.127876519407934,7
1797,gpt_5_6_sol_max,36.03451743702099,8
1797,deepseek_v4_flash_max,33.72185449144162,9
1797,glm_5_2_max,32.20342692715096,10
1798,deepseek_v4_pro_max,70.92335786220394,1
1798,claude_opus_4_8_max,66.00440610465898,2
1798,claude_fable_5_max,64.42466269857027,3
1798,glm_5_2_max,62.68973846996039,4
1798,gpt_5_6_sol_max,57.64591461034265,5
1798,kimi_k3_max,53.466651029273336,6
1798,gemini_3_1_pro_high,37.45440228301372,7
1798,gpt_5_5_xhigh,31.659442337597312,8
1798,qwen3_8_max,28.82156183523999,9
1798,deepseek_v4_flash_max,28.4091750635897,10
1799,kimi_k3_max,79.7818496774573,1
1799,gpt_5_6_sol_max,68.84188582694037,2
1799,gemini_3_1_pro_high,62.796779686986284,3
1799,claude_opus_4_8_max,58.86794793549236,4
1799,deepseek_v4_pro_max,56.6348814735629,5
1799,glm_5_2_max,53.10916752081686,6
1799,claude_fable_5_max,51.25983298842106,7
1799,gpt_5_5_xhigh,39.92263476547516,8
1799,deepseek_v4_flash_max,34.1475072382781,9
1799,qwen3_8_max,29.557094152417065,10
1800,claude_fable_5_max,58.85692438214157,1
1800,deepseek_v4_pro_max,57.14833839033721,2
1800,glm_5_2_max,50.995641811753785,3
1800,gpt_5_6_sol_max,49.29541486988892,4
1800,gpt_5_5_xhigh,48.931154299235686,5
1800,claude_opus_4_8_max,48.85951114945222,6
1800,deepseek_v4_flash_max,36.90855710843826,7
1800,kimi_k3_max,33.057592963295804,8
1800,qwen3_8_max,31.655732543850846,9
1800,gemini_3_1_pro_high,27.260328458553374,10
1801,claude_fable_5_max,73.9501389186454,1
1801,kimi_k3_max,68.55138708475545,2
1801,gemini_3_1_pro_high,62.22031587938103,3
1801,gpt_5_6_sol_max,61.23002095679379,4
1801,gpt_5_5_xhigh,56.91821834233323,5
1801,deepseek_v4_pro_max,51.127490601909685,6
1801,claude_opus_4_8_max,38.339361992787886,7
1801,qwen3_8_max,35.89916485533098,8
1801,glm_5_2_max,29.62729295519779,9
1801,deepseek_v4_flash_max,29.14313114830019,10
1802,deepseek_v4_pro_max,93.79909578745911,1
1802,qwen3_8_max,73.24028779415482,2
1802,claude_opus_4_8_max,55.695229823941645,3
1802,gemini_3_1_pro_high,51.74532232985844,4
1802,gpt_5_5_xhigh,51.29623289653266,5
1802,deepseek_v4_flash_max,45.32775910252902,6
1802,claude_fable_5_max,35.53703507923567,7
1802,glm_5_2_max,32.993891315242045,8
1802,gpt_5_6_sol_max,29.633278862303804,9
1802,kimi_k3_max,25.48104490449115,10
1803,deepseek_v4_pro_max,65.2579831642628,1
1803,gemini_3_1_pro_high,57.37594361212052,2
1803,claude_fable_5_max,50.5393845503437,3
1803,kimi_k3_max,46.47429994141368,4
1803,gpt_5_6_sol_max,40.01524667527293,5
1803,glm_5_2_max,39.12431821271916,6
1803,claude_opus_4_8_max,35.83031605077993,7
1803,gpt_5_5_xhigh,35.469641423095084,8
1803,qwen3_8_max,29.40058083159965,9
1803,deepseek_v4_flash_max,27.97873121807576,10
1804,claude_fable_5_max,78.48003611328923,1
1804,kimi_k3_max,49.299097908140844,2
1804,claude_opus_4_8_max,42.81266528127231,3
1804,deepseek_v4_flash_max,41.94886081284828,4
1804,gpt_5_6_sol_max,40.58384934284665,5
1804,gpt_5_5_xhigh,33.98015842118578,6
1804,deepseek_v4_pro_max,32.46181013386089,7
1804,glm_5_2_max,24.239490794359327,8
1804,qwen3_8_max,24.17970383034972,9
1804,gemini_3_1_pro_high,16.56121982750941,10
1805,glm_5_2_max,76.34439863204499,1
1805,kimi_k3_max,73.6198684545854,2
1805,claude_fable_5_max,70.09922614513714,3
1805,qwen3_8_max,65.63361089519287,4
1805,gpt_5_6_sol_max,62.14757322785918,5
1805,deepseek_v4_flash_max,62.05753295555788,6
1805,claude_opus_4_8_max,60.63160355637323,7
1805,gpt_5_5_xhigh,54.145224108506866,8
1805,gemini_3_1_pro_high,47.466334839634584,9
1805,deepseek_v4_pro_max,22.969695920985437,10
1806,glm_5_2_max,75.56553989672997,1
1806,gemini_3_1_pro_high,74.79477347446063,2
1806,kimi_k3_max,67.18239920001743,3
1806,gpt_5_5_xhigh,64.81707767863358,4
1806,claude_fable_5_max,62.510748739374606,5
1806,qwen3_8_max,48.81745891558343,6
1806,deepseek_v4_flash_max,45.57782562435332,7
1806,claude_opus_4_8_max,42.735711218537716,8
1806,deepseek_v4_pro_max,31.25972019497167,9
1806,gpt_5_6_sol_max,28.39149606331971,10
1807,gemini_3_1_pro_high,73.86362626819903,1
1807,gpt_5_6_sol_max,68.66596877520254,2
1807,qwen3_8_max,54.794736026847275,3
1807,gpt_5_5_xhigh,53.450787141145405,4
1807,deepseek_v4_flash_max,52.840137472315675,5
1807,glm_5_2_max,50.86000310429014,6
1807,claude_opus_4_8_max,50.746355473512224,7
1807,kimi_k3_max,48.23483075796289,8
1807,deepseek_v4_pro_max,34.48346019914837,9
1807,claude_fable_5_max,27.19089485893574,10
1808,claude_fable_5_max,75.30836437613803,1
1808,deepseek_v4_pro_max,67.01867455403871,2
1808,gpt_5_5_xhigh,57.15887252033693,3
1808,claude_opus_4_8_max,55.2087524780915,4
1808,qwen3_8_max,51.99264534047009,5
1808,gpt_5_6_sol_max,51.231617366600375,6
1808,kimi_k3_max,48.35046340202382,7
1808,deepseek_v4_flash_max,47.24752807659721,8
1808,glm_5_2_max,41.20432545989142,9
1808,gemini_3_1_pro_high,37.079107096245934,10
1809,claude_fable_5_max,87.75727328775764,1
1809,gpt_5_5_xhigh,50.1948317529804,2
1809,kimi_k3_max,45.95879058163587,3
1809,claude_opus_4_8_max,44.64949392731367,4
1809,qwen3_8_max,44.12416647030898,5
1809,gemini_3_1_pro_high,42.63183691124251,6
1809,gpt_5_6_sol_max,37.69742324434081,7
1809,deepseek_v4_pro_max,22.110825285562505,8
1809,glm_5_2_max,20.14546205043604,9
1809,deepseek_v4_flash_max,17.601846576735408,10
1810,claude_fable_5_max,64.45085826104211,1
1810,gpt_5_5_xhigh,59.54522860860659,2
1810,claude_opus_4_8_max,54.155013263432295,3
1810,kimi_k3_max,50.36274471602187,4
1810,gpt_5_6_sol_max,49.192340423062525,5
1810,glm_5_2_max,48.88743548992641,6
1810,deepseek_v4_pro_max,44.56902481203585,7
1810,deepseek_v4_flash_max,38.82828562017313,8
1810,qwen3_8_max,37.412396832238635,9
1810,gemini_3_1_pro_high,35.135441146502075,10
1811,deepseek_v4_flash_max,76.25296634013314,1
1811,kimi_k3_max,75.11506193038878,2
1811,claude_fable_5_max,73.96858168463112,3
1811,gpt_5_5_xhigh,60.60261175007494,4
1811,claude_opus_4_8_max,58.600037191547926,5
1811,gpt_5_6_sol_max,50.99904083330921,6
1811,deepseek_v4_pro_max,38.533211919087904,7
1811,qwen3_8_max,29.831104591390826,8
1811,glm_5_2_max,28.11858451791361,9
1811,gemini_3_1_pro_high,23.358668652944715,10
1812,kimi_k3_max,88.31450938428941,1
1812,glm_5_2_max,63.1876721306897,2
1812,deepseek_v4_pro_max,55.42852581475103,3
1812,gpt_5_6_sol_max,52.13825781449165,4
1812,gemini_3_1_pro_high,49.313189196231015,5
1812,gpt_5_5_xhigh,43.82371739535577,6
1812,claude_opus_4_8_max,42.99778509049545,7
1812,qwen3_8_max,36.96544738252019,8
1812,claude_fable_5_max,35.736238150750744,9
1812,deepseek_v4_flash_max,17.698923529910598,10
1813,gpt_5_6_sol_max,77.49922839047142,1
1813,deepseek_v4_flash_max,73.52012602381316,2
1813,qwen3_8_max,66.11124774621196,3
1813,claude_opus_4_8_max,64.30472127333098,4
1813,gemini_3_1_pro_high,54.95078078086981,5
1813,kimi_k3_max,54.54803776605675,6
1813,claude_fable_5_max,52.74567958850464,7
1813,gpt_5_5_xhigh,47.83711646961575,8
1813,deepseek_v4_pro_max,38.41994410063384,9
1813,glm_5_2_max,37.34583843544093,10
1814,claude_fable_5_max,63.231933041063726,1
1814,deepseek_v4_pro_max,61.13565939058719,2
1814,kimi_k3_max,54.55807473845315,3
1814,deepseek_v4_flash_max,52.86929152754618,4
1814,gemini_3_1_pro_high,51.50126281682981,5
1814,claude_opus_4_8_max,48.75267191817334,6
1814,gpt_5_5_xhigh,46.07532875329939,7
1814,glm_5_2_max,39.84450470593741,8
1814,gpt_5_6_sol_max,39.20545206471269,9
1814,qwen3_8_max,37.58073423037367,10
1815,claude_fable_5_max,85.79759723724155,1
1815,kimi_k3_max,79.61939955388394,2
1815,gemini_3_1_pro_high,71.79143181820567,3
1815,claude_opus_4_8_max,62.80155823766465,4
1815,deepseek_v4_flash_max,53.971923208914134,5
1815,gpt_5_6_sol_max,50.85318239064021,6
1815,qwen3_8_max,41.84008917118864,7
1815,glm_5_2_max,35.0297606509339,8
1815,gpt_5_5_xhigh,28.356814378908823,9
1815,deepseek_v4_pro_max,4.728864141345178,10
1816,claude_fable_5_max,77.90352659620942,1
1816,deepseek_v4_flash_max,65.6482876156447,2
1816,gpt_5_6_sol_max,60.567614289506125,3
1816,glm_5_2_max,52.632908968253744,4
1816,deepseek_v4_pro_max,42.304031595414756,5
1816,gpt_5_5_xhigh,42.25958835929255,6
1816,kimi_k3_max,39.894785953249745,7
1816,claude_opus_4_8_max,39.277593813474525,8
1816,gemini_3_1_pro_high,35.96482896195867,9
1816,qwen3_8_max,35.382062376527976,10
1817,deepseek_v4_pro_max,80.95116260894919,1
1817,qwen3_8_max,75.60042176789042,2
1817,kimi_k3_max,61.32862480900338,3
1817,claude_opus_4_8_max,59.68767277896395,4
1817,gpt_5_5_xhigh,55.248256024455394,5
1817,gemini_3_1_pro_high,51.592392884297325,6
1817,glm_5_2_max,46.37685918606826,7
1817,gpt_5_6_sol_max,38.88227135277955,8
1817,deepseek_v4_flash_max,38.2190249490499,9
1817,claude_fable_5_max,38.08675738984619,10
1818,glm_5_2_max,71.26283044759546,1
1818,deepseek_v4_pro_max,64.60785639788449,2
1818,gpt_5_5_xhigh,59.06288683907172,3
1818,kimi_k3_max,58.532188375509,4
1818,gpt_5_6_sol_max,55.13143140655157,5
1818,qwen3_8_max,51.26855265896554,6
1818,claude_opus_4_8_max,41.37224484113462,7
1818,claude_fable_5_max,35.59779299726151,8
1818,deepseek_v4_flash_max,33.87084140417729,9
1818,gemini_3_1_pro_high,32.37708420569299,10
1819,kimi_k3_max,76.50324085073419,1
1819,gpt_5_6_sol_max,74.45000095182806,2
1819,deepseek_v4_pro_max,70.50092277624928,3
1819,qwen3_8_max,61.7109132911119,4
1819,claude_opus_4_8_max,60.51593448658069,5
1819,claude_fable_5_max,50.49438537064276,6
1819,gpt_5_5_xhigh,48.12639742895962,7
1819,deepseek_v4_flash_max,47.97343188010501,8
1819,gemini_3_1_pro_high,43.58225611331425,9
1819,glm_5_2_max,38.895398604034746,10
1820,claude_fable_5_max,82.99486701414924,1
1820,qwen3_8_max,69.99997045449582,2
1820,deepseek_v4_flash_max,67.59805532685914,3
1820,gemini_3_1_pro_high,54.65078288744536,4
1820,gpt_5_6_sol_max,52.397425744293265,5
1820,glm_5_2_max,46.25521641894578,6
1820,deepseek_v4_pro_max,41.77131195225587,7
1820,gpt_5_5_xhigh,36.4451876102218,8
1820,kimi_k3_max,31.76074100407285,9
1820,claude_opus_4_8_max,28.85745916158575,10
1821,gemini_3_1_pro_high,62.149243749877996,1
1821,claude_fable_5_max,58.7076003674175,2
1821,qwen3_8_max,51.55224941587766,3
1821,gpt_5_5_xhigh,49.984125280080704,4
1821,claude_opus_4_8_max,39.633967213019744,5
1821,glm_5_2_max,35.66546736529736,6
1821,gpt_5_6_sol_max,28.188880673229846,7
1821,deepseek_v4_pro_max,25.023705202243313,8
1821,deepseek_v4_flash_max,25.00162781276246,9
1821,kimi_k3_max,23.7431319079944,10
1822,claude_fable_5_max,82.58028114103438,1
1822,gpt_5_6_sol_max,69.33665284442725,2
1822,deepseek_v4_pro_max,61.731418792298996,3
1822,gpt_5_5_xhigh,58.91394378674556,4
1822,deepseek_v4_flash_max,57.81793471010639,5
1822,qwen3_8_max,51.206113821212874,6
1822,claude_opus_4_8_max,49.48773967458167,7
1822,kimi_k3_max,46.72385985693914,8
1822,gemini_3_1_pro_high,37.677665577687996,9
1822,glm_5_2_max,29.12769312570921,10
1823,claude_fable_5_max,90.76158277091596,1
1823,claude_opus_4_8_max,53.45341023406515,2
1823,glm_5_2_max,52.14430816281654,3
1823,deepseek_v4_pro_max,50.370962347805296,4
1823,kimi_k3_max,43.755169865076425,5
1823,gemini_3_1_pro_high,42.9424329921219,6
1823,gpt_5_6_sol_max,40.235126410202405,7
1823,deepseek_v4_flash_max,39.23536436400691,8
1823,gpt_5_5_xhigh,35.7996348830139,9
1823,qwen3_8_max,33.24576332369001,10
1824,gpt_5_6_sol_max,75.29004993789344,1
1824,gemini_3_1_pro_high,69.59492238031444,2
1824,gpt_5_5_xhigh,65.27798468007605,3
1824,claude_fable_5_max,62.149652117727626,4
1824,deepseek_v4_flash_max,58.70748821064207,5
1824,qwen3_8_max,56.93224252180786,6
1824,deepseek_v4_pro_max,55.11103897804356,7
1824,kimi_k3_max,54.98494114741911,8
1824,glm_5_2_max,53.01313138358164,9
1824,claude_opus_4_8_max,52.02360303426032,10
1825,deepseek_v4_pro_max,90.58997899275514,1
1825,gemini_3_1_pro_high,71.43808842944337,2
1825,kimi_k3_max,64.65893290849863,3
1825,glm_5_2_max,55.37191792357277,4
1825,gpt_5_6_sol_max,48.46947578303447,5
1825,claude_fable_5_max,44.45241946095417,6
1825,gpt_5_5_xhigh,34.40265848637746,7
1825,claude_opus_4_8_max,34.31848844734986,8
1825,qwen3_8_max,34.30400678712974,9
1825,deepseek_v4_flash_max,30.545411433043625,10
1826,claude_fable_5_max,72.03208572463694,1
1826,deepseek_v4_pro_max,67.23938095509118,2
1826,gpt_5_6_sol_max,59.39487634409777,3
1826,gemini_3_1_pro_high,59.16269962444927,4
1826,gpt_5_5_xhigh,54.57740890946627,5
1826,claude_opus_4_8_max,53.735349133802224,6
1826,kimi_k3_max,46.588136939707724,7
1826,glm_5_2_max,39.61347557100851,8
1826,qwen3_8_max,26.346699370098378,9
1826,deepseek_v4_flash_max,24.974207333598013,10
1827,deepseek_v4_pro_max,69.71927638163034,1
1827,claude_fable_5_max,51.47127673881652,2
1827,gpt_5_5_xhigh,47.96740340309628,3
1827,gpt_5_6_sol_max,47.69815331523133,4
1827,kimi_k3_max,43.295870002511116,5
1827,qwen3_8_max,41.769043774187644,6
1827,deepseek_v4_flash_max,41.75678318540807,7
1827,glm_5_2_max,37.40578631674609,8
1827,gemini_3_1_pro_high,33.19190356641538,9
1827,claude_opus_4_8_max,29.93517182455175,10
1828,gemini_3_1_pro_high,62.320678173721184,1
1828,kimi_k3_max,60.215572123769654,2
1828,claude_fable_5_max,53.37231722579377,3
1828,qwen3_8_max,49.57517605436365,4
1828,gpt_5_6_sol_max,48.09752636401218,5
1828,glm_5_2_max,47.14421380271678,6
1828,gpt_5_5_xhigh,44.50800216609401,7
1828,claude_opus_4_8_max,39.478779215434066,8
1828,deepseek_v4_flash_max,33.80913230698059,9
1828,deepseek_v4_pro_max,11.289767520839225,10
1829,deepseek_v4_pro_max,98.03053762880513,1
1829,gpt_5_6_sol_max,61.87091491580053,2
1829,claude_fable_5_max,58.43594094142909,3
1829,claude_opus_4_8_max,51.138588713323394,4
1829,glm_5_2_max,45.101890174129174,5
1829,kimi_k3_max,41.12271465236808,6
1829,gpt_5_5_xhigh,37.362510890030876,7
1829,gemini_3_1_pro_high,34.21098082640905,8
1829,qwen3_8_max,31.009294162851468,9
1829,deepseek_v4_flash_max,13.813257000922654,10
1830,claude_fable_5_max,77.82495048510451,1
1830,kimi_k3_max,54.246344592320064,2
1830,deepseek_v4_flash_max,38.03753508693531,3
1830,gpt_5_6_sol_max,34.91258111778256,4
1830,gpt_5_5_xhigh,31.55203103960656,5
1830,claude_opus_4_8_max,26.563181041890754,6
1830,qwen3_8_max,24.186286272431953,7
1830,gemini_3_1_pro_high,22.18294369348015,8
1830,deepseek_v4_pro_max,21.305152240047995,9
1830,glm_5_2_max,21.1865251166086,10
1831,claude_fable_5_max,67.1078626843413,1
1831,gemini_3_1_pro_high,60.527390439646716,2
1831,glm_5_2_max,59.63424222461105,3
1831,deepseek_v4_pro_max,44.8051456878141,4
1831,gpt_5_6_sol_max,38.33113737114628,5
1831,qwen3_8_max,36.758374228462856,6
1831,deepseek_v4_flash_max,32.28243269787847,7
1831,gpt_5_5_xhigh,29.683425509668233,8
1831,kimi_k3_max,25.79180683571135,9
1831,claude_opus_4_8_max,24.54883742026691,10
1832,claude_fable_5_max,73.95442624826417,1
1832,gemini_3_1_pro_high,67.62366603036553,2
1832,glm_5_2_max,41.66845713649539,3
1832,kimi_k3_max,36.71941163280168,4
1832,qwen3_8_max,31.253524669493526,5
1832,gpt_5_6_sol_max,28.562454930534507,6
1832,claude_opus_4_8_max,25.60972520956932,7
1832,deepseek_v4_pro_max,24.98792074446263,8
1832,gpt_5_5_xhigh,23.30957085356082,9
1832,deepseek_v4_flash_max,22.85796610496352,10
1833,claude_opus_4_8_max,70.48150953820571,1
1833,gpt_5_5_xhigh,69.26379026791729,2
1833,claude_fable_5_max,63.01805254011509,3
1833,gemini_3_1_pro_high,60.366505614119006,4
1833,deepseek_v4_pro_max,50.07552713125126,5
1833,glm_5_2_max,49.691427419753886,6
1833,deepseek_v4_flash_max,42.94068887663336,7
1833,qwen3_8_max,41.77282936627749,8
1833,kimi_k3_max,36.74417498758971,9
1833,gpt_5_6_sol_max,34.33474810268161,10
1834,claude_fable_5_max,83.81324822400661,1
1834,gpt_5_5_xhigh,54.42840388804714,2
1834,claude_opus_4_8_max,49.312693096144564,3
1834,gpt_5_6_sol_max,48.5392636338554,4
1834,gemini_3_1_pro_high,47.865151541734825,5
1834,deepseek_v4_pro_max,42.15517205538381,6
1834,qwen3_8_max,40.058704768330244,7
1834,kimi_k3_max,29.131797803819147,8
1834,glm_5_2_max,28.812972536317332,9
1834,deepseek_v4_flash_max,19.38537146318842,10
1835,claude_opus_4_8_max,68.68941700846612,1
1835,gpt_5_6_sol_max,67.96073413939128,2
1835,deepseek_v4_flash_max,67.65676521621069,3
1835,kimi_k3_max,56.472466169580755,4
1835,qwen3_8_max,56.03287235705282,5
1835,deepseek_v4_pro_max,55.90086717711642,6
1835,claude_fable_5_max,44.963352709134824,7
1835,gemini_3_1_pro_high,44.556138517410105,8
1835,gpt_5_5_xhigh,31.71588733861217,9
1835,glm_5_2_max,20.603813351242042,10
1836,gemini_3_1_pro_high,70.55320359608992,1
1836,deepseek_v4_flash_max,69.44579572314748,2
1836,glm_5_2_max,66.11214200325261,3
1836,gpt_5_5_xhigh,66.02564479680501,4
1836,claude_opus_4_8_max,64.9069747620158,5
1836,qwen3_8_max,59.65040292597464,6
1836,gpt_5_6_sol_max,40.90946144405675,7
1836,claude_fable_5_max,36.42248194281557,8
1836,kimi_k3_max,35.86756672421303,9
1836,deepseek_v4_pro_max,23.650854586786497,10
1837,claude_fable_5_max,73.51339137783403,1
1837,glm_5_2_max,50.545105359938034,2
1837,deepseek_v4_pro_max,45.78955169292647,3
1837,gpt_5_6_sol_max,36.63318972883456,4
1837,gpt_5_5_xhigh,36.048034475345084,5
1837,claude_opus_4_8_max,35.141815322770825,6
1837,kimi_k3_max,30.32304963058786,7
1837,gemini_3_1_pro_high,28.091510135836106,8
1837,qwen3_8_max,20.232257252360505,9
1837,deepseek_v4_flash_max,20.074906117622646,10
1838,glm_5_2_max,85.47619616417725,1
1838,claude_opus_4_8_max,67.63564691952121,2
1838,gemini_3_1_pro_high,61.881601109892735,3
1838,qwen3_8_max,60.894363643734415,4
1838,gpt_5_6_sol_max,59.7851208398713,5
1838,kimi_k3_max,53.56709670500855,6
1838,deepseek_v4_pro_max,52.40364048592907,7
1838,deepseek_v4_flash_max,50.81304402733588,8
1838,gpt_5_5_xhigh,50.53643888845429,9
1838,claude_fable_5_max,27.381892622860175,10
1839,claude_opus_4_8_max,67.22797739216708,1
1839,gpt_5_5_xhigh,65.68911968332309,2
1839,deepseek_v4_flash_max,65.03892114305997,3
1839,qwen3_8_max,61.818039594933495,4
1839,kimi_k3_max,53.205992452063484,5
1839,gemini_3_1_pro_high,36.9479455295038,6
1839,glm_5_2_max,35.99635406715942,7
1839,claude_fable_5_max,34.73664798821112,8
1839,gpt_5_6_sol_max,32.63067181226673,9
1839,deepseek_v4_pro_max,9.203345273272832,10
1840,deepseek_v4_pro_max,76.9661202710852,1
1840,gpt_5_5_xhigh,75.59078940407475,2
1840,kimi_k3_max,72.05575257561688,3
1840,qwen3_8_max,70.3966121723987,4
1840,glm_5_2_max,65.03362042236498,5
1840,claude_opus_4_8_max,51.79385914102051,6
1840,gemini_3_1_pro_high,51.596461860377765,7
1840,claude_fable_5_max,48.2686883308478,8
1840,gpt_5_6_sol_max,46.597126965365426,9
1840,deepseek_v4_flash_max,18.368135986345287,10
1841,deepseek_v4_flash_max,65.13463798783597,1
1841,gpt_5_6_sol_max,64.93544130914245,2
1841,gemini_3_1_pro_high,61.929570707966484,3
1841,qwen3_8_max,58.416890824008355,4
1841,claude_fable_5_max,55.72851666913819,5
1841,claude_opus_4_8_max,55.327464634007164,6
1841,glm_5_2_max,54.6019975415289,7
1841,kimi_k3_max,46.99994543949225,8
1841,gpt_5_5_xhigh,40.65059218350798,9
1841,deepseek_v4_pro_max,30.620751900289346,10
1842,claude_fable_5_max,84.26647111273412,1
1842,deepseek_v4_pro_max,44.608052271360556,2
1842,gpt_5_5_xhigh,41.329042232824754,3
1842,qwen3_8_max,34.10019816270106,4
1842,glm_5_2_max,33.001389912968286,5
1842,gemini_3_1_pro_high,28.70744813144335,6
1842,gpt_5_6_sol_max,26.597793764195686,7
1842,claude_opus_4_8_max,25.3431617243947,8
1842,kimi_k3_max,25.101154678158565,9
1842,deepseek_v4_flash_max,9.204184524191353,10
1843,deepseek_v4_pro_max,64.7185340848979,1
1843,claude_fable_5_max,61.3506362506469,2
1843,gpt_5_6_sol_max,55.196572591151075,3
1843,kimi_k3_max,43.10957680681534,4
1843,gpt_5_5_xhigh,42.777268343291176,5
1843,glm_5_2_max,39.22508861939532,6
1843,gemini_3_1_pro_high,37.903735623794844,7
1843,claude_opus_4_8_max,37.38725988805174,8
1843,qwen3_8_max,36.84279289526972,9
1843,deepseek_v4_flash_max,32.71310578126556,10
1844,claude_opus_4_8_max,67.66872158602362,1
1844,deepseek_v4_pro_max,65.35139062509054,2
1844,gemini_3_1_pro_high,58.15194762755036,3
1844,gpt_5_6_sol_max,55.534741205162575,4
1844,gpt_5_5_xhigh,49.02616585911342,5
1844,qwen3_8_max,43.98961230657242,6
1844,kimi_k3_max,43.388715226608106,7
1844,glm_5_2_max,36.93059030446383,8
1844,deepseek_v4_flash_max,35.433367998712825,9
1844,claude_fable_5_max,28.335821925637962,10
1845,gpt_5_5_xhigh,73.94680745389834,1
1845,deepseek_v4_flash_max,58.40904663109528,2
1845,gpt_5_6_sol_max,55.812398511561234,3
1845,claude_fable_5_max,44.12161086325834,4
1845,claude_opus_4_8_max,43.61946484028044,5
1845,glm_5_2_max,28.216701807177188,6
1845,deepseek_v4_pro_max,28.14764699183366,7
1845,kimi_k3_max,27.91164297510318,8
1845,gemini_3_1_pro_high,24.29293551673634,9
1845,qwen3_8_max,19.834994444481143,10
1846,gpt_5_5_xhigh,60.302126719359876,1
1846,deepseek_v4_pro_max,53.36490344652819,2
1846,claude_fable_5_max,53.266721128370904,3
1846,gemini_3_1_pro_high,50.23062636052826,4
1846,kimi_k3_max,47.080390023433324,5
1846,claude_opus_4_8_max,45.89008334208696,6
1846,qwen3_8_max,45.057606602747384,7
1846,deepseek_v4_flash_max,42.45784937786026,8
1846,gpt_5_6_sol_max,39.16792026266718,9
1846,glm_5_2_max,26.156919765112796,10
1847,claude_fable_5_max,74.57407296934477,1
1847,glm_5_2_max,73.9842963916967,2
1847,gpt_5_5_xhigh,57.89999357638227,3
1847,deepseek_v4_pro_max,56.90537246978573,4
1847,gemini_3_1_pro_high,50.271321867351375,5
1847,qwen3_8_max,47.444686212796654,6
1847,claude_opus_4_8_max,43.61494632085343,7
1847,deepseek_v4_flash_max,37.006922742338254,8
1847,gpt_5_6_sol_max,36.86454587197204,9
1847,kimi_k3_max,26.727287766336808,10
1848,gpt_5_6_sol_max,77.09953632748041,1
1848,gemini_3_1_pro_high,54.95351507140193,2
1848,claude_fable_5_max,52.836040061129346,3
1848,kimi_k3_max,45.380390149619366,4
1848,glm_5_2_max,45.11405344894709,5
1848,claude_opus_4_8_max,44.20810313426164,6
1848,gpt_5_5_xhigh,43.84589821475965,7
1848,qwen3_8_max,35.6261418382124,8
1848,deepseek_v4_flash_max,29.997285225482905,9
1848,deepseek_v4_pro_max,23.89648743114698,10
1849,kimi_k3_max,69.6315143514691,1
1849,claude_fable_5_max,60.422805696369295,2
1849,gpt_5_5_xhigh,48.41812738238996,3
1849,deepseek_v4_pro_max,46.93990451010422,4
1849,glm_5_2_max,44.81303100962448,5
1849,gpt_5_6_sol_max,42.47749880861995,6
1849,qwen3_8_max,32.221065270768435,7
1849,claude_opus_4_8_max,30.74751959433859,8
1849,deepseek_v4_flash_max,30.455937431217535,9
1849,gemini_3_1_pro_high,25.38416697517601,10
1850,gemini_3_1_pro_high,78.74695494948406,1
1850,deepseek_v4_flash_max,65.9076545519166,2
1850,claude_opus_4_8_max,55.92467796415019,3
1850,kimi_k3_max,45.045212853189106,4
1850,glm_5_2_max,44.47817589574043,5
1850,qwen3_8_max,43.04092299654839,6
1850,gpt_5_6_sol_max,40.97982266492667,7
1850,gpt_5_5_xhigh,37.12310047238088,8
1850,deepseek_v4_pro_max,28.86117798520389,9
1850,claude_fable_5_max,27.98618111901908,10
1851,glm_5_2_max,67.66609308339196,1
1851,gpt_5_6_sol_max,54.82779588939036,2
1851,claude_opus_4_8_max,53.301390347917504,3
1851,kimi_k3_max,47.68856414893501,4
1851,gemini_3_1_pro_high,46.60768153168388,5
1851,gpt_5_5_xhigh,40.698392987758105,6
1851,deepseek_v4_flash_max,36.956369743828375,7
1851,claude_fable_5_max,30.964914282647,8
1851,qwen3_8_max,30.36992524431991,9
1851,deepseek_v4_pro_max,13.645160385910108,10
1852,deepseek_v4_pro_max,87.9716990229424,1
1852,kimi_k3_max,65.90367534827756,2
1852,qwen3_8_max,63.051957205749346,3
1852,claude_opus_4_8_max,61.42137179390611,4
1852,gemini_3_1_pro_high,50.91561915844896,5
1852,gpt_5_6_sol_max,45.96098357694645,6
1852,glm_5_2_max,39.091955643720404,7
1852,gpt_5_5_xhigh,37.31078502540633,8
1852,claude_fable_5_max,32.47469222592793,9
1852,deepseek_v4_flash_max,26.85814326581191,10
1853,deepseek_v4_flash_max,67.06087509770637,1
1853,gpt_5_6_sol_max,60.92113647136852,2
1853,qwen3_8_max,58.66659413860356,3
1853,claude_opus_4_8_max,58.06937371382941,4
1853,claude_fable_5_max,48.67109943391033,5
1853,kimi_k3_max,48.0228022148206,6
1853,glm_5_2_max,42.437398274265604,7
1853,gpt_5_5_xhigh,42.133233345392036,8
1853,gemini_3_1_pro_high,41.704045644405674,9
1853,deepseek_v4_pro_max,21.110321891354385,10
1854,deepseek_v4_pro_max,75.43551360191069,1
1854,claude_opus_4_8_max,71.67972189969426,2
1854,kimi_k3_max,70.72953550068809,3
1854,claude_fable_5_max,69.52853395208031,4
1854,gpt_5_6_sol_max,63.32299713958823,5
1854,deepseek_v4_flash_max,42.044128556600455,6
1854,gemini_3_1_pro_high,38.95900096427293,7
1854,gpt_5_5_xhigh,38.45647315528788,8
1854,glm_5_2_max,38.22770733042496,9
1854,qwen3_8_max,35.634206232983374,10
1855,gemini_3_1_pro_high,78.26091432423951,1
1855,glm_5_2_max,60.135375294129744,2
1855,claude_opus_4_8_max,56.58478807776244,3
1855,gpt_5_6_sol_max,52.61608204829451,4
1855,deepseek_v4_pro_max,48.284514352433646,5
1855,qwen3_8_max,46.42891639880266,6
1855,kimi_k3_max,42.95911610339901,7
1855,claude_fable_5_max,38.798841047717595,8
1855,gpt_5_5_xhigh,34.649406281181896,9
1855,deepseek_v4_flash_max,6.85113059627206,10
1856,gpt_5_5_xhigh,69.0570666483013,1
1856,deepseek_v4_flash_max,60.1909456241945,2
1856,qwen3_8_max,57.056985546261686,3
1856,claude_opus_4_8_max,53.6988462208111,4
1856,gpt_5_6_sol_max,49.56863955816571,5
1856,kimi_k3_max,49.50930908119756,6
1856,claude_fable_5_max,46.97962981091939,7
1856,gemini_3_1_pro_high,39.47560009622625,8
1856,deepseek_v4_pro_max,26.14050923903827,9
1856,glm_5_2_max,19.7955848309823,10
1857,gpt_5_6_sol_max,61.07813424213788,1
1857,gemini_3_1_pro_high,59.93591309044126,2
1857,claude_fable_5_max,56.080888454110934,3
1857,deepseek_v4_pro_max,53.40747508311715,4
1857,glm_5_2_max,51.369110897194325,5
1857,qwen3_8_max,48.93734128085876,6
1857,gpt_5_5_xhigh,47.170439575505846,7
1857,deepseek_v4_flash_max,47.12144506762876,8
1857,claude_opus_4_8_max,46.12069451981945,9
1857,kimi_k3_max,35.42721867125438,10
1858,kimi_k3_max,68.06902565642393,1
1858,claude_opus_4_8_max,66.63904117321034,2
1858,claude_fable_5_max,58.43083415147432,3
1858,gpt_5_5_xhigh,49.90961560151294,4
1858,deepseek_v4_flash_max,47.66657260244842,5
1858,gpt_5_6_sol_max,43.19371037434396,6
1858,qwen3_8_max,41.83431088932785,7
1858,deepseek_v4_pro_max,40.86390485121722,8
1858,gemini_3_1_pro_high,39.60372081309773,9
1858,glm_5_2_max,21.719950119628994,10
1859,deepseek_v4_pro_max,77.06592394497451,1
1859,glm_5_2_max,73.47161251565451,2
1859,gemini_3_1_pro_high,57.07294564931759,3
1859,kimi_k3_max,52.783442057625365,4
1859,claude_opus_4_8_max,45.060331409854385,5
1859,gpt_5_5_xhigh,44.59653975660841,6
1859,deepseek_v4_flash_max,37.054139286636634,7
1859,claude_fable_5_max,36.34393785413168,8
1859,qwen3_8_max,31.132645442291576,9
1859,gpt_5_6_sol_max,25.682919991711913,10
1860,gemini_3_1_pro_high,69.44963022190883,1
1860,deepseek_v4_pro_max,69.07808074624246,2
1860,claude_fable_5_max,62.306831971016464,3
1860,claude_opus_4_8_max,46.25646270432391,4
1860,gpt_5_6_sol_max,39.71269213742692,5
1860,qwen3_8_max,39.21128202539492,6
1860,glm_5_2_max,30.944829673247604,7
1860,kimi_k3_max,30.448420644520077,8
1860,gpt_5_5_xhigh,29.57188806728754,9
1860,deepseek_v4_flash_max,12.366989627136872,10
1861,gemini_3_1_pro_high,61.52729849475219,1
1861,claude_opus_4_8_max,60.16376474576863,2
1861,gpt_5_6_sol_max,59.48146812654531,3
1861,qwen3_8_max,58.635839566422,4
1861,kimi_k3_max,55.81845372462763,5
1861,deepseek_v4_pro_max,43.02189666443161,6
1861,gpt_5_5_xhigh,41.99127173425537,7
1861,deepseek_v4_flash_max,37.62314533146416,8
1861,glm_5_2_max,32.09377764902959,9
1861,claude_fable_5_max,31.656546446457078,10
1862,gpt_5_6_sol_max,66.52384470934555,1
1862,kimi_k3_max,62.69770246236552,2
1862,qwen3_8_max,58.10448720947009,3
1862,claude_fable_5_max,57.62302257065927,4
1862,gemini_3_1_pro_high,52.04588472959813,5
1862,claude_opus_4_8_max,51.69460586513599,6
1862,deepseek_v4_flash_max,49.77649718059058,7
1862,gpt_5_5_xhigh,46.605601434663946,8
1862,deepseek_v4_pro_max,46.20496263638937,9
1862,glm_5_2_max,34.34381767233255,10
1863,deepseek_v4_pro_max,67.67232242225391,1
1863,claude_fable_5_max,65.92795838268174,2
1863,glm_5_2_max,65.92051944527327,3
1863,qwen3_8_max,62.69852893940523,4
1863,deepseek_v4_flash_max,53.76661798218681,5
1863,gpt_5_5_xhigh,52.35408389078122,6
1863,claude_opus_4_8_max,49.20500014072058,7
1863,kimi_k3_max,45.22681134250561,8
1863,gpt_5_6_sol_max,41.846404393169784,9
1863,gemini_3_1_pro_high,30.373638526779985,10
1864,claude_opus_4_8_max,73.76978273902354,1
1864,deepseek_v4_pro_max,65.76909167994074,2
1864,kimi_k3_max,60.07829715310253,3
1864,glm_5_2_max,53.09287094584663,4
1864,deepseek_v4_flash_max,44.49178282991967,5
1864,gpt_5_5_xhigh,41.81570053364988,6
1864,qwen3_8_max,38.61152114940248,7
1864,claude_fable_5_max,31.128266103891306,8
1864,gpt_5_6_sol_max,29.121988476856252,9
1864,gemini_3_1_pro_high,25.38060240331258,10
1865,deepseek_v4_pro_max,77.89975667136181,1
1865,gpt_5_6_sol_max,74.64652250277945,2
1865,gpt_5_5_xhigh,70.7281711190913,3
1865,kimi_k3_max,59.37550463367263,4
1865,glm_5_2_max,59.08969923028002,5
1865,qwen3_8_max,58.69843529894933,6
1865,claude_opus_4_8_max,50.38421895177589,7
1865,deepseek_v4_flash_max,45.25401255830668,8
1865,gemini_3_1_pro_high,44.85600163185466,9
1865,claude_fable_5_max,27.84900742013739,10
1866,claude_fable_5_max,68.6845163965673,1
1866,claude_opus_4_8_max,65.41311337379415,2
1866,gemini_3_1_pro_high,62.36784482074302,3
1866,gpt_5_5_xhigh,56.040798973502646,4
1866,kimi_k3_max,46.118167906501654,5
1866,gpt_5_6_sol_max,42.81870828908927,6
1866,qwen3_8_max,40.814306348513114,7
1866,glm_5_2_max,34.54648985739955,8
1866,deepseek_v4_pro_max,34.29785794833565,9
1866,deepseek_v4_flash_max,24.571543787100953,10
1867,deepseek_v4_flash_max,79.62843159431792,1
1867,qwen3_8_max,66.9274992106249,2
1867,glm_5_2_max,64.59149015894697,3
1867,deepseek_v4_pro_max,60.986171312744744,4
1867,gpt_5_6_sol_max,59.25433155351612,5
1867,gpt_5_5_xhigh,59.0063400065584,6
1867,claude_opus_4_8_max,52.726752102938136,7
1867,claude_fable_5_max,44.4979385179206,8
1867,gemini_3_1_pro_high,30.378216305776505,9
1867,kimi_k3_max,28.367240239800797,10
1868,claude_opus_4_8_max,66.26126909216985,1
1868,kimi_k3_max,60.32943234782172,2
1868,claude_fable_5_max,60.09244079971171,3
1868,qwen3_8_max,59.47629311258969,4
1868,gpt_5_5_xhigh,52.528469626220264,5
1868,gpt_5_6_sol_max,51.07384009556164,6
1868,deepseek_v4_pro_max,50.631950793749596,7
1868,gemini_3_1_pro_high,39.927963740251606,8
1868,deepseek_v4_flash_max,29.93741078397452,9
1868,glm_5_2_max,20.966390609384646,10
1869,claude_fable_5_max,78.61568654111234,1
1869,deepseek_v4_flash_max,54.25260847385979,2
1869,glm_5_2_max,51.85154592298375,3
1869,claude_opus_4_8_max,46.31555074073875,4
1869,gpt_5_5_xhigh,42.246486868494955,5
1869,qwen3_8_max,37.28558609205598,6
1869,gemini_3_1_pro_high,28.404026643331612,7
1869,gpt_5_6_sol_max,22.664274357862343,8
1869,deepseek_v4_pro_max,20.728806064066042,9
1869,kimi_k3_max,17.927827950462415,10
1870,claude_fable_5_max,79.15634416541997,1
1870,gemini_3_1_pro_high,68.58838916889675,2
1870,kimi_k3_max,57.11348900104383,3
1870,claude_opus_4_8_max,49.1384204675405,4
1870,gpt_5_6_sol_max,47.201733988966936,5
1870,glm_5_2_max,46.50249712089978,6
1870,gpt_5_5_xhigh,45.80727931728281,7
1870,qwen3_8_max,42.675223253940146,8
1870,deepseek_v4_flash_max,29.45336949592687,9
1870,deepseek_v4_pro_max,21.23495089454686,10
1871,claude_opus_4_8_max,68.55272832785703,1
1871,deepseek_v4_pro_max,50.99260315928341,2
1871,deepseek_v4_flash_max,50.34096816264391,3
1871,gpt_5_5_xhigh,49.179614535155494,4
1871,kimi_k3_max,46.878820863333615,5
1871,gemini_3_1_pro_high,44.943112001831295,6
1871,glm_5_2_max,36.29193274792773,7
1871,claude_fable_5_max,36.201375757603266,8
1871,gpt_5_6_sol_max,29.534258461705008,9
1871,qwen3_8_max,19.587898648342872,10
1872,deepseek_v4_pro_max,83.104892460686,1
1872,kimi_k3_max,66.4023886864217,2
1872,deepseek_v4_flash_max,61.640670521659715,3
1872,claude_fable_5_max,55.26393362441406,4
1872,gpt_5_6_sol_max,52.74126635004115,5
1872,qwen3_8_max,51.90146452133878,6
1872,claude_opus_4_8_max,46.69747064100207,7
1872,glm_5_2_max,31.134551714015583,8
1872,gpt_5_5_xhigh,26.45637889961835,9
1872,gemini_3_1_pro_high,22.34448519436233,10
1873,deepseek_v4_flash_max,82.51688128176463,1
1873,gpt_5_6_sol_max,64.96513994120777,2
1873,qwen3_8_max,64.93996681866625,3
1873,gpt_5_5_xhigh,63.622248299830275,4
1873,deepseek_v4_pro_max,62.875687637573456,5
1873,claude_opus_4_8_max,57.72577001821677,6
1873,glm_5_2_max,53.435482878442556,7
1873,kimi_k3_max,52.43198319784145,8
1873,gemini_3_1_pro_high,40.11295761205701,9
1873,claude_fable_5_max,20.437231069692054,10
1874,gemini_3_1_pro_high,82.9737101100185,1
1874,gpt_5_6_sol_max,66.71578155768474,2
1874,kimi_k3_max,55.187628978657756,3
1874,claude_opus_4_8_max,52.027324080723275,4
1874,deepseek_v4_flash_max,48.704306029706444,5
1874,qwen3_8_max,46.92861640398255,6
1874,deepseek_v4_pro_max,38.105271528420076,7
1874,gpt_5_5_xhigh,36.04609286001431,8
1874,claude_fable_5_max,30.78040219542622,9
1874,glm_5_2_max,25.671941676801268,10
1875,kimi_k3_max,74.64988798250073,1
1875,deepseek_v4_flash_max,67.88696438792654,2
1875,claude_opus_4_8_max,66.70137226456882,3
1875,gpt_5_6_sol_max,55.55940068701041,4
1875,gpt_5_5_xhigh,54.958441166768125,5
1875,glm_5_2_max,49.21745231413663,6
1875,gemini_3_1_pro_high,42.284366106619146,7
1875,claude_fable_5_max,35.97735133349687,8
1875,qwen3_8_max,32.69517100649192,9
1875,deepseek_v4_pro_max,21.905823323170626,10
1876,claude_fable_5_max,72.51895853148638,1
1876,deepseek_v4_pro_max,58.4763602791308,2
1876,qwen3_8_max,47.17086141909017,3
1876,gpt_5_6_sol_max,45.66274376573793,4
1876,claude_opus_4_8_max,43.37192087181972,5
1876,gpt_5_5_xhigh,41.53431580645332,6
1876,gemini_3_1_pro_high,33.40728822684448,7
1876,kimi_k3_max,28.790141041703595,8
1876,glm_5_2_max,22.40598381438393,9
1876,deepseek_v4_flash_max,16.551813663859537,10
1877,claude_fable_5_max,64.22372303451692,1
1877,deepseek_v4_pro_max,63.074134782034704,2
1877,kimi_k3_max,58.957085341250945,3
1877,glm_5_2_max,57.84871193888991,4
1877,gpt_5_6_sol_max,51.09828325668385,5
1877,gpt_5_5_xhigh,46.947708316370566,6
1877,claude_opus_4_8_max,41.278356945739375,7
1877,qwen3_8_max,38.08427642350459,8
1877,gemini_3_1_pro_high,30.520147321399847,9
1877,deepseek_v4_flash_max,17.65798226110331,10
1878,gemini_3_1_pro_high,63.35169711405764,1
1878,claude_opus_4_8_max,58.232688165333215,2
1878,kimi_k3_max,55.848745262089324,3
1878,gpt_5_6_sol_max,50.13689636178517,4
1878,gpt_5_5_xhigh,49.53629546330251,5
1878,qwen3_8_max,48.207604194409285,6
1878,claude_fable_5_max,43.04814959787788,7
1878,deepseek_v4_flash_max,40.13143445322645,8
1878,deepseek_v4_pro_max,37.0315009716234,9
1878,glm_5_2_max,35.95351509310857,10
1879,gpt_5_5_xhigh,72.48869425802307,1
1879,deepseek_v4_pro_max,69.68444578321245,2
1879,claude_opus_4_8_max,57.18541791395263,3
1879,kimi_k3_max,49.86862536525907,4
1879,qwen3_8_max,48.29987324666424,5
1879,gemini_3_1_pro_high,42.190414918048795,6
1879,gpt_5_6_sol_max,41.03820181939621,7
1879,glm_5_2_max,39.656525051817916,8
1879,deepseek_v4_flash_max,38.17669316299655,9
1879,claude_fable_5_max,28.313097030055303,10
1880,claude_fable_5_max,71.1610642585723,1
1880,deepseek_v4_pro_max,69.69489543781997,2
1880,kimi_k3_max,66.6665443621994,3
1880,gpt_5_5_xhigh,64.5505677935367,4
1880,gpt_5_6_sol_max,57.25166106208818,5
1880,claude_opus_4_8_max,55.218096724988506,6
1880,qwen3_8_max,53.92734910745021,7
1880,gemini_3_1_pro_high,41.33122654044175,8
1880,deepseek_v4_flash_max,39.23841802646214,9
1880,glm_5_2_max,29.10751104423621,10
1881,gemini_3_1_pro_high,71.89644881881169,1
1881,claude_fable_5_max,70.21260741519768,2
1881,deepseek_v4_pro_max,58.577093296154786,3
1881,qwen3_8_max,55.96036676808416,4
1881,glm_5_2_max,47.33050343690916,5
1881,gpt_5_6_sol_max,44.342415007678454,6
1881,kimi_k3_max,42.597629043970315,7
1881,gpt_5_5_xhigh,36.985871274913485,8
1881,claude_opus_4_8_max,35.723631181848475,9
1881,deepseek_v4_flash_max,25.724536421398852,10
1882,deepseek_v4_pro_max,69.59602085841017,1
1882,gpt_5_5_xhigh,61.75150897486815,2
1882,gpt_5_6_sol_max,58.462657006069584,3
1882,claude_fable_5_max,56.571474758488264,4
1882,glm_5_2_max,52.6672864972946,5
1882,gemini_3_1_pro_high,49.77913832200124,6
1882,claude_opus_4_8_max,46.574713628474555,7
1882,qwen3_8_max,44.86572706230184,8
1882,kimi_k3_max,40.07951268589072,9
1882,deepseek_v4_flash_max,22.212375324061366,10
1883,glm_5_2_max,66.52890916873216,1
1883,claude_opus_4_8_max,55.80328504351001,2
1883,gpt_5_5_xhigh,55.55191090822229,3
1883,deepseek_v4_flash_max,52.524917312540694,4
1883,kimi_k3_max,50.23221636106957,5
1883,deepseek_v4_pro_max,44.45358303566886,6
1883,gpt_5_6_sol_max,38.32334695196631,7
1883,qwen3_8_max,37.22990399513355,8
1883,claude_fable_5_max,33.555735551727196,9
1883,gemini_3_1_pro_high,31.11668848027798,10
1884,deepseek_v4_pro_max,91.20574729329823,1
1884,qwen3_8_max,56.83272017387011,2
1884,gemini_3_1_pro_high,46.81767122437189,3
1884,deepseek_v4_flash_max,46.79324628478483,4
1884,kimi_k3_max,45.80823427476714,5
1884,gpt_5_5_xhigh,45.67360883354583,6
1884,glm_5_2_max,41.154149588406696,7
1884,claude_opus_4_8_max,36.8938467791062,8
1884,gpt_5_6_sol_max,36.391037380569486,9
1884,claude_fable_5_max,27.358736068332256,10
1885,glm_5_2_max,67.599074464056,1
1885,deepseek_v4_flash_max,67.21046845799765,2
1885,deepseek_v4_pro_max,66.7588610530328,3
1885,claude_fable_5_max,59.30294081556177,4
1885,kimi_k3_max,55.53055335733321,5
1885,gpt_5_6_sol_max,49.31589515454881,6
1885,claude_opus_4_8_max,48.03046507262822,7
1885,qwen3_8_max,46.27856909668362,8
1885,gpt_5_5_xhigh,30.526206150056716,9
1885,gemini_3_1_pro_high,24.0460713655064,10
1886,qwen3_8_max,71.26201205417259,1
1886,deepseek_v4_pro_max,62.240513692631644,2
1886,glm_5_2_max,52.62456524890938,3
1886,claude_fable_5_max,49.574742889832805,4
1886,gemini_3_1_pro_high,43.231339623258826,5
1886,claude_opus_4_8_max,35.377858134332776,6
1886,gpt_5_5_xhigh,30.5700043226363,7
1886,kimi_k3_max,29.447214836057473,8
1886,deepseek_v4_flash_max,22.05921007989288,9
1886,gpt_5_6_sol_max,19.084989254159968,10
1887,qwen3_8_max,65.17105213564237,1
1887,claude_fable_5_max,60.717687734433014,2
1887,gemini_3_1_pro_high,59.95100902919431,3
1887,deepseek_v4_pro_max,45.438805671687106,4
1887,gpt_5_5_xhigh,42.97038587383491,5
1887,kimi_k3_max,35.64596880467468,6
1887,claude_opus_4_8_max,33.467451677185636,7
1887,gpt_5_6_sol_max,32.663944990162555,8
1887,glm_5_2_max,30.580961843541914,9
1887,deepseek_v4_flash_max,20.004620684223127,10
1888,deepseek_v4_flash_max,66.72137894538253,1
1888,claude_fable_5_max,59.13339280656203,2
1888,kimi_k3_max,42.31896583740704,3
1888,qwen3_8_max,35.64568210082615,4
1888,gpt_5_6_sol_max,34.98279518959646,5
1888,gemini_3_1_pro_high,33.34954151217148,6
1888,glm_5_2_max,29.074445255835727,7
1888,deepseek_v4_pro_max,24.626771574485595,8
1888,claude_opus_4_8_max,20.516072583772374,9
1888,gpt_5_5_xhigh,19.544961945149435,10
1889,deepseek_v4_pro_max,74.6450782902836,1
1889,claude_fable_5_max,68.37300431968181,2
1889,gemini_3_1_pro_high,66.25585649307352,3
1889,claude_opus_4_8_max,66.02438667527713,4
1889,glm_5_2_max,63.50374733751505,5
1889,gpt_5_5_xhigh,58.112795923728854,6
1889,kimi_k3_max,46.441307144527165,7
1889,gpt_5_6_sol_max,40.178822844330654,8
1889,qwen3_8_max,34.41413153980129,9
1889,deepseek_v4_flash_max,12.783631805212666,10
1890,qwen3_8_max,67.86432971889627,1
1890,gpt_5_5_xhigh,61.64450206617387,2
1890,claude_fable_5_max,55.22265217339406,3
1890,deepseek_v4_flash_max,51.74711862692104,4
1890,claude_opus_4_8_max,51.54588887970549,5
1890,gpt_5_6_sol_max,47.45099805636883,6
1890,glm_5_2_max,40.41632276719706,7
1890,deepseek_v4_pro_max,38.285196195839504,8
1890,gemini_3_1_pro_high,31.756411871332475,9
1890,kimi_k3_max,17.593137314644856,10
1891,gemini_3_1_pro_high,73.20313731389433,1
1891,gpt_5_6_sol_max,71.96669862390277,2
1891,qwen3_8_max,69.04721509449318,3
1891,gpt_5_5_xhigh,68.73118153431369,4
1891,claude_opus_4_8_max,61.21125502653397,5
1891,claude_fable_5_max,57.273197767178104,6
1891,glm_5_2_max,55.45058236639941,7
1891,kimi_k3_max,46.600516919671236,8
1891,deepseek_v4_flash_max,37.49402431230376,9
1891,deepseek_v4_pro_max,32.79869259561669,10
1892,deepseek_v4_flash_max,86.112280853912,1
1892,gpt_5_6_sol_max,68.43698782152661,2
1892,kimi_k3_max,52.04599381843162,3
1892,claude_opus_4_8_max,45.348833359997315,4
1892,gpt_5_5_xhigh,43.776534075797315,5
1892,qwen3_8_max,42.62636970902683,6
1892,claude_fable_5_max,41.163863717590885,7
1892,gemini_3_1_pro_high,39.14660907886786,8
1892,glm_5_2_max,33.19988456728151,9
1892,deepseek_v4_pro_max,20.996059673279866,10
1893,gpt_5_5_xhigh,70.04320517177098,1
1893,kimi_k3_max,68.91039198845723,2
1893,deepseek_v4_pro_max,66.7507067266565,3
1893,gpt_5_6_sol_max,65.846806011879,4
1893,qwen3_8_max,55.57763040911399,5
1893,gemini_3_1_pro_high,54.08658717423549,6
1893,claude_opus_4_8_max,51.8353464539706,7
1893,deepseek_v4_flash_max,48.355530894353635,8
1893,claude_fable_5_max,34.96447565417324,9
1893,glm_5_2_max,34.81860061017904,10
1894,kimi_k3_max,64.75285696397479,1
1894,gpt_5_5_xhigh,64.64927546428297,2
1894,gemini_3_1_pro_high,61.00734301570596,3
1894,claude_fable_5_max,53.04180991478534,4
1894,deepseek_v4_flash_max,40.612321100140726,5
1894,deepseek_v4_pro_max,37.15715002805595,6
1894,glm_5_2_max,34.9857815476401,7
1894,qwen3_8_max,34.212954061399536,8
1894,claude_opus_4_8_max,27.73910308611459,9
1894,gpt_5_6_sol_max,24.951535604928015,10
1895,deepseek_v4_pro_max,77.84821979635349,1
1895,claude_fable_5_max,74.19620627784694,2
1895,kimi_k3_max,66.01269252814295,3
1895,gpt_5_5_xhigh,63.63831498036954,4
1895,claude_opus_4_8_max,56.18208832516431,5
1895,gemini_3_1_pro_high,47.54818630991934,6
1895,deepseek_v4_flash_max,43.87195003137879,7
1895,qwen3_8_max,41.74004229713495,8
1895,gpt_5_6_sol_max,34.014501860428204,9
1895,glm_5_2_max,27.89391041130041,10
1896,kimi_k3_max,68.99709636119223,1
1896,glm_5_2_max,64.56224917086402,2
1896,gpt_5_5_xhigh,63.81281605545241,3
1896,qwen3_8_max,61.77527839267485,4
1896,deepseek_v4_pro_max,56.623326892470345,5
1896,deepseek_v4_flash_max,52.383220018138545,6
1896,claude_opus_4_8_max,52.11159254531677,7
1896,gemini_3_1_pro_high,45.27350934402174,8
1896,gpt_5_6_sol_max,41.57367983416745,9
1896,claude_fable_5_max,23.607271286060794,10
1897,deepseek_v4_pro_max,74.05242074845145,1
1897,gpt_5_6_sol_max,57.264252572831126,2
1897,qwen3_8_max,56.552294768574015,3
1897,claude_opus_4_8_max,55.670306718383124,4
1897,gpt_5_5_xhigh,52.39490438741928,5
1897,kimi_k3_max,48.333590307944505,6
1897,glm_5_2_max,47.542750584900155,7
1897,claude_fable_5_max,34.37068999142442,8
1897,deepseek_v4_flash_max,28.77915830373078,9
1897,gemini_3_1_pro_high,20.61792310965076,10
1898,deepseek_v4_pro_max,74.63571351902873,1
1898,gpt_5_5_xhigh,51.03260912250869,2
1898,glm_5_2_max,46.44223318724931,3
1898,claude_opus_4_8_max,41.42449057542308,4
1898,gemini_3_1_pro_high,39.6932345728553,5
1898,gpt_5_6_sol_max,38.25839136473525,6
1898,deepseek_v4_flash_max,30.427855121372477,7
1898,claude_fable_5_max,22.770107475163982,8
1898,kimi_k3_max,19.798882810632307,9
1898,qwen3_8_max,18.437258686022474,10
1899,deepseek_v4_pro_max,89.93774334375418,1
1899,glm_5_2_max,66.75872535490684,2
1899,gpt_5_6_sol_max,63.79482078155365,3
1899,gemini_3_1_pro_high,61.741894101371265,4
1899,kimi_k3_max,60.21130797249768,5
1899,claude_fable_5_max,56.63778844989128,6
1899,gpt_5_5_xhigh,48.46943201228814,7
1899,claude_opus_4_8_max,44.31279058908247,8
1899,qwen3_8_max,38.34899211585716,9
1899,deepseek_v4_flash_max,12.936286537544714,10
1900,qwen3_8_max,65.51001327447969,1
1900,deepseek_v4_flash_max,64.77065467898358,2
1900,claude_fable_5_max,58.55986153863244,3
1900,gpt_5_5_xhigh,57.338989692853936,4
1900,kimi_k3_max,56.987929923516155,5
1900,gpt_5_6_sol_max,48.77660246137139,6
1900,gemini_3_1_pro_high,40.43167669798869,7
1900,claude_opus_4_8_max,38.14596319095024,8
1900,glm_5_2_max,22.571645977847666,9
1900,deepseek_v4_pro_max,17.82101048254618,10
1901,claude_fable_5_max,75.94018621828998,1
1901,glm_5_2_max,67.72948408922396,2
1901,qwen3_8_max,56.851868492782415,3
1901,gpt_5_5_xhigh,48.13507744999931,4
1901,claude_opus_4_8_max,43.726898963002554,5
1901,kimi_k3_max,40.067939811280844,6
1901,gpt_5_6_sol_max,37.71319429251755,7
1901,deepseek_v4_flash_max,37.235298849962405,8
1901,gemini_3_1_pro_high,32.36588196638645,9
1901,deepseek_v4_pro_max,31.381652713794622,10
1902,deepseek_v4_pro_max,77.74034088158461,1
1902,claude_opus_4_8_max,69.35810302064493,2
1902,qwen3_8_max,64.45279509652357,3
1902,kimi_k3_max,59.325574037849734,4
1902,deepseek_v4_flash_max,58.146489165911525,5
1902,gemini_3_1_pro_high,47.94713075844891,6
1902,gpt_5_5_xhigh,47.82856716351159,7
1902,gpt_5_6_sol_max,40.1828318801274,8
1902,glm_5_2_max,29.916419645651537,9
1902,claude_fable_5_max,27.110309810051916,10
1903,claude_fable_5_max,85.27029345177888,1
1903,qwen3_8_max,67.6570188222254,2
1903,deepseek_v4_pro_max,53.02205518353106,3
1903,gpt_5_5_xhigh,49.53846075741966,4
1903,gemini_3_1_pro_high,42.16108740072887,5
1903,gpt_5_6_sol_max,36.93457430344696,6
1903,kimi_k3_max,34.64720253326428,7
1903,claude_opus_4_8_max,23.61699146142618,8
1903,glm_5_2_max,22.15534387424213,9
1903,deepseek_v4_flash_max,14.896666277572173,10
1904,claude_fable_5_max,70.42292015110316,1
1904,deepseek_v4_pro_max,61.05491769061524,2
1904,gpt_5_6_sol_max,60.34000478660189,3
1904,qwen3_8_max,58.519576362925704,4
1904,claude_opus_4_8_max,55.22082619652998,5
1904,kimi_k3_max,46.648045798328205,6
1904,gpt_5_5_xhigh,46.38650038624259,7
1904,gemini_3_1_pro_high,44.05858679389473,8
1904,glm_5_2_max,29.519549927367567,9
1904,deepseek_v4_flash_max,26.128073529315728,10
1905,gpt_5_6_sol_max,67.74155552840831,1
1905,gpt_5_5_xhigh,61.078781368341524,2
1905,claude_fable_5_max,57.68339838425405,3
1905,qwen3_8_max,55.832536497714074,4
1905,deepseek_v4_pro_max,46.193444327658604,5
1905,gemini_3_1_pro_high,40.929691245544035,6
1905,glm_5_2_max,31.059074885112594,7
1905,deepseek_v4_flash_max,30.39278758111319,8
1905,claude_opus_4_8_max,29.505003082122855,9
1905,kimi_k3_max,21.41393517228402,10
1906,deepseek_v4_pro_max,68.9405010487286,1
1906,deepseek_v4_flash_max,65.36489201818856,2
1906,claude_fable_5_max,60.83423682849475,3
1906,gpt_5_5_xhigh,58.19436503081246,4
1906,kimi_k3_max,55.59847988606431,5
1906,claude_opus_4_8_max,54.44639007065269,6
1906,gemini_3_1_pro_high,53.807475863088655,7
1906,qwen3_8_max,42.19880787999568,8
1906,gpt_5_6_sol_max,41.57776129943107,9
1906,glm_5_2_max,33.858857358667365,10
1907,gemini_3_1_pro_high,68.83280174805459,1
1907,deepseek_v4_flash_max,65.03673185253035,2
1907,qwen3_8_max,62.540261489446394,3
1907,kimi_k3_max,60.14758795239396,4
1907,claude_fable_5_max,58.48277070186703,5
1907,claude_opus_4_8_max,57.16769042385002,6
1907,gpt_5_6_sol_max,57.08672829433249,7
1907,glm_5_2_max,51.59359483085646,8
1907,gpt_5_5_xhigh,50.28348699362595,9
1907,deepseek_v4_pro_max,31.65428132291814,10
1908,claude_fable_5_max,87.53543817304717,1
1908,deepseek_v4_flash_max,70.34778543167579,2
1908,deepseek_v4_pro_max,49.258496241108475,3
1908,qwen3_8_max,48.31060181548749,4
1908,gemini_3_1_pro_high,48.12162024691201,5
1908,claude_opus_4_8_max,35.74389042930372,6
1908,kimi_k3_max,33.35724686236717,7
1908,gpt_5_5_xhigh,27.176092514423186,8
1908,gpt_5_6_sol_max,25.57408331920314,9
1908,glm_5_2_max,14.937128835814242,10
1909,gpt_5_6_sol_max,66.84435562888538,1
1909,deepseek_v4_flash_max,66.30717524404645,2
1909,kimi_k3_max,63.13228418849228,3
1909,claude_opus_4_8_max,57.25490096438435,4
1909,claude_fable_5_max,57.185832165899825,5
1909,deepseek_v4_pro_max,53.47222286848544,6
1909,gpt_5_5_xhigh,47.42265384958385,7
1909,glm_5_2_max,41.16051916016176,8
1909,qwen3_8_max,38.2339007910742,9
1909,gemini_3_1_pro_high,37.08529616906893,10
1910,claude_fable_5_max,76.98330975550478,1
1910,deepseek_v4_flash_max,65.57174497071446,2
1910,glm_5_2_max,56.791227645456324,3
1910,gpt_5_5_xhigh,51.63568758382143,4
1910,gemini_3_1_pro_high,41.010279272298675,5
1910,qwen3_8_max,40.49089100528642,6
1910,gpt_5_6_sol_max,40.00097551898629,7
1910,deepseek_v4_pro_max,39.6759193219372,8
1910,claude_opus_4_8_max,37.042173921548766,9
1910,kimi_k3_max,16.848349671229116,10
1911,kimi_k3_max,78.48608141124517,1
1911,deepseek_v4_flash_max,68.20021000595185,2
1911,claude_fable_5_max,67.68820078218525,3
1911,claude_opus_4_8_max,42.51442491008511,4
1911,gemini_3_1_pro_high,41.17708699718138,5
1911,qwen3_8_max,40.01724178073147,6
1911,gpt_5_5_xhigh,39.88399800673483,7
1911,gpt_5_6_sol_max,33.94433974567404,8
1911,deepseek_v4_pro_max,30.42317986186026,9
1911,glm_5_2_max,30.257131805177714,10
1912,kimi_k3_max,74.12428963680088,1
1912,gemini_3_1_pro_high,57.99507350043138,2
1912,qwen3_8_max,57.79283354641665,3
1912,claude_opus_4_8_max,54.564545558571545,4
1912,glm_5_2_max,49.130884961535855,5
1912,claude_fable_5_max,45.5485720089828,6
1912,gpt_5_6_sol_max,40.467091977526614,7
1912,deepseek_v4_pro_max,34.12045725198749,8
1912,gpt_5_5_xhigh,29.314508960801373,9
1912,deepseek_v4_flash_max,23.080486939540105,10
1913,claude_fable_5_max,83.9387107031915,1
1913,gemini_3_1_pro_high,44.609506784506245,2
1913,gpt_5_6_sol_max,40.304260980370245,3
1913,deepseek_v4_pro_max,37.4406574766482,4
1913,qwen3_8_max,32.026598295931024,5
1913,glm_5_2_max,31.635487371440597,6
1913,claude_opus_4_8_max,29.809682781820854,7
1913,deepseek_v4_flash_max,27.426713950163858,8
1913,gpt_5_5_xhigh,18.61365902371095,9
1913,kimi_k3_max,18.404770284869134,10
1914,claude_opus_4_8_max,63.76703942200446,1
1914,kimi_k3_max,63.28308193433929,2
1914,deepseek_v4_flash_max,61.905186070012675,3
1914,gpt_5_6_sol_max,61.75301694425046,4
1914,gemini_3_1_pro_high,58.85113355446717,5
1914,glm_5_2_max,51.80815811202069,6
1914,claude_fable_5_max,44.62005491576983,7
1914,qwen3_8_max,41.66631073705167,8
1914,gpt_5_5_xhigh,34.572722427524425,9
1914,deepseek_v4_pro_max,18.466382224851834,10
1915,deepseek_v4_pro_max,60.425397794237355,1
1915,claude_fable_5_max,52.217010447318344,2
1915,gpt_5_6_sol_max,50.492710464684095,3
1915,qwen3_8_max,46.5123329325062,4
1915,claude_opus_4_8_max,43.93153026619027,5
1915,gemini_3_1_pro_high,39.0619940640616,6
1915,kimi_k3_max,37.13068240661568,7
1915,gpt_5_5_xhigh,34.57015060862456,8
1915,glm_5_2_max,21.319865324204606,9
1915,deepseek_v4_flash_max,16.694112739014074,10
1916,qwen3_8_max,62.12392995814815,1
1916,deepseek_v4_pro_max,60.963353005081416,2
1916,gpt_5_5_xhigh,57.95107804478724,3
1916,claude_opus_4_8_max,55.55940441975456,4
1916,deepseek_v4_flash_max,55.36414046535432,5
1916,glm_5_2_max,46.79740507280647,6
1916,gemini_3_1_pro_high,39.3518730419936,7
1916,claude_fable_5_max,38.638305198348704,8
1916,gpt_5_6_sol_max,31.158235288048523,9
1916,kimi_k3_max,27.26937918425634,10
1917,deepseek_v4_pro_max,92.98278176876397,1
1917,kimi_k3_max,68.95013281653736,2
1917,claude_fable_5_max,64.41773340931668,3
1917,claude_opus_4_8_max,50.7146988895506,4
1917,gemini_3_1_pro_high,46.669746963580174,5
1917,gpt_5_5_xhigh,43.72963632275889,6
1917,gpt_5_6_sol_max,34.367873275340415,7
1917,qwen3_8_max,31.85956185060686,8
1917,glm_5_2_max,26.578525501094525,9
1917,deepseek_v4_flash_max,16.555630600362434,10
1918,gemini_3_1_pro_high,77.58717085192686,1
1918,gpt_5_6_sol_max,67.19700454184157,2
1918,gpt_5_5_xhigh,64.20746245230336,3
1918,claude_fable_5_max,59.158631424785455,4
1918,claude_opus_4_8_max,58.96864920765179,5
1918,deepseek_v4_flash_max,52.501368869234696,6
1918,qwen3_8_max,50.69913845462911,7
1918,kimi_k3_max,43.43474860814765,8
1918,glm_5_2_max,27.236709059539013,9
1918,deepseek_v4_pro_max,19.07595358347285,10
1919,gpt_5_5_xhigh,71.92184000058761,1
1919,kimi_k3_max,69.91592390120005,2
1919,gemini_3_1_pro_high,68.09992474959598,3
1919,gpt_5_6_sol_max,57.51744742196206,4
1919,deepseek_v4_flash_max,55.29388765482794,5
1919,deepseek_v4_pro_max,42.035984038752055,6
1919,qwen3_8_max,38.15228016501852,7
1919,claude_opus_4_8_max,37.79850636547608,8
1919,glm_5_2_max,30.69471520130587,9
1919,claude_fable_5_max,19.38152714080846,10
1920,deepseek_v4_pro_max,79.83863876664485,1
1920,gpt_5_6_sol_max,69.53041895315458,2
1920,kimi_k3_max,58.53567152656541,3
1920,claude_fable_5_max,56.500351535211216,4
1920,claude_opus_4_8_max,52.53418665860839,5
1920,gpt_5_5_xhigh,51.606362740875504,6
1920,qwen3_8_max,49.25471464125859,7
1920,deepseek_v4_flash_max,45.02780149390176,8
1920,glm_5_2_max,42.32369700851493,9
1920,gemini_3_1_pro_high,34.85029827291183,10
1921,claude_fable_5_max,63.46232017953184,1
1921,deepseek_v4_flash_max,58.53865919535433,2
1921,glm_5_2_max,52.50223023387947,3
1921,claude_opus_4_8_max,51.49773208496072,4
1921,kimi_k3_max,50.28220510600516,5
1921,qwen3_8_max,49.04398455145693,6
1921,gemini_3_1_pro_high,48.39565192204588,7
1921,gpt_5_5_xhigh,48.29785984973134,8
1921,gpt_5_6_sol_max,47.75222399552939,9
1921,deepseek_v4_pro_max,38.85187154356995,10
1922,deepseek_v4_flash_max,73.72225891763217,1
1922,kimi_k3_max,60.352898255094175,2
1922,qwen3_8_max,59.57357202669871,3
1922,gpt_5_6_sol_max,55.160498093663534,4
1922,deepseek_v4_pro_max,52.17495186951328,5
1922,gpt_5_5_xhigh,45.80888821016441,6
1922,claude_opus_4_8_max,43.71142964475892,7
1922,gemini_3_1_pro_high,40.5324543320201,8
1922,glm_5_2_max,39.45716322131156,9
1922,claude_fable_5_max,26.581315363301385,10
1923,deepseek_v4_pro_max,72.23371539780676,1
1923,kimi_k3_max,68.97958186754772,2
1923,glm_5_2_max,62.74319813308172,3
1923,gemini_3_1_pro_high,44.44424467160256,4
1923,gpt_5_6_sol_max,43.9116146586842,5
1923,gpt_5_5_xhigh,42.544776904817134,6
1923,deepseek_v4_flash_max,37.52982384705296,7
1923,claude_fable_5_max,33.5549327915063,8
1923,claude_opus_4_8_max,30.7797148486891,9
1923,qwen3_8_max,23.539960220200726,10
1924,deepseek_v4_pro_max,75.9021082985664,1
1924,deepseek_v4_flash_max,74.54312131963405,2
1924,gpt_5_5_xhigh,70.06512186137837,3
1924,kimi_k3_max,57.363983078165184,4
1924,gpt_5_6_sol_max,56.74814871040977,5
1924,claude_opus_4_8_max,53.26233528240765,6
1924,qwen3_8_max,48.00082686470425,7
1924,glm_5_2_max,47.677198705810866,8
1924,gemini_3_1_pro_high,46.85569675294995,9
1924,claude_fable_5_max,23.555521032150892,10
1925,deepseek_v4_flash_max,73.16403854263989,1
1925,claude_opus_4_8_max,72.34851457822859,2
1925,claude_fable_5_max,68.6235866361279,3
1925,qwen3_8_max,65.47288363306092,4
1925,kimi_k3_max,47.78180009991708,5
1925,gpt_5_5_xhigh,44.74044727251535,6
1925,gpt_5_6_sol_max,43.227802868291946,7
1925,glm_5_2_max,38.48817727059371,8
1925,gemini_3_1_pro_high,36.55440728312401,9
1925,deepseek_v4_pro_max,28.259740487793536,10
1926,claude_opus_4_8_max,78.60751348208643,1
1926,kimi_k3_max,53.39912284115767,2
1926,deepseek_v4_flash_max,52.28660575716499,3
1926,gpt_5_5_xhigh,52.27495395664091,4
1926,deepseek_v4_pro_max,52.0924132995401,5
1926,gemini_3_1_pro_high,50.44848708585505,6
1926,glm_5_2_max,46.34212082425261,7
1926,qwen3_8_max,40.15677063383127,8
1926,gpt_5_6_sol_max,32.79217058532504,9
1926,claude_fable_5_max,23.862838559706404,10
1927,deepseek_v4_flash_max,79.7931394734247,1
1927,gpt_5_5_xhigh,71.29001321036462,2
1927,glm_5_2_max,65.25361966815652,3
1927,gemini_3_1_pro_high,64.1951029290413,4
1927,claude_opus_4_8_max,57.23332612289143,5
1927,gpt_5_6_sol_max,54.82687485003599,6
1927,qwen3_8_max,52.08618040591029,7
1927,kimi_k3_max,50.57152700522302,8
1927,claude_fable_5_max,35.16891551942192,9
1927,deepseek_v4_pro_max,34.100719367538126,10
1928,gemini_3_1_pro_high,72.02290054910736,1
1928,gpt_5_6_sol_max,70.0057403950097,2
1928,gpt_5_5_xhigh,50.35940836983223,3
1928,claude_opus_4_8_max,47.93419463882111,4
1928,qwen3_8_max,46.43904630715753,5
1928,glm_5_2_max,45.7663330969721,6
1928,kimi_k3_max,44.34375915103661,7
1928,deepseek_v4_pro_max,30.296040386720136,8
1928,deepseek_v4_flash_max,30.077234603210034,9
1928,claude_fable_5_max,17.325210145277072,10
1929,qwen3_8_max,81.92618465815478,1
1929,claude_fable_5_max,66.37211905718625,2
1929,gemini_3_1_pro_high,61.30031568520678,3
1929,glm_5_2_max,57.12352916828436,4
1929,claude_opus_4_8_max,55.98419500658754,5
1929,gpt_5_6_sol_max,45.28155198165201,6
1929,gpt_5_5_xhigh,43.688855072270236,7
1929,deepseek_v4_flash_max,40.86004902980966,8
1929,kimi_k3_max,33.877938122480494,9
1929,deepseek_v4_pro_max,22.59955977054588,10
1930,claude_fable_5_max,77.72969664243128,1
1930,qwen3_8_max,67.49509052120183,2
1930,deepseek_v4_flash_max,65.77335288024496,3
1930,claude_opus_4_8_max,59.83310375003053,4
1930,gemini_3_1_pro_high,48.85971270509251,5
1930,gpt_5_5_xhigh,47.29125347264262,6
1930,deepseek_v4_pro_max,46.53630704892569,7
1930,glm_5_2_max,39.424170298314095,8
1930,gpt_5_6_sol_max,37.68802708908203,9
1930,kimi_k3_max,37.53144507307889,10
1931,claude_fable_5_max,81.49498496166729,1
1931,claude_opus_4_8_max,64.20894517143383,2
1931,gpt_5_6_sol_max,54.41053771757721,3
1931,qwen3_8_max,53.49675284595018,4
1931,deepseek_v4_pro_max,49.18273511876184,5
1931,kimi_k3_max,46.05136765036088,6
1931,glm_5_2_max,44.14510734036359,7
1931,gpt_5_5_xhigh,42.43138914954641,8
1931,gemini_3_1_pro_high,33.22732380759395,9
1931,deepseek_v4_flash_max,12.35634969090448,10
1932,deepseek_v4_flash_max,71.2243943245262,1
1932,kimi_k3_max,66.04078798677882,2
1932,claude_opus_4_8_max,56.04220675214792,3
1932,claude_fable_5_max,53.78357535078439,4
1932,gpt_5_6_sol_max,52.087643496322215,5
1932,glm_5_2_max,51.047212777310776,6
1932,gemini_3_1_pro_high,41.65188571221291,7
1932,qwen3_8_max,41.0881258931024,8
1932,gpt_5_5_xhigh,31.19706333295857,9
1932,deepseek_v4_pro_max,3.8399595348412303,10
1933,kimi_k3_max,81.50355845855815,1
1933,gpt_5_5_xhigh,79.91517734919256,2
1933,gpt_5_6_sol_max,75.72222903644311,3
1933,qwen3_8_max,56.67937927573952,4
1933,deepseek_v4_pro_max,50.06480836990595,5
1933,deepseek_v4_flash_max,48.453728115524804,6
1933,gemini_3_1_pro_high,43.322769765692655,7
1933,claude_opus_4_8_max,42.55014814403228,8
1933,glm_5_2_max,38.97116736989096,9
1933,claude_fable_5_max,38.37259950332678,10
1934,claude_fable_5_max,66.75683424251108,1
1934,gpt_5_6_sol_max,61.066670692514535,2
1934,deepseek_v4_pro_max,55.97125614763177,3
1934,claude_opus_4_8_max,55.74172954718191,4
1934,gemini_3_1_pro_high,46.283103733270586,5
1934,gpt_5_5_xhigh,42.09670392444258,6
1934,kimi_k3_max,32.773330349900334,7
1934,qwen3_8_max,28.154675309392935,8
1934,glm_5_2_max,19.287885275728517,9
1934,deepseek_v4_flash_max,16.826384958707628,10
1935,kimi_k3_max,63.986279010530026,1
1935,gpt_5_5_xhigh,60.8941211422969,2
1935,deepseek_v4_pro_max,59.86846234839416,3
1935,claude_opus_4_8_max,59.62502928143033,4
1935,claude_fable_5_max,51.279879697039796,5
1935,deepseek_v4_flash_max,45.767724532847694,6
1935,gpt_5_6_sol_max,44.43952887526024,7
1935,qwen3_8_max,39.729818516035294,8
1935,glm_5_2_max,35.28641698257162,9
1935,gemini_3_1_pro_high,20.339743042123757,10
1936,claude_fable_5_max,79.4976761442633,1
1936,gpt_5_6_sol_max,72.51478618783241,2
1936,deepseek_v4_pro_max,64.70519748366824,3
1936,glm_5_2_max,58.4419302086974,4
1936,deepseek_v4_flash_max,56.661144708369505,5
1936,gpt_5_5_xhigh,52.39311035765508,6
1936,claude_opus_4_8_max,51.905223227221,7
1936,gemini_3_1_pro_high,49.90790239494011,8
1936,kimi_k3_max,40.44504297495814,9
1936,qwen3_8_max,39.14061116457354,10
1937,claude_fable_5_max,65.73450181874101,1
1937,claude_opus_4_8_max,50.792985571017965,2
1937,gpt_5_6_sol_max,47.85173506268119,3
1937,gpt_5_5_xhigh,45.779730957641455,4
1937,deepseek_v4_flash_max,38.43364795955792,5
1937,qwen3_8_max,36.35442349023469,6
1937,gemini_3_1_pro_high,32.23060829415055,7
1937,deepseek_v4_pro_max,30.77179180346707,8
1937,kimi_k3_max,27.91435498597341,9
1937,glm_5_2_max,25.3929079856665,10
1938,deepseek_v4_pro_max,61.80068497278684,1
1938,kimi_k3_max,60.031128813163036,2
1938,gemini_3_1_pro_high,56.56459586829149,3
1938,gpt_5_5_xhigh,49.928423150150365,4
1938,gpt_5_6_sol_max,49.3450260650573,5
1938,glm_5_2_max,43.53408449849228,6
1938,deepseek_v4_flash_max,40.38229032769186,7
1938,qwen3_8_max,40.23444677251502,8
1938,claude_opus_4_8_max,32.76542436618891,9
1938,claude_fable_5_max,27.458286594243,10
1939,gemini_3_1_pro_high,67.09526549892081,1
1939,glm_5_2_max,62.13138357552634,2
1939,gpt_5_5_xhigh,50.26612916566514,3
1939,claude_opus_4_8_max,48.70007974192792,4
1939,kimi_k3_max,47.92066713884415,5
1939,claude_fable_5_max,47.62826897894203,6
1939,gpt_5_6_sol_max,43.33210328251545,7
1939,qwen3_8_max,40.942848450179,8
1939,deepseek_v4_flash_max,36.00275396363523,9
1939,deepseek_v4_pro_max,16.42168186629335,10
1940,deepseek_v4_pro_max,74.6641865250558,1
1940,deepseek_v4_flash_max,64.59208296341907,2
1940,claude_opus_4_8_max,64.42312802311014,3
1940,kimi_k3_max,59.56839949360486,4
1940,claude_fable_5_max,55.18482791296214,5
1940,glm_5_2_max,49.40499996396598,6
1940,gpt_5_6_sol_max,48.526794925301374,7
1940,gemini_3_1_pro_high,45.82482693141735,8
1940,gpt_5_5_xhigh,43.34686252777629,9
1940,qwen3_8_max,41.611725604111804,10
1941,claude_fable_5_max,67.40785848521767,1
1941,deepseek_v4_pro_max,67.17892970777675,2
1941,glm_5_2_max,56.8777237152717,3
1941,deepseek_v4_flash_max,51.73183559276161,4
1941,gpt_5_6_sol_max,41.00814698271728,5
1941,gpt_5_5_xhigh,35.281748591590656,6
1941,kimi_k3_max,34.647248901392764,7
1941,qwen3_8_max,31.597665618907612,8
1941,claude_opus_4_8_max,25.588273936747473,9
1941,gemini_3_1_pro_high,21.856148522150658,10
1942,claude_fable_5_max,66.1415314662239,1
1942,gpt_5_6_sol_max,58.70553208527199,2
1942,kimi_k3_max,43.70628809617795,3
1942,deepseek_v4_pro_max,41.639962129876324,4
1942,claude_opus_4_8_max,41.33367687402704,5
1942,glm_5_2_max,38.06226086630484,6
1942,gpt_5_5_xhigh,36.38521121415454,7
1942,qwen3_8_max,26.23188734849667,8
1942,deepseek_v4_flash_max,25.58115690958831,9
1942,gemini_3_1_pro_high,23.272182208323084,10
1943,qwen3_8_max,78.45070165524703,1
1943,deepseek_v4_pro_max,71.8661761182396,2
1943,claude_fable_5_max,63.061874904229214,3
1943,claude_opus_4_8_max,62.47733508626964,4
1943,gpt_5_5_xhigh,59.210070841629566,5
1943,gpt_5_6_sol_max,58.970443134309335,6
1943,deepseek_v4_flash_max,57.593482464095736,7
1943,gemini_3_1_pro_high,53.817863817843325,8
1943,kimi_k3_max,50.94311672468954,9
1943,glm_5_2_max,37.610694604986584,10
1944,kimi_k3_max,75.35348507008098,1
1944,gemini_3_1_pro_high,53.882389389504624,2
1944,gpt_5_5_xhigh,49.376125065947235,3
1944,claude_fable_5_max,47.58228168188126,4
1944,claude_opus_4_8_max,44.80613029273505,5
1944,deepseek_v4_flash_max,42.40899185935004,6
1944,gpt_5_6_sol_max,41.38481991606933,7
1944,deepseek_v4_pro_max,35.03121763220743,8
1944,glm_5_2_max,34.29757401497634,9
1944,qwen3_8_max,33.38068247199254,10
1945,gemini_3_1_pro_high,73.57978882804566,1
1945,gpt_5_6_sol_max,73.32407956055492,2
1945,claude_opus_4_8_max,68.44850943880179,3
1945,gpt_5_5_xhigh,65.36832430894641,4
1945,qwen3_8_max,60.55944054750794,5
1945,claude_fable_5_max,51.57074705718772,6
1945,glm_5_2_max,49.52311501082413,7
1945,deepseek_v4_flash_max,45.52419418504442,8
1945,kimi_k3_max,25.52572543441084,9
1945,deepseek_v4_pro_max,24.662141901462658,10
1946,deepseek_v4_pro_max,78.57294255373404,1
1946,claude_opus_4_8_max,67.44658572424447,2
1946,glm_5_2_max,63.969127586609204,3
1946,gpt_5_6_sol_max,60.16841183767849,4
1946,kimi_k3_max,56.5269178632511,5
1946,claude_fable_5_max,51.07803375234296,6
1946,deepseek_v4_flash_max,45.09761605331203,7
1946,qwen3_8_max,42.836037952282844,8
1946,gemini_3_1_pro_high,35.230643233430136,9
1946,gpt_5_5_xhigh,30.540089622468564,10
1947,claude_fable_5_max,83.12692408682386,1
1947,deepseek_v4_pro_max,54.676100388911095,2
1947,kimi_k3_max,54.272851549448355,3
1947,gpt_5_5_xhigh,47.68242305337462,4
1947,gpt_5_6_sol_max,47.14644525483183,5
1947,claude_opus_4_8_max,43.43401373272905,6
1947,qwen3_8_max,27.341144984456797,7
1947,gemini_3_1_pro_high,26.32298091216407,8
1947,glm_5_2_max,24.362876899290946,9
1947,deepseek_v4_flash_max,20.669361081111546,10
1948,deepseek_v4_pro_max,82.26298642411615,1
1948,gpt_5_6_sol_max,73.11100961241306,2
1948,claude_opus_4_8_max,67.9908297330892,3
1948,qwen3_8_max,61.02541410503743,4
1948,glm_5_2_max,59.971379303302484,5
1948,kimi_k3_max,57.21727553842823,6
1948,gpt_5_5_xhigh,55.49917155678412,7
1948,deepseek_v4_flash_max,49.646213779415504,8
1948,claude_fable_5_max,47.15451235895213,9
1948,gemini_3_1_pro_high,29.773939971454933,10
1949,deepseek_v4_pro_max,66.46627616758464,1
1949,gpt_5_5_xhigh,60.05369592356978,2
1949,glm_5_2_max,54.13542136323579,3
1949,claude_fable_5_max,51.63533061621734,4
1949,gpt_5_6_sol_max,50.11883169717093,5
1949,claude_opus_4_8_max,48.79275576371781,6
1949,kimi_k3_max,46.08446022652655,7
1949,qwen3_8_max,45.66234965880165,8
1949,gemini_3_1_pro_high,20.64103552700011,9
1949,deepseek_v4_flash_max,16.654565242504198,10
1950,claude_fable_5_max,92.41531089709167,1
1950,claude_opus_4_8_max,65.1690941701359,2
1950,gpt_5_6_sol_max,56.428822232879604,3
1950,deepseek_v4_flash_max,52.468431146560974,4
1950,qwen3_8_max,42.329409203085476,5
1950,glm_5_2_max,38.306452258979576,6
1950,gpt_5_5_xhigh,35.997177423038714,7
1950,kimi_k3_max,35.35822905462722,8
1950,gemini_3_1_pro_high,32.92712369242346,9
1950,deepseek_v4_pro_max,20.56730112469009,10
1951,gpt_5_5_xhigh,64.53311108195905,1
1951,claude_opus_4_8_max,59.5337586449721,2
1951,gpt_5_6_sol_max,55.89679586829681,3
1951,kimi_k3_max,54.48250807080895,4
1951,claude_fable_5_max,54.04109384479837,5
1951,deepseek_v4_pro_max,43.021022808360435,6
1951,deepseek_v4_flash_max,42.40779079125086,7
1951,gemini_3_1_pro_high,39.495500692645955,8
1951,qwen3_8_max,34.625491285904516,9
1951,glm_5_2_max,24.85422800225502,10
1952,kimi_k3_max,77.17058978128703,1
1952,gpt_5_6_sol_max,67.53237647873921,2
1952,claude_fable_5_max,58.64533762626692,3
1952,gemini_3_1_pro_high,55.23874053011306,4
1952,claude_opus_4_8_max,50.183315148826274,5
1952,gpt_5_5_xhigh,49.60146426402189,6
1952,glm_5_2_max,47.91018678015551,7
1952,deepseek_v4_flash_max,34.96272629782405,8
1952,qwen3_8_max,34.81748529504695,9
1952,deepseek_v4_pro_max,31.059695423439365,10
1953,qwen3_8_max,60.79302783991501,1
1953,claude_fable_5_max,59.79363678234761,2
1953,claude_opus_4_8_max,55.24992922289917,3
1953,kimi_k3_max,50.44228945069666,4
1953,gpt_5_5_xhigh,48.391603561174456,5
1953,gpt_5_6_sol_max,48.269039771612555,6
1953,gemini_3_1_pro_high,46.40776467888776,7
1953,deepseek_v4_flash_max,44.14398601402146,8
1953,glm_5_2_max,33.04670106896115,9
1953,deepseek_v4_pro_max,29.798398693243563,10
1954,claude_fable_5_max,77.72726468332294,1
1954,deepseek_v4_pro_max,48.64633191693047,2
1954,gpt_5_6_sol_max,48.37370746550555,3
1954,qwen3_8_max,42.69170364958758,4
1954,kimi_k3_max,40.052783372904095,5
1954,gpt_5_5_xhigh,37.908215191566676,6
1954,claude_opus_4_8_max,34.32671214932653,7
1954,glm_5_2_max,24.308387617432317,8
1954,deepseek_v4_flash_max,15.994236420446214,9
1954,gemini_3_1_pro_high,15.838129217163925,10
1955,gemini_3_1_pro_high,67.17345608690954,1
1955,kimi_k3_max,66.95263335980269,2
1955,gpt_5_6_sol_max,59.636098838327555,3
1955,glm_5_2_max,53.94145206696256,4
1955,qwen3_8_max,51.75186406498652,5
1955,deepseek_v4_pro_max,43.689986309091225,6
1955,claude_fable_5_max,39.98229900570675,7
1955,claude_opus_4_8_max,39.68746361594075,8
1955,gpt_5_5_xhigh,36.24193455142471,9
1955,deepseek_v4_flash_max,27.161191702605933,10
1956,claude_fable_5_max,68.52409478873898,1
1956,deepseek_v4_flash_max,63.07899303863367,2
1956,claude_opus_4_8_max,56.94062797527347,3
1956,glm_5_2_max,50.85053327955761,4
1956,gemini_3_1_pro_high,44.49948317368625,5
1956,gpt_5_5_xhigh,41.63893527733957,6
1956,gpt_5_6_sol_max,40.94185279490835,7
1956,kimi_k3_max,36.71883040392055,8
1956,qwen3_8_max,34.27596949581107,9
1956,deepseek_v4_pro_max,7.006595275928415,10
1957,gpt_5_5_xhigh,74.9389427668751,1
1957,deepseek_v4_flash_max,62.741841206914245,2
1957,kimi_k3_max,62.193583496497254,3
1957,qwen3_8_max,57.99368165292216,4
1957,claude_fable_5_max,55.185330823128496,5
1957,gemini_3_1_pro_high,52.205195455928404,6
1957,claude_opus_4_8_max,43.75898258176451,7
1957,gpt_5_6_sol_max,36.40099448037482,8
1957,deepseek_v4_pro_max,18.766491173609378,9
1957,glm_5_2_max,12.053618911141719,10
1958,claude_fable_5_max,73.162918872211,1
1958,glm_5_2_max,60.49420101987185,2
1958,gemini_3_1_pro_high,45.33099155557089,3
1958,kimi_k3_max,38.285171631209735,4
1958,claude_opus_4_8_max,36.00885137379147,5
1958,gpt_5_5_xhigh,35.72083430065111,6
1958,deepseek_v4_flash_max,28.332631339799914,7
1958,gpt_5_6_sol_max,27.413175003924323,8
1958,qwen3_8_max,23.043821738026605,9
1958,deepseek_v4_pro_max,9.50366679471168,10
1959,claude_fable_5_max,63.04941634650008,1
1959,gpt_5_6_sol_max,57.62392439973727,2
1959,kimi_k3_max,52.38613469191856,3
1959,glm_5_2_max,48.70161582366653,4
1959,deepseek_v4_flash_max,46.641945689701735,5
1959,qwen3_8_max,40.74742314700271,6
1959,deepseek_v4_pro_max,30.657394724555058,7
1959,claude_opus_4_8_max,29.394255136582707,8
1959,gpt_5_5_xhigh,28.062268936891144,9
1959,gemini_3_1_pro_high,18.94658824066874,10
1960,gpt_5_6_sol_max,70.54924856846554,1
1960,gpt_5_5_xhigh,69.08274358202635,2
1960,claude_opus_4_8_max,64.01927146260473,3
1960,claude_fable_5_max,63.573753108641256,4
1960,deepseek_v4_pro_max,62.966127908142425,5
1960,qwen3_8_max,55.279117703507474,6
1960,kimi_k3_max,46.282400118349486,7
1960,gemini_3_1_pro_high,37.1655315901681,8
1960,glm_5_2_max,22.659118788403916,9
1960,deepseek_v4_flash_max,19.71484913240845,10
1961,gpt_5_6_sol_max,62.22037053374906,1
1961,gpt_5_5_xhigh,56.76150907336758,2
1961,claude_fable_5_max,56.471506309650294,3
1961,gemini_3_1_pro_high,55.12255037744737,4
1961,glm_5_2_max,51.77718636262716,5
1961,kimi_k3_max,50.81741446749803,6
1961,claude_opus_4_8_max,46.24110178117563,7
1961,deepseek_v4_pro_max,39.4023437469646,8
1961,qwen3_8_max,37.25696695964989,9
1961,deepseek_v4_flash_max,17.130518190944766,10
1962,claude_fable_5_max,75.56026896995176,1
1962,deepseek_v4_flash_max,69.30488639064008,2
1962,gpt_5_6_sol_max,65.59762837499811,3
1962,glm_5_2_max,63.21996918755855,4
1962,claude_opus_4_8_max,56.93932959479015,5
1962,gpt_5_5_xhigh,56.56145162063449,6
1962,qwen3_8_max,48.55020777347458,7
1962,gemini_3_1_pro_high,43.50309436964119,8
1962,kimi_k3_max,20.487157435987935,9
1962,deepseek_v4_pro_max,18.483973515673178,10
1963,gpt_5_5_xhigh,65.14713785608006,1
1963,kimi_k3_max,63.10976828847819,2
1963,gemini_3_1_pro_high,57.03975451111796,3
1963,qwen3_8_max,52.095898190164654,4
1963,gpt_5_6_sol_max,50.9737364077882,5
1963,deepseek_v4_flash_max,41.54778880643075,6
1963,claude_fable_5_max,30.37119087872408,7
1963,claude_opus_4_8_max,30.22033710265613,8
1963,glm_5_2_max,28.105654326908045,9
1963,deepseek_v4_pro_max,23.815267484235733,10
1964,gpt_5_6_sol_max,90.18126429946352,1
1964,claude_fable_5_max,62.03257732997997,2
1964,claude_opus_4_8_max,48.131254351033746,3
1964,glm_5_2_max,46.41370121400584,4
1964,deepseek_v4_pro_max,33.50475978127774,5
1964,kimi_k3_max,32.647361897309125,6
1964,gpt_5_5_xhigh,32.32636055002009,7
1964,gemini_3_1_pro_high,29.976619673753085,8
1964,deepseek_v4_flash_max,25.31194081589002,9
1964,qwen3_8_max,24.169719510262613,10
1965,gemini_3_1_pro_high,71.18853444768283,1
1965,qwen3_8_max,67.23495877914952,2
1965,deepseek_v4_pro_max,64.69978046491406,3
1965,gpt_5_5_xhigh,55.82292263286717,4
1965,claude_opus_4_8_max,55.56092146322136,5
1965,kimi_k3_max,41.83945821387123,6
1965,gpt_5_6_sol_max,40.676113559559695,7
1965,glm_5_2_max,35.17515530552558,8
1965,claude_fable_5_max,31.96552354140066,9
1965,deepseek_v4_flash_max,4.416887462033459,10
1966,claude_fable_5_max,82.72768912034286,1
1966,gpt_5_6_sol_max,70.59896232647336,2
1966,deepseek_v4_flash_max,49.34725716030184,3
1966,glm_5_2_max,46.945871595511804,4
1966,gemini_3_1_pro_high,44.71441585745765,5
1966,deepseek_v4_pro_max,43.72969353809925,6
1966,gpt_5_5_xhigh,42.46682799681514,7
1966,claude_opus_4_8_max,41.665914434637244,8
1966,qwen3_8_max,40.59466448043102,9
1966,kimi_k3_max,36.05350075083543,10
1967,claude_fable_5_max,70.99279187822336,1
1967,gemini_3_1_pro_high,68.27659071806204,2
1967,gpt_5_6_sol_max,61.46146012559321,3
1967,kimi_k3_max,60.64793831442433,4
1967,gpt_5_5_xhigh,59.86181241499024,5
1967,claude_opus_4_8_max,57.32693492342164,6
1967,qwen3_8_max,50.34177619582576,7
1967,deepseek_v4_flash_max,42.63428982511688,8
1967,deepseek_v4_pro_max,39.50513648707431,9
1967,glm_5_2_max,35.717648370151366,10
1968,gpt_5_6_sol_max,75.99201837551539,1
1968,claude_opus_4_8_max,65.49690785428282,2
1968,qwen3_8_max,65.30482516023511,3
1968,kimi_k3_max,63.85365455008837,4
1968,gpt_5_5_xhigh,59.22982663512893,5
1968,deepseek_v4_flash_max,55.59634527932665,6
1968,glm_5_2_max,41.753899450812725,7
1968,deepseek_v4_pro_max,31.145160435016393,8
1968,claude_fable_5_max,26.552869326866404,9
1968,gemini_3_1_pro_high,22.527969358100215,10
1969,claude_fable_5_max,76.79423309138755,1
1969,kimi_k3_max,69.56771886951606,2
1969,deepseek_v4_flash_max,62.33351035234588,3
1969,gpt_5_5_xhigh,58.10813194742093,4
1969,gemini_3_1_pro_high,57.902889690073366,5
1969,qwen3_8_max,46.68577851685731,6
1969,claude_opus_4_8_max,40.187332299164254,7
1969,gpt_5_6_sol_max,39.99361246088389,8
1969,glm_5_2_max,29.095802966629684,9
1969,deepseek_v4_pro_max,0.0,10
1970,gemini_3_1_pro_high,68.90388694630524,1
1970,claude_fable_5_max,66.57166876541197,2
1970,claude_opus_4_8_max,61.68658563409649,3
1970,kimi_k3_max,57.76271113679503,4
1970,gpt_5_5_xhigh,52.79504867250577,5
1970,gpt_5_6_sol_max,38.539374862260665,6
1970,qwen3_8_max,37.1449479754895,7
1970,glm_5_2_max,32.107513610669095,8
1970,deepseek_v4_flash_max,28.440700755711703,9
1970,deepseek_v4_pro_max,4.215292153547381,10
1971,gemini_3_1_pro_high,76.57741113245616,1
1971,claude_opus_4_8_max,48.76765745066329,2
1971,claude_fable_5_max,43.71626712605015,3
1971,qwen3_8_max,40.575619180000096,4
1971,gpt_5_5_xhigh,34.520036507097515,5
1971,kimi_k3_max,34.51884948682241,6
1971,gpt_5_6_sol_max,32.80776661251989,7
1971,deepseek_v4_flash_max,30.687699543324058,8
1971,glm_5_2_max,17.933565629734158,9
1971,deepseek_v4_pro_max,16.514013141018886,10
1972,claude_fable_5_max,85.862515317521,1
1972,deepseek_v4_pro_max,67.7511540826478,2
1972,gpt_5_5_xhigh,54.18398343329796,3
1972,qwen3_8_max,49.85483556950559,4
1972,claude_opus_4_8_max,48.51962688458376,5
1972,glm_5_2_max,44.750583285513784,6
1972,gpt_5_6_sol_max,42.19112845324975,7
1972,kimi_k3_max,38.09618311609645,8
1972,deepseek_v4_flash_max,29.14332242396639,9
1972,gemini_3_1_pro_high,26.50884866615906,10
1973,claude_opus_4_8_max,73.88449609010445,1
1973,gpt_5_5_xhigh,72.25752867257687,2
1973,qwen3_8_max,66.91940106579911,3
1973,kimi_k3_max,65.59702086950483,4
1973,deepseek_v4_flash_max,64.6094135031594,5
1973,gemini_3_1_pro_high,57.7332865061025,6
1973,claude_fable_5_max,54.27969684233759,7
1973,deepseek_v4_pro_max,52.427764411509905,8
1973,gpt_5_6_sol_max,48.41967189057245,9
1973,glm_5_2_max,21.15991618292203,10
1974,claude_fable_5_max,73.15538705593727,1
1974,gpt_5_5_xhigh,65.77402962037054,2
1974,claude_opus_4_8_max,53.11887702072107,3
1974,gpt_5_6_sol_max,52.407549422457876,4
1974,deepseek_v4_flash_max,51.77620519292134,5
1974,kimi_k3_max,50.88462148120894,6
1974,deepseek_v4_pro_max,49.86522123499195,7
1974,qwen3_8_max,47.064118916591646,8
1974,glm_5_2_max,43.178479601724604,9
1974,gemini_3_1_pro_high,23.89112377997617,10
1975,claude_fable_5_max,80.67333907973128,1
1975,deepseek_v4_pro_max,80.45161122556081,2
1975,kimi_k3_max,65.41003812663982,3
1975,gpt_5_5_xhigh,48.377093716257725,4
1975,claude_opus_4_8_max,44.7630342191245,5
1975,gemini_3_1_pro_high,44.00272022475491,6
1975,gpt_5_6_sol_max,41.52893923826359,7
1975,deepseek_v4_flash_max,39.45935837823386,8
1975,qwen3_8_max,28.561811083159462,9
1975,glm_5_2_max,19.978064166738125,10
1976,claude_fable_5_max,75.7893298074737,1
1976,gemini_3_1_pro_high,58.232644789301716,2
1976,gpt_5_5_xhigh,48.4701799467386,3
1976,kimi_k3_max,43.853486970671504,4
1976,glm_5_2_max,43.25540198966617,5
1976,gpt_5_6_sol_max,32.75753781557684,6
1976,qwen3_8_max,29.77032840603112,7
1976,claude_opus_4_8_max,23.431553889826215,8
1976,deepseek_v4_flash_max,22.83946405645228,9
1976,deepseek_v4_pro_max,19.145641620895997,10
1977,glm_5_2_max,62.87841382362223,1
1977,gpt_5_5_xhigh,62.83309024529233,2
1977,claude_fable_5_max,61.14891976757756,3
1977,gpt_5_6_sol_max,54.49295194771821,4
1977,claude_opus_4_8_max,53.47291793171488,5
1977,kimi_k3_max,52.39960206823854,6
1977,deepseek_v4_pro_max,43.385942768882636,7
1977,gemini_3_1_pro_high,31.289686989598287,8
1977,deepseek_v4_flash_max,31.181104494271768,9
1977,qwen3_8_max,31.126092642541373,10
1978,gpt_5_6_sol_max,68.74417270560231,1
1978,deepseek_v4_flash_max,67.1388777398641,2
1978,claude_opus_4_8_max,64.25093430456464,3
1978,claude_fable_5_max,63.39169432306874,4
1978,glm_5_2_max,52.31303732381562,5
1978,deepseek_v4_pro_max,49.33618839770177,6
1978,qwen3_8_max,49.32806457497087,7
1978,gpt_5_5_xhigh,46.55409524054462,8
1978,gemini_3_1_pro_high,31.08314773160445,9
1978,kimi_k3_max,19.13328351068902,10
1979,gpt_5_5_xhigh,64.45636608885788,1
1979,kimi_k3_max,61.699852736317446,2
1979,deepseek_v4_pro_max,59.035491483760765,3
1979,gemini_3_1_pro_high,57.32402695433634,4
1979,gpt_5_6_sol_max,55.33069185188338,5
1979,claude_fable_5_max,41.35404855631791,6
1979,deepseek_v4_flash_max,41.26573302153352,7
1979,qwen3_8_max,35.58250846665807,8
1979,claude_opus_4_8_max,35.267137568344815,9
1979,glm_5_2_max,30.480953958543733,10
1980,deepseek_v4_pro_max,69.38746424903471,1
1980,gpt_5_5_xhigh,68.96244166662848,2
1980,kimi_k3_max,65.3796206016073,3
1980,claude_fable_5_max,65.36077631005908,4
1980,qwen3_8_max,54.996661156670015,5
1980,claude_opus_4_8_max,52.95523058629287,6
1980,gpt_5_6_sol_max,46.88465802354635,7
1980,deepseek_v4_flash_max,37.80198325098448,8
1980,gemini_3_1_pro_high,29.35842861807027,9
1980,glm_5_2_max,29.203030034487558,10
1981,gpt_5_5_xhigh,75.24205424922263,1
1981,glm_5_2_max,63.448262420685325,2
1981,deepseek_v4_pro_max,57.46616041731528,3
1981,gpt_5_6_sol_max,54.114842301556884,4
1981,kimi_k3_max,52.69621000313442,5
1981,claude_opus_4_8_max,48.4488331537114,6
1981,qwen3_8_max,43.07334335410452,7
1981,claude_fable_5_max,42.095520964684376,8
1981,deepseek_v4_flash_max,24.680318951280533,9
1981,gemini_3_1_pro_high,21.397912667571966,10
1982,claude_fable_5_max,79.93871687325574,1
1982,deepseek_v4_flash_max,75.59721512338317,2
1982,kimi_k3_max,70.69267713391449,3
1982,qwen3_8_max,55.50942335929443,4
1982,deepseek_v4_pro_max,40.588161101948465,5
1982,claude_opus_4_8_max,39.40724567787373,6
1982,gpt_5_5_xhigh,35.754717741248186,7
1982,glm_5_2_max,32.60454038923119,8
1982,gemini_3_1_pro_high,28.983569681883125,9
1982,gpt_5_6_sol_max,27.066189318081435,10
1983,deepseek_v4_pro_max,62.468834095639394,1
1983,claude_fable_5_max,56.143567252981434,2
1983,gpt_5_5_xhigh,46.455200249726445,3
1983,qwen3_8_max,42.233760566196125,4
1983,gpt_5_6_sol_max,42.12603789636053,5
1983,claude_opus_4_8_max,41.92591117086982,6
1983,glm_5_2_max,28.971799192569055,7
1983,gemini_3_1_pro_high,24.644325194186088,8
1983,kimi_k3_max,24.389574606244494,9
1983,deepseek_v4_flash_max,20.23068109412234,10
1984,deepseek_v4_pro_max,82.38765376933962,1
1984,kimi_k3_max,74.01435483527735,2
1984,gpt_5_5_xhigh,68.56755775666134,3
1984,claude_fable_5_max,62.66342363810908,4
1984,claude_opus_4_8_max,51.9757753854063,5
1984,qwen3_8_max,46.89644723186367,6
1984,gemini_3_1_pro_high,42.3380119472231,7
1984,deepseek_v4_flash_max,39.42820918611111,8
1984,gpt_5_6_sol_max,39.11914043174468,9
1984,glm_5_2_max,22.86685417786085,10
1985,deepseek_v4_flash_max,78.73781740209228,1
1985,qwen3_8_max,71.19226470172615,2
1985,deepseek_v4_pro_max,68.61618890790524,3
1985,gpt_5_5_xhigh,66.49334715811462,4
1985,claude_opus_4_8_max,64.6672000556889,5
1985,claude_fable_5_max,53.537518848445295,6
1985,gpt_5_6_sol_max,52.239900171298984,7
1985,glm_5_2_max,51.85166133602556,8
1985,gemini_3_1_pro_high,47.86941287835416,9
1985,kimi_k3_max,45.20980808642794,10
1986,claude_fable_5_max,67.41219837372267,1
1986,kimi_k3_max,66.90957246493966,2
1986,gpt_5_6_sol_max,66.88394847609536,3
1986,claude_opus_4_8_max,63.698629527543645,4
1986,deepseek_v4_flash_max,61.757061002926534,5
1986,glm_5_2_max,61.20942031229512,6
1986,gpt_5_5_xhigh,55.94130697934794,7
1986,deepseek_v4_pro_max,50.3449351091023,8
1986,qwen3_8_max,46.3646016286482,9
1986,gemini_3_1_pro_high,42.35406969236113,10
1987,kimi_k3_max,63.82561598012112,1
1987,qwen3_8_max,61.3031102226185,2
1987,deepseek_v4_flash_max,60.27724892991814,3
1987,deepseek_v4_pro_max,54.846303740629864,4
1987,gpt_5_6_sol_max,54.78186656964506,5
1987,claude_opus_4_8_max,49.27670770221431,6
1987,claude_fable_5_max,41.44951219286698,7
1987,gpt_5_5_xhigh,41.189453423187764,8
1987,gemini_3_1_pro_high,31.243499916899133,9
1987,glm_5_2_max,23.628697995624776,10
1988,claude_opus_4_8_max,86.4503333239089,1
1988,gpt_5_6_sol_max,79.61085071634302,2
1988,qwen3_8_max,73.55945469923951,3
1988,kimi_k3_max,71.1847649028961,4
1988,claude_fable_5_max,64.65055902363832,5
1988,gemini_3_1_pro_high,49.67109902490021,6
1988,deepseek_v4_flash_max,46.596451919228244,7
1988,glm_5_2_max,46.033197706456804,8
1988,deepseek_v4_pro_max,32.87611991294685,9
1988,gpt_5_5_xhigh,32.563627856770076,10
1989,claude_opus_4_8_max,73.1389110607401,1
1989,kimi_k3_max,72.37044816048308,2
1989,gpt_5_5_xhigh,64.92296918434336,3
1989,claude_fable_5_max,57.62069041256227,4
1989,gpt_5_6_sol_max,56.80968652576201,5
1989,gemini_3_1_pro_high,52.97646746528012,6
1989,deepseek_v4_pro_max,51.59882576417138,7
1989,qwen3_8_max,29.87955025651562,8
1989,deepseek_v4_flash_max,27.803358372230687,9
1989,glm_5_2_max,22.951019727441984,10
1990,deepseek_v4_pro_max,99.03853476271131,1
1990,kimi_k3_max,67.9602969245824,2
1990,gpt_5_5_xhigh,66.61504591994677,3
1990,claude_opus_4_8_max,64.92651859187542,4
1990,gpt_5_6_sol_max,64.19581916829921,5
1990,gemini_3_1_pro_high,48.31220377083013,6
1990,glm_5_2_max,47.340791424207985,7
1990,qwen3_8_max,45.47283204155168,8
1990,deepseek_v4_flash_max,41.89134325931057,9
1990,claude_fable_5_max,41.67535228779299,10
1991,claude_fable_5_max,75.26624096056892,1
1991,gemini_3_1_pro_high,58.93864794810146,2
1991,gpt_5_6_sol_max,56.93275395081953,3
1991,qwen3_8_max,55.73693860407082,4
1991,deepseek_v4_flash_max,53.35017809005029,5
1991,kimi_k3_max,50.78292753583997,6
1991,claude_opus_4_8_max,45.017035845159455,7
1991,glm_5_2_max,39.88508327945024,8
1991,gpt_5_5_xhigh,28.534101496931314,9
1991,deepseek_v4_pro_max,14.955170578279372,10
1992,deepseek_v4_pro_max,90.1103766071368,1
1992,gpt_5_5_xhigh,69.80488576697884,2
1992,claude_fable_5_max,59.369698476894854,3
1992,gemini_3_1_pro_high,55.75831647770826,4
1992,gpt_5_6_sol_max,53.031758936377585,5
1992,claude_opus_4_8_max,44.135774879907,6
1992,glm_5_2_max,39.11437012055721,7
1992,kimi_k3_max,35.64670000020758,8
1992,qwen3_8_max,35.58633236738277,9
1992,deepseek_v4_flash_max,16.656048190769006,10
1993,glm_5_2_max,63.72077901741807,1
1993,deepseek_v4_pro_max,61.90860557968651,2
1993,gemini_3_1_pro_high,56.781704156484565,3
1993,qwen3_8_max,56.24967168259329,4
1993,gpt_5_6_sol_max,43.72802306526379,5
1993,claude_opus_4_8_max,41.99051698680175,6
1993,claude_fable_5_max,36.46376606852495,7
1993,kimi_k3_max,36.37364629962297,8
1993,gpt_5_5_xhigh,30.738223694337037,9
1993,deepseek_v4_flash_max,28.692383166731013,10
1994,kimi_k3_max,70.37596985396037,1
1994,deepseek_v4_pro_max,67.25227495268568,2
1994,claude_fable_5_max,65.29523653648474,3
1994,claude_opus_4_8_max,48.690281796025054,4
1994,gemini_3_1_pro_high,48.22294703066926,5
1994,gpt_5_6_sol_max,41.2119463866449,6
1994,qwen3_8_max,40.60798377486055,7
1994,gpt_5_5_xhigh,38.88105626221269,8
1994,glm_5_2_max,36.439338122021994,9
1994,deepseek_v4_flash_max,27.229712443762942,10
1995,claude_fable_5_max,71.11538193731522,1
1995,gemini_3_1_pro_high,69.34160763262415,2
1995,gpt_5_5_xhigh,64.2154044581663,3
1995,gpt_5_6_sol_max,61.20610503017302,4
1995,qwen3_8_max,56.668616559012705,5
1995,deepseek_v4_flash_max,46.30873857546194,6
1995,claude_opus_4_8_max,43.36733868190631,7
1995,glm_5_2_max,43.329272092215064,8
1995,kimi_k3_max,40.72054356744593,9
1995,deepseek_v4_pro_max,21.17004765734869,10
1996,claude_fable_5_max,88.69822450595129,1
1996,deepseek_v4_flash_max,54.93833810044521,2
1996,kimi_k3_max,54.66314608390987,3
1996,glm_5_2_max,51.0105219376798,4
1996,gemini_3_1_pro_high,47.26992325829278,5
1996,gpt_5_5_xhigh,46.5808895905936,6
1996,gpt_5_6_sol_max,45.70879525606024,7
1996,claude_opus_4_8_max,45.65649210117078,8
1996,deepseek_v4_pro_max,42.19735992698505,9
1996,qwen3_8_max,40.350571162077536,10
1997,kimi_k3_max,68.34586126795188,1
1997,qwen3_8_max,63.9935036489915,2
1997,deepseek_v4_flash_max,60.78439947519803,3
1997,claude_opus_4_8_max,58.56742440936224,4
1997,gpt_5_6_sol_max,54.159517665540626,5
1997,glm_5_2_max,48.65867974989729,6
1997,gpt_5_5_xhigh,48.31516549297007,7
1997,gemini_3_1_pro_high,46.6044601715805,8
1997,claude_fable_5_max,43.108468018873666,9
1997,deepseek_v4_pro_max,37.72627400990657,10
1998,gpt_5_5_xhigh,72.36271450194639,1
1998,claude_opus_4_8_max,67.65085761241788,2
1998,gpt_5_6_sol_max,67.20029969784761,3
1998,glm_5_2_max,61.16475925763239,4
1998,claude_fable_5_max,50.750861144021606,5
1998,kimi_k3_max,49.60671148221823,6
1998,qwen3_8_max,48.082643951373825,7
1998,gemini_3_1_pro_high,36.84968338156864,8
1998,deepseek_v4_pro_max,35.83353724703626,9
1998,deepseek_v4_flash_max,30.600878367182297,10
1999,qwen3_8_max,59.77229793022861,1
1999,gpt_5_6_sol_max,56.229123130123355,2
1999,claude_fable_5_max,55.25559763566082,3
1999,kimi_k3_max,52.383609440176215,4
1999,deepseek_v4_pro_max,46.176229514402465,5
1999,claude_opus_4_8_max,44.32377803243465,6
1999,glm_5_2_max,42.71533441031273,7
1999,deepseek_v4_flash_max,42.34077156209874,8
1999,gemini_3_1_pro_high,36.256177351299606,9
1999,gpt_5_5_xhigh,25.75439433502395,10
2000,kimi_k3_max,75.90526658771762,1
2000,claude_fable_5_max,74.94020436875891,2
2000,claude_opus_4_8_max,61.177836404325,3
2000,gpt_5_5_xhigh,60.19817910195962,4
2000,deepseek_v4_flash_max,57.39597584004908,5
2000,gpt_5_6_sol_max,56.55020396609922,6
2000,deepseek_v4_pro_max,56.44912860652292,7
2000,qwen3_8_max,50.570540356559945,8
2000,glm_5_2_max,41.11723845446819,9
2000,gemini_3_1_pro_high,27.275649191883325,10
