bootstrap,dimension,converged,message
1,C1,True,CONVERGENCE: NORM OF PROJECTED GRADIENT <= PGTOL
1,C2,True,CONVERGENCE: NORM OF PROJECTED GRADIENT <= PGTOL
1,C3,True,CONVERGENCE: NORM OF PROJECTED GRADIENT <= PGTOL
1,C4,True,CONVERGENCE: NORM OF PROJECTED GRADIENT <= PGTOL
1,C5,True,CONVERGENCE: NORM OF PROJECTED GRADIENT <= PGTOL
2,C1,True,CONVERGENCE: NORM OF PROJECTED GRADIENT <= PGTOL
2,C2,True,CONVERGENCE: NORM OF PROJECTED GRADIENT <= PGTOL
2,C3,True,CONVERGENCE: NORM OF PROJECTED GRADIENT <= PGTOL
2,C4,True,CONVERGENCE: NORM OF PROJECTED GRADIENT <= PGTOL
2,C5,True,CONVERGENCE: NORM OF PROJECTED GRADIENT <= PGTOL
3,C1,True,CONVERGENCE: NORM OF PROJECTED GRADIENT <= PGTOL
3,C2,True,CONVERGENCE: NORM OF PROJECTED GRADIENT <= PGTOL
3,C3,True,CONVERGENCE: NORM OF PROJECTED GRADIENT <= PGTOL
3,C4,True,CONVERGENCE: NORM OF PROJECTED GRADIENT <= PGTOL
3,C5,True,CONVERGENCE: NORM OF PROJECTED GRADIENT <= PGTOL
4,C1,True,CONVERGENCE: NORM OF PROJECTED GRADIENT <= PGTOL
4,C2,True,CONVERGENCE: NORM OF PROJECTED GRADIENT <= PGTOL
4,C3,True,CONVERGENCE: NORM OF PROJECTED GRADIENT <= PGTOL
4,C4,True,CONVERGENCE: NORM OF PROJECTED GRADIENT <= PGTOL
4,C5,True,CONVERGENCE: NORM OF PROJECTED GRADIENT <= PGTOL
5,C1,True,CONVERGENCE: NORM OF PROJECTED GRADIENT <= PGTOL
5,C2,True,CONVERGENCE: NORM OF PROJECTED GRADIENT <= PGTOL
5,C3,True,CONVERGENCE: NORM OF PROJECTED GRADIENT <= PGTOL
5,C4,True,CONVERGENCE: NORM OF PROJECTED GRADIENT <= PGTOL
5,C5,True,CONVERGENCE: NORM OF PROJECTED GRADIENT <= PGTOL
6,C1,True,CONVERGENCE: NORM OF PROJECTED GRADIENT <= PGTOL
6,C2,True,CONVERGENCE: NORM OF PROJECTED GRADIENT <= PGTOL
6,C3,True,CONVERGENCE: NORM OF PROJECTED GRADIENT <= PGTOL
6,C4,True,CONVERGENCE: NORM OF PROJECTED GRADIENT <= PGTOL
6,C5,True,CONVERGENCE: NORM OF PROJECTED GRADIENT <= PGTOL
7,C1,True,CONVERGENCE: NORM OF PROJECTED GRADIENT <= PGTOL
7,C2,True,CONVERGENCE: NORM OF PROJECTED GRADIENT <= PGTOL
7,C3,True,CONVERGENCE: NORM OF PROJECTED GRADIENT <= PGTOL
7,C4,True,CONVERGENCE: NORM OF PROJECTED GRADIENT <= PGTOL
7,C5,True,CONVERGENCE: NORM OF PROJECTED GRADIENT <= PGTOL
8,C1,True,CONVERGENCE: NORM OF PROJECTED GRADIENT <= PGTOL
8,C2,True,CONVERGENCE: NORM OF PROJECTED GRADIENT <= PGTOL
8,C3,True,CONVERGENCE: NORM OF PROJECTED GRADIENT <= PGTOL
8,C4,True,CONVERGENCE: NORM OF PROJECTED GRADIENT <= PGTOL
8,C5,True,CONVERGENCE: NORM OF PROJECTED GRADIENT <= PGTOL
9,C1,True,CONVERGENCE: NORM OF PROJECTED GRADIENT <= PGTOL
9,C2,True,CONVERGENCE: NORM OF PROJECTED GRADIENT <= PGTOL
9,C3,True,CONVERGENCE: NORM OF PROJECTED GRADIENT <= PGTOL
9,C4,True,CONVERGENCE: NORM OF PROJECTED GRADIENT <= PGTOL
9,C5,True,CONVERGENCE: NORM OF PROJECTED GRADIENT <= PGTOL
10,C1,True,CONVERGENCE: NORM OF PROJECTED GRADIENT <= PGTOL
10,C2,True,CONVERGENCE: NORM OF PROJECTED GRADIENT <= PGTOL
10,C3,True,CONVERGENCE: NORM OF PROJECTED GRADIENT <= PGTOL
10,C4,True,CONVERGENCE: NORM OF PROJECTED GRADIENT <= PGTOL
10,C5,True,CONVERGENCE: NORM OF PROJECTED GRADIENT <= PGTOL
11,C1,True,CONVERGENCE: NORM OF PROJECTED GRADIENT <= PGTOL
11,C2,True,CONVERGENCE: NORM OF PROJECTED GRADIENT <= PGTOL
11,C3,True,CONVERGENCE: NORM OF PROJECTED GRADIENT <= PGTOL
11,C4,True,CONVERGENCE: NORM OF PROJECTED GRADIENT <= PGTOL
11,C5,True,CONVERGENCE: NORM OF PROJECTED GRADIENT <= PGTOL
12,C1,True,CONVERGENCE: NORM OF PROJECTED GRADIENT <= PGTOL
12,C2,True,CONVERGENCE: NORM OF PROJECTED GRADIENT <= PGTOL
12,C3,True,CONVERGENCE: NORM OF PROJECTED GRADIENT <= PGTOL
12,C4,True,CONVERGENCE: NORM OF PROJECTED GRADIENT <= PGTOL
12,C5,True,CONVERGENCE: NORM OF PROJECTED GRADIENT <= PGTOL
13,C1,True,CONVERGENCE: NORM OF PROJECTED GRADIENT <= PGTOL
13,C2,True,CONVERGENCE: NORM OF PROJECTED GRADIENT <= PGTOL
13,C3,True,CONVERGENCE: NORM OF PROJECTED GRADIENT <= PGTOL
13,C4,True,CONVERGENCE: NORM OF PROJECTED GRADIENT <= PGTOL
13,C5,True,CONVERGENCE: NORM OF PROJECTED GRADIENT <= PGTOL
14,C1,True,CONVERGENCE: NORM OF PROJECTED GRADIENT <= PGTOL
14,C2,True,CONVERGENCE: NORM OF PROJECTED GRADIENT <= PGTOL
14,C3,True,CONVERGENCE: NORM OF PROJECTED GRADIENT <= PGTOL
14,C4,True,CONVERGENCE: NORM OF PROJECTED GRADIENT <= PGTOL
14,C5,True,CONVERGENCE: NORM OF PROJECTED GRADIENT <= PGTOL
15,C1,True,CONVERGENCE: NORM OF PROJECTED GRADIENT <= PGTOL
15,C2,True,CONVERGENCE: NORM OF PROJECTED GRADIENT <= PGTOL
15,C3,True,CONVERGENCE: NORM OF PROJECTED GRADIENT <= PGTOL
15,C4,True,CONVERGENCE: NORM OF PROJECTED GRADIENT <= PGTOL
15,C5,True,CONVERGENCE: NORM OF PROJECTED GRADIENT <= PGTOL
16,C1,True,CONVERGENCE: NORM OF PROJECTED GRADIENT <= PGTOL
16,C2,True,CONVERGENCE: NORM OF PROJECTED GRADIENT <= PGTOL
16,C3,True,CONVERGENCE: NORM OF PROJECTED GRADIENT <= PGTOL
16,C4,True,CONVERGENCE: NORM OF PROJECTED GRADIENT <= PGTOL
16,C5,True,CONVERGENCE: NORM OF PROJECTED GRADIENT <= PGTOL
17,C1,True,CONVERGENCE: NORM OF PROJECTED GRADIENT <= PGTOL
17,C2,True,CONVERGENCE: NORM OF PROJECTED GRADIENT <= PGTOL
17,C3,True,CONVERGENCE: NORM OF PROJECTED GRADIENT <= PGTOL
17,C4,True,CONVERGENCE: NORM OF PROJECTED GRADIENT <= PGTOL
17,C5,True,CONVERGENCE: NORM OF PROJECTED GRADIENT <= PGTOL
18,C1,True,CONVERGENCE: NORM OF PROJECTED GRADIENT <= PGTOL
18,C2,True,CONVERGENCE: NORM OF PROJECTED GRADIENT <= PGTOL
18,C3,True,CONVERGENCE: NORM OF PROJECTED GRADIENT <= PGTOL
18,C4,True,CONVERGENCE: NORM OF PROJECTED GRADIENT <= PGTOL
18,C5,True,CONVERGENCE: NORM OF PROJECTED GRADIENT <= PGTOL
19,C1,True,CONVERGENCE: NORM OF PROJECTED GRADIENT <= PGTOL
19,C2,True,CONVERGENCE: NORM OF PROJECTED GRADIENT <= PGTOL
19,C3,True,CONVERGENCE: NORM OF PROJECTED GRADIENT <= PGTOL
19,C4,True,CONVERGENCE: NORM OF PROJECTED GRADIENT <= PGTOL
19,C5,True,CONVERGENCE: NORM OF PROJECTED GRADIENT <= PGTOL
20,C1,True,CONVERGENCE: NORM OF PROJECTED GRADIENT <= PGTOL
20,C2,True,CONVERGENCE: NORM OF PROJECTED GRADIENT <= PGTOL
20,C3,True,CONVERGENCE: NORM OF PROJECTED GRADIENT <= PGTOL
20,C4,True,CONVERGENCE: NORM OF PROJECTED GRADIENT <= PGTOL
20,C5,True,CONVERGENCE: NORM OF PROJECTED GRADIENT <= PGTOL
21,C1,True,CONVERGENCE: NORM OF PROJECTED GRADIENT <= PGTOL
21,C2,True,CONVERGENCE: NORM OF PROJECTED GRADIENT <= PGTOL
21,C3,True,CONVERGENCE: NORM OF PROJECTED GRADIENT <= PGTOL
21,C4,True,CONVERGENCE: NORM OF PROJECTED GRADIENT <= PGTOL
21,C5,True,CONVERGENCE: NORM OF PROJECTED GRADIENT <= PGTOL
22,C1,True,CONVERGENCE: NORM OF PROJECTED GRADIENT <= PGTOL
22,C2,True,CONVERGENCE: NORM OF PROJECTED GRADIENT <= PGTOL
22,C3,True,CONVERGENCE: NORM OF PROJECTED GRADIENT <= PGTOL
22,C4,True,CONVERGENCE: NORM OF PROJECTED GRADIENT <= PGTOL
22,C5,True,CONVERGENCE: NORM OF PROJECTED GRADIENT <= PGTOL
23,C1,True,CONVERGENCE: NORM OF PROJECTED GRADIENT <= PGTOL
23,C2,True,CONVERGENCE: NORM OF PROJECTED GRADIENT <= PGTOL
23,C3,True,CONVERGENCE: NORM OF PROJECTED GRADIENT <= PGTOL
23,C4,True,CONVERGENCE: NORM OF PROJECTED GRADIENT <= PGTOL
23,C5,True,CONVERGENCE: NORM OF PROJECTED GRADIENT <= PGTOL
24,C1,True,CONVERGENCE: NORM OF PROJECTED GRADIENT <= PGTOL
24,C2,True,CONVERGENCE: NORM OF PROJECTED GRADIENT <= PGTOL
24,C3,True,CONVERGENCE: NORM OF PROJECTED GRADIENT <= PGTOL
24,C4,True,CONVERGENCE: NORM OF PROJECTED GRADIENT <= PGTOL
24,C5,True,CONVERGENCE: NORM OF PROJECTED GRADIENT <= PGTOL
25,C1,True,CONVERGENCE: NORM OF PROJECTED GRADIENT <= PGTOL
25,C2,True,CONVERGENCE: NORM OF PROJECTED GRADIENT <= PGTOL
25,C3,True,CONVERGENCE: NORM OF PROJECTED GRADIENT <= PGTOL
25,C4,True,CONVERGENCE: NORM OF PROJECTED GRADIENT <= PGTOL
25,C5,True,CONVERGENCE: NORM OF PROJECTED GRADIENT <= PGTOL
26,C1,True,CONVERGENCE: NORM OF PROJECTED GRADIENT <= PGTOL
26,C2,True,CONVERGENCE: NORM OF PROJECTED GRADIENT <= PGTOL
26,C3,True,CONVERGENCE: NORM OF PROJECTED GRADIENT <= PGTOL
26,C4,True,CONVERGENCE: NORM OF PROJECTED GRADIENT <= PGTOL
26,C5,True,CONVERGENCE: NORM OF PROJECTED GRADIENT <= PGTOL
27,C1,True,CONVERGENCE: NORM OF PROJECTED GRADIENT <= PGTOL
27,C2,True,CONVERGENCE: NORM OF PROJECTED GRADIENT <= PGTOL
27,C3,True,CONVERGENCE: NORM OF PROJECTED GRADIENT <= PGTOL
27,C4,True,CONVERGENCE: NORM OF PROJECTED GRADIENT <= PGTOL
27,C5,True,CONVERGENCE: NORM OF PROJECTED GRADIENT <= PGTOL
28,C1,True,CONVERGENCE: NORM OF PROJECTED GRADIENT <= PGTOL
28,C2,True,CONVERGENCE: NORM OF PROJECTED GRADIENT <= PGTOL
28,C3,True,CONVERGENCE: NORM OF PROJECTED GRADIENT <= PGTOL
28,C4,True,CONVERGENCE: NORM OF PROJECTED GRADIENT <= PGTOL
28,C5,True,CONVERGENCE: NORM OF PROJECTED GRADIENT <= PGTOL
29,C1,True,CONVERGENCE: NORM OF PROJECTED GRADIENT <= PGTOL
29,C2,True,CONVERGENCE: NORM OF PROJECTED GRADIENT <= PGTOL
29,C3,True,CONVERGENCE: NORM OF PROJECTED GRADIENT <= PGTOL
29,C4,True,CONVERGENCE: NORM OF PROJECTED GRADIENT <= PGTOL
29,C5,True,CONVERGENCE: NORM OF PROJECTED GRADIENT <= PGTOL
30,C1,True,CONVERGENCE: NORM OF PROJECTED GRADIENT <= PGTOL
30,C2,True,CONVERGENCE: NORM OF PROJECTED GRADIENT <= PGTOL
30,C3,True,CONVERGENCE: NORM OF PROJECTED GRADIENT <= PGTOL
30,C4,True,CONVERGENCE: NORM OF PROJECTED GRADIENT <= PGTOL
30,C5,True,CONVERGENCE: NORM OF PROJECTED GRADIENT <= PGTOL
31,C1,True,CONVERGENCE: NORM OF PROJECTED GRADIENT <= PGTOL
31,C2,True,CONVERGENCE: NORM OF PROJECTED GRADIENT <= PGTOL
31,C3,True,CONVERGENCE: NORM OF PROJECTED GRADIENT <= PGTOL
31,C4,True,CONVERGENCE: NORM OF PROJECTED GRADIENT <= PGTOL
31,C5,True,CONVERGENCE: NORM OF PROJECTED GRADIENT <= PGTOL
32,C1,True,CONVERGENCE: NORM OF PROJECTED GRADIENT <= PGTOL
32,C2,True,CONVERGENCE: NORM OF PROJECTED GRADIENT <= PGTOL
32,C3,True,CONVERGENCE: NORM OF PROJECTED GRADIENT <= PGTOL
32,C4,True,CONVERGENCE: NORM OF PROJECTED GRADIENT <= PGTOL
32,C5,True,CONVERGENCE: NORM OF PROJECTED GRADIENT <= PGTOL
33,C1,True,CONVERGENCE: NORM OF PROJECTED GRADIENT <= PGTOL
33,C2,True,CONVERGENCE: NORM OF PROJECTED GRADIENT <= PGTOL
33,C3,True,CONVERGENCE: NORM OF PROJECTED GRADIENT <= PGTOL
33,C4,True,CONVERGENCE: NORM OF PROJECTED GRADIENT <= PGTOL
33,C5,True,CONVERGENCE: NORM OF PROJECTED GRADIENT <= PGTOL
34,C1,True,CONVERGENCE: NORM OF PROJECTED GRADIENT <= PGTOL
34,C2,True,CONVERGENCE: NORM OF PROJECTED GRADIENT <= PGTOL
34,C3,True,CONVERGENCE: NORM OF PROJECTED GRADIENT <= PGTOL
34,C4,True,CONVERGENCE: NORM OF PROJECTED GRADIENT <= PGTOL
34,C5,True,CONVERGENCE: NORM OF PROJECTED GRADIENT <= PGTOL
35,C1,True,CONVERGENCE: NORM OF PROJECTED GRADIENT <= PGTOL
35,C2,True,CONVERGENCE: NORM OF PROJECTED GRADIENT <= PGTOL
35,C3,True,CONVERGENCE: NORM OF PROJECTED GRADIENT <= PGTOL
35,C4,True,CONVERGENCE: NORM OF PROJECTED GRADIENT <= PGTOL
35,C5,True,CONVERGENCE: NORM OF PROJECTED GRADIENT <= PGTOL
36,C1,True,CONVERGENCE: NORM OF PROJECTED GRADIENT <= PGTOL
36,C2,True,CONVERGENCE: NORM OF PROJECTED GRADIENT <= PGTOL
36,C3,True,CONVERGENCE: NORM OF PROJECTED GRADIENT <= PGTOL
36,C4,True,CONVERGENCE: NORM OF PROJECTED GRADIENT <= PGTOL
36,C5,True,CONVERGENCE: NORM OF PROJECTED GRADIENT <= PGTOL
37,C1,True,CONVERGENCE: NORM OF PROJECTED GRADIENT <= PGTOL
37,C2,True,CONVERGENCE: NORM OF PROJECTED GRADIENT <= PGTOL
37,C3,True,CONVERGENCE: NORM OF PROJECTED GRADIENT <= PGTOL
37,C4,True,CONVERGENCE: NORM OF PROJECTED GRADIENT <= PGTOL
37,C5,True,CONVERGENCE: NORM OF PROJECTED GRADIENT <= PGTOL
38,C1,True,CONVERGENCE: NORM OF PROJECTED GRADIENT <= PGTOL
38,C2,True,CONVERGENCE: NORM OF PROJECTED GRADIENT <= PGTOL
38,C3,True,CONVERGENCE: NORM OF PROJECTED GRADIENT <= PGTOL
38,C4,True,CONVERGENCE: NORM OF PROJECTED GRADIENT <= PGTOL
38,C5,True,CONVERGENCE: NORM OF PROJECTED GRADIENT <= PGTOL
39,C1,True,CONVERGENCE: NORM OF PROJECTED GRADIENT <= PGTOL
39,C2,True,CONVERGENCE: NORM OF PROJECTED GRADIENT <= PGTOL
39,C3,True,CONVERGENCE: NORM OF PROJECTED GRADIENT <= PGTOL
39,C4,True,CONVERGENCE: NORM OF PROJECTED GRADIENT <= PGTOL
39,C5,True,CONVERGENCE: NORM OF PROJECTED GRADIENT <= PGTOL
40,C1,True,CONVERGENCE: NORM OF PROJECTED GRADIENT <= PGTOL
40,C2,True,CONVERGENCE: NORM OF PROJECTED GRADIENT <= PGTOL
40,C3,True,CONVERGENCE: NORM OF PROJECTED GRADIENT <= PGTOL
40,C4,True,CONVERGENCE: NORM OF PROJECTED GRADIENT <= PGTOL
40,C5,True,CONVERGENCE: NORM OF PROJECTED GRADIENT <= PGTOL
41,C1,True,CONVERGENCE: NORM OF PROJECTED GRADIENT <= PGTOL
41,C2,True,CONVERGENCE: NORM OF PROJECTED GRADIENT <= PGTOL
41,C3,True,CONVERGENCE: NORM OF PROJECTED GRADIENT <= PGTOL
41,C4,True,CONVERGENCE: NORM OF PROJECTED GRADIENT <= PGTOL
41,C5,True,CONVERGENCE: NORM OF PROJECTED GRADIENT <= PGTOL
42,C1,True,CONVERGENCE: NORM OF PROJECTED GRADIENT <= PGTOL
42,C2,True,CONVERGENCE: NORM OF PROJECTED GRADIENT <= PGTOL
42,C3,True,CONVERGENCE: NORM OF PROJECTED GRADIENT <= PGTOL
42,C4,True,CONVERGENCE: NORM OF PROJECTED GRADIENT <= PGTOL
42,C5,True,CONVERGENCE: NORM OF PROJECTED GRADIENT <= PGTOL
43,C1,True,CONVERGENCE: NORM OF PROJECTED GRADIENT <= PGTOL
43,C2,True,CONVERGENCE: NORM OF PROJECTED GRADIENT <= PGTOL
43,C3,True,CONVERGENCE: NORM OF PROJECTED GRADIENT <= PGTOL
43,C4,True,CONVERGENCE: NORM OF PROJECTED GRADIENT <= PGTOL
43,C5,True,CONVERGENCE: NORM OF PROJECTED GRADIENT <= PGTOL
44,C1,True,CONVERGENCE: NORM OF PROJECTED GRADIENT <= PGTOL
44,C2,True,CONVERGENCE: NORM OF PROJECTED GRADIENT <= PGTOL
44,C3,True,CONVERGENCE: NORM OF PROJECTED GRADIENT <= PGTOL
44,C4,True,CONVERGENCE: NORM OF PROJECTED GRADIENT <= PGTOL
44,C5,True,CONVERGENCE: NORM OF PROJECTED GRADIENT <= PGTOL
45,C1,True,CONVERGENCE: NORM OF PROJECTED GRADIENT <= PGTOL
45,C2,True,CONVERGENCE: NORM OF PROJECTED GRADIENT <= PGTOL
45,C3,True,CONVERGENCE: NORM OF PROJECTED GRADIENT <= PGTOL
45,C4,True,CONVERGENCE: NORM OF PROJECTED GRADIENT <= PGTOL
45,C5,True,CONVERGENCE: NORM OF PROJECTED GRADIENT <= PGTOL
46,C1,True,CONVERGENCE: NORM OF PROJECTED GRADIENT <= PGTOL
46,C2,True,CONVERGENCE: NORM OF PROJECTED GRADIENT <= PGTOL
46,C3,True,CONVERGENCE: NORM OF PROJECTED GRADIENT <= PGTOL
46,C4,True,CONVERGENCE: NORM OF PROJECTED GRADIENT <= PGTOL
46,C5,True,CONVERGENCE: NORM OF PROJECTED GRADIENT <= PGTOL
47,C1,True,CONVERGENCE: NORM OF PROJECTED GRADIENT <= PGTOL
47,C2,True,CONVERGENCE: NORM OF PROJECTED GRADIENT <= PGTOL
47,C3,True,CONVERGENCE: NORM OF PROJECTED GRADIENT <= PGTOL
47,C4,True,CONVERGENCE: NORM OF PROJECTED GRADIENT <= PGTOL
47,C5,True,CONVERGENCE: NORM OF PROJECTED GRADIENT <= PGTOL
48,C1,True,CONVERGENCE: NORM OF PROJECTED GRADIENT <= PGTOL
48,C2,True,CONVERGENCE: NORM OF PROJECTED GRADIENT <= PGTOL
48,C3,True,CONVERGENCE: NORM OF PROJECTED GRADIENT <= PGTOL
48,C4,True,CONVERGENCE: NORM OF PROJECTED GRADIENT <= PGTOL
48,C5,True,CONVERGENCE: NORM OF PROJECTED GRADIENT <= PGTOL
49,C1,True,CONVERGENCE: NORM OF PROJECTED GRADIENT <= PGTOL
49,C2,True,CONVERGENCE: NORM OF PROJECTED GRADIENT <= PGTOL
49,C3,True,CONVERGENCE: NORM OF PROJECTED GRADIENT <= PGTOL
49,C4,True,CONVERGENCE: NORM OF PROJECTED GRADIENT <= PGTOL
49,C5,True,CONVERGENCE: NORM OF PROJECTED GRADIENT <= PGTOL
50,C1,True,CONVERGENCE: NORM OF PROJECTED GRADIENT <= PGTOL
50,C2,True,CONVERGENCE: NORM OF PROJECTED GRADIENT <= PGTOL
50,C3,True,CONVERGENCE: NORM OF PROJECTED GRADIENT <= PGTOL
50,C4,True,CONVERGENCE: NORM OF PROJECTED GRADIENT <= PGTOL
50,C5,True,CONVERGENCE: NORM OF PROJECTED GRADIENT <= PGTOL
51,C1,True,CONVERGENCE: NORM OF PROJECTED GRADIENT <= PGTOL
51,C2,True,CONVERGENCE: NORM OF PROJECTED GRADIENT <= PGTOL
51,C3,True,CONVERGENCE: NORM OF PROJECTED GRADIENT <= PGTOL
51,C4,True,CONVERGENCE: NORM OF PROJECTED GRADIENT <= PGTOL
51,C5,True,CONVERGENCE: NORM OF PROJECTED GRADIENT <= PGTOL
52,C1,True,CONVERGENCE: NORM OF PROJECTED GRADIENT <= PGTOL
52,C2,True,CONVERGENCE: NORM OF PROJECTED GRADIENT <= PGTOL
52,C3,True,CONVERGENCE: NORM OF PROJECTED GRADIENT <= PGTOL
52,C4,True,CONVERGENCE: NORM OF PROJECTED GRADIENT <= PGTOL
52,C5,True,CONVERGENCE: NORM OF PROJECTED GRADIENT <= PGTOL
53,C1,True,CONVERGENCE: NORM OF PROJECTED GRADIENT <= PGTOL
53,C2,True,CONVERGENCE: NORM OF PROJECTED GRADIENT <= PGTOL
53,C3,True,CONVERGENCE: NORM OF PROJECTED GRADIENT <= PGTOL
53,C4,True,CONVERGENCE: NORM OF PROJECTED GRADIENT <= PGTOL
53,C5,True,CONVERGENCE: NORM OF PROJECTED GRADIENT <= PGTOL
54,C1,True,CONVERGENCE: NORM OF PROJECTED GRADIENT <= PGTOL
54,C2,True,CONVERGENCE: NORM OF PROJECTED GRADIENT <= PGTOL
54,C3,True,CONVERGENCE: NORM OF PROJECTED GRADIENT <= PGTOL
54,C4,True,CONVERGENCE: NORM OF PROJECTED GRADIENT <= PGTOL
54,C5,True,CONVERGENCE: NORM OF PROJECTED GRADIENT <= PGTOL
55,C1,True,CONVERGENCE: NORM OF PROJECTED GRADIENT <= PGTOL
55,C2,True,CONVERGENCE: NORM OF PROJECTED GRADIENT <= PGTOL
55,C3,True,CONVERGENCE: NORM OF PROJECTED GRADIENT <= PGTOL
55,C4,True,CONVERGENCE: NORM OF PROJECTED GRADIENT <= PGTOL
55,C5,True,CONVERGENCE: NORM OF PROJECTED GRADIENT <= PGTOL
56,C1,True,CONVERGENCE: NORM OF PROJECTED GRADIENT <= PGTOL
56,C2,True,CONVERGENCE: NORM OF PROJECTED GRADIENT <= PGTOL
56,C3,True,CONVERGENCE: NORM OF PROJECTED GRADIENT <= PGTOL
56,C4,True,CONVERGENCE: NORM OF PROJECTED GRADIENT <= PGTOL
56,C5,True,CONVERGENCE: NORM OF PROJECTED GRADIENT <= PGTOL
57,C1,True,CONVERGENCE: NORM OF PROJECTED GRADIENT <= PGTOL
57,C2,True,CONVERGENCE: NORM OF PROJECTED GRADIENT <= PGTOL
57,C3,True,CONVERGENCE: NORM OF PROJECTED GRADIENT <= PGTOL
57,C4,True,CONVERGENCE: NORM OF PROJECTED GRADIENT <= PGTOL
57,C5,True,CONVERGENCE: NORM OF PROJECTED GRADIENT <= PGTOL
58,C1,True,CONVERGENCE: NORM OF PROJECTED GRADIENT <= PGTOL
58,C2,True,CONVERGENCE: NORM OF PROJECTED GRADIENT <= PGTOL
58,C3,True,CONVERGENCE: NORM OF PROJECTED GRADIENT <= PGTOL
58,C4,True,CONVERGENCE: NORM OF PROJECTED GRADIENT <= PGTOL
58,C5,True,CONVERGENCE: NORM OF PROJECTED GRADIENT <= PGTOL
59,C1,True,CONVERGENCE: NORM OF PROJECTED GRADIENT <= PGTOL
59,C2,True,CONVERGENCE: NORM OF PROJECTED GRADIENT <= PGTOL
59,C3,True,CONVERGENCE: NORM OF PROJECTED GRADIENT <= PGTOL
59,C4,True,CONVERGENCE: NORM OF PROJECTED GRADIENT <= PGTOL
59,C5,True,CONVERGENCE: NORM OF PROJECTED GRADIENT <= PGTOL
60,C1,True,CONVERGENCE: NORM OF PROJECTED GRADIENT <= PGTOL
60,C2,True,CONVERGENCE: NORM OF PROJECTED GRADIENT <= PGTOL
60,C3,True,CONVERGENCE: NORM OF PROJECTED GRADIENT <= PGTOL
60,C4,True,CONVERGENCE: NORM OF PROJECTED GRADIENT <= PGTOL
60,C5,True,CONVERGENCE: NORM OF PROJECTED GRADIENT <= PGTOL
61,C1,True,CONVERGENCE: NORM OF PROJECTED GRADIENT <= PGTOL
61,C2,True,CONVERGENCE: NORM OF PROJECTED GRADIENT <= PGTOL
61,C3,True,CONVERGENCE: NORM OF PROJECTED GRADIENT <= PGTOL
61,C4,True,CONVERGENCE: NORM OF PROJECTED GRADIENT <= PGTOL
61,C5,True,CONVERGENCE: NORM OF PROJECTED GRADIENT <= PGTOL
62,C1,True,CONVERGENCE: NORM OF PROJECTED GRADIENT <= PGTOL
62,C2,True,CONVERGENCE: NORM OF PROJECTED GRADIENT <= PGTOL
62,C3,True,CONVERGENCE: NORM OF PROJECTED GRADIENT <= PGTOL
62,C4,True,CONVERGENCE: NORM OF PROJECTED GRADIENT <= PGTOL
62,C5,True,CONVERGENCE: NORM OF PROJECTED GRADIENT <= PGTOL
63,C1,True,CONVERGENCE: NORM OF PROJECTED GRADIENT <= PGTOL
63,C2,True,CONVERGENCE: NORM OF PROJECTED GRADIENT <= PGTOL
63,C3,True,CONVERGENCE: NORM OF PROJECTED GRADIENT <= PGTOL
63,C4,True,CONVERGENCE: NORM OF PROJECTED GRADIENT <= PGTOL
63,C5,True,CONVERGENCE: NORM OF PROJECTED GRADIENT <= PGTOL
64,C1,True,CONVERGENCE: NORM OF PROJECTED GRADIENT <= PGTOL
64,C2,True,CONVERGENCE: NORM OF PROJECTED GRADIENT <= PGTOL
64,C3,True,CONVERGENCE: NORM OF PROJECTED GRADIENT <= PGTOL
64,C4,True,CONVERGENCE: NORM OF PROJECTED GRADIENT <= PGTOL
64,C5,True,CONVERGENCE: NORM OF PROJECTED GRADIENT <= PGTOL
65,C1,True,CONVERGENCE: NORM OF PROJECTED GRADIENT <= PGTOL
65,C2,True,CONVERGENCE: NORM OF PROJECTED GRADIENT <= PGTOL
65,C3,True,CONVERGENCE: NORM OF PROJECTED GRADIENT <= PGTOL
65,C4,True,CONVERGENCE: NORM OF PROJECTED GRADIENT <= PGTOL
65,C5,True,CONVERGENCE: NORM OF PROJECTED GRADIENT <= PGTOL
66,C1,True,CONVERGENCE: NORM OF PROJECTED GRADIENT <= PGTOL
66,C2,True,CONVERGENCE: NORM OF PROJECTED GRADIENT <= PGTOL
66,C3,True,CONVERGENCE: NORM OF PROJECTED GRADIENT <= PGTOL
66,C4,True,CONVERGENCE: NORM OF PROJECTED GRADIENT <= PGTOL
66,C5,True,CONVERGENCE: NORM OF PROJECTED GRADIENT <= PGTOL
67,C1,True,CONVERGENCE: NORM OF PROJECTED GRADIENT <= PGTOL
67,C2,True,CONVERGENCE: NORM OF PROJECTED GRADIENT <= PGTOL
67,C3,True,CONVERGENCE: NORM OF PROJECTED GRADIENT <= PGTOL
67,C4,True,CONVERGENCE: NORM OF PROJECTED GRADIENT <= PGTOL
67,C5,True,CONVERGENCE: NORM OF PROJECTED GRADIENT <= PGTOL
68,C1,True,CONVERGENCE: NORM OF PROJECTED GRADIENT <= PGTOL
68,C2,True,CONVERGENCE: NORM OF PROJECTED GRADIENT <= PGTOL
68,C3,True,CONVERGENCE: NORM OF PROJECTED GRADIENT <= PGTOL
68,C4,True,CONVERGENCE: NORM OF PROJECTED GRADIENT <= PGTOL
68,C5,True,CONVERGENCE: NORM OF PROJECTED GRADIENT <= PGTOL
69,C1,True,CONVERGENCE: NORM OF PROJECTED GRADIENT <= PGTOL
69,C2,True,CONVERGENCE: NORM OF PROJECTED GRADIENT <= PGTOL
69,C3,True,CONVERGENCE: NORM OF PROJECTED GRADIENT <= PGTOL
69,C4,True,CONVERGENCE: NORM OF PROJECTED GRADIENT <= PGTOL
69,C5,True,CONVERGENCE: NORM OF PROJECTED GRADIENT <= PGTOL
70,C1,True,CONVERGENCE: NORM OF PROJECTED GRADIENT <= PGTOL
70,C2,True,CONVERGENCE: NORM OF PROJECTED GRADIENT <= PGTOL
70,C3,True,CONVERGENCE: NORM OF PROJECTED GRADIENT <= PGTOL
70,C4,True,CONVERGENCE: NORM OF PROJECTED GRADIENT <= PGTOL
70,C5,True,CONVERGENCE: NORM OF PROJECTED GRADIENT <= PGTOL
71,C1,True,CONVERGENCE: NORM OF PROJECTED GRADIENT <= PGTOL
71,C2,True,CONVERGENCE: NORM OF PROJECTED GRADIENT <= PGTOL
71,C3,True,CONVERGENCE: NORM OF PROJECTED GRADIENT <= PGTOL
71,C4,True,CONVERGENCE: NORM OF PROJECTED GRADIENT <= PGTOL
71,C5,True,CONVERGENCE: NORM OF PROJECTED GRADIENT <= PGTOL
72,C1,True,CONVERGENCE: NORM OF PROJECTED GRADIENT <= PGTOL
72,C2,True,CONVERGENCE: NORM OF PROJECTED GRADIENT <= PGTOL
72,C3,True,CONVERGENCE: NORM OF PROJECTED GRADIENT <= PGTOL
72,C4,True,CONVERGENCE: NORM OF PROJECTED GRADIENT <= PGTOL
72,C5,True,CONVERGENCE: NORM OF PROJECTED GRADIENT <= PGTOL
73,C1,True,CONVERGENCE: NORM OF PROJECTED GRADIENT <= PGTOL
73,C2,True,CONVERGENCE: NORM OF PROJECTED GRADIENT <= PGTOL
73,C3,True,CONVERGENCE: NORM OF PROJECTED GRADIENT <= PGTOL
73,C4,True,CONVERGENCE: NORM OF PROJECTED GRADIENT <= PGTOL
73,C5,True,CONVERGENCE: NORM OF PROJECTED GRADIENT <= PGTOL
74,C1,True,CONVERGENCE: NORM OF PROJECTED GRADIENT <= PGTOL
74,C2,True,CONVERGENCE: NORM OF PROJECTED GRADIENT <= PGTOL
74,C3,True,CONVERGENCE: NORM OF PROJECTED GRADIENT <= PGTOL
74,C4,True,CONVERGENCE: NORM OF PROJECTED GRADIENT <= PGTOL
74,C5,True,CONVERGENCE: NORM OF PROJECTED GRADIENT <= PGTOL
75,C1,True,CONVERGENCE: NORM OF PROJECTED GRADIENT <= PGTOL
75,C2,True,CONVERGENCE: NORM OF PROJECTED GRADIENT <= PGTOL
75,C3,True,CONVERGENCE: NORM OF PROJECTED GRADIENT <= PGTOL
75,C4,True,CONVERGENCE: NORM OF PROJECTED GRADIENT <= PGTOL
75,C5,True,CONVERGENCE: NORM OF PROJECTED GRADIENT <= PGTOL
76,C1,True,CONVERGENCE: NORM OF PROJECTED GRADIENT <= PGTOL
76,C2,True,CONVERGENCE: NORM OF PROJECTED GRADIENT <= PGTOL
76,C3,True,CONVERGENCE: NORM OF PROJECTED GRADIENT <= PGTOL
76,C4,True,CONVERGENCE: NORM OF PROJECTED GRADIENT <= PGTOL
76,C5,True,CONVERGENCE: NORM OF PROJECTED GRADIENT <= PGTOL
77,C1,True,CONVERGENCE: NORM OF PROJECTED GRADIENT <= PGTOL
77,C2,True,CONVERGENCE: NORM OF PROJECTED GRADIENT <= PGTOL
77,C3,True,CONVERGENCE: NORM OF PROJECTED GRADIENT <= PGTOL
77,C4,True,CONVERGENCE: NORM OF PROJECTED GRADIENT <= PGTOL
77,C5,True,CONVERGENCE: NORM OF PROJECTED GRADIENT <= PGTOL
78,C1,True,CONVERGENCE: NORM OF PROJECTED GRADIENT <= PGTOL
78,C2,True,CONVERGENCE: NORM OF PROJECTED GRADIENT <= PGTOL
78,C3,True,CONVERGENCE: NORM OF PROJECTED GRADIENT <= PGTOL
78,C4,True,CONVERGENCE: NORM OF PROJECTED GRADIENT <= PGTOL
78,C5,True,CONVERGENCE: NORM OF PROJECTED GRADIENT <= PGTOL
79,C1,True,CONVERGENCE: NORM OF PROJECTED GRADIENT <= PGTOL
79,C2,True,CONVERGENCE: NORM OF PROJECTED GRADIENT <= PGTOL
79,C3,True,CONVERGENCE: NORM OF PROJECTED GRADIENT <= PGTOL
79,C4,True,CONVERGENCE: NORM OF PROJECTED GRADIENT <= PGTOL
79,C5,True,CONVERGENCE: NORM OF PROJECTED GRADIENT <= PGTOL
80,C1,True,CONVERGENCE: NORM OF PROJECTED GRADIENT <= PGTOL
80,C2,True,CONVERGENCE: NORM OF PROJECTED GRADIENT <= PGTOL
80,C3,True,CONVERGENCE: NORM OF PROJECTED GRADIENT <= PGTOL
80,C4,True,CONVERGENCE: NORM OF PROJECTED GRADIENT <= PGTOL
80,C5,True,CONVERGENCE: NORM OF PROJECTED GRADIENT <= PGTOL
81,C1,True,CONVERGENCE: NORM OF PROJECTED GRADIENT <= PGTOL
81,C2,True,CONVERGENCE: NORM OF PROJECTED GRADIENT <= PGTOL
81,C3,True,CONVERGENCE: NORM OF PROJECTED GRADIENT <= PGTOL
81,C4,True,CONVERGENCE: NORM OF PROJECTED GRADIENT <= PGTOL
81,C5,True,CONVERGENCE: NORM OF PROJECTED GRADIENT <= PGTOL
82,C1,True,CONVERGENCE: NORM OF PROJECTED GRADIENT <= PGTOL
82,C2,True,CONVERGENCE: NORM OF PROJECTED GRADIENT <= PGTOL
82,C3,True,CONVERGENCE: NORM OF PROJECTED GRADIENT <= PGTOL
82,C4,True,CONVERGENCE: NORM OF PROJECTED GRADIENT <= PGTOL
82,C5,True,CONVERGENCE: NORM OF PROJECTED GRADIENT <= PGTOL
83,C1,True,CONVERGENCE: NORM OF PROJECTED GRADIENT <= PGTOL
83,C2,True,CONVERGENCE: NORM OF PROJECTED GRADIENT <= PGTOL
83,C3,True,CONVERGENCE: NORM OF PROJECTED GRADIENT <= PGTOL
83,C4,True,CONVERGENCE: NORM OF PROJECTED GRADIENT <= PGTOL
83,C5,True,CONVERGENCE: NORM OF PROJECTED GRADIENT <= PGTOL
84,C1,True,CONVERGENCE: NORM OF PROJECTED GRADIENT <= PGTOL
84,C2,True,CONVERGENCE: NORM OF PROJECTED GRADIENT <= PGTOL
84,C3,True,CONVERGENCE: NORM OF PROJECTED GRADIENT <= PGTOL
84,C4,True,CONVERGENCE: NORM OF PROJECTED GRADIENT <= PGTOL
84,C5,True,CONVERGENCE: NORM OF PROJECTED GRADIENT <= PGTOL
85,C1,True,CONVERGENCE: NORM OF PROJECTED GRADIENT <= PGTOL
85,C2,True,CONVERGENCE: NORM OF PROJECTED GRADIENT <= PGTOL
85,C3,True,CONVERGENCE: NORM OF PROJECTED GRADIENT <= PGTOL
85,C4,True,CONVERGENCE: NORM OF PROJECTED GRADIENT <= PGTOL
85,C5,True,CONVERGENCE: NORM OF PROJECTED GRADIENT <= PGTOL
86,C1,True,CONVERGENCE: NORM OF PROJECTED GRADIENT <= PGTOL
86,C2,True,CONVERGENCE: NORM OF PROJECTED GRADIENT <= PGTOL
86,C3,True,CONVERGENCE: NORM OF PROJECTED GRADIENT <= PGTOL
86,C4,True,CONVERGENCE: NORM OF PROJECTED GRADIENT <= PGTOL
86,C5,True,CONVERGENCE: NORM OF PROJECTED GRADIENT <= PGTOL
87,C1,True,CONVERGENCE: NORM OF PROJECTED GRADIENT <= PGTOL
87,C2,True,CONVERGENCE: NORM OF PROJECTED GRADIENT <= PGTOL
87,C3,True,CONVERGENCE: NORM OF PROJECTED GRADIENT <= PGTOL
87,C4,True,CONVERGENCE: NORM OF PROJECTED GRADIENT <= PGTOL
87,C5,True,CONVERGENCE: NORM OF PROJECTED GRADIENT <= PGTOL
88,C1,True,CONVERGENCE: NORM OF PROJECTED GRADIENT <= PGTOL
88,C2,True,CONVERGENCE: NORM OF PROJECTED GRADIENT <= PGTOL
88,C3,True,CONVERGENCE: NORM OF PROJECTED GRADIENT <= PGTOL
88,C4,True,CONVERGENCE: NORM OF PROJECTED GRADIENT <= PGTOL
88,C5,True,CONVERGENCE: NORM OF PROJECTED GRADIENT <= PGTOL
89,C1,True,CONVERGENCE: NORM OF PROJECTED GRADIENT <= PGTOL
89,C2,True,CONVERGENCE: NORM OF PROJECTED GRADIENT <= PGTOL
89,C3,True,CONVERGENCE: NORM OF PROJECTED GRADIENT <= PGTOL
89,C4,True,CONVERGENCE: NORM OF PROJECTED GRADIENT <= PGTOL
89,C5,True,CONVERGENCE: NORM OF PROJECTED GRADIENT <= PGTOL
90,C1,True,CONVERGENCE: NORM OF PROJECTED GRADIENT <= PGTOL
90,C2,True,CONVERGENCE: NORM OF PROJECTED GRADIENT <= PGTOL
90,C3,True,CONVERGENCE: NORM OF PROJECTED GRADIENT <= PGTOL
90,C4,True,CONVERGENCE: NORM OF PROJECTED GRADIENT <= PGTOL
90,C5,True,CONVERGENCE: NORM OF PROJECTED GRADIENT <= PGTOL
91,C1,True,CONVERGENCE: NORM OF PROJECTED GRADIENT <= PGTOL
91,C2,True,CONVERGENCE: NORM OF PROJECTED GRADIENT <= PGTOL
91,C3,True,CONVERGENCE: NORM OF PROJECTED GRADIENT <= PGTOL
91,C4,True,CONVERGENCE: NORM OF PROJECTED GRADIENT <= PGTOL
91,C5,True,CONVERGENCE: NORM OF PROJECTED GRADIENT <= PGTOL
92,C1,True,CONVERGENCE: NORM OF PROJECTED GRADIENT <= PGTOL
92,C2,True,CONVERGENCE: NORM OF PROJECTED GRADIENT <= PGTOL
92,C3,True,CONVERGENCE: NORM OF PROJECTED GRADIENT <= PGTOL
92,C4,True,CONVERGENCE: NORM OF PROJECTED GRADIENT <= PGTOL
92,C5,True,CONVERGENCE: NORM OF PROJECTED GRADIENT <= PGTOL
93,C1,True,CONVERGENCE: NORM OF PROJECTED GRADIENT <= PGTOL
93,C2,True,CONVERGENCE: NORM OF PROJECTED GRADIENT <= PGTOL
93,C3,True,CONVERGENCE: NORM OF PROJECTED GRADIENT <= PGTOL
93,C4,True,CONVERGENCE: NORM OF PROJECTED GRADIENT <= PGTOL
93,C5,True,CONVERGENCE: NORM OF PROJECTED GRADIENT <= PGTOL
94,C1,True,CONVERGENCE: NORM OF PROJECTED GRADIENT <= PGTOL
94,C2,True,CONVERGENCE: NORM OF PROJECTED GRADIENT <= PGTOL
94,C3,True,CONVERGENCE: NORM OF PROJECTED GRADIENT <= PGTOL
94,C4,True,CONVERGENCE: NORM OF PROJECTED GRADIENT <= PGTOL
94,C5,True,CONVERGENCE: NORM OF PROJECTED GRADIENT <= PGTOL
95,C1,True,CONVERGENCE: NORM OF PROJECTED GRADIENT <= PGTOL
95,C2,True,CONVERGENCE: NORM OF PROJECTED GRADIENT <= PGTOL
95,C3,True,CONVERGENCE: NORM OF PROJECTED GRADIENT <= PGTOL
95,C4,True,CONVERGENCE: NORM OF PROJECTED GRADIENT <= PGTOL
95,C5,True,CONVERGENCE: NORM OF PROJECTED GRADIENT <= PGTOL
96,C1,True,CONVERGENCE: NORM OF PROJECTED GRADIENT <= PGTOL
96,C2,True,CONVERGENCE: NORM OF PROJECTED GRADIENT <= PGTOL
96,C3,True,CONVERGENCE: NORM OF PROJECTED GRADIENT <= PGTOL
96,C4,True,CONVERGENCE: NORM OF PROJECTED GRADIENT <= PGTOL
96,C5,True,CONVERGENCE: NORM OF PROJECTED GRADIENT <= PGTOL
97,C1,True,CONVERGENCE: NORM OF PROJECTED GRADIENT <= PGTOL
97,C2,True,CONVERGENCE: NORM OF PROJECTED GRADIENT <= PGTOL
97,C3,True,CONVERGENCE: NORM OF PROJECTED GRADIENT <= PGTOL
97,C4,True,CONVERGENCE: NORM OF PROJECTED GRADIENT <= PGTOL
97,C5,True,CONVERGENCE: NORM OF PROJECTED GRADIENT <= PGTOL
98,C1,True,CONVERGENCE: NORM OF PROJECTED GRADIENT <= PGTOL
98,C2,True,CONVERGENCE: NORM OF PROJECTED GRADIENT <= PGTOL
98,C3,True,CONVERGENCE: NORM OF PROJECTED GRADIENT <= PGTOL
98,C4,True,CONVERGENCE: NORM OF PROJECTED GRADIENT <= PGTOL
98,C5,True,CONVERGENCE: NORM OF PROJECTED GRADIENT <= PGTOL
99,C1,True,CONVERGENCE: NORM OF PROJECTED GRADIENT <= PGTOL
99,C2,True,CONVERGENCE: NORM OF PROJECTED GRADIENT <= PGTOL
99,C3,True,CONVERGENCE: NORM OF PROJECTED GRADIENT <= PGTOL
99,C4,True,CONVERGENCE: NORM OF PROJECTED GRADIENT <= PGTOL
99,C5,True,CONVERGENCE: NORM OF PROJECTED GRADIENT <= PGTOL
100,C1,True,CONVERGENCE: NORM OF PROJECTED GRADIENT <= PGTOL
100,C2,True,CONVERGENCE: NORM OF PROJECTED GRADIENT <= PGTOL
100,C3,True,CONVERGENCE: NORM OF PROJECTED GRADIENT <= PGTOL
100,C4,True,CONVERGENCE: NORM OF PROJECTED GRADIENT <= PGTOL
100,C5,True,CONVERGENCE: NORM OF PROJECTED GRADIENT <= PGTOL
101,C1,True,CONVERGENCE: NORM OF PROJECTED GRADIENT <= PGTOL
101,C2,True,CONVERGENCE: NORM OF PROJECTED GRADIENT <= PGTOL
101,C3,True,CONVERGENCE: NORM OF PROJECTED GRADIENT <= PGTOL
101,C4,True,CONVERGENCE: NORM OF PROJECTED GRADIENT <= PGTOL
101,C5,True,CONVERGENCE: NORM OF PROJECTED GRADIENT <= PGTOL
102,C1,True,CONVERGENCE: NORM OF PROJECTED GRADIENT <= PGTOL
102,C2,True,CONVERGENCE: NORM OF PROJECTED GRADIENT <= PGTOL
102,C3,True,CONVERGENCE: NORM OF PROJECTED GRADIENT <= PGTOL
102,C4,True,CONVERGENCE: NORM OF PROJECTED GRADIENT <= PGTOL
102,C5,True,CONVERGENCE: NORM OF PROJECTED GRADIENT <= PGTOL
103,C1,True,CONVERGENCE: NORM OF PROJECTED GRADIENT <= PGTOL
103,C2,True,CONVERGENCE: NORM OF PROJECTED GRADIENT <= PGTOL
103,C3,True,CONVERGENCE: NORM OF PROJECTED GRADIENT <= PGTOL
103,C4,True,CONVERGENCE: NORM OF PROJECTED GRADIENT <= PGTOL
103,C5,True,CONVERGENCE: NORM OF PROJECTED GRADIENT <= PGTOL
104,C1,True,CONVERGENCE: NORM OF PROJECTED GRADIENT <= PGTOL
104,C2,True,CONVERGENCE: NORM OF PROJECTED GRADIENT <= PGTOL
104,C3,True,CONVERGENCE: NORM OF PROJECTED GRADIENT <= PGTOL
104,C4,True,CONVERGENCE: NORM OF PROJECTED GRADIENT <= PGTOL
104,C5,True,CONVERGENCE: NORM OF PROJECTED GRADIENT <= PGTOL
105,C1,True,CONVERGENCE: NORM OF PROJECTED GRADIENT <= PGTOL
105,C2,True,CONVERGENCE: NORM OF PROJECTED GRADIENT <= PGTOL
105,C3,True,CONVERGENCE: NORM OF PROJECTED GRADIENT <= PGTOL
105,C4,True,CONVERGENCE: NORM OF PROJECTED GRADIENT <= PGTOL
105,C5,True,CONVERGENCE: NORM OF PROJECTED GRADIENT <= PGTOL
106,C1,True,CONVERGENCE: NORM OF PROJECTED GRADIENT <= PGTOL
106,C2,True,CONVERGENCE: NORM OF PROJECTED GRADIENT <= PGTOL
106,C3,True,CONVERGENCE: NORM OF PROJECTED GRADIENT <= PGTOL
106,C4,True,CONVERGENCE: NORM OF PROJECTED GRADIENT <= PGTOL
106,C5,True,CONVERGENCE: NORM OF PROJECTED GRADIENT <= PGTOL
107,C1,True,CONVERGENCE: NORM OF PROJECTED GRADIENT <= PGTOL
107,C2,True,CONVERGENCE: NORM OF PROJECTED GRADIENT <= PGTOL
107,C3,True,CONVERGENCE: NORM OF PROJECTED GRADIENT <= PGTOL
107,C4,True,CONVERGENCE: NORM OF PROJECTED GRADIENT <= PGTOL
107,C5,True,CONVERGENCE: NORM OF PROJECTED GRADIENT <= PGTOL
108,C1,True,CONVERGENCE: NORM OF PROJECTED GRADIENT <= PGTOL
108,C2,True,CONVERGENCE: NORM OF PROJECTED GRADIENT <= PGTOL
108,C3,True,CONVERGENCE: NORM OF PROJECTED GRADIENT <= PGTOL
108,C4,True,CONVERGENCE: NORM OF PROJECTED GRADIENT <= PGTOL
108,C5,True,CONVERGENCE: NORM OF PROJECTED GRADIENT <= PGTOL
109,C1,True,CONVERGENCE: NORM OF PROJECTED GRADIENT <= PGTOL
109,C2,True,CONVERGENCE: NORM OF PROJECTED GRADIENT <= PGTOL
109,C3,True,CONVERGENCE: NORM OF PROJECTED GRADIENT <= PGTOL
109,C4,True,CONVERGENCE: NORM OF PROJECTED GRADIENT <= PGTOL
109,C5,True,CONVERGENCE: NORM OF PROJECTED GRADIENT <= PGTOL
110,C1,True,CONVERGENCE: NORM OF PROJECTED GRADIENT <= PGTOL
110,C2,True,CONVERGENCE: NORM OF PROJECTED GRADIENT <= PGTOL
110,C3,True,CONVERGENCE: NORM OF PROJECTED GRADIENT <= PGTOL
110,C4,True,CONVERGENCE: NORM OF PROJECTED GRADIENT <= PGTOL
110,C5,True,CONVERGENCE: NORM OF PROJECTED GRADIENT <= PGTOL
111,C1,True,CONVERGENCE: NORM OF PROJECTED GRADIENT <= PGTOL
111,C2,True,CONVERGENCE: NORM OF PROJECTED GRADIENT <= PGTOL
111,C3,True,CONVERGENCE: NORM OF PROJECTED GRADIENT <= PGTOL
111,C4,True,CONVERGENCE: NORM OF PROJECTED GRADIENT <= PGTOL
111,C5,True,CONVERGENCE: NORM OF PROJECTED GRADIENT <= PGTOL
112,C1,True,CONVERGENCE: NORM OF PROJECTED GRADIENT <= PGTOL
112,C2,True,CONVERGENCE: NORM OF PROJECTED GRADIENT <= PGTOL
112,C3,True,CONVERGENCE: NORM OF PROJECTED GRADIENT <= PGTOL
112,C4,True,CONVERGENCE: NORM OF PROJECTED GRADIENT <= PGTOL
112,C5,True,CONVERGENCE: NORM OF PROJECTED GRADIENT <= PGTOL
113,C1,True,CONVERGENCE: NORM OF PROJECTED GRADIENT <= PGTOL
113,C2,True,CONVERGENCE: NORM OF PROJECTED GRADIENT <= PGTOL
113,C3,True,CONVERGENCE: NORM OF PROJECTED GRADIENT <= PGTOL
113,C4,True,CONVERGENCE: NORM OF PROJECTED GRADIENT <= PGTOL
113,C5,True,CONVERGENCE: NORM OF PROJECTED GRADIENT <= PGTOL
114,C1,True,CONVERGENCE: NORM OF PROJECTED GRADIENT <= PGTOL
114,C2,True,CONVERGENCE: NORM OF PROJECTED GRADIENT <= PGTOL
114,C3,True,CONVERGENCE: NORM OF PROJECTED GRADIENT <= PGTOL
114,C4,True,CONVERGENCE: NORM OF PROJECTED GRADIENT <= PGTOL
114,C5,True,CONVERGENCE: NORM OF PROJECTED GRADIENT <= PGTOL
115,C1,True,CONVERGENCE: NORM OF PROJECTED GRADIENT <= PGTOL
115,C2,True,CONVERGENCE: NORM OF PROJECTED GRADIENT <= PGTOL
115,C3,True,CONVERGENCE: NORM OF PROJECTED GRADIENT <= PGTOL
115,C4,True,CONVERGENCE: NORM OF PROJECTED GRADIENT <= PGTOL
115,C5,True,CONVERGENCE: NORM OF PROJECTED GRADIENT <= PGTOL
116,C1,True,CONVERGENCE: NORM OF PROJECTED GRADIENT <= PGTOL
116,C2,True,CONVERGENCE: NORM OF PROJECTED GRADIENT <= PGTOL
116,C3,True,CONVERGENCE: NORM OF PROJECTED GRADIENT <= PGTOL
116,C4,True,CONVERGENCE: NORM OF PROJECTED GRADIENT <= PGTOL
116,C5,True,CONVERGENCE: NORM OF PROJECTED GRADIENT <= PGTOL
117,C1,True,CONVERGENCE: NORM OF PROJECTED GRADIENT <= PGTOL
117,C2,True,CONVERGENCE: NORM OF PROJECTED GRADIENT <= PGTOL
117,C3,True,CONVERGENCE: NORM OF PROJECTED GRADIENT <= PGTOL
117,C4,True,CONVERGENCE: NORM OF PROJECTED GRADIENT <= PGTOL
117,C5,True,CONVERGENCE: NORM OF PROJECTED GRADIENT <= PGTOL
118,C1,True,CONVERGENCE: NORM OF PROJECTED GRADIENT <= PGTOL
118,C2,True,CONVERGENCE: NORM OF PROJECTED GRADIENT <= PGTOL
118,C3,True,CONVERGENCE: NORM OF PROJECTED GRADIENT <= PGTOL
118,C4,True,CONVERGENCE: NORM OF PROJECTED GRADIENT <= PGTOL
118,C5,True,CONVERGENCE: NORM OF PROJECTED GRADIENT <= PGTOL
119,C1,True,CONVERGENCE: NORM OF PROJECTED GRADIENT <= PGTOL
119,C2,True,CONVERGENCE: NORM OF PROJECTED GRADIENT <= PGTOL
119,C3,True,CONVERGENCE: NORM OF PROJECTED GRADIENT <= PGTOL
119,C4,True,CONVERGENCE: NORM OF PROJECTED GRADIENT <= PGTOL
119,C5,True,CONVERGENCE: NORM OF PROJECTED GRADIENT <= PGTOL
120,C1,True,CONVERGENCE: NORM OF PROJECTED GRADIENT <= PGTOL
120,C2,True,CONVERGENCE: NORM OF PROJECTED GRADIENT <= PGTOL
120,C3,True,CONVERGENCE: NORM OF PROJECTED GRADIENT <= PGTOL
120,C4,True,CONVERGENCE: NORM OF PROJECTED GRADIENT <= PGTOL
120,C5,True,CONVERGENCE: NORM OF PROJECTED GRADIENT <= PGTOL
121,C1,True,CONVERGENCE: NORM OF PROJECTED GRADIENT <= PGTOL
121,C2,True,CONVERGENCE: NORM OF PROJECTED GRADIENT <= PGTOL
121,C3,True,CONVERGENCE: NORM OF PROJECTED GRADIENT <= PGTOL
121,C4,True,CONVERGENCE: NORM OF PROJECTED GRADIENT <= PGTOL
121,C5,True,CONVERGENCE: NORM OF PROJECTED GRADIENT <= PGTOL
122,C1,True,CONVERGENCE: NORM OF PROJECTED GRADIENT <= PGTOL
122,C2,True,CONVERGENCE: NORM OF PROJECTED GRADIENT <= PGTOL
122,C3,True,CONVERGENCE: NORM OF PROJECTED GRADIENT <= PGTOL
122,C4,True,CONVERGENCE: NORM OF PROJECTED GRADIENT <= PGTOL
122,C5,True,CONVERGENCE: NORM OF PROJECTED GRADIENT <= PGTOL
123,C1,True,CONVERGENCE: NORM OF PROJECTED GRADIENT <= PGTOL
123,C2,True,CONVERGENCE: NORM OF PROJECTED GRADIENT <= PGTOL
123,C3,True,CONVERGENCE: NORM OF PROJECTED GRADIENT <= PGTOL
123,C4,True,CONVERGENCE: NORM OF PROJECTED GRADIENT <= PGTOL
123,C5,True,CONVERGENCE: NORM OF PROJECTED GRADIENT <= PGTOL
124,C1,True,CONVERGENCE: NORM OF PROJECTED GRADIENT <= PGTOL
124,C2,True,CONVERGENCE: NORM OF PROJECTED GRADIENT <= PGTOL
124,C3,True,CONVERGENCE: NORM OF PROJECTED GRADIENT <= PGTOL
124,C4,True,CONVERGENCE: NORM OF PROJECTED GRADIENT <= PGTOL
124,C5,True,CONVERGENCE: NORM OF PROJECTED GRADIENT <= PGTOL
125,C1,True,CONVERGENCE: NORM OF PROJECTED GRADIENT <= PGTOL
125,C2,True,CONVERGENCE: NORM OF PROJECTED GRADIENT <= PGTOL
125,C3,True,CONVERGENCE: NORM OF PROJECTED GRADIENT <= PGTOL
125,C4,True,CONVERGENCE: NORM OF PROJECTED GRADIENT <= PGTOL
125,C5,True,CONVERGENCE: NORM OF PROJECTED GRADIENT <= PGTOL
126,C1,True,CONVERGENCE: NORM OF PROJECTED GRADIENT <= PGTOL
126,C2,True,CONVERGENCE: NORM OF PROJECTED GRADIENT <= PGTOL
126,C3,True,CONVERGENCE: NORM OF PROJECTED GRADIENT <= PGTOL
126,C4,True,CONVERGENCE: NORM OF PROJECTED GRADIENT <= PGTOL
126,C5,True,CONVERGENCE: NORM OF PROJECTED GRADIENT <= PGTOL
127,C1,True,CONVERGENCE: NORM OF PROJECTED GRADIENT <= PGTOL
127,C2,True,CONVERGENCE: NORM OF PROJECTED GRADIENT <= PGTOL
127,C3,True,CONVERGENCE: NORM OF PROJECTED GRADIENT <= PGTOL
127,C4,True,CONVERGENCE: NORM OF PROJECTED GRADIENT <= PGTOL
127,C5,True,CONVERGENCE: NORM OF PROJECTED GRADIENT <= PGTOL
128,C1,True,CONVERGENCE: NORM OF PROJECTED GRADIENT <= PGTOL
128,C2,True,CONVERGENCE: NORM OF PROJECTED GRADIENT <= PGTOL
128,C3,True,CONVERGENCE: NORM OF PROJECTED GRADIENT <= PGTOL
128,C4,True,CONVERGENCE: NORM OF PROJECTED GRADIENT <= PGTOL
128,C5,True,CONVERGENCE: NORM OF PROJECTED GRADIENT <= PGTOL
129,C1,True,CONVERGENCE: NORM OF PROJECTED GRADIENT <= PGTOL
129,C2,True,CONVERGENCE: NORM OF PROJECTED GRADIENT <= PGTOL
129,C3,True,CONVERGENCE: NORM OF PROJECTED GRADIENT <= PGTOL
129,C4,True,CONVERGENCE: NORM OF PROJECTED GRADIENT <= PGTOL
129,C5,True,CONVERGENCE: NORM OF PROJECTED GRADIENT <= PGTOL
130,C1,True,CONVERGENCE: NORM OF PROJECTED GRADIENT <= PGTOL
130,C2,True,CONVERGENCE: NORM OF PROJECTED GRADIENT <= PGTOL
130,C3,True,CONVERGENCE: NORM OF PROJECTED GRADIENT <= PGTOL
130,C4,True,CONVERGENCE: NORM OF PROJECTED GRADIENT <= PGTOL
130,C5,True,CONVERGENCE: NORM OF PROJECTED GRADIENT <= PGTOL
131,C1,True,CONVERGENCE: NORM OF PROJECTED GRADIENT <= PGTOL
131,C2,True,CONVERGENCE: NORM OF PROJECTED GRADIENT <= PGTOL
131,C3,True,CONVERGENCE: NORM OF PROJECTED GRADIENT <= PGTOL
131,C4,True,CONVERGENCE: NORM OF PROJECTED GRADIENT <= PGTOL
131,C5,True,CONVERGENCE: NORM OF PROJECTED GRADIENT <= PGTOL
132,C1,True,CONVERGENCE: NORM OF PROJECTED GRADIENT <= PGTOL
132,C2,True,CONVERGENCE: NORM OF PROJECTED GRADIENT <= PGTOL
132,C3,True,CONVERGENCE: NORM OF PROJECTED GRADIENT <= PGTOL
132,C4,True,CONVERGENCE: NORM OF PROJECTED GRADIENT <= PGTOL
132,C5,True,CONVERGENCE: NORM OF PROJECTED GRADIENT <= PGTOL
133,C1,True,CONVERGENCE: NORM OF PROJECTED GRADIENT <= PGTOL
133,C2,True,CONVERGENCE: NORM OF PROJECTED GRADIENT <= PGTOL
133,C3,True,CONVERGENCE: NORM OF PROJECTED GRADIENT <= PGTOL
133,C4,True,CONVERGENCE: NORM OF PROJECTED GRADIENT <= PGTOL
133,C5,True,CONVERGENCE: NORM OF PROJECTED GRADIENT <= PGTOL
134,C1,True,CONVERGENCE: NORM OF PROJECTED GRADIENT <= PGTOL
134,C2,True,CONVERGENCE: NORM OF PROJECTED GRADIENT <= PGTOL
134,C3,True,CONVERGENCE: NORM OF PROJECTED GRADIENT <= PGTOL
134,C4,True,CONVERGENCE: NORM OF PROJECTED GRADIENT <= PGTOL
134,C5,True,CONVERGENCE: NORM OF PROJECTED GRADIENT <= PGTOL
135,C1,True,CONVERGENCE: NORM OF PROJECTED GRADIENT <= PGTOL
135,C2,True,CONVERGENCE: NORM OF PROJECTED GRADIENT <= PGTOL
135,C3,True,CONVERGENCE: NORM OF PROJECTED GRADIENT <= PGTOL
135,C4,True,CONVERGENCE: NORM OF PROJECTED GRADIENT <= PGTOL
135,C5,True,CONVERGENCE: NORM OF PROJECTED GRADIENT <= PGTOL
136,C1,True,CONVERGENCE: NORM OF PROJECTED GRADIENT <= PGTOL
136,C2,True,CONVERGENCE: NORM OF PROJECTED GRADIENT <= PGTOL
136,C3,True,CONVERGENCE: NORM OF PROJECTED GRADIENT <= PGTOL
136,C4,True,CONVERGENCE: NORM OF PROJECTED GRADIENT <= PGTOL
136,C5,True,CONVERGENCE: NORM OF PROJECTED GRADIENT <= PGTOL
137,C1,True,CONVERGENCE: NORM OF PROJECTED GRADIENT <= PGTOL
137,C2,True,CONVERGENCE: NORM OF PROJECTED GRADIENT <= PGTOL
137,C3,True,CONVERGENCE: NORM OF PROJECTED GRADIENT <= PGTOL
137,C4,True,CONVERGENCE: NORM OF PROJECTED GRADIENT <= PGTOL
137,C5,True,CONVERGENCE: NORM OF PROJECTED GRADIENT <= PGTOL
138,C1,True,CONVERGENCE: NORM OF PROJECTED GRADIENT <= PGTOL
138,C2,True,CONVERGENCE: NORM OF PROJECTED GRADIENT <= PGTOL
138,C3,True,CONVERGENCE: NORM OF PROJECTED GRADIENT <= PGTOL
138,C4,True,CONVERGENCE: NORM OF PROJECTED GRADIENT <= PGTOL
138,C5,True,CONVERGENCE: NORM OF PROJECTED GRADIENT <= PGTOL
139,C1,True,CONVERGENCE: NORM OF PROJECTED GRADIENT <= PGTOL
139,C2,True,CONVERGENCE: NORM OF PROJECTED GRADIENT <= PGTOL
139,C3,True,CONVERGENCE: NORM OF PROJECTED GRADIENT <= PGTOL
139,C4,True,CONVERGENCE: NORM OF PROJECTED GRADIENT <= PGTOL
139,C5,True,CONVERGENCE: NORM OF PROJECTED GRADIENT <= PGTOL
140,C1,True,CONVERGENCE: NORM OF PROJECTED GRADIENT <= PGTOL
140,C2,True,CONVERGENCE: NORM OF PROJECTED GRADIENT <= PGTOL
140,C3,True,CONVERGENCE: NORM OF PROJECTED GRADIENT <= PGTOL
140,C4,True,CONVERGENCE: NORM OF PROJECTED GRADIENT <= PGTOL
140,C5,True,CONVERGENCE: NORM OF PROJECTED GRADIENT <= PGTOL
141,C1,True,CONVERGENCE: NORM OF PROJECTED GRADIENT <= PGTOL
141,C2,True,CONVERGENCE: NORM OF PROJECTED GRADIENT <= PGTOL
141,C3,True,CONVERGENCE: NORM OF PROJECTED GRADIENT <= PGTOL
141,C4,True,CONVERGENCE: NORM OF PROJECTED GRADIENT <= PGTOL
141,C5,True,CONVERGENCE: NORM OF PROJECTED GRADIENT <= PGTOL
142,C1,True,CONVERGENCE: NORM OF PROJECTED GRADIENT <= PGTOL
142,C2,True,CONVERGENCE: NORM OF PROJECTED GRADIENT <= PGTOL
142,C3,True,CONVERGENCE: NORM OF PROJECTED GRADIENT <= PGTOL
142,C4,True,CONVERGENCE: NORM OF PROJECTED GRADIENT <= PGTOL
142,C5,True,CONVERGENCE: NORM OF PROJECTED GRADIENT <= PGTOL
143,C1,True,CONVERGENCE: NORM OF PROJECTED GRADIENT <= PGTOL
143,C2,True,CONVERGENCE: NORM OF PROJECTED GRADIENT <= PGTOL
143,C3,True,CONVERGENCE: NORM OF PROJECTED GRADIENT <= PGTOL
143,C4,True,CONVERGENCE: NORM OF PROJECTED GRADIENT <= PGTOL
143,C5,True,CONVERGENCE: NORM OF PROJECTED GRADIENT <= PGTOL
144,C1,True,CONVERGENCE: NORM OF PROJECTED GRADIENT <= PGTOL
144,C2,True,CONVERGENCE: NORM OF PROJECTED GRADIENT <= PGTOL
144,C3,True,CONVERGENCE: NORM OF PROJECTED GRADIENT <= PGTOL
144,C4,True,CONVERGENCE: NORM OF PROJECTED GRADIENT <= PGTOL
144,C5,True,CONVERGENCE: NORM OF PROJECTED GRADIENT <= PGTOL
145,C1,True,CONVERGENCE: NORM OF PROJECTED GRADIENT <= PGTOL
145,C2,True,CONVERGENCE: NORM OF PROJECTED GRADIENT <= PGTOL
145,C3,True,CONVERGENCE: NORM OF PROJECTED GRADIENT <= PGTOL
145,C4,True,CONVERGENCE: NORM OF PROJECTED GRADIENT <= PGTOL
145,C5,True,CONVERGENCE: NORM OF PROJECTED GRADIENT <= PGTOL
146,C1,True,CONVERGENCE: NORM OF PROJECTED GRADIENT <= PGTOL
146,C2,True,CONVERGENCE: NORM OF PROJECTED GRADIENT <= PGTOL
146,C3,True,CONVERGENCE: NORM OF PROJECTED GRADIENT <= PGTOL
146,C4,True,CONVERGENCE: NORM OF PROJECTED GRADIENT <= PGTOL
146,C5,True,CONVERGENCE: NORM OF PROJECTED GRADIENT <= PGTOL
147,C1,True,CONVERGENCE: NORM OF PROJECTED GRADIENT <= PGTOL
147,C2,True,CONVERGENCE: NORM OF PROJECTED GRADIENT <= PGTOL
147,C3,True,CONVERGENCE: NORM OF PROJECTED GRADIENT <= PGTOL
147,C4,True,CONVERGENCE: NORM OF PROJECTED GRADIENT <= PGTOL
147,C5,True,CONVERGENCE: NORM OF PROJECTED GRADIENT <= PGTOL
148,C1,True,CONVERGENCE: NORM OF PROJECTED GRADIENT <= PGTOL
148,C2,True,CONVERGENCE: NORM OF PROJECTED GRADIENT <= PGTOL
148,C3,True,CONVERGENCE: NORM OF PROJECTED GRADIENT <= PGTOL
148,C4,True,CONVERGENCE: NORM OF PROJECTED GRADIENT <= PGTOL
148,C5,True,CONVERGENCE: NORM OF PROJECTED GRADIENT <= PGTOL
149,C1,True,CONVERGENCE: NORM OF PROJECTED GRADIENT <= PGTOL
149,C2,True,CONVERGENCE: NORM OF PROJECTED GRADIENT <= PGTOL
149,C3,True,CONVERGENCE: NORM OF PROJECTED GRADIENT <= PGTOL
149,C4,True,CONVERGENCE: NORM OF PROJECTED GRADIENT <= PGTOL
149,C5,True,CONVERGENCE: NORM OF PROJECTED GRADIENT <= PGTOL
150,C1,True,CONVERGENCE: NORM OF PROJECTED GRADIENT <= PGTOL
150,C2,True,CONVERGENCE: NORM OF PROJECTED GRADIENT <= PGTOL
150,C3,True,CONVERGENCE: NORM OF PROJECTED GRADIENT <= PGTOL
150,C4,True,CONVERGENCE: NORM OF PROJECTED GRADIENT <= PGTOL
150,C5,True,CONVERGENCE: NORM OF PROJECTED GRADIENT <= PGTOL
151,C1,True,CONVERGENCE: NORM OF PROJECTED GRADIENT <= PGTOL
151,C2,True,CONVERGENCE: NORM OF PROJECTED GRADIENT <= PGTOL
151,C3,True,CONVERGENCE: NORM OF PROJECTED GRADIENT <= PGTOL
151,C4,True,CONVERGENCE: NORM OF PROJECTED GRADIENT <= PGTOL
151,C5,True,CONVERGENCE: NORM OF PROJECTED GRADIENT <= PGTOL
152,C1,True,CONVERGENCE: NORM OF PROJECTED GRADIENT <= PGTOL
152,C2,True,CONVERGENCE: NORM OF PROJECTED GRADIENT <= PGTOL
152,C3,True,CONVERGENCE: NORM OF PROJECTED GRADIENT <= PGTOL
152,C4,True,CONVERGENCE: NORM OF PROJECTED GRADIENT <= PGTOL
152,C5,True,CONVERGENCE: NORM OF PROJECTED GRADIENT <= PGTOL
153,C1,True,CONVERGENCE: NORM OF PROJECTED GRADIENT <= PGTOL
153,C2,True,CONVERGENCE: NORM OF PROJECTED GRADIENT <= PGTOL
153,C3,True,CONVERGENCE: NORM OF PROJECTED GRADIENT <= PGTOL
153,C4,True,CONVERGENCE: NORM OF PROJECTED GRADIENT <= PGTOL
153,C5,True,CONVERGENCE: NORM OF PROJECTED GRADIENT <= PGTOL
154,C1,True,CONVERGENCE: NORM OF PROJECTED GRADIENT <= PGTOL
154,C2,True,CONVERGENCE: NORM OF PROJECTED GRADIENT <= PGTOL
154,C3,True,CONVERGENCE: NORM OF PROJECTED GRADIENT <= PGTOL
154,C4,True,CONVERGENCE: NORM OF PROJECTED GRADIENT <= PGTOL
154,C5,True,CONVERGENCE: NORM OF PROJECTED GRADIENT <= PGTOL
155,C1,True,CONVERGENCE: NORM OF PROJECTED GRADIENT <= PGTOL
155,C2,True,CONVERGENCE: NORM OF PROJECTED GRADIENT <= PGTOL
155,C3,True,CONVERGENCE: NORM OF PROJECTED GRADIENT <= PGTOL
155,C4,True,CONVERGENCE: NORM OF PROJECTED GRADIENT <= PGTOL
155,C5,True,CONVERGENCE: NORM OF PROJECTED GRADIENT <= PGTOL
156,C1,True,CONVERGENCE: NORM OF PROJECTED GRADIENT <= PGTOL
156,C2,True,CONVERGENCE: NORM OF PROJECTED GRADIENT <= PGTOL
156,C3,True,CONVERGENCE: NORM OF PROJECTED GRADIENT <= PGTOL
156,C4,True,CONVERGENCE: NORM OF PROJECTED GRADIENT <= PGTOL
156,C5,True,CONVERGENCE: NORM OF PROJECTED GRADIENT <= PGTOL
157,C1,True,CONVERGENCE: NORM OF PROJECTED GRADIENT <= PGTOL
157,C2,True,CONVERGENCE: NORM OF PROJECTED GRADIENT <= PGTOL
157,C3,True,CONVERGENCE: NORM OF PROJECTED GRADIENT <= PGTOL
157,C4,True,CONVERGENCE: NORM OF PROJECTED GRADIENT <= PGTOL
157,C5,True,CONVERGENCE: NORM OF PROJECTED GRADIENT <= PGTOL
158,C1,True,CONVERGENCE: NORM OF PROJECTED GRADIENT <= PGTOL
158,C2,True,CONVERGENCE: NORM OF PROJECTED GRADIENT <= PGTOL
158,C3,True,CONVERGENCE: NORM OF PROJECTED GRADIENT <= PGTOL
158,C4,True,CONVERGENCE: NORM OF PROJECTED GRADIENT <= PGTOL
158,C5,True,CONVERGENCE: NORM OF PROJECTED GRADIENT <= PGTOL
159,C1,True,CONVERGENCE: NORM OF PROJECTED GRADIENT <= PGTOL
159,C2,True,CONVERGENCE: NORM OF PROJECTED GRADIENT <= PGTOL
159,C3,True,CONVERGENCE: NORM OF PROJECTED GRADIENT <= PGTOL
159,C4,True,CONVERGENCE: NORM OF PROJECTED GRADIENT <= PGTOL
159,C5,True,CONVERGENCE: NORM OF PROJECTED GRADIENT <= PGTOL
160,C1,True,CONVERGENCE: NORM OF PROJECTED GRADIENT <= PGTOL
160,C2,True,CONVERGENCE: NORM OF PROJECTED GRADIENT <= PGTOL
160,C3,True,CONVERGENCE: NORM OF PROJECTED GRADIENT <= PGTOL
160,C4,True,CONVERGENCE: NORM OF PROJECTED GRADIENT <= PGTOL
160,C5,True,CONVERGENCE: NORM OF PROJECTED GRADIENT <= PGTOL
161,C1,True,CONVERGENCE: NORM OF PROJECTED GRADIENT <= PGTOL
161,C2,True,CONVERGENCE: NORM OF PROJECTED GRADIENT <= PGTOL
161,C3,True,CONVERGENCE: NORM OF PROJECTED GRADIENT <= PGTOL
161,C4,True,CONVERGENCE: NORM OF PROJECTED GRADIENT <= PGTOL
161,C5,True,CONVERGENCE: NORM OF PROJECTED GRADIENT <= PGTOL
162,C1,True,CONVERGENCE: NORM OF PROJECTED GRADIENT <= PGTOL
162,C2,True,CONVERGENCE: NORM OF PROJECTED GRADIENT <= PGTOL
162,C3,True,CONVERGENCE: NORM OF PROJECTED GRADIENT <= PGTOL
162,C4,True,CONVERGENCE: NORM OF PROJECTED GRADIENT <= PGTOL
162,C5,True,CONVERGENCE: NORM OF PROJECTED GRADIENT <= PGTOL
163,C1,True,CONVERGENCE: NORM OF PROJECTED GRADIENT <= PGTOL
163,C2,True,CONVERGENCE: NORM OF PROJECTED GRADIENT <= PGTOL
163,C3,True,CONVERGENCE: NORM OF PROJECTED GRADIENT <= PGTOL
163,C4,True,CONVERGENCE: NORM OF PROJECTED GRADIENT <= PGTOL
163,C5,True,CONVERGENCE: NORM OF PROJECTED GRADIENT <= PGTOL
164,C1,True,CONVERGENCE: NORM OF PROJECTED GRADIENT <= PGTOL
164,C2,True,CONVERGENCE: NORM OF PROJECTED GRADIENT <= PGTOL
164,C3,True,CONVERGENCE: NORM OF PROJECTED GRADIENT <= PGTOL
164,C4,True,CONVERGENCE: NORM OF PROJECTED GRADIENT <= PGTOL
164,C5,True,CONVERGENCE: NORM OF PROJECTED GRADIENT <= PGTOL
165,C1,True,CONVERGENCE: NORM OF PROJECTED GRADIENT <= PGTOL
165,C2,True,CONVERGENCE: NORM OF PROJECTED GRADIENT <= PGTOL
165,C3,True,CONVERGENCE: NORM OF PROJECTED GRADIENT <= PGTOL
165,C4,True,CONVERGENCE: NORM OF PROJECTED GRADIENT <= PGTOL
165,C5,True,CONVERGENCE: NORM OF PROJECTED GRADIENT <= PGTOL
166,C1,True,CONVERGENCE: NORM OF PROJECTED GRADIENT <= PGTOL
166,C2,True,CONVERGENCE: NORM OF PROJECTED GRADIENT <= PGTOL
166,C3,True,CONVERGENCE: NORM OF PROJECTED GRADIENT <= PGTOL
166,C4,True,CONVERGENCE: NORM OF PROJECTED GRADIENT <= PGTOL
166,C5,True,CONVERGENCE: NORM OF PROJECTED GRADIENT <= PGTOL
167,C1,True,CONVERGENCE: NORM OF PROJECTED GRADIENT <= PGTOL
167,C2,True,CONVERGENCE: NORM OF PROJECTED GRADIENT <= PGTOL
167,C3,True,CONVERGENCE: NORM OF PROJECTED GRADIENT <= PGTOL
167,C4,True,CONVERGENCE: NORM OF PROJECTED GRADIENT <= PGTOL
167,C5,True,CONVERGENCE: NORM OF PROJECTED GRADIENT <= PGTOL
168,C1,True,CONVERGENCE: NORM OF PROJECTED GRADIENT <= PGTOL
168,C2,True,CONVERGENCE: NORM OF PROJECTED GRADIENT <= PGTOL
168,C3,True,CONVERGENCE: NORM OF PROJECTED GRADIENT <= PGTOL
168,C4,True,CONVERGENCE: NORM OF PROJECTED GRADIENT <= PGTOL
168,C5,True,CONVERGENCE: NORM OF PROJECTED GRADIENT <= PGTOL
169,C1,True,CONVERGENCE: NORM OF PROJECTED GRADIENT <= PGTOL
169,C2,True,CONVERGENCE: NORM OF PROJECTED GRADIENT <= PGTOL
169,C3,True,CONVERGENCE: NORM OF PROJECTED GRADIENT <= PGTOL
169,C4,True,CONVERGENCE: NORM OF PROJECTED GRADIENT <= PGTOL
169,C5,True,CONVERGENCE: NORM OF PROJECTED GRADIENT <= PGTOL
170,C1,True,CONVERGENCE: NORM OF PROJECTED GRADIENT <= PGTOL
170,C2,True,CONVERGENCE: NORM OF PROJECTED GRADIENT <= PGTOL
170,C3,True,CONVERGENCE: NORM OF PROJECTED GRADIENT <= PGTOL
170,C4,True,CONVERGENCE: NORM OF PROJECTED GRADIENT <= PGTOL
170,C5,True,CONVERGENCE: NORM OF PROJECTED GRADIENT <= PGTOL
171,C1,True,CONVERGENCE: NORM OF PROJECTED GRADIENT <= PGTOL
171,C2,True,CONVERGENCE: NORM OF PROJECTED GRADIENT <= PGTOL
171,C3,True,CONVERGENCE: NORM OF PROJECTED GRADIENT <= PGTOL
171,C4,True,CONVERGENCE: NORM OF PROJECTED GRADIENT <= PGTOL
171,C5,True,CONVERGENCE: NORM OF PROJECTED GRADIENT <= PGTOL
172,C1,True,CONVERGENCE: NORM OF PROJECTED GRADIENT <= PGTOL
172,C2,True,CONVERGENCE: NORM OF PROJECTED GRADIENT <= PGTOL
172,C3,True,CONVERGENCE: NORM OF PROJECTED GRADIENT <= PGTOL
172,C4,True,CONVERGENCE: NORM OF PROJECTED GRADIENT <= PGTOL
172,C5,True,CONVERGENCE: NORM OF PROJECTED GRADIENT <= PGTOL
173,C1,True,CONVERGENCE: NORM OF PROJECTED GRADIENT <= PGTOL
173,C2,True,CONVERGENCE: NORM OF PROJECTED GRADIENT <= PGTOL
173,C3,True,CONVERGENCE: NORM OF PROJECTED GRADIENT <= PGTOL
173,C4,True,CONVERGENCE: NORM OF PROJECTED GRADIENT <= PGTOL
173,C5,True,CONVERGENCE: NORM OF PROJECTED GRADIENT <= PGTOL
174,C1,True,CONVERGENCE: NORM OF PROJECTED GRADIENT <= PGTOL
174,C2,True,CONVERGENCE: NORM OF PROJECTED GRADIENT <= PGTOL
174,C3,True,CONVERGENCE: NORM OF PROJECTED GRADIENT <= PGTOL
174,C4,True,CONVERGENCE: NORM OF PROJECTED GRADIENT <= PGTOL
174,C5,True,CONVERGENCE: NORM OF PROJECTED GRADIENT <= PGTOL
175,C1,True,CONVERGENCE: NORM OF PROJECTED GRADIENT <= PGTOL
175,C2,True,CONVERGENCE: NORM OF PROJECTED GRADIENT <= PGTOL
175,C3,True,CONVERGENCE: NORM OF PROJECTED GRADIENT <= PGTOL
175,C4,True,CONVERGENCE: NORM OF PROJECTED GRADIENT <= PGTOL
175,C5,True,CONVERGENCE: NORM OF PROJECTED GRADIENT <= PGTOL
176,C1,True,CONVERGENCE: NORM OF PROJECTED GRADIENT <= PGTOL
176,C2,True,CONVERGENCE: NORM OF PROJECTED GRADIENT <= PGTOL
176,C3,True,CONVERGENCE: NORM OF PROJECTED GRADIENT <= PGTOL
176,C4,True,CONVERGENCE: NORM OF PROJECTED GRADIENT <= PGTOL
176,C5,True,CONVERGENCE: NORM OF PROJECTED GRADIENT <= PGTOL
177,C1,True,CONVERGENCE: NORM OF PROJECTED GRADIENT <= PGTOL
177,C2,True,CONVERGENCE: NORM OF PROJECTED GRADIENT <= PGTOL
177,C3,True,CONVERGENCE: NORM OF PROJECTED GRADIENT <= PGTOL
177,C4,True,CONVERGENCE: NORM OF PROJECTED GRADIENT <= PGTOL
177,C5,True,CONVERGENCE: NORM OF PROJECTED GRADIENT <= PGTOL
178,C1,True,CONVERGENCE: NORM OF PROJECTED GRADIENT <= PGTOL
178,C2,True,CONVERGENCE: NORM OF PROJECTED GRADIENT <= PGTOL
178,C3,True,CONVERGENCE: NORM OF PROJECTED GRADIENT <= PGTOL
178,C4,True,CONVERGENCE: NORM OF PROJECTED GRADIENT <= PGTOL
178,C5,True,CONVERGENCE: NORM OF PROJECTED GRADIENT <= PGTOL
179,C1,True,CONVERGENCE: NORM OF PROJECTED GRADIENT <= PGTOL
179,C2,True,CONVERGENCE: NORM OF PROJECTED GRADIENT <= PGTOL
179,C3,True,CONVERGENCE: NORM OF PROJECTED GRADIENT <= PGTOL
179,C4,True,CONVERGENCE: NORM OF PROJECTED GRADIENT <= PGTOL
179,C5,True,CONVERGENCE: NORM OF PROJECTED GRADIENT <= PGTOL
180,C1,True,CONVERGENCE: NORM OF PROJECTED GRADIENT <= PGTOL
180,C2,True,CONVERGENCE: NORM OF PROJECTED GRADIENT <= PGTOL
180,C3,True,CONVERGENCE: NORM OF PROJECTED GRADIENT <= PGTOL
180,C4,True,CONVERGENCE: NORM OF PROJECTED GRADIENT <= PGTOL
180,C5,True,CONVERGENCE: NORM OF PROJECTED GRADIENT <= PGTOL
181,C1,True,CONVERGENCE: NORM OF PROJECTED GRADIENT <= PGTOL
181,C2,True,CONVERGENCE: NORM OF PROJECTED GRADIENT <= PGTOL
181,C3,True,CONVERGENCE: NORM OF PROJECTED GRADIENT <= PGTOL
181,C4,True,CONVERGENCE: NORM OF PROJECTED GRADIENT <= PGTOL
181,C5,True,CONVERGENCE: NORM OF PROJECTED GRADIENT <= PGTOL
182,C1,True,CONVERGENCE: NORM OF PROJECTED GRADIENT <= PGTOL
182,C2,True,CONVERGENCE: NORM OF PROJECTED GRADIENT <= PGTOL
182,C3,True,CONVERGENCE: NORM OF PROJECTED GRADIENT <= PGTOL
182,C4,True,CONVERGENCE: NORM OF PROJECTED GRADIENT <= PGTOL
182,C5,True,CONVERGENCE: NORM OF PROJECTED GRADIENT <= PGTOL
183,C1,True,CONVERGENCE: NORM OF PROJECTED GRADIENT <= PGTOL
183,C2,True,CONVERGENCE: NORM OF PROJECTED GRADIENT <= PGTOL
183,C3,True,CONVERGENCE: NORM OF PROJECTED GRADIENT <= PGTOL
183,C4,True,CONVERGENCE: NORM OF PROJECTED GRADIENT <= PGTOL
183,C5,True,CONVERGENCE: NORM OF PROJECTED GRADIENT <= PGTOL
184,C1,True,CONVERGENCE: NORM OF PROJECTED GRADIENT <= PGTOL
184,C2,True,CONVERGENCE: NORM OF PROJECTED GRADIENT <= PGTOL
184,C3,True,CONVERGENCE: NORM OF PROJECTED GRADIENT <= PGTOL
184,C4,True,CONVERGENCE: NORM OF PROJECTED GRADIENT <= PGTOL
184,C5,True,CONVERGENCE: NORM OF PROJECTED GRADIENT <= PGTOL
185,C1,True,CONVERGENCE: NORM OF PROJECTED GRADIENT <= PGTOL
185,C2,True,CONVERGENCE: NORM OF PROJECTED GRADIENT <= PGTOL
185,C3,True,CONVERGENCE: NORM OF PROJECTED GRADIENT <= PGTOL
185,C4,True,CONVERGENCE: NORM OF PROJECTED GRADIENT <= PGTOL
185,C5,True,CONVERGENCE: NORM OF PROJECTED GRADIENT <= PGTOL
186,C1,True,CONVERGENCE: NORM OF PROJECTED GRADIENT <= PGTOL
186,C2,True,CONVERGENCE: NORM OF PROJECTED GRADIENT <= PGTOL
186,C3,True,CONVERGENCE: NORM OF PROJECTED GRADIENT <= PGTOL
186,C4,True,CONVERGENCE: NORM OF PROJECTED GRADIENT <= PGTOL
186,C5,True,CONVERGENCE: NORM OF PROJECTED GRADIENT <= PGTOL
187,C1,True,CONVERGENCE: NORM OF PROJECTED GRADIENT <= PGTOL
187,C2,True,CONVERGENCE: NORM OF PROJECTED GRADIENT <= PGTOL
187,C3,True,CONVERGENCE: NORM OF PROJECTED GRADIENT <= PGTOL
187,C4,True,CONVERGENCE: NORM OF PROJECTED GRADIENT <= PGTOL
187,C5,True,CONVERGENCE: NORM OF PROJECTED GRADIENT <= PGTOL
188,C1,True,CONVERGENCE: NORM OF PROJECTED GRADIENT <= PGTOL
188,C2,True,CONVERGENCE: NORM OF PROJECTED GRADIENT <= PGTOL
188,C3,True,CONVERGENCE: NORM OF PROJECTED GRADIENT <= PGTOL
188,C4,True,CONVERGENCE: NORM OF PROJECTED GRADIENT <= PGTOL
188,C5,True,CONVERGENCE: NORM OF PROJECTED GRADIENT <= PGTOL
189,C1,True,CONVERGENCE: NORM OF PROJECTED GRADIENT <= PGTOL
189,C2,True,CONVERGENCE: NORM OF PROJECTED GRADIENT <= PGTOL
189,C3,True,CONVERGENCE: NORM OF PROJECTED GRADIENT <= PGTOL
189,C4,True,CONVERGENCE: NORM OF PROJECTED GRADIENT <= PGTOL
189,C5,True,CONVERGENCE: NORM OF PROJECTED GRADIENT <= PGTOL
190,C1,True,CONVERGENCE: NORM OF PROJECTED GRADIENT <= PGTOL
190,C2,True,CONVERGENCE: NORM OF PROJECTED GRADIENT <= PGTOL
190,C3,True,CONVERGENCE: NORM OF PROJECTED GRADIENT <= PGTOL
190,C4,True,CONVERGENCE: NORM OF PROJECTED GRADIENT <= PGTOL
190,C5,True,CONVERGENCE: NORM OF PROJECTED GRADIENT <= PGTOL
191,C1,True,CONVERGENCE: NORM OF PROJECTED GRADIENT <= PGTOL
191,C2,True,CONVERGENCE: NORM OF PROJECTED GRADIENT <= PGTOL
191,C3,True,CONVERGENCE: NORM OF PROJECTED GRADIENT <= PGTOL
191,C4,True,CONVERGENCE: NORM OF PROJECTED GRADIENT <= PGTOL
191,C5,True,CONVERGENCE: NORM OF PROJECTED GRADIENT <= PGTOL
192,C1,True,CONVERGENCE: NORM OF PROJECTED GRADIENT <= PGTOL
192,C2,True,CONVERGENCE: NORM OF PROJECTED GRADIENT <= PGTOL
192,C3,True,CONVERGENCE: NORM OF PROJECTED GRADIENT <= PGTOL
192,C4,True,CONVERGENCE: NORM OF PROJECTED GRADIENT <= PGTOL
192,C5,True,CONVERGENCE: NORM OF PROJECTED GRADIENT <= PGTOL
193,C1,True,CONVERGENCE: NORM OF PROJECTED GRADIENT <= PGTOL
193,C2,True,CONVERGENCE: NORM OF PROJECTED GRADIENT <= PGTOL
193,C3,True,CONVERGENCE: NORM OF PROJECTED GRADIENT <= PGTOL
193,C4,True,CONVERGENCE: NORM OF PROJECTED GRADIENT <= PGTOL
193,C5,True,CONVERGENCE: NORM OF PROJECTED GRADIENT <= PGTOL
194,C1,True,CONVERGENCE: NORM OF PROJECTED GRADIENT <= PGTOL
194,C2,True,CONVERGENCE: NORM OF PROJECTED GRADIENT <= PGTOL
194,C3,True,CONVERGENCE: NORM OF PROJECTED GRADIENT <= PGTOL
194,C4,True,CONVERGENCE: NORM OF PROJECTED GRADIENT <= PGTOL
194,C5,True,CONVERGENCE: NORM OF PROJECTED GRADIENT <= PGTOL
195,C1,True,CONVERGENCE: NORM OF PROJECTED GRADIENT <= PGTOL
195,C2,True,CONVERGENCE: NORM OF PROJECTED GRADIENT <= PGTOL
195,C3,True,CONVERGENCE: NORM OF PROJECTED GRADIENT <= PGTOL
195,C4,True,CONVERGENCE: NORM OF PROJECTED GRADIENT <= PGTOL
195,C5,True,CONVERGENCE: NORM OF PROJECTED GRADIENT <= PGTOL
196,C1,True,CONVERGENCE: NORM OF PROJECTED GRADIENT <= PGTOL
196,C2,True,CONVERGENCE: NORM OF PROJECTED GRADIENT <= PGTOL
196,C3,True,CONVERGENCE: NORM OF PROJECTED GRADIENT <= PGTOL
196,C4,True,CONVERGENCE: NORM OF PROJECTED GRADIENT <= PGTOL
196,C5,True,CONVERGENCE: NORM OF PROJECTED GRADIENT <= PGTOL
197,C1,True,CONVERGENCE: NORM OF PROJECTED GRADIENT <= PGTOL
197,C2,True,CONVERGENCE: NORM OF PROJECTED GRADIENT <= PGTOL
197,C3,True,CONVERGENCE: NORM OF PROJECTED GRADIENT <= PGTOL
197,C4,True,CONVERGENCE: NORM OF PROJECTED GRADIENT <= PGTOL
197,C5,True,CONVERGENCE: NORM OF PROJECTED GRADIENT <= PGTOL
198,C1,True,CONVERGENCE: NORM OF PROJECTED GRADIENT <= PGTOL
198,C2,True,CONVERGENCE: NORM OF PROJECTED GRADIENT <= PGTOL
198,C3,True,CONVERGENCE: NORM OF PROJECTED GRADIENT <= PGTOL
198,C4,True,CONVERGENCE: NORM OF PROJECTED GRADIENT <= PGTOL
198,C5,True,CONVERGENCE: NORM OF PROJECTED GRADIENT <= PGTOL
199,C1,True,CONVERGENCE: NORM OF PROJECTED GRADIENT <= PGTOL
199,C2,True,CONVERGENCE: NORM OF PROJECTED GRADIENT <= PGTOL
199,C3,True,CONVERGENCE: NORM OF PROJECTED GRADIENT <= PGTOL
199,C4,True,CONVERGENCE: NORM OF PROJECTED GRADIENT <= PGTOL
199,C5,True,CONVERGENCE: NORM OF PROJECTED GRADIENT <= PGTOL
200,C1,True,CONVERGENCE: NORM OF PROJECTED GRADIENT <= PGTOL
200,C2,True,CONVERGENCE: NORM OF PROJECTED GRADIENT <= PGTOL
200,C3,True,CONVERGENCE: NORM OF PROJECTED GRADIENT <= PGTOL
200,C4,True,CONVERGENCE: NORM OF PROJECTED GRADIENT <= PGTOL
200,C5,True,CONVERGENCE: NORM OF PROJECTED GRADIENT <= PGTOL
201,C1,True,CONVERGENCE: NORM OF PROJECTED GRADIENT <= PGTOL
201,C2,True,CONVERGENCE: NORM OF PROJECTED GRADIENT <= PGTOL
201,C3,True,CONVERGENCE: NORM OF PROJECTED GRADIENT <= PGTOL
201,C4,True,CONVERGENCE: NORM OF PROJECTED GRADIENT <= PGTOL
201,C5,True,CONVERGENCE: NORM OF PROJECTED GRADIENT <= PGTOL
202,C1,True,CONVERGENCE: NORM OF PROJECTED GRADIENT <= PGTOL
202,C2,True,CONVERGENCE: NORM OF PROJECTED GRADIENT <= PGTOL
202,C3,True,CONVERGENCE: NORM OF PROJECTED GRADIENT <= PGTOL
202,C4,True,CONVERGENCE: NORM OF PROJECTED GRADIENT <= PGTOL
202,C5,True,CONVERGENCE: NORM OF PROJECTED GRADIENT <= PGTOL
203,C1,True,CONVERGENCE: NORM OF PROJECTED GRADIENT <= PGTOL
203,C2,True,CONVERGENCE: NORM OF PROJECTED GRADIENT <= PGTOL
203,C3,True,CONVERGENCE: NORM OF PROJECTED GRADIENT <= PGTOL
203,C4,True,CONVERGENCE: NORM OF PROJECTED GRADIENT <= PGTOL
203,C5,True,CONVERGENCE: NORM OF PROJECTED GRADIENT <= PGTOL
204,C1,True,CONVERGENCE: NORM OF PROJECTED GRADIENT <= PGTOL
204,C2,True,CONVERGENCE: NORM OF PROJECTED GRADIENT <= PGTOL
204,C3,True,CONVERGENCE: NORM OF PROJECTED GRADIENT <= PGTOL
204,C4,True,CONVERGENCE: NORM OF PROJECTED GRADIENT <= PGTOL
204,C5,True,CONVERGENCE: NORM OF PROJECTED GRADIENT <= PGTOL
205,C1,True,CONVERGENCE: NORM OF PROJECTED GRADIENT <= PGTOL
205,C2,True,CONVERGENCE: NORM OF PROJECTED GRADIENT <= PGTOL
205,C3,True,CONVERGENCE: NORM OF PROJECTED GRADIENT <= PGTOL
205,C4,True,CONVERGENCE: NORM OF PROJECTED GRADIENT <= PGTOL
205,C5,True,CONVERGENCE: NORM OF PROJECTED GRADIENT <= PGTOL
206,C1,True,CONVERGENCE: NORM OF PROJECTED GRADIENT <= PGTOL
206,C2,True,CONVERGENCE: NORM OF PROJECTED GRADIENT <= PGTOL
206,C3,True,CONVERGENCE: NORM OF PROJECTED GRADIENT <= PGTOL
206,C4,True,CONVERGENCE: NORM OF PROJECTED GRADIENT <= PGTOL
206,C5,True,CONVERGENCE: NORM OF PROJECTED GRADIENT <= PGTOL
207,C1,True,CONVERGENCE: NORM OF PROJECTED GRADIENT <= PGTOL
207,C2,True,CONVERGENCE: NORM OF PROJECTED GRADIENT <= PGTOL
207,C3,True,CONVERGENCE: NORM OF PROJECTED GRADIENT <= PGTOL
207,C4,True,CONVERGENCE: NORM OF PROJECTED GRADIENT <= PGTOL
207,C5,True,CONVERGENCE: NORM OF PROJECTED GRADIENT <= PGTOL
208,C1,True,CONVERGENCE: NORM OF PROJECTED GRADIENT <= PGTOL
208,C2,True,CONVERGENCE: NORM OF PROJECTED GRADIENT <= PGTOL
208,C3,True,CONVERGENCE: NORM OF PROJECTED GRADIENT <= PGTOL
208,C4,True,CONVERGENCE: NORM OF PROJECTED GRADIENT <= PGTOL
208,C5,True,CONVERGENCE: NORM OF PROJECTED GRADIENT <= PGTOL
209,C1,True,CONVERGENCE: NORM OF PROJECTED GRADIENT <= PGTOL
209,C2,True,CONVERGENCE: NORM OF PROJECTED GRADIENT <= PGTOL
209,C3,True,CONVERGENCE: NORM OF PROJECTED GRADIENT <= PGTOL
209,C4,True,CONVERGENCE: NORM OF PROJECTED GRADIENT <= PGTOL
209,C5,True,CONVERGENCE: NORM OF PROJECTED GRADIENT <= PGTOL
210,C1,True,CONVERGENCE: NORM OF PROJECTED GRADIENT <= PGTOL
210,C2,True,CONVERGENCE: NORM OF PROJECTED GRADIENT <= PGTOL
210,C3,True,CONVERGENCE: NORM OF PROJECTED GRADIENT <= PGTOL
210,C4,True,CONVERGENCE: NORM OF PROJECTED GRADIENT <= PGTOL
210,C5,True,CONVERGENCE: NORM OF PROJECTED GRADIENT <= PGTOL
211,C1,True,CONVERGENCE: NORM OF PROJECTED GRADIENT <= PGTOL
211,C2,True,CONVERGENCE: NORM OF PROJECTED GRADIENT <= PGTOL
211,C3,True,CONVERGENCE: NORM OF PROJECTED GRADIENT <= PGTOL
211,C4,True,CONVERGENCE: NORM OF PROJECTED GRADIENT <= PGTOL
211,C5,True,CONVERGENCE: NORM OF PROJECTED GRADIENT <= PGTOL
212,C1,True,CONVERGENCE: NORM OF PROJECTED GRADIENT <= PGTOL
212,C2,True,CONVERGENCE: NORM OF PROJECTED GRADIENT <= PGTOL
212,C3,True,CONVERGENCE: NORM OF PROJECTED GRADIENT <= PGTOL
212,C4,True,CONVERGENCE: NORM OF PROJECTED GRADIENT <= PGTOL
212,C5,True,CONVERGENCE: NORM OF PROJECTED GRADIENT <= PGTOL
213,C1,True,CONVERGENCE: NORM OF PROJECTED GRADIENT <= PGTOL
213,C2,True,CONVERGENCE: NORM OF PROJECTED GRADIENT <= PGTOL
213,C3,True,CONVERGENCE: NORM OF PROJECTED GRADIENT <= PGTOL
213,C4,True,CONVERGENCE: NORM OF PROJECTED GRADIENT <= PGTOL
213,C5,True,CONVERGENCE: NORM OF PROJECTED GRADIENT <= PGTOL
214,C1,True,CONVERGENCE: NORM OF PROJECTED GRADIENT <= PGTOL
214,C2,True,CONVERGENCE: NORM OF PROJECTED GRADIENT <= PGTOL
214,C3,True,CONVERGENCE: NORM OF PROJECTED GRADIENT <= PGTOL
214,C4,True,CONVERGENCE: NORM OF PROJECTED GRADIENT <= PGTOL
214,C5,True,CONVERGENCE: NORM OF PROJECTED GRADIENT <= PGTOL
215,C1,True,CONVERGENCE: NORM OF PROJECTED GRADIENT <= PGTOL
215,C2,True,CONVERGENCE: NORM OF PROJECTED GRADIENT <= PGTOL
215,C3,True,CONVERGENCE: NORM OF PROJECTED GRADIENT <= PGTOL
215,C4,True,CONVERGENCE: NORM OF PROJECTED GRADIENT <= PGTOL
215,C5,True,CONVERGENCE: NORM OF PROJECTED GRADIENT <= PGTOL
216,C1,True,CONVERGENCE: NORM OF PROJECTED GRADIENT <= PGTOL
216,C2,True,CONVERGENCE: NORM OF PROJECTED GRADIENT <= PGTOL
216,C3,True,CONVERGENCE: NORM OF PROJECTED GRADIENT <= PGTOL
216,C4,True,CONVERGENCE: NORM OF PROJECTED GRADIENT <= PGTOL
216,C5,True,CONVERGENCE: NORM OF PROJECTED GRADIENT <= PGTOL
217,C1,True,CONVERGENCE: NORM OF PROJECTED GRADIENT <= PGTOL
217,C2,True,CONVERGENCE: NORM OF PROJECTED GRADIENT <= PGTOL
217,C3,True,CONVERGENCE: NORM OF PROJECTED GRADIENT <= PGTOL
217,C4,True,CONVERGENCE: NORM OF PROJECTED GRADIENT <= PGTOL
217,C5,True,CONVERGENCE: NORM OF PROJECTED GRADIENT <= PGTOL
218,C1,True,CONVERGENCE: NORM OF PROJECTED GRADIENT <= PGTOL
218,C2,True,CONVERGENCE: NORM OF PROJECTED GRADIENT <= PGTOL
218,C3,True,CONVERGENCE: NORM OF PROJECTED GRADIENT <= PGTOL
218,C4,True,CONVERGENCE: NORM OF PROJECTED GRADIENT <= PGTOL
218,C5,True,CONVERGENCE: NORM OF PROJECTED GRADIENT <= PGTOL
219,C1,True,CONVERGENCE: NORM OF PROJECTED GRADIENT <= PGTOL
219,C2,True,CONVERGENCE: NORM OF PROJECTED GRADIENT <= PGTOL
219,C3,True,CONVERGENCE: NORM OF PROJECTED GRADIENT <= PGTOL
219,C4,True,CONVERGENCE: NORM OF PROJECTED GRADIENT <= PGTOL
219,C5,True,CONVERGENCE: NORM OF PROJECTED GRADIENT <= PGTOL
220,C1,True,CONVERGENCE: NORM OF PROJECTED GRADIENT <= PGTOL
220,C2,True,CONVERGENCE: NORM OF PROJECTED GRADIENT <= PGTOL
220,C3,True,CONVERGENCE: NORM OF PROJECTED GRADIENT <= PGTOL
220,C4,True,CONVERGENCE: NORM OF PROJECTED GRADIENT <= PGTOL
220,C5,True,CONVERGENCE: NORM OF PROJECTED GRADIENT <= PGTOL
221,C1,True,CONVERGENCE: NORM OF PROJECTED GRADIENT <= PGTOL
221,C2,True,CONVERGENCE: NORM OF PROJECTED GRADIENT <= PGTOL
221,C3,True,CONVERGENCE: NORM OF PROJECTED GRADIENT <= PGTOL
221,C4,True,CONVERGENCE: NORM OF PROJECTED GRADIENT <= PGTOL
221,C5,True,CONVERGENCE: NORM OF PROJECTED GRADIENT <= PGTOL
222,C1,True,CONVERGENCE: NORM OF PROJECTED GRADIENT <= PGTOL
222,C2,True,CONVERGENCE: NORM OF PROJECTED GRADIENT <= PGTOL
222,C3,True,CONVERGENCE: NORM OF PROJECTED GRADIENT <= PGTOL
222,C4,True,CONVERGENCE: NORM OF PROJECTED GRADIENT <= PGTOL
222,C5,True,CONVERGENCE: NORM OF PROJECTED GRADIENT <= PGTOL
223,C1,True,CONVERGENCE: NORM OF PROJECTED GRADIENT <= PGTOL
223,C2,True,CONVERGENCE: NORM OF PROJECTED GRADIENT <= PGTOL
223,C3,True,CONVERGENCE: NORM OF PROJECTED GRADIENT <= PGTOL
223,C4,True,CONVERGENCE: NORM OF PROJECTED GRADIENT <= PGTOL
223,C5,True,CONVERGENCE: NORM OF PROJECTED GRADIENT <= PGTOL
224,C1,True,CONVERGENCE: NORM OF PROJECTED GRADIENT <= PGTOL
224,C2,True,CONVERGENCE: NORM OF PROJECTED GRADIENT <= PGTOL
224,C3,True,CONVERGENCE: NORM OF PROJECTED GRADIENT <= PGTOL
224,C4,True,CONVERGENCE: NORM OF PROJECTED GRADIENT <= PGTOL
224,C5,True,CONVERGENCE: NORM OF PROJECTED GRADIENT <= PGTOL
225,C1,True,CONVERGENCE: NORM OF PROJECTED GRADIENT <= PGTOL
225,C2,True,CONVERGENCE: NORM OF PROJECTED GRADIENT <= PGTOL
225,C3,True,CONVERGENCE: NORM OF PROJECTED GRADIENT <= PGTOL
225,C4,True,CONVERGENCE: NORM OF PROJECTED GRADIENT <= PGTOL
225,C5,True,CONVERGENCE: NORM OF PROJECTED GRADIENT <= PGTOL
226,C1,True,CONVERGENCE: NORM OF PROJECTED GRADIENT <= PGTOL
226,C2,True,CONVERGENCE: NORM OF PROJECTED GRADIENT <= PGTOL
226,C3,True,CONVERGENCE: NORM OF PROJECTED GRADIENT <= PGTOL
226,C4,True,CONVERGENCE: NORM OF PROJECTED GRADIENT <= PGTOL
226,C5,True,CONVERGENCE: NORM OF PROJECTED GRADIENT <= PGTOL
227,C1,True,CONVERGENCE: NORM OF PROJECTED GRADIENT <= PGTOL
227,C2,True,CONVERGENCE: NORM OF PROJECTED GRADIENT <= PGTOL
227,C3,True,CONVERGENCE: NORM OF PROJECTED GRADIENT <= PGTOL
227,C4,True,CONVERGENCE: NORM OF PROJECTED GRADIENT <= PGTOL
227,C5,True,CONVERGENCE: NORM OF PROJECTED GRADIENT <= PGTOL
228,C1,True,CONVERGENCE: NORM OF PROJECTED GRADIENT <= PGTOL
228,C2,True,CONVERGENCE: NORM OF PROJECTED GRADIENT <= PGTOL
228,C3,True,CONVERGENCE: NORM OF PROJECTED GRADIENT <= PGTOL
228,C4,True,CONVERGENCE: NORM OF PROJECTED GRADIENT <= PGTOL
228,C5,True,CONVERGENCE: NORM OF PROJECTED GRADIENT <= PGTOL
229,C1,True,CONVERGENCE: NORM OF PROJECTED GRADIENT <= PGTOL
229,C2,True,CONVERGENCE: NORM OF PROJECTED GRADIENT <= PGTOL
229,C3,True,CONVERGENCE: NORM OF PROJECTED GRADIENT <= PGTOL
229,C4,True,CONVERGENCE: NORM OF PROJECTED GRADIENT <= PGTOL
229,C5,True,CONVERGENCE: NORM OF PROJECTED GRADIENT <= PGTOL
230,C1,True,CONVERGENCE: NORM OF PROJECTED GRADIENT <= PGTOL
230,C2,True,CONVERGENCE: NORM OF PROJECTED GRADIENT <= PGTOL
230,C3,True,CONVERGENCE: NORM OF PROJECTED GRADIENT <= PGTOL
230,C4,True,CONVERGENCE: NORM OF PROJECTED GRADIENT <= PGTOL
230,C5,True,CONVERGENCE: NORM OF PROJECTED GRADIENT <= PGTOL
231,C1,True,CONVERGENCE: NORM OF PROJECTED GRADIENT <= PGTOL
231,C2,True,CONVERGENCE: NORM OF PROJECTED GRADIENT <= PGTOL
231,C3,True,CONVERGENCE: NORM OF PROJECTED GRADIENT <= PGTOL
231,C4,True,CONVERGENCE: NORM OF PROJECTED GRADIENT <= PGTOL
231,C5,True,CONVERGENCE: NORM OF PROJECTED GRADIENT <= PGTOL
232,C1,True,CONVERGENCE: NORM OF PROJECTED GRADIENT <= PGTOL
232,C2,True,CONVERGENCE: NORM OF PROJECTED GRADIENT <= PGTOL
232,C3,True,CONVERGENCE: NORM OF PROJECTED GRADIENT <= PGTOL
232,C4,True,CONVERGENCE: NORM OF PROJECTED GRADIENT <= PGTOL
232,C5,True,CONVERGENCE: NORM OF PROJECTED GRADIENT <= PGTOL
233,C1,True,CONVERGENCE: NORM OF PROJECTED GRADIENT <= PGTOL
233,C2,True,CONVERGENCE: NORM OF PROJECTED GRADIENT <= PGTOL
233,C3,True,CONVERGENCE: NORM OF PROJECTED GRADIENT <= PGTOL
233,C4,True,CONVERGENCE: NORM OF PROJECTED GRADIENT <= PGTOL
233,C5,True,CONVERGENCE: NORM OF PROJECTED GRADIENT <= PGTOL
234,C1,True,CONVERGENCE: NORM OF PROJECTED GRADIENT <= PGTOL
234,C2,True,CONVERGENCE: NORM OF PROJECTED GRADIENT <= PGTOL
234,C3,True,CONVERGENCE: NORM OF PROJECTED GRADIENT <= PGTOL
234,C4,True,CONVERGENCE: NORM OF PROJECTED GRADIENT <= PGTOL
234,C5,True,CONVERGENCE: NORM OF PROJECTED GRADIENT <= PGTOL
235,C1,True,CONVERGENCE: NORM OF PROJECTED GRADIENT <= PGTOL
235,C2,True,CONVERGENCE: NORM OF PROJECTED GRADIENT <= PGTOL
235,C3,True,CONVERGENCE: NORM OF PROJECTED GRADIENT <= PGTOL
235,C4,True,CONVERGENCE: NORM OF PROJECTED GRADIENT <= PGTOL
235,C5,True,CONVERGENCE: NORM OF PROJECTED GRADIENT <= PGTOL
236,C1,True,CONVERGENCE: NORM OF PROJECTED GRADIENT <= PGTOL
236,C2,True,CONVERGENCE: NORM OF PROJECTED GRADIENT <= PGTOL
236,C3,True,CONVERGENCE: NORM OF PROJECTED GRADIENT <= PGTOL
236,C4,True,CONVERGENCE: NORM OF PROJECTED GRADIENT <= PGTOL
236,C5,True,CONVERGENCE: NORM OF PROJECTED GRADIENT <= PGTOL
237,C1,True,CONVERGENCE: NORM OF PROJECTED GRADIENT <= PGTOL
237,C2,True,CONVERGENCE: NORM OF PROJECTED GRADIENT <= PGTOL
237,C3,True,CONVERGENCE: NORM OF PROJECTED GRADIENT <= PGTOL
237,C4,True,CONVERGENCE: NORM OF PROJECTED GRADIENT <= PGTOL
237,C5,True,CONVERGENCE: NORM OF PROJECTED GRADIENT <= PGTOL
238,C1,True,CONVERGENCE: NORM OF PROJECTED GRADIENT <= PGTOL
238,C2,True,CONVERGENCE: NORM OF PROJECTED GRADIENT <= PGTOL
238,C3,True,CONVERGENCE: NORM OF PROJECTED GRADIENT <= PGTOL
238,C4,True,CONVERGENCE: NORM OF PROJECTED GRADIENT <= PGTOL
238,C5,True,CONVERGENCE: NORM OF PROJECTED GRADIENT <= PGTOL
239,C1,True,CONVERGENCE: NORM OF PROJECTED GRADIENT <= PGTOL
239,C2,True,CONVERGENCE: NORM OF PROJECTED GRADIENT <= PGTOL
239,C3,True,CONVERGENCE: NORM OF PROJECTED GRADIENT <= PGTOL
239,C4,True,CONVERGENCE: NORM OF PROJECTED GRADIENT <= PGTOL
239,C5,True,CONVERGENCE: NORM OF PROJECTED GRADIENT <= PGTOL
240,C1,True,CONVERGENCE: NORM OF PROJECTED GRADIENT <= PGTOL
240,C2,True,CONVERGENCE: NORM OF PROJECTED GRADIENT <= PGTOL
240,C3,True,CONVERGENCE: NORM OF PROJECTED GRADIENT <= PGTOL
240,C4,True,CONVERGENCE: NORM OF PROJECTED GRADIENT <= PGTOL
240,C5,True,CONVERGENCE: NORM OF PROJECTED GRADIENT <= PGTOL
241,C1,True,CONVERGENCE: NORM OF PROJECTED GRADIENT <= PGTOL
241,C2,True,CONVERGENCE: NORM OF PROJECTED GRADIENT <= PGTOL
241,C3,True,CONVERGENCE: NORM OF PROJECTED GRADIENT <= PGTOL
241,C4,True,CONVERGENCE: NORM OF PROJECTED GRADIENT <= PGTOL
241,C5,True,CONVERGENCE: NORM OF PROJECTED GRADIENT <= PGTOL
242,C1,True,CONVERGENCE: NORM OF PROJECTED GRADIENT <= PGTOL
242,C2,True,CONVERGENCE: NORM OF PROJECTED GRADIENT <= PGTOL
242,C3,True,CONVERGENCE: NORM OF PROJECTED GRADIENT <= PGTOL
242,C4,True,CONVERGENCE: NORM OF PROJECTED GRADIENT <= PGTOL
242,C5,True,CONVERGENCE: NORM OF PROJECTED GRADIENT <= PGTOL
243,C1,True,CONVERGENCE: NORM OF PROJECTED GRADIENT <= PGTOL
243,C2,True,CONVERGENCE: NORM OF PROJECTED GRADIENT <= PGTOL
243,C3,True,CONVERGENCE: NORM OF PROJECTED GRADIENT <= PGTOL
243,C4,True,CONVERGENCE: NORM OF PROJECTED GRADIENT <= PGTOL
243,C5,True,CONVERGENCE: NORM OF PROJECTED GRADIENT <= PGTOL
244,C1,True,CONVERGENCE: NORM OF PROJECTED GRADIENT <= PGTOL
244,C2,True,CONVERGENCE: NORM OF PROJECTED GRADIENT <= PGTOL
244,C3,True,CONVERGENCE: NORM OF PROJECTED GRADIENT <= PGTOL
244,C4,True,CONVERGENCE: NORM OF PROJECTED GRADIENT <= PGTOL
244,C5,True,CONVERGENCE: NORM OF PROJECTED GRADIENT <= PGTOL
245,C1,True,CONVERGENCE: NORM OF PROJECTED GRADIENT <= PGTOL
245,C2,True,CONVERGENCE: NORM OF PROJECTED GRADIENT <= PGTOL
245,C3,True,CONVERGENCE: NORM OF PROJECTED GRADIENT <= PGTOL
245,C4,True,CONVERGENCE: NORM OF PROJECTED GRADIENT <= PGTOL
245,C5,True,CONVERGENCE: NORM OF PROJECTED GRADIENT <= PGTOL
246,C1,True,CONVERGENCE: NORM OF PROJECTED GRADIENT <= PGTOL
246,C2,True,CONVERGENCE: NORM OF PROJECTED GRADIENT <= PGTOL
246,C3,True,CONVERGENCE: NORM OF PROJECTED GRADIENT <= PGTOL
246,C4,True,CONVERGENCE: NORM OF PROJECTED GRADIENT <= PGTOL
246,C5,True,CONVERGENCE: NORM OF PROJECTED GRADIENT <= PGTOL
247,C1,True,CONVERGENCE: NORM OF PROJECTED GRADIENT <= PGTOL
247,C2,True,CONVERGENCE: NORM OF PROJECTED GRADIENT <= PGTOL
247,C3,True,CONVERGENCE: NORM OF PROJECTED GRADIENT <= PGTOL
247,C4,True,CONVERGENCE: NORM OF PROJECTED GRADIENT <= PGTOL
247,C5,True,CONVERGENCE: NORM OF PROJECTED GRADIENT <= PGTOL
248,C1,True,CONVERGENCE: NORM OF PROJECTED GRADIENT <= PGTOL
248,C2,True,CONVERGENCE: NORM OF PROJECTED GRADIENT <= PGTOL
248,C3,True,CONVERGENCE: NORM OF PROJECTED GRADIENT <= PGTOL
248,C4,True,CONVERGENCE: NORM OF PROJECTED GRADIENT <= PGTOL
248,C5,True,CONVERGENCE: NORM OF PROJECTED GRADIENT <= PGTOL
249,C1,True,CONVERGENCE: NORM OF PROJECTED GRADIENT <= PGTOL
249,C2,True,CONVERGENCE: NORM OF PROJECTED GRADIENT <= PGTOL
249,C3,True,CONVERGENCE: NORM OF PROJECTED GRADIENT <= PGTOL
249,C4,True,CONVERGENCE: NORM OF PROJECTED GRADIENT <= PGTOL
249,C5,True,CONVERGENCE: NORM OF PROJECTED GRADIENT <= PGTOL
250,C1,True,CONVERGENCE: NORM OF PROJECTED GRADIENT <= PGTOL
250,C2,True,CONVERGENCE: NORM OF PROJECTED GRADIENT <= PGTOL
250,C3,True,CONVERGENCE: NORM OF PROJECTED GRADIENT <= PGTOL
250,C4,True,CONVERGENCE: NORM OF PROJECTED GRADIENT <= PGTOL
250,C5,True,CONVERGENCE: NORM OF PROJECTED GRADIENT <= PGTOL
251,C1,True,CONVERGENCE: NORM OF PROJECTED GRADIENT <= PGTOL
251,C2,True,CONVERGENCE: NORM OF PROJECTED GRADIENT <= PGTOL
251,C3,True,CONVERGENCE: NORM OF PROJECTED GRADIENT <= PGTOL
251,C4,True,CONVERGENCE: NORM OF PROJECTED GRADIENT <= PGTOL
251,C5,True,CONVERGENCE: NORM OF PROJECTED GRADIENT <= PGTOL
252,C1,True,CONVERGENCE: NORM OF PROJECTED GRADIENT <= PGTOL
252,C2,True,CONVERGENCE: NORM OF PROJECTED GRADIENT <= PGTOL
252,C3,True,CONVERGENCE: NORM OF PROJECTED GRADIENT <= PGTOL
252,C4,True,CONVERGENCE: NORM OF PROJECTED GRADIENT <= PGTOL
252,C5,True,CONVERGENCE: NORM OF PROJECTED GRADIENT <= PGTOL
253,C1,True,CONVERGENCE: NORM OF PROJECTED GRADIENT <= PGTOL
253,C2,True,CONVERGENCE: NORM OF PROJECTED GRADIENT <= PGTOL
253,C3,True,CONVERGENCE: NORM OF PROJECTED GRADIENT <= PGTOL
253,C4,True,CONVERGENCE: NORM OF PROJECTED GRADIENT <= PGTOL
253,C5,True,CONVERGENCE: NORM OF PROJECTED GRADIENT <= PGTOL
254,C1,True,CONVERGENCE: NORM OF PROJECTED GRADIENT <= PGTOL
254,C2,True,CONVERGENCE: NORM OF PROJECTED GRADIENT <= PGTOL
254,C3,True,CONVERGENCE: NORM OF PROJECTED GRADIENT <= PGTOL
254,C4,True,CONVERGENCE: NORM OF PROJECTED GRADIENT <= PGTOL
254,C5,True,CONVERGENCE: NORM OF PROJECTED GRADIENT <= PGTOL
255,C1,True,CONVERGENCE: NORM OF PROJECTED GRADIENT <= PGTOL
255,C2,True,CONVERGENCE: NORM OF PROJECTED GRADIENT <= PGTOL
255,C3,True,CONVERGENCE: NORM OF PROJECTED GRADIENT <= PGTOL
255,C4,True,CONVERGENCE: NORM OF PROJECTED GRADIENT <= PGTOL
255,C5,True,CONVERGENCE: NORM OF PROJECTED GRADIENT <= PGTOL
256,C1,True,CONVERGENCE: NORM OF PROJECTED GRADIENT <= PGTOL
256,C2,True,CONVERGENCE: NORM OF PROJECTED GRADIENT <= PGTOL
256,C3,True,CONVERGENCE: NORM OF PROJECTED GRADIENT <= PGTOL
256,C4,True,CONVERGENCE: NORM OF PROJECTED GRADIENT <= PGTOL
256,C5,True,CONVERGENCE: NORM OF PROJECTED GRADIENT <= PGTOL
257,C1,True,CONVERGENCE: NORM OF PROJECTED GRADIENT <= PGTOL
257,C2,True,CONVERGENCE: NORM OF PROJECTED GRADIENT <= PGTOL
257,C3,True,CONVERGENCE: NORM OF PROJECTED GRADIENT <= PGTOL
257,C4,True,CONVERGENCE: NORM OF PROJECTED GRADIENT <= PGTOL
257,C5,True,CONVERGENCE: NORM OF PROJECTED GRADIENT <= PGTOL
258,C1,True,CONVERGENCE: NORM OF PROJECTED GRADIENT <= PGTOL
258,C2,True,CONVERGENCE: NORM OF PROJECTED GRADIENT <= PGTOL
258,C3,True,CONVERGENCE: NORM OF PROJECTED GRADIENT <= PGTOL
258,C4,True,CONVERGENCE: NORM OF PROJECTED GRADIENT <= PGTOL
258,C5,True,CONVERGENCE: NORM OF PROJECTED GRADIENT <= PGTOL
259,C1,True,CONVERGENCE: NORM OF PROJECTED GRADIENT <= PGTOL
259,C2,True,CONVERGENCE: NORM OF PROJECTED GRADIENT <= PGTOL
259,C3,True,CONVERGENCE: NORM OF PROJECTED GRADIENT <= PGTOL
259,C4,True,CONVERGENCE: NORM OF PROJECTED GRADIENT <= PGTOL
259,C5,True,CONVERGENCE: NORM OF PROJECTED GRADIENT <= PGTOL
260,C1,True,CONVERGENCE: NORM OF PROJECTED GRADIENT <= PGTOL
260,C2,True,CONVERGENCE: NORM OF PROJECTED GRADIENT <= PGTOL
260,C3,True,CONVERGENCE: NORM OF PROJECTED GRADIENT <= PGTOL
260,C4,True,CONVERGENCE: NORM OF PROJECTED GRADIENT <= PGTOL
260,C5,True,CONVERGENCE: NORM OF PROJECTED GRADIENT <= PGTOL
261,C1,True,CONVERGENCE: NORM OF PROJECTED GRADIENT <= PGTOL
261,C2,True,CONVERGENCE: NORM OF PROJECTED GRADIENT <= PGTOL
261,C3,True,CONVERGENCE: NORM OF PROJECTED GRADIENT <= PGTOL
261,C4,True,CONVERGENCE: NORM OF PROJECTED GRADIENT <= PGTOL
261,C5,True,CONVERGENCE: NORM OF PROJECTED GRADIENT <= PGTOL
262,C1,True,CONVERGENCE: NORM OF PROJECTED GRADIENT <= PGTOL
262,C2,True,CONVERGENCE: NORM OF PROJECTED GRADIENT <= PGTOL
262,C3,True,CONVERGENCE: NORM OF PROJECTED GRADIENT <= PGTOL
262,C4,True,CONVERGENCE: NORM OF PROJECTED GRADIENT <= PGTOL
262,C5,True,CONVERGENCE: NORM OF PROJECTED GRADIENT <= PGTOL
263,C1,True,CONVERGENCE: NORM OF PROJECTED GRADIENT <= PGTOL
263,C2,True,CONVERGENCE: NORM OF PROJECTED GRADIENT <= PGTOL
263,C3,True,CONVERGENCE: NORM OF PROJECTED GRADIENT <= PGTOL
263,C4,True,CONVERGENCE: NORM OF PROJECTED GRADIENT <= PGTOL
263,C5,True,CONVERGENCE: NORM OF PROJECTED GRADIENT <= PGTOL
264,C1,True,CONVERGENCE: NORM OF PROJECTED GRADIENT <= PGTOL
264,C2,True,CONVERGENCE: NORM OF PROJECTED GRADIENT <= PGTOL
264,C3,True,CONVERGENCE: NORM OF PROJECTED GRADIENT <= PGTOL
264,C4,True,CONVERGENCE: NORM OF PROJECTED GRADIENT <= PGTOL
264,C5,True,CONVERGENCE: NORM OF PROJECTED GRADIENT <= PGTOL
265,C1,True,CONVERGENCE: NORM OF PROJECTED GRADIENT <= PGTOL
265,C2,True,CONVERGENCE: NORM OF PROJECTED GRADIENT <= PGTOL
265,C3,True,CONVERGENCE: NORM OF PROJECTED GRADIENT <= PGTOL
265,C4,True,CONVERGENCE: NORM OF PROJECTED GRADIENT <= PGTOL
265,C5,True,CONVERGENCE: NORM OF PROJECTED GRADIENT <= PGTOL
266,C1,True,CONVERGENCE: NORM OF PROJECTED GRADIENT <= PGTOL
266,C2,True,CONVERGENCE: NORM OF PROJECTED GRADIENT <= PGTOL
266,C3,True,CONVERGENCE: NORM OF PROJECTED GRADIENT <= PGTOL
266,C4,True,CONVERGENCE: NORM OF PROJECTED GRADIENT <= PGTOL
266,C5,True,CONVERGENCE: NORM OF PROJECTED GRADIENT <= PGTOL
267,C1,True,CONVERGENCE: NORM OF PROJECTED GRADIENT <= PGTOL
267,C2,True,CONVERGENCE: NORM OF PROJECTED GRADIENT <= PGTOL
267,C3,True,CONVERGENCE: NORM OF PROJECTED GRADIENT <= PGTOL
267,C4,True,CONVERGENCE: NORM OF PROJECTED GRADIENT <= PGTOL
267,C5,True,CONVERGENCE: NORM OF PROJECTED GRADIENT <= PGTOL
268,C1,True,CONVERGENCE: NORM OF PROJECTED GRADIENT <= PGTOL
268,C2,True,CONVERGENCE: NORM OF PROJECTED GRADIENT <= PGTOL
268,C3,True,CONVERGENCE: NORM OF PROJECTED GRADIENT <= PGTOL
268,C4,True,CONVERGENCE: NORM OF PROJECTED GRADIENT <= PGTOL
268,C5,True,CONVERGENCE: NORM OF PROJECTED GRADIENT <= PGTOL
269,C1,True,CONVERGENCE: NORM OF PROJECTED GRADIENT <= PGTOL
269,C2,True,CONVERGENCE: NORM OF PROJECTED GRADIENT <= PGTOL
269,C3,True,CONVERGENCE: NORM OF PROJECTED GRADIENT <= PGTOL
269,C4,True,CONVERGENCE: NORM OF PROJECTED GRADIENT <= PGTOL
269,C5,True,CONVERGENCE: NORM OF PROJECTED GRADIENT <= PGTOL
270,C1,True,CONVERGENCE: NORM OF PROJECTED GRADIENT <= PGTOL
270,C2,True,CONVERGENCE: NORM OF PROJECTED GRADIENT <= PGTOL
270,C3,True,CONVERGENCE: NORM OF PROJECTED GRADIENT <= PGTOL
270,C4,True,CONVERGENCE: NORM OF PROJECTED GRADIENT <= PGTOL
270,C5,True,CONVERGENCE: NORM OF PROJECTED GRADIENT <= PGTOL
271,C1,True,CONVERGENCE: NORM OF PROJECTED GRADIENT <= PGTOL
271,C2,True,CONVERGENCE: NORM OF PROJECTED GRADIENT <= PGTOL
271,C3,True,CONVERGENCE: NORM OF PROJECTED GRADIENT <= PGTOL
271,C4,True,CONVERGENCE: NORM OF PROJECTED GRADIENT <= PGTOL
271,C5,True,CONVERGENCE: NORM OF PROJECTED GRADIENT <= PGTOL
272,C1,True,CONVERGENCE: NORM OF PROJECTED GRADIENT <= PGTOL
272,C2,True,CONVERGENCE: NORM OF PROJECTED GRADIENT <= PGTOL
272,C3,True,CONVERGENCE: NORM OF PROJECTED GRADIENT <= PGTOL
272,C4,True,CONVERGENCE: NORM OF PROJECTED GRADIENT <= PGTOL
272,C5,True,CONVERGENCE: NORM OF PROJECTED GRADIENT <= PGTOL
273,C1,True,CONVERGENCE: NORM OF PROJECTED GRADIENT <= PGTOL
273,C2,True,CONVERGENCE: NORM OF PROJECTED GRADIENT <= PGTOL
273,C3,True,CONVERGENCE: NORM OF PROJECTED GRADIENT <= PGTOL
273,C4,True,CONVERGENCE: NORM OF PROJECTED GRADIENT <= PGTOL
273,C5,True,CONVERGENCE: NORM OF PROJECTED GRADIENT <= PGTOL
274,C1,True,CONVERGENCE: NORM OF PROJECTED GRADIENT <= PGTOL
274,C2,True,CONVERGENCE: NORM OF PROJECTED GRADIENT <= PGTOL
274,C3,True,CONVERGENCE: NORM OF PROJECTED GRADIENT <= PGTOL
274,C4,True,CONVERGENCE: NORM OF PROJECTED GRADIENT <= PGTOL
274,C5,True,CONVERGENCE: NORM OF PROJECTED GRADIENT <= PGTOL
275,C1,True,CONVERGENCE: NORM OF PROJECTED GRADIENT <= PGTOL
275,C2,True,CONVERGENCE: NORM OF PROJECTED GRADIENT <= PGTOL
275,C3,True,CONVERGENCE: NORM OF PROJECTED GRADIENT <= PGTOL
275,C4,True,CONVERGENCE: NORM OF PROJECTED GRADIENT <= PGTOL
275,C5,True,CONVERGENCE: NORM OF PROJECTED GRADIENT <= PGTOL
276,C1,True,CONVERGENCE: NORM OF PROJECTED GRADIENT <= PGTOL
276,C2,True,CONVERGENCE: NORM OF PROJECTED GRADIENT <= PGTOL
276,C3,True,CONVERGENCE: NORM OF PROJECTED GRADIENT <= PGTOL
276,C4,True,CONVERGENCE: NORM OF PROJECTED GRADIENT <= PGTOL
276,C5,True,CONVERGENCE: NORM OF PROJECTED GRADIENT <= PGTOL
277,C1,True,CONVERGENCE: NORM OF PROJECTED GRADIENT <= PGTOL
277,C2,True,CONVERGENCE: NORM OF PROJECTED GRADIENT <= PGTOL
277,C3,True,CONVERGENCE: NORM OF PROJECTED GRADIENT <= PGTOL
277,C4,True,CONVERGENCE: NORM OF PROJECTED GRADIENT <= PGTOL
277,C5,True,CONVERGENCE: NORM OF PROJECTED GRADIENT <= PGTOL
278,C1,True,CONVERGENCE: NORM OF PROJECTED GRADIENT <= PGTOL
278,C2,True,CONVERGENCE: NORM OF PROJECTED GRADIENT <= PGTOL
278,C3,True,CONVERGENCE: NORM OF PROJECTED GRADIENT <= PGTOL
278,C4,True,CONVERGENCE: NORM OF PROJECTED GRADIENT <= PGTOL
278,C5,True,CONVERGENCE: NORM OF PROJECTED GRADIENT <= PGTOL
279,C1,True,CONVERGENCE: NORM OF PROJECTED GRADIENT <= PGTOL
279,C2,True,CONVERGENCE: NORM OF PROJECTED GRADIENT <= PGTOL
279,C3,True,CONVERGENCE: NORM OF PROJECTED GRADIENT <= PGTOL
279,C4,True,CONVERGENCE: NORM OF PROJECTED GRADIENT <= PGTOL
279,C5,True,CONVERGENCE: NORM OF PROJECTED GRADIENT <= PGTOL
280,C1,True,CONVERGENCE: NORM OF PROJECTED GRADIENT <= PGTOL
280,C2,True,CONVERGENCE: NORM OF PROJECTED GRADIENT <= PGTOL
280,C3,True,CONVERGENCE: NORM OF PROJECTED GRADIENT <= PGTOL
280,C4,True,CONVERGENCE: NORM OF PROJECTED GRADIENT <= PGTOL
280,C5,True,CONVERGENCE: NORM OF PROJECTED GRADIENT <= PGTOL
281,C1,True,CONVERGENCE: NORM OF PROJECTED GRADIENT <= PGTOL
281,C2,True,CONVERGENCE: NORM OF PROJECTED GRADIENT <= PGTOL
281,C3,True,CONVERGENCE: NORM OF PROJECTED GRADIENT <= PGTOL
281,C4,True,CONVERGENCE: NORM OF PROJECTED GRADIENT <= PGTOL
281,C5,True,CONVERGENCE: NORM OF PROJECTED GRADIENT <= PGTOL
282,C1,True,CONVERGENCE: NORM OF PROJECTED GRADIENT <= PGTOL
282,C2,True,CONVERGENCE: NORM OF PROJECTED GRADIENT <= PGTOL
282,C3,True,CONVERGENCE: NORM OF PROJECTED GRADIENT <= PGTOL
282,C4,True,CONVERGENCE: NORM OF PROJECTED GRADIENT <= PGTOL
282,C5,True,CONVERGENCE: NORM OF PROJECTED GRADIENT <= PGTOL
283,C1,True,CONVERGENCE: NORM OF PROJECTED GRADIENT <= PGTOL
283,C2,True,CONVERGENCE: NORM OF PROJECTED GRADIENT <= PGTOL
283,C3,True,CONVERGENCE: NORM OF PROJECTED GRADIENT <= PGTOL
283,C4,True,CONVERGENCE: NORM OF PROJECTED GRADIENT <= PGTOL
283,C5,True,CONVERGENCE: NORM OF PROJECTED GRADIENT <= PGTOL
284,C1,True,CONVERGENCE: NORM OF PROJECTED GRADIENT <= PGTOL
284,C2,True,CONVERGENCE: NORM OF PROJECTED GRADIENT <= PGTOL
284,C3,True,CONVERGENCE: NORM OF PROJECTED GRADIENT <= PGTOL
284,C4,True,CONVERGENCE: NORM OF PROJECTED GRADIENT <= PGTOL
284,C5,True,CONVERGENCE: NORM OF PROJECTED GRADIENT <= PGTOL
285,C1,True,CONVERGENCE: NORM OF PROJECTED GRADIENT <= PGTOL
285,C2,True,CONVERGENCE: NORM OF PROJECTED GRADIENT <= PGTOL
285,C3,True,CONVERGENCE: NORM OF PROJECTED GRADIENT <= PGTOL
285,C4,True,CONVERGENCE: NORM OF PROJECTED GRADIENT <= PGTOL
285,C5,True,CONVERGENCE: NORM OF PROJECTED GRADIENT <= PGTOL
286,C1,True,CONVERGENCE: NORM OF PROJECTED GRADIENT <= PGTOL
286,C2,True,CONVERGENCE: NORM OF PROJECTED GRADIENT <= PGTOL
286,C3,True,CONVERGENCE: NORM OF PROJECTED GRADIENT <= PGTOL
286,C4,True,CONVERGENCE: NORM OF PROJECTED GRADIENT <= PGTOL
286,C5,True,CONVERGENCE: NORM OF PROJECTED GRADIENT <= PGTOL
287,C1,True,CONVERGENCE: NORM OF PROJECTED GRADIENT <= PGTOL
287,C2,True,CONVERGENCE: NORM OF PROJECTED GRADIENT <= PGTOL
287,C3,True,CONVERGENCE: NORM OF PROJECTED GRADIENT <= PGTOL
287,C4,True,CONVERGENCE: NORM OF PROJECTED GRADIENT <= PGTOL
287,C5,True,CONVERGENCE: NORM OF PROJECTED GRADIENT <= PGTOL
288,C1,True,CONVERGENCE: NORM OF PROJECTED GRADIENT <= PGTOL
288,C2,True,CONVERGENCE: NORM OF PROJECTED GRADIENT <= PGTOL
288,C3,True,CONVERGENCE: NORM OF PROJECTED GRADIENT <= PGTOL
288,C4,True,CONVERGENCE: NORM OF PROJECTED GRADIENT <= PGTOL
288,C5,True,CONVERGENCE: NORM OF PROJECTED GRADIENT <= PGTOL
289,C1,True,CONVERGENCE: NORM OF PROJECTED GRADIENT <= PGTOL
289,C2,True,CONVERGENCE: NORM OF PROJECTED GRADIENT <= PGTOL
289,C3,True,CONVERGENCE: NORM OF PROJECTED GRADIENT <= PGTOL
289,C4,True,CONVERGENCE: NORM OF PROJECTED GRADIENT <= PGTOL
289,C5,True,CONVERGENCE: NORM OF PROJECTED GRADIENT <= PGTOL
290,C1,True,CONVERGENCE: NORM OF PROJECTED GRADIENT <= PGTOL
290,C2,True,CONVERGENCE: NORM OF PROJECTED GRADIENT <= PGTOL
290,C3,True,CONVERGENCE: NORM OF PROJECTED GRADIENT <= PGTOL
290,C4,True,CONVERGENCE: NORM OF PROJECTED GRADIENT <= PGTOL
290,C5,True,CONVERGENCE: NORM OF PROJECTED GRADIENT <= PGTOL
291,C1,True,CONVERGENCE: NORM OF PROJECTED GRADIENT <= PGTOL
291,C2,True,CONVERGENCE: NORM OF PROJECTED GRADIENT <= PGTOL
291,C3,True,CONVERGENCE: NORM OF PROJECTED GRADIENT <= PGTOL
291,C4,True,CONVERGENCE: NORM OF PROJECTED GRADIENT <= PGTOL
291,C5,True,CONVERGENCE: NORM OF PROJECTED GRADIENT <= PGTOL
292,C1,True,CONVERGENCE: NORM OF PROJECTED GRADIENT <= PGTOL
292,C2,True,CONVERGENCE: NORM OF PROJECTED GRADIENT <= PGTOL
292,C3,True,CONVERGENCE: NORM OF PROJECTED GRADIENT <= PGTOL
292,C4,True,CONVERGENCE: NORM OF PROJECTED GRADIENT <= PGTOL
292,C5,True,CONVERGENCE: NORM OF PROJECTED GRADIENT <= PGTOL
293,C1,True,CONVERGENCE: NORM OF PROJECTED GRADIENT <= PGTOL
293,C2,True,CONVERGENCE: NORM OF PROJECTED GRADIENT <= PGTOL
293,C3,True,CONVERGENCE: NORM OF PROJECTED GRADIENT <= PGTOL
293,C4,True,CONVERGENCE: NORM OF PROJECTED GRADIENT <= PGTOL
293,C5,True,CONVERGENCE: NORM OF PROJECTED GRADIENT <= PGTOL
294,C1,True,CONVERGENCE: NORM OF PROJECTED GRADIENT <= PGTOL
294,C2,True,CONVERGENCE: NORM OF PROJECTED GRADIENT <= PGTOL
294,C3,True,CONVERGENCE: NORM OF PROJECTED GRADIENT <= PGTOL
294,C4,True,CONVERGENCE: NORM OF PROJECTED GRADIENT <= PGTOL
294,C5,True,CONVERGENCE: NORM OF PROJECTED GRADIENT <= PGTOL
295,C1,True,CONVERGENCE: NORM OF PROJECTED GRADIENT <= PGTOL
295,C2,True,CONVERGENCE: NORM OF PROJECTED GRADIENT <= PGTOL
295,C3,True,CONVERGENCE: NORM OF PROJECTED GRADIENT <= PGTOL
295,C4,True,CONVERGENCE: NORM OF PROJECTED GRADIENT <= PGTOL
295,C5,True,CONVERGENCE: NORM OF PROJECTED GRADIENT <= PGTOL
296,C1,True,CONVERGENCE: NORM OF PROJECTED GRADIENT <= PGTOL
296,C2,True,CONVERGENCE: NORM OF PROJECTED GRADIENT <= PGTOL
296,C3,True,CONVERGENCE: NORM OF PROJECTED GRADIENT <= PGTOL
296,C4,True,CONVERGENCE: NORM OF PROJECTED GRADIENT <= PGTOL
296,C5,True,CONVERGENCE: NORM OF PROJECTED GRADIENT <= PGTOL
297,C1,True,CONVERGENCE: NORM OF PROJECTED GRADIENT <= PGTOL
297,C2,True,CONVERGENCE: NORM OF PROJECTED GRADIENT <= PGTOL
297,C3,True,CONVERGENCE: NORM OF PROJECTED GRADIENT <= PGTOL
297,C4,True,CONVERGENCE: NORM OF PROJECTED GRADIENT <= PGTOL
297,C5,True,CONVERGENCE: NORM OF PROJECTED GRADIENT <= PGTOL
298,C1,True,CONVERGENCE: NORM OF PROJECTED GRADIENT <= PGTOL
298,C2,True,CONVERGENCE: NORM OF PROJECTED GRADIENT <= PGTOL
298,C3,True,CONVERGENCE: NORM OF PROJECTED GRADIENT <= PGTOL
298,C4,True,CONVERGENCE: NORM OF PROJECTED GRADIENT <= PGTOL
298,C5,True,CONVERGENCE: NORM OF PROJECTED GRADIENT <= PGTOL
299,C1,True,CONVERGENCE: NORM OF PROJECTED GRADIENT <= PGTOL
299,C2,True,CONVERGENCE: NORM OF PROJECTED GRADIENT <= PGTOL
299,C3,True,CONVERGENCE: NORM OF PROJECTED GRADIENT <= PGTOL
299,C4,True,CONVERGENCE: NORM OF PROJECTED GRADIENT <= PGTOL
299,C5,True,CONVERGENCE: NORM OF PROJECTED GRADIENT <= PGTOL
300,C1,True,CONVERGENCE: NORM OF PROJECTED GRADIENT <= PGTOL
300,C2,True,CONVERGENCE: NORM OF PROJECTED GRADIENT <= PGTOL
300,C3,True,CONVERGENCE: NORM OF PROJECTED GRADIENT <= PGTOL
300,C4,True,CONVERGENCE: NORM OF PROJECTED GRADIENT <= PGTOL
300,C5,True,CONVERGENCE: NORM OF PROJECTED GRADIENT <= PGTOL
301,C1,True,CONVERGENCE: NORM OF PROJECTED GRADIENT <= PGTOL
301,C2,True,CONVERGENCE: NORM OF PROJECTED GRADIENT <= PGTOL
301,C3,True,CONVERGENCE: NORM OF PROJECTED GRADIENT <= PGTOL
301,C4,True,CONVERGENCE: NORM OF PROJECTED GRADIENT <= PGTOL
301,C5,True,CONVERGENCE: NORM OF PROJECTED GRADIENT <= PGTOL
302,C1,True,CONVERGENCE: NORM OF PROJECTED GRADIENT <= PGTOL
302,C2,True,CONVERGENCE: NORM OF PROJECTED GRADIENT <= PGTOL
302,C3,True,CONVERGENCE: NORM OF PROJECTED GRADIENT <= PGTOL
302,C4,True,CONVERGENCE: NORM OF PROJECTED GRADIENT <= PGTOL
302,C5,True,CONVERGENCE: NORM OF PROJECTED GRADIENT <= PGTOL
303,C1,True,CONVERGENCE: NORM OF PROJECTED GRADIENT <= PGTOL
303,C2,True,CONVERGENCE: NORM OF PROJECTED GRADIENT <= PGTOL
303,C3,True,CONVERGENCE: NORM OF PROJECTED GRADIENT <= PGTOL
303,C4,True,CONVERGENCE: NORM OF PROJECTED GRADIENT <= PGTOL
303,C5,True,CONVERGENCE: NORM OF PROJECTED GRADIENT <= PGTOL
304,C1,True,CONVERGENCE: NORM OF PROJECTED GRADIENT <= PGTOL
304,C2,True,CONVERGENCE: NORM OF PROJECTED GRADIENT <= PGTOL
304,C3,True,CONVERGENCE: NORM OF PROJECTED GRADIENT <= PGTOL
304,C4,True,CONVERGENCE: NORM OF PROJECTED GRADIENT <= PGTOL
304,C5,True,CONVERGENCE: NORM OF PROJECTED GRADIENT <= PGTOL
305,C1,True,CONVERGENCE: NORM OF PROJECTED GRADIENT <= PGTOL
305,C2,True,CONVERGENCE: NORM OF PROJECTED GRADIENT <= PGTOL
305,C3,True,CONVERGENCE: NORM OF PROJECTED GRADIENT <= PGTOL
305,C4,True,CONVERGENCE: NORM OF PROJECTED GRADIENT <= PGTOL
305,C5,True,CONVERGENCE: NORM OF PROJECTED GRADIENT <= PGTOL
306,C1,True,CONVERGENCE: NORM OF PROJECTED GRADIENT <= PGTOL
306,C2,True,CONVERGENCE: NORM OF PROJECTED GRADIENT <= PGTOL
306,C3,True,CONVERGENCE: NORM OF PROJECTED GRADIENT <= PGTOL
306,C4,True,CONVERGENCE: NORM OF PROJECTED GRADIENT <= PGTOL
306,C5,True,CONVERGENCE: NORM OF PROJECTED GRADIENT <= PGTOL
307,C1,True,CONVERGENCE: NORM OF PROJECTED GRADIENT <= PGTOL
307,C2,True,CONVERGENCE: NORM OF PROJECTED GRADIENT <= PGTOL
307,C3,True,CONVERGENCE: NORM OF PROJECTED GRADIENT <= PGTOL
307,C4,True,CONVERGENCE: NORM OF PROJECTED GRADIENT <= PGTOL
307,C5,True,CONVERGENCE: NORM OF PROJECTED GRADIENT <= PGTOL
308,C1,True,CONVERGENCE: NORM OF PROJECTED GRADIENT <= PGTOL
308,C2,True,CONVERGENCE: NORM OF PROJECTED GRADIENT <= PGTOL
308,C3,True,CONVERGENCE: NORM OF PROJECTED GRADIENT <= PGTOL
308,C4,True,CONVERGENCE: NORM OF PROJECTED GRADIENT <= PGTOL
308,C5,True,CONVERGENCE: NORM OF PROJECTED GRADIENT <= PGTOL
309,C1,True,CONVERGENCE: NORM OF PROJECTED GRADIENT <= PGTOL
309,C2,True,CONVERGENCE: NORM OF PROJECTED GRADIENT <= PGTOL
309,C3,True,CONVERGENCE: NORM OF PROJECTED GRADIENT <= PGTOL
309,C4,True,CONVERGENCE: NORM OF PROJECTED GRADIENT <= PGTOL
309,C5,True,CONVERGENCE: NORM OF PROJECTED GRADIENT <= PGTOL
310,C1,True,CONVERGENCE: NORM OF PROJECTED GRADIENT <= PGTOL
310,C2,True,CONVERGENCE: NORM OF PROJECTED GRADIENT <= PGTOL
310,C3,True,CONVERGENCE: NORM OF PROJECTED GRADIENT <= PGTOL
310,C4,True,CONVERGENCE: NORM OF PROJECTED GRADIENT <= PGTOL
310,C5,True,CONVERGENCE: NORM OF PROJECTED GRADIENT <= PGTOL
311,C1,True,CONVERGENCE: NORM OF PROJECTED GRADIENT <= PGTOL
311,C2,True,CONVERGENCE: NORM OF PROJECTED GRADIENT <= PGTOL
311,C3,True,CONVERGENCE: NORM OF PROJECTED GRADIENT <= PGTOL
311,C4,True,CONVERGENCE: NORM OF PROJECTED GRADIENT <= PGTOL
311,C5,True,CONVERGENCE: NORM OF PROJECTED GRADIENT <= PGTOL
312,C1,True,CONVERGENCE: NORM OF PROJECTED GRADIENT <= PGTOL
312,C2,True,CONVERGENCE: NORM OF PROJECTED GRADIENT <= PGTOL
312,C3,True,CONVERGENCE: NORM OF PROJECTED GRADIENT <= PGTOL
312,C4,True,CONVERGENCE: NORM OF PROJECTED GRADIENT <= PGTOL
312,C5,True,CONVERGENCE: NORM OF PROJECTED GRADIENT <= PGTOL
313,C1,True,CONVERGENCE: NORM OF PROJECTED GRADIENT <= PGTOL
313,C2,True,CONVERGENCE: NORM OF PROJECTED GRADIENT <= PGTOL
313,C3,True,CONVERGENCE: NORM OF PROJECTED GRADIENT <= PGTOL
313,C4,True,CONVERGENCE: NORM OF PROJECTED GRADIENT <= PGTOL
313,C5,True,CONVERGENCE: NORM OF PROJECTED GRADIENT <= PGTOL
314,C1,True,CONVERGENCE: NORM OF PROJECTED GRADIENT <= PGTOL
314,C2,True,CONVERGENCE: NORM OF PROJECTED GRADIENT <= PGTOL
314,C3,True,CONVERGENCE: NORM OF PROJECTED GRADIENT <= PGTOL
314,C4,True,CONVERGENCE: NORM OF PROJECTED GRADIENT <= PGTOL
314,C5,True,CONVERGENCE: NORM OF PROJECTED GRADIENT <= PGTOL
315,C1,True,CONVERGENCE: NORM OF PROJECTED GRADIENT <= PGTOL
315,C2,True,CONVERGENCE: NORM OF PROJECTED GRADIENT <= PGTOL
315,C3,True,CONVERGENCE: NORM OF PROJECTED GRADIENT <= PGTOL
315,C4,True,CONVERGENCE: NORM OF PROJECTED GRADIENT <= PGTOL
315,C5,True,CONVERGENCE: NORM OF PROJECTED GRADIENT <= PGTOL
316,C1,True,CONVERGENCE: NORM OF PROJECTED GRADIENT <= PGTOL
316,C2,True,CONVERGENCE: NORM OF PROJECTED GRADIENT <= PGTOL
316,C3,True,CONVERGENCE: NORM OF PROJECTED GRADIENT <= PGTOL
316,C4,True,CONVERGENCE: NORM OF PROJECTED GRADIENT <= PGTOL
316,C5,True,CONVERGENCE: NORM OF PROJECTED GRADIENT <= PGTOL
317,C1,True,CONVERGENCE: NORM OF PROJECTED GRADIENT <= PGTOL
317,C2,True,CONVERGENCE: NORM OF PROJECTED GRADIENT <= PGTOL
317,C3,True,CONVERGENCE: NORM OF PROJECTED GRADIENT <= PGTOL
317,C4,True,CONVERGENCE: NORM OF PROJECTED GRADIENT <= PGTOL
317,C5,True,CONVERGENCE: NORM OF PROJECTED GRADIENT <= PGTOL
318,C1,True,CONVERGENCE: NORM OF PROJECTED GRADIENT <= PGTOL
318,C2,True,CONVERGENCE: NORM OF PROJECTED GRADIENT <= PGTOL
318,C3,True,CONVERGENCE: NORM OF PROJECTED GRADIENT <= PGTOL
318,C4,True,CONVERGENCE: NORM OF PROJECTED GRADIENT <= PGTOL
318,C5,True,CONVERGENCE: NORM OF PROJECTED GRADIENT <= PGTOL
319,C1,True,CONVERGENCE: NORM OF PROJECTED GRADIENT <= PGTOL
319,C2,True,CONVERGENCE: NORM OF PROJECTED GRADIENT <= PGTOL
319,C3,True,CONVERGENCE: NORM OF PROJECTED GRADIENT <= PGTOL
319,C4,True,CONVERGENCE: NORM OF PROJECTED GRADIENT <= PGTOL
319,C5,True,CONVERGENCE: NORM OF PROJECTED GRADIENT <= PGTOL
320,C1,True,CONVERGENCE: NORM OF PROJECTED GRADIENT <= PGTOL
320,C2,True,CONVERGENCE: NORM OF PROJECTED GRADIENT <= PGTOL
320,C3,True,CONVERGENCE: NORM OF PROJECTED GRADIENT <= PGTOL
320,C4,True,CONVERGENCE: NORM OF PROJECTED GRADIENT <= PGTOL
320,C5,True,CONVERGENCE: NORM OF PROJECTED GRADIENT <= PGTOL
321,C1,True,CONVERGENCE: NORM OF PROJECTED GRADIENT <= PGTOL
321,C2,True,CONVERGENCE: NORM OF PROJECTED GRADIENT <= PGTOL
321,C3,True,CONVERGENCE: NORM OF PROJECTED GRADIENT <= PGTOL
321,C4,True,CONVERGENCE: NORM OF PROJECTED GRADIENT <= PGTOL
321,C5,True,CONVERGENCE: NORM OF PROJECTED GRADIENT <= PGTOL
322,C1,True,CONVERGENCE: NORM OF PROJECTED GRADIENT <= PGTOL
322,C2,True,CONVERGENCE: NORM OF PROJECTED GRADIENT <= PGTOL
322,C3,True,CONVERGENCE: NORM OF PROJECTED GRADIENT <= PGTOL
322,C4,True,CONVERGENCE: NORM OF PROJECTED GRADIENT <= PGTOL
322,C5,True,CONVERGENCE: NORM OF PROJECTED GRADIENT <= PGTOL
323,C1,True,CONVERGENCE: NORM OF PROJECTED GRADIENT <= PGTOL
323,C2,True,CONVERGENCE: NORM OF PROJECTED GRADIENT <= PGTOL
323,C3,True,CONVERGENCE: NORM OF PROJECTED GRADIENT <= PGTOL
323,C4,True,CONVERGENCE: NORM OF PROJECTED GRADIENT <= PGTOL
323,C5,True,CONVERGENCE: NORM OF PROJECTED GRADIENT <= PGTOL
324,C1,True,CONVERGENCE: NORM OF PROJECTED GRADIENT <= PGTOL
324,C2,True,CONVERGENCE: NORM OF PROJECTED GRADIENT <= PGTOL
324,C3,True,CONVERGENCE: NORM OF PROJECTED GRADIENT <= PGTOL
324,C4,True,CONVERGENCE: NORM OF PROJECTED GRADIENT <= PGTOL
324,C5,True,CONVERGENCE: NORM OF PROJECTED GRADIENT <= PGTOL
325,C1,True,CONVERGENCE: NORM OF PROJECTED GRADIENT <= PGTOL
325,C2,True,CONVERGENCE: NORM OF PROJECTED GRADIENT <= PGTOL
325,C3,True,CONVERGENCE: NORM OF PROJECTED GRADIENT <= PGTOL
325,C4,True,CONVERGENCE: NORM OF PROJECTED GRADIENT <= PGTOL
325,C5,True,CONVERGENCE: NORM OF PROJECTED GRADIENT <= PGTOL
326,C1,True,CONVERGENCE: NORM OF PROJECTED GRADIENT <= PGTOL
326,C2,True,CONVERGENCE: NORM OF PROJECTED GRADIENT <= PGTOL
326,C3,True,CONVERGENCE: NORM OF PROJECTED GRADIENT <= PGTOL
326,C4,True,CONVERGENCE: NORM OF PROJECTED GRADIENT <= PGTOL
326,C5,True,CONVERGENCE: NORM OF PROJECTED GRADIENT <= PGTOL
327,C1,True,CONVERGENCE: NORM OF PROJECTED GRADIENT <= PGTOL
327,C2,True,CONVERGENCE: NORM OF PROJECTED GRADIENT <= PGTOL
327,C3,True,CONVERGENCE: NORM OF PROJECTED GRADIENT <= PGTOL
327,C4,True,CONVERGENCE: NORM OF PROJECTED GRADIENT <= PGTOL
327,C5,True,CONVERGENCE: NORM OF PROJECTED GRADIENT <= PGTOL
328,C1,True,CONVERGENCE: NORM OF PROJECTED GRADIENT <= PGTOL
328,C2,True,CONVERGENCE: NORM OF PROJECTED GRADIENT <= PGTOL
328,C3,True,CONVERGENCE: NORM OF PROJECTED GRADIENT <= PGTOL
328,C4,True,CONVERGENCE: NORM OF PROJECTED GRADIENT <= PGTOL
328,C5,True,CONVERGENCE: NORM OF PROJECTED GRADIENT <= PGTOL
329,C1,True,CONVERGENCE: NORM OF PROJECTED GRADIENT <= PGTOL
329,C2,True,CONVERGENCE: NORM OF PROJECTED GRADIENT <= PGTOL
329,C3,True,CONVERGENCE: NORM OF PROJECTED GRADIENT <= PGTOL
329,C4,True,CONVERGENCE: NORM OF PROJECTED GRADIENT <= PGTOL
329,C5,True,CONVERGENCE: NORM OF PROJECTED GRADIENT <= PGTOL
330,C1,True,CONVERGENCE: NORM OF PROJECTED GRADIENT <= PGTOL
330,C2,True,CONVERGENCE: NORM OF PROJECTED GRADIENT <= PGTOL
330,C3,True,CONVERGENCE: NORM OF PROJECTED GRADIENT <= PGTOL
330,C4,True,CONVERGENCE: NORM OF PROJECTED GRADIENT <= PGTOL
330,C5,True,CONVERGENCE: NORM OF PROJECTED GRADIENT <= PGTOL
331,C1,True,CONVERGENCE: NORM OF PROJECTED GRADIENT <= PGTOL
331,C2,True,CONVERGENCE: NORM OF PROJECTED GRADIENT <= PGTOL
331,C3,True,CONVERGENCE: NORM OF PROJECTED GRADIENT <= PGTOL
331,C4,True,CONVERGENCE: NORM OF PROJECTED GRADIENT <= PGTOL
331,C5,True,CONVERGENCE: NORM OF PROJECTED GRADIENT <= PGTOL
332,C1,True,CONVERGENCE: NORM OF PROJECTED GRADIENT <= PGTOL
332,C2,True,CONVERGENCE: NORM OF PROJECTED GRADIENT <= PGTOL
332,C3,True,CONVERGENCE: NORM OF PROJECTED GRADIENT <= PGTOL
332,C4,True,CONVERGENCE: NORM OF PROJECTED GRADIENT <= PGTOL
332,C5,True,CONVERGENCE: NORM OF PROJECTED GRADIENT <= PGTOL
333,C1,True,CONVERGENCE: NORM OF PROJECTED GRADIENT <= PGTOL
333,C2,True,CONVERGENCE: NORM OF PROJECTED GRADIENT <= PGTOL
333,C3,True,CONVERGENCE: NORM OF PROJECTED GRADIENT <= PGTOL
333,C4,True,CONVERGENCE: NORM OF PROJECTED GRADIENT <= PGTOL
333,C5,True,CONVERGENCE: NORM OF PROJECTED GRADIENT <= PGTOL
334,C1,True,CONVERGENCE: NORM OF PROJECTED GRADIENT <= PGTOL
334,C2,True,CONVERGENCE: NORM OF PROJECTED GRADIENT <= PGTOL
334,C3,True,CONVERGENCE: NORM OF PROJECTED GRADIENT <= PGTOL
334,C4,True,CONVERGENCE: NORM OF PROJECTED GRADIENT <= PGTOL
334,C5,True,CONVERGENCE: NORM OF PROJECTED GRADIENT <= PGTOL
335,C1,True,CONVERGENCE: NORM OF PROJECTED GRADIENT <= PGTOL
335,C2,True,CONVERGENCE: NORM OF PROJECTED GRADIENT <= PGTOL
335,C3,True,CONVERGENCE: NORM OF PROJECTED GRADIENT <= PGTOL
335,C4,True,CONVERGENCE: NORM OF PROJECTED GRADIENT <= PGTOL
335,C5,True,CONVERGENCE: NORM OF PROJECTED GRADIENT <= PGTOL
336,C1,True,CONVERGENCE: NORM OF PROJECTED GRADIENT <= PGTOL
336,C2,True,CONVERGENCE: NORM OF PROJECTED GRADIENT <= PGTOL
336,C3,True,CONVERGENCE: NORM OF PROJECTED GRADIENT <= PGTOL
336,C4,True,CONVERGENCE: NORM OF PROJECTED GRADIENT <= PGTOL
336,C5,True,CONVERGENCE: NORM OF PROJECTED GRADIENT <= PGTOL
337,C1,True,CONVERGENCE: NORM OF PROJECTED GRADIENT <= PGTOL
337,C2,True,CONVERGENCE: NORM OF PROJECTED GRADIENT <= PGTOL
337,C3,True,CONVERGENCE: NORM OF PROJECTED GRADIENT <= PGTOL
337,C4,True,CONVERGENCE: NORM OF PROJECTED GRADIENT <= PGTOL
337,C5,True,CONVERGENCE: NORM OF PROJECTED GRADIENT <= PGTOL
338,C1,True,CONVERGENCE: NORM OF PROJECTED GRADIENT <= PGTOL
338,C2,True,CONVERGENCE: NORM OF PROJECTED GRADIENT <= PGTOL
338,C3,True,CONVERGENCE: NORM OF PROJECTED GRADIENT <= PGTOL
338,C4,True,CONVERGENCE: NORM OF PROJECTED GRADIENT <= PGTOL
338,C5,True,CONVERGENCE: NORM OF PROJECTED GRADIENT <= PGTOL
339,C1,True,CONVERGENCE: NORM OF PROJECTED GRADIENT <= PGTOL
339,C2,True,CONVERGENCE: NORM OF PROJECTED GRADIENT <= PGTOL
339,C3,True,CONVERGENCE: NORM OF PROJECTED GRADIENT <= PGTOL
339,C4,True,CONVERGENCE: NORM OF PROJECTED GRADIENT <= PGTOL
339,C5,True,CONVERGENCE: NORM OF PROJECTED GRADIENT <= PGTOL
340,C1,True,CONVERGENCE: NORM OF PROJECTED GRADIENT <= PGTOL
340,C2,True,CONVERGENCE: NORM OF PROJECTED GRADIENT <= PGTOL
340,C3,True,CONVERGENCE: NORM OF PROJECTED GRADIENT <= PGTOL
340,C4,True,CONVERGENCE: NORM OF PROJECTED GRADIENT <= PGTOL
340,C5,True,CONVERGENCE: NORM OF PROJECTED GRADIENT <= PGTOL
341,C1,True,CONVERGENCE: NORM OF PROJECTED GRADIENT <= PGTOL
341,C2,True,CONVERGENCE: NORM OF PROJECTED GRADIENT <= PGTOL
341,C3,True,CONVERGENCE: NORM OF PROJECTED GRADIENT <= PGTOL
341,C4,True,CONVERGENCE: NORM OF PROJECTED GRADIENT <= PGTOL
341,C5,True,CONVERGENCE: NORM OF PROJECTED GRADIENT <= PGTOL
342,C1,True,CONVERGENCE: NORM OF PROJECTED GRADIENT <= PGTOL
342,C2,True,CONVERGENCE: NORM OF PROJECTED GRADIENT <= PGTOL
342,C3,True,CONVERGENCE: NORM OF PROJECTED GRADIENT <= PGTOL
342,C4,True,CONVERGENCE: NORM OF PROJECTED GRADIENT <= PGTOL
342,C5,True,CONVERGENCE: NORM OF PROJECTED GRADIENT <= PGTOL
343,C1,True,CONVERGENCE: NORM OF PROJECTED GRADIENT <= PGTOL
343,C2,True,CONVERGENCE: NORM OF PROJECTED GRADIENT <= PGTOL
343,C3,True,CONVERGENCE: NORM OF PROJECTED GRADIENT <= PGTOL
343,C4,True,CONVERGENCE: NORM OF PROJECTED GRADIENT <= PGTOL
343,C5,True,CONVERGENCE: NORM OF PROJECTED GRADIENT <= PGTOL
344,C1,True,CONVERGENCE: NORM OF PROJECTED GRADIENT <= PGTOL
344,C2,True,CONVERGENCE: NORM OF PROJECTED GRADIENT <= PGTOL
344,C3,True,CONVERGENCE: NORM OF PROJECTED GRADIENT <= PGTOL
344,C4,True,CONVERGENCE: NORM OF PROJECTED GRADIENT <= PGTOL
344,C5,True,CONVERGENCE: NORM OF PROJECTED GRADIENT <= PGTOL
345,C1,True,CONVERGENCE: NORM OF PROJECTED GRADIENT <= PGTOL
345,C2,True,CONVERGENCE: NORM OF PROJECTED GRADIENT <= PGTOL
345,C3,True,CONVERGENCE: NORM OF PROJECTED GRADIENT <= PGTOL
345,C4,True,CONVERGENCE: NORM OF PROJECTED GRADIENT <= PGTOL
345,C5,True,CONVERGENCE: NORM OF PROJECTED GRADIENT <= PGTOL
346,C1,True,CONVERGENCE: NORM OF PROJECTED GRADIENT <= PGTOL
346,C2,True,CONVERGENCE: NORM OF PROJECTED GRADIENT <= PGTOL
346,C3,True,CONVERGENCE: NORM OF PROJECTED GRADIENT <= PGTOL
346,C4,True,CONVERGENCE: NORM OF PROJECTED GRADIENT <= PGTOL
346,C5,True,CONVERGENCE: NORM OF PROJECTED GRADIENT <= PGTOL
347,C1,True,CONVERGENCE: NORM OF PROJECTED GRADIENT <= PGTOL
347,C2,True,CONVERGENCE: NORM OF PROJECTED GRADIENT <= PGTOL
347,C3,True,CONVERGENCE: NORM OF PROJECTED GRADIENT <= PGTOL
347,C4,True,CONVERGENCE: NORM OF PROJECTED GRADIENT <= PGTOL
347,C5,True,CONVERGENCE: NORM OF PROJECTED GRADIENT <= PGTOL
348,C1,True,CONVERGENCE: NORM OF PROJECTED GRADIENT <= PGTOL
348,C2,True,CONVERGENCE: NORM OF PROJECTED GRADIENT <= PGTOL
348,C3,True,CONVERGENCE: NORM OF PROJECTED GRADIENT <= PGTOL
348,C4,True,CONVERGENCE: NORM OF PROJECTED GRADIENT <= PGTOL
348,C5,True,CONVERGENCE: NORM OF PROJECTED GRADIENT <= PGTOL
349,C1,True,CONVERGENCE: NORM OF PROJECTED GRADIENT <= PGTOL
349,C2,True,CONVERGENCE: NORM OF PROJECTED GRADIENT <= PGTOL
349,C3,True,CONVERGENCE: NORM OF PROJECTED GRADIENT <= PGTOL
349,C4,True,CONVERGENCE: NORM OF PROJECTED GRADIENT <= PGTOL
349,C5,True,CONVERGENCE: NORM OF PROJECTED GRADIENT <= PGTOL
350,C1,True,CONVERGENCE: NORM OF PROJECTED GRADIENT <= PGTOL
350,C2,True,CONVERGENCE: NORM OF PROJECTED GRADIENT <= PGTOL
350,C3,True,CONVERGENCE: NORM OF PROJECTED GRADIENT <= PGTOL
350,C4,True,CONVERGENCE: NORM OF PROJECTED GRADIENT <= PGTOL
350,C5,True,CONVERGENCE: NORM OF PROJECTED GRADIENT <= PGTOL
351,C1,True,CONVERGENCE: NORM OF PROJECTED GRADIENT <= PGTOL
351,C2,True,CONVERGENCE: NORM OF PROJECTED GRADIENT <= PGTOL
351,C3,True,CONVERGENCE: NORM OF PROJECTED GRADIENT <= PGTOL
351,C4,True,CONVERGENCE: NORM OF PROJECTED GRADIENT <= PGTOL
351,C5,True,CONVERGENCE: NORM OF PROJECTED GRADIENT <= PGTOL
352,C1,True,CONVERGENCE: NORM OF PROJECTED GRADIENT <= PGTOL
352,C2,True,CONVERGENCE: NORM OF PROJECTED GRADIENT <= PGTOL
352,C3,True,CONVERGENCE: NORM OF PROJECTED GRADIENT <= PGTOL
352,C4,True,CONVERGENCE: NORM OF PROJECTED GRADIENT <= PGTOL
352,C5,True,CONVERGENCE: NORM OF PROJECTED GRADIENT <= PGTOL
353,C1,True,CONVERGENCE: NORM OF PROJECTED GRADIENT <= PGTOL
353,C2,True,CONVERGENCE: NORM OF PROJECTED GRADIENT <= PGTOL
353,C3,True,CONVERGENCE: NORM OF PROJECTED GRADIENT <= PGTOL
353,C4,True,CONVERGENCE: NORM OF PROJECTED GRADIENT <= PGTOL
353,C5,True,CONVERGENCE: NORM OF PROJECTED GRADIENT <= PGTOL
354,C1,True,CONVERGENCE: NORM OF PROJECTED GRADIENT <= PGTOL
354,C2,True,CONVERGENCE: NORM OF PROJECTED GRADIENT <= PGTOL
354,C3,True,CONVERGENCE: NORM OF PROJECTED GRADIENT <= PGTOL
354,C4,True,CONVERGENCE: NORM OF PROJECTED GRADIENT <= PGTOL
354,C5,True,CONVERGENCE: NORM OF PROJECTED GRADIENT <= PGTOL
355,C1,True,CONVERGENCE: NORM OF PROJECTED GRADIENT <= PGTOL
355,C2,True,CONVERGENCE: NORM OF PROJECTED GRADIENT <= PGTOL
355,C3,True,CONVERGENCE: NORM OF PROJECTED GRADIENT <= PGTOL
355,C4,True,CONVERGENCE: NORM OF PROJECTED GRADIENT <= PGTOL
355,C5,True,CONVERGENCE: NORM OF PROJECTED GRADIENT <= PGTOL
356,C1,True,CONVERGENCE: NORM OF PROJECTED GRADIENT <= PGTOL
356,C2,True,CONVERGENCE: NORM OF PROJECTED GRADIENT <= PGTOL
356,C3,True,CONVERGENCE: NORM OF PROJECTED GRADIENT <= PGTOL
356,C4,True,CONVERGENCE: NORM OF PROJECTED GRADIENT <= PGTOL
356,C5,True,CONVERGENCE: NORM OF PROJECTED GRADIENT <= PGTOL
357,C1,True,CONVERGENCE: NORM OF PROJECTED GRADIENT <= PGTOL
357,C2,True,CONVERGENCE: NORM OF PROJECTED GRADIENT <= PGTOL
357,C3,True,CONVERGENCE: NORM OF PROJECTED GRADIENT <= PGTOL
357,C4,True,CONVERGENCE: NORM OF PROJECTED GRADIENT <= PGTOL
357,C5,True,CONVERGENCE: NORM OF PROJECTED GRADIENT <= PGTOL
358,C1,True,CONVERGENCE: NORM OF PROJECTED GRADIENT <= PGTOL
358,C2,True,CONVERGENCE: NORM OF PROJECTED GRADIENT <= PGTOL
358,C3,True,CONVERGENCE: NORM OF PROJECTED GRADIENT <= PGTOL
358,C4,True,CONVERGENCE: NORM OF PROJECTED GRADIENT <= PGTOL
358,C5,True,CONVERGENCE: NORM OF PROJECTED GRADIENT <= PGTOL
359,C1,True,CONVERGENCE: NORM OF PROJECTED GRADIENT <= PGTOL
359,C2,True,CONVERGENCE: NORM OF PROJECTED GRADIENT <= PGTOL
359,C3,True,CONVERGENCE: NORM OF PROJECTED GRADIENT <= PGTOL
359,C4,True,CONVERGENCE: NORM OF PROJECTED GRADIENT <= PGTOL
359,C5,True,CONVERGENCE: NORM OF PROJECTED GRADIENT <= PGTOL
360,C1,True,CONVERGENCE: NORM OF PROJECTED GRADIENT <= PGTOL
360,C2,True,CONVERGENCE: NORM OF PROJECTED GRADIENT <= PGTOL
360,C3,True,CONVERGENCE: NORM OF PROJECTED GRADIENT <= PGTOL
360,C4,True,CONVERGENCE: NORM OF PROJECTED GRADIENT <= PGTOL
360,C5,True,CONVERGENCE: NORM OF PROJECTED GRADIENT <= PGTOL
361,C1,True,CONVERGENCE: NORM OF PROJECTED GRADIENT <= PGTOL
361,C2,True,CONVERGENCE: NORM OF PROJECTED GRADIENT <= PGTOL
361,C3,True,CONVERGENCE: NORM OF PROJECTED GRADIENT <= PGTOL
361,C4,True,CONVERGENCE: NORM OF PROJECTED GRADIENT <= PGTOL
361,C5,True,CONVERGENCE: NORM OF PROJECTED GRADIENT <= PGTOL
362,C1,True,CONVERGENCE: NORM OF PROJECTED GRADIENT <= PGTOL
362,C2,True,CONVERGENCE: NORM OF PROJECTED GRADIENT <= PGTOL
362,C3,True,CONVERGENCE: NORM OF PROJECTED GRADIENT <= PGTOL
362,C4,True,CONVERGENCE: NORM OF PROJECTED GRADIENT <= PGTOL
362,C5,True,CONVERGENCE: NORM OF PROJECTED GRADIENT <= PGTOL
363,C1,True,CONVERGENCE: NORM OF PROJECTED GRADIENT <= PGTOL
363,C2,True,CONVERGENCE: NORM OF PROJECTED GRADIENT <= PGTOL
363,C3,True,CONVERGENCE: NORM OF PROJECTED GRADIENT <= PGTOL
363,C4,True,CONVERGENCE: NORM OF PROJECTED GRADIENT <= PGTOL
363,C5,True,CONVERGENCE: NORM OF PROJECTED GRADIENT <= PGTOL
364,C1,True,CONVERGENCE: NORM OF PROJECTED GRADIENT <= PGTOL
364,C2,True,CONVERGENCE: NORM OF PROJECTED GRADIENT <= PGTOL
364,C3,True,CONVERGENCE: NORM OF PROJECTED GRADIENT <= PGTOL
364,C4,True,CONVERGENCE: NORM OF PROJECTED GRADIENT <= PGTOL
364,C5,True,CONVERGENCE: NORM OF PROJECTED GRADIENT <= PGTOL
365,C1,True,CONVERGENCE: NORM OF PROJECTED GRADIENT <= PGTOL
365,C2,True,CONVERGENCE: NORM OF PROJECTED GRADIENT <= PGTOL
365,C3,True,CONVERGENCE: NORM OF PROJECTED GRADIENT <= PGTOL
365,C4,True,CONVERGENCE: NORM OF PROJECTED GRADIENT <= PGTOL
365,C5,True,CONVERGENCE: NORM OF PROJECTED GRADIENT <= PGTOL
366,C1,True,CONVERGENCE: NORM OF PROJECTED GRADIENT <= PGTOL
366,C2,True,CONVERGENCE: NORM OF PROJECTED GRADIENT <= PGTOL
366,C3,True,CONVERGENCE: NORM OF PROJECTED GRADIENT <= PGTOL
366,C4,True,CONVERGENCE: NORM OF PROJECTED GRADIENT <= PGTOL
366,C5,True,CONVERGENCE: NORM OF PROJECTED GRADIENT <= PGTOL
367,C1,True,CONVERGENCE: NORM OF PROJECTED GRADIENT <= PGTOL
367,C2,True,CONVERGENCE: NORM OF PROJECTED GRADIENT <= PGTOL
367,C3,True,CONVERGENCE: NORM OF PROJECTED GRADIENT <= PGTOL
367,C4,True,CONVERGENCE: NORM OF PROJECTED GRADIENT <= PGTOL
367,C5,True,CONVERGENCE: NORM OF PROJECTED GRADIENT <= PGTOL
368,C1,True,CONVERGENCE: NORM OF PROJECTED GRADIENT <= PGTOL
368,C2,True,CONVERGENCE: NORM OF PROJECTED GRADIENT <= PGTOL
368,C3,True,CONVERGENCE: NORM OF PROJECTED GRADIENT <= PGTOL
368,C4,True,CONVERGENCE: NORM OF PROJECTED GRADIENT <= PGTOL
368,C5,True,CONVERGENCE: NORM OF PROJECTED GRADIENT <= PGTOL
369,C1,True,CONVERGENCE: NORM OF PROJECTED GRADIENT <= PGTOL
369,C2,True,CONVERGENCE: NORM OF PROJECTED GRADIENT <= PGTOL
369,C3,True,CONVERGENCE: NORM OF PROJECTED GRADIENT <= PGTOL
369,C4,True,CONVERGENCE: NORM OF PROJECTED GRADIENT <= PGTOL
369,C5,True,CONVERGENCE: NORM OF PROJECTED GRADIENT <= PGTOL
370,C1,True,CONVERGENCE: NORM OF PROJECTED GRADIENT <= PGTOL
370,C2,True,CONVERGENCE: NORM OF PROJECTED GRADIENT <= PGTOL
370,C3,True,CONVERGENCE: NORM OF PROJECTED GRADIENT <= PGTOL
370,C4,True,CONVERGENCE: NORM OF PROJECTED GRADIENT <= PGTOL
370,C5,True,CONVERGENCE: NORM OF PROJECTED GRADIENT <= PGTOL
371,C1,True,CONVERGENCE: NORM OF PROJECTED GRADIENT <= PGTOL
371,C2,True,CONVERGENCE: NORM OF PROJECTED GRADIENT <= PGTOL
371,C3,True,CONVERGENCE: NORM OF PROJECTED GRADIENT <= PGTOL
371,C4,True,CONVERGENCE: NORM OF PROJECTED GRADIENT <= PGTOL
371,C5,True,CONVERGENCE: NORM OF PROJECTED GRADIENT <= PGTOL
372,C1,True,CONVERGENCE: NORM OF PROJECTED GRADIENT <= PGTOL
372,C2,True,CONVERGENCE: NORM OF PROJECTED GRADIENT <= PGTOL
372,C3,True,CONVERGENCE: NORM OF PROJECTED GRADIENT <= PGTOL
372,C4,True,CONVERGENCE: NORM OF PROJECTED GRADIENT <= PGTOL
372,C5,True,CONVERGENCE: NORM OF PROJECTED GRADIENT <= PGTOL
373,C1,True,CONVERGENCE: NORM OF PROJECTED GRADIENT <= PGTOL
373,C2,True,CONVERGENCE: NORM OF PROJECTED GRADIENT <= PGTOL
373,C3,True,CONVERGENCE: NORM OF PROJECTED GRADIENT <= PGTOL
373,C4,True,CONVERGENCE: NORM OF PROJECTED GRADIENT <= PGTOL
373,C5,True,CONVERGENCE: NORM OF PROJECTED GRADIENT <= PGTOL
374,C1,True,CONVERGENCE: NORM OF PROJECTED GRADIENT <= PGTOL
374,C2,True,CONVERGENCE: NORM OF PROJECTED GRADIENT <= PGTOL
374,C3,True,CONVERGENCE: NORM OF PROJECTED GRADIENT <= PGTOL
374,C4,True,CONVERGENCE: NORM OF PROJECTED GRADIENT <= PGTOL
374,C5,True,CONVERGENCE: NORM OF PROJECTED GRADIENT <= PGTOL
375,C1,True,CONVERGENCE: NORM OF PROJECTED GRADIENT <= PGTOL
375,C2,True,CONVERGENCE: NORM OF PROJECTED GRADIENT <= PGTOL
375,C3,True,CONVERGENCE: NORM OF PROJECTED GRADIENT <= PGTOL
375,C4,True,CONVERGENCE: NORM OF PROJECTED GRADIENT <= PGTOL
375,C5,True,CONVERGENCE: NORM OF PROJECTED GRADIENT <= PGTOL
376,C1,True,CONVERGENCE: NORM OF PROJECTED GRADIENT <= PGTOL
376,C2,True,CONVERGENCE: NORM OF PROJECTED GRADIENT <= PGTOL
376,C3,True,CONVERGENCE: NORM OF PROJECTED GRADIENT <= PGTOL
376,C4,True,CONVERGENCE: NORM OF PROJECTED GRADIENT <= PGTOL
376,C5,True,CONVERGENCE: NORM OF PROJECTED GRADIENT <= PGTOL
377,C1,True,CONVERGENCE: NORM OF PROJECTED GRADIENT <= PGTOL
377,C2,True,CONVERGENCE: NORM OF PROJECTED GRADIENT <= PGTOL
377,C3,True,CONVERGENCE: NORM OF PROJECTED GRADIENT <= PGTOL
377,C4,True,CONVERGENCE: NORM OF PROJECTED GRADIENT <= PGTOL
377,C5,True,CONVERGENCE: NORM OF PROJECTED GRADIENT <= PGTOL
378,C1,True,CONVERGENCE: NORM OF PROJECTED GRADIENT <= PGTOL
378,C2,True,CONVERGENCE: NORM OF PROJECTED GRADIENT <= PGTOL
378,C3,True,CONVERGENCE: NORM OF PROJECTED GRADIENT <= PGTOL
378,C4,True,CONVERGENCE: NORM OF PROJECTED GRADIENT <= PGTOL
378,C5,True,CONVERGENCE: NORM OF PROJECTED GRADIENT <= PGTOL
379,C1,True,CONVERGENCE: NORM OF PROJECTED GRADIENT <= PGTOL
379,C2,True,CONVERGENCE: NORM OF PROJECTED GRADIENT <= PGTOL
379,C3,True,CONVERGENCE: NORM OF PROJECTED GRADIENT <= PGTOL
379,C4,True,CONVERGENCE: NORM OF PROJECTED GRADIENT <= PGTOL
379,C5,True,CONVERGENCE: NORM OF PROJECTED GRADIENT <= PGTOL
380,C1,True,CONVERGENCE: NORM OF PROJECTED GRADIENT <= PGTOL
380,C2,True,CONVERGENCE: NORM OF PROJECTED GRADIENT <= PGTOL
380,C3,True,CONVERGENCE: NORM OF PROJECTED GRADIENT <= PGTOL
380,C4,True,CONVERGENCE: NORM OF PROJECTED GRADIENT <= PGTOL
380,C5,True,CONVERGENCE: NORM OF PROJECTED GRADIENT <= PGTOL
381,C1,True,CONVERGENCE: NORM OF PROJECTED GRADIENT <= PGTOL
381,C2,True,CONVERGENCE: NORM OF PROJECTED GRADIENT <= PGTOL
381,C3,True,CONVERGENCE: NORM OF PROJECTED GRADIENT <= PGTOL
381,C4,True,CONVERGENCE: NORM OF PROJECTED GRADIENT <= PGTOL
381,C5,True,CONVERGENCE: NORM OF PROJECTED GRADIENT <= PGTOL
382,C1,True,CONVERGENCE: NORM OF PROJECTED GRADIENT <= PGTOL
382,C2,True,CONVERGENCE: NORM OF PROJECTED GRADIENT <= PGTOL
382,C3,True,CONVERGENCE: NORM OF PROJECTED GRADIENT <= PGTOL
382,C4,True,CONVERGENCE: NORM OF PROJECTED GRADIENT <= PGTOL
382,C5,True,CONVERGENCE: NORM OF PROJECTED GRADIENT <= PGTOL
383,C1,True,CONVERGENCE: NORM OF PROJECTED GRADIENT <= PGTOL
383,C2,True,CONVERGENCE: NORM OF PROJECTED GRADIENT <= PGTOL
383,C3,True,CONVERGENCE: NORM OF PROJECTED GRADIENT <= PGTOL
383,C4,True,CONVERGENCE: NORM OF PROJECTED GRADIENT <= PGTOL
383,C5,True,CONVERGENCE: NORM OF PROJECTED GRADIENT <= PGTOL
384,C1,True,CONVERGENCE: NORM OF PROJECTED GRADIENT <= PGTOL
384,C2,True,CONVERGENCE: NORM OF PROJECTED GRADIENT <= PGTOL
384,C3,True,CONVERGENCE: NORM OF PROJECTED GRADIENT <= PGTOL
384,C4,True,CONVERGENCE: NORM OF PROJECTED GRADIENT <= PGTOL
384,C5,True,CONVERGENCE: NORM OF PROJECTED GRADIENT <= PGTOL
385,C1,True,CONVERGENCE: NORM OF PROJECTED GRADIENT <= PGTOL
385,C2,True,CONVERGENCE: NORM OF PROJECTED GRADIENT <= PGTOL
385,C3,True,CONVERGENCE: NORM OF PROJECTED GRADIENT <= PGTOL
385,C4,True,CONVERGENCE: NORM OF PROJECTED GRADIENT <= PGTOL
385,C5,True,CONVERGENCE: NORM OF PROJECTED GRADIENT <= PGTOL
386,C1,True,CONVERGENCE: NORM OF PROJECTED GRADIENT <= PGTOL
386,C2,True,CONVERGENCE: NORM OF PROJECTED GRADIENT <= PGTOL
386,C3,True,CONVERGENCE: NORM OF PROJECTED GRADIENT <= PGTOL
386,C4,True,CONVERGENCE: NORM OF PROJECTED GRADIENT <= PGTOL
386,C5,True,CONVERGENCE: NORM OF PROJECTED GRADIENT <= PGTOL
387,C1,True,CONVERGENCE: NORM OF PROJECTED GRADIENT <= PGTOL
387,C2,True,CONVERGENCE: NORM OF PROJECTED GRADIENT <= PGTOL
387,C3,True,CONVERGENCE: NORM OF PROJECTED GRADIENT <= PGTOL
387,C4,True,CONVERGENCE: NORM OF PROJECTED GRADIENT <= PGTOL
387,C5,True,CONVERGENCE: NORM OF PROJECTED GRADIENT <= PGTOL
388,C1,True,CONVERGENCE: NORM OF PROJECTED GRADIENT <= PGTOL
388,C2,True,CONVERGENCE: NORM OF PROJECTED GRADIENT <= PGTOL
388,C3,True,CONVERGENCE: NORM OF PROJECTED GRADIENT <= PGTOL
388,C4,True,CONVERGENCE: NORM OF PROJECTED GRADIENT <= PGTOL
388,C5,True,CONVERGENCE: NORM OF PROJECTED GRADIENT <= PGTOL
389,C1,True,CONVERGENCE: NORM OF PROJECTED GRADIENT <= PGTOL
389,C2,True,CONVERGENCE: NORM OF PROJECTED GRADIENT <= PGTOL
389,C3,True,CONVERGENCE: NORM OF PROJECTED GRADIENT <= PGTOL
389,C4,True,CONVERGENCE: NORM OF PROJECTED GRADIENT <= PGTOL
389,C5,True,CONVERGENCE: NORM OF PROJECTED GRADIENT <= PGTOL
390,C1,True,CONVERGENCE: NORM OF PROJECTED GRADIENT <= PGTOL
390,C2,True,CONVERGENCE: NORM OF PROJECTED GRADIENT <= PGTOL
390,C3,True,CONVERGENCE: NORM OF PROJECTED GRADIENT <= PGTOL
390,C4,True,CONVERGENCE: NORM OF PROJECTED GRADIENT <= PGTOL
390,C5,True,CONVERGENCE: NORM OF PROJECTED GRADIENT <= PGTOL
391,C1,True,CONVERGENCE: NORM OF PROJECTED GRADIENT <= PGTOL
391,C2,True,CONVERGENCE: NORM OF PROJECTED GRADIENT <= PGTOL
391,C3,True,CONVERGENCE: NORM OF PROJECTED GRADIENT <= PGTOL
391,C4,True,CONVERGENCE: NORM OF PROJECTED GRADIENT <= PGTOL
391,C5,True,CONVERGENCE: NORM OF PROJECTED GRADIENT <= PGTOL
392,C1,True,CONVERGENCE: NORM OF PROJECTED GRADIENT <= PGTOL
392,C2,True,CONVERGENCE: NORM OF PROJECTED GRADIENT <= PGTOL
392,C3,True,CONVERGENCE: NORM OF PROJECTED GRADIENT <= PGTOL
392,C4,True,CONVERGENCE: NORM OF PROJECTED GRADIENT <= PGTOL
392,C5,True,CONVERGENCE: NORM OF PROJECTED GRADIENT <= PGTOL
393,C1,True,CONVERGENCE: NORM OF PROJECTED GRADIENT <= PGTOL
393,C2,True,CONVERGENCE: NORM OF PROJECTED GRADIENT <= PGTOL
393,C3,True,CONVERGENCE: NORM OF PROJECTED GRADIENT <= PGTOL
393,C4,True,CONVERGENCE: NORM OF PROJECTED GRADIENT <= PGTOL
393,C5,True,CONVERGENCE: NORM OF PROJECTED GRADIENT <= PGTOL
394,C1,True,CONVERGENCE: NORM OF PROJECTED GRADIENT <= PGTOL
394,C2,True,CONVERGENCE: NORM OF PROJECTED GRADIENT <= PGTOL
394,C3,True,CONVERGENCE: NORM OF PROJECTED GRADIENT <= PGTOL
394,C4,True,CONVERGENCE: NORM OF PROJECTED GRADIENT <= PGTOL
394,C5,True,CONVERGENCE: NORM OF PROJECTED GRADIENT <= PGTOL
395,C1,True,CONVERGENCE: NORM OF PROJECTED GRADIENT <= PGTOL
395,C2,True,CONVERGENCE: NORM OF PROJECTED GRADIENT <= PGTOL
395,C3,True,CONVERGENCE: NORM OF PROJECTED GRADIENT <= PGTOL
395,C4,True,CONVERGENCE: NORM OF PROJECTED GRADIENT <= PGTOL
395,C5,True,CONVERGENCE: NORM OF PROJECTED GRADIENT <= PGTOL
396,C1,True,CONVERGENCE: NORM OF PROJECTED GRADIENT <= PGTOL
396,C2,True,CONVERGENCE: NORM OF PROJECTED GRADIENT <= PGTOL
396,C3,True,CONVERGENCE: NORM OF PROJECTED GRADIENT <= PGTOL
396,C4,True,CONVERGENCE: NORM OF PROJECTED GRADIENT <= PGTOL
396,C5,True,CONVERGENCE: NORM OF PROJECTED GRADIENT <= PGTOL
397,C1,True,CONVERGENCE: NORM OF PROJECTED GRADIENT <= PGTOL
397,C2,True,CONVERGENCE: NORM OF PROJECTED GRADIENT <= PGTOL
397,C3,True,CONVERGENCE: NORM OF PROJECTED GRADIENT <= PGTOL
397,C4,True,CONVERGENCE: NORM OF PROJECTED GRADIENT <= PGTOL
397,C5,True,CONVERGENCE: NORM OF PROJECTED GRADIENT <= PGTOL
398,C1,True,CONVERGENCE: NORM OF PROJECTED GRADIENT <= PGTOL
398,C2,True,CONVERGENCE: NORM OF PROJECTED GRADIENT <= PGTOL
398,C3,True,CONVERGENCE: NORM OF PROJECTED GRADIENT <= PGTOL
398,C4,True,CONVERGENCE: NORM OF PROJECTED GRADIENT <= PGTOL
398,C5,True,CONVERGENCE: NORM OF PROJECTED GRADIENT <= PGTOL
399,C1,True,CONVERGENCE: NORM OF PROJECTED GRADIENT <= PGTOL
399,C2,True,CONVERGENCE: NORM OF PROJECTED GRADIENT <= PGTOL
399,C3,True,CONVERGENCE: NORM OF PROJECTED GRADIENT <= PGTOL
399,C4,True,CONVERGENCE: NORM OF PROJECTED GRADIENT <= PGTOL
399,C5,True,CONVERGENCE: NORM OF PROJECTED GRADIENT <= PGTOL
400,C1,True,CONVERGENCE: NORM OF PROJECTED GRADIENT <= PGTOL
400,C2,True,CONVERGENCE: NORM OF PROJECTED GRADIENT <= PGTOL
400,C3,True,CONVERGENCE: NORM OF PROJECTED GRADIENT <= PGTOL
400,C4,True,CONVERGENCE: NORM OF PROJECTED GRADIENT <= PGTOL
400,C5,True,CONVERGENCE: NORM OF PROJECTED GRADIENT <= PGTOL
401,C1,True,CONVERGENCE: NORM OF PROJECTED GRADIENT <= PGTOL
401,C2,True,CONVERGENCE: NORM OF PROJECTED GRADIENT <= PGTOL
401,C3,True,CONVERGENCE: NORM OF PROJECTED GRADIENT <= PGTOL
401,C4,True,CONVERGENCE: NORM OF PROJECTED GRADIENT <= PGTOL
401,C5,True,CONVERGENCE: NORM OF PROJECTED GRADIENT <= PGTOL
402,C1,True,CONVERGENCE: NORM OF PROJECTED GRADIENT <= PGTOL
402,C2,True,CONVERGENCE: NORM OF PROJECTED GRADIENT <= PGTOL
402,C3,True,CONVERGENCE: NORM OF PROJECTED GRADIENT <= PGTOL
402,C4,True,CONVERGENCE: NORM OF PROJECTED GRADIENT <= PGTOL
402,C5,True,CONVERGENCE: NORM OF PROJECTED GRADIENT <= PGTOL
403,C1,True,CONVERGENCE: NORM OF PROJECTED GRADIENT <= PGTOL
403,C2,True,CONVERGENCE: NORM OF PROJECTED GRADIENT <= PGTOL
403,C3,True,CONVERGENCE: NORM OF PROJECTED GRADIENT <= PGTOL
403,C4,True,CONVERGENCE: NORM OF PROJECTED GRADIENT <= PGTOL
403,C5,True,CONVERGENCE: NORM OF PROJECTED GRADIENT <= PGTOL
404,C1,True,CONVERGENCE: NORM OF PROJECTED GRADIENT <= PGTOL
404,C2,True,CONVERGENCE: NORM OF PROJECTED GRADIENT <= PGTOL
404,C3,True,CONVERGENCE: NORM OF PROJECTED GRADIENT <= PGTOL
404,C4,True,CONVERGENCE: NORM OF PROJECTED GRADIENT <= PGTOL
404,C5,True,CONVERGENCE: NORM OF PROJECTED GRADIENT <= PGTOL
405,C1,True,CONVERGENCE: NORM OF PROJECTED GRADIENT <= PGTOL
405,C2,True,CONVERGENCE: NORM OF PROJECTED GRADIENT <= PGTOL
405,C3,True,CONVERGENCE: NORM OF PROJECTED GRADIENT <= PGTOL
405,C4,True,CONVERGENCE: NORM OF PROJECTED GRADIENT <= PGTOL
405,C5,True,CONVERGENCE: NORM OF PROJECTED GRADIENT <= PGTOL
406,C1,True,CONVERGENCE: NORM OF PROJECTED GRADIENT <= PGTOL
406,C2,True,CONVERGENCE: NORM OF PROJECTED GRADIENT <= PGTOL
406,C3,True,CONVERGENCE: NORM OF PROJECTED GRADIENT <= PGTOL
406,C4,True,CONVERGENCE: NORM OF PROJECTED GRADIENT <= PGTOL
406,C5,True,CONVERGENCE: NORM OF PROJECTED GRADIENT <= PGTOL
407,C1,True,CONVERGENCE: NORM OF PROJECTED GRADIENT <= PGTOL
407,C2,True,CONVERGENCE: NORM OF PROJECTED GRADIENT <= PGTOL
407,C3,True,CONVERGENCE: NORM OF PROJECTED GRADIENT <= PGTOL
407,C4,True,CONVERGENCE: NORM OF PROJECTED GRADIENT <= PGTOL
407,C5,True,CONVERGENCE: NORM OF PROJECTED GRADIENT <= PGTOL
408,C1,True,CONVERGENCE: NORM OF PROJECTED GRADIENT <= PGTOL
408,C2,True,CONVERGENCE: NORM OF PROJECTED GRADIENT <= PGTOL
408,C3,True,CONVERGENCE: NORM OF PROJECTED GRADIENT <= PGTOL
408,C4,True,CONVERGENCE: NORM OF PROJECTED GRADIENT <= PGTOL
408,C5,True,CONVERGENCE: NORM OF PROJECTED GRADIENT <= PGTOL
409,C1,True,CONVERGENCE: NORM OF PROJECTED GRADIENT <= PGTOL
409,C2,True,CONVERGENCE: NORM OF PROJECTED GRADIENT <= PGTOL
409,C3,True,CONVERGENCE: NORM OF PROJECTED GRADIENT <= PGTOL
409,C4,True,CONVERGENCE: NORM OF PROJECTED GRADIENT <= PGTOL
409,C5,True,CONVERGENCE: NORM OF PROJECTED GRADIENT <= PGTOL
410,C1,True,CONVERGENCE: NORM OF PROJECTED GRADIENT <= PGTOL
410,C2,True,CONVERGENCE: NORM OF PROJECTED GRADIENT <= PGTOL
410,C3,True,CONVERGENCE: NORM OF PROJECTED GRADIENT <= PGTOL
410,C4,True,CONVERGENCE: NORM OF PROJECTED GRADIENT <= PGTOL
410,C5,True,CONVERGENCE: NORM OF PROJECTED GRADIENT <= PGTOL
411,C1,True,CONVERGENCE: NORM OF PROJECTED GRADIENT <= PGTOL
411,C2,True,CONVERGENCE: NORM OF PROJECTED GRADIENT <= PGTOL
411,C3,True,CONVERGENCE: NORM OF PROJECTED GRADIENT <= PGTOL
411,C4,True,CONVERGENCE: NORM OF PROJECTED GRADIENT <= PGTOL
411,C5,True,CONVERGENCE: NORM OF PROJECTED GRADIENT <= PGTOL
412,C1,True,CONVERGENCE: NORM OF PROJECTED GRADIENT <= PGTOL
412,C2,True,CONVERGENCE: NORM OF PROJECTED GRADIENT <= PGTOL
412,C3,True,CONVERGENCE: NORM OF PROJECTED GRADIENT <= PGTOL
412,C4,True,CONVERGENCE: NORM OF PROJECTED GRADIENT <= PGTOL
412,C5,True,CONVERGENCE: NORM OF PROJECTED GRADIENT <= PGTOL
413,C1,True,CONVERGENCE: NORM OF PROJECTED GRADIENT <= PGTOL
413,C2,True,CONVERGENCE: NORM OF PROJECTED GRADIENT <= PGTOL
413,C3,True,CONVERGENCE: NORM OF PROJECTED GRADIENT <= PGTOL
413,C4,True,CONVERGENCE: NORM OF PROJECTED GRADIENT <= PGTOL
413,C5,True,CONVERGENCE: NORM OF PROJECTED GRADIENT <= PGTOL
414,C1,True,CONVERGENCE: NORM OF PROJECTED GRADIENT <= PGTOL
414,C2,True,CONVERGENCE: NORM OF PROJECTED GRADIENT <= PGTOL
414,C3,True,CONVERGENCE: NORM OF PROJECTED GRADIENT <= PGTOL
414,C4,True,CONVERGENCE: NORM OF PROJECTED GRADIENT <= PGTOL
414,C5,True,CONVERGENCE: NORM OF PROJECTED GRADIENT <= PGTOL
415,C1,True,CONVERGENCE: NORM OF PROJECTED GRADIENT <= PGTOL
415,C2,True,CONVERGENCE: NORM OF PROJECTED GRADIENT <= PGTOL
415,C3,True,CONVERGENCE: NORM OF PROJECTED GRADIENT <= PGTOL
415,C4,True,CONVERGENCE: NORM OF PROJECTED GRADIENT <= PGTOL
415,C5,True,CONVERGENCE: NORM OF PROJECTED GRADIENT <= PGTOL
416,C1,True,CONVERGENCE: NORM OF PROJECTED GRADIENT <= PGTOL
416,C2,True,CONVERGENCE: NORM OF PROJECTED GRADIENT <= PGTOL
416,C3,True,CONVERGENCE: NORM OF PROJECTED GRADIENT <= PGTOL
416,C4,True,CONVERGENCE: NORM OF PROJECTED GRADIENT <= PGTOL
416,C5,True,CONVERGENCE: NORM OF PROJECTED GRADIENT <= PGTOL
417,C1,True,CONVERGENCE: NORM OF PROJECTED GRADIENT <= PGTOL
417,C2,True,CONVERGENCE: NORM OF PROJECTED GRADIENT <= PGTOL
417,C3,True,CONVERGENCE: NORM OF PROJECTED GRADIENT <= PGTOL
417,C4,True,CONVERGENCE: NORM OF PROJECTED GRADIENT <= PGTOL
417,C5,True,CONVERGENCE: NORM OF PROJECTED GRADIENT <= PGTOL
418,C1,True,CONVERGENCE: NORM OF PROJECTED GRADIENT <= PGTOL
418,C2,True,CONVERGENCE: NORM OF PROJECTED GRADIENT <= PGTOL
418,C3,True,CONVERGENCE: NORM OF PROJECTED GRADIENT <= PGTOL
418,C4,True,CONVERGENCE: NORM OF PROJECTED GRADIENT <= PGTOL
418,C5,True,CONVERGENCE: NORM OF PROJECTED GRADIENT <= PGTOL
419,C1,True,CONVERGENCE: NORM OF PROJECTED GRADIENT <= PGTOL
419,C2,True,CONVERGENCE: NORM OF PROJECTED GRADIENT <= PGTOL
419,C3,True,CONVERGENCE: NORM OF PROJECTED GRADIENT <= PGTOL
419,C4,True,CONVERGENCE: NORM OF PROJECTED GRADIENT <= PGTOL
419,C5,True,CONVERGENCE: NORM OF PROJECTED GRADIENT <= PGTOL
420,C1,True,CONVERGENCE: NORM OF PROJECTED GRADIENT <= PGTOL
420,C2,True,CONVERGENCE: NORM OF PROJECTED GRADIENT <= PGTOL
420,C3,True,CONVERGENCE: NORM OF PROJECTED GRADIENT <= PGTOL
420,C4,True,CONVERGENCE: NORM OF PROJECTED GRADIENT <= PGTOL
420,C5,True,CONVERGENCE: NORM OF PROJECTED GRADIENT <= PGTOL
421,C1,True,CONVERGENCE: NORM OF PROJECTED GRADIENT <= PGTOL
421,C2,True,CONVERGENCE: NORM OF PROJECTED GRADIENT <= PGTOL
421,C3,True,CONVERGENCE: NORM OF PROJECTED GRADIENT <= PGTOL
421,C4,True,CONVERGENCE: NORM OF PROJECTED GRADIENT <= PGTOL
421,C5,True,CONVERGENCE: NORM OF PROJECTED GRADIENT <= PGTOL
422,C1,True,CONVERGENCE: NORM OF PROJECTED GRADIENT <= PGTOL
422,C2,True,CONVERGENCE: NORM OF PROJECTED GRADIENT <= PGTOL
422,C3,True,CONVERGENCE: NORM OF PROJECTED GRADIENT <= PGTOL
422,C4,True,CONVERGENCE: NORM OF PROJECTED GRADIENT <= PGTOL
422,C5,True,CONVERGENCE: NORM OF PROJECTED GRADIENT <= PGTOL
423,C1,True,CONVERGENCE: NORM OF PROJECTED GRADIENT <= PGTOL
423,C2,True,CONVERGENCE: NORM OF PROJECTED GRADIENT <= PGTOL
423,C3,True,CONVERGENCE: NORM OF PROJECTED GRADIENT <= PGTOL
423,C4,True,CONVERGENCE: NORM OF PROJECTED GRADIENT <= PGTOL
423,C5,True,CONVERGENCE: NORM OF PROJECTED GRADIENT <= PGTOL
424,C1,True,CONVERGENCE: NORM OF PROJECTED GRADIENT <= PGTOL
424,C2,True,CONVERGENCE: NORM OF PROJECTED GRADIENT <= PGTOL
424,C3,True,CONVERGENCE: NORM OF PROJECTED GRADIENT <= PGTOL
424,C4,True,CONVERGENCE: NORM OF PROJECTED GRADIENT <= PGTOL
424,C5,True,CONVERGENCE: NORM OF PROJECTED GRADIENT <= PGTOL
425,C1,True,CONVERGENCE: NORM OF PROJECTED GRADIENT <= PGTOL
425,C2,True,CONVERGENCE: NORM OF PROJECTED GRADIENT <= PGTOL
425,C3,True,CONVERGENCE: NORM OF PROJECTED GRADIENT <= PGTOL
425,C4,True,CONVERGENCE: NORM OF PROJECTED GRADIENT <= PGTOL
425,C5,True,CONVERGENCE: NORM OF PROJECTED GRADIENT <= PGTOL
426,C1,True,CONVERGENCE: NORM OF PROJECTED GRADIENT <= PGTOL
426,C2,True,CONVERGENCE: NORM OF PROJECTED GRADIENT <= PGTOL
426,C3,True,CONVERGENCE: NORM OF PROJECTED GRADIENT <= PGTOL
426,C4,True,CONVERGENCE: NORM OF PROJECTED GRADIENT <= PGTOL
426,C5,True,CONVERGENCE: NORM OF PROJECTED GRADIENT <= PGTOL
427,C1,True,CONVERGENCE: NORM OF PROJECTED GRADIENT <= PGTOL
427,C2,True,CONVERGENCE: NORM OF PROJECTED GRADIENT <= PGTOL
427,C3,True,CONVERGENCE: NORM OF PROJECTED GRADIENT <= PGTOL
427,C4,True,CONVERGENCE: NORM OF PROJECTED GRADIENT <= PGTOL
427,C5,True,CONVERGENCE: NORM OF PROJECTED GRADIENT <= PGTOL
428,C1,True,CONVERGENCE: NORM OF PROJECTED GRADIENT <= PGTOL
428,C2,True,CONVERGENCE: NORM OF PROJECTED GRADIENT <= PGTOL
428,C3,True,CONVERGENCE: NORM OF PROJECTED GRADIENT <= PGTOL
428,C4,True,CONVERGENCE: NORM OF PROJECTED GRADIENT <= PGTOL
428,C5,True,CONVERGENCE: NORM OF PROJECTED GRADIENT <= PGTOL
429,C1,True,CONVERGENCE: NORM OF PROJECTED GRADIENT <= PGTOL
429,C2,True,CONVERGENCE: NORM OF PROJECTED GRADIENT <= PGTOL
429,C3,True,CONVERGENCE: NORM OF PROJECTED GRADIENT <= PGTOL
429,C4,True,CONVERGENCE: NORM OF PROJECTED GRADIENT <= PGTOL
429,C5,True,CONVERGENCE: NORM OF PROJECTED GRADIENT <= PGTOL
430,C1,True,CONVERGENCE: NORM OF PROJECTED GRADIENT <= PGTOL
430,C2,True,CONVERGENCE: NORM OF PROJECTED GRADIENT <= PGTOL
430,C3,True,CONVERGENCE: NORM OF PROJECTED GRADIENT <= PGTOL
430,C4,True,CONVERGENCE: NORM OF PROJECTED GRADIENT <= PGTOL
430,C5,True,CONVERGENCE: NORM OF PROJECTED GRADIENT <= PGTOL
431,C1,True,CONVERGENCE: NORM OF PROJECTED GRADIENT <= PGTOL
431,C2,True,CONVERGENCE: NORM OF PROJECTED GRADIENT <= PGTOL
431,C3,True,CONVERGENCE: NORM OF PROJECTED GRADIENT <= PGTOL
431,C4,True,CONVERGENCE: NORM OF PROJECTED GRADIENT <= PGTOL
431,C5,True,CONVERGENCE: NORM OF PROJECTED GRADIENT <= PGTOL
432,C1,True,CONVERGENCE: NORM OF PROJECTED GRADIENT <= PGTOL
432,C2,True,CONVERGENCE: NORM OF PROJECTED GRADIENT <= PGTOL
432,C3,True,CONVERGENCE: NORM OF PROJECTED GRADIENT <= PGTOL
432,C4,True,CONVERGENCE: NORM OF PROJECTED GRADIENT <= PGTOL
432,C5,True,CONVERGENCE: NORM OF PROJECTED GRADIENT <= PGTOL
433,C1,True,CONVERGENCE: NORM OF PROJECTED GRADIENT <= PGTOL
433,C2,True,CONVERGENCE: NORM OF PROJECTED GRADIENT <= PGTOL
433,C3,True,CONVERGENCE: NORM OF PROJECTED GRADIENT <= PGTOL
433,C4,True,CONVERGENCE: NORM OF PROJECTED GRADIENT <= PGTOL
433,C5,True,CONVERGENCE: NORM OF PROJECTED GRADIENT <= PGTOL
434,C1,True,CONVERGENCE: NORM OF PROJECTED GRADIENT <= PGTOL
434,C2,True,CONVERGENCE: NORM OF PROJECTED GRADIENT <= PGTOL
434,C3,True,CONVERGENCE: NORM OF PROJECTED GRADIENT <= PGTOL
434,C4,True,CONVERGENCE: NORM OF PROJECTED GRADIENT <= PGTOL
434,C5,True,CONVERGENCE: NORM OF PROJECTED GRADIENT <= PGTOL
435,C1,True,CONVERGENCE: NORM OF PROJECTED GRADIENT <= PGTOL
435,C2,True,CONVERGENCE: NORM OF PROJECTED GRADIENT <= PGTOL
435,C3,True,CONVERGENCE: NORM OF PROJECTED GRADIENT <= PGTOL
435,C4,True,CONVERGENCE: NORM OF PROJECTED GRADIENT <= PGTOL
435,C5,True,CONVERGENCE: NORM OF PROJECTED GRADIENT <= PGTOL
436,C1,True,CONVERGENCE: NORM OF PROJECTED GRADIENT <= PGTOL
436,C2,True,CONVERGENCE: NORM OF PROJECTED GRADIENT <= PGTOL
436,C3,True,CONVERGENCE: NORM OF PROJECTED GRADIENT <= PGTOL
436,C4,True,CONVERGENCE: NORM OF PROJECTED GRADIENT <= PGTOL
436,C5,True,CONVERGENCE: NORM OF PROJECTED GRADIENT <= PGTOL
437,C1,True,CONVERGENCE: NORM OF PROJECTED GRADIENT <= PGTOL
437,C2,True,CONVERGENCE: NORM OF PROJECTED GRADIENT <= PGTOL
437,C3,True,CONVERGENCE: NORM OF PROJECTED GRADIENT <= PGTOL
437,C4,True,CONVERGENCE: NORM OF PROJECTED GRADIENT <= PGTOL
437,C5,True,CONVERGENCE: NORM OF PROJECTED GRADIENT <= PGTOL
438,C1,True,CONVERGENCE: NORM OF PROJECTED GRADIENT <= PGTOL
438,C2,True,CONVERGENCE: NORM OF PROJECTED GRADIENT <= PGTOL
438,C3,True,CONVERGENCE: NORM OF PROJECTED GRADIENT <= PGTOL
438,C4,True,CONVERGENCE: NORM OF PROJECTED GRADIENT <= PGTOL
438,C5,True,CONVERGENCE: NORM OF PROJECTED GRADIENT <= PGTOL
439,C1,True,CONVERGENCE: NORM OF PROJECTED GRADIENT <= PGTOL
439,C2,True,CONVERGENCE: NORM OF PROJECTED GRADIENT <= PGTOL
439,C3,True,CONVERGENCE: NORM OF PROJECTED GRADIENT <= PGTOL
439,C4,True,CONVERGENCE: NORM OF PROJECTED GRADIENT <= PGTOL
439,C5,True,CONVERGENCE: NORM OF PROJECTED GRADIENT <= PGTOL
440,C1,True,CONVERGENCE: NORM OF PROJECTED GRADIENT <= PGTOL
440,C2,True,CONVERGENCE: NORM OF PROJECTED GRADIENT <= PGTOL
440,C3,True,CONVERGENCE: NORM OF PROJECTED GRADIENT <= PGTOL
440,C4,True,CONVERGENCE: NORM OF PROJECTED GRADIENT <= PGTOL
440,C5,True,CONVERGENCE: NORM OF PROJECTED GRADIENT <= PGTOL
441,C1,True,CONVERGENCE: NORM OF PROJECTED GRADIENT <= PGTOL
441,C2,True,CONVERGENCE: NORM OF PROJECTED GRADIENT <= PGTOL
441,C3,True,CONVERGENCE: NORM OF PROJECTED GRADIENT <= PGTOL
441,C4,True,CONVERGENCE: NORM OF PROJECTED GRADIENT <= PGTOL
441,C5,True,CONVERGENCE: NORM OF PROJECTED GRADIENT <= PGTOL
442,C1,True,CONVERGENCE: NORM OF PROJECTED GRADIENT <= PGTOL
442,C2,True,CONVERGENCE: NORM OF PROJECTED GRADIENT <= PGTOL
442,C3,True,CONVERGENCE: NORM OF PROJECTED GRADIENT <= PGTOL
442,C4,True,CONVERGENCE: NORM OF PROJECTED GRADIENT <= PGTOL
442,C5,True,CONVERGENCE: NORM OF PROJECTED GRADIENT <= PGTOL
443,C1,True,CONVERGENCE: NORM OF PROJECTED GRADIENT <= PGTOL
443,C2,True,CONVERGENCE: NORM OF PROJECTED GRADIENT <= PGTOL
443,C3,True,CONVERGENCE: NORM OF PROJECTED GRADIENT <= PGTOL
443,C4,True,CONVERGENCE: NORM OF PROJECTED GRADIENT <= PGTOL
443,C5,True,CONVERGENCE: NORM OF PROJECTED GRADIENT <= PGTOL
444,C1,True,CONVERGENCE: NORM OF PROJECTED GRADIENT <= PGTOL
444,C2,True,CONVERGENCE: NORM OF PROJECTED GRADIENT <= PGTOL
444,C3,True,CONVERGENCE: NORM OF PROJECTED GRADIENT <= PGTOL
444,C4,True,CONVERGENCE: NORM OF PROJECTED GRADIENT <= PGTOL
444,C5,True,CONVERGENCE: NORM OF PROJECTED GRADIENT <= PGTOL
445,C1,True,CONVERGENCE: NORM OF PROJECTED GRADIENT <= PGTOL
445,C2,True,CONVERGENCE: NORM OF PROJECTED GRADIENT <= PGTOL
445,C3,True,CONVERGENCE: NORM OF PROJECTED GRADIENT <= PGTOL
445,C4,True,CONVERGENCE: NORM OF PROJECTED GRADIENT <= PGTOL
445,C5,True,CONVERGENCE: NORM OF PROJECTED GRADIENT <= PGTOL
446,C1,True,CONVERGENCE: NORM OF PROJECTED GRADIENT <= PGTOL
446,C2,True,CONVERGENCE: NORM OF PROJECTED GRADIENT <= PGTOL
446,C3,True,CONVERGENCE: NORM OF PROJECTED GRADIENT <= PGTOL
446,C4,True,CONVERGENCE: NORM OF PROJECTED GRADIENT <= PGTOL
446,C5,True,CONVERGENCE: NORM OF PROJECTED GRADIENT <= PGTOL
447,C1,True,CONVERGENCE: NORM OF PROJECTED GRADIENT <= PGTOL
447,C2,True,CONVERGENCE: NORM OF PROJECTED GRADIENT <= PGTOL
447,C3,True,CONVERGENCE: NORM OF PROJECTED GRADIENT <= PGTOL
447,C4,True,CONVERGENCE: NORM OF PROJECTED GRADIENT <= PGTOL
447,C5,True,CONVERGENCE: NORM OF PROJECTED GRADIENT <= PGTOL
448,C1,True,CONVERGENCE: NORM OF PROJECTED GRADIENT <= PGTOL
448,C2,True,CONVERGENCE: NORM OF PROJECTED GRADIENT <= PGTOL
448,C3,True,CONVERGENCE: NORM OF PROJECTED GRADIENT <= PGTOL
448,C4,True,CONVERGENCE: NORM OF PROJECTED GRADIENT <= PGTOL
448,C5,True,CONVERGENCE: NORM OF PROJECTED GRADIENT <= PGTOL
449,C1,True,CONVERGENCE: NORM OF PROJECTED GRADIENT <= PGTOL
449,C2,True,CONVERGENCE: NORM OF PROJECTED GRADIENT <= PGTOL
449,C3,True,CONVERGENCE: NORM OF PROJECTED GRADIENT <= PGTOL
449,C4,True,CONVERGENCE: NORM OF PROJECTED GRADIENT <= PGTOL
449,C5,True,CONVERGENCE: NORM OF PROJECTED GRADIENT <= PGTOL
450,C1,True,CONVERGENCE: NORM OF PROJECTED GRADIENT <= PGTOL
450,C2,True,CONVERGENCE: NORM OF PROJECTED GRADIENT <= PGTOL
450,C3,True,CONVERGENCE: NORM OF PROJECTED GRADIENT <= PGTOL
450,C4,True,CONVERGENCE: NORM OF PROJECTED GRADIENT <= PGTOL
450,C5,True,CONVERGENCE: NORM OF PROJECTED GRADIENT <= PGTOL
451,C1,True,CONVERGENCE: NORM OF PROJECTED GRADIENT <= PGTOL
451,C2,True,CONVERGENCE: NORM OF PROJECTED GRADIENT <= PGTOL
451,C3,True,CONVERGENCE: NORM OF PROJECTED GRADIENT <= PGTOL
451,C4,True,CONVERGENCE: NORM OF PROJECTED GRADIENT <= PGTOL
451,C5,True,CONVERGENCE: NORM OF PROJECTED GRADIENT <= PGTOL
452,C1,True,CONVERGENCE: NORM OF PROJECTED GRADIENT <= PGTOL
452,C2,True,CONVERGENCE: NORM OF PROJECTED GRADIENT <= PGTOL
452,C3,True,CONVERGENCE: NORM OF PROJECTED GRADIENT <= PGTOL
452,C4,True,CONVERGENCE: NORM OF PROJECTED GRADIENT <= PGTOL
452,C5,True,CONVERGENCE: NORM OF PROJECTED GRADIENT <= PGTOL
453,C1,True,CONVERGENCE: NORM OF PROJECTED GRADIENT <= PGTOL
453,C2,True,CONVERGENCE: NORM OF PROJECTED GRADIENT <= PGTOL
453,C3,True,CONVERGENCE: NORM OF PROJECTED GRADIENT <= PGTOL
453,C4,True,CONVERGENCE: NORM OF PROJECTED GRADIENT <= PGTOL
453,C5,True,CONVERGENCE: NORM OF PROJECTED GRADIENT <= PGTOL
454,C1,True,CONVERGENCE: NORM OF PROJECTED GRADIENT <= PGTOL
454,C2,True,CONVERGENCE: NORM OF PROJECTED GRADIENT <= PGTOL
454,C3,True,CONVERGENCE: NORM OF PROJECTED GRADIENT <= PGTOL
454,C4,True,CONVERGENCE: NORM OF PROJECTED GRADIENT <= PGTOL
454,C5,True,CONVERGENCE: NORM OF PROJECTED GRADIENT <= PGTOL
455,C1,True,CONVERGENCE: NORM OF PROJECTED GRADIENT <= PGTOL
455,C2,True,CONVERGENCE: NORM OF PROJECTED GRADIENT <= PGTOL
455,C3,True,CONVERGENCE: NORM OF PROJECTED GRADIENT <= PGTOL
455,C4,True,CONVERGENCE: NORM OF PROJECTED GRADIENT <= PGTOL
455,C5,True,CONVERGENCE: NORM OF PROJECTED GRADIENT <= PGTOL
456,C1,True,CONVERGENCE: NORM OF PROJECTED GRADIENT <= PGTOL
456,C2,True,CONVERGENCE: NORM OF PROJECTED GRADIENT <= PGTOL
456,C3,True,CONVERGENCE: NORM OF PROJECTED GRADIENT <= PGTOL
456,C4,True,CONVERGENCE: NORM OF PROJECTED GRADIENT <= PGTOL
456,C5,True,CONVERGENCE: NORM OF PROJECTED GRADIENT <= PGTOL
457,C1,True,CONVERGENCE: NORM OF PROJECTED GRADIENT <= PGTOL
457,C2,True,CONVERGENCE: NORM OF PROJECTED GRADIENT <= PGTOL
457,C3,True,CONVERGENCE: NORM OF PROJECTED GRADIENT <= PGTOL
457,C4,True,CONVERGENCE: NORM OF PROJECTED GRADIENT <= PGTOL
457,C5,True,CONVERGENCE: NORM OF PROJECTED GRADIENT <= PGTOL
458,C1,True,CONVERGENCE: NORM OF PROJECTED GRADIENT <= PGTOL
458,C2,True,CONVERGENCE: NORM OF PROJECTED GRADIENT <= PGTOL
458,C3,True,CONVERGENCE: NORM OF PROJECTED GRADIENT <= PGTOL
458,C4,True,CONVERGENCE: NORM OF PROJECTED GRADIENT <= PGTOL
458,C5,True,CONVERGENCE: NORM OF PROJECTED GRADIENT <= PGTOL
459,C1,True,CONVERGENCE: NORM OF PROJECTED GRADIENT <= PGTOL
459,C2,True,CONVERGENCE: NORM OF PROJECTED GRADIENT <= PGTOL
459,C3,True,CONVERGENCE: NORM OF PROJECTED GRADIENT <= PGTOL
459,C4,True,CONVERGENCE: NORM OF PROJECTED GRADIENT <= PGTOL
459,C5,True,CONVERGENCE: NORM OF PROJECTED GRADIENT <= PGTOL
460,C1,True,CONVERGENCE: NORM OF PROJECTED GRADIENT <= PGTOL
460,C2,True,CONVERGENCE: NORM OF PROJECTED GRADIENT <= PGTOL
460,C3,True,CONVERGENCE: NORM OF PROJECTED GRADIENT <= PGTOL
460,C4,True,CONVERGENCE: NORM OF PROJECTED GRADIENT <= PGTOL
460,C5,True,CONVERGENCE: NORM OF PROJECTED GRADIENT <= PGTOL
461,C1,True,CONVERGENCE: NORM OF PROJECTED GRADIENT <= PGTOL
461,C2,True,CONVERGENCE: NORM OF PROJECTED GRADIENT <= PGTOL
461,C3,True,CONVERGENCE: NORM OF PROJECTED GRADIENT <= PGTOL
461,C4,True,CONVERGENCE: NORM OF PROJECTED GRADIENT <= PGTOL
461,C5,True,CONVERGENCE: NORM OF PROJECTED GRADIENT <= PGTOL
462,C1,True,CONVERGENCE: NORM OF PROJECTED GRADIENT <= PGTOL
462,C2,True,CONVERGENCE: NORM OF PROJECTED GRADIENT <= PGTOL
462,C3,True,CONVERGENCE: NORM OF PROJECTED GRADIENT <= PGTOL
462,C4,True,CONVERGENCE: NORM OF PROJECTED GRADIENT <= PGTOL
462,C5,True,CONVERGENCE: NORM OF PROJECTED GRADIENT <= PGTOL
463,C1,True,CONVERGENCE: NORM OF PROJECTED GRADIENT <= PGTOL
463,C2,True,CONVERGENCE: NORM OF PROJECTED GRADIENT <= PGTOL
463,C3,True,CONVERGENCE: NORM OF PROJECTED GRADIENT <= PGTOL
463,C4,True,CONVERGENCE: NORM OF PROJECTED GRADIENT <= PGTOL
463,C5,True,CONVERGENCE: NORM OF PROJECTED GRADIENT <= PGTOL
464,C1,True,CONVERGENCE: NORM OF PROJECTED GRADIENT <= PGTOL
464,C2,True,CONVERGENCE: NORM OF PROJECTED GRADIENT <= PGTOL
464,C3,True,CONVERGENCE: NORM OF PROJECTED GRADIENT <= PGTOL
464,C4,True,CONVERGENCE: NORM OF PROJECTED GRADIENT <= PGTOL
464,C5,True,CONVERGENCE: NORM OF PROJECTED GRADIENT <= PGTOL
465,C1,True,CONVERGENCE: NORM OF PROJECTED GRADIENT <= PGTOL
465,C2,True,CONVERGENCE: NORM OF PROJECTED GRADIENT <= PGTOL
465,C3,True,CONVERGENCE: NORM OF PROJECTED GRADIENT <= PGTOL
465,C4,True,CONVERGENCE: NORM OF PROJECTED GRADIENT <= PGTOL
465,C5,True,CONVERGENCE: NORM OF PROJECTED GRADIENT <= PGTOL
466,C1,True,CONVERGENCE: NORM OF PROJECTED GRADIENT <= PGTOL
466,C2,True,CONVERGENCE: NORM OF PROJECTED GRADIENT <= PGTOL
466,C3,True,CONVERGENCE: NORM OF PROJECTED GRADIENT <= PGTOL
466,C4,True,CONVERGENCE: NORM OF PROJECTED GRADIENT <= PGTOL
466,C5,True,CONVERGENCE: NORM OF PROJECTED GRADIENT <= PGTOL
467,C1,True,CONVERGENCE: NORM OF PROJECTED GRADIENT <= PGTOL
467,C2,True,CONVERGENCE: NORM OF PROJECTED GRADIENT <= PGTOL
467,C3,True,CONVERGENCE: NORM OF PROJECTED GRADIENT <= PGTOL
467,C4,True,CONVERGENCE: NORM OF PROJECTED GRADIENT <= PGTOL
467,C5,True,CONVERGENCE: NORM OF PROJECTED GRADIENT <= PGTOL
468,C1,True,CONVERGENCE: NORM OF PROJECTED GRADIENT <= PGTOL
468,C2,True,CONVERGENCE: NORM OF PROJECTED GRADIENT <= PGTOL
468,C3,True,CONVERGENCE: NORM OF PROJECTED GRADIENT <= PGTOL
468,C4,True,CONVERGENCE: NORM OF PROJECTED GRADIENT <= PGTOL
468,C5,True,CONVERGENCE: NORM OF PROJECTED GRADIENT <= PGTOL
469,C1,True,CONVERGENCE: NORM OF PROJECTED GRADIENT <= PGTOL
469,C2,True,CONVERGENCE: NORM OF PROJECTED GRADIENT <= PGTOL
469,C3,True,CONVERGENCE: NORM OF PROJECTED GRADIENT <= PGTOL
469,C4,True,CONVERGENCE: NORM OF PROJECTED GRADIENT <= PGTOL
469,C5,True,CONVERGENCE: NORM OF PROJECTED GRADIENT <= PGTOL
470,C1,True,CONVERGENCE: NORM OF PROJECTED GRADIENT <= PGTOL
470,C2,True,CONVERGENCE: NORM OF PROJECTED GRADIENT <= PGTOL
470,C3,True,CONVERGENCE: NORM OF PROJECTED GRADIENT <= PGTOL
470,C4,True,CONVERGENCE: NORM OF PROJECTED GRADIENT <= PGTOL
470,C5,True,CONVERGENCE: NORM OF PROJECTED GRADIENT <= PGTOL
471,C1,True,CONVERGENCE: NORM OF PROJECTED GRADIENT <= PGTOL
471,C2,True,CONVERGENCE: NORM OF PROJECTED GRADIENT <= PGTOL
471,C3,True,CONVERGENCE: NORM OF PROJECTED GRADIENT <= PGTOL
471,C4,True,CONVERGENCE: NORM OF PROJECTED GRADIENT <= PGTOL
471,C5,True,CONVERGENCE: NORM OF PROJECTED GRADIENT <= PGTOL
472,C1,True,CONVERGENCE: NORM OF PROJECTED GRADIENT <= PGTOL
472,C2,True,CONVERGENCE: NORM OF PROJECTED GRADIENT <= PGTOL
472,C3,True,CONVERGENCE: NORM OF PROJECTED GRADIENT <= PGTOL
472,C4,True,CONVERGENCE: NORM OF PROJECTED GRADIENT <= PGTOL
472,C5,True,CONVERGENCE: NORM OF PROJECTED GRADIENT <= PGTOL
473,C1,True,CONVERGENCE: NORM OF PROJECTED GRADIENT <= PGTOL
473,C2,True,CONVERGENCE: NORM OF PROJECTED GRADIENT <= PGTOL
473,C3,True,CONVERGENCE: NORM OF PROJECTED GRADIENT <= PGTOL
473,C4,True,CONVERGENCE: NORM OF PROJECTED GRADIENT <= PGTOL
473,C5,True,CONVERGENCE: NORM OF PROJECTED GRADIENT <= PGTOL
474,C1,True,CONVERGENCE: NORM OF PROJECTED GRADIENT <= PGTOL
474,C2,True,CONVERGENCE: NORM OF PROJECTED GRADIENT <= PGTOL
474,C3,True,CONVERGENCE: NORM OF PROJECTED GRADIENT <= PGTOL
474,C4,True,CONVERGENCE: NORM OF PROJECTED GRADIENT <= PGTOL
474,C5,True,CONVERGENCE: NORM OF PROJECTED GRADIENT <= PGTOL
475,C1,True,CONVERGENCE: NORM OF PROJECTED GRADIENT <= PGTOL
475,C2,True,CONVERGENCE: NORM OF PROJECTED GRADIENT <= PGTOL
475,C3,True,CONVERGENCE: NORM OF PROJECTED GRADIENT <= PGTOL
475,C4,True,CONVERGENCE: NORM OF PROJECTED GRADIENT <= PGTOL
475,C5,True,CONVERGENCE: NORM OF PROJECTED GRADIENT <= PGTOL
476,C1,True,CONVERGENCE: NORM OF PROJECTED GRADIENT <= PGTOL
476,C2,True,CONVERGENCE: NORM OF PROJECTED GRADIENT <= PGTOL
476,C3,True,CONVERGENCE: NORM OF PROJECTED GRADIENT <= PGTOL
476,C4,True,CONVERGENCE: NORM OF PROJECTED GRADIENT <= PGTOL
476,C5,True,CONVERGENCE: NORM OF PROJECTED GRADIENT <= PGTOL
477,C1,True,CONVERGENCE: NORM OF PROJECTED GRADIENT <= PGTOL
477,C2,True,CONVERGENCE: NORM OF PROJECTED GRADIENT <= PGTOL
477,C3,True,CONVERGENCE: NORM OF PROJECTED GRADIENT <= PGTOL
477,C4,True,CONVERGENCE: NORM OF PROJECTED GRADIENT <= PGTOL
477,C5,True,CONVERGENCE: NORM OF PROJECTED GRADIENT <= PGTOL
478,C1,True,CONVERGENCE: NORM OF PROJECTED GRADIENT <= PGTOL
478,C2,True,CONVERGENCE: NORM OF PROJECTED GRADIENT <= PGTOL
478,C3,True,CONVERGENCE: NORM OF PROJECTED GRADIENT <= PGTOL
478,C4,True,CONVERGENCE: NORM OF PROJECTED GRADIENT <= PGTOL
478,C5,True,CONVERGENCE: NORM OF PROJECTED GRADIENT <= PGTOL
479,C1,True,CONVERGENCE: NORM OF PROJECTED GRADIENT <= PGTOL
479,C2,True,CONVERGENCE: NORM OF PROJECTED GRADIENT <= PGTOL
479,C3,True,CONVERGENCE: NORM OF PROJECTED GRADIENT <= PGTOL
479,C4,True,CONVERGENCE: NORM OF PROJECTED GRADIENT <= PGTOL
479,C5,True,CONVERGENCE: NORM OF PROJECTED GRADIENT <= PGTOL
480,C1,True,CONVERGENCE: NORM OF PROJECTED GRADIENT <= PGTOL
480,C2,True,CONVERGENCE: NORM OF PROJECTED GRADIENT <= PGTOL
480,C3,True,CONVERGENCE: NORM OF PROJECTED GRADIENT <= PGTOL
480,C4,True,CONVERGENCE: NORM OF PROJECTED GRADIENT <= PGTOL
480,C5,True,CONVERGENCE: NORM OF PROJECTED GRADIENT <= PGTOL
481,C1,True,CONVERGENCE: NORM OF PROJECTED GRADIENT <= PGTOL
481,C2,True,CONVERGENCE: NORM OF PROJECTED GRADIENT <= PGTOL
481,C3,True,CONVERGENCE: NORM OF PROJECTED GRADIENT <= PGTOL
481,C4,True,CONVERGENCE: NORM OF PROJECTED GRADIENT <= PGTOL
481,C5,True,CONVERGENCE: NORM OF PROJECTED GRADIENT <= PGTOL
482,C1,True,CONVERGENCE: NORM OF PROJECTED GRADIENT <= PGTOL
482,C2,True,CONVERGENCE: NORM OF PROJECTED GRADIENT <= PGTOL
482,C3,True,CONVERGENCE: NORM OF PROJECTED GRADIENT <= PGTOL
482,C4,True,CONVERGENCE: NORM OF PROJECTED GRADIENT <= PGTOL
482,C5,True,CONVERGENCE: NORM OF PROJECTED GRADIENT <= PGTOL
483,C1,True,CONVERGENCE: NORM OF PROJECTED GRADIENT <= PGTOL
483,C2,True,CONVERGENCE: NORM OF PROJECTED GRADIENT <= PGTOL
483,C3,True,CONVERGENCE: NORM OF PROJECTED GRADIENT <= PGTOL
483,C4,True,CONVERGENCE: NORM OF PROJECTED GRADIENT <= PGTOL
483,C5,True,CONVERGENCE: NORM OF PROJECTED GRADIENT <= PGTOL
484,C1,True,CONVERGENCE: NORM OF PROJECTED GRADIENT <= PGTOL
484,C2,True,CONVERGENCE: NORM OF PROJECTED GRADIENT <= PGTOL
484,C3,True,CONVERGENCE: NORM OF PROJECTED GRADIENT <= PGTOL
484,C4,True,CONVERGENCE: NORM OF PROJECTED GRADIENT <= PGTOL
484,C5,True,CONVERGENCE: NORM OF PROJECTED GRADIENT <= PGTOL
485,C1,True,CONVERGENCE: NORM OF PROJECTED GRADIENT <= PGTOL
485,C2,True,CONVERGENCE: NORM OF PROJECTED GRADIENT <= PGTOL
485,C3,True,CONVERGENCE: NORM OF PROJECTED GRADIENT <= PGTOL
485,C4,True,CONVERGENCE: NORM OF PROJECTED GRADIENT <= PGTOL
485,C5,True,CONVERGENCE: NORM OF PROJECTED GRADIENT <= PGTOL
486,C1,True,CONVERGENCE: NORM OF PROJECTED GRADIENT <= PGTOL
486,C2,True,CONVERGENCE: NORM OF PROJECTED GRADIENT <= PGTOL
486,C3,True,CONVERGENCE: NORM OF PROJECTED GRADIENT <= PGTOL
486,C4,True,CONVERGENCE: NORM OF PROJECTED GRADIENT <= PGTOL
486,C5,True,CONVERGENCE: NORM OF PROJECTED GRADIENT <= PGTOL
487,C1,True,CONVERGENCE: NORM OF PROJECTED GRADIENT <= PGTOL
487,C2,True,CONVERGENCE: NORM OF PROJECTED GRADIENT <= PGTOL
487,C3,True,CONVERGENCE: NORM OF PROJECTED GRADIENT <= PGTOL
487,C4,True,CONVERGENCE: NORM OF PROJECTED GRADIENT <= PGTOL
487,C5,True,CONVERGENCE: NORM OF PROJECTED GRADIENT <= PGTOL
488,C1,True,CONVERGENCE: NORM OF PROJECTED GRADIENT <= PGTOL
488,C2,True,CONVERGENCE: NORM OF PROJECTED GRADIENT <= PGTOL
488,C3,True,CONVERGENCE: NORM OF PROJECTED GRADIENT <= PGTOL
488,C4,True,CONVERGENCE: NORM OF PROJECTED GRADIENT <= PGTOL
488,C5,True,CONVERGENCE: NORM OF PROJECTED GRADIENT <= PGTOL
489,C1,True,CONVERGENCE: NORM OF PROJECTED GRADIENT <= PGTOL
489,C2,True,CONVERGENCE: NORM OF PROJECTED GRADIENT <= PGTOL
489,C3,True,CONVERGENCE: NORM OF PROJECTED GRADIENT <= PGTOL
489,C4,True,CONVERGENCE: NORM OF PROJECTED GRADIENT <= PGTOL
489,C5,True,CONVERGENCE: NORM OF PROJECTED GRADIENT <= PGTOL
490,C1,True,CONVERGENCE: NORM OF PROJECTED GRADIENT <= PGTOL
490,C2,True,CONVERGENCE: NORM OF PROJECTED GRADIENT <= PGTOL
490,C3,True,CONVERGENCE: NORM OF PROJECTED GRADIENT <= PGTOL
490,C4,True,CONVERGENCE: NORM OF PROJECTED GRADIENT <= PGTOL
490,C5,True,CONVERGENCE: NORM OF PROJECTED GRADIENT <= PGTOL
491,C1,True,CONVERGENCE: NORM OF PROJECTED GRADIENT <= PGTOL
491,C2,True,CONVERGENCE: NORM OF PROJECTED GRADIENT <= PGTOL
491,C3,True,CONVERGENCE: NORM OF PROJECTED GRADIENT <= PGTOL
491,C4,True,CONVERGENCE: NORM OF PROJECTED GRADIENT <= PGTOL
491,C5,True,CONVERGENCE: NORM OF PROJECTED GRADIENT <= PGTOL
492,C1,True,CONVERGENCE: NORM OF PROJECTED GRADIENT <= PGTOL
492,C2,True,CONVERGENCE: NORM OF PROJECTED GRADIENT <= PGTOL
492,C3,True,CONVERGENCE: NORM OF PROJECTED GRADIENT <= PGTOL
492,C4,True,CONVERGENCE: NORM OF PROJECTED GRADIENT <= PGTOL
492,C5,True,CONVERGENCE: NORM OF PROJECTED GRADIENT <= PGTOL
493,C1,True,CONVERGENCE: NORM OF PROJECTED GRADIENT <= PGTOL
493,C2,True,CONVERGENCE: NORM OF PROJECTED GRADIENT <= PGTOL
493,C3,True,CONVERGENCE: NORM OF PROJECTED GRADIENT <= PGTOL
493,C4,True,CONVERGENCE: NORM OF PROJECTED GRADIENT <= PGTOL
493,C5,True,CONVERGENCE: NORM OF PROJECTED GRADIENT <= PGTOL
494,C1,True,CONVERGENCE: NORM OF PROJECTED GRADIENT <= PGTOL
494,C2,True,CONVERGENCE: NORM OF PROJECTED GRADIENT <= PGTOL
494,C3,True,CONVERGENCE: NORM OF PROJECTED GRADIENT <= PGTOL
494,C4,True,CONVERGENCE: NORM OF PROJECTED GRADIENT <= PGTOL
494,C5,True,CONVERGENCE: NORM OF PROJECTED GRADIENT <= PGTOL
495,C1,True,CONVERGENCE: NORM OF PROJECTED GRADIENT <= PGTOL
495,C2,True,CONVERGENCE: NORM OF PROJECTED GRADIENT <= PGTOL
495,C3,True,CONVERGENCE: NORM OF PROJECTED GRADIENT <= PGTOL
495,C4,True,CONVERGENCE: NORM OF PROJECTED GRADIENT <= PGTOL
495,C5,True,CONVERGENCE: NORM OF PROJECTED GRADIENT <= PGTOL
496,C1,True,CONVERGENCE: NORM OF PROJECTED GRADIENT <= PGTOL
496,C2,True,CONVERGENCE: NORM OF PROJECTED GRADIENT <= PGTOL
496,C3,True,CONVERGENCE: NORM OF PROJECTED GRADIENT <= PGTOL
496,C4,True,CONVERGENCE: NORM OF PROJECTED GRADIENT <= PGTOL
496,C5,True,CONVERGENCE: NORM OF PROJECTED GRADIENT <= PGTOL
497,C1,True,CONVERGENCE: NORM OF PROJECTED GRADIENT <= PGTOL
497,C2,True,CONVERGENCE: NORM OF PROJECTED GRADIENT <= PGTOL
497,C3,True,CONVERGENCE: NORM OF PROJECTED GRADIENT <= PGTOL
497,C4,True,CONVERGENCE: NORM OF PROJECTED GRADIENT <= PGTOL
497,C5,True,CONVERGENCE: NORM OF PROJECTED GRADIENT <= PGTOL
498,C1,True,CONVERGENCE: NORM OF PROJECTED GRADIENT <= PGTOL
498,C2,True,CONVERGENCE: NORM OF PROJECTED GRADIENT <= PGTOL
498,C3,True,CONVERGENCE: NORM OF PROJECTED GRADIENT <= PGTOL
498,C4,True,CONVERGENCE: NORM OF PROJECTED GRADIENT <= PGTOL
498,C5,True,CONVERGENCE: NORM OF PROJECTED GRADIENT <= PGTOL
499,C1,True,CONVERGENCE: NORM OF PROJECTED GRADIENT <= PGTOL
499,C2,True,CONVERGENCE: NORM OF PROJECTED GRADIENT <= PGTOL
499,C3,True,CONVERGENCE: NORM OF PROJECTED GRADIENT <= PGTOL
499,C4,True,CONVERGENCE: NORM OF PROJECTED GRADIENT <= PGTOL
499,C5,True,CONVERGENCE: NORM OF PROJECTED GRADIENT <= PGTOL
500,C1,True,CONVERGENCE: NORM OF PROJECTED GRADIENT <= PGTOL
500,C2,True,CONVERGENCE: NORM OF PROJECTED GRADIENT <= PGTOL
500,C3,True,CONVERGENCE: NORM OF PROJECTED GRADIENT <= PGTOL
500,C4,True,CONVERGENCE: NORM OF PROJECTED GRADIENT <= PGTOL
500,C5,True,CONVERGENCE: NORM OF PROJECTED GRADIENT <= PGTOL
501,C1,True,CONVERGENCE: NORM OF PROJECTED GRADIENT <= PGTOL
501,C2,True,CONVERGENCE: NORM OF PROJECTED GRADIENT <= PGTOL
501,C3,True,CONVERGENCE: NORM OF PROJECTED GRADIENT <= PGTOL
501,C4,True,CONVERGENCE: NORM OF PROJECTED GRADIENT <= PGTOL
501,C5,True,CONVERGENCE: NORM OF PROJECTED GRADIENT <= PGTOL
502,C1,True,CONVERGENCE: NORM OF PROJECTED GRADIENT <= PGTOL
502,C2,True,CONVERGENCE: NORM OF PROJECTED GRADIENT <= PGTOL
502,C3,True,CONVERGENCE: NORM OF PROJECTED GRADIENT <= PGTOL
502,C4,True,CONVERGENCE: NORM OF PROJECTED GRADIENT <= PGTOL
502,C5,True,CONVERGENCE: NORM OF PROJECTED GRADIENT <= PGTOL
503,C1,True,CONVERGENCE: NORM OF PROJECTED GRADIENT <= PGTOL
503,C2,True,CONVERGENCE: NORM OF PROJECTED GRADIENT <= PGTOL
503,C3,True,CONVERGENCE: NORM OF PROJECTED GRADIENT <= PGTOL
503,C4,True,CONVERGENCE: NORM OF PROJECTED GRADIENT <= PGTOL
503,C5,True,CONVERGENCE: NORM OF PROJECTED GRADIENT <= PGTOL
504,C1,True,CONVERGENCE: NORM OF PROJECTED GRADIENT <= PGTOL
504,C2,True,CONVERGENCE: NORM OF PROJECTED GRADIENT <= PGTOL
504,C3,True,CONVERGENCE: NORM OF PROJECTED GRADIENT <= PGTOL
504,C4,True,CONVERGENCE: NORM OF PROJECTED GRADIENT <= PGTOL
504,C5,True,CONVERGENCE: NORM OF PROJECTED GRADIENT <= PGTOL
505,C1,True,CONVERGENCE: NORM OF PROJECTED GRADIENT <= PGTOL
505,C2,True,CONVERGENCE: NORM OF PROJECTED GRADIENT <= PGTOL
505,C3,True,CONVERGENCE: NORM OF PROJECTED GRADIENT <= PGTOL
505,C4,True,CONVERGENCE: NORM OF PROJECTED GRADIENT <= PGTOL
505,C5,True,CONVERGENCE: NORM OF PROJECTED GRADIENT <= PGTOL
506,C1,True,CONVERGENCE: NORM OF PROJECTED GRADIENT <= PGTOL
506,C2,True,CONVERGENCE: NORM OF PROJECTED GRADIENT <= PGTOL
506,C3,True,CONVERGENCE: NORM OF PROJECTED GRADIENT <= PGTOL
506,C4,True,CONVERGENCE: NORM OF PROJECTED GRADIENT <= PGTOL
506,C5,True,CONVERGENCE: NORM OF PROJECTED GRADIENT <= PGTOL
507,C1,True,CONVERGENCE: NORM OF PROJECTED GRADIENT <= PGTOL
507,C2,True,CONVERGENCE: NORM OF PROJECTED GRADIENT <= PGTOL
507,C3,True,CONVERGENCE: NORM OF PROJECTED GRADIENT <= PGTOL
507,C4,True,CONVERGENCE: NORM OF PROJECTED GRADIENT <= PGTOL
507,C5,True,CONVERGENCE: NORM OF PROJECTED GRADIENT <= PGTOL
508,C1,True,CONVERGENCE: NORM OF PROJECTED GRADIENT <= PGTOL
508,C2,True,CONVERGENCE: NORM OF PROJECTED GRADIENT <= PGTOL
508,C3,True,CONVERGENCE: NORM OF PROJECTED GRADIENT <= PGTOL
508,C4,True,CONVERGENCE: NORM OF PROJECTED GRADIENT <= PGTOL
508,C5,True,CONVERGENCE: NORM OF PROJECTED GRADIENT <= PGTOL
509,C1,True,CONVERGENCE: NORM OF PROJECTED GRADIENT <= PGTOL
509,C2,True,CONVERGENCE: NORM OF PROJECTED GRADIENT <= PGTOL
509,C3,True,CONVERGENCE: NORM OF PROJECTED GRADIENT <= PGTOL
509,C4,True,CONVERGENCE: NORM OF PROJECTED GRADIENT <= PGTOL
509,C5,True,CONVERGENCE: NORM OF PROJECTED GRADIENT <= PGTOL
510,C1,True,CONVERGENCE: NORM OF PROJECTED GRADIENT <= PGTOL
510,C2,True,CONVERGENCE: NORM OF PROJECTED GRADIENT <= PGTOL
510,C3,True,CONVERGENCE: NORM OF PROJECTED GRADIENT <= PGTOL
510,C4,True,CONVERGENCE: NORM OF PROJECTED GRADIENT <= PGTOL
510,C5,True,CONVERGENCE: NORM OF PROJECTED GRADIENT <= PGTOL
511,C1,True,CONVERGENCE: NORM OF PROJECTED GRADIENT <= PGTOL
511,C2,True,CONVERGENCE: NORM OF PROJECTED GRADIENT <= PGTOL
511,C3,True,CONVERGENCE: NORM OF PROJECTED GRADIENT <= PGTOL
511,C4,True,CONVERGENCE: NORM OF PROJECTED GRADIENT <= PGTOL
511,C5,True,CONVERGENCE: NORM OF PROJECTED GRADIENT <= PGTOL
512,C1,True,CONVERGENCE: NORM OF PROJECTED GRADIENT <= PGTOL
512,C2,True,CONVERGENCE: NORM OF PROJECTED GRADIENT <= PGTOL
512,C3,True,CONVERGENCE: NORM OF PROJECTED GRADIENT <= PGTOL
512,C4,True,CONVERGENCE: NORM OF PROJECTED GRADIENT <= PGTOL
512,C5,True,CONVERGENCE: NORM OF PROJECTED GRADIENT <= PGTOL
513,C1,True,CONVERGENCE: NORM OF PROJECTED GRADIENT <= PGTOL
513,C2,True,CONVERGENCE: NORM OF PROJECTED GRADIENT <= PGTOL
513,C3,True,CONVERGENCE: NORM OF PROJECTED GRADIENT <= PGTOL
513,C4,True,CONVERGENCE: NORM OF PROJECTED GRADIENT <= PGTOL
513,C5,True,CONVERGENCE: NORM OF PROJECTED GRADIENT <= PGTOL
514,C1,True,CONVERGENCE: NORM OF PROJECTED GRADIENT <= PGTOL
514,C2,True,CONVERGENCE: NORM OF PROJECTED GRADIENT <= PGTOL
514,C3,True,CONVERGENCE: NORM OF PROJECTED GRADIENT <= PGTOL
514,C4,True,CONVERGENCE: NORM OF PROJECTED GRADIENT <= PGTOL
514,C5,True,CONVERGENCE: NORM OF PROJECTED GRADIENT <= PGTOL
515,C1,True,CONVERGENCE: NORM OF PROJECTED GRADIENT <= PGTOL
515,C2,True,CONVERGENCE: NORM OF PROJECTED GRADIENT <= PGTOL
515,C3,True,CONVERGENCE: NORM OF PROJECTED GRADIENT <= PGTOL
515,C4,True,CONVERGENCE: NORM OF PROJECTED GRADIENT <= PGTOL
515,C5,True,CONVERGENCE: NORM OF PROJECTED GRADIENT <= PGTOL
516,C1,True,CONVERGENCE: NORM OF PROJECTED GRADIENT <= PGTOL
516,C2,True,CONVERGENCE: NORM OF PROJECTED GRADIENT <= PGTOL
516,C3,True,CONVERGENCE: NORM OF PROJECTED GRADIENT <= PGTOL
516,C4,True,CONVERGENCE: NORM OF PROJECTED GRADIENT <= PGTOL
516,C5,True,CONVERGENCE: NORM OF PROJECTED GRADIENT <= PGTOL
517,C1,True,CONVERGENCE: NORM OF PROJECTED GRADIENT <= PGTOL
517,C2,True,CONVERGENCE: NORM OF PROJECTED GRADIENT <= PGTOL
517,C3,True,CONVERGENCE: NORM OF PROJECTED GRADIENT <= PGTOL
517,C4,True,CONVERGENCE: NORM OF PROJECTED GRADIENT <= PGTOL
517,C5,True,CONVERGENCE: NORM OF PROJECTED GRADIENT <= PGTOL
518,C1,True,CONVERGENCE: NORM OF PROJECTED GRADIENT <= PGTOL
518,C2,True,CONVERGENCE: NORM OF PROJECTED GRADIENT <= PGTOL
518,C3,True,CONVERGENCE: NORM OF PROJECTED GRADIENT <= PGTOL
518,C4,True,CONVERGENCE: NORM OF PROJECTED GRADIENT <= PGTOL
518,C5,True,CONVERGENCE: NORM OF PROJECTED GRADIENT <= PGTOL
519,C1,True,CONVERGENCE: NORM OF PROJECTED GRADIENT <= PGTOL
519,C2,True,CONVERGENCE: NORM OF PROJECTED GRADIENT <= PGTOL
519,C3,True,CONVERGENCE: NORM OF PROJECTED GRADIENT <= PGTOL
519,C4,True,CONVERGENCE: NORM OF PROJECTED GRADIENT <= PGTOL
519,C5,True,CONVERGENCE: NORM OF PROJECTED GRADIENT <= PGTOL
520,C1,True,CONVERGENCE: NORM OF PROJECTED GRADIENT <= PGTOL
520,C2,True,CONVERGENCE: NORM OF PROJECTED GRADIENT <= PGTOL
520,C3,True,CONVERGENCE: NORM OF PROJECTED GRADIENT <= PGTOL
520,C4,True,CONVERGENCE: NORM OF PROJECTED GRADIENT <= PGTOL
520,C5,True,CONVERGENCE: NORM OF PROJECTED GRADIENT <= PGTOL
521,C1,True,CONVERGENCE: NORM OF PROJECTED GRADIENT <= PGTOL
521,C2,True,CONVERGENCE: NORM OF PROJECTED GRADIENT <= PGTOL
521,C3,True,CONVERGENCE: NORM OF PROJECTED GRADIENT <= PGTOL
521,C4,True,CONVERGENCE: NORM OF PROJECTED GRADIENT <= PGTOL
521,C5,True,CONVERGENCE: NORM OF PROJECTED GRADIENT <= PGTOL
522,C1,True,CONVERGENCE: NORM OF PROJECTED GRADIENT <= PGTOL
522,C2,True,CONVERGENCE: NORM OF PROJECTED GRADIENT <= PGTOL
522,C3,True,CONVERGENCE: NORM OF PROJECTED GRADIENT <= PGTOL
522,C4,True,CONVERGENCE: NORM OF PROJECTED GRADIENT <= PGTOL
522,C5,True,CONVERGENCE: NORM OF PROJECTED GRADIENT <= PGTOL
523,C1,True,CONVERGENCE: NORM OF PROJECTED GRADIENT <= PGTOL
523,C2,True,CONVERGENCE: NORM OF PROJECTED GRADIENT <= PGTOL
523,C3,True,CONVERGENCE: NORM OF PROJECTED GRADIENT <= PGTOL
523,C4,True,CONVERGENCE: NORM OF PROJECTED GRADIENT <= PGTOL
523,C5,True,CONVERGENCE: NORM OF PROJECTED GRADIENT <= PGTOL
524,C1,True,CONVERGENCE: NORM OF PROJECTED GRADIENT <= PGTOL
524,C2,True,CONVERGENCE: NORM OF PROJECTED GRADIENT <= PGTOL
524,C3,True,CONVERGENCE: NORM OF PROJECTED GRADIENT <= PGTOL
524,C4,True,CONVERGENCE: NORM OF PROJECTED GRADIENT <= PGTOL
524,C5,True,CONVERGENCE: NORM OF PROJECTED GRADIENT <= PGTOL
525,C1,True,CONVERGENCE: NORM OF PROJECTED GRADIENT <= PGTOL
525,C2,True,CONVERGENCE: NORM OF PROJECTED GRADIENT <= PGTOL
525,C3,True,CONVERGENCE: NORM OF PROJECTED GRADIENT <= PGTOL
525,C4,True,CONVERGENCE: NORM OF PROJECTED GRADIENT <= PGTOL
525,C5,True,CONVERGENCE: NORM OF PROJECTED GRADIENT <= PGTOL
526,C1,True,CONVERGENCE: NORM OF PROJECTED GRADIENT <= PGTOL
526,C2,True,CONVERGENCE: NORM OF PROJECTED GRADIENT <= PGTOL
526,C3,True,CONVERGENCE: NORM OF PROJECTED GRADIENT <= PGTOL
526,C4,True,CONVERGENCE: NORM OF PROJECTED GRADIENT <= PGTOL
526,C5,True,CONVERGENCE: NORM OF PROJECTED GRADIENT <= PGTOL
527,C1,True,CONVERGENCE: NORM OF PROJECTED GRADIENT <= PGTOL
527,C2,True,CONVERGENCE: NORM OF PROJECTED GRADIENT <= PGTOL
527,C3,True,CONVERGENCE: NORM OF PROJECTED GRADIENT <= PGTOL
527,C4,True,CONVERGENCE: NORM OF PROJECTED GRADIENT <= PGTOL
527,C5,True,CONVERGENCE: NORM OF PROJECTED GRADIENT <= PGTOL
528,C1,True,CONVERGENCE: NORM OF PROJECTED GRADIENT <= PGTOL
528,C2,True,CONVERGENCE: NORM OF PROJECTED GRADIENT <= PGTOL
528,C3,True,CONVERGENCE: NORM OF PROJECTED GRADIENT <= PGTOL
528,C4,True,CONVERGENCE: NORM OF PROJECTED GRADIENT <= PGTOL
528,C5,True,CONVERGENCE: NORM OF PROJECTED GRADIENT <= PGTOL
529,C1,True,CONVERGENCE: NORM OF PROJECTED GRADIENT <= PGTOL
529,C2,True,CONVERGENCE: NORM OF PROJECTED GRADIENT <= PGTOL
529,C3,True,CONVERGENCE: NORM OF PROJECTED GRADIENT <= PGTOL
529,C4,True,CONVERGENCE: NORM OF PROJECTED GRADIENT <= PGTOL
529,C5,True,CONVERGENCE: NORM OF PROJECTED GRADIENT <= PGTOL
530,C1,True,CONVERGENCE: NORM OF PROJECTED GRADIENT <= PGTOL
530,C2,True,CONVERGENCE: NORM OF PROJECTED GRADIENT <= PGTOL
530,C3,True,CONVERGENCE: NORM OF PROJECTED GRADIENT <= PGTOL
530,C4,True,CONVERGENCE: NORM OF PROJECTED GRADIENT <= PGTOL
530,C5,True,CONVERGENCE: NORM OF PROJECTED GRADIENT <= PGTOL
531,C1,True,CONVERGENCE: NORM OF PROJECTED GRADIENT <= PGTOL
531,C2,True,CONVERGENCE: NORM OF PROJECTED GRADIENT <= PGTOL
531,C3,True,CONVERGENCE: NORM OF PROJECTED GRADIENT <= PGTOL
531,C4,True,CONVERGENCE: NORM OF PROJECTED GRADIENT <= PGTOL
531,C5,True,CONVERGENCE: NORM OF PROJECTED GRADIENT <= PGTOL
532,C1,True,CONVERGENCE: NORM OF PROJECTED GRADIENT <= PGTOL
532,C2,True,CONVERGENCE: NORM OF PROJECTED GRADIENT <= PGTOL
532,C3,True,CONVERGENCE: NORM OF PROJECTED GRADIENT <= PGTOL
532,C4,True,CONVERGENCE: NORM OF PROJECTED GRADIENT <= PGTOL
532,C5,True,CONVERGENCE: NORM OF PROJECTED GRADIENT <= PGTOL
533,C1,True,CONVERGENCE: NORM OF PROJECTED GRADIENT <= PGTOL
533,C2,True,CONVERGENCE: NORM OF PROJECTED GRADIENT <= PGTOL
533,C3,True,CONVERGENCE: NORM OF PROJECTED GRADIENT <= PGTOL
533,C4,True,CONVERGENCE: NORM OF PROJECTED GRADIENT <= PGTOL
533,C5,True,CONVERGENCE: NORM OF PROJECTED GRADIENT <= PGTOL
534,C1,True,CONVERGENCE: NORM OF PROJECTED GRADIENT <= PGTOL
534,C2,True,CONVERGENCE: NORM OF PROJECTED GRADIENT <= PGTOL
534,C3,True,CONVERGENCE: NORM OF PROJECTED GRADIENT <= PGTOL
534,C4,True,CONVERGENCE: NORM OF PROJECTED GRADIENT <= PGTOL
534,C5,True,CONVERGENCE: NORM OF PROJECTED GRADIENT <= PGTOL
535,C1,True,CONVERGENCE: NORM OF PROJECTED GRADIENT <= PGTOL
535,C2,True,CONVERGENCE: NORM OF PROJECTED GRADIENT <= PGTOL
535,C3,True,CONVERGENCE: NORM OF PROJECTED GRADIENT <= PGTOL
535,C4,True,CONVERGENCE: NORM OF PROJECTED GRADIENT <= PGTOL
535,C5,True,CONVERGENCE: NORM OF PROJECTED GRADIENT <= PGTOL
536,C1,True,CONVERGENCE: NORM OF PROJECTED GRADIENT <= PGTOL
536,C2,True,CONVERGENCE: NORM OF PROJECTED GRADIENT <= PGTOL
536,C3,True,CONVERGENCE: NORM OF PROJECTED GRADIENT <= PGTOL
536,C4,True,CONVERGENCE: NORM OF PROJECTED GRADIENT <= PGTOL
536,C5,True,CONVERGENCE: NORM OF PROJECTED GRADIENT <= PGTOL
537,C1,True,CONVERGENCE: NORM OF PROJECTED GRADIENT <= PGTOL
537,C2,True,CONVERGENCE: NORM OF PROJECTED GRADIENT <= PGTOL
537,C3,True,CONVERGENCE: NORM OF PROJECTED GRADIENT <= PGTOL
537,C4,True,CONVERGENCE: NORM OF PROJECTED GRADIENT <= PGTOL
537,C5,True,CONVERGENCE: NORM OF PROJECTED GRADIENT <= PGTOL
538,C1,True,CONVERGENCE: NORM OF PROJECTED GRADIENT <= PGTOL
538,C2,True,CONVERGENCE: NORM OF PROJECTED GRADIENT <= PGTOL
538,C3,True,CONVERGENCE: NORM OF PROJECTED GRADIENT <= PGTOL
538,C4,True,CONVERGENCE: NORM OF PROJECTED GRADIENT <= PGTOL
538,C5,True,CONVERGENCE: NORM OF PROJECTED GRADIENT <= PGTOL
539,C1,True,CONVERGENCE: NORM OF PROJECTED GRADIENT <= PGTOL
539,C2,True,CONVERGENCE: NORM OF PROJECTED GRADIENT <= PGTOL
539,C3,True,CONVERGENCE: NORM OF PROJECTED GRADIENT <= PGTOL
539,C4,True,CONVERGENCE: NORM OF PROJECTED GRADIENT <= PGTOL
539,C5,True,CONVERGENCE: NORM OF PROJECTED GRADIENT <= PGTOL
540,C1,True,CONVERGENCE: NORM OF PROJECTED GRADIENT <= PGTOL
540,C2,True,CONVERGENCE: NORM OF PROJECTED GRADIENT <= PGTOL
540,C3,True,CONVERGENCE: NORM OF PROJECTED GRADIENT <= PGTOL
540,C4,True,CONVERGENCE: NORM OF PROJECTED GRADIENT <= PGTOL
540,C5,True,CONVERGENCE: NORM OF PROJECTED GRADIENT <= PGTOL
541,C1,True,CONVERGENCE: NORM OF PROJECTED GRADIENT <= PGTOL
541,C2,True,CONVERGENCE: NORM OF PROJECTED GRADIENT <= PGTOL
541,C3,True,CONVERGENCE: NORM OF PROJECTED GRADIENT <= PGTOL
541,C4,True,CONVERGENCE: NORM OF PROJECTED GRADIENT <= PGTOL
541,C5,True,CONVERGENCE: NORM OF PROJECTED GRADIENT <= PGTOL
542,C1,True,CONVERGENCE: NORM OF PROJECTED GRADIENT <= PGTOL
542,C2,True,CONVERGENCE: NORM OF PROJECTED GRADIENT <= PGTOL
542,C3,True,CONVERGENCE: NORM OF PROJECTED GRADIENT <= PGTOL
542,C4,True,CONVERGENCE: NORM OF PROJECTED GRADIENT <= PGTOL
542,C5,True,CONVERGENCE: NORM OF PROJECTED GRADIENT <= PGTOL
543,C1,True,CONVERGENCE: NORM OF PROJECTED GRADIENT <= PGTOL
543,C2,True,CONVERGENCE: NORM OF PROJECTED GRADIENT <= PGTOL
543,C3,True,CONVERGENCE: NORM OF PROJECTED GRADIENT <= PGTOL
543,C4,True,CONVERGENCE: NORM OF PROJECTED GRADIENT <= PGTOL
543,C5,True,CONVERGENCE: NORM OF PROJECTED GRADIENT <= PGTOL
544,C1,True,CONVERGENCE: NORM OF PROJECTED GRADIENT <= PGTOL
544,C2,True,CONVERGENCE: NORM OF PROJECTED GRADIENT <= PGTOL
544,C3,True,CONVERGENCE: NORM OF PROJECTED GRADIENT <= PGTOL
544,C4,True,CONVERGENCE: NORM OF PROJECTED GRADIENT <= PGTOL
544,C5,True,CONVERGENCE: NORM OF PROJECTED GRADIENT <= PGTOL
545,C1,True,CONVERGENCE: NORM OF PROJECTED GRADIENT <= PGTOL
545,C2,True,CONVERGENCE: NORM OF PROJECTED GRADIENT <= PGTOL
545,C3,True,CONVERGENCE: NORM OF PROJECTED GRADIENT <= PGTOL
545,C4,True,CONVERGENCE: NORM OF PROJECTED GRADIENT <= PGTOL
545,C5,True,CONVERGENCE: NORM OF PROJECTED GRADIENT <= PGTOL
546,C1,True,CONVERGENCE: NORM OF PROJECTED GRADIENT <= PGTOL
546,C2,True,CONVERGENCE: NORM OF PROJECTED GRADIENT <= PGTOL
546,C3,True,CONVERGENCE: NORM OF PROJECTED GRADIENT <= PGTOL
546,C4,True,CONVERGENCE: NORM OF PROJECTED GRADIENT <= PGTOL
546,C5,True,CONVERGENCE: NORM OF PROJECTED GRADIENT <= PGTOL
547,C1,True,CONVERGENCE: NORM OF PROJECTED GRADIENT <= PGTOL
547,C2,True,CONVERGENCE: NORM OF PROJECTED GRADIENT <= PGTOL
547,C3,True,CONVERGENCE: NORM OF PROJECTED GRADIENT <= PGTOL
547,C4,True,CONVERGENCE: NORM OF PROJECTED GRADIENT <= PGTOL
547,C5,True,CONVERGENCE: NORM OF PROJECTED GRADIENT <= PGTOL
548,C1,True,CONVERGENCE: NORM OF PROJECTED GRADIENT <= PGTOL
548,C2,True,CONVERGENCE: NORM OF PROJECTED GRADIENT <= PGTOL
548,C3,True,CONVERGENCE: NORM OF PROJECTED GRADIENT <= PGTOL
548,C4,True,CONVERGENCE: NORM OF PROJECTED GRADIENT <= PGTOL
548,C5,True,CONVERGENCE: NORM OF PROJECTED GRADIENT <= PGTOL
549,C1,True,CONVERGENCE: NORM OF PROJECTED GRADIENT <= PGTOL
549,C2,True,CONVERGENCE: NORM OF PROJECTED GRADIENT <= PGTOL
549,C3,True,CONVERGENCE: NORM OF PROJECTED GRADIENT <= PGTOL
549,C4,True,CONVERGENCE: NORM OF PROJECTED GRADIENT <= PGTOL
549,C5,True,CONVERGENCE: NORM OF PROJECTED GRADIENT <= PGTOL
550,C1,True,CONVERGENCE: NORM OF PROJECTED GRADIENT <= PGTOL
550,C2,True,CONVERGENCE: NORM OF PROJECTED GRADIENT <= PGTOL
550,C3,True,CONVERGENCE: NORM OF PROJECTED GRADIENT <= PGTOL
550,C4,True,CONVERGENCE: NORM OF PROJECTED GRADIENT <= PGTOL
550,C5,True,CONVERGENCE: NORM OF PROJECTED GRADIENT <= PGTOL
551,C1,True,CONVERGENCE: NORM OF PROJECTED GRADIENT <= PGTOL
551,C2,True,CONVERGENCE: NORM OF PROJECTED GRADIENT <= PGTOL
551,C3,True,CONVERGENCE: NORM OF PROJECTED GRADIENT <= PGTOL
551,C4,True,CONVERGENCE: NORM OF PROJECTED GRADIENT <= PGTOL
551,C5,True,CONVERGENCE: NORM OF PROJECTED GRADIENT <= PGTOL
552,C1,True,CONVERGENCE: NORM OF PROJECTED GRADIENT <= PGTOL
552,C2,True,CONVERGENCE: NORM OF PROJECTED GRADIENT <= PGTOL
552,C3,True,CONVERGENCE: NORM OF PROJECTED GRADIENT <= PGTOL
552,C4,True,CONVERGENCE: NORM OF PROJECTED GRADIENT <= PGTOL
552,C5,True,CONVERGENCE: NORM OF PROJECTED GRADIENT <= PGTOL
553,C1,True,CONVERGENCE: NORM OF PROJECTED GRADIENT <= PGTOL
553,C2,True,CONVERGENCE: NORM OF PROJECTED GRADIENT <= PGTOL
553,C3,True,CONVERGENCE: NORM OF PROJECTED GRADIENT <= PGTOL
553,C4,True,CONVERGENCE: NORM OF PROJECTED GRADIENT <= PGTOL
553,C5,True,CONVERGENCE: NORM OF PROJECTED GRADIENT <= PGTOL
554,C1,True,CONVERGENCE: NORM OF PROJECTED GRADIENT <= PGTOL
554,C2,True,CONVERGENCE: NORM OF PROJECTED GRADIENT <= PGTOL
554,C3,True,CONVERGENCE: NORM OF PROJECTED GRADIENT <= PGTOL
554,C4,True,CONVERGENCE: NORM OF PROJECTED GRADIENT <= PGTOL
554,C5,True,CONVERGENCE: NORM OF PROJECTED GRADIENT <= PGTOL
555,C1,True,CONVERGENCE: NORM OF PROJECTED GRADIENT <= PGTOL
555,C2,True,CONVERGENCE: NORM OF PROJECTED GRADIENT <= PGTOL
555,C3,True,CONVERGENCE: NORM OF PROJECTED GRADIENT <= PGTOL
555,C4,True,CONVERGENCE: NORM OF PROJECTED GRADIENT <= PGTOL
555,C5,True,CONVERGENCE: NORM OF PROJECTED GRADIENT <= PGTOL
556,C1,True,CONVERGENCE: NORM OF PROJECTED GRADIENT <= PGTOL
556,C2,True,CONVERGENCE: NORM OF PROJECTED GRADIENT <= PGTOL
556,C3,True,CONVERGENCE: NORM OF PROJECTED GRADIENT <= PGTOL
556,C4,True,CONVERGENCE: NORM OF PROJECTED GRADIENT <= PGTOL
556,C5,True,CONVERGENCE: NORM OF PROJECTED GRADIENT <= PGTOL
557,C1,True,CONVERGENCE: NORM OF PROJECTED GRADIENT <= PGTOL
557,C2,True,CONVERGENCE: NORM OF PROJECTED GRADIENT <= PGTOL
557,C3,True,CONVERGENCE: NORM OF PROJECTED GRADIENT <= PGTOL
557,C4,True,CONVERGENCE: NORM OF PROJECTED GRADIENT <= PGTOL
557,C5,True,CONVERGENCE: NORM OF PROJECTED GRADIENT <= PGTOL
558,C1,True,CONVERGENCE: NORM OF PROJECTED GRADIENT <= PGTOL
558,C2,True,CONVERGENCE: NORM OF PROJECTED GRADIENT <= PGTOL
558,C3,True,CONVERGENCE: NORM OF PROJECTED GRADIENT <= PGTOL
558,C4,True,CONVERGENCE: NORM OF PROJECTED GRADIENT <= PGTOL
558,C5,True,CONVERGENCE: NORM OF PROJECTED GRADIENT <= PGTOL
559,C1,True,CONVERGENCE: NORM OF PROJECTED GRADIENT <= PGTOL
559,C2,True,CONVERGENCE: NORM OF PROJECTED GRADIENT <= PGTOL
559,C3,True,CONVERGENCE: NORM OF PROJECTED GRADIENT <= PGTOL
559,C4,True,CONVERGENCE: NORM OF PROJECTED GRADIENT <= PGTOL
559,C5,True,CONVERGENCE: NORM OF PROJECTED GRADIENT <= PGTOL
560,C1,True,CONVERGENCE: NORM OF PROJECTED GRADIENT <= PGTOL
560,C2,True,CONVERGENCE: NORM OF PROJECTED GRADIENT <= PGTOL
560,C3,True,CONVERGENCE: NORM OF PROJECTED GRADIENT <= PGTOL
560,C4,True,CONVERGENCE: NORM OF PROJECTED GRADIENT <= PGTOL
560,C5,True,CONVERGENCE: NORM OF PROJECTED GRADIENT <= PGTOL
561,C1,True,CONVERGENCE: NORM OF PROJECTED GRADIENT <= PGTOL
561,C2,True,CONVERGENCE: NORM OF PROJECTED GRADIENT <= PGTOL
561,C3,True,CONVERGENCE: NORM OF PROJECTED GRADIENT <= PGTOL
561,C4,True,CONVERGENCE: NORM OF PROJECTED GRADIENT <= PGTOL
561,C5,True,CONVERGENCE: NORM OF PROJECTED GRADIENT <= PGTOL
562,C1,True,CONVERGENCE: NORM OF PROJECTED GRADIENT <= PGTOL
562,C2,True,CONVERGENCE: NORM OF PROJECTED GRADIENT <= PGTOL
562,C3,True,CONVERGENCE: NORM OF PROJECTED GRADIENT <= PGTOL
562,C4,True,CONVERGENCE: NORM OF PROJECTED GRADIENT <= PGTOL
562,C5,True,CONVERGENCE: NORM OF PROJECTED GRADIENT <= PGTOL
563,C1,True,CONVERGENCE: NORM OF PROJECTED GRADIENT <= PGTOL
563,C2,True,CONVERGENCE: NORM OF PROJECTED GRADIENT <= PGTOL
563,C3,True,CONVERGENCE: NORM OF PROJECTED GRADIENT <= PGTOL
563,C4,True,CONVERGENCE: NORM OF PROJECTED GRADIENT <= PGTOL
563,C5,True,CONVERGENCE: NORM OF PROJECTED GRADIENT <= PGTOL
564,C1,True,CONVERGENCE: NORM OF PROJECTED GRADIENT <= PGTOL
564,C2,True,CONVERGENCE: NORM OF PROJECTED GRADIENT <= PGTOL
564,C3,True,CONVERGENCE: NORM OF PROJECTED GRADIENT <= PGTOL
564,C4,True,CONVERGENCE: NORM OF PROJECTED GRADIENT <= PGTOL
564,C5,True,CONVERGENCE: NORM OF PROJECTED GRADIENT <= PGTOL
565,C1,True,CONVERGENCE: NORM OF PROJECTED GRADIENT <= PGTOL
565,C2,True,CONVERGENCE: NORM OF PROJECTED GRADIENT <= PGTOL
565,C3,True,CONVERGENCE: NORM OF PROJECTED GRADIENT <= PGTOL
565,C4,True,CONVERGENCE: NORM OF PROJECTED GRADIENT <= PGTOL
565,C5,True,CONVERGENCE: NORM OF PROJECTED GRADIENT <= PGTOL
566,C1,True,CONVERGENCE: NORM OF PROJECTED GRADIENT <= PGTOL
566,C2,True,CONVERGENCE: NORM OF PROJECTED GRADIENT <= PGTOL
566,C3,True,CONVERGENCE: NORM OF PROJECTED GRADIENT <= PGTOL
566,C4,True,CONVERGENCE: NORM OF PROJECTED GRADIENT <= PGTOL
566,C5,True,CONVERGENCE: NORM OF PROJECTED GRADIENT <= PGTOL
567,C1,True,CONVERGENCE: NORM OF PROJECTED GRADIENT <= PGTOL
567,C2,True,CONVERGENCE: NORM OF PROJECTED GRADIENT <= PGTOL
567,C3,True,CONVERGENCE: NORM OF PROJECTED GRADIENT <= PGTOL
567,C4,True,CONVERGENCE: NORM OF PROJECTED GRADIENT <= PGTOL
567,C5,True,CONVERGENCE: NORM OF PROJECTED GRADIENT <= PGTOL
568,C1,True,CONVERGENCE: NORM OF PROJECTED GRADIENT <= PGTOL
568,C2,True,CONVERGENCE: NORM OF PROJECTED GRADIENT <= PGTOL
568,C3,True,CONVERGENCE: NORM OF PROJECTED GRADIENT <= PGTOL
568,C4,True,CONVERGENCE: NORM OF PROJECTED GRADIENT <= PGTOL
568,C5,True,CONVERGENCE: NORM OF PROJECTED GRADIENT <= PGTOL
569,C1,True,CONVERGENCE: NORM OF PROJECTED GRADIENT <= PGTOL
569,C2,True,CONVERGENCE: NORM OF PROJECTED GRADIENT <= PGTOL
569,C3,True,CONVERGENCE: NORM OF PROJECTED GRADIENT <= PGTOL
569,C4,True,CONVERGENCE: NORM OF PROJECTED GRADIENT <= PGTOL
569,C5,True,CONVERGENCE: NORM OF PROJECTED GRADIENT <= PGTOL
570,C1,True,CONVERGENCE: NORM OF PROJECTED GRADIENT <= PGTOL
570,C2,True,CONVERGENCE: NORM OF PROJECTED GRADIENT <= PGTOL
570,C3,True,CONVERGENCE: NORM OF PROJECTED GRADIENT <= PGTOL
570,C4,True,CONVERGENCE: NORM OF PROJECTED GRADIENT <= PGTOL
570,C5,True,CONVERGENCE: NORM OF PROJECTED GRADIENT <= PGTOL
571,C1,True,CONVERGENCE: NORM OF PROJECTED GRADIENT <= PGTOL
571,C2,True,CONVERGENCE: NORM OF PROJECTED GRADIENT <= PGTOL
571,C3,True,CONVERGENCE: NORM OF PROJECTED GRADIENT <= PGTOL
571,C4,True,CONVERGENCE: NORM OF PROJECTED GRADIENT <= PGTOL
571,C5,True,CONVERGENCE: NORM OF PROJECTED GRADIENT <= PGTOL
572,C1,True,CONVERGENCE: NORM OF PROJECTED GRADIENT <= PGTOL
572,C2,True,CONVERGENCE: NORM OF PROJECTED GRADIENT <= PGTOL
572,C3,True,CONVERGENCE: NORM OF PROJECTED GRADIENT <= PGTOL
572,C4,True,CONVERGENCE: NORM OF PROJECTED GRADIENT <= PGTOL
572,C5,True,CONVERGENCE: NORM OF PROJECTED GRADIENT <= PGTOL
573,C1,True,CONVERGENCE: NORM OF PROJECTED GRADIENT <= PGTOL
573,C2,True,CONVERGENCE: NORM OF PROJECTED GRADIENT <= PGTOL
573,C3,True,CONVERGENCE: NORM OF PROJECTED GRADIENT <= PGTOL
573,C4,True,CONVERGENCE: NORM OF PROJECTED GRADIENT <= PGTOL
573,C5,True,CONVERGENCE: NORM OF PROJECTED GRADIENT <= PGTOL
574,C1,True,CONVERGENCE: NORM OF PROJECTED GRADIENT <= PGTOL
574,C2,True,CONVERGENCE: NORM OF PROJECTED GRADIENT <= PGTOL
574,C3,True,CONVERGENCE: NORM OF PROJECTED GRADIENT <= PGTOL
574,C4,True,CONVERGENCE: NORM OF PROJECTED GRADIENT <= PGTOL
574,C5,True,CONVERGENCE: NORM OF PROJECTED GRADIENT <= PGTOL
575,C1,True,CONVERGENCE: NORM OF PROJECTED GRADIENT <= PGTOL
575,C2,True,CONVERGENCE: NORM OF PROJECTED GRADIENT <= PGTOL
575,C3,True,CONVERGENCE: NORM OF PROJECTED GRADIENT <= PGTOL
575,C4,True,CONVERGENCE: NORM OF PROJECTED GRADIENT <= PGTOL
575,C5,True,CONVERGENCE: NORM OF PROJECTED GRADIENT <= PGTOL
576,C1,True,CONVERGENCE: NORM OF PROJECTED GRADIENT <= PGTOL
576,C2,True,CONVERGENCE: NORM OF PROJECTED GRADIENT <= PGTOL
576,C3,True,CONVERGENCE: NORM OF PROJECTED GRADIENT <= PGTOL
576,C4,True,CONVERGENCE: NORM OF PROJECTED GRADIENT <= PGTOL
576,C5,True,CONVERGENCE: NORM OF PROJECTED GRADIENT <= PGTOL
577,C1,True,CONVERGENCE: NORM OF PROJECTED GRADIENT <= PGTOL
577,C2,True,CONVERGENCE: NORM OF PROJECTED GRADIENT <= PGTOL
577,C3,True,CONVERGENCE: NORM OF PROJECTED GRADIENT <= PGTOL
577,C4,True,CONVERGENCE: NORM OF PROJECTED GRADIENT <= PGTOL
577,C5,True,CONVERGENCE: NORM OF PROJECTED GRADIENT <= PGTOL
578,C1,True,CONVERGENCE: NORM OF PROJECTED GRADIENT <= PGTOL
578,C2,True,CONVERGENCE: NORM OF PROJECTED GRADIENT <= PGTOL
578,C3,True,CONVERGENCE: NORM OF PROJECTED GRADIENT <= PGTOL
578,C4,True,CONVERGENCE: NORM OF PROJECTED GRADIENT <= PGTOL
578,C5,True,CONVERGENCE: NORM OF PROJECTED GRADIENT <= PGTOL
579,C1,True,CONVERGENCE: NORM OF PROJECTED GRADIENT <= PGTOL
579,C2,True,CONVERGENCE: NORM OF PROJECTED GRADIENT <= PGTOL
579,C3,True,CONVERGENCE: NORM OF PROJECTED GRADIENT <= PGTOL
579,C4,True,CONVERGENCE: NORM OF PROJECTED GRADIENT <= PGTOL
579,C5,True,CONVERGENCE: NORM OF PROJECTED GRADIENT <= PGTOL
580,C1,True,CONVERGENCE: NORM OF PROJECTED GRADIENT <= PGTOL
580,C2,True,CONVERGENCE: NORM OF PROJECTED GRADIENT <= PGTOL
580,C3,True,CONVERGENCE: NORM OF PROJECTED GRADIENT <= PGTOL
580,C4,True,CONVERGENCE: NORM OF PROJECTED GRADIENT <= PGTOL
580,C5,True,CONVERGENCE: NORM OF PROJECTED GRADIENT <= PGTOL
581,C1,True,CONVERGENCE: NORM OF PROJECTED GRADIENT <= PGTOL
581,C2,True,CONVERGENCE: NORM OF PROJECTED GRADIENT <= PGTOL
581,C3,True,CONVERGENCE: NORM OF PROJECTED GRADIENT <= PGTOL
581,C4,True,CONVERGENCE: NORM OF PROJECTED GRADIENT <= PGTOL
581,C5,True,CONVERGENCE: NORM OF PROJECTED GRADIENT <= PGTOL
582,C1,True,CONVERGENCE: NORM OF PROJECTED GRADIENT <= PGTOL
582,C2,True,CONVERGENCE: NORM OF PROJECTED GRADIENT <= PGTOL
582,C3,True,CONVERGENCE: NORM OF PROJECTED GRADIENT <= PGTOL
582,C4,True,CONVERGENCE: NORM OF PROJECTED GRADIENT <= PGTOL
582,C5,True,CONVERGENCE: NORM OF PROJECTED GRADIENT <= PGTOL
583,C1,True,CONVERGENCE: NORM OF PROJECTED GRADIENT <= PGTOL
583,C2,True,CONVERGENCE: NORM OF PROJECTED GRADIENT <= PGTOL
583,C3,True,CONVERGENCE: NORM OF PROJECTED GRADIENT <= PGTOL
583,C4,True,CONVERGENCE: NORM OF PROJECTED GRADIENT <= PGTOL
583,C5,True,CONVERGENCE: NORM OF PROJECTED GRADIENT <= PGTOL
584,C1,True,CONVERGENCE: NORM OF PROJECTED GRADIENT <= PGTOL
584,C2,True,CONVERGENCE: NORM OF PROJECTED GRADIENT <= PGTOL
584,C3,True,CONVERGENCE: NORM OF PROJECTED GRADIENT <= PGTOL
584,C4,True,CONVERGENCE: NORM OF PROJECTED GRADIENT <= PGTOL
584,C5,True,CONVERGENCE: NORM OF PROJECTED GRADIENT <= PGTOL
585,C1,True,CONVERGENCE: NORM OF PROJECTED GRADIENT <= PGTOL
585,C2,True,CONVERGENCE: NORM OF PROJECTED GRADIENT <= PGTOL
585,C3,True,CONVERGENCE: NORM OF PROJECTED GRADIENT <= PGTOL
585,C4,True,CONVERGENCE: NORM OF PROJECTED GRADIENT <= PGTOL
585,C5,True,CONVERGENCE: NORM OF PROJECTED GRADIENT <= PGTOL
586,C1,True,CONVERGENCE: NORM OF PROJECTED GRADIENT <= PGTOL
586,C2,True,CONVERGENCE: NORM OF PROJECTED GRADIENT <= PGTOL
586,C3,True,CONVERGENCE: NORM OF PROJECTED GRADIENT <= PGTOL
586,C4,True,CONVERGENCE: NORM OF PROJECTED GRADIENT <= PGTOL
586,C5,True,CONVERGENCE: NORM OF PROJECTED GRADIENT <= PGTOL
587,C1,True,CONVERGENCE: NORM OF PROJECTED GRADIENT <= PGTOL
587,C2,True,CONVERGENCE: NORM OF PROJECTED GRADIENT <= PGTOL
587,C3,True,CONVERGENCE: NORM OF PROJECTED GRADIENT <= PGTOL
587,C4,True,CONVERGENCE: NORM OF PROJECTED GRADIENT <= PGTOL
587,C5,True,CONVERGENCE: NORM OF PROJECTED GRADIENT <= PGTOL
588,C1,True,CONVERGENCE: NORM OF PROJECTED GRADIENT <= PGTOL
588,C2,True,CONVERGENCE: NORM OF PROJECTED GRADIENT <= PGTOL
588,C3,True,CONVERGENCE: NORM OF PROJECTED GRADIENT <= PGTOL
588,C4,True,CONVERGENCE: NORM OF PROJECTED GRADIENT <= PGTOL
588,C5,True,CONVERGENCE: NORM OF PROJECTED GRADIENT <= PGTOL
589,C1,True,CONVERGENCE: NORM OF PROJECTED GRADIENT <= PGTOL
589,C2,True,CONVERGENCE: NORM OF PROJECTED GRADIENT <= PGTOL
589,C3,True,CONVERGENCE: NORM OF PROJECTED GRADIENT <= PGTOL
589,C4,True,CONVERGENCE: NORM OF PROJECTED GRADIENT <= PGTOL
589,C5,True,CONVERGENCE: NORM OF PROJECTED GRADIENT <= PGTOL
590,C1,True,CONVERGENCE: NORM OF PROJECTED GRADIENT <= PGTOL
590,C2,True,CONVERGENCE: NORM OF PROJECTED GRADIENT <= PGTOL
590,C3,True,CONVERGENCE: NORM OF PROJECTED GRADIENT <= PGTOL
590,C4,True,CONVERGENCE: NORM OF PROJECTED GRADIENT <= PGTOL
590,C5,True,CONVERGENCE: NORM OF PROJECTED GRADIENT <= PGTOL
591,C1,True,CONVERGENCE: NORM OF PROJECTED GRADIENT <= PGTOL
591,C2,True,CONVERGENCE: NORM OF PROJECTED GRADIENT <= PGTOL
591,C3,True,CONVERGENCE: NORM OF PROJECTED GRADIENT <= PGTOL
591,C4,True,CONVERGENCE: NORM OF PROJECTED GRADIENT <= PGTOL
591,C5,True,CONVERGENCE: NORM OF PROJECTED GRADIENT <= PGTOL
592,C1,True,CONVERGENCE: NORM OF PROJECTED GRADIENT <= PGTOL
592,C2,True,CONVERGENCE: NORM OF PROJECTED GRADIENT <= PGTOL
592,C3,True,CONVERGENCE: NORM OF PROJECTED GRADIENT <= PGTOL
592,C4,True,CONVERGENCE: NORM OF PROJECTED GRADIENT <= PGTOL
592,C5,True,CONVERGENCE: NORM OF PROJECTED GRADIENT <= PGTOL
593,C1,True,CONVERGENCE: NORM OF PROJECTED GRADIENT <= PGTOL
593,C2,True,CONVERGENCE: NORM OF PROJECTED GRADIENT <= PGTOL
593,C3,True,CONVERGENCE: NORM OF PROJECTED GRADIENT <= PGTOL
593,C4,True,CONVERGENCE: NORM OF PROJECTED GRADIENT <= PGTOL
593,C5,True,CONVERGENCE: NORM OF PROJECTED GRADIENT <= PGTOL
594,C1,True,CONVERGENCE: NORM OF PROJECTED GRADIENT <= PGTOL
594,C2,True,CONVERGENCE: NORM OF PROJECTED GRADIENT <= PGTOL
594,C3,True,CONVERGENCE: NORM OF PROJECTED GRADIENT <= PGTOL
594,C4,True,CONVERGENCE: NORM OF PROJECTED GRADIENT <= PGTOL
594,C5,True,CONVERGENCE: NORM OF PROJECTED GRADIENT <= PGTOL
595,C1,True,CONVERGENCE: NORM OF PROJECTED GRADIENT <= PGTOL
595,C2,True,CONVERGENCE: NORM OF PROJECTED GRADIENT <= PGTOL
595,C3,True,CONVERGENCE: NORM OF PROJECTED GRADIENT <= PGTOL
595,C4,True,CONVERGENCE: NORM OF PROJECTED GRADIENT <= PGTOL
595,C5,True,CONVERGENCE: NORM OF PROJECTED GRADIENT <= PGTOL
596,C1,True,CONVERGENCE: NORM OF PROJECTED GRADIENT <= PGTOL
596,C2,True,CONVERGENCE: NORM OF PROJECTED GRADIENT <= PGTOL
596,C3,True,CONVERGENCE: NORM OF PROJECTED GRADIENT <= PGTOL
596,C4,True,CONVERGENCE: NORM OF PROJECTED GRADIENT <= PGTOL
596,C5,True,CONVERGENCE: NORM OF PROJECTED GRADIENT <= PGTOL
597,C1,True,CONVERGENCE: NORM OF PROJECTED GRADIENT <= PGTOL
597,C2,True,CONVERGENCE: NORM OF PROJECTED GRADIENT <= PGTOL
597,C3,True,CONVERGENCE: NORM OF PROJECTED GRADIENT <= PGTOL
597,C4,True,CONVERGENCE: NORM OF PROJECTED GRADIENT <= PGTOL
597,C5,True,CONVERGENCE: NORM OF PROJECTED GRADIENT <= PGTOL
598,C1,True,CONVERGENCE: NORM OF PROJECTED GRADIENT <= PGTOL
598,C2,True,CONVERGENCE: NORM OF PROJECTED GRADIENT <= PGTOL
598,C3,True,CONVERGENCE: NORM OF PROJECTED GRADIENT <= PGTOL
598,C4,True,CONVERGENCE: NORM OF PROJECTED GRADIENT <= PGTOL
598,C5,True,CONVERGENCE: NORM OF PROJECTED GRADIENT <= PGTOL
599,C1,True,CONVERGENCE: NORM OF PROJECTED GRADIENT <= PGTOL
599,C2,True,CONVERGENCE: NORM OF PROJECTED GRADIENT <= PGTOL
599,C3,True,CONVERGENCE: NORM OF PROJECTED GRADIENT <= PGTOL
599,C4,True,CONVERGENCE: NORM OF PROJECTED GRADIENT <= PGTOL
599,C5,True,CONVERGENCE: NORM OF PROJECTED GRADIENT <= PGTOL
600,C1,True,CONVERGENCE: NORM OF PROJECTED GRADIENT <= PGTOL
600,C2,True,CONVERGENCE: NORM OF PROJECTED GRADIENT <= PGTOL
600,C3,True,CONVERGENCE: NORM OF PROJECTED GRADIENT <= PGTOL
600,C4,True,CONVERGENCE: NORM OF PROJECTED GRADIENT <= PGTOL
600,C5,True,CONVERGENCE: NORM OF PROJECTED GRADIENT <= PGTOL
601,C1,True,CONVERGENCE: NORM OF PROJECTED GRADIENT <= PGTOL
601,C2,True,CONVERGENCE: NORM OF PROJECTED GRADIENT <= PGTOL
601,C3,True,CONVERGENCE: NORM OF PROJECTED GRADIENT <= PGTOL
601,C4,True,CONVERGENCE: NORM OF PROJECTED GRADIENT <= PGTOL
601,C5,True,CONVERGENCE: NORM OF PROJECTED GRADIENT <= PGTOL
602,C1,True,CONVERGENCE: NORM OF PROJECTED GRADIENT <= PGTOL
602,C2,True,CONVERGENCE: NORM OF PROJECTED GRADIENT <= PGTOL
602,C3,True,CONVERGENCE: NORM OF PROJECTED GRADIENT <= PGTOL
602,C4,True,CONVERGENCE: NORM OF PROJECTED GRADIENT <= PGTOL
602,C5,True,CONVERGENCE: NORM OF PROJECTED GRADIENT <= PGTOL
603,C1,True,CONVERGENCE: NORM OF PROJECTED GRADIENT <= PGTOL
603,C2,True,CONVERGENCE: NORM OF PROJECTED GRADIENT <= PGTOL
603,C3,True,CONVERGENCE: NORM OF PROJECTED GRADIENT <= PGTOL
603,C4,True,CONVERGENCE: NORM OF PROJECTED GRADIENT <= PGTOL
603,C5,True,CONVERGENCE: NORM OF PROJECTED GRADIENT <= PGTOL
604,C1,True,CONVERGENCE: NORM OF PROJECTED GRADIENT <= PGTOL
604,C2,True,CONVERGENCE: NORM OF PROJECTED GRADIENT <= PGTOL
604,C3,True,CONVERGENCE: NORM OF PROJECTED GRADIENT <= PGTOL
604,C4,True,CONVERGENCE: NORM OF PROJECTED GRADIENT <= PGTOL
604,C5,True,CONVERGENCE: NORM OF PROJECTED GRADIENT <= PGTOL
605,C1,True,CONVERGENCE: NORM OF PROJECTED GRADIENT <= PGTOL
605,C2,True,CONVERGENCE: NORM OF PROJECTED GRADIENT <= PGTOL
605,C3,True,CONVERGENCE: NORM OF PROJECTED GRADIENT <= PGTOL
605,C4,True,CONVERGENCE: NORM OF PROJECTED GRADIENT <= PGTOL
605,C5,True,CONVERGENCE: NORM OF PROJECTED GRADIENT <= PGTOL
606,C1,True,CONVERGENCE: NORM OF PROJECTED GRADIENT <= PGTOL
606,C2,True,CONVERGENCE: NORM OF PROJECTED GRADIENT <= PGTOL
606,C3,True,CONVERGENCE: NORM OF PROJECTED GRADIENT <= PGTOL
606,C4,True,CONVERGENCE: NORM OF PROJECTED GRADIENT <= PGTOL
606,C5,True,CONVERGENCE: NORM OF PROJECTED GRADIENT <= PGTOL
607,C1,True,CONVERGENCE: NORM OF PROJECTED GRADIENT <= PGTOL
607,C2,True,CONVERGENCE: NORM OF PROJECTED GRADIENT <= PGTOL
607,C3,True,CONVERGENCE: NORM OF PROJECTED GRADIENT <= PGTOL
607,C4,True,CONVERGENCE: NORM OF PROJECTED GRADIENT <= PGTOL
607,C5,True,CONVERGENCE: NORM OF PROJECTED GRADIENT <= PGTOL
608,C1,True,CONVERGENCE: NORM OF PROJECTED GRADIENT <= PGTOL
608,C2,True,CONVERGENCE: NORM OF PROJECTED GRADIENT <= PGTOL
608,C3,True,CONVERGENCE: NORM OF PROJECTED GRADIENT <= PGTOL
608,C4,True,CONVERGENCE: NORM OF PROJECTED GRADIENT <= PGTOL
608,C5,True,CONVERGENCE: NORM OF PROJECTED GRADIENT <= PGTOL
609,C1,True,CONVERGENCE: NORM OF PROJECTED GRADIENT <= PGTOL
609,C2,True,CONVERGENCE: NORM OF PROJECTED GRADIENT <= PGTOL
609,C3,True,CONVERGENCE: NORM OF PROJECTED GRADIENT <= PGTOL
609,C4,True,CONVERGENCE: NORM OF PROJECTED GRADIENT <= PGTOL
609,C5,True,CONVERGENCE: NORM OF PROJECTED GRADIENT <= PGTOL
610,C1,True,CONVERGENCE: NORM OF PROJECTED GRADIENT <= PGTOL
610,C2,True,CONVERGENCE: NORM OF PROJECTED GRADIENT <= PGTOL
610,C3,True,CONVERGENCE: NORM OF PROJECTED GRADIENT <= PGTOL
610,C4,True,CONVERGENCE: NORM OF PROJECTED GRADIENT <= PGTOL
610,C5,True,CONVERGENCE: NORM OF PROJECTED GRADIENT <= PGTOL
611,C1,True,CONVERGENCE: NORM OF PROJECTED GRADIENT <= PGTOL
611,C2,True,CONVERGENCE: NORM OF PROJECTED GRADIENT <= PGTOL
611,C3,True,CONVERGENCE: NORM OF PROJECTED GRADIENT <= PGTOL
611,C4,True,CONVERGENCE: NORM OF PROJECTED GRADIENT <= PGTOL
611,C5,True,CONVERGENCE: NORM OF PROJECTED GRADIENT <= PGTOL
612,C1,True,CONVERGENCE: NORM OF PROJECTED GRADIENT <= PGTOL
612,C2,True,CONVERGENCE: NORM OF PROJECTED GRADIENT <= PGTOL
612,C3,True,CONVERGENCE: NORM OF PROJECTED GRADIENT <= PGTOL
612,C4,True,CONVERGENCE: NORM OF PROJECTED GRADIENT <= PGTOL
612,C5,True,CONVERGENCE: NORM OF PROJECTED GRADIENT <= PGTOL
613,C1,True,CONVERGENCE: NORM OF PROJECTED GRADIENT <= PGTOL
613,C2,True,CONVERGENCE: NORM OF PROJECTED GRADIENT <= PGTOL
613,C3,True,CONVERGENCE: NORM OF PROJECTED GRADIENT <= PGTOL
613,C4,True,CONVERGENCE: NORM OF PROJECTED GRADIENT <= PGTOL
613,C5,True,CONVERGENCE: NORM OF PROJECTED GRADIENT <= PGTOL
614,C1,True,CONVERGENCE: NORM OF PROJECTED GRADIENT <= PGTOL
614,C2,True,CONVERGENCE: NORM OF PROJECTED GRADIENT <= PGTOL
614,C3,True,CONVERGENCE: NORM OF PROJECTED GRADIENT <= PGTOL
614,C4,True,CONVERGENCE: NORM OF PROJECTED GRADIENT <= PGTOL
614,C5,True,CONVERGENCE: NORM OF PROJECTED GRADIENT <= PGTOL
615,C1,True,CONVERGENCE: NORM OF PROJECTED GRADIENT <= PGTOL
615,C2,True,CONVERGENCE: NORM OF PROJECTED GRADIENT <= PGTOL
615,C3,True,CONVERGENCE: NORM OF PROJECTED GRADIENT <= PGTOL
615,C4,True,CONVERGENCE: NORM OF PROJECTED GRADIENT <= PGTOL
615,C5,True,CONVERGENCE: NORM OF PROJECTED GRADIENT <= PGTOL
616,C1,True,CONVERGENCE: NORM OF PROJECTED GRADIENT <= PGTOL
616,C2,True,CONVERGENCE: NORM OF PROJECTED GRADIENT <= PGTOL
616,C3,True,CONVERGENCE: NORM OF PROJECTED GRADIENT <= PGTOL
616,C4,True,CONVERGENCE: NORM OF PROJECTED GRADIENT <= PGTOL
616,C5,True,CONVERGENCE: NORM OF PROJECTED GRADIENT <= PGTOL
617,C1,True,CONVERGENCE: NORM OF PROJECTED GRADIENT <= PGTOL
617,C2,True,CONVERGENCE: NORM OF PROJECTED GRADIENT <= PGTOL
617,C3,True,CONVERGENCE: NORM OF PROJECTED GRADIENT <= PGTOL
617,C4,True,CONVERGENCE: NORM OF PROJECTED GRADIENT <= PGTOL
617,C5,True,CONVERGENCE: NORM OF PROJECTED GRADIENT <= PGTOL
618,C1,True,CONVERGENCE: NORM OF PROJECTED GRADIENT <= PGTOL
618,C2,True,CONVERGENCE: NORM OF PROJECTED GRADIENT <= PGTOL
618,C3,True,CONVERGENCE: NORM OF PROJECTED GRADIENT <= PGTOL
618,C4,True,CONVERGENCE: NORM OF PROJECTED GRADIENT <= PGTOL
618,C5,True,CONVERGENCE: NORM OF PROJECTED GRADIENT <= PGTOL
619,C1,True,CONVERGENCE: NORM OF PROJECTED GRADIENT <= PGTOL
619,C2,True,CONVERGENCE: NORM OF PROJECTED GRADIENT <= PGTOL
619,C3,True,CONVERGENCE: NORM OF PROJECTED GRADIENT <= PGTOL
619,C4,True,CONVERGENCE: NORM OF PROJECTED GRADIENT <= PGTOL
619,C5,True,CONVERGENCE: NORM OF PROJECTED GRADIENT <= PGTOL
620,C1,True,CONVERGENCE: NORM OF PROJECTED GRADIENT <= PGTOL
620,C2,True,CONVERGENCE: NORM OF PROJECTED GRADIENT <= PGTOL
620,C3,True,CONVERGENCE: NORM OF PROJECTED GRADIENT <= PGTOL
620,C4,True,CONVERGENCE: NORM OF PROJECTED GRADIENT <= PGTOL
620,C5,True,CONVERGENCE: NORM OF PROJECTED GRADIENT <= PGTOL
621,C1,True,CONVERGENCE: NORM OF PROJECTED GRADIENT <= PGTOL
621,C2,True,CONVERGENCE: NORM OF PROJECTED GRADIENT <= PGTOL
621,C3,True,CONVERGENCE: NORM OF PROJECTED GRADIENT <= PGTOL
621,C4,True,CONVERGENCE: NORM OF PROJECTED GRADIENT <= PGTOL
621,C5,True,CONVERGENCE: NORM OF PROJECTED GRADIENT <= PGTOL
622,C1,True,CONVERGENCE: NORM OF PROJECTED GRADIENT <= PGTOL
622,C2,True,CONVERGENCE: NORM OF PROJECTED GRADIENT <= PGTOL
622,C3,True,CONVERGENCE: NORM OF PROJECTED GRADIENT <= PGTOL
622,C4,True,CONVERGENCE: NORM OF PROJECTED GRADIENT <= PGTOL
622,C5,True,CONVERGENCE: NORM OF PROJECTED GRADIENT <= PGTOL
623,C1,True,CONVERGENCE: NORM OF PROJECTED GRADIENT <= PGTOL
623,C2,True,CONVERGENCE: NORM OF PROJECTED GRADIENT <= PGTOL
623,C3,True,CONVERGENCE: NORM OF PROJECTED GRADIENT <= PGTOL
623,C4,True,CONVERGENCE: NORM OF PROJECTED GRADIENT <= PGTOL
623,C5,True,CONVERGENCE: NORM OF PROJECTED GRADIENT <= PGTOL
624,C1,True,CONVERGENCE: NORM OF PROJECTED GRADIENT <= PGTOL
624,C2,True,CONVERGENCE: NORM OF PROJECTED GRADIENT <= PGTOL
624,C3,True,CONVERGENCE: NORM OF PROJECTED GRADIENT <= PGTOL
624,C4,True,CONVERGENCE: NORM OF PROJECTED GRADIENT <= PGTOL
624,C5,True,CONVERGENCE: NORM OF PROJECTED GRADIENT <= PGTOL
625,C1,True,CONVERGENCE: NORM OF PROJECTED GRADIENT <= PGTOL
625,C2,True,CONVERGENCE: NORM OF PROJECTED GRADIENT <= PGTOL
625,C3,True,CONVERGENCE: NORM OF PROJECTED GRADIENT <= PGTOL
625,C4,True,CONVERGENCE: NORM OF PROJECTED GRADIENT <= PGTOL
625,C5,True,CONVERGENCE: NORM OF PROJECTED GRADIENT <= PGTOL
626,C1,True,CONVERGENCE: NORM OF PROJECTED GRADIENT <= PGTOL
626,C2,True,CONVERGENCE: NORM OF PROJECTED GRADIENT <= PGTOL
626,C3,True,CONVERGENCE: NORM OF PROJECTED GRADIENT <= PGTOL
626,C4,True,CONVERGENCE: NORM OF PROJECTED GRADIENT <= PGTOL
626,C5,True,CONVERGENCE: NORM OF PROJECTED GRADIENT <= PGTOL
627,C1,True,CONVERGENCE: NORM OF PROJECTED GRADIENT <= PGTOL
627,C2,True,CONVERGENCE: NORM OF PROJECTED GRADIENT <= PGTOL
627,C3,True,CONVERGENCE: NORM OF PROJECTED GRADIENT <= PGTOL
627,C4,True,CONVERGENCE: NORM OF PROJECTED GRADIENT <= PGTOL
627,C5,True,CONVERGENCE: NORM OF PROJECTED GRADIENT <= PGTOL
628,C1,True,CONVERGENCE: NORM OF PROJECTED GRADIENT <= PGTOL
628,C2,True,CONVERGENCE: NORM OF PROJECTED GRADIENT <= PGTOL
628,C3,True,CONVERGENCE: NORM OF PROJECTED GRADIENT <= PGTOL
628,C4,True,CONVERGENCE: NORM OF PROJECTED GRADIENT <= PGTOL
628,C5,True,CONVERGENCE: NORM OF PROJECTED GRADIENT <= PGTOL
629,C1,True,CONVERGENCE: NORM OF PROJECTED GRADIENT <= PGTOL
629,C2,True,CONVERGENCE: NORM OF PROJECTED GRADIENT <= PGTOL
629,C3,True,CONVERGENCE: NORM OF PROJECTED GRADIENT <= PGTOL
629,C4,True,CONVERGENCE: NORM OF PROJECTED GRADIENT <= PGTOL
629,C5,True,CONVERGENCE: NORM OF PROJECTED GRADIENT <= PGTOL
630,C1,True,CONVERGENCE: NORM OF PROJECTED GRADIENT <= PGTOL
630,C2,True,CONVERGENCE: NORM OF PROJECTED GRADIENT <= PGTOL
630,C3,True,CONVERGENCE: NORM OF PROJECTED GRADIENT <= PGTOL
630,C4,True,CONVERGENCE: NORM OF PROJECTED GRADIENT <= PGTOL
630,C5,True,CONVERGENCE: NORM OF PROJECTED GRADIENT <= PGTOL
631,C1,True,CONVERGENCE: NORM OF PROJECTED GRADIENT <= PGTOL
631,C2,True,CONVERGENCE: NORM OF PROJECTED GRADIENT <= PGTOL
631,C3,True,CONVERGENCE: NORM OF PROJECTED GRADIENT <= PGTOL
631,C4,True,CONVERGENCE: NORM OF PROJECTED GRADIENT <= PGTOL
631,C5,True,CONVERGENCE: NORM OF PROJECTED GRADIENT <= PGTOL
632,C1,True,CONVERGENCE: NORM OF PROJECTED GRADIENT <= PGTOL
632,C2,True,CONVERGENCE: NORM OF PROJECTED GRADIENT <= PGTOL
632,C3,True,CONVERGENCE: NORM OF PROJECTED GRADIENT <= PGTOL
632,C4,True,CONVERGENCE: NORM OF PROJECTED GRADIENT <= PGTOL
632,C5,True,CONVERGENCE: NORM OF PROJECTED GRADIENT <= PGTOL
633,C1,True,CONVERGENCE: NORM OF PROJECTED GRADIENT <= PGTOL
633,C2,True,CONVERGENCE: NORM OF PROJECTED GRADIENT <= PGTOL
633,C3,True,CONVERGENCE: NORM OF PROJECTED GRADIENT <= PGTOL
633,C4,True,CONVERGENCE: NORM OF PROJECTED GRADIENT <= PGTOL
633,C5,True,CONVERGENCE: NORM OF PROJECTED GRADIENT <= PGTOL
634,C1,True,CONVERGENCE: NORM OF PROJECTED GRADIENT <= PGTOL
634,C2,True,CONVERGENCE: NORM OF PROJECTED GRADIENT <= PGTOL
634,C3,True,CONVERGENCE: NORM OF PROJECTED GRADIENT <= PGTOL
634,C4,True,CONVERGENCE: NORM OF PROJECTED GRADIENT <= PGTOL
634,C5,True,CONVERGENCE: NORM OF PROJECTED GRADIENT <= PGTOL
635,C1,True,CONVERGENCE: NORM OF PROJECTED GRADIENT <= PGTOL
635,C2,True,CONVERGENCE: NORM OF PROJECTED GRADIENT <= PGTOL
635,C3,True,CONVERGENCE: NORM OF PROJECTED GRADIENT <= PGTOL
635,C4,True,CONVERGENCE: NORM OF PROJECTED GRADIENT <= PGTOL
635,C5,True,CONVERGENCE: NORM OF PROJECTED GRADIENT <= PGTOL
636,C1,True,CONVERGENCE: NORM OF PROJECTED GRADIENT <= PGTOL
636,C2,True,CONVERGENCE: NORM OF PROJECTED GRADIENT <= PGTOL
636,C3,True,CONVERGENCE: NORM OF PROJECTED GRADIENT <= PGTOL
636,C4,True,CONVERGENCE: NORM OF PROJECTED GRADIENT <= PGTOL
636,C5,True,CONVERGENCE: NORM OF PROJECTED GRADIENT <= PGTOL
637,C1,True,CONVERGENCE: NORM OF PROJECTED GRADIENT <= PGTOL
637,C2,True,CONVERGENCE: NORM OF PROJECTED GRADIENT <= PGTOL
637,C3,True,CONVERGENCE: NORM OF PROJECTED GRADIENT <= PGTOL
637,C4,True,CONVERGENCE: NORM OF PROJECTED GRADIENT <= PGTOL
637,C5,True,CONVERGENCE: NORM OF PROJECTED GRADIENT <= PGTOL
638,C1,True,CONVERGENCE: NORM OF PROJECTED GRADIENT <= PGTOL
638,C2,True,CONVERGENCE: NORM OF PROJECTED GRADIENT <= PGTOL
638,C3,True,CONVERGENCE: NORM OF PROJECTED GRADIENT <= PGTOL
638,C4,True,CONVERGENCE: NORM OF PROJECTED GRADIENT <= PGTOL
638,C5,True,CONVERGENCE: NORM OF PROJECTED GRADIENT <= PGTOL
639,C1,True,CONVERGENCE: NORM OF PROJECTED GRADIENT <= PGTOL
639,C2,True,CONVERGENCE: NORM OF PROJECTED GRADIENT <= PGTOL
639,C3,True,CONVERGENCE: NORM OF PROJECTED GRADIENT <= PGTOL
639,C4,True,CONVERGENCE: NORM OF PROJECTED GRADIENT <= PGTOL
639,C5,True,CONVERGENCE: NORM OF PROJECTED GRADIENT <= PGTOL
640,C1,True,CONVERGENCE: NORM OF PROJECTED GRADIENT <= PGTOL
640,C2,True,CONVERGENCE: NORM OF PROJECTED GRADIENT <= PGTOL
640,C3,True,CONVERGENCE: NORM OF PROJECTED GRADIENT <= PGTOL
640,C4,True,CONVERGENCE: NORM OF PROJECTED GRADIENT <= PGTOL
640,C5,True,CONVERGENCE: NORM OF PROJECTED GRADIENT <= PGTOL
641,C1,True,CONVERGENCE: NORM OF PROJECTED GRADIENT <= PGTOL
641,C2,True,CONVERGENCE: NORM OF PROJECTED GRADIENT <= PGTOL
641,C3,True,CONVERGENCE: NORM OF PROJECTED GRADIENT <= PGTOL
641,C4,True,CONVERGENCE: NORM OF PROJECTED GRADIENT <= PGTOL
641,C5,True,CONVERGENCE: NORM OF PROJECTED GRADIENT <= PGTOL
642,C1,True,CONVERGENCE: NORM OF PROJECTED GRADIENT <= PGTOL
642,C2,True,CONVERGENCE: NORM OF PROJECTED GRADIENT <= PGTOL
642,C3,True,CONVERGENCE: NORM OF PROJECTED GRADIENT <= PGTOL
642,C4,True,CONVERGENCE: NORM OF PROJECTED GRADIENT <= PGTOL
642,C5,True,CONVERGENCE: NORM OF PROJECTED GRADIENT <= PGTOL
643,C1,True,CONVERGENCE: NORM OF PROJECTED GRADIENT <= PGTOL
643,C2,True,CONVERGENCE: NORM OF PROJECTED GRADIENT <= PGTOL
643,C3,True,CONVERGENCE: NORM OF PROJECTED GRADIENT <= PGTOL
643,C4,True,CONVERGENCE: NORM OF PROJECTED GRADIENT <= PGTOL
643,C5,True,CONVERGENCE: NORM OF PROJECTED GRADIENT <= PGTOL
644,C1,True,CONVERGENCE: NORM OF PROJECTED GRADIENT <= PGTOL
644,C2,True,CONVERGENCE: NORM OF PROJECTED GRADIENT <= PGTOL
644,C3,True,CONVERGENCE: NORM OF PROJECTED GRADIENT <= PGTOL
644,C4,True,CONVERGENCE: NORM OF PROJECTED GRADIENT <= PGTOL
644,C5,True,CONVERGENCE: NORM OF PROJECTED GRADIENT <= PGTOL
645,C1,True,CONVERGENCE: NORM OF PROJECTED GRADIENT <= PGTOL
645,C2,True,CONVERGENCE: NORM OF PROJECTED GRADIENT <= PGTOL
645,C3,True,CONVERGENCE: NORM OF PROJECTED GRADIENT <= PGTOL
645,C4,True,CONVERGENCE: NORM OF PROJECTED GRADIENT <= PGTOL
645,C5,True,CONVERGENCE: NORM OF PROJECTED GRADIENT <= PGTOL
646,C1,True,CONVERGENCE: NORM OF PROJECTED GRADIENT <= PGTOL
646,C2,True,CONVERGENCE: NORM OF PROJECTED GRADIENT <= PGTOL
646,C3,True,CONVERGENCE: NORM OF PROJECTED GRADIENT <= PGTOL
646,C4,True,CONVERGENCE: NORM OF PROJECTED GRADIENT <= PGTOL
646,C5,True,CONVERGENCE: NORM OF PROJECTED GRADIENT <= PGTOL
647,C1,True,CONVERGENCE: NORM OF PROJECTED GRADIENT <= PGTOL
647,C2,True,CONVERGENCE: NORM OF PROJECTED GRADIENT <= PGTOL
647,C3,True,CONVERGENCE: NORM OF PROJECTED GRADIENT <= PGTOL
647,C4,True,CONVERGENCE: NORM OF PROJECTED GRADIENT <= PGTOL
647,C5,True,CONVERGENCE: NORM OF PROJECTED GRADIENT <= PGTOL
648,C1,True,CONVERGENCE: NORM OF PROJECTED GRADIENT <= PGTOL
648,C2,True,CONVERGENCE: NORM OF PROJECTED GRADIENT <= PGTOL
648,C3,True,CONVERGENCE: NORM OF PROJECTED GRADIENT <= PGTOL
648,C4,True,CONVERGENCE: NORM OF PROJECTED GRADIENT <= PGTOL
648,C5,True,CONVERGENCE: NORM OF PROJECTED GRADIENT <= PGTOL
649,C1,True,CONVERGENCE: NORM OF PROJECTED GRADIENT <= PGTOL
649,C2,True,CONVERGENCE: NORM OF PROJECTED GRADIENT <= PGTOL
649,C3,True,CONVERGENCE: NORM OF PROJECTED GRADIENT <= PGTOL
649,C4,True,CONVERGENCE: NORM OF PROJECTED GRADIENT <= PGTOL
649,C5,True,CONVERGENCE: NORM OF PROJECTED GRADIENT <= PGTOL
650,C1,True,CONVERGENCE: NORM OF PROJECTED GRADIENT <= PGTOL
650,C2,True,CONVERGENCE: NORM OF PROJECTED GRADIENT <= PGTOL
650,C3,True,CONVERGENCE: NORM OF PROJECTED GRADIENT <= PGTOL
650,C4,True,CONVERGENCE: NORM OF PROJECTED GRADIENT <= PGTOL
650,C5,True,CONVERGENCE: NORM OF PROJECTED GRADIENT <= PGTOL
651,C1,True,CONVERGENCE: NORM OF PROJECTED GRADIENT <= PGTOL
651,C2,True,CONVERGENCE: NORM OF PROJECTED GRADIENT <= PGTOL
651,C3,True,CONVERGENCE: NORM OF PROJECTED GRADIENT <= PGTOL
651,C4,True,CONVERGENCE: NORM OF PROJECTED GRADIENT <= PGTOL
651,C5,True,CONVERGENCE: NORM OF PROJECTED GRADIENT <= PGTOL
652,C1,True,CONVERGENCE: NORM OF PROJECTED GRADIENT <= PGTOL
652,C2,True,CONVERGENCE: NORM OF PROJECTED GRADIENT <= PGTOL
652,C3,True,CONVERGENCE: NORM OF PROJECTED GRADIENT <= PGTOL
652,C4,True,CONVERGENCE: NORM OF PROJECTED GRADIENT <= PGTOL
652,C5,True,CONVERGENCE: NORM OF PROJECTED GRADIENT <= PGTOL
653,C1,True,CONVERGENCE: NORM OF PROJECTED GRADIENT <= PGTOL
653,C2,True,CONVERGENCE: NORM OF PROJECTED GRADIENT <= PGTOL
653,C3,True,CONVERGENCE: NORM OF PROJECTED GRADIENT <= PGTOL
653,C4,True,CONVERGENCE: NORM OF PROJECTED GRADIENT <= PGTOL
653,C5,True,CONVERGENCE: NORM OF PROJECTED GRADIENT <= PGTOL
654,C1,True,CONVERGENCE: NORM OF PROJECTED GRADIENT <= PGTOL
654,C2,True,CONVERGENCE: NORM OF PROJECTED GRADIENT <= PGTOL
654,C3,True,CONVERGENCE: NORM OF PROJECTED GRADIENT <= PGTOL
654,C4,True,CONVERGENCE: NORM OF PROJECTED GRADIENT <= PGTOL
654,C5,True,CONVERGENCE: NORM OF PROJECTED GRADIENT <= PGTOL
655,C1,True,CONVERGENCE: NORM OF PROJECTED GRADIENT <= PGTOL
655,C2,True,CONVERGENCE: NORM OF PROJECTED GRADIENT <= PGTOL
655,C3,True,CONVERGENCE: NORM OF PROJECTED GRADIENT <= PGTOL
655,C4,True,CONVERGENCE: NORM OF PROJECTED GRADIENT <= PGTOL
655,C5,True,CONVERGENCE: NORM OF PROJECTED GRADIENT <= PGTOL
656,C1,True,CONVERGENCE: NORM OF PROJECTED GRADIENT <= PGTOL
656,C2,True,CONVERGENCE: NORM OF PROJECTED GRADIENT <= PGTOL
656,C3,True,CONVERGENCE: NORM OF PROJECTED GRADIENT <= PGTOL
656,C4,True,CONVERGENCE: NORM OF PROJECTED GRADIENT <= PGTOL
656,C5,True,CONVERGENCE: NORM OF PROJECTED GRADIENT <= PGTOL
657,C1,True,CONVERGENCE: NORM OF PROJECTED GRADIENT <= PGTOL
657,C2,True,CONVERGENCE: NORM OF PROJECTED GRADIENT <= PGTOL
657,C3,True,CONVERGENCE: NORM OF PROJECTED GRADIENT <= PGTOL
657,C4,True,CONVERGENCE: NORM OF PROJECTED GRADIENT <= PGTOL
657,C5,True,CONVERGENCE: NORM OF PROJECTED GRADIENT <= PGTOL
658,C1,True,CONVERGENCE: NORM OF PROJECTED GRADIENT <= PGTOL
658,C2,True,CONVERGENCE: NORM OF PROJECTED GRADIENT <= PGTOL
658,C3,True,CONVERGENCE: NORM OF PROJECTED GRADIENT <= PGTOL
658,C4,True,CONVERGENCE: NORM OF PROJECTED GRADIENT <= PGTOL
658,C5,True,CONVERGENCE: NORM OF PROJECTED GRADIENT <= PGTOL
659,C1,True,CONVERGENCE: NORM OF PROJECTED GRADIENT <= PGTOL
659,C2,True,CONVERGENCE: NORM OF PROJECTED GRADIENT <= PGTOL
659,C3,True,CONVERGENCE: NORM OF PROJECTED GRADIENT <= PGTOL
659,C4,True,CONVERGENCE: NORM OF PROJECTED GRADIENT <= PGTOL
659,C5,True,CONVERGENCE: NORM OF PROJECTED GRADIENT <= PGTOL
660,C1,True,CONVERGENCE: NORM OF PROJECTED GRADIENT <= PGTOL
660,C2,True,CONVERGENCE: NORM OF PROJECTED GRADIENT <= PGTOL
660,C3,True,CONVERGENCE: NORM OF PROJECTED GRADIENT <= PGTOL
660,C4,True,CONVERGENCE: NORM OF PROJECTED GRADIENT <= PGTOL
660,C5,True,CONVERGENCE: NORM OF PROJECTED GRADIENT <= PGTOL
661,C1,True,CONVERGENCE: NORM OF PROJECTED GRADIENT <= PGTOL
661,C2,True,CONVERGENCE: NORM OF PROJECTED GRADIENT <= PGTOL
661,C3,True,CONVERGENCE: NORM OF PROJECTED GRADIENT <= PGTOL
661,C4,True,CONVERGENCE: NORM OF PROJECTED GRADIENT <= PGTOL
661,C5,True,CONVERGENCE: NORM OF PROJECTED GRADIENT <= PGTOL
662,C1,True,CONVERGENCE: NORM OF PROJECTED GRADIENT <= PGTOL
662,C2,True,CONVERGENCE: NORM OF PROJECTED GRADIENT <= PGTOL
662,C3,True,CONVERGENCE: NORM OF PROJECTED GRADIENT <= PGTOL
662,C4,True,CONVERGENCE: NORM OF PROJECTED GRADIENT <= PGTOL
662,C5,True,CONVERGENCE: NORM OF PROJECTED GRADIENT <= PGTOL
663,C1,True,CONVERGENCE: NORM OF PROJECTED GRADIENT <= PGTOL
663,C2,True,CONVERGENCE: NORM OF PROJECTED GRADIENT <= PGTOL
663,C3,True,CONVERGENCE: NORM OF PROJECTED GRADIENT <= PGTOL
663,C4,True,CONVERGENCE: NORM OF PROJECTED GRADIENT <= PGTOL
663,C5,True,CONVERGENCE: NORM OF PROJECTED GRADIENT <= PGTOL
664,C1,True,CONVERGENCE: NORM OF PROJECTED GRADIENT <= PGTOL
664,C2,True,CONVERGENCE: NORM OF PROJECTED GRADIENT <= PGTOL
664,C3,True,CONVERGENCE: NORM OF PROJECTED GRADIENT <= PGTOL
664,C4,True,CONVERGENCE: NORM OF PROJECTED GRADIENT <= PGTOL
664,C5,True,CONVERGENCE: NORM OF PROJECTED GRADIENT <= PGTOL
665,C1,True,CONVERGENCE: NORM OF PROJECTED GRADIENT <= PGTOL
665,C2,True,CONVERGENCE: NORM OF PROJECTED GRADIENT <= PGTOL
665,C3,True,CONVERGENCE: NORM OF PROJECTED GRADIENT <= PGTOL
665,C4,True,CONVERGENCE: NORM OF PROJECTED GRADIENT <= PGTOL
665,C5,True,CONVERGENCE: NORM OF PROJECTED GRADIENT <= PGTOL
666,C1,True,CONVERGENCE: NORM OF PROJECTED GRADIENT <= PGTOL
666,C2,True,CONVERGENCE: NORM OF PROJECTED GRADIENT <= PGTOL
666,C3,True,CONVERGENCE: NORM OF PROJECTED GRADIENT <= PGTOL
666,C4,True,CONVERGENCE: NORM OF PROJECTED GRADIENT <= PGTOL
666,C5,True,CONVERGENCE: NORM OF PROJECTED GRADIENT <= PGTOL
667,C1,True,CONVERGENCE: NORM OF PROJECTED GRADIENT <= PGTOL
667,C2,True,CONVERGENCE: NORM OF PROJECTED GRADIENT <= PGTOL
667,C3,True,CONVERGENCE: NORM OF PROJECTED GRADIENT <= PGTOL
667,C4,True,CONVERGENCE: NORM OF PROJECTED GRADIENT <= PGTOL
667,C5,True,CONVERGENCE: NORM OF PROJECTED GRADIENT <= PGTOL
668,C1,True,CONVERGENCE: NORM OF PROJECTED GRADIENT <= PGTOL
668,C2,True,CONVERGENCE: NORM OF PROJECTED GRADIENT <= PGTOL
668,C3,True,CONVERGENCE: NORM OF PROJECTED GRADIENT <= PGTOL
668,C4,True,CONVERGENCE: NORM OF PROJECTED GRADIENT <= PGTOL
668,C5,True,CONVERGENCE: NORM OF PROJECTED GRADIENT <= PGTOL
669,C1,True,CONVERGENCE: NORM OF PROJECTED GRADIENT <= PGTOL
669,C2,True,CONVERGENCE: NORM OF PROJECTED GRADIENT <= PGTOL
669,C3,True,CONVERGENCE: NORM OF PROJECTED GRADIENT <= PGTOL
669,C4,True,CONVERGENCE: NORM OF PROJECTED GRADIENT <= PGTOL
669,C5,True,CONVERGENCE: NORM OF PROJECTED GRADIENT <= PGTOL
670,C1,True,CONVERGENCE: NORM OF PROJECTED GRADIENT <= PGTOL
670,C2,True,CONVERGENCE: NORM OF PROJECTED GRADIENT <= PGTOL
670,C3,True,CONVERGENCE: NORM OF PROJECTED GRADIENT <= PGTOL
670,C4,True,CONVERGENCE: NORM OF PROJECTED GRADIENT <= PGTOL
670,C5,True,CONVERGENCE: NORM OF PROJECTED GRADIENT <= PGTOL
671,C1,True,CONVERGENCE: NORM OF PROJECTED GRADIENT <= PGTOL
671,C2,True,CONVERGENCE: NORM OF PROJECTED GRADIENT <= PGTOL
671,C3,True,CONVERGENCE: NORM OF PROJECTED GRADIENT <= PGTOL
671,C4,True,CONVERGENCE: NORM OF PROJECTED GRADIENT <= PGTOL
671,C5,True,CONVERGENCE: NORM OF PROJECTED GRADIENT <= PGTOL
672,C1,True,CONVERGENCE: NORM OF PROJECTED GRADIENT <= PGTOL
672,C2,True,CONVERGENCE: NORM OF PROJECTED GRADIENT <= PGTOL
672,C3,True,CONVERGENCE: NORM OF PROJECTED GRADIENT <= PGTOL
672,C4,True,CONVERGENCE: NORM OF PROJECTED GRADIENT <= PGTOL
672,C5,True,CONVERGENCE: NORM OF PROJECTED GRADIENT <= PGTOL
673,C1,True,CONVERGENCE: NORM OF PROJECTED GRADIENT <= PGTOL
673,C2,True,CONVERGENCE: NORM OF PROJECTED GRADIENT <= PGTOL
673,C3,True,CONVERGENCE: NORM OF PROJECTED GRADIENT <= PGTOL
673,C4,True,CONVERGENCE: NORM OF PROJECTED GRADIENT <= PGTOL
673,C5,True,CONVERGENCE: NORM OF PROJECTED GRADIENT <= PGTOL
674,C1,True,CONVERGENCE: NORM OF PROJECTED GRADIENT <= PGTOL
674,C2,True,CONVERGENCE: NORM OF PROJECTED GRADIENT <= PGTOL
674,C3,True,CONVERGENCE: NORM OF PROJECTED GRADIENT <= PGTOL
674,C4,True,CONVERGENCE: NORM OF PROJECTED GRADIENT <= PGTOL
674,C5,True,CONVERGENCE: NORM OF PROJECTED GRADIENT <= PGTOL
675,C1,True,CONVERGENCE: NORM OF PROJECTED GRADIENT <= PGTOL
675,C2,True,CONVERGENCE: NORM OF PROJECTED GRADIENT <= PGTOL
675,C3,True,CONVERGENCE: NORM OF PROJECTED GRADIENT <= PGTOL
675,C4,True,CONVERGENCE: NORM OF PROJECTED GRADIENT <= PGTOL
675,C5,True,CONVERGENCE: NORM OF PROJECTED GRADIENT <= PGTOL
676,C1,True,CONVERGENCE: NORM OF PROJECTED GRADIENT <= PGTOL
676,C2,True,CONVERGENCE: NORM OF PROJECTED GRADIENT <= PGTOL
676,C3,True,CONVERGENCE: NORM OF PROJECTED GRADIENT <= PGTOL
676,C4,True,CONVERGENCE: NORM OF PROJECTED GRADIENT <= PGTOL
676,C5,True,CONVERGENCE: NORM OF PROJECTED GRADIENT <= PGTOL
677,C1,True,CONVERGENCE: NORM OF PROJECTED GRADIENT <= PGTOL
677,C2,True,CONVERGENCE: NORM OF PROJECTED GRADIENT <= PGTOL
677,C3,True,CONVERGENCE: NORM OF PROJECTED GRADIENT <= PGTOL
677,C4,True,CONVERGENCE: NORM OF PROJECTED GRADIENT <= PGTOL
677,C5,True,CONVERGENCE: NORM OF PROJECTED GRADIENT <= PGTOL
678,C1,True,CONVERGENCE: NORM OF PROJECTED GRADIENT <= PGTOL
678,C2,True,CONVERGENCE: NORM OF PROJECTED GRADIENT <= PGTOL
678,C3,True,CONVERGENCE: NORM OF PROJECTED GRADIENT <= PGTOL
678,C4,True,CONVERGENCE: NORM OF PROJECTED GRADIENT <= PGTOL
678,C5,True,CONVERGENCE: NORM OF PROJECTED GRADIENT <= PGTOL
679,C1,True,CONVERGENCE: NORM OF PROJECTED GRADIENT <= PGTOL
679,C2,True,CONVERGENCE: NORM OF PROJECTED GRADIENT <= PGTOL
679,C3,True,CONVERGENCE: NORM OF PROJECTED GRADIENT <= PGTOL
679,C4,True,CONVERGENCE: NORM OF PROJECTED GRADIENT <= PGTOL
679,C5,True,CONVERGENCE: NORM OF PROJECTED GRADIENT <= PGTOL
680,C1,True,CONVERGENCE: NORM OF PROJECTED GRADIENT <= PGTOL
680,C2,True,CONVERGENCE: NORM OF PROJECTED GRADIENT <= PGTOL
680,C3,True,CONVERGENCE: NORM OF PROJECTED GRADIENT <= PGTOL
680,C4,True,CONVERGENCE: NORM OF PROJECTED GRADIENT <= PGTOL
680,C5,True,CONVERGENCE: NORM OF PROJECTED GRADIENT <= PGTOL
681,C1,True,CONVERGENCE: NORM OF PROJECTED GRADIENT <= PGTOL
681,C2,True,CONVERGENCE: NORM OF PROJECTED GRADIENT <= PGTOL
681,C3,True,CONVERGENCE: NORM OF PROJECTED GRADIENT <= PGTOL
681,C4,True,CONVERGENCE: NORM OF PROJECTED GRADIENT <= PGTOL
681,C5,True,CONVERGENCE: NORM OF PROJECTED GRADIENT <= PGTOL
682,C1,True,CONVERGENCE: NORM OF PROJECTED GRADIENT <= PGTOL
682,C2,True,CONVERGENCE: NORM OF PROJECTED GRADIENT <= PGTOL
682,C3,True,CONVERGENCE: NORM OF PROJECTED GRADIENT <= PGTOL
682,C4,True,CONVERGENCE: NORM OF PROJECTED GRADIENT <= PGTOL
682,C5,True,CONVERGENCE: NORM OF PROJECTED GRADIENT <= PGTOL
683,C1,True,CONVERGENCE: NORM OF PROJECTED GRADIENT <= PGTOL
683,C2,True,CONVERGENCE: NORM OF PROJECTED GRADIENT <= PGTOL
683,C3,True,CONVERGENCE: NORM OF PROJECTED GRADIENT <= PGTOL
683,C4,True,CONVERGENCE: NORM OF PROJECTED GRADIENT <= PGTOL
683,C5,True,CONVERGENCE: NORM OF PROJECTED GRADIENT <= PGTOL
684,C1,True,CONVERGENCE: NORM OF PROJECTED GRADIENT <= PGTOL
684,C2,True,CONVERGENCE: NORM OF PROJECTED GRADIENT <= PGTOL
684,C3,True,CONVERGENCE: NORM OF PROJECTED GRADIENT <= PGTOL
684,C4,True,CONVERGENCE: NORM OF PROJECTED GRADIENT <= PGTOL
684,C5,True,CONVERGENCE: NORM OF PROJECTED GRADIENT <= PGTOL
685,C1,True,CONVERGENCE: NORM OF PROJECTED GRADIENT <= PGTOL
685,C2,True,CONVERGENCE: NORM OF PROJECTED GRADIENT <= PGTOL
685,C3,True,CONVERGENCE: NORM OF PROJECTED GRADIENT <= PGTOL
685,C4,True,CONVERGENCE: NORM OF PROJECTED GRADIENT <= PGTOL
685,C5,True,CONVERGENCE: NORM OF PROJECTED GRADIENT <= PGTOL
686,C1,True,CONVERGENCE: NORM OF PROJECTED GRADIENT <= PGTOL
686,C2,True,CONVERGENCE: NORM OF PROJECTED GRADIENT <= PGTOL
686,C3,True,CONVERGENCE: NORM OF PROJECTED GRADIENT <= PGTOL
686,C4,True,CONVERGENCE: NORM OF PROJECTED GRADIENT <= PGTOL
686,C5,True,CONVERGENCE: NORM OF PROJECTED GRADIENT <= PGTOL
687,C1,True,CONVERGENCE: NORM OF PROJECTED GRADIENT <= PGTOL
687,C2,True,CONVERGENCE: NORM OF PROJECTED GRADIENT <= PGTOL
687,C3,True,CONVERGENCE: NORM OF PROJECTED GRADIENT <= PGTOL
687,C4,True,CONVERGENCE: NORM OF PROJECTED GRADIENT <= PGTOL
687,C5,True,CONVERGENCE: NORM OF PROJECTED GRADIENT <= PGTOL
688,C1,True,CONVERGENCE: NORM OF PROJECTED GRADIENT <= PGTOL
688,C2,True,CONVERGENCE: NORM OF PROJECTED GRADIENT <= PGTOL
688,C3,True,CONVERGENCE: NORM OF PROJECTED GRADIENT <= PGTOL
688,C4,True,CONVERGENCE: NORM OF PROJECTED GRADIENT <= PGTOL
688,C5,True,CONVERGENCE: NORM OF PROJECTED GRADIENT <= PGTOL
689,C1,True,CONVERGENCE: NORM OF PROJECTED GRADIENT <= PGTOL
689,C2,True,CONVERGENCE: NORM OF PROJECTED GRADIENT <= PGTOL
689,C3,True,CONVERGENCE: NORM OF PROJECTED GRADIENT <= PGTOL
689,C4,True,CONVERGENCE: NORM OF PROJECTED GRADIENT <= PGTOL
689,C5,True,CONVERGENCE: NORM OF PROJECTED GRADIENT <= PGTOL
690,C1,True,CONVERGENCE: NORM OF PROJECTED GRADIENT <= PGTOL
690,C2,True,CONVERGENCE: NORM OF PROJECTED GRADIENT <= PGTOL
690,C3,True,CONVERGENCE: NORM OF PROJECTED GRADIENT <= PGTOL
690,C4,True,CONVERGENCE: NORM OF PROJECTED GRADIENT <= PGTOL
690,C5,True,CONVERGENCE: NORM OF PROJECTED GRADIENT <= PGTOL
691,C1,True,CONVERGENCE: NORM OF PROJECTED GRADIENT <= PGTOL
691,C2,True,CONVERGENCE: NORM OF PROJECTED GRADIENT <= PGTOL
691,C3,True,CONVERGENCE: NORM OF PROJECTED GRADIENT <= PGTOL
691,C4,True,CONVERGENCE: NORM OF PROJECTED GRADIENT <= PGTOL
691,C5,True,CONVERGENCE: NORM OF PROJECTED GRADIENT <= PGTOL
692,C1,True,CONVERGENCE: NORM OF PROJECTED GRADIENT <= PGTOL
692,C2,True,CONVERGENCE: NORM OF PROJECTED GRADIENT <= PGTOL
692,C3,True,CONVERGENCE: NORM OF PROJECTED GRADIENT <= PGTOL
692,C4,True,CONVERGENCE: NORM OF PROJECTED GRADIENT <= PGTOL
692,C5,True,CONVERGENCE: NORM OF PROJECTED GRADIENT <= PGTOL
693,C1,True,CONVERGENCE: NORM OF PROJECTED GRADIENT <= PGTOL
693,C2,True,CONVERGENCE: NORM OF PROJECTED GRADIENT <= PGTOL
693,C3,True,CONVERGENCE: NORM OF PROJECTED GRADIENT <= PGTOL
693,C4,True,CONVERGENCE: NORM OF PROJECTED GRADIENT <= PGTOL
693,C5,True,CONVERGENCE: NORM OF PROJECTED GRADIENT <= PGTOL
694,C1,True,CONVERGENCE: NORM OF PROJECTED GRADIENT <= PGTOL
694,C2,True,CONVERGENCE: NORM OF PROJECTED GRADIENT <= PGTOL
694,C3,True,CONVERGENCE: NORM OF PROJECTED GRADIENT <= PGTOL
694,C4,True,CONVERGENCE: NORM OF PROJECTED GRADIENT <= PGTOL
694,C5,True,CONVERGENCE: NORM OF PROJECTED GRADIENT <= PGTOL
695,C1,True,CONVERGENCE: NORM OF PROJECTED GRADIENT <= PGTOL
695,C2,True,CONVERGENCE: NORM OF PROJECTED GRADIENT <= PGTOL
695,C3,True,CONVERGENCE: NORM OF PROJECTED GRADIENT <= PGTOL
695,C4,True,CONVERGENCE: NORM OF PROJECTED GRADIENT <= PGTOL
695,C5,True,CONVERGENCE: NORM OF PROJECTED GRADIENT <= PGTOL
696,C1,True,CONVERGENCE: NORM OF PROJECTED GRADIENT <= PGTOL
696,C2,True,CONVERGENCE: NORM OF PROJECTED GRADIENT <= PGTOL
696,C3,True,CONVERGENCE: NORM OF PROJECTED GRADIENT <= PGTOL
696,C4,True,CONVERGENCE: NORM OF PROJECTED GRADIENT <= PGTOL
696,C5,True,CONVERGENCE: NORM OF PROJECTED GRADIENT <= PGTOL
697,C1,True,CONVERGENCE: NORM OF PROJECTED GRADIENT <= PGTOL
697,C2,True,CONVERGENCE: NORM OF PROJECTED GRADIENT <= PGTOL
697,C3,True,CONVERGENCE: NORM OF PROJECTED GRADIENT <= PGTOL
697,C4,True,CONVERGENCE: NORM OF PROJECTED GRADIENT <= PGTOL
697,C5,True,CONVERGENCE: NORM OF PROJECTED GRADIENT <= PGTOL
698,C1,True,CONVERGENCE: NORM OF PROJECTED GRADIENT <= PGTOL
698,C2,True,CONVERGENCE: NORM OF PROJECTED GRADIENT <= PGTOL
698,C3,True,CONVERGENCE: NORM OF PROJECTED GRADIENT <= PGTOL
698,C4,True,CONVERGENCE: NORM OF PROJECTED GRADIENT <= PGTOL
698,C5,True,CONVERGENCE: NORM OF PROJECTED GRADIENT <= PGTOL
699,C1,True,CONVERGENCE: NORM OF PROJECTED GRADIENT <= PGTOL
699,C2,True,CONVERGENCE: NORM OF PROJECTED GRADIENT <= PGTOL
699,C3,True,CONVERGENCE: NORM OF PROJECTED GRADIENT <= PGTOL
699,C4,True,CONVERGENCE: NORM OF PROJECTED GRADIENT <= PGTOL
699,C5,True,CONVERGENCE: NORM OF PROJECTED GRADIENT <= PGTOL
700,C1,True,CONVERGENCE: NORM OF PROJECTED GRADIENT <= PGTOL
700,C2,True,CONVERGENCE: NORM OF PROJECTED GRADIENT <= PGTOL
700,C3,True,CONVERGENCE: NORM OF PROJECTED GRADIENT <= PGTOL
700,C4,True,CONVERGENCE: NORM OF PROJECTED GRADIENT <= PGTOL
700,C5,True,CONVERGENCE: NORM OF PROJECTED GRADIENT <= PGTOL
701,C1,True,CONVERGENCE: NORM OF PROJECTED GRADIENT <= PGTOL
701,C2,True,CONVERGENCE: NORM OF PROJECTED GRADIENT <= PGTOL
701,C3,True,CONVERGENCE: NORM OF PROJECTED GRADIENT <= PGTOL
701,C4,True,CONVERGENCE: NORM OF PROJECTED GRADIENT <= PGTOL
701,C5,True,CONVERGENCE: NORM OF PROJECTED GRADIENT <= PGTOL
702,C1,True,CONVERGENCE: NORM OF PROJECTED GRADIENT <= PGTOL
702,C2,True,CONVERGENCE: NORM OF PROJECTED GRADIENT <= PGTOL
702,C3,True,CONVERGENCE: NORM OF PROJECTED GRADIENT <= PGTOL
702,C4,True,CONVERGENCE: NORM OF PROJECTED GRADIENT <= PGTOL
702,C5,True,CONVERGENCE: NORM OF PROJECTED GRADIENT <= PGTOL
703,C1,True,CONVERGENCE: NORM OF PROJECTED GRADIENT <= PGTOL
703,C2,True,CONVERGENCE: NORM OF PROJECTED GRADIENT <= PGTOL
703,C3,True,CONVERGENCE: NORM OF PROJECTED GRADIENT <= PGTOL
703,C4,True,CONVERGENCE: NORM OF PROJECTED GRADIENT <= PGTOL
703,C5,True,CONVERGENCE: NORM OF PROJECTED GRADIENT <= PGTOL
704,C1,True,CONVERGENCE: NORM OF PROJECTED GRADIENT <= PGTOL
704,C2,True,CONVERGENCE: NORM OF PROJECTED GRADIENT <= PGTOL
704,C3,True,CONVERGENCE: NORM OF PROJECTED GRADIENT <= PGTOL
704,C4,True,CONVERGENCE: NORM OF PROJECTED GRADIENT <= PGTOL
704,C5,True,CONVERGENCE: NORM OF PROJECTED GRADIENT <= PGTOL
705,C1,True,CONVERGENCE: NORM OF PROJECTED GRADIENT <= PGTOL
705,C2,True,CONVERGENCE: NORM OF PROJECTED GRADIENT <= PGTOL
705,C3,True,CONVERGENCE: NORM OF PROJECTED GRADIENT <= PGTOL
705,C4,True,CONVERGENCE: NORM OF PROJECTED GRADIENT <= PGTOL
705,C5,True,CONVERGENCE: NORM OF PROJECTED GRADIENT <= PGTOL
706,C1,True,CONVERGENCE: NORM OF PROJECTED GRADIENT <= PGTOL
706,C2,True,CONVERGENCE: NORM OF PROJECTED GRADIENT <= PGTOL
706,C3,True,CONVERGENCE: NORM OF PROJECTED GRADIENT <= PGTOL
706,C4,True,CONVERGENCE: NORM OF PROJECTED GRADIENT <= PGTOL
706,C5,True,CONVERGENCE: NORM OF PROJECTED GRADIENT <= PGTOL
707,C1,True,CONVERGENCE: NORM OF PROJECTED GRADIENT <= PGTOL
707,C2,True,CONVERGENCE: NORM OF PROJECTED GRADIENT <= PGTOL
707,C3,True,CONVERGENCE: NORM OF PROJECTED GRADIENT <= PGTOL
707,C4,True,CONVERGENCE: NORM OF PROJECTED GRADIENT <= PGTOL
707,C5,True,CONVERGENCE: NORM OF PROJECTED GRADIENT <= PGTOL
708,C1,True,CONVERGENCE: NORM OF PROJECTED GRADIENT <= PGTOL
708,C2,True,CONVERGENCE: NORM OF PROJECTED GRADIENT <= PGTOL
708,C3,True,CONVERGENCE: NORM OF PROJECTED GRADIENT <= PGTOL
708,C4,True,CONVERGENCE: NORM OF PROJECTED GRADIENT <= PGTOL
708,C5,True,CONVERGENCE: NORM OF PROJECTED GRADIENT <= PGTOL
709,C1,True,CONVERGENCE: NORM OF PROJECTED GRADIENT <= PGTOL
709,C2,True,CONVERGENCE: NORM OF PROJECTED GRADIENT <= PGTOL
709,C3,True,CONVERGENCE: NORM OF PROJECTED GRADIENT <= PGTOL
709,C4,True,CONVERGENCE: NORM OF PROJECTED GRADIENT <= PGTOL
709,C5,True,CONVERGENCE: NORM OF PROJECTED GRADIENT <= PGTOL
710,C1,True,CONVERGENCE: NORM OF PROJECTED GRADIENT <= PGTOL
710,C2,True,CONVERGENCE: NORM OF PROJECTED GRADIENT <= PGTOL
710,C3,True,CONVERGENCE: NORM OF PROJECTED GRADIENT <= PGTOL
710,C4,True,CONVERGENCE: NORM OF PROJECTED GRADIENT <= PGTOL
710,C5,True,CONVERGENCE: NORM OF PROJECTED GRADIENT <= PGTOL
711,C1,True,CONVERGENCE: NORM OF PROJECTED GRADIENT <= PGTOL
711,C2,True,CONVERGENCE: NORM OF PROJECTED GRADIENT <= PGTOL
711,C3,True,CONVERGENCE: NORM OF PROJECTED GRADIENT <= PGTOL
711,C4,True,CONVERGENCE: NORM OF PROJECTED GRADIENT <= PGTOL
711,C5,True,CONVERGENCE: NORM OF PROJECTED GRADIENT <= PGTOL
712,C1,True,CONVERGENCE: NORM OF PROJECTED GRADIENT <= PGTOL
712,C2,True,CONVERGENCE: NORM OF PROJECTED GRADIENT <= PGTOL
712,C3,True,CONVERGENCE: NORM OF PROJECTED GRADIENT <= PGTOL
712,C4,True,CONVERGENCE: NORM OF PROJECTED GRADIENT <= PGTOL
712,C5,True,CONVERGENCE: NORM OF PROJECTED GRADIENT <= PGTOL
713,C1,True,CONVERGENCE: NORM OF PROJECTED GRADIENT <= PGTOL
713,C2,True,CONVERGENCE: NORM OF PROJECTED GRADIENT <= PGTOL
713,C3,True,CONVERGENCE: NORM OF PROJECTED GRADIENT <= PGTOL
713,C4,True,CONVERGENCE: NORM OF PROJECTED GRADIENT <= PGTOL
713,C5,True,CONVERGENCE: NORM OF PROJECTED GRADIENT <= PGTOL
714,C1,True,CONVERGENCE: NORM OF PROJECTED GRADIENT <= PGTOL
714,C2,True,CONVERGENCE: NORM OF PROJECTED GRADIENT <= PGTOL
714,C3,True,CONVERGENCE: NORM OF PROJECTED GRADIENT <= PGTOL
714,C4,True,CONVERGENCE: NORM OF PROJECTED GRADIENT <= PGTOL
714,C5,True,CONVERGENCE: NORM OF PROJECTED GRADIENT <= PGTOL
715,C1,True,CONVERGENCE: NORM OF PROJECTED GRADIENT <= PGTOL
715,C2,True,CONVERGENCE: NORM OF PROJECTED GRADIENT <= PGTOL
715,C3,True,CONVERGENCE: NORM OF PROJECTED GRADIENT <= PGTOL
715,C4,True,CONVERGENCE: NORM OF PROJECTED GRADIENT <= PGTOL
715,C5,True,CONVERGENCE: NORM OF PROJECTED GRADIENT <= PGTOL
716,C1,True,CONVERGENCE: NORM OF PROJECTED GRADIENT <= PGTOL
716,C2,True,CONVERGENCE: NORM OF PROJECTED GRADIENT <= PGTOL
716,C3,True,CONVERGENCE: NORM OF PROJECTED GRADIENT <= PGTOL
716,C4,True,CONVERGENCE: NORM OF PROJECTED GRADIENT <= PGTOL
716,C5,True,CONVERGENCE: NORM OF PROJECTED GRADIENT <= PGTOL
717,C1,True,CONVERGENCE: NORM OF PROJECTED GRADIENT <= PGTOL
717,C2,True,CONVERGENCE: NORM OF PROJECTED GRADIENT <= PGTOL
717,C3,True,CONVERGENCE: NORM OF PROJECTED GRADIENT <= PGTOL
717,C4,True,CONVERGENCE: NORM OF PROJECTED GRADIENT <= PGTOL
717,C5,True,CONVERGENCE: NORM OF PROJECTED GRADIENT <= PGTOL
718,C1,True,CONVERGENCE: NORM OF PROJECTED GRADIENT <= PGTOL
718,C2,True,CONVERGENCE: NORM OF PROJECTED GRADIENT <= PGTOL
718,C3,True,CONVERGENCE: NORM OF PROJECTED GRADIENT <= PGTOL
718,C4,True,CONVERGENCE: NORM OF PROJECTED GRADIENT <= PGTOL
718,C5,True,CONVERGENCE: NORM OF PROJECTED GRADIENT <= PGTOL
719,C1,True,CONVERGENCE: NORM OF PROJECTED GRADIENT <= PGTOL
719,C2,True,CONVERGENCE: NORM OF PROJECTED GRADIENT <= PGTOL
719,C3,True,CONVERGENCE: NORM OF PROJECTED GRADIENT <= PGTOL
719,C4,True,CONVERGENCE: NORM OF PROJECTED GRADIENT <= PGTOL
719,C5,True,CONVERGENCE: NORM OF PROJECTED GRADIENT <= PGTOL
720,C1,True,CONVERGENCE: NORM OF PROJECTED GRADIENT <= PGTOL
720,C2,True,CONVERGENCE: NORM OF PROJECTED GRADIENT <= PGTOL
720,C3,True,CONVERGENCE: NORM OF PROJECTED GRADIENT <= PGTOL
720,C4,True,CONVERGENCE: NORM OF PROJECTED GRADIENT <= PGTOL
720,C5,True,CONVERGENCE: NORM OF PROJECTED GRADIENT <= PGTOL
721,C1,True,CONVERGENCE: NORM OF PROJECTED GRADIENT <= PGTOL
721,C2,True,CONVERGENCE: NORM OF PROJECTED GRADIENT <= PGTOL
721,C3,True,CONVERGENCE: NORM OF PROJECTED GRADIENT <= PGTOL
721,C4,True,CONVERGENCE: NORM OF PROJECTED GRADIENT <= PGTOL
721,C5,True,CONVERGENCE: NORM OF PROJECTED GRADIENT <= PGTOL
722,C1,True,CONVERGENCE: NORM OF PROJECTED GRADIENT <= PGTOL
722,C2,True,CONVERGENCE: NORM OF PROJECTED GRADIENT <= PGTOL
722,C3,True,CONVERGENCE: NORM OF PROJECTED GRADIENT <= PGTOL
722,C4,True,CONVERGENCE: NORM OF PROJECTED GRADIENT <= PGTOL
722,C5,True,CONVERGENCE: NORM OF PROJECTED GRADIENT <= PGTOL
723,C1,True,CONVERGENCE: NORM OF PROJECTED GRADIENT <= PGTOL
723,C2,True,CONVERGENCE: NORM OF PROJECTED GRADIENT <= PGTOL
723,C3,True,CONVERGENCE: NORM OF PROJECTED GRADIENT <= PGTOL
723,C4,True,CONVERGENCE: NORM OF PROJECTED GRADIENT <= PGTOL
723,C5,True,CONVERGENCE: NORM OF PROJECTED GRADIENT <= PGTOL
724,C1,True,CONVERGENCE: NORM OF PROJECTED GRADIENT <= PGTOL
724,C2,True,CONVERGENCE: NORM OF PROJECTED GRADIENT <= PGTOL
724,C3,True,CONVERGENCE: NORM OF PROJECTED GRADIENT <= PGTOL
724,C4,True,CONVERGENCE: NORM OF PROJECTED GRADIENT <= PGTOL
724,C5,True,CONVERGENCE: NORM OF PROJECTED GRADIENT <= PGTOL
725,C1,True,CONVERGENCE: NORM OF PROJECTED GRADIENT <= PGTOL
725,C2,True,CONVERGENCE: NORM OF PROJECTED GRADIENT <= PGTOL
725,C3,True,CONVERGENCE: NORM OF PROJECTED GRADIENT <= PGTOL
725,C4,True,CONVERGENCE: NORM OF PROJECTED GRADIENT <= PGTOL
725,C5,True,CONVERGENCE: NORM OF PROJECTED GRADIENT <= PGTOL
726,C1,True,CONVERGENCE: NORM OF PROJECTED GRADIENT <= PGTOL
726,C2,True,CONVERGENCE: NORM OF PROJECTED GRADIENT <= PGTOL
726,C3,True,CONVERGENCE: NORM OF PROJECTED GRADIENT <= PGTOL
726,C4,True,CONVERGENCE: NORM OF PROJECTED GRADIENT <= PGTOL
726,C5,True,CONVERGENCE: NORM OF PROJECTED GRADIENT <= PGTOL
727,C1,True,CONVERGENCE: NORM OF PROJECTED GRADIENT <= PGTOL
727,C2,True,CONVERGENCE: NORM OF PROJECTED GRADIENT <= PGTOL
727,C3,True,CONVERGENCE: NORM OF PROJECTED GRADIENT <= PGTOL
727,C4,True,CONVERGENCE: NORM OF PROJECTED GRADIENT <= PGTOL
727,C5,True,CONVERGENCE: NORM OF PROJECTED GRADIENT <= PGTOL
728,C1,True,CONVERGENCE: NORM OF PROJECTED GRADIENT <= PGTOL
728,C2,True,CONVERGENCE: NORM OF PROJECTED GRADIENT <= PGTOL
728,C3,True,CONVERGENCE: NORM OF PROJECTED GRADIENT <= PGTOL
728,C4,True,CONVERGENCE: NORM OF PROJECTED GRADIENT <= PGTOL
728,C5,True,CONVERGENCE: NORM OF PROJECTED GRADIENT <= PGTOL
729,C1,True,CONVERGENCE: NORM OF PROJECTED GRADIENT <= PGTOL
729,C2,True,CONVERGENCE: NORM OF PROJECTED GRADIENT <= PGTOL
729,C3,True,CONVERGENCE: NORM OF PROJECTED GRADIENT <= PGTOL
729,C4,True,CONVERGENCE: NORM OF PROJECTED GRADIENT <= PGTOL
729,C5,True,CONVERGENCE: NORM OF PROJECTED GRADIENT <= PGTOL
730,C1,True,CONVERGENCE: NORM OF PROJECTED GRADIENT <= PGTOL
730,C2,True,CONVERGENCE: NORM OF PROJECTED GRADIENT <= PGTOL
730,C3,True,CONVERGENCE: NORM OF PROJECTED GRADIENT <= PGTOL
730,C4,True,CONVERGENCE: NORM OF PROJECTED GRADIENT <= PGTOL
730,C5,True,CONVERGENCE: NORM OF PROJECTED GRADIENT <= PGTOL
731,C1,True,CONVERGENCE: NORM OF PROJECTED GRADIENT <= PGTOL
731,C2,True,CONVERGENCE: NORM OF PROJECTED GRADIENT <= PGTOL
731,C3,True,CONVERGENCE: NORM OF PROJECTED GRADIENT <= PGTOL
731,C4,True,CONVERGENCE: NORM OF PROJECTED GRADIENT <= PGTOL
731,C5,True,CONVERGENCE: NORM OF PROJECTED GRADIENT <= PGTOL
732,C1,True,CONVERGENCE: NORM OF PROJECTED GRADIENT <= PGTOL
732,C2,True,CONVERGENCE: NORM OF PROJECTED GRADIENT <= PGTOL
732,C3,True,CONVERGENCE: NORM OF PROJECTED GRADIENT <= PGTOL
732,C4,True,CONVERGENCE: NORM OF PROJECTED GRADIENT <= PGTOL
732,C5,True,CONVERGENCE: NORM OF PROJECTED GRADIENT <= PGTOL
733,C1,True,CONVERGENCE: NORM OF PROJECTED GRADIENT <= PGTOL
733,C2,True,CONVERGENCE: NORM OF PROJECTED GRADIENT <= PGTOL
733,C3,True,CONVERGENCE: NORM OF PROJECTED GRADIENT <= PGTOL
733,C4,True,CONVERGENCE: NORM OF PROJECTED GRADIENT <= PGTOL
733,C5,True,CONVERGENCE: NORM OF PROJECTED GRADIENT <= PGTOL
734,C1,True,CONVERGENCE: NORM OF PROJECTED GRADIENT <= PGTOL
734,C2,True,CONVERGENCE: NORM OF PROJECTED GRADIENT <= PGTOL
734,C3,True,CONVERGENCE: NORM OF PROJECTED GRADIENT <= PGTOL
734,C4,True,CONVERGENCE: NORM OF PROJECTED GRADIENT <= PGTOL
734,C5,True,CONVERGENCE: NORM OF PROJECTED GRADIENT <= PGTOL
735,C1,True,CONVERGENCE: NORM OF PROJECTED GRADIENT <= PGTOL
735,C2,True,CONVERGENCE: NORM OF PROJECTED GRADIENT <= PGTOL
735,C3,True,CONVERGENCE: NORM OF PROJECTED GRADIENT <= PGTOL
735,C4,True,CONVERGENCE: NORM OF PROJECTED GRADIENT <= PGTOL
735,C5,True,CONVERGENCE: NORM OF PROJECTED GRADIENT <= PGTOL
736,C1,True,CONVERGENCE: NORM OF PROJECTED GRADIENT <= PGTOL
736,C2,True,CONVERGENCE: NORM OF PROJECTED GRADIENT <= PGTOL
736,C3,True,CONVERGENCE: NORM OF PROJECTED GRADIENT <= PGTOL
736,C4,True,CONVERGENCE: NORM OF PROJECTED GRADIENT <= PGTOL
736,C5,True,CONVERGENCE: NORM OF PROJECTED GRADIENT <= PGTOL
737,C1,True,CONVERGENCE: NORM OF PROJECTED GRADIENT <= PGTOL
737,C2,True,CONVERGENCE: NORM OF PROJECTED GRADIENT <= PGTOL
737,C3,True,CONVERGENCE: NORM OF PROJECTED GRADIENT <= PGTOL
737,C4,True,CONVERGENCE: NORM OF PROJECTED GRADIENT <= PGTOL
737,C5,True,CONVERGENCE: NORM OF PROJECTED GRADIENT <= PGTOL
738,C1,True,CONVERGENCE: NORM OF PROJECTED GRADIENT <= PGTOL
738,C2,True,CONVERGENCE: NORM OF PROJECTED GRADIENT <= PGTOL
738,C3,True,CONVERGENCE: NORM OF PROJECTED GRADIENT <= PGTOL
738,C4,True,CONVERGENCE: NORM OF PROJECTED GRADIENT <= PGTOL
738,C5,True,CONVERGENCE: NORM OF PROJECTED GRADIENT <= PGTOL
739,C1,True,CONVERGENCE: NORM OF PROJECTED GRADIENT <= PGTOL
739,C2,True,CONVERGENCE: NORM OF PROJECTED GRADIENT <= PGTOL
739,C3,True,CONVERGENCE: NORM OF PROJECTED GRADIENT <= PGTOL
739,C4,True,CONVERGENCE: NORM OF PROJECTED GRADIENT <= PGTOL
739,C5,True,CONVERGENCE: NORM OF PROJECTED GRADIENT <= PGTOL
740,C1,True,CONVERGENCE: NORM OF PROJECTED GRADIENT <= PGTOL
740,C2,True,CONVERGENCE: NORM OF PROJECTED GRADIENT <= PGTOL
740,C3,True,CONVERGENCE: NORM OF PROJECTED GRADIENT <= PGTOL
740,C4,True,CONVERGENCE: NORM OF PROJECTED GRADIENT <= PGTOL
740,C5,True,CONVERGENCE: NORM OF PROJECTED GRADIENT <= PGTOL
741,C1,True,CONVERGENCE: NORM OF PROJECTED GRADIENT <= PGTOL
741,C2,True,CONVERGENCE: NORM OF PROJECTED GRADIENT <= PGTOL
741,C3,True,CONVERGENCE: NORM OF PROJECTED GRADIENT <= PGTOL
741,C4,True,CONVERGENCE: NORM OF PROJECTED GRADIENT <= PGTOL
741,C5,True,CONVERGENCE: NORM OF PROJECTED GRADIENT <= PGTOL
742,C1,True,CONVERGENCE: NORM OF PROJECTED GRADIENT <= PGTOL
742,C2,True,CONVERGENCE: NORM OF PROJECTED GRADIENT <= PGTOL
742,C3,True,CONVERGENCE: NORM OF PROJECTED GRADIENT <= PGTOL
742,C4,True,CONVERGENCE: NORM OF PROJECTED GRADIENT <= PGTOL
742,C5,True,CONVERGENCE: NORM OF PROJECTED GRADIENT <= PGTOL
743,C1,True,CONVERGENCE: NORM OF PROJECTED GRADIENT <= PGTOL
743,C2,True,CONVERGENCE: NORM OF PROJECTED GRADIENT <= PGTOL
743,C3,True,CONVERGENCE: NORM OF PROJECTED GRADIENT <= PGTOL
743,C4,True,CONVERGENCE: NORM OF PROJECTED GRADIENT <= PGTOL
743,C5,True,CONVERGENCE: NORM OF PROJECTED GRADIENT <= PGTOL
744,C1,True,CONVERGENCE: NORM OF PROJECTED GRADIENT <= PGTOL
744,C2,True,CONVERGENCE: NORM OF PROJECTED GRADIENT <= PGTOL
744,C3,True,CONVERGENCE: NORM OF PROJECTED GRADIENT <= PGTOL
744,C4,True,CONVERGENCE: NORM OF PROJECTED GRADIENT <= PGTOL
744,C5,True,CONVERGENCE: NORM OF PROJECTED GRADIENT <= PGTOL
745,C1,True,CONVERGENCE: NORM OF PROJECTED GRADIENT <= PGTOL
745,C2,True,CONVERGENCE: NORM OF PROJECTED GRADIENT <= PGTOL
745,C3,True,CONVERGENCE: NORM OF PROJECTED GRADIENT <= PGTOL
745,C4,True,CONVERGENCE: NORM OF PROJECTED GRADIENT <= PGTOL
745,C5,True,CONVERGENCE: NORM OF PROJECTED GRADIENT <= PGTOL
746,C1,True,CONVERGENCE: NORM OF PROJECTED GRADIENT <= PGTOL
746,C2,True,CONVERGENCE: NORM OF PROJECTED GRADIENT <= PGTOL
746,C3,True,CONVERGENCE: NORM OF PROJECTED GRADIENT <= PGTOL
746,C4,True,CONVERGENCE: NORM OF PROJECTED GRADIENT <= PGTOL
746,C5,True,CONVERGENCE: NORM OF PROJECTED GRADIENT <= PGTOL
747,C1,True,CONVERGENCE: NORM OF PROJECTED GRADIENT <= PGTOL
747,C2,True,CONVERGENCE: NORM OF PROJECTED GRADIENT <= PGTOL
747,C3,True,CONVERGENCE: NORM OF PROJECTED GRADIENT <= PGTOL
747,C4,True,CONVERGENCE: NORM OF PROJECTED GRADIENT <= PGTOL
747,C5,True,CONVERGENCE: NORM OF PROJECTED GRADIENT <= PGTOL
748,C1,True,CONVERGENCE: NORM OF PROJECTED GRADIENT <= PGTOL
748,C2,True,CONVERGENCE: NORM OF PROJECTED GRADIENT <= PGTOL
748,C3,True,CONVERGENCE: NORM OF PROJECTED GRADIENT <= PGTOL
748,C4,True,CONVERGENCE: NORM OF PROJECTED GRADIENT <= PGTOL
748,C5,True,CONVERGENCE: NORM OF PROJECTED GRADIENT <= PGTOL
749,C1,True,CONVERGENCE: NORM OF PROJECTED GRADIENT <= PGTOL
749,C2,True,CONVERGENCE: NORM OF PROJECTED GRADIENT <= PGTOL
749,C3,True,CONVERGENCE: NORM OF PROJECTED GRADIENT <= PGTOL
749,C4,True,CONVERGENCE: NORM OF PROJECTED GRADIENT <= PGTOL
749,C5,True,CONVERGENCE: NORM OF PROJECTED GRADIENT <= PGTOL
750,C1,True,CONVERGENCE: NORM OF PROJECTED GRADIENT <= PGTOL
750,C2,True,CONVERGENCE: NORM OF PROJECTED GRADIENT <= PGTOL
750,C3,True,CONVERGENCE: NORM OF PROJECTED GRADIENT <= PGTOL
750,C4,True,CONVERGENCE: NORM OF PROJECTED GRADIENT <= PGTOL
750,C5,True,CONVERGENCE: NORM OF PROJECTED GRADIENT <= PGTOL
751,C1,True,CONVERGENCE: NORM OF PROJECTED GRADIENT <= PGTOL
751,C2,True,CONVERGENCE: NORM OF PROJECTED GRADIENT <= PGTOL
751,C3,True,CONVERGENCE: NORM OF PROJECTED GRADIENT <= PGTOL
751,C4,True,CONVERGENCE: NORM OF PROJECTED GRADIENT <= PGTOL
751,C5,True,CONVERGENCE: NORM OF PROJECTED GRADIENT <= PGTOL
752,C1,True,CONVERGENCE: NORM OF PROJECTED GRADIENT <= PGTOL
752,C2,True,CONVERGENCE: NORM OF PROJECTED GRADIENT <= PGTOL
752,C3,True,CONVERGENCE: NORM OF PROJECTED GRADIENT <= PGTOL
752,C4,True,CONVERGENCE: NORM OF PROJECTED GRADIENT <= PGTOL
752,C5,True,CONVERGENCE: NORM OF PROJECTED GRADIENT <= PGTOL
753,C1,True,CONVERGENCE: NORM OF PROJECTED GRADIENT <= PGTOL
753,C2,True,CONVERGENCE: NORM OF PROJECTED GRADIENT <= PGTOL
753,C3,True,CONVERGENCE: NORM OF PROJECTED GRADIENT <= PGTOL
753,C4,True,CONVERGENCE: NORM OF PROJECTED GRADIENT <= PGTOL
753,C5,True,CONVERGENCE: NORM OF PROJECTED GRADIENT <= PGTOL
754,C1,True,CONVERGENCE: NORM OF PROJECTED GRADIENT <= PGTOL
754,C2,True,CONVERGENCE: NORM OF PROJECTED GRADIENT <= PGTOL
754,C3,True,CONVERGENCE: NORM OF PROJECTED GRADIENT <= PGTOL
754,C4,True,CONVERGENCE: NORM OF PROJECTED GRADIENT <= PGTOL
754,C5,True,CONVERGENCE: NORM OF PROJECTED GRADIENT <= PGTOL
755,C1,True,CONVERGENCE: NORM OF PROJECTED GRADIENT <= PGTOL
755,C2,True,CONVERGENCE: NORM OF PROJECTED GRADIENT <= PGTOL
755,C3,True,CONVERGENCE: NORM OF PROJECTED GRADIENT <= PGTOL
755,C4,True,CONVERGENCE: NORM OF PROJECTED GRADIENT <= PGTOL
755,C5,True,CONVERGENCE: NORM OF PROJECTED GRADIENT <= PGTOL
756,C1,True,CONVERGENCE: NORM OF PROJECTED GRADIENT <= PGTOL
756,C2,True,CONVERGENCE: NORM OF PROJECTED GRADIENT <= PGTOL
756,C3,True,CONVERGENCE: NORM OF PROJECTED GRADIENT <= PGTOL
756,C4,True,CONVERGENCE: NORM OF PROJECTED GRADIENT <= PGTOL
756,C5,True,CONVERGENCE: NORM OF PROJECTED GRADIENT <= PGTOL
757,C1,True,CONVERGENCE: NORM OF PROJECTED GRADIENT <= PGTOL
757,C2,True,CONVERGENCE: NORM OF PROJECTED GRADIENT <= PGTOL
757,C3,True,CONVERGENCE: NORM OF PROJECTED GRADIENT <= PGTOL
757,C4,True,CONVERGENCE: NORM OF PROJECTED GRADIENT <= PGTOL
757,C5,True,CONVERGENCE: NORM OF PROJECTED GRADIENT <= PGTOL
758,C1,True,CONVERGENCE: NORM OF PROJECTED GRADIENT <= PGTOL
758,C2,True,CONVERGENCE: NORM OF PROJECTED GRADIENT <= PGTOL
758,C3,True,CONVERGENCE: NORM OF PROJECTED GRADIENT <= PGTOL
758,C4,True,CONVERGENCE: NORM OF PROJECTED GRADIENT <= PGTOL
758,C5,True,CONVERGENCE: NORM OF PROJECTED GRADIENT <= PGTOL
759,C1,True,CONVERGENCE: NORM OF PROJECTED GRADIENT <= PGTOL
759,C2,True,CONVERGENCE: NORM OF PROJECTED GRADIENT <= PGTOL
759,C3,True,CONVERGENCE: NORM OF PROJECTED GRADIENT <= PGTOL
759,C4,True,CONVERGENCE: NORM OF PROJECTED GRADIENT <= PGTOL
759,C5,True,CONVERGENCE: NORM OF PROJECTED GRADIENT <= PGTOL
760,C1,True,CONVERGENCE: NORM OF PROJECTED GRADIENT <= PGTOL
760,C2,True,CONVERGENCE: NORM OF PROJECTED GRADIENT <= PGTOL
760,C3,True,CONVERGENCE: NORM OF PROJECTED GRADIENT <= PGTOL
760,C4,True,CONVERGENCE: NORM OF PROJECTED GRADIENT <= PGTOL
760,C5,True,CONVERGENCE: NORM OF PROJECTED GRADIENT <= PGTOL
761,C1,True,CONVERGENCE: NORM OF PROJECTED GRADIENT <= PGTOL
761,C2,True,CONVERGENCE: NORM OF PROJECTED GRADIENT <= PGTOL
761,C3,True,CONVERGENCE: NORM OF PROJECTED GRADIENT <= PGTOL
761,C4,True,CONVERGENCE: NORM OF PROJECTED GRADIENT <= PGTOL
761,C5,True,CONVERGENCE: NORM OF PROJECTED GRADIENT <= PGTOL
762,C1,True,CONVERGENCE: NORM OF PROJECTED GRADIENT <= PGTOL
762,C2,True,CONVERGENCE: NORM OF PROJECTED GRADIENT <= PGTOL
762,C3,True,CONVERGENCE: NORM OF PROJECTED GRADIENT <= PGTOL
762,C4,True,CONVERGENCE: NORM OF PROJECTED GRADIENT <= PGTOL
762,C5,True,CONVERGENCE: NORM OF PROJECTED GRADIENT <= PGTOL
763,C1,True,CONVERGENCE: NORM OF PROJECTED GRADIENT <= PGTOL
763,C2,True,CONVERGENCE: NORM OF PROJECTED GRADIENT <= PGTOL
763,C3,True,CONVERGENCE: NORM OF PROJECTED GRADIENT <= PGTOL
763,C4,True,CONVERGENCE: NORM OF PROJECTED GRADIENT <= PGTOL
763,C5,True,CONVERGENCE: NORM OF PROJECTED GRADIENT <= PGTOL
764,C1,True,CONVERGENCE: NORM OF PROJECTED GRADIENT <= PGTOL
764,C2,True,CONVERGENCE: NORM OF PROJECTED GRADIENT <= PGTOL
764,C3,True,CONVERGENCE: NORM OF PROJECTED GRADIENT <= PGTOL
764,C4,True,CONVERGENCE: NORM OF PROJECTED GRADIENT <= PGTOL
764,C5,True,CONVERGENCE: NORM OF PROJECTED GRADIENT <= PGTOL
765,C1,True,CONVERGENCE: NORM OF PROJECTED GRADIENT <= PGTOL
765,C2,True,CONVERGENCE: NORM OF PROJECTED GRADIENT <= PGTOL
765,C3,True,CONVERGENCE: NORM OF PROJECTED GRADIENT <= PGTOL
765,C4,True,CONVERGENCE: NORM OF PROJECTED GRADIENT <= PGTOL
765,C5,True,CONVERGENCE: NORM OF PROJECTED GRADIENT <= PGTOL
766,C1,True,CONVERGENCE: NORM OF PROJECTED GRADIENT <= PGTOL
766,C2,True,CONVERGENCE: NORM OF PROJECTED GRADIENT <= PGTOL
766,C3,True,CONVERGENCE: NORM OF PROJECTED GRADIENT <= PGTOL
766,C4,True,CONVERGENCE: NORM OF PROJECTED GRADIENT <= PGTOL
766,C5,True,CONVERGENCE: NORM OF PROJECTED GRADIENT <= PGTOL
767,C1,True,CONVERGENCE: NORM OF PROJECTED GRADIENT <= PGTOL
767,C2,True,CONVERGENCE: NORM OF PROJECTED GRADIENT <= PGTOL
767,C3,True,CONVERGENCE: NORM OF PROJECTED GRADIENT <= PGTOL
767,C4,True,CONVERGENCE: NORM OF PROJECTED GRADIENT <= PGTOL
767,C5,True,CONVERGENCE: NORM OF PROJECTED GRADIENT <= PGTOL
768,C1,True,CONVERGENCE: NORM OF PROJECTED GRADIENT <= PGTOL
768,C2,True,CONVERGENCE: NORM OF PROJECTED GRADIENT <= PGTOL
768,C3,True,CONVERGENCE: NORM OF PROJECTED GRADIENT <= PGTOL
768,C4,True,CONVERGENCE: NORM OF PROJECTED GRADIENT <= PGTOL
768,C5,True,CONVERGENCE: NORM OF PROJECTED GRADIENT <= PGTOL
769,C1,True,CONVERGENCE: NORM OF PROJECTED GRADIENT <= PGTOL
769,C2,True,CONVERGENCE: NORM OF PROJECTED GRADIENT <= PGTOL
769,C3,True,CONVERGENCE: NORM OF PROJECTED GRADIENT <= PGTOL
769,C4,True,CONVERGENCE: NORM OF PROJECTED GRADIENT <= PGTOL
769,C5,True,CONVERGENCE: NORM OF PROJECTED GRADIENT <= PGTOL
770,C1,True,CONVERGENCE: NORM OF PROJECTED GRADIENT <= PGTOL
770,C2,True,CONVERGENCE: NORM OF PROJECTED GRADIENT <= PGTOL
770,C3,True,CONVERGENCE: NORM OF PROJECTED GRADIENT <= PGTOL
770,C4,True,CONVERGENCE: NORM OF PROJECTED GRADIENT <= PGTOL
770,C5,True,CONVERGENCE: NORM OF PROJECTED GRADIENT <= PGTOL
771,C1,True,CONVERGENCE: NORM OF PROJECTED GRADIENT <= PGTOL
771,C2,True,CONVERGENCE: NORM OF PROJECTED GRADIENT <= PGTOL
771,C3,True,CONVERGENCE: NORM OF PROJECTED GRADIENT <= PGTOL
771,C4,True,CONVERGENCE: NORM OF PROJECTED GRADIENT <= PGTOL
771,C5,True,CONVERGENCE: NORM OF PROJECTED GRADIENT <= PGTOL
772,C1,True,CONVERGENCE: NORM OF PROJECTED GRADIENT <= PGTOL
772,C2,True,CONVERGENCE: NORM OF PROJECTED GRADIENT <= PGTOL
772,C3,True,CONVERGENCE: NORM OF PROJECTED GRADIENT <= PGTOL
772,C4,True,CONVERGENCE: NORM OF PROJECTED GRADIENT <= PGTOL
772,C5,True,CONVERGENCE: NORM OF PROJECTED GRADIENT <= PGTOL
773,C1,True,CONVERGENCE: NORM OF PROJECTED GRADIENT <= PGTOL
773,C2,True,CONVERGENCE: NORM OF PROJECTED GRADIENT <= PGTOL
773,C3,True,CONVERGENCE: NORM OF PROJECTED GRADIENT <= PGTOL
773,C4,True,CONVERGENCE: NORM OF PROJECTED GRADIENT <= PGTOL
773,C5,True,CONVERGENCE: NORM OF PROJECTED GRADIENT <= PGTOL
774,C1,True,CONVERGENCE: NORM OF PROJECTED GRADIENT <= PGTOL
774,C2,True,CONVERGENCE: NORM OF PROJECTED GRADIENT <= PGTOL
774,C3,True,CONVERGENCE: NORM OF PROJECTED GRADIENT <= PGTOL
774,C4,True,CONVERGENCE: NORM OF PROJECTED GRADIENT <= PGTOL
774,C5,True,CONVERGENCE: NORM OF PROJECTED GRADIENT <= PGTOL
775,C1,True,CONVERGENCE: NORM OF PROJECTED GRADIENT <= PGTOL
775,C2,True,CONVERGENCE: NORM OF PROJECTED GRADIENT <= PGTOL
775,C3,True,CONVERGENCE: NORM OF PROJECTED GRADIENT <= PGTOL
775,C4,True,CONVERGENCE: NORM OF PROJECTED GRADIENT <= PGTOL
775,C5,True,CONVERGENCE: NORM OF PROJECTED GRADIENT <= PGTOL
776,C1,True,CONVERGENCE: NORM OF PROJECTED GRADIENT <= PGTOL
776,C2,True,CONVERGENCE: NORM OF PROJECTED GRADIENT <= PGTOL
776,C3,True,CONVERGENCE: NORM OF PROJECTED GRADIENT <= PGTOL
776,C4,True,CONVERGENCE: NORM OF PROJECTED GRADIENT <= PGTOL
776,C5,True,CONVERGENCE: NORM OF PROJECTED GRADIENT <= PGTOL
777,C1,True,CONVERGENCE: NORM OF PROJECTED GRADIENT <= PGTOL
777,C2,True,CONVERGENCE: NORM OF PROJECTED GRADIENT <= PGTOL
777,C3,True,CONVERGENCE: NORM OF PROJECTED GRADIENT <= PGTOL
777,C4,True,CONVERGENCE: NORM OF PROJECTED GRADIENT <= PGTOL
777,C5,True,CONVERGENCE: NORM OF PROJECTED GRADIENT <= PGTOL
778,C1,True,CONVERGENCE: NORM OF PROJECTED GRADIENT <= PGTOL
778,C2,True,CONVERGENCE: NORM OF PROJECTED GRADIENT <= PGTOL
778,C3,True,CONVERGENCE: NORM OF PROJECTED GRADIENT <= PGTOL
778,C4,True,CONVERGENCE: NORM OF PROJECTED GRADIENT <= PGTOL
778,C5,True,CONVERGENCE: NORM OF PROJECTED GRADIENT <= PGTOL
779,C1,True,CONVERGENCE: NORM OF PROJECTED GRADIENT <= PGTOL
779,C2,True,CONVERGENCE: NORM OF PROJECTED GRADIENT <= PGTOL
779,C3,True,CONVERGENCE: NORM OF PROJECTED GRADIENT <= PGTOL
779,C4,True,CONVERGENCE: NORM OF PROJECTED GRADIENT <= PGTOL
779,C5,True,CONVERGENCE: NORM OF PROJECTED GRADIENT <= PGTOL
780,C1,True,CONVERGENCE: NORM OF PROJECTED GRADIENT <= PGTOL
780,C2,True,CONVERGENCE: NORM OF PROJECTED GRADIENT <= PGTOL
780,C3,True,CONVERGENCE: NORM OF PROJECTED GRADIENT <= PGTOL
780,C4,True,CONVERGENCE: NORM OF PROJECTED GRADIENT <= PGTOL
780,C5,True,CONVERGENCE: NORM OF PROJECTED GRADIENT <= PGTOL
781,C1,True,CONVERGENCE: NORM OF PROJECTED GRADIENT <= PGTOL
781,C2,True,CONVERGENCE: NORM OF PROJECTED GRADIENT <= PGTOL
781,C3,True,CONVERGENCE: NORM OF PROJECTED GRADIENT <= PGTOL
781,C4,True,CONVERGENCE: NORM OF PROJECTED GRADIENT <= PGTOL
781,C5,True,CONVERGENCE: NORM OF PROJECTED GRADIENT <= PGTOL
782,C1,True,CONVERGENCE: NORM OF PROJECTED GRADIENT <= PGTOL
782,C2,True,CONVERGENCE: NORM OF PROJECTED GRADIENT <= PGTOL
782,C3,True,CONVERGENCE: NORM OF PROJECTED GRADIENT <= PGTOL
782,C4,True,CONVERGENCE: NORM OF PROJECTED GRADIENT <= PGTOL
782,C5,True,CONVERGENCE: NORM OF PROJECTED GRADIENT <= PGTOL
783,C1,True,CONVERGENCE: NORM OF PROJECTED GRADIENT <= PGTOL
783,C2,True,CONVERGENCE: NORM OF PROJECTED GRADIENT <= PGTOL
783,C3,True,CONVERGENCE: NORM OF PROJECTED GRADIENT <= PGTOL
783,C4,True,CONVERGENCE: NORM OF PROJECTED GRADIENT <= PGTOL
783,C5,True,CONVERGENCE: NORM OF PROJECTED GRADIENT <= PGTOL
784,C1,True,CONVERGENCE: NORM OF PROJECTED GRADIENT <= PGTOL
784,C2,True,CONVERGENCE: NORM OF PROJECTED GRADIENT <= PGTOL
784,C3,True,CONVERGENCE: NORM OF PROJECTED GRADIENT <= PGTOL
784,C4,True,CONVERGENCE: NORM OF PROJECTED GRADIENT <= PGTOL
784,C5,True,CONVERGENCE: NORM OF PROJECTED GRADIENT <= PGTOL
785,C1,True,CONVERGENCE: NORM OF PROJECTED GRADIENT <= PGTOL
785,C2,True,CONVERGENCE: NORM OF PROJECTED GRADIENT <= PGTOL
785,C3,True,CONVERGENCE: NORM OF PROJECTED GRADIENT <= PGTOL
785,C4,True,CONVERGENCE: NORM OF PROJECTED GRADIENT <= PGTOL
785,C5,True,CONVERGENCE: NORM OF PROJECTED GRADIENT <= PGTOL
786,C1,True,CONVERGENCE: NORM OF PROJECTED GRADIENT <= PGTOL
786,C2,True,CONVERGENCE: NORM OF PROJECTED GRADIENT <= PGTOL
786,C3,True,CONVERGENCE: NORM OF PROJECTED GRADIENT <= PGTOL
786,C4,True,CONVERGENCE: NORM OF PROJECTED GRADIENT <= PGTOL
786,C5,True,CONVERGENCE: NORM OF PROJECTED GRADIENT <= PGTOL
787,C1,True,CONVERGENCE: NORM OF PROJECTED GRADIENT <= PGTOL
787,C2,True,CONVERGENCE: NORM OF PROJECTED GRADIENT <= PGTOL
787,C3,True,CONVERGENCE: NORM OF PROJECTED GRADIENT <= PGTOL
787,C4,True,CONVERGENCE: NORM OF PROJECTED GRADIENT <= PGTOL
787,C5,True,CONVERGENCE: NORM OF PROJECTED GRADIENT <= PGTOL
788,C1,True,CONVERGENCE: NORM OF PROJECTED GRADIENT <= PGTOL
788,C2,True,CONVERGENCE: NORM OF PROJECTED GRADIENT <= PGTOL
788,C3,True,CONVERGENCE: NORM OF PROJECTED GRADIENT <= PGTOL
788,C4,True,CONVERGENCE: NORM OF PROJECTED GRADIENT <= PGTOL
788,C5,True,CONVERGENCE: NORM OF PROJECTED GRADIENT <= PGTOL
789,C1,True,CONVERGENCE: NORM OF PROJECTED GRADIENT <= PGTOL
789,C2,True,CONVERGENCE: NORM OF PROJECTED GRADIENT <= PGTOL
789,C3,True,CONVERGENCE: NORM OF PROJECTED GRADIENT <= PGTOL
789,C4,True,CONVERGENCE: NORM OF PROJECTED GRADIENT <= PGTOL
789,C5,True,CONVERGENCE: NORM OF PROJECTED GRADIENT <= PGTOL
790,C1,True,CONVERGENCE: NORM OF PROJECTED GRADIENT <= PGTOL
790,C2,True,CONVERGENCE: NORM OF PROJECTED GRADIENT <= PGTOL
790,C3,True,CONVERGENCE: NORM OF PROJECTED GRADIENT <= PGTOL
790,C4,True,CONVERGENCE: NORM OF PROJECTED GRADIENT <= PGTOL
790,C5,True,CONVERGENCE: NORM OF PROJECTED GRADIENT <= PGTOL
791,C1,True,CONVERGENCE: NORM OF PROJECTED GRADIENT <= PGTOL
791,C2,True,CONVERGENCE: NORM OF PROJECTED GRADIENT <= PGTOL
791,C3,True,CONVERGENCE: NORM OF PROJECTED GRADIENT <= PGTOL
791,C4,True,CONVERGENCE: NORM OF PROJECTED GRADIENT <= PGTOL
791,C5,True,CONVERGENCE: NORM OF PROJECTED GRADIENT <= PGTOL
792,C1,True,CONVERGENCE: NORM OF PROJECTED GRADIENT <= PGTOL
792,C2,True,CONVERGENCE: NORM OF PROJECTED GRADIENT <= PGTOL
792,C3,True,CONVERGENCE: NORM OF PROJECTED GRADIENT <= PGTOL
792,C4,True,CONVERGENCE: NORM OF PROJECTED GRADIENT <= PGTOL
792,C5,True,CONVERGENCE: NORM OF PROJECTED GRADIENT <= PGTOL
793,C1,True,CONVERGENCE: NORM OF PROJECTED GRADIENT <= PGTOL
793,C2,True,CONVERGENCE: NORM OF PROJECTED GRADIENT <= PGTOL
793,C3,True,CONVERGENCE: NORM OF PROJECTED GRADIENT <= PGTOL
793,C4,True,CONVERGENCE: NORM OF PROJECTED GRADIENT <= PGTOL
793,C5,True,CONVERGENCE: NORM OF PROJECTED GRADIENT <= PGTOL
794,C1,True,CONVERGENCE: NORM OF PROJECTED GRADIENT <= PGTOL
794,C2,True,CONVERGENCE: NORM OF PROJECTED GRADIENT <= PGTOL
794,C3,True,CONVERGENCE: NORM OF PROJECTED GRADIENT <= PGTOL
794,C4,True,CONVERGENCE: NORM OF PROJECTED GRADIENT <= PGTOL
794,C5,True,CONVERGENCE: NORM OF PROJECTED GRADIENT <= PGTOL
795,C1,True,CONVERGENCE: NORM OF PROJECTED GRADIENT <= PGTOL
795,C2,True,CONVERGENCE: NORM OF PROJECTED GRADIENT <= PGTOL
795,C3,True,CONVERGENCE: NORM OF PROJECTED GRADIENT <= PGTOL
795,C4,True,CONVERGENCE: NORM OF PROJECTED GRADIENT <= PGTOL
795,C5,True,CONVERGENCE: NORM OF PROJECTED GRADIENT <= PGTOL
796,C1,True,CONVERGENCE: NORM OF PROJECTED GRADIENT <= PGTOL
796,C2,True,CONVERGENCE: NORM OF PROJECTED GRADIENT <= PGTOL
796,C3,True,CONVERGENCE: NORM OF PROJECTED GRADIENT <= PGTOL
796,C4,True,CONVERGENCE: NORM OF PROJECTED GRADIENT <= PGTOL
796,C5,True,CONVERGENCE: NORM OF PROJECTED GRADIENT <= PGTOL
797,C1,True,CONVERGENCE: NORM OF PROJECTED GRADIENT <= PGTOL
797,C2,True,CONVERGENCE: NORM OF PROJECTED GRADIENT <= PGTOL
797,C3,True,CONVERGENCE: NORM OF PROJECTED GRADIENT <= PGTOL
797,C4,True,CONVERGENCE: NORM OF PROJECTED GRADIENT <= PGTOL
797,C5,True,CONVERGENCE: NORM OF PROJECTED GRADIENT <= PGTOL
798,C1,True,CONVERGENCE: NORM OF PROJECTED GRADIENT <= PGTOL
798,C2,True,CONVERGENCE: NORM OF PROJECTED GRADIENT <= PGTOL
798,C3,True,CONVERGENCE: NORM OF PROJECTED GRADIENT <= PGTOL
798,C4,True,CONVERGENCE: NORM OF PROJECTED GRADIENT <= PGTOL
798,C5,True,CONVERGENCE: NORM OF PROJECTED GRADIENT <= PGTOL
799,C1,True,CONVERGENCE: NORM OF PROJECTED GRADIENT <= PGTOL
799,C2,True,CONVERGENCE: NORM OF PROJECTED GRADIENT <= PGTOL
799,C3,True,CONVERGENCE: NORM OF PROJECTED GRADIENT <= PGTOL
799,C4,True,CONVERGENCE: NORM OF PROJECTED GRADIENT <= PGTOL
799,C5,True,CONVERGENCE: NORM OF PROJECTED GRADIENT <= PGTOL
800,C1,True,CONVERGENCE: NORM OF PROJECTED GRADIENT <= PGTOL
800,C2,True,CONVERGENCE: NORM OF PROJECTED GRADIENT <= PGTOL
800,C3,True,CONVERGENCE: NORM OF PROJECTED GRADIENT <= PGTOL
800,C4,True,CONVERGENCE: NORM OF PROJECTED GRADIENT <= PGTOL
800,C5,True,CONVERGENCE: NORM OF PROJECTED GRADIENT <= PGTOL
801,C1,True,CONVERGENCE: NORM OF PROJECTED GRADIENT <= PGTOL
801,C2,True,CONVERGENCE: NORM OF PROJECTED GRADIENT <= PGTOL
801,C3,True,CONVERGENCE: NORM OF PROJECTED GRADIENT <= PGTOL
801,C4,True,CONVERGENCE: NORM OF PROJECTED GRADIENT <= PGTOL
801,C5,True,CONVERGENCE: NORM OF PROJECTED GRADIENT <= PGTOL
802,C1,True,CONVERGENCE: NORM OF PROJECTED GRADIENT <= PGTOL
802,C2,True,CONVERGENCE: NORM OF PROJECTED GRADIENT <= PGTOL
802,C3,True,CONVERGENCE: NORM OF PROJECTED GRADIENT <= PGTOL
802,C4,True,CONVERGENCE: NORM OF PROJECTED GRADIENT <= PGTOL
802,C5,True,CONVERGENCE: NORM OF PROJECTED GRADIENT <= PGTOL
803,C1,True,CONVERGENCE: NORM OF PROJECTED GRADIENT <= PGTOL
803,C2,True,CONVERGENCE: NORM OF PROJECTED GRADIENT <= PGTOL
803,C3,True,CONVERGENCE: NORM OF PROJECTED GRADIENT <= PGTOL
803,C4,True,CONVERGENCE: NORM OF PROJECTED GRADIENT <= PGTOL
803,C5,True,CONVERGENCE: NORM OF PROJECTED GRADIENT <= PGTOL
804,C1,True,CONVERGENCE: NORM OF PROJECTED GRADIENT <= PGTOL
804,C2,True,CONVERGENCE: NORM OF PROJECTED GRADIENT <= PGTOL
804,C3,True,CONVERGENCE: NORM OF PROJECTED GRADIENT <= PGTOL
804,C4,True,CONVERGENCE: NORM OF PROJECTED GRADIENT <= PGTOL
804,C5,True,CONVERGENCE: NORM OF PROJECTED GRADIENT <= PGTOL
805,C1,True,CONVERGENCE: NORM OF PROJECTED GRADIENT <= PGTOL
805,C2,True,CONVERGENCE: NORM OF PROJECTED GRADIENT <= PGTOL
805,C3,True,CONVERGENCE: NORM OF PROJECTED GRADIENT <= PGTOL
805,C4,True,CONVERGENCE: NORM OF PROJECTED GRADIENT <= PGTOL
805,C5,True,CONVERGENCE: NORM OF PROJECTED GRADIENT <= PGTOL
806,C1,True,CONVERGENCE: NORM OF PROJECTED GRADIENT <= PGTOL
806,C2,True,CONVERGENCE: NORM OF PROJECTED GRADIENT <= PGTOL
806,C3,True,CONVERGENCE: NORM OF PROJECTED GRADIENT <= PGTOL
806,C4,True,CONVERGENCE: NORM OF PROJECTED GRADIENT <= PGTOL
806,C5,True,CONVERGENCE: NORM OF PROJECTED GRADIENT <= PGTOL
807,C1,True,CONVERGENCE: NORM OF PROJECTED GRADIENT <= PGTOL
807,C2,True,CONVERGENCE: NORM OF PROJECTED GRADIENT <= PGTOL
807,C3,True,CONVERGENCE: NORM OF PROJECTED GRADIENT <= PGTOL
807,C4,True,CONVERGENCE: NORM OF PROJECTED GRADIENT <= PGTOL
807,C5,True,CONVERGENCE: NORM OF PROJECTED GRADIENT <= PGTOL
808,C1,True,CONVERGENCE: NORM OF PROJECTED GRADIENT <= PGTOL
808,C2,True,CONVERGENCE: NORM OF PROJECTED GRADIENT <= PGTOL
808,C3,True,CONVERGENCE: NORM OF PROJECTED GRADIENT <= PGTOL
808,C4,True,CONVERGENCE: NORM OF PROJECTED GRADIENT <= PGTOL
808,C5,True,CONVERGENCE: NORM OF PROJECTED GRADIENT <= PGTOL
809,C1,True,CONVERGENCE: NORM OF PROJECTED GRADIENT <= PGTOL
809,C2,True,CONVERGENCE: NORM OF PROJECTED GRADIENT <= PGTOL
809,C3,True,CONVERGENCE: NORM OF PROJECTED GRADIENT <= PGTOL
809,C4,True,CONVERGENCE: NORM OF PROJECTED GRADIENT <= PGTOL
809,C5,True,CONVERGENCE: NORM OF PROJECTED GRADIENT <= PGTOL
810,C1,True,CONVERGENCE: NORM OF PROJECTED GRADIENT <= PGTOL
810,C2,True,CONVERGENCE: NORM OF PROJECTED GRADIENT <= PGTOL
810,C3,True,CONVERGENCE: NORM OF PROJECTED GRADIENT <= PGTOL
810,C4,True,CONVERGENCE: NORM OF PROJECTED GRADIENT <= PGTOL
810,C5,True,CONVERGENCE: NORM OF PROJECTED GRADIENT <= PGTOL
811,C1,True,CONVERGENCE: NORM OF PROJECTED GRADIENT <= PGTOL
811,C2,True,CONVERGENCE: NORM OF PROJECTED GRADIENT <= PGTOL
811,C3,True,CONVERGENCE: NORM OF PROJECTED GRADIENT <= PGTOL
811,C4,True,CONVERGENCE: NORM OF PROJECTED GRADIENT <= PGTOL
811,C5,True,CONVERGENCE: NORM OF PROJECTED GRADIENT <= PGTOL
812,C1,True,CONVERGENCE: NORM OF PROJECTED GRADIENT <= PGTOL
812,C2,True,CONVERGENCE: NORM OF PROJECTED GRADIENT <= PGTOL
812,C3,True,CONVERGENCE: NORM OF PROJECTED GRADIENT <= PGTOL
812,C4,True,CONVERGENCE: NORM OF PROJECTED GRADIENT <= PGTOL
812,C5,True,CONVERGENCE: NORM OF PROJECTED GRADIENT <= PGTOL
813,C1,True,CONVERGENCE: NORM OF PROJECTED GRADIENT <= PGTOL
813,C2,True,CONVERGENCE: NORM OF PROJECTED GRADIENT <= PGTOL
813,C3,True,CONVERGENCE: NORM OF PROJECTED GRADIENT <= PGTOL
813,C4,True,CONVERGENCE: NORM OF PROJECTED GRADIENT <= PGTOL
813,C5,True,CONVERGENCE: NORM OF PROJECTED GRADIENT <= PGTOL
814,C1,True,CONVERGENCE: NORM OF PROJECTED GRADIENT <= PGTOL
814,C2,True,CONVERGENCE: NORM OF PROJECTED GRADIENT <= PGTOL
814,C3,True,CONVERGENCE: NORM OF PROJECTED GRADIENT <= PGTOL
814,C4,True,CONVERGENCE: NORM OF PROJECTED GRADIENT <= PGTOL
814,C5,True,CONVERGENCE: NORM OF PROJECTED GRADIENT <= PGTOL
815,C1,True,CONVERGENCE: NORM OF PROJECTED GRADIENT <= PGTOL
815,C2,True,CONVERGENCE: NORM OF PROJECTED GRADIENT <= PGTOL
815,C3,True,CONVERGENCE: NORM OF PROJECTED GRADIENT <= PGTOL
815,C4,True,CONVERGENCE: NORM OF PROJECTED GRADIENT <= PGTOL
815,C5,True,CONVERGENCE: NORM OF PROJECTED GRADIENT <= PGTOL
816,C1,True,CONVERGENCE: NORM OF PROJECTED GRADIENT <= PGTOL
816,C2,True,CONVERGENCE: NORM OF PROJECTED GRADIENT <= PGTOL
816,C3,True,CONVERGENCE: NORM OF PROJECTED GRADIENT <= PGTOL
816,C4,True,CONVERGENCE: NORM OF PROJECTED GRADIENT <= PGTOL
816,C5,True,CONVERGENCE: NORM OF PROJECTED GRADIENT <= PGTOL
817,C1,True,CONVERGENCE: NORM OF PROJECTED GRADIENT <= PGTOL
817,C2,True,CONVERGENCE: NORM OF PROJECTED GRADIENT <= PGTOL
817,C3,True,CONVERGENCE: NORM OF PROJECTED GRADIENT <= PGTOL
817,C4,True,CONVERGENCE: NORM OF PROJECTED GRADIENT <= PGTOL
817,C5,True,CONVERGENCE: NORM OF PROJECTED GRADIENT <= PGTOL
818,C1,True,CONVERGENCE: NORM OF PROJECTED GRADIENT <= PGTOL
818,C2,True,CONVERGENCE: NORM OF PROJECTED GRADIENT <= PGTOL
818,C3,True,CONVERGENCE: NORM OF PROJECTED GRADIENT <= PGTOL
818,C4,True,CONVERGENCE: NORM OF PROJECTED GRADIENT <= PGTOL
818,C5,True,CONVERGENCE: NORM OF PROJECTED GRADIENT <= PGTOL
819,C1,True,CONVERGENCE: NORM OF PROJECTED GRADIENT <= PGTOL
819,C2,True,CONVERGENCE: NORM OF PROJECTED GRADIENT <= PGTOL
819,C3,True,CONVERGENCE: NORM OF PROJECTED GRADIENT <= PGTOL
819,C4,True,CONVERGENCE: NORM OF PROJECTED GRADIENT <= PGTOL
819,C5,True,CONVERGENCE: NORM OF PROJECTED GRADIENT <= PGTOL
820,C1,True,CONVERGENCE: NORM OF PROJECTED GRADIENT <= PGTOL
820,C2,True,CONVERGENCE: NORM OF PROJECTED GRADIENT <= PGTOL
820,C3,True,CONVERGENCE: NORM OF PROJECTED GRADIENT <= PGTOL
820,C4,True,CONVERGENCE: NORM OF PROJECTED GRADIENT <= PGTOL
820,C5,True,CONVERGENCE: NORM OF PROJECTED GRADIENT <= PGTOL
821,C1,True,CONVERGENCE: NORM OF PROJECTED GRADIENT <= PGTOL
821,C2,True,CONVERGENCE: NORM OF PROJECTED GRADIENT <= PGTOL
821,C3,True,CONVERGENCE: NORM OF PROJECTED GRADIENT <= PGTOL
821,C4,True,CONVERGENCE: NORM OF PROJECTED GRADIENT <= PGTOL
821,C5,True,CONVERGENCE: NORM OF PROJECTED GRADIENT <= PGTOL
822,C1,True,CONVERGENCE: NORM OF PROJECTED GRADIENT <= PGTOL
822,C2,True,CONVERGENCE: NORM OF PROJECTED GRADIENT <= PGTOL
822,C3,True,CONVERGENCE: NORM OF PROJECTED GRADIENT <= PGTOL
822,C4,True,CONVERGENCE: NORM OF PROJECTED GRADIENT <= PGTOL
822,C5,True,CONVERGENCE: NORM OF PROJECTED GRADIENT <= PGTOL
823,C1,True,CONVERGENCE: NORM OF PROJECTED GRADIENT <= PGTOL
823,C2,True,CONVERGENCE: NORM OF PROJECTED GRADIENT <= PGTOL
823,C3,True,CONVERGENCE: NORM OF PROJECTED GRADIENT <= PGTOL
823,C4,True,CONVERGENCE: NORM OF PROJECTED GRADIENT <= PGTOL
823,C5,True,CONVERGENCE: NORM OF PROJECTED GRADIENT <= PGTOL
824,C1,True,CONVERGENCE: NORM OF PROJECTED GRADIENT <= PGTOL
824,C2,True,CONVERGENCE: NORM OF PROJECTED GRADIENT <= PGTOL
824,C3,True,CONVERGENCE: NORM OF PROJECTED GRADIENT <= PGTOL
824,C4,True,CONVERGENCE: NORM OF PROJECTED GRADIENT <= PGTOL
824,C5,True,CONVERGENCE: NORM OF PROJECTED GRADIENT <= PGTOL
825,C1,True,CONVERGENCE: NORM OF PROJECTED GRADIENT <= PGTOL
825,C2,True,CONVERGENCE: NORM OF PROJECTED GRADIENT <= PGTOL
825,C3,True,CONVERGENCE: NORM OF PROJECTED GRADIENT <= PGTOL
825,C4,True,CONVERGENCE: NORM OF PROJECTED GRADIENT <= PGTOL
825,C5,True,CONVERGENCE: NORM OF PROJECTED GRADIENT <= PGTOL
826,C1,True,CONVERGENCE: NORM OF PROJECTED GRADIENT <= PGTOL
826,C2,True,CONVERGENCE: NORM OF PROJECTED GRADIENT <= PGTOL
826,C3,True,CONVERGENCE: NORM OF PROJECTED GRADIENT <= PGTOL
826,C4,True,CONVERGENCE: NORM OF PROJECTED GRADIENT <= PGTOL
826,C5,True,CONVERGENCE: NORM OF PROJECTED GRADIENT <= PGTOL
827,C1,True,CONVERGENCE: NORM OF PROJECTED GRADIENT <= PGTOL
827,C2,True,CONVERGENCE: NORM OF PROJECTED GRADIENT <= PGTOL
827,C3,True,CONVERGENCE: NORM OF PROJECTED GRADIENT <= PGTOL
827,C4,True,CONVERGENCE: NORM OF PROJECTED GRADIENT <= PGTOL
827,C5,True,CONVERGENCE: NORM OF PROJECTED GRADIENT <= PGTOL
828,C1,True,CONVERGENCE: NORM OF PROJECTED GRADIENT <= PGTOL
828,C2,True,CONVERGENCE: NORM OF PROJECTED GRADIENT <= PGTOL
828,C3,True,CONVERGENCE: NORM OF PROJECTED GRADIENT <= PGTOL
828,C4,True,CONVERGENCE: NORM OF PROJECTED GRADIENT <= PGTOL
828,C5,True,CONVERGENCE: NORM OF PROJECTED GRADIENT <= PGTOL
829,C1,True,CONVERGENCE: NORM OF PROJECTED GRADIENT <= PGTOL
829,C2,True,CONVERGENCE: NORM OF PROJECTED GRADIENT <= PGTOL
829,C3,True,CONVERGENCE: NORM OF PROJECTED GRADIENT <= PGTOL
829,C4,True,CONVERGENCE: NORM OF PROJECTED GRADIENT <= PGTOL
829,C5,True,CONVERGENCE: NORM OF PROJECTED GRADIENT <= PGTOL
830,C1,True,CONVERGENCE: NORM OF PROJECTED GRADIENT <= PGTOL
830,C2,True,CONVERGENCE: NORM OF PROJECTED GRADIENT <= PGTOL
830,C3,True,CONVERGENCE: NORM OF PROJECTED GRADIENT <= PGTOL
830,C4,True,CONVERGENCE: NORM OF PROJECTED GRADIENT <= PGTOL
830,C5,True,CONVERGENCE: NORM OF PROJECTED GRADIENT <= PGTOL
831,C1,True,CONVERGENCE: NORM OF PROJECTED GRADIENT <= PGTOL
831,C2,True,CONVERGENCE: NORM OF PROJECTED GRADIENT <= PGTOL
831,C3,True,CONVERGENCE: NORM OF PROJECTED GRADIENT <= PGTOL
831,C4,True,CONVERGENCE: NORM OF PROJECTED GRADIENT <= PGTOL
831,C5,True,CONVERGENCE: NORM OF PROJECTED GRADIENT <= PGTOL
832,C1,True,CONVERGENCE: NORM OF PROJECTED GRADIENT <= PGTOL
832,C2,True,CONVERGENCE: NORM OF PROJECTED GRADIENT <= PGTOL
832,C3,True,CONVERGENCE: NORM OF PROJECTED GRADIENT <= PGTOL
832,C4,True,CONVERGENCE: NORM OF PROJECTED GRADIENT <= PGTOL
832,C5,True,CONVERGENCE: NORM OF PROJECTED GRADIENT <= PGTOL
833,C1,True,CONVERGENCE: NORM OF PROJECTED GRADIENT <= PGTOL
833,C2,True,CONVERGENCE: NORM OF PROJECTED GRADIENT <= PGTOL
833,C3,True,CONVERGENCE: NORM OF PROJECTED GRADIENT <= PGTOL
833,C4,True,CONVERGENCE: NORM OF PROJECTED GRADIENT <= PGTOL
833,C5,True,CONVERGENCE: NORM OF PROJECTED GRADIENT <= PGTOL
834,C1,True,CONVERGENCE: NORM OF PROJECTED GRADIENT <= PGTOL
834,C2,True,CONVERGENCE: NORM OF PROJECTED GRADIENT <= PGTOL
834,C3,True,CONVERGENCE: NORM OF PROJECTED GRADIENT <= PGTOL
834,C4,True,CONVERGENCE: NORM OF PROJECTED GRADIENT <= PGTOL
834,C5,True,CONVERGENCE: NORM OF PROJECTED GRADIENT <= PGTOL
835,C1,True,CONVERGENCE: NORM OF PROJECTED GRADIENT <= PGTOL
835,C2,True,CONVERGENCE: NORM OF PROJECTED GRADIENT <= PGTOL
835,C3,True,CONVERGENCE: NORM OF PROJECTED GRADIENT <= PGTOL
835,C4,True,CONVERGENCE: NORM OF PROJECTED GRADIENT <= PGTOL
835,C5,True,CONVERGENCE: NORM OF PROJECTED GRADIENT <= PGTOL
836,C1,True,CONVERGENCE: NORM OF PROJECTED GRADIENT <= PGTOL
836,C2,True,CONVERGENCE: NORM OF PROJECTED GRADIENT <= PGTOL
836,C3,True,CONVERGENCE: NORM OF PROJECTED GRADIENT <= PGTOL
836,C4,True,CONVERGENCE: NORM OF PROJECTED GRADIENT <= PGTOL
836,C5,True,CONVERGENCE: NORM OF PROJECTED GRADIENT <= PGTOL
837,C1,True,CONVERGENCE: NORM OF PROJECTED GRADIENT <= PGTOL
837,C2,True,CONVERGENCE: NORM OF PROJECTED GRADIENT <= PGTOL
837,C3,True,CONVERGENCE: NORM OF PROJECTED GRADIENT <= PGTOL
837,C4,True,CONVERGENCE: NORM OF PROJECTED GRADIENT <= PGTOL
837,C5,True,CONVERGENCE: NORM OF PROJECTED GRADIENT <= PGTOL
838,C1,True,CONVERGENCE: NORM OF PROJECTED GRADIENT <= PGTOL
838,C2,True,CONVERGENCE: NORM OF PROJECTED GRADIENT <= PGTOL
838,C3,True,CONVERGENCE: NORM OF PROJECTED GRADIENT <= PGTOL
838,C4,True,CONVERGENCE: NORM OF PROJECTED GRADIENT <= PGTOL
838,C5,True,CONVERGENCE: NORM OF PROJECTED GRADIENT <= PGTOL
839,C1,True,CONVERGENCE: NORM OF PROJECTED GRADIENT <= PGTOL
839,C2,True,CONVERGENCE: NORM OF PROJECTED GRADIENT <= PGTOL
839,C3,True,CONVERGENCE: NORM OF PROJECTED GRADIENT <= PGTOL
839,C4,True,CONVERGENCE: NORM OF PROJECTED GRADIENT <= PGTOL
839,C5,True,CONVERGENCE: NORM OF PROJECTED GRADIENT <= PGTOL
840,C1,True,CONVERGENCE: NORM OF PROJECTED GRADIENT <= PGTOL
840,C2,True,CONVERGENCE: NORM OF PROJECTED GRADIENT <= PGTOL
840,C3,True,CONVERGENCE: NORM OF PROJECTED GRADIENT <= PGTOL
840,C4,True,CONVERGENCE: NORM OF PROJECTED GRADIENT <= PGTOL
840,C5,True,CONVERGENCE: NORM OF PROJECTED GRADIENT <= PGTOL
841,C1,True,CONVERGENCE: NORM OF PROJECTED GRADIENT <= PGTOL
841,C2,True,CONVERGENCE: NORM OF PROJECTED GRADIENT <= PGTOL
841,C3,True,CONVERGENCE: NORM OF PROJECTED GRADIENT <= PGTOL
841,C4,True,CONVERGENCE: NORM OF PROJECTED GRADIENT <= PGTOL
841,C5,True,CONVERGENCE: NORM OF PROJECTED GRADIENT <= PGTOL
842,C1,True,CONVERGENCE: NORM OF PROJECTED GRADIENT <= PGTOL
842,C2,True,CONVERGENCE: NORM OF PROJECTED GRADIENT <= PGTOL
842,C3,True,CONVERGENCE: NORM OF PROJECTED GRADIENT <= PGTOL
842,C4,True,CONVERGENCE: NORM OF PROJECTED GRADIENT <= PGTOL
842,C5,True,CONVERGENCE: NORM OF PROJECTED GRADIENT <= PGTOL
843,C1,True,CONVERGENCE: NORM OF PROJECTED GRADIENT <= PGTOL
843,C2,True,CONVERGENCE: NORM OF PROJECTED GRADIENT <= PGTOL
843,C3,True,CONVERGENCE: NORM OF PROJECTED GRADIENT <= PGTOL
843,C4,True,CONVERGENCE: NORM OF PROJECTED GRADIENT <= PGTOL
843,C5,True,CONVERGENCE: NORM OF PROJECTED GRADIENT <= PGTOL
844,C1,True,CONVERGENCE: NORM OF PROJECTED GRADIENT <= PGTOL
844,C2,True,CONVERGENCE: NORM OF PROJECTED GRADIENT <= PGTOL
844,C3,True,CONVERGENCE: NORM OF PROJECTED GRADIENT <= PGTOL
844,C4,True,CONVERGENCE: NORM OF PROJECTED GRADIENT <= PGTOL
844,C5,True,CONVERGENCE: NORM OF PROJECTED GRADIENT <= PGTOL
845,C1,True,CONVERGENCE: NORM OF PROJECTED GRADIENT <= PGTOL
845,C2,True,CONVERGENCE: NORM OF PROJECTED GRADIENT <= PGTOL
845,C3,True,CONVERGENCE: NORM OF PROJECTED GRADIENT <= PGTOL
845,C4,True,CONVERGENCE: NORM OF PROJECTED GRADIENT <= PGTOL
845,C5,True,CONVERGENCE: NORM OF PROJECTED GRADIENT <= PGTOL
846,C1,True,CONVERGENCE: NORM OF PROJECTED GRADIENT <= PGTOL
846,C2,True,CONVERGENCE: NORM OF PROJECTED GRADIENT <= PGTOL
846,C3,True,CONVERGENCE: NORM OF PROJECTED GRADIENT <= PGTOL
846,C4,True,CONVERGENCE: NORM OF PROJECTED GRADIENT <= PGTOL
846,C5,True,CONVERGENCE: NORM OF PROJECTED GRADIENT <= PGTOL
847,C1,True,CONVERGENCE: NORM OF PROJECTED GRADIENT <= PGTOL
847,C2,True,CONVERGENCE: NORM OF PROJECTED GRADIENT <= PGTOL
847,C3,True,CONVERGENCE: NORM OF PROJECTED GRADIENT <= PGTOL
847,C4,True,CONVERGENCE: NORM OF PROJECTED GRADIENT <= PGTOL
847,C5,True,CONVERGENCE: NORM OF PROJECTED GRADIENT <= PGTOL
848,C1,True,CONVERGENCE: NORM OF PROJECTED GRADIENT <= PGTOL
848,C2,True,CONVERGENCE: NORM OF PROJECTED GRADIENT <= PGTOL
848,C3,True,CONVERGENCE: NORM OF PROJECTED GRADIENT <= PGTOL
848,C4,True,CONVERGENCE: NORM OF PROJECTED GRADIENT <= PGTOL
848,C5,True,CONVERGENCE: NORM OF PROJECTED GRADIENT <= PGTOL
849,C1,True,CONVERGENCE: NORM OF PROJECTED GRADIENT <= PGTOL
849,C2,True,CONVERGENCE: NORM OF PROJECTED GRADIENT <= PGTOL
849,C3,True,CONVERGENCE: NORM OF PROJECTED GRADIENT <= PGTOL
849,C4,True,CONVERGENCE: NORM OF PROJECTED GRADIENT <= PGTOL
849,C5,True,CONVERGENCE: NORM OF PROJECTED GRADIENT <= PGTOL
850,C1,True,CONVERGENCE: NORM OF PROJECTED GRADIENT <= PGTOL
850,C2,True,CONVERGENCE: NORM OF PROJECTED GRADIENT <= PGTOL
850,C3,True,CONVERGENCE: NORM OF PROJECTED GRADIENT <= PGTOL
850,C4,True,CONVERGENCE: NORM OF PROJECTED GRADIENT <= PGTOL
850,C5,True,CONVERGENCE: NORM OF PROJECTED GRADIENT <= PGTOL
851,C1,True,CONVERGENCE: NORM OF PROJECTED GRADIENT <= PGTOL
851,C2,True,CONVERGENCE: NORM OF PROJECTED GRADIENT <= PGTOL
851,C3,True,CONVERGENCE: NORM OF PROJECTED GRADIENT <= PGTOL
851,C4,True,CONVERGENCE: NORM OF PROJECTED GRADIENT <= PGTOL
851,C5,True,CONVERGENCE: NORM OF PROJECTED GRADIENT <= PGTOL
852,C1,True,CONVERGENCE: NORM OF PROJECTED GRADIENT <= PGTOL
852,C2,True,CONVERGENCE: NORM OF PROJECTED GRADIENT <= PGTOL
852,C3,True,CONVERGENCE: NORM OF PROJECTED GRADIENT <= PGTOL
852,C4,True,CONVERGENCE: NORM OF PROJECTED GRADIENT <= PGTOL
852,C5,True,CONVERGENCE: NORM OF PROJECTED GRADIENT <= PGTOL
853,C1,True,CONVERGENCE: NORM OF PROJECTED GRADIENT <= PGTOL
853,C2,True,CONVERGENCE: NORM OF PROJECTED GRADIENT <= PGTOL
853,C3,True,CONVERGENCE: NORM OF PROJECTED GRADIENT <= PGTOL
853,C4,True,CONVERGENCE: NORM OF PROJECTED GRADIENT <= PGTOL
853,C5,True,CONVERGENCE: NORM OF PROJECTED GRADIENT <= PGTOL
854,C1,True,CONVERGENCE: NORM OF PROJECTED GRADIENT <= PGTOL
854,C2,True,CONVERGENCE: NORM OF PROJECTED GRADIENT <= PGTOL
854,C3,True,CONVERGENCE: NORM OF PROJECTED GRADIENT <= PGTOL
854,C4,True,CONVERGENCE: NORM OF PROJECTED GRADIENT <= PGTOL
854,C5,True,CONVERGENCE: NORM OF PROJECTED GRADIENT <= PGTOL
855,C1,True,CONVERGENCE: NORM OF PROJECTED GRADIENT <= PGTOL
855,C2,True,CONVERGENCE: NORM OF PROJECTED GRADIENT <= PGTOL
855,C3,True,CONVERGENCE: NORM OF PROJECTED GRADIENT <= PGTOL
855,C4,True,CONVERGENCE: NORM OF PROJECTED GRADIENT <= PGTOL
855,C5,True,CONVERGENCE: NORM OF PROJECTED GRADIENT <= PGTOL
856,C1,True,CONVERGENCE: NORM OF PROJECTED GRADIENT <= PGTOL
856,C2,True,CONVERGENCE: NORM OF PROJECTED GRADIENT <= PGTOL
856,C3,True,CONVERGENCE: NORM OF PROJECTED GRADIENT <= PGTOL
856,C4,True,CONVERGENCE: NORM OF PROJECTED GRADIENT <= PGTOL
856,C5,True,CONVERGENCE: NORM OF PROJECTED GRADIENT <= PGTOL
857,C1,True,CONVERGENCE: NORM OF PROJECTED GRADIENT <= PGTOL
857,C2,True,CONVERGENCE: NORM OF PROJECTED GRADIENT <= PGTOL
857,C3,True,CONVERGENCE: NORM OF PROJECTED GRADIENT <= PGTOL
857,C4,True,CONVERGENCE: NORM OF PROJECTED GRADIENT <= PGTOL
857,C5,True,CONVERGENCE: NORM OF PROJECTED GRADIENT <= PGTOL
858,C1,True,CONVERGENCE: NORM OF PROJECTED GRADIENT <= PGTOL
858,C2,True,CONVERGENCE: NORM OF PROJECTED GRADIENT <= PGTOL
858,C3,True,CONVERGENCE: NORM OF PROJECTED GRADIENT <= PGTOL
858,C4,True,CONVERGENCE: NORM OF PROJECTED GRADIENT <= PGTOL
858,C5,True,CONVERGENCE: NORM OF PROJECTED GRADIENT <= PGTOL
859,C1,True,CONVERGENCE: NORM OF PROJECTED GRADIENT <= PGTOL
859,C2,True,CONVERGENCE: NORM OF PROJECTED GRADIENT <= PGTOL
859,C3,True,CONVERGENCE: NORM OF PROJECTED GRADIENT <= PGTOL
859,C4,True,CONVERGENCE: NORM OF PROJECTED GRADIENT <= PGTOL
859,C5,True,CONVERGENCE: NORM OF PROJECTED GRADIENT <= PGTOL
860,C1,True,CONVERGENCE: NORM OF PROJECTED GRADIENT <= PGTOL
860,C2,True,CONVERGENCE: NORM OF PROJECTED GRADIENT <= PGTOL
860,C3,True,CONVERGENCE: NORM OF PROJECTED GRADIENT <= PGTOL
860,C4,True,CONVERGENCE: NORM OF PROJECTED GRADIENT <= PGTOL
860,C5,True,CONVERGENCE: NORM OF PROJECTED GRADIENT <= PGTOL
861,C1,True,CONVERGENCE: NORM OF PROJECTED GRADIENT <= PGTOL
861,C2,True,CONVERGENCE: NORM OF PROJECTED GRADIENT <= PGTOL
861,C3,True,CONVERGENCE: NORM OF PROJECTED GRADIENT <= PGTOL
861,C4,True,CONVERGENCE: NORM OF PROJECTED GRADIENT <= PGTOL
861,C5,True,CONVERGENCE: NORM OF PROJECTED GRADIENT <= PGTOL
862,C1,True,CONVERGENCE: NORM OF PROJECTED GRADIENT <= PGTOL
862,C2,True,CONVERGENCE: NORM OF PROJECTED GRADIENT <= PGTOL
862,C3,True,CONVERGENCE: NORM OF PROJECTED GRADIENT <= PGTOL
862,C4,True,CONVERGENCE: NORM OF PROJECTED GRADIENT <= PGTOL
862,C5,True,CONVERGENCE: NORM OF PROJECTED GRADIENT <= PGTOL
863,C1,True,CONVERGENCE: NORM OF PROJECTED GRADIENT <= PGTOL
863,C2,True,CONVERGENCE: NORM OF PROJECTED GRADIENT <= PGTOL
863,C3,True,CONVERGENCE: NORM OF PROJECTED GRADIENT <= PGTOL
863,C4,True,CONVERGENCE: NORM OF PROJECTED GRADIENT <= PGTOL
863,C5,True,CONVERGENCE: NORM OF PROJECTED GRADIENT <= PGTOL
864,C1,True,CONVERGENCE: NORM OF PROJECTED GRADIENT <= PGTOL
864,C2,True,CONVERGENCE: NORM OF PROJECTED GRADIENT <= PGTOL
864,C3,True,CONVERGENCE: NORM OF PROJECTED GRADIENT <= PGTOL
864,C4,True,CONVERGENCE: NORM OF PROJECTED GRADIENT <= PGTOL
864,C5,True,CONVERGENCE: NORM OF PROJECTED GRADIENT <= PGTOL
865,C1,True,CONVERGENCE: NORM OF PROJECTED GRADIENT <= PGTOL
865,C2,True,CONVERGENCE: NORM OF PROJECTED GRADIENT <= PGTOL
865,C3,True,CONVERGENCE: NORM OF PROJECTED GRADIENT <= PGTOL
865,C4,True,CONVERGENCE: NORM OF PROJECTED GRADIENT <= PGTOL
865,C5,True,CONVERGENCE: NORM OF PROJECTED GRADIENT <= PGTOL
866,C1,True,CONVERGENCE: NORM OF PROJECTED GRADIENT <= PGTOL
866,C2,True,CONVERGENCE: NORM OF PROJECTED GRADIENT <= PGTOL
866,C3,True,CONVERGENCE: NORM OF PROJECTED GRADIENT <= PGTOL
866,C4,True,CONVERGENCE: NORM OF PROJECTED GRADIENT <= PGTOL
866,C5,True,CONVERGENCE: NORM OF PROJECTED GRADIENT <= PGTOL
867,C1,True,CONVERGENCE: NORM OF PROJECTED GRADIENT <= PGTOL
867,C2,True,CONVERGENCE: NORM OF PROJECTED GRADIENT <= PGTOL
867,C3,True,CONVERGENCE: NORM OF PROJECTED GRADIENT <= PGTOL
867,C4,True,CONVERGENCE: NORM OF PROJECTED GRADIENT <= PGTOL
867,C5,True,CONVERGENCE: NORM OF PROJECTED GRADIENT <= PGTOL
868,C1,True,CONVERGENCE: NORM OF PROJECTED GRADIENT <= PGTOL
868,C2,True,CONVERGENCE: NORM OF PROJECTED GRADIENT <= PGTOL
868,C3,True,CONVERGENCE: NORM OF PROJECTED GRADIENT <= PGTOL
868,C4,True,CONVERGENCE: NORM OF PROJECTED GRADIENT <= PGTOL
868,C5,True,CONVERGENCE: NORM OF PROJECTED GRADIENT <= PGTOL
869,C1,True,CONVERGENCE: NORM OF PROJECTED GRADIENT <= PGTOL
869,C2,True,CONVERGENCE: NORM OF PROJECTED GRADIENT <= PGTOL
869,C3,True,CONVERGENCE: NORM OF PROJECTED GRADIENT <= PGTOL
869,C4,True,CONVERGENCE: NORM OF PROJECTED GRADIENT <= PGTOL
869,C5,True,CONVERGENCE: NORM OF PROJECTED GRADIENT <= PGTOL
870,C1,True,CONVERGENCE: NORM OF PROJECTED GRADIENT <= PGTOL
870,C2,True,CONVERGENCE: NORM OF PROJECTED GRADIENT <= PGTOL
870,C3,True,CONVERGENCE: NORM OF PROJECTED GRADIENT <= PGTOL
870,C4,True,CONVERGENCE: NORM OF PROJECTED GRADIENT <= PGTOL
870,C5,True,CONVERGENCE: NORM OF PROJECTED GRADIENT <= PGTOL
871,C1,True,CONVERGENCE: NORM OF PROJECTED GRADIENT <= PGTOL
871,C2,True,CONVERGENCE: NORM OF PROJECTED GRADIENT <= PGTOL
871,C3,True,CONVERGENCE: NORM OF PROJECTED GRADIENT <= PGTOL
871,C4,True,CONVERGENCE: NORM OF PROJECTED GRADIENT <= PGTOL
871,C5,True,CONVERGENCE: NORM OF PROJECTED GRADIENT <= PGTOL
872,C1,True,CONVERGENCE: NORM OF PROJECTED GRADIENT <= PGTOL
872,C2,True,CONVERGENCE: NORM OF PROJECTED GRADIENT <= PGTOL
872,C3,True,CONVERGENCE: NORM OF PROJECTED GRADIENT <= PGTOL
872,C4,True,CONVERGENCE: NORM OF PROJECTED GRADIENT <= PGTOL
872,C5,True,CONVERGENCE: NORM OF PROJECTED GRADIENT <= PGTOL
873,C1,True,CONVERGENCE: NORM OF PROJECTED GRADIENT <= PGTOL
873,C2,True,CONVERGENCE: NORM OF PROJECTED GRADIENT <= PGTOL
873,C3,True,CONVERGENCE: NORM OF PROJECTED GRADIENT <= PGTOL
873,C4,True,CONVERGENCE: NORM OF PROJECTED GRADIENT <= PGTOL
873,C5,True,CONVERGENCE: NORM OF PROJECTED GRADIENT <= PGTOL
874,C1,True,CONVERGENCE: NORM OF PROJECTED GRADIENT <= PGTOL
874,C2,True,CONVERGENCE: NORM OF PROJECTED GRADIENT <= PGTOL
874,C3,True,CONVERGENCE: NORM OF PROJECTED GRADIENT <= PGTOL
874,C4,True,CONVERGENCE: NORM OF PROJECTED GRADIENT <= PGTOL
874,C5,True,CONVERGENCE: NORM OF PROJECTED GRADIENT <= PGTOL
875,C1,True,CONVERGENCE: NORM OF PROJECTED GRADIENT <= PGTOL
875,C2,True,CONVERGENCE: NORM OF PROJECTED GRADIENT <= PGTOL
875,C3,True,CONVERGENCE: NORM OF PROJECTED GRADIENT <= PGTOL
875,C4,True,CONVERGENCE: NORM OF PROJECTED GRADIENT <= PGTOL
875,C5,True,CONVERGENCE: NORM OF PROJECTED GRADIENT <= PGTOL
876,C1,True,CONVERGENCE: NORM OF PROJECTED GRADIENT <= PGTOL
876,C2,True,CONVERGENCE: NORM OF PROJECTED GRADIENT <= PGTOL
876,C3,True,CONVERGENCE: NORM OF PROJECTED GRADIENT <= PGTOL
876,C4,True,CONVERGENCE: NORM OF PROJECTED GRADIENT <= PGTOL
876,C5,True,CONVERGENCE: NORM OF PROJECTED GRADIENT <= PGTOL
877,C1,True,CONVERGENCE: NORM OF PROJECTED GRADIENT <= PGTOL
877,C2,True,CONVERGENCE: NORM OF PROJECTED GRADIENT <= PGTOL
877,C3,True,CONVERGENCE: NORM OF PROJECTED GRADIENT <= PGTOL
877,C4,True,CONVERGENCE: NORM OF PROJECTED GRADIENT <= PGTOL
877,C5,True,CONVERGENCE: NORM OF PROJECTED GRADIENT <= PGTOL
878,C1,True,CONVERGENCE: NORM OF PROJECTED GRADIENT <= PGTOL
878,C2,True,CONVERGENCE: NORM OF PROJECTED GRADIENT <= PGTOL
878,C3,True,CONVERGENCE: NORM OF PROJECTED GRADIENT <= PGTOL
878,C4,True,CONVERGENCE: NORM OF PROJECTED GRADIENT <= PGTOL
878,C5,True,CONVERGENCE: NORM OF PROJECTED GRADIENT <= PGTOL
879,C1,True,CONVERGENCE: NORM OF PROJECTED GRADIENT <= PGTOL
879,C2,True,CONVERGENCE: NORM OF PROJECTED GRADIENT <= PGTOL
879,C3,True,CONVERGENCE: NORM OF PROJECTED GRADIENT <= PGTOL
879,C4,True,CONVERGENCE: NORM OF PROJECTED GRADIENT <= PGTOL
879,C5,True,CONVERGENCE: NORM OF PROJECTED GRADIENT <= PGTOL
880,C1,True,CONVERGENCE: NORM OF PROJECTED GRADIENT <= PGTOL
880,C2,True,CONVERGENCE: NORM OF PROJECTED GRADIENT <= PGTOL
880,C3,True,CONVERGENCE: NORM OF PROJECTED GRADIENT <= PGTOL
880,C4,True,CONVERGENCE: NORM OF PROJECTED GRADIENT <= PGTOL
880,C5,True,CONVERGENCE: NORM OF PROJECTED GRADIENT <= PGTOL
881,C1,True,CONVERGENCE: NORM OF PROJECTED GRADIENT <= PGTOL
881,C2,True,CONVERGENCE: NORM OF PROJECTED GRADIENT <= PGTOL
881,C3,True,CONVERGENCE: NORM OF PROJECTED GRADIENT <= PGTOL
881,C4,True,CONVERGENCE: NORM OF PROJECTED GRADIENT <= PGTOL
881,C5,True,CONVERGENCE: NORM OF PROJECTED GRADIENT <= PGTOL
882,C1,True,CONVERGENCE: NORM OF PROJECTED GRADIENT <= PGTOL
882,C2,True,CONVERGENCE: NORM OF PROJECTED GRADIENT <= PGTOL
882,C3,True,CONVERGENCE: NORM OF PROJECTED GRADIENT <= PGTOL
882,C4,True,CONVERGENCE: NORM OF PROJECTED GRADIENT <= PGTOL
882,C5,True,CONVERGENCE: NORM OF PROJECTED GRADIENT <= PGTOL
883,C1,True,CONVERGENCE: NORM OF PROJECTED GRADIENT <= PGTOL
883,C2,True,CONVERGENCE: NORM OF PROJECTED GRADIENT <= PGTOL
883,C3,True,CONVERGENCE: NORM OF PROJECTED GRADIENT <= PGTOL
883,C4,True,CONVERGENCE: NORM OF PROJECTED GRADIENT <= PGTOL
883,C5,True,CONVERGENCE: NORM OF PROJECTED GRADIENT <= PGTOL
884,C1,True,CONVERGENCE: NORM OF PROJECTED GRADIENT <= PGTOL
884,C2,True,CONVERGENCE: NORM OF PROJECTED GRADIENT <= PGTOL
884,C3,True,CONVERGENCE: NORM OF PROJECTED GRADIENT <= PGTOL
884,C4,True,CONVERGENCE: NORM OF PROJECTED GRADIENT <= PGTOL
884,C5,True,CONVERGENCE: NORM OF PROJECTED GRADIENT <= PGTOL
885,C1,True,CONVERGENCE: NORM OF PROJECTED GRADIENT <= PGTOL
885,C2,True,CONVERGENCE: NORM OF PROJECTED GRADIENT <= PGTOL
885,C3,True,CONVERGENCE: NORM OF PROJECTED GRADIENT <= PGTOL
885,C4,True,CONVERGENCE: NORM OF PROJECTED GRADIENT <= PGTOL
885,C5,True,CONVERGENCE: NORM OF PROJECTED GRADIENT <= PGTOL
886,C1,True,CONVERGENCE: NORM OF PROJECTED GRADIENT <= PGTOL
886,C2,True,CONVERGENCE: NORM OF PROJECTED GRADIENT <= PGTOL
886,C3,True,CONVERGENCE: NORM OF PROJECTED GRADIENT <= PGTOL
886,C4,True,CONVERGENCE: NORM OF PROJECTED GRADIENT <= PGTOL
886,C5,True,CONVERGENCE: NORM OF PROJECTED GRADIENT <= PGTOL
887,C1,True,CONVERGENCE: NORM OF PROJECTED GRADIENT <= PGTOL
887,C2,True,CONVERGENCE: NORM OF PROJECTED GRADIENT <= PGTOL
887,C3,True,CONVERGENCE: NORM OF PROJECTED GRADIENT <= PGTOL
887,C4,True,CONVERGENCE: NORM OF PROJECTED GRADIENT <= PGTOL
887,C5,True,CONVERGENCE: NORM OF PROJECTED GRADIENT <= PGTOL
888,C1,True,CONVERGENCE: NORM OF PROJECTED GRADIENT <= PGTOL
888,C2,True,CONVERGENCE: NORM OF PROJECTED GRADIENT <= PGTOL
888,C3,True,CONVERGENCE: NORM OF PROJECTED GRADIENT <= PGTOL
888,C4,True,CONVERGENCE: NORM OF PROJECTED GRADIENT <= PGTOL
888,C5,True,CONVERGENCE: NORM OF PROJECTED GRADIENT <= PGTOL
889,C1,True,CONVERGENCE: NORM OF PROJECTED GRADIENT <= PGTOL
889,C2,True,CONVERGENCE: NORM OF PROJECTED GRADIENT <= PGTOL
889,C3,True,CONVERGENCE: NORM OF PROJECTED GRADIENT <= PGTOL
889,C4,True,CONVERGENCE: NORM OF PROJECTED GRADIENT <= PGTOL
889,C5,True,CONVERGENCE: NORM OF PROJECTED GRADIENT <= PGTOL
890,C1,True,CONVERGENCE: NORM OF PROJECTED GRADIENT <= PGTOL
890,C2,True,CONVERGENCE: NORM OF PROJECTED GRADIENT <= PGTOL
890,C3,True,CONVERGENCE: NORM OF PROJECTED GRADIENT <= PGTOL
890,C4,True,CONVERGENCE: NORM OF PROJECTED GRADIENT <= PGTOL
890,C5,True,CONVERGENCE: NORM OF PROJECTED GRADIENT <= PGTOL
891,C1,True,CONVERGENCE: NORM OF PROJECTED GRADIENT <= PGTOL
891,C2,True,CONVERGENCE: NORM OF PROJECTED GRADIENT <= PGTOL
891,C3,True,CONVERGENCE: NORM OF PROJECTED GRADIENT <= PGTOL
891,C4,True,CONVERGENCE: NORM OF PROJECTED GRADIENT <= PGTOL
891,C5,True,CONVERGENCE: NORM OF PROJECTED GRADIENT <= PGTOL
892,C1,True,CONVERGENCE: NORM OF PROJECTED GRADIENT <= PGTOL
892,C2,True,CONVERGENCE: NORM OF PROJECTED GRADIENT <= PGTOL
892,C3,True,CONVERGENCE: NORM OF PROJECTED GRADIENT <= PGTOL
892,C4,True,CONVERGENCE: NORM OF PROJECTED GRADIENT <= PGTOL
892,C5,True,CONVERGENCE: NORM OF PROJECTED GRADIENT <= PGTOL
893,C1,True,CONVERGENCE: NORM OF PROJECTED GRADIENT <= PGTOL
893,C2,True,CONVERGENCE: NORM OF PROJECTED GRADIENT <= PGTOL
893,C3,True,CONVERGENCE: NORM OF PROJECTED GRADIENT <= PGTOL
893,C4,True,CONVERGENCE: NORM OF PROJECTED GRADIENT <= PGTOL
893,C5,True,CONVERGENCE: NORM OF PROJECTED GRADIENT <= PGTOL
894,C1,True,CONVERGENCE: NORM OF PROJECTED GRADIENT <= PGTOL
894,C2,True,CONVERGENCE: NORM OF PROJECTED GRADIENT <= PGTOL
894,C3,True,CONVERGENCE: NORM OF PROJECTED GRADIENT <= PGTOL
894,C4,True,CONVERGENCE: NORM OF PROJECTED GRADIENT <= PGTOL
894,C5,True,CONVERGENCE: NORM OF PROJECTED GRADIENT <= PGTOL
895,C1,True,CONVERGENCE: NORM OF PROJECTED GRADIENT <= PGTOL
895,C2,True,CONVERGENCE: NORM OF PROJECTED GRADIENT <= PGTOL
895,C3,True,CONVERGENCE: NORM OF PROJECTED GRADIENT <= PGTOL
895,C4,True,CONVERGENCE: NORM OF PROJECTED GRADIENT <= PGTOL
895,C5,True,CONVERGENCE: NORM OF PROJECTED GRADIENT <= PGTOL
896,C1,True,CONVERGENCE: NORM OF PROJECTED GRADIENT <= PGTOL
896,C2,True,CONVERGENCE: NORM OF PROJECTED GRADIENT <= PGTOL
896,C3,True,CONVERGENCE: NORM OF PROJECTED GRADIENT <= PGTOL
896,C4,True,CONVERGENCE: NORM OF PROJECTED GRADIENT <= PGTOL
896,C5,True,CONVERGENCE: NORM OF PROJECTED GRADIENT <= PGTOL
897,C1,True,CONVERGENCE: NORM OF PROJECTED GRADIENT <= PGTOL
897,C2,True,CONVERGENCE: NORM OF PROJECTED GRADIENT <= PGTOL
897,C3,True,CONVERGENCE: NORM OF PROJECTED GRADIENT <= PGTOL
897,C4,True,CONVERGENCE: NORM OF PROJECTED GRADIENT <= PGTOL
897,C5,True,CONVERGENCE: NORM OF PROJECTED GRADIENT <= PGTOL
898,C1,True,CONVERGENCE: NORM OF PROJECTED GRADIENT <= PGTOL
898,C2,True,CONVERGENCE: NORM OF PROJECTED GRADIENT <= PGTOL
898,C3,True,CONVERGENCE: NORM OF PROJECTED GRADIENT <= PGTOL
898,C4,True,CONVERGENCE: NORM OF PROJECTED GRADIENT <= PGTOL
898,C5,True,CONVERGENCE: NORM OF PROJECTED GRADIENT <= PGTOL
899,C1,True,CONVERGENCE: NORM OF PROJECTED GRADIENT <= PGTOL
899,C2,True,CONVERGENCE: NORM OF PROJECTED GRADIENT <= PGTOL
899,C3,True,CONVERGENCE: NORM OF PROJECTED GRADIENT <= PGTOL
899,C4,True,CONVERGENCE: NORM OF PROJECTED GRADIENT <= PGTOL
899,C5,True,CONVERGENCE: NORM OF PROJECTED GRADIENT <= PGTOL
900,C1,True,CONVERGENCE: NORM OF PROJECTED GRADIENT <= PGTOL
900,C2,True,CONVERGENCE: NORM OF PROJECTED GRADIENT <= PGTOL
900,C3,True,CONVERGENCE: NORM OF PROJECTED GRADIENT <= PGTOL
900,C4,True,CONVERGENCE: NORM OF PROJECTED GRADIENT <= PGTOL
900,C5,True,CONVERGENCE: NORM OF PROJECTED GRADIENT <= PGTOL
901,C1,True,CONVERGENCE: NORM OF PROJECTED GRADIENT <= PGTOL
901,C2,True,CONVERGENCE: NORM OF PROJECTED GRADIENT <= PGTOL
901,C3,True,CONVERGENCE: NORM OF PROJECTED GRADIENT <= PGTOL
901,C4,True,CONVERGENCE: NORM OF PROJECTED GRADIENT <= PGTOL
901,C5,True,CONVERGENCE: NORM OF PROJECTED GRADIENT <= PGTOL
902,C1,True,CONVERGENCE: NORM OF PROJECTED GRADIENT <= PGTOL
902,C2,True,CONVERGENCE: NORM OF PROJECTED GRADIENT <= PGTOL
902,C3,True,CONVERGENCE: NORM OF PROJECTED GRADIENT <= PGTOL
902,C4,True,CONVERGENCE: NORM OF PROJECTED GRADIENT <= PGTOL
902,C5,True,CONVERGENCE: NORM OF PROJECTED GRADIENT <= PGTOL
903,C1,True,CONVERGENCE: NORM OF PROJECTED GRADIENT <= PGTOL
903,C2,True,CONVERGENCE: NORM OF PROJECTED GRADIENT <= PGTOL
903,C3,True,CONVERGENCE: NORM OF PROJECTED GRADIENT <= PGTOL
903,C4,True,CONVERGENCE: NORM OF PROJECTED GRADIENT <= PGTOL
903,C5,True,CONVERGENCE: NORM OF PROJECTED GRADIENT <= PGTOL
904,C1,True,CONVERGENCE: NORM OF PROJECTED GRADIENT <= PGTOL
904,C2,True,CONVERGENCE: NORM OF PROJECTED GRADIENT <= PGTOL
904,C3,True,CONVERGENCE: NORM OF PROJECTED GRADIENT <= PGTOL
904,C4,True,CONVERGENCE: NORM OF PROJECTED GRADIENT <= PGTOL
904,C5,True,CONVERGENCE: NORM OF PROJECTED GRADIENT <= PGTOL
905,C1,True,CONVERGENCE: NORM OF PROJECTED GRADIENT <= PGTOL
905,C2,True,CONVERGENCE: NORM OF PROJECTED GRADIENT <= PGTOL
905,C3,True,CONVERGENCE: NORM OF PROJECTED GRADIENT <= PGTOL
905,C4,True,CONVERGENCE: NORM OF PROJECTED GRADIENT <= PGTOL
905,C5,True,CONVERGENCE: NORM OF PROJECTED GRADIENT <= PGTOL
906,C1,True,CONVERGENCE: NORM OF PROJECTED GRADIENT <= PGTOL
906,C2,True,CONVERGENCE: NORM OF PROJECTED GRADIENT <= PGTOL
906,C3,True,CONVERGENCE: NORM OF PROJECTED GRADIENT <= PGTOL
906,C4,True,CONVERGENCE: NORM OF PROJECTED GRADIENT <= PGTOL
906,C5,True,CONVERGENCE: NORM OF PROJECTED GRADIENT <= PGTOL
907,C1,True,CONVERGENCE: NORM OF PROJECTED GRADIENT <= PGTOL
907,C2,True,CONVERGENCE: NORM OF PROJECTED GRADIENT <= PGTOL
907,C3,True,CONVERGENCE: NORM OF PROJECTED GRADIENT <= PGTOL
907,C4,True,CONVERGENCE: NORM OF PROJECTED GRADIENT <= PGTOL
907,C5,True,CONVERGENCE: NORM OF PROJECTED GRADIENT <= PGTOL
908,C1,True,CONVERGENCE: NORM OF PROJECTED GRADIENT <= PGTOL
908,C2,True,CONVERGENCE: NORM OF PROJECTED GRADIENT <= PGTOL
908,C3,True,CONVERGENCE: NORM OF PROJECTED GRADIENT <= PGTOL
908,C4,True,CONVERGENCE: NORM OF PROJECTED GRADIENT <= PGTOL
908,C5,True,CONVERGENCE: NORM OF PROJECTED GRADIENT <= PGTOL
909,C1,True,CONVERGENCE: NORM OF PROJECTED GRADIENT <= PGTOL
909,C2,True,CONVERGENCE: NORM OF PROJECTED GRADIENT <= PGTOL
909,C3,True,CONVERGENCE: NORM OF PROJECTED GRADIENT <= PGTOL
909,C4,True,CONVERGENCE: NORM OF PROJECTED GRADIENT <= PGTOL
909,C5,True,CONVERGENCE: NORM OF PROJECTED GRADIENT <= PGTOL
910,C1,True,CONVERGENCE: NORM OF PROJECTED GRADIENT <= PGTOL
910,C2,True,CONVERGENCE: NORM OF PROJECTED GRADIENT <= PGTOL
910,C3,True,CONVERGENCE: NORM OF PROJECTED GRADIENT <= PGTOL
910,C4,True,CONVERGENCE: NORM OF PROJECTED GRADIENT <= PGTOL
910,C5,True,CONVERGENCE: NORM OF PROJECTED GRADIENT <= PGTOL
911,C1,True,CONVERGENCE: NORM OF PROJECTED GRADIENT <= PGTOL
911,C2,True,CONVERGENCE: NORM OF PROJECTED GRADIENT <= PGTOL
911,C3,True,CONVERGENCE: NORM OF PROJECTED GRADIENT <= PGTOL
911,C4,True,CONVERGENCE: NORM OF PROJECTED GRADIENT <= PGTOL
911,C5,True,CONVERGENCE: NORM OF PROJECTED GRADIENT <= PGTOL
912,C1,True,CONVERGENCE: NORM OF PROJECTED GRADIENT <= PGTOL
912,C2,True,CONVERGENCE: NORM OF PROJECTED GRADIENT <= PGTOL
912,C3,True,CONVERGENCE: NORM OF PROJECTED GRADIENT <= PGTOL
912,C4,True,CONVERGENCE: NORM OF PROJECTED GRADIENT <= PGTOL
912,C5,True,CONVERGENCE: NORM OF PROJECTED GRADIENT <= PGTOL
913,C1,True,CONVERGENCE: NORM OF PROJECTED GRADIENT <= PGTOL
913,C2,True,CONVERGENCE: NORM OF PROJECTED GRADIENT <= PGTOL
913,C3,True,CONVERGENCE: NORM OF PROJECTED GRADIENT <= PGTOL
913,C4,True,CONVERGENCE: NORM OF PROJECTED GRADIENT <= PGTOL
913,C5,True,CONVERGENCE: NORM OF PROJECTED GRADIENT <= PGTOL
914,C1,True,CONVERGENCE: NORM OF PROJECTED GRADIENT <= PGTOL
914,C2,True,CONVERGENCE: NORM OF PROJECTED GRADIENT <= PGTOL
914,C3,True,CONVERGENCE: NORM OF PROJECTED GRADIENT <= PGTOL
914,C4,True,CONVERGENCE: NORM OF PROJECTED GRADIENT <= PGTOL
914,C5,True,CONVERGENCE: NORM OF PROJECTED GRADIENT <= PGTOL
915,C1,True,CONVERGENCE: NORM OF PROJECTED GRADIENT <= PGTOL
915,C2,True,CONVERGENCE: NORM OF PROJECTED GRADIENT <= PGTOL
915,C3,True,CONVERGENCE: NORM OF PROJECTED GRADIENT <= PGTOL
915,C4,True,CONVERGENCE: NORM OF PROJECTED GRADIENT <= PGTOL
915,C5,True,CONVERGENCE: NORM OF PROJECTED GRADIENT <= PGTOL
916,C1,True,CONVERGENCE: NORM OF PROJECTED GRADIENT <= PGTOL
916,C2,True,CONVERGENCE: NORM OF PROJECTED GRADIENT <= PGTOL
916,C3,True,CONVERGENCE: NORM OF PROJECTED GRADIENT <= PGTOL
916,C4,True,CONVERGENCE: NORM OF PROJECTED GRADIENT <= PGTOL
916,C5,True,CONVERGENCE: NORM OF PROJECTED GRADIENT <= PGTOL
917,C1,True,CONVERGENCE: NORM OF PROJECTED GRADIENT <= PGTOL
917,C2,True,CONVERGENCE: NORM OF PROJECTED GRADIENT <= PGTOL
917,C3,True,CONVERGENCE: NORM OF PROJECTED GRADIENT <= PGTOL
917,C4,True,CONVERGENCE: NORM OF PROJECTED GRADIENT <= PGTOL
917,C5,True,CONVERGENCE: NORM OF PROJECTED GRADIENT <= PGTOL
918,C1,True,CONVERGENCE: NORM OF PROJECTED GRADIENT <= PGTOL
918,C2,True,CONVERGENCE: NORM OF PROJECTED GRADIENT <= PGTOL
918,C3,True,CONVERGENCE: NORM OF PROJECTED GRADIENT <= PGTOL
918,C4,True,CONVERGENCE: NORM OF PROJECTED GRADIENT <= PGTOL
918,C5,True,CONVERGENCE: NORM OF PROJECTED GRADIENT <= PGTOL
919,C1,True,CONVERGENCE: NORM OF PROJECTED GRADIENT <= PGTOL
919,C2,True,CONVERGENCE: NORM OF PROJECTED GRADIENT <= PGTOL
919,C3,True,CONVERGENCE: NORM OF PROJECTED GRADIENT <= PGTOL
919,C4,True,CONVERGENCE: NORM OF PROJECTED GRADIENT <= PGTOL
919,C5,True,CONVERGENCE: NORM OF PROJECTED GRADIENT <= PGTOL
920,C1,True,CONVERGENCE: NORM OF PROJECTED GRADIENT <= PGTOL
920,C2,True,CONVERGENCE: NORM OF PROJECTED GRADIENT <= PGTOL
920,C3,True,CONVERGENCE: NORM OF PROJECTED GRADIENT <= PGTOL
920,C4,True,CONVERGENCE: NORM OF PROJECTED GRADIENT <= PGTOL
920,C5,True,CONVERGENCE: NORM OF PROJECTED GRADIENT <= PGTOL
921,C1,True,CONVERGENCE: NORM OF PROJECTED GRADIENT <= PGTOL
921,C2,True,CONVERGENCE: NORM OF PROJECTED GRADIENT <= PGTOL
921,C3,True,CONVERGENCE: NORM OF PROJECTED GRADIENT <= PGTOL
921,C4,True,CONVERGENCE: NORM OF PROJECTED GRADIENT <= PGTOL
921,C5,True,CONVERGENCE: NORM OF PROJECTED GRADIENT <= PGTOL
922,C1,True,CONVERGENCE: NORM OF PROJECTED GRADIENT <= PGTOL
922,C2,True,CONVERGENCE: NORM OF PROJECTED GRADIENT <= PGTOL
922,C3,True,CONVERGENCE: NORM OF PROJECTED GRADIENT <= PGTOL
922,C4,True,CONVERGENCE: NORM OF PROJECTED GRADIENT <= PGTOL
922,C5,True,CONVERGENCE: NORM OF PROJECTED GRADIENT <= PGTOL
923,C1,True,CONVERGENCE: NORM OF PROJECTED GRADIENT <= PGTOL
923,C2,True,CONVERGENCE: NORM OF PROJECTED GRADIENT <= PGTOL
923,C3,True,CONVERGENCE: NORM OF PROJECTED GRADIENT <= PGTOL
923,C4,True,CONVERGENCE: NORM OF PROJECTED GRADIENT <= PGTOL
923,C5,True,CONVERGENCE: NORM OF PROJECTED GRADIENT <= PGTOL
924,C1,True,CONVERGENCE: NORM OF PROJECTED GRADIENT <= PGTOL
924,C2,True,CONVERGENCE: NORM OF PROJECTED GRADIENT <= PGTOL
924,C3,True,CONVERGENCE: NORM OF PROJECTED GRADIENT <= PGTOL
924,C4,True,CONVERGENCE: NORM OF PROJECTED GRADIENT <= PGTOL
924,C5,True,CONVERGENCE: NORM OF PROJECTED GRADIENT <= PGTOL
925,C1,True,CONVERGENCE: NORM OF PROJECTED GRADIENT <= PGTOL
925,C2,True,CONVERGENCE: NORM OF PROJECTED GRADIENT <= PGTOL
925,C3,True,CONVERGENCE: NORM OF PROJECTED GRADIENT <= PGTOL
925,C4,True,CONVERGENCE: NORM OF PROJECTED GRADIENT <= PGTOL
925,C5,True,CONVERGENCE: NORM OF PROJECTED GRADIENT <= PGTOL
926,C1,True,CONVERGENCE: NORM OF PROJECTED GRADIENT <= PGTOL
926,C2,True,CONVERGENCE: NORM OF PROJECTED GRADIENT <= PGTOL
926,C3,True,CONVERGENCE: NORM OF PROJECTED GRADIENT <= PGTOL
926,C4,True,CONVERGENCE: NORM OF PROJECTED GRADIENT <= PGTOL
926,C5,True,CONVERGENCE: NORM OF PROJECTED GRADIENT <= PGTOL
927,C1,True,CONVERGENCE: NORM OF PROJECTED GRADIENT <= PGTOL
927,C2,True,CONVERGENCE: NORM OF PROJECTED GRADIENT <= PGTOL
927,C3,True,CONVERGENCE: NORM OF PROJECTED GRADIENT <= PGTOL
927,C4,True,CONVERGENCE: NORM OF PROJECTED GRADIENT <= PGTOL
927,C5,True,CONVERGENCE: NORM OF PROJECTED GRADIENT <= PGTOL
928,C1,True,CONVERGENCE: NORM OF PROJECTED GRADIENT <= PGTOL
928,C2,True,CONVERGENCE: NORM OF PROJECTED GRADIENT <= PGTOL
928,C3,True,CONVERGENCE: NORM OF PROJECTED GRADIENT <= PGTOL
928,C4,True,CONVERGENCE: NORM OF PROJECTED GRADIENT <= PGTOL
928,C5,True,CONVERGENCE: NORM OF PROJECTED GRADIENT <= PGTOL
929,C1,True,CONVERGENCE: NORM OF PROJECTED GRADIENT <= PGTOL
929,C2,True,CONVERGENCE: NORM OF PROJECTED GRADIENT <= PGTOL
929,C3,True,CONVERGENCE: NORM OF PROJECTED GRADIENT <= PGTOL
929,C4,True,CONVERGENCE: NORM OF PROJECTED GRADIENT <= PGTOL
929,C5,True,CONVERGENCE: NORM OF PROJECTED GRADIENT <= PGTOL
930,C1,True,CONVERGENCE: NORM OF PROJECTED GRADIENT <= PGTOL
930,C2,True,CONVERGENCE: NORM OF PROJECTED GRADIENT <= PGTOL
930,C3,True,CONVERGENCE: NORM OF PROJECTED GRADIENT <= PGTOL
930,C4,True,CONVERGENCE: NORM OF PROJECTED GRADIENT <= PGTOL
930,C5,True,CONVERGENCE: NORM OF PROJECTED GRADIENT <= PGTOL
931,C1,True,CONVERGENCE: NORM OF PROJECTED GRADIENT <= PGTOL
931,C2,True,CONVERGENCE: NORM OF PROJECTED GRADIENT <= PGTOL
931,C3,True,CONVERGENCE: NORM OF PROJECTED GRADIENT <= PGTOL
931,C4,True,CONVERGENCE: NORM OF PROJECTED GRADIENT <= PGTOL
931,C5,True,CONVERGENCE: NORM OF PROJECTED GRADIENT <= PGTOL
932,C1,True,CONVERGENCE: NORM OF PROJECTED GRADIENT <= PGTOL
932,C2,True,CONVERGENCE: NORM OF PROJECTED GRADIENT <= PGTOL
932,C3,True,CONVERGENCE: NORM OF PROJECTED GRADIENT <= PGTOL
932,C4,True,CONVERGENCE: NORM OF PROJECTED GRADIENT <= PGTOL
932,C5,True,CONVERGENCE: NORM OF PROJECTED GRADIENT <= PGTOL
933,C1,True,CONVERGENCE: NORM OF PROJECTED GRADIENT <= PGTOL
933,C2,True,CONVERGENCE: NORM OF PROJECTED GRADIENT <= PGTOL
933,C3,True,CONVERGENCE: NORM OF PROJECTED GRADIENT <= PGTOL
933,C4,True,CONVERGENCE: NORM OF PROJECTED GRADIENT <= PGTOL
933,C5,True,CONVERGENCE: NORM OF PROJECTED GRADIENT <= PGTOL
934,C1,True,CONVERGENCE: NORM OF PROJECTED GRADIENT <= PGTOL
934,C2,True,CONVERGENCE: NORM OF PROJECTED GRADIENT <= PGTOL
934,C3,True,CONVERGENCE: NORM OF PROJECTED GRADIENT <= PGTOL
934,C4,True,CONVERGENCE: NORM OF PROJECTED GRADIENT <= PGTOL
934,C5,True,CONVERGENCE: NORM OF PROJECTED GRADIENT <= PGTOL
935,C1,True,CONVERGENCE: NORM OF PROJECTED GRADIENT <= PGTOL
935,C2,True,CONVERGENCE: NORM OF PROJECTED GRADIENT <= PGTOL
935,C3,True,CONVERGENCE: NORM OF PROJECTED GRADIENT <= PGTOL
935,C4,True,CONVERGENCE: NORM OF PROJECTED GRADIENT <= PGTOL
935,C5,True,CONVERGENCE: NORM OF PROJECTED GRADIENT <= PGTOL
936,C1,True,CONVERGENCE: NORM OF PROJECTED GRADIENT <= PGTOL
936,C2,True,CONVERGENCE: NORM OF PROJECTED GRADIENT <= PGTOL
936,C3,True,CONVERGENCE: NORM OF PROJECTED GRADIENT <= PGTOL
936,C4,True,CONVERGENCE: NORM OF PROJECTED GRADIENT <= PGTOL
936,C5,True,CONVERGENCE: NORM OF PROJECTED GRADIENT <= PGTOL
937,C1,True,CONVERGENCE: NORM OF PROJECTED GRADIENT <= PGTOL
937,C2,True,CONVERGENCE: NORM OF PROJECTED GRADIENT <= PGTOL
937,C3,True,CONVERGENCE: NORM OF PROJECTED GRADIENT <= PGTOL
937,C4,True,CONVERGENCE: NORM OF PROJECTED GRADIENT <= PGTOL
937,C5,True,CONVERGENCE: NORM OF PROJECTED GRADIENT <= PGTOL
938,C1,True,CONVERGENCE: NORM OF PROJECTED GRADIENT <= PGTOL
938,C2,True,CONVERGENCE: NORM OF PROJECTED GRADIENT <= PGTOL
938,C3,True,CONVERGENCE: NORM OF PROJECTED GRADIENT <= PGTOL
938,C4,True,CONVERGENCE: NORM OF PROJECTED GRADIENT <= PGTOL
938,C5,True,CONVERGENCE: NORM OF PROJECTED GRADIENT <= PGTOL
939,C1,True,CONVERGENCE: NORM OF PROJECTED GRADIENT <= PGTOL
939,C2,True,CONVERGENCE: NORM OF PROJECTED GRADIENT <= PGTOL
939,C3,True,CONVERGENCE: NORM OF PROJECTED GRADIENT <= PGTOL
939,C4,True,CONVERGENCE: NORM OF PROJECTED GRADIENT <= PGTOL
939,C5,True,CONVERGENCE: NORM OF PROJECTED GRADIENT <= PGTOL
940,C1,True,CONVERGENCE: NORM OF PROJECTED GRADIENT <= PGTOL
940,C2,True,CONVERGENCE: NORM OF PROJECTED GRADIENT <= PGTOL
940,C3,True,CONVERGENCE: NORM OF PROJECTED GRADIENT <= PGTOL
940,C4,True,CONVERGENCE: NORM OF PROJECTED GRADIENT <= PGTOL
940,C5,True,CONVERGENCE: NORM OF PROJECTED GRADIENT <= PGTOL
941,C1,True,CONVERGENCE: NORM OF PROJECTED GRADIENT <= PGTOL
941,C2,True,CONVERGENCE: NORM OF PROJECTED GRADIENT <= PGTOL
941,C3,True,CONVERGENCE: NORM OF PROJECTED GRADIENT <= PGTOL
941,C4,True,CONVERGENCE: NORM OF PROJECTED GRADIENT <= PGTOL
941,C5,True,CONVERGENCE: NORM OF PROJECTED GRADIENT <= PGTOL
942,C1,True,CONVERGENCE: NORM OF PROJECTED GRADIENT <= PGTOL
942,C2,True,CONVERGENCE: NORM OF PROJECTED GRADIENT <= PGTOL
942,C3,True,CONVERGENCE: NORM OF PROJECTED GRADIENT <= PGTOL
942,C4,True,CONVERGENCE: NORM OF PROJECTED GRADIENT <= PGTOL
942,C5,True,CONVERGENCE: NORM OF PROJECTED GRADIENT <= PGTOL
943,C1,True,CONVERGENCE: NORM OF PROJECTED GRADIENT <= PGTOL
943,C2,True,CONVERGENCE: NORM OF PROJECTED GRADIENT <= PGTOL
943,C3,True,CONVERGENCE: NORM OF PROJECTED GRADIENT <= PGTOL
943,C4,True,CONVERGENCE: NORM OF PROJECTED GRADIENT <= PGTOL
943,C5,True,CONVERGENCE: NORM OF PROJECTED GRADIENT <= PGTOL
944,C1,True,CONVERGENCE: NORM OF PROJECTED GRADIENT <= PGTOL
944,C2,True,CONVERGENCE: NORM OF PROJECTED GRADIENT <= PGTOL
944,C3,True,CONVERGENCE: NORM OF PROJECTED GRADIENT <= PGTOL
944,C4,True,CONVERGENCE: NORM OF PROJECTED GRADIENT <= PGTOL
944,C5,True,CONVERGENCE: NORM OF PROJECTED GRADIENT <= PGTOL
945,C1,True,CONVERGENCE: NORM OF PROJECTED GRADIENT <= PGTOL
945,C2,True,CONVERGENCE: NORM OF PROJECTED GRADIENT <= PGTOL
945,C3,True,CONVERGENCE: NORM OF PROJECTED GRADIENT <= PGTOL
945,C4,True,CONVERGENCE: NORM OF PROJECTED GRADIENT <= PGTOL
945,C5,True,CONVERGENCE: NORM OF PROJECTED GRADIENT <= PGTOL
946,C1,True,CONVERGENCE: NORM OF PROJECTED GRADIENT <= PGTOL
946,C2,True,CONVERGENCE: NORM OF PROJECTED GRADIENT <= PGTOL
946,C3,True,CONVERGENCE: NORM OF PROJECTED GRADIENT <= PGTOL
946,C4,True,CONVERGENCE: NORM OF PROJECTED GRADIENT <= PGTOL
946,C5,True,CONVERGENCE: NORM OF PROJECTED GRADIENT <= PGTOL
947,C1,True,CONVERGENCE: NORM OF PROJECTED GRADIENT <= PGTOL
947,C2,True,CONVERGENCE: NORM OF PROJECTED GRADIENT <= PGTOL
947,C3,True,CONVERGENCE: NORM OF PROJECTED GRADIENT <= PGTOL
947,C4,True,CONVERGENCE: NORM OF PROJECTED GRADIENT <= PGTOL
947,C5,True,CONVERGENCE: NORM OF PROJECTED GRADIENT <= PGTOL
948,C1,True,CONVERGENCE: NORM OF PROJECTED GRADIENT <= PGTOL
948,C2,True,CONVERGENCE: NORM OF PROJECTED GRADIENT <= PGTOL
948,C3,True,CONVERGENCE: NORM OF PROJECTED GRADIENT <= PGTOL
948,C4,True,CONVERGENCE: NORM OF PROJECTED GRADIENT <= PGTOL
948,C5,True,CONVERGENCE: NORM OF PROJECTED GRADIENT <= PGTOL
949,C1,True,CONVERGENCE: NORM OF PROJECTED GRADIENT <= PGTOL
949,C2,True,CONVERGENCE: NORM OF PROJECTED GRADIENT <= PGTOL
949,C3,True,CONVERGENCE: NORM OF PROJECTED GRADIENT <= PGTOL
949,C4,True,CONVERGENCE: NORM OF PROJECTED GRADIENT <= PGTOL
949,C5,True,CONVERGENCE: NORM OF PROJECTED GRADIENT <= PGTOL
950,C1,True,CONVERGENCE: NORM OF PROJECTED GRADIENT <= PGTOL
950,C2,True,CONVERGENCE: NORM OF PROJECTED GRADIENT <= PGTOL
950,C3,True,CONVERGENCE: NORM OF PROJECTED GRADIENT <= PGTOL
950,C4,True,CONVERGENCE: NORM OF PROJECTED GRADIENT <= PGTOL
950,C5,True,CONVERGENCE: NORM OF PROJECTED GRADIENT <= PGTOL
951,C1,True,CONVERGENCE: NORM OF PROJECTED GRADIENT <= PGTOL
951,C2,True,CONVERGENCE: NORM OF PROJECTED GRADIENT <= PGTOL
951,C3,True,CONVERGENCE: NORM OF PROJECTED GRADIENT <= PGTOL
951,C4,True,CONVERGENCE: NORM OF PROJECTED GRADIENT <= PGTOL
951,C5,True,CONVERGENCE: NORM OF PROJECTED GRADIENT <= PGTOL
952,C1,True,CONVERGENCE: NORM OF PROJECTED GRADIENT <= PGTOL
952,C2,True,CONVERGENCE: NORM OF PROJECTED GRADIENT <= PGTOL
952,C3,True,CONVERGENCE: NORM OF PROJECTED GRADIENT <= PGTOL
952,C4,True,CONVERGENCE: NORM OF PROJECTED GRADIENT <= PGTOL
952,C5,True,CONVERGENCE: NORM OF PROJECTED GRADIENT <= PGTOL
953,C1,True,CONVERGENCE: NORM OF PROJECTED GRADIENT <= PGTOL
953,C2,True,CONVERGENCE: NORM OF PROJECTED GRADIENT <= PGTOL
953,C3,True,CONVERGENCE: NORM OF PROJECTED GRADIENT <= PGTOL
953,C4,True,CONVERGENCE: NORM OF PROJECTED GRADIENT <= PGTOL
953,C5,True,CONVERGENCE: NORM OF PROJECTED GRADIENT <= PGTOL
954,C1,True,CONVERGENCE: NORM OF PROJECTED GRADIENT <= PGTOL
954,C2,True,CONVERGENCE: NORM OF PROJECTED GRADIENT <= PGTOL
954,C3,True,CONVERGENCE: NORM OF PROJECTED GRADIENT <= PGTOL
954,C4,True,CONVERGENCE: NORM OF PROJECTED GRADIENT <= PGTOL
954,C5,True,CONVERGENCE: NORM OF PROJECTED GRADIENT <= PGTOL
955,C1,True,CONVERGENCE: NORM OF PROJECTED GRADIENT <= PGTOL
955,C2,True,CONVERGENCE: NORM OF PROJECTED GRADIENT <= PGTOL
955,C3,True,CONVERGENCE: NORM OF PROJECTED GRADIENT <= PGTOL
955,C4,True,CONVERGENCE: NORM OF PROJECTED GRADIENT <= PGTOL
955,C5,True,CONVERGENCE: NORM OF PROJECTED GRADIENT <= PGTOL
956,C1,True,CONVERGENCE: NORM OF PROJECTED GRADIENT <= PGTOL
956,C2,True,CONVERGENCE: NORM OF PROJECTED GRADIENT <= PGTOL
956,C3,True,CONVERGENCE: NORM OF PROJECTED GRADIENT <= PGTOL
956,C4,True,CONVERGENCE: NORM OF PROJECTED GRADIENT <= PGTOL
956,C5,True,CONVERGENCE: NORM OF PROJECTED GRADIENT <= PGTOL
957,C1,True,CONVERGENCE: NORM OF PROJECTED GRADIENT <= PGTOL
957,C2,True,CONVERGENCE: NORM OF PROJECTED GRADIENT <= PGTOL
957,C3,True,CONVERGENCE: NORM OF PROJECTED GRADIENT <= PGTOL
957,C4,True,CONVERGENCE: NORM OF PROJECTED GRADIENT <= PGTOL
957,C5,True,CONVERGENCE: NORM OF PROJECTED GRADIENT <= PGTOL
958,C1,True,CONVERGENCE: NORM OF PROJECTED GRADIENT <= PGTOL
958,C2,True,CONVERGENCE: NORM OF PROJECTED GRADIENT <= PGTOL
958,C3,True,CONVERGENCE: NORM OF PROJECTED GRADIENT <= PGTOL
958,C4,True,CONVERGENCE: NORM OF PROJECTED GRADIENT <= PGTOL
958,C5,True,CONVERGENCE: NORM OF PROJECTED GRADIENT <= PGTOL
959,C1,True,CONVERGENCE: NORM OF PROJECTED GRADIENT <= PGTOL
959,C2,True,CONVERGENCE: NORM OF PROJECTED GRADIENT <= PGTOL
959,C3,True,CONVERGENCE: NORM OF PROJECTED GRADIENT <= PGTOL
959,C4,True,CONVERGENCE: NORM OF PROJECTED GRADIENT <= PGTOL
959,C5,True,CONVERGENCE: NORM OF PROJECTED GRADIENT <= PGTOL
960,C1,True,CONVERGENCE: NORM OF PROJECTED GRADIENT <= PGTOL
960,C2,True,CONVERGENCE: NORM OF PROJECTED GRADIENT <= PGTOL
960,C3,True,CONVERGENCE: NORM OF PROJECTED GRADIENT <= PGTOL
960,C4,True,CONVERGENCE: NORM OF PROJECTED GRADIENT <= PGTOL
960,C5,True,CONVERGENCE: NORM OF PROJECTED GRADIENT <= PGTOL
961,C1,True,CONVERGENCE: NORM OF PROJECTED GRADIENT <= PGTOL
961,C2,True,CONVERGENCE: NORM OF PROJECTED GRADIENT <= PGTOL
961,C3,True,CONVERGENCE: NORM OF PROJECTED GRADIENT <= PGTOL
961,C4,True,CONVERGENCE: NORM OF PROJECTED GRADIENT <= PGTOL
961,C5,True,CONVERGENCE: NORM OF PROJECTED GRADIENT <= PGTOL
962,C1,True,CONVERGENCE: NORM OF PROJECTED GRADIENT <= PGTOL
962,C2,True,CONVERGENCE: NORM OF PROJECTED GRADIENT <= PGTOL
962,C3,True,CONVERGENCE: NORM OF PROJECTED GRADIENT <= PGTOL
962,C4,True,CONVERGENCE: NORM OF PROJECTED GRADIENT <= PGTOL
962,C5,True,CONVERGENCE: NORM OF PROJECTED GRADIENT <= PGTOL
963,C1,True,CONVERGENCE: NORM OF PROJECTED GRADIENT <= PGTOL
963,C2,True,CONVERGENCE: NORM OF PROJECTED GRADIENT <= PGTOL
963,C3,True,CONVERGENCE: NORM OF PROJECTED GRADIENT <= PGTOL
963,C4,True,CONVERGENCE: NORM OF PROJECTED GRADIENT <= PGTOL
963,C5,True,CONVERGENCE: NORM OF PROJECTED GRADIENT <= PGTOL
964,C1,True,CONVERGENCE: NORM OF PROJECTED GRADIENT <= PGTOL
964,C2,True,CONVERGENCE: NORM OF PROJECTED GRADIENT <= PGTOL
964,C3,True,CONVERGENCE: NORM OF PROJECTED GRADIENT <= PGTOL
964,C4,True,CONVERGENCE: NORM OF PROJECTED GRADIENT <= PGTOL
964,C5,True,CONVERGENCE: NORM OF PROJECTED GRADIENT <= PGTOL
965,C1,True,CONVERGENCE: NORM OF PROJECTED GRADIENT <= PGTOL
965,C2,True,CONVERGENCE: NORM OF PROJECTED GRADIENT <= PGTOL
965,C3,True,CONVERGENCE: NORM OF PROJECTED GRADIENT <= PGTOL
965,C4,True,CONVERGENCE: NORM OF PROJECTED GRADIENT <= PGTOL
965,C5,True,CONVERGENCE: NORM OF PROJECTED GRADIENT <= PGTOL
966,C1,True,CONVERGENCE: NORM OF PROJECTED GRADIENT <= PGTOL
966,C2,True,CONVERGENCE: NORM OF PROJECTED GRADIENT <= PGTOL
966,C3,True,CONVERGENCE: NORM OF PROJECTED GRADIENT <= PGTOL
966,C4,True,CONVERGENCE: NORM OF PROJECTED GRADIENT <= PGTOL
966,C5,True,CONVERGENCE: NORM OF PROJECTED GRADIENT <= PGTOL
967,C1,True,CONVERGENCE: NORM OF PROJECTED GRADIENT <= PGTOL
967,C2,True,CONVERGENCE: NORM OF PROJECTED GRADIENT <= PGTOL
967,C3,True,CONVERGENCE: NORM OF PROJECTED GRADIENT <= PGTOL
967,C4,True,CONVERGENCE: NORM OF PROJECTED GRADIENT <= PGTOL
967,C5,True,CONVERGENCE: NORM OF PROJECTED GRADIENT <= PGTOL
968,C1,True,CONVERGENCE: NORM OF PROJECTED GRADIENT <= PGTOL
968,C2,True,CONVERGENCE: NORM OF PROJECTED GRADIENT <= PGTOL
968,C3,True,CONVERGENCE: NORM OF PROJECTED GRADIENT <= PGTOL
968,C4,True,CONVERGENCE: NORM OF PROJECTED GRADIENT <= PGTOL
968,C5,True,CONVERGENCE: NORM OF PROJECTED GRADIENT <= PGTOL
969,C1,True,CONVERGENCE: NORM OF PROJECTED GRADIENT <= PGTOL
969,C2,True,CONVERGENCE: NORM OF PROJECTED GRADIENT <= PGTOL
969,C3,True,CONVERGENCE: NORM OF PROJECTED GRADIENT <= PGTOL
969,C4,True,CONVERGENCE: NORM OF PROJECTED GRADIENT <= PGTOL
969,C5,True,CONVERGENCE: NORM OF PROJECTED GRADIENT <= PGTOL
970,C1,True,CONVERGENCE: NORM OF PROJECTED GRADIENT <= PGTOL
970,C2,True,CONVERGENCE: NORM OF PROJECTED GRADIENT <= PGTOL
970,C3,True,CONVERGENCE: NORM OF PROJECTED GRADIENT <= PGTOL
970,C4,True,CONVERGENCE: NORM OF PROJECTED GRADIENT <= PGTOL
970,C5,True,CONVERGENCE: NORM OF PROJECTED GRADIENT <= PGTOL
971,C1,True,CONVERGENCE: NORM OF PROJECTED GRADIENT <= PGTOL
971,C2,True,CONVERGENCE: NORM OF PROJECTED GRADIENT <= PGTOL
971,C3,True,CONVERGENCE: NORM OF PROJECTED GRADIENT <= PGTOL
971,C4,True,CONVERGENCE: NORM OF PROJECTED GRADIENT <= PGTOL
971,C5,True,CONVERGENCE: NORM OF PROJECTED GRADIENT <= PGTOL
972,C1,True,CONVERGENCE: NORM OF PROJECTED GRADIENT <= PGTOL
972,C2,True,CONVERGENCE: NORM OF PROJECTED GRADIENT <= PGTOL
972,C3,True,CONVERGENCE: NORM OF PROJECTED GRADIENT <= PGTOL
972,C4,True,CONVERGENCE: NORM OF PROJECTED GRADIENT <= PGTOL
972,C5,True,CONVERGENCE: NORM OF PROJECTED GRADIENT <= PGTOL
973,C1,True,CONVERGENCE: NORM OF PROJECTED GRADIENT <= PGTOL
973,C2,True,CONVERGENCE: NORM OF PROJECTED GRADIENT <= PGTOL
973,C3,True,CONVERGENCE: NORM OF PROJECTED GRADIENT <= PGTOL
973,C4,True,CONVERGENCE: NORM OF PROJECTED GRADIENT <= PGTOL
973,C5,True,CONVERGENCE: NORM OF PROJECTED GRADIENT <= PGTOL
974,C1,True,CONVERGENCE: NORM OF PROJECTED GRADIENT <= PGTOL
974,C2,True,CONVERGENCE: NORM OF PROJECTED GRADIENT <= PGTOL
974,C3,True,CONVERGENCE: NORM OF PROJECTED GRADIENT <= PGTOL
974,C4,True,CONVERGENCE: NORM OF PROJECTED GRADIENT <= PGTOL
974,C5,True,CONVERGENCE: NORM OF PROJECTED GRADIENT <= PGTOL
975,C1,True,CONVERGENCE: NORM OF PROJECTED GRADIENT <= PGTOL
975,C2,True,CONVERGENCE: NORM OF PROJECTED GRADIENT <= PGTOL
975,C3,True,CONVERGENCE: NORM OF PROJECTED GRADIENT <= PGTOL
975,C4,True,CONVERGENCE: NORM OF PROJECTED GRADIENT <= PGTOL
975,C5,True,CONVERGENCE: NORM OF PROJECTED GRADIENT <= PGTOL
976,C1,True,CONVERGENCE: NORM OF PROJECTED GRADIENT <= PGTOL
976,C2,True,CONVERGENCE: NORM OF PROJECTED GRADIENT <= PGTOL
976,C3,True,CONVERGENCE: NORM OF PROJECTED GRADIENT <= PGTOL
976,C4,True,CONVERGENCE: NORM OF PROJECTED GRADIENT <= PGTOL
976,C5,True,CONVERGENCE: NORM OF PROJECTED GRADIENT <= PGTOL
977,C1,True,CONVERGENCE: NORM OF PROJECTED GRADIENT <= PGTOL
977,C2,True,CONVERGENCE: NORM OF PROJECTED GRADIENT <= PGTOL
977,C3,True,CONVERGENCE: NORM OF PROJECTED GRADIENT <= PGTOL
977,C4,True,CONVERGENCE: NORM OF PROJECTED GRADIENT <= PGTOL
977,C5,True,CONVERGENCE: NORM OF PROJECTED GRADIENT <= PGTOL
978,C1,True,CONVERGENCE: NORM OF PROJECTED GRADIENT <= PGTOL
978,C2,True,CONVERGENCE: NORM OF PROJECTED GRADIENT <= PGTOL
978,C3,True,CONVERGENCE: NORM OF PROJECTED GRADIENT <= PGTOL
978,C4,True,CONVERGENCE: NORM OF PROJECTED GRADIENT <= PGTOL
978,C5,True,CONVERGENCE: NORM OF PROJECTED GRADIENT <= PGTOL
979,C1,True,CONVERGENCE: NORM OF PROJECTED GRADIENT <= PGTOL
979,C2,True,CONVERGENCE: NORM OF PROJECTED GRADIENT <= PGTOL
979,C3,True,CONVERGENCE: NORM OF PROJECTED GRADIENT <= PGTOL
979,C4,True,CONVERGENCE: NORM OF PROJECTED GRADIENT <= PGTOL
979,C5,True,CONVERGENCE: NORM OF PROJECTED GRADIENT <= PGTOL
980,C1,True,CONVERGENCE: NORM OF PROJECTED GRADIENT <= PGTOL
980,C2,True,CONVERGENCE: NORM OF PROJECTED GRADIENT <= PGTOL
980,C3,True,CONVERGENCE: NORM OF PROJECTED GRADIENT <= PGTOL
980,C4,True,CONVERGENCE: NORM OF PROJECTED GRADIENT <= PGTOL
980,C5,True,CONVERGENCE: NORM OF PROJECTED GRADIENT <= PGTOL
981,C1,True,CONVERGENCE: NORM OF PROJECTED GRADIENT <= PGTOL
981,C2,True,CONVERGENCE: NORM OF PROJECTED GRADIENT <= PGTOL
981,C3,True,CONVERGENCE: NORM OF PROJECTED GRADIENT <= PGTOL
981,C4,True,CONVERGENCE: NORM OF PROJECTED GRADIENT <= PGTOL
981,C5,True,CONVERGENCE: NORM OF PROJECTED GRADIENT <= PGTOL
982,C1,True,CONVERGENCE: NORM OF PROJECTED GRADIENT <= PGTOL
982,C2,True,CONVERGENCE: NORM OF PROJECTED GRADIENT <= PGTOL
982,C3,True,CONVERGENCE: NORM OF PROJECTED GRADIENT <= PGTOL
982,C4,True,CONVERGENCE: NORM OF PROJECTED GRADIENT <= PGTOL
982,C5,True,CONVERGENCE: NORM OF PROJECTED GRADIENT <= PGTOL
983,C1,True,CONVERGENCE: NORM OF PROJECTED GRADIENT <= PGTOL
983,C2,True,CONVERGENCE: NORM OF PROJECTED GRADIENT <= PGTOL
983,C3,True,CONVERGENCE: NORM OF PROJECTED GRADIENT <= PGTOL
983,C4,True,CONVERGENCE: NORM OF PROJECTED GRADIENT <= PGTOL
983,C5,True,CONVERGENCE: NORM OF PROJECTED GRADIENT <= PGTOL
984,C1,True,CONVERGENCE: NORM OF PROJECTED GRADIENT <= PGTOL
984,C2,True,CONVERGENCE: NORM OF PROJECTED GRADIENT <= PGTOL
984,C3,True,CONVERGENCE: NORM OF PROJECTED GRADIENT <= PGTOL
984,C4,True,CONVERGENCE: NORM OF PROJECTED GRADIENT <= PGTOL
984,C5,True,CONVERGENCE: NORM OF PROJECTED GRADIENT <= PGTOL
985,C1,True,CONVERGENCE: NORM OF PROJECTED GRADIENT <= PGTOL
985,C2,True,CONVERGENCE: NORM OF PROJECTED GRADIENT <= PGTOL
985,C3,True,CONVERGENCE: NORM OF PROJECTED GRADIENT <= PGTOL
985,C4,True,CONVERGENCE: NORM OF PROJECTED GRADIENT <= PGTOL
985,C5,True,CONVERGENCE: NORM OF PROJECTED GRADIENT <= PGTOL
986,C1,True,CONVERGENCE: NORM OF PROJECTED GRADIENT <= PGTOL
986,C2,True,CONVERGENCE: NORM OF PROJECTED GRADIENT <= PGTOL
986,C3,True,CONVERGENCE: NORM OF PROJECTED GRADIENT <= PGTOL
986,C4,True,CONVERGENCE: NORM OF PROJECTED GRADIENT <= PGTOL
986,C5,True,CONVERGENCE: NORM OF PROJECTED GRADIENT <= PGTOL
987,C1,True,CONVERGENCE: NORM OF PROJECTED GRADIENT <= PGTOL
987,C2,True,CONVERGENCE: NORM OF PROJECTED GRADIENT <= PGTOL
987,C3,True,CONVERGENCE: NORM OF PROJECTED GRADIENT <= PGTOL
987,C4,True,CONVERGENCE: NORM OF PROJECTED GRADIENT <= PGTOL
987,C5,True,CONVERGENCE: NORM OF PROJECTED GRADIENT <= PGTOL
988,C1,True,CONVERGENCE: NORM OF PROJECTED GRADIENT <= PGTOL
988,C2,True,CONVERGENCE: NORM OF PROJECTED GRADIENT <= PGTOL
988,C3,True,CONVERGENCE: NORM OF PROJECTED GRADIENT <= PGTOL
988,C4,True,CONVERGENCE: NORM OF PROJECTED GRADIENT <= PGTOL
988,C5,True,CONVERGENCE: NORM OF PROJECTED GRADIENT <= PGTOL
989,C1,True,CONVERGENCE: NORM OF PROJECTED GRADIENT <= PGTOL
989,C2,True,CONVERGENCE: NORM OF PROJECTED GRADIENT <= PGTOL
989,C3,True,CONVERGENCE: NORM OF PROJECTED GRADIENT <= PGTOL
989,C4,True,CONVERGENCE: NORM OF PROJECTED GRADIENT <= PGTOL
989,C5,True,CONVERGENCE: NORM OF PROJECTED GRADIENT <= PGTOL
990,C1,True,CONVERGENCE: NORM OF PROJECTED GRADIENT <= PGTOL
990,C2,True,CONVERGENCE: NORM OF PROJECTED GRADIENT <= PGTOL
990,C3,True,CONVERGENCE: NORM OF PROJECTED GRADIENT <= PGTOL
990,C4,True,CONVERGENCE: NORM OF PROJECTED GRADIENT <= PGTOL
990,C5,True,CONVERGENCE: NORM OF PROJECTED GRADIENT <= PGTOL
991,C1,True,CONVERGENCE: NORM OF PROJECTED GRADIENT <= PGTOL
991,C2,True,CONVERGENCE: NORM OF PROJECTED GRADIENT <= PGTOL
991,C3,True,CONVERGENCE: NORM OF PROJECTED GRADIENT <= PGTOL
991,C4,True,CONVERGENCE: NORM OF PROJECTED GRADIENT <= PGTOL
991,C5,True,CONVERGENCE: NORM OF PROJECTED GRADIENT <= PGTOL
992,C1,True,CONVERGENCE: NORM OF PROJECTED GRADIENT <= PGTOL
992,C2,True,CONVERGENCE: NORM OF PROJECTED GRADIENT <= PGTOL
992,C3,True,CONVERGENCE: NORM OF PROJECTED GRADIENT <= PGTOL
992,C4,True,CONVERGENCE: NORM OF PROJECTED GRADIENT <= PGTOL
992,C5,True,CONVERGENCE: NORM OF PROJECTED GRADIENT <= PGTOL
993,C1,True,CONVERGENCE: NORM OF PROJECTED GRADIENT <= PGTOL
993,C2,True,CONVERGENCE: NORM OF PROJECTED GRADIENT <= PGTOL
993,C3,True,CONVERGENCE: NORM OF PROJECTED GRADIENT <= PGTOL
993,C4,True,CONVERGENCE: NORM OF PROJECTED GRADIENT <= PGTOL
993,C5,True,CONVERGENCE: NORM OF PROJECTED GRADIENT <= PGTOL
994,C1,True,CONVERGENCE: NORM OF PROJECTED GRADIENT <= PGTOL
994,C2,True,CONVERGENCE: NORM OF PROJECTED GRADIENT <= PGTOL
994,C3,True,CONVERGENCE: NORM OF PROJECTED GRADIENT <= PGTOL
994,C4,True,CONVERGENCE: NORM OF PROJECTED GRADIENT <= PGTOL
994,C5,True,CONVERGENCE: NORM OF PROJECTED GRADIENT <= PGTOL
995,C1,True,CONVERGENCE: NORM OF PROJECTED GRADIENT <= PGTOL
995,C2,True,CONVERGENCE: NORM OF PROJECTED GRADIENT <= PGTOL
995,C3,True,CONVERGENCE: NORM OF PROJECTED GRADIENT <= PGTOL
995,C4,True,CONVERGENCE: NORM OF PROJECTED GRADIENT <= PGTOL
995,C5,True,CONVERGENCE: NORM OF PROJECTED GRADIENT <= PGTOL
996,C1,True,CONVERGENCE: NORM OF PROJECTED GRADIENT <= PGTOL
996,C2,True,CONVERGENCE: NORM OF PROJECTED GRADIENT <= PGTOL
996,C3,True,CONVERGENCE: NORM OF PROJECTED GRADIENT <= PGTOL
996,C4,True,CONVERGENCE: NORM OF PROJECTED GRADIENT <= PGTOL
996,C5,True,CONVERGENCE: NORM OF PROJECTED GRADIENT <= PGTOL
997,C1,True,CONVERGENCE: NORM OF PROJECTED GRADIENT <= PGTOL
997,C2,True,CONVERGENCE: NORM OF PROJECTED GRADIENT <= PGTOL
997,C3,True,CONVERGENCE: NORM OF PROJECTED GRADIENT <= PGTOL
997,C4,True,CONVERGENCE: NORM OF PROJECTED GRADIENT <= PGTOL
997,C5,True,CONVERGENCE: NORM OF PROJECTED GRADIENT <= PGTOL
998,C1,True,CONVERGENCE: NORM OF PROJECTED GRADIENT <= PGTOL
998,C2,True,CONVERGENCE: NORM OF PROJECTED GRADIENT <= PGTOL
998,C3,True,CONVERGENCE: NORM OF PROJECTED GRADIENT <= PGTOL
998,C4,True,CONVERGENCE: NORM OF PROJECTED GRADIENT <= PGTOL
998,C5,True,CONVERGENCE: NORM OF PROJECTED GRADIENT <= PGTOL
999,C1,True,CONVERGENCE: NORM OF PROJECTED GRADIENT <= PGTOL
999,C2,True,CONVERGENCE: NORM OF PROJECTED GRADIENT <= PGTOL
999,C3,True,CONVERGENCE: NORM OF PROJECTED GRADIENT <= PGTOL
999,C4,True,CONVERGENCE: NORM OF PROJECTED GRADIENT <= PGTOL
999,C5,True,CONVERGENCE: NORM OF PROJECTED GRADIENT <= PGTOL
1000,C1,True,CONVERGENCE: NORM OF PROJECTED GRADIENT <= PGTOL
1000,C2,True,CONVERGENCE: NORM OF PROJECTED GRADIENT <= PGTOL
1000,C3,True,CONVERGENCE: NORM OF PROJECTED GRADIENT <= PGTOL
1000,C4,True,CONVERGENCE: NORM OF PROJECTED GRADIENT <= PGTOL
1000,C5,True,CONVERGENCE: NORM OF PROJECTED GRADIENT <= PGTOL
1001,C1,True,CONVERGENCE: NORM OF PROJECTED GRADIENT <= PGTOL
1001,C2,True,CONVERGENCE: NORM OF PROJECTED GRADIENT <= PGTOL
1001,C3,True,CONVERGENCE: NORM OF PROJECTED GRADIENT <= PGTOL
1001,C4,True,CONVERGENCE: NORM OF PROJECTED GRADIENT <= PGTOL
1001,C5,True,CONVERGENCE: NORM OF PROJECTED GRADIENT <= PGTOL
1002,C1,True,CONVERGENCE: NORM OF PROJECTED GRADIENT <= PGTOL
1002,C2,True,CONVERGENCE: NORM OF PROJECTED GRADIENT <= PGTOL
1002,C3,True,CONVERGENCE: NORM OF PROJECTED GRADIENT <= PGTOL
1002,C4,True,CONVERGENCE: NORM OF PROJECTED GRADIENT <= PGTOL
1002,C5,True,CONVERGENCE: NORM OF PROJECTED GRADIENT <= PGTOL
1003,C1,True,CONVERGENCE: NORM OF PROJECTED GRADIENT <= PGTOL
1003,C2,True,CONVERGENCE: NORM OF PROJECTED GRADIENT <= PGTOL
1003,C3,True,CONVERGENCE: NORM OF PROJECTED GRADIENT <= PGTOL
1003,C4,True,CONVERGENCE: NORM OF PROJECTED GRADIENT <= PGTOL
1003,C5,True,CONVERGENCE: NORM OF PROJECTED GRADIENT <= PGTOL
1004,C1,True,CONVERGENCE: NORM OF PROJECTED GRADIENT <= PGTOL
1004,C2,True,CONVERGENCE: NORM OF PROJECTED GRADIENT <= PGTOL
1004,C3,True,CONVERGENCE: NORM OF PROJECTED GRADIENT <= PGTOL
1004,C4,True,CONVERGENCE: NORM OF PROJECTED GRADIENT <= PGTOL
1004,C5,True,CONVERGENCE: NORM OF PROJECTED GRADIENT <= PGTOL
1005,C1,True,CONVERGENCE: NORM OF PROJECTED GRADIENT <= PGTOL
1005,C2,True,CONVERGENCE: NORM OF PROJECTED GRADIENT <= PGTOL
1005,C3,True,CONVERGENCE: NORM OF PROJECTED GRADIENT <= PGTOL
1005,C4,True,CONVERGENCE: NORM OF PROJECTED GRADIENT <= PGTOL
1005,C5,True,CONVERGENCE: NORM OF PROJECTED GRADIENT <= PGTOL
1006,C1,True,CONVERGENCE: NORM OF PROJECTED GRADIENT <= PGTOL
1006,C2,True,CONVERGENCE: NORM OF PROJECTED GRADIENT <= PGTOL
1006,C3,True,CONVERGENCE: NORM OF PROJECTED GRADIENT <= PGTOL
1006,C4,True,CONVERGENCE: NORM OF PROJECTED GRADIENT <= PGTOL
1006,C5,True,CONVERGENCE: NORM OF PROJECTED GRADIENT <= PGTOL
1007,C1,True,CONVERGENCE: NORM OF PROJECTED GRADIENT <= PGTOL
1007,C2,True,CONVERGENCE: NORM OF PROJECTED GRADIENT <= PGTOL
1007,C3,True,CONVERGENCE: NORM OF PROJECTED GRADIENT <= PGTOL
1007,C4,True,CONVERGENCE: NORM OF PROJECTED GRADIENT <= PGTOL
1007,C5,True,CONVERGENCE: NORM OF PROJECTED GRADIENT <= PGTOL
1008,C1,True,CONVERGENCE: NORM OF PROJECTED GRADIENT <= PGTOL
1008,C2,True,CONVERGENCE: NORM OF PROJECTED GRADIENT <= PGTOL
1008,C3,True,CONVERGENCE: NORM OF PROJECTED GRADIENT <= PGTOL
1008,C4,True,CONVERGENCE: NORM OF PROJECTED GRADIENT <= PGTOL
1008,C5,True,CONVERGENCE: NORM OF PROJECTED GRADIENT <= PGTOL
1009,C1,True,CONVERGENCE: NORM OF PROJECTED GRADIENT <= PGTOL
1009,C2,True,CONVERGENCE: NORM OF PROJECTED GRADIENT <= PGTOL
1009,C3,True,CONVERGENCE: NORM OF PROJECTED GRADIENT <= PGTOL
1009,C4,True,CONVERGENCE: NORM OF PROJECTED GRADIENT <= PGTOL
1009,C5,True,CONVERGENCE: NORM OF PROJECTED GRADIENT <= PGTOL
1010,C1,True,CONVERGENCE: NORM OF PROJECTED GRADIENT <= PGTOL
1010,C2,True,CONVERGENCE: NORM OF PROJECTED GRADIENT <= PGTOL
1010,C3,True,CONVERGENCE: NORM OF PROJECTED GRADIENT <= PGTOL
1010,C4,True,CONVERGENCE: NORM OF PROJECTED GRADIENT <= PGTOL
1010,C5,True,CONVERGENCE: NORM OF PROJECTED GRADIENT <= PGTOL
1011,C1,True,CONVERGENCE: NORM OF PROJECTED GRADIENT <= PGTOL
1011,C2,True,CONVERGENCE: NORM OF PROJECTED GRADIENT <= PGTOL
1011,C3,True,CONVERGENCE: NORM OF PROJECTED GRADIENT <= PGTOL
1011,C4,True,CONVERGENCE: NORM OF PROJECTED GRADIENT <= PGTOL
1011,C5,True,CONVERGENCE: NORM OF PROJECTED GRADIENT <= PGTOL
1012,C1,True,CONVERGENCE: NORM OF PROJECTED GRADIENT <= PGTOL
1012,C2,True,CONVERGENCE: NORM OF PROJECTED GRADIENT <= PGTOL
1012,C3,True,CONVERGENCE: NORM OF PROJECTED GRADIENT <= PGTOL
1012,C4,True,CONVERGENCE: NORM OF PROJECTED GRADIENT <= PGTOL
1012,C5,True,CONVERGENCE: NORM OF PROJECTED GRADIENT <= PGTOL
1013,C1,True,CONVERGENCE: NORM OF PROJECTED GRADIENT <= PGTOL
1013,C2,True,CONVERGENCE: NORM OF PROJECTED GRADIENT <= PGTOL
1013,C3,True,CONVERGENCE: NORM OF PROJECTED GRADIENT <= PGTOL
1013,C4,True,CONVERGENCE: NORM OF PROJECTED GRADIENT <= PGTOL
1013,C5,True,CONVERGENCE: NORM OF PROJECTED GRADIENT <= PGTOL
1014,C1,True,CONVERGENCE: NORM OF PROJECTED GRADIENT <= PGTOL
1014,C2,True,CONVERGENCE: NORM OF PROJECTED GRADIENT <= PGTOL
1014,C3,True,CONVERGENCE: NORM OF PROJECTED GRADIENT <= PGTOL
1014,C4,True,CONVERGENCE: NORM OF PROJECTED GRADIENT <= PGTOL
1014,C5,True,CONVERGENCE: NORM OF PROJECTED GRADIENT <= PGTOL
1015,C1,True,CONVERGENCE: NORM OF PROJECTED GRADIENT <= PGTOL
1015,C2,True,CONVERGENCE: NORM OF PROJECTED GRADIENT <= PGTOL
1015,C3,True,CONVERGENCE: NORM OF PROJECTED GRADIENT <= PGTOL
1015,C4,True,CONVERGENCE: NORM OF PROJECTED GRADIENT <= PGTOL
1015,C5,True,CONVERGENCE: NORM OF PROJECTED GRADIENT <= PGTOL
1016,C1,True,CONVERGENCE: NORM OF PROJECTED GRADIENT <= PGTOL
1016,C2,True,CONVERGENCE: NORM OF PROJECTED GRADIENT <= PGTOL
1016,C3,True,CONVERGENCE: NORM OF PROJECTED GRADIENT <= PGTOL
1016,C4,True,CONVERGENCE: NORM OF PROJECTED GRADIENT <= PGTOL
1016,C5,True,CONVERGENCE: NORM OF PROJECTED GRADIENT <= PGTOL
1017,C1,True,CONVERGENCE: NORM OF PROJECTED GRADIENT <= PGTOL
1017,C2,True,CONVERGENCE: NORM OF PROJECTED GRADIENT <= PGTOL
1017,C3,True,CONVERGENCE: NORM OF PROJECTED GRADIENT <= PGTOL
1017,C4,True,CONVERGENCE: NORM OF PROJECTED GRADIENT <= PGTOL
1017,C5,True,CONVERGENCE: NORM OF PROJECTED GRADIENT <= PGTOL
1018,C1,True,CONVERGENCE: NORM OF PROJECTED GRADIENT <= PGTOL
1018,C2,True,CONVERGENCE: NORM OF PROJECTED GRADIENT <= PGTOL
1018,C3,True,CONVERGENCE: NORM OF PROJECTED GRADIENT <= PGTOL
1018,C4,True,CONVERGENCE: NORM OF PROJECTED GRADIENT <= PGTOL
1018,C5,True,CONVERGENCE: NORM OF PROJECTED GRADIENT <= PGTOL
1019,C1,True,CONVERGENCE: NORM OF PROJECTED GRADIENT <= PGTOL
1019,C2,True,CONVERGENCE: NORM OF PROJECTED GRADIENT <= PGTOL
1019,C3,True,CONVERGENCE: NORM OF PROJECTED GRADIENT <= PGTOL
1019,C4,True,CONVERGENCE: NORM OF PROJECTED GRADIENT <= PGTOL
1019,C5,True,CONVERGENCE: NORM OF PROJECTED GRADIENT <= PGTOL
1020,C1,True,CONVERGENCE: NORM OF PROJECTED GRADIENT <= PGTOL
1020,C2,True,CONVERGENCE: NORM OF PROJECTED GRADIENT <= PGTOL
1020,C3,True,CONVERGENCE: NORM OF PROJECTED GRADIENT <= PGTOL
1020,C4,True,CONVERGENCE: NORM OF PROJECTED GRADIENT <= PGTOL
1020,C5,True,CONVERGENCE: NORM OF PROJECTED GRADIENT <= PGTOL
1021,C1,True,CONVERGENCE: NORM OF PROJECTED GRADIENT <= PGTOL
1021,C2,True,CONVERGENCE: NORM OF PROJECTED GRADIENT <= PGTOL
1021,C3,True,CONVERGENCE: NORM OF PROJECTED GRADIENT <= PGTOL
1021,C4,True,CONVERGENCE: NORM OF PROJECTED GRADIENT <= PGTOL
1021,C5,True,CONVERGENCE: NORM OF PROJECTED GRADIENT <= PGTOL
1022,C1,True,CONVERGENCE: NORM OF PROJECTED GRADIENT <= PGTOL
1022,C2,True,CONVERGENCE: NORM OF PROJECTED GRADIENT <= PGTOL
1022,C3,True,CONVERGENCE: NORM OF PROJECTED GRADIENT <= PGTOL
1022,C4,True,CONVERGENCE: NORM OF PROJECTED GRADIENT <= PGTOL
1022,C5,True,CONVERGENCE: NORM OF PROJECTED GRADIENT <= PGTOL
1023,C1,True,CONVERGENCE: NORM OF PROJECTED GRADIENT <= PGTOL
1023,C2,True,CONVERGENCE: NORM OF PROJECTED GRADIENT <= PGTOL
1023,C3,True,CONVERGENCE: NORM OF PROJECTED GRADIENT <= PGTOL
1023,C4,True,CONVERGENCE: NORM OF PROJECTED GRADIENT <= PGTOL
1023,C5,True,CONVERGENCE: NORM OF PROJECTED GRADIENT <= PGTOL
1024,C1,True,CONVERGENCE: NORM OF PROJECTED GRADIENT <= PGTOL
1024,C2,True,CONVERGENCE: NORM OF PROJECTED GRADIENT <= PGTOL
1024,C3,True,CONVERGENCE: NORM OF PROJECTED GRADIENT <= PGTOL
1024,C4,True,CONVERGENCE: NORM OF PROJECTED GRADIENT <= PGTOL
1024,C5,True,CONVERGENCE: NORM OF PROJECTED GRADIENT <= PGTOL
1025,C1,True,CONVERGENCE: NORM OF PROJECTED GRADIENT <= PGTOL
1025,C2,True,CONVERGENCE: NORM OF PROJECTED GRADIENT <= PGTOL
1025,C3,True,CONVERGENCE: NORM OF PROJECTED GRADIENT <= PGTOL
1025,C4,True,CONVERGENCE: NORM OF PROJECTED GRADIENT <= PGTOL
1025,C5,True,CONVERGENCE: NORM OF PROJECTED GRADIENT <= PGTOL
1026,C1,True,CONVERGENCE: NORM OF PROJECTED GRADIENT <= PGTOL
1026,C2,True,CONVERGENCE: NORM OF PROJECTED GRADIENT <= PGTOL
1026,C3,True,CONVERGENCE: NORM OF PROJECTED GRADIENT <= PGTOL
1026,C4,True,CONVERGENCE: NORM OF PROJECTED GRADIENT <= PGTOL
1026,C5,True,CONVERGENCE: NORM OF PROJECTED GRADIENT <= PGTOL
1027,C1,True,CONVERGENCE: NORM OF PROJECTED GRADIENT <= PGTOL
1027,C2,True,CONVERGENCE: NORM OF PROJECTED GRADIENT <= PGTOL
1027,C3,True,CONVERGENCE: NORM OF PROJECTED GRADIENT <= PGTOL
1027,C4,True,CONVERGENCE: NORM OF PROJECTED GRADIENT <= PGTOL
1027,C5,True,CONVERGENCE: NORM OF PROJECTED GRADIENT <= PGTOL
1028,C1,True,CONVERGENCE: NORM OF PROJECTED GRADIENT <= PGTOL
1028,C2,True,CONVERGENCE: NORM OF PROJECTED GRADIENT <= PGTOL
1028,C3,True,CONVERGENCE: NORM OF PROJECTED GRADIENT <= PGTOL
1028,C4,True,CONVERGENCE: NORM OF PROJECTED GRADIENT <= PGTOL
1028,C5,True,CONVERGENCE: NORM OF PROJECTED GRADIENT <= PGTOL
1029,C1,True,CONVERGENCE: NORM OF PROJECTED GRADIENT <= PGTOL
1029,C2,True,CONVERGENCE: NORM OF PROJECTED GRADIENT <= PGTOL
1029,C3,True,CONVERGENCE: NORM OF PROJECTED GRADIENT <= PGTOL
1029,C4,True,CONVERGENCE: NORM OF PROJECTED GRADIENT <= PGTOL
1029,C5,True,CONVERGENCE: NORM OF PROJECTED GRADIENT <= PGTOL
1030,C1,True,CONVERGENCE: NORM OF PROJECTED GRADIENT <= PGTOL
1030,C2,True,CONVERGENCE: NORM OF PROJECTED GRADIENT <= PGTOL
1030,C3,True,CONVERGENCE: NORM OF PROJECTED GRADIENT <= PGTOL
1030,C4,True,CONVERGENCE: NORM OF PROJECTED GRADIENT <= PGTOL
1030,C5,True,CONVERGENCE: NORM OF PROJECTED GRADIENT <= PGTOL
1031,C1,True,CONVERGENCE: NORM OF PROJECTED GRADIENT <= PGTOL
1031,C2,True,CONVERGENCE: NORM OF PROJECTED GRADIENT <= PGTOL
1031,C3,True,CONVERGENCE: NORM OF PROJECTED GRADIENT <= PGTOL
1031,C4,True,CONVERGENCE: NORM OF PROJECTED GRADIENT <= PGTOL
1031,C5,True,CONVERGENCE: NORM OF PROJECTED GRADIENT <= PGTOL
1032,C1,True,CONVERGENCE: NORM OF PROJECTED GRADIENT <= PGTOL
1032,C2,True,CONVERGENCE: NORM OF PROJECTED GRADIENT <= PGTOL
1032,C3,True,CONVERGENCE: NORM OF PROJECTED GRADIENT <= PGTOL
1032,C4,True,CONVERGENCE: NORM OF PROJECTED GRADIENT <= PGTOL
1032,C5,True,CONVERGENCE: NORM OF PROJECTED GRADIENT <= PGTOL
1033,C1,True,CONVERGENCE: NORM OF PROJECTED GRADIENT <= PGTOL
1033,C2,True,CONVERGENCE: NORM OF PROJECTED GRADIENT <= PGTOL
1033,C3,True,CONVERGENCE: NORM OF PROJECTED GRADIENT <= PGTOL
1033,C4,True,CONVERGENCE: NORM OF PROJECTED GRADIENT <= PGTOL
1033,C5,True,CONVERGENCE: NORM OF PROJECTED GRADIENT <= PGTOL
1034,C1,True,CONVERGENCE: NORM OF PROJECTED GRADIENT <= PGTOL
1034,C2,True,CONVERGENCE: NORM OF PROJECTED GRADIENT <= PGTOL
1034,C3,True,CONVERGENCE: NORM OF PROJECTED GRADIENT <= PGTOL
1034,C4,True,CONVERGENCE: NORM OF PROJECTED GRADIENT <= PGTOL
1034,C5,True,CONVERGENCE: NORM OF PROJECTED GRADIENT <= PGTOL
1035,C1,True,CONVERGENCE: NORM OF PROJECTED GRADIENT <= PGTOL
1035,C2,True,CONVERGENCE: NORM OF PROJECTED GRADIENT <= PGTOL
1035,C3,True,CONVERGENCE: NORM OF PROJECTED GRADIENT <= PGTOL
1035,C4,True,CONVERGENCE: NORM OF PROJECTED GRADIENT <= PGTOL
1035,C5,True,CONVERGENCE: NORM OF PROJECTED GRADIENT <= PGTOL
1036,C1,True,CONVERGENCE: NORM OF PROJECTED GRADIENT <= PGTOL
1036,C2,True,CONVERGENCE: NORM OF PROJECTED GRADIENT <= PGTOL
1036,C3,True,CONVERGENCE: NORM OF PROJECTED GRADIENT <= PGTOL
1036,C4,True,CONVERGENCE: NORM OF PROJECTED GRADIENT <= PGTOL
1036,C5,True,CONVERGENCE: NORM OF PROJECTED GRADIENT <= PGTOL
1037,C1,True,CONVERGENCE: NORM OF PROJECTED GRADIENT <= PGTOL
1037,C2,True,CONVERGENCE: NORM OF PROJECTED GRADIENT <= PGTOL
1037,C3,True,CONVERGENCE: NORM OF PROJECTED GRADIENT <= PGTOL
1037,C4,True,CONVERGENCE: NORM OF PROJECTED GRADIENT <= PGTOL
1037,C5,True,CONVERGENCE: NORM OF PROJECTED GRADIENT <= PGTOL
1038,C1,True,CONVERGENCE: NORM OF PROJECTED GRADIENT <= PGTOL
1038,C2,True,CONVERGENCE: NORM OF PROJECTED GRADIENT <= PGTOL
1038,C3,True,CONVERGENCE: NORM OF PROJECTED GRADIENT <= PGTOL
1038,C4,True,CONVERGENCE: NORM OF PROJECTED GRADIENT <= PGTOL
1038,C5,True,CONVERGENCE: NORM OF PROJECTED GRADIENT <= PGTOL
1039,C1,True,CONVERGENCE: NORM OF PROJECTED GRADIENT <= PGTOL
1039,C2,True,CONVERGENCE: NORM OF PROJECTED GRADIENT <= PGTOL
1039,C3,True,CONVERGENCE: NORM OF PROJECTED GRADIENT <= PGTOL
1039,C4,True,CONVERGENCE: NORM OF PROJECTED GRADIENT <= PGTOL
1039,C5,True,CONVERGENCE: NORM OF PROJECTED GRADIENT <= PGTOL
1040,C1,True,CONVERGENCE: NORM OF PROJECTED GRADIENT <= PGTOL
1040,C2,True,CONVERGENCE: NORM OF PROJECTED GRADIENT <= PGTOL
1040,C3,True,CONVERGENCE: NORM OF PROJECTED GRADIENT <= PGTOL
1040,C4,True,CONVERGENCE: NORM OF PROJECTED GRADIENT <= PGTOL
1040,C5,True,CONVERGENCE: NORM OF PROJECTED GRADIENT <= PGTOL
1041,C1,True,CONVERGENCE: NORM OF PROJECTED GRADIENT <= PGTOL
1041,C2,True,CONVERGENCE: NORM OF PROJECTED GRADIENT <= PGTOL
1041,C3,True,CONVERGENCE: NORM OF PROJECTED GRADIENT <= PGTOL
1041,C4,True,CONVERGENCE: NORM OF PROJECTED GRADIENT <= PGTOL
1041,C5,True,CONVERGENCE: NORM OF PROJECTED GRADIENT <= PGTOL
1042,C1,True,CONVERGENCE: NORM OF PROJECTED GRADIENT <= PGTOL
1042,C2,True,CONVERGENCE: NORM OF PROJECTED GRADIENT <= PGTOL
1042,C3,True,CONVERGENCE: NORM OF PROJECTED GRADIENT <= PGTOL
1042,C4,True,CONVERGENCE: NORM OF PROJECTED GRADIENT <= PGTOL
1042,C5,True,CONVERGENCE: NORM OF PROJECTED GRADIENT <= PGTOL
1043,C1,True,CONVERGENCE: NORM OF PROJECTED GRADIENT <= PGTOL
1043,C2,True,CONVERGENCE: NORM OF PROJECTED GRADIENT <= PGTOL
1043,C3,True,CONVERGENCE: NORM OF PROJECTED GRADIENT <= PGTOL
1043,C4,True,CONVERGENCE: NORM OF PROJECTED GRADIENT <= PGTOL
1043,C5,True,CONVERGENCE: NORM OF PROJECTED GRADIENT <= PGTOL
1044,C1,True,CONVERGENCE: NORM OF PROJECTED GRADIENT <= PGTOL
1044,C2,True,CONVERGENCE: NORM OF PROJECTED GRADIENT <= PGTOL
1044,C3,True,CONVERGENCE: NORM OF PROJECTED GRADIENT <= PGTOL
1044,C4,True,CONVERGENCE: NORM OF PROJECTED GRADIENT <= PGTOL
1044,C5,True,CONVERGENCE: NORM OF PROJECTED GRADIENT <= PGTOL
1045,C1,True,CONVERGENCE: NORM OF PROJECTED GRADIENT <= PGTOL
1045,C2,True,CONVERGENCE: NORM OF PROJECTED GRADIENT <= PGTOL
1045,C3,True,CONVERGENCE: NORM OF PROJECTED GRADIENT <= PGTOL
1045,C4,True,CONVERGENCE: NORM OF PROJECTED GRADIENT <= PGTOL
1045,C5,True,CONVERGENCE: NORM OF PROJECTED GRADIENT <= PGTOL
1046,C1,True,CONVERGENCE: NORM OF PROJECTED GRADIENT <= PGTOL
1046,C2,True,CONVERGENCE: NORM OF PROJECTED GRADIENT <= PGTOL
1046,C3,True,CONVERGENCE: NORM OF PROJECTED GRADIENT <= PGTOL
1046,C4,True,CONVERGENCE: NORM OF PROJECTED GRADIENT <= PGTOL
1046,C5,True,CONVERGENCE: NORM OF PROJECTED GRADIENT <= PGTOL
1047,C1,True,CONVERGENCE: NORM OF PROJECTED GRADIENT <= PGTOL
1047,C2,True,CONVERGENCE: NORM OF PROJECTED GRADIENT <= PGTOL
1047,C3,True,CONVERGENCE: NORM OF PROJECTED GRADIENT <= PGTOL
1047,C4,True,CONVERGENCE: NORM OF PROJECTED GRADIENT <= PGTOL
1047,C5,True,CONVERGENCE: NORM OF PROJECTED GRADIENT <= PGTOL
1048,C1,True,CONVERGENCE: NORM OF PROJECTED GRADIENT <= PGTOL
1048,C2,True,CONVERGENCE: NORM OF PROJECTED GRADIENT <= PGTOL
1048,C3,True,CONVERGENCE: NORM OF PROJECTED GRADIENT <= PGTOL
1048,C4,True,CONVERGENCE: NORM OF PROJECTED GRADIENT <= PGTOL
1048,C5,True,CONVERGENCE: NORM OF PROJECTED GRADIENT <= PGTOL
1049,C1,True,CONVERGENCE: NORM OF PROJECTED GRADIENT <= PGTOL
1049,C2,True,CONVERGENCE: NORM OF PROJECTED GRADIENT <= PGTOL
1049,C3,True,CONVERGENCE: NORM OF PROJECTED GRADIENT <= PGTOL
1049,C4,True,CONVERGENCE: NORM OF PROJECTED GRADIENT <= PGTOL
1049,C5,True,CONVERGENCE: NORM OF PROJECTED GRADIENT <= PGTOL
1050,C1,True,CONVERGENCE: NORM OF PROJECTED GRADIENT <= PGTOL
1050,C2,True,CONVERGENCE: NORM OF PROJECTED GRADIENT <= PGTOL
1050,C3,True,CONVERGENCE: NORM OF PROJECTED GRADIENT <= PGTOL
1050,C4,True,CONVERGENCE: NORM OF PROJECTED GRADIENT <= PGTOL
1050,C5,True,CONVERGENCE: NORM OF PROJECTED GRADIENT <= PGTOL
1051,C1,True,CONVERGENCE: NORM OF PROJECTED GRADIENT <= PGTOL
1051,C2,True,CONVERGENCE: NORM OF PROJECTED GRADIENT <= PGTOL
1051,C3,True,CONVERGENCE: NORM OF PROJECTED GRADIENT <= PGTOL
1051,C4,True,CONVERGENCE: NORM OF PROJECTED GRADIENT <= PGTOL
1051,C5,True,CONVERGENCE: NORM OF PROJECTED GRADIENT <= PGTOL
1052,C1,True,CONVERGENCE: NORM OF PROJECTED GRADIENT <= PGTOL
1052,C2,True,CONVERGENCE: NORM OF PROJECTED GRADIENT <= PGTOL
1052,C3,True,CONVERGENCE: NORM OF PROJECTED GRADIENT <= PGTOL
1052,C4,True,CONVERGENCE: NORM OF PROJECTED GRADIENT <= PGTOL
1052,C5,True,CONVERGENCE: NORM OF PROJECTED GRADIENT <= PGTOL
1053,C1,True,CONVERGENCE: NORM OF PROJECTED GRADIENT <= PGTOL
1053,C2,True,CONVERGENCE: NORM OF PROJECTED GRADIENT <= PGTOL
1053,C3,True,CONVERGENCE: NORM OF PROJECTED GRADIENT <= PGTOL
1053,C4,True,CONVERGENCE: NORM OF PROJECTED GRADIENT <= PGTOL
1053,C5,True,CONVERGENCE: NORM OF PROJECTED GRADIENT <= PGTOL
1054,C1,True,CONVERGENCE: NORM OF PROJECTED GRADIENT <= PGTOL
1054,C2,True,CONVERGENCE: NORM OF PROJECTED GRADIENT <= PGTOL
1054,C3,True,CONVERGENCE: NORM OF PROJECTED GRADIENT <= PGTOL
1054,C4,True,CONVERGENCE: NORM OF PROJECTED GRADIENT <= PGTOL
1054,C5,True,CONVERGENCE: NORM OF PROJECTED GRADIENT <= PGTOL
1055,C1,True,CONVERGENCE: NORM OF PROJECTED GRADIENT <= PGTOL
1055,C2,True,CONVERGENCE: NORM OF PROJECTED GRADIENT <= PGTOL
1055,C3,True,CONVERGENCE: NORM OF PROJECTED GRADIENT <= PGTOL
1055,C4,True,CONVERGENCE: NORM OF PROJECTED GRADIENT <= PGTOL
1055,C5,True,CONVERGENCE: NORM OF PROJECTED GRADIENT <= PGTOL
1056,C1,True,CONVERGENCE: NORM OF PROJECTED GRADIENT <= PGTOL
1056,C2,True,CONVERGENCE: NORM OF PROJECTED GRADIENT <= PGTOL
1056,C3,True,CONVERGENCE: NORM OF PROJECTED GRADIENT <= PGTOL
1056,C4,True,CONVERGENCE: NORM OF PROJECTED GRADIENT <= PGTOL
1056,C5,True,CONVERGENCE: NORM OF PROJECTED GRADIENT <= PGTOL
1057,C1,True,CONVERGENCE: NORM OF PROJECTED GRADIENT <= PGTOL
1057,C2,True,CONVERGENCE: NORM OF PROJECTED GRADIENT <= PGTOL
1057,C3,True,CONVERGENCE: NORM OF PROJECTED GRADIENT <= PGTOL
1057,C4,True,CONVERGENCE: NORM OF PROJECTED GRADIENT <= PGTOL
1057,C5,True,CONVERGENCE: NORM OF PROJECTED GRADIENT <= PGTOL
1058,C1,True,CONVERGENCE: NORM OF PROJECTED GRADIENT <= PGTOL
1058,C2,True,CONVERGENCE: NORM OF PROJECTED GRADIENT <= PGTOL
1058,C3,True,CONVERGENCE: NORM OF PROJECTED GRADIENT <= PGTOL
1058,C4,True,CONVERGENCE: NORM OF PROJECTED GRADIENT <= PGTOL
1058,C5,True,CONVERGENCE: NORM OF PROJECTED GRADIENT <= PGTOL
1059,C1,True,CONVERGENCE: NORM OF PROJECTED GRADIENT <= PGTOL
1059,C2,True,CONVERGENCE: NORM OF PROJECTED GRADIENT <= PGTOL
1059,C3,True,CONVERGENCE: NORM OF PROJECTED GRADIENT <= PGTOL
1059,C4,True,CONVERGENCE: NORM OF PROJECTED GRADIENT <= PGTOL
1059,C5,True,CONVERGENCE: NORM OF PROJECTED GRADIENT <= PGTOL
1060,C1,True,CONVERGENCE: NORM OF PROJECTED GRADIENT <= PGTOL
1060,C2,True,CONVERGENCE: NORM OF PROJECTED GRADIENT <= PGTOL
1060,C3,True,CONVERGENCE: NORM OF PROJECTED GRADIENT <= PGTOL
1060,C4,True,CONVERGENCE: NORM OF PROJECTED GRADIENT <= PGTOL
1060,C5,True,CONVERGENCE: NORM OF PROJECTED GRADIENT <= PGTOL
1061,C1,True,CONVERGENCE: NORM OF PROJECTED GRADIENT <= PGTOL
1061,C2,True,CONVERGENCE: NORM OF PROJECTED GRADIENT <= PGTOL
1061,C3,True,CONVERGENCE: NORM OF PROJECTED GRADIENT <= PGTOL
1061,C4,True,CONVERGENCE: NORM OF PROJECTED GRADIENT <= PGTOL
1061,C5,True,CONVERGENCE: NORM OF PROJECTED GRADIENT <= PGTOL
1062,C1,True,CONVERGENCE: NORM OF PROJECTED GRADIENT <= PGTOL
1062,C2,True,CONVERGENCE: NORM OF PROJECTED GRADIENT <= PGTOL
1062,C3,True,CONVERGENCE: NORM OF PROJECTED GRADIENT <= PGTOL
1062,C4,True,CONVERGENCE: NORM OF PROJECTED GRADIENT <= PGTOL
1062,C5,True,CONVERGENCE: NORM OF PROJECTED GRADIENT <= PGTOL
1063,C1,True,CONVERGENCE: NORM OF PROJECTED GRADIENT <= PGTOL
1063,C2,True,CONVERGENCE: NORM OF PROJECTED GRADIENT <= PGTOL
1063,C3,True,CONVERGENCE: NORM OF PROJECTED GRADIENT <= PGTOL
1063,C4,True,CONVERGENCE: NORM OF PROJECTED GRADIENT <= PGTOL
1063,C5,True,CONVERGENCE: NORM OF PROJECTED GRADIENT <= PGTOL
1064,C1,True,CONVERGENCE: NORM OF PROJECTED GRADIENT <= PGTOL
1064,C2,True,CONVERGENCE: NORM OF PROJECTED GRADIENT <= PGTOL
1064,C3,True,CONVERGENCE: NORM OF PROJECTED GRADIENT <= PGTOL
1064,C4,True,CONVERGENCE: NORM OF PROJECTED GRADIENT <= PGTOL
1064,C5,True,CONVERGENCE: NORM OF PROJECTED GRADIENT <= PGTOL
1065,C1,True,CONVERGENCE: NORM OF PROJECTED GRADIENT <= PGTOL
1065,C2,True,CONVERGENCE: NORM OF PROJECTED GRADIENT <= PGTOL
1065,C3,True,CONVERGENCE: NORM OF PROJECTED GRADIENT <= PGTOL
1065,C4,True,CONVERGENCE: NORM OF PROJECTED GRADIENT <= PGTOL
1065,C5,True,CONVERGENCE: NORM OF PROJECTED GRADIENT <= PGTOL
1066,C1,True,CONVERGENCE: NORM OF PROJECTED GRADIENT <= PGTOL
1066,C2,True,CONVERGENCE: NORM OF PROJECTED GRADIENT <= PGTOL
1066,C3,True,CONVERGENCE: NORM OF PROJECTED GRADIENT <= PGTOL
1066,C4,True,CONVERGENCE: NORM OF PROJECTED GRADIENT <= PGTOL
1066,C5,True,CONVERGENCE: NORM OF PROJECTED GRADIENT <= PGTOL
1067,C1,True,CONVERGENCE: NORM OF PROJECTED GRADIENT <= PGTOL
1067,C2,True,CONVERGENCE: NORM OF PROJECTED GRADIENT <= PGTOL
1067,C3,True,CONVERGENCE: NORM OF PROJECTED GRADIENT <= PGTOL
1067,C4,True,CONVERGENCE: NORM OF PROJECTED GRADIENT <= PGTOL
1067,C5,True,CONVERGENCE: NORM OF PROJECTED GRADIENT <= PGTOL
1068,C1,True,CONVERGENCE: NORM OF PROJECTED GRADIENT <= PGTOL
1068,C2,True,CONVERGENCE: NORM OF PROJECTED GRADIENT <= PGTOL
1068,C3,True,CONVERGENCE: NORM OF PROJECTED GRADIENT <= PGTOL
1068,C4,True,CONVERGENCE: NORM OF PROJECTED GRADIENT <= PGTOL
1068,C5,True,CONVERGENCE: NORM OF PROJECTED GRADIENT <= PGTOL
1069,C1,True,CONVERGENCE: NORM OF PROJECTED GRADIENT <= PGTOL
1069,C2,True,CONVERGENCE: NORM OF PROJECTED GRADIENT <= PGTOL
1069,C3,True,CONVERGENCE: NORM OF PROJECTED GRADIENT <= PGTOL
1069,C4,True,CONVERGENCE: NORM OF PROJECTED GRADIENT <= PGTOL
1069,C5,True,CONVERGENCE: NORM OF PROJECTED GRADIENT <= PGTOL
1070,C1,True,CONVERGENCE: NORM OF PROJECTED GRADIENT <= PGTOL
1070,C2,True,CONVERGENCE: NORM OF PROJECTED GRADIENT <= PGTOL
1070,C3,True,CONVERGENCE: NORM OF PROJECTED GRADIENT <= PGTOL
1070,C4,True,CONVERGENCE: NORM OF PROJECTED GRADIENT <= PGTOL
1070,C5,True,CONVERGENCE: NORM OF PROJECTED GRADIENT <= PGTOL
1071,C1,True,CONVERGENCE: NORM OF PROJECTED GRADIENT <= PGTOL
1071,C2,True,CONVERGENCE: NORM OF PROJECTED GRADIENT <= PGTOL
1071,C3,True,CONVERGENCE: NORM OF PROJECTED GRADIENT <= PGTOL
1071,C4,True,CONVERGENCE: NORM OF PROJECTED GRADIENT <= PGTOL
1071,C5,True,CONVERGENCE: NORM OF PROJECTED GRADIENT <= PGTOL
1072,C1,True,CONVERGENCE: NORM OF PROJECTED GRADIENT <= PGTOL
1072,C2,True,CONVERGENCE: NORM OF PROJECTED GRADIENT <= PGTOL
1072,C3,True,CONVERGENCE: NORM OF PROJECTED GRADIENT <= PGTOL
1072,C4,True,CONVERGENCE: NORM OF PROJECTED GRADIENT <= PGTOL
1072,C5,True,CONVERGENCE: NORM OF PROJECTED GRADIENT <= PGTOL
1073,C1,True,CONVERGENCE: NORM OF PROJECTED GRADIENT <= PGTOL
1073,C2,True,CONVERGENCE: NORM OF PROJECTED GRADIENT <= PGTOL
1073,C3,True,CONVERGENCE: NORM OF PROJECTED GRADIENT <= PGTOL
1073,C4,True,CONVERGENCE: NORM OF PROJECTED GRADIENT <= PGTOL
1073,C5,True,CONVERGENCE: NORM OF PROJECTED GRADIENT <= PGTOL
1074,C1,True,CONVERGENCE: NORM OF PROJECTED GRADIENT <= PGTOL
1074,C2,True,CONVERGENCE: NORM OF PROJECTED GRADIENT <= PGTOL
1074,C3,True,CONVERGENCE: NORM OF PROJECTED GRADIENT <= PGTOL
1074,C4,True,CONVERGENCE: NORM OF PROJECTED GRADIENT <= PGTOL
1074,C5,True,CONVERGENCE: NORM OF PROJECTED GRADIENT <= PGTOL
1075,C1,True,CONVERGENCE: NORM OF PROJECTED GRADIENT <= PGTOL
1075,C2,True,CONVERGENCE: NORM OF PROJECTED GRADIENT <= PGTOL
1075,C3,True,CONVERGENCE: NORM OF PROJECTED GRADIENT <= PGTOL
1075,C4,True,CONVERGENCE: NORM OF PROJECTED GRADIENT <= PGTOL
1075,C5,True,CONVERGENCE: NORM OF PROJECTED GRADIENT <= PGTOL
1076,C1,True,CONVERGENCE: NORM OF PROJECTED GRADIENT <= PGTOL
1076,C2,True,CONVERGENCE: NORM OF PROJECTED GRADIENT <= PGTOL
1076,C3,True,CONVERGENCE: NORM OF PROJECTED GRADIENT <= PGTOL
1076,C4,True,CONVERGENCE: NORM OF PROJECTED GRADIENT <= PGTOL
1076,C5,True,CONVERGENCE: NORM OF PROJECTED GRADIENT <= PGTOL
1077,C1,True,CONVERGENCE: NORM OF PROJECTED GRADIENT <= PGTOL
1077,C2,True,CONVERGENCE: NORM OF PROJECTED GRADIENT <= PGTOL
1077,C3,True,CONVERGENCE: NORM OF PROJECTED GRADIENT <= PGTOL
1077,C4,True,CONVERGENCE: NORM OF PROJECTED GRADIENT <= PGTOL
1077,C5,True,CONVERGENCE: NORM OF PROJECTED GRADIENT <= PGTOL
1078,C1,True,CONVERGENCE: NORM OF PROJECTED GRADIENT <= PGTOL
1078,C2,True,CONVERGENCE: NORM OF PROJECTED GRADIENT <= PGTOL
1078,C3,True,CONVERGENCE: NORM OF PROJECTED GRADIENT <= PGTOL
1078,C4,True,CONVERGENCE: NORM OF PROJECTED GRADIENT <= PGTOL
1078,C5,True,CONVERGENCE: NORM OF PROJECTED GRADIENT <= PGTOL
1079,C1,True,CONVERGENCE: NORM OF PROJECTED GRADIENT <= PGTOL
1079,C2,True,CONVERGENCE: NORM OF PROJECTED GRADIENT <= PGTOL
1079,C3,True,CONVERGENCE: NORM OF PROJECTED GRADIENT <= PGTOL
1079,C4,True,CONVERGENCE: NORM OF PROJECTED GRADIENT <= PGTOL
1079,C5,True,CONVERGENCE: NORM OF PROJECTED GRADIENT <= PGTOL
1080,C1,True,CONVERGENCE: NORM OF PROJECTED GRADIENT <= PGTOL
1080,C2,True,CONVERGENCE: NORM OF PROJECTED GRADIENT <= PGTOL
1080,C3,True,CONVERGENCE: NORM OF PROJECTED GRADIENT <= PGTOL
1080,C4,True,CONVERGENCE: NORM OF PROJECTED GRADIENT <= PGTOL
1080,C5,True,CONVERGENCE: NORM OF PROJECTED GRADIENT <= PGTOL
1081,C1,True,CONVERGENCE: NORM OF PROJECTED GRADIENT <= PGTOL
1081,C2,True,CONVERGENCE: NORM OF PROJECTED GRADIENT <= PGTOL
1081,C3,True,CONVERGENCE: NORM OF PROJECTED GRADIENT <= PGTOL
1081,C4,True,CONVERGENCE: NORM OF PROJECTED GRADIENT <= PGTOL
1081,C5,True,CONVERGENCE: NORM OF PROJECTED GRADIENT <= PGTOL
1082,C1,True,CONVERGENCE: NORM OF PROJECTED GRADIENT <= PGTOL
1082,C2,True,CONVERGENCE: NORM OF PROJECTED GRADIENT <= PGTOL
1082,C3,True,CONVERGENCE: NORM OF PROJECTED GRADIENT <= PGTOL
1082,C4,True,CONVERGENCE: NORM OF PROJECTED GRADIENT <= PGTOL
1082,C5,True,CONVERGENCE: NORM OF PROJECTED GRADIENT <= PGTOL
1083,C1,True,CONVERGENCE: NORM OF PROJECTED GRADIENT <= PGTOL
1083,C2,True,CONVERGENCE: NORM OF PROJECTED GRADIENT <= PGTOL
1083,C3,True,CONVERGENCE: NORM OF PROJECTED GRADIENT <= PGTOL
1083,C4,True,CONVERGENCE: NORM OF PROJECTED GRADIENT <= PGTOL
1083,C5,True,CONVERGENCE: NORM OF PROJECTED GRADIENT <= PGTOL
1084,C1,True,CONVERGENCE: NORM OF PROJECTED GRADIENT <= PGTOL
1084,C2,True,CONVERGENCE: NORM OF PROJECTED GRADIENT <= PGTOL
1084,C3,True,CONVERGENCE: NORM OF PROJECTED GRADIENT <= PGTOL
1084,C4,True,CONVERGENCE: NORM OF PROJECTED GRADIENT <= PGTOL
1084,C5,True,CONVERGENCE: NORM OF PROJECTED GRADIENT <= PGTOL
1085,C1,True,CONVERGENCE: NORM OF PROJECTED GRADIENT <= PGTOL
1085,C2,True,CONVERGENCE: NORM OF PROJECTED GRADIENT <= PGTOL
1085,C3,True,CONVERGENCE: NORM OF PROJECTED GRADIENT <= PGTOL
1085,C4,True,CONVERGENCE: NORM OF PROJECTED GRADIENT <= PGTOL
1085,C5,True,CONVERGENCE: NORM OF PROJECTED GRADIENT <= PGTOL
1086,C1,True,CONVERGENCE: NORM OF PROJECTED GRADIENT <= PGTOL
1086,C2,True,CONVERGENCE: NORM OF PROJECTED GRADIENT <= PGTOL
1086,C3,True,CONVERGENCE: NORM OF PROJECTED GRADIENT <= PGTOL
1086,C4,True,CONVERGENCE: NORM OF PROJECTED GRADIENT <= PGTOL
1086,C5,True,CONVERGENCE: NORM OF PROJECTED GRADIENT <= PGTOL
1087,C1,True,CONVERGENCE: NORM OF PROJECTED GRADIENT <= PGTOL
1087,C2,True,CONVERGENCE: NORM OF PROJECTED GRADIENT <= PGTOL
1087,C3,True,CONVERGENCE: NORM OF PROJECTED GRADIENT <= PGTOL
1087,C4,True,CONVERGENCE: NORM OF PROJECTED GRADIENT <= PGTOL
1087,C5,True,CONVERGENCE: NORM OF PROJECTED GRADIENT <= PGTOL
1088,C1,True,CONVERGENCE: NORM OF PROJECTED GRADIENT <= PGTOL
1088,C2,True,CONVERGENCE: NORM OF PROJECTED GRADIENT <= PGTOL
1088,C3,True,CONVERGENCE: NORM OF PROJECTED GRADIENT <= PGTOL
1088,C4,True,CONVERGENCE: NORM OF PROJECTED GRADIENT <= PGTOL
1088,C5,True,CONVERGENCE: NORM OF PROJECTED GRADIENT <= PGTOL
1089,C1,True,CONVERGENCE: NORM OF PROJECTED GRADIENT <= PGTOL
1089,C2,True,CONVERGENCE: NORM OF PROJECTED GRADIENT <= PGTOL
1089,C3,True,CONVERGENCE: NORM OF PROJECTED GRADIENT <= PGTOL
1089,C4,True,CONVERGENCE: NORM OF PROJECTED GRADIENT <= PGTOL
1089,C5,True,CONVERGENCE: NORM OF PROJECTED GRADIENT <= PGTOL
1090,C1,True,CONVERGENCE: NORM OF PROJECTED GRADIENT <= PGTOL
1090,C2,True,CONVERGENCE: NORM OF PROJECTED GRADIENT <= PGTOL
1090,C3,True,CONVERGENCE: NORM OF PROJECTED GRADIENT <= PGTOL
1090,C4,True,CONVERGENCE: NORM OF PROJECTED GRADIENT <= PGTOL
1090,C5,True,CONVERGENCE: NORM OF PROJECTED GRADIENT <= PGTOL
1091,C1,True,CONVERGENCE: NORM OF PROJECTED GRADIENT <= PGTOL
1091,C2,True,CONVERGENCE: NORM OF PROJECTED GRADIENT <= PGTOL
1091,C3,True,CONVERGENCE: NORM OF PROJECTED GRADIENT <= PGTOL
1091,C4,True,CONVERGENCE: NORM OF PROJECTED GRADIENT <= PGTOL
1091,C5,True,CONVERGENCE: NORM OF PROJECTED GRADIENT <= PGTOL
1092,C1,True,CONVERGENCE: NORM OF PROJECTED GRADIENT <= PGTOL
1092,C2,True,CONVERGENCE: NORM OF PROJECTED GRADIENT <= PGTOL
1092,C3,True,CONVERGENCE: NORM OF PROJECTED GRADIENT <= PGTOL
1092,C4,True,CONVERGENCE: NORM OF PROJECTED GRADIENT <= PGTOL
1092,C5,True,CONVERGENCE: NORM OF PROJECTED GRADIENT <= PGTOL
1093,C1,True,CONVERGENCE: NORM OF PROJECTED GRADIENT <= PGTOL
1093,C2,True,CONVERGENCE: NORM OF PROJECTED GRADIENT <= PGTOL
1093,C3,True,CONVERGENCE: NORM OF PROJECTED GRADIENT <= PGTOL
1093,C4,True,CONVERGENCE: NORM OF PROJECTED GRADIENT <= PGTOL
1093,C5,True,CONVERGENCE: NORM OF PROJECTED GRADIENT <= PGTOL
1094,C1,True,CONVERGENCE: NORM OF PROJECTED GRADIENT <= PGTOL
1094,C2,True,CONVERGENCE: NORM OF PROJECTED GRADIENT <= PGTOL
1094,C3,True,CONVERGENCE: NORM OF PROJECTED GRADIENT <= PGTOL
1094,C4,True,CONVERGENCE: NORM OF PROJECTED GRADIENT <= PGTOL
1094,C5,True,CONVERGENCE: NORM OF PROJECTED GRADIENT <= PGTOL
1095,C1,True,CONVERGENCE: NORM OF PROJECTED GRADIENT <= PGTOL
1095,C2,True,CONVERGENCE: NORM OF PROJECTED GRADIENT <= PGTOL
1095,C3,True,CONVERGENCE: NORM OF PROJECTED GRADIENT <= PGTOL
1095,C4,True,CONVERGENCE: NORM OF PROJECTED GRADIENT <= PGTOL
1095,C5,True,CONVERGENCE: NORM OF PROJECTED GRADIENT <= PGTOL
1096,C1,True,CONVERGENCE: NORM OF PROJECTED GRADIENT <= PGTOL
1096,C2,True,CONVERGENCE: NORM OF PROJECTED GRADIENT <= PGTOL
1096,C3,True,CONVERGENCE: NORM OF PROJECTED GRADIENT <= PGTOL
1096,C4,True,CONVERGENCE: NORM OF PROJECTED GRADIENT <= PGTOL
1096,C5,True,CONVERGENCE: NORM OF PROJECTED GRADIENT <= PGTOL
1097,C1,True,CONVERGENCE: NORM OF PROJECTED GRADIENT <= PGTOL
1097,C2,True,CONVERGENCE: NORM OF PROJECTED GRADIENT <= PGTOL
1097,C3,True,CONVERGENCE: NORM OF PROJECTED GRADIENT <= PGTOL
1097,C4,True,CONVERGENCE: NORM OF PROJECTED GRADIENT <= PGTOL
1097,C5,True,CONVERGENCE: NORM OF PROJECTED GRADIENT <= PGTOL
1098,C1,True,CONVERGENCE: NORM OF PROJECTED GRADIENT <= PGTOL
1098,C2,True,CONVERGENCE: NORM OF PROJECTED GRADIENT <= PGTOL
1098,C3,True,CONVERGENCE: NORM OF PROJECTED GRADIENT <= PGTOL
1098,C4,True,CONVERGENCE: NORM OF PROJECTED GRADIENT <= PGTOL
1098,C5,True,CONVERGENCE: NORM OF PROJECTED GRADIENT <= PGTOL
1099,C1,True,CONVERGENCE: NORM OF PROJECTED GRADIENT <= PGTOL
1099,C2,True,CONVERGENCE: NORM OF PROJECTED GRADIENT <= PGTOL
1099,C3,True,CONVERGENCE: NORM OF PROJECTED GRADIENT <= PGTOL
1099,C4,True,CONVERGENCE: NORM OF PROJECTED GRADIENT <= PGTOL
1099,C5,True,CONVERGENCE: NORM OF PROJECTED GRADIENT <= PGTOL
1100,C1,True,CONVERGENCE: NORM OF PROJECTED GRADIENT <= PGTOL
1100,C2,True,CONVERGENCE: NORM OF PROJECTED GRADIENT <= PGTOL
1100,C3,True,CONVERGENCE: NORM OF PROJECTED GRADIENT <= PGTOL
1100,C4,True,CONVERGENCE: NORM OF PROJECTED GRADIENT <= PGTOL
1100,C5,True,CONVERGENCE: NORM OF PROJECTED GRADIENT <= PGTOL
1101,C1,True,CONVERGENCE: NORM OF PROJECTED GRADIENT <= PGTOL
1101,C2,True,CONVERGENCE: NORM OF PROJECTED GRADIENT <= PGTOL
1101,C3,True,CONVERGENCE: NORM OF PROJECTED GRADIENT <= PGTOL
1101,C4,True,CONVERGENCE: NORM OF PROJECTED GRADIENT <= PGTOL
1101,C5,True,CONVERGENCE: NORM OF PROJECTED GRADIENT <= PGTOL
1102,C1,True,CONVERGENCE: NORM OF PROJECTED GRADIENT <= PGTOL
1102,C2,True,CONVERGENCE: NORM OF PROJECTED GRADIENT <= PGTOL
1102,C3,True,CONVERGENCE: NORM OF PROJECTED GRADIENT <= PGTOL
1102,C4,True,CONVERGENCE: NORM OF PROJECTED GRADIENT <= PGTOL
1102,C5,True,CONVERGENCE: NORM OF PROJECTED GRADIENT <= PGTOL
1103,C1,True,CONVERGENCE: NORM OF PROJECTED GRADIENT <= PGTOL
1103,C2,True,CONVERGENCE: NORM OF PROJECTED GRADIENT <= PGTOL
1103,C3,True,CONVERGENCE: NORM OF PROJECTED GRADIENT <= PGTOL
1103,C4,True,CONVERGENCE: NORM OF PROJECTED GRADIENT <= PGTOL
1103,C5,True,CONVERGENCE: NORM OF PROJECTED GRADIENT <= PGTOL
1104,C1,True,CONVERGENCE: NORM OF PROJECTED GRADIENT <= PGTOL
1104,C2,True,CONVERGENCE: NORM OF PROJECTED GRADIENT <= PGTOL
1104,C3,True,CONVERGENCE: NORM OF PROJECTED GRADIENT <= PGTOL
1104,C4,True,CONVERGENCE: NORM OF PROJECTED GRADIENT <= PGTOL
1104,C5,True,CONVERGENCE: NORM OF PROJECTED GRADIENT <= PGTOL
1105,C1,True,CONVERGENCE: NORM OF PROJECTED GRADIENT <= PGTOL
1105,C2,True,CONVERGENCE: NORM OF PROJECTED GRADIENT <= PGTOL
1105,C3,True,CONVERGENCE: NORM OF PROJECTED GRADIENT <= PGTOL
1105,C4,True,CONVERGENCE: NORM OF PROJECTED GRADIENT <= PGTOL
1105,C5,True,CONVERGENCE: NORM OF PROJECTED GRADIENT <= PGTOL
1106,C1,True,CONVERGENCE: NORM OF PROJECTED GRADIENT <= PGTOL
1106,C2,True,CONVERGENCE: NORM OF PROJECTED GRADIENT <= PGTOL
1106,C3,True,CONVERGENCE: NORM OF PROJECTED GRADIENT <= PGTOL
1106,C4,True,CONVERGENCE: NORM OF PROJECTED GRADIENT <= PGTOL
1106,C5,True,CONVERGENCE: NORM OF PROJECTED GRADIENT <= PGTOL
1107,C1,True,CONVERGENCE: NORM OF PROJECTED GRADIENT <= PGTOL
1107,C2,True,CONVERGENCE: NORM OF PROJECTED GRADIENT <= PGTOL
1107,C3,True,CONVERGENCE: NORM OF PROJECTED GRADIENT <= PGTOL
1107,C4,True,CONVERGENCE: NORM OF PROJECTED GRADIENT <= PGTOL
1107,C5,True,CONVERGENCE: NORM OF PROJECTED GRADIENT <= PGTOL
1108,C1,True,CONVERGENCE: NORM OF PROJECTED GRADIENT <= PGTOL
1108,C2,True,CONVERGENCE: NORM OF PROJECTED GRADIENT <= PGTOL
1108,C3,True,CONVERGENCE: NORM OF PROJECTED GRADIENT <= PGTOL
1108,C4,True,CONVERGENCE: NORM OF PROJECTED GRADIENT <= PGTOL
1108,C5,True,CONVERGENCE: NORM OF PROJECTED GRADIENT <= PGTOL
1109,C1,True,CONVERGENCE: NORM OF PROJECTED GRADIENT <= PGTOL
1109,C2,True,CONVERGENCE: NORM OF PROJECTED GRADIENT <= PGTOL
1109,C3,True,CONVERGENCE: NORM OF PROJECTED GRADIENT <= PGTOL
1109,C4,True,CONVERGENCE: NORM OF PROJECTED GRADIENT <= PGTOL
1109,C5,True,CONVERGENCE: NORM OF PROJECTED GRADIENT <= PGTOL
1110,C1,True,CONVERGENCE: NORM OF PROJECTED GRADIENT <= PGTOL
1110,C2,True,CONVERGENCE: NORM OF PROJECTED GRADIENT <= PGTOL
1110,C3,True,CONVERGENCE: NORM OF PROJECTED GRADIENT <= PGTOL
1110,C4,True,CONVERGENCE: NORM OF PROJECTED GRADIENT <= PGTOL
1110,C5,True,CONVERGENCE: NORM OF PROJECTED GRADIENT <= PGTOL
1111,C1,True,CONVERGENCE: NORM OF PROJECTED GRADIENT <= PGTOL
1111,C2,True,CONVERGENCE: NORM OF PROJECTED GRADIENT <= PGTOL
1111,C3,True,CONVERGENCE: NORM OF PROJECTED GRADIENT <= PGTOL
1111,C4,True,CONVERGENCE: NORM OF PROJECTED GRADIENT <= PGTOL
1111,C5,True,CONVERGENCE: NORM OF PROJECTED GRADIENT <= PGTOL
1112,C1,True,CONVERGENCE: NORM OF PROJECTED GRADIENT <= PGTOL
1112,C2,True,CONVERGENCE: NORM OF PROJECTED GRADIENT <= PGTOL
1112,C3,True,CONVERGENCE: NORM OF PROJECTED GRADIENT <= PGTOL
1112,C4,True,CONVERGENCE: NORM OF PROJECTED GRADIENT <= PGTOL
1112,C5,True,CONVERGENCE: NORM OF PROJECTED GRADIENT <= PGTOL
1113,C1,True,CONVERGENCE: NORM OF PROJECTED GRADIENT <= PGTOL
1113,C2,True,CONVERGENCE: NORM OF PROJECTED GRADIENT <= PGTOL
1113,C3,True,CONVERGENCE: NORM OF PROJECTED GRADIENT <= PGTOL
1113,C4,True,CONVERGENCE: NORM OF PROJECTED GRADIENT <= PGTOL
1113,C5,True,CONVERGENCE: NORM OF PROJECTED GRADIENT <= PGTOL
1114,C1,True,CONVERGENCE: NORM OF PROJECTED GRADIENT <= PGTOL
1114,C2,True,CONVERGENCE: NORM OF PROJECTED GRADIENT <= PGTOL
1114,C3,True,CONVERGENCE: NORM OF PROJECTED GRADIENT <= PGTOL
1114,C4,True,CONVERGENCE: NORM OF PROJECTED GRADIENT <= PGTOL
1114,C5,True,CONVERGENCE: NORM OF PROJECTED GRADIENT <= PGTOL
1115,C1,True,CONVERGENCE: NORM OF PROJECTED GRADIENT <= PGTOL
1115,C2,True,CONVERGENCE: NORM OF PROJECTED GRADIENT <= PGTOL
1115,C3,True,CONVERGENCE: NORM OF PROJECTED GRADIENT <= PGTOL
1115,C4,True,CONVERGENCE: NORM OF PROJECTED GRADIENT <= PGTOL
1115,C5,True,CONVERGENCE: NORM OF PROJECTED GRADIENT <= PGTOL
1116,C1,True,CONVERGENCE: NORM OF PROJECTED GRADIENT <= PGTOL
1116,C2,True,CONVERGENCE: NORM OF PROJECTED GRADIENT <= PGTOL
1116,C3,True,CONVERGENCE: NORM OF PROJECTED GRADIENT <= PGTOL
1116,C4,True,CONVERGENCE: NORM OF PROJECTED GRADIENT <= PGTOL
1116,C5,True,CONVERGENCE: NORM OF PROJECTED GRADIENT <= PGTOL
1117,C1,True,CONVERGENCE: NORM OF PROJECTED GRADIENT <= PGTOL
1117,C2,True,CONVERGENCE: NORM OF PROJECTED GRADIENT <= PGTOL
1117,C3,True,CONVERGENCE: NORM OF PROJECTED GRADIENT <= PGTOL
1117,C4,True,CONVERGENCE: NORM OF PROJECTED GRADIENT <= PGTOL
1117,C5,True,CONVERGENCE: NORM OF PROJECTED GRADIENT <= PGTOL
1118,C1,True,CONVERGENCE: NORM OF PROJECTED GRADIENT <= PGTOL
1118,C2,True,CONVERGENCE: NORM OF PROJECTED GRADIENT <= PGTOL
1118,C3,True,CONVERGENCE: NORM OF PROJECTED GRADIENT <= PGTOL
1118,C4,True,CONVERGENCE: NORM OF PROJECTED GRADIENT <= PGTOL
1118,C5,True,CONVERGENCE: NORM OF PROJECTED GRADIENT <= PGTOL
1119,C1,True,CONVERGENCE: NORM OF PROJECTED GRADIENT <= PGTOL
1119,C2,True,CONVERGENCE: NORM OF PROJECTED GRADIENT <= PGTOL
1119,C3,True,CONVERGENCE: NORM OF PROJECTED GRADIENT <= PGTOL
1119,C4,True,CONVERGENCE: NORM OF PROJECTED GRADIENT <= PGTOL
1119,C5,True,CONVERGENCE: NORM OF PROJECTED GRADIENT <= PGTOL
1120,C1,True,CONVERGENCE: NORM OF PROJECTED GRADIENT <= PGTOL
1120,C2,True,CONVERGENCE: NORM OF PROJECTED GRADIENT <= PGTOL
1120,C3,True,CONVERGENCE: NORM OF PROJECTED GRADIENT <= PGTOL
1120,C4,True,CONVERGENCE: NORM OF PROJECTED GRADIENT <= PGTOL
1120,C5,True,CONVERGENCE: NORM OF PROJECTED GRADIENT <= PGTOL
1121,C1,True,CONVERGENCE: NORM OF PROJECTED GRADIENT <= PGTOL
1121,C2,True,CONVERGENCE: NORM OF PROJECTED GRADIENT <= PGTOL
1121,C3,True,CONVERGENCE: NORM OF PROJECTED GRADIENT <= PGTOL
1121,C4,True,CONVERGENCE: NORM OF PROJECTED GRADIENT <= PGTOL
1121,C5,True,CONVERGENCE: NORM OF PROJECTED GRADIENT <= PGTOL
1122,C1,True,CONVERGENCE: NORM OF PROJECTED GRADIENT <= PGTOL
1122,C2,True,CONVERGENCE: NORM OF PROJECTED GRADIENT <= PGTOL
1122,C3,True,CONVERGENCE: NORM OF PROJECTED GRADIENT <= PGTOL
1122,C4,True,CONVERGENCE: NORM OF PROJECTED GRADIENT <= PGTOL
1122,C5,True,CONVERGENCE: NORM OF PROJECTED GRADIENT <= PGTOL
1123,C1,True,CONVERGENCE: NORM OF PROJECTED GRADIENT <= PGTOL
1123,C2,True,CONVERGENCE: NORM OF PROJECTED GRADIENT <= PGTOL
1123,C3,True,CONVERGENCE: NORM OF PROJECTED GRADIENT <= PGTOL
1123,C4,True,CONVERGENCE: NORM OF PROJECTED GRADIENT <= PGTOL
1123,C5,True,CONVERGENCE: NORM OF PROJECTED GRADIENT <= PGTOL
1124,C1,True,CONVERGENCE: NORM OF PROJECTED GRADIENT <= PGTOL
1124,C2,True,CONVERGENCE: NORM OF PROJECTED GRADIENT <= PGTOL
1124,C3,True,CONVERGENCE: NORM OF PROJECTED GRADIENT <= PGTOL
1124,C4,True,CONVERGENCE: NORM OF PROJECTED GRADIENT <= PGTOL
1124,C5,True,CONVERGENCE: NORM OF PROJECTED GRADIENT <= PGTOL
1125,C1,True,CONVERGENCE: NORM OF PROJECTED GRADIENT <= PGTOL
1125,C2,True,CONVERGENCE: NORM OF PROJECTED GRADIENT <= PGTOL
1125,C3,True,CONVERGENCE: NORM OF PROJECTED GRADIENT <= PGTOL
1125,C4,True,CONVERGENCE: NORM OF PROJECTED GRADIENT <= PGTOL
1125,C5,True,CONVERGENCE: NORM OF PROJECTED GRADIENT <= PGTOL
1126,C1,True,CONVERGENCE: NORM OF PROJECTED GRADIENT <= PGTOL
1126,C2,True,CONVERGENCE: NORM OF PROJECTED GRADIENT <= PGTOL
1126,C3,True,CONVERGENCE: NORM OF PROJECTED GRADIENT <= PGTOL
1126,C4,True,CONVERGENCE: NORM OF PROJECTED GRADIENT <= PGTOL
1126,C5,True,CONVERGENCE: NORM OF PROJECTED GRADIENT <= PGTOL
1127,C1,True,CONVERGENCE: NORM OF PROJECTED GRADIENT <= PGTOL
1127,C2,True,CONVERGENCE: NORM OF PROJECTED GRADIENT <= PGTOL
1127,C3,True,CONVERGENCE: NORM OF PROJECTED GRADIENT <= PGTOL
1127,C4,True,CONVERGENCE: NORM OF PROJECTED GRADIENT <= PGTOL
1127,C5,True,CONVERGENCE: NORM OF PROJECTED GRADIENT <= PGTOL
1128,C1,True,CONVERGENCE: NORM OF PROJECTED GRADIENT <= PGTOL
1128,C2,True,CONVERGENCE: NORM OF PROJECTED GRADIENT <= PGTOL
1128,C3,True,CONVERGENCE: NORM OF PROJECTED GRADIENT <= PGTOL
1128,C4,True,CONVERGENCE: NORM OF PROJECTED GRADIENT <= PGTOL
1128,C5,True,CONVERGENCE: NORM OF PROJECTED GRADIENT <= PGTOL
1129,C1,True,CONVERGENCE: NORM OF PROJECTED GRADIENT <= PGTOL
1129,C2,True,CONVERGENCE: NORM OF PROJECTED GRADIENT <= PGTOL
1129,C3,True,CONVERGENCE: NORM OF PROJECTED GRADIENT <= PGTOL
1129,C4,True,CONVERGENCE: NORM OF PROJECTED GRADIENT <= PGTOL
1129,C5,True,CONVERGENCE: NORM OF PROJECTED GRADIENT <= PGTOL
1130,C1,True,CONVERGENCE: NORM OF PROJECTED GRADIENT <= PGTOL
1130,C2,True,CONVERGENCE: NORM OF PROJECTED GRADIENT <= PGTOL
1130,C3,True,CONVERGENCE: NORM OF PROJECTED GRADIENT <= PGTOL
1130,C4,True,CONVERGENCE: NORM OF PROJECTED GRADIENT <= PGTOL
1130,C5,True,CONVERGENCE: NORM OF PROJECTED GRADIENT <= PGTOL
1131,C1,True,CONVERGENCE: NORM OF PROJECTED GRADIENT <= PGTOL
1131,C2,True,CONVERGENCE: NORM OF PROJECTED GRADIENT <= PGTOL
1131,C3,True,CONVERGENCE: NORM OF PROJECTED GRADIENT <= PGTOL
1131,C4,True,CONVERGENCE: NORM OF PROJECTED GRADIENT <= PGTOL
1131,C5,True,CONVERGENCE: NORM OF PROJECTED GRADIENT <= PGTOL
1132,C1,True,CONVERGENCE: NORM OF PROJECTED GRADIENT <= PGTOL
1132,C2,True,CONVERGENCE: NORM OF PROJECTED GRADIENT <= PGTOL
1132,C3,True,CONVERGENCE: NORM OF PROJECTED GRADIENT <= PGTOL
1132,C4,True,CONVERGENCE: NORM OF PROJECTED GRADIENT <= PGTOL
1132,C5,True,CONVERGENCE: NORM OF PROJECTED GRADIENT <= PGTOL
1133,C1,True,CONVERGENCE: NORM OF PROJECTED GRADIENT <= PGTOL
1133,C2,True,CONVERGENCE: NORM OF PROJECTED GRADIENT <= PGTOL
1133,C3,True,CONVERGENCE: NORM OF PROJECTED GRADIENT <= PGTOL
1133,C4,True,CONVERGENCE: NORM OF PROJECTED GRADIENT <= PGTOL
1133,C5,True,CONVERGENCE: NORM OF PROJECTED GRADIENT <= PGTOL
1134,C1,True,CONVERGENCE: NORM OF PROJECTED GRADIENT <= PGTOL
1134,C2,True,CONVERGENCE: NORM OF PROJECTED GRADIENT <= PGTOL
1134,C3,True,CONVERGENCE: NORM OF PROJECTED GRADIENT <= PGTOL
1134,C4,True,CONVERGENCE: NORM OF PROJECTED GRADIENT <= PGTOL
1134,C5,True,CONVERGENCE: NORM OF PROJECTED GRADIENT <= PGTOL
1135,C1,True,CONVERGENCE: NORM OF PROJECTED GRADIENT <= PGTOL
1135,C2,True,CONVERGENCE: NORM OF PROJECTED GRADIENT <= PGTOL
1135,C3,True,CONVERGENCE: NORM OF PROJECTED GRADIENT <= PGTOL
1135,C4,True,CONVERGENCE: NORM OF PROJECTED GRADIENT <= PGTOL
1135,C5,True,CONVERGENCE: NORM OF PROJECTED GRADIENT <= PGTOL
1136,C1,True,CONVERGENCE: NORM OF PROJECTED GRADIENT <= PGTOL
1136,C2,True,CONVERGENCE: NORM OF PROJECTED GRADIENT <= PGTOL
1136,C3,True,CONVERGENCE: NORM OF PROJECTED GRADIENT <= PGTOL
1136,C4,True,CONVERGENCE: NORM OF PROJECTED GRADIENT <= PGTOL
1136,C5,True,CONVERGENCE: NORM OF PROJECTED GRADIENT <= PGTOL
1137,C1,True,CONVERGENCE: NORM OF PROJECTED GRADIENT <= PGTOL
1137,C2,True,CONVERGENCE: NORM OF PROJECTED GRADIENT <= PGTOL
1137,C3,True,CONVERGENCE: NORM OF PROJECTED GRADIENT <= PGTOL
1137,C4,True,CONVERGENCE: NORM OF PROJECTED GRADIENT <= PGTOL
1137,C5,True,CONVERGENCE: NORM OF PROJECTED GRADIENT <= PGTOL
1138,C1,True,CONVERGENCE: NORM OF PROJECTED GRADIENT <= PGTOL
1138,C2,True,CONVERGENCE: NORM OF PROJECTED GRADIENT <= PGTOL
1138,C3,True,CONVERGENCE: NORM OF PROJECTED GRADIENT <= PGTOL
1138,C4,True,CONVERGENCE: NORM OF PROJECTED GRADIENT <= PGTOL
1138,C5,True,CONVERGENCE: NORM OF PROJECTED GRADIENT <= PGTOL
1139,C1,True,CONVERGENCE: NORM OF PROJECTED GRADIENT <= PGTOL
1139,C2,True,CONVERGENCE: NORM OF PROJECTED GRADIENT <= PGTOL
1139,C3,True,CONVERGENCE: NORM OF PROJECTED GRADIENT <= PGTOL
1139,C4,True,CONVERGENCE: NORM OF PROJECTED GRADIENT <= PGTOL
1139,C5,True,CONVERGENCE: NORM OF PROJECTED GRADIENT <= PGTOL
1140,C1,True,CONVERGENCE: NORM OF PROJECTED GRADIENT <= PGTOL
1140,C2,True,CONVERGENCE: NORM OF PROJECTED GRADIENT <= PGTOL
1140,C3,True,CONVERGENCE: NORM OF PROJECTED GRADIENT <= PGTOL
1140,C4,True,CONVERGENCE: NORM OF PROJECTED GRADIENT <= PGTOL
1140,C5,True,CONVERGENCE: NORM OF PROJECTED GRADIENT <= PGTOL
1141,C1,True,CONVERGENCE: NORM OF PROJECTED GRADIENT <= PGTOL
1141,C2,True,CONVERGENCE: NORM OF PROJECTED GRADIENT <= PGTOL
1141,C3,True,CONVERGENCE: NORM OF PROJECTED GRADIENT <= PGTOL
1141,C4,True,CONVERGENCE: NORM OF PROJECTED GRADIENT <= PGTOL
1141,C5,True,CONVERGENCE: NORM OF PROJECTED GRADIENT <= PGTOL
1142,C1,True,CONVERGENCE: NORM OF PROJECTED GRADIENT <= PGTOL
1142,C2,True,CONVERGENCE: NORM OF PROJECTED GRADIENT <= PGTOL
1142,C3,True,CONVERGENCE: NORM OF PROJECTED GRADIENT <= PGTOL
1142,C4,True,CONVERGENCE: NORM OF PROJECTED GRADIENT <= PGTOL
1142,C5,True,CONVERGENCE: NORM OF PROJECTED GRADIENT <= PGTOL
1143,C1,True,CONVERGENCE: NORM OF PROJECTED GRADIENT <= PGTOL
1143,C2,True,CONVERGENCE: NORM OF PROJECTED GRADIENT <= PGTOL
1143,C3,True,CONVERGENCE: NORM OF PROJECTED GRADIENT <= PGTOL
1143,C4,True,CONVERGENCE: NORM OF PROJECTED GRADIENT <= PGTOL
1143,C5,True,CONVERGENCE: NORM OF PROJECTED GRADIENT <= PGTOL
1144,C1,True,CONVERGENCE: NORM OF PROJECTED GRADIENT <= PGTOL
1144,C2,True,CONVERGENCE: NORM OF PROJECTED GRADIENT <= PGTOL
1144,C3,True,CONVERGENCE: NORM OF PROJECTED GRADIENT <= PGTOL
1144,C4,True,CONVERGENCE: NORM OF PROJECTED GRADIENT <= PGTOL
1144,C5,True,CONVERGENCE: NORM OF PROJECTED GRADIENT <= PGTOL
1145,C1,True,CONVERGENCE: NORM OF PROJECTED GRADIENT <= PGTOL
1145,C2,True,CONVERGENCE: NORM OF PROJECTED GRADIENT <= PGTOL
1145,C3,True,CONVERGENCE: NORM OF PROJECTED GRADIENT <= PGTOL
1145,C4,True,CONVERGENCE: NORM OF PROJECTED GRADIENT <= PGTOL
1145,C5,True,CONVERGENCE: NORM OF PROJECTED GRADIENT <= PGTOL
1146,C1,True,CONVERGENCE: NORM OF PROJECTED GRADIENT <= PGTOL
1146,C2,True,CONVERGENCE: NORM OF PROJECTED GRADIENT <= PGTOL
1146,C3,True,CONVERGENCE: NORM OF PROJECTED GRADIENT <= PGTOL
1146,C4,True,CONVERGENCE: NORM OF PROJECTED GRADIENT <= PGTOL
1146,C5,True,CONVERGENCE: NORM OF PROJECTED GRADIENT <= PGTOL
1147,C1,True,CONVERGENCE: NORM OF PROJECTED GRADIENT <= PGTOL
1147,C2,True,CONVERGENCE: NORM OF PROJECTED GRADIENT <= PGTOL
1147,C3,True,CONVERGENCE: NORM OF PROJECTED GRADIENT <= PGTOL
1147,C4,True,CONVERGENCE: NORM OF PROJECTED GRADIENT <= PGTOL
1147,C5,True,CONVERGENCE: NORM OF PROJECTED GRADIENT <= PGTOL
1148,C1,True,CONVERGENCE: NORM OF PROJECTED GRADIENT <= PGTOL
1148,C2,True,CONVERGENCE: NORM OF PROJECTED GRADIENT <= PGTOL
1148,C3,True,CONVERGENCE: NORM OF PROJECTED GRADIENT <= PGTOL
1148,C4,True,CONVERGENCE: NORM OF PROJECTED GRADIENT <= PGTOL
1148,C5,True,CONVERGENCE: NORM OF PROJECTED GRADIENT <= PGTOL
1149,C1,True,CONVERGENCE: NORM OF PROJECTED GRADIENT <= PGTOL
1149,C2,True,CONVERGENCE: NORM OF PROJECTED GRADIENT <= PGTOL
1149,C3,True,CONVERGENCE: NORM OF PROJECTED GRADIENT <= PGTOL
1149,C4,True,CONVERGENCE: NORM OF PROJECTED GRADIENT <= PGTOL
1149,C5,True,CONVERGENCE: NORM OF PROJECTED GRADIENT <= PGTOL
1150,C1,True,CONVERGENCE: NORM OF PROJECTED GRADIENT <= PGTOL
1150,C2,True,CONVERGENCE: NORM OF PROJECTED GRADIENT <= PGTOL
1150,C3,True,CONVERGENCE: NORM OF PROJECTED GRADIENT <= PGTOL
1150,C4,True,CONVERGENCE: NORM OF PROJECTED GRADIENT <= PGTOL
1150,C5,True,CONVERGENCE: NORM OF PROJECTED GRADIENT <= PGTOL
1151,C1,True,CONVERGENCE: NORM OF PROJECTED GRADIENT <= PGTOL
1151,C2,True,CONVERGENCE: NORM OF PROJECTED GRADIENT <= PGTOL
1151,C3,True,CONVERGENCE: NORM OF PROJECTED GRADIENT <= PGTOL
1151,C4,True,CONVERGENCE: NORM OF PROJECTED GRADIENT <= PGTOL
1151,C5,True,CONVERGENCE: NORM OF PROJECTED GRADIENT <= PGTOL
1152,C1,True,CONVERGENCE: NORM OF PROJECTED GRADIENT <= PGTOL
1152,C2,True,CONVERGENCE: NORM OF PROJECTED GRADIENT <= PGTOL
1152,C3,True,CONVERGENCE: NORM OF PROJECTED GRADIENT <= PGTOL
1152,C4,True,CONVERGENCE: NORM OF PROJECTED GRADIENT <= PGTOL
1152,C5,True,CONVERGENCE: NORM OF PROJECTED GRADIENT <= PGTOL
1153,C1,True,CONVERGENCE: NORM OF PROJECTED GRADIENT <= PGTOL
1153,C2,True,CONVERGENCE: NORM OF PROJECTED GRADIENT <= PGTOL
1153,C3,True,CONVERGENCE: NORM OF PROJECTED GRADIENT <= PGTOL
1153,C4,True,CONVERGENCE: NORM OF PROJECTED GRADIENT <= PGTOL
1153,C5,True,CONVERGENCE: NORM OF PROJECTED GRADIENT <= PGTOL
1154,C1,True,CONVERGENCE: NORM OF PROJECTED GRADIENT <= PGTOL
1154,C2,True,CONVERGENCE: NORM OF PROJECTED GRADIENT <= PGTOL
1154,C3,True,CONVERGENCE: NORM OF PROJECTED GRADIENT <= PGTOL
1154,C4,True,CONVERGENCE: NORM OF PROJECTED GRADIENT <= PGTOL
1154,C5,True,CONVERGENCE: NORM OF PROJECTED GRADIENT <= PGTOL
1155,C1,True,CONVERGENCE: NORM OF PROJECTED GRADIENT <= PGTOL
1155,C2,True,CONVERGENCE: NORM OF PROJECTED GRADIENT <= PGTOL
1155,C3,True,CONVERGENCE: NORM OF PROJECTED GRADIENT <= PGTOL
1155,C4,True,CONVERGENCE: NORM OF PROJECTED GRADIENT <= PGTOL
1155,C5,True,CONVERGENCE: NORM OF PROJECTED GRADIENT <= PGTOL
1156,C1,True,CONVERGENCE: NORM OF PROJECTED GRADIENT <= PGTOL
1156,C2,True,CONVERGENCE: NORM OF PROJECTED GRADIENT <= PGTOL
1156,C3,True,CONVERGENCE: NORM OF PROJECTED GRADIENT <= PGTOL
1156,C4,True,CONVERGENCE: NORM OF PROJECTED GRADIENT <= PGTOL
1156,C5,True,CONVERGENCE: NORM OF PROJECTED GRADIENT <= PGTOL
1157,C1,True,CONVERGENCE: NORM OF PROJECTED GRADIENT <= PGTOL
1157,C2,True,CONVERGENCE: NORM OF PROJECTED GRADIENT <= PGTOL
1157,C3,True,CONVERGENCE: NORM OF PROJECTED GRADIENT <= PGTOL
1157,C4,True,CONVERGENCE: NORM OF PROJECTED GRADIENT <= PGTOL
1157,C5,True,CONVERGENCE: NORM OF PROJECTED GRADIENT <= PGTOL
1158,C1,True,CONVERGENCE: NORM OF PROJECTED GRADIENT <= PGTOL
1158,C2,True,CONVERGENCE: NORM OF PROJECTED GRADIENT <= PGTOL
1158,C3,True,CONVERGENCE: NORM OF PROJECTED GRADIENT <= PGTOL
1158,C4,True,CONVERGENCE: NORM OF PROJECTED GRADIENT <= PGTOL
1158,C5,True,CONVERGENCE: NORM OF PROJECTED GRADIENT <= PGTOL
1159,C1,True,CONVERGENCE: NORM OF PROJECTED GRADIENT <= PGTOL
1159,C2,True,CONVERGENCE: NORM OF PROJECTED GRADIENT <= PGTOL
1159,C3,True,CONVERGENCE: NORM OF PROJECTED GRADIENT <= PGTOL
1159,C4,True,CONVERGENCE: NORM OF PROJECTED GRADIENT <= PGTOL
1159,C5,True,CONVERGENCE: NORM OF PROJECTED GRADIENT <= PGTOL
1160,C1,True,CONVERGENCE: NORM OF PROJECTED GRADIENT <= PGTOL
1160,C2,True,CONVERGENCE: NORM OF PROJECTED GRADIENT <= PGTOL
1160,C3,True,CONVERGENCE: NORM OF PROJECTED GRADIENT <= PGTOL
1160,C4,True,CONVERGENCE: NORM OF PROJECTED GRADIENT <= PGTOL
1160,C5,True,CONVERGENCE: NORM OF PROJECTED GRADIENT <= PGTOL
1161,C1,True,CONVERGENCE: NORM OF PROJECTED GRADIENT <= PGTOL
1161,C2,True,CONVERGENCE: NORM OF PROJECTED GRADIENT <= PGTOL
1161,C3,True,CONVERGENCE: NORM OF PROJECTED GRADIENT <= PGTOL
1161,C4,True,CONVERGENCE: NORM OF PROJECTED GRADIENT <= PGTOL
1161,C5,True,CONVERGENCE: NORM OF PROJECTED GRADIENT <= PGTOL
1162,C1,True,CONVERGENCE: NORM OF PROJECTED GRADIENT <= PGTOL
1162,C2,True,CONVERGENCE: NORM OF PROJECTED GRADIENT <= PGTOL
1162,C3,True,CONVERGENCE: NORM OF PROJECTED GRADIENT <= PGTOL
1162,C4,True,CONVERGENCE: NORM OF PROJECTED GRADIENT <= PGTOL
1162,C5,True,CONVERGENCE: NORM OF PROJECTED GRADIENT <= PGTOL
1163,C1,True,CONVERGENCE: NORM OF PROJECTED GRADIENT <= PGTOL
1163,C2,True,CONVERGENCE: NORM OF PROJECTED GRADIENT <= PGTOL
1163,C3,True,CONVERGENCE: NORM OF PROJECTED GRADIENT <= PGTOL
1163,C4,True,CONVERGENCE: NORM OF PROJECTED GRADIENT <= PGTOL
1163,C5,True,CONVERGENCE: NORM OF PROJECTED GRADIENT <= PGTOL
1164,C1,True,CONVERGENCE: NORM OF PROJECTED GRADIENT <= PGTOL
1164,C2,True,CONVERGENCE: NORM OF PROJECTED GRADIENT <= PGTOL
1164,C3,True,CONVERGENCE: NORM OF PROJECTED GRADIENT <= PGTOL
1164,C4,True,CONVERGENCE: NORM OF PROJECTED GRADIENT <= PGTOL
1164,C5,True,CONVERGENCE: NORM OF PROJECTED GRADIENT <= PGTOL
1165,C1,True,CONVERGENCE: NORM OF PROJECTED GRADIENT <= PGTOL
1165,C2,True,CONVERGENCE: NORM OF PROJECTED GRADIENT <= PGTOL
1165,C3,True,CONVERGENCE: NORM OF PROJECTED GRADIENT <= PGTOL
1165,C4,True,CONVERGENCE: NORM OF PROJECTED GRADIENT <= PGTOL
1165,C5,True,CONVERGENCE: NORM OF PROJECTED GRADIENT <= PGTOL
1166,C1,True,CONVERGENCE: NORM OF PROJECTED GRADIENT <= PGTOL
1166,C2,True,CONVERGENCE: NORM OF PROJECTED GRADIENT <= PGTOL
1166,C3,True,CONVERGENCE: NORM OF PROJECTED GRADIENT <= PGTOL
1166,C4,True,CONVERGENCE: NORM OF PROJECTED GRADIENT <= PGTOL
1166,C5,True,CONVERGENCE: NORM OF PROJECTED GRADIENT <= PGTOL
1167,C1,True,CONVERGENCE: NORM OF PROJECTED GRADIENT <= PGTOL
1167,C2,True,CONVERGENCE: NORM OF PROJECTED GRADIENT <= PGTOL
1167,C3,True,CONVERGENCE: NORM OF PROJECTED GRADIENT <= PGTOL
1167,C4,True,CONVERGENCE: NORM OF PROJECTED GRADIENT <= PGTOL
1167,C5,True,CONVERGENCE: NORM OF PROJECTED GRADIENT <= PGTOL
1168,C1,True,CONVERGENCE: NORM OF PROJECTED GRADIENT <= PGTOL
1168,C2,True,CONVERGENCE: NORM OF PROJECTED GRADIENT <= PGTOL
1168,C3,True,CONVERGENCE: NORM OF PROJECTED GRADIENT <= PGTOL
1168,C4,True,CONVERGENCE: NORM OF PROJECTED GRADIENT <= PGTOL
1168,C5,True,CONVERGENCE: NORM OF PROJECTED GRADIENT <= PGTOL
1169,C1,True,CONVERGENCE: NORM OF PROJECTED GRADIENT <= PGTOL
1169,C2,True,CONVERGENCE: NORM OF PROJECTED GRADIENT <= PGTOL
1169,C3,True,CONVERGENCE: NORM OF PROJECTED GRADIENT <= PGTOL
1169,C4,True,CONVERGENCE: NORM OF PROJECTED GRADIENT <= PGTOL
1169,C5,True,CONVERGENCE: NORM OF PROJECTED GRADIENT <= PGTOL
1170,C1,True,CONVERGENCE: NORM OF PROJECTED GRADIENT <= PGTOL
1170,C2,True,CONVERGENCE: NORM OF PROJECTED GRADIENT <= PGTOL
1170,C3,True,CONVERGENCE: NORM OF PROJECTED GRADIENT <= PGTOL
1170,C4,True,CONVERGENCE: NORM OF PROJECTED GRADIENT <= PGTOL
1170,C5,True,CONVERGENCE: NORM OF PROJECTED GRADIENT <= PGTOL
1171,C1,True,CONVERGENCE: NORM OF PROJECTED GRADIENT <= PGTOL
1171,C2,True,CONVERGENCE: NORM OF PROJECTED GRADIENT <= PGTOL
1171,C3,True,CONVERGENCE: NORM OF PROJECTED GRADIENT <= PGTOL
1171,C4,True,CONVERGENCE: NORM OF PROJECTED GRADIENT <= PGTOL
1171,C5,True,CONVERGENCE: NORM OF PROJECTED GRADIENT <= PGTOL
1172,C1,True,CONVERGENCE: NORM OF PROJECTED GRADIENT <= PGTOL
1172,C2,True,CONVERGENCE: NORM OF PROJECTED GRADIENT <= PGTOL
1172,C3,True,CONVERGENCE: NORM OF PROJECTED GRADIENT <= PGTOL
1172,C4,True,CONVERGENCE: NORM OF PROJECTED GRADIENT <= PGTOL
1172,C5,True,CONVERGENCE: NORM OF PROJECTED GRADIENT <= PGTOL
1173,C1,True,CONVERGENCE: NORM OF PROJECTED GRADIENT <= PGTOL
1173,C2,True,CONVERGENCE: NORM OF PROJECTED GRADIENT <= PGTOL
1173,C3,True,CONVERGENCE: NORM OF PROJECTED GRADIENT <= PGTOL
1173,C4,True,CONVERGENCE: NORM OF PROJECTED GRADIENT <= PGTOL
1173,C5,True,CONVERGENCE: NORM OF PROJECTED GRADIENT <= PGTOL
1174,C1,True,CONVERGENCE: NORM OF PROJECTED GRADIENT <= PGTOL
1174,C2,True,CONVERGENCE: NORM OF PROJECTED GRADIENT <= PGTOL
1174,C3,True,CONVERGENCE: NORM OF PROJECTED GRADIENT <= PGTOL
1174,C4,True,CONVERGENCE: NORM OF PROJECTED GRADIENT <= PGTOL
1174,C5,True,CONVERGENCE: NORM OF PROJECTED GRADIENT <= PGTOL
1175,C1,True,CONVERGENCE: NORM OF PROJECTED GRADIENT <= PGTOL
1175,C2,True,CONVERGENCE: NORM OF PROJECTED GRADIENT <= PGTOL
1175,C3,True,CONVERGENCE: NORM OF PROJECTED GRADIENT <= PGTOL
1175,C4,True,CONVERGENCE: NORM OF PROJECTED GRADIENT <= PGTOL
1175,C5,True,CONVERGENCE: NORM OF PROJECTED GRADIENT <= PGTOL
1176,C1,True,CONVERGENCE: NORM OF PROJECTED GRADIENT <= PGTOL
1176,C2,True,CONVERGENCE: NORM OF PROJECTED GRADIENT <= PGTOL
1176,C3,True,CONVERGENCE: NORM OF PROJECTED GRADIENT <= PGTOL
1176,C4,True,CONVERGENCE: NORM OF PROJECTED GRADIENT <= PGTOL
1176,C5,True,CONVERGENCE: NORM OF PROJECTED GRADIENT <= PGTOL
1177,C1,True,CONVERGENCE: NORM OF PROJECTED GRADIENT <= PGTOL
1177,C2,True,CONVERGENCE: NORM OF PROJECTED GRADIENT <= PGTOL
1177,C3,True,CONVERGENCE: NORM OF PROJECTED GRADIENT <= PGTOL
1177,C4,True,CONVERGENCE: NORM OF PROJECTED GRADIENT <= PGTOL
1177,C5,True,CONVERGENCE: NORM OF PROJECTED GRADIENT <= PGTOL
1178,C1,True,CONVERGENCE: NORM OF PROJECTED GRADIENT <= PGTOL
1178,C2,True,CONVERGENCE: NORM OF PROJECTED GRADIENT <= PGTOL
1178,C3,True,CONVERGENCE: NORM OF PROJECTED GRADIENT <= PGTOL
1178,C4,True,CONVERGENCE: NORM OF PROJECTED GRADIENT <= PGTOL
1178,C5,True,CONVERGENCE: NORM OF PROJECTED GRADIENT <= PGTOL
1179,C1,True,CONVERGENCE: NORM OF PROJECTED GRADIENT <= PGTOL
1179,C2,True,CONVERGENCE: NORM OF PROJECTED GRADIENT <= PGTOL
1179,C3,True,CONVERGENCE: NORM OF PROJECTED GRADIENT <= PGTOL
1179,C4,True,CONVERGENCE: NORM OF PROJECTED GRADIENT <= PGTOL
1179,C5,True,CONVERGENCE: NORM OF PROJECTED GRADIENT <= PGTOL
1180,C1,True,CONVERGENCE: NORM OF PROJECTED GRADIENT <= PGTOL
1180,C2,True,CONVERGENCE: NORM OF PROJECTED GRADIENT <= PGTOL
1180,C3,True,CONVERGENCE: NORM OF PROJECTED GRADIENT <= PGTOL
1180,C4,True,CONVERGENCE: NORM OF PROJECTED GRADIENT <= PGTOL
1180,C5,True,CONVERGENCE: NORM OF PROJECTED GRADIENT <= PGTOL
1181,C1,True,CONVERGENCE: NORM OF PROJECTED GRADIENT <= PGTOL
1181,C2,True,CONVERGENCE: NORM OF PROJECTED GRADIENT <= PGTOL
1181,C3,True,CONVERGENCE: NORM OF PROJECTED GRADIENT <= PGTOL
1181,C4,True,CONVERGENCE: NORM OF PROJECTED GRADIENT <= PGTOL
1181,C5,True,CONVERGENCE: NORM OF PROJECTED GRADIENT <= PGTOL
1182,C1,True,CONVERGENCE: NORM OF PROJECTED GRADIENT <= PGTOL
1182,C2,True,CONVERGENCE: NORM OF PROJECTED GRADIENT <= PGTOL
1182,C3,True,CONVERGENCE: NORM OF PROJECTED GRADIENT <= PGTOL
1182,C4,True,CONVERGENCE: NORM OF PROJECTED GRADIENT <= PGTOL
1182,C5,True,CONVERGENCE: NORM OF PROJECTED GRADIENT <= PGTOL
1183,C1,True,CONVERGENCE: NORM OF PROJECTED GRADIENT <= PGTOL
1183,C2,True,CONVERGENCE: NORM OF PROJECTED GRADIENT <= PGTOL
1183,C3,True,CONVERGENCE: NORM OF PROJECTED GRADIENT <= PGTOL
1183,C4,True,CONVERGENCE: NORM OF PROJECTED GRADIENT <= PGTOL
1183,C5,True,CONVERGENCE: NORM OF PROJECTED GRADIENT <= PGTOL
1184,C1,True,CONVERGENCE: NORM OF PROJECTED GRADIENT <= PGTOL
1184,C2,True,CONVERGENCE: NORM OF PROJECTED GRADIENT <= PGTOL
1184,C3,True,CONVERGENCE: NORM OF PROJECTED GRADIENT <= PGTOL
1184,C4,True,CONVERGENCE: NORM OF PROJECTED GRADIENT <= PGTOL
1184,C5,True,CONVERGENCE: NORM OF PROJECTED GRADIENT <= PGTOL
1185,C1,True,CONVERGENCE: NORM OF PROJECTED GRADIENT <= PGTOL
1185,C2,True,CONVERGENCE: NORM OF PROJECTED GRADIENT <= PGTOL
1185,C3,True,CONVERGENCE: NORM OF PROJECTED GRADIENT <= PGTOL
1185,C4,True,CONVERGENCE: NORM OF PROJECTED GRADIENT <= PGTOL
1185,C5,True,CONVERGENCE: NORM OF PROJECTED GRADIENT <= PGTOL
1186,C1,True,CONVERGENCE: NORM OF PROJECTED GRADIENT <= PGTOL
1186,C2,True,CONVERGENCE: NORM OF PROJECTED GRADIENT <= PGTOL
1186,C3,True,CONVERGENCE: NORM OF PROJECTED GRADIENT <= PGTOL
1186,C4,True,CONVERGENCE: NORM OF PROJECTED GRADIENT <= PGTOL
1186,C5,True,CONVERGENCE: NORM OF PROJECTED GRADIENT <= PGTOL
1187,C1,True,CONVERGENCE: NORM OF PROJECTED GRADIENT <= PGTOL
1187,C2,True,CONVERGENCE: NORM OF PROJECTED GRADIENT <= PGTOL
1187,C3,True,CONVERGENCE: NORM OF PROJECTED GRADIENT <= PGTOL
1187,C4,True,CONVERGENCE: NORM OF PROJECTED GRADIENT <= PGTOL
1187,C5,True,CONVERGENCE: NORM OF PROJECTED GRADIENT <= PGTOL
1188,C1,True,CONVERGENCE: NORM OF PROJECTED GRADIENT <= PGTOL
1188,C2,True,CONVERGENCE: NORM OF PROJECTED GRADIENT <= PGTOL
1188,C3,True,CONVERGENCE: NORM OF PROJECTED GRADIENT <= PGTOL
1188,C4,True,CONVERGENCE: NORM OF PROJECTED GRADIENT <= PGTOL
1188,C5,True,CONVERGENCE: NORM OF PROJECTED GRADIENT <= PGTOL
1189,C1,True,CONVERGENCE: NORM OF PROJECTED GRADIENT <= PGTOL
1189,C2,True,CONVERGENCE: NORM OF PROJECTED GRADIENT <= PGTOL
1189,C3,True,CONVERGENCE: NORM OF PROJECTED GRADIENT <= PGTOL
1189,C4,True,CONVERGENCE: NORM OF PROJECTED GRADIENT <= PGTOL
1189,C5,True,CONVERGENCE: NORM OF PROJECTED GRADIENT <= PGTOL
1190,C1,True,CONVERGENCE: NORM OF PROJECTED GRADIENT <= PGTOL
1190,C2,True,CONVERGENCE: NORM OF PROJECTED GRADIENT <= PGTOL
1190,C3,True,CONVERGENCE: NORM OF PROJECTED GRADIENT <= PGTOL
1190,C4,True,CONVERGENCE: NORM OF PROJECTED GRADIENT <= PGTOL
1190,C5,True,CONVERGENCE: NORM OF PROJECTED GRADIENT <= PGTOL
1191,C1,True,CONVERGENCE: NORM OF PROJECTED GRADIENT <= PGTOL
1191,C2,True,CONVERGENCE: NORM OF PROJECTED GRADIENT <= PGTOL
1191,C3,True,CONVERGENCE: NORM OF PROJECTED GRADIENT <= PGTOL
1191,C4,True,CONVERGENCE: NORM OF PROJECTED GRADIENT <= PGTOL
1191,C5,True,CONVERGENCE: NORM OF PROJECTED GRADIENT <= PGTOL
1192,C1,True,CONVERGENCE: NORM OF PROJECTED GRADIENT <= PGTOL
1192,C2,True,CONVERGENCE: NORM OF PROJECTED GRADIENT <= PGTOL
1192,C3,True,CONVERGENCE: NORM OF PROJECTED GRADIENT <= PGTOL
1192,C4,True,CONVERGENCE: NORM OF PROJECTED GRADIENT <= PGTOL
1192,C5,True,CONVERGENCE: NORM OF PROJECTED GRADIENT <= PGTOL
1193,C1,True,CONVERGENCE: NORM OF PROJECTED GRADIENT <= PGTOL
1193,C2,True,CONVERGENCE: NORM OF PROJECTED GRADIENT <= PGTOL
1193,C3,True,CONVERGENCE: NORM OF PROJECTED GRADIENT <= PGTOL
1193,C4,True,CONVERGENCE: NORM OF PROJECTED GRADIENT <= PGTOL
1193,C5,True,CONVERGENCE: NORM OF PROJECTED GRADIENT <= PGTOL
1194,C1,True,CONVERGENCE: NORM OF PROJECTED GRADIENT <= PGTOL
1194,C2,True,CONVERGENCE: NORM OF PROJECTED GRADIENT <= PGTOL
1194,C3,True,CONVERGENCE: NORM OF PROJECTED GRADIENT <= PGTOL
1194,C4,True,CONVERGENCE: NORM OF PROJECTED GRADIENT <= PGTOL
1194,C5,True,CONVERGENCE: NORM OF PROJECTED GRADIENT <= PGTOL
1195,C1,True,CONVERGENCE: NORM OF PROJECTED GRADIENT <= PGTOL
1195,C2,True,CONVERGENCE: NORM OF PROJECTED GRADIENT <= PGTOL
1195,C3,True,CONVERGENCE: NORM OF PROJECTED GRADIENT <= PGTOL
1195,C4,True,CONVERGENCE: NORM OF PROJECTED GRADIENT <= PGTOL
1195,C5,True,CONVERGENCE: NORM OF PROJECTED GRADIENT <= PGTOL
1196,C1,True,CONVERGENCE: NORM OF PROJECTED GRADIENT <= PGTOL
1196,C2,True,CONVERGENCE: NORM OF PROJECTED GRADIENT <= PGTOL
1196,C3,True,CONVERGENCE: NORM OF PROJECTED GRADIENT <= PGTOL
1196,C4,True,CONVERGENCE: NORM OF PROJECTED GRADIENT <= PGTOL
1196,C5,True,CONVERGENCE: NORM OF PROJECTED GRADIENT <= PGTOL
1197,C1,True,CONVERGENCE: NORM OF PROJECTED GRADIENT <= PGTOL
1197,C2,True,CONVERGENCE: NORM OF PROJECTED GRADIENT <= PGTOL
1197,C3,True,CONVERGENCE: NORM OF PROJECTED GRADIENT <= PGTOL
1197,C4,True,CONVERGENCE: NORM OF PROJECTED GRADIENT <= PGTOL
1197,C5,True,CONVERGENCE: NORM OF PROJECTED GRADIENT <= PGTOL
1198,C1,True,CONVERGENCE: NORM OF PROJECTED GRADIENT <= PGTOL
1198,C2,True,CONVERGENCE: NORM OF PROJECTED GRADIENT <= PGTOL
1198,C3,True,CONVERGENCE: NORM OF PROJECTED GRADIENT <= PGTOL
1198,C4,True,CONVERGENCE: NORM OF PROJECTED GRADIENT <= PGTOL
1198,C5,True,CONVERGENCE: NORM OF PROJECTED GRADIENT <= PGTOL
1199,C1,True,CONVERGENCE: NORM OF PROJECTED GRADIENT <= PGTOL
1199,C2,True,CONVERGENCE: NORM OF PROJECTED GRADIENT <= PGTOL
1199,C3,True,CONVERGENCE: NORM OF PROJECTED GRADIENT <= PGTOL
1199,C4,True,CONVERGENCE: NORM OF PROJECTED GRADIENT <= PGTOL
1199,C5,True,CONVERGENCE: NORM OF PROJECTED GRADIENT <= PGTOL
1200,C1,True,CONVERGENCE: NORM OF PROJECTED GRADIENT <= PGTOL
1200,C2,True,CONVERGENCE: NORM OF PROJECTED GRADIENT <= PGTOL
1200,C3,True,CONVERGENCE: NORM OF PROJECTED GRADIENT <= PGTOL
1200,C4,True,CONVERGENCE: NORM OF PROJECTED GRADIENT <= PGTOL
1200,C5,True,CONVERGENCE: NORM OF PROJECTED GRADIENT <= PGTOL
1201,C1,True,CONVERGENCE: NORM OF PROJECTED GRADIENT <= PGTOL
1201,C2,True,CONVERGENCE: NORM OF PROJECTED GRADIENT <= PGTOL
1201,C3,True,CONVERGENCE: NORM OF PROJECTED GRADIENT <= PGTOL
1201,C4,True,CONVERGENCE: NORM OF PROJECTED GRADIENT <= PGTOL
1201,C5,True,CONVERGENCE: NORM OF PROJECTED GRADIENT <= PGTOL
1202,C1,True,CONVERGENCE: NORM OF PROJECTED GRADIENT <= PGTOL
1202,C2,True,CONVERGENCE: NORM OF PROJECTED GRADIENT <= PGTOL
1202,C3,True,CONVERGENCE: NORM OF PROJECTED GRADIENT <= PGTOL
1202,C4,True,CONVERGENCE: NORM OF PROJECTED GRADIENT <= PGTOL
1202,C5,True,CONVERGENCE: NORM OF PROJECTED GRADIENT <= PGTOL
1203,C1,True,CONVERGENCE: NORM OF PROJECTED GRADIENT <= PGTOL
1203,C2,True,CONVERGENCE: NORM OF PROJECTED GRADIENT <= PGTOL
1203,C3,True,CONVERGENCE: NORM OF PROJECTED GRADIENT <= PGTOL
1203,C4,True,CONVERGENCE: NORM OF PROJECTED GRADIENT <= PGTOL
1203,C5,True,CONVERGENCE: NORM OF PROJECTED GRADIENT <= PGTOL
1204,C1,True,CONVERGENCE: NORM OF PROJECTED GRADIENT <= PGTOL
1204,C2,True,CONVERGENCE: NORM OF PROJECTED GRADIENT <= PGTOL
1204,C3,True,CONVERGENCE: NORM OF PROJECTED GRADIENT <= PGTOL
1204,C4,True,CONVERGENCE: NORM OF PROJECTED GRADIENT <= PGTOL
1204,C5,True,CONVERGENCE: NORM OF PROJECTED GRADIENT <= PGTOL
1205,C1,True,CONVERGENCE: NORM OF PROJECTED GRADIENT <= PGTOL
1205,C2,True,CONVERGENCE: NORM OF PROJECTED GRADIENT <= PGTOL
1205,C3,True,CONVERGENCE: NORM OF PROJECTED GRADIENT <= PGTOL
1205,C4,True,CONVERGENCE: NORM OF PROJECTED GRADIENT <= PGTOL
1205,C5,True,CONVERGENCE: NORM OF PROJECTED GRADIENT <= PGTOL
1206,C1,True,CONVERGENCE: NORM OF PROJECTED GRADIENT <= PGTOL
1206,C2,True,CONVERGENCE: NORM OF PROJECTED GRADIENT <= PGTOL
1206,C3,True,CONVERGENCE: NORM OF PROJECTED GRADIENT <= PGTOL
1206,C4,True,CONVERGENCE: NORM OF PROJECTED GRADIENT <= PGTOL
1206,C5,True,CONVERGENCE: NORM OF PROJECTED GRADIENT <= PGTOL
1207,C1,True,CONVERGENCE: NORM OF PROJECTED GRADIENT <= PGTOL
1207,C2,True,CONVERGENCE: NORM OF PROJECTED GRADIENT <= PGTOL
1207,C3,True,CONVERGENCE: NORM OF PROJECTED GRADIENT <= PGTOL
1207,C4,True,CONVERGENCE: NORM OF PROJECTED GRADIENT <= PGTOL
1207,C5,True,CONVERGENCE: NORM OF PROJECTED GRADIENT <= PGTOL
1208,C1,True,CONVERGENCE: NORM OF PROJECTED GRADIENT <= PGTOL
1208,C2,True,CONVERGENCE: NORM OF PROJECTED GRADIENT <= PGTOL
1208,C3,True,CONVERGENCE: NORM OF PROJECTED GRADIENT <= PGTOL
1208,C4,True,CONVERGENCE: NORM OF PROJECTED GRADIENT <= PGTOL
1208,C5,True,CONVERGENCE: NORM OF PROJECTED GRADIENT <= PGTOL
1209,C1,True,CONVERGENCE: NORM OF PROJECTED GRADIENT <= PGTOL
1209,C2,True,CONVERGENCE: NORM OF PROJECTED GRADIENT <= PGTOL
1209,C3,True,CONVERGENCE: NORM OF PROJECTED GRADIENT <= PGTOL
1209,C4,True,CONVERGENCE: NORM OF PROJECTED GRADIENT <= PGTOL
1209,C5,True,CONVERGENCE: NORM OF PROJECTED GRADIENT <= PGTOL
1210,C1,True,CONVERGENCE: NORM OF PROJECTED GRADIENT <= PGTOL
1210,C2,True,CONVERGENCE: NORM OF PROJECTED GRADIENT <= PGTOL
1210,C3,True,CONVERGENCE: NORM OF PROJECTED GRADIENT <= PGTOL
1210,C4,True,CONVERGENCE: NORM OF PROJECTED GRADIENT <= PGTOL
1210,C5,True,CONVERGENCE: NORM OF PROJECTED GRADIENT <= PGTOL
1211,C1,True,CONVERGENCE: NORM OF PROJECTED GRADIENT <= PGTOL
1211,C2,True,CONVERGENCE: NORM OF PROJECTED GRADIENT <= PGTOL
1211,C3,True,CONVERGENCE: NORM OF PROJECTED GRADIENT <= PGTOL
1211,C4,True,CONVERGENCE: NORM OF PROJECTED GRADIENT <= PGTOL
1211,C5,True,CONVERGENCE: NORM OF PROJECTED GRADIENT <= PGTOL
1212,C1,True,CONVERGENCE: NORM OF PROJECTED GRADIENT <= PGTOL
1212,C2,True,CONVERGENCE: NORM OF PROJECTED GRADIENT <= PGTOL
1212,C3,True,CONVERGENCE: NORM OF PROJECTED GRADIENT <= PGTOL
1212,C4,True,CONVERGENCE: NORM OF PROJECTED GRADIENT <= PGTOL
1212,C5,True,CONVERGENCE: NORM OF PROJECTED GRADIENT <= PGTOL
1213,C1,True,CONVERGENCE: NORM OF PROJECTED GRADIENT <= PGTOL
1213,C2,True,CONVERGENCE: NORM OF PROJECTED GRADIENT <= PGTOL
1213,C3,True,CONVERGENCE: NORM OF PROJECTED GRADIENT <= PGTOL
1213,C4,True,CONVERGENCE: NORM OF PROJECTED GRADIENT <= PGTOL
1213,C5,True,CONVERGENCE: NORM OF PROJECTED GRADIENT <= PGTOL
1214,C1,True,CONVERGENCE: NORM OF PROJECTED GRADIENT <= PGTOL
1214,C2,True,CONVERGENCE: NORM OF PROJECTED GRADIENT <= PGTOL
1214,C3,True,CONVERGENCE: NORM OF PROJECTED GRADIENT <= PGTOL
1214,C4,True,CONVERGENCE: NORM OF PROJECTED GRADIENT <= PGTOL
1214,C5,True,CONVERGENCE: NORM OF PROJECTED GRADIENT <= PGTOL
1215,C1,True,CONVERGENCE: NORM OF PROJECTED GRADIENT <= PGTOL
1215,C2,True,CONVERGENCE: NORM OF PROJECTED GRADIENT <= PGTOL
1215,C3,True,CONVERGENCE: NORM OF PROJECTED GRADIENT <= PGTOL
1215,C4,True,CONVERGENCE: NORM OF PROJECTED GRADIENT <= PGTOL
1215,C5,True,CONVERGENCE: NORM OF PROJECTED GRADIENT <= PGTOL
1216,C1,True,CONVERGENCE: NORM OF PROJECTED GRADIENT <= PGTOL
1216,C2,True,CONVERGENCE: NORM OF PROJECTED GRADIENT <= PGTOL
1216,C3,True,CONVERGENCE: NORM OF PROJECTED GRADIENT <= PGTOL
1216,C4,True,CONVERGENCE: NORM OF PROJECTED GRADIENT <= PGTOL
1216,C5,True,CONVERGENCE: NORM OF PROJECTED GRADIENT <= PGTOL
1217,C1,True,CONVERGENCE: NORM OF PROJECTED GRADIENT <= PGTOL
1217,C2,True,CONVERGENCE: NORM OF PROJECTED GRADIENT <= PGTOL
1217,C3,True,CONVERGENCE: NORM OF PROJECTED GRADIENT <= PGTOL
1217,C4,True,CONVERGENCE: NORM OF PROJECTED GRADIENT <= PGTOL
1217,C5,True,CONVERGENCE: NORM OF PROJECTED GRADIENT <= PGTOL
1218,C1,True,CONVERGENCE: NORM OF PROJECTED GRADIENT <= PGTOL
1218,C2,True,CONVERGENCE: NORM OF PROJECTED GRADIENT <= PGTOL
1218,C3,True,CONVERGENCE: NORM OF PROJECTED GRADIENT <= PGTOL
1218,C4,True,CONVERGENCE: NORM OF PROJECTED GRADIENT <= PGTOL
1218,C5,True,CONVERGENCE: NORM OF PROJECTED GRADIENT <= PGTOL
1219,C1,True,CONVERGENCE: NORM OF PROJECTED GRADIENT <= PGTOL
1219,C2,True,CONVERGENCE: NORM OF PROJECTED GRADIENT <= PGTOL
1219,C3,True,CONVERGENCE: NORM OF PROJECTED GRADIENT <= PGTOL
1219,C4,True,CONVERGENCE: NORM OF PROJECTED GRADIENT <= PGTOL
1219,C5,True,CONVERGENCE: NORM OF PROJECTED GRADIENT <= PGTOL
1220,C1,True,CONVERGENCE: NORM OF PROJECTED GRADIENT <= PGTOL
1220,C2,True,CONVERGENCE: NORM OF PROJECTED GRADIENT <= PGTOL
1220,C3,True,CONVERGENCE: NORM OF PROJECTED GRADIENT <= PGTOL
1220,C4,True,CONVERGENCE: NORM OF PROJECTED GRADIENT <= PGTOL
1220,C5,True,CONVERGENCE: NORM OF PROJECTED GRADIENT <= PGTOL
1221,C1,True,CONVERGENCE: NORM OF PROJECTED GRADIENT <= PGTOL
1221,C2,True,CONVERGENCE: NORM OF PROJECTED GRADIENT <= PGTOL
1221,C3,True,CONVERGENCE: NORM OF PROJECTED GRADIENT <= PGTOL
1221,C4,True,CONVERGENCE: NORM OF PROJECTED GRADIENT <= PGTOL
1221,C5,True,CONVERGENCE: NORM OF PROJECTED GRADIENT <= PGTOL
1222,C1,True,CONVERGENCE: NORM OF PROJECTED GRADIENT <= PGTOL
1222,C2,True,CONVERGENCE: NORM OF PROJECTED GRADIENT <= PGTOL
1222,C3,True,CONVERGENCE: NORM OF PROJECTED GRADIENT <= PGTOL
1222,C4,True,CONVERGENCE: NORM OF PROJECTED GRADIENT <= PGTOL
1222,C5,True,CONVERGENCE: NORM OF PROJECTED GRADIENT <= PGTOL
1223,C1,True,CONVERGENCE: NORM OF PROJECTED GRADIENT <= PGTOL
1223,C2,True,CONVERGENCE: NORM OF PROJECTED GRADIENT <= PGTOL
1223,C3,True,CONVERGENCE: NORM OF PROJECTED GRADIENT <= PGTOL
1223,C4,True,CONVERGENCE: NORM OF PROJECTED GRADIENT <= PGTOL
1223,C5,True,CONVERGENCE: NORM OF PROJECTED GRADIENT <= PGTOL
1224,C1,True,CONVERGENCE: NORM OF PROJECTED GRADIENT <= PGTOL
1224,C2,True,CONVERGENCE: NORM OF PROJECTED GRADIENT <= PGTOL
1224,C3,True,CONVERGENCE: NORM OF PROJECTED GRADIENT <= PGTOL
1224,C4,True,CONVERGENCE: NORM OF PROJECTED GRADIENT <= PGTOL
1224,C5,True,CONVERGENCE: NORM OF PROJECTED GRADIENT <= PGTOL
1225,C1,True,CONVERGENCE: NORM OF PROJECTED GRADIENT <= PGTOL
1225,C2,True,CONVERGENCE: NORM OF PROJECTED GRADIENT <= PGTOL
1225,C3,True,CONVERGENCE: NORM OF PROJECTED GRADIENT <= PGTOL
1225,C4,True,CONVERGENCE: NORM OF PROJECTED GRADIENT <= PGTOL
1225,C5,True,CONVERGENCE: NORM OF PROJECTED GRADIENT <= PGTOL
1226,C1,True,CONVERGENCE: NORM OF PROJECTED GRADIENT <= PGTOL
1226,C2,True,CONVERGENCE: NORM OF PROJECTED GRADIENT <= PGTOL
1226,C3,True,CONVERGENCE: NORM OF PROJECTED GRADIENT <= PGTOL
1226,C4,True,CONVERGENCE: NORM OF PROJECTED GRADIENT <= PGTOL
1226,C5,True,CONVERGENCE: NORM OF PROJECTED GRADIENT <= PGTOL
1227,C1,True,CONVERGENCE: NORM OF PROJECTED GRADIENT <= PGTOL
1227,C2,True,CONVERGENCE: NORM OF PROJECTED GRADIENT <= PGTOL
1227,C3,True,CONVERGENCE: NORM OF PROJECTED GRADIENT <= PGTOL
1227,C4,True,CONVERGENCE: NORM OF PROJECTED GRADIENT <= PGTOL
1227,C5,True,CONVERGENCE: NORM OF PROJECTED GRADIENT <= PGTOL
1228,C1,True,CONVERGENCE: NORM OF PROJECTED GRADIENT <= PGTOL
1228,C2,True,CONVERGENCE: NORM OF PROJECTED GRADIENT <= PGTOL
1228,C3,True,CONVERGENCE: NORM OF PROJECTED GRADIENT <= PGTOL
1228,C4,True,CONVERGENCE: NORM OF PROJECTED GRADIENT <= PGTOL
1228,C5,True,CONVERGENCE: NORM OF PROJECTED GRADIENT <= PGTOL
1229,C1,True,CONVERGENCE: NORM OF PROJECTED GRADIENT <= PGTOL
1229,C2,True,CONVERGENCE: NORM OF PROJECTED GRADIENT <= PGTOL
1229,C3,True,CONVERGENCE: NORM OF PROJECTED GRADIENT <= PGTOL
1229,C4,True,CONVERGENCE: NORM OF PROJECTED GRADIENT <= PGTOL
1229,C5,True,CONVERGENCE: NORM OF PROJECTED GRADIENT <= PGTOL
1230,C1,True,CONVERGENCE: NORM OF PROJECTED GRADIENT <= PGTOL
1230,C2,True,CONVERGENCE: NORM OF PROJECTED GRADIENT <= PGTOL
1230,C3,True,CONVERGENCE: NORM OF PROJECTED GRADIENT <= PGTOL
1230,C4,True,CONVERGENCE: NORM OF PROJECTED GRADIENT <= PGTOL
1230,C5,True,CONVERGENCE: NORM OF PROJECTED GRADIENT <= PGTOL
1231,C1,True,CONVERGENCE: NORM OF PROJECTED GRADIENT <= PGTOL
1231,C2,True,CONVERGENCE: NORM OF PROJECTED GRADIENT <= PGTOL
1231,C3,True,CONVERGENCE: NORM OF PROJECTED GRADIENT <= PGTOL
1231,C4,True,CONVERGENCE: NORM OF PROJECTED GRADIENT <= PGTOL
1231,C5,True,CONVERGENCE: NORM OF PROJECTED GRADIENT <= PGTOL
1232,C1,True,CONVERGENCE: NORM OF PROJECTED GRADIENT <= PGTOL
1232,C2,True,CONVERGENCE: NORM OF PROJECTED GRADIENT <= PGTOL
1232,C3,True,CONVERGENCE: NORM OF PROJECTED GRADIENT <= PGTOL
1232,C4,True,CONVERGENCE: NORM OF PROJECTED GRADIENT <= PGTOL
1232,C5,True,CONVERGENCE: NORM OF PROJECTED GRADIENT <= PGTOL
1233,C1,True,CONVERGENCE: NORM OF PROJECTED GRADIENT <= PGTOL
1233,C2,True,CONVERGENCE: NORM OF PROJECTED GRADIENT <= PGTOL
1233,C3,True,CONVERGENCE: NORM OF PROJECTED GRADIENT <= PGTOL
1233,C4,True,CONVERGENCE: NORM OF PROJECTED GRADIENT <= PGTOL
1233,C5,True,CONVERGENCE: NORM OF PROJECTED GRADIENT <= PGTOL
1234,C1,True,CONVERGENCE: NORM OF PROJECTED GRADIENT <= PGTOL
1234,C2,True,CONVERGENCE: NORM OF PROJECTED GRADIENT <= PGTOL
1234,C3,True,CONVERGENCE: NORM OF PROJECTED GRADIENT <= PGTOL
1234,C4,True,CONVERGENCE: NORM OF PROJECTED GRADIENT <= PGTOL
1234,C5,True,CONVERGENCE: NORM OF PROJECTED GRADIENT <= PGTOL
1235,C1,True,CONVERGENCE: NORM OF PROJECTED GRADIENT <= PGTOL
1235,C2,True,CONVERGENCE: NORM OF PROJECTED GRADIENT <= PGTOL
1235,C3,True,CONVERGENCE: NORM OF PROJECTED GRADIENT <= PGTOL
1235,C4,True,CONVERGENCE: NORM OF PROJECTED GRADIENT <= PGTOL
1235,C5,True,CONVERGENCE: NORM OF PROJECTED GRADIENT <= PGTOL
1236,C1,True,CONVERGENCE: NORM OF PROJECTED GRADIENT <= PGTOL
1236,C2,True,CONVERGENCE: NORM OF PROJECTED GRADIENT <= PGTOL
1236,C3,True,CONVERGENCE: NORM OF PROJECTED GRADIENT <= PGTOL
1236,C4,True,CONVERGENCE: NORM OF PROJECTED GRADIENT <= PGTOL
1236,C5,True,CONVERGENCE: NORM OF PROJECTED GRADIENT <= PGTOL
1237,C1,True,CONVERGENCE: NORM OF PROJECTED GRADIENT <= PGTOL
1237,C2,True,CONVERGENCE: NORM OF PROJECTED GRADIENT <= PGTOL
1237,C3,True,CONVERGENCE: NORM OF PROJECTED GRADIENT <= PGTOL
1237,C4,True,CONVERGENCE: NORM OF PROJECTED GRADIENT <= PGTOL
1237,C5,True,CONVERGENCE: NORM OF PROJECTED GRADIENT <= PGTOL
1238,C1,True,CONVERGENCE: NORM OF PROJECTED GRADIENT <= PGTOL
1238,C2,True,CONVERGENCE: NORM OF PROJECTED GRADIENT <= PGTOL
1238,C3,True,CONVERGENCE: NORM OF PROJECTED GRADIENT <= PGTOL
1238,C4,True,CONVERGENCE: NORM OF PROJECTED GRADIENT <= PGTOL
1238,C5,True,CONVERGENCE: NORM OF PROJECTED GRADIENT <= PGTOL
1239,C1,True,CONVERGENCE: NORM OF PROJECTED GRADIENT <= PGTOL
1239,C2,True,CONVERGENCE: NORM OF PROJECTED GRADIENT <= PGTOL
1239,C3,True,CONVERGENCE: NORM OF PROJECTED GRADIENT <= PGTOL
1239,C4,True,CONVERGENCE: NORM OF PROJECTED GRADIENT <= PGTOL
1239,C5,True,CONVERGENCE: NORM OF PROJECTED GRADIENT <= PGTOL
1240,C1,True,CONVERGENCE: NORM OF PROJECTED GRADIENT <= PGTOL
1240,C2,True,CONVERGENCE: NORM OF PROJECTED GRADIENT <= PGTOL
1240,C3,True,CONVERGENCE: NORM OF PROJECTED GRADIENT <= PGTOL
1240,C4,True,CONVERGENCE: NORM OF PROJECTED GRADIENT <= PGTOL
1240,C5,True,CONVERGENCE: NORM OF PROJECTED GRADIENT <= PGTOL
1241,C1,True,CONVERGENCE: NORM OF PROJECTED GRADIENT <= PGTOL
1241,C2,True,CONVERGENCE: NORM OF PROJECTED GRADIENT <= PGTOL
1241,C3,True,CONVERGENCE: NORM OF PROJECTED GRADIENT <= PGTOL
1241,C4,True,CONVERGENCE: NORM OF PROJECTED GRADIENT <= PGTOL
1241,C5,True,CONVERGENCE: NORM OF PROJECTED GRADIENT <= PGTOL
1242,C1,True,CONVERGENCE: NORM OF PROJECTED GRADIENT <= PGTOL
1242,C2,True,CONVERGENCE: NORM OF PROJECTED GRADIENT <= PGTOL
1242,C3,True,CONVERGENCE: NORM OF PROJECTED GRADIENT <= PGTOL
1242,C4,True,CONVERGENCE: NORM OF PROJECTED GRADIENT <= PGTOL
1242,C5,True,CONVERGENCE: NORM OF PROJECTED GRADIENT <= PGTOL
1243,C1,True,CONVERGENCE: NORM OF PROJECTED GRADIENT <= PGTOL
1243,C2,True,CONVERGENCE: NORM OF PROJECTED GRADIENT <= PGTOL
1243,C3,True,CONVERGENCE: NORM OF PROJECTED GRADIENT <= PGTOL
1243,C4,True,CONVERGENCE: NORM OF PROJECTED GRADIENT <= PGTOL
1243,C5,True,CONVERGENCE: NORM OF PROJECTED GRADIENT <= PGTOL
1244,C1,True,CONVERGENCE: NORM OF PROJECTED GRADIENT <= PGTOL
1244,C2,True,CONVERGENCE: NORM OF PROJECTED GRADIENT <= PGTOL
1244,C3,True,CONVERGENCE: NORM OF PROJECTED GRADIENT <= PGTOL
1244,C4,True,CONVERGENCE: NORM OF PROJECTED GRADIENT <= PGTOL
1244,C5,True,CONVERGENCE: NORM OF PROJECTED GRADIENT <= PGTOL
1245,C1,True,CONVERGENCE: NORM OF PROJECTED GRADIENT <= PGTOL
1245,C2,True,CONVERGENCE: NORM OF PROJECTED GRADIENT <= PGTOL
1245,C3,True,CONVERGENCE: NORM OF PROJECTED GRADIENT <= PGTOL
1245,C4,True,CONVERGENCE: NORM OF PROJECTED GRADIENT <= PGTOL
1245,C5,True,CONVERGENCE: NORM OF PROJECTED GRADIENT <= PGTOL
1246,C1,True,CONVERGENCE: NORM OF PROJECTED GRADIENT <= PGTOL
1246,C2,True,CONVERGENCE: NORM OF PROJECTED GRADIENT <= PGTOL
1246,C3,True,CONVERGENCE: NORM OF PROJECTED GRADIENT <= PGTOL
1246,C4,True,CONVERGENCE: NORM OF PROJECTED GRADIENT <= PGTOL
1246,C5,True,CONVERGENCE: NORM OF PROJECTED GRADIENT <= PGTOL
1247,C1,True,CONVERGENCE: NORM OF PROJECTED GRADIENT <= PGTOL
1247,C2,True,CONVERGENCE: NORM OF PROJECTED GRADIENT <= PGTOL
1247,C3,True,CONVERGENCE: NORM OF PROJECTED GRADIENT <= PGTOL
1247,C4,True,CONVERGENCE: NORM OF PROJECTED GRADIENT <= PGTOL
1247,C5,True,CONVERGENCE: NORM OF PROJECTED GRADIENT <= PGTOL
1248,C1,True,CONVERGENCE: NORM OF PROJECTED GRADIENT <= PGTOL
1248,C2,True,CONVERGENCE: NORM OF PROJECTED GRADIENT <= PGTOL
1248,C3,True,CONVERGENCE: NORM OF PROJECTED GRADIENT <= PGTOL
1248,C4,True,CONVERGENCE: NORM OF PROJECTED GRADIENT <= PGTOL
1248,C5,True,CONVERGENCE: NORM OF PROJECTED GRADIENT <= PGTOL
1249,C1,True,CONVERGENCE: NORM OF PROJECTED GRADIENT <= PGTOL
1249,C2,True,CONVERGENCE: NORM OF PROJECTED GRADIENT <= PGTOL
1249,C3,True,CONVERGENCE: NORM OF PROJECTED GRADIENT <= PGTOL
1249,C4,True,CONVERGENCE: NORM OF PROJECTED GRADIENT <= PGTOL
1249,C5,True,CONVERGENCE: NORM OF PROJECTED GRADIENT <= PGTOL
1250,C1,True,CONVERGENCE: NORM OF PROJECTED GRADIENT <= PGTOL
1250,C2,True,CONVERGENCE: NORM OF PROJECTED GRADIENT <= PGTOL
1250,C3,True,CONVERGENCE: NORM OF PROJECTED GRADIENT <= PGTOL
1250,C4,True,CONVERGENCE: NORM OF PROJECTED GRADIENT <= PGTOL
1250,C5,True,CONVERGENCE: NORM OF PROJECTED GRADIENT <= PGTOL
1251,C1,True,CONVERGENCE: NORM OF PROJECTED GRADIENT <= PGTOL
1251,C2,True,CONVERGENCE: NORM OF PROJECTED GRADIENT <= PGTOL
1251,C3,True,CONVERGENCE: NORM OF PROJECTED GRADIENT <= PGTOL
1251,C4,True,CONVERGENCE: NORM OF PROJECTED GRADIENT <= PGTOL
1251,C5,True,CONVERGENCE: NORM OF PROJECTED GRADIENT <= PGTOL
1252,C1,True,CONVERGENCE: NORM OF PROJECTED GRADIENT <= PGTOL
1252,C2,True,CONVERGENCE: NORM OF PROJECTED GRADIENT <= PGTOL
1252,C3,True,CONVERGENCE: NORM OF PROJECTED GRADIENT <= PGTOL
1252,C4,True,CONVERGENCE: NORM OF PROJECTED GRADIENT <= PGTOL
1252,C5,True,CONVERGENCE: NORM OF PROJECTED GRADIENT <= PGTOL
1253,C1,True,CONVERGENCE: NORM OF PROJECTED GRADIENT <= PGTOL
1253,C2,True,CONVERGENCE: NORM OF PROJECTED GRADIENT <= PGTOL
1253,C3,True,CONVERGENCE: NORM OF PROJECTED GRADIENT <= PGTOL
1253,C4,True,CONVERGENCE: NORM OF PROJECTED GRADIENT <= PGTOL
1253,C5,True,CONVERGENCE: NORM OF PROJECTED GRADIENT <= PGTOL
1254,C1,True,CONVERGENCE: NORM OF PROJECTED GRADIENT <= PGTOL
1254,C2,True,CONVERGENCE: NORM OF PROJECTED GRADIENT <= PGTOL
1254,C3,True,CONVERGENCE: NORM OF PROJECTED GRADIENT <= PGTOL
1254,C4,True,CONVERGENCE: NORM OF PROJECTED GRADIENT <= PGTOL
1254,C5,True,CONVERGENCE: NORM OF PROJECTED GRADIENT <= PGTOL
1255,C1,True,CONVERGENCE: NORM OF PROJECTED GRADIENT <= PGTOL
1255,C2,True,CONVERGENCE: NORM OF PROJECTED GRADIENT <= PGTOL
1255,C3,True,CONVERGENCE: NORM OF PROJECTED GRADIENT <= PGTOL
1255,C4,True,CONVERGENCE: NORM OF PROJECTED GRADIENT <= PGTOL
1255,C5,True,CONVERGENCE: NORM OF PROJECTED GRADIENT <= PGTOL
1256,C1,True,CONVERGENCE: NORM OF PROJECTED GRADIENT <= PGTOL
1256,C2,True,CONVERGENCE: NORM OF PROJECTED GRADIENT <= PGTOL
1256,C3,True,CONVERGENCE: NORM OF PROJECTED GRADIENT <= PGTOL
1256,C4,True,CONVERGENCE: NORM OF PROJECTED GRADIENT <= PGTOL
1256,C5,True,CONVERGENCE: NORM OF PROJECTED GRADIENT <= PGTOL
1257,C1,True,CONVERGENCE: NORM OF PROJECTED GRADIENT <= PGTOL
1257,C2,True,CONVERGENCE: NORM OF PROJECTED GRADIENT <= PGTOL
1257,C3,True,CONVERGENCE: NORM OF PROJECTED GRADIENT <= PGTOL
1257,C4,True,CONVERGENCE: NORM OF PROJECTED GRADIENT <= PGTOL
1257,C5,True,CONVERGENCE: NORM OF PROJECTED GRADIENT <= PGTOL
1258,C1,True,CONVERGENCE: NORM OF PROJECTED GRADIENT <= PGTOL
1258,C2,True,CONVERGENCE: NORM OF PROJECTED GRADIENT <= PGTOL
1258,C3,True,CONVERGENCE: NORM OF PROJECTED GRADIENT <= PGTOL
1258,C4,True,CONVERGENCE: NORM OF PROJECTED GRADIENT <= PGTOL
1258,C5,True,CONVERGENCE: NORM OF PROJECTED GRADIENT <= PGTOL
1259,C1,True,CONVERGENCE: NORM OF PROJECTED GRADIENT <= PGTOL
1259,C2,True,CONVERGENCE: NORM OF PROJECTED GRADIENT <= PGTOL
1259,C3,True,CONVERGENCE: NORM OF PROJECTED GRADIENT <= PGTOL
1259,C4,True,CONVERGENCE: NORM OF PROJECTED GRADIENT <= PGTOL
1259,C5,True,CONVERGENCE: NORM OF PROJECTED GRADIENT <= PGTOL
1260,C1,True,CONVERGENCE: NORM OF PROJECTED GRADIENT <= PGTOL
1260,C2,True,CONVERGENCE: NORM OF PROJECTED GRADIENT <= PGTOL
1260,C3,True,CONVERGENCE: NORM OF PROJECTED GRADIENT <= PGTOL
1260,C4,True,CONVERGENCE: NORM OF PROJECTED GRADIENT <= PGTOL
1260,C5,True,CONVERGENCE: NORM OF PROJECTED GRADIENT <= PGTOL
1261,C1,True,CONVERGENCE: NORM OF PROJECTED GRADIENT <= PGTOL
1261,C2,True,CONVERGENCE: NORM OF PROJECTED GRADIENT <= PGTOL
1261,C3,True,CONVERGENCE: NORM OF PROJECTED GRADIENT <= PGTOL
1261,C4,True,CONVERGENCE: NORM OF PROJECTED GRADIENT <= PGTOL
1261,C5,True,CONVERGENCE: NORM OF PROJECTED GRADIENT <= PGTOL
1262,C1,True,CONVERGENCE: NORM OF PROJECTED GRADIENT <= PGTOL
1262,C2,True,CONVERGENCE: NORM OF PROJECTED GRADIENT <= PGTOL
1262,C3,True,CONVERGENCE: NORM OF PROJECTED GRADIENT <= PGTOL
1262,C4,True,CONVERGENCE: NORM OF PROJECTED GRADIENT <= PGTOL
1262,C5,True,CONVERGENCE: NORM OF PROJECTED GRADIENT <= PGTOL
1263,C1,True,CONVERGENCE: NORM OF PROJECTED GRADIENT <= PGTOL
1263,C2,True,CONVERGENCE: NORM OF PROJECTED GRADIENT <= PGTOL
1263,C3,True,CONVERGENCE: NORM OF PROJECTED GRADIENT <= PGTOL
1263,C4,True,CONVERGENCE: NORM OF PROJECTED GRADIENT <= PGTOL
1263,C5,True,CONVERGENCE: NORM OF PROJECTED GRADIENT <= PGTOL
1264,C1,True,CONVERGENCE: NORM OF PROJECTED GRADIENT <= PGTOL
1264,C2,True,CONVERGENCE: NORM OF PROJECTED GRADIENT <= PGTOL
1264,C3,True,CONVERGENCE: NORM OF PROJECTED GRADIENT <= PGTOL
1264,C4,True,CONVERGENCE: NORM OF PROJECTED GRADIENT <= PGTOL
1264,C5,True,CONVERGENCE: NORM OF PROJECTED GRADIENT <= PGTOL
1265,C1,True,CONVERGENCE: NORM OF PROJECTED GRADIENT <= PGTOL
1265,C2,True,CONVERGENCE: NORM OF PROJECTED GRADIENT <= PGTOL
1265,C3,True,CONVERGENCE: NORM OF PROJECTED GRADIENT <= PGTOL
1265,C4,True,CONVERGENCE: NORM OF PROJECTED GRADIENT <= PGTOL
1265,C5,True,CONVERGENCE: NORM OF PROJECTED GRADIENT <= PGTOL
1266,C1,True,CONVERGENCE: NORM OF PROJECTED GRADIENT <= PGTOL
1266,C2,True,CONVERGENCE: NORM OF PROJECTED GRADIENT <= PGTOL
1266,C3,True,CONVERGENCE: NORM OF PROJECTED GRADIENT <= PGTOL
1266,C4,True,CONVERGENCE: NORM OF PROJECTED GRADIENT <= PGTOL
1266,C5,True,CONVERGENCE: NORM OF PROJECTED GRADIENT <= PGTOL
1267,C1,True,CONVERGENCE: NORM OF PROJECTED GRADIENT <= PGTOL
1267,C2,True,CONVERGENCE: NORM OF PROJECTED GRADIENT <= PGTOL
1267,C3,True,CONVERGENCE: NORM OF PROJECTED GRADIENT <= PGTOL
1267,C4,True,CONVERGENCE: NORM OF PROJECTED GRADIENT <= PGTOL
1267,C5,True,CONVERGENCE: NORM OF PROJECTED GRADIENT <= PGTOL
1268,C1,True,CONVERGENCE: NORM OF PROJECTED GRADIENT <= PGTOL
1268,C2,True,CONVERGENCE: NORM OF PROJECTED GRADIENT <= PGTOL
1268,C3,True,CONVERGENCE: NORM OF PROJECTED GRADIENT <= PGTOL
1268,C4,True,CONVERGENCE: NORM OF PROJECTED GRADIENT <= PGTOL
1268,C5,True,CONVERGENCE: NORM OF PROJECTED GRADIENT <= PGTOL
1269,C1,True,CONVERGENCE: NORM OF PROJECTED GRADIENT <= PGTOL
1269,C2,True,CONVERGENCE: NORM OF PROJECTED GRADIENT <= PGTOL
1269,C3,True,CONVERGENCE: NORM OF PROJECTED GRADIENT <= PGTOL
1269,C4,True,CONVERGENCE: NORM OF PROJECTED GRADIENT <= PGTOL
1269,C5,True,CONVERGENCE: NORM OF PROJECTED GRADIENT <= PGTOL
1270,C1,True,CONVERGENCE: NORM OF PROJECTED GRADIENT <= PGTOL
1270,C2,True,CONVERGENCE: NORM OF PROJECTED GRADIENT <= PGTOL
1270,C3,True,CONVERGENCE: NORM OF PROJECTED GRADIENT <= PGTOL
1270,C4,True,CONVERGENCE: NORM OF PROJECTED GRADIENT <= PGTOL
1270,C5,True,CONVERGENCE: NORM OF PROJECTED GRADIENT <= PGTOL
1271,C1,True,CONVERGENCE: NORM OF PROJECTED GRADIENT <= PGTOL
1271,C2,True,CONVERGENCE: NORM OF PROJECTED GRADIENT <= PGTOL
1271,C3,True,CONVERGENCE: NORM OF PROJECTED GRADIENT <= PGTOL
1271,C4,True,CONVERGENCE: NORM OF PROJECTED GRADIENT <= PGTOL
1271,C5,True,CONVERGENCE: NORM OF PROJECTED GRADIENT <= PGTOL
1272,C1,True,CONVERGENCE: NORM OF PROJECTED GRADIENT <= PGTOL
1272,C2,True,CONVERGENCE: NORM OF PROJECTED GRADIENT <= PGTOL
1272,C3,True,CONVERGENCE: NORM OF PROJECTED GRADIENT <= PGTOL
1272,C4,True,CONVERGENCE: NORM OF PROJECTED GRADIENT <= PGTOL
1272,C5,True,CONVERGENCE: NORM OF PROJECTED GRADIENT <= PGTOL
1273,C1,True,CONVERGENCE: NORM OF PROJECTED GRADIENT <= PGTOL
1273,C2,True,CONVERGENCE: NORM OF PROJECTED GRADIENT <= PGTOL
1273,C3,True,CONVERGENCE: NORM OF PROJECTED GRADIENT <= PGTOL
1273,C4,True,CONVERGENCE: NORM OF PROJECTED GRADIENT <= PGTOL
1273,C5,True,CONVERGENCE: NORM OF PROJECTED GRADIENT <= PGTOL
1274,C1,True,CONVERGENCE: NORM OF PROJECTED GRADIENT <= PGTOL
1274,C2,True,CONVERGENCE: NORM OF PROJECTED GRADIENT <= PGTOL
1274,C3,True,CONVERGENCE: NORM OF PROJECTED GRADIENT <= PGTOL
1274,C4,True,CONVERGENCE: NORM OF PROJECTED GRADIENT <= PGTOL
1274,C5,True,CONVERGENCE: NORM OF PROJECTED GRADIENT <= PGTOL
1275,C1,True,CONVERGENCE: NORM OF PROJECTED GRADIENT <= PGTOL
1275,C2,True,CONVERGENCE: NORM OF PROJECTED GRADIENT <= PGTOL
1275,C3,True,CONVERGENCE: NORM OF PROJECTED GRADIENT <= PGTOL
1275,C4,True,CONVERGENCE: NORM OF PROJECTED GRADIENT <= PGTOL
1275,C5,True,CONVERGENCE: NORM OF PROJECTED GRADIENT <= PGTOL
1276,C1,True,CONVERGENCE: NORM OF PROJECTED GRADIENT <= PGTOL
1276,C2,True,CONVERGENCE: NORM OF PROJECTED GRADIENT <= PGTOL
1276,C3,True,CONVERGENCE: NORM OF PROJECTED GRADIENT <= PGTOL
1276,C4,True,CONVERGENCE: NORM OF PROJECTED GRADIENT <= PGTOL
1276,C5,True,CONVERGENCE: NORM OF PROJECTED GRADIENT <= PGTOL
1277,C1,True,CONVERGENCE: NORM OF PROJECTED GRADIENT <= PGTOL
1277,C2,True,CONVERGENCE: NORM OF PROJECTED GRADIENT <= PGTOL
1277,C3,True,CONVERGENCE: NORM OF PROJECTED GRADIENT <= PGTOL
1277,C4,True,CONVERGENCE: NORM OF PROJECTED GRADIENT <= PGTOL
1277,C5,True,CONVERGENCE: NORM OF PROJECTED GRADIENT <= PGTOL
1278,C1,True,CONVERGENCE: NORM OF PROJECTED GRADIENT <= PGTOL
1278,C2,True,CONVERGENCE: NORM OF PROJECTED GRADIENT <= PGTOL
1278,C3,True,CONVERGENCE: NORM OF PROJECTED GRADIENT <= PGTOL
1278,C4,True,CONVERGENCE: NORM OF PROJECTED GRADIENT <= PGTOL
1278,C5,True,CONVERGENCE: NORM OF PROJECTED GRADIENT <= PGTOL
1279,C1,True,CONVERGENCE: NORM OF PROJECTED GRADIENT <= PGTOL
1279,C2,True,CONVERGENCE: NORM OF PROJECTED GRADIENT <= PGTOL
1279,C3,True,CONVERGENCE: NORM OF PROJECTED GRADIENT <= PGTOL
1279,C4,True,CONVERGENCE: NORM OF PROJECTED GRADIENT <= PGTOL
1279,C5,True,CONVERGENCE: NORM OF PROJECTED GRADIENT <= PGTOL
1280,C1,True,CONVERGENCE: NORM OF PROJECTED GRADIENT <= PGTOL
1280,C2,True,CONVERGENCE: NORM OF PROJECTED GRADIENT <= PGTOL
1280,C3,True,CONVERGENCE: NORM OF PROJECTED GRADIENT <= PGTOL
1280,C4,True,CONVERGENCE: NORM OF PROJECTED GRADIENT <= PGTOL
1280,C5,True,CONVERGENCE: NORM OF PROJECTED GRADIENT <= PGTOL
1281,C1,True,CONVERGENCE: NORM OF PROJECTED GRADIENT <= PGTOL
1281,C2,True,CONVERGENCE: NORM OF PROJECTED GRADIENT <= PGTOL
1281,C3,True,CONVERGENCE: NORM OF PROJECTED GRADIENT <= PGTOL
1281,C4,True,CONVERGENCE: NORM OF PROJECTED GRADIENT <= PGTOL
1281,C5,True,CONVERGENCE: NORM OF PROJECTED GRADIENT <= PGTOL
1282,C1,True,CONVERGENCE: NORM OF PROJECTED GRADIENT <= PGTOL
1282,C2,True,CONVERGENCE: NORM OF PROJECTED GRADIENT <= PGTOL
1282,C3,True,CONVERGENCE: NORM OF PROJECTED GRADIENT <= PGTOL
1282,C4,True,CONVERGENCE: NORM OF PROJECTED GRADIENT <= PGTOL
1282,C5,True,CONVERGENCE: NORM OF PROJECTED GRADIENT <= PGTOL
1283,C1,True,CONVERGENCE: NORM OF PROJECTED GRADIENT <= PGTOL
1283,C2,True,CONVERGENCE: NORM OF PROJECTED GRADIENT <= PGTOL
1283,C3,True,CONVERGENCE: NORM OF PROJECTED GRADIENT <= PGTOL
1283,C4,True,CONVERGENCE: NORM OF PROJECTED GRADIENT <= PGTOL
1283,C5,True,CONVERGENCE: NORM OF PROJECTED GRADIENT <= PGTOL
1284,C1,True,CONVERGENCE: NORM OF PROJECTED GRADIENT <= PGTOL
1284,C2,True,CONVERGENCE: NORM OF PROJECTED GRADIENT <= PGTOL
1284,C3,True,CONVERGENCE: NORM OF PROJECTED GRADIENT <= PGTOL
1284,C4,True,CONVERGENCE: NORM OF PROJECTED GRADIENT <= PGTOL
1284,C5,True,CONVERGENCE: NORM OF PROJECTED GRADIENT <= PGTOL
1285,C1,True,CONVERGENCE: NORM OF PROJECTED GRADIENT <= PGTOL
1285,C2,True,CONVERGENCE: NORM OF PROJECTED GRADIENT <= PGTOL
1285,C3,True,CONVERGENCE: NORM OF PROJECTED GRADIENT <= PGTOL
1285,C4,True,CONVERGENCE: NORM OF PROJECTED GRADIENT <= PGTOL
1285,C5,True,CONVERGENCE: NORM OF PROJECTED GRADIENT <= PGTOL
1286,C1,True,CONVERGENCE: NORM OF PROJECTED GRADIENT <= PGTOL
1286,C2,True,CONVERGENCE: NORM OF PROJECTED GRADIENT <= PGTOL
1286,C3,True,CONVERGENCE: NORM OF PROJECTED GRADIENT <= PGTOL
1286,C4,True,CONVERGENCE: NORM OF PROJECTED GRADIENT <= PGTOL
1286,C5,True,CONVERGENCE: NORM OF PROJECTED GRADIENT <= PGTOL
1287,C1,True,CONVERGENCE: NORM OF PROJECTED GRADIENT <= PGTOL
1287,C2,True,CONVERGENCE: NORM OF PROJECTED GRADIENT <= PGTOL
1287,C3,True,CONVERGENCE: NORM OF PROJECTED GRADIENT <= PGTOL
1287,C4,True,CONVERGENCE: NORM OF PROJECTED GRADIENT <= PGTOL
1287,C5,True,CONVERGENCE: NORM OF PROJECTED GRADIENT <= PGTOL
1288,C1,True,CONVERGENCE: NORM OF PROJECTED GRADIENT <= PGTOL
1288,C2,True,CONVERGENCE: NORM OF PROJECTED GRADIENT <= PGTOL
1288,C3,True,CONVERGENCE: NORM OF PROJECTED GRADIENT <= PGTOL
1288,C4,True,CONVERGENCE: NORM OF PROJECTED GRADIENT <= PGTOL
1288,C5,True,CONVERGENCE: NORM OF PROJECTED GRADIENT <= PGTOL
1289,C1,True,CONVERGENCE: NORM OF PROJECTED GRADIENT <= PGTOL
1289,C2,True,CONVERGENCE: NORM OF PROJECTED GRADIENT <= PGTOL
1289,C3,True,CONVERGENCE: NORM OF PROJECTED GRADIENT <= PGTOL
1289,C4,True,CONVERGENCE: NORM OF PROJECTED GRADIENT <= PGTOL
1289,C5,True,CONVERGENCE: NORM OF PROJECTED GRADIENT <= PGTOL
1290,C1,True,CONVERGENCE: NORM OF PROJECTED GRADIENT <= PGTOL
1290,C2,True,CONVERGENCE: NORM OF PROJECTED GRADIENT <= PGTOL
1290,C3,True,CONVERGENCE: NORM OF PROJECTED GRADIENT <= PGTOL
1290,C4,True,CONVERGENCE: NORM OF PROJECTED GRADIENT <= PGTOL
1290,C5,True,CONVERGENCE: NORM OF PROJECTED GRADIENT <= PGTOL
1291,C1,True,CONVERGENCE: NORM OF PROJECTED GRADIENT <= PGTOL
1291,C2,True,CONVERGENCE: NORM OF PROJECTED GRADIENT <= PGTOL
1291,C3,True,CONVERGENCE: NORM OF PROJECTED GRADIENT <= PGTOL
1291,C4,True,CONVERGENCE: NORM OF PROJECTED GRADIENT <= PGTOL
1291,C5,True,CONVERGENCE: NORM OF PROJECTED GRADIENT <= PGTOL
1292,C1,True,CONVERGENCE: NORM OF PROJECTED GRADIENT <= PGTOL
1292,C2,True,CONVERGENCE: NORM OF PROJECTED GRADIENT <= PGTOL
1292,C3,True,CONVERGENCE: NORM OF PROJECTED GRADIENT <= PGTOL
1292,C4,True,CONVERGENCE: NORM OF PROJECTED GRADIENT <= PGTOL
1292,C5,True,CONVERGENCE: NORM OF PROJECTED GRADIENT <= PGTOL
1293,C1,True,CONVERGENCE: NORM OF PROJECTED GRADIENT <= PGTOL
1293,C2,True,CONVERGENCE: NORM OF PROJECTED GRADIENT <= PGTOL
1293,C3,True,CONVERGENCE: NORM OF PROJECTED GRADIENT <= PGTOL
1293,C4,True,CONVERGENCE: NORM OF PROJECTED GRADIENT <= PGTOL
1293,C5,True,CONVERGENCE: NORM OF PROJECTED GRADIENT <= PGTOL
1294,C1,True,CONVERGENCE: NORM OF PROJECTED GRADIENT <= PGTOL
1294,C2,True,CONVERGENCE: NORM OF PROJECTED GRADIENT <= PGTOL
1294,C3,True,CONVERGENCE: NORM OF PROJECTED GRADIENT <= PGTOL
1294,C4,True,CONVERGENCE: NORM OF PROJECTED GRADIENT <= PGTOL
1294,C5,True,CONVERGENCE: NORM OF PROJECTED GRADIENT <= PGTOL
1295,C1,True,CONVERGENCE: NORM OF PROJECTED GRADIENT <= PGTOL
1295,C2,True,CONVERGENCE: NORM OF PROJECTED GRADIENT <= PGTOL
1295,C3,True,CONVERGENCE: NORM OF PROJECTED GRADIENT <= PGTOL
1295,C4,True,CONVERGENCE: NORM OF PROJECTED GRADIENT <= PGTOL
1295,C5,True,CONVERGENCE: NORM OF PROJECTED GRADIENT <= PGTOL
1296,C1,True,CONVERGENCE: NORM OF PROJECTED GRADIENT <= PGTOL
1296,C2,True,CONVERGENCE: NORM OF PROJECTED GRADIENT <= PGTOL
1296,C3,True,CONVERGENCE: NORM OF PROJECTED GRADIENT <= PGTOL
1296,C4,True,CONVERGENCE: NORM OF PROJECTED GRADIENT <= PGTOL
1296,C5,True,CONVERGENCE: NORM OF PROJECTED GRADIENT <= PGTOL
1297,C1,True,CONVERGENCE: NORM OF PROJECTED GRADIENT <= PGTOL
1297,C2,True,CONVERGENCE: NORM OF PROJECTED GRADIENT <= PGTOL
1297,C3,True,CONVERGENCE: NORM OF PROJECTED GRADIENT <= PGTOL
1297,C4,True,CONVERGENCE: NORM OF PROJECTED GRADIENT <= PGTOL
1297,C5,True,CONVERGENCE: NORM OF PROJECTED GRADIENT <= PGTOL
1298,C1,True,CONVERGENCE: NORM OF PROJECTED GRADIENT <= PGTOL
1298,C2,True,CONVERGENCE: NORM OF PROJECTED GRADIENT <= PGTOL
1298,C3,True,CONVERGENCE: NORM OF PROJECTED GRADIENT <= PGTOL
1298,C4,True,CONVERGENCE: NORM OF PROJECTED GRADIENT <= PGTOL
1298,C5,True,CONVERGENCE: NORM OF PROJECTED GRADIENT <= PGTOL
1299,C1,True,CONVERGENCE: NORM OF PROJECTED GRADIENT <= PGTOL
1299,C2,True,CONVERGENCE: NORM OF PROJECTED GRADIENT <= PGTOL
1299,C3,True,CONVERGENCE: NORM OF PROJECTED GRADIENT <= PGTOL
1299,C4,True,CONVERGENCE: NORM OF PROJECTED GRADIENT <= PGTOL
1299,C5,True,CONVERGENCE: NORM OF PROJECTED GRADIENT <= PGTOL
1300,C1,True,CONVERGENCE: NORM OF PROJECTED GRADIENT <= PGTOL
1300,C2,True,CONVERGENCE: NORM OF PROJECTED GRADIENT <= PGTOL
1300,C3,True,CONVERGENCE: NORM OF PROJECTED GRADIENT <= PGTOL
1300,C4,True,CONVERGENCE: NORM OF PROJECTED GRADIENT <= PGTOL
1300,C5,True,CONVERGENCE: NORM OF PROJECTED GRADIENT <= PGTOL
1301,C1,True,CONVERGENCE: NORM OF PROJECTED GRADIENT <= PGTOL
1301,C2,True,CONVERGENCE: NORM OF PROJECTED GRADIENT <= PGTOL
1301,C3,True,CONVERGENCE: NORM OF PROJECTED GRADIENT <= PGTOL
1301,C4,True,CONVERGENCE: NORM OF PROJECTED GRADIENT <= PGTOL
1301,C5,True,CONVERGENCE: NORM OF PROJECTED GRADIENT <= PGTOL
1302,C1,True,CONVERGENCE: NORM OF PROJECTED GRADIENT <= PGTOL
1302,C2,True,CONVERGENCE: NORM OF PROJECTED GRADIENT <= PGTOL
1302,C3,True,CONVERGENCE: NORM OF PROJECTED GRADIENT <= PGTOL
1302,C4,True,CONVERGENCE: NORM OF PROJECTED GRADIENT <= PGTOL
1302,C5,True,CONVERGENCE: NORM OF PROJECTED GRADIENT <= PGTOL
1303,C1,True,CONVERGENCE: NORM OF PROJECTED GRADIENT <= PGTOL
1303,C2,True,CONVERGENCE: NORM OF PROJECTED GRADIENT <= PGTOL
1303,C3,True,CONVERGENCE: NORM OF PROJECTED GRADIENT <= PGTOL
1303,C4,True,CONVERGENCE: NORM OF PROJECTED GRADIENT <= PGTOL
1303,C5,True,CONVERGENCE: NORM OF PROJECTED GRADIENT <= PGTOL
1304,C1,True,CONVERGENCE: NORM OF PROJECTED GRADIENT <= PGTOL
1304,C2,True,CONVERGENCE: NORM OF PROJECTED GRADIENT <= PGTOL
1304,C3,True,CONVERGENCE: NORM OF PROJECTED GRADIENT <= PGTOL
1304,C4,True,CONVERGENCE: NORM OF PROJECTED GRADIENT <= PGTOL
1304,C5,True,CONVERGENCE: NORM OF PROJECTED GRADIENT <= PGTOL
1305,C1,True,CONVERGENCE: NORM OF PROJECTED GRADIENT <= PGTOL
1305,C2,True,CONVERGENCE: NORM OF PROJECTED GRADIENT <= PGTOL
1305,C3,True,CONVERGENCE: NORM OF PROJECTED GRADIENT <= PGTOL
1305,C4,True,CONVERGENCE: NORM OF PROJECTED GRADIENT <= PGTOL
1305,C5,True,CONVERGENCE: NORM OF PROJECTED GRADIENT <= PGTOL
1306,C1,True,CONVERGENCE: NORM OF PROJECTED GRADIENT <= PGTOL
1306,C2,True,CONVERGENCE: NORM OF PROJECTED GRADIENT <= PGTOL
1306,C3,True,CONVERGENCE: NORM OF PROJECTED GRADIENT <= PGTOL
1306,C4,True,CONVERGENCE: NORM OF PROJECTED GRADIENT <= PGTOL
1306,C5,True,CONVERGENCE: NORM OF PROJECTED GRADIENT <= PGTOL
1307,C1,True,CONVERGENCE: NORM OF PROJECTED GRADIENT <= PGTOL
1307,C2,True,CONVERGENCE: NORM OF PROJECTED GRADIENT <= PGTOL
1307,C3,True,CONVERGENCE: NORM OF PROJECTED GRADIENT <= PGTOL
1307,C4,True,CONVERGENCE: NORM OF PROJECTED GRADIENT <= PGTOL
1307,C5,True,CONVERGENCE: NORM OF PROJECTED GRADIENT <= PGTOL
1308,C1,True,CONVERGENCE: NORM OF PROJECTED GRADIENT <= PGTOL
1308,C2,True,CONVERGENCE: NORM OF PROJECTED GRADIENT <= PGTOL
1308,C3,True,CONVERGENCE: NORM OF PROJECTED GRADIENT <= PGTOL
1308,C4,True,CONVERGENCE: NORM OF PROJECTED GRADIENT <= PGTOL
1308,C5,True,CONVERGENCE: NORM OF PROJECTED GRADIENT <= PGTOL
1309,C1,True,CONVERGENCE: NORM OF PROJECTED GRADIENT <= PGTOL
1309,C2,True,CONVERGENCE: NORM OF PROJECTED GRADIENT <= PGTOL
1309,C3,True,CONVERGENCE: NORM OF PROJECTED GRADIENT <= PGTOL
1309,C4,True,CONVERGENCE: NORM OF PROJECTED GRADIENT <= PGTOL
1309,C5,True,CONVERGENCE: NORM OF PROJECTED GRADIENT <= PGTOL
1310,C1,True,CONVERGENCE: NORM OF PROJECTED GRADIENT <= PGTOL
1310,C2,True,CONVERGENCE: NORM OF PROJECTED GRADIENT <= PGTOL
1310,C3,True,CONVERGENCE: NORM OF PROJECTED GRADIENT <= PGTOL
1310,C4,True,CONVERGENCE: NORM OF PROJECTED GRADIENT <= PGTOL
1310,C5,True,CONVERGENCE: NORM OF PROJECTED GRADIENT <= PGTOL
1311,C1,True,CONVERGENCE: NORM OF PROJECTED GRADIENT <= PGTOL
1311,C2,True,CONVERGENCE: NORM OF PROJECTED GRADIENT <= PGTOL
1311,C3,True,CONVERGENCE: NORM OF PROJECTED GRADIENT <= PGTOL
1311,C4,True,CONVERGENCE: NORM OF PROJECTED GRADIENT <= PGTOL
1311,C5,True,CONVERGENCE: NORM OF PROJECTED GRADIENT <= PGTOL
1312,C1,True,CONVERGENCE: NORM OF PROJECTED GRADIENT <= PGTOL
1312,C2,True,CONVERGENCE: NORM OF PROJECTED GRADIENT <= PGTOL
1312,C3,True,CONVERGENCE: NORM OF PROJECTED GRADIENT <= PGTOL
1312,C4,True,CONVERGENCE: NORM OF PROJECTED GRADIENT <= PGTOL
1312,C5,True,CONVERGENCE: NORM OF PROJECTED GRADIENT <= PGTOL
1313,C1,True,CONVERGENCE: NORM OF PROJECTED GRADIENT <= PGTOL
1313,C2,True,CONVERGENCE: NORM OF PROJECTED GRADIENT <= PGTOL
1313,C3,True,CONVERGENCE: NORM OF PROJECTED GRADIENT <= PGTOL
1313,C4,True,CONVERGENCE: NORM OF PROJECTED GRADIENT <= PGTOL
1313,C5,True,CONVERGENCE: NORM OF PROJECTED GRADIENT <= PGTOL
1314,C1,True,CONVERGENCE: NORM OF PROJECTED GRADIENT <= PGTOL
1314,C2,True,CONVERGENCE: NORM OF PROJECTED GRADIENT <= PGTOL
1314,C3,True,CONVERGENCE: NORM OF PROJECTED GRADIENT <= PGTOL
1314,C4,True,CONVERGENCE: NORM OF PROJECTED GRADIENT <= PGTOL
1314,C5,True,CONVERGENCE: NORM OF PROJECTED GRADIENT <= PGTOL
1315,C1,True,CONVERGENCE: NORM OF PROJECTED GRADIENT <= PGTOL
1315,C2,True,CONVERGENCE: NORM OF PROJECTED GRADIENT <= PGTOL
1315,C3,True,CONVERGENCE: NORM OF PROJECTED GRADIENT <= PGTOL
1315,C4,True,CONVERGENCE: NORM OF PROJECTED GRADIENT <= PGTOL
1315,C5,True,CONVERGENCE: NORM OF PROJECTED GRADIENT <= PGTOL
1316,C1,True,CONVERGENCE: NORM OF PROJECTED GRADIENT <= PGTOL
1316,C2,True,CONVERGENCE: NORM OF PROJECTED GRADIENT <= PGTOL
1316,C3,True,CONVERGENCE: NORM OF PROJECTED GRADIENT <= PGTOL
1316,C4,True,CONVERGENCE: NORM OF PROJECTED GRADIENT <= PGTOL
1316,C5,True,CONVERGENCE: NORM OF PROJECTED GRADIENT <= PGTOL
1317,C1,True,CONVERGENCE: NORM OF PROJECTED GRADIENT <= PGTOL
1317,C2,True,CONVERGENCE: NORM OF PROJECTED GRADIENT <= PGTOL
1317,C3,True,CONVERGENCE: NORM OF PROJECTED GRADIENT <= PGTOL
1317,C4,True,CONVERGENCE: NORM OF PROJECTED GRADIENT <= PGTOL
1317,C5,True,CONVERGENCE: NORM OF PROJECTED GRADIENT <= PGTOL
1318,C1,True,CONVERGENCE: NORM OF PROJECTED GRADIENT <= PGTOL
1318,C2,True,CONVERGENCE: NORM OF PROJECTED GRADIENT <= PGTOL
1318,C3,True,CONVERGENCE: NORM OF PROJECTED GRADIENT <= PGTOL
1318,C4,True,CONVERGENCE: NORM OF PROJECTED GRADIENT <= PGTOL
1318,C5,True,CONVERGENCE: NORM OF PROJECTED GRADIENT <= PGTOL
1319,C1,True,CONVERGENCE: NORM OF PROJECTED GRADIENT <= PGTOL
1319,C2,True,CONVERGENCE: NORM OF PROJECTED GRADIENT <= PGTOL
1319,C3,True,CONVERGENCE: NORM OF PROJECTED GRADIENT <= PGTOL
1319,C4,True,CONVERGENCE: NORM OF PROJECTED GRADIENT <= PGTOL
1319,C5,True,CONVERGENCE: NORM OF PROJECTED GRADIENT <= PGTOL
1320,C1,True,CONVERGENCE: NORM OF PROJECTED GRADIENT <= PGTOL
1320,C2,True,CONVERGENCE: NORM OF PROJECTED GRADIENT <= PGTOL
1320,C3,True,CONVERGENCE: NORM OF PROJECTED GRADIENT <= PGTOL
1320,C4,True,CONVERGENCE: NORM OF PROJECTED GRADIENT <= PGTOL
1320,C5,True,CONVERGENCE: NORM OF PROJECTED GRADIENT <= PGTOL
1321,C1,True,CONVERGENCE: NORM OF PROJECTED GRADIENT <= PGTOL
1321,C2,True,CONVERGENCE: NORM OF PROJECTED GRADIENT <= PGTOL
1321,C3,True,CONVERGENCE: NORM OF PROJECTED GRADIENT <= PGTOL
1321,C4,True,CONVERGENCE: NORM OF PROJECTED GRADIENT <= PGTOL
1321,C5,True,CONVERGENCE: NORM OF PROJECTED GRADIENT <= PGTOL
1322,C1,True,CONVERGENCE: NORM OF PROJECTED GRADIENT <= PGTOL
1322,C2,True,CONVERGENCE: NORM OF PROJECTED GRADIENT <= PGTOL
1322,C3,True,CONVERGENCE: NORM OF PROJECTED GRADIENT <= PGTOL
1322,C4,True,CONVERGENCE: NORM OF PROJECTED GRADIENT <= PGTOL
1322,C5,True,CONVERGENCE: NORM OF PROJECTED GRADIENT <= PGTOL
1323,C1,True,CONVERGENCE: NORM OF PROJECTED GRADIENT <= PGTOL
1323,C2,True,CONVERGENCE: NORM OF PROJECTED GRADIENT <= PGTOL
1323,C3,True,CONVERGENCE: NORM OF PROJECTED GRADIENT <= PGTOL
1323,C4,True,CONVERGENCE: NORM OF PROJECTED GRADIENT <= PGTOL
1323,C5,True,CONVERGENCE: NORM OF PROJECTED GRADIENT <= PGTOL
1324,C1,True,CONVERGENCE: NORM OF PROJECTED GRADIENT <= PGTOL
1324,C2,True,CONVERGENCE: NORM OF PROJECTED GRADIENT <= PGTOL
1324,C3,True,CONVERGENCE: NORM OF PROJECTED GRADIENT <= PGTOL
1324,C4,True,CONVERGENCE: NORM OF PROJECTED GRADIENT <= PGTOL
1324,C5,True,CONVERGENCE: NORM OF PROJECTED GRADIENT <= PGTOL
1325,C1,True,CONVERGENCE: NORM OF PROJECTED GRADIENT <= PGTOL
1325,C2,True,CONVERGENCE: NORM OF PROJECTED GRADIENT <= PGTOL
1325,C3,True,CONVERGENCE: NORM OF PROJECTED GRADIENT <= PGTOL
1325,C4,True,CONVERGENCE: NORM OF PROJECTED GRADIENT <= PGTOL
1325,C5,True,CONVERGENCE: NORM OF PROJECTED GRADIENT <= PGTOL
1326,C1,True,CONVERGENCE: NORM OF PROJECTED GRADIENT <= PGTOL
1326,C2,True,CONVERGENCE: NORM OF PROJECTED GRADIENT <= PGTOL
1326,C3,True,CONVERGENCE: NORM OF PROJECTED GRADIENT <= PGTOL
1326,C4,True,CONVERGENCE: NORM OF PROJECTED GRADIENT <= PGTOL
1326,C5,True,CONVERGENCE: NORM OF PROJECTED GRADIENT <= PGTOL
1327,C1,True,CONVERGENCE: NORM OF PROJECTED GRADIENT <= PGTOL
1327,C2,True,CONVERGENCE: NORM OF PROJECTED GRADIENT <= PGTOL
1327,C3,True,CONVERGENCE: NORM OF PROJECTED GRADIENT <= PGTOL
1327,C4,True,CONVERGENCE: NORM OF PROJECTED GRADIENT <= PGTOL
1327,C5,True,CONVERGENCE: NORM OF PROJECTED GRADIENT <= PGTOL
1328,C1,True,CONVERGENCE: NORM OF PROJECTED GRADIENT <= PGTOL
1328,C2,True,CONVERGENCE: NORM OF PROJECTED GRADIENT <= PGTOL
1328,C3,True,CONVERGENCE: NORM OF PROJECTED GRADIENT <= PGTOL
1328,C4,True,CONVERGENCE: NORM OF PROJECTED GRADIENT <= PGTOL
1328,C5,True,CONVERGENCE: NORM OF PROJECTED GRADIENT <= PGTOL
1329,C1,True,CONVERGENCE: NORM OF PROJECTED GRADIENT <= PGTOL
1329,C2,True,CONVERGENCE: NORM OF PROJECTED GRADIENT <= PGTOL
1329,C3,True,CONVERGENCE: NORM OF PROJECTED GRADIENT <= PGTOL
1329,C4,True,CONVERGENCE: NORM OF PROJECTED GRADIENT <= PGTOL
1329,C5,True,CONVERGENCE: NORM OF PROJECTED GRADIENT <= PGTOL
1330,C1,True,CONVERGENCE: NORM OF PROJECTED GRADIENT <= PGTOL
1330,C2,True,CONVERGENCE: NORM OF PROJECTED GRADIENT <= PGTOL
1330,C3,True,CONVERGENCE: NORM OF PROJECTED GRADIENT <= PGTOL
1330,C4,True,CONVERGENCE: NORM OF PROJECTED GRADIENT <= PGTOL
1330,C5,True,CONVERGENCE: NORM OF PROJECTED GRADIENT <= PGTOL
1331,C1,True,CONVERGENCE: NORM OF PROJECTED GRADIENT <= PGTOL
1331,C2,True,CONVERGENCE: NORM OF PROJECTED GRADIENT <= PGTOL
1331,C3,True,CONVERGENCE: NORM OF PROJECTED GRADIENT <= PGTOL
1331,C4,True,CONVERGENCE: NORM OF PROJECTED GRADIENT <= PGTOL
1331,C5,True,CONVERGENCE: NORM OF PROJECTED GRADIENT <= PGTOL
1332,C1,True,CONVERGENCE: NORM OF PROJECTED GRADIENT <= PGTOL
1332,C2,True,CONVERGENCE: NORM OF PROJECTED GRADIENT <= PGTOL
1332,C3,True,CONVERGENCE: NORM OF PROJECTED GRADIENT <= PGTOL
1332,C4,True,CONVERGENCE: NORM OF PROJECTED GRADIENT <= PGTOL
1332,C5,True,CONVERGENCE: NORM OF PROJECTED GRADIENT <= PGTOL
1333,C1,True,CONVERGENCE: NORM OF PROJECTED GRADIENT <= PGTOL
1333,C2,True,CONVERGENCE: NORM OF PROJECTED GRADIENT <= PGTOL
1333,C3,True,CONVERGENCE: NORM OF PROJECTED GRADIENT <= PGTOL
1333,C4,True,CONVERGENCE: NORM OF PROJECTED GRADIENT <= PGTOL
1333,C5,True,CONVERGENCE: NORM OF PROJECTED GRADIENT <= PGTOL
1334,C1,True,CONVERGENCE: NORM OF PROJECTED GRADIENT <= PGTOL
1334,C2,True,CONVERGENCE: NORM OF PROJECTED GRADIENT <= PGTOL
1334,C3,True,CONVERGENCE: NORM OF PROJECTED GRADIENT <= PGTOL
1334,C4,True,CONVERGENCE: NORM OF PROJECTED GRADIENT <= PGTOL
1334,C5,True,CONVERGENCE: NORM OF PROJECTED GRADIENT <= PGTOL
1335,C1,True,CONVERGENCE: NORM OF PROJECTED GRADIENT <= PGTOL
1335,C2,True,CONVERGENCE: NORM OF PROJECTED GRADIENT <= PGTOL
1335,C3,True,CONVERGENCE: NORM OF PROJECTED GRADIENT <= PGTOL
1335,C4,True,CONVERGENCE: NORM OF PROJECTED GRADIENT <= PGTOL
1335,C5,True,CONVERGENCE: NORM OF PROJECTED GRADIENT <= PGTOL
1336,C1,True,CONVERGENCE: NORM OF PROJECTED GRADIENT <= PGTOL
1336,C2,True,CONVERGENCE: NORM OF PROJECTED GRADIENT <= PGTOL
1336,C3,True,CONVERGENCE: NORM OF PROJECTED GRADIENT <= PGTOL
1336,C4,True,CONVERGENCE: NORM OF PROJECTED GRADIENT <= PGTOL
1336,C5,True,CONVERGENCE: NORM OF PROJECTED GRADIENT <= PGTOL
1337,C1,True,CONVERGENCE: NORM OF PROJECTED GRADIENT <= PGTOL
1337,C2,True,CONVERGENCE: NORM OF PROJECTED GRADIENT <= PGTOL
1337,C3,True,CONVERGENCE: NORM OF PROJECTED GRADIENT <= PGTOL
1337,C4,True,CONVERGENCE: NORM OF PROJECTED GRADIENT <= PGTOL
1337,C5,True,CONVERGENCE: NORM OF PROJECTED GRADIENT <= PGTOL
1338,C1,True,CONVERGENCE: NORM OF PROJECTED GRADIENT <= PGTOL
1338,C2,True,CONVERGENCE: NORM OF PROJECTED GRADIENT <= PGTOL
1338,C3,True,CONVERGENCE: NORM OF PROJECTED GRADIENT <= PGTOL
1338,C4,True,CONVERGENCE: NORM OF PROJECTED GRADIENT <= PGTOL
1338,C5,True,CONVERGENCE: NORM OF PROJECTED GRADIENT <= PGTOL
1339,C1,True,CONVERGENCE: NORM OF PROJECTED GRADIENT <= PGTOL
1339,C2,True,CONVERGENCE: NORM OF PROJECTED GRADIENT <= PGTOL
1339,C3,True,CONVERGENCE: NORM OF PROJECTED GRADIENT <= PGTOL
1339,C4,True,CONVERGENCE: NORM OF PROJECTED GRADIENT <= PGTOL
1339,C5,True,CONVERGENCE: NORM OF PROJECTED GRADIENT <= PGTOL
1340,C1,True,CONVERGENCE: NORM OF PROJECTED GRADIENT <= PGTOL
1340,C2,True,CONVERGENCE: NORM OF PROJECTED GRADIENT <= PGTOL
1340,C3,True,CONVERGENCE: NORM OF PROJECTED GRADIENT <= PGTOL
1340,C4,True,CONVERGENCE: NORM OF PROJECTED GRADIENT <= PGTOL
1340,C5,True,CONVERGENCE: NORM OF PROJECTED GRADIENT <= PGTOL
1341,C1,True,CONVERGENCE: NORM OF PROJECTED GRADIENT <= PGTOL
1341,C2,True,CONVERGENCE: NORM OF PROJECTED GRADIENT <= PGTOL
1341,C3,True,CONVERGENCE: NORM OF PROJECTED GRADIENT <= PGTOL
1341,C4,True,CONVERGENCE: NORM OF PROJECTED GRADIENT <= PGTOL
1341,C5,True,CONVERGENCE: NORM OF PROJECTED GRADIENT <= PGTOL
1342,C1,True,CONVERGENCE: NORM OF PROJECTED GRADIENT <= PGTOL
1342,C2,True,CONVERGENCE: NORM OF PROJECTED GRADIENT <= PGTOL
1342,C3,True,CONVERGENCE: NORM OF PROJECTED GRADIENT <= PGTOL
1342,C4,True,CONVERGENCE: NORM OF PROJECTED GRADIENT <= PGTOL
1342,C5,True,CONVERGENCE: NORM OF PROJECTED GRADIENT <= PGTOL
1343,C1,True,CONVERGENCE: NORM OF PROJECTED GRADIENT <= PGTOL
1343,C2,True,CONVERGENCE: NORM OF PROJECTED GRADIENT <= PGTOL
1343,C3,True,CONVERGENCE: NORM OF PROJECTED GRADIENT <= PGTOL
1343,C4,True,CONVERGENCE: NORM OF PROJECTED GRADIENT <= PGTOL
1343,C5,True,CONVERGENCE: NORM OF PROJECTED GRADIENT <= PGTOL
1344,C1,True,CONVERGENCE: NORM OF PROJECTED GRADIENT <= PGTOL
1344,C2,True,CONVERGENCE: NORM OF PROJECTED GRADIENT <= PGTOL
1344,C3,True,CONVERGENCE: NORM OF PROJECTED GRADIENT <= PGTOL
1344,C4,True,CONVERGENCE: NORM OF PROJECTED GRADIENT <= PGTOL
1344,C5,True,CONVERGENCE: NORM OF PROJECTED GRADIENT <= PGTOL
1345,C1,True,CONVERGENCE: NORM OF PROJECTED GRADIENT <= PGTOL
1345,C2,True,CONVERGENCE: NORM OF PROJECTED GRADIENT <= PGTOL
1345,C3,True,CONVERGENCE: NORM OF PROJECTED GRADIENT <= PGTOL
1345,C4,True,CONVERGENCE: NORM OF PROJECTED GRADIENT <= PGTOL
1345,C5,True,CONVERGENCE: NORM OF PROJECTED GRADIENT <= PGTOL
1346,C1,True,CONVERGENCE: NORM OF PROJECTED GRADIENT <= PGTOL
1346,C2,True,CONVERGENCE: NORM OF PROJECTED GRADIENT <= PGTOL
1346,C3,True,CONVERGENCE: NORM OF PROJECTED GRADIENT <= PGTOL
1346,C4,True,CONVERGENCE: NORM OF PROJECTED GRADIENT <= PGTOL
1346,C5,True,CONVERGENCE: NORM OF PROJECTED GRADIENT <= PGTOL
1347,C1,True,CONVERGENCE: NORM OF PROJECTED GRADIENT <= PGTOL
1347,C2,True,CONVERGENCE: NORM OF PROJECTED GRADIENT <= PGTOL
1347,C3,True,CONVERGENCE: NORM OF PROJECTED GRADIENT <= PGTOL
1347,C4,True,CONVERGENCE: NORM OF PROJECTED GRADIENT <= PGTOL
1347,C5,True,CONVERGENCE: NORM OF PROJECTED GRADIENT <= PGTOL
1348,C1,True,CONVERGENCE: NORM OF PROJECTED GRADIENT <= PGTOL
1348,C2,True,CONVERGENCE: NORM OF PROJECTED GRADIENT <= PGTOL
1348,C3,True,CONVERGENCE: NORM OF PROJECTED GRADIENT <= PGTOL
1348,C4,True,CONVERGENCE: NORM OF PROJECTED GRADIENT <= PGTOL
1348,C5,True,CONVERGENCE: NORM OF PROJECTED GRADIENT <= PGTOL
1349,C1,True,CONVERGENCE: NORM OF PROJECTED GRADIENT <= PGTOL
1349,C2,True,CONVERGENCE: NORM OF PROJECTED GRADIENT <= PGTOL
1349,C3,True,CONVERGENCE: NORM OF PROJECTED GRADIENT <= PGTOL
1349,C4,True,CONVERGENCE: NORM OF PROJECTED GRADIENT <= PGTOL
1349,C5,True,CONVERGENCE: NORM OF PROJECTED GRADIENT <= PGTOL
1350,C1,True,CONVERGENCE: NORM OF PROJECTED GRADIENT <= PGTOL
1350,C2,True,CONVERGENCE: NORM OF PROJECTED GRADIENT <= PGTOL
1350,C3,True,CONVERGENCE: NORM OF PROJECTED GRADIENT <= PGTOL
1350,C4,True,CONVERGENCE: NORM OF PROJECTED GRADIENT <= PGTOL
1350,C5,True,CONVERGENCE: NORM OF PROJECTED GRADIENT <= PGTOL
1351,C1,True,CONVERGENCE: NORM OF PROJECTED GRADIENT <= PGTOL
1351,C2,True,CONVERGENCE: NORM OF PROJECTED GRADIENT <= PGTOL
1351,C3,True,CONVERGENCE: NORM OF PROJECTED GRADIENT <= PGTOL
1351,C4,True,CONVERGENCE: NORM OF PROJECTED GRADIENT <= PGTOL
1351,C5,True,CONVERGENCE: NORM OF PROJECTED GRADIENT <= PGTOL
1352,C1,True,CONVERGENCE: NORM OF PROJECTED GRADIENT <= PGTOL
1352,C2,True,CONVERGENCE: NORM OF PROJECTED GRADIENT <= PGTOL
1352,C3,True,CONVERGENCE: NORM OF PROJECTED GRADIENT <= PGTOL
1352,C4,True,CONVERGENCE: NORM OF PROJECTED GRADIENT <= PGTOL
1352,C5,True,CONVERGENCE: NORM OF PROJECTED GRADIENT <= PGTOL
1353,C1,True,CONVERGENCE: NORM OF PROJECTED GRADIENT <= PGTOL
1353,C2,True,CONVERGENCE: NORM OF PROJECTED GRADIENT <= PGTOL
1353,C3,True,CONVERGENCE: NORM OF PROJECTED GRADIENT <= PGTOL
1353,C4,True,CONVERGENCE: NORM OF PROJECTED GRADIENT <= PGTOL
1353,C5,True,CONVERGENCE: NORM OF PROJECTED GRADIENT <= PGTOL
1354,C1,True,CONVERGENCE: NORM OF PROJECTED GRADIENT <= PGTOL
1354,C2,True,CONVERGENCE: NORM OF PROJECTED GRADIENT <= PGTOL
1354,C3,True,CONVERGENCE: NORM OF PROJECTED GRADIENT <= PGTOL
1354,C4,True,CONVERGENCE: NORM OF PROJECTED GRADIENT <= PGTOL
1354,C5,True,CONVERGENCE: NORM OF PROJECTED GRADIENT <= PGTOL
1355,C1,True,CONVERGENCE: NORM OF PROJECTED GRADIENT <= PGTOL
1355,C2,True,CONVERGENCE: NORM OF PROJECTED GRADIENT <= PGTOL
1355,C3,True,CONVERGENCE: NORM OF PROJECTED GRADIENT <= PGTOL
1355,C4,True,CONVERGENCE: NORM OF PROJECTED GRADIENT <= PGTOL
1355,C5,True,CONVERGENCE: NORM OF PROJECTED GRADIENT <= PGTOL
1356,C1,True,CONVERGENCE: NORM OF PROJECTED GRADIENT <= PGTOL
1356,C2,True,CONVERGENCE: NORM OF PROJECTED GRADIENT <= PGTOL
1356,C3,True,CONVERGENCE: NORM OF PROJECTED GRADIENT <= PGTOL
1356,C4,True,CONVERGENCE: NORM OF PROJECTED GRADIENT <= PGTOL
1356,C5,True,CONVERGENCE: NORM OF PROJECTED GRADIENT <= PGTOL
1357,C1,True,CONVERGENCE: NORM OF PROJECTED GRADIENT <= PGTOL
1357,C2,True,CONVERGENCE: NORM OF PROJECTED GRADIENT <= PGTOL
1357,C3,True,CONVERGENCE: NORM OF PROJECTED GRADIENT <= PGTOL
1357,C4,True,CONVERGENCE: NORM OF PROJECTED GRADIENT <= PGTOL
1357,C5,True,CONVERGENCE: NORM OF PROJECTED GRADIENT <= PGTOL
1358,C1,True,CONVERGENCE: NORM OF PROJECTED GRADIENT <= PGTOL
1358,C2,True,CONVERGENCE: NORM OF PROJECTED GRADIENT <= PGTOL
1358,C3,True,CONVERGENCE: NORM OF PROJECTED GRADIENT <= PGTOL
1358,C4,True,CONVERGENCE: NORM OF PROJECTED GRADIENT <= PGTOL
1358,C5,True,CONVERGENCE: NORM OF PROJECTED GRADIENT <= PGTOL
1359,C1,True,CONVERGENCE: NORM OF PROJECTED GRADIENT <= PGTOL
1359,C2,True,CONVERGENCE: NORM OF PROJECTED GRADIENT <= PGTOL
1359,C3,True,CONVERGENCE: NORM OF PROJECTED GRADIENT <= PGTOL
1359,C4,True,CONVERGENCE: NORM OF PROJECTED GRADIENT <= PGTOL
1359,C5,True,CONVERGENCE: NORM OF PROJECTED GRADIENT <= PGTOL
1360,C1,True,CONVERGENCE: NORM OF PROJECTED GRADIENT <= PGTOL
1360,C2,True,CONVERGENCE: NORM OF PROJECTED GRADIENT <= PGTOL
1360,C3,True,CONVERGENCE: NORM OF PROJECTED GRADIENT <= PGTOL
1360,C4,True,CONVERGENCE: NORM OF PROJECTED GRADIENT <= PGTOL
1360,C5,True,CONVERGENCE: NORM OF PROJECTED GRADIENT <= PGTOL
1361,C1,True,CONVERGENCE: NORM OF PROJECTED GRADIENT <= PGTOL
1361,C2,True,CONVERGENCE: NORM OF PROJECTED GRADIENT <= PGTOL
1361,C3,True,CONVERGENCE: NORM OF PROJECTED GRADIENT <= PGTOL
1361,C4,True,CONVERGENCE: NORM OF PROJECTED GRADIENT <= PGTOL
1361,C5,True,CONVERGENCE: NORM OF PROJECTED GRADIENT <= PGTOL
1362,C1,True,CONVERGENCE: NORM OF PROJECTED GRADIENT <= PGTOL
1362,C2,True,CONVERGENCE: NORM OF PROJECTED GRADIENT <= PGTOL
1362,C3,True,CONVERGENCE: NORM OF PROJECTED GRADIENT <= PGTOL
1362,C4,True,CONVERGENCE: NORM OF PROJECTED GRADIENT <= PGTOL
1362,C5,True,CONVERGENCE: NORM OF PROJECTED GRADIENT <= PGTOL
1363,C1,True,CONVERGENCE: NORM OF PROJECTED GRADIENT <= PGTOL
1363,C2,True,CONVERGENCE: NORM OF PROJECTED GRADIENT <= PGTOL
1363,C3,True,CONVERGENCE: NORM OF PROJECTED GRADIENT <= PGTOL
1363,C4,True,CONVERGENCE: NORM OF PROJECTED GRADIENT <= PGTOL
1363,C5,True,CONVERGENCE: NORM OF PROJECTED GRADIENT <= PGTOL
1364,C1,True,CONVERGENCE: NORM OF PROJECTED GRADIENT <= PGTOL
1364,C2,True,CONVERGENCE: NORM OF PROJECTED GRADIENT <= PGTOL
1364,C3,True,CONVERGENCE: NORM OF PROJECTED GRADIENT <= PGTOL
1364,C4,True,CONVERGENCE: NORM OF PROJECTED GRADIENT <= PGTOL
1364,C5,True,CONVERGENCE: NORM OF PROJECTED GRADIENT <= PGTOL
1365,C1,True,CONVERGENCE: NORM OF PROJECTED GRADIENT <= PGTOL
1365,C2,True,CONVERGENCE: NORM OF PROJECTED GRADIENT <= PGTOL
1365,C3,True,CONVERGENCE: NORM OF PROJECTED GRADIENT <= PGTOL
1365,C4,True,CONVERGENCE: NORM OF PROJECTED GRADIENT <= PGTOL
1365,C5,True,CONVERGENCE: NORM OF PROJECTED GRADIENT <= PGTOL
1366,C1,True,CONVERGENCE: NORM OF PROJECTED GRADIENT <= PGTOL
1366,C2,True,CONVERGENCE: NORM OF PROJECTED GRADIENT <= PGTOL
1366,C3,True,CONVERGENCE: NORM OF PROJECTED GRADIENT <= PGTOL
1366,C4,True,CONVERGENCE: NORM OF PROJECTED GRADIENT <= PGTOL
1366,C5,True,CONVERGENCE: NORM OF PROJECTED GRADIENT <= PGTOL
1367,C1,True,CONVERGENCE: NORM OF PROJECTED GRADIENT <= PGTOL
1367,C2,True,CONVERGENCE: NORM OF PROJECTED GRADIENT <= PGTOL
1367,C3,True,CONVERGENCE: NORM OF PROJECTED GRADIENT <= PGTOL
1367,C4,True,CONVERGENCE: NORM OF PROJECTED GRADIENT <= PGTOL
1367,C5,True,CONVERGENCE: NORM OF PROJECTED GRADIENT <= PGTOL
1368,C1,True,CONVERGENCE: NORM OF PROJECTED GRADIENT <= PGTOL
1368,C2,True,CONVERGENCE: NORM OF PROJECTED GRADIENT <= PGTOL
1368,C3,True,CONVERGENCE: NORM OF PROJECTED GRADIENT <= PGTOL
1368,C4,True,CONVERGENCE: NORM OF PROJECTED GRADIENT <= PGTOL
1368,C5,True,CONVERGENCE: NORM OF PROJECTED GRADIENT <= PGTOL
1369,C1,True,CONVERGENCE: NORM OF PROJECTED GRADIENT <= PGTOL
1369,C2,True,CONVERGENCE: NORM OF PROJECTED GRADIENT <= PGTOL
1369,C3,True,CONVERGENCE: NORM OF PROJECTED GRADIENT <= PGTOL
1369,C4,True,CONVERGENCE: NORM OF PROJECTED GRADIENT <= PGTOL
1369,C5,True,CONVERGENCE: NORM OF PROJECTED GRADIENT <= PGTOL
1370,C1,True,CONVERGENCE: NORM OF PROJECTED GRADIENT <= PGTOL
1370,C2,True,CONVERGENCE: NORM OF PROJECTED GRADIENT <= PGTOL
1370,C3,True,CONVERGENCE: NORM OF PROJECTED GRADIENT <= PGTOL
1370,C4,True,CONVERGENCE: NORM OF PROJECTED GRADIENT <= PGTOL
1370,C5,True,CONVERGENCE: NORM OF PROJECTED GRADIENT <= PGTOL
1371,C1,True,CONVERGENCE: NORM OF PROJECTED GRADIENT <= PGTOL
1371,C2,True,CONVERGENCE: NORM OF PROJECTED GRADIENT <= PGTOL
1371,C3,True,CONVERGENCE: NORM OF PROJECTED GRADIENT <= PGTOL
1371,C4,True,CONVERGENCE: NORM OF PROJECTED GRADIENT <= PGTOL
1371,C5,True,CONVERGENCE: NORM OF PROJECTED GRADIENT <= PGTOL
1372,C1,True,CONVERGENCE: NORM OF PROJECTED GRADIENT <= PGTOL
1372,C2,True,CONVERGENCE: NORM OF PROJECTED GRADIENT <= PGTOL
1372,C3,True,CONVERGENCE: NORM OF PROJECTED GRADIENT <= PGTOL
1372,C4,True,CONVERGENCE: NORM OF PROJECTED GRADIENT <= PGTOL
1372,C5,True,CONVERGENCE: NORM OF PROJECTED GRADIENT <= PGTOL
1373,C1,True,CONVERGENCE: NORM OF PROJECTED GRADIENT <= PGTOL
1373,C2,True,CONVERGENCE: NORM OF PROJECTED GRADIENT <= PGTOL
1373,C3,True,CONVERGENCE: NORM OF PROJECTED GRADIENT <= PGTOL
1373,C4,True,CONVERGENCE: NORM OF PROJECTED GRADIENT <= PGTOL
1373,C5,True,CONVERGENCE: NORM OF PROJECTED GRADIENT <= PGTOL
1374,C1,True,CONVERGENCE: NORM OF PROJECTED GRADIENT <= PGTOL
1374,C2,True,CONVERGENCE: NORM OF PROJECTED GRADIENT <= PGTOL
1374,C3,True,CONVERGENCE: NORM OF PROJECTED GRADIENT <= PGTOL
1374,C4,True,CONVERGENCE: NORM OF PROJECTED GRADIENT <= PGTOL
1374,C5,True,CONVERGENCE: NORM OF PROJECTED GRADIENT <= PGTOL
1375,C1,True,CONVERGENCE: NORM OF PROJECTED GRADIENT <= PGTOL
1375,C2,True,CONVERGENCE: NORM OF PROJECTED GRADIENT <= PGTOL
1375,C3,True,CONVERGENCE: NORM OF PROJECTED GRADIENT <= PGTOL
1375,C4,True,CONVERGENCE: NORM OF PROJECTED GRADIENT <= PGTOL
1375,C5,True,CONVERGENCE: NORM OF PROJECTED GRADIENT <= PGTOL
1376,C1,True,CONVERGENCE: NORM OF PROJECTED GRADIENT <= PGTOL
1376,C2,True,CONVERGENCE: NORM OF PROJECTED GRADIENT <= PGTOL
1376,C3,True,CONVERGENCE: NORM OF PROJECTED GRADIENT <= PGTOL
1376,C4,True,CONVERGENCE: NORM OF PROJECTED GRADIENT <= PGTOL
1376,C5,True,CONVERGENCE: NORM OF PROJECTED GRADIENT <= PGTOL
1377,C1,True,CONVERGENCE: NORM OF PROJECTED GRADIENT <= PGTOL
1377,C2,True,CONVERGENCE: NORM OF PROJECTED GRADIENT <= PGTOL
1377,C3,True,CONVERGENCE: NORM OF PROJECTED GRADIENT <= PGTOL
1377,C4,True,CONVERGENCE: NORM OF PROJECTED GRADIENT <= PGTOL
1377,C5,True,CONVERGENCE: NORM OF PROJECTED GRADIENT <= PGTOL
1378,C1,True,CONVERGENCE: NORM OF PROJECTED GRADIENT <= PGTOL
1378,C2,True,CONVERGENCE: NORM OF PROJECTED GRADIENT <= PGTOL
1378,C3,True,CONVERGENCE: NORM OF PROJECTED GRADIENT <= PGTOL
1378,C4,True,CONVERGENCE: NORM OF PROJECTED GRADIENT <= PGTOL
1378,C5,True,CONVERGENCE: NORM OF PROJECTED GRADIENT <= PGTOL
1379,C1,True,CONVERGENCE: NORM OF PROJECTED GRADIENT <= PGTOL
1379,C2,True,CONVERGENCE: NORM OF PROJECTED GRADIENT <= PGTOL
1379,C3,True,CONVERGENCE: NORM OF PROJECTED GRADIENT <= PGTOL
1379,C4,True,CONVERGENCE: NORM OF PROJECTED GRADIENT <= PGTOL
1379,C5,True,CONVERGENCE: NORM OF PROJECTED GRADIENT <= PGTOL
1380,C1,True,CONVERGENCE: NORM OF PROJECTED GRADIENT <= PGTOL
1380,C2,True,CONVERGENCE: NORM OF PROJECTED GRADIENT <= PGTOL
1380,C3,True,CONVERGENCE: NORM OF PROJECTED GRADIENT <= PGTOL
1380,C4,True,CONVERGENCE: NORM OF PROJECTED GRADIENT <= PGTOL
1380,C5,True,CONVERGENCE: NORM OF PROJECTED GRADIENT <= PGTOL
1381,C1,True,CONVERGENCE: NORM OF PROJECTED GRADIENT <= PGTOL
1381,C2,True,CONVERGENCE: NORM OF PROJECTED GRADIENT <= PGTOL
1381,C3,True,CONVERGENCE: NORM OF PROJECTED GRADIENT <= PGTOL
1381,C4,True,CONVERGENCE: NORM OF PROJECTED GRADIENT <= PGTOL
1381,C5,True,CONVERGENCE: NORM OF PROJECTED GRADIENT <= PGTOL
1382,C1,True,CONVERGENCE: NORM OF PROJECTED GRADIENT <= PGTOL
1382,C2,True,CONVERGENCE: NORM OF PROJECTED GRADIENT <= PGTOL
1382,C3,True,CONVERGENCE: NORM OF PROJECTED GRADIENT <= PGTOL
1382,C4,True,CONVERGENCE: NORM OF PROJECTED GRADIENT <= PGTOL
1382,C5,True,CONVERGENCE: NORM OF PROJECTED GRADIENT <= PGTOL
1383,C1,True,CONVERGENCE: NORM OF PROJECTED GRADIENT <= PGTOL
1383,C2,True,CONVERGENCE: NORM OF PROJECTED GRADIENT <= PGTOL
1383,C3,True,CONVERGENCE: NORM OF PROJECTED GRADIENT <= PGTOL
1383,C4,True,CONVERGENCE: NORM OF PROJECTED GRADIENT <= PGTOL
1383,C5,True,CONVERGENCE: NORM OF PROJECTED GRADIENT <= PGTOL
1384,C1,True,CONVERGENCE: NORM OF PROJECTED GRADIENT <= PGTOL
1384,C2,True,CONVERGENCE: NORM OF PROJECTED GRADIENT <= PGTOL
1384,C3,True,CONVERGENCE: NORM OF PROJECTED GRADIENT <= PGTOL
1384,C4,True,CONVERGENCE: NORM OF PROJECTED GRADIENT <= PGTOL
1384,C5,True,CONVERGENCE: NORM OF PROJECTED GRADIENT <= PGTOL
1385,C1,True,CONVERGENCE: NORM OF PROJECTED GRADIENT <= PGTOL
1385,C2,True,CONVERGENCE: NORM OF PROJECTED GRADIENT <= PGTOL
1385,C3,True,CONVERGENCE: NORM OF PROJECTED GRADIENT <= PGTOL
1385,C4,True,CONVERGENCE: NORM OF PROJECTED GRADIENT <= PGTOL
1385,C5,True,CONVERGENCE: NORM OF PROJECTED GRADIENT <= PGTOL
1386,C1,True,CONVERGENCE: NORM OF PROJECTED GRADIENT <= PGTOL
1386,C2,True,CONVERGENCE: NORM OF PROJECTED GRADIENT <= PGTOL
1386,C3,True,CONVERGENCE: NORM OF PROJECTED GRADIENT <= PGTOL
1386,C4,True,CONVERGENCE: NORM OF PROJECTED GRADIENT <= PGTOL
1386,C5,True,CONVERGENCE: NORM OF PROJECTED GRADIENT <= PGTOL
1387,C1,True,CONVERGENCE: NORM OF PROJECTED GRADIENT <= PGTOL
1387,C2,True,CONVERGENCE: NORM OF PROJECTED GRADIENT <= PGTOL
1387,C3,True,CONVERGENCE: NORM OF PROJECTED GRADIENT <= PGTOL
1387,C4,True,CONVERGENCE: NORM OF PROJECTED GRADIENT <= PGTOL
1387,C5,True,CONVERGENCE: NORM OF PROJECTED GRADIENT <= PGTOL
1388,C1,True,CONVERGENCE: NORM OF PROJECTED GRADIENT <= PGTOL
1388,C2,True,CONVERGENCE: NORM OF PROJECTED GRADIENT <= PGTOL
1388,C3,True,CONVERGENCE: NORM OF PROJECTED GRADIENT <= PGTOL
1388,C4,True,CONVERGENCE: NORM OF PROJECTED GRADIENT <= PGTOL
1388,C5,True,CONVERGENCE: NORM OF PROJECTED GRADIENT <= PGTOL
1389,C1,True,CONVERGENCE: NORM OF PROJECTED GRADIENT <= PGTOL
1389,C2,True,CONVERGENCE: NORM OF PROJECTED GRADIENT <= PGTOL
1389,C3,True,CONVERGENCE: NORM OF PROJECTED GRADIENT <= PGTOL
1389,C4,True,CONVERGENCE: NORM OF PROJECTED GRADIENT <= PGTOL
1389,C5,True,CONVERGENCE: NORM OF PROJECTED GRADIENT <= PGTOL
1390,C1,True,CONVERGENCE: NORM OF PROJECTED GRADIENT <= PGTOL
1390,C2,True,CONVERGENCE: NORM OF PROJECTED GRADIENT <= PGTOL
1390,C3,True,CONVERGENCE: NORM OF PROJECTED GRADIENT <= PGTOL
1390,C4,True,CONVERGENCE: NORM OF PROJECTED GRADIENT <= PGTOL
1390,C5,True,CONVERGENCE: NORM OF PROJECTED GRADIENT <= PGTOL
1391,C1,True,CONVERGENCE: NORM OF PROJECTED GRADIENT <= PGTOL
1391,C2,True,CONVERGENCE: NORM OF PROJECTED GRADIENT <= PGTOL
1391,C3,True,CONVERGENCE: NORM OF PROJECTED GRADIENT <= PGTOL
1391,C4,True,CONVERGENCE: NORM OF PROJECTED GRADIENT <= PGTOL
1391,C5,True,CONVERGENCE: NORM OF PROJECTED GRADIENT <= PGTOL
1392,C1,True,CONVERGENCE: NORM OF PROJECTED GRADIENT <= PGTOL
1392,C2,True,CONVERGENCE: NORM OF PROJECTED GRADIENT <= PGTOL
1392,C3,True,CONVERGENCE: NORM OF PROJECTED GRADIENT <= PGTOL
1392,C4,True,CONVERGENCE: NORM OF PROJECTED GRADIENT <= PGTOL
1392,C5,True,CONVERGENCE: NORM OF PROJECTED GRADIENT <= PGTOL
1393,C1,True,CONVERGENCE: NORM OF PROJECTED GRADIENT <= PGTOL
1393,C2,True,CONVERGENCE: NORM OF PROJECTED GRADIENT <= PGTOL
1393,C3,True,CONVERGENCE: NORM OF PROJECTED GRADIENT <= PGTOL
1393,C4,True,CONVERGENCE: NORM OF PROJECTED GRADIENT <= PGTOL
1393,C5,True,CONVERGENCE: NORM OF PROJECTED GRADIENT <= PGTOL
1394,C1,True,CONVERGENCE: NORM OF PROJECTED GRADIENT <= PGTOL
1394,C2,True,CONVERGENCE: NORM OF PROJECTED GRADIENT <= PGTOL
1394,C3,True,CONVERGENCE: NORM OF PROJECTED GRADIENT <= PGTOL
1394,C4,True,CONVERGENCE: NORM OF PROJECTED GRADIENT <= PGTOL
1394,C5,True,CONVERGENCE: NORM OF PROJECTED GRADIENT <= PGTOL
1395,C1,True,CONVERGENCE: NORM OF PROJECTED GRADIENT <= PGTOL
1395,C2,True,CONVERGENCE: NORM OF PROJECTED GRADIENT <= PGTOL
1395,C3,True,CONVERGENCE: NORM OF PROJECTED GRADIENT <= PGTOL
1395,C4,True,CONVERGENCE: NORM OF PROJECTED GRADIENT <= PGTOL
1395,C5,True,CONVERGENCE: NORM OF PROJECTED GRADIENT <= PGTOL
1396,C1,True,CONVERGENCE: NORM OF PROJECTED GRADIENT <= PGTOL
1396,C2,True,CONVERGENCE: NORM OF PROJECTED GRADIENT <= PGTOL
1396,C3,True,CONVERGENCE: NORM OF PROJECTED GRADIENT <= PGTOL
1396,C4,True,CONVERGENCE: NORM OF PROJECTED GRADIENT <= PGTOL
1396,C5,True,CONVERGENCE: NORM OF PROJECTED GRADIENT <= PGTOL
1397,C1,True,CONVERGENCE: NORM OF PROJECTED GRADIENT <= PGTOL
1397,C2,True,CONVERGENCE: NORM OF PROJECTED GRADIENT <= PGTOL
1397,C3,True,CONVERGENCE: NORM OF PROJECTED GRADIENT <= PGTOL
1397,C4,True,CONVERGENCE: NORM OF PROJECTED GRADIENT <= PGTOL
1397,C5,True,CONVERGENCE: NORM OF PROJECTED GRADIENT <= PGTOL
1398,C1,True,CONVERGENCE: NORM OF PROJECTED GRADIENT <= PGTOL
1398,C2,True,CONVERGENCE: NORM OF PROJECTED GRADIENT <= PGTOL
1398,C3,True,CONVERGENCE: NORM OF PROJECTED GRADIENT <= PGTOL
1398,C4,True,CONVERGENCE: NORM OF PROJECTED GRADIENT <= PGTOL
1398,C5,True,CONVERGENCE: NORM OF PROJECTED GRADIENT <= PGTOL
1399,C1,True,CONVERGENCE: NORM OF PROJECTED GRADIENT <= PGTOL
1399,C2,True,CONVERGENCE: NORM OF PROJECTED GRADIENT <= PGTOL
1399,C3,True,CONVERGENCE: NORM OF PROJECTED GRADIENT <= PGTOL
1399,C4,True,CONVERGENCE: NORM OF PROJECTED GRADIENT <= PGTOL
1399,C5,True,CONVERGENCE: NORM OF PROJECTED GRADIENT <= PGTOL
1400,C1,True,CONVERGENCE: NORM OF PROJECTED GRADIENT <= PGTOL
1400,C2,True,CONVERGENCE: NORM OF PROJECTED GRADIENT <= PGTOL
1400,C3,True,CONVERGENCE: NORM OF PROJECTED GRADIENT <= PGTOL
1400,C4,True,CONVERGENCE: NORM OF PROJECTED GRADIENT <= PGTOL
1400,C5,True,CONVERGENCE: NORM OF PROJECTED GRADIENT <= PGTOL
1401,C1,True,CONVERGENCE: NORM OF PROJECTED GRADIENT <= PGTOL
1401,C2,True,CONVERGENCE: NORM OF PROJECTED GRADIENT <= PGTOL
1401,C3,True,CONVERGENCE: NORM OF PROJECTED GRADIENT <= PGTOL
1401,C4,True,CONVERGENCE: NORM OF PROJECTED GRADIENT <= PGTOL
1401,C5,True,CONVERGENCE: NORM OF PROJECTED GRADIENT <= PGTOL
1402,C1,True,CONVERGENCE: NORM OF PROJECTED GRADIENT <= PGTOL
1402,C2,True,CONVERGENCE: NORM OF PROJECTED GRADIENT <= PGTOL
1402,C3,True,CONVERGENCE: NORM OF PROJECTED GRADIENT <= PGTOL
1402,C4,True,CONVERGENCE: NORM OF PROJECTED GRADIENT <= PGTOL
1402,C5,True,CONVERGENCE: NORM OF PROJECTED GRADIENT <= PGTOL
1403,C1,True,CONVERGENCE: NORM OF PROJECTED GRADIENT <= PGTOL
1403,C2,True,CONVERGENCE: NORM OF PROJECTED GRADIENT <= PGTOL
1403,C3,True,CONVERGENCE: NORM OF PROJECTED GRADIENT <= PGTOL
1403,C4,True,CONVERGENCE: NORM OF PROJECTED GRADIENT <= PGTOL
1403,C5,True,CONVERGENCE: NORM OF PROJECTED GRADIENT <= PGTOL
1404,C1,True,CONVERGENCE: NORM OF PROJECTED GRADIENT <= PGTOL
1404,C2,True,CONVERGENCE: NORM OF PROJECTED GRADIENT <= PGTOL
1404,C3,True,CONVERGENCE: NORM OF PROJECTED GRADIENT <= PGTOL
1404,C4,True,CONVERGENCE: NORM OF PROJECTED GRADIENT <= PGTOL
1404,C5,True,CONVERGENCE: NORM OF PROJECTED GRADIENT <= PGTOL
1405,C1,True,CONVERGENCE: NORM OF PROJECTED GRADIENT <= PGTOL
1405,C2,True,CONVERGENCE: NORM OF PROJECTED GRADIENT <= PGTOL
1405,C3,True,CONVERGENCE: NORM OF PROJECTED GRADIENT <= PGTOL
1405,C4,True,CONVERGENCE: NORM OF PROJECTED GRADIENT <= PGTOL
1405,C5,True,CONVERGENCE: NORM OF PROJECTED GRADIENT <= PGTOL
1406,C1,True,CONVERGENCE: NORM OF PROJECTED GRADIENT <= PGTOL
1406,C2,True,CONVERGENCE: NORM OF PROJECTED GRADIENT <= PGTOL
1406,C3,True,CONVERGENCE: NORM OF PROJECTED GRADIENT <= PGTOL
1406,C4,True,CONVERGENCE: NORM OF PROJECTED GRADIENT <= PGTOL
1406,C5,True,CONVERGENCE: NORM OF PROJECTED GRADIENT <= PGTOL
1407,C1,True,CONVERGENCE: NORM OF PROJECTED GRADIENT <= PGTOL
1407,C2,True,CONVERGENCE: NORM OF PROJECTED GRADIENT <= PGTOL
1407,C3,True,CONVERGENCE: NORM OF PROJECTED GRADIENT <= PGTOL
1407,C4,True,CONVERGENCE: NORM OF PROJECTED GRADIENT <= PGTOL
1407,C5,True,CONVERGENCE: NORM OF PROJECTED GRADIENT <= PGTOL
1408,C1,True,CONVERGENCE: NORM OF PROJECTED GRADIENT <= PGTOL
1408,C2,True,CONVERGENCE: NORM OF PROJECTED GRADIENT <= PGTOL
1408,C3,True,CONVERGENCE: NORM OF PROJECTED GRADIENT <= PGTOL
1408,C4,True,CONVERGENCE: NORM OF PROJECTED GRADIENT <= PGTOL
1408,C5,True,CONVERGENCE: NORM OF PROJECTED GRADIENT <= PGTOL
1409,C1,True,CONVERGENCE: NORM OF PROJECTED GRADIENT <= PGTOL
1409,C2,True,CONVERGENCE: NORM OF PROJECTED GRADIENT <= PGTOL
1409,C3,True,CONVERGENCE: NORM OF PROJECTED GRADIENT <= PGTOL
1409,C4,True,CONVERGENCE: NORM OF PROJECTED GRADIENT <= PGTOL
1409,C5,True,CONVERGENCE: NORM OF PROJECTED GRADIENT <= PGTOL
1410,C1,True,CONVERGENCE: NORM OF PROJECTED GRADIENT <= PGTOL
1410,C2,True,CONVERGENCE: NORM OF PROJECTED GRADIENT <= PGTOL
1410,C3,True,CONVERGENCE: NORM OF PROJECTED GRADIENT <= PGTOL
1410,C4,True,CONVERGENCE: NORM OF PROJECTED GRADIENT <= PGTOL
1410,C5,True,CONVERGENCE: NORM OF PROJECTED GRADIENT <= PGTOL
1411,C1,True,CONVERGENCE: NORM OF PROJECTED GRADIENT <= PGTOL
1411,C2,True,CONVERGENCE: NORM OF PROJECTED GRADIENT <= PGTOL
1411,C3,True,CONVERGENCE: NORM OF PROJECTED GRADIENT <= PGTOL
1411,C4,True,CONVERGENCE: NORM OF PROJECTED GRADIENT <= PGTOL
1411,C5,True,CONVERGENCE: NORM OF PROJECTED GRADIENT <= PGTOL
1412,C1,True,CONVERGENCE: NORM OF PROJECTED GRADIENT <= PGTOL
1412,C2,True,CONVERGENCE: NORM OF PROJECTED GRADIENT <= PGTOL
1412,C3,True,CONVERGENCE: NORM OF PROJECTED GRADIENT <= PGTOL
1412,C4,True,CONVERGENCE: NORM OF PROJECTED GRADIENT <= PGTOL
1412,C5,True,CONVERGENCE: NORM OF PROJECTED GRADIENT <= PGTOL
1413,C1,True,CONVERGENCE: NORM OF PROJECTED GRADIENT <= PGTOL
1413,C2,True,CONVERGENCE: NORM OF PROJECTED GRADIENT <= PGTOL
1413,C3,True,CONVERGENCE: NORM OF PROJECTED GRADIENT <= PGTOL
1413,C4,True,CONVERGENCE: NORM OF PROJECTED GRADIENT <= PGTOL
1413,C5,True,CONVERGENCE: NORM OF PROJECTED GRADIENT <= PGTOL
1414,C1,True,CONVERGENCE: NORM OF PROJECTED GRADIENT <= PGTOL
1414,C2,True,CONVERGENCE: NORM OF PROJECTED GRADIENT <= PGTOL
1414,C3,True,CONVERGENCE: NORM OF PROJECTED GRADIENT <= PGTOL
1414,C4,True,CONVERGENCE: NORM OF PROJECTED GRADIENT <= PGTOL
1414,C5,True,CONVERGENCE: NORM OF PROJECTED GRADIENT <= PGTOL
1415,C1,True,CONVERGENCE: NORM OF PROJECTED GRADIENT <= PGTOL
1415,C2,True,CONVERGENCE: NORM OF PROJECTED GRADIENT <= PGTOL
1415,C3,True,CONVERGENCE: NORM OF PROJECTED GRADIENT <= PGTOL
1415,C4,True,CONVERGENCE: NORM OF PROJECTED GRADIENT <= PGTOL
1415,C5,True,CONVERGENCE: NORM OF PROJECTED GRADIENT <= PGTOL
1416,C1,True,CONVERGENCE: NORM OF PROJECTED GRADIENT <= PGTOL
1416,C2,True,CONVERGENCE: NORM OF PROJECTED GRADIENT <= PGTOL
1416,C3,True,CONVERGENCE: NORM OF PROJECTED GRADIENT <= PGTOL
1416,C4,True,CONVERGENCE: NORM OF PROJECTED GRADIENT <= PGTOL
1416,C5,True,CONVERGENCE: NORM OF PROJECTED GRADIENT <= PGTOL
1417,C1,True,CONVERGENCE: NORM OF PROJECTED GRADIENT <= PGTOL
1417,C2,True,CONVERGENCE: NORM OF PROJECTED GRADIENT <= PGTOL
1417,C3,True,CONVERGENCE: NORM OF PROJECTED GRADIENT <= PGTOL
1417,C4,True,CONVERGENCE: NORM OF PROJECTED GRADIENT <= PGTOL
1417,C5,True,CONVERGENCE: NORM OF PROJECTED GRADIENT <= PGTOL
1418,C1,True,CONVERGENCE: NORM OF PROJECTED GRADIENT <= PGTOL
1418,C2,True,CONVERGENCE: NORM OF PROJECTED GRADIENT <= PGTOL
1418,C3,True,CONVERGENCE: NORM OF PROJECTED GRADIENT <= PGTOL
1418,C4,True,CONVERGENCE: NORM OF PROJECTED GRADIENT <= PGTOL
1418,C5,True,CONVERGENCE: NORM OF PROJECTED GRADIENT <= PGTOL
1419,C1,True,CONVERGENCE: NORM OF PROJECTED GRADIENT <= PGTOL
1419,C2,True,CONVERGENCE: NORM OF PROJECTED GRADIENT <= PGTOL
1419,C3,True,CONVERGENCE: NORM OF PROJECTED GRADIENT <= PGTOL
1419,C4,True,CONVERGENCE: NORM OF PROJECTED GRADIENT <= PGTOL
1419,C5,True,CONVERGENCE: NORM OF PROJECTED GRADIENT <= PGTOL
1420,C1,True,CONVERGENCE: NORM OF PROJECTED GRADIENT <= PGTOL
1420,C2,True,CONVERGENCE: NORM OF PROJECTED GRADIENT <= PGTOL
1420,C3,True,CONVERGENCE: NORM OF PROJECTED GRADIENT <= PGTOL
1420,C4,True,CONVERGENCE: NORM OF PROJECTED GRADIENT <= PGTOL
1420,C5,True,CONVERGENCE: NORM OF PROJECTED GRADIENT <= PGTOL
1421,C1,True,CONVERGENCE: NORM OF PROJECTED GRADIENT <= PGTOL
1421,C2,True,CONVERGENCE: NORM OF PROJECTED GRADIENT <= PGTOL
1421,C3,True,CONVERGENCE: NORM OF PROJECTED GRADIENT <= PGTOL
1421,C4,True,CONVERGENCE: NORM OF PROJECTED GRADIENT <= PGTOL
1421,C5,True,CONVERGENCE: NORM OF PROJECTED GRADIENT <= PGTOL
1422,C1,True,CONVERGENCE: NORM OF PROJECTED GRADIENT <= PGTOL
1422,C2,True,CONVERGENCE: NORM OF PROJECTED GRADIENT <= PGTOL
1422,C3,True,CONVERGENCE: NORM OF PROJECTED GRADIENT <= PGTOL
1422,C4,True,CONVERGENCE: NORM OF PROJECTED GRADIENT <= PGTOL
1422,C5,True,CONVERGENCE: NORM OF PROJECTED GRADIENT <= PGTOL
1423,C1,True,CONVERGENCE: NORM OF PROJECTED GRADIENT <= PGTOL
1423,C2,True,CONVERGENCE: NORM OF PROJECTED GRADIENT <= PGTOL
1423,C3,True,CONVERGENCE: NORM OF PROJECTED GRADIENT <= PGTOL
1423,C4,True,CONVERGENCE: NORM OF PROJECTED GRADIENT <= PGTOL
1423,C5,True,CONVERGENCE: NORM OF PROJECTED GRADIENT <= PGTOL
1424,C1,True,CONVERGENCE: NORM OF PROJECTED GRADIENT <= PGTOL
1424,C2,True,CONVERGENCE: NORM OF PROJECTED GRADIENT <= PGTOL
1424,C3,True,CONVERGENCE: NORM OF PROJECTED GRADIENT <= PGTOL
1424,C4,True,CONVERGENCE: NORM OF PROJECTED GRADIENT <= PGTOL
1424,C5,True,CONVERGENCE: NORM OF PROJECTED GRADIENT <= PGTOL
1425,C1,True,CONVERGENCE: NORM OF PROJECTED GRADIENT <= PGTOL
1425,C2,True,CONVERGENCE: NORM OF PROJECTED GRADIENT <= PGTOL
1425,C3,True,CONVERGENCE: NORM OF PROJECTED GRADIENT <= PGTOL
1425,C4,True,CONVERGENCE: NORM OF PROJECTED GRADIENT <= PGTOL
1425,C5,True,CONVERGENCE: NORM OF PROJECTED GRADIENT <= PGTOL
1426,C1,True,CONVERGENCE: NORM OF PROJECTED GRADIENT <= PGTOL
1426,C2,True,CONVERGENCE: NORM OF PROJECTED GRADIENT <= PGTOL
1426,C3,True,CONVERGENCE: NORM OF PROJECTED GRADIENT <= PGTOL
1426,C4,True,CONVERGENCE: NORM OF PROJECTED GRADIENT <= PGTOL
1426,C5,True,CONVERGENCE: NORM OF PROJECTED GRADIENT <= PGTOL
1427,C1,True,CONVERGENCE: NORM OF PROJECTED GRADIENT <= PGTOL
1427,C2,True,CONVERGENCE: NORM OF PROJECTED GRADIENT <= PGTOL
1427,C3,True,CONVERGENCE: NORM OF PROJECTED GRADIENT <= PGTOL
1427,C4,True,CONVERGENCE: NORM OF PROJECTED GRADIENT <= PGTOL
1427,C5,True,CONVERGENCE: NORM OF PROJECTED GRADIENT <= PGTOL
1428,C1,True,CONVERGENCE: NORM OF PROJECTED GRADIENT <= PGTOL
1428,C2,True,CONVERGENCE: NORM OF PROJECTED GRADIENT <= PGTOL
1428,C3,True,CONVERGENCE: NORM OF PROJECTED GRADIENT <= PGTOL
1428,C4,True,CONVERGENCE: NORM OF PROJECTED GRADIENT <= PGTOL
1428,C5,True,CONVERGENCE: NORM OF PROJECTED GRADIENT <= PGTOL
1429,C1,True,CONVERGENCE: NORM OF PROJECTED GRADIENT <= PGTOL
1429,C2,True,CONVERGENCE: NORM OF PROJECTED GRADIENT <= PGTOL
1429,C3,True,CONVERGENCE: NORM OF PROJECTED GRADIENT <= PGTOL
1429,C4,True,CONVERGENCE: NORM OF PROJECTED GRADIENT <= PGTOL
1429,C5,True,CONVERGENCE: NORM OF PROJECTED GRADIENT <= PGTOL
1430,C1,True,CONVERGENCE: NORM OF PROJECTED GRADIENT <= PGTOL
1430,C2,True,CONVERGENCE: NORM OF PROJECTED GRADIENT <= PGTOL
1430,C3,True,CONVERGENCE: NORM OF PROJECTED GRADIENT <= PGTOL
1430,C4,True,CONVERGENCE: NORM OF PROJECTED GRADIENT <= PGTOL
1430,C5,True,CONVERGENCE: NORM OF PROJECTED GRADIENT <= PGTOL
1431,C1,True,CONVERGENCE: NORM OF PROJECTED GRADIENT <= PGTOL
1431,C2,True,CONVERGENCE: NORM OF PROJECTED GRADIENT <= PGTOL
1431,C3,True,CONVERGENCE: NORM OF PROJECTED GRADIENT <= PGTOL
1431,C4,True,CONVERGENCE: NORM OF PROJECTED GRADIENT <= PGTOL
1431,C5,True,CONVERGENCE: NORM OF PROJECTED GRADIENT <= PGTOL
1432,C1,True,CONVERGENCE: NORM OF PROJECTED GRADIENT <= PGTOL
1432,C2,True,CONVERGENCE: NORM OF PROJECTED GRADIENT <= PGTOL
1432,C3,True,CONVERGENCE: NORM OF PROJECTED GRADIENT <= PGTOL
1432,C4,True,CONVERGENCE: NORM OF PROJECTED GRADIENT <= PGTOL
1432,C5,True,CONVERGENCE: NORM OF PROJECTED GRADIENT <= PGTOL
1433,C1,True,CONVERGENCE: NORM OF PROJECTED GRADIENT <= PGTOL
1433,C2,True,CONVERGENCE: NORM OF PROJECTED GRADIENT <= PGTOL
1433,C3,True,CONVERGENCE: NORM OF PROJECTED GRADIENT <= PGTOL
1433,C4,True,CONVERGENCE: NORM OF PROJECTED GRADIENT <= PGTOL
1433,C5,True,CONVERGENCE: NORM OF PROJECTED GRADIENT <= PGTOL
1434,C1,True,CONVERGENCE: NORM OF PROJECTED GRADIENT <= PGTOL
1434,C2,True,CONVERGENCE: NORM OF PROJECTED GRADIENT <= PGTOL
1434,C3,True,CONVERGENCE: NORM OF PROJECTED GRADIENT <= PGTOL
1434,C4,True,CONVERGENCE: NORM OF PROJECTED GRADIENT <= PGTOL
1434,C5,True,CONVERGENCE: NORM OF PROJECTED GRADIENT <= PGTOL
1435,C1,True,CONVERGENCE: NORM OF PROJECTED GRADIENT <= PGTOL
1435,C2,True,CONVERGENCE: NORM OF PROJECTED GRADIENT <= PGTOL
1435,C3,True,CONVERGENCE: NORM OF PROJECTED GRADIENT <= PGTOL
1435,C4,True,CONVERGENCE: NORM OF PROJECTED GRADIENT <= PGTOL
1435,C5,True,CONVERGENCE: NORM OF PROJECTED GRADIENT <= PGTOL
1436,C1,True,CONVERGENCE: NORM OF PROJECTED GRADIENT <= PGTOL
1436,C2,True,CONVERGENCE: NORM OF PROJECTED GRADIENT <= PGTOL
1436,C3,True,CONVERGENCE: NORM OF PROJECTED GRADIENT <= PGTOL
1436,C4,True,CONVERGENCE: NORM OF PROJECTED GRADIENT <= PGTOL
1436,C5,True,CONVERGENCE: NORM OF PROJECTED GRADIENT <= PGTOL
1437,C1,True,CONVERGENCE: NORM OF PROJECTED GRADIENT <= PGTOL
1437,C2,True,CONVERGENCE: NORM OF PROJECTED GRADIENT <= PGTOL
1437,C3,True,CONVERGENCE: NORM OF PROJECTED GRADIENT <= PGTOL
1437,C4,True,CONVERGENCE: NORM OF PROJECTED GRADIENT <= PGTOL
1437,C5,True,CONVERGENCE: NORM OF PROJECTED GRADIENT <= PGTOL
1438,C1,True,CONVERGENCE: NORM OF PROJECTED GRADIENT <= PGTOL
1438,C2,True,CONVERGENCE: NORM OF PROJECTED GRADIENT <= PGTOL
1438,C3,True,CONVERGENCE: NORM OF PROJECTED GRADIENT <= PGTOL
1438,C4,True,CONVERGENCE: NORM OF PROJECTED GRADIENT <= PGTOL
1438,C5,True,CONVERGENCE: NORM OF PROJECTED GRADIENT <= PGTOL
1439,C1,True,CONVERGENCE: NORM OF PROJECTED GRADIENT <= PGTOL
1439,C2,True,CONVERGENCE: NORM OF PROJECTED GRADIENT <= PGTOL
1439,C3,True,CONVERGENCE: NORM OF PROJECTED GRADIENT <= PGTOL
1439,C4,True,CONVERGENCE: NORM OF PROJECTED GRADIENT <= PGTOL
1439,C5,True,CONVERGENCE: NORM OF PROJECTED GRADIENT <= PGTOL
1440,C1,True,CONVERGENCE: NORM OF PROJECTED GRADIENT <= PGTOL
1440,C2,True,CONVERGENCE: NORM OF PROJECTED GRADIENT <= PGTOL
1440,C3,True,CONVERGENCE: NORM OF PROJECTED GRADIENT <= PGTOL
1440,C4,True,CONVERGENCE: NORM OF PROJECTED GRADIENT <= PGTOL
1440,C5,True,CONVERGENCE: NORM OF PROJECTED GRADIENT <= PGTOL
1441,C1,True,CONVERGENCE: NORM OF PROJECTED GRADIENT <= PGTOL
1441,C2,True,CONVERGENCE: NORM OF PROJECTED GRADIENT <= PGTOL
1441,C3,True,CONVERGENCE: NORM OF PROJECTED GRADIENT <= PGTOL
1441,C4,True,CONVERGENCE: NORM OF PROJECTED GRADIENT <= PGTOL
1441,C5,True,CONVERGENCE: NORM OF PROJECTED GRADIENT <= PGTOL
1442,C1,True,CONVERGENCE: NORM OF PROJECTED GRADIENT <= PGTOL
1442,C2,True,CONVERGENCE: NORM OF PROJECTED GRADIENT <= PGTOL
1442,C3,True,CONVERGENCE: NORM OF PROJECTED GRADIENT <= PGTOL
1442,C4,True,CONVERGENCE: NORM OF PROJECTED GRADIENT <= PGTOL
1442,C5,True,CONVERGENCE: NORM OF PROJECTED GRADIENT <= PGTOL
1443,C1,True,CONVERGENCE: NORM OF PROJECTED GRADIENT <= PGTOL
1443,C2,True,CONVERGENCE: NORM OF PROJECTED GRADIENT <= PGTOL
1443,C3,True,CONVERGENCE: NORM OF PROJECTED GRADIENT <= PGTOL
1443,C4,True,CONVERGENCE: NORM OF PROJECTED GRADIENT <= PGTOL
1443,C5,True,CONVERGENCE: NORM OF PROJECTED GRADIENT <= PGTOL
1444,C1,True,CONVERGENCE: NORM OF PROJECTED GRADIENT <= PGTOL
1444,C2,True,CONVERGENCE: NORM OF PROJECTED GRADIENT <= PGTOL
1444,C3,True,CONVERGENCE: NORM OF PROJECTED GRADIENT <= PGTOL
1444,C4,True,CONVERGENCE: NORM OF PROJECTED GRADIENT <= PGTOL
1444,C5,True,CONVERGENCE: NORM OF PROJECTED GRADIENT <= PGTOL
1445,C1,True,CONVERGENCE: NORM OF PROJECTED GRADIENT <= PGTOL
1445,C2,True,CONVERGENCE: NORM OF PROJECTED GRADIENT <= PGTOL
1445,C3,True,CONVERGENCE: NORM OF PROJECTED GRADIENT <= PGTOL
1445,C4,True,CONVERGENCE: NORM OF PROJECTED GRADIENT <= PGTOL
1445,C5,True,CONVERGENCE: NORM OF PROJECTED GRADIENT <= PGTOL
1446,C1,True,CONVERGENCE: NORM OF PROJECTED GRADIENT <= PGTOL
1446,C2,True,CONVERGENCE: NORM OF PROJECTED GRADIENT <= PGTOL
1446,C3,True,CONVERGENCE: NORM OF PROJECTED GRADIENT <= PGTOL
1446,C4,True,CONVERGENCE: NORM OF PROJECTED GRADIENT <= PGTOL
1446,C5,True,CONVERGENCE: NORM OF PROJECTED GRADIENT <= PGTOL
1447,C1,True,CONVERGENCE: NORM OF PROJECTED GRADIENT <= PGTOL
1447,C2,True,CONVERGENCE: NORM OF PROJECTED GRADIENT <= PGTOL
1447,C3,True,CONVERGENCE: NORM OF PROJECTED GRADIENT <= PGTOL
1447,C4,True,CONVERGENCE: NORM OF PROJECTED GRADIENT <= PGTOL
1447,C5,True,CONVERGENCE: NORM OF PROJECTED GRADIENT <= PGTOL
1448,C1,True,CONVERGENCE: NORM OF PROJECTED GRADIENT <= PGTOL
1448,C2,True,CONVERGENCE: NORM OF PROJECTED GRADIENT <= PGTOL
1448,C3,True,CONVERGENCE: NORM OF PROJECTED GRADIENT <= PGTOL
1448,C4,True,CONVERGENCE: NORM OF PROJECTED GRADIENT <= PGTOL
1448,C5,True,CONVERGENCE: NORM OF PROJECTED GRADIENT <= PGTOL
1449,C1,True,CONVERGENCE: NORM OF PROJECTED GRADIENT <= PGTOL
1449,C2,True,CONVERGENCE: NORM OF PROJECTED GRADIENT <= PGTOL
1449,C3,True,CONVERGENCE: NORM OF PROJECTED GRADIENT <= PGTOL
1449,C4,True,CONVERGENCE: NORM OF PROJECTED GRADIENT <= PGTOL
1449,C5,True,CONVERGENCE: NORM OF PROJECTED GRADIENT <= PGTOL
1450,C1,True,CONVERGENCE: NORM OF PROJECTED GRADIENT <= PGTOL
1450,C2,True,CONVERGENCE: NORM OF PROJECTED GRADIENT <= PGTOL
1450,C3,True,CONVERGENCE: NORM OF PROJECTED GRADIENT <= PGTOL
1450,C4,True,CONVERGENCE: NORM OF PROJECTED GRADIENT <= PGTOL
1450,C5,True,CONVERGENCE: NORM OF PROJECTED GRADIENT <= PGTOL
1451,C1,True,CONVERGENCE: NORM OF PROJECTED GRADIENT <= PGTOL
1451,C2,True,CONVERGENCE: NORM OF PROJECTED GRADIENT <= PGTOL
1451,C3,True,CONVERGENCE: NORM OF PROJECTED GRADIENT <= PGTOL
1451,C4,True,CONVERGENCE: NORM OF PROJECTED GRADIENT <= PGTOL
1451,C5,True,CONVERGENCE: NORM OF PROJECTED GRADIENT <= PGTOL
1452,C1,True,CONVERGENCE: NORM OF PROJECTED GRADIENT <= PGTOL
1452,C2,True,CONVERGENCE: NORM OF PROJECTED GRADIENT <= PGTOL
1452,C3,True,CONVERGENCE: NORM OF PROJECTED GRADIENT <= PGTOL
1452,C4,True,CONVERGENCE: NORM OF PROJECTED GRADIENT <= PGTOL
1452,C5,True,CONVERGENCE: NORM OF PROJECTED GRADIENT <= PGTOL
1453,C1,True,CONVERGENCE: NORM OF PROJECTED GRADIENT <= PGTOL
1453,C2,True,CONVERGENCE: NORM OF PROJECTED GRADIENT <= PGTOL
1453,C3,True,CONVERGENCE: NORM OF PROJECTED GRADIENT <= PGTOL
1453,C4,True,CONVERGENCE: NORM OF PROJECTED GRADIENT <= PGTOL
1453,C5,True,CONVERGENCE: NORM OF PROJECTED GRADIENT <= PGTOL
1454,C1,True,CONVERGENCE: NORM OF PROJECTED GRADIENT <= PGTOL
1454,C2,True,CONVERGENCE: NORM OF PROJECTED GRADIENT <= PGTOL
1454,C3,True,CONVERGENCE: NORM OF PROJECTED GRADIENT <= PGTOL
1454,C4,True,CONVERGENCE: NORM OF PROJECTED GRADIENT <= PGTOL
1454,C5,True,CONVERGENCE: NORM OF PROJECTED GRADIENT <= PGTOL
1455,C1,True,CONVERGENCE: NORM OF PROJECTED GRADIENT <= PGTOL
1455,C2,True,CONVERGENCE: NORM OF PROJECTED GRADIENT <= PGTOL
1455,C3,True,CONVERGENCE: NORM OF PROJECTED GRADIENT <= PGTOL
1455,C4,True,CONVERGENCE: NORM OF PROJECTED GRADIENT <= PGTOL
1455,C5,True,CONVERGENCE: NORM OF PROJECTED GRADIENT <= PGTOL
1456,C1,True,CONVERGENCE: NORM OF PROJECTED GRADIENT <= PGTOL
1456,C2,True,CONVERGENCE: NORM OF PROJECTED GRADIENT <= PGTOL
1456,C3,True,CONVERGENCE: NORM OF PROJECTED GRADIENT <= PGTOL
1456,C4,True,CONVERGENCE: NORM OF PROJECTED GRADIENT <= PGTOL
1456,C5,True,CONVERGENCE: NORM OF PROJECTED GRADIENT <= PGTOL
1457,C1,True,CONVERGENCE: NORM OF PROJECTED GRADIENT <= PGTOL
1457,C2,True,CONVERGENCE: NORM OF PROJECTED GRADIENT <= PGTOL
1457,C3,True,CONVERGENCE: NORM OF PROJECTED GRADIENT <= PGTOL
1457,C4,True,CONVERGENCE: NORM OF PROJECTED GRADIENT <= PGTOL
1457,C5,True,CONVERGENCE: NORM OF PROJECTED GRADIENT <= PGTOL
1458,C1,True,CONVERGENCE: NORM OF PROJECTED GRADIENT <= PGTOL
1458,C2,True,CONVERGENCE: NORM OF PROJECTED GRADIENT <= PGTOL
1458,C3,True,CONVERGENCE: NORM OF PROJECTED GRADIENT <= PGTOL
1458,C4,True,CONVERGENCE: NORM OF PROJECTED GRADIENT <= PGTOL
1458,C5,True,CONVERGENCE: NORM OF PROJECTED GRADIENT <= PGTOL
1459,C1,True,CONVERGENCE: NORM OF PROJECTED GRADIENT <= PGTOL
1459,C2,True,CONVERGENCE: NORM OF PROJECTED GRADIENT <= PGTOL
1459,C3,True,CONVERGENCE: NORM OF PROJECTED GRADIENT <= PGTOL
1459,C4,True,CONVERGENCE: NORM OF PROJECTED GRADIENT <= PGTOL
1459,C5,True,CONVERGENCE: NORM OF PROJECTED GRADIENT <= PGTOL
1460,C1,True,CONVERGENCE: NORM OF PROJECTED GRADIENT <= PGTOL
1460,C2,True,CONVERGENCE: NORM OF PROJECTED GRADIENT <= PGTOL
1460,C3,True,CONVERGENCE: NORM OF PROJECTED GRADIENT <= PGTOL
1460,C4,True,CONVERGENCE: NORM OF PROJECTED GRADIENT <= PGTOL
1460,C5,True,CONVERGENCE: NORM OF PROJECTED GRADIENT <= PGTOL
1461,C1,True,CONVERGENCE: NORM OF PROJECTED GRADIENT <= PGTOL
1461,C2,True,CONVERGENCE: NORM OF PROJECTED GRADIENT <= PGTOL
1461,C3,True,CONVERGENCE: NORM OF PROJECTED GRADIENT <= PGTOL
1461,C4,True,CONVERGENCE: NORM OF PROJECTED GRADIENT <= PGTOL
1461,C5,True,CONVERGENCE: NORM OF PROJECTED GRADIENT <= PGTOL
1462,C1,True,CONVERGENCE: NORM OF PROJECTED GRADIENT <= PGTOL
1462,C2,True,CONVERGENCE: NORM OF PROJECTED GRADIENT <= PGTOL
1462,C3,True,CONVERGENCE: NORM OF PROJECTED GRADIENT <= PGTOL
1462,C4,True,CONVERGENCE: NORM OF PROJECTED GRADIENT <= PGTOL
1462,C5,True,CONVERGENCE: NORM OF PROJECTED GRADIENT <= PGTOL
1463,C1,True,CONVERGENCE: NORM OF PROJECTED GRADIENT <= PGTOL
1463,C2,True,CONVERGENCE: NORM OF PROJECTED GRADIENT <= PGTOL
1463,C3,True,CONVERGENCE: NORM OF PROJECTED GRADIENT <= PGTOL
1463,C4,True,CONVERGENCE: NORM OF PROJECTED GRADIENT <= PGTOL
1463,C5,True,CONVERGENCE: NORM OF PROJECTED GRADIENT <= PGTOL
1464,C1,True,CONVERGENCE: NORM OF PROJECTED GRADIENT <= PGTOL
1464,C2,True,CONVERGENCE: NORM OF PROJECTED GRADIENT <= PGTOL
1464,C3,True,CONVERGENCE: NORM OF PROJECTED GRADIENT <= PGTOL
1464,C4,True,CONVERGENCE: NORM OF PROJECTED GRADIENT <= PGTOL
1464,C5,True,CONVERGENCE: NORM OF PROJECTED GRADIENT <= PGTOL
1465,C1,True,CONVERGENCE: NORM OF PROJECTED GRADIENT <= PGTOL
1465,C2,True,CONVERGENCE: NORM OF PROJECTED GRADIENT <= PGTOL
1465,C3,True,CONVERGENCE: NORM OF PROJECTED GRADIENT <= PGTOL
1465,C4,True,CONVERGENCE: NORM OF PROJECTED GRADIENT <= PGTOL
1465,C5,True,CONVERGENCE: NORM OF PROJECTED GRADIENT <= PGTOL
1466,C1,True,CONVERGENCE: NORM OF PROJECTED GRADIENT <= PGTOL
1466,C2,True,CONVERGENCE: NORM OF PROJECTED GRADIENT <= PGTOL
1466,C3,True,CONVERGENCE: NORM OF PROJECTED GRADIENT <= PGTOL
1466,C4,True,CONVERGENCE: NORM OF PROJECTED GRADIENT <= PGTOL
1466,C5,True,CONVERGENCE: NORM OF PROJECTED GRADIENT <= PGTOL
1467,C1,True,CONVERGENCE: NORM OF PROJECTED GRADIENT <= PGTOL
1467,C2,True,CONVERGENCE: NORM OF PROJECTED GRADIENT <= PGTOL
1467,C3,True,CONVERGENCE: NORM OF PROJECTED GRADIENT <= PGTOL
1467,C4,True,CONVERGENCE: NORM OF PROJECTED GRADIENT <= PGTOL
1467,C5,True,CONVERGENCE: NORM OF PROJECTED GRADIENT <= PGTOL
1468,C1,True,CONVERGENCE: NORM OF PROJECTED GRADIENT <= PGTOL
1468,C2,True,CONVERGENCE: NORM OF PROJECTED GRADIENT <= PGTOL
1468,C3,True,CONVERGENCE: NORM OF PROJECTED GRADIENT <= PGTOL
1468,C4,True,CONVERGENCE: NORM OF PROJECTED GRADIENT <= PGTOL
1468,C5,True,CONVERGENCE: NORM OF PROJECTED GRADIENT <= PGTOL
1469,C1,True,CONVERGENCE: NORM OF PROJECTED GRADIENT <= PGTOL
1469,C2,True,CONVERGENCE: NORM OF PROJECTED GRADIENT <= PGTOL
1469,C3,True,CONVERGENCE: NORM OF PROJECTED GRADIENT <= PGTOL
1469,C4,True,CONVERGENCE: NORM OF PROJECTED GRADIENT <= PGTOL
1469,C5,True,CONVERGENCE: NORM OF PROJECTED GRADIENT <= PGTOL
1470,C1,True,CONVERGENCE: NORM OF PROJECTED GRADIENT <= PGTOL
1470,C2,True,CONVERGENCE: NORM OF PROJECTED GRADIENT <= PGTOL
1470,C3,True,CONVERGENCE: NORM OF PROJECTED GRADIENT <= PGTOL
1470,C4,True,CONVERGENCE: NORM OF PROJECTED GRADIENT <= PGTOL
1470,C5,True,CONVERGENCE: NORM OF PROJECTED GRADIENT <= PGTOL
1471,C1,True,CONVERGENCE: NORM OF PROJECTED GRADIENT <= PGTOL
1471,C2,True,CONVERGENCE: NORM OF PROJECTED GRADIENT <= PGTOL
1471,C3,True,CONVERGENCE: NORM OF PROJECTED GRADIENT <= PGTOL
1471,C4,True,CONVERGENCE: NORM OF PROJECTED GRADIENT <= PGTOL
1471,C5,True,CONVERGENCE: NORM OF PROJECTED GRADIENT <= PGTOL
1472,C1,True,CONVERGENCE: NORM OF PROJECTED GRADIENT <= PGTOL
1472,C2,True,CONVERGENCE: NORM OF PROJECTED GRADIENT <= PGTOL
1472,C3,True,CONVERGENCE: NORM OF PROJECTED GRADIENT <= PGTOL
1472,C4,True,CONVERGENCE: NORM OF PROJECTED GRADIENT <= PGTOL
1472,C5,True,CONVERGENCE: NORM OF PROJECTED GRADIENT <= PGTOL
1473,C1,True,CONVERGENCE: NORM OF PROJECTED GRADIENT <= PGTOL
1473,C2,True,CONVERGENCE: NORM OF PROJECTED GRADIENT <= PGTOL
1473,C3,True,CONVERGENCE: NORM OF PROJECTED GRADIENT <= PGTOL
1473,C4,True,CONVERGENCE: NORM OF PROJECTED GRADIENT <= PGTOL
1473,C5,True,CONVERGENCE: NORM OF PROJECTED GRADIENT <= PGTOL
1474,C1,True,CONVERGENCE: NORM OF PROJECTED GRADIENT <= PGTOL
1474,C2,True,CONVERGENCE: NORM OF PROJECTED GRADIENT <= PGTOL
1474,C3,True,CONVERGENCE: NORM OF PROJECTED GRADIENT <= PGTOL
1474,C4,True,CONVERGENCE: NORM OF PROJECTED GRADIENT <= PGTOL
1474,C5,True,CONVERGENCE: NORM OF PROJECTED GRADIENT <= PGTOL
1475,C1,True,CONVERGENCE: NORM OF PROJECTED GRADIENT <= PGTOL
1475,C2,True,CONVERGENCE: NORM OF PROJECTED GRADIENT <= PGTOL
1475,C3,True,CONVERGENCE: NORM OF PROJECTED GRADIENT <= PGTOL
1475,C4,True,CONVERGENCE: NORM OF PROJECTED GRADIENT <= PGTOL
1475,C5,True,CONVERGENCE: NORM OF PROJECTED GRADIENT <= PGTOL
1476,C1,True,CONVERGENCE: NORM OF PROJECTED GRADIENT <= PGTOL
1476,C2,True,CONVERGENCE: NORM OF PROJECTED GRADIENT <= PGTOL
1476,C3,True,CONVERGENCE: NORM OF PROJECTED GRADIENT <= PGTOL
1476,C4,True,CONVERGENCE: NORM OF PROJECTED GRADIENT <= PGTOL
1476,C5,True,CONVERGENCE: NORM OF PROJECTED GRADIENT <= PGTOL
1477,C1,True,CONVERGENCE: NORM OF PROJECTED GRADIENT <= PGTOL
1477,C2,True,CONVERGENCE: NORM OF PROJECTED GRADIENT <= PGTOL
1477,C3,True,CONVERGENCE: NORM OF PROJECTED GRADIENT <= PGTOL
1477,C4,True,CONVERGENCE: NORM OF PROJECTED GRADIENT <= PGTOL
1477,C5,True,CONVERGENCE: NORM OF PROJECTED GRADIENT <= PGTOL
1478,C1,True,CONVERGENCE: NORM OF PROJECTED GRADIENT <= PGTOL
1478,C2,True,CONVERGENCE: NORM OF PROJECTED GRADIENT <= PGTOL
1478,C3,True,CONVERGENCE: NORM OF PROJECTED GRADIENT <= PGTOL
1478,C4,True,CONVERGENCE: NORM OF PROJECTED GRADIENT <= PGTOL
1478,C5,True,CONVERGENCE: NORM OF PROJECTED GRADIENT <= PGTOL
1479,C1,True,CONVERGENCE: NORM OF PROJECTED GRADIENT <= PGTOL
1479,C2,True,CONVERGENCE: NORM OF PROJECTED GRADIENT <= PGTOL
1479,C3,True,CONVERGENCE: NORM OF PROJECTED GRADIENT <= PGTOL
1479,C4,True,CONVERGENCE: NORM OF PROJECTED GRADIENT <= PGTOL
1479,C5,True,CONVERGENCE: NORM OF PROJECTED GRADIENT <= PGTOL
1480,C1,True,CONVERGENCE: NORM OF PROJECTED GRADIENT <= PGTOL
1480,C2,True,CONVERGENCE: NORM OF PROJECTED GRADIENT <= PGTOL
1480,C3,True,CONVERGENCE: NORM OF PROJECTED GRADIENT <= PGTOL
1480,C4,True,CONVERGENCE: NORM OF PROJECTED GRADIENT <= PGTOL
1480,C5,True,CONVERGENCE: NORM OF PROJECTED GRADIENT <= PGTOL
1481,C1,True,CONVERGENCE: NORM OF PROJECTED GRADIENT <= PGTOL
1481,C2,True,CONVERGENCE: NORM OF PROJECTED GRADIENT <= PGTOL
1481,C3,True,CONVERGENCE: NORM OF PROJECTED GRADIENT <= PGTOL
1481,C4,True,CONVERGENCE: NORM OF PROJECTED GRADIENT <= PGTOL
1481,C5,True,CONVERGENCE: NORM OF PROJECTED GRADIENT <= PGTOL
1482,C1,True,CONVERGENCE: NORM OF PROJECTED GRADIENT <= PGTOL
1482,C2,True,CONVERGENCE: NORM OF PROJECTED GRADIENT <= PGTOL
1482,C3,True,CONVERGENCE: NORM OF PROJECTED GRADIENT <= PGTOL
1482,C4,True,CONVERGENCE: NORM OF PROJECTED GRADIENT <= PGTOL
1482,C5,True,CONVERGENCE: NORM OF PROJECTED GRADIENT <= PGTOL
1483,C1,True,CONVERGENCE: NORM OF PROJECTED GRADIENT <= PGTOL
1483,C2,True,CONVERGENCE: NORM OF PROJECTED GRADIENT <= PGTOL
1483,C3,True,CONVERGENCE: NORM OF PROJECTED GRADIENT <= PGTOL
1483,C4,True,CONVERGENCE: NORM OF PROJECTED GRADIENT <= PGTOL
1483,C5,True,CONVERGENCE: NORM OF PROJECTED GRADIENT <= PGTOL
1484,C1,True,CONVERGENCE: NORM OF PROJECTED GRADIENT <= PGTOL
1484,C2,True,CONVERGENCE: NORM OF PROJECTED GRADIENT <= PGTOL
1484,C3,True,CONVERGENCE: NORM OF PROJECTED GRADIENT <= PGTOL
1484,C4,True,CONVERGENCE: NORM OF PROJECTED GRADIENT <= PGTOL
1484,C5,True,CONVERGENCE: NORM OF PROJECTED GRADIENT <= PGTOL
1485,C1,True,CONVERGENCE: NORM OF PROJECTED GRADIENT <= PGTOL
1485,C2,True,CONVERGENCE: NORM OF PROJECTED GRADIENT <= PGTOL
1485,C3,True,CONVERGENCE: NORM OF PROJECTED GRADIENT <= PGTOL
1485,C4,True,CONVERGENCE: NORM OF PROJECTED GRADIENT <= PGTOL
1485,C5,True,CONVERGENCE: NORM OF PROJECTED GRADIENT <= PGTOL
1486,C1,True,CONVERGENCE: NORM OF PROJECTED GRADIENT <= PGTOL
1486,C2,True,CONVERGENCE: NORM OF PROJECTED GRADIENT <= PGTOL
1486,C3,True,CONVERGENCE: NORM OF PROJECTED GRADIENT <= PGTOL
1486,C4,True,CONVERGENCE: NORM OF PROJECTED GRADIENT <= PGTOL
1486,C5,True,CONVERGENCE: NORM OF PROJECTED GRADIENT <= PGTOL
1487,C1,True,CONVERGENCE: NORM OF PROJECTED GRADIENT <= PGTOL
1487,C2,True,CONVERGENCE: NORM OF PROJECTED GRADIENT <= PGTOL
1487,C3,True,CONVERGENCE: NORM OF PROJECTED GRADIENT <= PGTOL
1487,C4,True,CONVERGENCE: NORM OF PROJECTED GRADIENT <= PGTOL
1487,C5,True,CONVERGENCE: NORM OF PROJECTED GRADIENT <= PGTOL
1488,C1,True,CONVERGENCE: NORM OF PROJECTED GRADIENT <= PGTOL
1488,C2,True,CONVERGENCE: NORM OF PROJECTED GRADIENT <= PGTOL
1488,C3,True,CONVERGENCE: NORM OF PROJECTED GRADIENT <= PGTOL
1488,C4,True,CONVERGENCE: NORM OF PROJECTED GRADIENT <= PGTOL
1488,C5,True,CONVERGENCE: NORM OF PROJECTED GRADIENT <= PGTOL
1489,C1,True,CONVERGENCE: NORM OF PROJECTED GRADIENT <= PGTOL
1489,C2,True,CONVERGENCE: NORM OF PROJECTED GRADIENT <= PGTOL
1489,C3,True,CONVERGENCE: NORM OF PROJECTED GRADIENT <= PGTOL
1489,C4,True,CONVERGENCE: NORM OF PROJECTED GRADIENT <= PGTOL
1489,C5,True,CONVERGENCE: NORM OF PROJECTED GRADIENT <= PGTOL
1490,C1,True,CONVERGENCE: NORM OF PROJECTED GRADIENT <= PGTOL
1490,C2,True,CONVERGENCE: NORM OF PROJECTED GRADIENT <= PGTOL
1490,C3,True,CONVERGENCE: NORM OF PROJECTED GRADIENT <= PGTOL
1490,C4,True,CONVERGENCE: NORM OF PROJECTED GRADIENT <= PGTOL
1490,C5,True,CONVERGENCE: NORM OF PROJECTED GRADIENT <= PGTOL
1491,C1,True,CONVERGENCE: NORM OF PROJECTED GRADIENT <= PGTOL
1491,C2,True,CONVERGENCE: NORM OF PROJECTED GRADIENT <= PGTOL
1491,C3,True,CONVERGENCE: NORM OF PROJECTED GRADIENT <= PGTOL
1491,C4,True,CONVERGENCE: NORM OF PROJECTED GRADIENT <= PGTOL
1491,C5,True,CONVERGENCE: NORM OF PROJECTED GRADIENT <= PGTOL
1492,C1,True,CONVERGENCE: NORM OF PROJECTED GRADIENT <= PGTOL
1492,C2,True,CONVERGENCE: NORM OF PROJECTED GRADIENT <= PGTOL
1492,C3,True,CONVERGENCE: NORM OF PROJECTED GRADIENT <= PGTOL
1492,C4,True,CONVERGENCE: NORM OF PROJECTED GRADIENT <= PGTOL
1492,C5,True,CONVERGENCE: NORM OF PROJECTED GRADIENT <= PGTOL
1493,C1,True,CONVERGENCE: NORM OF PROJECTED GRADIENT <= PGTOL
1493,C2,True,CONVERGENCE: NORM OF PROJECTED GRADIENT <= PGTOL
1493,C3,True,CONVERGENCE: NORM OF PROJECTED GRADIENT <= PGTOL
1493,C4,True,CONVERGENCE: NORM OF PROJECTED GRADIENT <= PGTOL
1493,C5,True,CONVERGENCE: NORM OF PROJECTED GRADIENT <= PGTOL
1494,C1,True,CONVERGENCE: NORM OF PROJECTED GRADIENT <= PGTOL
1494,C2,True,CONVERGENCE: NORM OF PROJECTED GRADIENT <= PGTOL
1494,C3,True,CONVERGENCE: NORM OF PROJECTED GRADIENT <= PGTOL
1494,C4,True,CONVERGENCE: NORM OF PROJECTED GRADIENT <= PGTOL
1494,C5,True,CONVERGENCE: NORM OF PROJECTED GRADIENT <= PGTOL
1495,C1,True,CONVERGENCE: NORM OF PROJECTED GRADIENT <= PGTOL
1495,C2,True,CONVERGENCE: NORM OF PROJECTED GRADIENT <= PGTOL
1495,C3,True,CONVERGENCE: NORM OF PROJECTED GRADIENT <= PGTOL
1495,C4,True,CONVERGENCE: NORM OF PROJECTED GRADIENT <= PGTOL
1495,C5,True,CONVERGENCE: NORM OF PROJECTED GRADIENT <= PGTOL
1496,C1,True,CONVERGENCE: NORM OF PROJECTED GRADIENT <= PGTOL
1496,C2,True,CONVERGENCE: NORM OF PROJECTED GRADIENT <= PGTOL
1496,C3,True,CONVERGENCE: NORM OF PROJECTED GRADIENT <= PGTOL
1496,C4,True,CONVERGENCE: NORM OF PROJECTED GRADIENT <= PGTOL
1496,C5,True,CONVERGENCE: NORM OF PROJECTED GRADIENT <= PGTOL
1497,C1,True,CONVERGENCE: NORM OF PROJECTED GRADIENT <= PGTOL
1497,C2,True,CONVERGENCE: NORM OF PROJECTED GRADIENT <= PGTOL
1497,C3,True,CONVERGENCE: NORM OF PROJECTED GRADIENT <= PGTOL
1497,C4,True,CONVERGENCE: NORM OF PROJECTED GRADIENT <= PGTOL
1497,C5,True,CONVERGENCE: NORM OF PROJECTED GRADIENT <= PGTOL
1498,C1,True,CONVERGENCE: NORM OF PROJECTED GRADIENT <= PGTOL
1498,C2,True,CONVERGENCE: NORM OF PROJECTED GRADIENT <= PGTOL
1498,C3,True,CONVERGENCE: NORM OF PROJECTED GRADIENT <= PGTOL
1498,C4,True,CONVERGENCE: NORM OF PROJECTED GRADIENT <= PGTOL
1498,C5,True,CONVERGENCE: NORM OF PROJECTED GRADIENT <= PGTOL
1499,C1,True,CONVERGENCE: NORM OF PROJECTED GRADIENT <= PGTOL
1499,C2,True,CONVERGENCE: NORM OF PROJECTED GRADIENT <= PGTOL
1499,C3,True,CONVERGENCE: NORM OF PROJECTED GRADIENT <= PGTOL
1499,C4,True,CONVERGENCE: NORM OF PROJECTED GRADIENT <= PGTOL
1499,C5,True,CONVERGENCE: NORM OF PROJECTED GRADIENT <= PGTOL
1500,C1,True,CONVERGENCE: NORM OF PROJECTED GRADIENT <= PGTOL
1500,C2,True,CONVERGENCE: NORM OF PROJECTED GRADIENT <= PGTOL
1500,C3,True,CONVERGENCE: NORM OF PROJECTED GRADIENT <= PGTOL
1500,C4,True,CONVERGENCE: NORM OF PROJECTED GRADIENT <= PGTOL
1500,C5,True,CONVERGENCE: NORM OF PROJECTED GRADIENT <= PGTOL
1501,C1,True,CONVERGENCE: NORM OF PROJECTED GRADIENT <= PGTOL
1501,C2,True,CONVERGENCE: NORM OF PROJECTED GRADIENT <= PGTOL
1501,C3,True,CONVERGENCE: NORM OF PROJECTED GRADIENT <= PGTOL
1501,C4,True,CONVERGENCE: NORM OF PROJECTED GRADIENT <= PGTOL
1501,C5,True,CONVERGENCE: NORM OF PROJECTED GRADIENT <= PGTOL
1502,C1,True,CONVERGENCE: NORM OF PROJECTED GRADIENT <= PGTOL
1502,C2,True,CONVERGENCE: NORM OF PROJECTED GRADIENT <= PGTOL
1502,C3,True,CONVERGENCE: NORM OF PROJECTED GRADIENT <= PGTOL
1502,C4,True,CONVERGENCE: NORM OF PROJECTED GRADIENT <= PGTOL
1502,C5,True,CONVERGENCE: NORM OF PROJECTED GRADIENT <= PGTOL
1503,C1,True,CONVERGENCE: NORM OF PROJECTED GRADIENT <= PGTOL
1503,C2,True,CONVERGENCE: NORM OF PROJECTED GRADIENT <= PGTOL
1503,C3,True,CONVERGENCE: NORM OF PROJECTED GRADIENT <= PGTOL
1503,C4,True,CONVERGENCE: NORM OF PROJECTED GRADIENT <= PGTOL
1503,C5,True,CONVERGENCE: NORM OF PROJECTED GRADIENT <= PGTOL
1504,C1,True,CONVERGENCE: NORM OF PROJECTED GRADIENT <= PGTOL
1504,C2,True,CONVERGENCE: NORM OF PROJECTED GRADIENT <= PGTOL
1504,C3,True,CONVERGENCE: NORM OF PROJECTED GRADIENT <= PGTOL
1504,C4,True,CONVERGENCE: NORM OF PROJECTED GRADIENT <= PGTOL
1504,C5,True,CONVERGENCE: NORM OF PROJECTED GRADIENT <= PGTOL
1505,C1,True,CONVERGENCE: NORM OF PROJECTED GRADIENT <= PGTOL
1505,C2,True,CONVERGENCE: NORM OF PROJECTED GRADIENT <= PGTOL
1505,C3,True,CONVERGENCE: NORM OF PROJECTED GRADIENT <= PGTOL
1505,C4,True,CONVERGENCE: NORM OF PROJECTED GRADIENT <= PGTOL
1505,C5,True,CONVERGENCE: NORM OF PROJECTED GRADIENT <= PGTOL
1506,C1,True,CONVERGENCE: NORM OF PROJECTED GRADIENT <= PGTOL
1506,C2,True,CONVERGENCE: NORM OF PROJECTED GRADIENT <= PGTOL
1506,C3,True,CONVERGENCE: NORM OF PROJECTED GRADIENT <= PGTOL
1506,C4,True,CONVERGENCE: NORM OF PROJECTED GRADIENT <= PGTOL
1506,C5,True,CONVERGENCE: NORM OF PROJECTED GRADIENT <= PGTOL
1507,C1,True,CONVERGENCE: NORM OF PROJECTED GRADIENT <= PGTOL
1507,C2,True,CONVERGENCE: NORM OF PROJECTED GRADIENT <= PGTOL
1507,C3,True,CONVERGENCE: NORM OF PROJECTED GRADIENT <= PGTOL
1507,C4,True,CONVERGENCE: NORM OF PROJECTED GRADIENT <= PGTOL
1507,C5,True,CONVERGENCE: NORM OF PROJECTED GRADIENT <= PGTOL
1508,C1,True,CONVERGENCE: NORM OF PROJECTED GRADIENT <= PGTOL
1508,C2,True,CONVERGENCE: NORM OF PROJECTED GRADIENT <= PGTOL
1508,C3,True,CONVERGENCE: NORM OF PROJECTED GRADIENT <= PGTOL
1508,C4,True,CONVERGENCE: NORM OF PROJECTED GRADIENT <= PGTOL
1508,C5,True,CONVERGENCE: NORM OF PROJECTED GRADIENT <= PGTOL
1509,C1,True,CONVERGENCE: NORM OF PROJECTED GRADIENT <= PGTOL
1509,C2,True,CONVERGENCE: NORM OF PROJECTED GRADIENT <= PGTOL
1509,C3,True,CONVERGENCE: NORM OF PROJECTED GRADIENT <= PGTOL
1509,C4,True,CONVERGENCE: NORM OF PROJECTED GRADIENT <= PGTOL
1509,C5,True,CONVERGENCE: NORM OF PROJECTED GRADIENT <= PGTOL
1510,C1,True,CONVERGENCE: NORM OF PROJECTED GRADIENT <= PGTOL
1510,C2,True,CONVERGENCE: NORM OF PROJECTED GRADIENT <= PGTOL
1510,C3,True,CONVERGENCE: NORM OF PROJECTED GRADIENT <= PGTOL
1510,C4,True,CONVERGENCE: NORM OF PROJECTED GRADIENT <= PGTOL
1510,C5,True,CONVERGENCE: NORM OF PROJECTED GRADIENT <= PGTOL
1511,C1,True,CONVERGENCE: NORM OF PROJECTED GRADIENT <= PGTOL
1511,C2,True,CONVERGENCE: NORM OF PROJECTED GRADIENT <= PGTOL
1511,C3,True,CONVERGENCE: NORM OF PROJECTED GRADIENT <= PGTOL
1511,C4,True,CONVERGENCE: NORM OF PROJECTED GRADIENT <= PGTOL
1511,C5,True,CONVERGENCE: NORM OF PROJECTED GRADIENT <= PGTOL
1512,C1,True,CONVERGENCE: NORM OF PROJECTED GRADIENT <= PGTOL
1512,C2,True,CONVERGENCE: NORM OF PROJECTED GRADIENT <= PGTOL
1512,C3,True,CONVERGENCE: NORM OF PROJECTED GRADIENT <= PGTOL
1512,C4,True,CONVERGENCE: NORM OF PROJECTED GRADIENT <= PGTOL
1512,C5,True,CONVERGENCE: NORM OF PROJECTED GRADIENT <= PGTOL
1513,C1,True,CONVERGENCE: NORM OF PROJECTED GRADIENT <= PGTOL
1513,C2,True,CONVERGENCE: NORM OF PROJECTED GRADIENT <= PGTOL
1513,C3,True,CONVERGENCE: NORM OF PROJECTED GRADIENT <= PGTOL
1513,C4,True,CONVERGENCE: NORM OF PROJECTED GRADIENT <= PGTOL
1513,C5,True,CONVERGENCE: NORM OF PROJECTED GRADIENT <= PGTOL
1514,C1,True,CONVERGENCE: NORM OF PROJECTED GRADIENT <= PGTOL
1514,C2,True,CONVERGENCE: NORM OF PROJECTED GRADIENT <= PGTOL
1514,C3,True,CONVERGENCE: NORM OF PROJECTED GRADIENT <= PGTOL
1514,C4,True,CONVERGENCE: NORM OF PROJECTED GRADIENT <= PGTOL
1514,C5,True,CONVERGENCE: NORM OF PROJECTED GRADIENT <= PGTOL
1515,C1,True,CONVERGENCE: NORM OF PROJECTED GRADIENT <= PGTOL
1515,C2,True,CONVERGENCE: NORM OF PROJECTED GRADIENT <= PGTOL
1515,C3,True,CONVERGENCE: NORM OF PROJECTED GRADIENT <= PGTOL
1515,C4,True,CONVERGENCE: NORM OF PROJECTED GRADIENT <= PGTOL
1515,C5,True,CONVERGENCE: NORM OF PROJECTED GRADIENT <= PGTOL
1516,C1,True,CONVERGENCE: NORM OF PROJECTED GRADIENT <= PGTOL
1516,C2,True,CONVERGENCE: NORM OF PROJECTED GRADIENT <= PGTOL
1516,C3,True,CONVERGENCE: NORM OF PROJECTED GRADIENT <= PGTOL
1516,C4,True,CONVERGENCE: NORM OF PROJECTED GRADIENT <= PGTOL
1516,C5,True,CONVERGENCE: NORM OF PROJECTED GRADIENT <= PGTOL
1517,C1,True,CONVERGENCE: NORM OF PROJECTED GRADIENT <= PGTOL
1517,C2,True,CONVERGENCE: NORM OF PROJECTED GRADIENT <= PGTOL
1517,C3,True,CONVERGENCE: NORM OF PROJECTED GRADIENT <= PGTOL
1517,C4,True,CONVERGENCE: NORM OF PROJECTED GRADIENT <= PGTOL
1517,C5,True,CONVERGENCE: NORM OF PROJECTED GRADIENT <= PGTOL
1518,C1,True,CONVERGENCE: NORM OF PROJECTED GRADIENT <= PGTOL
1518,C2,True,CONVERGENCE: NORM OF PROJECTED GRADIENT <= PGTOL
1518,C3,True,CONVERGENCE: NORM OF PROJECTED GRADIENT <= PGTOL
1518,C4,True,CONVERGENCE: NORM OF PROJECTED GRADIENT <= PGTOL
1518,C5,True,CONVERGENCE: NORM OF PROJECTED GRADIENT <= PGTOL
1519,C1,True,CONVERGENCE: NORM OF PROJECTED GRADIENT <= PGTOL
1519,C2,True,CONVERGENCE: NORM OF PROJECTED GRADIENT <= PGTOL
1519,C3,True,CONVERGENCE: NORM OF PROJECTED GRADIENT <= PGTOL
1519,C4,True,CONVERGENCE: NORM OF PROJECTED GRADIENT <= PGTOL
1519,C5,True,CONVERGENCE: NORM OF PROJECTED GRADIENT <= PGTOL
1520,C1,True,CONVERGENCE: NORM OF PROJECTED GRADIENT <= PGTOL
1520,C2,True,CONVERGENCE: NORM OF PROJECTED GRADIENT <= PGTOL
1520,C3,True,CONVERGENCE: NORM OF PROJECTED GRADIENT <= PGTOL
1520,C4,True,CONVERGENCE: NORM OF PROJECTED GRADIENT <= PGTOL
1520,C5,True,CONVERGENCE: NORM OF PROJECTED GRADIENT <= PGTOL
1521,C1,True,CONVERGENCE: NORM OF PROJECTED GRADIENT <= PGTOL
1521,C2,True,CONVERGENCE: NORM OF PROJECTED GRADIENT <= PGTOL
1521,C3,True,CONVERGENCE: NORM OF PROJECTED GRADIENT <= PGTOL
1521,C4,True,CONVERGENCE: NORM OF PROJECTED GRADIENT <= PGTOL
1521,C5,True,CONVERGENCE: NORM OF PROJECTED GRADIENT <= PGTOL
1522,C1,True,CONVERGENCE: NORM OF PROJECTED GRADIENT <= PGTOL
1522,C2,True,CONVERGENCE: NORM OF PROJECTED GRADIENT <= PGTOL
1522,C3,True,CONVERGENCE: NORM OF PROJECTED GRADIENT <= PGTOL
1522,C4,True,CONVERGENCE: NORM OF PROJECTED GRADIENT <= PGTOL
1522,C5,True,CONVERGENCE: NORM OF PROJECTED GRADIENT <= PGTOL
1523,C1,True,CONVERGENCE: NORM OF PROJECTED GRADIENT <= PGTOL
1523,C2,True,CONVERGENCE: NORM OF PROJECTED GRADIENT <= PGTOL
1523,C3,True,CONVERGENCE: NORM OF PROJECTED GRADIENT <= PGTOL
1523,C4,True,CONVERGENCE: NORM OF PROJECTED GRADIENT <= PGTOL
1523,C5,True,CONVERGENCE: NORM OF PROJECTED GRADIENT <= PGTOL
1524,C1,True,CONVERGENCE: NORM OF PROJECTED GRADIENT <= PGTOL
1524,C2,True,CONVERGENCE: NORM OF PROJECTED GRADIENT <= PGTOL
1524,C3,True,CONVERGENCE: NORM OF PROJECTED GRADIENT <= PGTOL
1524,C4,True,CONVERGENCE: NORM OF PROJECTED GRADIENT <= PGTOL
1524,C5,True,CONVERGENCE: NORM OF PROJECTED GRADIENT <= PGTOL
1525,C1,True,CONVERGENCE: NORM OF PROJECTED GRADIENT <= PGTOL
1525,C2,True,CONVERGENCE: NORM OF PROJECTED GRADIENT <= PGTOL
1525,C3,True,CONVERGENCE: NORM OF PROJECTED GRADIENT <= PGTOL
1525,C4,True,CONVERGENCE: NORM OF PROJECTED GRADIENT <= PGTOL
1525,C5,True,CONVERGENCE: NORM OF PROJECTED GRADIENT <= PGTOL
1526,C1,True,CONVERGENCE: NORM OF PROJECTED GRADIENT <= PGTOL
1526,C2,True,CONVERGENCE: NORM OF PROJECTED GRADIENT <= PGTOL
1526,C3,True,CONVERGENCE: NORM OF PROJECTED GRADIENT <= PGTOL
1526,C4,True,CONVERGENCE: NORM OF PROJECTED GRADIENT <= PGTOL
1526,C5,True,CONVERGENCE: NORM OF PROJECTED GRADIENT <= PGTOL
1527,C1,True,CONVERGENCE: NORM OF PROJECTED GRADIENT <= PGTOL
1527,C2,True,CONVERGENCE: NORM OF PROJECTED GRADIENT <= PGTOL
1527,C3,True,CONVERGENCE: NORM OF PROJECTED GRADIENT <= PGTOL
1527,C4,True,CONVERGENCE: NORM OF PROJECTED GRADIENT <= PGTOL
1527,C5,True,CONVERGENCE: NORM OF PROJECTED GRADIENT <= PGTOL
1528,C1,True,CONVERGENCE: NORM OF PROJECTED GRADIENT <= PGTOL
1528,C2,True,CONVERGENCE: NORM OF PROJECTED GRADIENT <= PGTOL
1528,C3,True,CONVERGENCE: NORM OF PROJECTED GRADIENT <= PGTOL
1528,C4,True,CONVERGENCE: NORM OF PROJECTED GRADIENT <= PGTOL
1528,C5,True,CONVERGENCE: NORM OF PROJECTED GRADIENT <= PGTOL
1529,C1,True,CONVERGENCE: NORM OF PROJECTED GRADIENT <= PGTOL
1529,C2,True,CONVERGENCE: NORM OF PROJECTED GRADIENT <= PGTOL
1529,C3,True,CONVERGENCE: NORM OF PROJECTED GRADIENT <= PGTOL
1529,C4,True,CONVERGENCE: NORM OF PROJECTED GRADIENT <= PGTOL
1529,C5,True,CONVERGENCE: NORM OF PROJECTED GRADIENT <= PGTOL
1530,C1,True,CONVERGENCE: NORM OF PROJECTED GRADIENT <= PGTOL
1530,C2,True,CONVERGENCE: NORM OF PROJECTED GRADIENT <= PGTOL
1530,C3,True,CONVERGENCE: NORM OF PROJECTED GRADIENT <= PGTOL
1530,C4,True,CONVERGENCE: NORM OF PROJECTED GRADIENT <= PGTOL
1530,C5,True,CONVERGENCE: NORM OF PROJECTED GRADIENT <= PGTOL
1531,C1,True,CONVERGENCE: NORM OF PROJECTED GRADIENT <= PGTOL
1531,C2,True,CONVERGENCE: NORM OF PROJECTED GRADIENT <= PGTOL
1531,C3,True,CONVERGENCE: NORM OF PROJECTED GRADIENT <= PGTOL
1531,C4,True,CONVERGENCE: NORM OF PROJECTED GRADIENT <= PGTOL
1531,C5,True,CONVERGENCE: NORM OF PROJECTED GRADIENT <= PGTOL
1532,C1,True,CONVERGENCE: NORM OF PROJECTED GRADIENT <= PGTOL
1532,C2,True,CONVERGENCE: NORM OF PROJECTED GRADIENT <= PGTOL
1532,C3,True,CONVERGENCE: NORM OF PROJECTED GRADIENT <= PGTOL
1532,C4,True,CONVERGENCE: NORM OF PROJECTED GRADIENT <= PGTOL
1532,C5,True,CONVERGENCE: NORM OF PROJECTED GRADIENT <= PGTOL
1533,C1,True,CONVERGENCE: NORM OF PROJECTED GRADIENT <= PGTOL
1533,C2,True,CONVERGENCE: NORM OF PROJECTED GRADIENT <= PGTOL
1533,C3,True,CONVERGENCE: NORM OF PROJECTED GRADIENT <= PGTOL
1533,C4,True,CONVERGENCE: NORM OF PROJECTED GRADIENT <= PGTOL
1533,C5,True,CONVERGENCE: NORM OF PROJECTED GRADIENT <= PGTOL
1534,C1,True,CONVERGENCE: NORM OF PROJECTED GRADIENT <= PGTOL
1534,C2,True,CONVERGENCE: NORM OF PROJECTED GRADIENT <= PGTOL
1534,C3,True,CONVERGENCE: NORM OF PROJECTED GRADIENT <= PGTOL
1534,C4,True,CONVERGENCE: NORM OF PROJECTED GRADIENT <= PGTOL
1534,C5,True,CONVERGENCE: NORM OF PROJECTED GRADIENT <= PGTOL
1535,C1,True,CONVERGENCE: NORM OF PROJECTED GRADIENT <= PGTOL
1535,C2,True,CONVERGENCE: NORM OF PROJECTED GRADIENT <= PGTOL
1535,C3,True,CONVERGENCE: NORM OF PROJECTED GRADIENT <= PGTOL
1535,C4,True,CONVERGENCE: NORM OF PROJECTED GRADIENT <= PGTOL
1535,C5,True,CONVERGENCE: NORM OF PROJECTED GRADIENT <= PGTOL
1536,C1,True,CONVERGENCE: NORM OF PROJECTED GRADIENT <= PGTOL
1536,C2,True,CONVERGENCE: NORM OF PROJECTED GRADIENT <= PGTOL
1536,C3,True,CONVERGENCE: NORM OF PROJECTED GRADIENT <= PGTOL
1536,C4,True,CONVERGENCE: NORM OF PROJECTED GRADIENT <= PGTOL
1536,C5,True,CONVERGENCE: NORM OF PROJECTED GRADIENT <= PGTOL
1537,C1,True,CONVERGENCE: NORM OF PROJECTED GRADIENT <= PGTOL
1537,C2,True,CONVERGENCE: NORM OF PROJECTED GRADIENT <= PGTOL
1537,C3,True,CONVERGENCE: NORM OF PROJECTED GRADIENT <= PGTOL
1537,C4,True,CONVERGENCE: NORM OF PROJECTED GRADIENT <= PGTOL
1537,C5,True,CONVERGENCE: NORM OF PROJECTED GRADIENT <= PGTOL
1538,C1,True,CONVERGENCE: NORM OF PROJECTED GRADIENT <= PGTOL
1538,C2,True,CONVERGENCE: NORM OF PROJECTED GRADIENT <= PGTOL
1538,C3,True,CONVERGENCE: NORM OF PROJECTED GRADIENT <= PGTOL
1538,C4,True,CONVERGENCE: NORM OF PROJECTED GRADIENT <= PGTOL
1538,C5,True,CONVERGENCE: NORM OF PROJECTED GRADIENT <= PGTOL
1539,C1,True,CONVERGENCE: NORM OF PROJECTED GRADIENT <= PGTOL
1539,C2,True,CONVERGENCE: NORM OF PROJECTED GRADIENT <= PGTOL
1539,C3,True,CONVERGENCE: NORM OF PROJECTED GRADIENT <= PGTOL
1539,C4,True,CONVERGENCE: NORM OF PROJECTED GRADIENT <= PGTOL
1539,C5,True,CONVERGENCE: NORM OF PROJECTED GRADIENT <= PGTOL
1540,C1,True,CONVERGENCE: NORM OF PROJECTED GRADIENT <= PGTOL
1540,C2,True,CONVERGENCE: NORM OF PROJECTED GRADIENT <= PGTOL
1540,C3,True,CONVERGENCE: NORM OF PROJECTED GRADIENT <= PGTOL
1540,C4,True,CONVERGENCE: NORM OF PROJECTED GRADIENT <= PGTOL
1540,C5,True,CONVERGENCE: NORM OF PROJECTED GRADIENT <= PGTOL
1541,C1,True,CONVERGENCE: NORM OF PROJECTED GRADIENT <= PGTOL
1541,C2,True,CONVERGENCE: NORM OF PROJECTED GRADIENT <= PGTOL
1541,C3,True,CONVERGENCE: NORM OF PROJECTED GRADIENT <= PGTOL
1541,C4,True,CONVERGENCE: NORM OF PROJECTED GRADIENT <= PGTOL
1541,C5,True,CONVERGENCE: NORM OF PROJECTED GRADIENT <= PGTOL
1542,C1,True,CONVERGENCE: NORM OF PROJECTED GRADIENT <= PGTOL
1542,C2,True,CONVERGENCE: NORM OF PROJECTED GRADIENT <= PGTOL
1542,C3,True,CONVERGENCE: NORM OF PROJECTED GRADIENT <= PGTOL
1542,C4,True,CONVERGENCE: NORM OF PROJECTED GRADIENT <= PGTOL
1542,C5,True,CONVERGENCE: NORM OF PROJECTED GRADIENT <= PGTOL
1543,C1,True,CONVERGENCE: NORM OF PROJECTED GRADIENT <= PGTOL
1543,C2,True,CONVERGENCE: NORM OF PROJECTED GRADIENT <= PGTOL
1543,C3,True,CONVERGENCE: NORM OF PROJECTED GRADIENT <= PGTOL
1543,C4,True,CONVERGENCE: NORM OF PROJECTED GRADIENT <= PGTOL
1543,C5,True,CONVERGENCE: NORM OF PROJECTED GRADIENT <= PGTOL
1544,C1,True,CONVERGENCE: NORM OF PROJECTED GRADIENT <= PGTOL
1544,C2,True,CONVERGENCE: NORM OF PROJECTED GRADIENT <= PGTOL
1544,C3,True,CONVERGENCE: NORM OF PROJECTED GRADIENT <= PGTOL
1544,C4,True,CONVERGENCE: NORM OF PROJECTED GRADIENT <= PGTOL
1544,C5,True,CONVERGENCE: NORM OF PROJECTED GRADIENT <= PGTOL
1545,C1,True,CONVERGENCE: NORM OF PROJECTED GRADIENT <= PGTOL
1545,C2,True,CONVERGENCE: NORM OF PROJECTED GRADIENT <= PGTOL
1545,C3,True,CONVERGENCE: NORM OF PROJECTED GRADIENT <= PGTOL
1545,C4,True,CONVERGENCE: NORM OF PROJECTED GRADIENT <= PGTOL
1545,C5,True,CONVERGENCE: NORM OF PROJECTED GRADIENT <= PGTOL
1546,C1,True,CONVERGENCE: NORM OF PROJECTED GRADIENT <= PGTOL
1546,C2,True,CONVERGENCE: NORM OF PROJECTED GRADIENT <= PGTOL
1546,C3,True,CONVERGENCE: NORM OF PROJECTED GRADIENT <= PGTOL
1546,C4,True,CONVERGENCE: NORM OF PROJECTED GRADIENT <= PGTOL
1546,C5,True,CONVERGENCE: NORM OF PROJECTED GRADIENT <= PGTOL
1547,C1,True,CONVERGENCE: NORM OF PROJECTED GRADIENT <= PGTOL
1547,C2,True,CONVERGENCE: NORM OF PROJECTED GRADIENT <= PGTOL
1547,C3,True,CONVERGENCE: NORM OF PROJECTED GRADIENT <= PGTOL
1547,C4,True,CONVERGENCE: NORM OF PROJECTED GRADIENT <= PGTOL
1547,C5,True,CONVERGENCE: NORM OF PROJECTED GRADIENT <= PGTOL
1548,C1,True,CONVERGENCE: NORM OF PROJECTED GRADIENT <= PGTOL
1548,C2,True,CONVERGENCE: NORM OF PROJECTED GRADIENT <= PGTOL
1548,C3,True,CONVERGENCE: NORM OF PROJECTED GRADIENT <= PGTOL
1548,C4,True,CONVERGENCE: NORM OF PROJECTED GRADIENT <= PGTOL
1548,C5,True,CONVERGENCE: NORM OF PROJECTED GRADIENT <= PGTOL
1549,C1,True,CONVERGENCE: NORM OF PROJECTED GRADIENT <= PGTOL
1549,C2,True,CONVERGENCE: NORM OF PROJECTED GRADIENT <= PGTOL
1549,C3,True,CONVERGENCE: NORM OF PROJECTED GRADIENT <= PGTOL
1549,C4,True,CONVERGENCE: NORM OF PROJECTED GRADIENT <= PGTOL
1549,C5,True,CONVERGENCE: NORM OF PROJECTED GRADIENT <= PGTOL
1550,C1,True,CONVERGENCE: NORM OF PROJECTED GRADIENT <= PGTOL
1550,C2,True,CONVERGENCE: NORM OF PROJECTED GRADIENT <= PGTOL
1550,C3,True,CONVERGENCE: NORM OF PROJECTED GRADIENT <= PGTOL
1550,C4,True,CONVERGENCE: NORM OF PROJECTED GRADIENT <= PGTOL
1550,C5,True,CONVERGENCE: NORM OF PROJECTED GRADIENT <= PGTOL
1551,C1,True,CONVERGENCE: NORM OF PROJECTED GRADIENT <= PGTOL
1551,C2,True,CONVERGENCE: NORM OF PROJECTED GRADIENT <= PGTOL
1551,C3,True,CONVERGENCE: NORM OF PROJECTED GRADIENT <= PGTOL
1551,C4,True,CONVERGENCE: NORM OF PROJECTED GRADIENT <= PGTOL
1551,C5,True,CONVERGENCE: NORM OF PROJECTED GRADIENT <= PGTOL
1552,C1,True,CONVERGENCE: NORM OF PROJECTED GRADIENT <= PGTOL
1552,C2,True,CONVERGENCE: NORM OF PROJECTED GRADIENT <= PGTOL
1552,C3,True,CONVERGENCE: NORM OF PROJECTED GRADIENT <= PGTOL
1552,C4,True,CONVERGENCE: NORM OF PROJECTED GRADIENT <= PGTOL
1552,C5,True,CONVERGENCE: NORM OF PROJECTED GRADIENT <= PGTOL
1553,C1,True,CONVERGENCE: NORM OF PROJECTED GRADIENT <= PGTOL
1553,C2,True,CONVERGENCE: NORM OF PROJECTED GRADIENT <= PGTOL
1553,C3,True,CONVERGENCE: NORM OF PROJECTED GRADIENT <= PGTOL
1553,C4,True,CONVERGENCE: NORM OF PROJECTED GRADIENT <= PGTOL
1553,C5,True,CONVERGENCE: NORM OF PROJECTED GRADIENT <= PGTOL
1554,C1,True,CONVERGENCE: NORM OF PROJECTED GRADIENT <= PGTOL
1554,C2,True,CONVERGENCE: NORM OF PROJECTED GRADIENT <= PGTOL
1554,C3,True,CONVERGENCE: NORM OF PROJECTED GRADIENT <= PGTOL
1554,C4,True,CONVERGENCE: NORM OF PROJECTED GRADIENT <= PGTOL
1554,C5,True,CONVERGENCE: NORM OF PROJECTED GRADIENT <= PGTOL
1555,C1,True,CONVERGENCE: NORM OF PROJECTED GRADIENT <= PGTOL
1555,C2,True,CONVERGENCE: NORM OF PROJECTED GRADIENT <= PGTOL
1555,C3,True,CONVERGENCE: NORM OF PROJECTED GRADIENT <= PGTOL
1555,C4,True,CONVERGENCE: NORM OF PROJECTED GRADIENT <= PGTOL
1555,C5,True,CONVERGENCE: NORM OF PROJECTED GRADIENT <= PGTOL
1556,C1,True,CONVERGENCE: NORM OF PROJECTED GRADIENT <= PGTOL
1556,C2,True,CONVERGENCE: NORM OF PROJECTED GRADIENT <= PGTOL
1556,C3,True,CONVERGENCE: NORM OF PROJECTED GRADIENT <= PGTOL
1556,C4,True,CONVERGENCE: NORM OF PROJECTED GRADIENT <= PGTOL
1556,C5,True,CONVERGENCE: NORM OF PROJECTED GRADIENT <= PGTOL
1557,C1,True,CONVERGENCE: NORM OF PROJECTED GRADIENT <= PGTOL
1557,C2,True,CONVERGENCE: NORM OF PROJECTED GRADIENT <= PGTOL
1557,C3,True,CONVERGENCE: NORM OF PROJECTED GRADIENT <= PGTOL
1557,C4,True,CONVERGENCE: NORM OF PROJECTED GRADIENT <= PGTOL
1557,C5,True,CONVERGENCE: NORM OF PROJECTED GRADIENT <= PGTOL
1558,C1,True,CONVERGENCE: NORM OF PROJECTED GRADIENT <= PGTOL
1558,C2,True,CONVERGENCE: NORM OF PROJECTED GRADIENT <= PGTOL
1558,C3,True,CONVERGENCE: NORM OF PROJECTED GRADIENT <= PGTOL
1558,C4,True,CONVERGENCE: NORM OF PROJECTED GRADIENT <= PGTOL
1558,C5,True,CONVERGENCE: NORM OF PROJECTED GRADIENT <= PGTOL
1559,C1,True,CONVERGENCE: NORM OF PROJECTED GRADIENT <= PGTOL
1559,C2,True,CONVERGENCE: NORM OF PROJECTED GRADIENT <= PGTOL
1559,C3,True,CONVERGENCE: NORM OF PROJECTED GRADIENT <= PGTOL
1559,C4,True,CONVERGENCE: NORM OF PROJECTED GRADIENT <= PGTOL
1559,C5,True,CONVERGENCE: NORM OF PROJECTED GRADIENT <= PGTOL
1560,C1,True,CONVERGENCE: NORM OF PROJECTED GRADIENT <= PGTOL
1560,C2,True,CONVERGENCE: NORM OF PROJECTED GRADIENT <= PGTOL
1560,C3,True,CONVERGENCE: NORM OF PROJECTED GRADIENT <= PGTOL
1560,C4,True,CONVERGENCE: NORM OF PROJECTED GRADIENT <= PGTOL
1560,C5,True,CONVERGENCE: NORM OF PROJECTED GRADIENT <= PGTOL
1561,C1,True,CONVERGENCE: NORM OF PROJECTED GRADIENT <= PGTOL
1561,C2,True,CONVERGENCE: NORM OF PROJECTED GRADIENT <= PGTOL
1561,C3,True,CONVERGENCE: NORM OF PROJECTED GRADIENT <= PGTOL
1561,C4,True,CONVERGENCE: NORM OF PROJECTED GRADIENT <= PGTOL
1561,C5,True,CONVERGENCE: NORM OF PROJECTED GRADIENT <= PGTOL
1562,C1,True,CONVERGENCE: NORM OF PROJECTED GRADIENT <= PGTOL
1562,C2,True,CONVERGENCE: NORM OF PROJECTED GRADIENT <= PGTOL
1562,C3,True,CONVERGENCE: NORM OF PROJECTED GRADIENT <= PGTOL
1562,C4,True,CONVERGENCE: NORM OF PROJECTED GRADIENT <= PGTOL
1562,C5,True,CONVERGENCE: NORM OF PROJECTED GRADIENT <= PGTOL
1563,C1,True,CONVERGENCE: NORM OF PROJECTED GRADIENT <= PGTOL
1563,C2,True,CONVERGENCE: NORM OF PROJECTED GRADIENT <= PGTOL
1563,C3,True,CONVERGENCE: NORM OF PROJECTED GRADIENT <= PGTOL
1563,C4,True,CONVERGENCE: NORM OF PROJECTED GRADIENT <= PGTOL
1563,C5,True,CONVERGENCE: NORM OF PROJECTED GRADIENT <= PGTOL
1564,C1,True,CONVERGENCE: NORM OF PROJECTED GRADIENT <= PGTOL
1564,C2,True,CONVERGENCE: NORM OF PROJECTED GRADIENT <= PGTOL
1564,C3,True,CONVERGENCE: NORM OF PROJECTED GRADIENT <= PGTOL
1564,C4,True,CONVERGENCE: NORM OF PROJECTED GRADIENT <= PGTOL
1564,C5,True,CONVERGENCE: NORM OF PROJECTED GRADIENT <= PGTOL
1565,C1,True,CONVERGENCE: NORM OF PROJECTED GRADIENT <= PGTOL
1565,C2,True,CONVERGENCE: NORM OF PROJECTED GRADIENT <= PGTOL
1565,C3,True,CONVERGENCE: NORM OF PROJECTED GRADIENT <= PGTOL
1565,C4,True,CONVERGENCE: NORM OF PROJECTED GRADIENT <= PGTOL
1565,C5,True,CONVERGENCE: NORM OF PROJECTED GRADIENT <= PGTOL
1566,C1,True,CONVERGENCE: NORM OF PROJECTED GRADIENT <= PGTOL
1566,C2,True,CONVERGENCE: NORM OF PROJECTED GRADIENT <= PGTOL
1566,C3,True,CONVERGENCE: NORM OF PROJECTED GRADIENT <= PGTOL
1566,C4,True,CONVERGENCE: NORM OF PROJECTED GRADIENT <= PGTOL
1566,C5,True,CONVERGENCE: NORM OF PROJECTED GRADIENT <= PGTOL
1567,C1,True,CONVERGENCE: NORM OF PROJECTED GRADIENT <= PGTOL
1567,C2,True,CONVERGENCE: NORM OF PROJECTED GRADIENT <= PGTOL
1567,C3,True,CONVERGENCE: NORM OF PROJECTED GRADIENT <= PGTOL
1567,C4,True,CONVERGENCE: NORM OF PROJECTED GRADIENT <= PGTOL
1567,C5,True,CONVERGENCE: NORM OF PROJECTED GRADIENT <= PGTOL
1568,C1,True,CONVERGENCE: NORM OF PROJECTED GRADIENT <= PGTOL
1568,C2,True,CONVERGENCE: NORM OF PROJECTED GRADIENT <= PGTOL
1568,C3,True,CONVERGENCE: NORM OF PROJECTED GRADIENT <= PGTOL
1568,C4,True,CONVERGENCE: NORM OF PROJECTED GRADIENT <= PGTOL
1568,C5,True,CONVERGENCE: NORM OF PROJECTED GRADIENT <= PGTOL
1569,C1,True,CONVERGENCE: NORM OF PROJECTED GRADIENT <= PGTOL
1569,C2,True,CONVERGENCE: NORM OF PROJECTED GRADIENT <= PGTOL
1569,C3,True,CONVERGENCE: NORM OF PROJECTED GRADIENT <= PGTOL
1569,C4,True,CONVERGENCE: NORM OF PROJECTED GRADIENT <= PGTOL
1569,C5,True,CONVERGENCE: NORM OF PROJECTED GRADIENT <= PGTOL
1570,C1,True,CONVERGENCE: NORM OF PROJECTED GRADIENT <= PGTOL
1570,C2,True,CONVERGENCE: NORM OF PROJECTED GRADIENT <= PGTOL
1570,C3,True,CONVERGENCE: NORM OF PROJECTED GRADIENT <= PGTOL
1570,C4,True,CONVERGENCE: NORM OF PROJECTED GRADIENT <= PGTOL
1570,C5,True,CONVERGENCE: NORM OF PROJECTED GRADIENT <= PGTOL
1571,C1,True,CONVERGENCE: NORM OF PROJECTED GRADIENT <= PGTOL
1571,C2,True,CONVERGENCE: NORM OF PROJECTED GRADIENT <= PGTOL
1571,C3,True,CONVERGENCE: NORM OF PROJECTED GRADIENT <= PGTOL
1571,C4,True,CONVERGENCE: NORM OF PROJECTED GRADIENT <= PGTOL
1571,C5,True,CONVERGENCE: NORM OF PROJECTED GRADIENT <= PGTOL
1572,C1,True,CONVERGENCE: NORM OF PROJECTED GRADIENT <= PGTOL
1572,C2,True,CONVERGENCE: NORM OF PROJECTED GRADIENT <= PGTOL
1572,C3,True,CONVERGENCE: NORM OF PROJECTED GRADIENT <= PGTOL
1572,C4,True,CONVERGENCE: NORM OF PROJECTED GRADIENT <= PGTOL
1572,C5,True,CONVERGENCE: NORM OF PROJECTED GRADIENT <= PGTOL
1573,C1,True,CONVERGENCE: NORM OF PROJECTED GRADIENT <= PGTOL
1573,C2,True,CONVERGENCE: NORM OF PROJECTED GRADIENT <= PGTOL
1573,C3,True,CONVERGENCE: NORM OF PROJECTED GRADIENT <= PGTOL
1573,C4,True,CONVERGENCE: NORM OF PROJECTED GRADIENT <= PGTOL
1573,C5,True,CONVERGENCE: NORM OF PROJECTED GRADIENT <= PGTOL
1574,C1,True,CONVERGENCE: NORM OF PROJECTED GRADIENT <= PGTOL
1574,C2,True,CONVERGENCE: NORM OF PROJECTED GRADIENT <= PGTOL
1574,C3,True,CONVERGENCE: NORM OF PROJECTED GRADIENT <= PGTOL
1574,C4,True,CONVERGENCE: NORM OF PROJECTED GRADIENT <= PGTOL
1574,C5,True,CONVERGENCE: NORM OF PROJECTED GRADIENT <= PGTOL
1575,C1,True,CONVERGENCE: NORM OF PROJECTED GRADIENT <= PGTOL
1575,C2,True,CONVERGENCE: NORM OF PROJECTED GRADIENT <= PGTOL
1575,C3,True,CONVERGENCE: NORM OF PROJECTED GRADIENT <= PGTOL
1575,C4,True,CONVERGENCE: NORM OF PROJECTED GRADIENT <= PGTOL
1575,C5,True,CONVERGENCE: NORM OF PROJECTED GRADIENT <= PGTOL
1576,C1,True,CONVERGENCE: NORM OF PROJECTED GRADIENT <= PGTOL
1576,C2,True,CONVERGENCE: NORM OF PROJECTED GRADIENT <= PGTOL
1576,C3,True,CONVERGENCE: NORM OF PROJECTED GRADIENT <= PGTOL
1576,C4,True,CONVERGENCE: NORM OF PROJECTED GRADIENT <= PGTOL
1576,C5,True,CONVERGENCE: NORM OF PROJECTED GRADIENT <= PGTOL
1577,C1,True,CONVERGENCE: NORM OF PROJECTED GRADIENT <= PGTOL
1577,C2,True,CONVERGENCE: NORM OF PROJECTED GRADIENT <= PGTOL
1577,C3,True,CONVERGENCE: NORM OF PROJECTED GRADIENT <= PGTOL
1577,C4,True,CONVERGENCE: NORM OF PROJECTED GRADIENT <= PGTOL
1577,C5,True,CONVERGENCE: NORM OF PROJECTED GRADIENT <= PGTOL
1578,C1,True,CONVERGENCE: NORM OF PROJECTED GRADIENT <= PGTOL
1578,C2,True,CONVERGENCE: NORM OF PROJECTED GRADIENT <= PGTOL
1578,C3,True,CONVERGENCE: NORM OF PROJECTED GRADIENT <= PGTOL
1578,C4,True,CONVERGENCE: NORM OF PROJECTED GRADIENT <= PGTOL
1578,C5,True,CONVERGENCE: NORM OF PROJECTED GRADIENT <= PGTOL
1579,C1,True,CONVERGENCE: NORM OF PROJECTED GRADIENT <= PGTOL
1579,C2,True,CONVERGENCE: NORM OF PROJECTED GRADIENT <= PGTOL
1579,C3,True,CONVERGENCE: NORM OF PROJECTED GRADIENT <= PGTOL
1579,C4,True,CONVERGENCE: NORM OF PROJECTED GRADIENT <= PGTOL
1579,C5,True,CONVERGENCE: NORM OF PROJECTED GRADIENT <= PGTOL
1580,C1,True,CONVERGENCE: NORM OF PROJECTED GRADIENT <= PGTOL
1580,C2,True,CONVERGENCE: NORM OF PROJECTED GRADIENT <= PGTOL
1580,C3,True,CONVERGENCE: NORM OF PROJECTED GRADIENT <= PGTOL
1580,C4,True,CONVERGENCE: NORM OF PROJECTED GRADIENT <= PGTOL
1580,C5,True,CONVERGENCE: NORM OF PROJECTED GRADIENT <= PGTOL
1581,C1,True,CONVERGENCE: NORM OF PROJECTED GRADIENT <= PGTOL
1581,C2,True,CONVERGENCE: NORM OF PROJECTED GRADIENT <= PGTOL
1581,C3,True,CONVERGENCE: NORM OF PROJECTED GRADIENT <= PGTOL
1581,C4,True,CONVERGENCE: NORM OF PROJECTED GRADIENT <= PGTOL
1581,C5,True,CONVERGENCE: NORM OF PROJECTED GRADIENT <= PGTOL
1582,C1,True,CONVERGENCE: NORM OF PROJECTED GRADIENT <= PGTOL
1582,C2,True,CONVERGENCE: NORM OF PROJECTED GRADIENT <= PGTOL
1582,C3,True,CONVERGENCE: NORM OF PROJECTED GRADIENT <= PGTOL
1582,C4,True,CONVERGENCE: NORM OF PROJECTED GRADIENT <= PGTOL
1582,C5,True,CONVERGENCE: NORM OF PROJECTED GRADIENT <= PGTOL
1583,C1,True,CONVERGENCE: NORM OF PROJECTED GRADIENT <= PGTOL
1583,C2,True,CONVERGENCE: NORM OF PROJECTED GRADIENT <= PGTOL
1583,C3,True,CONVERGENCE: NORM OF PROJECTED GRADIENT <= PGTOL
1583,C4,True,CONVERGENCE: NORM OF PROJECTED GRADIENT <= PGTOL
1583,C5,True,CONVERGENCE: NORM OF PROJECTED GRADIENT <= PGTOL
1584,C1,True,CONVERGENCE: NORM OF PROJECTED GRADIENT <= PGTOL
1584,C2,True,CONVERGENCE: NORM OF PROJECTED GRADIENT <= PGTOL
1584,C3,True,CONVERGENCE: NORM OF PROJECTED GRADIENT <= PGTOL
1584,C4,True,CONVERGENCE: NORM OF PROJECTED GRADIENT <= PGTOL
1584,C5,True,CONVERGENCE: NORM OF PROJECTED GRADIENT <= PGTOL
1585,C1,True,CONVERGENCE: NORM OF PROJECTED GRADIENT <= PGTOL
1585,C2,True,CONVERGENCE: NORM OF PROJECTED GRADIENT <= PGTOL
1585,C3,True,CONVERGENCE: NORM OF PROJECTED GRADIENT <= PGTOL
1585,C4,True,CONVERGENCE: NORM OF PROJECTED GRADIENT <= PGTOL
1585,C5,True,CONVERGENCE: NORM OF PROJECTED GRADIENT <= PGTOL
1586,C1,True,CONVERGENCE: NORM OF PROJECTED GRADIENT <= PGTOL
1586,C2,True,CONVERGENCE: NORM OF PROJECTED GRADIENT <= PGTOL
1586,C3,True,CONVERGENCE: NORM OF PROJECTED GRADIENT <= PGTOL
1586,C4,True,CONVERGENCE: NORM OF PROJECTED GRADIENT <= PGTOL
1586,C5,True,CONVERGENCE: NORM OF PROJECTED GRADIENT <= PGTOL
1587,C1,True,CONVERGENCE: NORM OF PROJECTED GRADIENT <= PGTOL
1587,C2,True,CONVERGENCE: NORM OF PROJECTED GRADIENT <= PGTOL
1587,C3,True,CONVERGENCE: NORM OF PROJECTED GRADIENT <= PGTOL
1587,C4,True,CONVERGENCE: NORM OF PROJECTED GRADIENT <= PGTOL
1587,C5,True,CONVERGENCE: NORM OF PROJECTED GRADIENT <= PGTOL
1588,C1,True,CONVERGENCE: NORM OF PROJECTED GRADIENT <= PGTOL
1588,C2,True,CONVERGENCE: NORM OF PROJECTED GRADIENT <= PGTOL
1588,C3,True,CONVERGENCE: NORM OF PROJECTED GRADIENT <= PGTOL
1588,C4,True,CONVERGENCE: NORM OF PROJECTED GRADIENT <= PGTOL
1588,C5,True,CONVERGENCE: NORM OF PROJECTED GRADIENT <= PGTOL
1589,C1,True,CONVERGENCE: NORM OF PROJECTED GRADIENT <= PGTOL
1589,C2,True,CONVERGENCE: NORM OF PROJECTED GRADIENT <= PGTOL
1589,C3,True,CONVERGENCE: NORM OF PROJECTED GRADIENT <= PGTOL
1589,C4,True,CONVERGENCE: NORM OF PROJECTED GRADIENT <= PGTOL
1589,C5,True,CONVERGENCE: NORM OF PROJECTED GRADIENT <= PGTOL
1590,C1,True,CONVERGENCE: NORM OF PROJECTED GRADIENT <= PGTOL
1590,C2,True,CONVERGENCE: NORM OF PROJECTED GRADIENT <= PGTOL
1590,C3,True,CONVERGENCE: NORM OF PROJECTED GRADIENT <= PGTOL
1590,C4,True,CONVERGENCE: NORM OF PROJECTED GRADIENT <= PGTOL
1590,C5,True,CONVERGENCE: NORM OF PROJECTED GRADIENT <= PGTOL
1591,C1,True,CONVERGENCE: NORM OF PROJECTED GRADIENT <= PGTOL
1591,C2,True,CONVERGENCE: NORM OF PROJECTED GRADIENT <= PGTOL
1591,C3,True,CONVERGENCE: NORM OF PROJECTED GRADIENT <= PGTOL
1591,C4,True,CONVERGENCE: NORM OF PROJECTED GRADIENT <= PGTOL
1591,C5,True,CONVERGENCE: NORM OF PROJECTED GRADIENT <= PGTOL
1592,C1,True,CONVERGENCE: NORM OF PROJECTED GRADIENT <= PGTOL
1592,C2,True,CONVERGENCE: NORM OF PROJECTED GRADIENT <= PGTOL
1592,C3,True,CONVERGENCE: NORM OF PROJECTED GRADIENT <= PGTOL
1592,C4,True,CONVERGENCE: NORM OF PROJECTED GRADIENT <= PGTOL
1592,C5,True,CONVERGENCE: NORM OF PROJECTED GRADIENT <= PGTOL
1593,C1,True,CONVERGENCE: NORM OF PROJECTED GRADIENT <= PGTOL
1593,C2,True,CONVERGENCE: NORM OF PROJECTED GRADIENT <= PGTOL
1593,C3,True,CONVERGENCE: NORM OF PROJECTED GRADIENT <= PGTOL
1593,C4,True,CONVERGENCE: NORM OF PROJECTED GRADIENT <= PGTOL
1593,C5,True,CONVERGENCE: NORM OF PROJECTED GRADIENT <= PGTOL
1594,C1,True,CONVERGENCE: NORM OF PROJECTED GRADIENT <= PGTOL
1594,C2,True,CONVERGENCE: NORM OF PROJECTED GRADIENT <= PGTOL
1594,C3,True,CONVERGENCE: NORM OF PROJECTED GRADIENT <= PGTOL
1594,C4,True,CONVERGENCE: NORM OF PROJECTED GRADIENT <= PGTOL
1594,C5,True,CONVERGENCE: NORM OF PROJECTED GRADIENT <= PGTOL
1595,C1,True,CONVERGENCE: NORM OF PROJECTED GRADIENT <= PGTOL
1595,C2,True,CONVERGENCE: NORM OF PROJECTED GRADIENT <= PGTOL
1595,C3,True,CONVERGENCE: NORM OF PROJECTED GRADIENT <= PGTOL
1595,C4,True,CONVERGENCE: NORM OF PROJECTED GRADIENT <= PGTOL
1595,C5,True,CONVERGENCE: NORM OF PROJECTED GRADIENT <= PGTOL
1596,C1,True,CONVERGENCE: NORM OF PROJECTED GRADIENT <= PGTOL
1596,C2,True,CONVERGENCE: NORM OF PROJECTED GRADIENT <= PGTOL
1596,C3,True,CONVERGENCE: NORM OF PROJECTED GRADIENT <= PGTOL
1596,C4,True,CONVERGENCE: NORM OF PROJECTED GRADIENT <= PGTOL
1596,C5,True,CONVERGENCE: NORM OF PROJECTED GRADIENT <= PGTOL
1597,C1,True,CONVERGENCE: NORM OF PROJECTED GRADIENT <= PGTOL
1597,C2,True,CONVERGENCE: NORM OF PROJECTED GRADIENT <= PGTOL
1597,C3,True,CONVERGENCE: NORM OF PROJECTED GRADIENT <= PGTOL
1597,C4,True,CONVERGENCE: NORM OF PROJECTED GRADIENT <= PGTOL
1597,C5,True,CONVERGENCE: NORM OF PROJECTED GRADIENT <= PGTOL
1598,C1,True,CONVERGENCE: NORM OF PROJECTED GRADIENT <= PGTOL
1598,C2,True,CONVERGENCE: NORM OF PROJECTED GRADIENT <= PGTOL
1598,C3,True,CONVERGENCE: NORM OF PROJECTED GRADIENT <= PGTOL
1598,C4,True,CONVERGENCE: NORM OF PROJECTED GRADIENT <= PGTOL
1598,C5,True,CONVERGENCE: NORM OF PROJECTED GRADIENT <= PGTOL
1599,C1,True,CONVERGENCE: NORM OF PROJECTED GRADIENT <= PGTOL
1599,C2,True,CONVERGENCE: NORM OF PROJECTED GRADIENT <= PGTOL
1599,C3,True,CONVERGENCE: NORM OF PROJECTED GRADIENT <= PGTOL
1599,C4,True,CONVERGENCE: NORM OF PROJECTED GRADIENT <= PGTOL
1599,C5,True,CONVERGENCE: NORM OF PROJECTED GRADIENT <= PGTOL
1600,C1,True,CONVERGENCE: NORM OF PROJECTED GRADIENT <= PGTOL
1600,C2,True,CONVERGENCE: NORM OF PROJECTED GRADIENT <= PGTOL
1600,C3,True,CONVERGENCE: NORM OF PROJECTED GRADIENT <= PGTOL
1600,C4,True,CONVERGENCE: NORM OF PROJECTED GRADIENT <= PGTOL
1600,C5,True,CONVERGENCE: NORM OF PROJECTED GRADIENT <= PGTOL
1601,C1,True,CONVERGENCE: NORM OF PROJECTED GRADIENT <= PGTOL
1601,C2,True,CONVERGENCE: NORM OF PROJECTED GRADIENT <= PGTOL
1601,C3,True,CONVERGENCE: NORM OF PROJECTED GRADIENT <= PGTOL
1601,C4,True,CONVERGENCE: NORM OF PROJECTED GRADIENT <= PGTOL
1601,C5,True,CONVERGENCE: NORM OF PROJECTED GRADIENT <= PGTOL
1602,C1,True,CONVERGENCE: NORM OF PROJECTED GRADIENT <= PGTOL
1602,C2,True,CONVERGENCE: NORM OF PROJECTED GRADIENT <= PGTOL
1602,C3,True,CONVERGENCE: NORM OF PROJECTED GRADIENT <= PGTOL
1602,C4,True,CONVERGENCE: NORM OF PROJECTED GRADIENT <= PGTOL
1602,C5,True,CONVERGENCE: NORM OF PROJECTED GRADIENT <= PGTOL
1603,C1,True,CONVERGENCE: NORM OF PROJECTED GRADIENT <= PGTOL
1603,C2,True,CONVERGENCE: NORM OF PROJECTED GRADIENT <= PGTOL
1603,C3,True,CONVERGENCE: NORM OF PROJECTED GRADIENT <= PGTOL
1603,C4,True,CONVERGENCE: NORM OF PROJECTED GRADIENT <= PGTOL
1603,C5,True,CONVERGENCE: NORM OF PROJECTED GRADIENT <= PGTOL
1604,C1,True,CONVERGENCE: NORM OF PROJECTED GRADIENT <= PGTOL
1604,C2,True,CONVERGENCE: NORM OF PROJECTED GRADIENT <= PGTOL
1604,C3,True,CONVERGENCE: NORM OF PROJECTED GRADIENT <= PGTOL
1604,C4,True,CONVERGENCE: NORM OF PROJECTED GRADIENT <= PGTOL
1604,C5,True,CONVERGENCE: NORM OF PROJECTED GRADIENT <= PGTOL
1605,C1,True,CONVERGENCE: NORM OF PROJECTED GRADIENT <= PGTOL
1605,C2,True,CONVERGENCE: NORM OF PROJECTED GRADIENT <= PGTOL
1605,C3,True,CONVERGENCE: NORM OF PROJECTED GRADIENT <= PGTOL
1605,C4,True,CONVERGENCE: NORM OF PROJECTED GRADIENT <= PGTOL
1605,C5,True,CONVERGENCE: NORM OF PROJECTED GRADIENT <= PGTOL
1606,C1,True,CONVERGENCE: NORM OF PROJECTED GRADIENT <= PGTOL
1606,C2,True,CONVERGENCE: NORM OF PROJECTED GRADIENT <= PGTOL
1606,C3,True,CONVERGENCE: NORM OF PROJECTED GRADIENT <= PGTOL
1606,C4,True,CONVERGENCE: NORM OF PROJECTED GRADIENT <= PGTOL
1606,C5,True,CONVERGENCE: NORM OF PROJECTED GRADIENT <= PGTOL
1607,C1,True,CONVERGENCE: NORM OF PROJECTED GRADIENT <= PGTOL
1607,C2,True,CONVERGENCE: NORM OF PROJECTED GRADIENT <= PGTOL
1607,C3,True,CONVERGENCE: NORM OF PROJECTED GRADIENT <= PGTOL
1607,C4,True,CONVERGENCE: NORM OF PROJECTED GRADIENT <= PGTOL
1607,C5,True,CONVERGENCE: NORM OF PROJECTED GRADIENT <= PGTOL
1608,C1,True,CONVERGENCE: NORM OF PROJECTED GRADIENT <= PGTOL
1608,C2,True,CONVERGENCE: NORM OF PROJECTED GRADIENT <= PGTOL
1608,C3,True,CONVERGENCE: NORM OF PROJECTED GRADIENT <= PGTOL
1608,C4,True,CONVERGENCE: NORM OF PROJECTED GRADIENT <= PGTOL
1608,C5,True,CONVERGENCE: NORM OF PROJECTED GRADIENT <= PGTOL
1609,C1,True,CONVERGENCE: NORM OF PROJECTED GRADIENT <= PGTOL
1609,C2,True,CONVERGENCE: NORM OF PROJECTED GRADIENT <= PGTOL
1609,C3,True,CONVERGENCE: NORM OF PROJECTED GRADIENT <= PGTOL
1609,C4,True,CONVERGENCE: NORM OF PROJECTED GRADIENT <= PGTOL
1609,C5,True,CONVERGENCE: NORM OF PROJECTED GRADIENT <= PGTOL
1610,C1,True,CONVERGENCE: NORM OF PROJECTED GRADIENT <= PGTOL
1610,C2,True,CONVERGENCE: NORM OF PROJECTED GRADIENT <= PGTOL
1610,C3,True,CONVERGENCE: NORM OF PROJECTED GRADIENT <= PGTOL
1610,C4,True,CONVERGENCE: NORM OF PROJECTED GRADIENT <= PGTOL
1610,C5,True,CONVERGENCE: NORM OF PROJECTED GRADIENT <= PGTOL
1611,C1,True,CONVERGENCE: NORM OF PROJECTED GRADIENT <= PGTOL
1611,C2,True,CONVERGENCE: NORM OF PROJECTED GRADIENT <= PGTOL
1611,C3,True,CONVERGENCE: NORM OF PROJECTED GRADIENT <= PGTOL
1611,C4,True,CONVERGENCE: NORM OF PROJECTED GRADIENT <= PGTOL
1611,C5,True,CONVERGENCE: NORM OF PROJECTED GRADIENT <= PGTOL
1612,C1,True,CONVERGENCE: NORM OF PROJECTED GRADIENT <= PGTOL
1612,C2,True,CONVERGENCE: NORM OF PROJECTED GRADIENT <= PGTOL
1612,C3,True,CONVERGENCE: NORM OF PROJECTED GRADIENT <= PGTOL
1612,C4,True,CONVERGENCE: NORM OF PROJECTED GRADIENT <= PGTOL
1612,C5,True,CONVERGENCE: NORM OF PROJECTED GRADIENT <= PGTOL
1613,C1,True,CONVERGENCE: NORM OF PROJECTED GRADIENT <= PGTOL
1613,C2,True,CONVERGENCE: NORM OF PROJECTED GRADIENT <= PGTOL
1613,C3,True,CONVERGENCE: NORM OF PROJECTED GRADIENT <= PGTOL
1613,C4,True,CONVERGENCE: NORM OF PROJECTED GRADIENT <= PGTOL
1613,C5,True,CONVERGENCE: NORM OF PROJECTED GRADIENT <= PGTOL
1614,C1,True,CONVERGENCE: NORM OF PROJECTED GRADIENT <= PGTOL
1614,C2,True,CONVERGENCE: NORM OF PROJECTED GRADIENT <= PGTOL
1614,C3,True,CONVERGENCE: NORM OF PROJECTED GRADIENT <= PGTOL
1614,C4,True,CONVERGENCE: NORM OF PROJECTED GRADIENT <= PGTOL
1614,C5,True,CONVERGENCE: NORM OF PROJECTED GRADIENT <= PGTOL
1615,C1,True,CONVERGENCE: NORM OF PROJECTED GRADIENT <= PGTOL
1615,C2,True,CONVERGENCE: NORM OF PROJECTED GRADIENT <= PGTOL
1615,C3,True,CONVERGENCE: NORM OF PROJECTED GRADIENT <= PGTOL
1615,C4,True,CONVERGENCE: NORM OF PROJECTED GRADIENT <= PGTOL
1615,C5,True,CONVERGENCE: NORM OF PROJECTED GRADIENT <= PGTOL
1616,C1,True,CONVERGENCE: NORM OF PROJECTED GRADIENT <= PGTOL
1616,C2,True,CONVERGENCE: NORM OF PROJECTED GRADIENT <= PGTOL
1616,C3,True,CONVERGENCE: NORM OF PROJECTED GRADIENT <= PGTOL
1616,C4,True,CONVERGENCE: NORM OF PROJECTED GRADIENT <= PGTOL
1616,C5,True,CONVERGENCE: NORM OF PROJECTED GRADIENT <= PGTOL
1617,C1,True,CONVERGENCE: NORM OF PROJECTED GRADIENT <= PGTOL
1617,C2,True,CONVERGENCE: NORM OF PROJECTED GRADIENT <= PGTOL
1617,C3,True,CONVERGENCE: NORM OF PROJECTED GRADIENT <= PGTOL
1617,C4,True,CONVERGENCE: NORM OF PROJECTED GRADIENT <= PGTOL
1617,C5,True,CONVERGENCE: NORM OF PROJECTED GRADIENT <= PGTOL
1618,C1,True,CONVERGENCE: NORM OF PROJECTED GRADIENT <= PGTOL
1618,C2,True,CONVERGENCE: NORM OF PROJECTED GRADIENT <= PGTOL
1618,C3,True,CONVERGENCE: NORM OF PROJECTED GRADIENT <= PGTOL
1618,C4,True,CONVERGENCE: NORM OF PROJECTED GRADIENT <= PGTOL
1618,C5,True,CONVERGENCE: NORM OF PROJECTED GRADIENT <= PGTOL
1619,C1,True,CONVERGENCE: NORM OF PROJECTED GRADIENT <= PGTOL
1619,C2,True,CONVERGENCE: NORM OF PROJECTED GRADIENT <= PGTOL
1619,C3,True,CONVERGENCE: NORM OF PROJECTED GRADIENT <= PGTOL
1619,C4,True,CONVERGENCE: NORM OF PROJECTED GRADIENT <= PGTOL
1619,C5,True,CONVERGENCE: NORM OF PROJECTED GRADIENT <= PGTOL
1620,C1,True,CONVERGENCE: NORM OF PROJECTED GRADIENT <= PGTOL
1620,C2,True,CONVERGENCE: NORM OF PROJECTED GRADIENT <= PGTOL
1620,C3,True,CONVERGENCE: NORM OF PROJECTED GRADIENT <= PGTOL
1620,C4,True,CONVERGENCE: NORM OF PROJECTED GRADIENT <= PGTOL
1620,C5,True,CONVERGENCE: NORM OF PROJECTED GRADIENT <= PGTOL
1621,C1,True,CONVERGENCE: NORM OF PROJECTED GRADIENT <= PGTOL
1621,C2,True,CONVERGENCE: NORM OF PROJECTED GRADIENT <= PGTOL
1621,C3,True,CONVERGENCE: NORM OF PROJECTED GRADIENT <= PGTOL
1621,C4,True,CONVERGENCE: NORM OF PROJECTED GRADIENT <= PGTOL
1621,C5,True,CONVERGENCE: NORM OF PROJECTED GRADIENT <= PGTOL
1622,C1,True,CONVERGENCE: NORM OF PROJECTED GRADIENT <= PGTOL
1622,C2,True,CONVERGENCE: NORM OF PROJECTED GRADIENT <= PGTOL
1622,C3,True,CONVERGENCE: NORM OF PROJECTED GRADIENT <= PGTOL
1622,C4,True,CONVERGENCE: NORM OF PROJECTED GRADIENT <= PGTOL
1622,C5,True,CONVERGENCE: NORM OF PROJECTED GRADIENT <= PGTOL
1623,C1,True,CONVERGENCE: NORM OF PROJECTED GRADIENT <= PGTOL
1623,C2,True,CONVERGENCE: NORM OF PROJECTED GRADIENT <= PGTOL
1623,C3,True,CONVERGENCE: NORM OF PROJECTED GRADIENT <= PGTOL
1623,C4,True,CONVERGENCE: NORM OF PROJECTED GRADIENT <= PGTOL
1623,C5,True,CONVERGENCE: NORM OF PROJECTED GRADIENT <= PGTOL
1624,C1,True,CONVERGENCE: NORM OF PROJECTED GRADIENT <= PGTOL
1624,C2,True,CONVERGENCE: NORM OF PROJECTED GRADIENT <= PGTOL
1624,C3,True,CONVERGENCE: NORM OF PROJECTED GRADIENT <= PGTOL
1624,C4,True,CONVERGENCE: NORM OF PROJECTED GRADIENT <= PGTOL
1624,C5,True,CONVERGENCE: NORM OF PROJECTED GRADIENT <= PGTOL
1625,C1,True,CONVERGENCE: NORM OF PROJECTED GRADIENT <= PGTOL
1625,C2,True,CONVERGENCE: NORM OF PROJECTED GRADIENT <= PGTOL
1625,C3,True,CONVERGENCE: NORM OF PROJECTED GRADIENT <= PGTOL
1625,C4,True,CONVERGENCE: NORM OF PROJECTED GRADIENT <= PGTOL
1625,C5,True,CONVERGENCE: NORM OF PROJECTED GRADIENT <= PGTOL
1626,C1,True,CONVERGENCE: NORM OF PROJECTED GRADIENT <= PGTOL
1626,C2,True,CONVERGENCE: NORM OF PROJECTED GRADIENT <= PGTOL
1626,C3,True,CONVERGENCE: NORM OF PROJECTED GRADIENT <= PGTOL
1626,C4,True,CONVERGENCE: NORM OF PROJECTED GRADIENT <= PGTOL
1626,C5,True,CONVERGENCE: NORM OF PROJECTED GRADIENT <= PGTOL
1627,C1,True,CONVERGENCE: NORM OF PROJECTED GRADIENT <= PGTOL
1627,C2,True,CONVERGENCE: NORM OF PROJECTED GRADIENT <= PGTOL
1627,C3,True,CONVERGENCE: NORM OF PROJECTED GRADIENT <= PGTOL
1627,C4,True,CONVERGENCE: NORM OF PROJECTED GRADIENT <= PGTOL
1627,C5,True,CONVERGENCE: NORM OF PROJECTED GRADIENT <= PGTOL
1628,C1,True,CONVERGENCE: NORM OF PROJECTED GRADIENT <= PGTOL
1628,C2,True,CONVERGENCE: NORM OF PROJECTED GRADIENT <= PGTOL
1628,C3,True,CONVERGENCE: NORM OF PROJECTED GRADIENT <= PGTOL
1628,C4,True,CONVERGENCE: NORM OF PROJECTED GRADIENT <= PGTOL
1628,C5,True,CONVERGENCE: NORM OF PROJECTED GRADIENT <= PGTOL
1629,C1,True,CONVERGENCE: NORM OF PROJECTED GRADIENT <= PGTOL
1629,C2,True,CONVERGENCE: NORM OF PROJECTED GRADIENT <= PGTOL
1629,C3,True,CONVERGENCE: NORM OF PROJECTED GRADIENT <= PGTOL
1629,C4,True,CONVERGENCE: NORM OF PROJECTED GRADIENT <= PGTOL
1629,C5,True,CONVERGENCE: NORM OF PROJECTED GRADIENT <= PGTOL
1630,C1,True,CONVERGENCE: NORM OF PROJECTED GRADIENT <= PGTOL
1630,C2,True,CONVERGENCE: NORM OF PROJECTED GRADIENT <= PGTOL
1630,C3,True,CONVERGENCE: NORM OF PROJECTED GRADIENT <= PGTOL
1630,C4,True,CONVERGENCE: NORM OF PROJECTED GRADIENT <= PGTOL
1630,C5,True,CONVERGENCE: NORM OF PROJECTED GRADIENT <= PGTOL
1631,C1,True,CONVERGENCE: NORM OF PROJECTED GRADIENT <= PGTOL
1631,C2,True,CONVERGENCE: NORM OF PROJECTED GRADIENT <= PGTOL
1631,C3,True,CONVERGENCE: NORM OF PROJECTED GRADIENT <= PGTOL
1631,C4,True,CONVERGENCE: NORM OF PROJECTED GRADIENT <= PGTOL
1631,C5,True,CONVERGENCE: NORM OF PROJECTED GRADIENT <= PGTOL
1632,C1,True,CONVERGENCE: NORM OF PROJECTED GRADIENT <= PGTOL
1632,C2,True,CONVERGENCE: NORM OF PROJECTED GRADIENT <= PGTOL
1632,C3,True,CONVERGENCE: NORM OF PROJECTED GRADIENT <= PGTOL
1632,C4,True,CONVERGENCE: NORM OF PROJECTED GRADIENT <= PGTOL
1632,C5,True,CONVERGENCE: NORM OF PROJECTED GRADIENT <= PGTOL
1633,C1,True,CONVERGENCE: NORM OF PROJECTED GRADIENT <= PGTOL
1633,C2,True,CONVERGENCE: NORM OF PROJECTED GRADIENT <= PGTOL
1633,C3,True,CONVERGENCE: NORM OF PROJECTED GRADIENT <= PGTOL
1633,C4,True,CONVERGENCE: NORM OF PROJECTED GRADIENT <= PGTOL
1633,C5,True,CONVERGENCE: NORM OF PROJECTED GRADIENT <= PGTOL
1634,C1,True,CONVERGENCE: NORM OF PROJECTED GRADIENT <= PGTOL
1634,C2,True,CONVERGENCE: NORM OF PROJECTED GRADIENT <= PGTOL
1634,C3,True,CONVERGENCE: NORM OF PROJECTED GRADIENT <= PGTOL
1634,C4,True,CONVERGENCE: NORM OF PROJECTED GRADIENT <= PGTOL
1634,C5,True,CONVERGENCE: NORM OF PROJECTED GRADIENT <= PGTOL
1635,C1,True,CONVERGENCE: NORM OF PROJECTED GRADIENT <= PGTOL
1635,C2,True,CONVERGENCE: NORM OF PROJECTED GRADIENT <= PGTOL
1635,C3,True,CONVERGENCE: NORM OF PROJECTED GRADIENT <= PGTOL
1635,C4,True,CONVERGENCE: NORM OF PROJECTED GRADIENT <= PGTOL
1635,C5,True,CONVERGENCE: NORM OF PROJECTED GRADIENT <= PGTOL
1636,C1,True,CONVERGENCE: NORM OF PROJECTED GRADIENT <= PGTOL
1636,C2,True,CONVERGENCE: NORM OF PROJECTED GRADIENT <= PGTOL
1636,C3,True,CONVERGENCE: NORM OF PROJECTED GRADIENT <= PGTOL
1636,C4,True,CONVERGENCE: NORM OF PROJECTED GRADIENT <= PGTOL
1636,C5,True,CONVERGENCE: NORM OF PROJECTED GRADIENT <= PGTOL
1637,C1,True,CONVERGENCE: NORM OF PROJECTED GRADIENT <= PGTOL
1637,C2,True,CONVERGENCE: NORM OF PROJECTED GRADIENT <= PGTOL
1637,C3,True,CONVERGENCE: NORM OF PROJECTED GRADIENT <= PGTOL
1637,C4,True,CONVERGENCE: NORM OF PROJECTED GRADIENT <= PGTOL
1637,C5,True,CONVERGENCE: NORM OF PROJECTED GRADIENT <= PGTOL
1638,C1,True,CONVERGENCE: NORM OF PROJECTED GRADIENT <= PGTOL
1638,C2,True,CONVERGENCE: NORM OF PROJECTED GRADIENT <= PGTOL
1638,C3,True,CONVERGENCE: NORM OF PROJECTED GRADIENT <= PGTOL
1638,C4,True,CONVERGENCE: NORM OF PROJECTED GRADIENT <= PGTOL
1638,C5,True,CONVERGENCE: NORM OF PROJECTED GRADIENT <= PGTOL
1639,C1,True,CONVERGENCE: NORM OF PROJECTED GRADIENT <= PGTOL
1639,C2,True,CONVERGENCE: NORM OF PROJECTED GRADIENT <= PGTOL
1639,C3,True,CONVERGENCE: NORM OF PROJECTED GRADIENT <= PGTOL
1639,C4,True,CONVERGENCE: NORM OF PROJECTED GRADIENT <= PGTOL
1639,C5,True,CONVERGENCE: NORM OF PROJECTED GRADIENT <= PGTOL
1640,C1,True,CONVERGENCE: NORM OF PROJECTED GRADIENT <= PGTOL
1640,C2,True,CONVERGENCE: NORM OF PROJECTED GRADIENT <= PGTOL
1640,C3,True,CONVERGENCE: NORM OF PROJECTED GRADIENT <= PGTOL
1640,C4,True,CONVERGENCE: NORM OF PROJECTED GRADIENT <= PGTOL
1640,C5,True,CONVERGENCE: NORM OF PROJECTED GRADIENT <= PGTOL
1641,C1,True,CONVERGENCE: NORM OF PROJECTED GRADIENT <= PGTOL
1641,C2,True,CONVERGENCE: NORM OF PROJECTED GRADIENT <= PGTOL
1641,C3,True,CONVERGENCE: NORM OF PROJECTED GRADIENT <= PGTOL
1641,C4,True,CONVERGENCE: NORM OF PROJECTED GRADIENT <= PGTOL
1641,C5,True,CONVERGENCE: NORM OF PROJECTED GRADIENT <= PGTOL
1642,C1,True,CONVERGENCE: NORM OF PROJECTED GRADIENT <= PGTOL
1642,C2,True,CONVERGENCE: NORM OF PROJECTED GRADIENT <= PGTOL
1642,C3,True,CONVERGENCE: NORM OF PROJECTED GRADIENT <= PGTOL
1642,C4,True,CONVERGENCE: NORM OF PROJECTED GRADIENT <= PGTOL
1642,C5,True,CONVERGENCE: NORM OF PROJECTED GRADIENT <= PGTOL
1643,C1,True,CONVERGENCE: NORM OF PROJECTED GRADIENT <= PGTOL
1643,C2,True,CONVERGENCE: NORM OF PROJECTED GRADIENT <= PGTOL
1643,C3,True,CONVERGENCE: NORM OF PROJECTED GRADIENT <= PGTOL
1643,C4,True,CONVERGENCE: NORM OF PROJECTED GRADIENT <= PGTOL
1643,C5,True,CONVERGENCE: NORM OF PROJECTED GRADIENT <= PGTOL
1644,C1,True,CONVERGENCE: NORM OF PROJECTED GRADIENT <= PGTOL
1644,C2,True,CONVERGENCE: NORM OF PROJECTED GRADIENT <= PGTOL
1644,C3,True,CONVERGENCE: NORM OF PROJECTED GRADIENT <= PGTOL
1644,C4,True,CONVERGENCE: NORM OF PROJECTED GRADIENT <= PGTOL
1644,C5,True,CONVERGENCE: NORM OF PROJECTED GRADIENT <= PGTOL
1645,C1,True,CONVERGENCE: NORM OF PROJECTED GRADIENT <= PGTOL
1645,C2,True,CONVERGENCE: NORM OF PROJECTED GRADIENT <= PGTOL
1645,C3,True,CONVERGENCE: NORM OF PROJECTED GRADIENT <= PGTOL
1645,C4,True,CONVERGENCE: NORM OF PROJECTED GRADIENT <= PGTOL
1645,C5,True,CONVERGENCE: NORM OF PROJECTED GRADIENT <= PGTOL
1646,C1,True,CONVERGENCE: NORM OF PROJECTED GRADIENT <= PGTOL
1646,C2,True,CONVERGENCE: NORM OF PROJECTED GRADIENT <= PGTOL
1646,C3,True,CONVERGENCE: NORM OF PROJECTED GRADIENT <= PGTOL
1646,C4,True,CONVERGENCE: NORM OF PROJECTED GRADIENT <= PGTOL
1646,C5,True,CONVERGENCE: NORM OF PROJECTED GRADIENT <= PGTOL
1647,C1,True,CONVERGENCE: NORM OF PROJECTED GRADIENT <= PGTOL
1647,C2,True,CONVERGENCE: NORM OF PROJECTED GRADIENT <= PGTOL
1647,C3,True,CONVERGENCE: NORM OF PROJECTED GRADIENT <= PGTOL
1647,C4,True,CONVERGENCE: NORM OF PROJECTED GRADIENT <= PGTOL
1647,C5,True,CONVERGENCE: NORM OF PROJECTED GRADIENT <= PGTOL
1648,C1,True,CONVERGENCE: NORM OF PROJECTED GRADIENT <= PGTOL
1648,C2,True,CONVERGENCE: NORM OF PROJECTED GRADIENT <= PGTOL
1648,C3,True,CONVERGENCE: NORM OF PROJECTED GRADIENT <= PGTOL
1648,C4,True,CONVERGENCE: NORM OF PROJECTED GRADIENT <= PGTOL
1648,C5,True,CONVERGENCE: NORM OF PROJECTED GRADIENT <= PGTOL
1649,C1,True,CONVERGENCE: NORM OF PROJECTED GRADIENT <= PGTOL
1649,C2,True,CONVERGENCE: NORM OF PROJECTED GRADIENT <= PGTOL
1649,C3,True,CONVERGENCE: NORM OF PROJECTED GRADIENT <= PGTOL
1649,C4,True,CONVERGENCE: NORM OF PROJECTED GRADIENT <= PGTOL
1649,C5,True,CONVERGENCE: NORM OF PROJECTED GRADIENT <= PGTOL
1650,C1,True,CONVERGENCE: NORM OF PROJECTED GRADIENT <= PGTOL
1650,C2,True,CONVERGENCE: NORM OF PROJECTED GRADIENT <= PGTOL
1650,C3,True,CONVERGENCE: NORM OF PROJECTED GRADIENT <= PGTOL
1650,C4,True,CONVERGENCE: NORM OF PROJECTED GRADIENT <= PGTOL
1650,C5,True,CONVERGENCE: NORM OF PROJECTED GRADIENT <= PGTOL
1651,C1,True,CONVERGENCE: NORM OF PROJECTED GRADIENT <= PGTOL
1651,C2,True,CONVERGENCE: NORM OF PROJECTED GRADIENT <= PGTOL
1651,C3,True,CONVERGENCE: NORM OF PROJECTED GRADIENT <= PGTOL
1651,C4,True,CONVERGENCE: NORM OF PROJECTED GRADIENT <= PGTOL
1651,C5,True,CONVERGENCE: NORM OF PROJECTED GRADIENT <= PGTOL
1652,C1,True,CONVERGENCE: NORM OF PROJECTED GRADIENT <= PGTOL
1652,C2,True,CONVERGENCE: NORM OF PROJECTED GRADIENT <= PGTOL
1652,C3,True,CONVERGENCE: NORM OF PROJECTED GRADIENT <= PGTOL
1652,C4,True,CONVERGENCE: NORM OF PROJECTED GRADIENT <= PGTOL
1652,C5,True,CONVERGENCE: NORM OF PROJECTED GRADIENT <= PGTOL
1653,C1,True,CONVERGENCE: NORM OF PROJECTED GRADIENT <= PGTOL
1653,C2,True,CONVERGENCE: NORM OF PROJECTED GRADIENT <= PGTOL
1653,C3,True,CONVERGENCE: NORM OF PROJECTED GRADIENT <= PGTOL
1653,C4,True,CONVERGENCE: NORM OF PROJECTED GRADIENT <= PGTOL
1653,C5,True,CONVERGENCE: NORM OF PROJECTED GRADIENT <= PGTOL
1654,C1,True,CONVERGENCE: NORM OF PROJECTED GRADIENT <= PGTOL
1654,C2,True,CONVERGENCE: NORM OF PROJECTED GRADIENT <= PGTOL
1654,C3,True,CONVERGENCE: NORM OF PROJECTED GRADIENT <= PGTOL
1654,C4,True,CONVERGENCE: NORM OF PROJECTED GRADIENT <= PGTOL
1654,C5,True,CONVERGENCE: NORM OF PROJECTED GRADIENT <= PGTOL
1655,C1,True,CONVERGENCE: NORM OF PROJECTED GRADIENT <= PGTOL
1655,C2,True,CONVERGENCE: NORM OF PROJECTED GRADIENT <= PGTOL
1655,C3,True,CONVERGENCE: NORM OF PROJECTED GRADIENT <= PGTOL
1655,C4,True,CONVERGENCE: NORM OF PROJECTED GRADIENT <= PGTOL
1655,C5,True,CONVERGENCE: NORM OF PROJECTED GRADIENT <= PGTOL
1656,C1,True,CONVERGENCE: NORM OF PROJECTED GRADIENT <= PGTOL
1656,C2,True,CONVERGENCE: NORM OF PROJECTED GRADIENT <= PGTOL
1656,C3,True,CONVERGENCE: NORM OF PROJECTED GRADIENT <= PGTOL
1656,C4,True,CONVERGENCE: NORM OF PROJECTED GRADIENT <= PGTOL
1656,C5,True,CONVERGENCE: NORM OF PROJECTED GRADIENT <= PGTOL
1657,C1,True,CONVERGENCE: NORM OF PROJECTED GRADIENT <= PGTOL
1657,C2,True,CONVERGENCE: NORM OF PROJECTED GRADIENT <= PGTOL
1657,C3,True,CONVERGENCE: NORM OF PROJECTED GRADIENT <= PGTOL
1657,C4,True,CONVERGENCE: NORM OF PROJECTED GRADIENT <= PGTOL
1657,C5,True,CONVERGENCE: NORM OF PROJECTED GRADIENT <= PGTOL
1658,C1,True,CONVERGENCE: NORM OF PROJECTED GRADIENT <= PGTOL
1658,C2,True,CONVERGENCE: NORM OF PROJECTED GRADIENT <= PGTOL
1658,C3,True,CONVERGENCE: NORM OF PROJECTED GRADIENT <= PGTOL
1658,C4,True,CONVERGENCE: NORM OF PROJECTED GRADIENT <= PGTOL
1658,C5,True,CONVERGENCE: NORM OF PROJECTED GRADIENT <= PGTOL
1659,C1,True,CONVERGENCE: NORM OF PROJECTED GRADIENT <= PGTOL
1659,C2,True,CONVERGENCE: NORM OF PROJECTED GRADIENT <= PGTOL
1659,C3,True,CONVERGENCE: NORM OF PROJECTED GRADIENT <= PGTOL
1659,C4,True,CONVERGENCE: NORM OF PROJECTED GRADIENT <= PGTOL
1659,C5,True,CONVERGENCE: NORM OF PROJECTED GRADIENT <= PGTOL
1660,C1,True,CONVERGENCE: NORM OF PROJECTED GRADIENT <= PGTOL
1660,C2,True,CONVERGENCE: NORM OF PROJECTED GRADIENT <= PGTOL
1660,C3,True,CONVERGENCE: NORM OF PROJECTED GRADIENT <= PGTOL
1660,C4,True,CONVERGENCE: NORM OF PROJECTED GRADIENT <= PGTOL
1660,C5,True,CONVERGENCE: NORM OF PROJECTED GRADIENT <= PGTOL
1661,C1,True,CONVERGENCE: NORM OF PROJECTED GRADIENT <= PGTOL
1661,C2,True,CONVERGENCE: NORM OF PROJECTED GRADIENT <= PGTOL
1661,C3,True,CONVERGENCE: NORM OF PROJECTED GRADIENT <= PGTOL
1661,C4,True,CONVERGENCE: NORM OF PROJECTED GRADIENT <= PGTOL
1661,C5,True,CONVERGENCE: NORM OF PROJECTED GRADIENT <= PGTOL
1662,C1,True,CONVERGENCE: NORM OF PROJECTED GRADIENT <= PGTOL
1662,C2,True,CONVERGENCE: NORM OF PROJECTED GRADIENT <= PGTOL
1662,C3,True,CONVERGENCE: NORM OF PROJECTED GRADIENT <= PGTOL
1662,C4,True,CONVERGENCE: NORM OF PROJECTED GRADIENT <= PGTOL
1662,C5,True,CONVERGENCE: NORM OF PROJECTED GRADIENT <= PGTOL
1663,C1,True,CONVERGENCE: NORM OF PROJECTED GRADIENT <= PGTOL
1663,C2,True,CONVERGENCE: NORM OF PROJECTED GRADIENT <= PGTOL
1663,C3,True,CONVERGENCE: NORM OF PROJECTED GRADIENT <= PGTOL
1663,C4,True,CONVERGENCE: NORM OF PROJECTED GRADIENT <= PGTOL
1663,C5,True,CONVERGENCE: NORM OF PROJECTED GRADIENT <= PGTOL
1664,C1,True,CONVERGENCE: NORM OF PROJECTED GRADIENT <= PGTOL
1664,C2,True,CONVERGENCE: NORM OF PROJECTED GRADIENT <= PGTOL
1664,C3,True,CONVERGENCE: NORM OF PROJECTED GRADIENT <= PGTOL
1664,C4,True,CONVERGENCE: NORM OF PROJECTED GRADIENT <= PGTOL
1664,C5,True,CONVERGENCE: NORM OF PROJECTED GRADIENT <= PGTOL
1665,C1,True,CONVERGENCE: NORM OF PROJECTED GRADIENT <= PGTOL
1665,C2,True,CONVERGENCE: NORM OF PROJECTED GRADIENT <= PGTOL
1665,C3,True,CONVERGENCE: NORM OF PROJECTED GRADIENT <= PGTOL
1665,C4,True,CONVERGENCE: NORM OF PROJECTED GRADIENT <= PGTOL
1665,C5,True,CONVERGENCE: NORM OF PROJECTED GRADIENT <= PGTOL
1666,C1,True,CONVERGENCE: NORM OF PROJECTED GRADIENT <= PGTOL
1666,C2,True,CONVERGENCE: NORM OF PROJECTED GRADIENT <= PGTOL
1666,C3,True,CONVERGENCE: NORM OF PROJECTED GRADIENT <= PGTOL
1666,C4,True,CONVERGENCE: NORM OF PROJECTED GRADIENT <= PGTOL
1666,C5,True,CONVERGENCE: NORM OF PROJECTED GRADIENT <= PGTOL
1667,C1,True,CONVERGENCE: NORM OF PROJECTED GRADIENT <= PGTOL
1667,C2,True,CONVERGENCE: NORM OF PROJECTED GRADIENT <= PGTOL
1667,C3,True,CONVERGENCE: NORM OF PROJECTED GRADIENT <= PGTOL
1667,C4,True,CONVERGENCE: NORM OF PROJECTED GRADIENT <= PGTOL
1667,C5,True,CONVERGENCE: NORM OF PROJECTED GRADIENT <= PGTOL
1668,C1,True,CONVERGENCE: NORM OF PROJECTED GRADIENT <= PGTOL
1668,C2,True,CONVERGENCE: NORM OF PROJECTED GRADIENT <= PGTOL
1668,C3,True,CONVERGENCE: NORM OF PROJECTED GRADIENT <= PGTOL
1668,C4,True,CONVERGENCE: NORM OF PROJECTED GRADIENT <= PGTOL
1668,C5,True,CONVERGENCE: NORM OF PROJECTED GRADIENT <= PGTOL
1669,C1,True,CONVERGENCE: NORM OF PROJECTED GRADIENT <= PGTOL
1669,C2,True,CONVERGENCE: NORM OF PROJECTED GRADIENT <= PGTOL
1669,C3,True,CONVERGENCE: NORM OF PROJECTED GRADIENT <= PGTOL
1669,C4,True,CONVERGENCE: NORM OF PROJECTED GRADIENT <= PGTOL
1669,C5,True,CONVERGENCE: NORM OF PROJECTED GRADIENT <= PGTOL
1670,C1,True,CONVERGENCE: NORM OF PROJECTED GRADIENT <= PGTOL
1670,C2,True,CONVERGENCE: NORM OF PROJECTED GRADIENT <= PGTOL
1670,C3,True,CONVERGENCE: NORM OF PROJECTED GRADIENT <= PGTOL
1670,C4,True,CONVERGENCE: NORM OF PROJECTED GRADIENT <= PGTOL
1670,C5,True,CONVERGENCE: NORM OF PROJECTED GRADIENT <= PGTOL
1671,C1,True,CONVERGENCE: NORM OF PROJECTED GRADIENT <= PGTOL
1671,C2,True,CONVERGENCE: NORM OF PROJECTED GRADIENT <= PGTOL
1671,C3,True,CONVERGENCE: NORM OF PROJECTED GRADIENT <= PGTOL
1671,C4,True,CONVERGENCE: NORM OF PROJECTED GRADIENT <= PGTOL
1671,C5,True,CONVERGENCE: NORM OF PROJECTED GRADIENT <= PGTOL
1672,C1,True,CONVERGENCE: NORM OF PROJECTED GRADIENT <= PGTOL
1672,C2,True,CONVERGENCE: NORM OF PROJECTED GRADIENT <= PGTOL
1672,C3,True,CONVERGENCE: NORM OF PROJECTED GRADIENT <= PGTOL
1672,C4,True,CONVERGENCE: NORM OF PROJECTED GRADIENT <= PGTOL
1672,C5,True,CONVERGENCE: NORM OF PROJECTED GRADIENT <= PGTOL
1673,C1,True,CONVERGENCE: NORM OF PROJECTED GRADIENT <= PGTOL
1673,C2,True,CONVERGENCE: NORM OF PROJECTED GRADIENT <= PGTOL
1673,C3,True,CONVERGENCE: NORM OF PROJECTED GRADIENT <= PGTOL
1673,C4,True,CONVERGENCE: NORM OF PROJECTED GRADIENT <= PGTOL
1673,C5,True,CONVERGENCE: NORM OF PROJECTED GRADIENT <= PGTOL
1674,C1,True,CONVERGENCE: NORM OF PROJECTED GRADIENT <= PGTOL
1674,C2,True,CONVERGENCE: NORM OF PROJECTED GRADIENT <= PGTOL
1674,C3,True,CONVERGENCE: NORM OF PROJECTED GRADIENT <= PGTOL
1674,C4,True,CONVERGENCE: NORM OF PROJECTED GRADIENT <= PGTOL
1674,C5,True,CONVERGENCE: NORM OF PROJECTED GRADIENT <= PGTOL
1675,C1,True,CONVERGENCE: NORM OF PROJECTED GRADIENT <= PGTOL
1675,C2,True,CONVERGENCE: NORM OF PROJECTED GRADIENT <= PGTOL
1675,C3,True,CONVERGENCE: NORM OF PROJECTED GRADIENT <= PGTOL
1675,C4,True,CONVERGENCE: NORM OF PROJECTED GRADIENT <= PGTOL
1675,C5,True,CONVERGENCE: NORM OF PROJECTED GRADIENT <= PGTOL
1676,C1,True,CONVERGENCE: NORM OF PROJECTED GRADIENT <= PGTOL
1676,C2,True,CONVERGENCE: NORM OF PROJECTED GRADIENT <= PGTOL
1676,C3,True,CONVERGENCE: NORM OF PROJECTED GRADIENT <= PGTOL
1676,C4,True,CONVERGENCE: NORM OF PROJECTED GRADIENT <= PGTOL
1676,C5,True,CONVERGENCE: NORM OF PROJECTED GRADIENT <= PGTOL
1677,C1,True,CONVERGENCE: NORM OF PROJECTED GRADIENT <= PGTOL
1677,C2,True,CONVERGENCE: NORM OF PROJECTED GRADIENT <= PGTOL
1677,C3,True,CONVERGENCE: NORM OF PROJECTED GRADIENT <= PGTOL
1677,C4,True,CONVERGENCE: NORM OF PROJECTED GRADIENT <= PGTOL
1677,C5,True,CONVERGENCE: NORM OF PROJECTED GRADIENT <= PGTOL
1678,C1,True,CONVERGENCE: NORM OF PROJECTED GRADIENT <= PGTOL
1678,C2,True,CONVERGENCE: NORM OF PROJECTED GRADIENT <= PGTOL
1678,C3,True,CONVERGENCE: NORM OF PROJECTED GRADIENT <= PGTOL
1678,C4,True,CONVERGENCE: NORM OF PROJECTED GRADIENT <= PGTOL
1678,C5,True,CONVERGENCE: NORM OF PROJECTED GRADIENT <= PGTOL
1679,C1,True,CONVERGENCE: NORM OF PROJECTED GRADIENT <= PGTOL
1679,C2,True,CONVERGENCE: NORM OF PROJECTED GRADIENT <= PGTOL
1679,C3,True,CONVERGENCE: NORM OF PROJECTED GRADIENT <= PGTOL
1679,C4,True,CONVERGENCE: NORM OF PROJECTED GRADIENT <= PGTOL
1679,C5,True,CONVERGENCE: NORM OF PROJECTED GRADIENT <= PGTOL
1680,C1,True,CONVERGENCE: NORM OF PROJECTED GRADIENT <= PGTOL
1680,C2,True,CONVERGENCE: NORM OF PROJECTED GRADIENT <= PGTOL
1680,C3,True,CONVERGENCE: NORM OF PROJECTED GRADIENT <= PGTOL
1680,C4,True,CONVERGENCE: NORM OF PROJECTED GRADIENT <= PGTOL
1680,C5,True,CONVERGENCE: NORM OF PROJECTED GRADIENT <= PGTOL
1681,C1,True,CONVERGENCE: NORM OF PROJECTED GRADIENT <= PGTOL
1681,C2,True,CONVERGENCE: NORM OF PROJECTED GRADIENT <= PGTOL
1681,C3,True,CONVERGENCE: NORM OF PROJECTED GRADIENT <= PGTOL
1681,C4,True,CONVERGENCE: NORM OF PROJECTED GRADIENT <= PGTOL
1681,C5,True,CONVERGENCE: NORM OF PROJECTED GRADIENT <= PGTOL
1682,C1,True,CONVERGENCE: NORM OF PROJECTED GRADIENT <= PGTOL
1682,C2,True,CONVERGENCE: NORM OF PROJECTED GRADIENT <= PGTOL
1682,C3,True,CONVERGENCE: NORM OF PROJECTED GRADIENT <= PGTOL
1682,C4,True,CONVERGENCE: NORM OF PROJECTED GRADIENT <= PGTOL
1682,C5,True,CONVERGENCE: NORM OF PROJECTED GRADIENT <= PGTOL
1683,C1,True,CONVERGENCE: NORM OF PROJECTED GRADIENT <= PGTOL
1683,C2,True,CONVERGENCE: NORM OF PROJECTED GRADIENT <= PGTOL
1683,C3,True,CONVERGENCE: NORM OF PROJECTED GRADIENT <= PGTOL
1683,C4,True,CONVERGENCE: NORM OF PROJECTED GRADIENT <= PGTOL
1683,C5,True,CONVERGENCE: NORM OF PROJECTED GRADIENT <= PGTOL
1684,C1,True,CONVERGENCE: NORM OF PROJECTED GRADIENT <= PGTOL
1684,C2,True,CONVERGENCE: NORM OF PROJECTED GRADIENT <= PGTOL
1684,C3,True,CONVERGENCE: NORM OF PROJECTED GRADIENT <= PGTOL
1684,C4,True,CONVERGENCE: NORM OF PROJECTED GRADIENT <= PGTOL
1684,C5,True,CONVERGENCE: NORM OF PROJECTED GRADIENT <= PGTOL
1685,C1,True,CONVERGENCE: NORM OF PROJECTED GRADIENT <= PGTOL
1685,C2,True,CONVERGENCE: NORM OF PROJECTED GRADIENT <= PGTOL
1685,C3,True,CONVERGENCE: NORM OF PROJECTED GRADIENT <= PGTOL
1685,C4,True,CONVERGENCE: NORM OF PROJECTED GRADIENT <= PGTOL
1685,C5,True,CONVERGENCE: NORM OF PROJECTED GRADIENT <= PGTOL
1686,C1,True,CONVERGENCE: NORM OF PROJECTED GRADIENT <= PGTOL
1686,C2,True,CONVERGENCE: NORM OF PROJECTED GRADIENT <= PGTOL
1686,C3,True,CONVERGENCE: NORM OF PROJECTED GRADIENT <= PGTOL
1686,C4,True,CONVERGENCE: NORM OF PROJECTED GRADIENT <= PGTOL
1686,C5,True,CONVERGENCE: NORM OF PROJECTED GRADIENT <= PGTOL
1687,C1,True,CONVERGENCE: NORM OF PROJECTED GRADIENT <= PGTOL
1687,C2,True,CONVERGENCE: NORM OF PROJECTED GRADIENT <= PGTOL
1687,C3,True,CONVERGENCE: NORM OF PROJECTED GRADIENT <= PGTOL
1687,C4,True,CONVERGENCE: NORM OF PROJECTED GRADIENT <= PGTOL
1687,C5,True,CONVERGENCE: NORM OF PROJECTED GRADIENT <= PGTOL
1688,C1,True,CONVERGENCE: NORM OF PROJECTED GRADIENT <= PGTOL
1688,C2,True,CONVERGENCE: NORM OF PROJECTED GRADIENT <= PGTOL
1688,C3,True,CONVERGENCE: NORM OF PROJECTED GRADIENT <= PGTOL
1688,C4,True,CONVERGENCE: NORM OF PROJECTED GRADIENT <= PGTOL
1688,C5,True,CONVERGENCE: NORM OF PROJECTED GRADIENT <= PGTOL
1689,C1,True,CONVERGENCE: NORM OF PROJECTED GRADIENT <= PGTOL
1689,C2,True,CONVERGENCE: NORM OF PROJECTED GRADIENT <= PGTOL
1689,C3,True,CONVERGENCE: NORM OF PROJECTED GRADIENT <= PGTOL
1689,C4,True,CONVERGENCE: NORM OF PROJECTED GRADIENT <= PGTOL
1689,C5,True,CONVERGENCE: NORM OF PROJECTED GRADIENT <= PGTOL
1690,C1,True,CONVERGENCE: NORM OF PROJECTED GRADIENT <= PGTOL
1690,C2,True,CONVERGENCE: NORM OF PROJECTED GRADIENT <= PGTOL
1690,C3,True,CONVERGENCE: NORM OF PROJECTED GRADIENT <= PGTOL
1690,C4,True,CONVERGENCE: NORM OF PROJECTED GRADIENT <= PGTOL
1690,C5,True,CONVERGENCE: NORM OF PROJECTED GRADIENT <= PGTOL
1691,C1,True,CONVERGENCE: NORM OF PROJECTED GRADIENT <= PGTOL
1691,C2,True,CONVERGENCE: NORM OF PROJECTED GRADIENT <= PGTOL
1691,C3,True,CONVERGENCE: NORM OF PROJECTED GRADIENT <= PGTOL
1691,C4,True,CONVERGENCE: NORM OF PROJECTED GRADIENT <= PGTOL
1691,C5,True,CONVERGENCE: NORM OF PROJECTED GRADIENT <= PGTOL
1692,C1,True,CONVERGENCE: NORM OF PROJECTED GRADIENT <= PGTOL
1692,C2,True,CONVERGENCE: NORM OF PROJECTED GRADIENT <= PGTOL
1692,C3,True,CONVERGENCE: NORM OF PROJECTED GRADIENT <= PGTOL
1692,C4,True,CONVERGENCE: NORM OF PROJECTED GRADIENT <= PGTOL
1692,C5,True,CONVERGENCE: NORM OF PROJECTED GRADIENT <= PGTOL
1693,C1,True,CONVERGENCE: NORM OF PROJECTED GRADIENT <= PGTOL
1693,C2,True,CONVERGENCE: NORM OF PROJECTED GRADIENT <= PGTOL
1693,C3,True,CONVERGENCE: NORM OF PROJECTED GRADIENT <= PGTOL
1693,C4,True,CONVERGENCE: NORM OF PROJECTED GRADIENT <= PGTOL
1693,C5,True,CONVERGENCE: NORM OF PROJECTED GRADIENT <= PGTOL
1694,C1,True,CONVERGENCE: NORM OF PROJECTED GRADIENT <= PGTOL
1694,C2,True,CONVERGENCE: NORM OF PROJECTED GRADIENT <= PGTOL
1694,C3,True,CONVERGENCE: NORM OF PROJECTED GRADIENT <= PGTOL
1694,C4,True,CONVERGENCE: NORM OF PROJECTED GRADIENT <= PGTOL
1694,C5,True,CONVERGENCE: NORM OF PROJECTED GRADIENT <= PGTOL
1695,C1,True,CONVERGENCE: NORM OF PROJECTED GRADIENT <= PGTOL
1695,C2,True,CONVERGENCE: NORM OF PROJECTED GRADIENT <= PGTOL
1695,C3,True,CONVERGENCE: NORM OF PROJECTED GRADIENT <= PGTOL
1695,C4,True,CONVERGENCE: NORM OF PROJECTED GRADIENT <= PGTOL
1695,C5,True,CONVERGENCE: NORM OF PROJECTED GRADIENT <= PGTOL
1696,C1,True,CONVERGENCE: NORM OF PROJECTED GRADIENT <= PGTOL
1696,C2,True,CONVERGENCE: NORM OF PROJECTED GRADIENT <= PGTOL
1696,C3,True,CONVERGENCE: NORM OF PROJECTED GRADIENT <= PGTOL
1696,C4,True,CONVERGENCE: NORM OF PROJECTED GRADIENT <= PGTOL
1696,C5,True,CONVERGENCE: NORM OF PROJECTED GRADIENT <= PGTOL
1697,C1,True,CONVERGENCE: NORM OF PROJECTED GRADIENT <= PGTOL
1697,C2,True,CONVERGENCE: NORM OF PROJECTED GRADIENT <= PGTOL
1697,C3,True,CONVERGENCE: NORM OF PROJECTED GRADIENT <= PGTOL
1697,C4,True,CONVERGENCE: NORM OF PROJECTED GRADIENT <= PGTOL
1697,C5,True,CONVERGENCE: NORM OF PROJECTED GRADIENT <= PGTOL
1698,C1,True,CONVERGENCE: NORM OF PROJECTED GRADIENT <= PGTOL
1698,C2,True,CONVERGENCE: NORM OF PROJECTED GRADIENT <= PGTOL
1698,C3,True,CONVERGENCE: NORM OF PROJECTED GRADIENT <= PGTOL
1698,C4,True,CONVERGENCE: NORM OF PROJECTED GRADIENT <= PGTOL
1698,C5,True,CONVERGENCE: NORM OF PROJECTED GRADIENT <= PGTOL
1699,C1,True,CONVERGENCE: NORM OF PROJECTED GRADIENT <= PGTOL
1699,C2,True,CONVERGENCE: NORM OF PROJECTED GRADIENT <= PGTOL
1699,C3,True,CONVERGENCE: NORM OF PROJECTED GRADIENT <= PGTOL
1699,C4,True,CONVERGENCE: NORM OF PROJECTED GRADIENT <= PGTOL
1699,C5,True,CONVERGENCE: NORM OF PROJECTED GRADIENT <= PGTOL
1700,C1,True,CONVERGENCE: NORM OF PROJECTED GRADIENT <= PGTOL
1700,C2,True,CONVERGENCE: NORM OF PROJECTED GRADIENT <= PGTOL
1700,C3,True,CONVERGENCE: NORM OF PROJECTED GRADIENT <= PGTOL
1700,C4,True,CONVERGENCE: NORM OF PROJECTED GRADIENT <= PGTOL
1700,C5,True,CONVERGENCE: NORM OF PROJECTED GRADIENT <= PGTOL
1701,C1,True,CONVERGENCE: NORM OF PROJECTED GRADIENT <= PGTOL
1701,C2,True,CONVERGENCE: NORM OF PROJECTED GRADIENT <= PGTOL
1701,C3,True,CONVERGENCE: NORM OF PROJECTED GRADIENT <= PGTOL
1701,C4,True,CONVERGENCE: NORM OF PROJECTED GRADIENT <= PGTOL
1701,C5,True,CONVERGENCE: NORM OF PROJECTED GRADIENT <= PGTOL
1702,C1,True,CONVERGENCE: NORM OF PROJECTED GRADIENT <= PGTOL
1702,C2,True,CONVERGENCE: NORM OF PROJECTED GRADIENT <= PGTOL
1702,C3,True,CONVERGENCE: NORM OF PROJECTED GRADIENT <= PGTOL
1702,C4,True,CONVERGENCE: NORM OF PROJECTED GRADIENT <= PGTOL
1702,C5,True,CONVERGENCE: NORM OF PROJECTED GRADIENT <= PGTOL
1703,C1,True,CONVERGENCE: NORM OF PROJECTED GRADIENT <= PGTOL
1703,C2,True,CONVERGENCE: NORM OF PROJECTED GRADIENT <= PGTOL
1703,C3,True,CONVERGENCE: NORM OF PROJECTED GRADIENT <= PGTOL
1703,C4,True,CONVERGENCE: NORM OF PROJECTED GRADIENT <= PGTOL
1703,C5,True,CONVERGENCE: NORM OF PROJECTED GRADIENT <= PGTOL
1704,C1,True,CONVERGENCE: NORM OF PROJECTED GRADIENT <= PGTOL
1704,C2,True,CONVERGENCE: NORM OF PROJECTED GRADIENT <= PGTOL
1704,C3,True,CONVERGENCE: NORM OF PROJECTED GRADIENT <= PGTOL
1704,C4,True,CONVERGENCE: NORM OF PROJECTED GRADIENT <= PGTOL
1704,C5,True,CONVERGENCE: NORM OF PROJECTED GRADIENT <= PGTOL
1705,C1,True,CONVERGENCE: NORM OF PROJECTED GRADIENT <= PGTOL
1705,C2,True,CONVERGENCE: NORM OF PROJECTED GRADIENT <= PGTOL
1705,C3,True,CONVERGENCE: NORM OF PROJECTED GRADIENT <= PGTOL
1705,C4,True,CONVERGENCE: NORM OF PROJECTED GRADIENT <= PGTOL
1705,C5,True,CONVERGENCE: NORM OF PROJECTED GRADIENT <= PGTOL
1706,C1,True,CONVERGENCE: NORM OF PROJECTED GRADIENT <= PGTOL
1706,C2,True,CONVERGENCE: NORM OF PROJECTED GRADIENT <= PGTOL
1706,C3,True,CONVERGENCE: NORM OF PROJECTED GRADIENT <= PGTOL
1706,C4,True,CONVERGENCE: NORM OF PROJECTED GRADIENT <= PGTOL
1706,C5,True,CONVERGENCE: NORM OF PROJECTED GRADIENT <= PGTOL
1707,C1,True,CONVERGENCE: NORM OF PROJECTED GRADIENT <= PGTOL
1707,C2,True,CONVERGENCE: NORM OF PROJECTED GRADIENT <= PGTOL
1707,C3,True,CONVERGENCE: NORM OF PROJECTED GRADIENT <= PGTOL
1707,C4,True,CONVERGENCE: NORM OF PROJECTED GRADIENT <= PGTOL
1707,C5,True,CONVERGENCE: NORM OF PROJECTED GRADIENT <= PGTOL
1708,C1,True,CONVERGENCE: NORM OF PROJECTED GRADIENT <= PGTOL
1708,C2,True,CONVERGENCE: NORM OF PROJECTED GRADIENT <= PGTOL
1708,C3,True,CONVERGENCE: NORM OF PROJECTED GRADIENT <= PGTOL
1708,C4,True,CONVERGENCE: NORM OF PROJECTED GRADIENT <= PGTOL
1708,C5,True,CONVERGENCE: NORM OF PROJECTED GRADIENT <= PGTOL
1709,C1,True,CONVERGENCE: NORM OF PROJECTED GRADIENT <= PGTOL
1709,C2,True,CONVERGENCE: NORM OF PROJECTED GRADIENT <= PGTOL
1709,C3,True,CONVERGENCE: NORM OF PROJECTED GRADIENT <= PGTOL
1709,C4,True,CONVERGENCE: NORM OF PROJECTED GRADIENT <= PGTOL
1709,C5,True,CONVERGENCE: NORM OF PROJECTED GRADIENT <= PGTOL
1710,C1,True,CONVERGENCE: NORM OF PROJECTED GRADIENT <= PGTOL
1710,C2,True,CONVERGENCE: NORM OF PROJECTED GRADIENT <= PGTOL
1710,C3,True,CONVERGENCE: NORM OF PROJECTED GRADIENT <= PGTOL
1710,C4,True,CONVERGENCE: NORM OF PROJECTED GRADIENT <= PGTOL
1710,C5,True,CONVERGENCE: NORM OF PROJECTED GRADIENT <= PGTOL
1711,C1,True,CONVERGENCE: NORM OF PROJECTED GRADIENT <= PGTOL
1711,C2,True,CONVERGENCE: NORM OF PROJECTED GRADIENT <= PGTOL
1711,C3,True,CONVERGENCE: NORM OF PROJECTED GRADIENT <= PGTOL
1711,C4,True,CONVERGENCE: NORM OF PROJECTED GRADIENT <= PGTOL
1711,C5,True,CONVERGENCE: NORM OF PROJECTED GRADIENT <= PGTOL
1712,C1,True,CONVERGENCE: NORM OF PROJECTED GRADIENT <= PGTOL
1712,C2,True,CONVERGENCE: NORM OF PROJECTED GRADIENT <= PGTOL
1712,C3,True,CONVERGENCE: NORM OF PROJECTED GRADIENT <= PGTOL
1712,C4,True,CONVERGENCE: NORM OF PROJECTED GRADIENT <= PGTOL
1712,C5,True,CONVERGENCE: NORM OF PROJECTED GRADIENT <= PGTOL
1713,C1,True,CONVERGENCE: NORM OF PROJECTED GRADIENT <= PGTOL
1713,C2,True,CONVERGENCE: NORM OF PROJECTED GRADIENT <= PGTOL
1713,C3,True,CONVERGENCE: NORM OF PROJECTED GRADIENT <= PGTOL
1713,C4,True,CONVERGENCE: NORM OF PROJECTED GRADIENT <= PGTOL
1713,C5,True,CONVERGENCE: NORM OF PROJECTED GRADIENT <= PGTOL
1714,C1,True,CONVERGENCE: NORM OF PROJECTED GRADIENT <= PGTOL
1714,C2,True,CONVERGENCE: NORM OF PROJECTED GRADIENT <= PGTOL
1714,C3,True,CONVERGENCE: NORM OF PROJECTED GRADIENT <= PGTOL
1714,C4,True,CONVERGENCE: NORM OF PROJECTED GRADIENT <= PGTOL
1714,C5,True,CONVERGENCE: NORM OF PROJECTED GRADIENT <= PGTOL
1715,C1,True,CONVERGENCE: NORM OF PROJECTED GRADIENT <= PGTOL
1715,C2,True,CONVERGENCE: NORM OF PROJECTED GRADIENT <= PGTOL
1715,C3,True,CONVERGENCE: NORM OF PROJECTED GRADIENT <= PGTOL
1715,C4,True,CONVERGENCE: NORM OF PROJECTED GRADIENT <= PGTOL
1715,C5,True,CONVERGENCE: NORM OF PROJECTED GRADIENT <= PGTOL
1716,C1,True,CONVERGENCE: NORM OF PROJECTED GRADIENT <= PGTOL
1716,C2,True,CONVERGENCE: NORM OF PROJECTED GRADIENT <= PGTOL
1716,C3,True,CONVERGENCE: NORM OF PROJECTED GRADIENT <= PGTOL
1716,C4,True,CONVERGENCE: NORM OF PROJECTED GRADIENT <= PGTOL
1716,C5,True,CONVERGENCE: NORM OF PROJECTED GRADIENT <= PGTOL
1717,C1,True,CONVERGENCE: NORM OF PROJECTED GRADIENT <= PGTOL
1717,C2,True,CONVERGENCE: NORM OF PROJECTED GRADIENT <= PGTOL
1717,C3,True,CONVERGENCE: NORM OF PROJECTED GRADIENT <= PGTOL
1717,C4,True,CONVERGENCE: NORM OF PROJECTED GRADIENT <= PGTOL
1717,C5,True,CONVERGENCE: NORM OF PROJECTED GRADIENT <= PGTOL
1718,C1,True,CONVERGENCE: NORM OF PROJECTED GRADIENT <= PGTOL
1718,C2,True,CONVERGENCE: NORM OF PROJECTED GRADIENT <= PGTOL
1718,C3,True,CONVERGENCE: NORM OF PROJECTED GRADIENT <= PGTOL
1718,C4,True,CONVERGENCE: NORM OF PROJECTED GRADIENT <= PGTOL
1718,C5,True,CONVERGENCE: NORM OF PROJECTED GRADIENT <= PGTOL
1719,C1,True,CONVERGENCE: NORM OF PROJECTED GRADIENT <= PGTOL
1719,C2,True,CONVERGENCE: NORM OF PROJECTED GRADIENT <= PGTOL
1719,C3,True,CONVERGENCE: NORM OF PROJECTED GRADIENT <= PGTOL
1719,C4,True,CONVERGENCE: NORM OF PROJECTED GRADIENT <= PGTOL
1719,C5,True,CONVERGENCE: NORM OF PROJECTED GRADIENT <= PGTOL
1720,C1,True,CONVERGENCE: NORM OF PROJECTED GRADIENT <= PGTOL
1720,C2,True,CONVERGENCE: NORM OF PROJECTED GRADIENT <= PGTOL
1720,C3,True,CONVERGENCE: NORM OF PROJECTED GRADIENT <= PGTOL
1720,C4,True,CONVERGENCE: NORM OF PROJECTED GRADIENT <= PGTOL
1720,C5,True,CONVERGENCE: NORM OF PROJECTED GRADIENT <= PGTOL
1721,C1,True,CONVERGENCE: NORM OF PROJECTED GRADIENT <= PGTOL
1721,C2,True,CONVERGENCE: NORM OF PROJECTED GRADIENT <= PGTOL
1721,C3,True,CONVERGENCE: NORM OF PROJECTED GRADIENT <= PGTOL
1721,C4,True,CONVERGENCE: NORM OF PROJECTED GRADIENT <= PGTOL
1721,C5,True,CONVERGENCE: NORM OF PROJECTED GRADIENT <= PGTOL
1722,C1,True,CONVERGENCE: NORM OF PROJECTED GRADIENT <= PGTOL
1722,C2,True,CONVERGENCE: NORM OF PROJECTED GRADIENT <= PGTOL
1722,C3,True,CONVERGENCE: NORM OF PROJECTED GRADIENT <= PGTOL
1722,C4,True,CONVERGENCE: NORM OF PROJECTED GRADIENT <= PGTOL
1722,C5,True,CONVERGENCE: NORM OF PROJECTED GRADIENT <= PGTOL
1723,C1,True,CONVERGENCE: NORM OF PROJECTED GRADIENT <= PGTOL
1723,C2,True,CONVERGENCE: NORM OF PROJECTED GRADIENT <= PGTOL
1723,C3,True,CONVERGENCE: NORM OF PROJECTED GRADIENT <= PGTOL
1723,C4,True,CONVERGENCE: NORM OF PROJECTED GRADIENT <= PGTOL
1723,C5,True,CONVERGENCE: NORM OF PROJECTED GRADIENT <= PGTOL
1724,C1,True,CONVERGENCE: NORM OF PROJECTED GRADIENT <= PGTOL
1724,C2,True,CONVERGENCE: NORM OF PROJECTED GRADIENT <= PGTOL
1724,C3,True,CONVERGENCE: NORM OF PROJECTED GRADIENT <= PGTOL
1724,C4,True,CONVERGENCE: NORM OF PROJECTED GRADIENT <= PGTOL
1724,C5,True,CONVERGENCE: NORM OF PROJECTED GRADIENT <= PGTOL
1725,C1,True,CONVERGENCE: NORM OF PROJECTED GRADIENT <= PGTOL
1725,C2,True,CONVERGENCE: NORM OF PROJECTED GRADIENT <= PGTOL
1725,C3,True,CONVERGENCE: NORM OF PROJECTED GRADIENT <= PGTOL
1725,C4,True,CONVERGENCE: NORM OF PROJECTED GRADIENT <= PGTOL
1725,C5,True,CONVERGENCE: NORM OF PROJECTED GRADIENT <= PGTOL
1726,C1,True,CONVERGENCE: NORM OF PROJECTED GRADIENT <= PGTOL
1726,C2,True,CONVERGENCE: NORM OF PROJECTED GRADIENT <= PGTOL
1726,C3,True,CONVERGENCE: NORM OF PROJECTED GRADIENT <= PGTOL
1726,C4,True,CONVERGENCE: NORM OF PROJECTED GRADIENT <= PGTOL
1726,C5,True,CONVERGENCE: NORM OF PROJECTED GRADIENT <= PGTOL
1727,C1,True,CONVERGENCE: NORM OF PROJECTED GRADIENT <= PGTOL
1727,C2,True,CONVERGENCE: NORM OF PROJECTED GRADIENT <= PGTOL
1727,C3,True,CONVERGENCE: NORM OF PROJECTED GRADIENT <= PGTOL
1727,C4,True,CONVERGENCE: NORM OF PROJECTED GRADIENT <= PGTOL
1727,C5,True,CONVERGENCE: NORM OF PROJECTED GRADIENT <= PGTOL
1728,C1,True,CONVERGENCE: NORM OF PROJECTED GRADIENT <= PGTOL
1728,C2,True,CONVERGENCE: NORM OF PROJECTED GRADIENT <= PGTOL
1728,C3,True,CONVERGENCE: NORM OF PROJECTED GRADIENT <= PGTOL
1728,C4,True,CONVERGENCE: NORM OF PROJECTED GRADIENT <= PGTOL
1728,C5,True,CONVERGENCE: NORM OF PROJECTED GRADIENT <= PGTOL
1729,C1,True,CONVERGENCE: NORM OF PROJECTED GRADIENT <= PGTOL
1729,C2,True,CONVERGENCE: NORM OF PROJECTED GRADIENT <= PGTOL
1729,C3,True,CONVERGENCE: NORM OF PROJECTED GRADIENT <= PGTOL
1729,C4,True,CONVERGENCE: NORM OF PROJECTED GRADIENT <= PGTOL
1729,C5,True,CONVERGENCE: NORM OF PROJECTED GRADIENT <= PGTOL
1730,C1,True,CONVERGENCE: NORM OF PROJECTED GRADIENT <= PGTOL
1730,C2,True,CONVERGENCE: NORM OF PROJECTED GRADIENT <= PGTOL
1730,C3,True,CONVERGENCE: NORM OF PROJECTED GRADIENT <= PGTOL
1730,C4,True,CONVERGENCE: NORM OF PROJECTED GRADIENT <= PGTOL
1730,C5,True,CONVERGENCE: NORM OF PROJECTED GRADIENT <= PGTOL
1731,C1,True,CONVERGENCE: NORM OF PROJECTED GRADIENT <= PGTOL
1731,C2,True,CONVERGENCE: NORM OF PROJECTED GRADIENT <= PGTOL
1731,C3,True,CONVERGENCE: NORM OF PROJECTED GRADIENT <= PGTOL
1731,C4,True,CONVERGENCE: NORM OF PROJECTED GRADIENT <= PGTOL
1731,C5,True,CONVERGENCE: NORM OF PROJECTED GRADIENT <= PGTOL
1732,C1,True,CONVERGENCE: NORM OF PROJECTED GRADIENT <= PGTOL
1732,C2,True,CONVERGENCE: NORM OF PROJECTED GRADIENT <= PGTOL
1732,C3,True,CONVERGENCE: NORM OF PROJECTED GRADIENT <= PGTOL
1732,C4,True,CONVERGENCE: NORM OF PROJECTED GRADIENT <= PGTOL
1732,C5,True,CONVERGENCE: NORM OF PROJECTED GRADIENT <= PGTOL
1733,C1,True,CONVERGENCE: NORM OF PROJECTED GRADIENT <= PGTOL
1733,C2,True,CONVERGENCE: NORM OF PROJECTED GRADIENT <= PGTOL
1733,C3,True,CONVERGENCE: NORM OF PROJECTED GRADIENT <= PGTOL
1733,C4,True,CONVERGENCE: NORM OF PROJECTED GRADIENT <= PGTOL
1733,C5,True,CONVERGENCE: NORM OF PROJECTED GRADIENT <= PGTOL
1734,C1,True,CONVERGENCE: NORM OF PROJECTED GRADIENT <= PGTOL
1734,C2,True,CONVERGENCE: NORM OF PROJECTED GRADIENT <= PGTOL
1734,C3,True,CONVERGENCE: NORM OF PROJECTED GRADIENT <= PGTOL
1734,C4,True,CONVERGENCE: NORM OF PROJECTED GRADIENT <= PGTOL
1734,C5,True,CONVERGENCE: NORM OF PROJECTED GRADIENT <= PGTOL
1735,C1,True,CONVERGENCE: NORM OF PROJECTED GRADIENT <= PGTOL
1735,C2,True,CONVERGENCE: NORM OF PROJECTED GRADIENT <= PGTOL
1735,C3,True,CONVERGENCE: NORM OF PROJECTED GRADIENT <= PGTOL
1735,C4,True,CONVERGENCE: NORM OF PROJECTED GRADIENT <= PGTOL
1735,C5,True,CONVERGENCE: NORM OF PROJECTED GRADIENT <= PGTOL
1736,C1,True,CONVERGENCE: NORM OF PROJECTED GRADIENT <= PGTOL
1736,C2,True,CONVERGENCE: NORM OF PROJECTED GRADIENT <= PGTOL
1736,C3,True,CONVERGENCE: NORM OF PROJECTED GRADIENT <= PGTOL
1736,C4,True,CONVERGENCE: NORM OF PROJECTED GRADIENT <= PGTOL
1736,C5,True,CONVERGENCE: NORM OF PROJECTED GRADIENT <= PGTOL
1737,C1,True,CONVERGENCE: NORM OF PROJECTED GRADIENT <= PGTOL
1737,C2,True,CONVERGENCE: NORM OF PROJECTED GRADIENT <= PGTOL
1737,C3,True,CONVERGENCE: NORM OF PROJECTED GRADIENT <= PGTOL
1737,C4,True,CONVERGENCE: NORM OF PROJECTED GRADIENT <= PGTOL
1737,C5,True,CONVERGENCE: NORM OF PROJECTED GRADIENT <= PGTOL
1738,C1,True,CONVERGENCE: NORM OF PROJECTED GRADIENT <= PGTOL
1738,C2,True,CONVERGENCE: NORM OF PROJECTED GRADIENT <= PGTOL
1738,C3,True,CONVERGENCE: NORM OF PROJECTED GRADIENT <= PGTOL
1738,C4,True,CONVERGENCE: NORM OF PROJECTED GRADIENT <= PGTOL
1738,C5,True,CONVERGENCE: NORM OF PROJECTED GRADIENT <= PGTOL
1739,C1,True,CONVERGENCE: NORM OF PROJECTED GRADIENT <= PGTOL
1739,C2,True,CONVERGENCE: NORM OF PROJECTED GRADIENT <= PGTOL
1739,C3,True,CONVERGENCE: NORM OF PROJECTED GRADIENT <= PGTOL
1739,C4,True,CONVERGENCE: NORM OF PROJECTED GRADIENT <= PGTOL
1739,C5,True,CONVERGENCE: NORM OF PROJECTED GRADIENT <= PGTOL
1740,C1,True,CONVERGENCE: NORM OF PROJECTED GRADIENT <= PGTOL
1740,C2,True,CONVERGENCE: NORM OF PROJECTED GRADIENT <= PGTOL
1740,C3,True,CONVERGENCE: NORM OF PROJECTED GRADIENT <= PGTOL
1740,C4,True,CONVERGENCE: NORM OF PROJECTED GRADIENT <= PGTOL
1740,C5,True,CONVERGENCE: NORM OF PROJECTED GRADIENT <= PGTOL
1741,C1,True,CONVERGENCE: NORM OF PROJECTED GRADIENT <= PGTOL
1741,C2,True,CONVERGENCE: NORM OF PROJECTED GRADIENT <= PGTOL
1741,C3,True,CONVERGENCE: NORM OF PROJECTED GRADIENT <= PGTOL
1741,C4,True,CONVERGENCE: NORM OF PROJECTED GRADIENT <= PGTOL
1741,C5,True,CONVERGENCE: NORM OF PROJECTED GRADIENT <= PGTOL
1742,C1,True,CONVERGENCE: NORM OF PROJECTED GRADIENT <= PGTOL
1742,C2,True,CONVERGENCE: NORM OF PROJECTED GRADIENT <= PGTOL
1742,C3,True,CONVERGENCE: NORM OF PROJECTED GRADIENT <= PGTOL
1742,C4,True,CONVERGENCE: NORM OF PROJECTED GRADIENT <= PGTOL
1742,C5,True,CONVERGENCE: NORM OF PROJECTED GRADIENT <= PGTOL
1743,C1,True,CONVERGENCE: NORM OF PROJECTED GRADIENT <= PGTOL
1743,C2,True,CONVERGENCE: NORM OF PROJECTED GRADIENT <= PGTOL
1743,C3,True,CONVERGENCE: NORM OF PROJECTED GRADIENT <= PGTOL
1743,C4,True,CONVERGENCE: NORM OF PROJECTED GRADIENT <= PGTOL
1743,C5,True,CONVERGENCE: NORM OF PROJECTED GRADIENT <= PGTOL
1744,C1,True,CONVERGENCE: NORM OF PROJECTED GRADIENT <= PGTOL
1744,C2,True,CONVERGENCE: NORM OF PROJECTED GRADIENT <= PGTOL
1744,C3,True,CONVERGENCE: NORM OF PROJECTED GRADIENT <= PGTOL
1744,C4,True,CONVERGENCE: NORM OF PROJECTED GRADIENT <= PGTOL
1744,C5,True,CONVERGENCE: NORM OF PROJECTED GRADIENT <= PGTOL
1745,C1,True,CONVERGENCE: NORM OF PROJECTED GRADIENT <= PGTOL
1745,C2,True,CONVERGENCE: NORM OF PROJECTED GRADIENT <= PGTOL
1745,C3,True,CONVERGENCE: NORM OF PROJECTED GRADIENT <= PGTOL
1745,C4,True,CONVERGENCE: NORM OF PROJECTED GRADIENT <= PGTOL
1745,C5,True,CONVERGENCE: NORM OF PROJECTED GRADIENT <= PGTOL
1746,C1,True,CONVERGENCE: NORM OF PROJECTED GRADIENT <= PGTOL
1746,C2,True,CONVERGENCE: NORM OF PROJECTED GRADIENT <= PGTOL
1746,C3,True,CONVERGENCE: NORM OF PROJECTED GRADIENT <= PGTOL
1746,C4,True,CONVERGENCE: NORM OF PROJECTED GRADIENT <= PGTOL
1746,C5,True,CONVERGENCE: NORM OF PROJECTED GRADIENT <= PGTOL
1747,C1,True,CONVERGENCE: NORM OF PROJECTED GRADIENT <= PGTOL
1747,C2,True,CONVERGENCE: NORM OF PROJECTED GRADIENT <= PGTOL
1747,C3,True,CONVERGENCE: NORM OF PROJECTED GRADIENT <= PGTOL
1747,C4,True,CONVERGENCE: NORM OF PROJECTED GRADIENT <= PGTOL
1747,C5,True,CONVERGENCE: NORM OF PROJECTED GRADIENT <= PGTOL
1748,C1,True,CONVERGENCE: NORM OF PROJECTED GRADIENT <= PGTOL
1748,C2,True,CONVERGENCE: NORM OF PROJECTED GRADIENT <= PGTOL
1748,C3,True,CONVERGENCE: NORM OF PROJECTED GRADIENT <= PGTOL
1748,C4,True,CONVERGENCE: NORM OF PROJECTED GRADIENT <= PGTOL
1748,C5,True,CONVERGENCE: NORM OF PROJECTED GRADIENT <= PGTOL
1749,C1,True,CONVERGENCE: NORM OF PROJECTED GRADIENT <= PGTOL
1749,C2,True,CONVERGENCE: NORM OF PROJECTED GRADIENT <= PGTOL
1749,C3,True,CONVERGENCE: NORM OF PROJECTED GRADIENT <= PGTOL
1749,C4,True,CONVERGENCE: NORM OF PROJECTED GRADIENT <= PGTOL
1749,C5,True,CONVERGENCE: NORM OF PROJECTED GRADIENT <= PGTOL
1750,C1,True,CONVERGENCE: NORM OF PROJECTED GRADIENT <= PGTOL
1750,C2,True,CONVERGENCE: NORM OF PROJECTED GRADIENT <= PGTOL
1750,C3,True,CONVERGENCE: NORM OF PROJECTED GRADIENT <= PGTOL
1750,C4,True,CONVERGENCE: NORM OF PROJECTED GRADIENT <= PGTOL
1750,C5,True,CONVERGENCE: NORM OF PROJECTED GRADIENT <= PGTOL
1751,C1,True,CONVERGENCE: NORM OF PROJECTED GRADIENT <= PGTOL
1751,C2,True,CONVERGENCE: NORM OF PROJECTED GRADIENT <= PGTOL
1751,C3,True,CONVERGENCE: NORM OF PROJECTED GRADIENT <= PGTOL
1751,C4,True,CONVERGENCE: NORM OF PROJECTED GRADIENT <= PGTOL
1751,C5,True,CONVERGENCE: NORM OF PROJECTED GRADIENT <= PGTOL
1752,C1,True,CONVERGENCE: NORM OF PROJECTED GRADIENT <= PGTOL
1752,C2,True,CONVERGENCE: NORM OF PROJECTED GRADIENT <= PGTOL
1752,C3,True,CONVERGENCE: NORM OF PROJECTED GRADIENT <= PGTOL
1752,C4,True,CONVERGENCE: NORM OF PROJECTED GRADIENT <= PGTOL
1752,C5,True,CONVERGENCE: NORM OF PROJECTED GRADIENT <= PGTOL
1753,C1,True,CONVERGENCE: NORM OF PROJECTED GRADIENT <= PGTOL
1753,C2,True,CONVERGENCE: NORM OF PROJECTED GRADIENT <= PGTOL
1753,C3,True,CONVERGENCE: NORM OF PROJECTED GRADIENT <= PGTOL
1753,C4,True,CONVERGENCE: NORM OF PROJECTED GRADIENT <= PGTOL
1753,C5,True,CONVERGENCE: NORM OF PROJECTED GRADIENT <= PGTOL
1754,C1,True,CONVERGENCE: NORM OF PROJECTED GRADIENT <= PGTOL
1754,C2,True,CONVERGENCE: NORM OF PROJECTED GRADIENT <= PGTOL
1754,C3,True,CONVERGENCE: NORM OF PROJECTED GRADIENT <= PGTOL
1754,C4,True,CONVERGENCE: NORM OF PROJECTED GRADIENT <= PGTOL
1754,C5,True,CONVERGENCE: NORM OF PROJECTED GRADIENT <= PGTOL
1755,C1,True,CONVERGENCE: NORM OF PROJECTED GRADIENT <= PGTOL
1755,C2,True,CONVERGENCE: NORM OF PROJECTED GRADIENT <= PGTOL
1755,C3,True,CONVERGENCE: NORM OF PROJECTED GRADIENT <= PGTOL
1755,C4,True,CONVERGENCE: NORM OF PROJECTED GRADIENT <= PGTOL
1755,C5,True,CONVERGENCE: NORM OF PROJECTED GRADIENT <= PGTOL
1756,C1,True,CONVERGENCE: NORM OF PROJECTED GRADIENT <= PGTOL
1756,C2,True,CONVERGENCE: NORM OF PROJECTED GRADIENT <= PGTOL
1756,C3,True,CONVERGENCE: NORM OF PROJECTED GRADIENT <= PGTOL
1756,C4,True,CONVERGENCE: NORM OF PROJECTED GRADIENT <= PGTOL
1756,C5,True,CONVERGENCE: NORM OF PROJECTED GRADIENT <= PGTOL
1757,C1,True,CONVERGENCE: NORM OF PROJECTED GRADIENT <= PGTOL
1757,C2,True,CONVERGENCE: NORM OF PROJECTED GRADIENT <= PGTOL
1757,C3,True,CONVERGENCE: NORM OF PROJECTED GRADIENT <= PGTOL
1757,C4,True,CONVERGENCE: NORM OF PROJECTED GRADIENT <= PGTOL
1757,C5,True,CONVERGENCE: NORM OF PROJECTED GRADIENT <= PGTOL
1758,C1,True,CONVERGENCE: NORM OF PROJECTED GRADIENT <= PGTOL
1758,C2,True,CONVERGENCE: NORM OF PROJECTED GRADIENT <= PGTOL
1758,C3,True,CONVERGENCE: NORM OF PROJECTED GRADIENT <= PGTOL
1758,C4,True,CONVERGENCE: NORM OF PROJECTED GRADIENT <= PGTOL
1758,C5,True,CONVERGENCE: NORM OF PROJECTED GRADIENT <= PGTOL
1759,C1,True,CONVERGENCE: NORM OF PROJECTED GRADIENT <= PGTOL
1759,C2,True,CONVERGENCE: NORM OF PROJECTED GRADIENT <= PGTOL
1759,C3,True,CONVERGENCE: NORM OF PROJECTED GRADIENT <= PGTOL
1759,C4,True,CONVERGENCE: NORM OF PROJECTED GRADIENT <= PGTOL
1759,C5,True,CONVERGENCE: NORM OF PROJECTED GRADIENT <= PGTOL
1760,C1,True,CONVERGENCE: NORM OF PROJECTED GRADIENT <= PGTOL
1760,C2,True,CONVERGENCE: NORM OF PROJECTED GRADIENT <= PGTOL
1760,C3,True,CONVERGENCE: NORM OF PROJECTED GRADIENT <= PGTOL
1760,C4,True,CONVERGENCE: NORM OF PROJECTED GRADIENT <= PGTOL
1760,C5,True,CONVERGENCE: NORM OF PROJECTED GRADIENT <= PGTOL
1761,C1,True,CONVERGENCE: NORM OF PROJECTED GRADIENT <= PGTOL
1761,C2,True,CONVERGENCE: NORM OF PROJECTED GRADIENT <= PGTOL
1761,C3,True,CONVERGENCE: NORM OF PROJECTED GRADIENT <= PGTOL
1761,C4,True,CONVERGENCE: NORM OF PROJECTED GRADIENT <= PGTOL
1761,C5,True,CONVERGENCE: NORM OF PROJECTED GRADIENT <= PGTOL
1762,C1,True,CONVERGENCE: NORM OF PROJECTED GRADIENT <= PGTOL
1762,C2,True,CONVERGENCE: NORM OF PROJECTED GRADIENT <= PGTOL
1762,C3,True,CONVERGENCE: NORM OF PROJECTED GRADIENT <= PGTOL
1762,C4,True,CONVERGENCE: NORM OF PROJECTED GRADIENT <= PGTOL
1762,C5,True,CONVERGENCE: NORM OF PROJECTED GRADIENT <= PGTOL
1763,C1,True,CONVERGENCE: NORM OF PROJECTED GRADIENT <= PGTOL
1763,C2,True,CONVERGENCE: NORM OF PROJECTED GRADIENT <= PGTOL
1763,C3,True,CONVERGENCE: NORM OF PROJECTED GRADIENT <= PGTOL
1763,C4,True,CONVERGENCE: NORM OF PROJECTED GRADIENT <= PGTOL
1763,C5,True,CONVERGENCE: NORM OF PROJECTED GRADIENT <= PGTOL
1764,C1,True,CONVERGENCE: NORM OF PROJECTED GRADIENT <= PGTOL
1764,C2,True,CONVERGENCE: NORM OF PROJECTED GRADIENT <= PGTOL
1764,C3,True,CONVERGENCE: NORM OF PROJECTED GRADIENT <= PGTOL
1764,C4,True,CONVERGENCE: NORM OF PROJECTED GRADIENT <= PGTOL
1764,C5,True,CONVERGENCE: NORM OF PROJECTED GRADIENT <= PGTOL
1765,C1,True,CONVERGENCE: NORM OF PROJECTED GRADIENT <= PGTOL
1765,C2,True,CONVERGENCE: NORM OF PROJECTED GRADIENT <= PGTOL
1765,C3,True,CONVERGENCE: NORM OF PROJECTED GRADIENT <= PGTOL
1765,C4,True,CONVERGENCE: NORM OF PROJECTED GRADIENT <= PGTOL
1765,C5,True,CONVERGENCE: NORM OF PROJECTED GRADIENT <= PGTOL
1766,C1,True,CONVERGENCE: NORM OF PROJECTED GRADIENT <= PGTOL
1766,C2,True,CONVERGENCE: NORM OF PROJECTED GRADIENT <= PGTOL
1766,C3,True,CONVERGENCE: NORM OF PROJECTED GRADIENT <= PGTOL
1766,C4,True,CONVERGENCE: NORM OF PROJECTED GRADIENT <= PGTOL
1766,C5,True,CONVERGENCE: NORM OF PROJECTED GRADIENT <= PGTOL
1767,C1,True,CONVERGENCE: NORM OF PROJECTED GRADIENT <= PGTOL
1767,C2,True,CONVERGENCE: NORM OF PROJECTED GRADIENT <= PGTOL
1767,C3,True,CONVERGENCE: NORM OF PROJECTED GRADIENT <= PGTOL
1767,C4,True,CONVERGENCE: NORM OF PROJECTED GRADIENT <= PGTOL
1767,C5,True,CONVERGENCE: NORM OF PROJECTED GRADIENT <= PGTOL
1768,C1,True,CONVERGENCE: NORM OF PROJECTED GRADIENT <= PGTOL
1768,C2,True,CONVERGENCE: NORM OF PROJECTED GRADIENT <= PGTOL
1768,C3,True,CONVERGENCE: NORM OF PROJECTED GRADIENT <= PGTOL
1768,C4,True,CONVERGENCE: NORM OF PROJECTED GRADIENT <= PGTOL
1768,C5,True,CONVERGENCE: NORM OF PROJECTED GRADIENT <= PGTOL
1769,C1,True,CONVERGENCE: NORM OF PROJECTED GRADIENT <= PGTOL
1769,C2,True,CONVERGENCE: NORM OF PROJECTED GRADIENT <= PGTOL
1769,C3,True,CONVERGENCE: NORM OF PROJECTED GRADIENT <= PGTOL
1769,C4,True,CONVERGENCE: NORM OF PROJECTED GRADIENT <= PGTOL
1769,C5,True,CONVERGENCE: NORM OF PROJECTED GRADIENT <= PGTOL
1770,C1,True,CONVERGENCE: NORM OF PROJECTED GRADIENT <= PGTOL
1770,C2,True,CONVERGENCE: NORM OF PROJECTED GRADIENT <= PGTOL
1770,C3,True,CONVERGENCE: NORM OF PROJECTED GRADIENT <= PGTOL
1770,C4,True,CONVERGENCE: NORM OF PROJECTED GRADIENT <= PGTOL
1770,C5,True,CONVERGENCE: NORM OF PROJECTED GRADIENT <= PGTOL
1771,C1,True,CONVERGENCE: NORM OF PROJECTED GRADIENT <= PGTOL
1771,C2,True,CONVERGENCE: NORM OF PROJECTED GRADIENT <= PGTOL
1771,C3,True,CONVERGENCE: NORM OF PROJECTED GRADIENT <= PGTOL
1771,C4,True,CONVERGENCE: NORM OF PROJECTED GRADIENT <= PGTOL
1771,C5,True,CONVERGENCE: NORM OF PROJECTED GRADIENT <= PGTOL
1772,C1,True,CONVERGENCE: NORM OF PROJECTED GRADIENT <= PGTOL
1772,C2,True,CONVERGENCE: NORM OF PROJECTED GRADIENT <= PGTOL
1772,C3,True,CONVERGENCE: NORM OF PROJECTED GRADIENT <= PGTOL
1772,C4,True,CONVERGENCE: NORM OF PROJECTED GRADIENT <= PGTOL
1772,C5,True,CONVERGENCE: NORM OF PROJECTED GRADIENT <= PGTOL
1773,C1,True,CONVERGENCE: NORM OF PROJECTED GRADIENT <= PGTOL
1773,C2,True,CONVERGENCE: NORM OF PROJECTED GRADIENT <= PGTOL
1773,C3,True,CONVERGENCE: NORM OF PROJECTED GRADIENT <= PGTOL
1773,C4,True,CONVERGENCE: NORM OF PROJECTED GRADIENT <= PGTOL
1773,C5,True,CONVERGENCE: NORM OF PROJECTED GRADIENT <= PGTOL
1774,C1,True,CONVERGENCE: NORM OF PROJECTED GRADIENT <= PGTOL
1774,C2,True,CONVERGENCE: NORM OF PROJECTED GRADIENT <= PGTOL
1774,C3,True,CONVERGENCE: NORM OF PROJECTED GRADIENT <= PGTOL
1774,C4,True,CONVERGENCE: NORM OF PROJECTED GRADIENT <= PGTOL
1774,C5,True,CONVERGENCE: NORM OF PROJECTED GRADIENT <= PGTOL
1775,C1,True,CONVERGENCE: NORM OF PROJECTED GRADIENT <= PGTOL
1775,C2,True,CONVERGENCE: NORM OF PROJECTED GRADIENT <= PGTOL
1775,C3,True,CONVERGENCE: NORM OF PROJECTED GRADIENT <= PGTOL
1775,C4,True,CONVERGENCE: NORM OF PROJECTED GRADIENT <= PGTOL
1775,C5,True,CONVERGENCE: NORM OF PROJECTED GRADIENT <= PGTOL
1776,C1,True,CONVERGENCE: NORM OF PROJECTED GRADIENT <= PGTOL
1776,C2,True,CONVERGENCE: NORM OF PROJECTED GRADIENT <= PGTOL
1776,C3,True,CONVERGENCE: NORM OF PROJECTED GRADIENT <= PGTOL
1776,C4,True,CONVERGENCE: NORM OF PROJECTED GRADIENT <= PGTOL
1776,C5,True,CONVERGENCE: NORM OF PROJECTED GRADIENT <= PGTOL
1777,C1,True,CONVERGENCE: NORM OF PROJECTED GRADIENT <= PGTOL
1777,C2,True,CONVERGENCE: NORM OF PROJECTED GRADIENT <= PGTOL
1777,C3,True,CONVERGENCE: NORM OF PROJECTED GRADIENT <= PGTOL
1777,C4,True,CONVERGENCE: NORM OF PROJECTED GRADIENT <= PGTOL
1777,C5,True,CONVERGENCE: NORM OF PROJECTED GRADIENT <= PGTOL
1778,C1,True,CONVERGENCE: NORM OF PROJECTED GRADIENT <= PGTOL
1778,C2,True,CONVERGENCE: NORM OF PROJECTED GRADIENT <= PGTOL
1778,C3,True,CONVERGENCE: NORM OF PROJECTED GRADIENT <= PGTOL
1778,C4,True,CONVERGENCE: NORM OF PROJECTED GRADIENT <= PGTOL
1778,C5,True,CONVERGENCE: NORM OF PROJECTED GRADIENT <= PGTOL
1779,C1,True,CONVERGENCE: NORM OF PROJECTED GRADIENT <= PGTOL
1779,C2,True,CONVERGENCE: NORM OF PROJECTED GRADIENT <= PGTOL
1779,C3,True,CONVERGENCE: NORM OF PROJECTED GRADIENT <= PGTOL
1779,C4,True,CONVERGENCE: NORM OF PROJECTED GRADIENT <= PGTOL
1779,C5,True,CONVERGENCE: NORM OF PROJECTED GRADIENT <= PGTOL
1780,C1,True,CONVERGENCE: NORM OF PROJECTED GRADIENT <= PGTOL
1780,C2,True,CONVERGENCE: NORM OF PROJECTED GRADIENT <= PGTOL
1780,C3,True,CONVERGENCE: NORM OF PROJECTED GRADIENT <= PGTOL
1780,C4,True,CONVERGENCE: NORM OF PROJECTED GRADIENT <= PGTOL
1780,C5,True,CONVERGENCE: NORM OF PROJECTED GRADIENT <= PGTOL
1781,C1,True,CONVERGENCE: NORM OF PROJECTED GRADIENT <= PGTOL
1781,C2,True,CONVERGENCE: NORM OF PROJECTED GRADIENT <= PGTOL
1781,C3,True,CONVERGENCE: NORM OF PROJECTED GRADIENT <= PGTOL
1781,C4,True,CONVERGENCE: NORM OF PROJECTED GRADIENT <= PGTOL
1781,C5,True,CONVERGENCE: NORM OF PROJECTED GRADIENT <= PGTOL
1782,C1,True,CONVERGENCE: NORM OF PROJECTED GRADIENT <= PGTOL
1782,C2,True,CONVERGENCE: NORM OF PROJECTED GRADIENT <= PGTOL
1782,C3,True,CONVERGENCE: NORM OF PROJECTED GRADIENT <= PGTOL
1782,C4,True,CONVERGENCE: NORM OF PROJECTED GRADIENT <= PGTOL
1782,C5,True,CONVERGENCE: NORM OF PROJECTED GRADIENT <= PGTOL
1783,C1,True,CONVERGENCE: NORM OF PROJECTED GRADIENT <= PGTOL
1783,C2,True,CONVERGENCE: NORM OF PROJECTED GRADIENT <= PGTOL
1783,C3,True,CONVERGENCE: NORM OF PROJECTED GRADIENT <= PGTOL
1783,C4,True,CONVERGENCE: NORM OF PROJECTED GRADIENT <= PGTOL
1783,C5,True,CONVERGENCE: NORM OF PROJECTED GRADIENT <= PGTOL
1784,C1,True,CONVERGENCE: NORM OF PROJECTED GRADIENT <= PGTOL
1784,C2,True,CONVERGENCE: NORM OF PROJECTED GRADIENT <= PGTOL
1784,C3,True,CONVERGENCE: NORM OF PROJECTED GRADIENT <= PGTOL
1784,C4,True,CONVERGENCE: NORM OF PROJECTED GRADIENT <= PGTOL
1784,C5,True,CONVERGENCE: NORM OF PROJECTED GRADIENT <= PGTOL
1785,C1,True,CONVERGENCE: NORM OF PROJECTED GRADIENT <= PGTOL
1785,C2,True,CONVERGENCE: NORM OF PROJECTED GRADIENT <= PGTOL
1785,C3,True,CONVERGENCE: NORM OF PROJECTED GRADIENT <= PGTOL
1785,C4,True,CONVERGENCE: NORM OF PROJECTED GRADIENT <= PGTOL
1785,C5,True,CONVERGENCE: NORM OF PROJECTED GRADIENT <= PGTOL
1786,C1,True,CONVERGENCE: NORM OF PROJECTED GRADIENT <= PGTOL
1786,C2,True,CONVERGENCE: NORM OF PROJECTED GRADIENT <= PGTOL
1786,C3,True,CONVERGENCE: NORM OF PROJECTED GRADIENT <= PGTOL
1786,C4,True,CONVERGENCE: NORM OF PROJECTED GRADIENT <= PGTOL
1786,C5,True,CONVERGENCE: NORM OF PROJECTED GRADIENT <= PGTOL
1787,C1,True,CONVERGENCE: NORM OF PROJECTED GRADIENT <= PGTOL
1787,C2,True,CONVERGENCE: NORM OF PROJECTED GRADIENT <= PGTOL
1787,C3,True,CONVERGENCE: NORM OF PROJECTED GRADIENT <= PGTOL
1787,C4,True,CONVERGENCE: NORM OF PROJECTED GRADIENT <= PGTOL
1787,C5,True,CONVERGENCE: NORM OF PROJECTED GRADIENT <= PGTOL
1788,C1,True,CONVERGENCE: NORM OF PROJECTED GRADIENT <= PGTOL
1788,C2,True,CONVERGENCE: NORM OF PROJECTED GRADIENT <= PGTOL
1788,C3,True,CONVERGENCE: NORM OF PROJECTED GRADIENT <= PGTOL
1788,C4,True,CONVERGENCE: NORM OF PROJECTED GRADIENT <= PGTOL
1788,C5,True,CONVERGENCE: NORM OF PROJECTED GRADIENT <= PGTOL
1789,C1,True,CONVERGENCE: NORM OF PROJECTED GRADIENT <= PGTOL
1789,C2,True,CONVERGENCE: NORM OF PROJECTED GRADIENT <= PGTOL
1789,C3,True,CONVERGENCE: NORM OF PROJECTED GRADIENT <= PGTOL
1789,C4,True,CONVERGENCE: NORM OF PROJECTED GRADIENT <= PGTOL
1789,C5,True,CONVERGENCE: NORM OF PROJECTED GRADIENT <= PGTOL
1790,C1,True,CONVERGENCE: NORM OF PROJECTED GRADIENT <= PGTOL
1790,C2,True,CONVERGENCE: NORM OF PROJECTED GRADIENT <= PGTOL
1790,C3,True,CONVERGENCE: NORM OF PROJECTED GRADIENT <= PGTOL
1790,C4,True,CONVERGENCE: NORM OF PROJECTED GRADIENT <= PGTOL
1790,C5,True,CONVERGENCE: NORM OF PROJECTED GRADIENT <= PGTOL
1791,C1,True,CONVERGENCE: NORM OF PROJECTED GRADIENT <= PGTOL
1791,C2,True,CONVERGENCE: NORM OF PROJECTED GRADIENT <= PGTOL
1791,C3,True,CONVERGENCE: NORM OF PROJECTED GRADIENT <= PGTOL
1791,C4,True,CONVERGENCE: NORM OF PROJECTED GRADIENT <= PGTOL
1791,C5,True,CONVERGENCE: NORM OF PROJECTED GRADIENT <= PGTOL
1792,C1,True,CONVERGENCE: NORM OF PROJECTED GRADIENT <= PGTOL
1792,C2,True,CONVERGENCE: NORM OF PROJECTED GRADIENT <= PGTOL
1792,C3,True,CONVERGENCE: NORM OF PROJECTED GRADIENT <= PGTOL
1792,C4,True,CONVERGENCE: NORM OF PROJECTED GRADIENT <= PGTOL
1792,C5,True,CONVERGENCE: NORM OF PROJECTED GRADIENT <= PGTOL
1793,C1,True,CONVERGENCE: NORM OF PROJECTED GRADIENT <= PGTOL
1793,C2,True,CONVERGENCE: NORM OF PROJECTED GRADIENT <= PGTOL
1793,C3,True,CONVERGENCE: NORM OF PROJECTED GRADIENT <= PGTOL
1793,C4,True,CONVERGENCE: NORM OF PROJECTED GRADIENT <= PGTOL
1793,C5,True,CONVERGENCE: NORM OF PROJECTED GRADIENT <= PGTOL
1794,C1,True,CONVERGENCE: NORM OF PROJECTED GRADIENT <= PGTOL
1794,C2,True,CONVERGENCE: NORM OF PROJECTED GRADIENT <= PGTOL
1794,C3,True,CONVERGENCE: NORM OF PROJECTED GRADIENT <= PGTOL
1794,C4,True,CONVERGENCE: NORM OF PROJECTED GRADIENT <= PGTOL
1794,C5,True,CONVERGENCE: NORM OF PROJECTED GRADIENT <= PGTOL
1795,C1,True,CONVERGENCE: NORM OF PROJECTED GRADIENT <= PGTOL
1795,C2,True,CONVERGENCE: NORM OF PROJECTED GRADIENT <= PGTOL
1795,C3,True,CONVERGENCE: NORM OF PROJECTED GRADIENT <= PGTOL
1795,C4,True,CONVERGENCE: NORM OF PROJECTED GRADIENT <= PGTOL
1795,C5,True,CONVERGENCE: NORM OF PROJECTED GRADIENT <= PGTOL
1796,C1,True,CONVERGENCE: NORM OF PROJECTED GRADIENT <= PGTOL
1796,C2,True,CONVERGENCE: NORM OF PROJECTED GRADIENT <= PGTOL
1796,C3,True,CONVERGENCE: NORM OF PROJECTED GRADIENT <= PGTOL
1796,C4,True,CONVERGENCE: NORM OF PROJECTED GRADIENT <= PGTOL
1796,C5,True,CONVERGENCE: NORM OF PROJECTED GRADIENT <= PGTOL
1797,C1,True,CONVERGENCE: NORM OF PROJECTED GRADIENT <= PGTOL
1797,C2,True,CONVERGENCE: NORM OF PROJECTED GRADIENT <= PGTOL
1797,C3,True,CONVERGENCE: NORM OF PROJECTED GRADIENT <= PGTOL
1797,C4,True,CONVERGENCE: NORM OF PROJECTED GRADIENT <= PGTOL
1797,C5,True,CONVERGENCE: NORM OF PROJECTED GRADIENT <= PGTOL
1798,C1,True,CONVERGENCE: NORM OF PROJECTED GRADIENT <= PGTOL
1798,C2,True,CONVERGENCE: NORM OF PROJECTED GRADIENT <= PGTOL
1798,C3,True,CONVERGENCE: NORM OF PROJECTED GRADIENT <= PGTOL
1798,C4,True,CONVERGENCE: NORM OF PROJECTED GRADIENT <= PGTOL
1798,C5,True,CONVERGENCE: NORM OF PROJECTED GRADIENT <= PGTOL
1799,C1,True,CONVERGENCE: NORM OF PROJECTED GRADIENT <= PGTOL
1799,C2,True,CONVERGENCE: NORM OF PROJECTED GRADIENT <= PGTOL
1799,C3,True,CONVERGENCE: NORM OF PROJECTED GRADIENT <= PGTOL
1799,C4,True,CONVERGENCE: NORM OF PROJECTED GRADIENT <= PGTOL
1799,C5,True,CONVERGENCE: NORM OF PROJECTED GRADIENT <= PGTOL
1800,C1,True,CONVERGENCE: NORM OF PROJECTED GRADIENT <= PGTOL
1800,C2,True,CONVERGENCE: NORM OF PROJECTED GRADIENT <= PGTOL
1800,C3,True,CONVERGENCE: NORM OF PROJECTED GRADIENT <= PGTOL
1800,C4,True,CONVERGENCE: NORM OF PROJECTED GRADIENT <= PGTOL
1800,C5,True,CONVERGENCE: NORM OF PROJECTED GRADIENT <= PGTOL
1801,C1,True,CONVERGENCE: NORM OF PROJECTED GRADIENT <= PGTOL
1801,C2,True,CONVERGENCE: NORM OF PROJECTED GRADIENT <= PGTOL
1801,C3,True,CONVERGENCE: NORM OF PROJECTED GRADIENT <= PGTOL
1801,C4,True,CONVERGENCE: NORM OF PROJECTED GRADIENT <= PGTOL
1801,C5,True,CONVERGENCE: NORM OF PROJECTED GRADIENT <= PGTOL
1802,C1,True,CONVERGENCE: NORM OF PROJECTED GRADIENT <= PGTOL
1802,C2,True,CONVERGENCE: NORM OF PROJECTED GRADIENT <= PGTOL
1802,C3,True,CONVERGENCE: NORM OF PROJECTED GRADIENT <= PGTOL
1802,C4,True,CONVERGENCE: NORM OF PROJECTED GRADIENT <= PGTOL
1802,C5,True,CONVERGENCE: NORM OF PROJECTED GRADIENT <= PGTOL
1803,C1,True,CONVERGENCE: NORM OF PROJECTED GRADIENT <= PGTOL
1803,C2,True,CONVERGENCE: NORM OF PROJECTED GRADIENT <= PGTOL
1803,C3,True,CONVERGENCE: NORM OF PROJECTED GRADIENT <= PGTOL
1803,C4,True,CONVERGENCE: NORM OF PROJECTED GRADIENT <= PGTOL
1803,C5,True,CONVERGENCE: NORM OF PROJECTED GRADIENT <= PGTOL
1804,C1,True,CONVERGENCE: NORM OF PROJECTED GRADIENT <= PGTOL
1804,C2,True,CONVERGENCE: NORM OF PROJECTED GRADIENT <= PGTOL
1804,C3,True,CONVERGENCE: NORM OF PROJECTED GRADIENT <= PGTOL
1804,C4,True,CONVERGENCE: NORM OF PROJECTED GRADIENT <= PGTOL
1804,C5,True,CONVERGENCE: NORM OF PROJECTED GRADIENT <= PGTOL
1805,C1,True,CONVERGENCE: NORM OF PROJECTED GRADIENT <= PGTOL
1805,C2,True,CONVERGENCE: NORM OF PROJECTED GRADIENT <= PGTOL
1805,C3,True,CONVERGENCE: NORM OF PROJECTED GRADIENT <= PGTOL
1805,C4,True,CONVERGENCE: NORM OF PROJECTED GRADIENT <= PGTOL
1805,C5,True,CONVERGENCE: NORM OF PROJECTED GRADIENT <= PGTOL
1806,C1,True,CONVERGENCE: NORM OF PROJECTED GRADIENT <= PGTOL
1806,C2,True,CONVERGENCE: NORM OF PROJECTED GRADIENT <= PGTOL
1806,C3,True,CONVERGENCE: NORM OF PROJECTED GRADIENT <= PGTOL
1806,C4,True,CONVERGENCE: NORM OF PROJECTED GRADIENT <= PGTOL
1806,C5,True,CONVERGENCE: NORM OF PROJECTED GRADIENT <= PGTOL
1807,C1,True,CONVERGENCE: NORM OF PROJECTED GRADIENT <= PGTOL
1807,C2,True,CONVERGENCE: NORM OF PROJECTED GRADIENT <= PGTOL
1807,C3,True,CONVERGENCE: NORM OF PROJECTED GRADIENT <= PGTOL
1807,C4,True,CONVERGENCE: NORM OF PROJECTED GRADIENT <= PGTOL
1807,C5,True,CONVERGENCE: NORM OF PROJECTED GRADIENT <= PGTOL
1808,C1,True,CONVERGENCE: NORM OF PROJECTED GRADIENT <= PGTOL
1808,C2,True,CONVERGENCE: NORM OF PROJECTED GRADIENT <= PGTOL
1808,C3,True,CONVERGENCE: NORM OF PROJECTED GRADIENT <= PGTOL
1808,C4,True,CONVERGENCE: NORM OF PROJECTED GRADIENT <= PGTOL
1808,C5,True,CONVERGENCE: NORM OF PROJECTED GRADIENT <= PGTOL
1809,C1,True,CONVERGENCE: NORM OF PROJECTED GRADIENT <= PGTOL
1809,C2,True,CONVERGENCE: NORM OF PROJECTED GRADIENT <= PGTOL
1809,C3,True,CONVERGENCE: NORM OF PROJECTED GRADIENT <= PGTOL
1809,C4,True,CONVERGENCE: NORM OF PROJECTED GRADIENT <= PGTOL
1809,C5,True,CONVERGENCE: NORM OF PROJECTED GRADIENT <= PGTOL
1810,C1,True,CONVERGENCE: NORM OF PROJECTED GRADIENT <= PGTOL
1810,C2,True,CONVERGENCE: NORM OF PROJECTED GRADIENT <= PGTOL
1810,C3,True,CONVERGENCE: NORM OF PROJECTED GRADIENT <= PGTOL
1810,C4,True,CONVERGENCE: NORM OF PROJECTED GRADIENT <= PGTOL
1810,C5,True,CONVERGENCE: NORM OF PROJECTED GRADIENT <= PGTOL
1811,C1,True,CONVERGENCE: NORM OF PROJECTED GRADIENT <= PGTOL
1811,C2,True,CONVERGENCE: NORM OF PROJECTED GRADIENT <= PGTOL
1811,C3,True,CONVERGENCE: NORM OF PROJECTED GRADIENT <= PGTOL
1811,C4,True,CONVERGENCE: NORM OF PROJECTED GRADIENT <= PGTOL
1811,C5,True,CONVERGENCE: NORM OF PROJECTED GRADIENT <= PGTOL
1812,C1,True,CONVERGENCE: NORM OF PROJECTED GRADIENT <= PGTOL
1812,C2,True,CONVERGENCE: NORM OF PROJECTED GRADIENT <= PGTOL
1812,C3,True,CONVERGENCE: NORM OF PROJECTED GRADIENT <= PGTOL
1812,C4,True,CONVERGENCE: NORM OF PROJECTED GRADIENT <= PGTOL
1812,C5,True,CONVERGENCE: NORM OF PROJECTED GRADIENT <= PGTOL
1813,C1,True,CONVERGENCE: NORM OF PROJECTED GRADIENT <= PGTOL
1813,C2,True,CONVERGENCE: NORM OF PROJECTED GRADIENT <= PGTOL
1813,C3,True,CONVERGENCE: NORM OF PROJECTED GRADIENT <= PGTOL
1813,C4,True,CONVERGENCE: NORM OF PROJECTED GRADIENT <= PGTOL
1813,C5,True,CONVERGENCE: NORM OF PROJECTED GRADIENT <= PGTOL
1814,C1,True,CONVERGENCE: NORM OF PROJECTED GRADIENT <= PGTOL
1814,C2,True,CONVERGENCE: NORM OF PROJECTED GRADIENT <= PGTOL
1814,C3,True,CONVERGENCE: NORM OF PROJECTED GRADIENT <= PGTOL
1814,C4,True,CONVERGENCE: NORM OF PROJECTED GRADIENT <= PGTOL
1814,C5,True,CONVERGENCE: NORM OF PROJECTED GRADIENT <= PGTOL
1815,C1,True,CONVERGENCE: NORM OF PROJECTED GRADIENT <= PGTOL
1815,C2,True,CONVERGENCE: NORM OF PROJECTED GRADIENT <= PGTOL
1815,C3,True,CONVERGENCE: NORM OF PROJECTED GRADIENT <= PGTOL
1815,C4,True,CONVERGENCE: NORM OF PROJECTED GRADIENT <= PGTOL
1815,C5,True,CONVERGENCE: NORM OF PROJECTED GRADIENT <= PGTOL
1816,C1,True,CONVERGENCE: NORM OF PROJECTED GRADIENT <= PGTOL
1816,C2,True,CONVERGENCE: NORM OF PROJECTED GRADIENT <= PGTOL
1816,C3,True,CONVERGENCE: NORM OF PROJECTED GRADIENT <= PGTOL
1816,C4,True,CONVERGENCE: NORM OF PROJECTED GRADIENT <= PGTOL
1816,C5,True,CONVERGENCE: NORM OF PROJECTED GRADIENT <= PGTOL
1817,C1,True,CONVERGENCE: NORM OF PROJECTED GRADIENT <= PGTOL
1817,C2,True,CONVERGENCE: NORM OF PROJECTED GRADIENT <= PGTOL
1817,C3,True,CONVERGENCE: NORM OF PROJECTED GRADIENT <= PGTOL
1817,C4,True,CONVERGENCE: NORM OF PROJECTED GRADIENT <= PGTOL
1817,C5,True,CONVERGENCE: NORM OF PROJECTED GRADIENT <= PGTOL
1818,C1,True,CONVERGENCE: NORM OF PROJECTED GRADIENT <= PGTOL
1818,C2,True,CONVERGENCE: NORM OF PROJECTED GRADIENT <= PGTOL
1818,C3,True,CONVERGENCE: NORM OF PROJECTED GRADIENT <= PGTOL
1818,C4,True,CONVERGENCE: NORM OF PROJECTED GRADIENT <= PGTOL
1818,C5,True,CONVERGENCE: NORM OF PROJECTED GRADIENT <= PGTOL
1819,C1,True,CONVERGENCE: NORM OF PROJECTED GRADIENT <= PGTOL
1819,C2,True,CONVERGENCE: NORM OF PROJECTED GRADIENT <= PGTOL
1819,C3,True,CONVERGENCE: NORM OF PROJECTED GRADIENT <= PGTOL
1819,C4,True,CONVERGENCE: NORM OF PROJECTED GRADIENT <= PGTOL
1819,C5,True,CONVERGENCE: NORM OF PROJECTED GRADIENT <= PGTOL
1820,C1,True,CONVERGENCE: NORM OF PROJECTED GRADIENT <= PGTOL
1820,C2,True,CONVERGENCE: NORM OF PROJECTED GRADIENT <= PGTOL
1820,C3,True,CONVERGENCE: NORM OF PROJECTED GRADIENT <= PGTOL
1820,C4,True,CONVERGENCE: NORM OF PROJECTED GRADIENT <= PGTOL
1820,C5,True,CONVERGENCE: NORM OF PROJECTED GRADIENT <= PGTOL
1821,C1,True,CONVERGENCE: NORM OF PROJECTED GRADIENT <= PGTOL
1821,C2,True,CONVERGENCE: NORM OF PROJECTED GRADIENT <= PGTOL
1821,C3,True,CONVERGENCE: NORM OF PROJECTED GRADIENT <= PGTOL
1821,C4,True,CONVERGENCE: NORM OF PROJECTED GRADIENT <= PGTOL
1821,C5,True,CONVERGENCE: NORM OF PROJECTED GRADIENT <= PGTOL
1822,C1,True,CONVERGENCE: NORM OF PROJECTED GRADIENT <= PGTOL
1822,C2,True,CONVERGENCE: NORM OF PROJECTED GRADIENT <= PGTOL
1822,C3,True,CONVERGENCE: NORM OF PROJECTED GRADIENT <= PGTOL
1822,C4,True,CONVERGENCE: NORM OF PROJECTED GRADIENT <= PGTOL
1822,C5,True,CONVERGENCE: NORM OF PROJECTED GRADIENT <= PGTOL
1823,C1,True,CONVERGENCE: NORM OF PROJECTED GRADIENT <= PGTOL
1823,C2,True,CONVERGENCE: NORM OF PROJECTED GRADIENT <= PGTOL
1823,C3,True,CONVERGENCE: NORM OF PROJECTED GRADIENT <= PGTOL
1823,C4,True,CONVERGENCE: NORM OF PROJECTED GRADIENT <= PGTOL
1823,C5,True,CONVERGENCE: NORM OF PROJECTED GRADIENT <= PGTOL
1824,C1,True,CONVERGENCE: NORM OF PROJECTED GRADIENT <= PGTOL
1824,C2,True,CONVERGENCE: NORM OF PROJECTED GRADIENT <= PGTOL
1824,C3,True,CONVERGENCE: NORM OF PROJECTED GRADIENT <= PGTOL
1824,C4,True,CONVERGENCE: NORM OF PROJECTED GRADIENT <= PGTOL
1824,C5,True,CONVERGENCE: NORM OF PROJECTED GRADIENT <= PGTOL
1825,C1,True,CONVERGENCE: NORM OF PROJECTED GRADIENT <= PGTOL
1825,C2,True,CONVERGENCE: NORM OF PROJECTED GRADIENT <= PGTOL
1825,C3,True,CONVERGENCE: NORM OF PROJECTED GRADIENT <= PGTOL
1825,C4,True,CONVERGENCE: NORM OF PROJECTED GRADIENT <= PGTOL
1825,C5,True,CONVERGENCE: NORM OF PROJECTED GRADIENT <= PGTOL
1826,C1,True,CONVERGENCE: NORM OF PROJECTED GRADIENT <= PGTOL
1826,C2,True,CONVERGENCE: NORM OF PROJECTED GRADIENT <= PGTOL
1826,C3,True,CONVERGENCE: NORM OF PROJECTED GRADIENT <= PGTOL
1826,C4,True,CONVERGENCE: NORM OF PROJECTED GRADIENT <= PGTOL
1826,C5,True,CONVERGENCE: NORM OF PROJECTED GRADIENT <= PGTOL
1827,C1,True,CONVERGENCE: NORM OF PROJECTED GRADIENT <= PGTOL
1827,C2,True,CONVERGENCE: NORM OF PROJECTED GRADIENT <= PGTOL
1827,C3,True,CONVERGENCE: NORM OF PROJECTED GRADIENT <= PGTOL
1827,C4,True,CONVERGENCE: NORM OF PROJECTED GRADIENT <= PGTOL
1827,C5,True,CONVERGENCE: NORM OF PROJECTED GRADIENT <= PGTOL
1828,C1,True,CONVERGENCE: NORM OF PROJECTED GRADIENT <= PGTOL
1828,C2,True,CONVERGENCE: NORM OF PROJECTED GRADIENT <= PGTOL
1828,C3,True,CONVERGENCE: NORM OF PROJECTED GRADIENT <= PGTOL
1828,C4,True,CONVERGENCE: NORM OF PROJECTED GRADIENT <= PGTOL
1828,C5,True,CONVERGENCE: NORM OF PROJECTED GRADIENT <= PGTOL
1829,C1,True,CONVERGENCE: NORM OF PROJECTED GRADIENT <= PGTOL
1829,C2,True,CONVERGENCE: NORM OF PROJECTED GRADIENT <= PGTOL
1829,C3,True,CONVERGENCE: NORM OF PROJECTED GRADIENT <= PGTOL
1829,C4,True,CONVERGENCE: NORM OF PROJECTED GRADIENT <= PGTOL
1829,C5,True,CONVERGENCE: NORM OF PROJECTED GRADIENT <= PGTOL
1830,C1,True,CONVERGENCE: NORM OF PROJECTED GRADIENT <= PGTOL
1830,C2,True,CONVERGENCE: NORM OF PROJECTED GRADIENT <= PGTOL
1830,C3,True,CONVERGENCE: NORM OF PROJECTED GRADIENT <= PGTOL
1830,C4,True,CONVERGENCE: NORM OF PROJECTED GRADIENT <= PGTOL
1830,C5,True,CONVERGENCE: NORM OF PROJECTED GRADIENT <= PGTOL
1831,C1,True,CONVERGENCE: NORM OF PROJECTED GRADIENT <= PGTOL
1831,C2,True,CONVERGENCE: NORM OF PROJECTED GRADIENT <= PGTOL
1831,C3,True,CONVERGENCE: NORM OF PROJECTED GRADIENT <= PGTOL
1831,C4,True,CONVERGENCE: NORM OF PROJECTED GRADIENT <= PGTOL
1831,C5,True,CONVERGENCE: NORM OF PROJECTED GRADIENT <= PGTOL
1832,C1,True,CONVERGENCE: NORM OF PROJECTED GRADIENT <= PGTOL
1832,C2,True,CONVERGENCE: NORM OF PROJECTED GRADIENT <= PGTOL
1832,C3,True,CONVERGENCE: NORM OF PROJECTED GRADIENT <= PGTOL
1832,C4,True,CONVERGENCE: NORM OF PROJECTED GRADIENT <= PGTOL
1832,C5,True,CONVERGENCE: NORM OF PROJECTED GRADIENT <= PGTOL
1833,C1,True,CONVERGENCE: NORM OF PROJECTED GRADIENT <= PGTOL
1833,C2,True,CONVERGENCE: NORM OF PROJECTED GRADIENT <= PGTOL
1833,C3,True,CONVERGENCE: NORM OF PROJECTED GRADIENT <= PGTOL
1833,C4,True,CONVERGENCE: NORM OF PROJECTED GRADIENT <= PGTOL
1833,C5,True,CONVERGENCE: NORM OF PROJECTED GRADIENT <= PGTOL
1834,C1,True,CONVERGENCE: NORM OF PROJECTED GRADIENT <= PGTOL
1834,C2,True,CONVERGENCE: NORM OF PROJECTED GRADIENT <= PGTOL
1834,C3,True,CONVERGENCE: NORM OF PROJECTED GRADIENT <= PGTOL
1834,C4,True,CONVERGENCE: NORM OF PROJECTED GRADIENT <= PGTOL
1834,C5,True,CONVERGENCE: NORM OF PROJECTED GRADIENT <= PGTOL
1835,C1,True,CONVERGENCE: NORM OF PROJECTED GRADIENT <= PGTOL
1835,C2,True,CONVERGENCE: NORM OF PROJECTED GRADIENT <= PGTOL
1835,C3,True,CONVERGENCE: NORM OF PROJECTED GRADIENT <= PGTOL
1835,C4,True,CONVERGENCE: NORM OF PROJECTED GRADIENT <= PGTOL
1835,C5,True,CONVERGENCE: NORM OF PROJECTED GRADIENT <= PGTOL
1836,C1,True,CONVERGENCE: NORM OF PROJECTED GRADIENT <= PGTOL
1836,C2,True,CONVERGENCE: NORM OF PROJECTED GRADIENT <= PGTOL
1836,C3,True,CONVERGENCE: NORM OF PROJECTED GRADIENT <= PGTOL
1836,C4,True,CONVERGENCE: NORM OF PROJECTED GRADIENT <= PGTOL
1836,C5,True,CONVERGENCE: NORM OF PROJECTED GRADIENT <= PGTOL
1837,C1,True,CONVERGENCE: NORM OF PROJECTED GRADIENT <= PGTOL
1837,C2,True,CONVERGENCE: NORM OF PROJECTED GRADIENT <= PGTOL
1837,C3,True,CONVERGENCE: NORM OF PROJECTED GRADIENT <= PGTOL
1837,C4,True,CONVERGENCE: NORM OF PROJECTED GRADIENT <= PGTOL
1837,C5,True,CONVERGENCE: NORM OF PROJECTED GRADIENT <= PGTOL
1838,C1,True,CONVERGENCE: NORM OF PROJECTED GRADIENT <= PGTOL
1838,C2,True,CONVERGENCE: NORM OF PROJECTED GRADIENT <= PGTOL
1838,C3,True,CONVERGENCE: NORM OF PROJECTED GRADIENT <= PGTOL
1838,C4,True,CONVERGENCE: NORM OF PROJECTED GRADIENT <= PGTOL
1838,C5,True,CONVERGENCE: NORM OF PROJECTED GRADIENT <= PGTOL
1839,C1,True,CONVERGENCE: NORM OF PROJECTED GRADIENT <= PGTOL
1839,C2,True,CONVERGENCE: NORM OF PROJECTED GRADIENT <= PGTOL
1839,C3,True,CONVERGENCE: NORM OF PROJECTED GRADIENT <= PGTOL
1839,C4,True,CONVERGENCE: NORM OF PROJECTED GRADIENT <= PGTOL
1839,C5,True,CONVERGENCE: NORM OF PROJECTED GRADIENT <= PGTOL
1840,C1,True,CONVERGENCE: NORM OF PROJECTED GRADIENT <= PGTOL
1840,C2,True,CONVERGENCE: NORM OF PROJECTED GRADIENT <= PGTOL
1840,C3,True,CONVERGENCE: NORM OF PROJECTED GRADIENT <= PGTOL
1840,C4,True,CONVERGENCE: NORM OF PROJECTED GRADIENT <= PGTOL
1840,C5,True,CONVERGENCE: NORM OF PROJECTED GRADIENT <= PGTOL
1841,C1,True,CONVERGENCE: NORM OF PROJECTED GRADIENT <= PGTOL
1841,C2,True,CONVERGENCE: NORM OF PROJECTED GRADIENT <= PGTOL
1841,C3,True,CONVERGENCE: NORM OF PROJECTED GRADIENT <= PGTOL
1841,C4,True,CONVERGENCE: NORM OF PROJECTED GRADIENT <= PGTOL
1841,C5,True,CONVERGENCE: NORM OF PROJECTED GRADIENT <= PGTOL
1842,C1,True,CONVERGENCE: NORM OF PROJECTED GRADIENT <= PGTOL
1842,C2,True,CONVERGENCE: NORM OF PROJECTED GRADIENT <= PGTOL
1842,C3,True,CONVERGENCE: NORM OF PROJECTED GRADIENT <= PGTOL
1842,C4,True,CONVERGENCE: NORM OF PROJECTED GRADIENT <= PGTOL
1842,C5,True,CONVERGENCE: NORM OF PROJECTED GRADIENT <= PGTOL
1843,C1,True,CONVERGENCE: NORM OF PROJECTED GRADIENT <= PGTOL
1843,C2,True,CONVERGENCE: NORM OF PROJECTED GRADIENT <= PGTOL
1843,C3,True,CONVERGENCE: NORM OF PROJECTED GRADIENT <= PGTOL
1843,C4,True,CONVERGENCE: NORM OF PROJECTED GRADIENT <= PGTOL
1843,C5,True,CONVERGENCE: NORM OF PROJECTED GRADIENT <= PGTOL
1844,C1,True,CONVERGENCE: NORM OF PROJECTED GRADIENT <= PGTOL
1844,C2,True,CONVERGENCE: NORM OF PROJECTED GRADIENT <= PGTOL
1844,C3,True,CONVERGENCE: NORM OF PROJECTED GRADIENT <= PGTOL
1844,C4,True,CONVERGENCE: NORM OF PROJECTED GRADIENT <= PGTOL
1844,C5,True,CONVERGENCE: NORM OF PROJECTED GRADIENT <= PGTOL
1845,C1,True,CONVERGENCE: NORM OF PROJECTED GRADIENT <= PGTOL
1845,C2,True,CONVERGENCE: NORM OF PROJECTED GRADIENT <= PGTOL
1845,C3,True,CONVERGENCE: NORM OF PROJECTED GRADIENT <= PGTOL
1845,C4,True,CONVERGENCE: NORM OF PROJECTED GRADIENT <= PGTOL
1845,C5,True,CONVERGENCE: NORM OF PROJECTED GRADIENT <= PGTOL
1846,C1,True,CONVERGENCE: NORM OF PROJECTED GRADIENT <= PGTOL
1846,C2,True,CONVERGENCE: NORM OF PROJECTED GRADIENT <= PGTOL
1846,C3,True,CONVERGENCE: NORM OF PROJECTED GRADIENT <= PGTOL
1846,C4,True,CONVERGENCE: NORM OF PROJECTED GRADIENT <= PGTOL
1846,C5,True,CONVERGENCE: NORM OF PROJECTED GRADIENT <= PGTOL
1847,C1,True,CONVERGENCE: NORM OF PROJECTED GRADIENT <= PGTOL
1847,C2,True,CONVERGENCE: NORM OF PROJECTED GRADIENT <= PGTOL
1847,C3,True,CONVERGENCE: NORM OF PROJECTED GRADIENT <= PGTOL
1847,C4,True,CONVERGENCE: NORM OF PROJECTED GRADIENT <= PGTOL
1847,C5,True,CONVERGENCE: NORM OF PROJECTED GRADIENT <= PGTOL
1848,C1,True,CONVERGENCE: NORM OF PROJECTED GRADIENT <= PGTOL
1848,C2,True,CONVERGENCE: NORM OF PROJECTED GRADIENT <= PGTOL
1848,C3,True,CONVERGENCE: NORM OF PROJECTED GRADIENT <= PGTOL
1848,C4,True,CONVERGENCE: NORM OF PROJECTED GRADIENT <= PGTOL
1848,C5,True,CONVERGENCE: NORM OF PROJECTED GRADIENT <= PGTOL
1849,C1,True,CONVERGENCE: NORM OF PROJECTED GRADIENT <= PGTOL
1849,C2,True,CONVERGENCE: NORM OF PROJECTED GRADIENT <= PGTOL
1849,C3,True,CONVERGENCE: NORM OF PROJECTED GRADIENT <= PGTOL
1849,C4,True,CONVERGENCE: NORM OF PROJECTED GRADIENT <= PGTOL
1849,C5,True,CONVERGENCE: NORM OF PROJECTED GRADIENT <= PGTOL
1850,C1,True,CONVERGENCE: NORM OF PROJECTED GRADIENT <= PGTOL
1850,C2,True,CONVERGENCE: NORM OF PROJECTED GRADIENT <= PGTOL
1850,C3,True,CONVERGENCE: NORM OF PROJECTED GRADIENT <= PGTOL
1850,C4,True,CONVERGENCE: NORM OF PROJECTED GRADIENT <= PGTOL
1850,C5,True,CONVERGENCE: NORM OF PROJECTED GRADIENT <= PGTOL
1851,C1,True,CONVERGENCE: NORM OF PROJECTED GRADIENT <= PGTOL
1851,C2,True,CONVERGENCE: NORM OF PROJECTED GRADIENT <= PGTOL
1851,C3,True,CONVERGENCE: NORM OF PROJECTED GRADIENT <= PGTOL
1851,C4,True,CONVERGENCE: NORM OF PROJECTED GRADIENT <= PGTOL
1851,C5,True,CONVERGENCE: NORM OF PROJECTED GRADIENT <= PGTOL
1852,C1,True,CONVERGENCE: NORM OF PROJECTED GRADIENT <= PGTOL
1852,C2,True,CONVERGENCE: NORM OF PROJECTED GRADIENT <= PGTOL
1852,C3,True,CONVERGENCE: NORM OF PROJECTED GRADIENT <= PGTOL
1852,C4,True,CONVERGENCE: NORM OF PROJECTED GRADIENT <= PGTOL
1852,C5,True,CONVERGENCE: NORM OF PROJECTED GRADIENT <= PGTOL
1853,C1,True,CONVERGENCE: NORM OF PROJECTED GRADIENT <= PGTOL
1853,C2,True,CONVERGENCE: NORM OF PROJECTED GRADIENT <= PGTOL
1853,C3,True,CONVERGENCE: NORM OF PROJECTED GRADIENT <= PGTOL
1853,C4,True,CONVERGENCE: NORM OF PROJECTED GRADIENT <= PGTOL
1853,C5,True,CONVERGENCE: NORM OF PROJECTED GRADIENT <= PGTOL
1854,C1,True,CONVERGENCE: NORM OF PROJECTED GRADIENT <= PGTOL
1854,C2,True,CONVERGENCE: NORM OF PROJECTED GRADIENT <= PGTOL
1854,C3,True,CONVERGENCE: NORM OF PROJECTED GRADIENT <= PGTOL
1854,C4,True,CONVERGENCE: NORM OF PROJECTED GRADIENT <= PGTOL
1854,C5,True,CONVERGENCE: NORM OF PROJECTED GRADIENT <= PGTOL
1855,C1,True,CONVERGENCE: NORM OF PROJECTED GRADIENT <= PGTOL
1855,C2,True,CONVERGENCE: NORM OF PROJECTED GRADIENT <= PGTOL
1855,C3,True,CONVERGENCE: NORM OF PROJECTED GRADIENT <= PGTOL
1855,C4,True,CONVERGENCE: NORM OF PROJECTED GRADIENT <= PGTOL
1855,C5,True,CONVERGENCE: NORM OF PROJECTED GRADIENT <= PGTOL
1856,C1,True,CONVERGENCE: NORM OF PROJECTED GRADIENT <= PGTOL
1856,C2,True,CONVERGENCE: NORM OF PROJECTED GRADIENT <= PGTOL
1856,C3,True,CONVERGENCE: NORM OF PROJECTED GRADIENT <= PGTOL
1856,C4,True,CONVERGENCE: NORM OF PROJECTED GRADIENT <= PGTOL
1856,C5,True,CONVERGENCE: NORM OF PROJECTED GRADIENT <= PGTOL
1857,C1,True,CONVERGENCE: NORM OF PROJECTED GRADIENT <= PGTOL
1857,C2,True,CONVERGENCE: NORM OF PROJECTED GRADIENT <= PGTOL
1857,C3,True,CONVERGENCE: NORM OF PROJECTED GRADIENT <= PGTOL
1857,C4,True,CONVERGENCE: NORM OF PROJECTED GRADIENT <= PGTOL
1857,C5,True,CONVERGENCE: NORM OF PROJECTED GRADIENT <= PGTOL
1858,C1,True,CONVERGENCE: NORM OF PROJECTED GRADIENT <= PGTOL
1858,C2,True,CONVERGENCE: NORM OF PROJECTED GRADIENT <= PGTOL
1858,C3,True,CONVERGENCE: NORM OF PROJECTED GRADIENT <= PGTOL
1858,C4,True,CONVERGENCE: NORM OF PROJECTED GRADIENT <= PGTOL
1858,C5,True,CONVERGENCE: NORM OF PROJECTED GRADIENT <= PGTOL
1859,C1,True,CONVERGENCE: NORM OF PROJECTED GRADIENT <= PGTOL
1859,C2,True,CONVERGENCE: NORM OF PROJECTED GRADIENT <= PGTOL
1859,C3,True,CONVERGENCE: NORM OF PROJECTED GRADIENT <= PGTOL
1859,C4,True,CONVERGENCE: NORM OF PROJECTED GRADIENT <= PGTOL
1859,C5,True,CONVERGENCE: NORM OF PROJECTED GRADIENT <= PGTOL
1860,C1,True,CONVERGENCE: NORM OF PROJECTED GRADIENT <= PGTOL
1860,C2,True,CONVERGENCE: NORM OF PROJECTED GRADIENT <= PGTOL
1860,C3,True,CONVERGENCE: NORM OF PROJECTED GRADIENT <= PGTOL
1860,C4,True,CONVERGENCE: NORM OF PROJECTED GRADIENT <= PGTOL
1860,C5,True,CONVERGENCE: NORM OF PROJECTED GRADIENT <= PGTOL
1861,C1,True,CONVERGENCE: NORM OF PROJECTED GRADIENT <= PGTOL
1861,C2,True,CONVERGENCE: NORM OF PROJECTED GRADIENT <= PGTOL
1861,C3,True,CONVERGENCE: NORM OF PROJECTED GRADIENT <= PGTOL
1861,C4,True,CONVERGENCE: NORM OF PROJECTED GRADIENT <= PGTOL
1861,C5,True,CONVERGENCE: NORM OF PROJECTED GRADIENT <= PGTOL
1862,C1,True,CONVERGENCE: NORM OF PROJECTED GRADIENT <= PGTOL
1862,C2,True,CONVERGENCE: NORM OF PROJECTED GRADIENT <= PGTOL
1862,C3,True,CONVERGENCE: NORM OF PROJECTED GRADIENT <= PGTOL
1862,C4,True,CONVERGENCE: NORM OF PROJECTED GRADIENT <= PGTOL
1862,C5,True,CONVERGENCE: NORM OF PROJECTED GRADIENT <= PGTOL
1863,C1,True,CONVERGENCE: NORM OF PROJECTED GRADIENT <= PGTOL
1863,C2,True,CONVERGENCE: NORM OF PROJECTED GRADIENT <= PGTOL
1863,C3,True,CONVERGENCE: NORM OF PROJECTED GRADIENT <= PGTOL
1863,C4,True,CONVERGENCE: NORM OF PROJECTED GRADIENT <= PGTOL
1863,C5,True,CONVERGENCE: NORM OF PROJECTED GRADIENT <= PGTOL
1864,C1,True,CONVERGENCE: NORM OF PROJECTED GRADIENT <= PGTOL
1864,C2,True,CONVERGENCE: NORM OF PROJECTED GRADIENT <= PGTOL
1864,C3,True,CONVERGENCE: NORM OF PROJECTED GRADIENT <= PGTOL
1864,C4,True,CONVERGENCE: NORM OF PROJECTED GRADIENT <= PGTOL
1864,C5,True,CONVERGENCE: NORM OF PROJECTED GRADIENT <= PGTOL
1865,C1,True,CONVERGENCE: NORM OF PROJECTED GRADIENT <= PGTOL
1865,C2,True,CONVERGENCE: NORM OF PROJECTED GRADIENT <= PGTOL
1865,C3,True,CONVERGENCE: NORM OF PROJECTED GRADIENT <= PGTOL
1865,C4,True,CONVERGENCE: NORM OF PROJECTED GRADIENT <= PGTOL
1865,C5,True,CONVERGENCE: NORM OF PROJECTED GRADIENT <= PGTOL
1866,C1,True,CONVERGENCE: NORM OF PROJECTED GRADIENT <= PGTOL
1866,C2,True,CONVERGENCE: NORM OF PROJECTED GRADIENT <= PGTOL
1866,C3,True,CONVERGENCE: NORM OF PROJECTED GRADIENT <= PGTOL
1866,C4,True,CONVERGENCE: NORM OF PROJECTED GRADIENT <= PGTOL
1866,C5,True,CONVERGENCE: NORM OF PROJECTED GRADIENT <= PGTOL
1867,C1,True,CONVERGENCE: NORM OF PROJECTED GRADIENT <= PGTOL
1867,C2,True,CONVERGENCE: NORM OF PROJECTED GRADIENT <= PGTOL
1867,C3,True,CONVERGENCE: NORM OF PROJECTED GRADIENT <= PGTOL
1867,C4,True,CONVERGENCE: NORM OF PROJECTED GRADIENT <= PGTOL
1867,C5,True,CONVERGENCE: NORM OF PROJECTED GRADIENT <= PGTOL
1868,C1,True,CONVERGENCE: NORM OF PROJECTED GRADIENT <= PGTOL
1868,C2,True,CONVERGENCE: NORM OF PROJECTED GRADIENT <= PGTOL
1868,C3,True,CONVERGENCE: NORM OF PROJECTED GRADIENT <= PGTOL
1868,C4,True,CONVERGENCE: NORM OF PROJECTED GRADIENT <= PGTOL
1868,C5,True,CONVERGENCE: NORM OF PROJECTED GRADIENT <= PGTOL
1869,C1,True,CONVERGENCE: NORM OF PROJECTED GRADIENT <= PGTOL
1869,C2,True,CONVERGENCE: NORM OF PROJECTED GRADIENT <= PGTOL
1869,C3,True,CONVERGENCE: NORM OF PROJECTED GRADIENT <= PGTOL
1869,C4,True,CONVERGENCE: NORM OF PROJECTED GRADIENT <= PGTOL
1869,C5,True,CONVERGENCE: NORM OF PROJECTED GRADIENT <= PGTOL
1870,C1,True,CONVERGENCE: NORM OF PROJECTED GRADIENT <= PGTOL
1870,C2,True,CONVERGENCE: NORM OF PROJECTED GRADIENT <= PGTOL
1870,C3,True,CONVERGENCE: NORM OF PROJECTED GRADIENT <= PGTOL
1870,C4,True,CONVERGENCE: NORM OF PROJECTED GRADIENT <= PGTOL
1870,C5,True,CONVERGENCE: NORM OF PROJECTED GRADIENT <= PGTOL
1871,C1,True,CONVERGENCE: NORM OF PROJECTED GRADIENT <= PGTOL
1871,C2,True,CONVERGENCE: NORM OF PROJECTED GRADIENT <= PGTOL
1871,C3,True,CONVERGENCE: NORM OF PROJECTED GRADIENT <= PGTOL
1871,C4,True,CONVERGENCE: NORM OF PROJECTED GRADIENT <= PGTOL
1871,C5,True,CONVERGENCE: NORM OF PROJECTED GRADIENT <= PGTOL
1872,C1,True,CONVERGENCE: NORM OF PROJECTED GRADIENT <= PGTOL
1872,C2,True,CONVERGENCE: NORM OF PROJECTED GRADIENT <= PGTOL
1872,C3,True,CONVERGENCE: NORM OF PROJECTED GRADIENT <= PGTOL
1872,C4,True,CONVERGENCE: NORM OF PROJECTED GRADIENT <= PGTOL
1872,C5,True,CONVERGENCE: NORM OF PROJECTED GRADIENT <= PGTOL
1873,C1,True,CONVERGENCE: NORM OF PROJECTED GRADIENT <= PGTOL
1873,C2,True,CONVERGENCE: NORM OF PROJECTED GRADIENT <= PGTOL
1873,C3,True,CONVERGENCE: NORM OF PROJECTED GRADIENT <= PGTOL
1873,C4,True,CONVERGENCE: NORM OF PROJECTED GRADIENT <= PGTOL
1873,C5,True,CONVERGENCE: NORM OF PROJECTED GRADIENT <= PGTOL
1874,C1,True,CONVERGENCE: NORM OF PROJECTED GRADIENT <= PGTOL
1874,C2,True,CONVERGENCE: NORM OF PROJECTED GRADIENT <= PGTOL
1874,C3,True,CONVERGENCE: NORM OF PROJECTED GRADIENT <= PGTOL
1874,C4,True,CONVERGENCE: NORM OF PROJECTED GRADIENT <= PGTOL
1874,C5,True,CONVERGENCE: NORM OF PROJECTED GRADIENT <= PGTOL
1875,C1,True,CONVERGENCE: NORM OF PROJECTED GRADIENT <= PGTOL
1875,C2,True,CONVERGENCE: NORM OF PROJECTED GRADIENT <= PGTOL
1875,C3,True,CONVERGENCE: NORM OF PROJECTED GRADIENT <= PGTOL
1875,C4,True,CONVERGENCE: NORM OF PROJECTED GRADIENT <= PGTOL
1875,C5,True,CONVERGENCE: NORM OF PROJECTED GRADIENT <= PGTOL
1876,C1,True,CONVERGENCE: NORM OF PROJECTED GRADIENT <= PGTOL
1876,C2,True,CONVERGENCE: NORM OF PROJECTED GRADIENT <= PGTOL
1876,C3,True,CONVERGENCE: NORM OF PROJECTED GRADIENT <= PGTOL
1876,C4,True,CONVERGENCE: NORM OF PROJECTED GRADIENT <= PGTOL
1876,C5,True,CONVERGENCE: NORM OF PROJECTED GRADIENT <= PGTOL
1877,C1,True,CONVERGENCE: NORM OF PROJECTED GRADIENT <= PGTOL
1877,C2,True,CONVERGENCE: NORM OF PROJECTED GRADIENT <= PGTOL
1877,C3,True,CONVERGENCE: NORM OF PROJECTED GRADIENT <= PGTOL
1877,C4,True,CONVERGENCE: NORM OF PROJECTED GRADIENT <= PGTOL
1877,C5,True,CONVERGENCE: NORM OF PROJECTED GRADIENT <= PGTOL
1878,C1,True,CONVERGENCE: NORM OF PROJECTED GRADIENT <= PGTOL
1878,C2,True,CONVERGENCE: NORM OF PROJECTED GRADIENT <= PGTOL
1878,C3,True,CONVERGENCE: NORM OF PROJECTED GRADIENT <= PGTOL
1878,C4,True,CONVERGENCE: NORM OF PROJECTED GRADIENT <= PGTOL
1878,C5,True,CONVERGENCE: NORM OF PROJECTED GRADIENT <= PGTOL
1879,C1,True,CONVERGENCE: NORM OF PROJECTED GRADIENT <= PGTOL
1879,C2,True,CONVERGENCE: NORM OF PROJECTED GRADIENT <= PGTOL
1879,C3,True,CONVERGENCE: NORM OF PROJECTED GRADIENT <= PGTOL
1879,C4,True,CONVERGENCE: NORM OF PROJECTED GRADIENT <= PGTOL
1879,C5,True,CONVERGENCE: NORM OF PROJECTED GRADIENT <= PGTOL
1880,C1,True,CONVERGENCE: NORM OF PROJECTED GRADIENT <= PGTOL
1880,C2,True,CONVERGENCE: NORM OF PROJECTED GRADIENT <= PGTOL
1880,C3,True,CONVERGENCE: NORM OF PROJECTED GRADIENT <= PGTOL
1880,C4,True,CONVERGENCE: NORM OF PROJECTED GRADIENT <= PGTOL
1880,C5,True,CONVERGENCE: NORM OF PROJECTED GRADIENT <= PGTOL
1881,C1,True,CONVERGENCE: NORM OF PROJECTED GRADIENT <= PGTOL
1881,C2,True,CONVERGENCE: NORM OF PROJECTED GRADIENT <= PGTOL
1881,C3,True,CONVERGENCE: NORM OF PROJECTED GRADIENT <= PGTOL
1881,C4,True,CONVERGENCE: NORM OF PROJECTED GRADIENT <= PGTOL
1881,C5,True,CONVERGENCE: NORM OF PROJECTED GRADIENT <= PGTOL
1882,C1,True,CONVERGENCE: NORM OF PROJECTED GRADIENT <= PGTOL
1882,C2,True,CONVERGENCE: NORM OF PROJECTED GRADIENT <= PGTOL
1882,C3,True,CONVERGENCE: NORM OF PROJECTED GRADIENT <= PGTOL
1882,C4,True,CONVERGENCE: NORM OF PROJECTED GRADIENT <= PGTOL
1882,C5,True,CONVERGENCE: NORM OF PROJECTED GRADIENT <= PGTOL
1883,C1,True,CONVERGENCE: NORM OF PROJECTED GRADIENT <= PGTOL
1883,C2,True,CONVERGENCE: NORM OF PROJECTED GRADIENT <= PGTOL
1883,C3,True,CONVERGENCE: NORM OF PROJECTED GRADIENT <= PGTOL
1883,C4,True,CONVERGENCE: NORM OF PROJECTED GRADIENT <= PGTOL
1883,C5,True,CONVERGENCE: NORM OF PROJECTED GRADIENT <= PGTOL
1884,C1,True,CONVERGENCE: NORM OF PROJECTED GRADIENT <= PGTOL
1884,C2,True,CONVERGENCE: NORM OF PROJECTED GRADIENT <= PGTOL
1884,C3,True,CONVERGENCE: NORM OF PROJECTED GRADIENT <= PGTOL
1884,C4,True,CONVERGENCE: NORM OF PROJECTED GRADIENT <= PGTOL
1884,C5,True,CONVERGENCE: NORM OF PROJECTED GRADIENT <= PGTOL
1885,C1,True,CONVERGENCE: NORM OF PROJECTED GRADIENT <= PGTOL
1885,C2,True,CONVERGENCE: NORM OF PROJECTED GRADIENT <= PGTOL
1885,C3,True,CONVERGENCE: NORM OF PROJECTED GRADIENT <= PGTOL
1885,C4,True,CONVERGENCE: NORM OF PROJECTED GRADIENT <= PGTOL
1885,C5,True,CONVERGENCE: NORM OF PROJECTED GRADIENT <= PGTOL
1886,C1,True,CONVERGENCE: NORM OF PROJECTED GRADIENT <= PGTOL
1886,C2,True,CONVERGENCE: NORM OF PROJECTED GRADIENT <= PGTOL
1886,C3,True,CONVERGENCE: NORM OF PROJECTED GRADIENT <= PGTOL
1886,C4,True,CONVERGENCE: NORM OF PROJECTED GRADIENT <= PGTOL
1886,C5,True,CONVERGENCE: NORM OF PROJECTED GRADIENT <= PGTOL
1887,C1,True,CONVERGENCE: NORM OF PROJECTED GRADIENT <= PGTOL
1887,C2,True,CONVERGENCE: NORM OF PROJECTED GRADIENT <= PGTOL
1887,C3,True,CONVERGENCE: NORM OF PROJECTED GRADIENT <= PGTOL
1887,C4,True,CONVERGENCE: NORM OF PROJECTED GRADIENT <= PGTOL
1887,C5,True,CONVERGENCE: NORM OF PROJECTED GRADIENT <= PGTOL
1888,C1,True,CONVERGENCE: NORM OF PROJECTED GRADIENT <= PGTOL
1888,C2,True,CONVERGENCE: NORM OF PROJECTED GRADIENT <= PGTOL
1888,C3,True,CONVERGENCE: NORM OF PROJECTED GRADIENT <= PGTOL
1888,C4,True,CONVERGENCE: NORM OF PROJECTED GRADIENT <= PGTOL
1888,C5,True,CONVERGENCE: NORM OF PROJECTED GRADIENT <= PGTOL
1889,C1,True,CONVERGENCE: NORM OF PROJECTED GRADIENT <= PGTOL
1889,C2,True,CONVERGENCE: NORM OF PROJECTED GRADIENT <= PGTOL
1889,C3,True,CONVERGENCE: NORM OF PROJECTED GRADIENT <= PGTOL
1889,C4,True,CONVERGENCE: NORM OF PROJECTED GRADIENT <= PGTOL
1889,C5,True,CONVERGENCE: NORM OF PROJECTED GRADIENT <= PGTOL
1890,C1,True,CONVERGENCE: NORM OF PROJECTED GRADIENT <= PGTOL
1890,C2,True,CONVERGENCE: NORM OF PROJECTED GRADIENT <= PGTOL
1890,C3,True,CONVERGENCE: NORM OF PROJECTED GRADIENT <= PGTOL
1890,C4,True,CONVERGENCE: NORM OF PROJECTED GRADIENT <= PGTOL
1890,C5,True,CONVERGENCE: NORM OF PROJECTED GRADIENT <= PGTOL
1891,C1,True,CONVERGENCE: NORM OF PROJECTED GRADIENT <= PGTOL
1891,C2,True,CONVERGENCE: NORM OF PROJECTED GRADIENT <= PGTOL
1891,C3,True,CONVERGENCE: NORM OF PROJECTED GRADIENT <= PGTOL
1891,C4,True,CONVERGENCE: NORM OF PROJECTED GRADIENT <= PGTOL
1891,C5,True,CONVERGENCE: NORM OF PROJECTED GRADIENT <= PGTOL
1892,C1,True,CONVERGENCE: NORM OF PROJECTED GRADIENT <= PGTOL
1892,C2,True,CONVERGENCE: NORM OF PROJECTED GRADIENT <= PGTOL
1892,C3,True,CONVERGENCE: NORM OF PROJECTED GRADIENT <= PGTOL
1892,C4,True,CONVERGENCE: NORM OF PROJECTED GRADIENT <= PGTOL
1892,C5,True,CONVERGENCE: NORM OF PROJECTED GRADIENT <= PGTOL
1893,C1,True,CONVERGENCE: NORM OF PROJECTED GRADIENT <= PGTOL
1893,C2,True,CONVERGENCE: NORM OF PROJECTED GRADIENT <= PGTOL
1893,C3,True,CONVERGENCE: NORM OF PROJECTED GRADIENT <= PGTOL
1893,C4,True,CONVERGENCE: NORM OF PROJECTED GRADIENT <= PGTOL
1893,C5,True,CONVERGENCE: NORM OF PROJECTED GRADIENT <= PGTOL
1894,C1,True,CONVERGENCE: NORM OF PROJECTED GRADIENT <= PGTOL
1894,C2,True,CONVERGENCE: NORM OF PROJECTED GRADIENT <= PGTOL
1894,C3,True,CONVERGENCE: NORM OF PROJECTED GRADIENT <= PGTOL
1894,C4,True,CONVERGENCE: NORM OF PROJECTED GRADIENT <= PGTOL
1894,C5,True,CONVERGENCE: NORM OF PROJECTED GRADIENT <= PGTOL
1895,C1,True,CONVERGENCE: NORM OF PROJECTED GRADIENT <= PGTOL
1895,C2,True,CONVERGENCE: NORM OF PROJECTED GRADIENT <= PGTOL
1895,C3,True,CONVERGENCE: NORM OF PROJECTED GRADIENT <= PGTOL
1895,C4,True,CONVERGENCE: NORM OF PROJECTED GRADIENT <= PGTOL
1895,C5,True,CONVERGENCE: NORM OF PROJECTED GRADIENT <= PGTOL
1896,C1,True,CONVERGENCE: NORM OF PROJECTED GRADIENT <= PGTOL
1896,C2,True,CONVERGENCE: NORM OF PROJECTED GRADIENT <= PGTOL
1896,C3,True,CONVERGENCE: NORM OF PROJECTED GRADIENT <= PGTOL
1896,C4,True,CONVERGENCE: NORM OF PROJECTED GRADIENT <= PGTOL
1896,C5,True,CONVERGENCE: NORM OF PROJECTED GRADIENT <= PGTOL
1897,C1,True,CONVERGENCE: NORM OF PROJECTED GRADIENT <= PGTOL
1897,C2,True,CONVERGENCE: NORM OF PROJECTED GRADIENT <= PGTOL
1897,C3,True,CONVERGENCE: NORM OF PROJECTED GRADIENT <= PGTOL
1897,C4,True,CONVERGENCE: NORM OF PROJECTED GRADIENT <= PGTOL
1897,C5,True,CONVERGENCE: NORM OF PROJECTED GRADIENT <= PGTOL
1898,C1,True,CONVERGENCE: NORM OF PROJECTED GRADIENT <= PGTOL
1898,C2,True,CONVERGENCE: NORM OF PROJECTED GRADIENT <= PGTOL
1898,C3,True,CONVERGENCE: NORM OF PROJECTED GRADIENT <= PGTOL
1898,C4,True,CONVERGENCE: NORM OF PROJECTED GRADIENT <= PGTOL
1898,C5,True,CONVERGENCE: NORM OF PROJECTED GRADIENT <= PGTOL
1899,C1,True,CONVERGENCE: NORM OF PROJECTED GRADIENT <= PGTOL
1899,C2,True,CONVERGENCE: NORM OF PROJECTED GRADIENT <= PGTOL
1899,C3,True,CONVERGENCE: NORM OF PROJECTED GRADIENT <= PGTOL
1899,C4,True,CONVERGENCE: NORM OF PROJECTED GRADIENT <= PGTOL
1899,C5,True,CONVERGENCE: NORM OF PROJECTED GRADIENT <= PGTOL
1900,C1,True,CONVERGENCE: NORM OF PROJECTED GRADIENT <= PGTOL
1900,C2,True,CONVERGENCE: NORM OF PROJECTED GRADIENT <= PGTOL
1900,C3,True,CONVERGENCE: NORM OF PROJECTED GRADIENT <= PGTOL
1900,C4,True,CONVERGENCE: NORM OF PROJECTED GRADIENT <= PGTOL
1900,C5,True,CONVERGENCE: NORM OF PROJECTED GRADIENT <= PGTOL
1901,C1,True,CONVERGENCE: NORM OF PROJECTED GRADIENT <= PGTOL
1901,C2,True,CONVERGENCE: NORM OF PROJECTED GRADIENT <= PGTOL
1901,C3,True,CONVERGENCE: NORM OF PROJECTED GRADIENT <= PGTOL
1901,C4,True,CONVERGENCE: NORM OF PROJECTED GRADIENT <= PGTOL
1901,C5,True,CONVERGENCE: NORM OF PROJECTED GRADIENT <= PGTOL
1902,C1,True,CONVERGENCE: NORM OF PROJECTED GRADIENT <= PGTOL
1902,C2,True,CONVERGENCE: NORM OF PROJECTED GRADIENT <= PGTOL
1902,C3,True,CONVERGENCE: NORM OF PROJECTED GRADIENT <= PGTOL
1902,C4,True,CONVERGENCE: NORM OF PROJECTED GRADIENT <= PGTOL
1902,C5,True,CONVERGENCE: NORM OF PROJECTED GRADIENT <= PGTOL
1903,C1,True,CONVERGENCE: NORM OF PROJECTED GRADIENT <= PGTOL
1903,C2,True,CONVERGENCE: NORM OF PROJECTED GRADIENT <= PGTOL
1903,C3,True,CONVERGENCE: NORM OF PROJECTED GRADIENT <= PGTOL
1903,C4,True,CONVERGENCE: NORM OF PROJECTED GRADIENT <= PGTOL
1903,C5,True,CONVERGENCE: NORM OF PROJECTED GRADIENT <= PGTOL
1904,C1,True,CONVERGENCE: NORM OF PROJECTED GRADIENT <= PGTOL
1904,C2,True,CONVERGENCE: NORM OF PROJECTED GRADIENT <= PGTOL
1904,C3,True,CONVERGENCE: NORM OF PROJECTED GRADIENT <= PGTOL
1904,C4,True,CONVERGENCE: NORM OF PROJECTED GRADIENT <= PGTOL
1904,C5,True,CONVERGENCE: NORM OF PROJECTED GRADIENT <= PGTOL
1905,C1,True,CONVERGENCE: NORM OF PROJECTED GRADIENT <= PGTOL
1905,C2,True,CONVERGENCE: NORM OF PROJECTED GRADIENT <= PGTOL
1905,C3,True,CONVERGENCE: NORM OF PROJECTED GRADIENT <= PGTOL
1905,C4,True,CONVERGENCE: NORM OF PROJECTED GRADIENT <= PGTOL
1905,C5,True,CONVERGENCE: NORM OF PROJECTED GRADIENT <= PGTOL
1906,C1,True,CONVERGENCE: NORM OF PROJECTED GRADIENT <= PGTOL
1906,C2,True,CONVERGENCE: NORM OF PROJECTED GRADIENT <= PGTOL
1906,C3,True,CONVERGENCE: NORM OF PROJECTED GRADIENT <= PGTOL
1906,C4,True,CONVERGENCE: NORM OF PROJECTED GRADIENT <= PGTOL
1906,C5,True,CONVERGENCE: NORM OF PROJECTED GRADIENT <= PGTOL
1907,C1,True,CONVERGENCE: NORM OF PROJECTED GRADIENT <= PGTOL
1907,C2,True,CONVERGENCE: NORM OF PROJECTED GRADIENT <= PGTOL
1907,C3,True,CONVERGENCE: NORM OF PROJECTED GRADIENT <= PGTOL
1907,C4,True,CONVERGENCE: NORM OF PROJECTED GRADIENT <= PGTOL
1907,C5,True,CONVERGENCE: NORM OF PROJECTED GRADIENT <= PGTOL
1908,C1,True,CONVERGENCE: NORM OF PROJECTED GRADIENT <= PGTOL
1908,C2,True,CONVERGENCE: NORM OF PROJECTED GRADIENT <= PGTOL
1908,C3,True,CONVERGENCE: NORM OF PROJECTED GRADIENT <= PGTOL
1908,C4,True,CONVERGENCE: NORM OF PROJECTED GRADIENT <= PGTOL
1908,C5,True,CONVERGENCE: NORM OF PROJECTED GRADIENT <= PGTOL
1909,C1,True,CONVERGENCE: NORM OF PROJECTED GRADIENT <= PGTOL
1909,C2,True,CONVERGENCE: NORM OF PROJECTED GRADIENT <= PGTOL
1909,C3,True,CONVERGENCE: NORM OF PROJECTED GRADIENT <= PGTOL
1909,C4,True,CONVERGENCE: NORM OF PROJECTED GRADIENT <= PGTOL
1909,C5,True,CONVERGENCE: NORM OF PROJECTED GRADIENT <= PGTOL
1910,C1,True,CONVERGENCE: NORM OF PROJECTED GRADIENT <= PGTOL
1910,C2,True,CONVERGENCE: NORM OF PROJECTED GRADIENT <= PGTOL
1910,C3,True,CONVERGENCE: NORM OF PROJECTED GRADIENT <= PGTOL
1910,C4,True,CONVERGENCE: NORM OF PROJECTED GRADIENT <= PGTOL
1910,C5,True,CONVERGENCE: NORM OF PROJECTED GRADIENT <= PGTOL
1911,C1,True,CONVERGENCE: NORM OF PROJECTED GRADIENT <= PGTOL
1911,C2,True,CONVERGENCE: NORM OF PROJECTED GRADIENT <= PGTOL
1911,C3,True,CONVERGENCE: NORM OF PROJECTED GRADIENT <= PGTOL
1911,C4,True,CONVERGENCE: NORM OF PROJECTED GRADIENT <= PGTOL
1911,C5,True,CONVERGENCE: NORM OF PROJECTED GRADIENT <= PGTOL
1912,C1,True,CONVERGENCE: NORM OF PROJECTED GRADIENT <= PGTOL
1912,C2,True,CONVERGENCE: NORM OF PROJECTED GRADIENT <= PGTOL
1912,C3,True,CONVERGENCE: NORM OF PROJECTED GRADIENT <= PGTOL
1912,C4,True,CONVERGENCE: NORM OF PROJECTED GRADIENT <= PGTOL
1912,C5,True,CONVERGENCE: NORM OF PROJECTED GRADIENT <= PGTOL
1913,C1,True,CONVERGENCE: NORM OF PROJECTED GRADIENT <= PGTOL
1913,C2,True,CONVERGENCE: NORM OF PROJECTED GRADIENT <= PGTOL
1913,C3,True,CONVERGENCE: NORM OF PROJECTED GRADIENT <= PGTOL
1913,C4,True,CONVERGENCE: NORM OF PROJECTED GRADIENT <= PGTOL
1913,C5,True,CONVERGENCE: NORM OF PROJECTED GRADIENT <= PGTOL
1914,C1,True,CONVERGENCE: NORM OF PROJECTED GRADIENT <= PGTOL
1914,C2,True,CONVERGENCE: NORM OF PROJECTED GRADIENT <= PGTOL
1914,C3,True,CONVERGENCE: NORM OF PROJECTED GRADIENT <= PGTOL
1914,C4,True,CONVERGENCE: NORM OF PROJECTED GRADIENT <= PGTOL
1914,C5,True,CONVERGENCE: NORM OF PROJECTED GRADIENT <= PGTOL
1915,C1,True,CONVERGENCE: NORM OF PROJECTED GRADIENT <= PGTOL
1915,C2,True,CONVERGENCE: NORM OF PROJECTED GRADIENT <= PGTOL
1915,C3,True,CONVERGENCE: NORM OF PROJECTED GRADIENT <= PGTOL
1915,C4,True,CONVERGENCE: NORM OF PROJECTED GRADIENT <= PGTOL
1915,C5,True,CONVERGENCE: NORM OF PROJECTED GRADIENT <= PGTOL
1916,C1,True,CONVERGENCE: NORM OF PROJECTED GRADIENT <= PGTOL
1916,C2,True,CONVERGENCE: NORM OF PROJECTED GRADIENT <= PGTOL
1916,C3,True,CONVERGENCE: NORM OF PROJECTED GRADIENT <= PGTOL
1916,C4,True,CONVERGENCE: NORM OF PROJECTED GRADIENT <= PGTOL
1916,C5,True,CONVERGENCE: NORM OF PROJECTED GRADIENT <= PGTOL
1917,C1,True,CONVERGENCE: NORM OF PROJECTED GRADIENT <= PGTOL
1917,C2,True,CONVERGENCE: NORM OF PROJECTED GRADIENT <= PGTOL
1917,C3,True,CONVERGENCE: NORM OF PROJECTED GRADIENT <= PGTOL
1917,C4,True,CONVERGENCE: NORM OF PROJECTED GRADIENT <= PGTOL
1917,C5,True,CONVERGENCE: NORM OF PROJECTED GRADIENT <= PGTOL
1918,C1,True,CONVERGENCE: NORM OF PROJECTED GRADIENT <= PGTOL
1918,C2,True,CONVERGENCE: NORM OF PROJECTED GRADIENT <= PGTOL
1918,C3,True,CONVERGENCE: NORM OF PROJECTED GRADIENT <= PGTOL
1918,C4,True,CONVERGENCE: NORM OF PROJECTED GRADIENT <= PGTOL
1918,C5,True,CONVERGENCE: NORM OF PROJECTED GRADIENT <= PGTOL
1919,C1,True,CONVERGENCE: NORM OF PROJECTED GRADIENT <= PGTOL
1919,C2,True,CONVERGENCE: NORM OF PROJECTED GRADIENT <= PGTOL
1919,C3,True,CONVERGENCE: NORM OF PROJECTED GRADIENT <= PGTOL
1919,C4,True,CONVERGENCE: NORM OF PROJECTED GRADIENT <= PGTOL
1919,C5,True,CONVERGENCE: NORM OF PROJECTED GRADIENT <= PGTOL
1920,C1,True,CONVERGENCE: NORM OF PROJECTED GRADIENT <= PGTOL
1920,C2,True,CONVERGENCE: NORM OF PROJECTED GRADIENT <= PGTOL
1920,C3,True,CONVERGENCE: NORM OF PROJECTED GRADIENT <= PGTOL
1920,C4,True,CONVERGENCE: NORM OF PROJECTED GRADIENT <= PGTOL
1920,C5,True,CONVERGENCE: NORM OF PROJECTED GRADIENT <= PGTOL
1921,C1,True,CONVERGENCE: NORM OF PROJECTED GRADIENT <= PGTOL
1921,C2,True,CONVERGENCE: NORM OF PROJECTED GRADIENT <= PGTOL
1921,C3,True,CONVERGENCE: NORM OF PROJECTED GRADIENT <= PGTOL
1921,C4,True,CONVERGENCE: NORM OF PROJECTED GRADIENT <= PGTOL
1921,C5,True,CONVERGENCE: NORM OF PROJECTED GRADIENT <= PGTOL
1922,C1,True,CONVERGENCE: NORM OF PROJECTED GRADIENT <= PGTOL
1922,C2,True,CONVERGENCE: NORM OF PROJECTED GRADIENT <= PGTOL
1922,C3,True,CONVERGENCE: NORM OF PROJECTED GRADIENT <= PGTOL
1922,C4,True,CONVERGENCE: NORM OF PROJECTED GRADIENT <= PGTOL
1922,C5,True,CONVERGENCE: NORM OF PROJECTED GRADIENT <= PGTOL
1923,C1,True,CONVERGENCE: NORM OF PROJECTED GRADIENT <= PGTOL
1923,C2,True,CONVERGENCE: NORM OF PROJECTED GRADIENT <= PGTOL
1923,C3,True,CONVERGENCE: NORM OF PROJECTED GRADIENT <= PGTOL
1923,C4,True,CONVERGENCE: NORM OF PROJECTED GRADIENT <= PGTOL
1923,C5,True,CONVERGENCE: NORM OF PROJECTED GRADIENT <= PGTOL
1924,C1,True,CONVERGENCE: NORM OF PROJECTED GRADIENT <= PGTOL
1924,C2,True,CONVERGENCE: NORM OF PROJECTED GRADIENT <= PGTOL
1924,C3,True,CONVERGENCE: NORM OF PROJECTED GRADIENT <= PGTOL
1924,C4,True,CONVERGENCE: NORM OF PROJECTED GRADIENT <= PGTOL
1924,C5,True,CONVERGENCE: NORM OF PROJECTED GRADIENT <= PGTOL
1925,C1,True,CONVERGENCE: NORM OF PROJECTED GRADIENT <= PGTOL
1925,C2,True,CONVERGENCE: NORM OF PROJECTED GRADIENT <= PGTOL
1925,C3,True,CONVERGENCE: NORM OF PROJECTED GRADIENT <= PGTOL
1925,C4,True,CONVERGENCE: NORM OF PROJECTED GRADIENT <= PGTOL
1925,C5,True,CONVERGENCE: NORM OF PROJECTED GRADIENT <= PGTOL
1926,C1,True,CONVERGENCE: NORM OF PROJECTED GRADIENT <= PGTOL
1926,C2,True,CONVERGENCE: NORM OF PROJECTED GRADIENT <= PGTOL
1926,C3,True,CONVERGENCE: NORM OF PROJECTED GRADIENT <= PGTOL
1926,C4,True,CONVERGENCE: NORM OF PROJECTED GRADIENT <= PGTOL
1926,C5,True,CONVERGENCE: NORM OF PROJECTED GRADIENT <= PGTOL
1927,C1,True,CONVERGENCE: NORM OF PROJECTED GRADIENT <= PGTOL
1927,C2,True,CONVERGENCE: NORM OF PROJECTED GRADIENT <= PGTOL
1927,C3,True,CONVERGENCE: NORM OF PROJECTED GRADIENT <= PGTOL
1927,C4,True,CONVERGENCE: NORM OF PROJECTED GRADIENT <= PGTOL
1927,C5,True,CONVERGENCE: NORM OF PROJECTED GRADIENT <= PGTOL
1928,C1,True,CONVERGENCE: NORM OF PROJECTED GRADIENT <= PGTOL
1928,C2,True,CONVERGENCE: NORM OF PROJECTED GRADIENT <= PGTOL
1928,C3,True,CONVERGENCE: NORM OF PROJECTED GRADIENT <= PGTOL
1928,C4,True,CONVERGENCE: NORM OF PROJECTED GRADIENT <= PGTOL
1928,C5,True,CONVERGENCE: NORM OF PROJECTED GRADIENT <= PGTOL
1929,C1,True,CONVERGENCE: NORM OF PROJECTED GRADIENT <= PGTOL
1929,C2,True,CONVERGENCE: NORM OF PROJECTED GRADIENT <= PGTOL
1929,C3,True,CONVERGENCE: NORM OF PROJECTED GRADIENT <= PGTOL
1929,C4,True,CONVERGENCE: NORM OF PROJECTED GRADIENT <= PGTOL
1929,C5,True,CONVERGENCE: NORM OF PROJECTED GRADIENT <= PGTOL
1930,C1,True,CONVERGENCE: NORM OF PROJECTED GRADIENT <= PGTOL
1930,C2,True,CONVERGENCE: NORM OF PROJECTED GRADIENT <= PGTOL
1930,C3,True,CONVERGENCE: NORM OF PROJECTED GRADIENT <= PGTOL
1930,C4,True,CONVERGENCE: NORM OF PROJECTED GRADIENT <= PGTOL
1930,C5,True,CONVERGENCE: NORM OF PROJECTED GRADIENT <= PGTOL
1931,C1,True,CONVERGENCE: NORM OF PROJECTED GRADIENT <= PGTOL
1931,C2,True,CONVERGENCE: NORM OF PROJECTED GRADIENT <= PGTOL
1931,C3,True,CONVERGENCE: NORM OF PROJECTED GRADIENT <= PGTOL
1931,C4,True,CONVERGENCE: NORM OF PROJECTED GRADIENT <= PGTOL
1931,C5,True,CONVERGENCE: NORM OF PROJECTED GRADIENT <= PGTOL
1932,C1,True,CONVERGENCE: NORM OF PROJECTED GRADIENT <= PGTOL
1932,C2,True,CONVERGENCE: NORM OF PROJECTED GRADIENT <= PGTOL
1932,C3,True,CONVERGENCE: NORM OF PROJECTED GRADIENT <= PGTOL
1932,C4,True,CONVERGENCE: NORM OF PROJECTED GRADIENT <= PGTOL
1932,C5,True,CONVERGENCE: NORM OF PROJECTED GRADIENT <= PGTOL
1933,C1,True,CONVERGENCE: NORM OF PROJECTED GRADIENT <= PGTOL
1933,C2,True,CONVERGENCE: NORM OF PROJECTED GRADIENT <= PGTOL
1933,C3,True,CONVERGENCE: NORM OF PROJECTED GRADIENT <= PGTOL
1933,C4,True,CONVERGENCE: NORM OF PROJECTED GRADIENT <= PGTOL
1933,C5,True,CONVERGENCE: NORM OF PROJECTED GRADIENT <= PGTOL
1934,C1,True,CONVERGENCE: NORM OF PROJECTED GRADIENT <= PGTOL
1934,C2,True,CONVERGENCE: NORM OF PROJECTED GRADIENT <= PGTOL
1934,C3,True,CONVERGENCE: NORM OF PROJECTED GRADIENT <= PGTOL
1934,C4,True,CONVERGENCE: NORM OF PROJECTED GRADIENT <= PGTOL
1934,C5,True,CONVERGENCE: NORM OF PROJECTED GRADIENT <= PGTOL
1935,C1,True,CONVERGENCE: NORM OF PROJECTED GRADIENT <= PGTOL
1935,C2,True,CONVERGENCE: NORM OF PROJECTED GRADIENT <= PGTOL
1935,C3,True,CONVERGENCE: NORM OF PROJECTED GRADIENT <= PGTOL
1935,C4,True,CONVERGENCE: NORM OF PROJECTED GRADIENT <= PGTOL
1935,C5,True,CONVERGENCE: NORM OF PROJECTED GRADIENT <= PGTOL
1936,C1,True,CONVERGENCE: NORM OF PROJECTED GRADIENT <= PGTOL
1936,C2,True,CONVERGENCE: NORM OF PROJECTED GRADIENT <= PGTOL
1936,C3,True,CONVERGENCE: NORM OF PROJECTED GRADIENT <= PGTOL
1936,C4,True,CONVERGENCE: NORM OF PROJECTED GRADIENT <= PGTOL
1936,C5,True,CONVERGENCE: NORM OF PROJECTED GRADIENT <= PGTOL
1937,C1,True,CONVERGENCE: NORM OF PROJECTED GRADIENT <= PGTOL
1937,C2,True,CONVERGENCE: NORM OF PROJECTED GRADIENT <= PGTOL
1937,C3,True,CONVERGENCE: NORM OF PROJECTED GRADIENT <= PGTOL
1937,C4,True,CONVERGENCE: NORM OF PROJECTED GRADIENT <= PGTOL
1937,C5,True,CONVERGENCE: NORM OF PROJECTED GRADIENT <= PGTOL
1938,C1,True,CONVERGENCE: NORM OF PROJECTED GRADIENT <= PGTOL
1938,C2,True,CONVERGENCE: NORM OF PROJECTED GRADIENT <= PGTOL
1938,C3,True,CONVERGENCE: NORM OF PROJECTED GRADIENT <= PGTOL
1938,C4,True,CONVERGENCE: NORM OF PROJECTED GRADIENT <= PGTOL
1938,C5,True,CONVERGENCE: NORM OF PROJECTED GRADIENT <= PGTOL
1939,C1,True,CONVERGENCE: NORM OF PROJECTED GRADIENT <= PGTOL
1939,C2,True,CONVERGENCE: NORM OF PROJECTED GRADIENT <= PGTOL
1939,C3,True,CONVERGENCE: NORM OF PROJECTED GRADIENT <= PGTOL
1939,C4,True,CONVERGENCE: NORM OF PROJECTED GRADIENT <= PGTOL
1939,C5,True,CONVERGENCE: NORM OF PROJECTED GRADIENT <= PGTOL
1940,C1,True,CONVERGENCE: NORM OF PROJECTED GRADIENT <= PGTOL
1940,C2,True,CONVERGENCE: NORM OF PROJECTED GRADIENT <= PGTOL
1940,C3,True,CONVERGENCE: NORM OF PROJECTED GRADIENT <= PGTOL
1940,C4,True,CONVERGENCE: NORM OF PROJECTED GRADIENT <= PGTOL
1940,C5,True,CONVERGENCE: NORM OF PROJECTED GRADIENT <= PGTOL
1941,C1,True,CONVERGENCE: NORM OF PROJECTED GRADIENT <= PGTOL
1941,C2,True,CONVERGENCE: NORM OF PROJECTED GRADIENT <= PGTOL
1941,C3,True,CONVERGENCE: NORM OF PROJECTED GRADIENT <= PGTOL
1941,C4,True,CONVERGENCE: NORM OF PROJECTED GRADIENT <= PGTOL
1941,C5,True,CONVERGENCE: NORM OF PROJECTED GRADIENT <= PGTOL
1942,C1,True,CONVERGENCE: NORM OF PROJECTED GRADIENT <= PGTOL
1942,C2,True,CONVERGENCE: NORM OF PROJECTED GRADIENT <= PGTOL
1942,C3,True,CONVERGENCE: NORM OF PROJECTED GRADIENT <= PGTOL
1942,C4,True,CONVERGENCE: NORM OF PROJECTED GRADIENT <= PGTOL
1942,C5,True,CONVERGENCE: NORM OF PROJECTED GRADIENT <= PGTOL
1943,C1,True,CONVERGENCE: NORM OF PROJECTED GRADIENT <= PGTOL
1943,C2,True,CONVERGENCE: NORM OF PROJECTED GRADIENT <= PGTOL
1943,C3,True,CONVERGENCE: NORM OF PROJECTED GRADIENT <= PGTOL
1943,C4,True,CONVERGENCE: NORM OF PROJECTED GRADIENT <= PGTOL
1943,C5,True,CONVERGENCE: NORM OF PROJECTED GRADIENT <= PGTOL
1944,C1,True,CONVERGENCE: NORM OF PROJECTED GRADIENT <= PGTOL
1944,C2,True,CONVERGENCE: NORM OF PROJECTED GRADIENT <= PGTOL
1944,C3,True,CONVERGENCE: NORM OF PROJECTED GRADIENT <= PGTOL
1944,C4,True,CONVERGENCE: NORM OF PROJECTED GRADIENT <= PGTOL
1944,C5,True,CONVERGENCE: NORM OF PROJECTED GRADIENT <= PGTOL
1945,C1,True,CONVERGENCE: NORM OF PROJECTED GRADIENT <= PGTOL
1945,C2,True,CONVERGENCE: NORM OF PROJECTED GRADIENT <= PGTOL
1945,C3,True,CONVERGENCE: NORM OF PROJECTED GRADIENT <= PGTOL
1945,C4,True,CONVERGENCE: NORM OF PROJECTED GRADIENT <= PGTOL
1945,C5,True,CONVERGENCE: NORM OF PROJECTED GRADIENT <= PGTOL
1946,C1,True,CONVERGENCE: NORM OF PROJECTED GRADIENT <= PGTOL
1946,C2,True,CONVERGENCE: NORM OF PROJECTED GRADIENT <= PGTOL
1946,C3,True,CONVERGENCE: NORM OF PROJECTED GRADIENT <= PGTOL
1946,C4,True,CONVERGENCE: NORM OF PROJECTED GRADIENT <= PGTOL
1946,C5,True,CONVERGENCE: NORM OF PROJECTED GRADIENT <= PGTOL
1947,C1,True,CONVERGENCE: NORM OF PROJECTED GRADIENT <= PGTOL
1947,C2,True,CONVERGENCE: NORM OF PROJECTED GRADIENT <= PGTOL
1947,C3,True,CONVERGENCE: NORM OF PROJECTED GRADIENT <= PGTOL
1947,C4,True,CONVERGENCE: NORM OF PROJECTED GRADIENT <= PGTOL
1947,C5,True,CONVERGENCE: NORM OF PROJECTED GRADIENT <= PGTOL
1948,C1,True,CONVERGENCE: NORM OF PROJECTED GRADIENT <= PGTOL
1948,C2,True,CONVERGENCE: NORM OF PROJECTED GRADIENT <= PGTOL
1948,C3,True,CONVERGENCE: NORM OF PROJECTED GRADIENT <= PGTOL
1948,C4,True,CONVERGENCE: NORM OF PROJECTED GRADIENT <= PGTOL
1948,C5,True,CONVERGENCE: NORM OF PROJECTED GRADIENT <= PGTOL
1949,C1,True,CONVERGENCE: NORM OF PROJECTED GRADIENT <= PGTOL
1949,C2,True,CONVERGENCE: NORM OF PROJECTED GRADIENT <= PGTOL
1949,C3,True,CONVERGENCE: NORM OF PROJECTED GRADIENT <= PGTOL
1949,C4,True,CONVERGENCE: NORM OF PROJECTED GRADIENT <= PGTOL
1949,C5,True,CONVERGENCE: NORM OF PROJECTED GRADIENT <= PGTOL
1950,C1,True,CONVERGENCE: NORM OF PROJECTED GRADIENT <= PGTOL
1950,C2,True,CONVERGENCE: NORM OF PROJECTED GRADIENT <= PGTOL
1950,C3,True,CONVERGENCE: NORM OF PROJECTED GRADIENT <= PGTOL
1950,C4,True,CONVERGENCE: NORM OF PROJECTED GRADIENT <= PGTOL
1950,C5,True,CONVERGENCE: NORM OF PROJECTED GRADIENT <= PGTOL
1951,C1,True,CONVERGENCE: NORM OF PROJECTED GRADIENT <= PGTOL
1951,C2,True,CONVERGENCE: NORM OF PROJECTED GRADIENT <= PGTOL
1951,C3,True,CONVERGENCE: NORM OF PROJECTED GRADIENT <= PGTOL
1951,C4,True,CONVERGENCE: NORM OF PROJECTED GRADIENT <= PGTOL
1951,C5,True,CONVERGENCE: NORM OF PROJECTED GRADIENT <= PGTOL
1952,C1,True,CONVERGENCE: NORM OF PROJECTED GRADIENT <= PGTOL
1952,C2,True,CONVERGENCE: NORM OF PROJECTED GRADIENT <= PGTOL
1952,C3,True,CONVERGENCE: NORM OF PROJECTED GRADIENT <= PGTOL
1952,C4,True,CONVERGENCE: NORM OF PROJECTED GRADIENT <= PGTOL
1952,C5,True,CONVERGENCE: NORM OF PROJECTED GRADIENT <= PGTOL
1953,C1,True,CONVERGENCE: NORM OF PROJECTED GRADIENT <= PGTOL
1953,C2,True,CONVERGENCE: NORM OF PROJECTED GRADIENT <= PGTOL
1953,C3,True,CONVERGENCE: NORM OF PROJECTED GRADIENT <= PGTOL
1953,C4,True,CONVERGENCE: NORM OF PROJECTED GRADIENT <= PGTOL
1953,C5,True,CONVERGENCE: NORM OF PROJECTED GRADIENT <= PGTOL
1954,C1,True,CONVERGENCE: NORM OF PROJECTED GRADIENT <= PGTOL
1954,C2,True,CONVERGENCE: NORM OF PROJECTED GRADIENT <= PGTOL
1954,C3,True,CONVERGENCE: NORM OF PROJECTED GRADIENT <= PGTOL
1954,C4,True,CONVERGENCE: NORM OF PROJECTED GRADIENT <= PGTOL
1954,C5,True,CONVERGENCE: NORM OF PROJECTED GRADIENT <= PGTOL
1955,C1,True,CONVERGENCE: NORM OF PROJECTED GRADIENT <= PGTOL
1955,C2,True,CONVERGENCE: NORM OF PROJECTED GRADIENT <= PGTOL
1955,C3,True,CONVERGENCE: NORM OF PROJECTED GRADIENT <= PGTOL
1955,C4,True,CONVERGENCE: NORM OF PROJECTED GRADIENT <= PGTOL
1955,C5,True,CONVERGENCE: NORM OF PROJECTED GRADIENT <= PGTOL
1956,C1,True,CONVERGENCE: NORM OF PROJECTED GRADIENT <= PGTOL
1956,C2,True,CONVERGENCE: NORM OF PROJECTED GRADIENT <= PGTOL
1956,C3,True,CONVERGENCE: NORM OF PROJECTED GRADIENT <= PGTOL
1956,C4,True,CONVERGENCE: NORM OF PROJECTED GRADIENT <= PGTOL
1956,C5,True,CONVERGENCE: NORM OF PROJECTED GRADIENT <= PGTOL
1957,C1,True,CONVERGENCE: NORM OF PROJECTED GRADIENT <= PGTOL
1957,C2,True,CONVERGENCE: NORM OF PROJECTED GRADIENT <= PGTOL
1957,C3,True,CONVERGENCE: NORM OF PROJECTED GRADIENT <= PGTOL
1957,C4,True,CONVERGENCE: NORM OF PROJECTED GRADIENT <= PGTOL
1957,C5,True,CONVERGENCE: NORM OF PROJECTED GRADIENT <= PGTOL
1958,C1,True,CONVERGENCE: NORM OF PROJECTED GRADIENT <= PGTOL
1958,C2,True,CONVERGENCE: NORM OF PROJECTED GRADIENT <= PGTOL
1958,C3,True,CONVERGENCE: NORM OF PROJECTED GRADIENT <= PGTOL
1958,C4,True,CONVERGENCE: NORM OF PROJECTED GRADIENT <= PGTOL
1958,C5,True,CONVERGENCE: NORM OF PROJECTED GRADIENT <= PGTOL
1959,C1,True,CONVERGENCE: NORM OF PROJECTED GRADIENT <= PGTOL
1959,C2,True,CONVERGENCE: NORM OF PROJECTED GRADIENT <= PGTOL
1959,C3,True,CONVERGENCE: NORM OF PROJECTED GRADIENT <= PGTOL
1959,C4,True,CONVERGENCE: NORM OF PROJECTED GRADIENT <= PGTOL
1959,C5,True,CONVERGENCE: NORM OF PROJECTED GRADIENT <= PGTOL
1960,C1,True,CONVERGENCE: NORM OF PROJECTED GRADIENT <= PGTOL
1960,C2,True,CONVERGENCE: NORM OF PROJECTED GRADIENT <= PGTOL
1960,C3,True,CONVERGENCE: NORM OF PROJECTED GRADIENT <= PGTOL
1960,C4,True,CONVERGENCE: NORM OF PROJECTED GRADIENT <= PGTOL
1960,C5,True,CONVERGENCE: NORM OF PROJECTED GRADIENT <= PGTOL
1961,C1,True,CONVERGENCE: NORM OF PROJECTED GRADIENT <= PGTOL
1961,C2,True,CONVERGENCE: NORM OF PROJECTED GRADIENT <= PGTOL
1961,C3,True,CONVERGENCE: NORM OF PROJECTED GRADIENT <= PGTOL
1961,C4,True,CONVERGENCE: NORM OF PROJECTED GRADIENT <= PGTOL
1961,C5,True,CONVERGENCE: NORM OF PROJECTED GRADIENT <= PGTOL
1962,C1,True,CONVERGENCE: NORM OF PROJECTED GRADIENT <= PGTOL
1962,C2,True,CONVERGENCE: NORM OF PROJECTED GRADIENT <= PGTOL
1962,C3,True,CONVERGENCE: NORM OF PROJECTED GRADIENT <= PGTOL
1962,C4,True,CONVERGENCE: NORM OF PROJECTED GRADIENT <= PGTOL
1962,C5,True,CONVERGENCE: NORM OF PROJECTED GRADIENT <= PGTOL
1963,C1,True,CONVERGENCE: NORM OF PROJECTED GRADIENT <= PGTOL
1963,C2,True,CONVERGENCE: NORM OF PROJECTED GRADIENT <= PGTOL
1963,C3,True,CONVERGENCE: NORM OF PROJECTED GRADIENT <= PGTOL
1963,C4,True,CONVERGENCE: NORM OF PROJECTED GRADIENT <= PGTOL
1963,C5,True,CONVERGENCE: NORM OF PROJECTED GRADIENT <= PGTOL
1964,C1,True,CONVERGENCE: NORM OF PROJECTED GRADIENT <= PGTOL
1964,C2,True,CONVERGENCE: NORM OF PROJECTED GRADIENT <= PGTOL
1964,C3,True,CONVERGENCE: NORM OF PROJECTED GRADIENT <= PGTOL
1964,C4,True,CONVERGENCE: NORM OF PROJECTED GRADIENT <= PGTOL
1964,C5,True,CONVERGENCE: NORM OF PROJECTED GRADIENT <= PGTOL
1965,C1,True,CONVERGENCE: NORM OF PROJECTED GRADIENT <= PGTOL
1965,C2,True,CONVERGENCE: NORM OF PROJECTED GRADIENT <= PGTOL
1965,C3,True,CONVERGENCE: NORM OF PROJECTED GRADIENT <= PGTOL
1965,C4,True,CONVERGENCE: NORM OF PROJECTED GRADIENT <= PGTOL
1965,C5,True,CONVERGENCE: NORM OF PROJECTED GRADIENT <= PGTOL
1966,C1,True,CONVERGENCE: NORM OF PROJECTED GRADIENT <= PGTOL
1966,C2,True,CONVERGENCE: NORM OF PROJECTED GRADIENT <= PGTOL
1966,C3,True,CONVERGENCE: NORM OF PROJECTED GRADIENT <= PGTOL
1966,C4,True,CONVERGENCE: NORM OF PROJECTED GRADIENT <= PGTOL
1966,C5,True,CONVERGENCE: NORM OF PROJECTED GRADIENT <= PGTOL
1967,C1,True,CONVERGENCE: NORM OF PROJECTED GRADIENT <= PGTOL
1967,C2,True,CONVERGENCE: NORM OF PROJECTED GRADIENT <= PGTOL
1967,C3,True,CONVERGENCE: NORM OF PROJECTED GRADIENT <= PGTOL
1967,C4,True,CONVERGENCE: NORM OF PROJECTED GRADIENT <= PGTOL
1967,C5,True,CONVERGENCE: NORM OF PROJECTED GRADIENT <= PGTOL
1968,C1,True,CONVERGENCE: NORM OF PROJECTED GRADIENT <= PGTOL
1968,C2,True,CONVERGENCE: NORM OF PROJECTED GRADIENT <= PGTOL
1968,C3,True,CONVERGENCE: NORM OF PROJECTED GRADIENT <= PGTOL
1968,C4,True,CONVERGENCE: NORM OF PROJECTED GRADIENT <= PGTOL
1968,C5,True,CONVERGENCE: NORM OF PROJECTED GRADIENT <= PGTOL
1969,C1,True,CONVERGENCE: NORM OF PROJECTED GRADIENT <= PGTOL
1969,C2,True,CONVERGENCE: NORM OF PROJECTED GRADIENT <= PGTOL
1969,C3,True,CONVERGENCE: NORM OF PROJECTED GRADIENT <= PGTOL
1969,C4,True,CONVERGENCE: NORM OF PROJECTED GRADIENT <= PGTOL
1969,C5,True,CONVERGENCE: NORM OF PROJECTED GRADIENT <= PGTOL
1970,C1,True,CONVERGENCE: NORM OF PROJECTED GRADIENT <= PGTOL
1970,C2,True,CONVERGENCE: NORM OF PROJECTED GRADIENT <= PGTOL
1970,C3,True,CONVERGENCE: NORM OF PROJECTED GRADIENT <= PGTOL
1970,C4,True,CONVERGENCE: NORM OF PROJECTED GRADIENT <= PGTOL
1970,C5,True,CONVERGENCE: NORM OF PROJECTED GRADIENT <= PGTOL
1971,C1,True,CONVERGENCE: NORM OF PROJECTED GRADIENT <= PGTOL
1971,C2,True,CONVERGENCE: NORM OF PROJECTED GRADIENT <= PGTOL
1971,C3,True,CONVERGENCE: NORM OF PROJECTED GRADIENT <= PGTOL
1971,C4,True,CONVERGENCE: NORM OF PROJECTED GRADIENT <= PGTOL
1971,C5,True,CONVERGENCE: NORM OF PROJECTED GRADIENT <= PGTOL
1972,C1,True,CONVERGENCE: NORM OF PROJECTED GRADIENT <= PGTOL
1972,C2,True,CONVERGENCE: NORM OF PROJECTED GRADIENT <= PGTOL
1972,C3,True,CONVERGENCE: NORM OF PROJECTED GRADIENT <= PGTOL
1972,C4,True,CONVERGENCE: NORM OF PROJECTED GRADIENT <= PGTOL
1972,C5,True,CONVERGENCE: NORM OF PROJECTED GRADIENT <= PGTOL
1973,C1,True,CONVERGENCE: NORM OF PROJECTED GRADIENT <= PGTOL
1973,C2,True,CONVERGENCE: NORM OF PROJECTED GRADIENT <= PGTOL
1973,C3,True,CONVERGENCE: NORM OF PROJECTED GRADIENT <= PGTOL
1973,C4,True,CONVERGENCE: NORM OF PROJECTED GRADIENT <= PGTOL
1973,C5,True,CONVERGENCE: NORM OF PROJECTED GRADIENT <= PGTOL
1974,C1,True,CONVERGENCE: NORM OF PROJECTED GRADIENT <= PGTOL
1974,C2,True,CONVERGENCE: NORM OF PROJECTED GRADIENT <= PGTOL
1974,C3,True,CONVERGENCE: NORM OF PROJECTED GRADIENT <= PGTOL
1974,C4,True,CONVERGENCE: NORM OF PROJECTED GRADIENT <= PGTOL
1974,C5,True,CONVERGENCE: NORM OF PROJECTED GRADIENT <= PGTOL
1975,C1,True,CONVERGENCE: NORM OF PROJECTED GRADIENT <= PGTOL
1975,C2,True,CONVERGENCE: NORM OF PROJECTED GRADIENT <= PGTOL
1975,C3,True,CONVERGENCE: NORM OF PROJECTED GRADIENT <= PGTOL
1975,C4,True,CONVERGENCE: NORM OF PROJECTED GRADIENT <= PGTOL
1975,C5,True,CONVERGENCE: NORM OF PROJECTED GRADIENT <= PGTOL
1976,C1,True,CONVERGENCE: NORM OF PROJECTED GRADIENT <= PGTOL
1976,C2,True,CONVERGENCE: NORM OF PROJECTED GRADIENT <= PGTOL
1976,C3,True,CONVERGENCE: NORM OF PROJECTED GRADIENT <= PGTOL
1976,C4,True,CONVERGENCE: NORM OF PROJECTED GRADIENT <= PGTOL
1976,C5,True,CONVERGENCE: NORM OF PROJECTED GRADIENT <= PGTOL
1977,C1,True,CONVERGENCE: NORM OF PROJECTED GRADIENT <= PGTOL
1977,C2,True,CONVERGENCE: NORM OF PROJECTED GRADIENT <= PGTOL
1977,C3,True,CONVERGENCE: NORM OF PROJECTED GRADIENT <= PGTOL
1977,C4,True,CONVERGENCE: NORM OF PROJECTED GRADIENT <= PGTOL
1977,C5,True,CONVERGENCE: NORM OF PROJECTED GRADIENT <= PGTOL
1978,C1,True,CONVERGENCE: NORM OF PROJECTED GRADIENT <= PGTOL
1978,C2,True,CONVERGENCE: NORM OF PROJECTED GRADIENT <= PGTOL
1978,C3,True,CONVERGENCE: NORM OF PROJECTED GRADIENT <= PGTOL
1978,C4,True,CONVERGENCE: NORM OF PROJECTED GRADIENT <= PGTOL
1978,C5,True,CONVERGENCE: NORM OF PROJECTED GRADIENT <= PGTOL
1979,C1,True,CONVERGENCE: NORM OF PROJECTED GRADIENT <= PGTOL
1979,C2,True,CONVERGENCE: NORM OF PROJECTED GRADIENT <= PGTOL
1979,C3,True,CONVERGENCE: NORM OF PROJECTED GRADIENT <= PGTOL
1979,C4,True,CONVERGENCE: NORM OF PROJECTED GRADIENT <= PGTOL
1979,C5,True,CONVERGENCE: NORM OF PROJECTED GRADIENT <= PGTOL
1980,C1,True,CONVERGENCE: NORM OF PROJECTED GRADIENT <= PGTOL
1980,C2,True,CONVERGENCE: NORM OF PROJECTED GRADIENT <= PGTOL
1980,C3,True,CONVERGENCE: NORM OF PROJECTED GRADIENT <= PGTOL
1980,C4,True,CONVERGENCE: NORM OF PROJECTED GRADIENT <= PGTOL
1980,C5,True,CONVERGENCE: NORM OF PROJECTED GRADIENT <= PGTOL
1981,C1,True,CONVERGENCE: NORM OF PROJECTED GRADIENT <= PGTOL
1981,C2,True,CONVERGENCE: NORM OF PROJECTED GRADIENT <= PGTOL
1981,C3,True,CONVERGENCE: NORM OF PROJECTED GRADIENT <= PGTOL
1981,C4,True,CONVERGENCE: NORM OF PROJECTED GRADIENT <= PGTOL
1981,C5,True,CONVERGENCE: NORM OF PROJECTED GRADIENT <= PGTOL
1982,C1,True,CONVERGENCE: NORM OF PROJECTED GRADIENT <= PGTOL
1982,C2,True,CONVERGENCE: NORM OF PROJECTED GRADIENT <= PGTOL
1982,C3,True,CONVERGENCE: NORM OF PROJECTED GRADIENT <= PGTOL
1982,C4,True,CONVERGENCE: NORM OF PROJECTED GRADIENT <= PGTOL
1982,C5,True,CONVERGENCE: NORM OF PROJECTED GRADIENT <= PGTOL
1983,C1,True,CONVERGENCE: NORM OF PROJECTED GRADIENT <= PGTOL
1983,C2,True,CONVERGENCE: NORM OF PROJECTED GRADIENT <= PGTOL
1983,C3,True,CONVERGENCE: NORM OF PROJECTED GRADIENT <= PGTOL
1983,C4,True,CONVERGENCE: NORM OF PROJECTED GRADIENT <= PGTOL
1983,C5,True,CONVERGENCE: NORM OF PROJECTED GRADIENT <= PGTOL
1984,C1,True,CONVERGENCE: NORM OF PROJECTED GRADIENT <= PGTOL
1984,C2,True,CONVERGENCE: NORM OF PROJECTED GRADIENT <= PGTOL
1984,C3,True,CONVERGENCE: NORM OF PROJECTED GRADIENT <= PGTOL
1984,C4,True,CONVERGENCE: NORM OF PROJECTED GRADIENT <= PGTOL
1984,C5,True,CONVERGENCE: NORM OF PROJECTED GRADIENT <= PGTOL
1985,C1,True,CONVERGENCE: NORM OF PROJECTED GRADIENT <= PGTOL
1985,C2,True,CONVERGENCE: NORM OF PROJECTED GRADIENT <= PGTOL
1985,C3,True,CONVERGENCE: NORM OF PROJECTED GRADIENT <= PGTOL
1985,C4,True,CONVERGENCE: NORM OF PROJECTED GRADIENT <= PGTOL
1985,C5,True,CONVERGENCE: NORM OF PROJECTED GRADIENT <= PGTOL
1986,C1,True,CONVERGENCE: NORM OF PROJECTED GRADIENT <= PGTOL
1986,C2,True,CONVERGENCE: NORM OF PROJECTED GRADIENT <= PGTOL
1986,C3,True,CONVERGENCE: NORM OF PROJECTED GRADIENT <= PGTOL
1986,C4,True,CONVERGENCE: NORM OF PROJECTED GRADIENT <= PGTOL
1986,C5,True,CONVERGENCE: NORM OF PROJECTED GRADIENT <= PGTOL
1987,C1,True,CONVERGENCE: NORM OF PROJECTED GRADIENT <= PGTOL
1987,C2,True,CONVERGENCE: NORM OF PROJECTED GRADIENT <= PGTOL
1987,C3,True,CONVERGENCE: NORM OF PROJECTED GRADIENT <= PGTOL
1987,C4,True,CONVERGENCE: NORM OF PROJECTED GRADIENT <= PGTOL
1987,C5,True,CONVERGENCE: NORM OF PROJECTED GRADIENT <= PGTOL
1988,C1,True,CONVERGENCE: NORM OF PROJECTED GRADIENT <= PGTOL
1988,C2,True,CONVERGENCE: NORM OF PROJECTED GRADIENT <= PGTOL
1988,C3,True,CONVERGENCE: NORM OF PROJECTED GRADIENT <= PGTOL
1988,C4,True,CONVERGENCE: NORM OF PROJECTED GRADIENT <= PGTOL
1988,C5,True,CONVERGENCE: NORM OF PROJECTED GRADIENT <= PGTOL
1989,C1,True,CONVERGENCE: NORM OF PROJECTED GRADIENT <= PGTOL
1989,C2,True,CONVERGENCE: NORM OF PROJECTED GRADIENT <= PGTOL
1989,C3,True,CONVERGENCE: NORM OF PROJECTED GRADIENT <= PGTOL
1989,C4,True,CONVERGENCE: NORM OF PROJECTED GRADIENT <= PGTOL
1989,C5,True,CONVERGENCE: NORM OF PROJECTED GRADIENT <= PGTOL
1990,C1,True,CONVERGENCE: NORM OF PROJECTED GRADIENT <= PGTOL
1990,C2,True,CONVERGENCE: NORM OF PROJECTED GRADIENT <= PGTOL
1990,C3,True,CONVERGENCE: NORM OF PROJECTED GRADIENT <= PGTOL
1990,C4,True,CONVERGENCE: NORM OF PROJECTED GRADIENT <= PGTOL
1990,C5,True,CONVERGENCE: NORM OF PROJECTED GRADIENT <= PGTOL
1991,C1,True,CONVERGENCE: NORM OF PROJECTED GRADIENT <= PGTOL
1991,C2,True,CONVERGENCE: NORM OF PROJECTED GRADIENT <= PGTOL
1991,C3,True,CONVERGENCE: NORM OF PROJECTED GRADIENT <= PGTOL
1991,C4,True,CONVERGENCE: NORM OF PROJECTED GRADIENT <= PGTOL
1991,C5,True,CONVERGENCE: NORM OF PROJECTED GRADIENT <= PGTOL
1992,C1,True,CONVERGENCE: NORM OF PROJECTED GRADIENT <= PGTOL
1992,C2,True,CONVERGENCE: NORM OF PROJECTED GRADIENT <= PGTOL
1992,C3,True,CONVERGENCE: NORM OF PROJECTED GRADIENT <= PGTOL
1992,C4,True,CONVERGENCE: NORM OF PROJECTED GRADIENT <= PGTOL
1992,C5,True,CONVERGENCE: NORM OF PROJECTED GRADIENT <= PGTOL
1993,C1,True,CONVERGENCE: NORM OF PROJECTED GRADIENT <= PGTOL
1993,C2,True,CONVERGENCE: NORM OF PROJECTED GRADIENT <= PGTOL
1993,C3,True,CONVERGENCE: NORM OF PROJECTED GRADIENT <= PGTOL
1993,C4,True,CONVERGENCE: NORM OF PROJECTED GRADIENT <= PGTOL
1993,C5,True,CONVERGENCE: NORM OF PROJECTED GRADIENT <= PGTOL
1994,C1,True,CONVERGENCE: NORM OF PROJECTED GRADIENT <= PGTOL
1994,C2,True,CONVERGENCE: NORM OF PROJECTED GRADIENT <= PGTOL
1994,C3,True,CONVERGENCE: NORM OF PROJECTED GRADIENT <= PGTOL
1994,C4,True,CONVERGENCE: NORM OF PROJECTED GRADIENT <= PGTOL
1994,C5,True,CONVERGENCE: NORM OF PROJECTED GRADIENT <= PGTOL
1995,C1,True,CONVERGENCE: NORM OF PROJECTED GRADIENT <= PGTOL
1995,C2,True,CONVERGENCE: NORM OF PROJECTED GRADIENT <= PGTOL
1995,C3,True,CONVERGENCE: NORM OF PROJECTED GRADIENT <= PGTOL
1995,C4,True,CONVERGENCE: NORM OF PROJECTED GRADIENT <= PGTOL
1995,C5,True,CONVERGENCE: NORM OF PROJECTED GRADIENT <= PGTOL
1996,C1,True,CONVERGENCE: NORM OF PROJECTED GRADIENT <= PGTOL
1996,C2,True,CONVERGENCE: NORM OF PROJECTED GRADIENT <= PGTOL
1996,C3,True,CONVERGENCE: NORM OF PROJECTED GRADIENT <= PGTOL
1996,C4,True,CONVERGENCE: NORM OF PROJECTED GRADIENT <= PGTOL
1996,C5,True,CONVERGENCE: NORM OF PROJECTED GRADIENT <= PGTOL
1997,C1,True,CONVERGENCE: NORM OF PROJECTED GRADIENT <= PGTOL
1997,C2,True,CONVERGENCE: NORM OF PROJECTED GRADIENT <= PGTOL
1997,C3,True,CONVERGENCE: NORM OF PROJECTED GRADIENT <= PGTOL
1997,C4,True,CONVERGENCE: NORM OF PROJECTED GRADIENT <= PGTOL
1997,C5,True,CONVERGENCE: NORM OF PROJECTED GRADIENT <= PGTOL
1998,C1,True,CONVERGENCE: NORM OF PROJECTED GRADIENT <= PGTOL
1998,C2,True,CONVERGENCE: NORM OF PROJECTED GRADIENT <= PGTOL
1998,C3,True,CONVERGENCE: NORM OF PROJECTED GRADIENT <= PGTOL
1998,C4,True,CONVERGENCE: NORM OF PROJECTED GRADIENT <= PGTOL
1998,C5,True,CONVERGENCE: NORM OF PROJECTED GRADIENT <= PGTOL
1999,C1,True,CONVERGENCE: NORM OF PROJECTED GRADIENT <= PGTOL
1999,C2,True,CONVERGENCE: NORM OF PROJECTED GRADIENT <= PGTOL
1999,C3,True,CONVERGENCE: NORM OF PROJECTED GRADIENT <= PGTOL
1999,C4,True,CONVERGENCE: NORM OF PROJECTED GRADIENT <= PGTOL
1999,C5,True,CONVERGENCE: NORM OF PROJECTED GRADIENT <= PGTOL
2000,C1,True,CONVERGENCE: NORM OF PROJECTED GRADIENT <= PGTOL
2000,C2,True,CONVERGENCE: NORM OF PROJECTED GRADIENT <= PGTOL
2000,C3,True,CONVERGENCE: NORM OF PROJECTED GRADIENT <= PGTOL
2000,C4,True,CONVERGENCE: NORM OF PROJECTED GRADIENT <= PGTOL
2000,C5,True,CONVERGENCE: NORM OF PROJECTED GRADIENT <= PGTOL
