bootstrap,model_id,overall_score,rank
1,gpt_5_6_sol_max,74.44523790780676,1
1,gemini_3_1_pro_high,54.97354722116866,2
1,claude_opus_4_8_max,54.42358486366802,3
1,claude_fable_5_max,53.984693591606984,4
1,gpt_5_5_xhigh,52.331792890484664,5
1,qwen3_8_max,31.686445356026162,6
1,kimi_k3_max,14.386975822847834,7
2,gpt_5_5_xhigh,76.98416344984442,1
2,claude_fable_5_max,62.914239128558016,2
2,kimi_k3_max,61.821429242244875,3
2,gpt_5_6_sol_max,56.85815066287587,4
2,claude_opus_4_8_max,31.439848156448775,5
2,qwen3_8_max,28.595896760639004,6
2,gemini_3_1_pro_high,17.29475157515155,7
3,qwen3_8_max,56.14927954625061,1
3,claude_opus_4_8_max,53.33130938221137,2
3,gpt_5_5_xhigh,45.92302770595725,3
3,gpt_5_6_sol_max,39.93681524912381,4
3,gemini_3_1_pro_high,35.35700643041661,5
3,claude_fable_5_max,27.67158794314817,6
3,kimi_k3_max,14.397170280772373,7
4,gpt_5_5_xhigh,57.97020346238016,1
4,gemini_3_1_pro_high,55.39853204290067,2
4,qwen3_8_max,51.9703885518212,3
4,claude_fable_5_max,48.44279802410194,4
4,claude_opus_4_8_max,37.00195984395427,5
4,kimi_k3_max,19.495197009696554,6
4,gpt_5_6_sol_max,17.355322883114276,7
5,kimi_k3_max,79.58130779029659,1
5,gpt_5_5_xhigh,57.03045147423867,2
5,claude_fable_5_max,42.28127467021427,3
5,claude_opus_4_8_max,36.90428734061125,4
5,qwen3_8_max,25.367678975378762,5
5,gemini_3_1_pro_high,24.739701802017166,6
5,gpt_5_6_sol_max,15.552407390606687,7
6,claude_fable_5_max,78.34296966102202,1
6,gpt_5_5_xhigh,72.38512425443679,2
6,kimi_k3_max,53.16954951559552,3
6,gemini_3_1_pro_high,46.29761345566344,4
6,gpt_5_6_sol_max,43.44780565148285,5
6,qwen3_8_max,33.05362616438328,6
6,claude_opus_4_8_max,25.18498786865374,7
7,gpt_5_6_sol_max,74.66982475503217,1
7,claude_fable_5_max,66.38261845536779,2
7,kimi_k3_max,34.968067714899504,3
7,gemini_3_1_pro_high,34.66377550027818,4
7,claude_opus_4_8_max,32.273835315317356,5
7,gpt_5_5_xhigh,31.9283004374715,6
7,qwen3_8_max,29.46680697510341,7
8,gpt_5_6_sol_max,96.61826068836622,1
8,claude_opus_4_8_max,30.66742816864849,2
8,qwen3_8_max,27.821877808927823,3
8,gpt_5_5_xhigh,25.441687473404617,4
8,kimi_k3_max,22.16068790619814,5
8,gemini_3_1_pro_high,17.51026599794878,6
8,claude_fable_5_max,15.143417803998718,7
9,claude_fable_5_max,69.09533938669071,1
9,gemini_3_1_pro_high,61.78938130070946,2
9,claude_opus_4_8_max,45.62754952825324,3
9,qwen3_8_max,44.95135762838677,4
9,gpt_5_5_xhigh,34.986968952817335,5
9,gpt_5_6_sol_max,26.014387876389875,6
9,kimi_k3_max,15.00258539860716,7
10,kimi_k3_max,83.61071379688526,1
10,claude_opus_4_8_max,48.28530208495115,2
10,gpt_5_6_sol_max,42.75457747041008,3
10,qwen3_8_max,33.23949211670103,4
10,gpt_5_5_xhigh,29.415642560515536,5
10,claude_fable_5_max,28.741471402705237,6
10,gemini_3_1_pro_high,27.509728874858375,7
11,gemini_3_1_pro_high,84.62103831721699,1
11,claude_fable_5_max,62.71343245607607,2
11,gpt_5_6_sol_max,51.86266871354675,3
11,kimi_k3_max,46.50133178659519,4
11,gpt_5_5_xhigh,44.017822654471345,5
11,qwen3_8_max,25.40510894838237,6
11,claude_opus_4_8_max,17.620453773709556,7
12,kimi_k3_max,66.73141003472226,1
12,gpt_5_6_sol_max,65.58248775286197,2
12,qwen3_8_max,54.0934348307177,3
12,gemini_3_1_pro_high,53.64857481026654,4
12,claude_opus_4_8_max,37.639933957631534,5
12,claude_fable_5_max,37.58153396793024,6
12,gpt_5_5_xhigh,27.76308886815602,7
13,gpt_5_5_xhigh,69.58150093940935,1
13,claude_opus_4_8_max,66.79202779944234,2
13,kimi_k3_max,50.19369585602506,3
13,gpt_5_6_sol_max,45.67020018277759,4
13,gemini_3_1_pro_high,41.195791520271726,5
13,qwen3_8_max,26.787289355931964,6
13,claude_fable_5_max,9.757292568736993,7
14,claude_fable_5_max,75.98843730851283,1
14,claude_opus_4_8_max,58.77252006366848,2
14,kimi_k3_max,47.81947576808267,3
14,gemini_3_1_pro_high,45.964359495705445,4
14,gpt_5_6_sol_max,32.063447113431494,5
14,gpt_5_5_xhigh,25.02439308480882,6
14,qwen3_8_max,22.286798306734358,7
15,claude_opus_4_8_max,43.29449809117513,1
15,claude_fable_5_max,43.24310689671289,2
15,gemini_3_1_pro_high,39.01958083590304,3
15,gpt_5_5_xhigh,34.70206959786155,4
15,kimi_k3_max,31.856413259735493,5
15,qwen3_8_max,27.86017068055739,6
15,gpt_5_6_sol_max,14.528938218569332,7
16,claude_fable_5_max,79.18753299423092,1
16,qwen3_8_max,54.945399508439124,2
16,claude_opus_4_8_max,51.930944088713666,3
16,kimi_k3_max,48.640781634210256,4
16,gpt_5_5_xhigh,48.00408018583546,5
16,gpt_5_6_sol_max,41.89930317273899,6
16,gemini_3_1_pro_high,33.83601956504363,7
17,kimi_k3_max,80.97090283747347,1
17,claude_opus_4_8_max,61.23636355881567,2
17,claude_fable_5_max,60.48698180601982,3
17,gpt_5_6_sol_max,49.64555289968343,4
17,gemini_3_1_pro_high,36.80421596418034,5
17,gpt_5_5_xhigh,30.1915369484595,6
17,qwen3_8_max,16.81217917204835,7
18,qwen3_8_max,74.09013659566229,1
18,gpt_5_5_xhigh,68.28860928585556,2
18,claude_opus_4_8_max,63.16267323965712,3
18,gpt_5_6_sol_max,60.655701911054585,4
18,gemini_3_1_pro_high,60.082262484110956,5
18,claude_fable_5_max,50.898032122720934,6
18,kimi_k3_max,42.23857265382082,7
19,gpt_5_6_sol_max,87.50281536764635,1
19,claude_opus_4_8_max,56.24482489573478,2
19,claude_fable_5_max,51.00538642968195,3
19,gpt_5_5_xhigh,45.34516477077982,4
19,gemini_3_1_pro_high,24.856549852125955,5
19,kimi_k3_max,23.8097013611486,6
19,qwen3_8_max,20.512502224997995,7
20,claude_fable_5_max,70.87221556544941,1
20,claude_opus_4_8_max,44.13760670079298,2
20,gpt_5_6_sol_max,41.285806401941265,3
20,gpt_5_5_xhigh,40.631527462821616,4
20,kimi_k3_max,29.22244342225942,5
20,gemini_3_1_pro_high,27.29583429851457,6
20,qwen3_8_max,24.661137624541784,7
21,claude_opus_4_8_max,58.897381631346256,1
21,gpt_5_5_xhigh,44.086326086705625,2
21,claude_fable_5_max,38.68046381149557,3
21,qwen3_8_max,38.5743058657734,4
21,gpt_5_6_sol_max,33.77688701353068,5
21,kimi_k3_max,27.97842567883011,6
21,gemini_3_1_pro_high,21.416594979759385,7
22,claude_fable_5_max,88.03672637436132,1
22,claude_opus_4_8_max,58.23051661143397,2
22,qwen3_8_max,47.09580227244969,3
22,gpt_5_6_sol_max,37.232237705636386,4
22,kimi_k3_max,34.336275853946965,5
22,gemini_3_1_pro_high,29.301280286639425,6
22,gpt_5_5_xhigh,25.733242266562517,7
23,claude_fable_5_max,90.66067932753857,1
23,qwen3_8_max,57.09790045535836,2
23,gpt_5_5_xhigh,52.555083660892166,3
23,kimi_k3_max,42.474704711845405,4
23,gemini_3_1_pro_high,41.95274676919186,5
23,gpt_5_6_sol_max,36.8381505990404,6
23,claude_opus_4_8_max,9.878316745803334,7
24,gpt_5_5_xhigh,51.05949282679167,1
24,gpt_5_6_sol_max,45.105392530583295,2
24,claude_fable_5_max,34.46246486625417,3
24,qwen3_8_max,33.575018436892314,4
24,kimi_k3_max,18.83590650909877,5
24,claude_opus_4_8_max,16.75453969620681,6
24,gemini_3_1_pro_high,15.153849078335451,7
25,gpt_5_6_sol_max,79.06694661679253,1
25,claude_opus_4_8_max,64.75186199144987,2
25,gemini_3_1_pro_high,45.020338990476795,3
25,gpt_5_5_xhigh,34.62669509116628,4
25,claude_fable_5_max,26.210445372675007,5
25,kimi_k3_max,25.83938783112454,6
25,qwen3_8_max,21.67612284787513,7
26,gpt_5_5_xhigh,69.78040895710336,1
26,kimi_k3_max,57.80830779264058,2
26,qwen3_8_max,48.882269237395356,3
26,claude_opus_4_8_max,46.42339304053451,4
26,gemini_3_1_pro_high,40.80549145517607,5
26,claude_fable_5_max,31.558523987471535,6
26,gpt_5_6_sol_max,28.22337056997408,7
27,claude_opus_4_8_max,77.90923606598457,1
27,gemini_3_1_pro_high,62.79235507027026,2
27,kimi_k3_max,59.30803956880348,3
27,gpt_5_5_xhigh,39.067630210349286,4
27,gpt_5_6_sol_max,34.54562070170598,5
27,claude_fable_5_max,21.9947552871591,6
27,qwen3_8_max,18.971214060047267,7
28,claude_opus_4_8_max,92.5394215727891,1
28,gpt_5_5_xhigh,66.39208380892156,2
28,gemini_3_1_pro_high,52.55401448205333,3
28,qwen3_8_max,48.82462704803525,4
28,gpt_5_6_sol_max,39.97395920908319,5
28,kimi_k3_max,30.465236704391657,6
28,claude_fable_5_max,20.517900986255256,7
29,gpt_5_6_sol_max,72.83219271165709,1
29,gemini_3_1_pro_high,68.78415899992291,2
29,gpt_5_5_xhigh,67.90298246429319,3
29,kimi_k3_max,50.353003287571994,4
29,claude_opus_4_8_max,42.63495058190007,5
29,qwen3_8_max,23.573267456647887,6
29,claude_fable_5_max,14.125006245747912,7
30,claude_opus_4_8_max,69.7561044556349,1
30,kimi_k3_max,58.44580437326398,2
30,claude_fable_5_max,51.826460050049405,3
30,gpt_5_5_xhigh,34.12707495459779,4
30,gemini_3_1_pro_high,29.607841107496483,5
30,qwen3_8_max,24.756230430935695,6
30,gpt_5_6_sol_max,23.657030787724757,7
31,claude_fable_5_max,78.15173160015185,1
31,claude_opus_4_8_max,73.46749831186163,2
31,gemini_3_1_pro_high,65.14995227937632,3
31,gpt_5_5_xhigh,42.681317521418464,4
31,qwen3_8_max,36.07847873678352,5
31,kimi_k3_max,17.442323272903558,6
31,gpt_5_6_sol_max,15.27029710210854,7
32,claude_fable_5_max,76.53724526347526,1
32,gpt_5_6_sol_max,49.932881488125005,2
32,claude_opus_4_8_max,38.5768961091835,3
32,qwen3_8_max,37.96143664298754,4
32,gpt_5_5_xhigh,37.623497576135506,5
32,gemini_3_1_pro_high,32.215492643132926,6
32,kimi_k3_max,27.88006652847689,7
33,gemini_3_1_pro_high,82.21214064261228,1
33,kimi_k3_max,69.39872051379815,2
33,gpt_5_6_sol_max,51.62033797133649,3
33,claude_fable_5_max,51.397899332456184,4
33,gpt_5_5_xhigh,48.210092086374175,5
33,qwen3_8_max,21.649956511383913,6
33,claude_opus_4_8_max,21.466014552489593,7
34,claude_fable_5_max,62.090890973233634,1
34,kimi_k3_max,57.60770036159542,2
34,claude_opus_4_8_max,57.196349165142145,3
34,gemini_3_1_pro_high,51.96187507981902,4
34,gpt_5_6_sol_max,45.92673189636006,5
34,gpt_5_5_xhigh,35.21055560314737,6
34,qwen3_8_max,34.30726983142199,7
35,claude_opus_4_8_max,79.22082925935538,1
35,claude_fable_5_max,69.94625919675585,2
35,gemini_3_1_pro_high,64.69147896871523,3
35,qwen3_8_max,54.61252503211338,4
35,gpt_5_5_xhigh,38.627819019673424,5
35,gpt_5_6_sol_max,32.32770463774377,6
35,kimi_k3_max,15.6214091012416,7
36,kimi_k3_max,79.7807379773381,1
36,gpt_5_5_xhigh,60.015492769091935,2
36,gpt_5_6_sol_max,47.11897926158246,3
36,claude_opus_4_8_max,47.10378279820984,4
36,claude_fable_5_max,45.181913275028094,5
36,qwen3_8_max,30.836956155909753,6
36,gemini_3_1_pro_high,17.580670559767583,7
37,gemini_3_1_pro_high,55.940053144862134,1
37,claude_fable_5_max,52.079620159035116,2
37,gpt_5_6_sol_max,51.80216777200517,3
37,qwen3_8_max,50.84363411419927,4
37,gpt_5_5_xhigh,42.209901912999285,5
37,kimi_k3_max,35.43902039084843,6
37,claude_opus_4_8_max,15.759796124157699,7
38,gpt_5_6_sol_max,80.68423913215048,1
38,claude_fable_5_max,63.71575430691719,2
38,qwen3_8_max,54.42908514291245,3
38,gemini_3_1_pro_high,51.26821730397967,4
38,claude_opus_4_8_max,44.16635321363648,5
38,kimi_k3_max,33.9045251957476,6
38,gpt_5_5_xhigh,33.56460510284071,7
39,gpt_5_5_xhigh,73.36543018298666,1
39,claude_fable_5_max,50.28599847067517,2
39,kimi_k3_max,38.18061077933335,3
39,gemini_3_1_pro_high,38.08472779506604,4
39,gpt_5_6_sol_max,37.861528319129,5
39,qwen3_8_max,27.89398974862805,6
39,claude_opus_4_8_max,25.25235468685211,7
40,claude_opus_4_8_max,79.37013129321132,1
40,claude_fable_5_max,65.45539209515137,2
40,kimi_k3_max,60.728904892883875,3
40,qwen3_8_max,54.49766147322854,4
40,gpt_5_6_sol_max,38.33590224116159,5
40,gpt_5_5_xhigh,36.77181904946887,6
40,gemini_3_1_pro_high,18.915232825981093,7
41,kimi_k3_max,66.15123067255894,1
41,gemini_3_1_pro_high,66.1008468771569,2
41,qwen3_8_max,65.74455945256187,3
41,claude_opus_4_8_max,64.00678766508162,4
41,gpt_5_6_sol_max,61.902292912008534,5
41,claude_fable_5_max,35.9133141668079,6
41,gpt_5_5_xhigh,14.082466509042552,7
42,gpt_5_6_sol_max,74.91604671831863,1
42,claude_fable_5_max,50.484378292635355,2
42,gpt_5_5_xhigh,49.88034474879181,3
42,gemini_3_1_pro_high,45.769931542655385,4
42,qwen3_8_max,41.01508893584079,5
42,claude_opus_4_8_max,39.338642891957846,6
42,kimi_k3_max,34.47002979850646,7
43,claude_fable_5_max,84.3837661762272,1
43,gpt_5_6_sol_max,61.24169008651402,2
43,gpt_5_5_xhigh,56.8606091323168,3
43,gemini_3_1_pro_high,53.787013526203275,4
43,kimi_k3_max,36.78750545963453,5
43,claude_opus_4_8_max,36.359641971925655,6
43,qwen3_8_max,35.78334414402522,7
44,claude_opus_4_8_max,76.77234294882722,1
44,qwen3_8_max,76.00663762519471,2
44,claude_fable_5_max,74.62088894522032,3
44,gpt_5_6_sol_max,58.55275676077463,4
44,gemini_3_1_pro_high,49.93280085690192,5
44,gpt_5_5_xhigh,48.7743611487309,6
44,kimi_k3_max,10.592357633019105,7
45,claude_fable_5_max,61.50792621525092,1
45,gemini_3_1_pro_high,53.195486667201344,2
45,gpt_5_6_sol_max,53.050432754426595,3
45,gpt_5_5_xhigh,43.492903225908535,4
45,qwen3_8_max,42.024492296907,5
45,claude_opus_4_8_max,37.685468712071064,6
45,kimi_k3_max,32.170481802060785,7
46,kimi_k3_max,77.00937460800127,1
46,claude_fable_5_max,59.57908945910272,2
46,gpt_5_6_sol_max,55.110626429000305,3
46,gpt_5_5_xhigh,49.02982608482375,4
46,gemini_3_1_pro_high,47.24415559400737,5
46,qwen3_8_max,38.96767177695027,6
46,claude_opus_4_8_max,24.03375602910511,7
47,claude_fable_5_max,66.32850828155321,1
47,gemini_3_1_pro_high,51.55863419402392,2
47,gpt_5_6_sol_max,49.765232552780866,3
47,qwen3_8_max,37.919750207698996,4
47,kimi_k3_max,34.04432009145437,5
47,gpt_5_5_xhigh,32.26383304358894,6
47,claude_opus_4_8_max,26.37673810049413,7
48,gemini_3_1_pro_high,68.92768679873387,1
48,gpt_5_5_xhigh,59.818544383674386,2
48,gpt_5_6_sol_max,49.91506292561884,3
48,claude_fable_5_max,47.86264776603623,4
48,qwen3_8_max,36.68943770542171,5
48,kimi_k3_max,34.26175868655949,6
48,claude_opus_4_8_max,29.354925680977427,7
49,kimi_k3_max,66.46501712916437,1
49,gpt_5_5_xhigh,64.66409480808474,2
49,gemini_3_1_pro_high,52.47521465221281,3
49,qwen3_8_max,51.305890315557775,4
49,gpt_5_6_sol_max,46.451003445944856,5
49,claude_opus_4_8_max,39.65273855646331,6
49,claude_fable_5_max,36.44756708191372,7
50,gemini_3_1_pro_high,86.5560840018534,1
50,kimi_k3_max,70.6260875701123,2
50,qwen3_8_max,59.5015182798325,3
50,gpt_5_6_sol_max,49.49783139563843,4
50,gpt_5_5_xhigh,47.22515940609571,5
50,claude_fable_5_max,46.781564565589996,6
50,claude_opus_4_8_max,45.7023682188537,7
51,gpt_5_6_sol_max,82.38775458435089,1
51,kimi_k3_max,72.09037741128432,2
51,gemini_3_1_pro_high,50.806646004229485,3
51,claude_fable_5_max,50.377033442297375,4
51,qwen3_8_max,43.95232434538508,5
51,gpt_5_5_xhigh,39.60822566516834,6
51,claude_opus_4_8_max,32.09958056365775,7
52,claude_opus_4_8_max,84.32583261572725,1
52,gpt_5_5_xhigh,77.82437870343944,2
52,claude_fable_5_max,35.877048354907586,3
52,gpt_5_6_sol_max,30.16384125156802,4
52,qwen3_8_max,29.55847348211345,5
52,kimi_k3_max,22.310022594720337,6
52,gemini_3_1_pro_high,15.67693697351679,7
53,claude_fable_5_max,76.55803530927726,1
53,gemini_3_1_pro_high,75.07935534081103,2
53,kimi_k3_max,56.9222875813261,3
53,qwen3_8_max,56.46105194384305,4
53,gpt_5_5_xhigh,47.272449371759166,5
53,gpt_5_6_sol_max,46.648849357212654,6
53,claude_opus_4_8_max,41.2376291194734,7
54,claude_fable_5_max,85.50740157141544,1
54,gemini_3_1_pro_high,79.7469369583957,2
54,qwen3_8_max,69.52793852167076,3
54,gpt_5_6_sol_max,59.44974033354948,4
54,kimi_k3_max,44.94772893745907,5
54,claude_opus_4_8_max,38.00400109214862,6
54,gpt_5_5_xhigh,32.48509592017761,7
55,kimi_k3_max,75.30929769676736,1
55,claude_opus_4_8_max,68.6049721855114,2
55,gemini_3_1_pro_high,54.12807104580921,3
55,gpt_5_6_sol_max,53.593767678480965,4
55,gpt_5_5_xhigh,45.62823947132811,5
55,qwen3_8_max,25.7627948239208,6
55,claude_fable_5_max,15.494416933386864,7
56,qwen3_8_max,61.68404037740697,1
56,gpt_5_6_sol_max,57.42701383066848,2
56,kimi_k3_max,54.08650028990225,3
56,claude_opus_4_8_max,53.589903474759446,4
56,gpt_5_5_xhigh,48.877121295395845,5
56,claude_fable_5_max,45.53327492307886,6
56,gemini_3_1_pro_high,16.097618902376908,7
57,gpt_5_6_sol_max,81.68664241587064,1
57,claude_fable_5_max,58.08511411613596,2
57,gemini_3_1_pro_high,54.91075408110021,3
57,gpt_5_5_xhigh,54.5339067680997,4
57,claude_opus_4_8_max,49.492907440614616,5
57,qwen3_8_max,44.30852662507495,6
57,kimi_k3_max,20.729489519929057,7
58,gpt_5_5_xhigh,67.25318672960685,1
58,gpt_5_6_sol_max,60.43767470501156,2
58,gemini_3_1_pro_high,56.851932373602054,3
58,kimi_k3_max,52.790009947610805,4
58,claude_opus_4_8_max,45.78266375066198,5
58,qwen3_8_max,37.40921627483367,6
58,claude_fable_5_max,27.03764142673685,7
59,gpt_5_6_sol_max,61.47451324519078,1
59,claude_fable_5_max,59.48174711227476,2
59,kimi_k3_max,40.072653892972774,3
59,claude_opus_4_8_max,39.10337454982813,4
59,gemini_3_1_pro_high,38.56675728168531,5
59,qwen3_8_max,33.52214327685226,6
59,gpt_5_5_xhigh,23.158449095815843,7
60,gpt_5_5_xhigh,71.05770319714856,1
60,claude_opus_4_8_max,61.498070119732574,2
60,gemini_3_1_pro_high,60.24340236763485,3
60,claude_fable_5_max,60.164724298320365,4
60,kimi_k3_max,48.342275006140945,5
60,gpt_5_6_sol_max,38.47896045983641,6
60,qwen3_8_max,31.773361871868627,7
61,gpt_5_6_sol_max,80.13402632488888,1
61,kimi_k3_max,76.94682967823596,2
61,gpt_5_5_xhigh,64.56340878101201,3
61,claude_fable_5_max,60.45140954111609,4
61,qwen3_8_max,26.228000536741487,5
61,claude_opus_4_8_max,21.748613118006507,6
61,gemini_3_1_pro_high,15.681576885326216,7
62,qwen3_8_max,74.17413053946852,1
62,gpt_5_6_sol_max,62.8668392658292,2
62,gemini_3_1_pro_high,56.219097962320866,3
62,claude_fable_5_max,54.598747454587674,4
62,kimi_k3_max,51.58442976911833,5
62,gpt_5_5_xhigh,50.182236898773006,6
62,claude_opus_4_8_max,32.73386018449318,7
63,kimi_k3_max,79.56845426312773,1
63,qwen3_8_max,60.34388130681947,2
63,gpt_5_6_sol_max,42.61694712910412,3
63,claude_fable_5_max,37.543202778305144,4
63,gpt_5_5_xhigh,29.951192300980605,5
63,claude_opus_4_8_max,29.40290218071382,6
63,gemini_3_1_pro_high,20.017788279592295,7
64,gpt_5_5_xhigh,55.02620239690616,1
64,kimi_k3_max,44.57215677356416,2
64,gpt_5_6_sol_max,39.65226683234647,3
64,claude_fable_5_max,33.710232704322706,4
64,claude_opus_4_8_max,32.56844899453537,5
64,gemini_3_1_pro_high,27.25332561085663,6
64,qwen3_8_max,23.91803709403785,7
65,gpt_5_6_sol_max,73.80841327582306,1
65,qwen3_8_max,61.965782705126884,2
65,gpt_5_5_xhigh,60.45201552518823,3
65,claude_fable_5_max,56.704220959589485,4
65,kimi_k3_max,43.10612983032892,5
65,gemini_3_1_pro_high,42.511284824716284,6
65,claude_opus_4_8_max,34.338225504318565,7
66,claude_fable_5_max,75.55609658013714,1
66,kimi_k3_max,58.50459544540378,2
66,claude_opus_4_8_max,52.34647412853251,3
66,gpt_5_6_sol_max,48.438766800079335,4
66,gpt_5_5_xhigh,45.97221628917074,5
66,qwen3_8_max,37.99973010265569,6
66,gemini_3_1_pro_high,36.93147283633354,7
67,kimi_k3_max,74.70603843418066,1
67,gpt_5_6_sol_max,73.69017146999346,2
67,gpt_5_5_xhigh,66.9901943146531,3
67,qwen3_8_max,63.87608569569137,4
67,claude_fable_5_max,44.455785387900086,5
67,gemini_3_1_pro_high,35.67499214976853,6
67,claude_opus_4_8_max,29.000293299626033,7
68,kimi_k3_max,82.41966477410205,1
68,gemini_3_1_pro_high,76.202324795888,2
68,qwen3_8_max,75.01195477145926,3
68,claude_opus_4_8_max,45.823904513872634,4
68,gpt_5_6_sol_max,38.369225511906876,5
68,gpt_5_5_xhigh,29.776948266775907,6
68,claude_fable_5_max,20.571627916085106,7
69,claude_opus_4_8_max,74.99035887095191,1
69,claude_fable_5_max,67.9414221195109,2
69,gpt_5_5_xhigh,61.14985977446932,3
69,qwen3_8_max,55.54616760310637,4
69,gpt_5_6_sol_max,51.22963362388778,5
69,gemini_3_1_pro_high,47.04996516917174,6
69,kimi_k3_max,36.82390650383371,7
70,kimi_k3_max,85.35558405214593,1
70,claude_opus_4_8_max,65.40402527189347,2
70,gpt_5_5_xhigh,61.01134161560658,3
70,qwen3_8_max,60.14946027660985,4
70,gemini_3_1_pro_high,48.40736735664859,5
70,gpt_5_6_sol_max,41.45182221943216,6
70,claude_fable_5_max,34.82018685285909,7
71,gemini_3_1_pro_high,78.1290476391304,1
71,gpt_5_5_xhigh,67.80313778213687,2
71,qwen3_8_max,51.34803928535433,3
71,kimi_k3_max,48.29217549069955,4
71,claude_fable_5_max,45.46490694703934,5
71,gpt_5_6_sol_max,43.49914990647158,6
71,claude_opus_4_8_max,41.36724089370173,7
72,gpt_5_6_sol_max,79.12635697701998,1
72,claude_opus_4_8_max,59.808715084061085,2
72,claude_fable_5_max,56.59067649030949,3
72,gpt_5_5_xhigh,52.764017717431905,4
72,kimi_k3_max,49.7104784308209,5
72,gemini_3_1_pro_high,48.839885930874175,6
72,qwen3_8_max,24.96972913584291,7
73,claude_opus_4_8_max,68.69607030035837,1
73,kimi_k3_max,61.364311465619416,2
73,qwen3_8_max,47.71890020576781,3
73,gpt_5_6_sol_max,37.57708736467953,4
73,claude_fable_5_max,36.29775546348354,5
73,gemini_3_1_pro_high,28.05961625741356,6
73,gpt_5_5_xhigh,26.558879758141636,7
74,gpt_5_5_xhigh,71.3445344768306,1
74,claude_fable_5_max,61.768964370778775,2
74,gemini_3_1_pro_high,48.453898737989235,3
74,gpt_5_6_sol_max,47.7483793304573,4
74,kimi_k3_max,38.10380980294654,5
74,qwen3_8_max,28.32494012841626,6
74,claude_opus_4_8_max,14.416368146007699,7
75,claude_fable_5_max,86.85320165153388,1
75,gpt_5_5_xhigh,53.35446176237299,2
75,gemini_3_1_pro_high,46.293845861589936,3
75,claude_opus_4_8_max,39.98753406006072,4
75,kimi_k3_max,17.48895759071131,5
75,qwen3_8_max,16.343901806956023,6
75,gpt_5_6_sol_max,15.43097000974852,7
76,qwen3_8_max,74.85823128360488,1
76,gpt_5_6_sol_max,68.18886878698044,2
76,gpt_5_5_xhigh,64.37480927165778,3
76,claude_opus_4_8_max,50.14484404941746,4
76,claude_fable_5_max,37.24256438216853,5
76,kimi_k3_max,15.882875263159422,6
76,gemini_3_1_pro_high,7.806210276873996,7
77,gpt_5_6_sol_max,72.82682483580732,1
77,claude_fable_5_max,72.12657023605392,2
77,kimi_k3_max,70.1517759739314,3
77,gpt_5_5_xhigh,67.6454609606231,4
77,gemini_3_1_pro_high,60.65970539820544,5
77,qwen3_8_max,55.90334235778735,6
77,claude_opus_4_8_max,23.85312513654867,7
78,claude_opus_4_8_max,67.19684993407006,1
78,kimi_k3_max,66.19728395149777,2
78,gemini_3_1_pro_high,54.795316836777815,3
78,gpt_5_6_sol_max,53.09652524716961,4
78,gpt_5_5_xhigh,34.393601825048485,5
78,qwen3_8_max,32.653101129569265,6
78,claude_fable_5_max,24.390889903585688,7
79,claude_fable_5_max,83.8120390531721,1
79,kimi_k3_max,59.58913234917749,2
79,qwen3_8_max,49.944586805122015,3
79,claude_opus_4_8_max,49.388538632056054,4
79,gpt_5_5_xhigh,37.084563150644236,5
79,gpt_5_6_sol_max,30.72835081723113,6
79,gemini_3_1_pro_high,24.328881802605245,7
80,gpt_5_5_xhigh,70.53018745481153,1
80,kimi_k3_max,47.50020737049883,2
80,gpt_5_6_sol_max,46.74839677190877,3
80,gemini_3_1_pro_high,30.382200670389828,4
80,qwen3_8_max,26.650339088124667,5
80,claude_opus_4_8_max,22.66038768397861,6
80,claude_fable_5_max,21.051811408304225,7
81,gemini_3_1_pro_high,54.790618856879625,1
81,gpt_5_6_sol_max,53.71779349096144,2
81,claude_fable_5_max,51.33004992375586,3
81,gpt_5_5_xhigh,45.32138377139202,4
81,kimi_k3_max,38.6058624512757,5
81,qwen3_8_max,31.593970977781098,6
81,claude_opus_4_8_max,22.70398844182413,7
82,claude_fable_5_max,93.59051956526685,1
82,claude_opus_4_8_max,65.45419160446615,2
82,gpt_5_5_xhigh,53.636677494750586,3
82,gemini_3_1_pro_high,49.198939137750166,4
82,gpt_5_6_sol_max,39.419436319010586,5
82,kimi_k3_max,36.9913032491369,6
82,qwen3_8_max,26.14004128365442,7
83,kimi_k3_max,67.97266707282903,1
83,claude_opus_4_8_max,66.84283230202206,2
83,gemini_3_1_pro_high,61.83393505803781,3
83,claude_fable_5_max,52.03450427884054,4
83,gpt_5_6_sol_max,39.02265109802558,5
83,qwen3_8_max,32.27594737196209,6
83,gpt_5_5_xhigh,26.227858987348085,7
84,claude_opus_4_8_max,64.16321668946121,1
84,kimi_k3_max,63.860928634493625,2
84,qwen3_8_max,60.38360860152484,3
84,gpt_5_6_sol_max,53.40306946035658,4
84,gemini_3_1_pro_high,27.988589864325196,5
84,gpt_5_5_xhigh,22.499049026157632,6
84,claude_fable_5_max,8.3718649106534,7
85,qwen3_8_max,65.75209195777501,1
85,gemini_3_1_pro_high,63.78737468606261,2
85,claude_fable_5_max,62.15624208975618,3
85,claude_opus_4_8_max,46.885428271852845,4
85,gpt_5_6_sol_max,43.216678491752646,5
85,gpt_5_5_xhigh,39.823353298527536,6
85,kimi_k3_max,31.746261067006348,7
86,gpt_5_6_sol_max,60.20361823290906,1
86,qwen3_8_max,51.76134598236486,2
86,claude_fable_5_max,50.0702152605987,3
86,kimi_k3_max,41.52553713273913,4
86,gemini_3_1_pro_high,40.45771044907651,5
86,claude_opus_4_8_max,39.25785920597729,6
86,gpt_5_5_xhigh,16.280324863626298,7
87,claude_fable_5_max,85.3637441180392,1
87,kimi_k3_max,36.86729359375334,2
87,gemini_3_1_pro_high,32.735349063501914,3
87,claude_opus_4_8_max,32.16247248508372,4
87,gpt_5_5_xhigh,31.371084813107025,5
87,gpt_5_6_sol_max,30.04211953861264,6
87,qwen3_8_max,27.378101009451395,7
88,qwen3_8_max,85.92471277119733,1
88,kimi_k3_max,84.5569186987162,2
88,gemini_3_1_pro_high,74.29891469874825,3
88,gpt_5_5_xhigh,64.3768811561344,4
88,gpt_5_6_sol_max,61.70869462642993,5
88,claude_fable_5_max,49.38252366815854,6
88,claude_opus_4_8_max,23.790290180515164,7
89,kimi_k3_max,90.72004223390374,1
89,gpt_5_6_sol_max,79.08792092887174,2
89,gemini_3_1_pro_high,52.765356151861965,3
89,claude_opus_4_8_max,46.67700391872001,4
89,qwen3_8_max,39.33960605270413,5
89,gpt_5_5_xhigh,33.32231358546657,6
89,claude_fable_5_max,11.29892415363875,7
90,claude_opus_4_8_max,78.58261015261553,1
90,gpt_5_6_sol_max,74.35749661657078,2
90,kimi_k3_max,67.24590255481286,3
90,claude_fable_5_max,45.515940002181395,4
90,qwen3_8_max,36.06624103013811,5
90,gpt_5_5_xhigh,35.72024924997072,6
90,gemini_3_1_pro_high,12.90129968349082,7
91,claude_fable_5_max,78.4724946249288,1
91,kimi_k3_max,74.25939865245861,2
91,gpt_5_6_sol_max,52.637359798869326,3
91,gemini_3_1_pro_high,46.01948722045605,4
91,gpt_5_5_xhigh,40.466178689106215,5
91,claude_opus_4_8_max,32.04676894622728,6
91,qwen3_8_max,32.03626007849419,7
92,gemini_3_1_pro_high,89.73373460535527,1
92,gpt_5_5_xhigh,68.32077261763646,2
92,kimi_k3_max,51.659555348840044,3
92,qwen3_8_max,46.48482508589964,4
92,claude_opus_4_8_max,33.78696476392406,5
92,gpt_5_6_sol_max,29.520158480713757,6
92,claude_fable_5_max,27.53496189667158,7
93,gpt_5_6_sol_max,73.15978479952508,1
93,claude_opus_4_8_max,69.92539825712223,2
93,gemini_3_1_pro_high,60.802134292674715,3
93,kimi_k3_max,51.5626417944165,4
93,claude_fable_5_max,45.88943652497582,5
93,gpt_5_5_xhigh,33.90300089945533,6
93,qwen3_8_max,17.00339287351696,7
94,claude_fable_5_max,77.44432237590206,1
94,gpt_5_6_sol_max,62.83577979983077,2
94,claude_opus_4_8_max,49.485263322104714,3
94,qwen3_8_max,44.46909046716776,4
94,kimi_k3_max,36.525177823308866,5
94,gpt_5_5_xhigh,26.98991410676127,6
94,gemini_3_1_pro_high,17.76873042162063,7
95,claude_opus_4_8_max,66.19994724697106,1
95,kimi_k3_max,36.860276979455776,2
95,qwen3_8_max,36.10426514420425,3
95,claude_fable_5_max,31.48803273909514,4
95,gpt_5_5_xhigh,25.53144233575536,5
95,gemini_3_1_pro_high,16.57530851438577,6
95,gpt_5_6_sol_max,11.751832269955912,7
96,gpt_5_5_xhigh,77.53517134036466,1
96,claude_fable_5_max,73.22783814658635,2
96,gemini_3_1_pro_high,59.87428128004307,3
96,qwen3_8_max,56.472439091771975,4
96,kimi_k3_max,51.697457164908386,5
96,gpt_5_6_sol_max,33.20363576830796,6
96,claude_opus_4_8_max,25.975406032258004,7
97,claude_fable_5_max,70.43856146233205,1
97,gpt_5_5_xhigh,65.42925868462,2
97,kimi_k3_max,37.62913089907189,3
97,qwen3_8_max,30.204999070915974,4
97,claude_opus_4_8_max,26.791751977564477,5
97,gemini_3_1_pro_high,23.387561631981015,6
97,gpt_5_6_sol_max,9.410747365347367,7
98,qwen3_8_max,78.89335362380253,1
98,kimi_k3_max,54.87279826841217,2
98,claude_opus_4_8_max,44.18080652460404,3
98,claude_fable_5_max,36.40276980422948,4
98,gpt_5_5_xhigh,20.002605040113878,5
98,gpt_5_6_sol_max,19.79106317646666,6
98,gemini_3_1_pro_high,15.898658468664014,7
99,claude_fable_5_max,74.9591254069664,1
99,kimi_k3_max,70.27566758292141,2
99,qwen3_8_max,38.552152896644955,3
99,gpt_5_5_xhigh,32.692220122875234,4
99,claude_opus_4_8_max,29.458326443475,5
99,gpt_5_6_sol_max,28.942953983025678,6
99,gemini_3_1_pro_high,23.830782725200798,7
100,gpt_5_6_sol_max,76.77651166806025,1
100,kimi_k3_max,45.05517744451808,2
100,gemini_3_1_pro_high,42.812038987806375,3
100,claude_opus_4_8_max,39.92536918575266,4
100,claude_fable_5_max,33.21062502972277,5
100,gpt_5_5_xhigh,28.607973465208673,6
100,qwen3_8_max,26.61569363998363,7
101,claude_fable_5_max,71.15115026040819,1
101,gpt_5_5_xhigh,65.48626911576387,2
101,claude_opus_4_8_max,54.793631295026074,3
101,qwen3_8_max,36.95630680735615,4
101,kimi_k3_max,27.84354069882697,5
101,gpt_5_6_sol_max,23.071111743470322,6
101,gemini_3_1_pro_high,22.22441813469091,7
102,claude_fable_5_max,62.66309451090539,1
102,gemini_3_1_pro_high,59.48599937579742,2
102,qwen3_8_max,53.76893347836155,3
102,gpt_5_5_xhigh,52.56246155273111,4
102,kimi_k3_max,38.535688386155165,5
102,gpt_5_6_sol_max,19.961990267119404,6
102,claude_opus_4_8_max,14.199928498772518,7
103,qwen3_8_max,78.22934337327501,1
103,claude_fable_5_max,64.53699981429517,2
103,kimi_k3_max,43.228556458489884,3
103,claude_opus_4_8_max,39.954872703294136,4
103,gpt_5_5_xhigh,28.104615072068793,5
103,gpt_5_6_sol_max,23.609468342293724,6
103,gemini_3_1_pro_high,17.402403604039627,7
104,gpt_5_5_xhigh,73.67426353748385,1
104,kimi_k3_max,72.08388024356634,2
104,gpt_5_6_sol_max,41.44054823095726,3
104,gemini_3_1_pro_high,35.07373428495813,4
104,claude_fable_5_max,26.88629798230923,5
104,qwen3_8_max,24.643446687804456,6
104,claude_opus_4_8_max,23.019712900841917,7
105,claude_fable_5_max,72.90903010375591,1
105,qwen3_8_max,65.62693169642742,2
105,gpt_5_5_xhigh,60.80114603875996,3
105,gpt_5_6_sol_max,52.72633909114299,4
105,claude_opus_4_8_max,49.11627740468559,5
105,gemini_3_1_pro_high,31.445929962810332,6
105,kimi_k3_max,29.994388119176442,7
106,gpt_5_6_sol_max,80.86671971026675,1
106,qwen3_8_max,66.44649167519344,2
106,claude_opus_4_8_max,65.4728777648311,3
106,claude_fable_5_max,33.641508626169006,4
106,gpt_5_5_xhigh,27.89534374233459,5
106,kimi_k3_max,22.4252010610399,6
106,gemini_3_1_pro_high,11.201419000084018,7
107,gemini_3_1_pro_high,67.15226411161984,1
107,claude_fable_5_max,63.87668340194537,2
107,qwen3_8_max,53.80193897409654,3
107,kimi_k3_max,51.602357166759575,4
107,gpt_5_5_xhigh,50.540039846246216,5
107,claude_opus_4_8_max,44.161017629446825,6
107,gpt_5_6_sol_max,30.905464123014667,7
108,gpt_5_5_xhigh,74.83000379493113,1
108,claude_opus_4_8_max,56.00055584823167,2
108,claude_fable_5_max,46.409693628700964,3
108,kimi_k3_max,46.19739377776553,4
108,gpt_5_6_sol_max,42.887252474002025,5
108,gemini_3_1_pro_high,41.80923516993898,6
108,qwen3_8_max,38.34007578205612,7
109,claude_fable_5_max,83.94472247491336,1
109,qwen3_8_max,70.31145764349769,2
109,claude_opus_4_8_max,59.66949297429955,3
109,gpt_5_5_xhigh,44.91442859307986,4
109,gpt_5_6_sol_max,43.12219808341994,5
109,gemini_3_1_pro_high,38.165246748333146,6
109,kimi_k3_max,14.425278590535404,7
110,gpt_5_5_xhigh,66.84601900243332,1
110,gemini_3_1_pro_high,62.75021490853119,2
110,qwen3_8_max,57.179116450321146,3
110,claude_opus_4_8_max,52.37795501711277,4
110,claude_fable_5_max,43.36299019632446,5
110,gpt_5_6_sol_max,34.39210748081562,6
110,kimi_k3_max,33.85082463744984,7
111,claude_opus_4_8_max,80.85040713646487,1
111,gemini_3_1_pro_high,72.01031781841971,2
111,qwen3_8_max,54.82774643107351,3
111,kimi_k3_max,52.120096906525276,4
111,gpt_5_5_xhigh,51.552480391831445,5
111,gpt_5_6_sol_max,32.685311937509546,6
111,claude_fable_5_max,21.820757592216275,7
112,gemini_3_1_pro_high,85.11116852265282,1
112,claude_fable_5_max,75.6573306721107,2
112,qwen3_8_max,64.60560115113354,3
112,gpt_5_6_sol_max,57.66708195865827,4
112,claude_opus_4_8_max,56.762418575583055,5
112,gpt_5_5_xhigh,54.62455583451102,6
112,kimi_k3_max,11.777830682922232,7
113,claude_fable_5_max,61.32243661095228,1
113,qwen3_8_max,51.69453427091007,2
113,gpt_5_6_sol_max,47.481149389037554,3
113,kimi_k3_max,43.32546476189571,4
113,claude_opus_4_8_max,40.88460171074265,5
113,gemini_3_1_pro_high,32.1736957326331,6
113,gpt_5_5_xhigh,28.964012635358674,7
114,claude_opus_4_8_max,76.8195574888586,1
114,gemini_3_1_pro_high,75.50126075451149,2
114,claude_fable_5_max,65.72571361674767,3
114,qwen3_8_max,50.944580608645026,4
114,gpt_5_5_xhigh,34.46647654588393,5
114,kimi_k3_max,29.366903116092253,6
114,gpt_5_6_sol_max,19.24539201368505,7
115,gpt_5_5_xhigh,79.73065123177913,1
115,kimi_k3_max,69.74286777554633,2
115,claude_opus_4_8_max,54.76491072621357,3
115,claude_fable_5_max,34.202246817904154,4
115,gemini_3_1_pro_high,27.435966348619424,5
115,qwen3_8_max,27.35898927538156,6
115,gpt_5_6_sol_max,25.05550148798745,7
116,gpt_5_5_xhigh,78.43859172685914,1
116,claude_opus_4_8_max,69.51730255412846,2
116,gemini_3_1_pro_high,65.08426094819745,3
116,claude_fable_5_max,49.35675388728286,4
116,gpt_5_6_sol_max,46.97395317699077,5
116,kimi_k3_max,32.01997770238348,6
116,qwen3_8_max,28.70270962791921,7
117,claude_opus_4_8_max,62.77777026350567,1
117,claude_fable_5_max,47.294339211951325,2
117,gpt_5_5_xhigh,36.62813900991058,3
117,gemini_3_1_pro_high,32.080768353693834,4
117,qwen3_8_max,24.255465785134696,5
117,kimi_k3_max,19.503178494229736,6
117,gpt_5_6_sol_max,12.823445567106683,7
118,gemini_3_1_pro_high,71.52357245489787,1
118,claude_opus_4_8_max,56.49779519306684,2
118,gpt_5_5_xhigh,54.719838429430744,3
118,qwen3_8_max,46.643692314373666,4
118,gpt_5_6_sol_max,34.74940770179422,5
118,kimi_k3_max,34.56742123469734,6
118,claude_fable_5_max,23.957044784378777,7
119,gemini_3_1_pro_high,66.50995835968777,1
119,qwen3_8_max,65.46830903319481,2
119,gpt_5_5_xhigh,63.21147350354424,3
119,claude_fable_5_max,55.78813770330969,4
119,claude_opus_4_8_max,32.497965760006174,5
119,gpt_5_6_sol_max,24.063623087647628,6
119,kimi_k3_max,13.32524403971673,7
120,claude_fable_5_max,76.44923465193529,1
120,gpt_5_6_sol_max,54.15654405782908,2
120,gpt_5_5_xhigh,50.70867176579452,3
120,gemini_3_1_pro_high,43.09618492379505,4
120,qwen3_8_max,38.195913329295735,5
120,kimi_k3_max,25.12170776460413,6
120,claude_opus_4_8_max,20.84438349940421,7
121,gpt_5_6_sol_max,79.63660448914455,1
121,claude_fable_5_max,63.881067695592364,2
121,gemini_3_1_pro_high,48.609158548699575,3
121,qwen3_8_max,39.04696178104179,4
121,claude_opus_4_8_max,36.286256879812015,5
121,kimi_k3_max,35.80765594981354,6
121,gpt_5_5_xhigh,11.611224241339263,7
122,claude_fable_5_max,70.61096014570653,1
122,claude_opus_4_8_max,63.761152678383226,2
122,gpt_5_5_xhigh,57.98023865161922,3
122,kimi_k3_max,51.62056845488429,4
122,gpt_5_6_sol_max,48.87179541373608,5
122,qwen3_8_max,43.991026203185505,6
122,gemini_3_1_pro_high,15.956821793390827,7
123,claude_fable_5_max,84.62065040892533,1
123,gpt_5_5_xhigh,51.468514135018786,2
123,gpt_5_6_sol_max,47.73072636719426,3
123,qwen3_8_max,35.38439761701966,4
123,claude_opus_4_8_max,29.072005453235896,5
123,kimi_k3_max,24.261011981760284,6
123,gemini_3_1_pro_high,23.659096411598735,7
124,claude_fable_5_max,94.2645992919953,1
124,gemini_3_1_pro_high,67.80428082910716,2
124,gpt_5_6_sol_max,56.014512509171794,3
124,gpt_5_5_xhigh,51.64335181646035,4
124,kimi_k3_max,50.20783338209142,5
124,qwen3_8_max,45.107687829190326,6
124,claude_opus_4_8_max,22.1721036305717,7
125,gpt_5_6_sol_max,87.08534423867283,1
125,gpt_5_5_xhigh,70.82380792361742,2
125,claude_fable_5_max,49.004430845448496,3
125,kimi_k3_max,44.3917224007881,4
125,qwen3_8_max,42.93579782035585,5
125,gemini_3_1_pro_high,37.978135561239256,6
125,claude_opus_4_8_max,33.67605388488419,7
126,gpt_5_5_xhigh,72.21160399455098,1
126,qwen3_8_max,55.36413526509424,2
126,claude_opus_4_8_max,46.42240424242581,3
126,claude_fable_5_max,32.388702982960396,4
126,kimi_k3_max,26.406836110587804,5
126,gpt_5_6_sol_max,24.535255030412475,6
126,gemini_3_1_pro_high,8.753842875457636,7
127,gpt_5_6_sol_max,82.18050529030387,1
127,qwen3_8_max,73.03602290483835,2
127,gemini_3_1_pro_high,59.10624832546434,3
127,gpt_5_5_xhigh,54.651494423059354,4
127,claude_opus_4_8_max,51.75331253751216,5
127,kimi_k3_max,30.79994268509241,6
127,claude_fable_5_max,26.77190568265926,7
128,claude_opus_4_8_max,72.50596875323842,1
128,gemini_3_1_pro_high,56.4655577857622,2
128,qwen3_8_max,49.276694555489,3
128,kimi_k3_max,47.31290695043154,4
128,gpt_5_5_xhigh,30.409387795868344,5
128,gpt_5_6_sol_max,27.334103998927503,6
128,claude_fable_5_max,24.02924940627831,7
129,claude_fable_5_max,80.0726958094716,1
129,qwen3_8_max,69.90304343040633,2
129,gpt_5_6_sol_max,51.844307190281604,3
129,kimi_k3_max,49.865851164952055,4
129,gpt_5_5_xhigh,47.902090499458254,5
129,gemini_3_1_pro_high,45.521259275248326,6
129,claude_opus_4_8_max,25.93216002808278,7
130,gemini_3_1_pro_high,62.733055264360345,1
130,kimi_k3_max,57.70440960288356,2
130,gpt_5_5_xhigh,56.82088946380733,3
130,claude_opus_4_8_max,47.04912292274486,4
130,gpt_5_6_sol_max,44.038360710290185,5
130,qwen3_8_max,39.87409808759825,6
130,claude_fable_5_max,29.68651845362776,7
131,kimi_k3_max,93.3867344452299,1
131,gpt_5_6_sol_max,51.42435240586116,2
131,gemini_3_1_pro_high,28.502426375118816,3
131,claude_fable_5_max,27.630230374113914,4
131,claude_opus_4_8_max,25.276190275671624,5
131,qwen3_8_max,15.816506211530868,6
131,gpt_5_5_xhigh,13.65126240764913,7
132,claude_fable_5_max,90.0489839809376,1
132,gemini_3_1_pro_high,49.529515722592485,2
132,qwen3_8_max,49.34051618070162,3
132,kimi_k3_max,39.52727897585871,4
132,claude_opus_4_8_max,28.670332170107827,5
132,gpt_5_6_sol_max,26.960453437512548,6
132,gpt_5_5_xhigh,12.239242805355818,7
133,gpt_5_6_sol_max,90.66357172795092,1
133,gemini_3_1_pro_high,67.02608709455494,2
133,qwen3_8_max,53.248189463720045,3
133,gpt_5_5_xhigh,43.35390551699995,4
133,claude_opus_4_8_max,37.24620935014782,5
133,kimi_k3_max,31.102331365217342,6
133,claude_fable_5_max,17.92913167444801,7
134,claude_fable_5_max,94.86373666196457,1
134,claude_opus_4_8_max,62.41407722651061,2
134,gemini_3_1_pro_high,52.073311122574346,3
134,qwen3_8_max,40.22934216264794,4
134,kimi_k3_max,32.24827850896198,5
134,gpt_5_6_sol_max,30.109310649470398,6
134,gpt_5_5_xhigh,27.2076689549813,7
135,claude_fable_5_max,78.64690597924897,1
135,gpt_5_6_sol_max,73.84509464408092,2
135,kimi_k3_max,67.04604717031903,3
135,gemini_3_1_pro_high,43.16852236668547,4
135,qwen3_8_max,39.61332793663875,5
135,gpt_5_5_xhigh,38.83545079963326,6
135,claude_opus_4_8_max,24.288235839267546,7
136,claude_fable_5_max,83.62802700907432,1
136,kimi_k3_max,67.4537985249715,2
136,gemini_3_1_pro_high,52.909929604358084,3
136,qwen3_8_max,43.03131724712306,4
136,gpt_5_5_xhigh,40.97921760122591,5
136,gpt_5_6_sol_max,36.39479376660556,6
136,claude_opus_4_8_max,29.825218368272736,7
137,claude_fable_5_max,68.69611969949285,1
137,kimi_k3_max,64.76184966843587,2
137,claude_opus_4_8_max,61.44645617863197,3
137,gemini_3_1_pro_high,59.774878466156366,4
137,qwen3_8_max,59.01481304819512,5
137,gpt_5_6_sol_max,55.40437148181897,6
137,gpt_5_5_xhigh,31.090543051513414,7
138,claude_fable_5_max,83.01830275840075,1
138,qwen3_8_max,77.80099496821128,2
138,gpt_5_6_sol_max,50.23018041744928,3
138,gemini_3_1_pro_high,31.53943997229828,4
138,kimi_k3_max,29.885444599255404,5
138,gpt_5_5_xhigh,27.98673001275368,6
138,claude_opus_4_8_max,25.056374850227776,7
139,gemini_3_1_pro_high,70.22739891168005,1
139,gpt_5_5_xhigh,68.74479218038437,2
139,gpt_5_6_sol_max,64.60437310711751,3
139,claude_fable_5_max,38.41977024414748,4
139,claude_opus_4_8_max,35.360130091236584,5
139,kimi_k3_max,29.42476528512045,6
139,qwen3_8_max,26.687445710354105,7
140,gpt_5_5_xhigh,71.56360667511044,1
140,gpt_5_6_sol_max,68.54806224975319,2
140,kimi_k3_max,55.57097193783123,3
140,claude_fable_5_max,52.74031524709711,4
140,qwen3_8_max,49.57422827395913,5
140,gemini_3_1_pro_high,49.42667442568963,6
140,claude_opus_4_8_max,40.00844389264726,7
141,gpt_5_6_sol_max,81.48308919381898,1
141,claude_fable_5_max,75.30313254745161,2
141,gpt_5_5_xhigh,64.59856617260118,3
141,kimi_k3_max,44.009115882480465,4
141,gemini_3_1_pro_high,43.02958291513835,5
141,qwen3_8_max,41.939227019716284,6
141,claude_opus_4_8_max,37.33453942971618,7
142,gemini_3_1_pro_high,61.33328202842014,1
142,claude_fable_5_max,58.40568538369021,2
142,gpt_5_6_sol_max,52.977264737688735,3
142,claude_opus_4_8_max,43.24674817797286,4
142,gpt_5_5_xhigh,41.31562360748618,5
142,kimi_k3_max,40.20950527993367,6
142,qwen3_8_max,22.20090557872524,7
143,kimi_k3_max,86.0807650335112,1
143,gemini_3_1_pro_high,55.017336458645694,2
143,gpt_5_6_sol_max,51.47867181540478,3
143,gpt_5_5_xhigh,42.394921809883186,4
143,claude_opus_4_8_max,34.05826044424886,5
143,claude_fable_5_max,31.476709887672364,6
143,qwen3_8_max,29.899005636707436,7
144,claude_fable_5_max,81.55625051980154,1
144,gpt_5_6_sol_max,66.83480112568147,2
144,kimi_k3_max,57.16559148245373,3
144,gpt_5_5_xhigh,52.085742207317864,4
144,qwen3_8_max,39.97221320329185,5
144,gemini_3_1_pro_high,25.60043968721797,6
144,claude_opus_4_8_max,11.956042451050166,7
145,gpt_5_6_sol_max,70.81805234917485,1
145,claude_fable_5_max,69.82034807109184,2
145,gpt_5_5_xhigh,50.98534733509905,3
145,kimi_k3_max,46.83643729988013,4
145,gemini_3_1_pro_high,29.971024680529318,5
145,claude_opus_4_8_max,22.479374424699202,6
145,qwen3_8_max,18.293473895268,7
146,qwen3_8_max,73.65147284327813,1
146,gpt_5_5_xhigh,57.98259402393447,2
146,gemini_3_1_pro_high,51.246013701402504,3
146,kimi_k3_max,47.51050563334391,4
146,claude_fable_5_max,34.46069839251853,5
146,claude_opus_4_8_max,33.28313910252381,6
146,gpt_5_6_sol_max,12.443011722529599,7
147,claude_opus_4_8_max,84.59122794182254,1
147,gpt_5_5_xhigh,80.99691961877062,2
147,gemini_3_1_pro_high,52.97694351852637,3
147,gpt_5_6_sol_max,43.77879962919822,4
147,kimi_k3_max,35.31716358293062,5
147,claude_fable_5_max,28.855768663268893,6
147,qwen3_8_max,28.13203672059698,7
148,gemini_3_1_pro_high,74.88655989756073,1
148,claude_fable_5_max,66.85043466732603,2
148,gpt_5_6_sol_max,57.469328609275934,3
148,claude_opus_4_8_max,45.00786279830467,4
148,gpt_5_5_xhigh,44.201430628813426,5
148,kimi_k3_max,30.03984109341188,6
148,qwen3_8_max,26.965502146940626,7
149,gpt_5_5_xhigh,57.58423223237766,1
149,claude_fable_5_max,52.86635708502555,2
149,claude_opus_4_8_max,46.6937568625836,3
149,gemini_3_1_pro_high,43.409097980928664,4
149,qwen3_8_max,40.646459667061734,5
149,kimi_k3_max,39.758465685457715,6
149,gpt_5_6_sol_max,12.532053056041192,7
150,claude_fable_5_max,69.31991024122972,1
150,claude_opus_4_8_max,62.570292643586825,2
150,kimi_k3_max,54.455672798245956,3
150,qwen3_8_max,47.42084941614351,4
150,gpt_5_6_sol_max,38.92816559042873,5
150,gemini_3_1_pro_high,38.51610248565403,6
150,gpt_5_5_xhigh,15.395220119697784,7
151,gpt_5_6_sol_max,80.63324085928842,1
151,claude_fable_5_max,41.869869865330735,2
151,claude_opus_4_8_max,40.8900699049203,3
151,qwen3_8_max,38.85858962945425,4
151,kimi_k3_max,37.78025526558771,5
151,gpt_5_5_xhigh,33.169977123216775,6
151,gemini_3_1_pro_high,22.354056896811326,7
152,claude_fable_5_max,66.4056663316712,1
152,gpt_5_5_xhigh,59.49027598317026,2
152,gemini_3_1_pro_high,54.820678324713334,3
152,kimi_k3_max,35.96231233646593,4
152,claude_opus_4_8_max,29.94019662436218,5
152,gpt_5_6_sol_max,27.09882647656996,6
152,qwen3_8_max,22.97350790005734,7
153,claude_fable_5_max,74.70459513058427,1
153,kimi_k3_max,57.15599440034895,2
153,gpt_5_6_sol_max,56.32273365248601,3
153,claude_opus_4_8_max,47.288282136508826,4
153,gpt_5_5_xhigh,46.716671150092694,5
153,qwen3_8_max,44.716092075226584,6
153,gemini_3_1_pro_high,18.02910888168625,7
154,claude_opus_4_8_max,65.21573471512924,1
154,qwen3_8_max,61.91699814980426,2
154,claude_fable_5_max,54.38560304165642,3
154,gpt_5_5_xhigh,50.36411159116201,4
154,gpt_5_6_sol_max,46.14656699421567,5
154,kimi_k3_max,45.86670657444289,6
154,gemini_3_1_pro_high,39.17924219115047,7
155,gpt_5_5_xhigh,71.03003754240733,1
155,kimi_k3_max,59.5178892084609,2
155,gpt_5_6_sol_max,50.96621147096572,3
155,claude_fable_5_max,50.92773212482035,4
155,qwen3_8_max,45.92583217070283,5
155,gemini_3_1_pro_high,34.15062748232374,6
155,claude_opus_4_8_max,24.60201817216348,7
156,claude_fable_5_max,83.61425867103253,1
156,gpt_5_6_sol_max,67.97930514369668,2
156,gpt_5_5_xhigh,45.38635935448969,3
156,qwen3_8_max,45.26887521783054,4
156,claude_opus_4_8_max,44.674689034315634,5
156,gemini_3_1_pro_high,38.365657598948886,6
156,kimi_k3_max,27.809284425790256,7
157,claude_opus_4_8_max,68.74123926374286,1
157,kimi_k3_max,51.82652520380097,2
157,qwen3_8_max,49.337356227502354,3
157,gpt_5_5_xhigh,49.10913608886895,4
157,claude_fable_5_max,48.27332210946848,5
157,gemini_3_1_pro_high,41.539219488029865,6
157,gpt_5_6_sol_max,33.90464878508415,7
158,kimi_k3_max,83.73149188826117,1
158,claude_fable_5_max,54.56945955068329,2
158,qwen3_8_max,52.298525720940624,3
158,gpt_5_6_sol_max,49.675147419064615,4
158,claude_opus_4_8_max,48.91812901822526,5
158,gpt_5_5_xhigh,45.317044216953704,6
158,gemini_3_1_pro_high,5.695449597867447,7
159,kimi_k3_max,79.05648197740831,1
159,qwen3_8_max,72.98965323560775,2
159,gpt_5_5_xhigh,64.22093539317677,3
159,claude_opus_4_8_max,60.97295958225362,4
159,gemini_3_1_pro_high,46.5993400780034,5
159,claude_fable_5_max,45.32141691871736,6
159,gpt_5_6_sol_max,30.15941704879466,7
160,gpt_5_6_sol_max,81.53466114860638,1
160,gemini_3_1_pro_high,60.0391431384223,2
160,qwen3_8_max,55.92995689531453,3
160,kimi_k3_max,42.86203821776936,4
160,claude_opus_4_8_max,35.690589078508324,5
160,gpt_5_5_xhigh,32.06452454281403,6
160,claude_fable_5_max,23.271625019701204,7
161,claude_fable_5_max,89.21406831257633,1
161,gpt_5_6_sol_max,65.32711625549688,2
161,gpt_5_5_xhigh,50.530907345102115,3
161,kimi_k3_max,50.03794187689678,4
161,claude_opus_4_8_max,48.50301010686672,5
161,qwen3_8_max,39.11407051469012,6
161,gemini_3_1_pro_high,17.37110040287313,7
162,claude_fable_5_max,69.81544825954103,1
162,gemini_3_1_pro_high,65.90419042244305,2
162,qwen3_8_max,63.2817582054101,3
162,kimi_k3_max,45.32465136785966,4
162,claude_opus_4_8_max,44.22036838981043,5
162,gpt_5_5_xhigh,31.036299549729502,6
162,gpt_5_6_sol_max,20.11244828073943,7
163,kimi_k3_max,71.37478193567682,1
163,claude_fable_5_max,57.185064663426346,2
163,claude_opus_4_8_max,39.31638651848205,3
163,gpt_5_6_sol_max,38.69650202654483,4
163,qwen3_8_max,36.00643124848577,5
163,gpt_5_5_xhigh,35.175583491927696,6
163,gemini_3_1_pro_high,30.075608455731178,7
164,claude_opus_4_8_max,81.28518595427974,1
164,qwen3_8_max,65.01116600659822,2
164,kimi_k3_max,53.54345279131662,3
164,claude_fable_5_max,49.87075841303394,4
164,gpt_5_5_xhigh,41.01587185131809,5
164,gpt_5_6_sol_max,25.988638575844945,6
164,gemini_3_1_pro_high,8.439124895514503,7
165,gpt_5_6_sol_max,50.34247886929002,1
165,gpt_5_5_xhigh,50.187311325688846,2
165,claude_fable_5_max,49.77186478256662,3
165,kimi_k3_max,47.21753761654428,4
165,gemini_3_1_pro_high,46.995115492416595,5
165,claude_opus_4_8_max,44.25903079976892,6
165,qwen3_8_max,40.85941275793563,7
166,claude_fable_5_max,74.04924427281537,1
166,kimi_k3_max,70.96961767542774,2
166,gemini_3_1_pro_high,55.087042351639525,3
166,gpt_5_6_sol_max,44.56122902859941,4
166,gpt_5_5_xhigh,41.48005431470419,5
166,qwen3_8_max,26.861570207891177,6
166,claude_opus_4_8_max,23.027252442732337,7
167,gpt_5_5_xhigh,79.2367646265662,1
167,claude_fable_5_max,64.12070967200039,2
167,kimi_k3_max,52.92814720479201,3
167,qwen3_8_max,46.58323379499039,4
167,gemini_3_1_pro_high,33.62686887470846,5
167,gpt_5_6_sol_max,32.547374319273736,6
167,claude_opus_4_8_max,29.277337950058325,7
168,gpt_5_5_xhigh,58.73494691886786,1
168,claude_opus_4_8_max,52.19572385642613,2
168,claude_fable_5_max,42.95192410620023,3
168,qwen3_8_max,36.30592669647504,4
168,gpt_5_6_sol_max,34.70459269841648,5
168,gemini_3_1_pro_high,33.393043268200145,6
168,kimi_k3_max,25.664096711331194,7
169,claude_fable_5_max,66.97326421126752,1
169,gpt_5_6_sol_max,62.01219928664521,2
169,qwen3_8_max,61.485151435780466,3
169,claude_opus_4_8_max,56.008693982632295,4
169,kimi_k3_max,49.845848834150516,5
169,gpt_5_5_xhigh,41.25245455774579,6
169,gemini_3_1_pro_high,18.85301152044162,7
170,claude_fable_5_max,98.3589762306095,1
170,gpt_5_5_xhigh,48.05544637890773,2
170,gpt_5_6_sol_max,40.14207715579272,3
170,kimi_k3_max,33.76377625643392,4
170,gemini_3_1_pro_high,25.81067918875949,5
170,claude_opus_4_8_max,10.625326920926433,6
170,qwen3_8_max,3.127651226324222,7
171,claude_fable_5_max,91.46416512428978,1
171,gemini_3_1_pro_high,45.5471220647558,2
171,kimi_k3_max,43.80345478479039,3
171,gpt_5_6_sol_max,43.711728844164426,4
171,claude_opus_4_8_max,34.06687078366745,5
171,qwen3_8_max,33.23227774268823,6
171,gpt_5_5_xhigh,28.032046257668316,7
172,gemini_3_1_pro_high,81.56187104499328,1
172,kimi_k3_max,54.21460362288615,2
172,claude_fable_5_max,49.62050311241722,3
172,gpt_5_6_sol_max,40.97347762690806,4
172,claude_opus_4_8_max,40.77203114001606,5
172,qwen3_8_max,33.80504284615175,6
172,gpt_5_5_xhigh,26.571341967116503,7
173,claude_opus_4_8_max,73.06515992835199,1
173,gpt_5_5_xhigh,71.13431253689566,2
173,qwen3_8_max,69.72577478746857,3
173,gpt_5_6_sol_max,51.64489515722281,4
173,kimi_k3_max,48.007744549690685,5
173,claude_fable_5_max,44.30745530368621,6
173,gemini_3_1_pro_high,33.163674367578345,7
174,gemini_3_1_pro_high,74.13710390378397,1
174,gpt_5_6_sol_max,66.08132958608655,2
174,qwen3_8_max,50.76608221043532,3
174,gpt_5_5_xhigh,47.19103584044457,4
174,claude_fable_5_max,31.604137973863082,5
174,claude_opus_4_8_max,24.30564888752589,6
174,kimi_k3_max,17.309925053471087,7
175,gpt_5_5_xhigh,77.29476427009861,1
175,claude_fable_5_max,65.89230042690195,2
175,gpt_5_6_sol_max,65.42969076337002,3
175,qwen3_8_max,61.029674874792285,4
175,claude_opus_4_8_max,58.42656974273171,5
175,gemini_3_1_pro_high,38.44703807391434,6
175,kimi_k3_max,12.410973242046833,7
176,gemini_3_1_pro_high,87.94372093148625,1
176,claude_opus_4_8_max,72.73285480726786,2
176,gpt_5_6_sol_max,72.00035356775922,3
176,qwen3_8_max,64.76697481790171,4
176,gpt_5_5_xhigh,54.77450087014564,5
176,kimi_k3_max,44.724198864354804,6
176,claude_fable_5_max,31.72343299411269,7
177,gpt_5_5_xhigh,72.66642434555263,1
177,kimi_k3_max,63.952669033854775,2
177,claude_fable_5_max,49.61483082794926,3
177,gemini_3_1_pro_high,40.93904111258682,4
177,qwen3_8_max,34.164122749203635,5
177,claude_opus_4_8_max,19.765832036654967,6
177,gpt_5_6_sol_max,18.28400455034109,7
178,claude_fable_5_max,91.32766120188907,1
178,gpt_5_5_xhigh,67.52309912220184,2
178,qwen3_8_max,52.44962332678744,3
178,kimi_k3_max,49.605591385293295,4
178,gemini_3_1_pro_high,47.542839896302105,5
178,claude_opus_4_8_max,35.970715180903305,6
178,gpt_5_6_sol_max,15.803462262899671,7
179,gpt_5_5_xhigh,74.9592063239059,1
179,gemini_3_1_pro_high,66.99078249863082,2
179,kimi_k3_max,59.706500895029265,3
179,claude_fable_5_max,56.7102811235063,4
179,gpt_5_6_sol_max,48.96321447052495,5
179,claude_opus_4_8_max,43.325752330068106,6
179,qwen3_8_max,41.11989302560654,7
180,gpt_5_6_sol_max,93.70024797507514,1
180,claude_opus_4_8_max,82.9058277740789,2
180,gemini_3_1_pro_high,59.781192648291814,3
180,qwen3_8_max,57.89435520449642,4
180,claude_fable_5_max,57.56293434230223,5
180,kimi_k3_max,51.252461765415056,6
180,gpt_5_5_xhigh,17.02841367503837,7
181,claude_fable_5_max,84.39829162106437,1
181,gpt_5_6_sol_max,76.75161478957142,2
181,qwen3_8_max,57.3891636695993,3
181,gemini_3_1_pro_high,46.32065438254391,4
181,kimi_k3_max,43.88800040706371,5
181,claude_opus_4_8_max,42.49182357149472,6
181,gpt_5_5_xhigh,25.97115823138827,7
182,gemini_3_1_pro_high,62.06433647442779,1
182,claude_fable_5_max,61.66109854357138,2
182,gpt_5_6_sol_max,48.70011155637147,3
182,claude_opus_4_8_max,40.50435766305627,4
182,qwen3_8_max,39.91296058873682,5
182,kimi_k3_max,29.644760988619463,6
182,gpt_5_5_xhigh,28.685760001060906,7
183,gpt_5_6_sol_max,59.847635196622875,1
183,claude_fable_5_max,50.48415623824937,2
183,gpt_5_5_xhigh,50.118041037899246,3
183,claude_opus_4_8_max,48.66861450317447,4
183,gemini_3_1_pro_high,40.45222616763435,5
183,kimi_k3_max,37.68808502571583,6
183,qwen3_8_max,29.3862567728288,7
184,gpt_5_6_sol_max,60.66064668247734,1
184,gpt_5_5_xhigh,59.84327321267837,2
184,claude_fable_5_max,57.52541523930473,3
184,gemini_3_1_pro_high,55.689483268432966,4
184,qwen3_8_max,55.15232697924215,5
184,claude_opus_4_8_max,54.855270407662346,6
184,kimi_k3_max,17.635343548712846,7
185,gpt_5_6_sol_max,89.48100843319388,1
185,kimi_k3_max,55.95762682036404,2
185,claude_opus_4_8_max,53.78018121170687,3
185,qwen3_8_max,51.317179299208156,4
185,claude_fable_5_max,45.752572359966024,5
185,gemini_3_1_pro_high,41.75770917801078,6
185,gpt_5_5_xhigh,27.87730209714239,7
186,gpt_5_6_sol_max,76.25407266945956,1
186,claude_fable_5_max,68.86606754586727,2
186,gemini_3_1_pro_high,51.47754516713822,3
186,kimi_k3_max,50.39868360546623,4
186,gpt_5_5_xhigh,31.543238924101317,5
186,qwen3_8_max,28.179268709591682,6
186,claude_opus_4_8_max,26.688235978516122,7
187,gpt_5_6_sol_max,69.61404995777332,1
187,qwen3_8_max,63.52589095054731,2
187,kimi_k3_max,53.732627366392364,3
187,claude_fable_5_max,40.45774495162553,4
187,gpt_5_5_xhigh,37.5854626544877,5
187,gemini_3_1_pro_high,36.61193253805304,6
187,claude_opus_4_8_max,30.826533781790722,7
188,gpt_5_5_xhigh,69.88995336248614,1
188,claude_opus_4_8_max,59.316168460732186,2
188,kimi_k3_max,49.481575694129745,3
188,qwen3_8_max,40.75429770169307,4
188,claude_fable_5_max,26.64549497009778,5
188,gpt_5_6_sol_max,15.354257964709625,6
188,gemini_3_1_pro_high,11.870213042182542,7
189,claude_fable_5_max,87.17663078271707,1
189,gpt_5_5_xhigh,40.94939271840913,2
189,gemini_3_1_pro_high,37.683897899345425,3
189,claude_opus_4_8_max,35.3454071235056,4
189,kimi_k3_max,31.101457175263086,5
189,gpt_5_6_sol_max,22.462795073374892,6
189,qwen3_8_max,12.984962561603224,7
190,claude_fable_5_max,63.71810041697334,1
190,gpt_5_6_sol_max,62.955249092897056,2
190,claude_opus_4_8_max,57.194996511391025,3
190,gpt_5_5_xhigh,44.813743116036996,4
190,kimi_k3_max,43.50818710682989,5
190,qwen3_8_max,23.794056037294645,6
190,gemini_3_1_pro_high,19.922433520726074,7
191,gpt_5_6_sol_max,60.05700853449274,1
191,claude_fable_5_max,49.246170465671014,2
191,kimi_k3_max,48.322596013571996,3
191,qwen3_8_max,44.94947462542893,4
191,gemini_3_1_pro_high,40.87510891972697,5
191,claude_opus_4_8_max,39.458532170830686,6
191,gpt_5_5_xhigh,26.90591436856098,7
192,claude_fable_5_max,81.89479836884348,1
192,gemini_3_1_pro_high,62.95183651005853,2
192,gpt_5_6_sol_max,57.48305717295996,3
192,claude_opus_4_8_max,54.41019875927554,4
192,qwen3_8_max,43.669443763107864,5
192,kimi_k3_max,26.247259066846414,6
192,gpt_5_5_xhigh,23.511979229672818,7
193,gpt_5_6_sol_max,80.04722493128479,1
193,gpt_5_5_xhigh,75.39721076993254,2
193,qwen3_8_max,71.24821735392749,3
193,gemini_3_1_pro_high,57.47065973639796,4
193,kimi_k3_max,53.70465807721255,5
193,claude_opus_4_8_max,41.49535323721029,6
193,claude_fable_5_max,31.261455448600415,7
194,claude_fable_5_max,65.87364628711244,1
194,kimi_k3_max,64.51679139445297,2
194,gpt_5_5_xhigh,53.584728909023255,3
194,claude_opus_4_8_max,50.53451572130419,4
194,qwen3_8_max,33.09820395076312,5
194,gemini_3_1_pro_high,26.134115509330307,6
194,gpt_5_6_sol_max,19.319556845465176,7
195,gpt_5_6_sol_max,90.65910877023799,1
195,qwen3_8_max,52.536383419428475,2
195,gpt_5_5_xhigh,50.401596847281766,3
195,claude_fable_5_max,40.90000360553924,4
195,claude_opus_4_8_max,40.83484416335583,5
195,gemini_3_1_pro_high,39.42938867954615,6
195,kimi_k3_max,30.11068663846862,7
196,qwen3_8_max,73.69804940057143,1
196,claude_opus_4_8_max,33.30656568305627,2
196,claude_fable_5_max,27.582391961873242,3
196,kimi_k3_max,22.208004720155216,4
196,gpt_5_6_sol_max,19.702461361220266,5
196,gemini_3_1_pro_high,18.17485659682494,6
196,gpt_5_5_xhigh,7.814841667732238,7
197,gemini_3_1_pro_high,76.67478617946418,1
197,claude_opus_4_8_max,67.2714808498027,2
197,gpt_5_6_sol_max,61.383558837862275,3
197,kimi_k3_max,46.21218243102435,4
197,claude_fable_5_max,45.218071662293674,5
197,qwen3_8_max,25.38879945786307,6
197,gpt_5_5_xhigh,23.95668486855731,7
198,gpt_5_6_sol_max,78.75300982113916,1
198,qwen3_8_max,75.2327935688844,2
198,claude_fable_5_max,58.953965273398566,3
198,gemini_3_1_pro_high,56.159173764831635,4
198,gpt_5_5_xhigh,48.90125411991828,5
198,kimi_k3_max,45.299284053802644,6
198,claude_opus_4_8_max,35.519838891880056,7
199,kimi_k3_max,69.51926397473397,1
199,claude_fable_5_max,52.57096402856475,2
199,gpt_5_5_xhigh,52.29035721881657,3
199,gpt_5_6_sol_max,49.182013775461996,4
199,claude_opus_4_8_max,34.54925750728087,5
199,qwen3_8_max,28.33300611668551,6
199,gemini_3_1_pro_high,23.341448111102437,7
200,claude_opus_4_8_max,73.74641139798462,1
200,gpt_5_6_sol_max,55.25470089797446,2
200,qwen3_8_max,49.74469404279282,3
200,gemini_3_1_pro_high,37.85344279686957,4
200,gpt_5_5_xhigh,24.651960835071677,5
200,kimi_k3_max,20.498913929938396,6
200,claude_fable_5_max,13.632842372940495,7
201,gpt_5_5_xhigh,88.18291009052092,1
201,gemini_3_1_pro_high,62.93961153333029,2
201,qwen3_8_max,53.829803125172475,3
201,kimi_k3_max,51.317930008508306,4
201,claude_fable_5_max,46.11578079295907,5
201,gpt_5_6_sol_max,44.98025465975573,6
201,claude_opus_4_8_max,27.003499868464242,7
202,kimi_k3_max,71.35001010535434,1
202,gpt_5_6_sol_max,53.66938863387648,2
202,claude_opus_4_8_max,52.334018880328934,3
202,gpt_5_5_xhigh,46.18230645871442,4
202,gemini_3_1_pro_high,42.58487667800486,5
202,qwen3_8_max,40.3179004539834,6
202,claude_fable_5_max,33.72946658495853,7
203,gpt_5_5_xhigh,72.66466261203836,1
203,claude_fable_5_max,60.652757728237646,2
203,gpt_5_6_sol_max,56.25565610765809,3
203,claude_opus_4_8_max,45.34126604607253,4
203,gemini_3_1_pro_high,39.785787586344576,5
203,qwen3_8_max,36.90122196267742,6
203,kimi_k3_max,28.780878100187085,7
204,gpt_5_5_xhigh,94.63346954978095,1
204,claude_fable_5_max,76.0720338080645,2
204,qwen3_8_max,59.48960013689151,3
204,gpt_5_6_sol_max,56.18893551932571,4
204,kimi_k3_max,27.22809606935716,5
204,claude_opus_4_8_max,22.475558453579644,6
204,gemini_3_1_pro_high,3.804135180056488,7
205,gemini_3_1_pro_high,75.56101314259816,1
205,qwen3_8_max,68.55900007514302,2
205,gpt_5_5_xhigh,64.66979038245898,3
205,claude_fable_5_max,48.121327965080695,4
205,claude_opus_4_8_max,46.28222706562458,5
205,kimi_k3_max,45.340666896655875,6
205,gpt_5_6_sol_max,34.32421691565807,7
206,gpt_5_6_sol_max,71.81418247758049,1
206,qwen3_8_max,54.61373044026749,2
206,claude_fable_5_max,45.678821005953935,3
206,kimi_k3_max,40.753852488132445,4
206,claude_opus_4_8_max,28.020206766318143,5
206,gemini_3_1_pro_high,27.910171973508536,6
206,gpt_5_5_xhigh,23.274835994750475,7
207,claude_fable_5_max,86.13625500448778,1
207,gpt_5_5_xhigh,44.638715361390425,2
207,gpt_5_6_sol_max,41.567569740590386,3
207,claude_opus_4_8_max,39.70202285700407,4
207,gemini_3_1_pro_high,39.09705292530341,5
207,qwen3_8_max,26.21830318804762,6
207,kimi_k3_max,17.39609317634418,7
208,claude_fable_5_max,79.24140430536235,1
208,gpt_5_5_xhigh,76.97105415290464,2
208,qwen3_8_max,67.1062167752192,3
208,kimi_k3_max,59.85185029356082,4
208,gemini_3_1_pro_high,51.70943738552072,5
208,claude_opus_4_8_max,32.911264668755784,6
208,gpt_5_6_sol_max,20.71592968795214,7
209,qwen3_8_max,84.39490805140105,1
209,kimi_k3_max,72.43682986468995,2
209,claude_fable_5_max,65.71367036009819,3
209,gemini_3_1_pro_high,56.41362688597646,4
209,claude_opus_4_8_max,53.47317107650418,5
209,gpt_5_6_sol_max,52.50134761849312,6
209,gpt_5_5_xhigh,16.15684976849891,7
210,claude_fable_5_max,74.57160088487224,1
210,claude_opus_4_8_max,53.821568141490495,2
210,gpt_5_5_xhigh,49.64133624000417,3
210,gemini_3_1_pro_high,34.15398731952524,4
210,gpt_5_6_sol_max,32.65307971530847,5
210,qwen3_8_max,30.552173940329016,6
210,kimi_k3_max,22.909814819659708,7
211,gemini_3_1_pro_high,58.897454787567455,1
211,claude_fable_5_max,57.118724172565834,2
211,gpt_5_5_xhigh,52.42947295780561,3
211,claude_opus_4_8_max,44.856615888728705,4
211,gpt_5_6_sol_max,27.498166185947735,5
211,qwen3_8_max,20.35610368178643,6
211,kimi_k3_max,12.26810984902387,7
212,gemini_3_1_pro_high,80.9771600347013,1
212,gpt_5_5_xhigh,71.54414375842092,2
212,claude_opus_4_8_max,57.04340125526435,3
212,qwen3_8_max,55.34395949372765,4
212,gpt_5_6_sol_max,50.943786703197844,5
212,claude_fable_5_max,23.1092054796205,6
212,kimi_k3_max,16.595526380105674,7
213,gemini_3_1_pro_high,77.42245867261843,1
213,qwen3_8_max,62.45748639941351,2
213,claude_opus_4_8_max,61.840956985510275,3
213,kimi_k3_max,52.85499371505017,4
213,gpt_5_6_sol_max,46.52204913616033,5
213,claude_fable_5_max,42.88194610204957,6
213,gpt_5_5_xhigh,32.91854196037732,7
214,kimi_k3_max,89.18868736776126,1
214,claude_fable_5_max,60.676999793285866,2
214,claude_opus_4_8_max,41.26716734452331,3
214,gpt_5_5_xhigh,39.09107986204374,4
214,gemini_3_1_pro_high,33.60658946694163,5
214,gpt_5_6_sol_max,29.681549162398902,6
214,qwen3_8_max,20.532913628493425,7
215,gpt_5_6_sol_max,60.2513347358488,1
215,kimi_k3_max,53.75539971993936,2
215,gpt_5_5_xhigh,46.84551300757874,3
215,claude_fable_5_max,45.39314521375587,4
215,gemini_3_1_pro_high,32.84469176188048,5
215,qwen3_8_max,31.830076914967904,6
215,claude_opus_4_8_max,31.22573165719619,7
216,gpt_5_6_sol_max,78.97375038203725,1
216,qwen3_8_max,64.14958805701401,2
216,gpt_5_5_xhigh,62.02797289327192,3
216,kimi_k3_max,52.86212464095705,4
216,gemini_3_1_pro_high,45.263420101583556,5
216,claude_opus_4_8_max,36.76245771598827,6
216,claude_fable_5_max,25.790731704624953,7
217,gpt_5_5_xhigh,63.73508173676007,1
217,claude_opus_4_8_max,45.38876206082749,2
217,gemini_3_1_pro_high,38.99053136158686,3
217,qwen3_8_max,38.66789712304218,4
217,claude_fable_5_max,36.59677887666527,5
217,gpt_5_6_sol_max,26.460754059405208,6
217,kimi_k3_max,21.178922976173315,7
218,claude_fable_5_max,78.7515632722198,1
218,qwen3_8_max,73.33371768102896,2
218,gpt_5_6_sol_max,43.35309582434989,3
218,gemini_3_1_pro_high,37.536958730636414,4
218,claude_opus_4_8_max,31.63817304349108,5
218,kimi_k3_max,20.53979016584997,6
218,gpt_5_5_xhigh,19.836976678363552,7
219,claude_fable_5_max,85.69242807578182,1
219,kimi_k3_max,68.89632911981347,2
219,qwen3_8_max,52.01296759781754,3
219,gpt_5_5_xhigh,48.19426845832903,4
219,gemini_3_1_pro_high,45.044062346506266,5
219,claude_opus_4_8_max,32.016677243501704,6
219,gpt_5_6_sol_max,17.616495547214804,7
220,claude_fable_5_max,80.03559884350203,1
220,gpt_5_5_xhigh,68.43518897602817,2
220,gemini_3_1_pro_high,41.96950119414826,3
220,gpt_5_6_sol_max,40.82690339828529,4
220,kimi_k3_max,32.66756426370135,5
220,claude_opus_4_8_max,28.4220340413208,6
220,qwen3_8_max,27.118726537475364,7
221,claude_fable_5_max,89.68061616626213,1
221,qwen3_8_max,68.33960508139906,2
221,gemini_3_1_pro_high,55.23691113001934,3
221,gpt_5_5_xhigh,47.81818326465193,4
221,claude_opus_4_8_max,28.884563022370358,5
221,gpt_5_6_sol_max,24.833764217822193,6
221,kimi_k3_max,21.772274374426818,7
222,gemini_3_1_pro_high,71.77832075398815,1
222,gpt_5_5_xhigh,68.75373153799526,2
222,gpt_5_6_sol_max,50.547374784050064,3
222,qwen3_8_max,46.021819298466205,4
222,kimi_k3_max,44.22690349079964,5
222,claude_fable_5_max,42.35357440411004,6
222,claude_opus_4_8_max,32.80543093678255,7
223,gpt_5_6_sol_max,77.64527636801787,1
223,gemini_3_1_pro_high,66.27672917966468,2
223,kimi_k3_max,64.62591726231832,3
223,claude_fable_5_max,56.26043194499343,4
223,qwen3_8_max,53.704070748639154,5
223,gpt_5_5_xhigh,30.759131394359365,6
223,claude_opus_4_8_max,27.56803752350599,7
224,gpt_5_6_sol_max,89.09727973501339,1
224,claude_opus_4_8_max,62.46617252087308,2
224,gemini_3_1_pro_high,58.48156663912786,3
224,kimi_k3_max,53.91394083212686,4
224,qwen3_8_max,48.73935289435969,5
224,gpt_5_5_xhigh,26.90389222970286,6
224,claude_fable_5_max,21.3297204546609,7
225,gpt_5_5_xhigh,75.38606853156138,1
225,claude_fable_5_max,70.35822031687027,2
225,kimi_k3_max,56.71522190948008,3
225,gpt_5_6_sol_max,52.92258060378907,4
225,qwen3_8_max,48.51918329451888,5
225,gemini_3_1_pro_high,45.80777112653493,6
225,claude_opus_4_8_max,26.746836915220804,7
226,gpt_5_5_xhigh,65.50898211136462,1
226,kimi_k3_max,56.00648336089648,2
226,gpt_5_6_sol_max,46.27696036567127,3
226,claude_fable_5_max,40.797911646865124,4
226,gemini_3_1_pro_high,26.661247887162205,5
226,qwen3_8_max,20.569934884159,6
226,claude_opus_4_8_max,16.59347667197848,7
227,gemini_3_1_pro_high,74.585745837256,1
227,claude_opus_4_8_max,64.45996991744086,2
227,qwen3_8_max,54.409552180877895,3
227,gpt_5_5_xhigh,48.566668129972776,4
227,claude_fable_5_max,45.05844959954587,5
227,gpt_5_6_sol_max,39.659724781796726,6
227,kimi_k3_max,39.659434834987714,7
228,qwen3_8_max,75.21700986229379,1
228,claude_opus_4_8_max,59.73437789446295,2
228,gemini_3_1_pro_high,56.841876392911814,3
228,gpt_5_6_sol_max,54.66961917359316,4
228,kimi_k3_max,43.80812521850624,5
228,claude_fable_5_max,32.60934019490293,6
228,gpt_5_5_xhigh,25.141939819311453,7
229,claude_opus_4_8_max,74.59905229586022,1
229,gpt_5_5_xhigh,62.31792220954438,2
229,gpt_5_6_sol_max,44.39406181436047,3
229,kimi_k3_max,42.80476924379498,4
229,qwen3_8_max,26.550788429787897,5
229,gemini_3_1_pro_high,23.754764862208727,6
229,claude_fable_5_max,14.548560274716799,7
230,claude_fable_5_max,72.76422321190196,1
230,kimi_k3_max,65.55781646167812,2
230,claude_opus_4_8_max,55.03184862137866,3
230,gpt_5_6_sol_max,52.639454019464424,4
230,gpt_5_5_xhigh,48.54252442672587,5
230,qwen3_8_max,37.12471664121919,6
230,gemini_3_1_pro_high,25.658779905648892,7
231,claude_opus_4_8_max,74.96304848019018,1
231,qwen3_8_max,61.688249250000815,2
231,gpt_5_6_sol_max,41.92249268041853,3
231,gpt_5_5_xhigh,35.96914378704471,4
231,claude_fable_5_max,34.927889564055036,5
231,gemini_3_1_pro_high,25.666910264709152,6
231,kimi_k3_max,23.483049021378683,7
232,kimi_k3_max,68.22988054262589,1
232,claude_fable_5_max,50.86842657176918,2
232,gpt_5_5_xhigh,36.72260076610711,3
232,claude_opus_4_8_max,33.14699350028286,4
232,gemini_3_1_pro_high,26.12082265314004,5
232,qwen3_8_max,22.69950692864635,6
232,gpt_5_6_sol_max,17.408914512671135,7
233,gpt_5_6_sol_max,80.77616478945987,1
233,qwen3_8_max,65.32294410325447,2
233,claude_opus_4_8_max,58.240461509924614,3
233,gemini_3_1_pro_high,51.072686111275324,4
233,gpt_5_5_xhigh,37.096338978284784,5
233,kimi_k3_max,33.646454199424696,6
233,claude_fable_5_max,18.890460382978628,7
234,claude_opus_4_8_max,61.67063309544528,1
234,kimi_k3_max,56.28198546420051,2
234,qwen3_8_max,45.715712231001746,3
234,gpt_5_5_xhigh,34.74435333983715,4
234,claude_fable_5_max,32.50823448532251,5
234,gemini_3_1_pro_high,30.01628660629848,6
234,gpt_5_6_sol_max,22.64491698507878,7
235,claude_opus_4_8_max,80.3992966808463,1
235,gpt_5_5_xhigh,54.68414541362792,2
235,qwen3_8_max,53.81392378458672,3
235,gpt_5_6_sol_max,53.0650891151994,4
235,kimi_k3_max,44.55560922205417,5
235,claude_fable_5_max,34.0678080895147,6
235,gemini_3_1_pro_high,17.45680632667355,7
236,claude_fable_5_max,71.95511805327385,1
236,gpt_5_5_xhigh,47.38823650728715,2
236,qwen3_8_max,40.25561510647022,3
236,gpt_5_6_sol_max,38.18983082251803,4
236,claude_opus_4_8_max,36.836555713499074,5
236,gemini_3_1_pro_high,21.964112919402044,6
236,kimi_k3_max,18.90235934504175,7
237,gpt_5_6_sol_max,71.9001994074786,1
237,gemini_3_1_pro_high,65.0767496848177,2
237,claude_fable_5_max,62.24768701147646,3
237,gpt_5_5_xhigh,51.473961465653176,4
237,kimi_k3_max,29.804990389756227,5
237,qwen3_8_max,29.138405840964552,6
237,claude_opus_4_8_max,21.776799667747916,7
238,gemini_3_1_pro_high,63.53018229351402,1
238,claude_fable_5_max,58.07137498080773,2
238,kimi_k3_max,53.280250318071566,3
238,claude_opus_4_8_max,49.64022693795803,4
238,gpt_5_5_xhigh,46.05174843708505,5
238,qwen3_8_max,39.653377335551,6
238,gpt_5_6_sol_max,13.176713441570657,7
239,kimi_k3_max,75.50996333731837,1
239,qwen3_8_max,64.60879756972875,2
239,claude_opus_4_8_max,53.13258718497309,3
239,gpt_5_5_xhigh,50.34949009783999,4
239,gemini_3_1_pro_high,35.467656313695606,5
239,gpt_5_6_sol_max,23.85346763968986,6
239,claude_fable_5_max,13.300371559575169,7
240,claude_fable_5_max,74.55682141889952,1
240,claude_opus_4_8_max,57.46089223014407,2
240,kimi_k3_max,46.60539548217589,3
240,gpt_5_6_sol_max,41.33049688005671,4
240,gemini_3_1_pro_high,41.20293329279779,5
240,gpt_5_5_xhigh,39.77814015946738,6
240,qwen3_8_max,38.10981369126862,7
241,claude_fable_5_max,78.90876581795538,1
241,claude_opus_4_8_max,66.43620067797505,2
241,gpt_5_6_sol_max,66.39300708825488,3
241,kimi_k3_max,57.76114806603087,4
241,gpt_5_5_xhigh,40.78182661499021,5
241,gemini_3_1_pro_high,29.727869504515233,6
241,qwen3_8_max,20.695550721519417,7
242,qwen3_8_max,67.90386143968148,1
242,claude_opus_4_8_max,59.80984139935872,2
242,kimi_k3_max,57.21779494285873,3
242,gemini_3_1_pro_high,56.99145930271773,4
242,gpt_5_5_xhigh,56.4817186187093,5
242,claude_fable_5_max,51.78342843340337,6
242,gpt_5_6_sol_max,46.78817742931707,7
243,kimi_k3_max,80.8584112773923,1
243,gemini_3_1_pro_high,64.19505359071391,2
243,claude_fable_5_max,62.16844507871166,3
243,gpt_5_6_sol_max,48.20899092174673,4
243,qwen3_8_max,40.42027470568679,5
243,gpt_5_5_xhigh,26.191527516571355,6
243,claude_opus_4_8_max,14.100467864677993,7
244,claude_fable_5_max,72.60097723546043,1
244,gpt_5_5_xhigh,58.74017297265871,2
244,claude_opus_4_8_max,53.62219369603318,3
244,kimi_k3_max,50.06450873210994,4
244,qwen3_8_max,27.883852990608986,5
244,gpt_5_6_sol_max,22.333318871847624,6
244,gemini_3_1_pro_high,17.836177981914474,7
245,gpt_5_5_xhigh,47.65380689142565,1
245,claude_fable_5_max,45.875011130313354,2
245,kimi_k3_max,43.2770733376803,3
245,gpt_5_6_sol_max,40.11130997185371,4
245,qwen3_8_max,38.84604710060219,5
245,gemini_3_1_pro_high,36.185639132321384,6
245,claude_opus_4_8_max,28.84430655510223,7
246,kimi_k3_max,68.86953887472966,1
246,qwen3_8_max,67.1379881616311,2
246,gemini_3_1_pro_high,55.90506386068327,3
246,gpt_5_6_sol_max,47.87416155044974,4
246,claude_opus_4_8_max,32.12316603595552,5
246,claude_fable_5_max,27.60725832547441,6
246,gpt_5_5_xhigh,15.706650190880964,7
247,claude_fable_5_max,78.21109446965265,1
247,gpt_5_6_sol_max,75.54481805802482,2
247,claude_opus_4_8_max,65.97255628956435,3
247,gpt_5_5_xhigh,47.96129275750944,4
247,kimi_k3_max,36.77524537737476,5
247,gemini_3_1_pro_high,33.557269967423956,6
247,qwen3_8_max,30.580469291151744,7
248,claude_fable_5_max,77.04099349891342,1
248,gpt_5_5_xhigh,59.28006316369926,2
248,gemini_3_1_pro_high,53.34582694422309,3
248,kimi_k3_max,53.00644332905074,4
248,gpt_5_6_sol_max,39.982465544795474,5
248,qwen3_8_max,34.46098401701402,6
248,claude_opus_4_8_max,28.147883900613483,7
249,gpt_5_6_sol_max,87.92143075089763,1
249,claude_fable_5_max,69.75202049229446,2
249,claude_opus_4_8_max,45.73630680704859,3
249,qwen3_8_max,44.493723967328116,4
249,kimi_k3_max,40.7376616815962,5
249,gemini_3_1_pro_high,29.90016492954841,6
249,gpt_5_5_xhigh,27.25909679809958,7
250,gpt_5_6_sol_max,72.20748000415512,1
250,gpt_5_5_xhigh,67.04913821680108,2
250,claude_opus_4_8_max,63.553822887786744,3
250,kimi_k3_max,54.22406933795092,4
250,qwen3_8_max,45.18592026971415,5
250,claude_fable_5_max,35.34271666205963,6
250,gemini_3_1_pro_high,32.56315453088746,7
251,gpt_5_6_sol_max,91.27318186475742,1
251,kimi_k3_max,72.39442114565824,2
251,claude_fable_5_max,48.629088654980045,3
251,gemini_3_1_pro_high,44.878234978553074,4
251,gpt_5_5_xhigh,36.51138301717832,5
251,claude_opus_4_8_max,35.08521867710364,6
251,qwen3_8_max,34.12188409631344,7
252,claude_opus_4_8_max,84.42752290554748,1
252,gemini_3_1_pro_high,71.48587375597654,2
252,gpt_5_5_xhigh,57.108061157124524,3
252,gpt_5_6_sol_max,50.92696405489447,4
252,kimi_k3_max,43.194335140647595,5
252,qwen3_8_max,32.44041783378933,6
252,claude_fable_5_max,22.02879326318494,7
253,gemini_3_1_pro_high,80.95292445032007,1
253,claude_fable_5_max,65.65187397757796,2
253,gpt_5_6_sol_max,53.43715455404732,3
253,qwen3_8_max,47.79586244132283,4
253,kimi_k3_max,42.379933431701666,5
253,claude_opus_4_8_max,30.44753588075178,6
253,gpt_5_5_xhigh,23.32957751204621,7
254,gpt_5_6_sol_max,83.56992045851985,1
254,qwen3_8_max,74.59349070740112,2
254,gemini_3_1_pro_high,73.59218817101468,3
254,claude_fable_5_max,54.51494763090528,4
254,kimi_k3_max,42.671723140628345,5
254,claude_opus_4_8_max,42.34388211613233,6
254,gpt_5_5_xhigh,32.935973467712564,7
255,claude_opus_4_8_max,76.31151350775514,1
255,gemini_3_1_pro_high,69.31506570266603,2
255,gpt_5_6_sol_max,64.6407254641074,3
255,qwen3_8_max,52.82277846648745,4
255,claude_fable_5_max,43.59094185226201,5
255,gpt_5_5_xhigh,32.140301415549416,6
255,kimi_k3_max,24.48937395321693,7
256,claude_fable_5_max,56.174229192585734,1
256,qwen3_8_max,52.885742360215275,2
256,claude_opus_4_8_max,40.39544841546369,3
256,gemini_3_1_pro_high,37.15896166540561,4
256,kimi_k3_max,35.76522447212349,5
256,gpt_5_6_sol_max,28.01384056688293,6
256,gpt_5_5_xhigh,16.97298112676197,7
257,qwen3_8_max,74.63385612277494,1
257,claude_opus_4_8_max,63.288934743130945,2
257,gpt_5_5_xhigh,61.41882740212988,3
257,gemini_3_1_pro_high,52.91662964359355,4
257,gpt_5_6_sol_max,47.976019859283454,5
257,claude_fable_5_max,42.75833217187663,6
257,kimi_k3_max,38.19646450495097,7
258,gpt_5_6_sol_max,63.06836943962347,1
258,kimi_k3_max,62.09906851714141,2
258,gemini_3_1_pro_high,57.28564210317673,3
258,qwen3_8_max,44.54826965917651,4
258,claude_opus_4_8_max,32.31937427872863,5
258,gpt_5_5_xhigh,31.830779028821844,6
258,claude_fable_5_max,26.070387985759524,7
259,qwen3_8_max,64.49375840547091,1
259,gemini_3_1_pro_high,61.803312786633754,2
259,gpt_5_5_xhigh,60.260317066862164,3
259,kimi_k3_max,55.30784735328152,4
259,gpt_5_6_sol_max,53.36006737578937,5
259,claude_fable_5_max,40.885279893030415,6
259,claude_opus_4_8_max,30.229111299314923,7
260,gpt_5_6_sol_max,84.20568621014962,1
260,gemini_3_1_pro_high,59.47077391375987,2
260,qwen3_8_max,32.892979515740244,3
260,kimi_k3_max,32.57087301250497,4
260,claude_opus_4_8_max,22.46049858657285,5
260,gpt_5_5_xhigh,19.71411254296376,6
260,claude_fable_5_max,19.522205350272397,7
261,qwen3_8_max,77.19419383911864,1
261,gemini_3_1_pro_high,72.83722601826851,2
261,gpt_5_6_sol_max,61.690991350907105,3
261,claude_fable_5_max,57.068768398863476,4
261,claude_opus_4_8_max,42.79393660974708,5
261,kimi_k3_max,34.52175658623699,6
261,gpt_5_5_xhigh,18.734508002898963,7
262,gpt_5_5_xhigh,72.68904906687754,1
262,claude_fable_5_max,66.0417042475044,2
262,qwen3_8_max,48.2087491034937,3
262,gpt_5_6_sol_max,45.029365265657304,4
262,claude_opus_4_8_max,21.464514633095668,5
262,gemini_3_1_pro_high,15.089412477024682,6
262,kimi_k3_max,14.568690950639116,7
263,claude_opus_4_8_max,89.66965717506015,1
263,claude_fable_5_max,59.30478956026201,2
263,qwen3_8_max,57.041055937456214,3
263,gpt_5_5_xhigh,51.61771604474021,4
263,gemini_3_1_pro_high,49.477303934110296,5
263,kimi_k3_max,31.174769531610536,6
263,gpt_5_6_sol_max,28.42651111991332,7
264,claude_fable_5_max,86.70003144142885,1
264,claude_opus_4_8_max,48.031577816196005,2
264,gpt_5_5_xhigh,46.754575698827466,3
264,gemini_3_1_pro_high,46.51068064879348,4
264,gpt_5_6_sol_max,36.59589376056687,5
264,qwen3_8_max,36.16837339652068,6
264,kimi_k3_max,33.10300710621486,7
265,claude_fable_5_max,75.88830320394048,1
265,gpt_5_6_sol_max,75.17739462937604,2
265,gemini_3_1_pro_high,56.125698476715684,3
265,kimi_k3_max,38.530507146070306,4
265,gpt_5_5_xhigh,37.8047893483384,5
265,claude_opus_4_8_max,36.61845230342088,6
265,qwen3_8_max,33.006118277327005,7
266,qwen3_8_max,80.30908070131295,1
266,claude_opus_4_8_max,60.49355345160443,2
266,gpt_5_5_xhigh,54.59054810854598,3
266,gpt_5_6_sol_max,31.750779604187663,4
266,gemini_3_1_pro_high,25.199308754557592,5
266,claude_fable_5_max,23.808180362884617,6
266,kimi_k3_max,21.305276296153753,7
267,qwen3_8_max,76.53016766018372,1
267,claude_opus_4_8_max,75.57285111284813,2
267,gemini_3_1_pro_high,66.23647307453957,3
267,gpt_5_5_xhigh,39.40782185983378,4
267,gpt_5_6_sol_max,35.74381696310733,5
267,kimi_k3_max,33.034561031611844,6
267,claude_fable_5_max,12.983572389000894,7
268,kimi_k3_max,80.17419417285228,1
268,gpt_5_5_xhigh,68.22113966515755,2
268,claude_fable_5_max,63.947822846843536,3
268,gemini_3_1_pro_high,56.343078905013286,4
268,gpt_5_6_sol_max,54.66107684816447,5
268,qwen3_8_max,51.34682466964177,6
268,claude_opus_4_8_max,26.62962967519238,7
269,claude_opus_4_8_max,71.73651766740912,1
269,qwen3_8_max,67.12837729535063,2
269,gpt_5_6_sol_max,53.7846241162522,3
269,claude_fable_5_max,51.02049851701092,4
269,gemini_3_1_pro_high,32.796451665067636,5
269,kimi_k3_max,29.386585127986823,6
269,gpt_5_5_xhigh,27.967485828583193,7
270,qwen3_8_max,73.98379887894295,1
270,gemini_3_1_pro_high,72.30086264006533,2
270,claude_fable_5_max,59.79445700197474,3
270,gpt_5_6_sol_max,44.76445576548778,4
270,gpt_5_5_xhigh,29.38653321539784,5
270,claude_opus_4_8_max,29.378785177673727,6
270,kimi_k3_max,10.575072474655812,7
271,claude_fable_5_max,64.70348305439296,1
271,kimi_k3_max,62.516659038065555,2
271,gpt_5_6_sol_max,58.02143437594731,3
271,gemini_3_1_pro_high,52.70162237374228,4
271,claude_opus_4_8_max,41.368097324116846,5
271,qwen3_8_max,40.29190402189879,6
271,gpt_5_5_xhigh,33.63978462223246,7
272,claude_fable_5_max,69.53497050600205,1
272,kimi_k3_max,63.64753517552381,2
272,gemini_3_1_pro_high,55.52422290916989,3
272,gpt_5_6_sol_max,49.67666714351712,4
272,claude_opus_4_8_max,43.47059859640037,5
272,qwen3_8_max,37.31826356266413,6
272,gpt_5_5_xhigh,37.073524409507066,7
273,claude_fable_5_max,67.514384977791,1
273,gpt_5_6_sol_max,57.540457175541526,2
273,gpt_5_5_xhigh,52.03649093320949,3
273,gemini_3_1_pro_high,45.20537087684031,4
273,qwen3_8_max,37.56278740737667,5
273,kimi_k3_max,33.79365797757056,6
273,claude_opus_4_8_max,24.84398670366549,7
274,gpt_5_6_sol_max,79.31280370981689,1
274,gemini_3_1_pro_high,78.56194735727797,2
274,kimi_k3_max,65.48109643789036,3
274,qwen3_8_max,58.04694886233363,4
274,claude_opus_4_8_max,43.59497416863326,5
274,claude_fable_5_max,36.268826189851225,6
274,gpt_5_5_xhigh,24.9932290772354,7
275,gpt_5_5_xhigh,76.48185913036,1
275,kimi_k3_max,70.36091492128554,2
275,gpt_5_6_sol_max,69.21379873894999,3
275,claude_fable_5_max,43.98252827235302,4
275,claude_opus_4_8_max,36.24480182141329,5
275,qwen3_8_max,36.067336021745234,6
275,gemini_3_1_pro_high,20.9210799949862,7
276,claude_fable_5_max,76.98477251678386,1
276,gpt_5_6_sol_max,59.46296895517574,2
276,claude_opus_4_8_max,57.62078452335912,3
276,qwen3_8_max,34.49245976708868,4
276,kimi_k3_max,28.764235254835697,5
276,gemini_3_1_pro_high,24.394737098755776,6
276,gpt_5_5_xhigh,22.70489760742081,7
277,qwen3_8_max,81.85433434974212,1
277,claude_fable_5_max,81.15649314820504,2
277,gpt_5_6_sol_max,64.57023556825814,3
277,kimi_k3_max,53.47541397982499,4
277,gpt_5_5_xhigh,36.00947796583965,5
277,claude_opus_4_8_max,31.562773151370074,6
277,gemini_3_1_pro_high,8.35183958897434,7
278,gpt_5_6_sol_max,79.25648133434618,1
278,claude_opus_4_8_max,60.90094237711881,2
278,kimi_k3_max,55.07331285459764,3
278,claude_fable_5_max,50.318495796585985,4
278,gpt_5_5_xhigh,50.054313206024275,5
278,gemini_3_1_pro_high,47.636888332981,6
278,qwen3_8_max,35.29207360467463,7
279,gpt_5_5_xhigh,59.72101922384938,1
279,claude_fable_5_max,56.011285142740995,2
279,gpt_5_6_sol_max,53.50176361196698,3
279,gemini_3_1_pro_high,43.6520923672676,4
279,kimi_k3_max,43.13822608013382,5
279,qwen3_8_max,40.07173860439063,6
279,claude_opus_4_8_max,34.5501876903735,7
280,claude_fable_5_max,64.57955357147044,1
280,claude_opus_4_8_max,45.217859932623796,2
280,gpt_5_5_xhigh,37.13711283593658,3
280,qwen3_8_max,37.130540390955176,4
280,gemini_3_1_pro_high,36.88014516289613,5
280,gpt_5_6_sol_max,28.90576776418135,6
280,kimi_k3_max,23.109312735226737,7
281,claude_fable_5_max,74.18344063659896,1
281,kimi_k3_max,53.8665334035273,2
281,gpt_5_5_xhigh,44.362888755012946,3
281,qwen3_8_max,36.37658232158639,4
281,claude_opus_4_8_max,33.869098373897664,5
281,gpt_5_6_sol_max,32.05250862396315,6
281,gemini_3_1_pro_high,11.331935189903167,7
282,gpt_5_5_xhigh,76.21712558222856,1
282,kimi_k3_max,55.80602612630275,2
282,claude_opus_4_8_max,50.17488732339432,3
282,qwen3_8_max,47.396984105488855,4
282,claude_fable_5_max,28.533354991400614,5
282,gpt_5_6_sol_max,19.953777103750202,6
282,gemini_3_1_pro_high,15.698997110438208,7
283,gpt_5_5_xhigh,75.23781103233128,1
283,gpt_5_6_sol_max,62.68653355643424,2
283,kimi_k3_max,42.00574269395717,3
283,claude_opus_4_8_max,37.66867916076861,4
283,claude_fable_5_max,31.26719228400547,5
283,qwen3_8_max,25.071897428206203,6
283,gemini_3_1_pro_high,15.653283431483805,7
284,claude_fable_5_max,63.49764317653304,1
284,qwen3_8_max,45.178551989849225,2
284,kimi_k3_max,42.161122429970945,3
284,claude_opus_4_8_max,41.18515764141894,4
284,gpt_5_6_sol_max,39.994734780915515,5
284,gemini_3_1_pro_high,35.43370761993252,6
284,gpt_5_5_xhigh,8.364728316907103,7
285,gpt_5_5_xhigh,79.67094006558028,1
285,gpt_5_6_sol_max,66.62221697948132,2
285,kimi_k3_max,63.090575717864105,3
285,gemini_3_1_pro_high,61.892717102632425,4
285,qwen3_8_max,60.95747001624167,5
285,claude_fable_5_max,43.85693193903751,6
285,claude_opus_4_8_max,33.52321911418309,7
286,gemini_3_1_pro_high,70.09627916405887,1
286,gpt_5_6_sol_max,69.05347970990317,2
286,kimi_k3_max,49.85378533710511,3
286,qwen3_8_max,48.71402882051271,4
286,claude_fable_5_max,43.10623525273334,5
286,claude_opus_4_8_max,37.07349298178667,6
286,gpt_5_5_xhigh,36.88971459970006,7
287,claude_fable_5_max,91.04067601131003,1
287,gpt_5_6_sol_max,49.99616163447328,2
287,qwen3_8_max,42.500230489949445,3
287,gpt_5_5_xhigh,41.65781976489366,4
287,kimi_k3_max,41.07601598585355,5
287,gemini_3_1_pro_high,39.58688548777543,6
287,claude_opus_4_8_max,20.981897391707893,7
288,gemini_3_1_pro_high,52.263170300606305,1
288,qwen3_8_max,43.36040200890277,2
288,claude_opus_4_8_max,39.87175912524936,3
288,claude_fable_5_max,34.36516342465331,4
288,gpt_5_6_sol_max,28.546798869633953,5
288,kimi_k3_max,27.941369875123776,6
288,gpt_5_5_xhigh,22.310633519810356,7
289,gpt_5_5_xhigh,49.915283050263156,1
289,claude_opus_4_8_max,37.39559246048016,2
289,kimi_k3_max,30.64953288236407,3
289,gemini_3_1_pro_high,28.49754946414435,4
289,gpt_5_6_sol_max,27.39031073168471,5
289,qwen3_8_max,24.041096751914694,6
289,claude_fable_5_max,12.48167276798468,7
290,claude_opus_4_8_max,88.27303622342744,1
290,gpt_5_5_xhigh,74.21488403406718,2
290,kimi_k3_max,63.218505647687266,3
290,gemini_3_1_pro_high,50.516753427142,4
290,claude_fable_5_max,48.392439960423104,5
290,qwen3_8_max,30.85290926899212,6
290,gpt_5_6_sol_max,7.895596571763623,7
291,qwen3_8_max,78.65412931959204,1
291,gpt_5_6_sol_max,75.96639676772332,2
291,claude_opus_4_8_max,66.18546588706599,3
291,gpt_5_5_xhigh,48.356825787043384,4
291,claude_fable_5_max,47.81011716174287,5
291,gemini_3_1_pro_high,41.65648725264985,6
291,kimi_k3_max,23.586615594570095,7
292,gpt_5_5_xhigh,71.49457126047376,1
292,qwen3_8_max,67.98582284839051,2
292,gemini_3_1_pro_high,55.96821152385721,3
292,claude_opus_4_8_max,53.44599780204926,4
292,kimi_k3_max,36.13153240931668,5
292,gpt_5_6_sol_max,31.88074298317501,6
292,claude_fable_5_max,26.267456148975434,7
293,claude_fable_5_max,60.081300060324295,1
293,gpt_5_6_sol_max,53.474266039202455,2
293,kimi_k3_max,50.30757340798779,3
293,gpt_5_5_xhigh,42.59528072666463,4
293,qwen3_8_max,41.45009089677327,5
293,claude_opus_4_8_max,22.876913579055223,6
293,gemini_3_1_pro_high,21.876596374540977,7
294,gpt_5_5_xhigh,83.71140409960357,1
294,kimi_k3_max,66.20356632631734,2
294,gpt_5_6_sol_max,53.434722979858904,3
294,claude_opus_4_8_max,51.94847099859799,4
294,gemini_3_1_pro_high,48.55140264951244,5
294,qwen3_8_max,30.55174155088747,6
294,claude_fable_5_max,28.95069953556291,7
295,kimi_k3_max,63.99786080860989,1
295,gpt_5_6_sol_max,61.560542415630536,2
295,qwen3_8_max,55.37672099145938,3
295,gpt_5_5_xhigh,50.807210511032444,4
295,claude_fable_5_max,44.280770081038426,5
295,claude_opus_4_8_max,41.43547000723337,6
295,gemini_3_1_pro_high,24.194634563155795,7
296,claude_fable_5_max,91.87836433881569,1
296,gpt_5_6_sol_max,62.99486679740083,2
296,gemini_3_1_pro_high,50.81056221921074,3
296,kimi_k3_max,48.44228432355352,4
296,claude_opus_4_8_max,44.80351445154676,5
296,qwen3_8_max,39.22270759286756,6
296,gpt_5_5_xhigh,29.812309718676634,7
297,gpt_5_6_sol_max,67.62395227465886,1
297,claude_opus_4_8_max,58.41150961387025,2
297,claude_fable_5_max,47.216626544593126,3
297,kimi_k3_max,46.848984478689296,4
297,gemini_3_1_pro_high,43.762859664297366,5
297,qwen3_8_max,31.16339894273197,6
297,gpt_5_5_xhigh,18.176375401245323,7
298,kimi_k3_max,80.23510625694209,1
298,gpt_5_5_xhigh,69.03024602619439,2
298,qwen3_8_max,41.39753934392395,3
298,gpt_5_6_sol_max,40.07945267462214,4
298,gemini_3_1_pro_high,33.08474535985738,5
298,claude_fable_5_max,23.75874669575229,6
298,claude_opus_4_8_max,19.52347720088675,7
299,gpt_5_6_sol_max,85.35149022554391,1
299,kimi_k3_max,69.79661143890232,2
299,qwen3_8_max,57.01081969858912,3
299,claude_opus_4_8_max,35.25827029179465,4
299,gpt_5_5_xhigh,27.331165278174907,5
299,claude_fable_5_max,25.628007297681712,6
299,gemini_3_1_pro_high,8.493602438356556,7
300,kimi_k3_max,70.17353841624825,1
300,claude_fable_5_max,65.87826126185976,2
300,gemini_3_1_pro_high,62.769699047592425,3
300,gpt_5_6_sol_max,55.09728814486604,4
300,qwen3_8_max,53.70754447332682,5
300,gpt_5_5_xhigh,49.461339117472804,6
300,claude_opus_4_8_max,40.88300468527898,7
301,qwen3_8_max,81.42680269437483,1
301,kimi_k3_max,74.83943402022123,2
301,gpt_5_5_xhigh,57.74502180470249,3
301,gemini_3_1_pro_high,43.2351065686109,4
301,claude_opus_4_8_max,37.0038361094452,5
301,claude_fable_5_max,35.80369640428308,6
301,gpt_5_6_sol_max,17.55658829571504,7
302,claude_opus_4_8_max,87.93331320610245,1
302,gemini_3_1_pro_high,60.80088630472234,2
302,gpt_5_6_sol_max,49.3614482304644,3
302,claude_fable_5_max,44.753449335054874,4
302,qwen3_8_max,41.475997926859165,5
302,gpt_5_5_xhigh,37.255668021611285,6
302,kimi_k3_max,25.18603496776053,7
303,gpt_5_6_sol_max,79.49238546905454,1
303,gpt_5_5_xhigh,58.218066614251306,2
303,kimi_k3_max,52.111210072985244,3
303,gemini_3_1_pro_high,37.71461339272007,4
303,claude_opus_4_8_max,30.787346574037194,5
303,claude_fable_5_max,27.920053787311975,6
303,qwen3_8_max,22.345983609866153,7
304,kimi_k3_max,70.57737737495542,1
304,claude_fable_5_max,67.36309339266195,2
304,gpt_5_6_sol_max,63.01807126306717,3
304,gemini_3_1_pro_high,60.95621980504244,4
304,gpt_5_5_xhigh,50.59637087728225,5
304,claude_opus_4_8_max,49.38612136885062,6
304,qwen3_8_max,40.810547620620646,7
305,claude_opus_4_8_max,84.0584740327424,1
305,gpt_5_6_sol_max,53.675780360514096,2
305,qwen3_8_max,48.896327199097925,3
305,gpt_5_5_xhigh,46.27341347858522,4
305,kimi_k3_max,41.529141036285885,5
305,claude_fable_5_max,35.96525454083314,6
305,gemini_3_1_pro_high,21.766783776096997,7
306,claude_fable_5_max,96.8020336337191,1
306,kimi_k3_max,73.96429104910547,2
306,gpt_5_6_sol_max,53.25789979216895,3
306,gpt_5_5_xhigh,51.192672111782585,4
306,gemini_3_1_pro_high,35.49986320462775,5
306,claude_opus_4_8_max,34.89812506954251,6
306,qwen3_8_max,10.51768703307759,7
307,kimi_k3_max,68.47351537714712,1
307,claude_fable_5_max,53.18978902174523,2
307,gpt_5_6_sol_max,50.28851613827145,3
307,claude_opus_4_8_max,41.93162958830639,4
307,qwen3_8_max,33.05600008730925,5
307,gemini_3_1_pro_high,30.708720197134305,6
307,gpt_5_5_xhigh,29.145923721593253,7
308,qwen3_8_max,67.30766350809168,1
308,claude_fable_5_max,56.17565317162328,2
308,gpt_5_6_sol_max,53.21931301482566,3
308,kimi_k3_max,53.03348836747473,4
308,claude_opus_4_8_max,52.4376848910331,5
308,gpt_5_5_xhigh,49.94276262811384,6
308,gemini_3_1_pro_high,46.284996640617976,7
309,gpt_5_5_xhigh,64.3320192497938,1
309,claude_opus_4_8_max,62.80058845920436,2
309,qwen3_8_max,58.3314103525953,3
309,claude_fable_5_max,56.203470158287516,4
309,gpt_5_6_sol_max,54.13865336197284,5
309,kimi_k3_max,40.37710544775857,6
309,gemini_3_1_pro_high,29.426432491036323,7
310,claude_fable_5_max,74.12079785726246,1
310,qwen3_8_max,54.99313584197151,2
310,gpt_5_5_xhigh,51.14944545601906,3
310,claude_opus_4_8_max,42.95503000811248,4
310,gpt_5_6_sol_max,38.10167483104193,5
310,gemini_3_1_pro_high,32.547866635445445,6
310,kimi_k3_max,23.49773683007686,7
311,kimi_k3_max,71.30681773058376,1
311,claude_fable_5_max,58.89829396052677,2
311,gpt_5_6_sol_max,38.778972230604055,3
311,claude_opus_4_8_max,36.68699252186658,4
311,gpt_5_5_xhigh,31.834397544011978,5
311,qwen3_8_max,30.273885897511768,6
311,gemini_3_1_pro_high,17.541169698550664,7
312,kimi_k3_max,71.79467244577427,1
312,claude_opus_4_8_max,56.15062705911087,2
312,qwen3_8_max,54.99221315852431,3
312,gpt_5_6_sol_max,50.40012835998,4
312,gemini_3_1_pro_high,45.050095322632494,5
312,claude_fable_5_max,35.47982161733194,6
312,gpt_5_5_xhigh,34.67221953410884,7
313,claude_opus_4_8_max,83.5344339858803,1
313,gemini_3_1_pro_high,57.32259970810122,2
313,qwen3_8_max,45.453114096586305,3
313,claude_fable_5_max,45.109136645141525,4
313,gpt_5_5_xhigh,39.4241897258325,5
313,gpt_5_6_sol_max,35.06452931485764,6
313,kimi_k3_max,19.770147662276432,7
314,gpt_5_6_sol_max,76.9141856625184,1
314,gemini_3_1_pro_high,76.00929297483016,2
314,claude_fable_5_max,67.33249279489172,3
314,gpt_5_5_xhigh,62.47347677968563,4
314,qwen3_8_max,36.34556065152818,5
314,claude_opus_4_8_max,31.308225485330773,6
314,kimi_k3_max,17.056791167887795,7
315,gpt_5_6_sol_max,60.936785942047436,1
315,gemini_3_1_pro_high,51.948162121802454,2
315,qwen3_8_max,51.13053013908478,3
315,gpt_5_5_xhigh,44.80295993101224,4
315,claude_fable_5_max,40.01016985349822,5
315,claude_opus_4_8_max,38.75131054564358,6
315,kimi_k3_max,24.523319610501375,7
316,gpt_5_5_xhigh,71.80657459983672,1
316,claude_fable_5_max,67.35538195421734,2
316,kimi_k3_max,58.22796141039089,3
316,qwen3_8_max,55.88489210933758,4
316,claude_opus_4_8_max,46.24534737603504,5
316,gemini_3_1_pro_high,28.537196973325845,6
316,gpt_5_6_sol_max,23.534969957501776,7
317,gemini_3_1_pro_high,82.08412529064493,1
317,qwen3_8_max,55.07779124569023,2
317,kimi_k3_max,50.18265876789273,3
317,claude_fable_5_max,45.08358821149326,4
317,gpt_5_6_sol_max,42.46023411974532,5
317,gpt_5_5_xhigh,41.28704958223302,6
317,claude_opus_4_8_max,38.095118163982164,7
318,claude_opus_4_8_max,74.78445843360225,1
318,claude_fable_5_max,51.76341011363962,2
318,kimi_k3_max,49.19001975036743,3
318,gpt_5_6_sol_max,45.700359584126375,4
318,gemini_3_1_pro_high,45.06645240962858,5
318,qwen3_8_max,24.577989610146034,6
318,gpt_5_5_xhigh,19.38785537106749,7
319,gpt_5_5_xhigh,69.97547840289904,1
319,claude_fable_5_max,68.7722193331841,2
319,claude_opus_4_8_max,59.03114642537765,3
319,kimi_k3_max,56.91028113536432,4
319,gemini_3_1_pro_high,53.086398092713566,5
319,qwen3_8_max,27.461364644833356,6
319,gpt_5_6_sol_max,17.28786173794956,7
320,claude_fable_5_max,71.18629068457534,1
320,gemini_3_1_pro_high,50.64035076093381,2
320,qwen3_8_max,46.962093868223725,3
320,claude_opus_4_8_max,37.32484848479291,4
320,kimi_k3_max,27.18284347464131,5
320,gpt_5_5_xhigh,22.15675363219122,6
320,gpt_5_6_sol_max,15.437814307597217,7
321,claude_opus_4_8_max,75.23812556349873,1
321,kimi_k3_max,73.73072052139418,2
321,gpt_5_5_xhigh,67.48727706668507,3
321,qwen3_8_max,52.98320603686944,4
321,gemini_3_1_pro_high,33.80664703555129,5
321,gpt_5_6_sol_max,32.733660645988124,6
321,claude_fable_5_max,27.63151545844977,7
322,gpt_5_6_sol_max,83.76616365747452,1
322,gpt_5_5_xhigh,55.89101143607112,2
322,kimi_k3_max,28.989618240646635,3
322,gemini_3_1_pro_high,28.73232406270197,4
322,claude_fable_5_max,25.42072552870342,5
322,qwen3_8_max,22.64865463260238,6
322,claude_opus_4_8_max,20.07289648345412,7
323,claude_fable_5_max,95.52729690584906,1
323,gemini_3_1_pro_high,49.769979309196216,2
323,gpt_5_6_sol_max,47.28678758691085,3
323,qwen3_8_max,39.92384995795479,4
323,gpt_5_5_xhigh,35.45893405468959,5
323,kimi_k3_max,34.58269888250067,6
323,claude_opus_4_8_max,27.283962186286495,7
324,gpt_5_5_xhigh,65.19762589882956,1
324,claude_fable_5_max,58.915222501600255,2
324,kimi_k3_max,38.92256435492969,3
324,qwen3_8_max,32.107070039333,4
324,gemini_3_1_pro_high,23.386872628746517,5
324,claude_opus_4_8_max,19.067283041268546,6
324,gpt_5_6_sol_max,13.758981548793164,7
325,gpt_5_6_sol_max,63.643575747531585,1
325,claude_fable_5_max,59.733022236523745,2
325,gemini_3_1_pro_high,48.37315184723016,3
325,claude_opus_4_8_max,38.10063204121246,4
325,gpt_5_5_xhigh,28.919649753238524,5
325,qwen3_8_max,27.582962618260236,6
325,kimi_k3_max,15.213045883231848,7
326,qwen3_8_max,65.87483817181919,1
326,gemini_3_1_pro_high,63.371732032223264,2
326,claude_opus_4_8_max,53.93081981627463,3
326,gpt_5_5_xhigh,49.98445580558575,4
326,kimi_k3_max,46.464990650001084,5
326,gpt_5_6_sol_max,42.026949994206575,6
326,claude_fable_5_max,31.512290674602788,7
327,kimi_k3_max,65.57245134143886,1
327,claude_fable_5_max,63.75034418948596,2
327,gpt_5_6_sol_max,45.88112850062467,3
327,qwen3_8_max,42.77863612058938,4
327,gemini_3_1_pro_high,35.06255103487394,5
327,gpt_5_5_xhigh,34.51092184587725,6
327,claude_opus_4_8_max,28.07546874901291,7
328,gpt_5_6_sol_max,83.34829587054202,1
328,qwen3_8_max,77.76328649058055,2
328,kimi_k3_max,75.80636713504842,3
328,gpt_5_5_xhigh,68.88559081273976,4
328,claude_fable_5_max,62.547644133442795,5
328,claude_opus_4_8_max,38.34906053377154,6
328,gemini_3_1_pro_high,34.455221122414024,7
329,claude_opus_4_8_max,71.02424382602464,1
329,gemini_3_1_pro_high,65.76862228907673,2
329,qwen3_8_max,60.213986831527336,3
329,kimi_k3_max,59.178289037145205,4
329,claude_fable_5_max,44.332035409904506,5
329,gpt_5_6_sol_max,29.01553553413806,6
329,gpt_5_5_xhigh,18.437051716454807,7
330,claude_fable_5_max,62.91409077956647,1
330,gemini_3_1_pro_high,62.694483651762596,2
330,gpt_5_6_sol_max,62.37053720969412,3
330,kimi_k3_max,54.40802824275515,4
330,claude_opus_4_8_max,43.822662011944686,5
330,gpt_5_5_xhigh,40.83026918392913,6
330,qwen3_8_max,39.51313107743758,7
331,claude_fable_5_max,84.16769506070531,1
331,gpt_5_6_sol_max,73.51992269026272,2
331,gemini_3_1_pro_high,68.63536373114349,3
331,qwen3_8_max,55.8033265184019,4
331,claude_opus_4_8_max,29.58441662662849,5
331,gpt_5_5_xhigh,23.31417033140784,6
331,kimi_k3_max,19.88418081792704,7
332,qwen3_8_max,84.16234365636052,1
332,gpt_5_5_xhigh,75.13919712606562,2
332,kimi_k3_max,71.02768112543832,3
332,claude_opus_4_8_max,48.2345388416391,4
332,claude_fable_5_max,37.170529894369864,5
332,gpt_5_6_sol_max,24.99547831264505,6
332,gemini_3_1_pro_high,23.387820565368553,7
333,gpt_5_5_xhigh,80.83948674030727,1
333,qwen3_8_max,66.49271176823976,2
333,gpt_5_6_sol_max,57.79516953666813,3
333,gemini_3_1_pro_high,53.57872785009694,4
333,claude_fable_5_max,50.026660748761785,5
333,claude_opus_4_8_max,46.44161970222487,6
333,kimi_k3_max,12.53336948615168,7
334,gpt_5_5_xhigh,78.38835814260572,1
334,kimi_k3_max,65.77092795500471,2
334,gemini_3_1_pro_high,49.24317212702289,3
334,qwen3_8_max,44.72608310424134,4
334,gpt_5_6_sol_max,38.87965637294225,5
334,claude_fable_5_max,29.335952594912563,6
334,claude_opus_4_8_max,25.959352357599663,7
335,gpt_5_6_sol_max,69.00756717684415,1
335,gemini_3_1_pro_high,52.02561038317589,2
335,claude_opus_4_8_max,45.04120979989575,3
335,kimi_k3_max,37.65316848918212,4
335,gpt_5_5_xhigh,25.073696623263793,5
335,claude_fable_5_max,22.550714974582824,6
335,qwen3_8_max,12.851787099842051,7
336,gpt_5_5_xhigh,82.51188386219805,1
336,gpt_5_6_sol_max,71.06648831353509,2
336,claude_opus_4_8_max,57.56438138299632,3
336,qwen3_8_max,46.267796570049704,4
336,claude_fable_5_max,37.489216352454015,5
336,kimi_k3_max,18.878776012494,6
336,gemini_3_1_pro_high,12.621980790181636,7
337,gpt_5_5_xhigh,69.41584132744705,1
337,qwen3_8_max,63.78124473490877,2
337,gpt_5_6_sol_max,55.60383411816681,3
337,gemini_3_1_pro_high,54.23640282825626,4
337,kimi_k3_max,47.32183220829706,5
337,claude_fable_5_max,44.747735049596635,6
337,claude_opus_4_8_max,38.72653036981297,7
338,claude_fable_5_max,73.82995729270591,1
338,kimi_k3_max,69.70642074073858,2
338,qwen3_8_max,63.234646709386936,3
338,gpt_5_6_sol_max,57.025817118827604,4
338,gemini_3_1_pro_high,53.016129777961936,5
338,gpt_5_5_xhigh,44.76612630084958,6
338,claude_opus_4_8_max,37.336542557162936,7
339,claude_opus_4_8_max,64.97801825119573,1
339,qwen3_8_max,57.72251167171871,2
339,claude_fable_5_max,44.52826085052454,3
339,gpt_5_6_sol_max,34.281367868124065,4
339,gpt_5_5_xhigh,26.208506938195733,5
339,gemini_3_1_pro_high,16.558911175709458,6
339,kimi_k3_max,11.320963253365763,7
340,gpt_5_6_sol_max,79.14134245490422,1
340,qwen3_8_max,75.1749421221731,2
340,gemini_3_1_pro_high,73.43533487030979,3
340,claude_opus_4_8_max,57.17990945173986,4
340,claude_fable_5_max,43.10183518574519,5
340,kimi_k3_max,42.69065784032759,6
340,gpt_5_5_xhigh,32.97249374135273,7
341,gpt_5_5_xhigh,85.17787475342546,1
341,claude_fable_5_max,61.79826849486413,2
341,gpt_5_6_sol_max,58.654149875585176,3
341,kimi_k3_max,55.791165869560864,4
341,qwen3_8_max,36.49104707524133,5
341,claude_opus_4_8_max,33.87599133638148,6
341,gemini_3_1_pro_high,18.563344914746857,7
342,claude_fable_5_max,71.11220969286104,1
342,gpt_5_6_sol_max,60.054971612380506,2
342,claude_opus_4_8_max,59.16981249000672,3
342,qwen3_8_max,58.29785425366126,4
342,kimi_k3_max,40.73479186226788,5
342,gemini_3_1_pro_high,33.34650943011149,6
342,gpt_5_5_xhigh,29.28948463898451,7
343,claude_opus_4_8_max,84.61297283623578,1
343,kimi_k3_max,53.629191994761186,2
343,claude_fable_5_max,45.00673724168272,3
343,qwen3_8_max,36.92668270563343,4
343,gemini_3_1_pro_high,32.80968568522478,5
343,gpt_5_6_sol_max,32.53057530320179,6
343,gpt_5_5_xhigh,27.00299309088239,7
344,claude_opus_4_8_max,80.53086971900646,1
344,kimi_k3_max,52.70235657126412,2
344,claude_fable_5_max,50.681183118323354,3
344,gemini_3_1_pro_high,48.63200003783086,4
344,gpt_5_6_sol_max,46.03264799776037,5
344,qwen3_8_max,39.064448683971705,6
344,gpt_5_5_xhigh,22.497687415317664,7
345,gpt_5_6_sol_max,68.68558615115955,1
345,gemini_3_1_pro_high,47.024406501569025,2
345,qwen3_8_max,46.51000483103819,3
345,claude_fable_5_max,33.72595579385985,4
345,claude_opus_4_8_max,30.371071887862485,5
345,gpt_5_5_xhigh,29.987114480531126,6
345,kimi_k3_max,10.38304521584725,7
346,gpt_5_6_sol_max,95.29469875236774,1
346,gpt_5_5_xhigh,70.03970081303763,2
346,kimi_k3_max,62.65701829754224,3
346,gemini_3_1_pro_high,33.561389558739194,4
346,claude_fable_5_max,32.281068735342025,5
346,claude_opus_4_8_max,30.83049478885463,6
346,qwen3_8_max,24.807613198402912,7
347,kimi_k3_max,69.09633429452877,1
347,gpt_5_6_sol_max,61.563988848611636,2
347,gemini_3_1_pro_high,57.50266173342726,3
347,claude_opus_4_8_max,48.6257271217752,4
347,claude_fable_5_max,45.478727244831916,5
347,gpt_5_5_xhigh,36.83725629103076,6
347,qwen3_8_max,28.11943296651286,7
348,gpt_5_6_sol_max,88.35873485118526,1
348,gemini_3_1_pro_high,72.6800343398347,2
348,kimi_k3_max,66.5971646662623,3
348,qwen3_8_max,60.99904206852426,4
348,claude_opus_4_8_max,44.01479030857992,5
348,gpt_5_5_xhigh,41.31549691845009,6
348,claude_fable_5_max,40.31060292060085,7
349,claude_fable_5_max,72.96655748506433,1
349,qwen3_8_max,47.40211072979709,2
349,gpt_5_6_sol_max,47.04190488638346,3
349,claude_opus_4_8_max,42.8871610207744,4
349,kimi_k3_max,31.745036067335572,5
349,gemini_3_1_pro_high,25.535064107674827,6
349,gpt_5_5_xhigh,23.976479369713054,7
350,qwen3_8_max,58.79838376575476,1
350,gpt_5_6_sol_max,57.42017802432255,2
350,gemini_3_1_pro_high,50.51345176360741,3
350,kimi_k3_max,49.23311143759465,4
350,claude_opus_4_8_max,42.69372770493423,5
350,claude_fable_5_max,33.36361654318994,6
350,gpt_5_5_xhigh,14.485113583807474,7
351,kimi_k3_max,73.56276179778614,1
351,gpt_5_6_sol_max,53.49643481034404,2
351,qwen3_8_max,42.375833749456135,3
351,claude_fable_5_max,41.23271659469459,4
351,claude_opus_4_8_max,30.507476598305935,5
351,gpt_5_5_xhigh,23.577847615610516,6
351,gemini_3_1_pro_high,19.653029440557418,7
352,kimi_k3_max,85.7717201033216,1
352,claude_opus_4_8_max,55.54404959794056,2
352,claude_fable_5_max,50.87854305975269,3
352,gemini_3_1_pro_high,41.55563964124036,4
352,gpt_5_6_sol_max,39.71481104590347,5
352,qwen3_8_max,29.265102844188668,6
352,gpt_5_5_xhigh,25.8249976301016,7
353,qwen3_8_max,74.58378399953321,1
353,gemini_3_1_pro_high,73.17493487217209,2
353,gpt_5_5_xhigh,49.77506005242745,3
353,gpt_5_6_sol_max,44.176467573293934,4
353,claude_fable_5_max,42.87927493449787,5
353,kimi_k3_max,42.55124216791774,6
353,claude_opus_4_8_max,38.16265250507915,7
354,kimi_k3_max,72.79122102720044,1
354,gpt_5_6_sol_max,69.44624526373508,2
354,claude_fable_5_max,57.3769560503573,3
354,gpt_5_5_xhigh,44.59634469361852,4
354,qwen3_8_max,41.85708968440234,5
354,gemini_3_1_pro_high,40.48426613438534,6
354,claude_opus_4_8_max,22.568898141762645,7
355,claude_fable_5_max,79.7025918197675,1
355,gpt_5_6_sol_max,62.97724619179399,2
355,qwen3_8_max,53.21208796610601,3
355,kimi_k3_max,52.3159508582891,4
355,gemini_3_1_pro_high,43.640068139838306,5
355,claude_opus_4_8_max,32.00022124245919,6
355,gpt_5_5_xhigh,28.605752512566948,7
356,gpt_5_6_sol_max,77.57164282835856,1
356,gpt_5_5_xhigh,65.50670811165514,2
356,gemini_3_1_pro_high,57.257556056681096,3
356,kimi_k3_max,52.70537702334975,4
356,claude_opus_4_8_max,33.22341422381839,5
356,claude_fable_5_max,31.251949090800856,6
356,qwen3_8_max,13.526743821741835,7
357,claude_opus_4_8_max,70.8067057541688,1
357,claude_fable_5_max,67.13468411957754,2
357,gpt_5_5_xhigh,53.117172279455175,3
357,kimi_k3_max,50.08894028394135,4
357,qwen3_8_max,49.53171289575995,5
357,gpt_5_6_sol_max,43.07377734197269,6
357,gemini_3_1_pro_high,17.691458874418245,7
358,kimi_k3_max,62.99286489127498,1
358,qwen3_8_max,55.144172852801105,2
358,gpt_5_6_sol_max,54.93366668656803,3
358,gpt_5_5_xhigh,49.04132763120937,4
358,gemini_3_1_pro_high,45.812925390577135,5
358,claude_fable_5_max,44.48160091411542,6
358,claude_opus_4_8_max,25.449730961742056,7
359,gpt_5_5_xhigh,83.42643290712522,1
359,claude_fable_5_max,52.0365815380144,2
359,gpt_5_6_sol_max,50.74744408262277,3
359,gemini_3_1_pro_high,40.40539353170411,4
359,qwen3_8_max,23.887181477717583,5
359,claude_opus_4_8_max,22.690663084484253,6
359,kimi_k3_max,21.809264666441702,7
360,claude_opus_4_8_max,95.17844514040405,1
360,gemini_3_1_pro_high,53.48172942351674,2
360,qwen3_8_max,42.75659095854282,3
360,gpt_5_6_sol_max,38.991318542525384,4
360,gpt_5_5_xhigh,35.534269310127385,5
360,kimi_k3_max,29.910314260446587,6
360,claude_fable_5_max,28.19551223167357,7
361,qwen3_8_max,79.17219487939957,1
361,gpt_5_5_xhigh,44.31495722945709,2
361,kimi_k3_max,35.23344071650574,3
361,claude_opus_4_8_max,34.508278725502514,4
361,gemini_3_1_pro_high,30.08950222251482,5
361,claude_fable_5_max,21.699737480040525,6
361,gpt_5_6_sol_max,5.382603300830185,7
362,claude_fable_5_max,91.39943095850842,1
362,gemini_3_1_pro_high,53.15975615777792,2
362,gpt_5_5_xhigh,43.01440950552049,3
362,gpt_5_6_sol_max,42.75803187677012,4
362,kimi_k3_max,41.313878459876165,5
362,qwen3_8_max,37.30112242331272,6
362,claude_opus_4_8_max,30.46577098689099,7
363,claude_fable_5_max,81.30208434857396,1
363,qwen3_8_max,76.82597327890457,2
363,gemini_3_1_pro_high,75.9346686897923,3
363,kimi_k3_max,71.51520068625832,4
363,gpt_5_6_sol_max,64.41547856793629,5
363,gpt_5_5_xhigh,35.051087926320584,6
363,claude_opus_4_8_max,26.943137574425492,7
364,gpt_5_6_sol_max,76.37224119316573,1
364,gpt_5_5_xhigh,69.62078279532264,2
364,qwen3_8_max,41.08363682519356,3
364,kimi_k3_max,33.54534769287247,4
364,claude_opus_4_8_max,28.481032083840674,5
364,claude_fable_5_max,19.401694369765725,6
364,gemini_3_1_pro_high,15.159947088798654,7
365,claude_opus_4_8_max,78.48931458828204,1
365,claude_fable_5_max,73.36209275027562,2
365,gpt_5_6_sol_max,72.7082872700033,3
365,kimi_k3_max,64.11745412280641,4
365,gemini_3_1_pro_high,54.510268649904525,5
365,gpt_5_5_xhigh,50.513302973419194,6
365,qwen3_8_max,34.11181892586104,7
366,claude_opus_4_8_max,72.7201420180786,1
366,kimi_k3_max,49.444251974915844,2
366,gpt_5_5_xhigh,43.18730694151516,3
366,claude_fable_5_max,36.684097712748034,4
366,gpt_5_6_sol_max,33.735355311657976,5
366,qwen3_8_max,28.542230463000138,6
366,gemini_3_1_pro_high,17.082342956735296,7
367,gemini_3_1_pro_high,67.17574558737732,1
367,claude_fable_5_max,63.48025792052222,2
367,gpt_5_5_xhigh,53.261835599198555,3
367,claude_opus_4_8_max,51.0738473848763,4
367,kimi_k3_max,47.51431503579181,5
367,qwen3_8_max,41.70513738389838,6
367,gpt_5_6_sol_max,31.23993201226901,7
368,gpt_5_6_sol_max,70.9425703762968,1
368,claude_fable_5_max,62.032318757541034,2
368,kimi_k3_max,58.0120508595551,3
368,qwen3_8_max,47.70826124693896,4
368,gpt_5_5_xhigh,41.60994528199528,5
368,gemini_3_1_pro_high,36.80890290244256,6
368,claude_opus_4_8_max,31.2329195674957,7
369,gpt_5_6_sol_max,67.27277782841838,1
369,claude_opus_4_8_max,57.69137062813843,2
369,qwen3_8_max,53.97923749572148,3
369,claude_fable_5_max,24.38986650461412,4
369,kimi_k3_max,23.84904976635263,5
369,gemini_3_1_pro_high,19.791084390408283,6
369,gpt_5_5_xhigh,19.20108944726181,7
370,gpt_5_6_sol_max,91.65356300311399,1
370,claude_fable_5_max,73.83132113063658,2
370,gemini_3_1_pro_high,55.78205351525901,3
370,gpt_5_5_xhigh,45.01343971008205,4
370,qwen3_8_max,43.01270484983246,5
370,claude_opus_4_8_max,34.42969646223107,6
370,kimi_k3_max,6.920471838828445,7
371,kimi_k3_max,55.57629895989942,1
371,claude_opus_4_8_max,54.39693544049142,2
371,claude_fable_5_max,52.53872000082377,3
371,gemini_3_1_pro_high,49.46763824019098,4
371,qwen3_8_max,47.79666440557271,5
371,gpt_5_5_xhigh,29.575547454569374,6
371,gpt_5_6_sol_max,24.44168862220893,7
372,gpt_5_5_xhigh,82.10020047489787,1
372,kimi_k3_max,65.79317202441243,2
372,gemini_3_1_pro_high,49.69750597696748,3
372,gpt_5_6_sol_max,45.40432640324661,4
372,claude_fable_5_max,42.44072473977919,5
372,qwen3_8_max,38.613145553789806,6
372,claude_opus_4_8_max,35.99396285470607,7
373,claude_fable_5_max,61.04396050472115,1
373,claude_opus_4_8_max,59.38574678055421,2
373,qwen3_8_max,47.15100103554603,3
373,gpt_5_6_sol_max,33.06199588991613,4
373,gemini_3_1_pro_high,30.223431670156682,5
373,gpt_5_5_xhigh,18.27641199903894,6
373,kimi_k3_max,10.293557468013377,7
374,claude_fable_5_max,60.25340380659074,1
374,gpt_5_6_sol_max,55.30415916310632,2
374,gpt_5_5_xhigh,53.489959674809135,3
374,qwen3_8_max,41.554797562786014,4
374,kimi_k3_max,35.4241331536842,5
374,gemini_3_1_pro_high,30.87745032217113,6
374,claude_opus_4_8_max,25.699852074212735,7
375,gpt_5_6_sol_max,87.38036941662926,1
375,gemini_3_1_pro_high,82.84340968587671,2
375,qwen3_8_max,68.56868226986792,3
375,claude_fable_5_max,54.260276996883306,4
375,gpt_5_5_xhigh,37.41589489007528,5
375,kimi_k3_max,36.60113451713805,6
375,claude_opus_4_8_max,19.561221829410826,7
376,claude_opus_4_8_max,83.04636689543523,1
376,gpt_5_5_xhigh,73.94143284055053,2
376,kimi_k3_max,48.01836116640094,3
376,gpt_5_6_sol_max,47.79919002321412,4
376,gemini_3_1_pro_high,43.247355926322584,5
376,qwen3_8_max,41.168897895522555,6
376,claude_fable_5_max,26.602087252830472,7
377,claude_opus_4_8_max,75.33960687696114,1
377,kimi_k3_max,64.79439110815295,2
377,gpt_5_6_sol_max,58.12233131519818,3
377,qwen3_8_max,45.722494537705565,4
377,gemini_3_1_pro_high,34.199299390278284,5
377,claude_fable_5_max,31.350882081467567,6
377,gpt_5_5_xhigh,17.60587477319929,7
378,claude_fable_5_max,94.4135092784292,1
378,gemini_3_1_pro_high,49.17292588626767,2
378,kimi_k3_max,48.097735644615334,3
378,gpt_5_6_sol_max,43.28466959528528,4
378,qwen3_8_max,34.33694589491027,5
378,claude_opus_4_8_max,20.23443912623501,6
378,gpt_5_5_xhigh,13.247937771173955,7
379,gpt_5_6_sol_max,76.27811121408388,1
379,claude_fable_5_max,58.168006224121754,2
379,gpt_5_5_xhigh,39.654507467729104,3
379,gemini_3_1_pro_high,31.322067526430487,4
379,qwen3_8_max,23.96445130808671,5
379,kimi_k3_max,21.036632738697783,6
379,claude_opus_4_8_max,11.411427606971701,7
380,kimi_k3_max,55.44002448865635,1
380,claude_fable_5_max,48.111782431575726,2
380,gemini_3_1_pro_high,45.58965491454328,3
380,claude_opus_4_8_max,44.70851184365267,4
380,gpt_5_6_sol_max,42.507057749800225,5
380,gpt_5_5_xhigh,28.714270041893442,6
380,qwen3_8_max,28.56063000712379,7
381,claude_fable_5_max,57.00515306268122,1
381,gpt_5_6_sol_max,51.538289489751065,2
381,gemini_3_1_pro_high,48.18053983208635,3
381,kimi_k3_max,32.015073799187675,4
381,claude_opus_4_8_max,31.397890173136823,5
381,qwen3_8_max,28.338030964176518,6
381,gpt_5_5_xhigh,27.8291906309436,7
382,kimi_k3_max,80.47565124138174,1
382,gpt_5_6_sol_max,56.383807893209436,2
382,qwen3_8_max,52.793266020677954,3
382,claude_fable_5_max,49.9315115880712,4
382,claude_opus_4_8_max,31.48777293781636,5
382,gemini_3_1_pro_high,29.63597616667333,6
382,gpt_5_5_xhigh,22.868983588915384,7
383,claude_opus_4_8_max,83.82020025565868,1
383,qwen3_8_max,75.92057545565036,2
383,gemini_3_1_pro_high,70.25954737555854,3
383,gpt_5_6_sol_max,47.00720632169181,4
383,gpt_5_5_xhigh,44.90966375122052,5
383,kimi_k3_max,39.54956751674004,6
383,claude_fable_5_max,32.41827313969258,7
384,gpt_5_6_sol_max,65.47707898052252,1
384,kimi_k3_max,61.380259105552355,2
384,claude_opus_4_8_max,58.32738237852834,3
384,gpt_5_5_xhigh,42.99401770973328,4
384,gemini_3_1_pro_high,33.46357420081442,5
384,claude_fable_5_max,19.11871403310966,6
384,qwen3_8_max,16.13123442439011,7
385,gpt_5_5_xhigh,88.65435399436632,1
385,qwen3_8_max,71.1555648604603,2
385,gemini_3_1_pro_high,69.19920819040888,3
385,kimi_k3_max,47.78466728526716,4
385,gpt_5_6_sol_max,44.60480046612798,5
385,claude_fable_5_max,40.32993254304023,6
385,claude_opus_4_8_max,37.45466844910823,7
386,gpt_5_6_sol_max,52.60679561294316,1
386,claude_opus_4_8_max,52.29249660047779,2
386,kimi_k3_max,49.489475825738865,3
386,qwen3_8_max,38.029649801193656,4
386,claude_fable_5_max,33.37196178712553,5
386,gpt_5_5_xhigh,30.17282034597285,6
386,gemini_3_1_pro_high,20.68222951435337,7
387,claude_opus_4_8_max,76.46401460447049,1
387,gpt_5_5_xhigh,63.8937118380857,2
387,gemini_3_1_pro_high,62.57953355281553,3
387,gpt_5_6_sol_max,53.89155911254017,4
387,claude_fable_5_max,48.384971881594325,5
387,qwen3_8_max,41.79594514804239,6
387,kimi_k3_max,24.940158728253554,7
388,claude_fable_5_max,59.09312557687155,1
388,kimi_k3_max,58.26801479110934,2
388,gpt_5_6_sol_max,48.88375704081512,3
388,qwen3_8_max,48.88303639204548,4
388,gemini_3_1_pro_high,39.59027070434598,5
388,gpt_5_5_xhigh,39.30538986367434,6
388,claude_opus_4_8_max,32.27501337130384,7
389,qwen3_8_max,64.68607165796267,1
389,gpt_5_6_sol_max,58.774773941824506,2
389,gpt_5_5_xhigh,58.56394256389014,3
389,kimi_k3_max,52.42120777721466,4
389,claude_fable_5_max,46.74835028001144,5
389,claude_opus_4_8_max,35.39944605478832,6
389,gemini_3_1_pro_high,10.65599785067,7
390,claude_fable_5_max,90.01132109972094,1
390,gpt_5_6_sol_max,58.48830731848419,2
390,gpt_5_5_xhigh,56.58949784974544,3
390,gemini_3_1_pro_high,42.49030461746322,4
390,claude_opus_4_8_max,42.33807543389503,5
390,qwen3_8_max,39.390207959851224,6
390,kimi_k3_max,24.612064870889107,7
391,claude_fable_5_max,59.63407456825473,1
391,claude_opus_4_8_max,55.7434000130337,2
391,gpt_5_6_sol_max,49.25973566232976,3
391,kimi_k3_max,37.65381726193534,4
391,qwen3_8_max,36.2744212524475,5
391,gemini_3_1_pro_high,23.489409764241483,6
391,gpt_5_5_xhigh,23.2376537343221,7
392,claude_opus_4_8_max,70.35834853594501,1
392,gpt_5_5_xhigh,63.196772837362154,2
392,gemini_3_1_pro_high,62.39908918482671,3
392,claude_fable_5_max,50.125151326073485,4
392,gpt_5_6_sol_max,41.81352282002124,5
392,qwen3_8_max,35.04306104106847,6
392,kimi_k3_max,15.2243188898147,7
393,gpt_5_5_xhigh,93.76954145389931,1
393,gemini_3_1_pro_high,75.39996181258701,2
393,kimi_k3_max,65.46607063905897,3
393,claude_opus_4_8_max,62.08058204088708,4
393,gpt_5_6_sol_max,55.271348412027066,5
393,qwen3_8_max,47.71638798117112,6
393,claude_fable_5_max,21.58331083132592,7
394,claude_opus_4_8_max,62.301933427685526,1
394,gpt_5_6_sol_max,61.5804258967274,2
394,gemini_3_1_pro_high,46.68651915500777,3
394,kimi_k3_max,45.659017903484774,4
394,gpt_5_5_xhigh,38.12111610545561,5
394,claude_fable_5_max,34.23255487484886,6
394,qwen3_8_max,32.3130252599715,7
395,claude_fable_5_max,74.37442371378074,1
395,gpt_5_6_sol_max,63.34339066984853,2
395,gpt_5_5_xhigh,60.832926784394076,3
395,claude_opus_4_8_max,54.92240784043507,4
395,qwen3_8_max,53.56725019446017,5
395,gemini_3_1_pro_high,28.53040876804966,6
395,kimi_k3_max,26.707177286525983,7
396,gpt_5_6_sol_max,74.3566638807014,1
396,claude_fable_5_max,60.47168767631676,2
396,qwen3_8_max,46.82234588722832,3
396,kimi_k3_max,44.12271758764386,4
396,gemini_3_1_pro_high,37.27323265632032,5
396,gpt_5_5_xhigh,29.80628724875435,6
396,claude_opus_4_8_max,28.53372867511484,7
397,kimi_k3_max,92.85581706200176,1
397,claude_fable_5_max,74.02071514888596,2
397,gemini_3_1_pro_high,68.38103983331882,3
397,qwen3_8_max,59.616378647439866,4
397,gpt_5_6_sol_max,56.15033050572935,5
397,claude_opus_4_8_max,26.728155486040528,6
397,gpt_5_5_xhigh,26.094532242720547,7
398,gpt_5_6_sol_max,61.44370984245157,1
398,claude_opus_4_8_max,46.46485086846812,2
398,qwen3_8_max,39.45026470260079,3
398,kimi_k3_max,31.05550550067686,4
398,claude_fable_5_max,30.599980046491186,5
398,gpt_5_5_xhigh,29.200444117856314,6
398,gemini_3_1_pro_high,10.799498527652299,7
399,gpt_5_5_xhigh,74.41907738409896,1
399,kimi_k3_max,67.92325496697029,2
399,claude_fable_5_max,56.11027958535179,3
399,claude_opus_4_8_max,46.54290472514205,4
399,qwen3_8_max,44.594877295540186,5
399,gpt_5_6_sol_max,19.83251073652897,6
399,gemini_3_1_pro_high,16.476159308264847,7
400,gpt_5_5_xhigh,81.99017683622873,1
400,kimi_k3_max,71.34044575659803,2
400,gpt_5_6_sol_max,49.83068492988008,3
400,claude_fable_5_max,49.59249175031913,4
400,qwen3_8_max,36.70450173880064,5
400,gemini_3_1_pro_high,29.38328382993837,6
400,claude_opus_4_8_max,24.653220340344483,7
401,gemini_3_1_pro_high,60.913476329736625,1
401,qwen3_8_max,56.71075437234484,2
401,gpt_5_6_sol_max,50.52109423569114,3
401,claude_fable_5_max,49.21354383529743,4
401,gpt_5_5_xhigh,44.192137866910194,5
401,kimi_k3_max,39.17605583097636,6
401,claude_opus_4_8_max,32.23535231091,7
402,claude_fable_5_max,82.40892581938755,1
402,gpt_5_5_xhigh,72.21120538452305,2
402,kimi_k3_max,62.4651750786128,3
402,gpt_5_6_sol_max,45.16815086211349,4
402,qwen3_8_max,31.560068727590906,5
402,claude_opus_4_8_max,25.50734314875258,6
402,gemini_3_1_pro_high,15.47875888008827,7
403,claude_opus_4_8_max,59.5805287546324,1
403,gpt_5_5_xhigh,55.07956250873064,2
403,gemini_3_1_pro_high,54.18017066656963,3
403,kimi_k3_max,51.28591468617313,4
403,gpt_5_6_sol_max,50.26985015766334,5
403,claude_fable_5_max,47.75939507697133,6
403,qwen3_8_max,45.684673088980475,7
404,kimi_k3_max,81.72845416413844,1
404,qwen3_8_max,77.46020433790133,2
404,claude_fable_5_max,71.31388069555004,3
404,gemini_3_1_pro_high,71.03350624420379,4
404,gpt_5_6_sol_max,59.79026774663505,5
404,gpt_5_5_xhigh,53.09321217621534,6
404,claude_opus_4_8_max,26.463297596223175,7
405,claude_opus_4_8_max,77.22395599380644,1
405,claude_fable_5_max,65.6008707027649,2
405,qwen3_8_max,63.80699835077667,3
405,gpt_5_6_sol_max,59.689700640180284,4
405,gemini_3_1_pro_high,49.83794536021563,5
405,gpt_5_5_xhigh,39.46618446760586,6
405,kimi_k3_max,34.41347827787916,7
406,gpt_5_5_xhigh,72.87117653481775,1
406,gemini_3_1_pro_high,63.31866988820255,2
406,qwen3_8_max,54.90261360503096,3
406,kimi_k3_max,52.58748567628083,4
406,gpt_5_6_sol_max,48.88072005573679,5
406,claude_fable_5_max,44.94301152970346,6
406,claude_opus_4_8_max,37.95469097273332,7
407,claude_opus_4_8_max,81.87782740955915,1
407,gpt_5_6_sol_max,73.49115298386772,2
407,gemini_3_1_pro_high,59.103701625151814,3
407,qwen3_8_max,52.71973273503275,4
407,kimi_k3_max,43.95465881344519,5
407,claude_fable_5_max,40.42232444275385,6
407,gpt_5_5_xhigh,32.46647869031416,7
408,gpt_5_6_sol_max,90.32620344079535,1
408,gemini_3_1_pro_high,61.47694054407337,2
408,qwen3_8_max,38.16042456589811,3
408,claude_fable_5_max,24.93187722100468,4
408,gpt_5_5_xhigh,24.543854372647328,5
408,claude_opus_4_8_max,24.10132727218197,6
408,kimi_k3_max,23.20949074443021,7
409,gpt_5_6_sol_max,82.75534749071177,1
409,claude_opus_4_8_max,43.27447162874111,2
409,claude_fable_5_max,39.181820437134874,3
409,qwen3_8_max,39.07643619098292,4
409,gemini_3_1_pro_high,32.75799450499289,5
409,gpt_5_5_xhigh,28.42463705062086,6
409,kimi_k3_max,17.614926868816198,7
410,claude_fable_5_max,83.95062553791878,1
410,gpt_5_6_sol_max,59.571487027985995,2
410,kimi_k3_max,54.75857469428886,3
410,gemini_3_1_pro_high,30.659545407300605,4
410,gpt_5_5_xhigh,28.785664730539235,5
410,qwen3_8_max,26.533093418086494,6
410,claude_opus_4_8_max,23.71070030893539,7
411,claude_opus_4_8_max,70.48732284365462,1
411,gpt_5_6_sol_max,68.75472334313255,2
411,claude_fable_5_max,58.09504921836336,3
411,gemini_3_1_pro_high,54.004936623052785,4
411,gpt_5_5_xhigh,43.38175701009205,5
411,kimi_k3_max,38.90048895474568,6
411,qwen3_8_max,31.81190063330379,7
412,claude_opus_4_8_max,76.0075531361897,1
412,gemini_3_1_pro_high,70.76661110519663,2
412,qwen3_8_max,59.70851425837737,3
412,gpt_5_5_xhigh,54.64080399411079,4
412,claude_fable_5_max,48.786361870083525,5
412,gpt_5_6_sol_max,28.07132994671641,6
412,kimi_k3_max,13.550658522885437,7
413,gpt_5_6_sol_max,83.25444101526925,1
413,qwen3_8_max,52.095434834327904,2
413,claude_opus_4_8_max,44.94068308780133,3
413,kimi_k3_max,41.844115810064956,4
413,gpt_5_5_xhigh,34.47457523559618,5
413,claude_fable_5_max,32.46043696917238,6
413,gemini_3_1_pro_high,24.738518839696116,7
414,claude_fable_5_max,85.48456611739448,1
414,claude_opus_4_8_max,50.01386671503886,2
414,gpt_5_5_xhigh,17.291499957010135,3
414,kimi_k3_max,15.356720562064925,4
414,gpt_5_6_sol_max,13.145898701672674,5
414,gemini_3_1_pro_high,10.97398374402843,6
414,qwen3_8_max,10.015693600635558,7
415,claude_fable_5_max,66.2274775382763,1
415,kimi_k3_max,60.27510735200484,2
415,gpt_5_6_sol_max,49.15559163445908,3
415,qwen3_8_max,40.54869048098236,4
415,gemini_3_1_pro_high,39.946699706322036,5
415,claude_opus_4_8_max,35.45046453946917,6
415,gpt_5_5_xhigh,21.97747471384038,7
416,gpt_5_5_xhigh,68.67331152374749,1
416,kimi_k3_max,63.12327370421283,2
416,claude_fable_5_max,59.11274650463807,3
416,gemini_3_1_pro_high,55.59937830621125,4
416,claude_opus_4_8_max,50.95492585708242,5
416,qwen3_8_max,44.25202776546567,6
416,gpt_5_6_sol_max,25.739277609525416,7
417,claude_fable_5_max,74.59212637143213,1
417,claude_opus_4_8_max,67.95147749064029,2
417,gpt_5_5_xhigh,61.36606750933918,3
417,kimi_k3_max,55.73124609788748,4
417,qwen3_8_max,54.36271810700366,5
417,gpt_5_6_sol_max,27.075857412210954,6
417,gemini_3_1_pro_high,24.17112446537999,7
418,gemini_3_1_pro_high,67.72792455933416,1
418,gpt_5_6_sol_max,60.298439478173876,2
418,gpt_5_5_xhigh,50.63472068264748,3
418,kimi_k3_max,44.890689996439306,4
418,qwen3_8_max,44.72380036450001,5
418,claude_opus_4_8_max,43.33342365508396,6
418,claude_fable_5_max,16.0482039097534,7
419,claude_fable_5_max,80.8556402747993,1
419,gpt_5_5_xhigh,80.15029229388423,2
419,gemini_3_1_pro_high,50.4807424492153,3
419,claude_opus_4_8_max,40.51545411546874,4
419,gpt_5_6_sol_max,38.050114428369476,5
419,qwen3_8_max,29.086633428848508,6
419,kimi_k3_max,17.88008622566111,7
420,claude_fable_5_max,65.9032381398156,1
420,claude_opus_4_8_max,61.84407889507055,2
420,gemini_3_1_pro_high,49.736219695219496,3
420,kimi_k3_max,49.50724016219279,4
420,gpt_5_6_sol_max,32.19277061035257,5
420,gpt_5_5_xhigh,27.107439944685503,6
420,qwen3_8_max,24.897419882227673,7
421,gemini_3_1_pro_high,77.85171525055792,1
421,gpt_5_6_sol_max,63.278117067059746,2
421,claude_opus_4_8_max,57.29454887509965,3
421,claude_fable_5_max,54.276743495280094,4
421,qwen3_8_max,48.11781307379253,5
421,gpt_5_5_xhigh,42.995011157965735,6
421,kimi_k3_max,26.66916990312179,7
422,kimi_k3_max,72.78684616094436,1
422,qwen3_8_max,65.33741748068636,2
422,gpt_5_5_xhigh,58.31064533872376,3
422,claude_opus_4_8_max,44.868748247312254,4
422,claude_fable_5_max,41.37683039303076,5
422,gemini_3_1_pro_high,30.00524496045359,6
422,gpt_5_6_sol_max,24.154049204837357,7
423,gpt_5_6_sol_max,95.0173011859921,1
423,claude_opus_4_8_max,67.72346446303135,2
423,gpt_5_5_xhigh,39.32009455435226,3
423,gemini_3_1_pro_high,37.25407066480775,4
423,kimi_k3_max,25.986796056907934,5
423,qwen3_8_max,21.465029671502077,6
423,claude_fable_5_max,14.59629371344517,7
424,claude_fable_5_max,83.1996559800006,1
424,claude_opus_4_8_max,43.71218843447785,2
424,gpt_5_5_xhigh,38.89235250993994,3
424,kimi_k3_max,37.680328522191985,4
424,gemini_3_1_pro_high,31.611237186325084,5
424,qwen3_8_max,23.902892695261837,6
424,gpt_5_6_sol_max,22.88974464007222,7
425,claude_opus_4_8_max,70.20287362664499,1
425,gpt_5_6_sol_max,65.01334752922277,2
425,gpt_5_5_xhigh,60.9515692050038,3
425,claude_fable_5_max,36.58013680864263,4
425,qwen3_8_max,35.43876234435602,5
425,gemini_3_1_pro_high,27.91105102631998,6
425,kimi_k3_max,25.887554294171494,7
426,claude_opus_4_8_max,85.72537065756255,1
426,gemini_3_1_pro_high,70.06155712839231,2
426,gpt_5_6_sol_max,69.54765322333164,3
426,qwen3_8_max,57.655714627345205,4
426,kimi_k3_max,29.405450570266808,5
426,gpt_5_5_xhigh,29.121842802818232,6
426,claude_fable_5_max,19.053220190484446,7
427,kimi_k3_max,69.65264064819169,1
427,gpt_5_6_sol_max,67.49895436163756,2
427,gemini_3_1_pro_high,61.62477956638778,3
427,gpt_5_5_xhigh,58.32160919399999,4
427,claude_fable_5_max,56.50753657564574,5
427,qwen3_8_max,31.41203026684306,6
427,claude_opus_4_8_max,25.132632461019654,7
428,gpt_5_6_sol_max,96.60423662915255,1
428,qwen3_8_max,43.5469047230678,2
428,kimi_k3_max,30.875210020958498,3
428,gpt_5_5_xhigh,18.334164607219574,4
428,claude_fable_5_max,17.45749612652723,5
428,gemini_3_1_pro_high,9.056270959312744,6
428,claude_opus_4_8_max,7.973103023940767,7
429,kimi_k3_max,75.05488779595981,1
429,claude_fable_5_max,74.1127672988392,2
429,gpt_5_5_xhigh,64.29101486941536,3
429,gpt_5_6_sol_max,55.12713768074617,4
429,qwen3_8_max,53.02019772087982,5
429,gemini_3_1_pro_high,42.46195401020451,6
429,claude_opus_4_8_max,37.038062699372965,7
430,claude_fable_5_max,75.07567947685908,1
430,claude_opus_4_8_max,66.4112969049499,2
430,gpt_5_5_xhigh,48.723934393951474,3
430,gemini_3_1_pro_high,46.42170940633238,4
430,gpt_5_6_sol_max,42.42089961273295,5
430,kimi_k3_max,34.3827041302136,6
430,qwen3_8_max,30.367624952805016,7
431,claude_fable_5_max,79.87023413413974,1
431,claude_opus_4_8_max,49.59468516055553,2
431,qwen3_8_max,48.99321002224775,3
431,gpt_5_5_xhigh,44.09449715632687,4
431,gemini_3_1_pro_high,39.83569368233901,5
431,kimi_k3_max,27.4598826740894,6
431,gpt_5_6_sol_max,21.719530701706404,7
432,claude_opus_4_8_max,71.01376948480187,1
432,kimi_k3_max,63.32550721745193,2
432,qwen3_8_max,59.536549720357684,3
432,claude_fable_5_max,57.720993501636144,4
432,gemini_3_1_pro_high,53.16501761921674,5
432,gpt_5_5_xhigh,45.93584462325033,6
432,gpt_5_6_sol_max,31.49570690606107,7
433,claude_fable_5_max,83.76526447034419,1
433,kimi_k3_max,63.50946065094136,2
433,claude_opus_4_8_max,52.458328473594854,3
433,qwen3_8_max,52.09312967010642,4
433,gemini_3_1_pro_high,29.42528717526924,5
433,gpt_5_5_xhigh,25.506633754169716,6
433,gpt_5_6_sol_max,23.671159701016997,7
434,kimi_k3_max,83.01446711634749,1
434,gpt_5_6_sol_max,77.22335518443018,2
434,gpt_5_5_xhigh,54.718338008026095,3
434,qwen3_8_max,44.753741439994656,4
434,gemini_3_1_pro_high,38.04502138439615,5
434,claude_opus_4_8_max,34.15935181847796,6
434,claude_fable_5_max,28.195064745156508,7
435,claude_fable_5_max,73.78855648431474,1
435,gpt_5_6_sol_max,49.13304495494055,2
435,claude_opus_4_8_max,47.59074257433262,3
435,gpt_5_5_xhigh,45.91188057356895,4
435,gemini_3_1_pro_high,44.3790203436315,5
435,kimi_k3_max,42.70319148790976,6
435,qwen3_8_max,35.681575842050634,7
436,claude_fable_5_max,70.27434990702588,1
436,gemini_3_1_pro_high,54.32006629103952,2
436,gpt_5_5_xhigh,47.05444583713342,3
436,kimi_k3_max,45.93034042151061,4
436,gpt_5_6_sol_max,42.836225658874014,5
436,qwen3_8_max,21.58430139545046,6
436,claude_opus_4_8_max,18.785522302815593,7
437,claude_opus_4_8_max,70.27977078667685,1
437,claude_fable_5_max,58.87831873980549,2
437,gpt_5_6_sol_max,52.86986796703549,3
437,gemini_3_1_pro_high,41.29030644665047,4
437,qwen3_8_max,38.48161642549193,5
437,kimi_k3_max,33.910998428823646,6
437,gpt_5_5_xhigh,14.124173535296778,7
438,claude_fable_5_max,67.09138528243352,1
438,kimi_k3_max,60.10016845997941,2
438,gpt_5_6_sol_max,59.72359710080245,3
438,gemini_3_1_pro_high,47.935076972558214,4
438,qwen3_8_max,40.54698050496688,5
438,gpt_5_5_xhigh,33.77125766678886,6
438,claude_opus_4_8_max,30.592620512809305,7
439,gpt_5_6_sol_max,67.29013589279641,1
439,kimi_k3_max,59.147514257114224,2
439,qwen3_8_max,56.82128039173314,3
439,gemini_3_1_pro_high,55.86095781986332,4
439,claude_opus_4_8_max,52.05324945471285,5
439,gpt_5_5_xhigh,43.949944592093544,6
439,claude_fable_5_max,27.087793293983708,7
440,gpt_5_6_sol_max,63.74049206820797,1
440,qwen3_8_max,59.642411512076855,2
440,kimi_k3_max,58.900912143528615,3
440,claude_fable_5_max,45.50058865397611,4
440,claude_opus_4_8_max,41.73181760801134,5
440,gpt_5_5_xhigh,37.71527646605637,6
440,gemini_3_1_pro_high,25.04362886351929,7
441,gpt_5_6_sol_max,57.1287347576075,1
441,claude_opus_4_8_max,56.902124472242605,2
441,gpt_5_5_xhigh,52.599004853184745,3
441,kimi_k3_max,42.63409399922669,4
441,qwen3_8_max,27.780042508117905,5
441,claude_fable_5_max,24.472109701021893,6
441,gemini_3_1_pro_high,23.899897081449023,7
442,gemini_3_1_pro_high,86.8351137255068,1
442,gpt_5_5_xhigh,81.6492944076327,2
442,qwen3_8_max,77.7336848115546,3
442,claude_opus_4_8_max,69.60249131325031,4
442,claude_fable_5_max,65.26140390830663,5
442,gpt_5_6_sol_max,36.860913067839135,6
442,kimi_k3_max,11.436841774910382,7
443,gpt_5_6_sol_max,59.59120104460851,1
443,kimi_k3_max,58.787139505658146,2
443,gpt_5_5_xhigh,55.38369687363459,3
443,gemini_3_1_pro_high,52.21097120569709,4
443,claude_fable_5_max,48.43550681720751,5
443,claude_opus_4_8_max,31.596704705739707,6
443,qwen3_8_max,28.819438276175973,7
444,gemini_3_1_pro_high,64.52637308415802,1
444,gpt_5_5_xhigh,61.25457141790136,2
444,qwen3_8_max,48.81553478853885,3
444,gpt_5_6_sol_max,48.121507691317476,4
444,kimi_k3_max,41.94542202186254,5
444,claude_fable_5_max,36.60727615526271,6
444,claude_opus_4_8_max,28.43253702782043,7
445,gpt_5_5_xhigh,82.57457161343848,1
445,gpt_5_6_sol_max,77.74077483523592,2
445,claude_fable_5_max,69.62010530187467,3
445,kimi_k3_max,57.098816516802366,4
445,claude_opus_4_8_max,38.60148432670945,5
445,qwen3_8_max,30.025110230306947,6
445,gemini_3_1_pro_high,24.965205257642463,7
446,qwen3_8_max,72.4227812761039,1
446,claude_opus_4_8_max,66.0740758504572,2
446,claude_fable_5_max,44.70744913433687,3
446,gemini_3_1_pro_high,44.541077361807126,4
446,gpt_5_5_xhigh,44.453724245693536,5
446,kimi_k3_max,30.671645426201138,6
446,gpt_5_6_sol_max,20.947497786679925,7
447,gpt_5_6_sol_max,82.32482351226065,1
447,claude_fable_5_max,53.75333478326725,2
447,qwen3_8_max,37.232891946632904,3
447,gpt_5_5_xhigh,29.756781591459017,4
447,kimi_k3_max,24.898683930140198,5
447,claude_opus_4_8_max,23.52727922590162,6
447,gemini_3_1_pro_high,14.436981152248812,7
448,kimi_k3_max,77.51085358408616,1
448,gemini_3_1_pro_high,66.31317250538899,2
448,gpt_5_6_sol_max,60.52757020535739,3
448,qwen3_8_max,51.60875874563139,4
448,gpt_5_5_xhigh,43.20443827992816,5
448,claude_opus_4_8_max,28.36811361976654,6
448,claude_fable_5_max,22.582952198271087,7
449,gpt_5_6_sol_max,80.43873801658778,1
449,claude_opus_4_8_max,74.25314563548338,2
449,claude_fable_5_max,66.7902300958531,3
449,qwen3_8_max,59.419147369999266,4
449,gpt_5_5_xhigh,39.21385924726063,5
449,gemini_3_1_pro_high,39.076580268565394,6
449,kimi_k3_max,32.428472417356275,7
450,claude_opus_4_8_max,78.28695891697961,1
450,qwen3_8_max,60.29138150797664,2
450,gpt_5_6_sol_max,50.70458482850426,3
450,gemini_3_1_pro_high,37.97457342859604,4
450,kimi_k3_max,32.34948183889054,5
450,gpt_5_5_xhigh,26.267803942387992,6
450,claude_fable_5_max,24.20342908044119,7
451,gpt_5_5_xhigh,59.14637880162356,1
451,kimi_k3_max,58.77247204421204,2
451,claude_opus_4_8_max,49.737629125950306,3
451,qwen3_8_max,48.96988021338358,4
451,gpt_5_6_sol_max,41.981118852876286,5
451,gemini_3_1_pro_high,11.01131063781813,6
451,claude_fable_5_max,8.141959156639306,7
452,claude_fable_5_max,83.28254409964616,1
452,gpt_5_5_xhigh,66.40542228437519,2
452,gpt_5_6_sol_max,54.7245269840101,3
452,kimi_k3_max,49.22932934140238,4
452,qwen3_8_max,37.945726744253776,5
452,claude_opus_4_8_max,18.329977803129754,6
452,gemini_3_1_pro_high,11.56754715930599,7
453,gpt_5_5_xhigh,75.93586407888694,1
453,gemini_3_1_pro_high,55.74325924889498,2
453,claude_opus_4_8_max,49.7033017236694,3
453,gpt_5_6_sol_max,42.41272328551193,4
453,claude_fable_5_max,42.34611608779876,5
453,kimi_k3_max,42.19144839828596,6
453,qwen3_8_max,37.574299620607,7
454,gemini_3_1_pro_high,94.87363470025282,1
454,claude_opus_4_8_max,65.05464171876528,2
454,gpt_5_5_xhigh,64.5636907569742,3
454,gpt_5_6_sol_max,63.97563811241842,4
454,qwen3_8_max,55.848711434514456,5
454,claude_fable_5_max,53.676418438863465,6
454,kimi_k3_max,37.713838714381204,7
455,gpt_5_5_xhigh,79.84673563811883,1
455,claude_opus_4_8_max,65.95775222367877,2
455,gpt_5_6_sol_max,54.40861456100377,3
455,qwen3_8_max,39.667263928599795,4
455,kimi_k3_max,36.25282140823196,5
455,claude_fable_5_max,22.80818947084157,6
455,gemini_3_1_pro_high,19.801091166717633,7
456,gemini_3_1_pro_high,70.69187094511052,1
456,claude_fable_5_max,67.50140408558865,2
456,qwen3_8_max,64.1554317813502,3
456,gpt_5_6_sol_max,63.10398649417165,4
456,claude_opus_4_8_max,54.88513969005125,5
456,kimi_k3_max,52.96185989796906,6
456,gpt_5_5_xhigh,48.76454170969245,7
457,gpt_5_6_sol_max,79.54659016363689,1
457,claude_fable_5_max,59.08693685494465,2
457,gemini_3_1_pro_high,41.06494373824973,3
457,claude_opus_4_8_max,40.405146193119165,4
457,qwen3_8_max,38.886030554107116,5
457,kimi_k3_max,36.041996161065896,6
457,gpt_5_5_xhigh,20.229670178224524,7
458,claude_fable_5_max,59.546240052887256,1
458,qwen3_8_max,55.57038918052132,2
458,gpt_5_6_sol_max,52.71207012508786,3
458,claude_opus_4_8_max,48.748343603636044,4
458,gpt_5_5_xhigh,30.739654793098072,5
458,gemini_3_1_pro_high,28.92676698892081,6
458,kimi_k3_max,25.718534899585773,7
459,claude_fable_5_max,87.18504583418775,1
459,kimi_k3_max,78.81172056433512,2
459,gemini_3_1_pro_high,77.11532451295592,3
459,claude_opus_4_8_max,75.94742973928386,4
459,gpt_5_5_xhigh,67.49075891290853,5
459,gpt_5_6_sol_max,57.07055460592329,6
459,qwen3_8_max,37.94204629978364,7
460,gpt_5_6_sol_max,62.21523592692744,1
460,gemini_3_1_pro_high,38.467626553259734,2
460,gpt_5_5_xhigh,37.23660704334726,3
460,qwen3_8_max,32.03519814047802,4
460,claude_opus_4_8_max,30.065671772151056,5
460,claude_fable_5_max,11.926948226386617,6
460,kimi_k3_max,9.62733681481266,7
461,kimi_k3_max,79.75470992008042,1
461,claude_opus_4_8_max,75.4345256311982,2
461,qwen3_8_max,40.93418822590502,3
461,gemini_3_1_pro_high,40.577784235683275,4
461,gpt_5_6_sol_max,40.46991135615466,5
461,gpt_5_5_xhigh,38.79583474816012,6
461,claude_fable_5_max,28.85469915519792,7
462,claude_opus_4_8_max,81.17513503066918,1
462,kimi_k3_max,77.6317978486084,2
462,claude_fable_5_max,50.59037449876439,3
462,qwen3_8_max,36.95267537665039,4
462,gemini_3_1_pro_high,31.99032531260686,5
462,gpt_5_6_sol_max,30.382242359900346,6
462,gpt_5_5_xhigh,26.736003581451047,7
463,claude_fable_5_max,88.10390154360901,1
463,gpt_5_6_sol_max,74.33624044929965,2
463,claude_opus_4_8_max,48.856501918161655,3
463,kimi_k3_max,39.06768148323484,4
463,gemini_3_1_pro_high,37.503883239865516,5
463,qwen3_8_max,32.808392862222696,6
463,gpt_5_5_xhigh,32.416112424411324,7
464,kimi_k3_max,71.06976461391518,1
464,claude_fable_5_max,65.85067281505911,2
464,qwen3_8_max,64.25942332391507,3
464,gemini_3_1_pro_high,62.799589947490716,4
464,gpt_5_5_xhigh,57.549649154570545,5
464,gpt_5_6_sol_max,28.1284217424842,6
464,claude_opus_4_8_max,27.15703499717797,7
465,kimi_k3_max,61.02332965813599,1
465,claude_fable_5_max,43.92247127612931,2
465,gemini_3_1_pro_high,36.69914139759129,3
465,gpt_5_6_sol_max,34.7415165235019,4
465,claude_opus_4_8_max,23.23152335497759,5
465,qwen3_8_max,18.847576050923053,6
465,gpt_5_5_xhigh,15.917792569635342,7
466,gpt_5_5_xhigh,75.88050025144241,1
466,gemini_3_1_pro_high,67.74287380111753,2
466,claude_fable_5_max,63.74928407076912,3
466,kimi_k3_max,48.38866334442355,4
466,gpt_5_6_sol_max,46.95559591092032,5
466,claude_opus_4_8_max,25.042138943494553,6
466,qwen3_8_max,19.73111289199014,7
467,gpt_5_6_sol_max,77.70743687929539,1
467,kimi_k3_max,71.1921248904686,2
467,claude_fable_5_max,62.551298050433374,3
467,gemini_3_1_pro_high,55.55372098610027,4
467,qwen3_8_max,43.81227629800271,5
467,claude_opus_4_8_max,42.10136583159125,6
467,gpt_5_5_xhigh,41.84492731205162,7
468,gpt_5_6_sol_max,85.14634371434462,1
468,claude_opus_4_8_max,63.37091135791857,2
468,kimi_k3_max,61.326684847667565,3
468,gemini_3_1_pro_high,53.82652457662683,4
468,gpt_5_5_xhigh,50.62243367669728,5
468,qwen3_8_max,36.613834881585916,6
468,claude_fable_5_max,34.89410896086765,7
469,qwen3_8_max,60.41840459212467,1
469,gpt_5_6_sol_max,59.20779300849847,2
469,claude_opus_4_8_max,52.69098971571422,3
469,kimi_k3_max,50.989776815857866,4
469,gemini_3_1_pro_high,35.61078205255767,5
469,gpt_5_5_xhigh,35.060031346650746,6
469,claude_fable_5_max,30.679018732388663,7
470,qwen3_8_max,68.19386570228556,1
470,gemini_3_1_pro_high,55.39240567814566,2
470,kimi_k3_max,53.38683447547518,3
470,gpt_5_5_xhigh,39.97668697278708,4
470,claude_opus_4_8_max,39.61398860142171,5
470,gpt_5_6_sol_max,34.101863356536406,6
470,claude_fable_5_max,14.025892923533151,7
471,claude_fable_5_max,87.28779470661927,1
471,claude_opus_4_8_max,52.84532480791631,2
471,gemini_3_1_pro_high,46.651272701734925,3
471,qwen3_8_max,42.15628398986139,4
471,gpt_5_5_xhigh,34.054231075785566,5
471,kimi_k3_max,31.17101685365571,6
471,gpt_5_6_sol_max,13.687632161910656,7
472,gemini_3_1_pro_high,74.94684734962686,1
472,claude_opus_4_8_max,72.49882467632025,2
472,kimi_k3_max,54.24242634186819,3
472,gpt_5_5_xhigh,46.83680776502071,4
472,qwen3_8_max,46.519266488361936,5
472,gpt_5_6_sol_max,41.4209994767616,6
472,claude_fable_5_max,34.723153174778986,7
473,claude_fable_5_max,56.73763588066583,1
473,gpt_5_6_sol_max,50.29001776803142,2
473,gpt_5_5_xhigh,38.731723946652174,3
473,claude_opus_4_8_max,37.36455063633432,4
473,qwen3_8_max,30.558985332696928,5
473,gemini_3_1_pro_high,26.490961688798215,6
473,kimi_k3_max,24.650107423254553,7
474,kimi_k3_max,91.19281767312081,1
474,qwen3_8_max,57.15641085184417,2
474,gpt_5_5_xhigh,50.06390061364363,3
474,claude_fable_5_max,42.35187881731329,4
474,gemini_3_1_pro_high,38.756444157763156,5
474,gpt_5_6_sol_max,32.41910804510432,6
474,claude_opus_4_8_max,31.904144337437383,7
475,gpt_5_6_sol_max,79.6209130501128,1
475,kimi_k3_max,75.44563437086097,2
475,gemini_3_1_pro_high,74.35000755806604,3
475,claude_fable_5_max,65.44444907686643,4
475,gpt_5_5_xhigh,56.09614934922939,5
475,qwen3_8_max,40.35274472084545,6
475,claude_opus_4_8_max,24.269968041173144,7
476,gpt_5_6_sol_max,74.5693578254144,1
476,gemini_3_1_pro_high,63.92720929553063,2
476,claude_fable_5_max,62.58516603240965,3
476,qwen3_8_max,43.85636217078864,4
476,gpt_5_5_xhigh,38.77227127328615,5
476,claude_opus_4_8_max,30.968247732574717,6
476,kimi_k3_max,25.394683028350368,7
477,claude_opus_4_8_max,68.46466900015766,1
477,kimi_k3_max,63.447546643599864,2
477,gemini_3_1_pro_high,52.863464254615366,3
477,claude_fable_5_max,40.030461259009684,4
477,gpt_5_6_sol_max,38.501356664077136,5
477,gpt_5_5_xhigh,29.160116896030896,6
477,qwen3_8_max,15.297813110023112,7
478,claude_opus_4_8_max,82.93442825206114,1
478,qwen3_8_max,71.93744363501892,2
478,gpt_5_5_xhigh,62.02358056735309,3
478,gemini_3_1_pro_high,55.05039699135105,4
478,kimi_k3_max,34.65068785043571,5
478,gpt_5_6_sol_max,26.608634652548204,6
478,claude_fable_5_max,13.587632144497114,7
479,claude_fable_5_max,81.53404880020841,1
479,gpt_5_5_xhigh,65.81371740020921,2
479,claude_opus_4_8_max,46.68289087915891,3
479,qwen3_8_max,42.64911186424487,4
479,gpt_5_6_sol_max,35.030117709789344,5
479,gemini_3_1_pro_high,31.185264137421235,6
479,kimi_k3_max,13.99992448849113,7
480,kimi_k3_max,85.60758660888565,1
480,claude_opus_4_8_max,66.99711656455031,2
480,gemini_3_1_pro_high,35.35704035827247,3
480,qwen3_8_max,30.437323572946248,4
480,gpt_5_6_sol_max,25.13185365361654,5
480,claude_fable_5_max,24.87772394438001,6
480,gpt_5_5_xhigh,24.306274898894372,7
481,kimi_k3_max,72.86860425013846,1
481,claude_fable_5_max,59.29952374711204,2
481,claude_opus_4_8_max,57.463015718115194,3
481,gemini_3_1_pro_high,47.21382538943766,4
481,gpt_5_6_sol_max,31.53928825081223,5
481,gpt_5_5_xhigh,31.298936057556954,6
481,qwen3_8_max,25.291168018313847,7
482,gpt_5_6_sol_max,61.084464626157924,1
482,claude_fable_5_max,53.7365766503592,2
482,claude_opus_4_8_max,51.59161269826654,3
482,gpt_5_5_xhigh,45.7571386456626,4
482,kimi_k3_max,43.426226761425106,5
482,qwen3_8_max,42.29198395647481,6
482,gemini_3_1_pro_high,29.217108731531127,7
483,gpt_5_6_sol_max,74.38411556413419,1
483,claude_fable_5_max,70.54827251887616,2
483,kimi_k3_max,54.03399337956716,3
483,gpt_5_5_xhigh,50.96019946766168,4
483,claude_opus_4_8_max,47.83583246238283,5
483,gemini_3_1_pro_high,34.43911862487527,6
483,qwen3_8_max,32.105622278991234,7
484,claude_opus_4_8_max,79.80509443929364,1
484,qwen3_8_max,64.03695528662342,2
484,gemini_3_1_pro_high,50.652536404235555,3
484,gpt_5_6_sol_max,48.53302512489107,4
484,kimi_k3_max,39.31375077443361,5
484,gpt_5_5_xhigh,37.91567567086134,6
484,claude_fable_5_max,32.96413157256461,7
485,kimi_k3_max,79.99599575544697,1
485,claude_fable_5_max,67.17874451889514,2
485,gpt_5_6_sol_max,66.65615600354386,3
485,qwen3_8_max,61.304908758292164,4
485,gemini_3_1_pro_high,50.0053808423121,5
485,gpt_5_5_xhigh,29.463757175160346,6
485,claude_opus_4_8_max,18.941696237380135,7
486,gpt_5_6_sol_max,65.76099797958105,1
486,gemini_3_1_pro_high,65.41975131664748,2
486,claude_fable_5_max,48.229333031988595,3
486,claude_opus_4_8_max,47.85601697034569,4
486,gpt_5_5_xhigh,47.613610842026695,5
486,qwen3_8_max,40.57016963395702,6
486,kimi_k3_max,38.41486672397424,7
487,gpt_5_6_sol_max,84.06720697035311,1
487,qwen3_8_max,58.66993797443631,2
487,gemini_3_1_pro_high,50.79608155201909,3
487,claude_fable_5_max,42.27867796419501,4
487,claude_opus_4_8_max,35.11289911255045,5
487,gpt_5_5_xhigh,28.23477312196697,6
487,kimi_k3_max,17.39939271711818,7
488,qwen3_8_max,79.74412571365285,1
488,gpt_5_6_sol_max,67.5385527899001,2
488,gemini_3_1_pro_high,56.19308233615786,3
488,gpt_5_5_xhigh,43.69265878258689,4
488,kimi_k3_max,27.985780558533033,5
488,claude_opus_4_8_max,26.420021001117995,6
488,claude_fable_5_max,8.19680302923546,7
489,gpt_5_6_sol_max,74.4300182735034,1
489,qwen3_8_max,70.64577797322445,2
489,claude_opus_4_8_max,62.61493362783704,3
489,claude_fable_5_max,60.56224762926482,4
489,kimi_k3_max,54.70783452084967,5
489,gemini_3_1_pro_high,45.95695705156484,6
489,gpt_5_5_xhigh,32.39385320167291,7
490,claude_opus_4_8_max,63.59877757883202,1
490,gpt_5_5_xhigh,50.55447954010564,2
490,kimi_k3_max,36.69351519660717,3
490,gpt_5_6_sol_max,29.080234096352765,4
490,qwen3_8_max,28.239983262776036,5
490,gemini_3_1_pro_high,17.234996041425596,6
490,claude_fable_5_max,11.069403335551229,7
491,gpt_5_6_sol_max,75.38538699795927,1
491,claude_fable_5_max,61.76235834895513,2
491,gpt_5_5_xhigh,57.33391162567222,3
491,claude_opus_4_8_max,51.32005497653776,4
491,kimi_k3_max,50.85785436869716,5
491,qwen3_8_max,21.821074070719654,6
491,gemini_3_1_pro_high,21.37771267189538,7
492,claude_fable_5_max,59.16549635889016,1
492,claude_opus_4_8_max,56.34311622945422,2
492,qwen3_8_max,47.25632619634014,3
492,gpt_5_5_xhigh,37.846850056337246,4
492,gpt_5_6_sol_max,36.35368037703807,5
492,gemini_3_1_pro_high,34.96037631911251,6
492,kimi_k3_max,29.324020470457796,7
493,qwen3_8_max,72.35884065312398,1
493,gpt_5_5_xhigh,54.341010872364684,2
493,claude_fable_5_max,50.351212944346514,3
493,gemini_3_1_pro_high,41.145197059436136,4
493,kimi_k3_max,40.25011714076286,5
493,gpt_5_6_sol_max,36.670349481333446,6
493,claude_opus_4_8_max,18.116526116659045,7
494,gpt_5_6_sol_max,59.133581057195016,1
494,claude_fable_5_max,54.808935701591004,2
494,qwen3_8_max,51.9743610996135,3
494,kimi_k3_max,24.036510451599675,4
494,gpt_5_5_xhigh,17.1702729133391,5
494,claude_opus_4_8_max,14.771337343086717,6
494,gemini_3_1_pro_high,14.2693969545396,7
495,claude_opus_4_8_max,62.21728845645545,1
495,kimi_k3_max,48.5328058815187,2
495,qwen3_8_max,46.985239292432325,3
495,gemini_3_1_pro_high,44.42802856171807,4
495,gpt_5_6_sol_max,37.77831309308991,5
495,claude_fable_5_max,29.037661075154293,6
495,gpt_5_5_xhigh,14.050364406278817,7
496,kimi_k3_max,83.02366689062893,1
496,gpt_5_6_sol_max,55.9543725760125,2
496,claude_fable_5_max,52.83837558553271,3
496,qwen3_8_max,48.693203197825596,4
496,gemini_3_1_pro_high,45.21690517033373,5
496,claude_opus_4_8_max,42.138946825573285,6
496,gpt_5_5_xhigh,36.066871874378776,7
497,kimi_k3_max,69.58715288669033,1
497,gpt_5_5_xhigh,68.74039458802903,2
497,qwen3_8_max,68.54819741371702,3
497,claude_fable_5_max,61.57383398863705,4
497,gpt_5_6_sol_max,54.71681223000921,5
497,claude_opus_4_8_max,48.37700255468242,6
497,gemini_3_1_pro_high,35.591747546912956,7
498,gpt_5_6_sol_max,86.17835939165693,1
498,gemini_3_1_pro_high,74.68434526500121,2
498,qwen3_8_max,62.07035750659124,3
498,gpt_5_5_xhigh,59.78923489972618,4
498,kimi_k3_max,56.370474668489265,5
498,claude_fable_5_max,36.925925667070345,6
498,claude_opus_4_8_max,20.181465038054565,7
499,claude_opus_4_8_max,72.88374039509692,1
499,gpt_5_5_xhigh,51.03220489036567,2
499,kimi_k3_max,47.366468900163525,3
499,gemini_3_1_pro_high,46.98287897690241,4
499,gpt_5_6_sol_max,43.06771601720668,5
499,claude_fable_5_max,36.75196596737857,6
499,qwen3_8_max,36.32547930917396,7
500,gpt_5_6_sol_max,50.18651817202419,1
500,claude_opus_4_8_max,48.28470576712354,2
500,gemini_3_1_pro_high,47.43985829406173,3
500,qwen3_8_max,35.42002317750666,4
500,claude_fable_5_max,32.00804040166746,5
500,kimi_k3_max,27.79817829506447,6
500,gpt_5_5_xhigh,25.577205791183893,7
501,claude_fable_5_max,72.33023664068708,1
501,kimi_k3_max,61.669450681343214,2
501,gpt_5_6_sol_max,59.60119071919749,3
501,gpt_5_5_xhigh,47.364706022206676,4
501,qwen3_8_max,28.90459991096437,5
501,gemini_3_1_pro_high,24.764780747749196,6
501,claude_opus_4_8_max,23.64287927189895,7
502,claude_fable_5_max,50.752854927695935,1
502,qwen3_8_max,48.49968832239894,2
502,claude_opus_4_8_max,44.48732659363283,3
502,gpt_5_5_xhigh,43.288770071499485,4
502,gemini_3_1_pro_high,40.21956185020109,5
502,gpt_5_6_sol_max,36.7586023062619,6
502,kimi_k3_max,16.186918287085685,7
503,claude_opus_4_8_max,81.78489566010063,1
503,qwen3_8_max,65.40348693581458,2
503,claude_fable_5_max,63.10624419071473,3
503,gemini_3_1_pro_high,53.95812151208841,4
503,kimi_k3_max,47.703823266170566,5
503,gpt_5_5_xhigh,41.41810854321635,6
503,gpt_5_6_sol_max,24.675972903202275,7
504,gpt_5_5_xhigh,69.32526832366142,1
504,claude_fable_5_max,66.848685558807,2
504,claude_opus_4_8_max,53.65363685137406,3
504,qwen3_8_max,52.83925954505807,4
504,kimi_k3_max,40.086126433382574,5
504,gpt_5_6_sol_max,39.164215671257224,6
504,gemini_3_1_pro_high,35.91544466834116,7
505,qwen3_8_max,79.34970260245431,1
505,kimi_k3_max,70.9241564112669,2
505,claude_fable_5_max,59.272395881797735,3
505,gpt_5_6_sol_max,52.80532804399137,4
505,gpt_5_5_xhigh,47.22070436900666,5
505,gemini_3_1_pro_high,43.82280896297637,6
505,claude_opus_4_8_max,38.84430490555893,7
506,gpt_5_6_sol_max,60.520435842521536,1
506,claude_fable_5_max,55.691240899753566,2
506,qwen3_8_max,49.266683573953785,3
506,kimi_k3_max,38.3833984295635,4
506,gemini_3_1_pro_high,33.642109852386284,5
506,gpt_5_5_xhigh,28.185554686995843,6
506,claude_opus_4_8_max,17.88193239688648,7
507,gemini_3_1_pro_high,66.47380038452417,1
507,kimi_k3_max,66.31997156515804,2
507,claude_opus_4_8_max,40.78870668735078,3
507,gpt_5_6_sol_max,39.03245755129823,4
507,qwen3_8_max,35.59507602151574,5
507,gpt_5_5_xhigh,29.70820909947724,6
507,claude_fable_5_max,29.603663428973913,7
508,claude_opus_4_8_max,84.13009726193894,1
508,gpt_5_6_sol_max,55.74125599036445,2
508,gemini_3_1_pro_high,49.13870728959832,3
508,qwen3_8_max,46.12312864882621,4
508,claude_fable_5_max,27.61611114848663,5
508,gpt_5_5_xhigh,25.567519674249503,6
508,kimi_k3_max,20.36872168527368,7
509,gpt_5_6_sol_max,80.11310734661483,1
509,gpt_5_5_xhigh,70.84357035880025,2
509,qwen3_8_max,66.12705147252409,3
509,claude_opus_4_8_max,61.58085373525735,4
509,kimi_k3_max,44.08587236453296,5
509,gemini_3_1_pro_high,41.00998772584019,6
509,claude_fable_5_max,16.47401558926251,7
510,kimi_k3_max,85.4823078604571,1
510,claude_fable_5_max,84.94716124063709,2
510,gpt_5_6_sol_max,63.98880952929336,3
510,qwen3_8_max,61.35730305918038,4
510,gpt_5_5_xhigh,48.82225378876234,5
510,gemini_3_1_pro_high,41.31965814230859,6
510,claude_opus_4_8_max,24.311489696765392,7
511,claude_fable_5_max,84.80963037090297,1
511,kimi_k3_max,48.74621469536277,2
511,qwen3_8_max,46.4605445528227,3
511,claude_opus_4_8_max,45.58177016426236,4
511,gpt_5_6_sol_max,40.64189382489977,5
511,gpt_5_5_xhigh,33.429283594602865,6
511,gemini_3_1_pro_high,20.207910828849855,7
512,kimi_k3_max,86.93764493523423,1
512,claude_fable_5_max,81.5029206319089,2
512,gemini_3_1_pro_high,70.06916869220359,3
512,qwen3_8_max,57.86004625844261,4
512,gpt_5_6_sol_max,37.88966862362122,5
512,gpt_5_5_xhigh,17.761552018889667,6
512,claude_opus_4_8_max,14.220996620567345,7
513,kimi_k3_max,77.01459231482731,1
513,gpt_5_6_sol_max,71.75959203882611,2
513,qwen3_8_max,39.93247456816598,3
513,gpt_5_5_xhigh,35.8262506253279,4
513,gemini_3_1_pro_high,28.689852126409924,5
513,claude_fable_5_max,19.757212144360686,6
513,claude_opus_4_8_max,18.275897444769274,7
514,gpt_5_6_sol_max,72.65001849032251,1
514,claude_opus_4_8_max,56.33749888520496,2
514,kimi_k3_max,52.458510582464356,3
514,claude_fable_5_max,43.885720378766266,4
514,qwen3_8_max,36.753063647253896,5
514,gemini_3_1_pro_high,33.47929354963288,6
514,gpt_5_5_xhigh,19.05451937976107,7
515,kimi_k3_max,45.26972121678433,1
515,claude_opus_4_8_max,44.86565781574416,2
515,qwen3_8_max,44.82154555565539,3
515,claude_fable_5_max,44.25023462818042,4
515,gpt_5_6_sol_max,44.14792469746192,5
515,gpt_5_5_xhigh,31.485274582986914,6
515,gemini_3_1_pro_high,27.05895914844387,7
516,claude_opus_4_8_max,64.0589801549648,1
516,gemini_3_1_pro_high,61.57267400727597,2
516,gpt_5_5_xhigh,44.51338152871454,3
516,gpt_5_6_sol_max,41.781900759651876,4
516,qwen3_8_max,37.32021914458465,5
516,claude_fable_5_max,17.786859545173396,6
516,kimi_k3_max,16.316335715573874,7
517,claude_opus_4_8_max,64.53957271375384,1
517,claude_fable_5_max,54.64114551395567,2
517,qwen3_8_max,51.601714195585124,3
517,gemini_3_1_pro_high,43.78895955607054,4
517,gpt_5_6_sol_max,37.03083751697905,5
517,gpt_5_5_xhigh,30.97496292995298,6
517,kimi_k3_max,23.265098018387913,7
518,gpt_5_5_xhigh,75.6909471452702,1
518,gpt_5_6_sol_max,62.09200558906569,2
518,claude_fable_5_max,48.913383647520966,3
518,kimi_k3_max,44.87842706233917,4
518,claude_opus_4_8_max,44.31801514075082,5
518,qwen3_8_max,42.349788169766,6
518,gemini_3_1_pro_high,27.30644709652853,7
519,kimi_k3_max,83.56475867318794,1
519,claude_fable_5_max,78.65654086924448,2
519,qwen3_8_max,78.00710111396364,3
519,claude_opus_4_8_max,51.787776080184415,4
519,gpt_5_6_sol_max,46.56834290326439,5
519,gpt_5_5_xhigh,22.007522862783453,6
519,gemini_3_1_pro_high,16.56742255160605,7
520,claude_fable_5_max,81.09124295837154,1
520,qwen3_8_max,56.661920247308416,2
520,gemini_3_1_pro_high,48.1299117188036,3
520,kimi_k3_max,35.661728203061585,4
520,gpt_5_6_sol_max,35.33515074528653,5
520,gpt_5_5_xhigh,27.446701875877903,6
520,claude_opus_4_8_max,20.811057326074486,7
521,kimi_k3_max,80.11771655846329,1
521,claude_fable_5_max,70.69351924848772,2
521,gpt_5_6_sol_max,64.53031107755965,3
521,claude_opus_4_8_max,62.08523734449885,4
521,gemini_3_1_pro_high,46.14319604159462,5
521,gpt_5_5_xhigh,37.915091870048684,6
521,qwen3_8_max,32.68771182162685,7
522,gpt_5_6_sol_max,77.34090586064887,1
522,gpt_5_5_xhigh,70.94615879377812,2
522,qwen3_8_max,56.709829255830044,3
522,claude_opus_4_8_max,55.89294054033962,4
522,kimi_k3_max,44.85165421570274,5
522,gemini_3_1_pro_high,37.553996345727576,6
522,claude_fable_5_max,26.415002752082682,7
523,qwen3_8_max,62.73247370192212,1
523,kimi_k3_max,62.31016905572649,2
523,gpt_5_5_xhigh,59.575877528988585,3
523,claude_fable_5_max,59.28141543401171,4
523,gemini_3_1_pro_high,49.06122572065199,5
523,claude_opus_4_8_max,40.33648155452999,6
523,gpt_5_6_sol_max,35.63619975077999,7
524,claude_fable_5_max,69.12599214108513,1
524,gpt_5_6_sol_max,67.52573987577138,2
524,kimi_k3_max,59.80770640994739,3
524,gemini_3_1_pro_high,43.925039267115054,4
524,claude_opus_4_8_max,40.848587954250526,5
524,qwen3_8_max,39.42365951379119,6
524,gpt_5_5_xhigh,34.889048787161634,7
525,gpt_5_6_sol_max,78.29750365340831,1
525,claude_fable_5_max,71.86848681559137,2
525,gemini_3_1_pro_high,55.61343819031629,3
525,kimi_k3_max,46.916069515015536,4
525,gpt_5_5_xhigh,38.08058874807622,5
525,claude_opus_4_8_max,24.765222977572726,6
525,qwen3_8_max,22.05497666924788,7
526,claude_fable_5_max,55.02983367065096,1
526,claude_opus_4_8_max,53.11018953632637,2
526,gpt_5_6_sol_max,52.68775876733838,3
526,gemini_3_1_pro_high,50.68645449483769,4
526,kimi_k3_max,46.245257122202595,5
526,qwen3_8_max,45.85611186475383,6
526,gpt_5_5_xhigh,18.45486917956438,7
527,claude_fable_5_max,68.34222476417484,1
527,gpt_5_5_xhigh,57.78691495620191,2
527,kimi_k3_max,48.31049333248364,3
527,gemini_3_1_pro_high,42.41320081729874,4
527,gpt_5_6_sol_max,41.11148755106764,5
527,claude_opus_4_8_max,39.00513733682341,6
527,qwen3_8_max,36.580845131128754,7
528,gpt_5_6_sol_max,80.49706092093976,1
528,gpt_5_5_xhigh,69.8605651794424,2
528,gemini_3_1_pro_high,63.80883130319535,3
528,kimi_k3_max,62.15566580727217,4
528,qwen3_8_max,56.482809773557825,5
528,claude_fable_5_max,55.22880143878058,6
528,claude_opus_4_8_max,30.067303838775732,7
529,gemini_3_1_pro_high,65.48081143539689,1
529,claude_fable_5_max,62.2488293202606,2
529,gpt_5_5_xhigh,57.01268721028211,3
529,qwen3_8_max,54.40084444871434,4
529,kimi_k3_max,42.11411377207528,5
529,claude_opus_4_8_max,33.68948535568509,6
529,gpt_5_6_sol_max,29.511878706210286,7
530,kimi_k3_max,65.28662640313405,1
530,claude_fable_5_max,58.34047360255802,2
530,qwen3_8_max,56.691142161737616,3
530,gemini_3_1_pro_high,51.6856581986674,4
530,gpt_5_5_xhigh,49.871696669523175,5
530,gpt_5_6_sol_max,48.05909325473823,6
530,claude_opus_4_8_max,48.02010697263607,7
531,claude_fable_5_max,77.4285917032903,1
531,gpt_5_5_xhigh,63.69579254187808,2
531,kimi_k3_max,51.22363261673618,3
531,claude_opus_4_8_max,42.28405795435599,4
531,gemini_3_1_pro_high,41.66535378486658,5
531,gpt_5_6_sol_max,24.733291076013906,6
531,qwen3_8_max,23.984425443184,7
532,kimi_k3_max,77.28717035995449,1
532,gpt_5_6_sol_max,68.84647116402644,2
532,claude_opus_4_8_max,63.55048644727457,3
532,gemini_3_1_pro_high,50.4787781624605,4
532,qwen3_8_max,46.27030177271949,5
532,gpt_5_5_xhigh,38.63708613916684,6
532,claude_fable_5_max,28.399152194030208,7
533,gpt_5_5_xhigh,91.80584404257607,1
533,claude_opus_4_8_max,69.81940101554139,2
533,kimi_k3_max,62.732602725159396,3
533,gemini_3_1_pro_high,61.250722164475576,4
533,qwen3_8_max,58.39527420297759,5
533,claude_fable_5_max,44.32593962352372,6
533,gpt_5_6_sol_max,16.077075801651727,7
534,claude_fable_5_max,94.76021153947298,1
534,gpt_5_5_xhigh,56.87020095997193,2
534,kimi_k3_max,45.865202388227715,3
534,gemini_3_1_pro_high,44.48444567556136,4
534,gpt_5_6_sol_max,42.60875145465954,5
534,claude_opus_4_8_max,36.594496326842496,6
534,qwen3_8_max,25.47551856125244,7
535,gpt_5_5_xhigh,74.71765308946365,1
535,qwen3_8_max,59.72476661158679,2
535,gpt_5_6_sol_max,41.1682672648561,3
535,gemini_3_1_pro_high,35.35001299323735,4
535,claude_fable_5_max,30.32965389580429,5
535,kimi_k3_max,20.06447569557376,6
535,claude_opus_4_8_max,15.081789935439488,7
536,gpt_5_6_sol_max,82.37963358264943,1
536,gemini_3_1_pro_high,67.3734845982511,2
536,claude_opus_4_8_max,40.821166587150906,3
536,qwen3_8_max,34.27486118951796,4
536,claude_fable_5_max,33.31401937445977,5
536,kimi_k3_max,24.891958534612957,6
536,gpt_5_5_xhigh,14.354388429061434,7
537,gemini_3_1_pro_high,69.24349089340413,1
537,claude_fable_5_max,68.5215337081508,2
537,claude_opus_4_8_max,53.9386964502462,3
537,kimi_k3_max,49.9966141124514,4
537,qwen3_8_max,37.55967826430976,5
537,gpt_5_6_sol_max,31.84076802207647,6
537,gpt_5_5_xhigh,19.141789590465237,7
538,qwen3_8_max,91.99008467276849,1
538,gpt_5_5_xhigh,61.39040653382651,2
538,claude_opus_4_8_max,57.62918491093801,3
538,claude_fable_5_max,54.88878210585193,4
538,gpt_5_6_sol_max,49.34787689106888,5
538,gemini_3_1_pro_high,32.85313267013814,6
538,kimi_k3_max,25.25079569967297,7
539,claude_opus_4_8_max,61.533541019159635,1
539,claude_fable_5_max,60.94399569959883,2
539,gpt_5_5_xhigh,53.089245376056525,3
539,kimi_k3_max,39.90858196048086,4
539,qwen3_8_max,31.91610091771205,5
539,gemini_3_1_pro_high,31.664186670176118,6
539,gpt_5_6_sol_max,25.625154019708678,7
540,claude_fable_5_max,95.97085674280014,1
540,gemini_3_1_pro_high,43.039820393176996,2
540,qwen3_8_max,41.127180174501596,3
540,claude_opus_4_8_max,37.71184045200901,4
540,gpt_5_5_xhigh,33.28800791926697,5
540,gpt_5_6_sol_max,32.42155104733497,6
540,kimi_k3_max,16.63086388192452,7
541,claude_fable_5_max,88.76952043189497,1
541,gpt_5_5_xhigh,62.1614602238616,2
541,qwen3_8_max,48.611106804258334,3
541,gpt_5_6_sol_max,44.88938407233014,4
541,claude_opus_4_8_max,35.907028190152474,5
541,gemini_3_1_pro_high,31.665000463005896,6
541,kimi_k3_max,30.347856980887773,7
542,claude_fable_5_max,74.5234534431185,1
542,qwen3_8_max,72.92320947776922,2
542,gpt_5_6_sol_max,61.13677057823685,3
542,gemini_3_1_pro_high,47.9061737295125,4
542,kimi_k3_max,47.06002440174,5
542,claude_opus_4_8_max,34.995014006424014,6
542,gpt_5_5_xhigh,31.371701202867563,7
543,gpt_5_5_xhigh,74.31215447966048,1
543,gemini_3_1_pro_high,70.3496649624058,2
543,claude_opus_4_8_max,58.41778504206851,3
543,claude_fable_5_max,50.02267492176596,4
543,gpt_5_6_sol_max,36.44288723538114,5
543,qwen3_8_max,35.52660372878274,6
543,kimi_k3_max,22.968084983808232,7
544,kimi_k3_max,70.96859177007356,1
544,gpt_5_5_xhigh,55.21160246441001,2
544,claude_fable_5_max,49.78537897306109,3
544,claude_opus_4_8_max,43.97226922718069,4
544,qwen3_8_max,31.760202094645507,5
544,gpt_5_6_sol_max,29.854606210370427,6
544,gemini_3_1_pro_high,24.892458943820117,7
545,gpt_5_5_xhigh,86.05379277051429,1
545,gemini_3_1_pro_high,44.02124215367171,2
545,gpt_5_6_sol_max,39.11768189551717,3
545,claude_opus_4_8_max,31.79773980363343,4
545,qwen3_8_max,20.22845381129575,5
545,claude_fable_5_max,16.154783080809114,6
545,kimi_k3_max,4.195168354579693,7
546,gpt_5_6_sol_max,82.64438726420983,1
546,claude_fable_5_max,75.72769942029822,2
546,gpt_5_5_xhigh,75.6621834688467,3
546,gemini_3_1_pro_high,53.94513448607281,4
546,claude_opus_4_8_max,31.10878896175488,5
546,kimi_k3_max,30.97254503848174,6
546,qwen3_8_max,25.629015414202726,7
547,gemini_3_1_pro_high,67.33235683292722,1
547,gpt_5_6_sol_max,37.59336647445812,2
547,claude_fable_5_max,36.73722429579256,3
547,claude_opus_4_8_max,26.574862672228463,4
547,qwen3_8_max,21.91711749931459,5
547,gpt_5_5_xhigh,18.20217582931529,6
547,kimi_k3_max,17.266697720426254,7
548,kimi_k3_max,68.24762704722207,1
548,claude_opus_4_8_max,60.91273305061604,2
548,claude_fable_5_max,58.792253216640255,3
548,qwen3_8_max,57.04726471475915,4
548,gpt_5_6_sol_max,37.019962667501005,5
548,gemini_3_1_pro_high,30.983264988777414,6
548,gpt_5_5_xhigh,26.957995848205567,7
549,gpt_5_5_xhigh,88.82027695028509,1
549,gemini_3_1_pro_high,80.98931361928963,2
549,claude_fable_5_max,65.6510361828117,3
549,qwen3_8_max,60.864237941336654,4
549,kimi_k3_max,52.75211551150031,5
549,claude_opus_4_8_max,44.07410814748085,6
549,gpt_5_6_sol_max,39.25256504079378,7
550,claude_fable_5_max,80.1887580162927,1
550,gpt_5_6_sol_max,61.30364710333272,2
550,gemini_3_1_pro_high,56.80459470628504,3
550,kimi_k3_max,37.52965036736396,4
550,qwen3_8_max,30.667569350482125,5
550,claude_opus_4_8_max,29.874448356304235,6
550,gpt_5_5_xhigh,18.388088132047777,7
551,gpt_5_5_xhigh,59.33950952287571,1
551,claude_opus_4_8_max,56.04652333885879,2
551,qwen3_8_max,55.49277109068006,3
551,kimi_k3_max,49.249051202637816,4
551,gpt_5_6_sol_max,37.12457880986723,5
551,gemini_3_1_pro_high,29.709255886196978,6
551,claude_fable_5_max,16.909761424454256,7
552,kimi_k3_max,92.82296528939196,1
552,claude_fable_5_max,77.10831767683669,2
552,gpt_5_6_sol_max,73.43876329871449,3
552,qwen3_8_max,63.76024855726506,4
552,gemini_3_1_pro_high,41.604204764630055,5
552,gpt_5_5_xhigh,28.907762571202174,6
552,claude_opus_4_8_max,28.227646812501423,7
553,qwen3_8_max,72.86765749481924,1
553,claude_fable_5_max,66.97657936302025,2
553,gemini_3_1_pro_high,43.11593582699672,3
553,gpt_5_6_sol_max,37.45924689285275,4
553,kimi_k3_max,37.07000989398425,5
553,gpt_5_5_xhigh,34.540312353908945,6
553,claude_opus_4_8_max,34.32928899514815,7
554,claude_fable_5_max,66.20400584406929,1
554,kimi_k3_max,65.0360343073556,2
554,gpt_5_5_xhigh,54.570094984305996,3
554,qwen3_8_max,44.90559631941075,4
554,gpt_5_6_sol_max,41.33362734140338,5
554,claude_opus_4_8_max,24.22000373354258,6
554,gemini_3_1_pro_high,21.703565253944518,7
555,kimi_k3_max,79.38293734844373,1
555,claude_opus_4_8_max,75.08898776299974,2
555,gpt_5_6_sol_max,70.66463511371519,3
555,claude_fable_5_max,55.803390405880556,4
555,qwen3_8_max,55.26117447528972,5
555,gemini_3_1_pro_high,54.54026041181811,6
555,gpt_5_5_xhigh,26.1317828772958,7
556,claude_fable_5_max,93.16648143973372,1
556,gpt_5_5_xhigh,58.94822073269331,2
556,gpt_5_6_sol_max,53.480354472248536,3
556,gemini_3_1_pro_high,42.70998487698708,4
556,qwen3_8_max,40.47353505468858,5
556,kimi_k3_max,37.879657635631915,6
556,claude_opus_4_8_max,32.60597200191066,7
557,qwen3_8_max,85.56095050280362,1
557,gpt_5_5_xhigh,55.812034764551626,2
557,gemini_3_1_pro_high,54.92642004930477,3
557,claude_opus_4_8_max,43.69817760298751,4
557,claude_fable_5_max,40.519951203050425,5
557,kimi_k3_max,38.27478368535262,6
557,gpt_5_6_sol_max,31.52739032706471,7
558,gpt_5_5_xhigh,74.54738934323971,1
558,gemini_3_1_pro_high,70.57891118982084,2
558,qwen3_8_max,58.43666095760894,3
558,kimi_k3_max,40.90823822978366,4
558,claude_opus_4_8_max,35.016523069283494,5
558,gpt_5_6_sol_max,33.31341831186355,6
558,claude_fable_5_max,31.99966899586613,7
559,claude_opus_4_8_max,65.65534794659052,1
559,gpt_5_5_xhigh,58.699466850380716,2
559,kimi_k3_max,56.134433053169644,3
559,gemini_3_1_pro_high,49.442433488963374,4
559,claude_fable_5_max,47.188326250024296,5
559,gpt_5_6_sol_max,37.907936744772876,6
559,qwen3_8_max,31.987768919538222,7
560,gpt_5_6_sol_max,71.04873859811252,1
560,qwen3_8_max,64.65761667216563,2
560,gemini_3_1_pro_high,55.7850357694836,3
560,claude_fable_5_max,52.04626242227584,4
560,kimi_k3_max,50.51097027560638,5
560,claude_opus_4_8_max,30.08314871274264,6
560,gpt_5_5_xhigh,25.237158408110787,7
561,claude_fable_5_max,85.36171501923636,1
561,kimi_k3_max,66.08180807118976,2
561,qwen3_8_max,53.44527301362851,3
561,claude_opus_4_8_max,52.73511698381837,4
561,gpt_5_6_sol_max,42.984322821757985,5
561,gpt_5_5_xhigh,35.820373532413214,6
561,gemini_3_1_pro_high,28.414081129192823,7
562,gpt_5_6_sol_max,86.31086573810707,1
562,gemini_3_1_pro_high,57.136366391323804,2
562,kimi_k3_max,53.07408048804332,3
562,claude_fable_5_max,47.4809745873044,4
562,gpt_5_5_xhigh,31.678754819364283,5
562,qwen3_8_max,29.44506501159561,6
562,claude_opus_4_8_max,28.15397607396177,7
563,claude_fable_5_max,86.82198823958194,1
563,qwen3_8_max,50.861326779450394,2
563,gpt_5_6_sol_max,48.84941835260855,3
563,claude_opus_4_8_max,37.640571419241546,4
563,kimi_k3_max,36.94880930552186,5
563,gpt_5_5_xhigh,30.16903717284675,6
563,gemini_3_1_pro_high,24.524230382746225,7
564,gpt_5_6_sol_max,86.41586399114522,1
564,claude_opus_4_8_max,74.51522406195733,2
564,gemini_3_1_pro_high,49.724421415350804,3
564,qwen3_8_max,42.63262024792275,4
564,gpt_5_5_xhigh,39.30999819830013,5
564,claude_fable_5_max,21.582372769710368,6
564,kimi_k3_max,16.303064601489428,7
565,claude_opus_4_8_max,80.5452022065876,1
565,kimi_k3_max,69.60670142840192,2
565,gpt_5_6_sol_max,68.87645919251926,3
565,claude_fable_5_max,49.176909100778644,4
565,gemini_3_1_pro_high,37.43215716943246,5
565,gpt_5_5_xhigh,31.26356162471081,6
565,qwen3_8_max,22.594813013629985,7
566,kimi_k3_max,64.92535005414372,1
566,claude_opus_4_8_max,62.962561903908025,2
566,gpt_5_6_sol_max,62.74531202352756,3
566,qwen3_8_max,57.92107723473247,4
566,gemini_3_1_pro_high,50.44339653034203,5
566,claude_fable_5_max,36.57367766846322,6
566,gpt_5_5_xhigh,32.73288153238944,7
567,kimi_k3_max,89.23159878488356,1
567,gpt_5_6_sol_max,52.44732127077928,2
567,qwen3_8_max,52.01603656737522,3
567,claude_fable_5_max,43.869410710044555,4
567,gemini_3_1_pro_high,31.020587207391134,5
567,claude_opus_4_8_max,26.095454152782427,6
567,gpt_5_5_xhigh,24.710243538342347,7
568,gpt_5_6_sol_max,92.31972279905835,1
568,gemini_3_1_pro_high,77.67772215348194,2
568,claude_opus_4_8_max,60.59406662894736,3
568,qwen3_8_max,58.49386657624899,4
568,kimi_k3_max,49.119542792134524,5
568,gpt_5_5_xhigh,43.91561367346144,6
568,claude_fable_5_max,37.795600614538095,7
569,claude_opus_4_8_max,75.18250237801671,1
569,kimi_k3_max,63.22679332904987,2
569,qwen3_8_max,61.20160423071501,3
569,gpt_5_5_xhigh,39.00273052570678,4
569,claude_fable_5_max,21.407195990839853,5
569,gpt_5_6_sol_max,20.395096562404614,6
569,gemini_3_1_pro_high,18.306120962173722,7
570,claude_fable_5_max,89.75111593512297,1
570,gpt_5_5_xhigh,87.33217529797729,2
570,gemini_3_1_pro_high,82.00393556491497,3
570,claude_opus_4_8_max,71.43816348659831,4
570,gpt_5_6_sol_max,47.74186641485235,5
570,qwen3_8_max,39.77444887141074,6
570,kimi_k3_max,30.585143538565852,7
571,kimi_k3_max,94.38912500095772,1
571,gpt_5_6_sol_max,92.44726371704115,2
571,qwen3_8_max,65.68950280245676,3
571,gemini_3_1_pro_high,60.839508076101914,4
571,gpt_5_5_xhigh,57.995723416146575,5
571,claude_fable_5_max,46.42497087542711,6
571,claude_opus_4_8_max,31.675144329628264,7
572,qwen3_8_max,75.80809994221471,1
572,claude_fable_5_max,71.0361437672824,2
572,gpt_5_6_sol_max,61.24793595284507,3
572,kimi_k3_max,56.92364489540637,4
572,gpt_5_5_xhigh,46.03170325235836,5
572,claude_opus_4_8_max,44.404712251960646,6
572,gemini_3_1_pro_high,12.228199332662642,7
573,gpt_5_6_sol_max,92.07665302695104,1
573,claude_fable_5_max,63.47687827939587,2
573,qwen3_8_max,56.7895825677665,3
573,claude_opus_4_8_max,44.61436061037748,4
573,gemini_3_1_pro_high,44.53766911207077,5
573,kimi_k3_max,20.350555150134248,6
573,gpt_5_5_xhigh,19.714873685831034,7
574,gemini_3_1_pro_high,51.82464885771251,1
574,claude_opus_4_8_max,46.883432128356816,2
574,gpt_5_6_sol_max,45.458094966879536,3
574,kimi_k3_max,44.48386384225702,4
574,claude_fable_5_max,41.941338428989,5
574,qwen3_8_max,39.528517950884876,6
574,gpt_5_5_xhigh,23.196402652563485,7
575,kimi_k3_max,83.35680789649257,1
575,gpt_5_6_sol_max,56.147467826969745,2
575,qwen3_8_max,55.87855081836312,3
575,claude_fable_5_max,54.19165788568057,4
575,gemini_3_1_pro_high,46.13181947259466,5
575,claude_opus_4_8_max,40.54538855873256,6
575,gpt_5_5_xhigh,28.152604121034244,7
576,gpt_5_5_xhigh,82.97432007486331,1
576,claude_opus_4_8_max,63.1867229013268,2
576,qwen3_8_max,46.84503264217242,3
576,gemini_3_1_pro_high,39.21470849049166,4
576,claude_fable_5_max,27.98998836128286,5
576,kimi_k3_max,17.920909815511145,6
576,gpt_5_6_sol_max,15.069551005872425,7
577,gpt_5_6_sol_max,81.02323870684488,1
577,kimi_k3_max,46.314287160479346,2
577,qwen3_8_max,37.516706005757015,3
577,gemini_3_1_pro_high,25.69900681821385,4
577,claude_fable_5_max,20.763546257860906,5
577,gpt_5_5_xhigh,20.13301389361588,6
577,claude_opus_4_8_max,17.578150873750825,7
578,claude_opus_4_8_max,78.57857111654863,1
578,gemini_3_1_pro_high,68.99089999339029,2
578,gpt_5_6_sol_max,66.8824935213081,3
578,claude_fable_5_max,51.4423066947774,4
578,kimi_k3_max,39.69664027728914,5
578,gpt_5_5_xhigh,32.71553482373779,6
578,qwen3_8_max,13.904848035660272,7
579,kimi_k3_max,83.03961412546194,1
579,gpt_5_6_sol_max,70.88326636757327,2
579,gemini_3_1_pro_high,63.39606244417614,3
579,qwen3_8_max,57.6485259186646,4
579,claude_opus_4_8_max,50.74892441635755,5
579,gpt_5_5_xhigh,32.12992999151284,6
579,claude_fable_5_max,10.406635664099053,7
580,qwen3_8_max,77.58507229009987,1
580,gpt_5_6_sol_max,74.85864413541228,2
580,claude_opus_4_8_max,59.29560679860166,3
580,gemini_3_1_pro_high,50.47268603547389,4
580,gpt_5_5_xhigh,45.64072818723832,5
580,claude_fable_5_max,36.10807318729862,6
580,kimi_k3_max,21.035284088470107,7
581,gpt_5_5_xhigh,78.50765499825745,1
581,gpt_5_6_sol_max,54.60870232081733,2
581,kimi_k3_max,47.545216597617824,3
581,claude_opus_4_8_max,36.208081825067204,4
581,claude_fable_5_max,32.808664223603785,5
581,qwen3_8_max,22.648526147356,6
581,gemini_3_1_pro_high,5.220550913357799,7
582,gpt_5_6_sol_max,77.69578413830021,1
582,kimi_k3_max,62.5829815010587,2
582,claude_fable_5_max,47.3724390122572,3
582,gemini_3_1_pro_high,45.18136884500082,4
582,gpt_5_5_xhigh,40.25827609593015,5
582,claude_opus_4_8_max,38.895750919877145,6
582,qwen3_8_max,20.838471475124926,7
583,gpt_5_6_sol_max,68.37812637651808,1
583,gpt_5_5_xhigh,55.55282237719884,2
583,qwen3_8_max,48.35025628161736,3
583,kimi_k3_max,41.865924207580974,4
583,claude_fable_5_max,39.610105017763125,5
583,gemini_3_1_pro_high,39.45293589929402,6
583,claude_opus_4_8_max,38.69517826088995,7
584,claude_fable_5_max,93.45217484877719,1
584,gpt_5_6_sol_max,45.67213075629361,2
584,gpt_5_5_xhigh,42.78265092253622,3
584,kimi_k3_max,33.43102745481087,4
584,qwen3_8_max,28.23894322556049,5
584,gemini_3_1_pro_high,26.8434207339589,6
584,claude_opus_4_8_max,19.118759564183026,7
585,claude_opus_4_8_max,65.92097300179523,1
585,gpt_5_6_sol_max,63.72918736786848,2
585,qwen3_8_max,58.54403232757421,3
585,gemini_3_1_pro_high,53.573932173176,4
585,gpt_5_5_xhigh,50.42600820146579,5
585,claude_fable_5_max,44.58615400435152,6
585,kimi_k3_max,34.98566984524107,7
586,claude_fable_5_max,94.51993635534424,1
586,gpt_5_6_sol_max,76.350384506645,2
586,gpt_5_5_xhigh,71.59901750735062,3
586,qwen3_8_max,45.54665678575523,4
586,gemini_3_1_pro_high,38.63232688678016,5
586,kimi_k3_max,23.9205529607009,6
586,claude_opus_4_8_max,21.90784140606345,7
587,gemini_3_1_pro_high,93.53851537477956,1
587,gpt_5_6_sol_max,73.37506223790936,2
587,gpt_5_5_xhigh,60.57220058661649,3
587,kimi_k3_max,56.26364135400219,4
587,qwen3_8_max,46.494064762701385,5
587,claude_fable_5_max,42.25299953852353,6
587,claude_opus_4_8_max,36.08841664463469,7
588,claude_fable_5_max,65.04026867112051,1
588,qwen3_8_max,52.70993302008479,2
588,gemini_3_1_pro_high,44.176463186015454,3
588,kimi_k3_max,44.11546466182085,4
588,gpt_5_5_xhigh,41.937408590465566,5
588,claude_opus_4_8_max,25.35599799741597,6
588,gpt_5_6_sol_max,23.547870579018266,7
589,gemini_3_1_pro_high,88.97018158782132,1
589,kimi_k3_max,76.13359567966185,2
589,gpt_5_5_xhigh,64.69634570406002,3
589,qwen3_8_max,53.52700673429226,4
589,gpt_5_6_sol_max,37.5211895279589,5
589,claude_opus_4_8_max,26.075562910739112,6
589,claude_fable_5_max,17.754642921333794,7
590,gpt_5_6_sol_max,64.21062328700924,1
590,qwen3_8_max,59.437754967577845,2
590,gpt_5_5_xhigh,44.2862579196058,3
590,kimi_k3_max,43.91808648187583,4
590,claude_fable_5_max,40.19303137625674,5
590,gemini_3_1_pro_high,39.14186401927315,6
590,claude_opus_4_8_max,38.79359577466549,7
591,gpt_5_6_sol_max,78.557914885999,1
591,gemini_3_1_pro_high,47.94765139886946,2
591,claude_fable_5_max,40.40972440237678,3
591,qwen3_8_max,36.001855945608646,4
591,kimi_k3_max,29.57164935684601,5
591,gpt_5_5_xhigh,26.5036756327667,6
591,claude_opus_4_8_max,21.939908378711355,7
592,claude_opus_4_8_max,72.84489994728378,1
592,claude_fable_5_max,68.09343210303277,2
592,gemini_3_1_pro_high,66.69383073620895,3
592,gpt_5_5_xhigh,44.214345416658276,4
592,kimi_k3_max,38.99604968374017,5
592,gpt_5_6_sol_max,37.26293491668567,6
592,qwen3_8_max,27.693141750919168,7
593,gpt_5_6_sol_max,88.00420544617593,1
593,gemini_3_1_pro_high,63.00886724804201,2
593,claude_fable_5_max,42.58389063077392,3
593,kimi_k3_max,33.37937711367462,4
593,claude_opus_4_8_max,33.02776167393388,5
593,qwen3_8_max,27.380618964908443,6
593,gpt_5_5_xhigh,20.92320317998177,7
594,gemini_3_1_pro_high,88.63530893840522,1
594,qwen3_8_max,84.30776924308753,2
594,gpt_5_6_sol_max,78.72067023602199,3
594,kimi_k3_max,54.891792022862,4
594,claude_fable_5_max,50.2163294939163,5
594,gpt_5_5_xhigh,49.40476307182809,6
594,claude_opus_4_8_max,34.355595293228056,7
595,gpt_5_6_sol_max,82.72465642402501,1
595,claude_fable_5_max,52.00650394910118,2
595,gpt_5_5_xhigh,50.608984747915535,3
595,kimi_k3_max,49.063441968415866,4
595,gemini_3_1_pro_high,40.861186157294526,5
595,qwen3_8_max,23.69985067132763,6
595,claude_opus_4_8_max,21.315380480265812,7
596,kimi_k3_max,75.61419874845144,1
596,gemini_3_1_pro_high,71.94786179958959,2
596,claude_fable_5_max,71.27324204775289,3
596,gpt_5_5_xhigh,58.449475138299675,4
596,claude_opus_4_8_max,47.5502141766217,5
596,qwen3_8_max,43.60891435513071,6
596,gpt_5_6_sol_max,37.148921156111335,7
597,claude_opus_4_8_max,68.71597101071058,1
597,gpt_5_6_sol_max,55.35141618092412,2
597,gpt_5_5_xhigh,43.90316399450423,3
597,claude_fable_5_max,42.240124975591854,4
597,qwen3_8_max,34.03264478835456,5
597,gemini_3_1_pro_high,31.834170764137987,6
597,kimi_k3_max,30.19090830688111,7
598,gpt_5_5_xhigh,60.445052002218034,1
598,gpt_5_6_sol_max,53.47244774037739,2
598,kimi_k3_max,50.847228508563596,3
598,gemini_3_1_pro_high,37.918173174011,4
598,claude_opus_4_8_max,34.569381221834774,5
598,qwen3_8_max,29.879153057374563,6
598,claude_fable_5_max,20.665123820727445,7
599,kimi_k3_max,83.05248418237389,1
599,claude_fable_5_max,74.2789718670816,2
599,gemini_3_1_pro_high,60.935657946576924,3
599,gpt_5_6_sol_max,60.36890002123776,4
599,gpt_5_5_xhigh,45.34244830808895,5
599,qwen3_8_max,39.50464328010411,6
599,claude_opus_4_8_max,32.344589217475615,7
600,gpt_5_6_sol_max,84.41944332934837,1
600,gemini_3_1_pro_high,64.53156588523746,2
600,qwen3_8_max,47.1633505360568,3
600,claude_fable_5_max,42.299846936870665,4
600,kimi_k3_max,41.561337985864256,5
600,claude_opus_4_8_max,34.32755272574057,6
600,gpt_5_5_xhigh,17.635623668418994,7
601,gpt_5_6_sol_max,75.05396879611935,1
601,gemini_3_1_pro_high,62.199416440329976,2
601,qwen3_8_max,58.697850386632396,3
601,claude_opus_4_8_max,52.553735011221946,4
601,kimi_k3_max,43.70668985666222,5
601,claude_fable_5_max,31.971308143795905,6
601,gpt_5_5_xhigh,26.01695450071333,7
602,gemini_3_1_pro_high,76.22402318514375,1
602,claude_opus_4_8_max,73.5795587735122,2
602,kimi_k3_max,59.433228087671964,3
602,qwen3_8_max,59.02042736278703,4
602,gpt_5_6_sol_max,56.08415767193529,5
602,claude_fable_5_max,49.130617956948896,6
602,gpt_5_5_xhigh,43.474038655885494,7
603,claude_opus_4_8_max,80.43849071517337,1
603,gpt_5_5_xhigh,72.41582234567808,2
603,gpt_5_6_sol_max,64.72921868564931,3
603,gemini_3_1_pro_high,44.02017995297847,4
603,qwen3_8_max,40.96403694921904,5
603,claude_fable_5_max,32.83664678496691,6
603,kimi_k3_max,16.125017692567567,7
604,claude_opus_4_8_max,63.13730054251552,1
604,claude_fable_5_max,49.73210923635261,2
604,gpt_5_6_sol_max,47.78028041716282,3
604,gemini_3_1_pro_high,46.600084789814346,4
604,gpt_5_5_xhigh,43.008225544065574,5
604,qwen3_8_max,34.40952911711636,6
604,kimi_k3_max,24.953018226253995,7
605,gpt_5_5_xhigh,78.2744393634763,1
605,claude_opus_4_8_max,78.20106086269593,2
605,claude_fable_5_max,67.72205977734788,3
605,qwen3_8_max,44.60990206312558,4
605,gpt_5_6_sol_max,23.401241330592974,5
605,gemini_3_1_pro_high,21.99945222330237,6
605,kimi_k3_max,16.792097810335587,7
606,kimi_k3_max,67.79167467747398,1
606,qwen3_8_max,66.52531539650182,2
606,gpt_5_6_sol_max,59.13342952314207,3
606,gemini_3_1_pro_high,46.44463044959322,4
606,claude_fable_5_max,42.34364555190612,5
606,claude_opus_4_8_max,41.23141434621597,6
606,gpt_5_5_xhigh,30.700469139209904,7
607,gpt_5_5_xhigh,82.60197434452098,1
607,claude_opus_4_8_max,68.05140835532887,2
607,qwen3_8_max,49.079280288294385,3
607,kimi_k3_max,27.74767634107638,4
607,gpt_5_6_sol_max,24.13794074067626,5
607,gemini_3_1_pro_high,17.05978846123881,6
607,claude_fable_5_max,8.17750404340158,7
608,qwen3_8_max,71.51899099174507,1
608,gpt_5_5_xhigh,65.18049294840085,2
608,claude_opus_4_8_max,61.000751660792695,3
608,gpt_5_6_sol_max,56.999686436462966,4
608,gemini_3_1_pro_high,44.076130433155555,5
608,kimi_k3_max,29.384944435002446,6
608,claude_fable_5_max,20.205540933956453,7
609,claude_fable_5_max,79.74697559221127,1
609,gpt_5_6_sol_max,58.335922826860546,2
609,gpt_5_5_xhigh,57.496055978130364,3
609,qwen3_8_max,56.5208584025313,4
609,kimi_k3_max,36.99499645774671,5
609,claude_opus_4_8_max,30.559243545079326,6
609,gemini_3_1_pro_high,24.15130660190507,7
610,claude_opus_4_8_max,78.02827064703118,1
610,gpt_5_5_xhigh,65.10197572054466,2
610,kimi_k3_max,62.19726798267418,3
610,qwen3_8_max,41.03569428939067,4
610,gpt_5_6_sol_max,22.413830852884153,5
610,claude_fable_5_max,20.150589618930553,6
610,gemini_3_1_pro_high,14.522825991419172,7
611,claude_opus_4_8_max,74.59625990404935,1
611,qwen3_8_max,72.09146318245722,2
611,kimi_k3_max,68.729334132054,3
611,gemini_3_1_pro_high,43.311615913504255,4
611,gpt_5_6_sol_max,38.295041516289686,5
611,gpt_5_5_xhigh,35.17736459231594,6
611,claude_fable_5_max,28.07672745857962,7
612,gpt_5_6_sol_max,80.19950817982925,1
612,qwen3_8_max,74.5994675406745,2
612,claude_fable_5_max,65.060824701183,3
612,gpt_5_5_xhigh,58.301933074392956,4
612,kimi_k3_max,45.37482818433507,5
612,claude_opus_4_8_max,34.90427006106867,6
612,gemini_3_1_pro_high,34.537243394743015,7
613,qwen3_8_max,66.2334888983462,1
613,claude_opus_4_8_max,60.818453543785395,2
613,gemini_3_1_pro_high,56.45137761880846,3
613,gpt_5_6_sol_max,45.76912275314152,4
613,kimi_k3_max,31.93174209654691,5
613,gpt_5_5_xhigh,28.123249325713974,6
613,claude_fable_5_max,17.3496246412828,7
614,gemini_3_1_pro_high,81.55357833992032,1
614,qwen3_8_max,77.05405136178177,2
614,kimi_k3_max,53.58522989481895,3
614,claude_opus_4_8_max,52.58463006993071,4
614,claude_fable_5_max,41.29035330786205,5
614,gpt_5_6_sol_max,35.18433269487076,6
614,gpt_5_5_xhigh,25.94150455542477,7
615,qwen3_8_max,81.80289712313633,1
615,claude_fable_5_max,75.14134424217369,2
615,claude_opus_4_8_max,73.09829883472617,3
615,gemini_3_1_pro_high,57.14540562685088,4
615,kimi_k3_max,41.59485036106638,5
615,gpt_5_6_sol_max,40.06611544621032,6
615,gpt_5_5_xhigh,36.3787818636506,7
616,kimi_k3_max,72.39689930582901,1
616,claude_opus_4_8_max,66.51386460966307,2
616,claude_fable_5_max,47.285273296211564,3
616,qwen3_8_max,41.478955249769626,4
616,gpt_5_6_sol_max,41.349925778357026,5
616,gpt_5_5_xhigh,39.95081542955769,6
616,gemini_3_1_pro_high,33.929181113731005,7
617,claude_fable_5_max,82.06994797543643,1
617,kimi_k3_max,81.63163653582652,2
617,qwen3_8_max,54.44124677375175,3
617,gemini_3_1_pro_high,47.37012459740441,4
617,gpt_5_5_xhigh,45.40794935215778,5
617,gpt_5_6_sol_max,28.175500188650744,6
617,claude_opus_4_8_max,25.429791467355965,7
618,kimi_k3_max,85.49798115205746,1
618,claude_opus_4_8_max,76.220703030516,2
618,qwen3_8_max,63.10645877557472,3
618,gpt_5_6_sol_max,51.02524425207794,4
618,gemini_3_1_pro_high,33.80462085567068,5
618,gpt_5_5_xhigh,33.55947473050872,6
618,claude_fable_5_max,33.539435458245535,7
619,gpt_5_6_sol_max,88.66289504329671,1
619,qwen3_8_max,52.77047944447144,2
619,claude_fable_5_max,38.14302302557796,3
619,gemini_3_1_pro_high,38.13845963690701,4
619,claude_opus_4_8_max,35.77131387447505,5
619,gpt_5_5_xhigh,33.91802620696519,6
619,kimi_k3_max,29.993605088060733,7
620,claude_fable_5_max,76.57002636723976,1
620,gpt_5_6_sol_max,60.98994258051447,2
620,kimi_k3_max,46.68320807043317,3
620,qwen3_8_max,43.503107733464134,4
620,claude_opus_4_8_max,42.89998895277374,5
620,gemini_3_1_pro_high,37.162271113337106,6
620,gpt_5_5_xhigh,32.945344954877626,7
621,kimi_k3_max,72.54723383610428,1
621,gpt_5_5_xhigh,69.59678931628402,2
621,gpt_5_6_sol_max,40.658470698247925,3
621,claude_opus_4_8_max,36.651548200757944,4
621,claude_fable_5_max,33.67462033448969,5
621,gemini_3_1_pro_high,30.053744553948455,6
621,qwen3_8_max,22.01034731953873,7
622,qwen3_8_max,77.8754222038525,1
622,gpt_5_6_sol_max,74.08568098946266,2
622,kimi_k3_max,61.75754642124612,3
622,gemini_3_1_pro_high,52.577233903056054,4
622,claude_opus_4_8_max,52.23817663874245,5
622,claude_fable_5_max,25.7505750432917,6
622,gpt_5_5_xhigh,23.610401578704156,7
623,gpt_5_5_xhigh,71.57114242553607,1
623,kimi_k3_max,62.9200244038576,2
623,claude_opus_4_8_max,54.17566817607258,3
623,qwen3_8_max,30.210106932380953,4
623,claude_fable_5_max,30.02692352948815,5
623,gemini_3_1_pro_high,29.60791137106971,6
623,gpt_5_6_sol_max,11.60120231789402,7
624,gpt_5_6_sol_max,81.37040466471134,1
624,claude_fable_5_max,60.6270499560848,2
624,kimi_k3_max,60.27726516074613,3
624,qwen3_8_max,51.84559655507552,4
624,gemini_3_1_pro_high,32.21229509344981,5
624,claude_opus_4_8_max,29.729263689211063,6
624,gpt_5_5_xhigh,24.877925598027826,7
625,gpt_5_6_sol_max,87.4172483886872,1
625,gpt_5_5_xhigh,63.135832907509055,2
625,claude_opus_4_8_max,55.37534668036652,3
625,claude_fable_5_max,48.856500113237715,4
625,qwen3_8_max,31.83950216544607,5
625,gemini_3_1_pro_high,31.359455804111356,6
625,kimi_k3_max,19.556810412855885,7
626,claude_fable_5_max,51.65054661229274,1
626,qwen3_8_max,50.79697507350215,2
626,gpt_5_6_sol_max,49.17922688208893,3
626,gpt_5_5_xhigh,42.728127045961344,4
626,claude_opus_4_8_max,38.084882176641216,5
626,kimi_k3_max,29.053834169715664,6
626,gemini_3_1_pro_high,20.16302918349682,7
627,claude_opus_4_8_max,72.53530636683351,1
627,gemini_3_1_pro_high,50.9843896149996,2
627,gpt_5_6_sol_max,40.3906686791478,3
627,claude_fable_5_max,39.10072241933747,4
627,qwen3_8_max,38.6351914004115,5
627,gpt_5_5_xhigh,32.66373772633794,6
627,kimi_k3_max,21.046209685794725,7
628,qwen3_8_max,78.4122033644307,1
628,claude_fable_5_max,69.76339059041558,2
628,gpt_5_5_xhigh,65.55432359342231,3
628,gemini_3_1_pro_high,53.953249401887696,4
628,kimi_k3_max,47.2124409640261,5
628,claude_opus_4_8_max,40.09226620604811,6
628,gpt_5_6_sol_max,27.923230091180294,7
629,claude_fable_5_max,67.16203927560716,1
629,gpt_5_5_xhigh,57.033475795150565,2
629,qwen3_8_max,52.812332042565345,3
629,gemini_3_1_pro_high,49.91629853409028,4
629,kimi_k3_max,47.08594586215137,5
629,claude_opus_4_8_max,45.506058228496165,6
629,gpt_5_6_sol_max,22.18817090281293,7
630,gpt_5_5_xhigh,80.137722121726,1
630,claude_opus_4_8_max,66.34768125570307,2
630,gemini_3_1_pro_high,51.85041982799945,3
630,qwen3_8_max,49.00454161164107,4
630,gpt_5_6_sol_max,46.92539374306032,5
630,claude_fable_5_max,38.21457378510978,6
630,kimi_k3_max,15.08283475564702,7
631,gpt_5_6_sol_max,68.28722423722664,1
631,kimi_k3_max,61.16012656096412,2
631,gpt_5_5_xhigh,58.694437088584564,3
631,qwen3_8_max,51.37559314169525,4
631,claude_opus_4_8_max,45.838700232853874,5
631,gemini_3_1_pro_high,44.22431026060332,6
631,claude_fable_5_max,24.650527609437795,7
632,gpt_5_6_sol_max,78.88098322762625,1
632,claude_fable_5_max,60.460799096490675,2
632,kimi_k3_max,58.49555434733618,3
632,gpt_5_5_xhigh,53.2823110702629,4
632,qwen3_8_max,53.210456073432,5
632,claude_opus_4_8_max,44.66908290603062,6
632,gemini_3_1_pro_high,32.17297958266268,7
633,gpt_5_6_sol_max,89.737547445321,1
633,kimi_k3_max,41.86675419150797,2
633,gpt_5_5_xhigh,39.307339147204345,3
633,qwen3_8_max,35.27358237939182,4
633,claude_opus_4_8_max,34.313605224457035,5
633,claude_fable_5_max,13.821215884926486,6
633,gemini_3_1_pro_high,12.840782323594379,7
634,gpt_5_6_sol_max,83.9594483317224,1
634,qwen3_8_max,64.17297177151666,2
634,gpt_5_5_xhigh,61.66492835377288,3
634,gemini_3_1_pro_high,54.66663991791607,4
634,claude_opus_4_8_max,33.0102722661172,5
634,claude_fable_5_max,31.795724252604707,6
634,kimi_k3_max,27.880502604588692,7
635,claude_opus_4_8_max,71.85697031505335,1
635,gpt_5_5_xhigh,53.34746534671068,2
635,gpt_5_6_sol_max,51.38523407527896,3
635,kimi_k3_max,36.66435412066978,4
635,gemini_3_1_pro_high,23.607132923060092,5
635,claude_fable_5_max,22.15264072376586,6
635,qwen3_8_max,20.93545859922209,7
636,kimi_k3_max,70.46574156840512,1
636,gemini_3_1_pro_high,62.63032460270343,2
636,qwen3_8_max,56.03037144863794,3
636,claude_fable_5_max,47.893209004501,4
636,claude_opus_4_8_max,44.02556881784926,5
636,gpt_5_5_xhigh,23.08865554538207,6
636,gpt_5_6_sol_max,12.674084106199208,7
637,claude_opus_4_8_max,71.92214401119472,1
637,qwen3_8_max,68.34643842718278,2
637,claude_fable_5_max,65.48613286223936,3
637,gemini_3_1_pro_high,46.26497942313778,4
637,gpt_5_6_sol_max,41.023349268558135,5
637,kimi_k3_max,39.19556569179208,6
637,gpt_5_5_xhigh,27.535781702935406,7
638,gpt_5_5_xhigh,73.76510589593107,1
638,gemini_3_1_pro_high,55.322441564433795,2
638,kimi_k3_max,50.060311843184856,3
638,claude_fable_5_max,45.30287261072994,4
638,qwen3_8_max,35.4165910830077,5
638,gpt_5_6_sol_max,21.73412712449348,6
638,claude_opus_4_8_max,17.995022809338934,7
639,gpt_5_6_sol_max,78.32624815105517,1
639,claude_fable_5_max,75.55078953169175,2
639,gemini_3_1_pro_high,60.40977304122184,3
639,claude_opus_4_8_max,56.66892154290873,4
639,kimi_k3_max,49.5794511247697,5
639,qwen3_8_max,48.17987440599074,6
639,gpt_5_5_xhigh,26.492019771163168,7
640,qwen3_8_max,63.36025719241746,1
640,gpt_5_6_sol_max,53.38099629016271,2
640,kimi_k3_max,47.317450681276156,3
640,claude_fable_5_max,46.1635685670003,4
640,gemini_3_1_pro_high,33.732746537255935,5
640,gpt_5_5_xhigh,31.235528956940016,6
640,claude_opus_4_8_max,27.488719330231667,7
641,qwen3_8_max,81.29027617638542,1
641,kimi_k3_max,79.95077478978038,2
641,gemini_3_1_pro_high,73.6861819169951,3
641,gpt_5_6_sol_max,68.1207440743469,4
641,claude_fable_5_max,54.891717808714645,5
641,claude_opus_4_8_max,49.03185590428462,6
641,gpt_5_5_xhigh,36.04867705279009,7
642,gpt_5_6_sol_max,75.91316645789362,1
642,gemini_3_1_pro_high,64.52267597046844,2
642,qwen3_8_max,61.89385895898505,3
642,kimi_k3_max,52.01608706302547,4
642,claude_fable_5_max,47.346243809911954,5
642,claude_opus_4_8_max,29.036338906525796,6
642,gpt_5_5_xhigh,19.95107914872086,7
643,claude_opus_4_8_max,67.1673276453732,1
643,qwen3_8_max,60.72330981732491,2
643,gpt_5_6_sol_max,48.15283993935233,3
643,gemini_3_1_pro_high,46.95424967600671,4
643,claude_fable_5_max,39.18567169917224,5
643,gpt_5_5_xhigh,30.185480402160483,6
643,kimi_k3_max,21.03105197369686,7
644,gemini_3_1_pro_high,74.91337860682287,1
644,claude_fable_5_max,67.0408089577336,2
644,gpt_5_6_sol_max,52.02477531656865,3
644,gpt_5_5_xhigh,47.30311511686235,4
644,claude_opus_4_8_max,43.37675025802547,5
644,qwen3_8_max,41.07484639691121,6
644,kimi_k3_max,35.111265273520345,7
645,claude_fable_5_max,79.85963446021591,1
645,gpt_5_6_sol_max,57.64151385212773,2
645,claude_opus_4_8_max,47.29627870212701,3
645,kimi_k3_max,34.04960957914077,4
645,gpt_5_5_xhigh,26.89018103103358,5
645,gemini_3_1_pro_high,23.425089222853195,6
645,qwen3_8_max,20.904864752514,7
646,kimi_k3_max,68.6391007463056,1
646,gpt_5_6_sol_max,67.08395169553253,2
646,qwen3_8_max,45.405757950478844,3
646,gpt_5_5_xhigh,41.95347736849277,4
646,gemini_3_1_pro_high,39.59974338486733,5
646,claude_opus_4_8_max,34.65799347530327,6
646,claude_fable_5_max,17.624919485586503,7
647,claude_fable_5_max,72.9015058727091,1
647,gpt_5_6_sol_max,61.974121086602025,2
647,gpt_5_5_xhigh,61.824701203921094,3
647,qwen3_8_max,59.86142035606753,4
647,gemini_3_1_pro_high,46.16020451252099,5
647,kimi_k3_max,36.73976202959399,6
647,claude_opus_4_8_max,21.42568345766258,7
648,gpt_5_6_sol_max,60.48640773303762,1
648,kimi_k3_max,56.925515193819734,2
648,claude_fable_5_max,52.78486036007587,3
648,gemini_3_1_pro_high,50.15988013200699,4
648,gpt_5_5_xhigh,43.80538288206184,5
648,claude_opus_4_8_max,30.26946843857129,6
648,qwen3_8_max,28.216953690176197,7
649,gpt_5_5_xhigh,63.618716076519,1
649,kimi_k3_max,40.46155567948996,2
649,qwen3_8_max,38.224516371163375,3
649,claude_fable_5_max,35.142237892649604,4
649,gpt_5_6_sol_max,32.252991279663654,5
649,claude_opus_4_8_max,25.558315260707094,6
649,gemini_3_1_pro_high,6.188439124373348,7
650,claude_fable_5_max,72.80927397803404,1
650,qwen3_8_max,72.59781599052062,2
650,kimi_k3_max,64.21372270869213,3
650,gpt_5_6_sol_max,60.66850940993105,4
650,gpt_5_5_xhigh,55.791213678474286,5
650,claude_opus_4_8_max,30.945236493465163,6
650,gemini_3_1_pro_high,20.60320118052761,7
651,claude_fable_5_max,81.60819497214234,1
651,claude_opus_4_8_max,77.79989656181206,2
651,gpt_5_5_xhigh,69.37062622205079,3
651,qwen3_8_max,60.79384937729374,4
651,gpt_5_6_sol_max,51.079655181455635,5
651,gemini_3_1_pro_high,43.55393126173948,6
651,kimi_k3_max,29.095514793709242,7
652,claude_fable_5_max,87.2532419697672,1
652,gemini_3_1_pro_high,81.31500049024419,2
652,claude_opus_4_8_max,60.62113431181613,3
652,gpt_5_6_sol_max,57.70536988660936,4
652,qwen3_8_max,40.623805363771694,5
652,gpt_5_5_xhigh,36.34281701513908,6
652,kimi_k3_max,19.319632484722266,7
653,gpt_5_6_sol_max,75.03590268498158,1
653,gemini_3_1_pro_high,63.347839491122215,2
653,qwen3_8_max,45.73190667462176,3
653,claude_fable_5_max,34.933300841325305,4
653,kimi_k3_max,29.30821993382937,5
653,claude_opus_4_8_max,29.24012037646271,6
653,gpt_5_5_xhigh,26.600184821201942,7
654,claude_opus_4_8_max,59.04437452623783,1
654,gemini_3_1_pro_high,57.47868403022294,2
654,gpt_5_6_sol_max,56.51176752781301,3
654,claude_fable_5_max,54.817579275654715,4
654,qwen3_8_max,48.7842329532328,5
654,kimi_k3_max,23.465553085342016,6
654,gpt_5_5_xhigh,9.640236083151477,7
655,kimi_k3_max,78.54687043021103,1
655,gpt_5_6_sol_max,77.27776470678987,2
655,gpt_5_5_xhigh,70.51958634527274,3
655,qwen3_8_max,69.0068530769642,4
655,gemini_3_1_pro_high,42.74596867532003,5
655,claude_fable_5_max,39.54725215863168,6
655,claude_opus_4_8_max,36.88316424231819,7
656,gpt_5_6_sol_max,61.56664068340319,1
656,claude_opus_4_8_max,57.046049229405696,2
656,gemini_3_1_pro_high,54.011876124697785,3
656,claude_fable_5_max,41.675399886490254,4
656,gpt_5_5_xhigh,36.86156834855125,5
656,kimi_k3_max,24.050306881560893,6
656,qwen3_8_max,19.655716993257116,7
657,kimi_k3_max,67.94045860826705,1
657,qwen3_8_max,61.65396214155078,2
657,gpt_5_6_sol_max,59.04719790385285,3
657,gemini_3_1_pro_high,52.047541076728905,4
657,gpt_5_5_xhigh,40.90984008304482,5
657,claude_fable_5_max,37.92236453985066,6
657,claude_opus_4_8_max,34.63020258995733,7
658,gpt_5_6_sol_max,85.91965376784697,1
658,kimi_k3_max,57.44183439390014,2
658,qwen3_8_max,51.163456090915645,3
658,claude_opus_4_8_max,48.15096079089379,4
658,gemini_3_1_pro_high,46.18428336951857,5
658,gpt_5_5_xhigh,34.63448403651088,6
658,claude_fable_5_max,16.478750328702745,7
659,gpt_5_5_xhigh,71.01553361547613,1
659,claude_fable_5_max,66.95118268557403,2
659,gpt_5_6_sol_max,59.0092333588995,3
659,kimi_k3_max,53.2798219765825,4
659,qwen3_8_max,38.587960763380394,5
659,claude_opus_4_8_max,34.599540247512415,6
659,gemini_3_1_pro_high,25.24065158515848,7
660,kimi_k3_max,80.76092715039229,1
660,qwen3_8_max,54.722113861529735,2
660,claude_opus_4_8_max,51.70463783921985,3
660,gpt_5_6_sol_max,48.531209816498055,4
660,gpt_5_5_xhigh,42.5754914142028,5
660,claude_fable_5_max,41.47030114815922,6
660,gemini_3_1_pro_high,21.564005630349055,7
661,claude_fable_5_max,87.51785595008012,1
661,gpt_5_5_xhigh,71.54662454371237,2
661,qwen3_8_max,55.9754800979871,3
661,claude_opus_4_8_max,55.53264688261744,4
661,gemini_3_1_pro_high,39.43301854631714,5
661,kimi_k3_max,38.98413361506375,6
661,gpt_5_6_sol_max,32.965740203758074,7
662,gpt_5_6_sol_max,87.06054301237401,1
662,qwen3_8_max,61.85294228627318,2
662,claude_opus_4_8_max,33.6481280246256,3
662,gemini_3_1_pro_high,29.92976131188448,4
662,gpt_5_5_xhigh,29.78257806365371,5
662,claude_fable_5_max,21.520179122064036,6
662,kimi_k3_max,16.68843709254285,7
663,gemini_3_1_pro_high,79.50362206731332,1
663,qwen3_8_max,60.523003424394155,2
663,claude_fable_5_max,58.06882866625973,3
663,kimi_k3_max,47.553087312088294,4
663,gpt_5_5_xhigh,26.130318520416175,5
663,gpt_5_6_sol_max,23.044809735184774,6
663,claude_opus_4_8_max,16.911334166061266,7
664,claude_fable_5_max,90.2427921677324,1
664,qwen3_8_max,88.41621423557402,2
664,gemini_3_1_pro_high,60.402370869562766,3
664,kimi_k3_max,42.94918504282961,4
664,claude_opus_4_8_max,38.86298923165556,5
664,gpt_5_6_sol_max,36.076380721747284,6
664,gpt_5_5_xhigh,16.938471102643224,7
665,kimi_k3_max,81.23359504274694,1
665,claude_opus_4_8_max,46.557136405643,2
665,gemini_3_1_pro_high,44.07699675626844,3
665,gpt_5_6_sol_max,43.69663618512982,4
665,qwen3_8_max,40.030608692023534,5
665,claude_fable_5_max,36.89595134429899,6
665,gpt_5_5_xhigh,17.14806349814908,7
666,claude_fable_5_max,61.97780152719434,1
666,claude_opus_4_8_max,44.68525917933459,2
666,gpt_5_6_sol_max,38.432137733624124,3
666,gemini_3_1_pro_high,36.64684227444468,4
666,gpt_5_5_xhigh,32.18498016745025,5
666,qwen3_8_max,13.701372577997287,6
666,kimi_k3_max,8.357402634186197,7
667,gpt_5_6_sol_max,62.920885458223054,1
667,claude_fable_5_max,62.79214562503242,2
667,claude_opus_4_8_max,55.97162122103039,3
667,gemini_3_1_pro_high,54.372479935300234,4
667,qwen3_8_max,35.29960493022915,5
667,gpt_5_5_xhigh,24.633632406092953,6
667,kimi_k3_max,24.58096442664096,7
668,gpt_5_6_sol_max,58.53197165685857,1
668,claude_fable_5_max,56.54750065580477,2
668,kimi_k3_max,55.209318434857,3
668,gpt_5_5_xhigh,34.722711185174006,4
668,gemini_3_1_pro_high,26.219331914967086,5
668,claude_opus_4_8_max,18.14262534726887,6
668,qwen3_8_max,13.947781057594767,7
669,claude_opus_4_8_max,64.01932915423883,1
669,qwen3_8_max,57.268813530873516,2
669,gpt_5_5_xhigh,52.66125231113152,3
669,kimi_k3_max,47.74991813123197,4
669,claude_fable_5_max,34.95247556465751,5
669,gemini_3_1_pro_high,32.073582865281026,6
669,gpt_5_6_sol_max,23.11977259090319,7
670,qwen3_8_max,62.578076850230964,1
670,claude_opus_4_8_max,53.515782370806704,2
670,gpt_5_5_xhigh,51.43276349833762,3
670,gemini_3_1_pro_high,49.97118309964172,4
670,kimi_k3_max,44.07625137944291,5
670,gpt_5_6_sol_max,35.42747614536587,6
670,claude_fable_5_max,26.694143807948805,7
671,gpt_5_5_xhigh,67.16730013085822,1
671,claude_fable_5_max,53.07880706519808,2
671,gpt_5_6_sol_max,50.564363262042704,3
671,kimi_k3_max,39.78321255510204,4
671,qwen3_8_max,38.82997833222123,5
671,claude_opus_4_8_max,31.688392554797666,6
671,gemini_3_1_pro_high,28.405409891914964,7
672,claude_fable_5_max,72.1420200644438,1
672,qwen3_8_max,51.423445674174644,2
672,kimi_k3_max,50.73013445905068,3
672,gpt_5_5_xhigh,46.2620466286115,4
672,claude_opus_4_8_max,39.99571813936937,5
672,gemini_3_1_pro_high,32.254567151127134,6
672,gpt_5_6_sol_max,28.624969738520328,7
673,qwen3_8_max,61.72187889454756,1
673,gpt_5_6_sol_max,60.250673705443575,2
673,claude_opus_4_8_max,58.67020720343214,3
673,kimi_k3_max,57.41737072592074,4
673,gpt_5_5_xhigh,46.51334154402087,5
673,gemini_3_1_pro_high,45.20244944119837,6
673,claude_fable_5_max,43.31192811355018,7
674,claude_opus_4_8_max,64.70927343663806,1
674,claude_fable_5_max,63.42732905549562,2
674,qwen3_8_max,51.1359569309434,3
674,gpt_5_6_sol_max,49.926110035236675,4
674,gemini_3_1_pro_high,41.189852358548606,5
674,gpt_5_5_xhigh,26.56381112856258,6
674,kimi_k3_max,25.820105903037376,7
675,gpt_5_6_sol_max,73.93799403517681,1
675,qwen3_8_max,67.62860424687065,2
675,gpt_5_5_xhigh,50.48936438837666,3
675,claude_fable_5_max,38.151138452360875,4
675,claude_opus_4_8_max,35.702608797002455,5
675,gemini_3_1_pro_high,33.50385237553259,6
675,kimi_k3_max,23.008113126470956,7
676,gemini_3_1_pro_high,83.88055939980262,1
676,gpt_5_5_xhigh,72.75323859933661,2
676,qwen3_8_max,63.07212200573541,3
676,claude_opus_4_8_max,57.8325837677788,4
676,gpt_5_6_sol_max,44.33962400718476,5
676,kimi_k3_max,32.30390732644613,6
676,claude_fable_5_max,28.928457277792575,7
677,claude_fable_5_max,73.80734407840251,1
677,qwen3_8_max,62.34497017094631,2
677,gpt_5_6_sol_max,60.65129509724349,3
677,kimi_k3_max,54.48355003059781,4
677,gemini_3_1_pro_high,38.420677821845054,5
677,claude_opus_4_8_max,34.56977693896362,6
677,gpt_5_5_xhigh,31.306937936621015,7
678,gpt_5_6_sol_max,82.43071622154042,1
678,gpt_5_5_xhigh,73.21629054491882,2
678,qwen3_8_max,63.78897888364573,3
678,gemini_3_1_pro_high,60.28449845164113,4
678,claude_fable_5_max,47.920380828816555,5
678,claude_opus_4_8_max,35.50948887298445,6
678,kimi_k3_max,33.19480453812303,7
679,claude_opus_4_8_max,86.01911342417439,1
679,qwen3_8_max,68.79517912634579,2
679,gemini_3_1_pro_high,49.095205454356794,3
679,gpt_5_6_sol_max,46.836789675111376,4
679,kimi_k3_max,38.87548383433506,5
679,claude_fable_5_max,38.153214763169444,6
679,gpt_5_5_xhigh,23.632609570522344,7
680,gpt_5_5_xhigh,69.15310933591522,1
680,gpt_5_6_sol_max,68.91610969298083,2
680,kimi_k3_max,52.062178073394136,3
680,claude_fable_5_max,46.89755897418371,4
680,gemini_3_1_pro_high,32.88098547617364,5
680,claude_opus_4_8_max,30.770162605923172,6
680,qwen3_8_max,13.383744393347456,7
681,gpt_5_5_xhigh,71.0263267207989,1
681,qwen3_8_max,69.46116049601977,2
681,gemini_3_1_pro_high,49.37086977311647,3
681,claude_fable_5_max,47.77733493236199,4
681,gpt_5_6_sol_max,45.180247928770115,5
681,claude_opus_4_8_max,32.61649148991756,6
681,kimi_k3_max,16.68942417168572,7
682,gpt_5_6_sol_max,80.90685888571232,1
682,claude_fable_5_max,62.25588177175433,2
682,gemini_3_1_pro_high,52.984014908180065,3
682,kimi_k3_max,52.157662547928766,4
682,qwen3_8_max,40.23628003128047,5
682,gpt_5_5_xhigh,27.973502379115775,6
682,claude_opus_4_8_max,25.373477707788908,7
683,qwen3_8_max,64.84694928566194,1
683,gpt_5_5_xhigh,60.70535495586853,2
683,gpt_5_6_sol_max,60.478426554820686,3
683,kimi_k3_max,59.93804077564817,4
683,claude_fable_5_max,52.2360312891274,5
683,gemini_3_1_pro_high,49.71929190959081,6
683,claude_opus_4_8_max,19.208489855343682,7
684,kimi_k3_max,85.41155793867037,1
684,gpt_5_6_sol_max,55.18283520483287,2
684,gpt_5_5_xhigh,51.825720416978726,3
684,gemini_3_1_pro_high,47.10352308363272,4
684,claude_opus_4_8_max,40.08722294310185,5
684,claude_fable_5_max,38.29689706056371,6
684,qwen3_8_max,16.75831213447087,7
685,gpt_5_6_sol_max,80.29074145075889,1
685,claude_opus_4_8_max,56.68810767475257,2
685,gpt_5_5_xhigh,45.07095059162362,3
685,qwen3_8_max,44.33725842542407,4
685,kimi_k3_max,37.74248738859062,5
685,claude_fable_5_max,36.153856625361655,6
685,gemini_3_1_pro_high,13.4935943713615,7
686,kimi_k3_max,83.70692276382586,1
686,claude_fable_5_max,68.89411597168674,2
686,qwen3_8_max,66.38856165659759,3
686,claude_opus_4_8_max,52.36218876851274,4
686,gemini_3_1_pro_high,50.462926936109696,5
686,gpt_5_6_sol_max,50.23032625886326,6
686,gpt_5_5_xhigh,22.346804640623887,7
687,gpt_5_6_sol_max,75.87749495079566,1
687,claude_opus_4_8_max,59.78357227150867,2
687,kimi_k3_max,38.6441558114878,3
687,gpt_5_5_xhigh,29.674002675130478,4
687,gemini_3_1_pro_high,29.277448789127376,5
687,claude_fable_5_max,25.374867007538217,6
687,qwen3_8_max,23.941595677838706,7
688,gpt_5_6_sol_max,86.25492921668148,1
688,gemini_3_1_pro_high,57.45925290362418,2
688,qwen3_8_max,44.0603768666175,3
688,kimi_k3_max,39.916260324876085,4
688,claude_opus_4_8_max,39.842228898810866,5
688,gpt_5_5_xhigh,24.016042837647316,6
688,claude_fable_5_max,22.873010540169638,7
689,gpt_5_6_sol_max,77.26192797647306,1
689,qwen3_8_max,63.10341329390396,2
689,claude_opus_4_8_max,59.674187374234286,3
689,claude_fable_5_max,37.6148725046301,4
689,gpt_5_5_xhigh,34.629077762677895,5
689,gemini_3_1_pro_high,32.261192470077866,6
689,kimi_k3_max,25.072647681585135,7
690,claude_fable_5_max,73.58070516364972,1
690,gpt_5_6_sol_max,71.5930005766989,2
690,gpt_5_5_xhigh,58.08974497547989,3
690,gemini_3_1_pro_high,56.36787495001731,4
690,kimi_k3_max,54.52268020273754,5
690,claude_opus_4_8_max,35.345272930897806,6
690,qwen3_8_max,27.627014845613356,7
691,gpt_5_6_sol_max,78.67400456379848,1
691,claude_fable_5_max,50.38087750626054,2
691,gpt_5_5_xhigh,50.16868311819078,3
691,qwen3_8_max,49.2545003034364,4
691,gemini_3_1_pro_high,35.13163170085069,5
691,claude_opus_4_8_max,30.955440978579556,6
691,kimi_k3_max,28.973690657560958,7
692,gpt_5_6_sol_max,76.04993055486142,1
692,claude_fable_5_max,72.99105831036013,2
692,gemini_3_1_pro_high,64.97304213230248,3
692,kimi_k3_max,50.9365525431689,4
692,qwen3_8_max,50.028742483029966,5
692,claude_opus_4_8_max,48.644526761737524,6
692,gpt_5_5_xhigh,17.42014379569436,7
693,claude_fable_5_max,57.37971883257792,1
693,kimi_k3_max,57.02634230266743,2
693,qwen3_8_max,46.81818506609747,3
693,gpt_5_6_sol_max,45.5471039349529,4
693,gemini_3_1_pro_high,44.93286665020275,5
693,gpt_5_5_xhigh,40.49277658840202,6
693,claude_opus_4_8_max,39.524740082552,7
694,gpt_5_6_sol_max,87.58811241698888,1
694,claude_fable_5_max,65.22203772058205,2
694,kimi_k3_max,55.559191086550825,3
694,gemini_3_1_pro_high,46.36102139818284,4
694,claude_opus_4_8_max,45.438637310700486,5
694,gpt_5_5_xhigh,29.616206780207012,6
694,qwen3_8_max,14.073050696410888,7
695,gpt_5_6_sol_max,60.442116335903854,1
695,gemini_3_1_pro_high,55.79800631050145,2
695,claude_fable_5_max,55.13937244180114,3
695,qwen3_8_max,40.06450845808517,4
695,claude_opus_4_8_max,38.850630907554,5
695,kimi_k3_max,23.902434736572896,6
695,gpt_5_5_xhigh,19.92113112706803,7
696,gpt_5_6_sol_max,83.56163085017279,1
696,qwen3_8_max,82.92331419996326,2
696,claude_opus_4_8_max,52.93934333673148,3
696,gemini_3_1_pro_high,39.08726948894459,4
696,kimi_k3_max,24.637962253358374,5
696,claude_fable_5_max,11.057167983098553,6
696,gpt_5_5_xhigh,8.722474969680942,7
697,claude_fable_5_max,82.45076792274074,1
697,gpt_5_6_sol_max,77.46991985401081,2
697,gpt_5_5_xhigh,39.50134573297885,3
697,gemini_3_1_pro_high,35.282653027919984,4
697,claude_opus_4_8_max,32.63706054941501,5
697,qwen3_8_max,29.07029297806693,6
697,kimi_k3_max,26.86120068199167,7
698,claude_fable_5_max,60.28060471002783,1
698,kimi_k3_max,51.28393722832044,2
698,gpt_5_5_xhigh,36.9543019919604,3
698,claude_opus_4_8_max,35.10990623185882,4
698,gpt_5_6_sol_max,30.42075786793088,5
698,gemini_3_1_pro_high,20.6783897183368,6
698,qwen3_8_max,15.128272896476538,7
699,qwen3_8_max,80.55241232036197,1
699,gpt_5_5_xhigh,75.66142800231303,2
699,kimi_k3_max,70.43219058963652,3
699,claude_fable_5_max,52.085472095931266,4
699,claude_opus_4_8_max,30.924138111989837,5
699,gpt_5_6_sol_max,23.81503451034416,6
699,gemini_3_1_pro_high,12.70068103089607,7
700,claude_opus_4_8_max,78.961863544738,1
700,gpt_5_6_sol_max,62.592742246260535,2
700,gemini_3_1_pro_high,50.70360265646259,3
700,kimi_k3_max,48.31145608362084,4
700,claude_fable_5_max,45.591237964730425,5
700,gpt_5_5_xhigh,44.89962736598108,6
700,qwen3_8_max,34.50385162464115,7
701,kimi_k3_max,64.43121014966275,1
701,claude_opus_4_8_max,59.99677894904235,2
701,gpt_5_5_xhigh,51.18470441230393,3
701,qwen3_8_max,48.822667687487176,4
701,gpt_5_6_sol_max,47.93491745125485,5
701,gemini_3_1_pro_high,44.57711379937215,6
701,claude_fable_5_max,39.11790841719606,7
702,gemini_3_1_pro_high,68.19832007875058,1
702,claude_fable_5_max,62.66093865057875,2
702,claude_opus_4_8_max,48.72188159017104,3
702,qwen3_8_max,46.12061312161302,4
702,gpt_5_5_xhigh,27.52703882214381,5
702,gpt_5_6_sol_max,19.203442108025087,6
702,kimi_k3_max,12.639654743567439,7
703,gpt_5_6_sol_max,67.59760844353424,1
703,qwen3_8_max,60.4873129065433,2
703,claude_opus_4_8_max,60.19503479097601,3
703,gemini_3_1_pro_high,58.20673077700916,4
703,claude_fable_5_max,57.49322341586699,5
703,kimi_k3_max,49.08655104666296,6
703,gpt_5_5_xhigh,32.633910043966964,7
704,claude_opus_4_8_max,74.58987528167472,1
704,claude_fable_5_max,61.168395577458384,2
704,gemini_3_1_pro_high,51.469726859560126,3
704,gpt_5_6_sol_max,49.53030063416327,4
704,qwen3_8_max,40.89138085072359,5
704,gpt_5_5_xhigh,35.993659852555766,6
704,kimi_k3_max,34.84187915452553,7
705,gpt_5_5_xhigh,58.46154013217594,1
705,qwen3_8_max,58.00623726633596,2
705,claude_fable_5_max,49.167682952947146,3
705,gpt_5_6_sol_max,46.216983445184994,4
705,kimi_k3_max,41.278714854583505,5
705,claude_opus_4_8_max,26.352972442453815,6
705,gemini_3_1_pro_high,17.83707181882316,7
706,gpt_5_6_sol_max,73.87074677341491,1
706,qwen3_8_max,58.10553635142682,2
706,gpt_5_5_xhigh,52.848490092303265,3
706,gemini_3_1_pro_high,45.56724606866031,4
706,claude_fable_5_max,39.2533810973937,5
706,kimi_k3_max,36.6870173838139,6
706,claude_opus_4_8_max,27.538993172580675,7
707,gpt_5_6_sol_max,70.72316266321397,1
707,qwen3_8_max,52.0978111904283,2
707,gpt_5_5_xhigh,42.806284378156235,3
707,claude_fable_5_max,34.8898535678911,4
707,kimi_k3_max,34.33511517810064,5
707,claude_opus_4_8_max,32.92702734828323,6
707,gemini_3_1_pro_high,31.48158668010892,7
708,claude_fable_5_max,76.45082512453936,1
708,gpt_5_6_sol_max,52.39091838190765,2
708,qwen3_8_max,49.57859917258699,3
708,gemini_3_1_pro_high,40.77285721085083,4
708,kimi_k3_max,37.311164820020636,5
708,gpt_5_5_xhigh,36.92478630011657,6
708,claude_opus_4_8_max,31.784417230845218,7
709,qwen3_8_max,71.2234656102293,1
709,claude_opus_4_8_max,67.34663467768684,2
709,kimi_k3_max,63.93387459102614,3
709,gpt_5_5_xhigh,59.61246334738298,4
709,gemini_3_1_pro_high,55.39950532345063,5
709,gpt_5_6_sol_max,51.50888776531974,6
709,claude_fable_5_max,44.608286145586305,7
710,claude_fable_5_max,78.38337030473497,1
710,gpt_5_5_xhigh,74.9526332041367,2
710,qwen3_8_max,60.61836737618831,3
710,claude_opus_4_8_max,52.39977985338166,4
710,kimi_k3_max,35.73290224094834,5
710,gpt_5_6_sol_max,34.85728354482086,6
710,gemini_3_1_pro_high,26.46847131977021,7
711,kimi_k3_max,60.558543103161625,1
711,claude_opus_4_8_max,58.591591476738756,2
711,gpt_5_6_sol_max,50.83791192743708,3
711,gemini_3_1_pro_high,50.05642139372449,4
711,qwen3_8_max,46.950956160857324,5
711,gpt_5_5_xhigh,42.78183869183095,6
711,claude_fable_5_max,41.41746825487835,7
712,gpt_5_5_xhigh,65.96496764297942,1
712,qwen3_8_max,61.12184022688285,2
712,claude_opus_4_8_max,54.13281481924165,3
712,gemini_3_1_pro_high,53.11862891222951,4
712,gpt_5_6_sol_max,52.26178710787927,5
712,claude_fable_5_max,32.21531143284863,6
712,kimi_k3_max,11.346460744314427,7
713,claude_opus_4_8_max,84.71240879427363,1
713,gemini_3_1_pro_high,76.94990875617819,2
713,qwen3_8_max,55.55533523455211,3
713,claude_fable_5_max,51.46968486645649,4
713,kimi_k3_max,28.765677667006468,5
713,gpt_5_5_xhigh,28.311399458939924,6
713,gpt_5_6_sol_max,27.637593755062223,7
714,claude_fable_5_max,67.62353753971516,1
714,claude_opus_4_8_max,56.18979915149943,2
714,gpt_5_5_xhigh,52.96536863259422,3
714,gemini_3_1_pro_high,29.784299371199726,4
714,kimi_k3_max,27.527494015785557,5
714,qwen3_8_max,24.688702548795856,6
714,gpt_5_6_sol_max,22.253060669262986,7
715,claude_fable_5_max,68.92689982149908,1
715,gpt_5_5_xhigh,67.85411941321597,2
715,gpt_5_6_sol_max,48.465091687012105,3
715,gemini_3_1_pro_high,26.205889721121224,4
715,kimi_k3_max,22.307029797964233,5
715,claude_opus_4_8_max,19.635907440054854,6
715,qwen3_8_max,15.388404282016799,7
716,claude_fable_5_max,71.98944628087067,1
716,gpt_5_5_xhigh,68.70939763053623,2
716,gpt_5_6_sol_max,65.4834069723108,3
716,qwen3_8_max,54.62561960580964,4
716,gemini_3_1_pro_high,35.346757723927325,5
716,kimi_k3_max,32.824256513912985,6
716,claude_opus_4_8_max,21.06497402525618,7
717,claude_opus_4_8_max,83.96001025116834,1
717,gpt_5_6_sol_max,69.96213259666177,2
717,claude_fable_5_max,41.02707558902813,3
717,kimi_k3_max,28.90962194839633,4
717,qwen3_8_max,26.719221855060518,5
717,gemini_3_1_pro_high,23.423511883645908,6
717,gpt_5_5_xhigh,11.6974156457148,7
718,gpt_5_6_sol_max,87.57382781816446,1
718,gpt_5_5_xhigh,58.92439390041677,2
718,qwen3_8_max,50.96845285802449,3
718,gemini_3_1_pro_high,48.45835599401671,4
718,claude_opus_4_8_max,41.66975114614085,5
718,claude_fable_5_max,30.93337522379031,6
718,kimi_k3_max,25.892246840623194,7
719,gemini_3_1_pro_high,89.27601023218477,1
719,gpt_5_6_sol_max,61.08097189169237,2
719,claude_opus_4_8_max,57.649164246376785,3
719,kimi_k3_max,50.821980697899555,4
719,qwen3_8_max,31.025156970018358,5
719,claude_fable_5_max,28.933430408405453,6
719,gpt_5_5_xhigh,19.227336432332,7
720,claude_fable_5_max,63.96763807642393,1
720,gpt_5_5_xhigh,61.47134336293589,2
720,claude_opus_4_8_max,58.608020180712955,3
720,gpt_5_6_sol_max,54.37076350727905,4
720,kimi_k3_max,50.74416474178538,5
720,gemini_3_1_pro_high,50.52268830309709,6
720,qwen3_8_max,40.83030539974642,7
721,claude_opus_4_8_max,76.70268057532493,1
721,gpt_5_5_xhigh,61.22029926572429,2
721,kimi_k3_max,46.28329696278525,3
721,gpt_5_6_sol_max,44.940699871434894,4
721,qwen3_8_max,44.565886250834815,5
721,claude_fable_5_max,20.776476812369733,6
721,gemini_3_1_pro_high,19.39934343011546,7
722,gpt_5_5_xhigh,78.77392828490932,1
722,kimi_k3_max,60.00876076947851,2
722,qwen3_8_max,54.698609374686754,3
722,claude_opus_4_8_max,54.69195234007443,4
722,gemini_3_1_pro_high,49.282903730478125,5
722,gpt_5_6_sol_max,37.60146266658999,6
722,claude_fable_5_max,17.65377412994257,7
723,claude_opus_4_8_max,69.86115647211395,1
723,kimi_k3_max,54.37669592370482,2
723,claude_fable_5_max,49.84351546143349,3
723,gpt_5_6_sol_max,48.232427331216456,4
723,gemini_3_1_pro_high,35.018371340447004,5
723,gpt_5_5_xhigh,34.04567652314635,6
723,qwen3_8_max,33.755772354934344,7
724,kimi_k3_max,76.46987231141078,1
724,claude_opus_4_8_max,63.975333719103055,2
724,gemini_3_1_pro_high,56.380620561806175,3
724,qwen3_8_max,49.3794250729256,4
724,claude_fable_5_max,40.18591490495734,5
724,gpt_5_6_sol_max,35.117381599771825,6
724,gpt_5_5_xhigh,17.242000086463754,7
725,gemini_3_1_pro_high,70.39001737287296,1
725,qwen3_8_max,64.25649341345468,2
725,kimi_k3_max,51.68709039389959,3
725,claude_fable_5_max,46.69203220965462,4
725,gpt_5_5_xhigh,30.419367298133537,5
725,claude_opus_4_8_max,26.14314191360029,6
725,gpt_5_6_sol_max,22.48170177786493,7
726,claude_fable_5_max,63.947659608385926,1
726,claude_opus_4_8_max,55.1927283387707,2
726,gemini_3_1_pro_high,50.52872192553423,3
726,kimi_k3_max,43.341616007239516,4
726,qwen3_8_max,33.820008221325814,5
726,gpt_5_6_sol_max,29.27492680623611,6
726,gpt_5_5_xhigh,15.081112560471192,7
727,gpt_5_5_xhigh,69.4983467501282,1
727,gpt_5_6_sol_max,61.55153127644708,2
727,claude_opus_4_8_max,58.26839921302383,3
727,gemini_3_1_pro_high,52.21597813023409,4
727,qwen3_8_max,47.200043490866236,5
727,kimi_k3_max,46.461821516586404,6
727,claude_fable_5_max,41.53397139033174,7
728,kimi_k3_max,68.92476895288311,1
728,gpt_5_6_sol_max,50.06125907623439,2
728,gemini_3_1_pro_high,41.12457645136534,3
728,claude_opus_4_8_max,38.60897804088539,4
728,claude_fable_5_max,28.775210927512752,5
728,qwen3_8_max,24.934046048989394,6
728,gpt_5_5_xhigh,15.022173706989095,7
729,claude_fable_5_max,77.45275829412458,1
729,kimi_k3_max,50.899133312263885,2
729,claude_opus_4_8_max,43.216107551756295,3
729,gpt_5_6_sol_max,34.57514608448466,4
729,gemini_3_1_pro_high,31.415659805675237,5
729,qwen3_8_max,29.243158780480805,6
729,gpt_5_5_xhigh,24.16538843475099,7
730,claude_opus_4_8_max,72.94582025757879,1
730,gpt_5_5_xhigh,72.6424799118565,2
730,claude_fable_5_max,50.158527650578826,3
730,gpt_5_6_sol_max,45.598444785087096,4
730,gemini_3_1_pro_high,43.48288760474382,5
730,qwen3_8_max,33.31141493979638,6
730,kimi_k3_max,12.991362494603646,7
731,gpt_5_5_xhigh,67.06202209120424,1
731,qwen3_8_max,51.836677568507554,2
731,claude_opus_4_8_max,48.659430995446094,3
731,claude_fable_5_max,41.81087782645164,4
731,gpt_5_6_sol_max,33.815633970735014,5
731,kimi_k3_max,28.598979652252545,6
731,gemini_3_1_pro_high,22.731854046107337,7
732,claude_fable_5_max,91.36715931098126,1
732,gpt_5_6_sol_max,51.2481394405637,2
732,gpt_5_5_xhigh,39.25016570284166,3
732,claude_opus_4_8_max,35.906753851418266,4
732,kimi_k3_max,30.38759984640122,5
732,gemini_3_1_pro_high,22.62178115041316,6
732,qwen3_8_max,20.69919676532424,7
733,gpt_5_5_xhigh,65.77695046167844,1
733,claude_fable_5_max,56.47830699567394,2
733,claude_opus_4_8_max,55.94327604962639,3
733,kimi_k3_max,45.647630268319816,4
733,qwen3_8_max,37.990315078169445,5
733,gemini_3_1_pro_high,32.834384803125964,6
733,gpt_5_6_sol_max,12.601241439626246,7
734,gpt_5_6_sol_max,82.77454289899521,1
734,gemini_3_1_pro_high,69.47646520723806,2
734,qwen3_8_max,54.25064441239733,3
734,kimi_k3_max,48.93793416476852,4
734,claude_fable_5_max,39.91140419219243,5
734,gpt_5_5_xhigh,33.326118936055735,6
734,claude_opus_4_8_max,30.644275270836594,7
735,gpt_5_6_sol_max,67.92046450127316,1
735,gemini_3_1_pro_high,57.97218950796949,2
735,gpt_5_5_xhigh,37.256507180282966,3
735,qwen3_8_max,36.024899567455016,4
735,claude_fable_5_max,29.0669511934952,5
735,kimi_k3_max,24.835502289241994,6
735,claude_opus_4_8_max,11.42919871927632,7
736,qwen3_8_max,74.6714627539028,1
736,gemini_3_1_pro_high,60.655873965463385,2
736,kimi_k3_max,57.87379584112753,3
736,gpt_5_5_xhigh,51.12283196282002,4
736,claude_fable_5_max,42.08359948098653,5
736,claude_opus_4_8_max,41.910350162882466,6
736,gpt_5_6_sol_max,29.253908774118944,7
737,qwen3_8_max,76.76072176771542,1
737,gpt_5_6_sol_max,61.816185532985045,2
737,claude_opus_4_8_max,44.71155244368407,3
737,gpt_5_5_xhigh,44.18713629573918,4
737,kimi_k3_max,42.73836212731708,5
737,claude_fable_5_max,28.817741772317355,6
737,gemini_3_1_pro_high,24.341720424421815,7
738,gemini_3_1_pro_high,82.81850966578146,1
738,kimi_k3_max,65.18641193930739,2
738,claude_opus_4_8_max,55.0547193476699,3
738,gpt_5_6_sol_max,50.64376153978445,4
738,claude_fable_5_max,47.78544895910096,5
738,gpt_5_5_xhigh,24.15070843715929,6
738,qwen3_8_max,18.31743690232799,7
739,gpt_5_6_sol_max,77.79290724586274,1
739,claude_fable_5_max,64.96150338861214,2
739,claude_opus_4_8_max,64.5743665545289,3
739,qwen3_8_max,59.93605081960925,4
739,gemini_3_1_pro_high,52.66103512003484,5
739,kimi_k3_max,44.338403077436055,6
739,gpt_5_5_xhigh,42.664263219421294,7
740,claude_opus_4_8_max,85.42923636731588,1
740,kimi_k3_max,66.93667262377754,2
740,gemini_3_1_pro_high,60.11100431745584,3
740,qwen3_8_max,55.177277832070786,4
740,gpt_5_6_sol_max,36.62432736612435,5
740,claude_fable_5_max,32.41280088824019,6
740,gpt_5_5_xhigh,30.082338880519004,7
741,qwen3_8_max,73.18763045018063,1
741,gpt_5_5_xhigh,51.39070402319901,2
741,kimi_k3_max,51.23736245121018,3
741,claude_opus_4_8_max,49.240640651355605,4
741,gpt_5_6_sol_max,40.97018318512242,5
741,claude_fable_5_max,36.49538109768059,6
741,gemini_3_1_pro_high,18.369912620931473,7
742,gpt_5_6_sol_max,75.55021615672499,1
742,claude_opus_4_8_max,60.88162417556421,2
742,qwen3_8_max,48.92451739965766,3
742,claude_fable_5_max,47.372991295651104,4
742,kimi_k3_max,46.10502769219197,5
742,gpt_5_5_xhigh,36.090678809277144,6
742,gemini_3_1_pro_high,22.24986444700546,7
743,gpt_5_5_xhigh,68.90688782158703,1
743,claude_fable_5_max,67.35381882258429,2
743,gpt_5_6_sol_max,52.3847178603153,3
743,claude_opus_4_8_max,52.190238748034744,4
743,qwen3_8_max,48.27441733918942,5
743,kimi_k3_max,21.61054609450795,6
743,gemini_3_1_pro_high,15.20097301023009,7
744,claude_fable_5_max,83.37745942147986,1
744,qwen3_8_max,70.84837169961675,2
744,gpt_5_6_sol_max,70.73804360247846,3
744,claude_opus_4_8_max,58.814024795878055,4
744,gemini_3_1_pro_high,51.62773289046633,5
744,kimi_k3_max,47.919352091976336,6
744,gpt_5_5_xhigh,40.37772013426473,7
745,gpt_5_5_xhigh,69.36214454103352,1
745,qwen3_8_max,62.284589369753604,2
745,claude_opus_4_8_max,59.287760467230875,3
745,claude_fable_5_max,49.77228750072811,4
745,gemini_3_1_pro_high,45.98997057935239,5
745,gpt_5_6_sol_max,38.26820746216531,6
745,kimi_k3_max,37.342418884012595,7
746,gpt_5_6_sol_max,61.70567530798848,1
746,gemini_3_1_pro_high,53.51407123863288,2
746,claude_fable_5_max,47.35528762838719,3
746,kimi_k3_max,24.95440281165003,4
746,claude_opus_4_8_max,22.794701073688714,5
746,qwen3_8_max,16.68576644571486,6
746,gpt_5_5_xhigh,15.226539201974571,7
747,qwen3_8_max,66.29953301111226,1
747,kimi_k3_max,62.72336260144442,2
747,gemini_3_1_pro_high,52.98039283564858,3
747,claude_opus_4_8_max,41.24248697564857,4
747,gpt_5_5_xhigh,21.25248552547891,5
747,claude_fable_5_max,18.83597056786345,6
747,gpt_5_6_sol_max,14.212581611591814,7
748,gpt_5_6_sol_max,70.40402063523074,1
748,claude_fable_5_max,66.28136362686912,2
748,qwen3_8_max,60.31332551183086,3
748,claude_opus_4_8_max,29.681979039471752,4
748,gpt_5_5_xhigh,27.012841243191435,5
748,kimi_k3_max,24.952453557672868,6
748,gemini_3_1_pro_high,23.06465099745884,7
749,claude_fable_5_max,78.53041768737597,1
749,gpt_5_6_sol_max,72.85357207471498,2
749,qwen3_8_max,49.622251796110945,3
749,claude_opus_4_8_max,39.30256334299108,4
749,gemini_3_1_pro_high,34.64608223597259,5
749,gpt_5_5_xhigh,32.58756007325789,6
749,kimi_k3_max,21.757766739328837,7
750,gemini_3_1_pro_high,86.69471239244308,1
750,claude_fable_5_max,63.62285080685359,2
750,gpt_5_6_sol_max,62.25844644580327,3
750,qwen3_8_max,49.382652290306915,4
750,kimi_k3_max,42.10086545556804,5
750,gpt_5_5_xhigh,30.507919919385564,6
750,claude_opus_4_8_max,16.614771718089305,7
751,qwen3_8_max,72.70876685556566,1
751,claude_fable_5_max,61.788570286665326,2
751,gpt_5_6_sol_max,60.78211173430667,3
751,gpt_5_5_xhigh,54.5580702627067,4
751,kimi_k3_max,51.28364237500708,5
751,claude_opus_4_8_max,42.821557730029376,6
751,gemini_3_1_pro_high,15.871899296898958,7
752,claude_opus_4_8_max,75.69897201133621,1
752,gpt_5_6_sol_max,58.31519081170502,2
752,gpt_5_5_xhigh,42.86027960810237,3
752,gemini_3_1_pro_high,37.9093793099594,4
752,kimi_k3_max,29.733589790611376,5
752,claude_fable_5_max,29.42922219425063,6
752,qwen3_8_max,22.089456079616706,7
753,kimi_k3_max,78.47153443451302,1
753,gpt_5_6_sol_max,74.6323308745948,2
753,gemini_3_1_pro_high,40.89174515081538,3
753,claude_fable_5_max,39.738214201268875,4
753,gpt_5_5_xhigh,39.05620452094944,5
753,qwen3_8_max,38.56700972373085,6
753,claude_opus_4_8_max,36.82031175824916,7
754,gpt_5_6_sol_max,72.90903584349293,1
754,kimi_k3_max,64.0744865022188,2
754,gpt_5_5_xhigh,53.08548660573562,3
754,claude_fable_5_max,45.35625681815381,4
754,qwen3_8_max,30.899421554497714,5
754,gemini_3_1_pro_high,26.98965248979514,6
754,claude_opus_4_8_max,15.86082996553493,7
755,gemini_3_1_pro_high,82.03279949849212,1
755,qwen3_8_max,69.58067075120661,2
755,gpt_5_6_sol_max,64.00692767802022,3
755,claude_fable_5_max,53.87988615037278,4
755,gpt_5_5_xhigh,50.59345407355311,5
755,claude_opus_4_8_max,36.150217605676424,6
755,kimi_k3_max,18.421269253414263,7
756,gpt_5_6_sol_max,79.09747513142673,1
756,claude_fable_5_max,64.77255243071136,2
756,kimi_k3_max,57.87186790603228,3
756,qwen3_8_max,43.3295272080068,4
756,gpt_5_5_xhigh,33.593927453216,5
756,claude_opus_4_8_max,32.090935291726616,6
756,gemini_3_1_pro_high,27.17348165741266,7
757,gpt_5_6_sol_max,82.79721012656138,1
757,claude_opus_4_8_max,80.93912911705269,2
757,gemini_3_1_pro_high,61.76822622351664,3
757,kimi_k3_max,44.36802572275456,4
757,qwen3_8_max,35.384271284592344,5
757,gpt_5_5_xhigh,29.41047738917087,6
757,claude_fable_5_max,17.017561908452485,7
758,gpt_5_5_xhigh,85.81658803275516,1
758,claude_opus_4_8_max,66.69296107073617,2
758,gemini_3_1_pro_high,37.68377991226035,3
758,qwen3_8_max,36.68726363790585,4
758,gpt_5_6_sol_max,26.1580674709871,5
758,claude_fable_5_max,24.42694301931682,6
758,kimi_k3_max,14.765757867951157,7
759,kimi_k3_max,73.2548730315836,1
759,gpt_5_6_sol_max,68.6554867669186,2
759,claude_fable_5_max,55.94776967392029,3
759,qwen3_8_max,47.20195943273984,4
759,claude_opus_4_8_max,40.61316194426885,5
759,gemini_3_1_pro_high,28.859736645907418,6
759,gpt_5_5_xhigh,27.11807416464403,7
760,claude_fable_5_max,63.443122930655875,1
760,kimi_k3_max,56.39390558573298,2
760,qwen3_8_max,50.18400804854211,3
760,gemini_3_1_pro_high,46.33005962003697,4
760,gpt_5_6_sol_max,43.98530726075585,5
760,claude_opus_4_8_max,42.05856084659439,6
760,gpt_5_5_xhigh,20.680291223858834,7
761,claude_fable_5_max,72.23249397797268,1
761,gpt_5_6_sol_max,71.44836970193516,2
761,kimi_k3_max,51.810776677894644,3
761,claude_opus_4_8_max,40.101583323425444,4
761,qwen3_8_max,35.93440884551494,5
761,gemini_3_1_pro_high,35.498315084588455,6
761,gpt_5_5_xhigh,21.381135647700177,7
762,gpt_5_5_xhigh,65.8588525321593,1
762,gemini_3_1_pro_high,62.65977654136237,2
762,claude_opus_4_8_max,60.7252483442204,3
762,gpt_5_6_sol_max,49.53427925499962,4
762,claude_fable_5_max,44.90494555055112,5
762,qwen3_8_max,27.911885984347656,6
762,kimi_k3_max,27.831501152905034,7
763,gpt_5_6_sol_max,75.82823670267668,1
763,claude_opus_4_8_max,67.66979825160341,2
763,kimi_k3_max,66.48737949736697,3
763,qwen3_8_max,63.56742031269651,4
763,claude_fable_5_max,32.58375817889507,5
763,gpt_5_5_xhigh,16.28997694367952,6
763,gemini_3_1_pro_high,13.002627706163462,7
764,qwen3_8_max,83.46737021236808,1
764,gpt_5_6_sol_max,78.09347484303709,2
764,gpt_5_5_xhigh,72.1302562086166,3
764,claude_opus_4_8_max,71.18459008846986,4
764,kimi_k3_max,57.216797451353024,5
764,claude_fable_5_max,54.46508304692654,6
764,gemini_3_1_pro_high,4.287736582763191,7
765,gemini_3_1_pro_high,81.15532664529269,1
765,claude_opus_4_8_max,76.40944167826531,2
765,gpt_5_6_sol_max,73.22663911511161,3
765,claude_fable_5_max,63.9017872497712,4
765,kimi_k3_max,49.25859230323191,5
765,gpt_5_5_xhigh,38.806014275742776,6
765,qwen3_8_max,33.54936149549454,7
766,claude_opus_4_8_max,64.74396085804369,1
766,gemini_3_1_pro_high,55.283200073310866,2
766,gpt_5_6_sol_max,43.49671514285048,3
766,claude_fable_5_max,43.157048451541115,4
766,gpt_5_5_xhigh,38.48083290145284,5
766,kimi_k3_max,30.78311898404114,6
766,qwen3_8_max,15.79799677654285,7
767,gpt_5_5_xhigh,70.29927840465766,1
767,kimi_k3_max,67.85836684305876,2
767,claude_fable_5_max,51.20619409962467,3
767,gpt_5_6_sol_max,44.001483334912166,4
767,claude_opus_4_8_max,43.032038463169606,5
767,qwen3_8_max,24.370737440533397,6
767,gemini_3_1_pro_high,23.78781715184743,7
768,gpt_5_6_sol_max,80.76725020358876,1
768,claude_fable_5_max,79.33763537367277,2
768,kimi_k3_max,69.48207432472724,3
768,gemini_3_1_pro_high,66.65886747796884,4
768,gpt_5_5_xhigh,43.11736941173217,5
768,qwen3_8_max,38.59724981837365,6
768,claude_opus_4_8_max,18.390227515627828,7
769,claude_opus_4_8_max,79.72018307510163,1
769,kimi_k3_max,45.90997784052296,2
769,qwen3_8_max,43.58538825446682,3
769,gemini_3_1_pro_high,40.13340709314605,4
769,gpt_5_5_xhigh,38.02722621511416,5
769,claude_fable_5_max,36.78042233687065,6
769,gpt_5_6_sol_max,27.113988265083066,7
770,gpt_5_6_sol_max,73.57415203098424,1
770,claude_opus_4_8_max,70.04912212276857,2
770,qwen3_8_max,48.418673603582896,3
770,kimi_k3_max,36.0885510437696,4
770,claude_fable_5_max,27.24265676178842,5
770,gpt_5_5_xhigh,25.88355790693041,6
770,gemini_3_1_pro_high,23.93703114001737,7
771,claude_fable_5_max,68.49767343399044,1
771,gpt_5_5_xhigh,61.430285460339505,2
771,gemini_3_1_pro_high,60.65045190756949,3
771,kimi_k3_max,54.08546096235038,4
771,claude_opus_4_8_max,42.8117610765097,5
771,gpt_5_6_sol_max,39.89422663934433,6
771,qwen3_8_max,27.730757563984874,7
772,claude_fable_5_max,52.899390734540425,1
772,gpt_5_6_sol_max,49.55197473388277,2
772,claude_opus_4_8_max,46.31836699846934,3
772,gemini_3_1_pro_high,44.27873996965759,4
772,qwen3_8_max,38.51638006170858,5
772,kimi_k3_max,27.211635859502163,6
772,gpt_5_5_xhigh,24.62945351396265,7
773,kimi_k3_max,64.8222534808454,1
773,claude_fable_5_max,55.61835886766761,2
773,gemini_3_1_pro_high,54.400464659728776,3
773,gpt_5_6_sol_max,50.54387398557961,4
773,qwen3_8_max,33.375482661376886,5
773,claude_opus_4_8_max,30.225776707380493,6
773,gpt_5_5_xhigh,24.664664414491437,7
774,qwen3_8_max,64.36583773042926,1
774,gpt_5_6_sol_max,64.16096126568328,2
774,gemini_3_1_pro_high,59.61101410988688,3
774,claude_opus_4_8_max,49.635006817988845,4
774,gpt_5_5_xhigh,38.84142345223887,5
774,kimi_k3_max,31.935235815513508,6
774,claude_fable_5_max,27.443828860566924,7
775,gpt_5_6_sol_max,67.26017330886849,1
775,kimi_k3_max,65.93861184971513,2
775,qwen3_8_max,65.31041275307686,3
775,claude_fable_5_max,51.91440550325675,4
775,gemini_3_1_pro_high,39.1769489006165,5
775,gpt_5_5_xhigh,37.312699344538984,6
775,claude_opus_4_8_max,17.844568332925956,7
776,gpt_5_5_xhigh,74.72623790102514,1
776,gpt_5_6_sol_max,56.97260430619299,2
776,claude_opus_4_8_max,51.71370007330115,3
776,claude_fable_5_max,42.02457608457044,4
776,kimi_k3_max,40.80786005159386,5
776,qwen3_8_max,28.63076704295718,6
776,gemini_3_1_pro_high,20.17760448790242,7
777,gemini_3_1_pro_high,68.85048365044061,1
777,kimi_k3_max,60.26654505130686,2
777,gpt_5_5_xhigh,57.5323519086395,3
777,gpt_5_6_sol_max,51.91379150652208,4
777,qwen3_8_max,39.40627371119182,5
777,claude_fable_5_max,36.0565931646499,6
777,claude_opus_4_8_max,33.56144808026091,7
778,kimi_k3_max,81.02761129885606,1
778,gpt_5_5_xhigh,62.0620763670608,2
778,gemini_3_1_pro_high,60.34432208796147,3
778,claude_fable_5_max,53.770861884253385,4
778,claude_opus_4_8_max,49.967497332160434,5
778,gpt_5_6_sol_max,43.61512270513159,6
778,qwen3_8_max,28.98686842347618,7
779,gpt_5_6_sol_max,84.64712855487424,1
779,gpt_5_5_xhigh,81.03399034980274,2
779,kimi_k3_max,44.551795723341144,3
779,qwen3_8_max,34.48841481363773,4
779,claude_fable_5_max,29.541581256876256,5
779,claude_opus_4_8_max,27.267644959238922,6
779,gemini_3_1_pro_high,9.865993075402889,7
780,gpt_5_6_sol_max,62.45026802836708,1
780,claude_fable_5_max,58.85914505602049,2
780,claude_opus_4_8_max,57.09919242526873,3
780,qwen3_8_max,35.8770540386489,4
780,kimi_k3_max,33.99881600811185,5
780,gemini_3_1_pro_high,32.53141314632085,6
780,gpt_5_5_xhigh,21.73447923308696,7
781,claude_fable_5_max,83.83055430612681,1
781,gemini_3_1_pro_high,59.4731512387183,2
781,kimi_k3_max,57.45144221996937,3
781,gpt_5_6_sol_max,56.72428141961078,4
781,gpt_5_5_xhigh,53.10659713602359,5
781,qwen3_8_max,37.92015528827097,6
781,claude_opus_4_8_max,31.331668262567753,7
782,claude_fable_5_max,72.00665131988292,1
782,gemini_3_1_pro_high,60.701924135610724,2
782,gpt_5_5_xhigh,59.57486549501228,3
782,kimi_k3_max,56.83136997723181,4
782,qwen3_8_max,38.77593884587135,5
782,claude_opus_4_8_max,32.49645086098595,6
782,gpt_5_6_sol_max,27.174991376708178,7
783,kimi_k3_max,72.49328751087364,1
783,claude_fable_5_max,67.42675487190736,2
783,claude_opus_4_8_max,50.50464353184736,3
783,qwen3_8_max,36.62471434557726,4
783,gemini_3_1_pro_high,29.06825686985721,5
783,gpt_5_6_sol_max,26.069926671981882,6
783,gpt_5_5_xhigh,18.606203114085037,7
784,claude_fable_5_max,79.54316118303015,1
784,gpt_5_6_sol_max,72.31167690576093,2
784,qwen3_8_max,46.572929298724205,3
784,gemini_3_1_pro_high,40.7065214367258,4
784,claude_opus_4_8_max,29.43576885707876,5
784,kimi_k3_max,26.451280974129602,6
784,gpt_5_5_xhigh,4.378941138220029,7
785,gpt_5_6_sol_max,73.92821278030824,1
785,qwen3_8_max,66.88608505818638,2
785,gpt_5_5_xhigh,61.19425777285558,3
785,gemini_3_1_pro_high,59.258923277468874,4
785,claude_fable_5_max,55.71201362391925,5
785,claude_opus_4_8_max,38.66512442270393,6
785,kimi_k3_max,35.186484871447355,7
786,gpt_5_6_sol_max,92.45092687096513,1
786,claude_opus_4_8_max,52.274054256020264,2
786,qwen3_8_max,47.74291226383306,3
786,gpt_5_5_xhigh,46.95528283764,4
786,gemini_3_1_pro_high,26.76688219561867,5
786,kimi_k3_max,24.213089215416097,6
786,claude_fable_5_max,20.80873179613988,7
787,claude_opus_4_8_max,79.90666588769403,1
787,qwen3_8_max,75.05113404301758,2
787,kimi_k3_max,64.92341021635323,3
787,gemini_3_1_pro_high,49.01512315348404,4
787,gpt_5_5_xhigh,46.136702459585734,5
787,claude_fable_5_max,33.148315913671524,6
787,gpt_5_6_sol_max,30.056595693746562,7
788,gemini_3_1_pro_high,63.0904315697635,1
788,gpt_5_6_sol_max,61.07250188678087,2
788,kimi_k3_max,56.38727037907501,3
788,qwen3_8_max,49.02308568994014,4
788,claude_fable_5_max,35.0028142090297,5
788,claude_opus_4_8_max,23.499003103620943,6
788,gpt_5_5_xhigh,17.207474046094532,7
789,kimi_k3_max,87.76464176068018,1
789,gpt_5_6_sol_max,62.49725324930305,2
789,qwen3_8_max,57.08087066783224,3
789,claude_fable_5_max,53.03621605724862,4
789,gpt_5_5_xhigh,44.52360719227677,5
789,claude_opus_4_8_max,40.97215565222327,6
789,gemini_3_1_pro_high,39.87896346247315,7
790,kimi_k3_max,90.09542912596982,1
790,claude_opus_4_8_max,80.88277002501411,2
790,gpt_5_5_xhigh,80.65493805696538,3
790,qwen3_8_max,67.26059958451783,4
790,gemini_3_1_pro_high,53.79051241271931,5
790,gpt_5_6_sol_max,53.57381110830063,6
790,claude_fable_5_max,16.811626171678583,7
791,gpt_5_5_xhigh,81.04883603659407,1
791,gpt_5_6_sol_max,53.48417884396405,2
791,qwen3_8_max,51.69910379088451,3
791,kimi_k3_max,51.55980947818828,4
791,claude_opus_4_8_max,51.06856554243476,5
791,claude_fable_5_max,34.19784285131987,6
791,gemini_3_1_pro_high,26.114307208876937,7
792,qwen3_8_max,71.44360143977161,1
792,claude_fable_5_max,59.847553781373335,2
792,kimi_k3_max,58.20193354002771,3
792,gemini_3_1_pro_high,43.79254874671153,4
792,gpt_5_6_sol_max,35.699146877390724,5
792,gpt_5_5_xhigh,34.7580281277138,6
792,claude_opus_4_8_max,29.63768882941461,7
793,gpt_5_6_sol_max,75.0801047279071,1
793,claude_fable_5_max,72.25923483371247,2
793,qwen3_8_max,68.31556922240426,3
793,kimi_k3_max,67.16761669900485,4
793,gpt_5_5_xhigh,46.72310598013122,5
793,claude_opus_4_8_max,30.14656183910319,6
793,gemini_3_1_pro_high,19.167943269197416,7
794,gemini_3_1_pro_high,80.76081743583708,1
794,gpt_5_5_xhigh,63.92723554772327,2
794,claude_opus_4_8_max,61.64939227386725,3
794,claude_fable_5_max,59.81880023867338,4
794,kimi_k3_max,41.63465516602683,5
794,qwen3_8_max,40.40098778535875,6
794,gpt_5_6_sol_max,25.072959738978998,7
795,gpt_5_6_sol_max,95.23825616132847,1
795,qwen3_8_max,55.643777424991754,2
795,claude_fable_5_max,45.518800504462874,3
795,claude_opus_4_8_max,34.31902202085011,4
795,gemini_3_1_pro_high,21.512099995703803,5
795,gpt_5_5_xhigh,20.222990466518205,6
795,kimi_k3_max,8.270595564235363,7
796,gpt_5_6_sol_max,69.62990105389169,1
796,qwen3_8_max,64.16590478352077,2
796,gpt_5_5_xhigh,39.9508096487822,3
796,claude_fable_5_max,39.832136459693814,4
796,claude_opus_4_8_max,32.95097663198765,5
796,gemini_3_1_pro_high,28.370537746008928,6
796,kimi_k3_max,22.760837729382253,7
797,claude_opus_4_8_max,64.6416700131264,1
797,gpt_5_6_sol_max,54.27343833698128,2
797,claude_fable_5_max,52.563461828869094,3
797,qwen3_8_max,44.317357539282014,4
797,gpt_5_5_xhigh,34.749453663347666,5
797,gemini_3_1_pro_high,20.22244484844108,6
797,kimi_k3_max,18.71052789132032,7
798,claude_fable_5_max,61.569387341137265,1
798,gemini_3_1_pro_high,57.44612752288003,2
798,claude_opus_4_8_max,55.386211468024165,3
798,qwen3_8_max,51.548144824726236,4
798,kimi_k3_max,51.03603258652828,5
798,gpt_5_6_sol_max,22.48281101869635,6
798,gpt_5_5_xhigh,19.30796607294784,7
799,gpt_5_5_xhigh,78.36510210776827,1
799,gpt_5_6_sol_max,41.77475252413724,2
799,qwen3_8_max,40.732602088736996,3
799,claude_opus_4_8_max,36.790525740959815,4
799,gemini_3_1_pro_high,34.23022301091912,5
799,kimi_k3_max,32.01154610718909,6
799,claude_fable_5_max,16.0816097333248,7
800,gpt_5_6_sol_max,70.23207423189409,1
800,kimi_k3_max,64.83348578587304,2
800,gemini_3_1_pro_high,60.527970061968546,3
800,gpt_5_5_xhigh,60.37946766603114,4
800,qwen3_8_max,50.72688311402265,5
800,claude_opus_4_8_max,44.022415833678075,6
800,claude_fable_5_max,38.944121567457024,7
801,claude_fable_5_max,63.503867164341344,1
801,kimi_k3_max,54.51242785032162,2
801,qwen3_8_max,54.42591888565718,3
801,gemini_3_1_pro_high,40.04391128649768,4
801,gpt_5_6_sol_max,35.379495972989275,5
801,claude_opus_4_8_max,35.11220753945372,6
801,gpt_5_5_xhigh,32.118781464013914,7
802,claude_opus_4_8_max,79.76725081818196,1
802,qwen3_8_max,55.834350991671215,2
802,gpt_5_6_sol_max,42.120172386061434,3
802,gemini_3_1_pro_high,33.950234353576626,4
802,gpt_5_5_xhigh,30.81678665423283,5
802,kimi_k3_max,24.635305876203507,6
802,claude_fable_5_max,10.637227742849664,7
803,kimi_k3_max,70.4995020398532,1
803,gemini_3_1_pro_high,68.56899968260441,2
803,claude_opus_4_8_max,64.87771125661276,3
803,gpt_5_6_sol_max,62.20247080104775,4
803,gpt_5_5_xhigh,33.8560732434623,5
803,qwen3_8_max,32.96648702941039,6
803,claude_fable_5_max,28.520931726692694,7
804,qwen3_8_max,70.41206177055777,1
804,kimi_k3_max,62.252167461194674,2
804,claude_fable_5_max,44.112995272817926,3
804,gemini_3_1_pro_high,32.368708460557144,4
804,gpt_5_6_sol_max,31.023137943859304,5
804,gpt_5_5_xhigh,23.077170864449414,6
804,claude_opus_4_8_max,21.676291182651713,7
805,kimi_k3_max,83.01582162786904,1
805,qwen3_8_max,78.30941845895626,2
805,claude_opus_4_8_max,58.501907393875726,3
805,gemini_3_1_pro_high,53.96229285253722,4
805,gpt_5_5_xhigh,45.68394866045965,5
805,claude_fable_5_max,36.976573604506314,6
805,gpt_5_6_sol_max,29.439236963986055,7
806,gpt_5_6_sol_max,59.74484831545191,1
806,claude_fable_5_max,58.85825055712955,2
806,gpt_5_5_xhigh,52.803808116819255,3
806,qwen3_8_max,41.49941428717482,4
806,kimi_k3_max,36.97248211689133,5
806,gemini_3_1_pro_high,34.81162646718557,6
806,claude_opus_4_8_max,21.60664457483381,7
807,claude_fable_5_max,65.61118213415173,1
807,gpt_5_6_sol_max,61.604190646689844,2
807,gpt_5_5_xhigh,51.50472918851193,3
807,claude_opus_4_8_max,47.558255322579896,4
807,qwen3_8_max,41.922885853621224,5
807,gemini_3_1_pro_high,33.717682812547665,6
807,kimi_k3_max,15.299807768609053,7
808,kimi_k3_max,72.82436141824982,1
808,gpt_5_6_sol_max,70.55654174933079,2
808,gpt_5_5_xhigh,57.256718228900496,3
808,claude_opus_4_8_max,54.613779622765996,4
808,qwen3_8_max,51.58761721852203,5
808,gemini_3_1_pro_high,51.29081353362954,6
808,claude_fable_5_max,50.13527968011374,7
809,gpt_5_6_sol_max,82.38008031312228,1
809,claude_fable_5_max,71.07625578238594,2
809,gemini_3_1_pro_high,54.40537985301105,3
809,kimi_k3_max,53.19444944346232,4
809,claude_opus_4_8_max,49.0666720384981,5
809,qwen3_8_max,35.07208719940031,6
809,gpt_5_5_xhigh,23.647278901985313,7
810,claude_opus_4_8_max,63.049438651877644,1
810,qwen3_8_max,52.26129292592306,2
810,claude_fable_5_max,46.24939092248215,3
810,gemini_3_1_pro_high,44.32683965569599,4
810,gpt_5_6_sol_max,40.51635438328187,5
810,kimi_k3_max,38.82990270243633,6
810,gpt_5_5_xhigh,32.75899951084182,7
811,gpt_5_6_sol_max,80.22224912788806,1
811,gpt_5_5_xhigh,59.763786628132436,2
811,gemini_3_1_pro_high,53.90494289026404,3
811,claude_opus_4_8_max,50.668939240712376,4
811,kimi_k3_max,47.48235292879488,5
811,claude_fable_5_max,35.033840902548164,6
811,qwen3_8_max,25.486437514604123,7
812,gemini_3_1_pro_high,88.88893838396845,1
812,kimi_k3_max,76.2777236350214,2
812,claude_opus_4_8_max,52.0232922859778,3
812,claude_fable_5_max,41.63969760306315,4
812,gpt_5_5_xhigh,30.971684075112456,5
812,qwen3_8_max,29.471874856049237,6
812,gpt_5_6_sol_max,26.52027491515939,7
813,gemini_3_1_pro_high,65.13263593707939,1
813,claude_opus_4_8_max,56.56154491555287,2
813,kimi_k3_max,52.471359354835286,3
813,claude_fable_5_max,44.047193128585114,4
813,qwen3_8_max,41.58405254066774,5
813,gpt_5_5_xhigh,33.83743299022766,6
813,gpt_5_6_sol_max,25.87205016616531,7
814,claude_opus_4_8_max,88.48417253182964,1
814,gpt_5_5_xhigh,62.4869619364239,2
814,kimi_k3_max,52.04296192989015,3
814,qwen3_8_max,40.79499330987224,4
814,gemini_3_1_pro_high,40.158712537668805,5
814,claude_fable_5_max,27.605348149487376,6
814,gpt_5_6_sol_max,9.450778394026573,7
815,gemini_3_1_pro_high,79.03920371058719,1
815,gpt_5_6_sol_max,71.062326774588,2
815,qwen3_8_max,55.888469418945334,3
815,claude_opus_4_8_max,51.15382828194051,4
815,kimi_k3_max,37.02328935352857,5
815,claude_fable_5_max,36.45475129226374,6
815,gpt_5_5_xhigh,25.804470458042623,7
816,gemini_3_1_pro_high,77.73422726015416,1
816,gpt_5_6_sol_max,75.87046101448534,2
816,kimi_k3_max,60.17291254489619,3
816,qwen3_8_max,57.39131533759813,4
816,claude_opus_4_8_max,55.7600932060443,5
816,claude_fable_5_max,41.31948749067668,6
816,gpt_5_5_xhigh,39.747749504391535,7
817,gpt_5_6_sol_max,85.93160545540331,1
817,qwen3_8_max,44.7312609447178,2
817,claude_fable_5_max,40.856051629448636,3
817,gpt_5_5_xhigh,27.482392719725155,4
817,kimi_k3_max,25.407141680233345,5
817,claude_opus_4_8_max,24.64201475290386,6
817,gemini_3_1_pro_high,16.71025443701452,7
818,claude_opus_4_8_max,83.13959019105613,1
818,qwen3_8_max,64.60255060476361,2
818,gemini_3_1_pro_high,63.64580473571601,3
818,gpt_5_5_xhigh,60.40782413682855,4
818,gpt_5_6_sol_max,58.16357334749756,5
818,claude_fable_5_max,45.880139000485904,6
818,kimi_k3_max,25.01338541033124,7
819,claude_opus_4_8_max,84.81722158042881,1
819,gpt_5_6_sol_max,44.70888787014061,2
819,gpt_5_5_xhigh,41.49493063861663,3
819,kimi_k3_max,41.338237293736526,4
819,qwen3_8_max,36.114655835416634,5
819,claude_fable_5_max,34.82321323237297,6
819,gemini_3_1_pro_high,33.970825480784164,7
820,claude_opus_4_8_max,71.96402618317433,1
820,gemini_3_1_pro_high,55.37863419929523,2
820,gpt_5_5_xhigh,47.10695749568994,3
820,gpt_5_6_sol_max,46.8659748826482,4
820,qwen3_8_max,43.0921085633954,5
820,kimi_k3_max,32.16569509013942,6
820,claude_fable_5_max,18.143507895219955,7
821,claude_fable_5_max,92.008198226275,1
821,qwen3_8_max,55.37320792283009,2
821,gpt_5_6_sol_max,54.23496415873026,3
821,gemini_3_1_pro_high,44.349426932411454,4
821,gpt_5_5_xhigh,36.22303627265525,5
821,kimi_k3_max,27.710392511680645,6
821,claude_opus_4_8_max,26.252608482242533,7
822,gpt_5_6_sol_max,73.92499668768721,1
822,gpt_5_5_xhigh,41.585905677202106,2
822,claude_fable_5_max,40.708824673656224,3
822,kimi_k3_max,39.22801078600474,4
822,claude_opus_4_8_max,32.794288585624294,5
822,qwen3_8_max,32.0233576074998,6
822,gemini_3_1_pro_high,19.749704630853138,7
823,gpt_5_6_sol_max,76.32184590164371,1
823,claude_fable_5_max,53.32819826342608,2
823,qwen3_8_max,50.44655758164589,3
823,kimi_k3_max,47.40348433369924,4
823,gemini_3_1_pro_high,33.68478370880601,5
823,claude_opus_4_8_max,27.249004118069674,6
823,gpt_5_5_xhigh,25.73930657453171,7
824,claude_fable_5_max,77.59104777491275,1
824,qwen3_8_max,67.02668271197253,2
824,gpt_5_6_sol_max,54.123576263637716,3
824,claude_opus_4_8_max,43.55765490005153,4
824,gemini_3_1_pro_high,38.52048275945148,5
824,gpt_5_5_xhigh,30.805585949113617,6
824,kimi_k3_max,27.299051175981884,7
825,gpt_5_6_sol_max,69.4106982943235,1
825,qwen3_8_max,59.55974688908816,2
825,kimi_k3_max,58.77108210313352,3
825,claude_opus_4_8_max,50.634195187813646,4
825,gpt_5_5_xhigh,44.257926298253956,5
825,gemini_3_1_pro_high,32.50933196806618,6
825,claude_fable_5_max,23.78342695990666,7
826,claude_opus_4_8_max,66.64332649816586,1
826,gemini_3_1_pro_high,49.928542490022494,2
826,gpt_5_6_sol_max,34.67322647952516,3
826,kimi_k3_max,32.98576479584004,4
826,gpt_5_5_xhigh,31.79318290405694,5
826,qwen3_8_max,27.305007219009727,6
826,claude_fable_5_max,7.099198413379839,7
827,qwen3_8_max,73.01764931220004,1
827,gpt_5_6_sol_max,53.456844070622765,2
827,claude_fable_5_max,52.50121768676426,3
827,kimi_k3_max,36.84247032115929,4
827,gpt_5_5_xhigh,31.04386482051007,5
827,claude_opus_4_8_max,28.738811455996863,6
827,gemini_3_1_pro_high,20.396648485883528,7
828,claude_opus_4_8_max,81.66611686797526,1
828,gemini_3_1_pro_high,67.41976855340363,2
828,qwen3_8_max,54.68330932253711,3
828,kimi_k3_max,39.659348444049336,4
828,gpt_5_5_xhigh,35.004142398559814,5
828,gpt_5_6_sol_max,33.39820535624009,6
828,claude_fable_5_max,17.111409714649138,7
829,claude_fable_5_max,78.1022718083079,1
829,gpt_5_5_xhigh,72.01592591906717,2
829,kimi_k3_max,66.33745862251038,3
829,claude_opus_4_8_max,43.968509448134306,4
829,qwen3_8_max,35.635565799501734,5
829,gpt_5_6_sol_max,27.217830880898497,6
829,gemini_3_1_pro_high,14.616189917751147,7
830,claude_fable_5_max,94.32655656583646,1
830,gpt_5_6_sol_max,60.837326085299125,2
830,gemini_3_1_pro_high,59.31361450197751,3
830,gpt_5_5_xhigh,49.5791881145219,4
830,kimi_k3_max,32.29187807131604,5
830,qwen3_8_max,31.0870255624815,6
830,claude_opus_4_8_max,24.226689848608416,7
831,claude_opus_4_8_max,81.43001924814965,1
831,qwen3_8_max,75.29348474901393,2
831,gpt_5_5_xhigh,62.48759164368634,3
831,gpt_5_6_sol_max,32.12841003832389,4
831,gemini_3_1_pro_high,25.451360917396524,5
831,claude_fable_5_max,25.35820526621218,6
831,kimi_k3_max,18.612682778446857,7
832,claude_fable_5_max,74.38267488968947,1
832,kimi_k3_max,59.35603772473752,2
832,gemini_3_1_pro_high,48.13588316507041,3
832,claude_opus_4_8_max,46.31274907951192,4
832,qwen3_8_max,41.27537443702995,5
832,gpt_5_6_sol_max,36.12502361275574,6
832,gpt_5_5_xhigh,18.15461036846538,7
833,qwen3_8_max,88.39305853193422,1
833,gpt_5_5_xhigh,71.00132404129691,2
833,gemini_3_1_pro_high,69.04662972463078,3
833,claude_fable_5_max,58.10049777720498,4
833,gpt_5_6_sol_max,46.80632575482596,5
833,kimi_k3_max,19.019591311691606,6
833,claude_opus_4_8_max,18.38686037940379,7
834,claude_fable_5_max,86.14136810316961,1
834,kimi_k3_max,70.92194017179928,2
834,claude_opus_4_8_max,59.80420182659017,3
834,gpt_5_6_sol_max,59.17630303804306,4
834,gpt_5_5_xhigh,54.888121359845115,5
834,qwen3_8_max,38.733061040023365,6
834,gemini_3_1_pro_high,16.551078408233177,7
835,gpt_5_6_sol_max,67.93620123513199,1
835,claude_opus_4_8_max,65.13546128771382,2
835,gpt_5_5_xhigh,53.98873963485575,3
835,gemini_3_1_pro_high,42.23522346111454,4
835,claude_fable_5_max,29.044312510982095,5
835,kimi_k3_max,28.286440911767667,6
835,qwen3_8_max,12.376722812416006,7
836,gemini_3_1_pro_high,61.433536657966236,1
836,qwen3_8_max,60.75658438201228,2
836,claude_opus_4_8_max,59.69904996915007,3
836,claude_fable_5_max,59.27180643543731,4
836,gpt_5_6_sol_max,57.37208967344226,5
836,gpt_5_5_xhigh,35.95319254258952,6
836,kimi_k3_max,13.91972595478209,7
837,kimi_k3_max,78.6902784212296,1
837,claude_fable_5_max,61.31895730669514,2
837,claude_opus_4_8_max,59.67754893380132,3
837,gpt_5_5_xhigh,48.70295894180833,4
837,gpt_5_6_sol_max,36.163086647696886,5
837,qwen3_8_max,24.35509273854603,6
837,gemini_3_1_pro_high,23.998093182100106,7
838,gemini_3_1_pro_high,76.85078703283206,1
838,qwen3_8_max,76.09860456962902,2
838,kimi_k3_max,71.50308055258407,3
838,claude_fable_5_max,41.99820566384841,4
838,gpt_5_5_xhigh,37.793583197125386,5
838,claude_opus_4_8_max,28.786720979990086,6
838,gpt_5_6_sol_max,13.9475224352693,7
839,gemini_3_1_pro_high,76.47072462160551,1
839,gpt_5_6_sol_max,74.01628844024387,2
839,claude_fable_5_max,60.48283639488878,3
839,qwen3_8_max,54.212409314834126,4
839,claude_opus_4_8_max,50.958553429644624,5
839,gpt_5_5_xhigh,47.067622334222605,6
839,kimi_k3_max,34.59950256153088,7
840,gpt_5_6_sol_max,66.18323308327862,1
840,gpt_5_5_xhigh,38.85021595867855,2
840,claude_fable_5_max,37.70120032896904,3
840,qwen3_8_max,35.20738741284925,4
840,claude_opus_4_8_max,33.89459764684774,5
840,kimi_k3_max,32.18459363379076,6
840,gemini_3_1_pro_high,26.356858850025432,7
841,gpt_5_6_sol_max,80.58483165450042,1
841,claude_fable_5_max,69.52086069708729,2
841,kimi_k3_max,62.245038515877475,3
841,gemini_3_1_pro_high,49.07577886813338,4
841,qwen3_8_max,37.51381649306913,5
841,claude_opus_4_8_max,29.827606786026394,6
841,gpt_5_5_xhigh,27.215963350538843,7
842,claude_fable_5_max,82.50188601609167,1
842,kimi_k3_max,65.88474383995398,2
842,gpt_5_6_sol_max,55.42023769657955,3
842,gpt_5_5_xhigh,55.376757388674925,4
842,gemini_3_1_pro_high,29.693250446143356,5
842,qwen3_8_max,23.05814347178067,6
842,claude_opus_4_8_max,21.90792256867534,7
843,claude_fable_5_max,82.70552457709584,1
843,qwen3_8_max,60.342754636415414,2
843,gpt_5_5_xhigh,34.13747752552011,3
843,gemini_3_1_pro_high,31.90722863448979,4
843,claude_opus_4_8_max,25.683441146749303,5
843,gpt_5_6_sol_max,22.162011738561013,6
843,kimi_k3_max,21.01564876696265,7
844,qwen3_8_max,67.7928693690042,1
844,gpt_5_6_sol_max,55.04886367467891,2
844,gemini_3_1_pro_high,53.03956248399125,3
844,kimi_k3_max,50.07441632086483,4
844,gpt_5_5_xhigh,46.3554454593608,5
844,claude_opus_4_8_max,46.12858662531846,6
844,claude_fable_5_max,38.98475783383097,7
845,gpt_5_6_sol_max,83.21563074516983,1
845,claude_opus_4_8_max,69.96745401667658,2
845,gpt_5_5_xhigh,40.75108660038046,3
845,gemini_3_1_pro_high,39.53759973085266,4
845,kimi_k3_max,38.69729102163282,5
845,qwen3_8_max,29.39075500706804,6
845,claude_fable_5_max,25.49077502055615,7
846,claude_fable_5_max,59.828570130842266,1
846,qwen3_8_max,35.87437102009807,2
846,gpt_5_5_xhigh,34.89123928874028,3
846,gpt_5_6_sol_max,34.494126239364476,4
846,gemini_3_1_pro_high,28.996973166631413,5
846,kimi_k3_max,27.450285322718493,6
846,claude_opus_4_8_max,26.637964598946546,7
847,claude_opus_4_8_max,59.880471712309436,1
847,gpt_5_6_sol_max,58.26347996175078,2
847,claude_fable_5_max,46.68025756609304,3
847,qwen3_8_max,38.38484983875131,4
847,kimi_k3_max,34.569924829079156,5
847,gpt_5_5_xhigh,25.470665967258416,6
847,gemini_3_1_pro_high,21.04443945818603,7
848,gpt_5_6_sol_max,74.66497755888798,1
848,kimi_k3_max,49.23253523513212,2
848,qwen3_8_max,44.56125471774463,3
848,gemini_3_1_pro_high,43.594629135992705,4
848,claude_opus_4_8_max,41.00952382942309,5
848,gpt_5_5_xhigh,39.334074238204686,6
848,claude_fable_5_max,27.728426938819208,7
849,claude_fable_5_max,85.3412391160046,1
849,gpt_5_6_sol_max,79.069029721781,2
849,kimi_k3_max,66.40754168768916,3
849,qwen3_8_max,60.3137387374797,4
849,gpt_5_5_xhigh,42.801711692407,5
849,gemini_3_1_pro_high,42.48167423941288,6
849,claude_opus_4_8_max,18.91555587040945,7
850,gemini_3_1_pro_high,65.15691428060146,1
850,claude_fable_5_max,63.22127486763196,2
850,qwen3_8_max,51.85504671609453,3
850,kimi_k3_max,45.666719944814375,4
850,gpt_5_5_xhigh,41.74253663224391,5
850,gpt_5_6_sol_max,34.88194894002627,6
850,claude_opus_4_8_max,23.61110798431399,7
851,claude_fable_5_max,78.9554763877756,1
851,gemini_3_1_pro_high,67.63155274444844,2
851,gpt_5_6_sol_max,58.05433644787165,3
851,qwen3_8_max,40.40167711058967,4
851,gpt_5_5_xhigh,35.752023016111494,5
851,kimi_k3_max,33.776865954603835,6
851,claude_opus_4_8_max,12.44289924264347,7
852,claude_fable_5_max,79.52366725073793,1
852,gpt_5_5_xhigh,63.50928163877432,2
852,claude_opus_4_8_max,51.70310759454924,3
852,kimi_k3_max,45.56424197014221,4
852,qwen3_8_max,44.92127422607999,5
852,gpt_5_6_sol_max,32.26795610522992,6
852,gemini_3_1_pro_high,9.238154599835346,7
853,claude_opus_4_8_max,76.06154257240524,1
853,kimi_k3_max,67.77206310334662,2
853,gemini_3_1_pro_high,56.7426390127133,3
853,gpt_5_5_xhigh,53.46869942931932,4
853,qwen3_8_max,44.06312962298358,5
853,claude_fable_5_max,41.71996273928567,6
853,gpt_5_6_sol_max,13.298039854330602,7
854,gemini_3_1_pro_high,81.56547452190941,1
854,claude_fable_5_max,74.49509638494072,2
854,kimi_k3_max,74.29835001480026,3
854,gpt_5_6_sol_max,62.02020836586918,4
854,gpt_5_5_xhigh,48.17536521945229,5
854,qwen3_8_max,46.12103101296847,6
854,claude_opus_4_8_max,29.855035560695736,7
855,gpt_5_6_sol_max,77.84769388897578,1
855,kimi_k3_max,66.11375341815074,2
855,claude_opus_4_8_max,60.384835048207606,3
855,gemini_3_1_pro_high,49.49491119249481,4
855,gpt_5_5_xhigh,48.04345697841693,5
855,claude_fable_5_max,47.26439752876975,6
855,qwen3_8_max,32.547767243178384,7
856,gpt_5_6_sol_max,77.41381433371924,1
856,gemini_3_1_pro_high,61.14186176366423,2
856,gpt_5_5_xhigh,59.29230937720584,3
856,claude_opus_4_8_max,45.670852830183364,4
856,qwen3_8_max,42.47286203665888,5
856,kimi_k3_max,37.62873401692307,6
856,claude_fable_5_max,20.722510727495283,7
857,claude_fable_5_max,66.65458227533063,1
857,gpt_5_6_sol_max,59.681049389718304,2
857,qwen3_8_max,45.17339183953203,3
857,gemini_3_1_pro_high,36.80867048241986,4
857,kimi_k3_max,30.681716477203956,5
857,gpt_5_5_xhigh,24.57761020423231,6
857,claude_opus_4_8_max,15.570339379781274,7
858,kimi_k3_max,78.22952659281553,1
858,claude_opus_4_8_max,65.45605783421605,2
858,gpt_5_6_sol_max,56.243987081873286,3
858,gpt_5_5_xhigh,54.78581171148504,4
858,claude_fable_5_max,48.30074521492491,5
858,qwen3_8_max,47.40244211244412,6
858,gemini_3_1_pro_high,34.17938629799705,7
859,gemini_3_1_pro_high,70.95035439581648,1
859,claude_fable_5_max,65.35370230498526,2
859,qwen3_8_max,49.81882617544379,3
859,gpt_5_6_sol_max,39.81916881585751,4
859,kimi_k3_max,26.832788956504594,5
859,claude_opus_4_8_max,24.69677118246511,6
859,gpt_5_5_xhigh,15.67166886033354,7
860,claude_opus_4_8_max,74.13512481316548,1
860,gpt_5_5_xhigh,69.37807615040813,2
860,kimi_k3_max,68.44238835561325,3
860,gemini_3_1_pro_high,55.09990738803168,4
860,gpt_5_6_sol_max,43.49494871851244,5
860,qwen3_8_max,32.41016730849471,6
860,claude_fable_5_max,30.61330598109595,7
861,qwen3_8_max,64.59517504062185,1
861,claude_fable_5_max,55.84695549460099,2
861,gpt_5_6_sol_max,53.444707542596234,3
861,gemini_3_1_pro_high,52.62735438881141,4
861,claude_opus_4_8_max,49.81118457929876,5
861,kimi_k3_max,47.592769908565316,6
861,gpt_5_5_xhigh,42.04322083563589,7
862,gpt_5_6_sol_max,86.40021518821544,1
862,claude_fable_5_max,48.89227186200294,2
862,kimi_k3_max,46.15005507303546,3
862,gemini_3_1_pro_high,45.665240946197166,4
862,qwen3_8_max,39.8703421903736,5
862,claude_opus_4_8_max,39.604143515488545,6
862,gpt_5_5_xhigh,34.83974137388854,7
863,claude_opus_4_8_max,83.77252338124951,1
863,claude_fable_5_max,51.52965961199523,2
863,gpt_5_5_xhigh,41.364925299652754,3
863,gpt_5_6_sol_max,38.02476791642826,4
863,gemini_3_1_pro_high,30.831676916403964,5
863,qwen3_8_max,29.04049833061212,6
863,kimi_k3_max,27.00586536103074,7
864,claude_fable_5_max,67.50089287243782,1
864,gpt_5_5_xhigh,66.67947909243242,2
864,gemini_3_1_pro_high,43.157934912087285,3
864,claude_opus_4_8_max,40.95540023104638,4
864,kimi_k3_max,37.97571936908697,5
864,qwen3_8_max,37.16842484332365,6
864,gpt_5_6_sol_max,32.20319228744702,7
865,gpt_5_6_sol_max,85.97245143211796,1
865,kimi_k3_max,77.30944345194641,2
865,gemini_3_1_pro_high,58.63322721482801,3
865,claude_fable_5_max,37.98389188643333,4
865,claude_opus_4_8_max,36.8775085473195,5
865,gpt_5_5_xhigh,34.33369194086179,6
865,qwen3_8_max,31.99858145709882,7
866,claude_opus_4_8_max,48.92037168297257,1
866,gpt_5_6_sol_max,47.59797861422912,2
866,gpt_5_5_xhigh,47.01989574917745,3
866,kimi_k3_max,45.33097902091538,4
866,claude_fable_5_max,42.457023251155576,5
866,qwen3_8_max,33.5300635769948,6
866,gemini_3_1_pro_high,26.94710646605321,7
867,claude_opus_4_8_max,75.3962969477775,1
867,gpt_5_6_sol_max,53.94000862155725,2
867,claude_fable_5_max,49.14213632121056,3
867,qwen3_8_max,36.04649411052447,4
867,gemini_3_1_pro_high,30.71332732692676,5
867,gpt_5_5_xhigh,22.20206421818815,6
867,kimi_k3_max,20.42692712315411,7
868,claude_fable_5_max,81.07789516040638,1
868,gemini_3_1_pro_high,79.46778130591544,2
868,kimi_k3_max,68.34827199932204,3
868,gpt_5_6_sol_max,55.048811680481634,4
868,claude_opus_4_8_max,50.8207983004944,5
868,qwen3_8_max,45.380201129181785,6
868,gpt_5_5_xhigh,18.072255466079067,7
869,claude_fable_5_max,65.6221454057439,1
869,qwen3_8_max,61.410832752460664,2
869,gemini_3_1_pro_high,58.76401410852424,3
869,kimi_k3_max,47.800481679110064,4
869,claude_opus_4_8_max,45.65502932738646,5
869,gpt_5_6_sol_max,43.48591583318485,6
869,gpt_5_5_xhigh,29.990986282154363,7
870,claude_fable_5_max,68.32807840403909,1
870,gpt_5_5_xhigh,67.89392893186621,2
870,kimi_k3_max,62.97592711872004,3
870,gpt_5_6_sol_max,55.2266719946809,4
870,qwen3_8_max,49.96193128472648,5
870,claude_opus_4_8_max,35.47561933565732,6
870,gemini_3_1_pro_high,34.482895168025536,7
871,claude_fable_5_max,86.07870437616356,1
871,kimi_k3_max,69.36042904270721,2
871,gemini_3_1_pro_high,58.21957547513895,3
871,gpt_5_6_sol_max,54.39371491565878,4
871,claude_opus_4_8_max,52.50566030830433,5
871,qwen3_8_max,47.05111589535332,6
871,gpt_5_5_xhigh,43.90718663159085,7
872,claude_fable_5_max,68.41474768452906,1
872,gemini_3_1_pro_high,50.81944413078655,2
872,claude_opus_4_8_max,41.966314206848,3
872,qwen3_8_max,36.83817323049593,4
872,gpt_5_6_sol_max,32.62791452376183,5
872,kimi_k3_max,29.973697389659904,6
872,gpt_5_5_xhigh,28.717747667289828,7
873,claude_opus_4_8_max,80.50155377344085,1
873,gpt_5_6_sol_max,76.68667588417424,2
873,gemini_3_1_pro_high,67.72518614136501,3
873,gpt_5_5_xhigh,61.25856322020135,4
873,qwen3_8_max,41.32380392234603,5
873,kimi_k3_max,32.276062152699424,6
873,claude_fable_5_max,19.449278836398648,7
874,qwen3_8_max,70.43510037993255,1
874,gemini_3_1_pro_high,58.01105390681604,2
874,gpt_5_6_sol_max,55.38196371630988,3
874,kimi_k3_max,52.220750131131716,4
874,claude_opus_4_8_max,49.23017415350699,5
874,gpt_5_5_xhigh,44.58434106254804,6
874,claude_fable_5_max,41.688739007625216,7
875,gpt_5_5_xhigh,72.55588121819439,1
875,gpt_5_6_sol_max,70.71584159346558,2
875,kimi_k3_max,35.88874281012163,3
875,claude_opus_4_8_max,31.692709637640334,4
875,claude_fable_5_max,24.57457536767653,5
875,gemini_3_1_pro_high,22.00221802632737,6
875,qwen3_8_max,21.305810434021332,7
876,claude_fable_5_max,67.24361982271064,1
876,kimi_k3_max,55.63204179726132,2
876,claude_opus_4_8_max,51.90683613790497,3
876,gpt_5_5_xhigh,47.71302938827695,4
876,gpt_5_6_sol_max,41.850092165161556,5
876,gemini_3_1_pro_high,34.68680141762741,6
876,qwen3_8_max,31.68081500549778,7
877,gpt_5_5_xhigh,67.24679935955595,1
877,gpt_5_6_sol_max,64.67419830199238,2
877,qwen3_8_max,61.01041144415433,3
877,claude_fable_5_max,56.17483584649469,4
877,gemini_3_1_pro_high,53.50368607235832,5
877,claude_opus_4_8_max,53.22973356898447,6
877,kimi_k3_max,24.853133451863403,7
878,kimi_k3_max,64.7083344734773,1
878,gpt_5_6_sol_max,61.248088223250654,2
878,gpt_5_5_xhigh,40.03304191682313,3
878,claude_opus_4_8_max,36.8780664379533,4
878,qwen3_8_max,36.176793974465426,5
878,gemini_3_1_pro_high,32.03320913160067,6
878,claude_fable_5_max,22.24776198120097,7
879,gpt_5_6_sol_max,88.58674647538153,1
879,claude_opus_4_8_max,61.70288354862225,2
879,gemini_3_1_pro_high,42.17974304592512,3
879,qwen3_8_max,29.31654315746742,4
879,kimi_k3_max,26.162691488497643,5
879,gpt_5_5_xhigh,16.464816932124037,6
879,claude_fable_5_max,13.523247180530834,7
880,claude_fable_5_max,77.88038802419803,1
880,gpt_5_5_xhigh,73.57685636439643,2
880,qwen3_8_max,63.919639142242616,3
880,claude_opus_4_8_max,54.54162651725867,4
880,kimi_k3_max,43.48801034295562,5
880,gpt_5_6_sol_max,35.443929699950544,6
880,gemini_3_1_pro_high,30.220814753422395,7
881,gpt_5_6_sol_max,69.87685949745739,1
881,gpt_5_5_xhigh,47.18739064840373,2
881,claude_fable_5_max,45.5704205268725,3
881,claude_opus_4_8_max,40.373157959288406,4
881,qwen3_8_max,30.016612076818195,5
881,gemini_3_1_pro_high,23.572518047660687,6
881,kimi_k3_max,12.64322283028203,7
882,claude_opus_4_8_max,82.93089255678053,1
882,qwen3_8_max,47.901792339792664,2
882,gpt_5_5_xhigh,39.87003539745592,3
882,kimi_k3_max,35.339395743758146,4
882,gemini_3_1_pro_high,31.701241346873932,5
882,gpt_5_6_sol_max,20.735415331852675,6
882,claude_fable_5_max,18.81431770837998,7
883,claude_opus_4_8_max,76.58973423917104,1
883,gpt_5_6_sol_max,76.54892645890614,2
883,qwen3_8_max,68.33233977476621,3
883,gemini_3_1_pro_high,41.54907166703503,4
883,claude_fable_5_max,39.66229599005804,5
883,gpt_5_5_xhigh,30.185600482641785,6
883,kimi_k3_max,29.212977319181707,7
884,gpt_5_5_xhigh,60.85975728983092,1
884,claude_fable_5_max,53.590084356756,2
884,kimi_k3_max,49.172173620636904,3
884,gpt_5_6_sol_max,40.258907693497925,4
884,claude_opus_4_8_max,39.87515951819422,5
884,qwen3_8_max,36.953593017643094,6
884,gemini_3_1_pro_high,24.837548549694105,7
885,kimi_k3_max,69.8967315710621,1
885,gpt_5_5_xhigh,68.66581928799826,2
885,qwen3_8_max,55.15934063096903,3
885,gpt_5_6_sol_max,49.960993467094625,4
885,claude_fable_5_max,47.30692943985523,5
885,claude_opus_4_8_max,36.19611242893223,6
885,gemini_3_1_pro_high,28.53727195071392,7
886,gpt_5_5_xhigh,54.353745881739115,1
886,gemini_3_1_pro_high,52.853231865564666,2
886,claude_fable_5_max,52.5043710096609,3
886,qwen3_8_max,48.13387413561652,4
886,claude_opus_4_8_max,45.878715614544504,5
886,kimi_k3_max,42.896288634446634,6
886,gpt_5_6_sol_max,16.73860957497479,7
887,gemini_3_1_pro_high,82.94065984104975,1
887,qwen3_8_max,76.4183747377938,2
887,kimi_k3_max,69.43093985509975,3
887,claude_fable_5_max,58.55684168418023,4
887,gpt_5_6_sol_max,48.152286853241975,5
887,gpt_5_5_xhigh,32.59995371075458,6
887,claude_opus_4_8_max,31.11679417007304,7
888,qwen3_8_max,78.50886830846139,1
888,kimi_k3_max,56.16465138975748,2
888,gpt_5_6_sol_max,43.68302066509456,3
888,claude_fable_5_max,42.754863743821744,4
888,gpt_5_5_xhigh,40.84061959475346,5
888,claude_opus_4_8_max,39.874414726678914,6
888,gemini_3_1_pro_high,35.79768254794591,7
889,kimi_k3_max,75.74343086314333,1
889,qwen3_8_max,60.2685033729674,2
889,gemini_3_1_pro_high,53.12795084918412,3
889,claude_fable_5_max,46.90260004881042,4
889,gpt_5_5_xhigh,40.00487035073013,5
889,gpt_5_6_sol_max,38.26842586379075,6
889,claude_opus_4_8_max,28.79101168940322,7
890,qwen3_8_max,71.53285503914582,1
890,gpt_5_6_sol_max,62.540066212000966,2
890,gemini_3_1_pro_high,40.26387807681586,3
890,kimi_k3_max,40.13343783694521,4
890,claude_opus_4_8_max,34.34516718425111,5
890,claude_fable_5_max,29.01214771261173,6
890,gpt_5_5_xhigh,24.233432496866932,7
891,qwen3_8_max,65.83920683580338,1
891,gpt_5_5_xhigh,57.44565712304537,2
891,kimi_k3_max,51.49831838427541,3
891,gemini_3_1_pro_high,39.5064801604586,4
891,gpt_5_6_sol_max,39.270232818277066,5
891,claude_fable_5_max,30.714515043972128,6
891,claude_opus_4_8_max,27.915822432302697,7
892,gpt_5_6_sol_max,71.88494767518596,1
892,gpt_5_5_xhigh,66.968285520115,2
892,gemini_3_1_pro_high,58.51351764940482,3
892,kimi_k3_max,39.883555360403605,4
892,claude_fable_5_max,36.22957076829779,5
892,claude_opus_4_8_max,32.17429589568223,6
892,qwen3_8_max,25.253203494469556,7
893,claude_opus_4_8_max,72.12943562934426,1
893,gpt_5_5_xhigh,64.36055424283045,2
893,gpt_5_6_sol_max,50.5889736511931,3
893,claude_fable_5_max,40.61301693944462,4
893,qwen3_8_max,40.32281702273928,5
893,kimi_k3_max,27.189942798851874,6
893,gemini_3_1_pro_high,18.279597054124874,7
894,gpt_5_6_sol_max,87.3502429564739,1
894,claude_fable_5_max,67.69301049311952,2
894,kimi_k3_max,56.41395194381601,3
894,gemini_3_1_pro_high,48.86720312155279,4
894,claude_opus_4_8_max,47.76369186141171,5
894,qwen3_8_max,42.22056077696236,6
894,gpt_5_5_xhigh,24.573834364019813,7
895,gemini_3_1_pro_high,85.48443544427815,1
895,kimi_k3_max,81.31400614202146,2
895,qwen3_8_max,79.63988075102954,3
895,gpt_5_6_sol_max,56.73049206357226,4
895,gpt_5_5_xhigh,43.74653245588,5
895,claude_fable_5_max,32.21128592465952,6
895,claude_opus_4_8_max,6.887182647965137,7
896,kimi_k3_max,65.50714061576375,1
896,gemini_3_1_pro_high,59.29257641703179,2
896,gpt_5_6_sol_max,52.50481868291964,3
896,gpt_5_5_xhigh,47.7580680651507,4
896,qwen3_8_max,45.66418347790669,5
896,claude_fable_5_max,44.91357460518198,6
896,claude_opus_4_8_max,33.54696845238571,7
897,kimi_k3_max,94.7216091275609,1
897,gpt_5_5_xhigh,78.08554066323734,2
897,claude_fable_5_max,53.09071251428869,3
897,qwen3_8_max,40.921937976147994,4
897,claude_opus_4_8_max,34.20546646978701,5
897,gemini_3_1_pro_high,33.4685067015506,6
897,gpt_5_6_sol_max,31.150287758683056,7
898,gpt_5_6_sol_max,80.3160002630506,1
898,claude_opus_4_8_max,59.084469969957816,2
898,gemini_3_1_pro_high,43.266594966096704,3
898,gpt_5_5_xhigh,41.599740066920745,4
898,qwen3_8_max,34.598597823557824,5
898,claude_fable_5_max,25.176907700397102,6
898,kimi_k3_max,15.830425011338733,7
899,claude_fable_5_max,65.06064625580535,1
899,kimi_k3_max,61.85832088479587,2
899,gpt_5_5_xhigh,61.12181447162576,3
899,gpt_5_6_sol_max,55.10045148563962,4
899,claude_opus_4_8_max,45.78059305369221,5
899,qwen3_8_max,44.46461358578049,6
899,gemini_3_1_pro_high,32.72248008380065,7
900,claude_fable_5_max,93.91289817426811,1
900,kimi_k3_max,76.47824325287372,2
900,gpt_5_6_sol_max,72.25008797338963,3
900,gpt_5_5_xhigh,53.61753202772498,4
900,claude_opus_4_8_max,40.36799774201969,5
900,gemini_3_1_pro_high,40.29517897136096,6
900,qwen3_8_max,27.195723034651568,7
901,kimi_k3_max,60.8863777356333,1
901,gemini_3_1_pro_high,52.51965879112455,2
901,gpt_5_6_sol_max,50.42202961621481,3
901,claude_opus_4_8_max,48.24604780011295,4
901,claude_fable_5_max,39.311129052518396,5
901,gpt_5_5_xhigh,38.67477768413681,6
901,qwen3_8_max,18.537616538968443,7
902,claude_opus_4_8_max,71.67557098071583,1
902,gemini_3_1_pro_high,66.01076143795694,2
902,gpt_5_5_xhigh,57.31676757915778,3
902,gpt_5_6_sol_max,37.42911796062308,4
902,kimi_k3_max,34.40725589237625,5
902,qwen3_8_max,29.620445646955208,6
902,claude_fable_5_max,20.122521632762748,7
903,kimi_k3_max,85.87308264731685,1
903,claude_opus_4_8_max,70.70514020488612,2
903,gemini_3_1_pro_high,57.640760812291234,3
903,claude_fable_5_max,53.189072364899296,4
903,qwen3_8_max,51.27721120357561,5
903,gpt_5_6_sol_max,35.75128469282191,6
903,gpt_5_5_xhigh,32.26218113957462,7
904,gpt_5_5_xhigh,62.84961240133093,1
904,gpt_5_6_sol_max,48.60441155311199,2
904,kimi_k3_max,33.86655454953456,3
904,claude_opus_4_8_max,32.989455133857,4
904,gemini_3_1_pro_high,30.91901979571235,5
904,qwen3_8_max,22.446723458598417,6
904,claude_fable_5_max,20.324387418623925,7
905,kimi_k3_max,78.25391810367898,1
905,qwen3_8_max,73.00943956870609,2
905,gemini_3_1_pro_high,48.91748474822271,3
905,gpt_5_6_sol_max,41.15876877436582,4
905,claude_opus_4_8_max,33.58004455719811,5
905,gpt_5_5_xhigh,33.20815869373633,6
905,claude_fable_5_max,8.847937171201641,7
906,gpt_5_6_sol_max,90.40863098452726,1
906,kimi_k3_max,89.05607497743205,2
906,qwen3_8_max,71.44066127689375,3
906,claude_opus_4_8_max,45.28593616441119,4
906,claude_fable_5_max,45.14302644070455,5
906,gemini_3_1_pro_high,19.64212747565577,6
906,gpt_5_5_xhigh,9.53082874147556,7
907,qwen3_8_max,71.82801706775535,1
907,gemini_3_1_pro_high,68.10501974778643,2
907,claude_fable_5_max,61.77731727385137,3
907,gpt_5_5_xhigh,51.8505125870288,4
907,gpt_5_6_sol_max,43.1538422777363,5
907,kimi_k3_max,28.687376764021582,6
907,claude_opus_4_8_max,21.57046834386102,7
908,gpt_5_5_xhigh,69.79727229606658,1
908,claude_fable_5_max,59.318083808273165,2
908,qwen3_8_max,49.08007347272829,3
908,gemini_3_1_pro_high,40.27037956161972,4
908,kimi_k3_max,24.807179217214767,5
908,claude_opus_4_8_max,24.070606840339526,6
908,gpt_5_6_sol_max,19.61376264931881,7
909,gpt_5_5_xhigh,70.69692896206743,1
909,claude_opus_4_8_max,58.74851351732717,2
909,kimi_k3_max,57.49438418517352,3
909,claude_fable_5_max,55.71843514099842,4
909,gemini_3_1_pro_high,44.60823753673135,5
909,gpt_5_6_sol_max,39.24539059088693,6
909,qwen3_8_max,22.77813371901121,7
910,claude_fable_5_max,87.0257836710481,1
910,qwen3_8_max,52.74718898320809,2
910,gpt_5_6_sol_max,51.241797012196145,3
910,gpt_5_5_xhigh,45.09644246086526,4
910,gemini_3_1_pro_high,44.145791348153026,5
910,claude_opus_4_8_max,44.141209688042224,6
910,kimi_k3_max,37.3983669508852,7
911,gpt_5_5_xhigh,76.6388926590077,1
911,gpt_5_6_sol_max,58.80114763371908,2
911,gemini_3_1_pro_high,31.499078177315596,3
911,claude_fable_5_max,30.990059225595264,4
911,kimi_k3_max,29.814982182193877,5
911,qwen3_8_max,20.00472556536011,6
911,claude_opus_4_8_max,12.105854901061079,7
912,qwen3_8_max,84.12359525805068,1
912,gemini_3_1_pro_high,73.49921377592398,2
912,gpt_5_6_sol_max,71.77539552899589,3
912,gpt_5_5_xhigh,62.69403024952807,4
912,claude_fable_5_max,54.52087311335299,5
912,kimi_k3_max,27.002731499671476,6
912,claude_opus_4_8_max,21.237725491127428,7
913,gpt_5_5_xhigh,59.87211133450921,1
913,qwen3_8_max,51.646885799608,2
913,claude_fable_5_max,46.167768257628836,3
913,gpt_5_6_sol_max,42.572183576516906,4
913,kimi_k3_max,38.75414064681146,5
913,gemini_3_1_pro_high,28.141202295669377,6
913,claude_opus_4_8_max,25.181051847884163,7
914,gpt_5_5_xhigh,57.34935990800784,1
914,claude_opus_4_8_max,45.736438891457865,2
914,claude_fable_5_max,44.40574974002116,3
914,gpt_5_6_sol_max,41.26027391851217,4
914,qwen3_8_max,37.31901913224467,5
914,gemini_3_1_pro_high,36.279845680322374,6
914,kimi_k3_max,6.863874390777923,7
915,claude_opus_4_8_max,64.75693984210575,1
915,gpt_5_6_sol_max,58.97198169204805,2
915,qwen3_8_max,51.31598278062934,3
915,kimi_k3_max,48.58080105686669,4
915,gemini_3_1_pro_high,33.284700611553006,5
915,gpt_5_5_xhigh,21.17962599606636,6
915,claude_fable_5_max,14.672885063750535,7
916,claude_fable_5_max,93.7570342005208,1
916,kimi_k3_max,72.24328005857228,2
916,gpt_5_5_xhigh,65.79311136885093,3
916,gemini_3_1_pro_high,56.73138208113406,4
916,gpt_5_6_sol_max,43.81205366484565,5
916,claude_opus_4_8_max,38.87296620307191,6
916,qwen3_8_max,16.87637298549172,7
917,claude_opus_4_8_max,77.6120307217665,1
917,claude_fable_5_max,72.06269960800317,2
917,kimi_k3_max,54.902717444225416,3
917,qwen3_8_max,46.93549059488444,4
917,gpt_5_6_sol_max,45.970622604520806,5
917,gpt_5_5_xhigh,44.30463477140196,6
917,gemini_3_1_pro_high,32.288638366154885,7
918,gpt_5_5_xhigh,66.63601618444906,1
918,claude_fable_5_max,60.801782947517836,2
918,kimi_k3_max,42.1611466326979,3
918,gpt_5_6_sol_max,41.24152993133612,4
918,claude_opus_4_8_max,26.999676134619012,5
918,gemini_3_1_pro_high,26.39095225820853,6
918,qwen3_8_max,21.697622271709985,7
919,kimi_k3_max,61.5051718937287,1
919,claude_opus_4_8_max,58.52847879988871,2
919,claude_fable_5_max,45.725783693745136,3
919,qwen3_8_max,40.09861323341363,4
919,gpt_5_5_xhigh,28.256449106813868,5
919,gemini_3_1_pro_high,27.176492975342143,6
919,gpt_5_6_sol_max,14.893963531750709,7
920,kimi_k3_max,83.00500106508088,1
920,gpt_5_5_xhigh,67.23788388721982,2
920,gemini_3_1_pro_high,61.959610570095464,3
920,claude_opus_4_8_max,61.30783488383645,4
920,gpt_5_6_sol_max,48.02613098914821,5
920,qwen3_8_max,23.68359575494295,6
920,claude_fable_5_max,23.06552515203198,7
921,gpt_5_6_sol_max,76.20637004384906,1
921,claude_fable_5_max,62.967332298929705,2
921,claude_opus_4_8_max,48.44962329926568,3
921,qwen3_8_max,45.4793461004316,4
921,gpt_5_5_xhigh,40.93135272035364,5
921,kimi_k3_max,36.26864412058844,6
921,gemini_3_1_pro_high,34.86249091008786,7
922,claude_opus_4_8_max,64.87541142717126,1
922,qwen3_8_max,56.4509460809729,2
922,gpt_5_6_sol_max,56.312414702923604,3
922,gpt_5_5_xhigh,47.018313884955184,4
922,gemini_3_1_pro_high,34.96371440450896,5
922,claude_fable_5_max,25.752333543245435,6
922,kimi_k3_max,24.242753083868866,7
923,claude_fable_5_max,80.96084603130832,1
923,gpt_5_6_sol_max,56.957681061606756,2
923,qwen3_8_max,50.07035122501067,3
923,kimi_k3_max,49.236948771504714,4
923,gpt_5_5_xhigh,45.12628354721994,5
923,claude_opus_4_8_max,43.4276367495028,6
923,gemini_3_1_pro_high,31.67149248030326,7
924,gpt_5_6_sol_max,83.57493416244054,1
924,gpt_5_5_xhigh,54.28994313945287,2
924,claude_fable_5_max,51.90394585917285,3
924,claude_opus_4_8_max,50.635613812064996,4
924,gemini_3_1_pro_high,32.598708504640406,5
924,kimi_k3_max,19.474642888889008,6
924,qwen3_8_max,15.89065158730114,7
925,gpt_5_6_sol_max,83.94916226398895,1
925,gpt_5_5_xhigh,78.48404525689051,2
925,claude_opus_4_8_max,50.32681692125869,3
925,kimi_k3_max,43.95171037546258,4
925,gemini_3_1_pro_high,41.09104547160387,5
925,qwen3_8_max,40.42189073048573,6
925,claude_fable_5_max,6.804669934692159,7
926,gemini_3_1_pro_high,68.25921634725864,1
926,gpt_5_6_sol_max,64.17553283548379,2
926,kimi_k3_max,55.61475652279264,3
926,claude_fable_5_max,51.384625287818665,4
926,gpt_5_5_xhigh,48.87203203666411,5
926,qwen3_8_max,48.25035347140275,6
926,claude_opus_4_8_max,28.824635323976473,7
927,gemini_3_1_pro_high,68.59739917491054,1
927,kimi_k3_max,53.804278162038095,2
927,claude_opus_4_8_max,46.15672258580081,3
927,gpt_5_6_sol_max,41.07175693400066,4
927,claude_fable_5_max,35.56115593527055,5
927,qwen3_8_max,23.323908746454876,6
927,gpt_5_5_xhigh,20.113637566570443,7
928,gpt_5_6_sol_max,77.66511709226553,1
928,qwen3_8_max,52.722128512928336,2
928,gpt_5_5_xhigh,47.92304479422141,3
928,kimi_k3_max,40.84334261625448,4
928,claude_opus_4_8_max,38.33392588616926,5
928,claude_fable_5_max,31.710521370959537,6
928,gemini_3_1_pro_high,21.624987488178885,7
929,claude_fable_5_max,78.7585652433019,1
929,claude_opus_4_8_max,76.47606800164027,2
929,gemini_3_1_pro_high,67.0817006267337,3
929,qwen3_8_max,62.75856617319741,4
929,gpt_5_5_xhigh,43.89558285026449,5
929,kimi_k3_max,42.211590195074955,6
929,gpt_5_6_sol_max,30.10713883927885,7
930,gpt_5_6_sol_max,79.75532342243812,1
930,claude_fable_5_max,66.9425681113344,2
930,gemini_3_1_pro_high,47.86752304508052,3
930,qwen3_8_max,46.87860861088696,4
930,claude_opus_4_8_max,42.59765005317999,5
930,kimi_k3_max,36.33405409187685,6
930,gpt_5_5_xhigh,22.133048968693053,7
931,kimi_k3_max,87.23808086837644,1
931,claude_opus_4_8_max,49.10133884403519,2
931,gpt_5_5_xhigh,44.84771015485043,3
931,gpt_5_6_sol_max,44.08519663787315,4
931,qwen3_8_max,39.603329225868784,5
931,claude_fable_5_max,19.713967574901638,6
931,gemini_3_1_pro_high,10.299294676514974,7
932,gpt_5_5_xhigh,60.31498170074027,1
932,claude_opus_4_8_max,53.98334031537353,2
932,gemini_3_1_pro_high,49.42881782202068,3
932,claude_fable_5_max,44.20382632761074,4
932,kimi_k3_max,42.08058150223873,5
932,qwen3_8_max,38.195353113050984,6
932,gpt_5_6_sol_max,31.603732327748705,7
933,claude_fable_5_max,80.04250277874303,1
933,gpt_5_5_xhigh,49.800864594792515,2
933,gpt_5_6_sol_max,49.69580554194967,3
933,gemini_3_1_pro_high,31.142463507289175,4
933,qwen3_8_max,29.679616619277986,5
933,claude_opus_4_8_max,28.004392893917668,6
933,kimi_k3_max,8.099297233067777,7
934,kimi_k3_max,84.68772584350958,1
934,gemini_3_1_pro_high,57.72689183324735,2
934,claude_fable_5_max,42.70126468414144,3
934,gpt_5_5_xhigh,34.604351302007146,4
934,claude_opus_4_8_max,33.1246428403876,5
934,qwen3_8_max,30.627022514956657,6
934,gpt_5_6_sol_max,16.681130702951357,7
935,kimi_k3_max,68.42271831652161,1
935,claude_opus_4_8_max,62.20802625993804,2
935,gpt_5_5_xhigh,54.58557386121373,3
935,claude_fable_5_max,52.69440203347882,4
935,gpt_5_6_sol_max,45.507152014986175,5
935,qwen3_8_max,34.63201383768977,6
935,gemini_3_1_pro_high,18.446516943233117,7
936,claude_fable_5_max,68.01783107898795,1
936,gpt_5_6_sol_max,60.038497333359565,2
936,kimi_k3_max,59.782061059176385,3
936,gemini_3_1_pro_high,53.63433557187778,4
936,qwen3_8_max,31.703385508875314,5
936,gpt_5_5_xhigh,27.323803118486367,6
936,claude_opus_4_8_max,19.70767872772222,7
937,gemini_3_1_pro_high,75.82240384606307,1
937,claude_fable_5_max,70.02787099684463,2
937,gpt_5_5_xhigh,59.70650085613033,3
937,claude_opus_4_8_max,50.28760440624349,4
937,kimi_k3_max,40.616955651024206,5
937,qwen3_8_max,27.676488268622883,6
937,gpt_5_6_sol_max,26.66201457848822,7
938,claude_opus_4_8_max,58.27804578204434,1
938,claude_fable_5_max,56.697247792148836,2
938,qwen3_8_max,38.521733703554645,3
938,gpt_5_5_xhigh,36.536541803013165,4
938,gemini_3_1_pro_high,30.62125225330079,5
938,kimi_k3_max,27.678281244442687,6
938,gpt_5_6_sol_max,24.24719117717455,7
939,claude_opus_4_8_max,70.534518610509,1
939,gpt_5_6_sol_max,60.3996901999848,2
939,claude_fable_5_max,60.037317522808586,3
939,qwen3_8_max,55.92869068782811,4
939,gpt_5_5_xhigh,46.94161691808252,5
939,gemini_3_1_pro_high,24.33949544012933,6
939,kimi_k3_max,20.553653798729343,7
940,claude_opus_4_8_max,68.33114481147057,1
940,qwen3_8_max,67.13359304249929,2
940,kimi_k3_max,60.020839969563255,3
940,gemini_3_1_pro_high,59.685227924484366,4
940,claude_fable_5_max,53.99017231481031,5
940,gpt_5_5_xhigh,25.84805434743266,6
940,gpt_5_6_sol_max,24.080799054388738,7
941,gpt_5_6_sol_max,70.44759751610715,1
941,gemini_3_1_pro_high,62.3720821724058,2
941,claude_opus_4_8_max,58.60535261182684,3
941,kimi_k3_max,45.08543872033611,4
941,qwen3_8_max,40.91305292851155,5
941,claude_fable_5_max,37.57322286610209,6
941,gpt_5_5_xhigh,25.846295097287886,7
942,gpt_5_6_sol_max,79.50595252151285,1
942,gpt_5_5_xhigh,44.27349319568848,2
942,qwen3_8_max,38.807451274029475,3
942,claude_fable_5_max,31.437997408926588,4
942,gemini_3_1_pro_high,28.593861181440626,5
942,kimi_k3_max,16.908339235741305,6
942,claude_opus_4_8_max,15.577220332275118,7
943,gpt_5_5_xhigh,77.33720800506016,1
943,claude_fable_5_max,52.906664191090435,2
943,claude_opus_4_8_max,41.486204615165086,3
943,gpt_5_6_sol_max,38.48318191703659,4
943,gemini_3_1_pro_high,37.492346227981905,5
943,qwen3_8_max,29.469192059329455,6
943,kimi_k3_max,21.49204322643898,7
944,kimi_k3_max,84.3375758974899,1
944,claude_opus_4_8_max,68.39181574664441,2
944,claude_fable_5_max,56.159597807457594,3
944,gemini_3_1_pro_high,42.32150533187406,4
944,qwen3_8_max,42.24419094443054,5
944,gpt_5_6_sol_max,29.705763064752908,6
944,gpt_5_5_xhigh,27.706508852791245,7
945,claude_fable_5_max,83.15416356161816,1
945,gemini_3_1_pro_high,67.46346615616164,2
945,qwen3_8_max,55.67135475723049,3
945,claude_opus_4_8_max,42.64952234588354,4
945,kimi_k3_max,38.16950513399746,5
945,gpt_5_6_sol_max,37.37656522017482,6
945,gpt_5_5_xhigh,28.54517924598814,7
946,gpt_5_6_sol_max,77.39532986001552,1
946,claude_opus_4_8_max,57.02471911902142,2
946,gpt_5_5_xhigh,50.19597970591343,3
946,qwen3_8_max,48.39374096977177,4
946,claude_fable_5_max,45.97195807781948,5
946,kimi_k3_max,45.77583680094264,6
946,gemini_3_1_pro_high,14.092112276444343,7
947,kimi_k3_max,58.984439622160004,1
947,gpt_5_5_xhigh,55.90385491267549,2
947,claude_fable_5_max,46.97734870488233,3
947,claude_opus_4_8_max,45.868443337410596,4
947,gpt_5_6_sol_max,40.11519740206417,5
947,qwen3_8_max,28.74515734425207,6
947,gemini_3_1_pro_high,8.704796627474552,7
948,claude_fable_5_max,85.64165198978654,1
948,gpt_5_6_sol_max,79.83604587296495,2
948,gemini_3_1_pro_high,70.46777095242604,3
948,qwen3_8_max,49.955349557460664,4
948,claude_opus_4_8_max,49.051574468862164,5
948,kimi_k3_max,35.33338622111475,6
948,gpt_5_5_xhigh,31.965394804224317,7
949,claude_fable_5_max,76.5402404706605,1
949,gpt_5_5_xhigh,67.94947478094377,2
949,claude_opus_4_8_max,56.64079915749113,3
949,qwen3_8_max,43.43616227319738,4
949,kimi_k3_max,38.74914638469645,5
949,gemini_3_1_pro_high,38.679649346210056,6
949,gpt_5_6_sol_max,11.683601472349809,7
950,claude_fable_5_max,72.95745883249944,1
950,kimi_k3_max,60.71777606607516,2
950,gpt_5_6_sol_max,51.78323013697531,3
950,gemini_3_1_pro_high,35.20502132167319,4
950,claude_opus_4_8_max,33.46624866623072,5
950,qwen3_8_max,32.973141440131,6
950,gpt_5_5_xhigh,28.024567889526246,7
951,kimi_k3_max,80.05275709886155,1
951,gpt_5_5_xhigh,78.60825462888647,2
951,claude_opus_4_8_max,66.50148426153976,3
951,qwen3_8_max,54.907918155630114,4
951,gpt_5_6_sol_max,46.68698359944537,5
951,claude_fable_5_max,39.42577001256742,6
951,gemini_3_1_pro_high,33.68464011641033,7
952,gpt_5_5_xhigh,64.82565929568796,1
952,qwen3_8_max,47.17405483354017,2
952,claude_fable_5_max,44.39886248672887,3
952,claude_opus_4_8_max,37.837420444020374,4
952,gemini_3_1_pro_high,33.938839990582196,5
952,kimi_k3_max,32.5765636541245,6
952,gpt_5_6_sol_max,19.307818216403696,7
953,gpt_5_5_xhigh,60.58189285228417,1
953,kimi_k3_max,58.231838871351975,2
953,gemini_3_1_pro_high,56.53825896190433,3
953,claude_opus_4_8_max,44.94469841167407,4
953,qwen3_8_max,42.37264430698193,5
953,gpt_5_6_sol_max,30.433455059360625,6
953,claude_fable_5_max,17.37836737189505,7
954,claude_fable_5_max,76.50900239659082,1
954,claude_opus_4_8_max,60.46194135745428,2
954,gpt_5_5_xhigh,54.42108477372659,3
954,kimi_k3_max,49.08044029547172,4
954,gemini_3_1_pro_high,36.973274337619024,5
954,qwen3_8_max,15.883406973784275,6
954,gpt_5_6_sol_max,9.172430416416214,7
955,gpt_5_6_sol_max,84.51383967021167,1
955,kimi_k3_max,53.39134896556993,2
955,claude_opus_4_8_max,45.67549258168873,3
955,claude_fable_5_max,39.51015114294524,4
955,gemini_3_1_pro_high,36.163026632745,5
955,qwen3_8_max,26.01292605327522,6
955,gpt_5_5_xhigh,25.746860018057113,7
956,gpt_5_6_sol_max,67.24665848879746,1
956,claude_opus_4_8_max,56.03214982581987,2
956,claude_fable_5_max,47.343843084867615,3
956,gemini_3_1_pro_high,37.24343473138482,4
956,qwen3_8_max,23.827833935928336,5
956,kimi_k3_max,16.31588996167748,6
956,gpt_5_5_xhigh,14.857466820593187,7
957,kimi_k3_max,74.93050347593041,1
957,qwen3_8_max,73.79997145390719,2
957,claude_opus_4_8_max,66.0981625752561,3
957,gemini_3_1_pro_high,47.65843729744441,4
957,gpt_5_6_sol_max,44.161270904542484,5
957,gpt_5_5_xhigh,43.86516844786017,6
957,claude_fable_5_max,38.8571649903098,7
958,claude_fable_5_max,62.79679821285491,1
958,gpt_5_6_sol_max,41.54177303663742,2
958,qwen3_8_max,39.31173041964959,3
958,claude_opus_4_8_max,38.539992419192984,4
958,gpt_5_5_xhigh,28.477747902498052,5
958,kimi_k3_max,25.16950185303814,6
958,gemini_3_1_pro_high,16.04015680110829,7
959,kimi_k3_max,63.28428343444604,1
959,gpt_5_5_xhigh,57.99757612054323,2
959,claude_fable_5_max,56.92785308800378,3
959,gpt_5_6_sol_max,40.49635407974224,4
959,claude_opus_4_8_max,34.74724520230682,5
959,gemini_3_1_pro_high,34.09771291278496,6
959,qwen3_8_max,32.062715966854554,7
960,claude_opus_4_8_max,63.83149998296316,1
960,gpt_5_6_sol_max,62.0082824293972,2
960,kimi_k3_max,41.55894501166786,3
960,qwen3_8_max,40.64912896813748,4
960,gpt_5_5_xhigh,37.93479710375365,5
960,gemini_3_1_pro_high,26.40814093087955,6
960,claude_fable_5_max,20.929833590051814,7
961,qwen3_8_max,71.20614273415288,1
961,kimi_k3_max,66.27843403209451,2
961,claude_opus_4_8_max,54.46211168496072,3
961,gpt_5_5_xhigh,48.600665946122334,4
961,gemini_3_1_pro_high,45.90729475973621,5
961,gpt_5_6_sol_max,38.84891084486689,6
961,claude_fable_5_max,35.05279427876176,7
962,kimi_k3_max,74.99994689988236,1
962,claude_opus_4_8_max,54.24550204919852,2
962,qwen3_8_max,53.14843524225049,3
962,claude_fable_5_max,42.233013154020156,4
962,gpt_5_5_xhigh,37.283981456589906,5
962,gpt_5_6_sol_max,33.366520842454875,6
962,gemini_3_1_pro_high,26.546142697403774,7
963,kimi_k3_max,86.57932021753106,1
963,gemini_3_1_pro_high,63.083712376093786,2
963,claude_fable_5_max,54.466841862453464,3
963,gpt_5_5_xhigh,48.51389855661763,4
963,gpt_5_6_sol_max,47.43170267332131,5
963,qwen3_8_max,37.216989496110656,6
963,claude_opus_4_8_max,18.75432606940543,7
964,claude_fable_5_max,68.00445258306354,1
964,gpt_5_5_xhigh,55.93676512655354,2
964,qwen3_8_max,50.94494459172567,3
964,claude_opus_4_8_max,38.71687409584938,4
964,kimi_k3_max,36.141558062813885,5
964,gemini_3_1_pro_high,25.745952474191803,6
964,gpt_5_6_sol_max,23.691212568773224,7
965,gemini_3_1_pro_high,73.02604068608105,1
965,gpt_5_6_sol_max,58.04302296463244,2
965,kimi_k3_max,45.56847210606871,3
965,gpt_5_5_xhigh,45.52363033468937,4
965,qwen3_8_max,44.03612842102515,5
965,claude_opus_4_8_max,39.625187736429126,6
965,claude_fable_5_max,38.98881041711788,7
966,claude_opus_4_8_max,72.67490714662861,1
966,kimi_k3_max,63.235744576330006,2
966,gpt_5_5_xhigh,50.631260606566975,3
966,qwen3_8_max,43.99371545937736,4
966,gemini_3_1_pro_high,37.661763157800934,5
966,gpt_5_6_sol_max,37.12663652613914,6
966,claude_fable_5_max,36.4224934779449,7
967,gpt_5_5_xhigh,69.78463999998414,1
967,gpt_5_6_sol_max,67.76358646108817,2
967,claude_opus_4_8_max,46.234312989318404,3
967,gemini_3_1_pro_high,41.92712095680702,4
967,qwen3_8_max,38.821966324585176,5
967,kimi_k3_max,21.741390939817283,6
967,claude_fable_5_max,20.685587157414332,7
968,claude_opus_4_8_max,56.22830613961787,1
968,claude_fable_5_max,51.84975684807288,2
968,qwen3_8_max,43.95064292269805,3
968,gpt_5_6_sol_max,42.4260335210856,4
968,kimi_k3_max,27.89350710712141,5
968,gemini_3_1_pro_high,21.96349484199378,6
968,gpt_5_5_xhigh,17.022586560423456,7
969,gpt_5_6_sol_max,65.64684665368097,1
969,qwen3_8_max,59.12652686350947,2
969,claude_fable_5_max,56.96651268767225,3
969,gemini_3_1_pro_high,49.82638586979881,4
969,kimi_k3_max,45.30235788254831,5
969,claude_opus_4_8_max,41.19893362873744,6
969,gpt_5_5_xhigh,41.18862764987625,7
970,gpt_5_5_xhigh,65.73668618644126,1
970,gpt_5_6_sol_max,62.045275333751206,2
970,gemini_3_1_pro_high,61.782816979464314,3
970,kimi_k3_max,52.08776835502357,4
970,claude_fable_5_max,50.62316686928484,5
970,qwen3_8_max,25.30551601106812,6
970,claude_opus_4_8_max,21.742022911825053,7
971,claude_fable_5_max,82.63828569233924,1
971,gemini_3_1_pro_high,51.669698670063305,2
971,qwen3_8_max,43.13963563320779,3
971,gpt_5_6_sol_max,41.86799866838782,4
971,gpt_5_5_xhigh,39.30960599208525,5
971,kimi_k3_max,33.66542552032688,6
971,claude_opus_4_8_max,22.293896702463257,7
972,qwen3_8_max,88.23002066423157,1
972,gpt_5_5_xhigh,54.49852111373785,2
972,claude_opus_4_8_max,52.20976441351691,3
972,gpt_5_6_sol_max,42.96469471367044,4
972,kimi_k3_max,41.93284906055182,5
972,claude_fable_5_max,38.54632784045703,6
972,gemini_3_1_pro_high,30.247765480183414,7
973,claude_opus_4_8_max,74.28872623489056,1
973,kimi_k3_max,73.66325832500901,2
973,gpt_5_5_xhigh,64.17083944190574,3
973,gpt_5_6_sol_max,58.262806078555144,4
973,qwen3_8_max,49.197829908178804,5
973,gemini_3_1_pro_high,46.919700975903446,6
973,claude_fable_5_max,20.648027263936648,7
974,claude_opus_4_8_max,74.93341370878943,1
974,gpt_5_5_xhigh,70.64573614889491,2
974,gemini_3_1_pro_high,65.34292441516584,3
974,gpt_5_6_sol_max,56.37713601750936,4
974,qwen3_8_max,43.99191710112661,5
974,claude_fable_5_max,41.02973528426737,6
974,kimi_k3_max,20.294276811233004,7
975,claude_fable_5_max,84.47859252578266,1
975,qwen3_8_max,80.3434214490888,2
975,gemini_3_1_pro_high,78.2250250464349,3
975,gpt_5_6_sol_max,58.83228321311301,4
975,kimi_k3_max,52.686791554620136,5
975,gpt_5_5_xhigh,35.68852185340191,6
975,claude_opus_4_8_max,8.513696674412566,7
976,gpt_5_6_sol_max,83.55634379320945,1
976,gemini_3_1_pro_high,76.8551498349582,2
976,claude_fable_5_max,57.5396022221546,3
976,qwen3_8_max,43.69911253889607,4
976,gpt_5_5_xhigh,41.93827368185837,5
976,claude_opus_4_8_max,35.92604080054442,6
976,kimi_k3_max,24.959327375508252,7
977,claude_fable_5_max,83.58298266191676,1
977,gpt_5_5_xhigh,54.80464794172331,2
977,gemini_3_1_pro_high,44.29626758622801,3
977,claude_opus_4_8_max,44.22170714240946,4
977,qwen3_8_max,38.4479989327039,5
977,kimi_k3_max,32.293394723394854,6
977,gpt_5_6_sol_max,24.339655506889542,7
978,kimi_k3_max,75.05280677634669,1
978,claude_fable_5_max,59.5083229403394,2
978,gpt_5_6_sol_max,55.47023780007063,3
978,gemini_3_1_pro_high,39.70683889600319,4
978,qwen3_8_max,37.88271889969765,5
978,gpt_5_5_xhigh,37.77402984132438,6
978,claude_opus_4_8_max,34.43978538008271,7
979,gpt_5_5_xhigh,67.22264961266794,1
979,kimi_k3_max,45.16123926912259,2
979,claude_opus_4_8_max,41.484737981818384,3
979,qwen3_8_max,32.86151600199389,4
979,claude_fable_5_max,31.210256399423574,5
979,gemini_3_1_pro_high,30.965107000678593,6
979,gpt_5_6_sol_max,26.420691842013543,7
980,kimi_k3_max,85.12112047695334,1
980,gemini_3_1_pro_high,67.96302677357039,2
980,gpt_5_5_xhigh,58.356935053855985,3
980,gpt_5_6_sol_max,52.11129646322808,4
980,claude_opus_4_8_max,45.7313311880029,5
980,claude_fable_5_max,40.90545288608054,6
980,qwen3_8_max,29.32597979347975,7
981,gpt_5_6_sol_max,68.07854652497763,1
981,kimi_k3_max,66.79595563841204,2
981,gemini_3_1_pro_high,54.89800917158994,3
981,qwen3_8_max,52.80069473400974,4
981,claude_fable_5_max,42.88799077626115,5
981,gpt_5_5_xhigh,39.20989518591147,6
981,claude_opus_4_8_max,24.747484806464044,7
982,claude_opus_4_8_max,61.743069912783525,1
982,gpt_5_5_xhigh,57.44830162476555,2
982,gemini_3_1_pro_high,56.96096447713027,3
982,claude_fable_5_max,52.379567929879016,4
982,kimi_k3_max,34.35027523931967,5
982,gpt_5_6_sol_max,34.31184981765449,6
982,qwen3_8_max,32.58710790635589,7
983,claude_fable_5_max,86.22181777291054,1
983,gpt_5_5_xhigh,50.601960940747915,2
983,qwen3_8_max,48.48506900081368,3
983,gpt_5_6_sol_max,38.88328981377414,4
983,claude_opus_4_8_max,37.08288318624224,5
983,kimi_k3_max,25.283534819885702,6
983,gemini_3_1_pro_high,22.522529184507057,7
984,claude_fable_5_max,63.50316860380018,1
984,gpt_5_6_sol_max,55.09619910178294,2
984,claude_opus_4_8_max,53.46937760136518,3
984,qwen3_8_max,52.436263685356614,4
984,kimi_k3_max,38.809967731467374,5
984,gemini_3_1_pro_high,30.346645671647224,6
984,gpt_5_5_xhigh,27.465943077307323,7
985,claude_fable_5_max,62.6786143309235,1
985,gpt_5_6_sol_max,59.17472784587014,2
985,qwen3_8_max,55.4151156451089,3
985,gpt_5_5_xhigh,50.168701561532146,4
985,gemini_3_1_pro_high,47.81102373976283,5
985,kimi_k3_max,41.738207041873956,6
985,claude_opus_4_8_max,23.481320314749563,7
986,claude_fable_5_max,81.95022068069667,1
986,gemini_3_1_pro_high,51.99978192978377,2
986,kimi_k3_max,50.03502335734842,3
986,qwen3_8_max,47.9467206137429,4
986,gpt_5_5_xhigh,42.34359867706878,5
986,claude_opus_4_8_max,36.69676528560294,6
986,gpt_5_6_sol_max,19.733853684586396,7
987,gpt_5_5_xhigh,70.12879726753863,1
987,kimi_k3_max,52.31814695231364,2
987,gpt_5_6_sol_max,37.39135430693974,3
987,gemini_3_1_pro_high,33.97777959804277,4
987,claude_fable_5_max,29.59728572051964,5
987,claude_opus_4_8_max,28.38596541772189,6
987,qwen3_8_max,20.897932335983366,7
988,gemini_3_1_pro_high,78.12594339564792,1
988,claude_fable_5_max,63.65599409638158,2
988,gpt_5_6_sol_max,62.97764024874914,3
988,kimi_k3_max,56.53840527174244,4
988,gpt_5_5_xhigh,46.37263983524247,5
988,qwen3_8_max,42.44304914078161,6
988,claude_opus_4_8_max,19.164960615062856,7
989,qwen3_8_max,68.72690624466601,1
989,claude_opus_4_8_max,68.0523475925755,2
989,gpt_5_6_sol_max,57.85684698872646,3
989,claude_fable_5_max,33.95810471489504,4
989,gpt_5_5_xhigh,31.781583756387207,5
989,kimi_k3_max,25.45043396457462,6
989,gemini_3_1_pro_high,24.18344250669653,7
990,kimi_k3_max,81.84658208188007,1
990,gemini_3_1_pro_high,61.28200870927828,2
990,gpt_5_6_sol_max,55.22180211534458,3
990,claude_fable_5_max,55.21731100229547,4
990,claude_opus_4_8_max,38.0591079225462,5
990,qwen3_8_max,37.59168755713297,6
990,gpt_5_5_xhigh,20.316447934203406,7
991,claude_fable_5_max,68.86364858446049,1
991,gpt_5_5_xhigh,54.439141607058424,2
991,qwen3_8_max,39.689524028418475,3
991,gpt_5_6_sol_max,29.949653912484692,4
991,claude_opus_4_8_max,28.351643092588187,5
991,kimi_k3_max,24.829917769673852,6
991,gemini_3_1_pro_high,19.099176095438576,7
992,claude_opus_4_8_max,77.70806310187389,1
992,gpt_5_5_xhigh,58.95664330286334,2
992,qwen3_8_max,56.33658568304146,3
992,kimi_k3_max,56.13831988953028,4
992,claude_fable_5_max,43.949613852054725,5
992,gpt_5_6_sol_max,31.174767253873462,6
992,gemini_3_1_pro_high,26.64604513296419,7
993,claude_fable_5_max,68.16161764670427,1
993,gpt_5_6_sol_max,62.396542418750634,2
993,claude_opus_4_8_max,54.61475693394448,3
993,qwen3_8_max,46.03961336335537,4
993,gpt_5_5_xhigh,36.81450675507853,5
993,kimi_k3_max,25.18305341243381,6
993,gemini_3_1_pro_high,3.04508787726544,7
994,claude_opus_4_8_max,88.294426623551,1
994,qwen3_8_max,78.54032056537244,2
994,gpt_5_6_sol_max,71.97062298231059,3
994,kimi_k3_max,48.758193972696944,4
994,gemini_3_1_pro_high,29.475350129631508,5
994,claude_fable_5_max,26.429958080500285,6
994,gpt_5_5_xhigh,15.627870560416659,7
995,claude_fable_5_max,77.34798375568204,1
995,qwen3_8_max,57.88035442109546,2
995,gpt_5_5_xhigh,50.876699725600645,3
995,gpt_5_6_sol_max,50.3777900816043,4
995,kimi_k3_max,37.41210990965498,5
995,gemini_3_1_pro_high,35.14978540114089,6
995,claude_opus_4_8_max,25.47581694679302,7
996,kimi_k3_max,65.77730172107762,1
996,claude_fable_5_max,64.84545609973742,2
996,gpt_5_5_xhigh,51.67334271259864,3
996,gemini_3_1_pro_high,45.73134111092557,4
996,claude_opus_4_8_max,42.550584621927264,5
996,qwen3_8_max,38.75104371579073,6
996,gpt_5_6_sol_max,32.90023527605416,7
997,claude_fable_5_max,71.86748251202368,1
997,gemini_3_1_pro_high,68.70303578942381,2
997,kimi_k3_max,47.15461726932003,3
997,qwen3_8_max,44.84193529452968,4
997,gpt_5_5_xhigh,38.61556374259543,5
997,claude_opus_4_8_max,36.2428462738619,6
997,gpt_5_6_sol_max,7.381040600233387,7
998,gpt_5_5_xhigh,53.81642604037807,1
998,gemini_3_1_pro_high,51.43765231712069,2
998,kimi_k3_max,40.48883908393878,3
998,claude_fable_5_max,37.71478599485012,4
998,gpt_5_6_sol_max,37.41117827641571,5
998,claude_opus_4_8_max,35.11373297460877,6
998,qwen3_8_max,4.379576181780224,7
999,claude_fable_5_max,87.37767255679437,1
999,qwen3_8_max,75.65791393763507,2
999,gemini_3_1_pro_high,56.33858559415364,3
999,gpt_5_5_xhigh,53.983789140320965,4
999,kimi_k3_max,52.35222124237416,5
999,gpt_5_6_sol_max,45.4054154068487,6
999,claude_opus_4_8_max,36.52404682850523,7
1000,claude_fable_5_max,77.57184790948008,1
1000,claude_opus_4_8_max,69.3708961840263,2
1000,gpt_5_6_sol_max,60.25032384334996,3
1000,gpt_5_5_xhigh,47.66518163824463,4
1000,qwen3_8_max,45.3191648554642,5
1000,gemini_3_1_pro_high,39.74910513029783,6
1000,kimi_k3_max,20.302256646023043,7
1001,claude_opus_4_8_max,76.35190070972058,1
1001,claude_fable_5_max,69.7617473065769,2
1001,gpt_5_5_xhigh,67.72435781760947,3
1001,gpt_5_6_sol_max,46.5227173654302,4
1001,kimi_k3_max,40.578855905978884,5
1001,qwen3_8_max,35.5538607092743,6
1001,gemini_3_1_pro_high,13.265833900504179,7
1002,claude_fable_5_max,96.5056991374768,1
1002,kimi_k3_max,59.78578438806569,2
1002,gpt_5_6_sol_max,45.84737122975048,3
1002,gpt_5_5_xhigh,42.59564263020988,4
1002,gemini_3_1_pro_high,32.26314994157738,5
1002,claude_opus_4_8_max,18.678537131886053,6
1002,qwen3_8_max,4.1122948168268865,7
1003,kimi_k3_max,84.34790491629452,1
1003,gpt_5_6_sol_max,74.19278946521779,2
1003,gpt_5_5_xhigh,45.042878551714956,3
1003,gemini_3_1_pro_high,33.5022224241201,4
1003,claude_opus_4_8_max,30.013424149692675,5
1003,claude_fable_5_max,19.920864721500944,6
1003,qwen3_8_max,19.671419076222136,7
1004,kimi_k3_max,70.63784239314671,1
1004,claude_fable_5_max,63.97457134378155,2
1004,qwen3_8_max,57.48639599500274,3
1004,gpt_5_6_sol_max,56.4542413194645,4
1004,gemini_3_1_pro_high,43.2599517018237,5
1004,claude_opus_4_8_max,42.99447739208955,6
1004,gpt_5_5_xhigh,28.834550770954536,7
1005,gpt_5_6_sol_max,80.80996798967472,1
1005,claude_fable_5_max,75.84988375061079,2
1005,kimi_k3_max,68.90804813500469,3
1005,qwen3_8_max,42.654445278176546,4
1005,claude_opus_4_8_max,42.0091509736069,5
1005,gemini_3_1_pro_high,31.47380463863701,6
1005,gpt_5_5_xhigh,29.890059000253444,7
1006,claude_fable_5_max,82.20405422890204,1
1006,gpt_5_6_sol_max,73.58276560564715,2
1006,gemini_3_1_pro_high,72.98191378303258,3
1006,kimi_k3_max,69.53791709227302,4
1006,gpt_5_5_xhigh,63.861698236555746,5
1006,qwen3_8_max,57.439006161520695,6
1006,claude_opus_4_8_max,38.57726783497001,7
1007,claude_opus_4_8_max,93.85790075532475,1
1007,gemini_3_1_pro_high,69.24063888938886,2
1007,qwen3_8_max,54.34708017368078,3
1007,gpt_5_6_sol_max,53.0910930968055,4
1007,gpt_5_5_xhigh,46.826617017584,5
1007,kimi_k3_max,35.5465877503559,6
1007,claude_fable_5_max,24.494544307632363,7
1008,gemini_3_1_pro_high,86.52425345443883,1
1008,qwen3_8_max,74.1549554456627,2
1008,gpt_5_6_sol_max,61.05649965164927,3
1008,gpt_5_5_xhigh,50.59156539358631,4
1008,kimi_k3_max,44.9218250321704,5
1008,claude_fable_5_max,38.21464743940136,6
1008,claude_opus_4_8_max,15.45724034363379,7
1009,gpt_5_5_xhigh,79.59118951297906,1
1009,claude_fable_5_max,53.9961505757847,2
1009,claude_opus_4_8_max,39.57892211979629,3
1009,gpt_5_6_sol_max,38.093765243891276,4
1009,gemini_3_1_pro_high,37.99380456425976,5
1009,qwen3_8_max,34.76861567874185,6
1009,kimi_k3_max,31.534618585645173,7
1010,gpt_5_6_sol_max,65.55691050294537,1
1010,kimi_k3_max,49.31311335133318,2
1010,gemini_3_1_pro_high,47.787891195853234,3
1010,claude_opus_4_8_max,47.67483027215174,4
1010,claude_fable_5_max,42.563014605523236,5
1010,qwen3_8_max,40.929573832961545,6
1010,gpt_5_5_xhigh,23.69200787149878,7
1011,claude_fable_5_max,77.6792399559555,1
1011,kimi_k3_max,55.858087679002956,2
1011,gemini_3_1_pro_high,50.090916129285496,3
1011,claude_opus_4_8_max,39.10179028846342,4
1011,gpt_5_5_xhigh,38.23459918870394,5
1011,qwen3_8_max,25.708280405446995,6
1011,gpt_5_6_sol_max,24.561430576515757,7
1012,claude_opus_4_8_max,91.50193035762445,1
1012,gemini_3_1_pro_high,73.07970410899406,2
1012,claude_fable_5_max,51.108287400970404,3
1012,kimi_k3_max,49.119498790701186,4
1012,qwen3_8_max,46.81633625947667,5
1012,gpt_5_6_sol_max,44.58677358140787,6
1012,gpt_5_5_xhigh,28.020269979529047,7
1013,gpt_5_6_sol_max,82.85240067589002,1
1013,claude_fable_5_max,81.33870700689334,2
1013,kimi_k3_max,60.30051283822962,3
1013,claude_opus_4_8_max,45.833744147653846,4
1013,gemini_3_1_pro_high,37.517672738304064,5
1013,qwen3_8_max,18.88222001352168,6
1013,gpt_5_5_xhigh,16.47071167721677,7
1014,claude_fable_5_max,88.35761801210569,1
1014,gpt_5_6_sol_max,69.6377336018566,2
1014,gemini_3_1_pro_high,52.587891638257695,3
1014,qwen3_8_max,41.44101964716394,4
1014,kimi_k3_max,36.99877692816162,5
1014,gpt_5_5_xhigh,35.52625419017265,6
1014,claude_opus_4_8_max,19.03222298315804,7
1015,gpt_5_6_sol_max,78.2594437072816,1
1015,claude_fable_5_max,61.87540711302134,2
1015,qwen3_8_max,58.269534878014824,3
1015,gpt_5_5_xhigh,47.824914046605535,4
1015,kimi_k3_max,45.69726776372944,5
1015,gemini_3_1_pro_high,40.09534773502812,6
1015,claude_opus_4_8_max,32.684271683364294,7
1016,kimi_k3_max,73.60669665562781,1
1016,gpt_5_5_xhigh,56.4086171529995,2
1016,gemini_3_1_pro_high,49.8093134568013,3
1016,claude_fable_5_max,46.07845614314419,4
1016,claude_opus_4_8_max,44.71414027845837,5
1016,gpt_5_6_sol_max,30.75728508668919,6
1016,qwen3_8_max,28.94047214767134,7
1017,qwen3_8_max,70.69857902547011,1
1017,kimi_k3_max,69.43732701870401,2
1017,gpt_5_5_xhigh,59.36312520147117,3
1017,claude_fable_5_max,50.099794484191456,4
1017,claude_opus_4_8_max,50.0248775078943,5
1017,gemini_3_1_pro_high,33.34250167643954,6
1017,gpt_5_6_sol_max,17.432612427235327,7
1018,gpt_5_6_sol_max,82.38922546150147,1
1018,claude_fable_5_max,70.61029519255817,2
1018,gpt_5_5_xhigh,61.89962315460294,3
1018,gemini_3_1_pro_high,53.611496483903196,4
1018,qwen3_8_max,45.30056094446192,5
1018,kimi_k3_max,30.996520217369607,6
1018,claude_opus_4_8_max,26.450873359506875,7
1019,claude_opus_4_8_max,74.4837897349216,1
1019,gemini_3_1_pro_high,65.96378720739976,2
1019,claude_fable_5_max,55.79544670143787,3
1019,qwen3_8_max,48.40780579557543,4
1019,kimi_k3_max,34.980503166738586,5
1019,gpt_5_6_sol_max,34.769081301193886,6
1019,gpt_5_5_xhigh,28.04408092666082,7
1020,claude_fable_5_max,62.548898057416224,1
1020,gemini_3_1_pro_high,44.66907880478339,2
1020,gpt_5_5_xhigh,44.48691190399599,3
1020,qwen3_8_max,42.06327792966809,4
1020,claude_opus_4_8_max,37.511445180523765,5
1020,gpt_5_6_sol_max,16.812097950046212,6
1020,kimi_k3_max,8.506541492999856,7
1021,claude_fable_5_max,55.97339672228016,1
1021,gemini_3_1_pro_high,55.90998005527182,2
1021,kimi_k3_max,42.95660225459705,3
1021,qwen3_8_max,40.55436657570505,4
1021,gpt_5_5_xhigh,32.959943673631614,5
1021,claude_opus_4_8_max,32.52892290438953,6
1021,gpt_5_6_sol_max,18.37159078924205,7
1022,gpt_5_5_xhigh,76.50671429888905,1
1022,gpt_5_6_sol_max,71.17602449543776,2
1022,claude_fable_5_max,56.20127238934576,3
1022,qwen3_8_max,50.216453074484335,4
1022,claude_opus_4_8_max,37.1465386134264,5
1022,gemini_3_1_pro_high,32.82690095550124,6
1022,kimi_k3_max,16.482069831825775,7
1023,gemini_3_1_pro_high,58.572612708837184,1
1023,claude_opus_4_8_max,50.094075437245166,2
1023,kimi_k3_max,50.07303782566997,3
1023,gpt_5_6_sol_max,45.89056221887626,4
1023,gpt_5_5_xhigh,37.45287459174829,5
1023,claude_fable_5_max,33.86481247300916,6
1023,qwen3_8_max,33.020870275834156,7
1024,gpt_5_6_sol_max,76.87677444860508,1
1024,kimi_k3_max,60.057391475232066,2
1024,gemini_3_1_pro_high,55.507030821301036,3
1024,claude_fable_5_max,46.612271322491004,4
1024,claude_opus_4_8_max,46.08194899665561,5
1024,gpt_5_5_xhigh,31.599516726598427,6
1024,qwen3_8_max,19.026959161683898,7
1025,claude_fable_5_max,91.14669939565522,1
1025,gpt_5_6_sol_max,57.19841645531379,2
1025,gemini_3_1_pro_high,56.758175899618216,3
1025,qwen3_8_max,42.45291661058647,4
1025,gpt_5_5_xhigh,38.010214534106936,5
1025,claude_opus_4_8_max,30.6953363667579,6
1025,kimi_k3_max,28.631516927111146,7
1026,gpt_5_5_xhigh,77.59124683044001,1
1026,kimi_k3_max,46.882323754673216,2
1026,gemini_3_1_pro_high,46.07955206558536,3
1026,qwen3_8_max,41.937198348580935,4
1026,claude_opus_4_8_max,34.63079577901953,5
1026,gpt_5_6_sol_max,21.19229656837708,6
1026,claude_fable_5_max,7.346222052804325,7
1027,gpt_5_6_sol_max,78.69960731089446,1
1027,claude_opus_4_8_max,64.85068360591949,2
1027,claude_fable_5_max,40.29692339022073,3
1027,gpt_5_5_xhigh,38.28915650165608,4
1027,kimi_k3_max,32.93612886137856,5
1027,qwen3_8_max,12.378097469450202,6
1027,gemini_3_1_pro_high,11.72608710550592,7
1028,claude_opus_4_8_max,76.28998359628591,1
1028,gemini_3_1_pro_high,57.684804730643215,2
1028,claude_fable_5_max,57.23778755579073,3
1028,qwen3_8_max,48.21198202074709,4
1028,gpt_5_6_sol_max,46.564517217813446,5
1028,gpt_5_5_xhigh,43.397840412921894,6
1028,kimi_k3_max,15.362011956699044,7
1029,gpt_5_5_xhigh,72.16871615820243,1
1029,kimi_k3_max,70.02961269036005,2
1029,qwen3_8_max,59.94835727255247,3
1029,claude_opus_4_8_max,59.476778295839324,4
1029,claude_fable_5_max,51.52835592215722,5
1029,gpt_5_6_sol_max,32.57697165840036,6
1029,gemini_3_1_pro_high,26.754118930080203,7
1030,gpt_5_6_sol_max,64.6097658714131,1
1030,gemini_3_1_pro_high,63.653705600990875,2
1030,claude_fable_5_max,39.149501686552746,3
1030,qwen3_8_max,31.754254581584117,4
1030,claude_opus_4_8_max,30.086112325148925,5
1030,kimi_k3_max,30.06436467671815,6
1030,gpt_5_5_xhigh,21.961765972824956,7
1031,gpt_5_6_sol_max,74.37195401134674,1
1031,gpt_5_5_xhigh,74.29634274961722,2
1031,qwen3_8_max,68.52805089018165,3
1031,claude_fable_5_max,47.779484506748034,4
1031,gemini_3_1_pro_high,16.61522325617894,5
1031,claude_opus_4_8_max,16.154367019685118,6
1031,kimi_k3_max,15.894909204102673,7
1032,gemini_3_1_pro_high,74.03509849710254,1
1032,gpt_5_6_sol_max,63.385373429354075,2
1032,qwen3_8_max,45.2782992431807,3
1032,claude_opus_4_8_max,42.82490304984294,4
1032,gpt_5_5_xhigh,33.36502850226595,5
1032,claude_fable_5_max,29.47535532079023,6
1032,kimi_k3_max,15.240126988137675,7
1033,gemini_3_1_pro_high,65.81354597628462,1
1033,gpt_5_6_sol_max,59.9045207675656,2
1033,claude_opus_4_8_max,56.36912165752689,3
1033,qwen3_8_max,37.78378185210531,4
1033,gpt_5_5_xhigh,27.422015205159582,5
1033,claude_fable_5_max,26.24642513676837,6
1033,kimi_k3_max,16.304316220048012,7
1034,claude_fable_5_max,69.65927095663781,1
1034,qwen3_8_max,66.7853287867113,2
1034,kimi_k3_max,64.03874878189654,3
1034,gpt_5_6_sol_max,43.748365650298304,4
1034,gemini_3_1_pro_high,33.162771360655626,5
1034,claude_opus_4_8_max,25.35353242133715,6
1034,gpt_5_5_xhigh,17.162335538819192,7
1035,gemini_3_1_pro_high,69.41914221144691,1
1035,qwen3_8_max,61.83946806704312,2
1035,gpt_5_6_sol_max,57.368374928717756,3
1035,gpt_5_5_xhigh,54.43209296989864,4
1035,claude_fable_5_max,47.37815609981517,5
1035,kimi_k3_max,35.561465339072065,6
1035,claude_opus_4_8_max,24.278409883329807,7
1036,gpt_5_5_xhigh,73.06377735385468,1
1036,gpt_5_6_sol_max,59.65445393883686,2
1036,claude_fable_5_max,50.257551910940904,3
1036,kimi_k3_max,33.551438480681234,4
1036,gemini_3_1_pro_high,27.50414048325065,5
1036,qwen3_8_max,22.659652886243702,6
1036,claude_opus_4_8_max,14.305099829428531,7
1037,gemini_3_1_pro_high,62.524400405911706,1
1037,kimi_k3_max,58.792600995551204,2
1037,claude_fable_5_max,50.64606599670479,3
1037,gpt_5_5_xhigh,34.293007011302365,4
1037,gpt_5_6_sol_max,29.031282927264485,5
1037,claude_opus_4_8_max,23.15195894416535,6
1037,qwen3_8_max,21.52857133711757,7
1038,kimi_k3_max,66.08452184896963,1
1038,gpt_5_6_sol_max,65.90244805555959,2
1038,qwen3_8_max,43.585661035381335,3
1038,gemini_3_1_pro_high,39.0003785449199,4
1038,claude_fable_5_max,22.254581422432807,5
1038,claude_opus_4_8_max,21.694452670018382,6
1038,gpt_5_5_xhigh,15.938281237814177,7
1039,claude_fable_5_max,75.28179054263693,1
1039,gpt_5_6_sol_max,70.66817402190475,2
1039,qwen3_8_max,58.829842099131824,3
1039,kimi_k3_max,43.4092143071252,4
1039,gemini_3_1_pro_high,42.336666781679746,5
1039,claude_opus_4_8_max,32.66987491404285,6
1039,gpt_5_5_xhigh,31.25534061621218,7
1040,claude_opus_4_8_max,71.10024966336995,1
1040,gpt_5_5_xhigh,58.65323103133842,2
1040,gpt_5_6_sol_max,55.47275538582166,3
1040,qwen3_8_max,45.82812294906123,4
1040,gemini_3_1_pro_high,39.18543502241414,5
1040,kimi_k3_max,28.71713026055752,6
1040,claude_fable_5_max,17.03376643640679,7
1041,qwen3_8_max,71.15076495339636,1
1041,claude_fable_5_max,58.559348099887956,2
1041,gpt_5_6_sol_max,55.48367578630373,3
1041,kimi_k3_max,51.7418209097781,4
1041,gpt_5_5_xhigh,47.19462517251918,5
1041,gemini_3_1_pro_high,42.59944373440727,6
1041,claude_opus_4_8_max,41.1877296048142,7
1042,claude_fable_5_max,72.48397982710085,1
1042,kimi_k3_max,63.51522274825939,2
1042,claude_opus_4_8_max,59.48095396566454,3
1042,qwen3_8_max,40.864661582429505,4
1042,gpt_5_6_sol_max,34.74089944113857,5
1042,gpt_5_5_xhigh,26.73021365585335,6
1042,gemini_3_1_pro_high,19.207032098569243,7
1043,gpt_5_6_sol_max,86.07705431914948,1
1043,claude_opus_4_8_max,56.27731384506033,2
1043,claude_fable_5_max,55.19676869747276,3
1043,qwen3_8_max,46.738309123482765,4
1043,kimi_k3_max,38.39528019640801,5
1043,gpt_5_5_xhigh,30.48947376095505,6
1043,gemini_3_1_pro_high,23.034858985098598,7
1044,claude_fable_5_max,83.33889617835345,1
1044,qwen3_8_max,53.53869227653277,2
1044,gpt_5_5_xhigh,46.86795421577939,3
1044,kimi_k3_max,45.10863580557215,4
1044,gpt_5_6_sol_max,43.31167244204444,5
1044,claude_opus_4_8_max,32.73439504306397,6
1044,gemini_3_1_pro_high,28.139333045150174,7
1045,kimi_k3_max,81.0866677604259,1
1045,qwen3_8_max,65.18920413206605,2
1045,claude_fable_5_max,63.22187219928873,3
1045,gemini_3_1_pro_high,35.743213102528294,4
1045,gpt_5_6_sol_max,27.72942386461988,5
1045,gpt_5_5_xhigh,22.518382570703857,6
1045,claude_opus_4_8_max,21.168234122494546,7
1046,gpt_5_6_sol_max,70.95175722906009,1
1046,qwen3_8_max,70.60655420714895,2
1046,claude_fable_5_max,58.82570946259726,3
1046,gemini_3_1_pro_high,55.69322075262231,4
1046,kimi_k3_max,48.06293481648398,5
1046,gpt_5_5_xhigh,39.79409470585843,6
1046,claude_opus_4_8_max,26.745628733842178,7
1047,kimi_k3_max,77.5473149713956,1
1047,gpt_5_5_xhigh,58.29347653248527,2
1047,gemini_3_1_pro_high,55.76030195810388,3
1047,qwen3_8_max,49.51429905364534,4
1047,claude_opus_4_8_max,33.52528123390238,5
1047,claude_fable_5_max,31.342760110569685,6
1047,gpt_5_6_sol_max,27.947884147758074,7
1048,claude_fable_5_max,72.45074738766519,1
1048,qwen3_8_max,72.4350280313403,2
1048,kimi_k3_max,60.319245560718784,3
1048,gpt_5_5_xhigh,58.78095037966336,4
1048,gemini_3_1_pro_high,40.30369497827364,5
1048,claude_opus_4_8_max,37.80459030050312,6
1048,gpt_5_6_sol_max,28.55780568783144,7
1049,gpt_5_6_sol_max,84.27379146175085,1
1049,qwen3_8_max,54.30118938881276,2
1049,kimi_k3_max,45.23169696060595,3
1049,claude_opus_4_8_max,42.83221501314463,4
1049,gpt_5_5_xhigh,37.344153917135365,5
1049,claude_fable_5_max,35.405790153077795,6
1049,gemini_3_1_pro_high,34.85591913199109,7
1050,gpt_5_6_sol_max,86.75988716636323,1
1050,kimi_k3_max,58.583898254848236,2
1050,gemini_3_1_pro_high,52.087712335445744,3
1050,gpt_5_5_xhigh,44.224836305784144,4
1050,qwen3_8_max,36.70753270918444,5
1050,claude_fable_5_max,35.585897306719005,6
1050,claude_opus_4_8_max,26.89809238011571,7
1051,claude_fable_5_max,53.45393078328246,1
1051,gemini_3_1_pro_high,53.385380081058784,2
1051,gpt_5_5_xhigh,43.06406400859568,3
1051,claude_opus_4_8_max,40.684331827733324,4
1051,gpt_5_6_sol_max,38.915123720931966,5
1051,qwen3_8_max,36.63532104010727,6
1051,kimi_k3_max,33.52256030963822,7
1052,gpt_5_5_xhigh,80.07729298825289,1
1052,gemini_3_1_pro_high,68.5046683139045,2
1052,claude_fable_5_max,62.93696937183085,3
1052,gpt_5_6_sol_max,59.321204989384235,4
1052,kimi_k3_max,35.817585926447364,5
1052,claude_opus_4_8_max,24.89934621901728,6
1052,qwen3_8_max,18.1336029337436,7
1053,kimi_k3_max,82.54752185484536,1
1053,gemini_3_1_pro_high,61.00242313235473,2
1053,qwen3_8_max,48.27140020769596,3
1053,claude_fable_5_max,37.05478956523474,4
1053,claude_opus_4_8_max,36.503751990876765,5
1053,gpt_5_5_xhigh,35.64985083145444,6
1053,gpt_5_6_sol_max,33.03798057415463,7
1054,claude_opus_4_8_max,69.47219616780362,1
1054,kimi_k3_max,63.57659629587384,2
1054,gpt_5_6_sol_max,57.739452900338826,3
1054,gemini_3_1_pro_high,49.24357953561882,4
1054,qwen3_8_max,43.709904696214764,5
1054,gpt_5_5_xhigh,39.4037875092559,6
1054,claude_fable_5_max,15.94066321254179,7
1055,gpt_5_5_xhigh,93.97691887212842,1
1055,gpt_5_6_sol_max,77.6357409154347,2
1055,claude_opus_4_8_max,64.06427111321301,3
1055,claude_fable_5_max,61.36538725810701,4
1055,qwen3_8_max,54.32589505947112,5
1055,kimi_k3_max,39.814012086617424,6
1055,gemini_3_1_pro_high,37.42323907232725,7
1056,claude_fable_5_max,62.488376907851496,1
1056,gpt_5_6_sol_max,62.022370556963665,2
1056,qwen3_8_max,53.638264640397644,3
1056,claude_opus_4_8_max,44.346902216648296,4
1056,kimi_k3_max,42.74642765932842,5
1056,gemini_3_1_pro_high,40.706976868051925,6
1056,gpt_5_5_xhigh,25.9093779429091,7
1057,gpt_5_6_sol_max,73.17129353081572,1
1057,claude_fable_5_max,70.9336385997092,2
1057,gemini_3_1_pro_high,59.46349520383146,3
1057,claude_opus_4_8_max,43.05287176282296,4
1057,gpt_5_5_xhigh,42.8540129462362,5
1057,qwen3_8_max,35.37923856149281,6
1057,kimi_k3_max,29.061939510324883,7
1058,kimi_k3_max,72.32149367050302,1
1058,claude_opus_4_8_max,61.858680727338175,2
1058,qwen3_8_max,57.221866915469036,3
1058,claude_fable_5_max,41.706695029820466,4
1058,gpt_5_6_sol_max,36.56703413334519,5
1058,gemini_3_1_pro_high,33.84121554641767,6
1058,gpt_5_5_xhigh,23.162960628935405,7
1059,gpt_5_6_sol_max,81.2097262033186,1
1059,claude_fable_5_max,74.01530007274702,2
1059,kimi_k3_max,50.59332420026084,3
1059,qwen3_8_max,47.01874494245064,4
1059,claude_opus_4_8_max,33.94137586459599,5
1059,gpt_5_5_xhigh,25.874224910697478,6
1059,gemini_3_1_pro_high,24.146966487343416,7
1060,claude_fable_5_max,70.9613867136211,1
1060,gpt_5_5_xhigh,60.99758332925096,2
1060,qwen3_8_max,58.340196672513954,3
1060,gpt_5_6_sol_max,47.520091463522135,4
1060,gemini_3_1_pro_high,43.974676974731345,5
1060,kimi_k3_max,33.86135770255052,6
1060,claude_opus_4_8_max,19.936581617545517,7
1061,gpt_5_6_sol_max,72.2658398868154,1
1061,claude_fable_5_max,67.19365060992978,2
1061,kimi_k3_max,51.79281933673772,3
1061,claude_opus_4_8_max,49.78545934563695,4
1061,gpt_5_5_xhigh,45.33944675704319,5
1061,qwen3_8_max,36.619099574733966,6
1061,gemini_3_1_pro_high,34.157941116233275,7
1062,gpt_5_5_xhigh,62.71053559235584,1
1062,claude_opus_4_8_max,62.04891596884672,2
1062,gemini_3_1_pro_high,53.95671108424682,3
1062,kimi_k3_max,49.59582882407943,4
1062,qwen3_8_max,34.54453314344739,5
1062,gpt_5_6_sol_max,32.9522865295711,6
1062,claude_fable_5_max,26.334455782163054,7
1063,claude_fable_5_max,66.15363480225335,1
1063,gemini_3_1_pro_high,64.22391103526851,2
1063,claude_opus_4_8_max,60.16756342012213,3
1063,gpt_5_5_xhigh,47.00274220336446,4
1063,gpt_5_6_sol_max,45.69449003693439,5
1063,qwen3_8_max,35.66030258547757,6
1063,kimi_k3_max,23.0196858983907,7
1064,kimi_k3_max,75.71078423771216,1
1064,gpt_5_5_xhigh,53.600020008912566,2
1064,qwen3_8_max,40.08603216404131,3
1064,claude_opus_4_8_max,37.74227702502798,4
1064,gpt_5_6_sol_max,37.15413019935832,5
1064,gemini_3_1_pro_high,36.05690681819639,6
1064,claude_fable_5_max,10.958210761008532,7
1065,claude_fable_5_max,81.84296749391245,1
1065,claude_opus_4_8_max,65.63920980635599,2
1065,gemini_3_1_pro_high,62.95782283441967,3
1065,gpt_5_5_xhigh,42.204949423153465,4
1065,qwen3_8_max,40.923489702101804,5
1065,gpt_5_6_sol_max,38.9623309589789,6
1065,kimi_k3_max,32.07202731720926,7
1066,gemini_3_1_pro_high,84.21018038814235,1
1066,gpt_5_6_sol_max,54.62971764303923,2
1066,kimi_k3_max,48.308372298067844,3
1066,gpt_5_5_xhigh,36.019118759204964,4
1066,qwen3_8_max,32.3058402887242,5
1066,claude_fable_5_max,30.591569577120843,6
1066,claude_opus_4_8_max,24.24378613554636,7
1067,gpt_5_6_sol_max,75.0052443715224,1
1067,kimi_k3_max,62.141227347593215,2
1067,gemini_3_1_pro_high,43.913759857255975,3
1067,claude_fable_5_max,33.58261830865303,4
1067,qwen3_8_max,24.281367641219923,5
1067,claude_opus_4_8_max,23.925884099474022,6
1067,gpt_5_5_xhigh,19.120382264032532,7
1068,claude_fable_5_max,74.59317016423537,1
1068,gpt_5_6_sol_max,60.57322242457427,2
1068,gpt_5_5_xhigh,56.56396476662946,3
1068,gemini_3_1_pro_high,50.93781024284761,4
1068,kimi_k3_max,40.48396544379008,5
1068,qwen3_8_max,27.752754162373556,6
1068,claude_opus_4_8_max,17.821839253248168,7
1069,gpt_5_6_sol_max,83.9721475293868,1
1069,qwen3_8_max,62.6941261253653,2
1069,claude_opus_4_8_max,52.750154428566034,3
1069,kimi_k3_max,48.18276794879148,4
1069,gpt_5_5_xhigh,42.24890969930733,5
1069,claude_fable_5_max,40.855183358761536,6
1069,gemini_3_1_pro_high,14.08883671357165,7
1070,gpt_5_5_xhigh,72.66535715208973,1
1070,gpt_5_6_sol_max,59.89172402158785,2
1070,gemini_3_1_pro_high,54.54174784473874,3
1070,claude_opus_4_8_max,54.53510549052571,4
1070,kimi_k3_max,35.724724912786826,5
1070,qwen3_8_max,35.5294006392501,6
1070,claude_fable_5_max,29.662709999031154,7
1071,claude_opus_4_8_max,70.78847817028091,1
1071,gpt_5_6_sol_max,61.735358343759316,2
1071,qwen3_8_max,59.10158398599849,3
1071,gemini_3_1_pro_high,39.42812080264651,4
1071,claude_fable_5_max,32.62969009781117,5
1071,gpt_5_5_xhigh,26.33762929412672,6
1071,kimi_k3_max,23.59435175526677,7
1072,claude_fable_5_max,89.57132556923617,1
1072,claude_opus_4_8_max,69.86905373889286,2
1072,gpt_5_6_sol_max,39.00266894580237,3
1072,kimi_k3_max,30.01518551291646,4
1072,gemini_3_1_pro_high,25.948110032861948,5
1072,gpt_5_5_xhigh,24.465343807635875,6
1072,qwen3_8_max,18.335835348383792,7
1073,claude_opus_4_8_max,61.49469014915593,1
1073,claude_fable_5_max,59.984727236840754,2
1073,gemini_3_1_pro_high,44.67152939177393,3
1073,gpt_5_5_xhigh,43.09378101728113,4
1073,qwen3_8_max,36.9310063141529,5
1073,kimi_k3_max,30.21262129163685,6
1073,gpt_5_6_sol_max,17.245916671648494,7
1074,claude_opus_4_8_max,69.82736764456388,1
1074,claude_fable_5_max,53.16099824713659,2
1074,kimi_k3_max,49.51644704929211,3
1074,gpt_5_6_sol_max,45.26928895111942,4
1074,qwen3_8_max,38.12315120678569,5
1074,gemini_3_1_pro_high,32.905426288347506,6
1074,gpt_5_5_xhigh,26.045373460027356,7
1075,gpt_5_5_xhigh,61.30997514797346,1
1075,claude_fable_5_max,53.7258032275449,2
1075,claude_opus_4_8_max,50.59835019469182,3
1075,qwen3_8_max,39.15735999610421,4
1075,gemini_3_1_pro_high,38.61372855503929,5
1075,gpt_5_6_sol_max,21.349197678695276,6
1075,kimi_k3_max,14.677686888718442,7
1076,qwen3_8_max,85.87247385877052,1
1076,gemini_3_1_pro_high,75.01498426060928,2
1076,claude_fable_5_max,73.12656300529045,3
1076,claude_opus_4_8_max,52.586640684674464,4
1076,kimi_k3_max,38.21287557155924,5
1076,gpt_5_6_sol_max,28.02415644376004,6
1076,gpt_5_5_xhigh,27.120610719579954,7
1077,kimi_k3_max,66.48114308039521,1
1077,claude_opus_4_8_max,57.30694906844566,2
1077,claude_fable_5_max,56.8992621721367,3
1077,qwen3_8_max,55.03691188104473,4
1077,gpt_5_6_sol_max,48.4191509044131,5
1077,gpt_5_5_xhigh,41.02509526541879,6
1077,gemini_3_1_pro_high,39.30964232416464,7
1078,kimi_k3_max,91.41421766354598,1
1078,gpt_5_5_xhigh,63.169021323133336,2
1078,claude_fable_5_max,46.195934627084426,3
1078,qwen3_8_max,45.13540942320235,4
1078,gpt_5_6_sol_max,38.05477098698734,5
1078,gemini_3_1_pro_high,34.812349947660095,6
1078,claude_opus_4_8_max,18.68731143632871,7
1079,gpt_5_6_sol_max,64.03194269826233,1
1079,claude_fable_5_max,61.35731849586463,2
1079,gpt_5_5_xhigh,56.15612323282525,3
1079,qwen3_8_max,55.30013134036193,4
1079,kimi_k3_max,48.23783190822472,5
1079,claude_opus_4_8_max,32.44811889702393,6
1079,gemini_3_1_pro_high,22.86995772724545,7
1080,qwen3_8_max,77.14980814121229,1
1080,gpt_5_6_sol_max,69.5171473949746,2
1080,kimi_k3_max,59.82024869950558,3
1080,claude_fable_5_max,56.769280256400634,4
1080,claude_opus_4_8_max,41.842854351423085,5
1080,gemini_3_1_pro_high,35.392901046828285,6
1080,gpt_5_5_xhigh,33.47224734619893,7
1081,claude_fable_5_max,87.17301394986691,1
1081,gemini_3_1_pro_high,49.4349502627813,2
1081,gpt_5_6_sol_max,47.48509460161227,3
1081,claude_opus_4_8_max,41.59544107608652,4
1081,gpt_5_5_xhigh,40.616628866694725,5
1081,kimi_k3_max,31.54299036000566,6
1081,qwen3_8_max,24.984822307539424,7
1082,claude_fable_5_max,82.2026758021298,1
1082,gpt_5_6_sol_max,67.98666769643528,2
1082,qwen3_8_max,47.15369626556702,3
1082,gemini_3_1_pro_high,46.53562080960697,4
1082,kimi_k3_max,41.96019341972671,5
1082,claude_opus_4_8_max,26.30634667481278,6
1082,gpt_5_5_xhigh,25.659232665971953,7
1083,claude_opus_4_8_max,74.50903032089306,1
1083,gpt_5_6_sol_max,64.61397378969698,2
1083,gemini_3_1_pro_high,56.459473065008225,3
1083,qwen3_8_max,52.718401511868535,4
1083,claude_fable_5_max,46.71474113562455,5
1083,gpt_5_5_xhigh,36.58739275217391,6
1083,kimi_k3_max,34.20635447916799,7
1084,claude_opus_4_8_max,70.69880202959783,1
1084,gpt_5_5_xhigh,54.955600898564285,2
1084,qwen3_8_max,45.98703843482622,3
1084,claude_fable_5_max,35.820317222504286,4
1084,gpt_5_6_sol_max,31.32186035196883,5
1084,kimi_k3_max,23.695372667668998,6
1084,gemini_3_1_pro_high,23.51835687436192,7
1085,gpt_5_6_sol_max,76.55168581492187,1
1085,claude_fable_5_max,64.22387536560592,2
1085,kimi_k3_max,63.472221665950336,3
1085,gpt_5_5_xhigh,55.60382685416853,4
1085,qwen3_8_max,53.657488376428816,5
1085,gemini_3_1_pro_high,48.3281053083531,6
1085,claude_opus_4_8_max,28.869648286011696,7
1086,claude_opus_4_8_max,86.55699043400818,1
1086,gpt_5_6_sol_max,71.48550828944114,2
1086,claude_fable_5_max,58.07022415916653,3
1086,gemini_3_1_pro_high,56.96943518227416,4
1086,qwen3_8_max,36.15174416178063,5
1086,kimi_k3_max,19.82438177524433,6
1086,gpt_5_5_xhigh,10.167423100711899,7
1087,claude_fable_5_max,60.758739760306774,1
1087,kimi_k3_max,50.11283841324235,2
1087,gpt_5_6_sol_max,49.695956448629985,3
1087,claude_opus_4_8_max,31.489032994502956,4
1087,qwen3_8_max,28.73626261631611,5
1087,gpt_5_5_xhigh,28.499295451053044,6
1087,gemini_3_1_pro_high,19.386252033481778,7
1088,kimi_k3_max,66.91139333591804,1
1088,claude_fable_5_max,48.26180898092316,2
1088,claude_opus_4_8_max,48.01834654085218,3
1088,qwen3_8_max,47.89726636167878,4
1088,gpt_5_6_sol_max,43.511542958175774,5
1088,gpt_5_5_xhigh,39.463501735486325,6
1088,gemini_3_1_pro_high,30.406735859810382,7
1089,claude_opus_4_8_max,74.67799259479895,1
1089,claude_fable_5_max,70.92630060060866,2
1089,gemini_3_1_pro_high,62.4865573351522,3
1089,gpt_5_6_sol_max,43.19995501440563,4
1089,kimi_k3_max,34.849906740693,5
1089,qwen3_8_max,33.64686149498397,6
1089,gpt_5_5_xhigh,28.67100077150791,7
1090,gemini_3_1_pro_high,62.333617210949896,1
1090,gpt_5_6_sol_max,55.5301127810546,2
1090,claude_opus_4_8_max,54.75951518644881,3
1090,qwen3_8_max,41.71928467155694,4
1090,claude_fable_5_max,34.65243870877953,5
1090,kimi_k3_max,33.43678511871862,6
1090,gpt_5_5_xhigh,31.26852542775911,7
1091,gpt_5_6_sol_max,68.43154421982435,1
1091,claude_fable_5_max,68.1477582405131,2
1091,kimi_k3_max,67.82662284147297,3
1091,qwen3_8_max,56.658700404746625,4
1091,claude_opus_4_8_max,52.452474841273364,5
1091,gemini_3_1_pro_high,46.80638753322536,6
1091,gpt_5_5_xhigh,15.508902983591161,7
1092,gpt_5_6_sol_max,67.68740067329625,1
1092,qwen3_8_max,45.63813176019497,2
1092,gpt_5_5_xhigh,41.44348716244445,3
1092,claude_fable_5_max,40.01582892383941,4
1092,gemini_3_1_pro_high,39.57943963030033,5
1092,kimi_k3_max,38.991317379447864,6
1092,claude_opus_4_8_max,32.61192663163008,7
1093,qwen3_8_max,75.25034927751594,1
1093,gpt_5_5_xhigh,63.287502942146745,2
1093,gemini_3_1_pro_high,51.33436773289756,3
1093,claude_fable_5_max,49.65703375102784,4
1093,claude_opus_4_8_max,46.158020563604566,5
1093,kimi_k3_max,38.573512190613975,6
1093,gpt_5_6_sol_max,30.382469614958108,7
1094,gemini_3_1_pro_high,63.77836685262454,1
1094,qwen3_8_max,57.97719683083433,2
1094,gpt_5_6_sol_max,53.723907958726315,3
1094,claude_fable_5_max,52.90113890726709,4
1094,claude_opus_4_8_max,46.82435483288962,5
1094,kimi_k3_max,41.62346878739553,6
1094,gpt_5_5_xhigh,38.80865457423646,7
1095,claude_fable_5_max,85.5778116383346,1
1095,gpt_5_6_sol_max,59.40347223586642,2
1095,gpt_5_5_xhigh,50.578483885591424,3
1095,gemini_3_1_pro_high,50.49762736323768,4
1095,claude_opus_4_8_max,29.8325427922916,5
1095,qwen3_8_max,26.96820534601511,6
1095,kimi_k3_max,23.120884744023552,7
1096,claude_opus_4_8_max,56.822348299511006,1
1096,gpt_5_6_sol_max,51.494450557277304,2
1096,kimi_k3_max,47.257051080496275,3
1096,claude_fable_5_max,38.62862216551474,4
1096,gemini_3_1_pro_high,31.37961269229162,5
1096,gpt_5_5_xhigh,31.208043122335024,6
1096,qwen3_8_max,29.6007204663786,7
1097,gpt_5_6_sol_max,90.73219245013205,1
1097,gpt_5_5_xhigh,70.64021686670588,2
1097,kimi_k3_max,38.42970790416549,3
1097,gemini_3_1_pro_high,36.77898271937672,4
1097,claude_opus_4_8_max,36.38772810488341,5
1097,claude_fable_5_max,27.85862273618585,6
1097,qwen3_8_max,23.48910918645539,7
1098,gpt_5_6_sol_max,68.2489612076107,1
1098,kimi_k3_max,57.06428331915446,2
1098,gpt_5_5_xhigh,50.06897727180499,3
1098,claude_opus_4_8_max,40.53137408338135,4
1098,gemini_3_1_pro_high,34.937008398158255,5
1098,qwen3_8_max,21.45309288524506,6
1098,claude_fable_5_max,15.924532212856919,7
1099,gpt_5_6_sol_max,66.78239367418139,1
1099,claude_fable_5_max,61.49805234440096,2
1099,kimi_k3_max,55.642993538655254,3
1099,claude_opus_4_8_max,46.407031154615126,4
1099,qwen3_8_max,37.47245874283982,5
1099,gemini_3_1_pro_high,35.38917940720841,6
1099,gpt_5_5_xhigh,29.109550857721757,7
1100,gpt_5_6_sol_max,86.68900788327599,1
1100,claude_fable_5_max,54.35990206802592,2
1100,gemini_3_1_pro_high,45.331905414356314,3
1100,qwen3_8_max,44.68205232195908,4
1100,kimi_k3_max,36.1711282552054,5
1100,gpt_5_5_xhigh,27.58544626580257,6
1100,claude_opus_4_8_max,23.56955820505249,7
1101,gpt_5_5_xhigh,85.08777697683774,1
1101,claude_opus_4_8_max,78.84005629031735,2
1101,qwen3_8_max,59.251690845628794,3
1101,kimi_k3_max,40.35131645206622,4
1101,gemini_3_1_pro_high,38.11656756515825,5
1101,claude_fable_5_max,32.00538460323645,6
1101,gpt_5_6_sol_max,20.28097177417019,7
1102,claude_fable_5_max,78.44455955138795,1
1102,kimi_k3_max,71.56821715870572,2
1102,gpt_5_6_sol_max,53.23019583932694,3
1102,claude_opus_4_8_max,43.5744016259223,4
1102,qwen3_8_max,30.38828662917203,5
1102,gpt_5_5_xhigh,27.976913017486485,6
1102,gemini_3_1_pro_high,23.827589912539185,7
1103,claude_opus_4_8_max,85.00883907780704,1
1103,qwen3_8_max,78.26848234241196,2
1103,gpt_5_6_sol_max,53.215380831101555,3
1103,kimi_k3_max,52.497581087669566,4
1103,gpt_5_5_xhigh,50.12804043110663,5
1103,claude_fable_5_max,20.74775238706382,6
1103,gemini_3_1_pro_high,16.24530275780758,7
1104,kimi_k3_max,73.45621961953883,1
1104,gpt_5_6_sol_max,57.35264680419887,2
1104,claude_fable_5_max,50.391429571200824,3
1104,qwen3_8_max,43.13863677095757,4
1104,claude_opus_4_8_max,38.888717518922036,5
1104,gemini_3_1_pro_high,38.2147782728797,6
1104,gpt_5_5_xhigh,20.366260553045638,7
1105,kimi_k3_max,76.16233823826593,1
1105,claude_fable_5_max,76.07018304277099,2
1105,gpt_5_5_xhigh,60.60672966953443,3
1105,gemini_3_1_pro_high,48.90582532385844,4
1105,qwen3_8_max,48.23440011769435,5
1105,claude_opus_4_8_max,47.19524157601832,6
1105,gpt_5_6_sol_max,44.77983717852178,7
1106,gpt_5_5_xhigh,60.00276418683482,1
1106,gpt_5_6_sol_max,56.08789642107875,2
1106,claude_fable_5_max,55.9891683022807,3
1106,claude_opus_4_8_max,38.89240268780747,4
1106,qwen3_8_max,37.127822696930565,5
1106,kimi_k3_max,29.07772866303275,6
1106,gemini_3_1_pro_high,14.319413579213133,7
1107,claude_opus_4_8_max,67.27627232939398,1
1107,kimi_k3_max,65.6029610610546,2
1107,gpt_5_6_sol_max,65.11958938017764,3
1107,gpt_5_5_xhigh,63.94611994797677,4
1107,claude_fable_5_max,45.89899582945099,5
1107,qwen3_8_max,34.69695405666249,6
1107,gemini_3_1_pro_high,29.58830456748953,7
1108,gpt_5_6_sol_max,66.637980623298,1
1108,claude_opus_4_8_max,62.0359768659399,2
1108,gpt_5_5_xhigh,48.361141336607204,3
1108,qwen3_8_max,48.344220881150136,4
1108,claude_fable_5_max,35.539225177228985,5
1108,gemini_3_1_pro_high,31.133910160578864,6
1108,kimi_k3_max,13.31838901737402,7
1109,gpt_5_5_xhigh,83.96784619962212,1
1109,gpt_5_6_sol_max,55.54169018887444,2
1109,gemini_3_1_pro_high,50.77633061457913,3
1109,claude_fable_5_max,45.88302053330585,4
1109,qwen3_8_max,41.960882701152386,5
1109,kimi_k3_max,39.61624991031546,6
1109,claude_opus_4_8_max,32.48384096017412,7
1110,claude_fable_5_max,73.89484003355558,1
1110,gpt_5_6_sol_max,73.83992289146522,2
1110,qwen3_8_max,66.81935570110207,3
1110,gemini_3_1_pro_high,65.41147931211735,4
1110,kimi_k3_max,53.446049340622494,5
1110,gpt_5_5_xhigh,35.491754211423014,6
1110,claude_opus_4_8_max,19.45862897395197,7
1111,gpt_5_5_xhigh,86.91733466725677,1
1111,gpt_5_6_sol_max,54.37086418026909,2
1111,kimi_k3_max,48.2693948503485,3
1111,claude_opus_4_8_max,47.239114352621655,4
1111,gemini_3_1_pro_high,31.449534366896344,5
1111,qwen3_8_max,26.96029752937622,6
1111,claude_fable_5_max,23.75055143408467,7
1112,gpt_5_5_xhigh,82.52532843516492,1
1112,claude_opus_4_8_max,59.82677965498242,2
1112,gemini_3_1_pro_high,48.93405748641254,3
1112,claude_fable_5_max,35.894683352692724,4
1112,gpt_5_6_sol_max,23.138200659713675,5
1112,qwen3_8_max,22.446600525479035,6
1112,kimi_k3_max,7.954280192599283,7
1113,gemini_3_1_pro_high,73.34533057897917,1
1113,kimi_k3_max,68.68337295094898,2
1113,gpt_5_6_sol_max,58.00779682307552,3
1113,gpt_5_5_xhigh,46.5713054568469,4
1113,qwen3_8_max,35.85239399665324,5
1113,claude_fable_5_max,34.648021282342505,6
1113,claude_opus_4_8_max,30.27525999179382,7
1114,gpt_5_5_xhigh,78.2031349246025,1
1114,kimi_k3_max,76.86273857203737,2
1114,gemini_3_1_pro_high,69.60867791164591,3
1114,gpt_5_6_sol_max,51.28538317590021,4
1114,claude_opus_4_8_max,30.85649942249618,5
1114,qwen3_8_max,18.09289715221447,6
1114,claude_fable_5_max,17.66641588475981,7
1115,gpt_5_5_xhigh,79.27026963151155,1
1115,gemini_3_1_pro_high,60.38650858916317,2
1115,qwen3_8_max,35.569326976313796,3
1115,kimi_k3_max,34.85657364278539,4
1115,gpt_5_6_sol_max,34.33632636675515,5
1115,claude_opus_4_8_max,31.559361221081026,6
1115,claude_fable_5_max,20.363972056058806,7
1116,kimi_k3_max,88.9575951107176,1
1116,claude_fable_5_max,81.95836783819169,2
1116,gpt_5_6_sol_max,76.8766446689055,3
1116,gemini_3_1_pro_high,64.60128415303691,4
1116,qwen3_8_max,60.82062555848427,5
1116,gpt_5_5_xhigh,35.856623377587546,6
1116,claude_opus_4_8_max,28.255345958169585,7
1117,claude_fable_5_max,62.94170316420169,1
1117,claude_opus_4_8_max,53.77446141718454,2
1117,qwen3_8_max,45.496115676648515,3
1117,gpt_5_6_sol_max,45.4772665234922,4
1117,gpt_5_5_xhigh,37.883339980465486,5
1117,gemini_3_1_pro_high,32.22823256531588,6
1117,kimi_k3_max,32.03286203813051,7
1118,claude_fable_5_max,81.99841560884046,1
1118,kimi_k3_max,64.2382817624739,2
1118,gpt_5_6_sol_max,61.430716837812284,3
1118,qwen3_8_max,46.88912040379105,4
1118,gemini_3_1_pro_high,45.38561046312537,5
1118,gpt_5_5_xhigh,32.89596500366725,6
1118,claude_opus_4_8_max,25.34689686096199,7
1119,gemini_3_1_pro_high,87.88388026569086,1
1119,claude_opus_4_8_max,64.72057179342809,2
1119,kimi_k3_max,60.131853653637705,3
1119,gpt_5_5_xhigh,54.861481543711776,4
1119,claude_fable_5_max,50.23722020891498,5
1119,gpt_5_6_sol_max,31.28095723524881,6
1119,qwen3_8_max,31.102620620662343,7
1120,claude_fable_5_max,78.30055752548746,1
1120,gpt_5_6_sol_max,74.83179080814634,2
1120,kimi_k3_max,49.67553803266185,3
1120,gemini_3_1_pro_high,31.685230317917277,4
1120,qwen3_8_max,31.377593944294233,5
1120,gpt_5_5_xhigh,23.81603127973402,6
1120,claude_opus_4_8_max,22.365735699199114,7
1121,claude_fable_5_max,92.30779454103478,1
1121,qwen3_8_max,59.49021005608623,2
1121,claude_opus_4_8_max,57.574869572529664,3
1121,gemini_3_1_pro_high,52.8785131702658,4
1121,kimi_k3_max,51.1891771768977,5
1121,gpt_5_6_sol_max,49.8056445710134,6
1121,gpt_5_5_xhigh,28.79271298513581,7
1122,gemini_3_1_pro_high,74.6608627995549,1
1122,qwen3_8_max,73.86717828778916,2
1122,claude_fable_5_max,72.9825533972953,3
1122,kimi_k3_max,57.92583147945656,4
1122,claude_opus_4_8_max,29.28132220816466,5
1122,gpt_5_6_sol_max,26.647280776151582,6
1122,gpt_5_5_xhigh,20.20855829883268,7
1123,claude_fable_5_max,89.5978763518843,1
1123,gpt_5_6_sol_max,58.76125014056078,2
1123,claude_opus_4_8_max,53.360633913795986,3
1123,gpt_5_5_xhigh,34.94795716938695,4
1123,qwen3_8_max,34.64972849440867,5
1123,kimi_k3_max,33.69993932894197,6
1123,gemini_3_1_pro_high,26.436621356243364,7
1124,kimi_k3_max,63.008962905894236,1
1124,gpt_5_5_xhigh,60.626276492711995,2
1124,qwen3_8_max,54.863787918100655,3
1124,claude_fable_5_max,54.4836763010819,4
1124,gpt_5_6_sol_max,54.0974418803534,5
1124,claude_opus_4_8_max,51.38938230810321,6
1124,gemini_3_1_pro_high,37.72421631367427,7
1125,gpt_5_6_sol_max,85.00833180355261,1
1125,kimi_k3_max,49.942892645318835,2
1125,gemini_3_1_pro_high,44.45172253233007,3
1125,qwen3_8_max,41.27805240295604,4
1125,claude_opus_4_8_max,34.67474229905902,5
1125,claude_fable_5_max,27.324728051956065,6
1125,gpt_5_5_xhigh,16.080895177921263,7
1126,claude_fable_5_max,64.6880665921895,1
1126,gpt_5_5_xhigh,58.575184500273494,2
1126,kimi_k3_max,39.85468944992911,3
1126,gemini_3_1_pro_high,37.795918579651044,4
1126,gpt_5_6_sol_max,32.583627133561095,5
1126,claude_opus_4_8_max,22.98294398026073,6
1126,qwen3_8_max,19.251083353299656,7
1127,gemini_3_1_pro_high,72.59103441111353,1
1127,claude_fable_5_max,52.64400384526866,2
1127,gpt_5_6_sol_max,51.48031137052079,3
1127,claude_opus_4_8_max,51.1795984596259,4
1127,qwen3_8_max,44.370232145436674,5
1127,kimi_k3_max,34.71280422518251,6
1127,gpt_5_5_xhigh,24.18043765239347,7
1128,qwen3_8_max,86.0759550364163,1
1128,gpt_5_5_xhigh,81.71174173697717,2
1128,kimi_k3_max,80.85948589581312,3
1128,claude_opus_4_8_max,64.18358624689085,4
1128,claude_fable_5_max,41.27734385858153,5
1128,gpt_5_6_sol_max,38.24507785574009,6
1128,gemini_3_1_pro_high,12.74551135243218,7
1129,claude_fable_5_max,72.07301086511163,1
1129,gpt_5_6_sol_max,70.78367893009319,2
1129,qwen3_8_max,57.72335122316541,3
1129,claude_opus_4_8_max,46.02840625916316,4
1129,kimi_k3_max,44.31245900705354,5
1129,gemini_3_1_pro_high,30.88686671564392,6
1129,gpt_5_5_xhigh,18.934932421001026,7
1130,qwen3_8_max,75.45966945871365,1
1130,gemini_3_1_pro_high,73.51974634388972,2
1130,gpt_5_6_sol_max,61.82785927619932,3
1130,gpt_5_5_xhigh,53.67005036072084,4
1130,claude_fable_5_max,48.12112305034944,5
1130,kimi_k3_max,33.13186066703028,6
1130,claude_opus_4_8_max,22.827190908599565,7
1131,kimi_k3_max,94.06958465049709,1
1131,qwen3_8_max,79.55560290135348,2
1131,claude_fable_5_max,76.79258694652769,3
1131,gpt_5_6_sol_max,64.30845812874492,4
1131,gpt_5_5_xhigh,59.938577629143985,5
1131,gemini_3_1_pro_high,25.452696761735496,6
1131,claude_opus_4_8_max,18.015703254065787,7
1132,claude_opus_4_8_max,72.88452989658197,1
1132,qwen3_8_max,71.04538066032009,2
1132,gemini_3_1_pro_high,65.27993054122842,3
1132,gpt_5_5_xhigh,63.97788814986313,4
1132,gpt_5_6_sol_max,58.96715181239159,5
1132,kimi_k3_max,41.638803487635776,6
1132,claude_fable_5_max,39.71869098849007,7
1133,gpt_5_6_sol_max,85.68565125523037,1
1133,claude_opus_4_8_max,80.15883983721073,2
1133,qwen3_8_max,38.34563712231232,3
1133,gemini_3_1_pro_high,37.64671550399723,4
1133,kimi_k3_max,36.57202377318081,5
1133,gpt_5_5_xhigh,29.45695278373897,6
1133,claude_fable_5_max,9.707050892695044,7
1134,claude_fable_5_max,67.55157239633859,1
1134,gpt_5_6_sol_max,53.60102711378774,2
1134,gpt_5_5_xhigh,53.27673063264381,3
1134,qwen3_8_max,41.93425990399671,4
1134,claude_opus_4_8_max,34.61462681929048,5
1134,kimi_k3_max,26.324801840486256,6
1134,gemini_3_1_pro_high,21.197377386015077,7
1135,claude_fable_5_max,90.54302826782593,1
1135,gpt_5_6_sol_max,86.06179294151485,2
1135,kimi_k3_max,61.02423314870458,3
1135,qwen3_8_max,57.19551576170194,4
1135,claude_opus_4_8_max,50.80778310292297,5
1135,gemini_3_1_pro_high,16.693644117698856,6
1135,gpt_5_5_xhigh,16.1495815017387,7
1136,kimi_k3_max,78.20726889044718,1
1136,gpt_5_6_sol_max,77.19390062683493,2
1136,qwen3_8_max,68.80659824380571,3
1136,gpt_5_5_xhigh,64.83197997063183,4
1136,claude_opus_4_8_max,34.81020449695217,5
1136,claude_fable_5_max,34.79315880647323,6
1136,gemini_3_1_pro_high,30.90172279660786,7
1137,gpt_5_6_sol_max,63.257892935227105,1
1137,gemini_3_1_pro_high,59.37237715228089,2
1137,gpt_5_5_xhigh,55.592939372040725,3
1137,qwen3_8_max,46.0419653291094,4
1137,kimi_k3_max,43.8949356399528,5
1137,claude_fable_5_max,41.26595304719904,6
1137,claude_opus_4_8_max,16.757138882889496,7
1138,kimi_k3_max,91.65063762447483,1
1138,gpt_5_6_sol_max,77.00101566250812,2
1138,claude_fable_5_max,60.644276354948346,3
1138,claude_opus_4_8_max,57.636231094540065,4
1138,gpt_5_5_xhigh,39.79637542599802,5
1138,qwen3_8_max,33.12228933005559,6
1138,gemini_3_1_pro_high,29.924530119491145,7
1139,qwen3_8_max,75.74868618903395,1
1139,claude_fable_5_max,62.57844050593815,2
1139,gemini_3_1_pro_high,56.10287832419064,3
1139,gpt_5_6_sol_max,54.972174225534815,4
1139,claude_opus_4_8_max,54.77395394293565,5
1139,kimi_k3_max,42.483264850954875,6
1139,gpt_5_5_xhigh,22.604755922515327,7
1140,gemini_3_1_pro_high,82.72090763682229,1
1140,claude_fable_5_max,81.16953246563074,2
1140,claude_opus_4_8_max,58.20744317546921,3
1140,kimi_k3_max,55.58773194160539,4
1140,gpt_5_5_xhigh,41.90941137095618,5
1140,qwen3_8_max,39.04441164649842,6
1140,gpt_5_6_sol_max,13.261037098324007,7
1141,claude_fable_5_max,68.37654263706696,1
1141,claude_opus_4_8_max,64.35279139227373,2
1141,kimi_k3_max,46.623061398414364,3
1141,qwen3_8_max,42.760008918021974,4
1141,gemini_3_1_pro_high,37.96428692455072,5
1141,gpt_5_6_sol_max,32.71372917145557,6
1141,gpt_5_5_xhigh,29.637951147513743,7
1142,claude_opus_4_8_max,67.47027784880578,1
1142,kimi_k3_max,65.70055965665958,2
1142,gpt_5_5_xhigh,59.508358910145674,3
1142,qwen3_8_max,52.74253086699948,4
1142,gemini_3_1_pro_high,50.82389502963606,5
1142,gpt_5_6_sol_max,49.06518103609231,6
1142,claude_fable_5_max,38.785948502002626,7
1143,gpt_5_5_xhigh,67.76066243594808,1
1143,kimi_k3_max,66.03435809193977,2
1143,gpt_5_6_sol_max,62.87823976064999,3
1143,qwen3_8_max,54.05838499764292,4
1143,gemini_3_1_pro_high,45.06942360058165,5
1143,claude_fable_5_max,26.29448431732203,6
1143,claude_opus_4_8_max,16.03209277683528,7
1144,claude_opus_4_8_max,70.49527667223329,1
1144,qwen3_8_max,58.45486702312303,2
1144,kimi_k3_max,57.27905639574652,3
1144,claude_fable_5_max,39.76202144207494,4
1144,gpt_5_6_sol_max,34.69773262035022,5
1144,gpt_5_5_xhigh,28.577285240306438,6
1144,gemini_3_1_pro_high,26.306699572516923,7
1145,gpt_5_5_xhigh,62.794473822846925,1
1145,qwen3_8_max,60.648150323893745,2
1145,claude_fable_5_max,56.883228557795626,3
1145,gpt_5_6_sol_max,41.068758652970935,4
1145,gemini_3_1_pro_high,27.14924438554653,5
1145,kimi_k3_max,21.653001592200457,6
1145,claude_opus_4_8_max,14.878556719116245,7
1146,kimi_k3_max,68.90001446655292,1
1146,claude_opus_4_8_max,51.99054447322847,2
1146,gpt_5_6_sol_max,45.60637121992409,3
1146,gpt_5_5_xhigh,37.927282646199906,4
1146,gemini_3_1_pro_high,27.22714249035363,5
1146,qwen3_8_max,18.084622333739013,6
1146,claude_fable_5_max,17.22570094041339,7
1147,claude_fable_5_max,80.57388988332178,1
1147,gpt_5_5_xhigh,44.82675030942715,2
1147,gemini_3_1_pro_high,33.043199872533904,3
1147,claude_opus_4_8_max,30.829221936473317,4
1147,gpt_5_6_sol_max,29.43228522448058,5
1147,kimi_k3_max,28.594400295244167,6
1147,qwen3_8_max,15.375515969702967,7
1148,gpt_5_5_xhigh,70.24365392721026,1
1148,claude_fable_5_max,51.21496911152893,2
1148,kimi_k3_max,46.489299330459176,3
1148,gpt_5_6_sol_max,32.084475257198434,4
1148,gemini_3_1_pro_high,31.976578750681906,5
1148,qwen3_8_max,30.070641149303427,6
1148,claude_opus_4_8_max,14.28395866140284,7
1149,claude_opus_4_8_max,85.8082766415994,1
1149,gemini_3_1_pro_high,61.9077678471492,2
1149,gpt_5_6_sol_max,59.485576650121544,3
1149,gpt_5_5_xhigh,42.56222562888775,4
1149,kimi_k3_max,28.010501487292792,5
1149,claude_fable_5_max,12.997238961422962,6
1149,qwen3_8_max,10.093052764168482,7
1150,claude_opus_4_8_max,71.91672670772404,1
1150,gemini_3_1_pro_high,62.6813906422948,2
1150,kimi_k3_max,58.5913607987916,3
1150,claude_fable_5_max,45.10921803115826,4
1150,gpt_5_5_xhigh,44.804284604294786,5
1150,gpt_5_6_sol_max,43.27893627639423,6
1150,qwen3_8_max,38.24743074253111,7
1151,gpt_5_6_sol_max,60.1187982032687,1
1151,qwen3_8_max,58.86490061299338,2
1151,kimi_k3_max,53.92833528674581,3
1151,claude_fable_5_max,50.933385594333586,4
1151,claude_opus_4_8_max,45.6622378357217,5
1151,gpt_5_5_xhigh,37.303323473560155,6
1151,gemini_3_1_pro_high,35.04524558221314,7
1152,gpt_5_5_xhigh,98.00706187649332,1
1152,qwen3_8_max,42.0505189696937,2
1152,kimi_k3_max,39.86562259530704,3
1152,gemini_3_1_pro_high,33.20050717743021,4
1152,claude_opus_4_8_max,26.529416929610946,5
1152,gpt_5_6_sol_max,22.720308790590842,6
1152,claude_fable_5_max,15.97189509078247,7
1153,qwen3_8_max,61.77858634055966,1
1153,gemini_3_1_pro_high,44.39743914891079,2
1153,claude_opus_4_8_max,40.21857927310325,3
1153,claude_fable_5_max,37.52511109365561,4
1153,gpt_5_5_xhigh,29.44194966720847,5
1153,gpt_5_6_sol_max,20.57328445077157,6
1153,kimi_k3_max,7.339636721226904,7
1154,kimi_k3_max,81.85336716256737,1
1154,gpt_5_5_xhigh,78.02340800437781,2
1154,qwen3_8_max,71.59907154173095,3
1154,claude_opus_4_8_max,60.94532457086334,4
1154,claude_fable_5_max,30.23446666098868,5
1154,gemini_3_1_pro_high,25.95550622573423,6
1154,gpt_5_6_sol_max,23.843528527570772,7
1155,gpt_5_5_xhigh,73.25331996008742,1
1155,claude_fable_5_max,72.69545041402748,2
1155,gpt_5_6_sol_max,54.74104962755027,3
1155,kimi_k3_max,51.43918119025237,4
1155,claude_opus_4_8_max,46.35160013797647,5
1155,qwen3_8_max,28.249810869822458,6
1155,gemini_3_1_pro_high,19.331488166382684,7
1156,gpt_5_5_xhigh,87.09632787811071,1
1156,qwen3_8_max,61.32097348803654,2
1156,claude_opus_4_8_max,52.227182775263074,3
1156,claude_fable_5_max,41.12922119355402,4
1156,kimi_k3_max,37.871431829658235,5
1156,gemini_3_1_pro_high,37.17838940739182,6
1156,gpt_5_6_sol_max,13.5968969426698,7
1157,gpt_5_5_xhigh,60.67525380592788,1
1157,gpt_5_6_sol_max,56.29196246317572,2
1157,kimi_k3_max,56.160981896180104,3
1157,claude_fable_5_max,52.45606403801912,4
1157,gemini_3_1_pro_high,51.77305686212283,5
1157,qwen3_8_max,41.596579950067735,6
1157,claude_opus_4_8_max,16.935051856822202,7
1158,gemini_3_1_pro_high,96.63915363680216,1
1158,kimi_k3_max,70.73951851986217,2
1158,gpt_5_5_xhigh,70.48403345987715,3
1158,gpt_5_6_sol_max,59.12982374205664,4
1158,qwen3_8_max,58.69865713755907,5
1158,claude_opus_4_8_max,31.926371808869206,6
1158,claude_fable_5_max,16.499892919923077,7
1159,gpt_5_6_sol_max,88.15514657173577,1
1159,gemini_3_1_pro_high,68.85227989278998,2
1159,claude_opus_4_8_max,51.97785035619304,3
1159,claude_fable_5_max,49.90968539274226,4
1159,kimi_k3_max,38.52461201428878,5
1159,gpt_5_5_xhigh,30.786910025393638,6
1159,qwen3_8_max,8.698045187959192,7
1160,gemini_3_1_pro_high,89.50177010886941,1
1160,claude_fable_5_max,74.22917409194079,2
1160,kimi_k3_max,62.148088188125826,3
1160,gpt_5_5_xhigh,42.98310010059914,4
1160,gpt_5_6_sol_max,42.834136813426106,5
1160,qwen3_8_max,35.788619439510306,6
1160,claude_opus_4_8_max,18.867328041225935,7
1161,claude_fable_5_max,71.55205148063357,1
1161,gpt_5_6_sol_max,56.71030455221718,2
1161,gpt_5_5_xhigh,46.73263433413085,3
1161,qwen3_8_max,33.934278805389496,4
1161,kimi_k3_max,29.90215521331235,5
1161,gemini_3_1_pro_high,24.12918963052812,6
1161,claude_opus_4_8_max,23.731803809476745,7
1162,gpt_5_6_sol_max,74.98984593021491,1
1162,gemini_3_1_pro_high,68.13713057807361,2
1162,claude_fable_5_max,61.29276499336819,3
1162,kimi_k3_max,58.10183597147528,4
1162,qwen3_8_max,51.29183629613307,5
1162,gpt_5_5_xhigh,48.27719292399508,6
1162,claude_opus_4_8_max,39.24318569875925,7
1163,claude_fable_5_max,75.0085262376825,1
1163,kimi_k3_max,74.33012114177177,2
1163,gemini_3_1_pro_high,60.98354997794786,3
1163,gpt_5_5_xhigh,34.39152527372107,4
1163,claude_opus_4_8_max,27.283680402839277,5
1163,qwen3_8_max,26.538447065263515,6
1163,gpt_5_6_sol_max,12.284006305535804,7
1164,claude_fable_5_max,75.39258838031125,1
1164,gpt_5_5_xhigh,68.51866453386516,2
1164,kimi_k3_max,65.71872258777597,3
1164,qwen3_8_max,64.69969636253222,4
1164,gemini_3_1_pro_high,55.39168153752662,5
1164,claude_opus_4_8_max,42.605704539337886,6
1164,gpt_5_6_sol_max,39.42680047923763,7
1165,claude_opus_4_8_max,61.686314334918094,1
1165,claude_fable_5_max,58.33025295848659,2
1165,qwen3_8_max,38.57500773560614,3
1165,gpt_5_6_sol_max,35.47319804439694,4
1165,gemini_3_1_pro_high,33.48157242815795,5
1165,gpt_5_5_xhigh,24.236028281318518,6
1165,kimi_k3_max,17.221557064545422,7
1166,kimi_k3_max,83.15686705739904,1
1166,gpt_5_6_sol_max,77.14161565753398,2
1166,gemini_3_1_pro_high,63.43577812848253,3
1166,gpt_5_5_xhigh,59.3884859107587,4
1166,claude_fable_5_max,57.887327065134045,5
1166,claude_opus_4_8_max,46.901613085288346,6
1166,qwen3_8_max,30.07088843556948,7
1167,gpt_5_6_sol_max,72.5849620383909,1
1167,gpt_5_5_xhigh,68.88529004887532,2
1167,kimi_k3_max,64.51799463757798,3
1167,qwen3_8_max,37.13455770930194,4
1167,claude_fable_5_max,30.80536456775271,5
1167,gemini_3_1_pro_high,18.758351330971994,6
1167,claude_opus_4_8_max,13.831163459966712,7
1168,claude_fable_5_max,88.04609932820104,1
1168,gemini_3_1_pro_high,51.43871740567543,2
1168,gpt_5_6_sol_max,50.308036109747604,3
1168,qwen3_8_max,46.08508978752198,4
1168,gpt_5_5_xhigh,42.12965901951939,5
1168,kimi_k3_max,20.46565249440106,6
1168,claude_opus_4_8_max,18.17879879869507,7
1169,claude_fable_5_max,74.8500539469488,1
1169,claude_opus_4_8_max,49.79339740800578,2
1169,gpt_5_6_sol_max,44.21745904936192,3
1169,qwen3_8_max,34.47246858596899,4
1169,gemini_3_1_pro_high,28.666082208303813,5
1169,kimi_k3_max,21.73439220911351,6
1169,gpt_5_5_xhigh,20.022504437773573,7
1170,kimi_k3_max,65.88421458586522,1
1170,claude_fable_5_max,60.1812915963375,2
1170,gpt_5_5_xhigh,44.93116101028995,3
1170,gpt_5_6_sol_max,38.036459101546306,4
1170,claude_opus_4_8_max,31.43602352354046,5
1170,qwen3_8_max,27.90471206562482,6
1170,gemini_3_1_pro_high,24.234539752834774,7
1171,gpt_5_5_xhigh,59.555815168666044,1
1171,gpt_5_6_sol_max,51.737208887018944,2
1171,qwen3_8_max,46.25796831291802,3
1171,kimi_k3_max,43.70809682316818,4
1171,claude_opus_4_8_max,41.96485202915308,5
1171,gemini_3_1_pro_high,31.0954850990328,6
1171,claude_fable_5_max,14.674229022184775,7
1172,kimi_k3_max,66.77682210100545,1
1172,claude_fable_5_max,57.48609443901731,2
1172,qwen3_8_max,51.75714591706483,3
1172,gpt_5_6_sol_max,47.50567513468737,4
1172,gpt_5_5_xhigh,46.60568795488846,5
1172,gemini_3_1_pro_high,38.03941706144043,6
1172,claude_opus_4_8_max,33.257439664537486,7
1173,kimi_k3_max,78.26112696632674,1
1173,gpt_5_6_sol_max,69.2157775783635,2
1173,claude_fable_5_max,66.43233470663692,3
1173,gpt_5_5_xhigh,65.05899725568854,4
1173,qwen3_8_max,59.155849122376736,5
1173,gemini_3_1_pro_high,51.2203219712203,6
1173,claude_opus_4_8_max,36.50139649153361,7
1174,claude_fable_5_max,78.23295198349216,1
1174,gemini_3_1_pro_high,61.22048274984414,2
1174,claude_opus_4_8_max,60.17411522839275,3
1174,qwen3_8_max,50.32427008301998,4
1174,gpt_5_6_sol_max,38.46538183650644,5
1174,kimi_k3_max,23.51895680153241,6
1174,gpt_5_5_xhigh,22.080663208416496,7
1175,kimi_k3_max,78.31125135478644,1
1175,qwen3_8_max,68.44653537976359,2
1175,claude_opus_4_8_max,59.890006740452094,3
1175,claude_fable_5_max,50.34921894559126,4
1175,gpt_5_6_sol_max,43.65221769816283,5
1175,gemini_3_1_pro_high,40.04961844399107,6
1175,gpt_5_5_xhigh,27.31508536111501,7
1176,gemini_3_1_pro_high,77.0841692596872,1
1176,claude_fable_5_max,70.1184100875752,2
1176,gpt_5_5_xhigh,58.840689312867305,3
1176,claude_opus_4_8_max,52.387924654570284,4
1176,gpt_5_6_sol_max,38.86257750602394,5
1176,qwen3_8_max,25.250466179269473,6
1176,kimi_k3_max,19.08837589718883,7
1177,kimi_k3_max,68.99585548123841,1
1177,gpt_5_6_sol_max,64.7353283274327,2
1177,gpt_5_5_xhigh,56.70159300775606,3
1177,claude_opus_4_8_max,47.046753883728925,4
1177,claude_fable_5_max,33.85683249663828,5
1177,qwen3_8_max,31.974014372688465,6
1177,gemini_3_1_pro_high,29.19994614478847,7
1178,claude_fable_5_max,73.12872929207256,1
1178,claude_opus_4_8_max,56.58708947559539,2
1178,gemini_3_1_pro_high,37.53952823461471,3
1178,gpt_5_5_xhigh,29.88334798982307,4
1178,gpt_5_6_sol_max,29.003445945657106,5
1178,qwen3_8_max,27.450728413738148,6
1178,kimi_k3_max,14.445252987785095,7
1179,gpt_5_6_sol_max,71.57193662623871,1
1179,claude_fable_5_max,64.53344750114343,2
1179,gpt_5_5_xhigh,61.5444387706096,3
1179,gemini_3_1_pro_high,60.32627286957491,4
1179,qwen3_8_max,60.22426101990556,5
1179,claude_opus_4_8_max,38.171782271138056,6
1179,kimi_k3_max,32.76259628099463,7
1180,kimi_k3_max,59.76738586901109,1
1180,gpt_5_6_sol_max,59.595266406696894,2
1180,claude_opus_4_8_max,58.31898664462629,3
1180,qwen3_8_max,55.62310554604961,4
1180,claude_fable_5_max,52.278204636870804,5
1180,gemini_3_1_pro_high,50.8985020376056,6
1180,gpt_5_5_xhigh,19.191526159548864,7
1181,gemini_3_1_pro_high,83.80117154116832,1
1181,gpt_5_6_sol_max,59.75140589410402,2
1181,claude_opus_4_8_max,51.61150114342765,3
1181,kimi_k3_max,39.258852211025385,4
1181,claude_fable_5_max,32.953810875843615,5
1181,gpt_5_5_xhigh,18.555384204329282,6
1181,qwen3_8_max,18.51708642022369,7
1182,gpt_5_6_sol_max,85.3352057358977,1
1182,claude_opus_4_8_max,50.55562870482862,2
1182,gpt_5_5_xhigh,45.446233150703144,3
1182,gemini_3_1_pro_high,41.475860549633424,4
1182,claude_fable_5_max,34.11165064259348,5
1182,qwen3_8_max,30.32704045133876,6
1182,kimi_k3_max,12.42359942408062,7
1183,gpt_5_6_sol_max,80.55801069304238,1
1183,claude_fable_5_max,63.41978918024152,2
1183,qwen3_8_max,59.96003081414952,3
1183,kimi_k3_max,58.01481925429513,4
1183,gpt_5_5_xhigh,42.04629054083895,5
1183,claude_opus_4_8_max,41.07755455159763,6
1183,gemini_3_1_pro_high,38.56176104783057,7
1184,gemini_3_1_pro_high,62.331251286889426,1
1184,claude_opus_4_8_max,58.57964905742858,2
1184,gpt_5_6_sol_max,58.00071264860564,3
1184,qwen3_8_max,34.37558076028404,4
1184,gpt_5_5_xhigh,33.46322868952815,5
1184,kimi_k3_max,30.201171865372384,6
1184,claude_fable_5_max,13.232640398501651,7
1185,kimi_k3_max,71.5166172241794,1
1185,qwen3_8_max,60.878782675321865,2
1185,gpt_5_5_xhigh,50.5270021014138,3
1185,claude_fable_5_max,48.10113448596391,4
1185,gemini_3_1_pro_high,47.1568974912691,5
1185,claude_opus_4_8_max,39.371902747321585,6
1185,gpt_5_6_sol_max,38.81108985302032,7
1186,kimi_k3_max,85.79218846186761,1
1186,gpt_5_5_xhigh,80.30322030825928,2
1186,gemini_3_1_pro_high,67.10810846141453,3
1186,gpt_5_6_sol_max,66.07002544799596,4
1186,qwen3_8_max,47.430953785934385,5
1186,claude_fable_5_max,38.388861064403784,6
1186,claude_opus_4_8_max,34.68035577430166,7
1187,claude_opus_4_8_max,76.3979672455537,1
1187,gpt_5_6_sol_max,60.429907468774516,2
1187,gpt_5_5_xhigh,36.61524972339495,3
1187,gemini_3_1_pro_high,30.700333831062267,4
1187,claude_fable_5_max,28.934749756454643,5
1187,kimi_k3_max,24.850840368149836,6
1187,qwen3_8_max,18.93181685982573,7
1188,claude_opus_4_8_max,73.30521167243302,1
1188,gpt_5_5_xhigh,68.52998934093404,2
1188,claude_fable_5_max,59.19282133363005,3
1188,gemini_3_1_pro_high,55.252809002453496,4
1188,qwen3_8_max,48.17636530400373,5
1188,kimi_k3_max,37.67335619203855,6
1188,gpt_5_6_sol_max,35.80533501527474,7
1189,gpt_5_5_xhigh,66.89342026322092,1
1189,claude_opus_4_8_max,66.63559938266789,2
1189,kimi_k3_max,65.66516300282363,3
1189,qwen3_8_max,53.80663622078013,4
1189,gpt_5_6_sol_max,38.80274870316532,5
1189,claude_fable_5_max,30.333569985531668,6
1189,gemini_3_1_pro_high,6.00656737982557,7
1190,claude_opus_4_8_max,82.44542719184193,1
1190,gemini_3_1_pro_high,62.87054815480225,2
1190,kimi_k3_max,53.38131701071862,3
1190,gpt_5_5_xhigh,45.453345390786936,4
1190,qwen3_8_max,45.06512578082722,5
1190,claude_fable_5_max,42.00158040021976,6
1190,gpt_5_6_sol_max,34.352183035428645,7
1191,gpt_5_5_xhigh,68.96900177589889,1
1191,qwen3_8_max,68.5591190646858,2
1191,claude_opus_4_8_max,62.333302757392815,3
1191,gpt_5_6_sol_max,59.062192982685296,4
1191,gemini_3_1_pro_high,48.98178739777578,5
1191,claude_fable_5_max,48.271173069428606,6
1191,kimi_k3_max,18.426341419430962,7
1192,gpt_5_6_sol_max,79.46857717791363,1
1192,claude_opus_4_8_max,72.73906279206872,2
1192,qwen3_8_max,71.08518845520152,3
1192,claude_fable_5_max,49.126655508082095,4
1192,gemini_3_1_pro_high,42.18629248003573,5
1192,kimi_k3_max,24.507378291954804,6
1192,gpt_5_5_xhigh,22.904070643588614,7
1193,qwen3_8_max,61.85883405336033,1
1193,kimi_k3_max,58.598752997693964,2
1193,gemini_3_1_pro_high,44.465924043852915,3
1193,gpt_5_6_sol_max,44.094215934999006,4
1193,claude_opus_4_8_max,41.92336979043062,5
1193,gpt_5_5_xhigh,36.02891944809398,6
1193,claude_fable_5_max,28.263074243966297,7
1194,gpt_5_5_xhigh,78.59437672054095,1
1194,gemini_3_1_pro_high,63.41176452951622,2
1194,qwen3_8_max,54.1835549618374,3
1194,claude_opus_4_8_max,51.6353631655545,4
1194,claude_fable_5_max,45.062787642515474,5
1194,kimi_k3_max,41.53694529912219,6
1194,gpt_5_6_sol_max,21.761545968880622,7
1195,gpt_5_6_sol_max,79.71624986369147,1
1195,gpt_5_5_xhigh,74.41883729597733,2
1195,claude_fable_5_max,71.70535740993904,3
1195,kimi_k3_max,69.0511461352828,4
1195,claude_opus_4_8_max,57.294575469387894,5
1195,qwen3_8_max,43.00141706401271,6
1195,gemini_3_1_pro_high,8.67769907676362,7
1196,gemini_3_1_pro_high,71.17684329214543,1
1196,qwen3_8_max,68.67220697386045,2
1196,claude_opus_4_8_max,61.67268583918509,3
1196,claude_fable_5_max,47.98040532884295,4
1196,kimi_k3_max,47.1179536637069,5
1196,gpt_5_6_sol_max,41.0339328136675,6
1196,gpt_5_5_xhigh,16.30583875971426,7
1197,gpt_5_6_sol_max,82.20561457657867,1
1197,gemini_3_1_pro_high,42.17198765988849,2
1197,claude_opus_4_8_max,39.689137063638555,3
1197,qwen3_8_max,36.28999363758547,4
1197,claude_fable_5_max,28.13466965360187,5
1197,gpt_5_5_xhigh,26.18570160522719,6
1197,kimi_k3_max,24.940510669265084,7
1198,claude_fable_5_max,93.35022892637012,1
1198,claude_opus_4_8_max,55.09886958246722,2
1198,gemini_3_1_pro_high,51.10031654123982,3
1198,gpt_5_5_xhigh,42.0102569674402,4
1198,kimi_k3_max,33.907023901995714,5
1198,gpt_5_6_sol_max,23.660515928020658,6
1198,qwen3_8_max,18.99118219705062,7
1199,qwen3_8_max,79.48239068148449,1
1199,claude_opus_4_8_max,75.70186977275026,2
1199,gpt_5_5_xhigh,71.0055838836887,3
1199,gpt_5_6_sol_max,51.535975530344956,4
1199,gemini_3_1_pro_high,35.33907975277448,5
1199,kimi_k3_max,26.890700626032164,6
1199,claude_fable_5_max,24.699295660654233,7
1200,gemini_3_1_pro_high,79.77450993042655,1
1200,claude_opus_4_8_max,77.55041865345254,2
1200,gpt_5_6_sol_max,61.052263956859505,3
1200,qwen3_8_max,55.79590160157309,4
1200,kimi_k3_max,53.27479833743014,5
1200,gpt_5_5_xhigh,47.166039148838486,6
1200,claude_fable_5_max,33.45926293730162,7
1201,gpt_5_6_sol_max,75.47119566012213,1
1201,gpt_5_5_xhigh,61.55542632042368,2
1201,qwen3_8_max,55.506660311043106,3
1201,claude_opus_4_8_max,40.0607351271578,4
1201,claude_fable_5_max,27.83049676538354,5
1201,kimi_k3_max,25.34641123291466,6
1201,gemini_3_1_pro_high,23.75637955864413,7
1202,claude_opus_4_8_max,64.15142590018289,1
1202,qwen3_8_max,63.92983598336755,2
1202,claude_fable_5_max,63.63169783859966,3
1202,gpt_5_6_sol_max,55.71091477646924,4
1202,gpt_5_5_xhigh,51.96399248866119,5
1202,kimi_k3_max,38.97964219644781,6
1202,gemini_3_1_pro_high,32.91373583122937,7
1203,gpt_5_6_sol_max,86.71200670601971,1
1203,qwen3_8_max,77.30911833053113,2
1203,claude_fable_5_max,74.27637388621501,3
1203,gemini_3_1_pro_high,72.09230448302388,4
1203,kimi_k3_max,43.8561662167846,5
1203,gpt_5_5_xhigh,40.07788444680952,6
1203,claude_opus_4_8_max,36.0687358067751,7
1204,claude_fable_5_max,71.99049400460106,1
1204,gpt_5_6_sol_max,70.16410373182043,2
1204,gemini_3_1_pro_high,60.37374445003766,3
1204,qwen3_8_max,52.93102291794541,4
1204,kimi_k3_max,50.2815708444543,5
1204,gpt_5_5_xhigh,46.31891630075556,6
1204,claude_opus_4_8_max,35.88233673777237,7
1205,claude_fable_5_max,91.90796505710492,1
1205,qwen3_8_max,41.23375891019951,2
1205,gemini_3_1_pro_high,37.32559022618335,3
1205,kimi_k3_max,34.35810442414105,4
1205,gpt_5_5_xhigh,33.319217687221894,5
1205,gpt_5_6_sol_max,28.55196612915174,6
1205,claude_opus_4_8_max,27.601750165562233,7
1206,claude_fable_5_max,73.68621898842842,1
1206,gpt_5_5_xhigh,65.79928573092583,2
1206,claude_opus_4_8_max,59.74119264254014,3
1206,gemini_3_1_pro_high,57.032448794514664,4
1206,qwen3_8_max,55.511964031267176,5
1206,gpt_5_6_sol_max,48.81778279323377,6
1206,kimi_k3_max,38.02084998841708,7
1207,claude_opus_4_8_max,68.61105940682374,1
1207,gpt_5_6_sol_max,52.30451600035972,2
1207,kimi_k3_max,51.63332717871607,3
1207,qwen3_8_max,48.95167469127476,4
1207,gemini_3_1_pro_high,35.67429754461351,5
1207,claude_fable_5_max,34.91422061220126,6
1207,gpt_5_5_xhigh,30.765852479315175,7
1208,gemini_3_1_pro_high,53.85903808831263,1
1208,gpt_5_5_xhigh,53.71980744621194,2
1208,kimi_k3_max,52.627605080022775,3
1208,claude_opus_4_8_max,49.653136805925634,4
1208,claude_fable_5_max,39.29855552101551,5
1208,qwen3_8_max,31.56221595773259,6
1208,gpt_5_6_sol_max,26.72359534637335,7
1209,claude_fable_5_max,86.67452485393477,1
1209,kimi_k3_max,58.38587433359726,2
1209,gpt_5_5_xhigh,54.115197291146316,3
1209,gpt_5_6_sol_max,44.66769041987066,4
1209,qwen3_8_max,42.915595730197346,5
1209,gemini_3_1_pro_high,42.65697802051682,6
1209,claude_opus_4_8_max,21.555765055005786,7
1210,gpt_5_6_sol_max,73.65410586536926,1
1210,claude_fable_5_max,72.98723770427185,2
1210,kimi_k3_max,67.80913649377959,3
1210,qwen3_8_max,53.35610700498103,4
1210,claude_opus_4_8_max,46.36770590497553,5
1210,gpt_5_5_xhigh,39.66616429374106,6
1210,gemini_3_1_pro_high,28.49739027817425,7
1211,gpt_5_6_sol_max,78.42132382870102,1
1211,claude_fable_5_max,70.7276896220125,2
1211,gemini_3_1_pro_high,63.210336527943525,3
1211,qwen3_8_max,62.659760853529015,4
1211,claude_opus_4_8_max,61.57946425542201,5
1211,kimi_k3_max,53.88103287696694,6
1211,gpt_5_5_xhigh,20.09773173405708,7
1212,claude_opus_4_8_max,72.14416760153685,1
1212,qwen3_8_max,52.05303125865936,2
1212,gpt_5_5_xhigh,43.78162416677998,3
1212,gpt_5_6_sol_max,37.47099964399246,4
1212,gemini_3_1_pro_high,31.002296201884036,5
1212,claude_fable_5_max,30.02398411812435,6
1212,kimi_k3_max,25.370390155392332,7
1213,gpt_5_5_xhigh,76.92968203905298,1
1213,gpt_5_6_sol_max,63.440072910888645,2
1213,gemini_3_1_pro_high,61.44535496796104,3
1213,qwen3_8_max,55.37781091593886,4
1213,claude_opus_4_8_max,42.922425148051666,5
1213,claude_fable_5_max,38.96190486864598,6
1213,kimi_k3_max,38.32886775083787,7
1214,gpt_5_6_sol_max,65.97792960337614,1
1214,gemini_3_1_pro_high,60.47268256568887,2
1214,claude_fable_5_max,48.694929494419775,3
1214,qwen3_8_max,43.70336002283625,4
1214,claude_opus_4_8_max,39.82074785311764,5
1214,kimi_k3_max,34.52946755465658,6
1214,gpt_5_5_xhigh,26.428680122071537,7
1215,claude_opus_4_8_max,69.34144988349755,1
1215,claude_fable_5_max,54.79888112142493,2
1215,gemini_3_1_pro_high,52.150296450246465,3
1215,gpt_5_6_sol_max,44.35119334745547,4
1215,kimi_k3_max,37.04928361462346,5
1215,qwen3_8_max,26.844807217182055,6
1215,gpt_5_5_xhigh,11.525655905211295,7
1216,claude_opus_4_8_max,83.60640441045271,1
1216,kimi_k3_max,48.947754594667025,2
1216,gemini_3_1_pro_high,36.45100278610448,3
1216,gpt_5_5_xhigh,30.979648318776746,4
1216,gpt_5_6_sol_max,30.510133545560663,5
1216,claude_fable_5_max,25.585676988430485,6
1216,qwen3_8_max,20.753326528982594,7
1217,gpt_5_6_sol_max,85.78034241783304,1
1217,gpt_5_5_xhigh,69.17996350739271,2
1217,claude_opus_4_8_max,64.32919859843055,3
1217,claude_fable_5_max,48.871824949988685,4
1217,gemini_3_1_pro_high,43.28153574970286,5
1217,qwen3_8_max,29.51010912990064,6
1217,kimi_k3_max,23.281147073818378,7
1218,gemini_3_1_pro_high,75.56624405415727,1
1218,gpt_5_5_xhigh,75.36624236921935,2
1218,kimi_k3_max,55.99372609606404,3
1218,claude_opus_4_8_max,51.52890422817068,4
1218,qwen3_8_max,49.26026064224595,5
1218,gpt_5_6_sol_max,42.525242824621,6
1218,claude_fable_5_max,37.891270538215295,7
1219,gpt_5_6_sol_max,55.89561412678785,1
1219,gemini_3_1_pro_high,47.68313993632769,2
1219,qwen3_8_max,45.38296777392084,3
1219,gpt_5_5_xhigh,45.095489451585536,4
1219,claude_fable_5_max,42.461064437254095,5
1219,claude_opus_4_8_max,25.89891750091449,6
1219,kimi_k3_max,11.634287714616592,7
1220,claude_opus_4_8_max,66.17461217800542,1
1220,gemini_3_1_pro_high,41.22971022173765,2
1220,claude_fable_5_max,40.24277983550999,3
1220,qwen3_8_max,32.23588258792281,4
1220,gpt_5_5_xhigh,31.899749939794653,5
1220,gpt_5_6_sol_max,31.25197342350363,6
1220,kimi_k3_max,26.332057444827853,7
1221,claude_fable_5_max,76.90650057277266,1
1221,gpt_5_5_xhigh,65.40626347794336,2
1221,gemini_3_1_pro_high,45.31545611986315,3
1221,kimi_k3_max,32.805558927414545,4
1221,gpt_5_6_sol_max,31.10635199577426,5
1221,claude_opus_4_8_max,29.056455851236688,6
1221,qwen3_8_max,25.233621889428182,7
1222,claude_fable_5_max,90.23761940461475,1
1222,gpt_5_6_sol_max,67.74156186271861,2
1222,gemini_3_1_pro_high,57.1383139896997,3
1222,qwen3_8_max,49.196595198200455,4
1222,gpt_5_5_xhigh,38.61963964009202,5
1222,kimi_k3_max,36.177783374538706,6
1222,claude_opus_4_8_max,33.02128343093666,7
1223,gpt_5_6_sol_max,90.67162795670454,1
1223,kimi_k3_max,41.18011507897988,2
1223,claude_opus_4_8_max,39.75662774031804,3
1223,gpt_5_5_xhigh,36.388222753116274,4
1223,claude_fable_5_max,36.27280553820576,5
1223,gemini_3_1_pro_high,21.57708921182251,6
1223,qwen3_8_max,14.385900790112471,7
1224,claude_fable_5_max,84.89514386752606,1
1224,claude_opus_4_8_max,64.58810564880467,2
1224,kimi_k3_max,61.69140191462979,3
1224,gpt_5_6_sol_max,61.2908387757418,4
1224,qwen3_8_max,48.663621924233325,5
1224,gemini_3_1_pro_high,43.67425956900604,6
1224,gpt_5_5_xhigh,30.88017981659323,7
1225,gemini_3_1_pro_high,74.12496485125742,1
1225,gpt_5_6_sol_max,61.8261805097188,2
1225,claude_fable_5_max,45.73216339502475,3
1225,claude_opus_4_8_max,40.83097828315755,4
1225,qwen3_8_max,37.68678904619778,5
1225,kimi_k3_max,35.09234671629722,6
1225,gpt_5_5_xhigh,24.74199694754796,7
1226,claude_fable_5_max,76.26616876074348,1
1226,gpt_5_6_sol_max,74.63013566889767,2
1226,kimi_k3_max,73.36026274686803,3
1226,gemini_3_1_pro_high,65.12750923109047,4
1226,claude_opus_4_8_max,48.8895257154377,5
1226,gpt_5_5_xhigh,23.93657969262031,6
1226,qwen3_8_max,23.705877233282067,7
1227,gpt_5_6_sol_max,69.84212360958749,1
1227,kimi_k3_max,60.88043194498427,2
1227,qwen3_8_max,48.575924168988706,3
1227,gpt_5_5_xhigh,48.35958267783594,4
1227,gemini_3_1_pro_high,47.50274171246466,5
1227,claude_opus_4_8_max,46.58852857192779,6
1227,claude_fable_5_max,44.302780199459505,7
1228,gpt_5_6_sol_max,85.35312585936084,1
1228,gpt_5_5_xhigh,48.96181702545327,2
1228,claude_fable_5_max,35.65850985914063,3
1228,kimi_k3_max,34.449374170137254,4
1228,gemini_3_1_pro_high,28.8910187852107,5
1228,claude_opus_4_8_max,27.59305702610109,6
1228,qwen3_8_max,23.49364575677747,7
1229,kimi_k3_max,71.63431816171065,1
1229,gpt_5_5_xhigh,55.32943674526242,2
1229,claude_fable_5_max,52.812239342686894,3
1229,gpt_5_6_sol_max,50.341790740408605,4
1229,qwen3_8_max,37.10206862510391,5
1229,gemini_3_1_pro_high,33.300546364091005,6
1229,claude_opus_4_8_max,23.422793230724157,7
1230,qwen3_8_max,73.89714058483739,1
1230,gpt_5_6_sol_max,67.78880628075439,2
1230,claude_fable_5_max,64.21844637544021,3
1230,kimi_k3_max,50.435199553935135,4
1230,gpt_5_5_xhigh,49.15108006630731,5
1230,gemini_3_1_pro_high,47.465209659276354,6
1230,claude_opus_4_8_max,28.325163514351065,7
1231,gpt_5_6_sol_max,84.99846981076229,1
1231,claude_opus_4_8_max,67.03371116337384,2
1231,claude_fable_5_max,52.132644129963325,3
1231,kimi_k3_max,49.303181385898185,4
1231,gpt_5_5_xhigh,48.87357510657502,5
1231,qwen3_8_max,48.08140352361923,6
1231,gemini_3_1_pro_high,36.03653938421584,7
1232,gemini_3_1_pro_high,83.06789540784911,1
1232,gpt_5_5_xhigh,60.56035739088647,2
1232,gpt_5_6_sol_max,53.21757002526936,3
1232,kimi_k3_max,52.0978240234552,4
1232,claude_opus_4_8_max,35.45073949892512,5
1232,qwen3_8_max,35.31401800293195,6
1232,claude_fable_5_max,7.359460458882829,7
1233,gpt_5_6_sol_max,82.00119550110757,1
1233,claude_opus_4_8_max,77.14404802093219,2
1233,kimi_k3_max,67.9389388269325,3
1233,gemini_3_1_pro_high,43.25986265343534,4
1233,qwen3_8_max,35.14461137862166,5
1233,gpt_5_5_xhigh,33.028191068465155,6
1233,claude_fable_5_max,1.3170884974546233,7
1234,claude_fable_5_max,82.96584316757202,1
1234,gpt_5_6_sol_max,73.74990791424324,2
1234,gemini_3_1_pro_high,39.06397122354133,3
1234,claude_opus_4_8_max,36.23193939430977,4
1234,qwen3_8_max,29.9647776604625,5
1234,kimi_k3_max,29.268531918214638,6
1234,gpt_5_5_xhigh,24.513204843904298,7
1235,kimi_k3_max,66.09822322568934,1
1235,claude_fable_5_max,51.35311575044522,2
1235,gpt_5_5_xhigh,48.515012325374144,3
1235,qwen3_8_max,46.07225615322167,4
1235,claude_opus_4_8_max,32.707370968149824,5
1235,gpt_5_6_sol_max,29.296010754688808,6
1235,gemini_3_1_pro_high,16.879326009821327,7
1236,gemini_3_1_pro_high,70.6064838302302,1
1236,gpt_5_6_sol_max,61.47115738628831,2
1236,gpt_5_5_xhigh,55.237522097704435,3
1236,claude_opus_4_8_max,51.511975340206526,4
1236,kimi_k3_max,48.229134223130615,5
1236,claude_fable_5_max,40.236527862615254,6
1236,qwen3_8_max,23.440860224637333,7
1237,kimi_k3_max,85.92333735017888,1
1237,claude_fable_5_max,69.71654524761948,2
1237,gpt_5_6_sol_max,58.573084879124934,3
1237,qwen3_8_max,45.438855498574924,4
1237,gpt_5_5_xhigh,29.702956446749006,5
1237,claude_opus_4_8_max,23.99003998231473,6
1237,gemini_3_1_pro_high,21.07304107040416,7
1238,claude_fable_5_max,77.62664225885848,1
1238,gpt_5_5_xhigh,67.23031613992885,2
1238,gpt_5_6_sol_max,55.85468619332895,3
1238,kimi_k3_max,55.71795284794955,4
1238,qwen3_8_max,45.6775635468068,5
1238,gemini_3_1_pro_high,33.37157765052809,6
1238,claude_opus_4_8_max,31.78151995055769,7
1239,gpt_5_6_sol_max,81.50471592589486,1
1239,claude_fable_5_max,80.0048579470431,2
1239,kimi_k3_max,67.73944138590568,3
1239,qwen3_8_max,64.62861940123648,4
1239,gpt_5_5_xhigh,41.543888807302864,5
1239,gemini_3_1_pro_high,23.275332583832757,6
1239,claude_opus_4_8_max,7.451645880015859,7
1240,kimi_k3_max,76.52267649514229,1
1240,gpt_5_6_sol_max,69.32820752771588,2
1240,gpt_5_5_xhigh,55.68254884272109,3
1240,claude_fable_5_max,53.756490742407195,4
1240,gemini_3_1_pro_high,45.029284775265765,5
1240,claude_opus_4_8_max,40.055948562807664,6
1240,qwen3_8_max,36.42164550761908,7
1241,gemini_3_1_pro_high,70.73139292929115,1
1241,gpt_5_6_sol_max,63.50717812228257,2
1241,claude_opus_4_8_max,57.360634703571016,3
1241,qwen3_8_max,43.06641136105412,4
1241,kimi_k3_max,41.516672936307984,5
1241,claude_fable_5_max,39.16097552211832,6
1241,gpt_5_5_xhigh,15.591685164714594,7
1242,claude_fable_5_max,67.83824733196049,1
1242,claude_opus_4_8_max,61.21459133816543,2
1242,gpt_5_6_sol_max,49.57076728568931,3
1242,qwen3_8_max,49.172173706667785,4
1242,kimi_k3_max,43.626335756179856,5
1242,gpt_5_5_xhigh,42.235006526111384,6
1242,gemini_3_1_pro_high,38.90989901052559,7
1243,gpt_5_5_xhigh,71.1539644921248,1
1243,claude_opus_4_8_max,37.183977814232975,2
1243,kimi_k3_max,35.14563766753229,3
1243,claude_fable_5_max,32.00926049126566,4
1243,qwen3_8_max,25.916507374197796,5
1243,gpt_5_6_sol_max,22.06656238995331,6
1243,gemini_3_1_pro_high,9.366248559301667,7
1244,gpt_5_6_sol_max,80.40188981502574,1
1244,kimi_k3_max,50.66068423645389,2
1244,claude_fable_5_max,47.718055901248455,3
1244,gpt_5_5_xhigh,38.395323895803244,4
1244,claude_opus_4_8_max,22.13688485846854,5
1244,qwen3_8_max,16.79076285589694,6
1244,gemini_3_1_pro_high,9.14735841443463,7
1245,gpt_5_6_sol_max,77.78881007581607,1
1245,gemini_3_1_pro_high,61.3624900819336,2
1245,qwen3_8_max,61.04531535906317,3
1245,kimi_k3_max,47.75609832680835,4
1245,claude_opus_4_8_max,28.834517382272537,5
1245,gpt_5_5_xhigh,22.2395284894312,6
1245,claude_fable_5_max,16.160131894597114,7
1246,gpt_5_5_xhigh,65.81315290706027,1
1246,gemini_3_1_pro_high,62.83305980267323,2
1246,claude_opus_4_8_max,56.56391988679117,3
1246,gpt_5_6_sol_max,47.65890765225165,4
1246,kimi_k3_max,30.616094575907216,5
1246,claude_fable_5_max,29.39842493623562,6
1246,qwen3_8_max,13.000205576954876,7
1247,gemini_3_1_pro_high,79.82871181323766,1
1247,gpt_5_6_sol_max,77.47505635107214,2
1247,kimi_k3_max,66.62223322469916,3
1247,claude_fable_5_max,51.75730852902463,4
1247,gpt_5_5_xhigh,43.56236489475096,5
1247,qwen3_8_max,19.285681252576648,6
1247,claude_opus_4_8_max,16.292215143059256,7
1248,qwen3_8_max,73.45504831648962,1
1248,claude_opus_4_8_max,59.31727307948705,2
1248,claude_fable_5_max,48.254711073756816,3
1248,gpt_5_6_sol_max,47.932488447566335,4
1248,kimi_k3_max,45.53602389461045,5
1248,gpt_5_5_xhigh,27.828469998580662,6
1248,gemini_3_1_pro_high,16.616311210396233,7
1249,qwen3_8_max,67.53277453334704,1
1249,gpt_5_5_xhigh,52.23781393710224,2
1249,claude_fable_5_max,49.91390072356908,3
1249,kimi_k3_max,43.71187438546115,4
1249,claude_opus_4_8_max,37.521765459341715,5
1249,gpt_5_6_sol_max,25.490207289633513,6
1249,gemini_3_1_pro_high,18.71858403441192,7
1250,gpt_5_5_xhigh,61.369384082267935,1
1250,gemini_3_1_pro_high,56.36746455836177,2
1250,claude_opus_4_8_max,41.71605191947118,3
1250,gpt_5_6_sol_max,37.94859719091599,4
1250,qwen3_8_max,36.5950137185891,5
1250,kimi_k3_max,28.14097038073224,6
1250,claude_fable_5_max,24.629958696252494,7
1251,gpt_5_5_xhigh,77.58907459849424,1
1251,qwen3_8_max,73.61214577939123,2
1251,gpt_5_6_sol_max,61.588857929000035,3
1251,claude_opus_4_8_max,48.07512049611798,4
1251,gemini_3_1_pro_high,45.28772113943758,5
1251,kimi_k3_max,27.844955049821174,6
1251,claude_fable_5_max,20.7724704076722,7
1252,gpt_5_6_sol_max,78.20642532443331,1
1252,gpt_5_5_xhigh,52.26213540469844,2
1252,gemini_3_1_pro_high,52.06490138230002,3
1252,claude_fable_5_max,48.442361430287065,4
1252,claude_opus_4_8_max,31.789228229265834,5
1252,qwen3_8_max,28.508007346212047,6
1252,kimi_k3_max,23.40765174865845,7
1253,gpt_5_6_sol_max,83.59398103463525,1
1253,gemini_3_1_pro_high,53.093989583872016,2
1253,qwen3_8_max,37.893356522407196,3
1253,gpt_5_5_xhigh,27.008861003043823,4
1253,claude_fable_5_max,24.506249811743416,5
1253,claude_opus_4_8_max,23.730508283208387,6
1253,kimi_k3_max,20.698443752842806,7
1254,gpt_5_5_xhigh,79.88673122265845,1
1254,qwen3_8_max,38.75641883833573,2
1254,gemini_3_1_pro_high,38.16132611218148,3
1254,gpt_5_6_sol_max,37.613873686577556,4
1254,claude_opus_4_8_max,35.77485200627514,5
1254,kimi_k3_max,29.464495011048786,6
1254,claude_fable_5_max,27.555449444427563,7
1255,kimi_k3_max,61.804747909910546,1
1255,gpt_5_5_xhigh,53.65011553800707,2
1255,gpt_5_6_sol_max,53.266597615601654,3
1255,claude_opus_4_8_max,48.00580470289107,4
1255,gemini_3_1_pro_high,39.625481827916616,5
1255,claude_fable_5_max,26.059237909804963,6
1255,qwen3_8_max,22.056751149601876,7
1256,gpt_5_6_sol_max,70.97904420377269,1
1256,qwen3_8_max,54.3973765767421,2
1256,gpt_5_5_xhigh,51.065945436306244,3
1256,gemini_3_1_pro_high,51.02766074545935,4
1256,kimi_k3_max,49.39436493604225,5
1256,claude_fable_5_max,33.080951475425415,6
1256,claude_opus_4_8_max,29.0090448740656,7
1257,gpt_5_6_sol_max,81.16090323624483,1
1257,gpt_5_5_xhigh,77.3757016082543,2
1257,claude_opus_4_8_max,63.26457290378691,3
1257,claude_fable_5_max,44.383915952957906,4
1257,kimi_k3_max,35.02110126351655,5
1257,gemini_3_1_pro_high,34.961680355805505,6
1257,qwen3_8_max,18.48963588303736,7
1258,gemini_3_1_pro_high,73.7498601876795,1
1258,claude_opus_4_8_max,62.287979678361225,2
1258,kimi_k3_max,58.183201936533976,3
1258,qwen3_8_max,57.70196791796265,4
1258,gpt_5_6_sol_max,54.112214762967916,5
1258,gpt_5_5_xhigh,38.72608173465314,6
1258,claude_fable_5_max,36.46205657270792,7
1259,gpt_5_5_xhigh,74.9321304272991,1
1259,claude_fable_5_max,47.12947357163765,2
1259,claude_opus_4_8_max,44.04599918572084,3
1259,kimi_k3_max,35.08448859095475,4
1259,qwen3_8_max,28.50631232064743,5
1259,gpt_5_6_sol_max,26.416579191431104,6
1259,gemini_3_1_pro_high,12.13371700814708,7
1260,claude_fable_5_max,83.57090115225947,1
1260,gpt_5_6_sol_max,77.44726232788584,2
1260,kimi_k3_max,51.008783922707906,3
1260,gemini_3_1_pro_high,43.322712715290514,4
1260,gpt_5_5_xhigh,43.06983407707536,5
1260,qwen3_8_max,42.50691768017046,6
1260,claude_opus_4_8_max,39.9862756449947,7
1261,claude_fable_5_max,80.36115419486391,1
1261,qwen3_8_max,73.45801437067234,2
1261,kimi_k3_max,58.18274549808797,3
1261,gemini_3_1_pro_high,40.18613559737524,4
1261,gpt_5_5_xhigh,39.327882509047804,5
1261,gpt_5_6_sol_max,35.404978450208716,6
1261,claude_opus_4_8_max,19.106785279108006,7
1262,claude_fable_5_max,71.00421653331941,1
1262,gpt_5_5_xhigh,61.03268486908749,2
1262,claude_opus_4_8_max,56.879433256622825,3
1262,gpt_5_6_sol_max,53.49059792139557,4
1262,qwen3_8_max,51.92803993813571,5
1262,kimi_k3_max,36.510134311619595,6
1262,gemini_3_1_pro_high,36.06007127848297,7
1263,kimi_k3_max,56.82940789084655,1
1263,gpt_5_6_sol_max,54.80104314694547,2
1263,claude_opus_4_8_max,50.789580949846865,3
1263,qwen3_8_max,41.86200081428167,4
1263,gpt_5_5_xhigh,31.307720699689547,5
1263,claude_fable_5_max,29.047820728497367,6
1263,gemini_3_1_pro_high,13.045208064522534,7
1264,gpt_5_6_sol_max,66.30704906700589,1
1264,claude_opus_4_8_max,60.2265112160435,2
1264,claude_fable_5_max,55.38046296283525,3
1264,gemini_3_1_pro_high,46.59220510179429,4
1264,gpt_5_5_xhigh,42.260497696865116,5
1264,kimi_k3_max,30.41039972978907,6
1264,qwen3_8_max,29.8582586803086,7
1265,claude_opus_4_8_max,83.81086664545228,1
1265,gpt_5_6_sol_max,48.61587746837832,2
1265,gpt_5_5_xhigh,43.45904974807898,3
1265,claude_fable_5_max,40.57444131114014,4
1265,kimi_k3_max,39.068519148849305,5
1265,qwen3_8_max,28.2631074054217,6
1265,gemini_3_1_pro_high,24.24773601270263,7
1266,gpt_5_6_sol_max,61.27748866835573,1
1266,kimi_k3_max,57.37974234177163,2
1266,gpt_5_5_xhigh,53.002050944860926,3
1266,claude_fable_5_max,44.09759065213939,4
1266,qwen3_8_max,37.040208851684845,5
1266,gemini_3_1_pro_high,31.299794069036633,6
1266,claude_opus_4_8_max,22.059978452162852,7
1267,claude_fable_5_max,76.96520631616478,1
1267,qwen3_8_max,63.53198182223752,2
1267,gpt_5_6_sol_max,53.78102797594066,3
1267,claude_opus_4_8_max,47.73686901385778,4
1267,gemini_3_1_pro_high,44.525106216757365,5
1267,gpt_5_5_xhigh,31.528001519257067,6
1267,kimi_k3_max,18.126839431130797,7
1268,gemini_3_1_pro_high,76.35793352015313,1
1268,claude_opus_4_8_max,69.44881460973478,2
1268,gpt_5_5_xhigh,63.478635306722936,3
1268,gpt_5_6_sol_max,47.92406361572852,4
1268,claude_fable_5_max,43.6699838329723,5
1268,qwen3_8_max,36.15894597879291,6
1268,kimi_k3_max,10.412745820766538,7
1269,claude_opus_4_8_max,74.46622433292718,1
1269,kimi_k3_max,52.97231999046909,2
1269,gpt_5_6_sol_max,51.225538367439974,3
1269,claude_fable_5_max,49.19019359593603,4
1269,qwen3_8_max,42.07409370870928,5
1269,gpt_5_5_xhigh,34.35849875841621,6
1269,gemini_3_1_pro_high,33.64272456542306,7
1270,qwen3_8_max,57.48290642386229,1
1270,claude_fable_5_max,55.370147673162705,2
1270,claude_opus_4_8_max,35.36189060228945,3
1270,gpt_5_6_sol_max,27.31958608911116,4
1270,gemini_3_1_pro_high,18.76049406060685,5
1270,gpt_5_5_xhigh,13.528451356342506,6
1270,kimi_k3_max,8.644829204749948,7
1271,gpt_5_6_sol_max,82.05802075358102,1
1271,qwen3_8_max,63.345064692030626,2
1271,claude_fable_5_max,59.910775609053545,3
1271,gemini_3_1_pro_high,49.99952311848685,4
1271,kimi_k3_max,46.611507502036176,5
1271,claude_opus_4_8_max,43.2384251783654,6
1271,gpt_5_5_xhigh,15.19644820619331,7
1272,gpt_5_6_sol_max,84.89035607159434,1
1272,claude_opus_4_8_max,66.36850131688902,2
1272,claude_fable_5_max,40.79235585009873,3
1272,qwen3_8_max,36.22551159433134,4
1272,gemini_3_1_pro_high,33.09089909803835,5
1272,kimi_k3_max,26.87316054311253,6
1272,gpt_5_5_xhigh,17.93104116657447,7
1273,gemini_3_1_pro_high,85.27095056107987,1
1273,gpt_5_6_sol_max,71.24961376562452,2
1273,claude_fable_5_max,63.56923762978134,3
1273,claude_opus_4_8_max,61.21184417380265,4
1273,qwen3_8_max,46.0554485146972,5
1273,kimi_k3_max,33.72098006490827,6
1273,gpt_5_5_xhigh,30.35260125533489,7
1274,gpt_5_6_sol_max,88.84699745387421,1
1274,kimi_k3_max,62.2260704784943,2
1274,qwen3_8_max,54.5962652616475,3
1274,claude_fable_5_max,48.40681456915288,4
1274,gemini_3_1_pro_high,44.98821702634768,5
1274,gpt_5_5_xhigh,36.25407745492001,6
1274,claude_opus_4_8_max,18.101102181302284,7
1275,gpt_5_6_sol_max,77.36261034348455,1
1275,claude_fable_5_max,72.18855115747577,2
1275,gemini_3_1_pro_high,52.14490765213482,3
1275,claude_opus_4_8_max,41.121615706160284,4
1275,kimi_k3_max,36.745185502656035,5
1275,gpt_5_5_xhigh,35.4749008099064,6
1275,qwen3_8_max,27.1287702782284,7
1276,claude_fable_5_max,80.26640560711274,1
1276,gpt_5_5_xhigh,69.32491967018225,2
1276,claude_opus_4_8_max,54.877358737907336,3
1276,gemini_3_1_pro_high,51.05645228475329,4
1276,kimi_k3_max,38.58550529307785,5
1276,gpt_5_6_sol_max,38.52215920821649,6
1276,qwen3_8_max,20.474841874487222,7
1277,gpt_5_5_xhigh,59.285953365735644,1
1277,claude_fable_5_max,53.90178996949774,2
1277,kimi_k3_max,43.16841412204436,3
1277,claude_opus_4_8_max,42.40661193692663,4
1277,qwen3_8_max,37.86164306824468,5
1277,gpt_5_6_sol_max,35.36380705129361,6
1277,gemini_3_1_pro_high,11.430460106203675,7
1278,claude_fable_5_max,59.85479796994002,1
1278,gpt_5_6_sol_max,52.25510669131714,2
1278,kimi_k3_max,51.90440478642643,3
1278,gpt_5_5_xhigh,35.05418774799024,4
1278,claude_opus_4_8_max,32.519753798684114,5
1278,gemini_3_1_pro_high,21.553752464227138,6
1278,qwen3_8_max,11.734549704067318,7
1279,qwen3_8_max,73.99155460623207,1
1279,claude_opus_4_8_max,69.24905430882889,2
1279,gpt_5_6_sol_max,66.62859649785943,3
1279,kimi_k3_max,63.70052914610569,4
1279,gemini_3_1_pro_high,58.40287185353351,5
1279,gpt_5_5_xhigh,47.5394630750711,6
1279,claude_fable_5_max,42.06066576816525,7
1280,gemini_3_1_pro_high,66.78960066973973,1
1280,qwen3_8_max,65.93634910527756,2
1280,gpt_5_6_sol_max,61.21133736702666,3
1280,claude_fable_5_max,56.42617544901453,4
1280,gpt_5_5_xhigh,53.20491198680706,5
1280,kimi_k3_max,40.03546200587263,6
1280,claude_opus_4_8_max,36.75875802107756,7
1281,claude_fable_5_max,61.47147710051161,1
1281,gpt_5_6_sol_max,53.20793939498392,2
1281,gemini_3_1_pro_high,52.57340904408048,3
1281,qwen3_8_max,47.903187273059665,4
1281,kimi_k3_max,44.07014706698958,5
1281,gpt_5_5_xhigh,36.15457226279641,6
1281,claude_opus_4_8_max,35.541326016717335,7
1282,gpt_5_6_sol_max,90.30288361391561,1
1282,gpt_5_5_xhigh,48.91935509115041,2
1282,qwen3_8_max,38.84849293669137,3
1282,kimi_k3_max,37.061158328322065,4
1282,claude_opus_4_8_max,31.455630316260144,5
1282,claude_fable_5_max,26.408914129120987,6
1282,gemini_3_1_pro_high,15.850964841019142,7
1283,claude_fable_5_max,81.88686136795687,1
1283,gpt_5_6_sol_max,76.65605203266897,2
1283,kimi_k3_max,76.53960626265685,3
1283,gemini_3_1_pro_high,50.07226000837686,4
1283,gpt_5_5_xhigh,30.090399926538446,5
1283,claude_opus_4_8_max,28.18808921825683,6
1283,qwen3_8_max,19.198279976223812,7
1284,gemini_3_1_pro_high,82.39827986250529,1
1284,kimi_k3_max,76.24618718420786,2
1284,claude_opus_4_8_max,58.52400525163257,3
1284,gpt_5_5_xhigh,49.38745971544509,4
1284,qwen3_8_max,38.28166367061548,5
1284,gpt_5_6_sol_max,33.90278144652407,6
1284,claude_fable_5_max,21.64735184253486,7
1285,gpt_5_6_sol_max,66.12558694915518,1
1285,gemini_3_1_pro_high,52.82629104801916,2
1285,qwen3_8_max,51.73482574553456,3
1285,claude_fable_5_max,49.65282547388027,4
1285,kimi_k3_max,39.66363048661686,5
1285,claude_opus_4_8_max,34.35878148880966,6
1285,gpt_5_5_xhigh,16.594622129595944,7
1286,kimi_k3_max,84.64083277693864,1
1286,qwen3_8_max,71.74998197382826,2
1286,gpt_5_5_xhigh,58.26161036397852,3
1286,gemini_3_1_pro_high,48.83890615220905,4
1286,claude_fable_5_max,45.839326966601476,5
1286,claude_opus_4_8_max,41.46466880459595,6
1286,gpt_5_6_sol_max,36.534449349846724,7
1287,gpt_5_6_sol_max,62.79465301735785,1
1287,gpt_5_5_xhigh,43.686150668323144,2
1287,qwen3_8_max,42.551787522816824,3
1287,gemini_3_1_pro_high,39.647392908316064,4
1287,claude_opus_4_8_max,34.508955547546805,5
1287,kimi_k3_max,30.16640369323811,6
1287,claude_fable_5_max,28.602098786585408,7
1288,kimi_k3_max,75.0926392645606,1
1288,gpt_5_6_sol_max,67.19746604948786,2
1288,gemini_3_1_pro_high,55.337380313348476,3
1288,claude_fable_5_max,48.880273192489256,4
1288,claude_opus_4_8_max,39.023815140765265,5
1288,gpt_5_5_xhigh,37.834500778691535,6
1288,qwen3_8_max,32.67879667015373,7
1289,gemini_3_1_pro_high,81.72445319995467,1
1289,kimi_k3_max,68.72865255118072,2
1289,claude_opus_4_8_max,59.668621554345705,3
1289,gpt_5_5_xhigh,53.94276059856435,4
1289,gpt_5_6_sol_max,50.95462059702656,5
1289,claude_fable_5_max,48.41495956794819,6
1289,qwen3_8_max,29.090183209947767,7
1290,gemini_3_1_pro_high,69.28077004207547,1
1290,claude_opus_4_8_max,45.82849408402731,2
1290,gpt_5_5_xhigh,41.193245346412645,3
1290,qwen3_8_max,39.117656987058844,4
1290,claude_fable_5_max,30.06669380937231,5
1290,gpt_5_6_sol_max,29.078254023179746,6
1290,kimi_k3_max,9.312495217615664,7
1291,claude_opus_4_8_max,83.8627481393722,1
1291,qwen3_8_max,54.86725224434658,2
1291,gpt_5_6_sol_max,34.970122174351786,3
1291,kimi_k3_max,33.78895155770152,4
1291,gpt_5_5_xhigh,19.260385122137556,5
1291,claude_fable_5_max,15.929633642848007,6
1291,gemini_3_1_pro_high,9.128581375820431,7
1292,gemini_3_1_pro_high,87.4889993244508,1
1292,claude_opus_4_8_max,72.43449134273561,2
1292,kimi_k3_max,59.42948105585161,3
1292,qwen3_8_max,58.56374955654092,4
1292,gpt_5_6_sol_max,44.615510395822064,5
1292,gpt_5_5_xhigh,43.39148713565341,6
1292,claude_fable_5_max,36.538929904510724,7
1293,gpt_5_6_sol_max,62.992573374379745,1
1293,claude_fable_5_max,53.349689199951726,2
1293,kimi_k3_max,51.373896865409094,3
1293,gpt_5_5_xhigh,43.42213568794484,4
1293,gemini_3_1_pro_high,37.66630330918426,5
1293,qwen3_8_max,33.010793135735966,6
1293,claude_opus_4_8_max,27.93015705079102,7
1294,kimi_k3_max,74.65235067725294,1
1294,gpt_5_5_xhigh,71.48475353834466,2
1294,claude_fable_5_max,69.00026399922841,3
1294,claude_opus_4_8_max,61.052164203679546,4
1294,qwen3_8_max,49.02105494588112,5
1294,gpt_5_6_sol_max,45.451574913852404,6
1294,gemini_3_1_pro_high,31.906206083784753,7
1295,kimi_k3_max,88.68698786772899,1
1295,claude_fable_5_max,86.92097909659769,2
1295,gpt_5_6_sol_max,76.94266712458946,3
1295,qwen3_8_max,68.47884398931646,4
1295,gpt_5_5_xhigh,45.024618546599264,5
1295,gemini_3_1_pro_high,39.42740112059753,6
1295,claude_opus_4_8_max,3.880649814925314,7
1296,claude_fable_5_max,74.38280402229704,1
1296,kimi_k3_max,54.441786613058156,2
1296,claude_opus_4_8_max,49.09912857137654,3
1296,qwen3_8_max,44.68071338764133,4
1296,gpt_5_5_xhigh,38.38554059459844,5
1296,gemini_3_1_pro_high,32.60252400764726,6
1296,gpt_5_6_sol_max,25.63032103828052,7
1297,gemini_3_1_pro_high,77.44985688610171,1
1297,kimi_k3_max,60.211930001208046,2
1297,qwen3_8_max,54.41530323926021,3
1297,claude_opus_4_8_max,49.76341321669287,4
1297,gpt_5_6_sol_max,46.86425500614503,5
1297,gpt_5_5_xhigh,33.47163992050126,6
1297,claude_fable_5_max,32.16867169404415,7
1298,gpt_5_6_sol_max,85.0609041407501,1
1298,kimi_k3_max,69.77594897587839,2
1298,claude_opus_4_8_max,62.309425487129786,3
1298,qwen3_8_max,57.91265320807407,4
1298,claude_fable_5_max,53.999863460293334,5
1298,gpt_5_5_xhigh,41.02245848659869,6
1298,gemini_3_1_pro_high,24.858704865992166,7
1299,claude_fable_5_max,92.95212815600568,1
1299,kimi_k3_max,72.69033647039248,2
1299,claude_opus_4_8_max,69.703866668004,3
1299,qwen3_8_max,68.36102081996845,4
1299,gpt_5_5_xhigh,49.621731614157454,5
1299,gemini_3_1_pro_high,45.29830418677528,6
1299,gpt_5_6_sol_max,32.99226511695701,7
1300,claude_fable_5_max,75.85132341553206,1
1300,gpt_5_6_sol_max,68.85446625223771,2
1300,gpt_5_5_xhigh,64.8621875403507,3
1300,kimi_k3_max,44.377800141325494,4
1300,claude_opus_4_8_max,42.30891047610967,5
1300,qwen3_8_max,37.52268302939979,6
1300,gemini_3_1_pro_high,34.052491794390576,7
1301,kimi_k3_max,79.00849217832169,1
1301,claude_fable_5_max,75.87014470442917,2
1301,gemini_3_1_pro_high,69.53854883944669,3
1301,gpt_5_5_xhigh,66.52981496795151,4
1301,gpt_5_6_sol_max,54.67493665922967,5
1301,qwen3_8_max,35.549042620636364,6
1301,claude_opus_4_8_max,31.297414457159267,7
1302,gpt_5_5_xhigh,68.39698153621,1
1302,qwen3_8_max,63.82744726010644,2
1302,gemini_3_1_pro_high,58.96170405032107,3
1302,kimi_k3_max,58.5140295884983,4
1302,claude_fable_5_max,54.15543136625145,5
1302,gpt_5_6_sol_max,30.873059978429787,6
1302,claude_opus_4_8_max,16.590069848658928,7
1303,claude_fable_5_max,76.89544781302021,1
1303,gpt_5_5_xhigh,59.090892116727645,2
1303,gpt_5_6_sol_max,51.57919627095899,3
1303,qwen3_8_max,47.81660949208175,4
1303,gemini_3_1_pro_high,46.643102526019504,5
1303,kimi_k3_max,29.02356033633842,6
1303,claude_opus_4_8_max,22.92808880544111,7
1304,claude_fable_5_max,74.49650704307933,1
1304,gpt_5_6_sol_max,69.52085968569173,2
1304,kimi_k3_max,67.5515147042952,3
1304,qwen3_8_max,63.67276924967756,4
1304,gemini_3_1_pro_high,61.25896156906153,5
1304,gpt_5_5_xhigh,58.85180371537432,6
1304,claude_opus_4_8_max,24.963201626746045,7
1305,gemini_3_1_pro_high,69.52479699809612,1
1305,claude_fable_5_max,66.80233809973541,2
1305,gpt_5_5_xhigh,57.46479943578597,3
1305,qwen3_8_max,50.73800476829157,4
1305,claude_opus_4_8_max,50.589171514588806,5
1305,kimi_k3_max,39.39767049399485,6
1305,gpt_5_6_sol_max,24.14140347192638,7
1306,qwen3_8_max,79.67764361279251,1
1306,gpt_5_6_sol_max,77.9343073907747,2
1306,gemini_3_1_pro_high,49.61846690136133,3
1306,gpt_5_5_xhigh,44.36885264709747,4
1306,claude_opus_4_8_max,37.42574333554913,5
1306,kimi_k3_max,32.45222378590269,6
1306,claude_fable_5_max,21.896901055103708,7
1307,claude_fable_5_max,68.71026463261185,1
1307,qwen3_8_max,56.42804468696022,2
1307,gemini_3_1_pro_high,53.35843819878608,3
1307,gpt_5_6_sol_max,44.52295148766228,4
1307,gpt_5_5_xhigh,36.1827522416134,5
1307,claude_opus_4_8_max,35.6214503725357,6
1307,kimi_k3_max,29.924033799845112,7
1308,gpt_5_6_sol_max,71.06069909225508,1
1308,claude_opus_4_8_max,68.05339972781438,2
1308,qwen3_8_max,58.4362952494011,3
1308,claude_fable_5_max,48.06383249350668,4
1308,gpt_5_5_xhigh,29.644436415873813,5
1308,kimi_k3_max,25.758761375138945,6
1308,gemini_3_1_pro_high,25.66782005580827,7
1309,gpt_5_5_xhigh,81.2729193159499,1
1309,claude_fable_5_max,48.71585209903707,2
1309,gemini_3_1_pro_high,38.44958886705247,3
1309,qwen3_8_max,29.942769657673736,4
1309,claude_opus_4_8_max,18.582779799672796,5
1309,gpt_5_6_sol_max,16.53535377246637,6
1309,kimi_k3_max,16.26130173514133,7
1310,gpt_5_5_xhigh,84.4426150317501,1
1310,gemini_3_1_pro_high,70.01542180343776,2
1310,kimi_k3_max,59.77470879078539,3
1310,qwen3_8_max,44.06879380594086,4
1310,gpt_5_6_sol_max,37.38354739493593,5
1310,claude_opus_4_8_max,27.91276124163109,6
1310,claude_fable_5_max,17.17658513118962,7
1311,claude_fable_5_max,93.60509592522106,1
1311,gpt_5_5_xhigh,86.89309171843215,2
1311,gpt_5_6_sol_max,79.89210248631647,3
1311,kimi_k3_max,60.95704604758609,4
1311,gemini_3_1_pro_high,59.717768844107184,5
1311,qwen3_8_max,37.33731821293834,6
1311,claude_opus_4_8_max,26.668594655169155,7
1312,claude_fable_5_max,91.35697662566359,1
1312,gemini_3_1_pro_high,64.8394132598595,2
1312,gpt_5_6_sol_max,64.68353534684915,3
1312,kimi_k3_max,52.009846126622726,4
1312,qwen3_8_max,51.81441943099561,5
1312,gpt_5_5_xhigh,46.10951540778612,6
1312,claude_opus_4_8_max,32.3948746142654,7
1313,gpt_5_5_xhigh,75.17106694785728,1
1313,claude_fable_5_max,70.8793240282244,2
1313,gemini_3_1_pro_high,54.829684193684066,3
1313,kimi_k3_max,46.539193657817094,4
1313,gpt_5_6_sol_max,46.319470874139085,5
1313,claude_opus_4_8_max,27.938510098056256,6
1313,qwen3_8_max,10.775675687433464,7
1314,gpt_5_5_xhigh,79.19970218930395,1
1314,gpt_5_6_sol_max,65.69599265738935,2
1314,claude_fable_5_max,52.35895328324919,3
1314,kimi_k3_max,51.32467862338156,4
1314,qwen3_8_max,42.05104527841839,5
1314,claude_opus_4_8_max,40.23098007467641,6
1314,gemini_3_1_pro_high,36.881295873905934,7
1315,gpt_5_5_xhigh,69.89796555495529,1
1315,qwen3_8_max,66.58123678228198,2
1315,claude_opus_4_8_max,65.60322516458419,3
1315,gpt_5_6_sol_max,61.49391899176775,4
1315,kimi_k3_max,56.09225261833021,5
1315,claude_fable_5_max,21.183534326169006,6
1315,gemini_3_1_pro_high,15.653141642966066,7
1316,claude_fable_5_max,79.4526334286994,1
1316,gpt_5_5_xhigh,67.88861620141964,2
1316,qwen3_8_max,47.52933990179858,3
1316,gpt_5_6_sol_max,36.9091722317103,4
1316,kimi_k3_max,36.13391555071634,5
1316,gemini_3_1_pro_high,30.18830937465075,6
1316,claude_opus_4_8_max,27.13672790696055,7
1317,claude_fable_5_max,74.21526700718887,1
1317,kimi_k3_max,64.06554216935845,2
1317,gpt_5_6_sol_max,51.026287325545155,3
1317,gemini_3_1_pro_high,49.741041862742655,4
1317,qwen3_8_max,47.26687833051636,5
1317,claude_opus_4_8_max,47.192738784555566,6
1317,gpt_5_5_xhigh,25.400003610483367,7
1318,gpt_5_5_xhigh,90.56791925371601,1
1318,kimi_k3_max,75.10156533381186,2
1318,gpt_5_6_sol_max,70.97159346283664,3
1318,qwen3_8_max,61.241398580280276,4
1318,gemini_3_1_pro_high,61.09079302458017,5
1318,claude_fable_5_max,60.97392056550881,6
1318,claude_opus_4_8_max,30.608309698149817,7
1319,gpt_5_6_sol_max,76.24285895175112,1
1319,gpt_5_5_xhigh,49.173118407219675,2
1319,kimi_k3_max,47.376070371101676,3
1319,claude_fable_5_max,37.228657784413485,4
1319,gemini_3_1_pro_high,37.09195844516413,5
1319,qwen3_8_max,35.200586181955444,6
1319,claude_opus_4_8_max,29.173261962646453,7
1320,kimi_k3_max,67.10630489762667,1
1320,gpt_5_6_sol_max,65.66711702941772,2
1320,claude_fable_5_max,56.82636862158699,3
1320,claude_opus_4_8_max,53.031509205007985,4
1320,gemini_3_1_pro_high,40.279651933341924,5
1320,qwen3_8_max,30.921358666441954,6
1320,gpt_5_5_xhigh,20.474130602634432,7
1321,qwen3_8_max,81.36401155554628,1
1321,gpt_5_5_xhigh,80.45394197201597,2
1321,gpt_5_6_sol_max,71.95354184535726,3
1321,kimi_k3_max,66.09891440189375,4
1321,claude_fable_5_max,54.08739759338196,5
1321,claude_opus_4_8_max,30.925202520763168,6
1321,gemini_3_1_pro_high,17.750501316082786,7
1322,kimi_k3_max,73.48310009872873,1
1322,qwen3_8_max,73.19129396231659,2
1322,gemini_3_1_pro_high,62.83345161378439,3
1322,claude_fable_5_max,48.44466861083833,4
1322,gpt_5_5_xhigh,30.784383660508436,5
1322,claude_opus_4_8_max,18.931896394910886,6
1322,gpt_5_6_sol_max,18.207388957060388,7
1323,claude_opus_4_8_max,94.27435360558238,1
1323,gpt_5_5_xhigh,80.6427756978168,2
1323,gemini_3_1_pro_high,65.77822767691544,3
1323,gpt_5_6_sol_max,57.92024458948213,4
1323,qwen3_8_max,52.888186331223736,5
1323,kimi_k3_max,48.14482119565474,6
1323,claude_fable_5_max,34.465548496456975,7
1324,gpt_5_6_sol_max,85.8223795456355,1
1324,claude_opus_4_8_max,63.38939793754604,2
1324,claude_fable_5_max,54.66311386789098,3
1324,qwen3_8_max,37.10230746625648,4
1324,kimi_k3_max,27.17392808933075,5
1324,gpt_5_5_xhigh,22.309765854245835,6
1324,gemini_3_1_pro_high,13.659734789445835,7
1325,gpt_5_6_sol_max,63.8144180003393,1
1325,kimi_k3_max,49.9297291945705,2
1325,claude_opus_4_8_max,40.62027729278953,3
1325,claude_fable_5_max,39.84385944041355,4
1325,qwen3_8_max,37.14611739631241,5
1325,gemini_3_1_pro_high,33.19579861050841,6
1325,gpt_5_5_xhigh,25.453052328710253,7
1326,claude_fable_5_max,54.452808128777065,1
1326,gpt_5_6_sol_max,53.36449102177458,2
1326,gpt_5_5_xhigh,41.86886676315887,3
1326,claude_opus_4_8_max,34.5574966940655,4
1326,kimi_k3_max,27.707501891465952,5
1326,qwen3_8_max,23.146495819931275,6
1326,gemini_3_1_pro_high,21.787221642930703,7
1327,claude_fable_5_max,74.21105349087472,1
1327,gpt_5_5_xhigh,45.48397812993243,2
1327,gemini_3_1_pro_high,44.452866279322876,3
1327,gpt_5_6_sol_max,43.267946320944176,4
1327,claude_opus_4_8_max,40.41679446360237,5
1327,qwen3_8_max,39.40967586567,6
1327,kimi_k3_max,24.458984818558367,7
1328,kimi_k3_max,76.10067528945234,1
1328,gpt_5_5_xhigh,59.692853082019866,2
1328,qwen3_8_max,45.55062606482934,3
1328,claude_opus_4_8_max,45.442977449800516,4
1328,gpt_5_6_sol_max,39.391620065436456,5
1328,claude_fable_5_max,32.89165089366281,6
1328,gemini_3_1_pro_high,15.405447724286512,7
1329,claude_fable_5_max,64.13743987070139,1
1329,gemini_3_1_pro_high,53.87363666275177,2
1329,gpt_5_6_sol_max,42.03669440393942,3
1329,gpt_5_5_xhigh,41.268046960627935,4
1329,kimi_k3_max,40.4439444017348,5
1329,qwen3_8_max,31.585610215715384,6
1329,claude_opus_4_8_max,26.326950265742987,7
1330,claude_fable_5_max,73.99518219660226,1
1330,claude_opus_4_8_max,62.81137078787699,2
1330,gpt_5_6_sol_max,50.98510574527195,3
1330,qwen3_8_max,38.01452188675677,4
1330,gpt_5_5_xhigh,31.628985330433277,5
1330,kimi_k3_max,23.576547086789333,6
1330,gemini_3_1_pro_high,19.704380683111157,7
1331,gemini_3_1_pro_high,76.1578794523723,1
1331,claude_opus_4_8_max,59.13386115165562,2
1331,kimi_k3_max,56.42382786388623,3
1331,qwen3_8_max,49.714688196632935,4
1331,gpt_5_6_sol_max,39.79374103607793,5
1331,claude_fable_5_max,23.352949444634618,6
1331,gpt_5_5_xhigh,10.954013954690764,7
1332,gpt_5_5_xhigh,68.42296867239992,1
1332,claude_fable_5_max,63.134849548320645,2
1332,gpt_5_6_sol_max,61.73352983081037,3
1332,qwen3_8_max,57.85443398911448,4
1332,kimi_k3_max,47.61080141604012,5
1332,gemini_3_1_pro_high,33.69699509993622,6
1332,claude_opus_4_8_max,15.979047657686952,7
1333,claude_fable_5_max,72.62728997574696,1
1333,kimi_k3_max,70.27192255329456,2
1333,gpt_5_5_xhigh,69.49237444269832,3
1333,gemini_3_1_pro_high,39.62531621586003,4
1333,claude_opus_4_8_max,31.001224950648005,5
1333,gpt_5_6_sol_max,28.746562888007595,6
1333,qwen3_8_max,18.591600252762476,7
1334,kimi_k3_max,72.39193437811873,1
1334,gpt_5_5_xhigh,71.33493497291747,2
1334,claude_opus_4_8_max,63.98988685869928,3
1334,gpt_5_6_sol_max,61.663103956487014,4
1334,qwen3_8_max,46.32864213604504,5
1334,gemini_3_1_pro_high,41.028476158586116,6
1334,claude_fable_5_max,39.608505649124794,7
1335,gpt_5_6_sol_max,85.01514309319904,1
1335,qwen3_8_max,58.94204251427515,2
1335,claude_fable_5_max,47.5541535984521,3
1335,claude_opus_4_8_max,47.10110779056123,4
1335,gemini_3_1_pro_high,43.803647138448454,5
1335,gpt_5_5_xhigh,39.571375943144986,6
1335,kimi_k3_max,35.49399654897895,7
1336,gpt_5_5_xhigh,93.80764981107832,1
1336,claude_opus_4_8_max,72.17362208520687,2
1336,qwen3_8_max,60.60574799245562,3
1336,gemini_3_1_pro_high,55.061177480499346,4
1336,gpt_5_6_sol_max,38.52817080564008,5
1336,kimi_k3_max,23.881768678268717,6
1336,claude_fable_5_max,11.915409110761825,7
1337,gemini_3_1_pro_high,63.606749439025734,1
1337,claude_fable_5_max,60.29542197506741,2
1337,gpt_5_6_sol_max,60.204551643537414,3
1337,claude_opus_4_8_max,53.256627286943996,4
1337,qwen3_8_max,43.5579103116488,5
1337,gpt_5_5_xhigh,42.96395911048825,6
1337,kimi_k3_max,30.08521463457001,7
1338,kimi_k3_max,93.389812860071,1
1338,claude_fable_5_max,55.76989312921256,2
1338,gpt_5_6_sol_max,51.89424682369739,3
1338,qwen3_8_max,41.72465429038036,4
1338,gpt_5_5_xhigh,34.553833278181045,5
1338,gemini_3_1_pro_high,34.33800787924984,6
1338,claude_opus_4_8_max,15.06204321329912,7
1339,claude_opus_4_8_max,67.87422067645049,1
1339,claude_fable_5_max,47.64754927316095,2
1339,gpt_5_6_sol_max,42.9270435629963,3
1339,kimi_k3_max,35.90572190833561,4
1339,gemini_3_1_pro_high,30.48030076822129,5
1339,qwen3_8_max,28.68592240757019,6
1339,gpt_5_5_xhigh,14.617570038505045,7
1340,claude_fable_5_max,75.02615889392946,1
1340,gpt_5_5_xhigh,43.0998730499349,2
1340,claude_opus_4_8_max,37.442293426502744,3
1340,qwen3_8_max,37.42093120620172,4
1340,kimi_k3_max,33.2520142587022,5
1340,gemini_3_1_pro_high,14.733128623393132,6
1340,gpt_5_6_sol_max,12.82871704520876,7
1341,kimi_k3_max,94.78788768264317,1
1341,gpt_5_5_xhigh,78.4891055192181,2
1341,claude_opus_4_8_max,61.27077341345024,3
1341,gpt_5_6_sol_max,56.631879812419484,4
1341,gemini_3_1_pro_high,51.07867156721353,5
1341,claude_fable_5_max,32.128436147403306,6
1341,qwen3_8_max,28.770796864184618,7
1342,gemini_3_1_pro_high,80.15448105461718,1
1342,claude_opus_4_8_max,69.22575096553734,2
1342,qwen3_8_max,61.39093914660349,3
1342,claude_fable_5_max,58.81936670442995,4
1342,gpt_5_5_xhigh,45.65783327345915,5
1342,gpt_5_6_sol_max,35.426269378915315,6
1342,kimi_k3_max,19.106900380643527,7
1343,gpt_5_6_sol_max,89.8374198496129,1
1343,gemini_3_1_pro_high,77.35332911204881,2
1343,claude_fable_5_max,68.21209243821644,3
1343,kimi_k3_max,45.75833775861199,4
1343,qwen3_8_max,43.045411789511135,5
1343,gpt_5_5_xhigh,30.1789641600146,6
1343,claude_opus_4_8_max,22.077491749989733,7
1344,claude_fable_5_max,78.12344729518074,1
1344,qwen3_8_max,46.670763620204745,2
1344,gpt_5_5_xhigh,44.506894498474296,3
1344,kimi_k3_max,41.678150358612726,4
1344,gpt_5_6_sol_max,38.17749903830166,5
1344,claude_opus_4_8_max,19.973611874146815,6
1344,gemini_3_1_pro_high,11.207565285344138,7
1345,gpt_5_6_sol_max,80.46090407858166,1
1345,kimi_k3_max,70.85754664582399,2
1345,claude_fable_5_max,49.07327023992398,3
1345,claude_opus_4_8_max,44.32453402957621,4
1345,qwen3_8_max,38.51993963902372,5
1345,gpt_5_5_xhigh,31.070902631462733,6
1345,gemini_3_1_pro_high,30.902382720514417,7
1346,kimi_k3_max,91.29625659129921,1
1346,gpt_5_5_xhigh,45.297899796097695,2
1346,qwen3_8_max,32.04938740323976,3
1346,claude_fable_5_max,27.914122875067104,4
1346,gemini_3_1_pro_high,22.549344314014256,5
1346,gpt_5_6_sol_max,11.975356214324886,6
1346,claude_opus_4_8_max,7.567958988784861,7
1347,qwen3_8_max,71.17947544206498,1
1347,claude_opus_4_8_max,58.17778332814218,2
1347,gemini_3_1_pro_high,49.23619320672054,3
1347,kimi_k3_max,39.567024608900944,4
1347,gpt_5_5_xhigh,33.71706287619305,5
1347,claude_fable_5_max,24.97160993467864,6
1347,gpt_5_6_sol_max,21.640832350720157,7
1348,claude_fable_5_max,81.83510698081112,1
1348,gpt_5_6_sol_max,65.97474927882234,2
1348,gpt_5_5_xhigh,62.383535301639384,3
1348,kimi_k3_max,56.15430503508329,4
1348,qwen3_8_max,41.3818920647178,5
1348,gemini_3_1_pro_high,27.159032975848255,6
1348,claude_opus_4_8_max,22.914306679925712,7
1349,gpt_5_6_sol_max,83.23727394224623,1
1349,claude_fable_5_max,75.95069302588816,2
1349,kimi_k3_max,67.39429259450554,3
1349,qwen3_8_max,48.71514131541001,4
1349,claude_opus_4_8_max,42.45895379496476,5
1349,gemini_3_1_pro_high,40.721910433126595,6
1349,gpt_5_5_xhigh,32.332869031799945,7
1350,gpt_5_5_xhigh,87.22168763380645,1
1350,claude_opus_4_8_max,61.56896513723823,2
1350,qwen3_8_max,44.242100878071014,3
1350,gpt_5_6_sol_max,27.91133732412397,4
1350,kimi_k3_max,27.361485219808266,5
1350,gemini_3_1_pro_high,24.81293582687526,6
1350,claude_fable_5_max,19.907254680256543,7
1351,qwen3_8_max,64.09756988526006,1
1351,gpt_5_6_sol_max,55.97651909425608,2
1351,claude_opus_4_8_max,40.42451306039368,3
1351,gemini_3_1_pro_high,35.848255072981615,4
1351,gpt_5_5_xhigh,29.795699326554395,5
1351,claude_fable_5_max,28.568838796664124,6
1351,kimi_k3_max,14.336575715834432,7
1352,qwen3_8_max,79.2348444330105,1
1352,claude_fable_5_max,68.0117668493863,2
1352,gpt_5_6_sol_max,55.47304271052856,3
1352,claude_opus_4_8_max,48.35404798628623,4
1352,kimi_k3_max,46.799069603122504,5
1352,gemini_3_1_pro_high,33.37761834963402,6
1352,gpt_5_5_xhigh,17.19001176316875,7
1353,claude_opus_4_8_max,66.82175259332672,1
1353,gemini_3_1_pro_high,62.727641968901025,2
1353,qwen3_8_max,60.819383018718476,3
1353,gpt_5_5_xhigh,59.85864139807692,4
1353,claude_fable_5_max,58.412149265697025,5
1353,kimi_k3_max,29.230710679989187,6
1353,gpt_5_6_sol_max,18.243375360543144,7
1354,claude_opus_4_8_max,76.28742516927957,1
1354,gpt_5_5_xhigh,67.81124944322964,2
1354,gpt_5_6_sol_max,59.3134694178228,3
1354,qwen3_8_max,42.97527760550942,4
1354,claude_fable_5_max,37.24417239203453,5
1354,gemini_3_1_pro_high,36.71458876190502,6
1354,kimi_k3_max,29.686865773203504,7
1355,claude_opus_4_8_max,65.74249814060683,1
1355,claude_fable_5_max,41.031376168774514,2
1355,gpt_5_5_xhigh,39.64802623943544,3
1355,gemini_3_1_pro_high,28.878757520515883,4
1355,gpt_5_6_sol_max,23.700316598050993,5
1355,kimi_k3_max,22.159236931785024,6
1355,qwen3_8_max,10.142687971909945,7
1356,gpt_5_6_sol_max,92.02768284431615,1
1356,gemini_3_1_pro_high,51.83469652560033,2
1356,claude_opus_4_8_max,51.21999680360978,3
1356,kimi_k3_max,37.411538539639515,4
1356,claude_fable_5_max,31.386067790793305,5
1356,gpt_5_5_xhigh,31.16706531639405,6
1356,qwen3_8_max,22.130246176799066,7
1357,gpt_5_5_xhigh,67.02531130576159,1
1357,kimi_k3_max,62.88279805228635,2
1357,claude_fable_5_max,59.1855624820659,3
1357,gpt_5_6_sol_max,50.29334699103575,4
1357,gemini_3_1_pro_high,41.5359950180265,5
1357,claude_opus_4_8_max,39.374937137306304,6
1357,qwen3_8_max,35.33011715190716,7
1358,kimi_k3_max,66.69468078978655,1
1358,claude_opus_4_8_max,51.47551114181071,2
1358,claude_fable_5_max,51.17393600795308,3
1358,qwen3_8_max,48.54980640509715,4
1358,gpt_5_5_xhigh,45.43154935059758,5
1358,gpt_5_6_sol_max,41.161872527678796,6
1358,gemini_3_1_pro_high,38.52592453521628,7
1359,claude_opus_4_8_max,69.93058370258501,1
1359,claude_fable_5_max,45.59515781722455,2
1359,kimi_k3_max,44.119666278226546,3
1359,gpt_5_5_xhigh,39.15534319431781,4
1359,gpt_5_6_sol_max,38.956585520167565,5
1359,qwen3_8_max,27.376151560238533,6
1359,gemini_3_1_pro_high,21.105544314574722,7
1360,gpt_5_6_sol_max,68.79174803299196,1
1360,claude_fable_5_max,63.392327911235824,2
1360,claude_opus_4_8_max,52.89833071088231,3
1360,gpt_5_5_xhigh,52.39815197640891,4
1360,kimi_k3_max,43.591844763999504,5
1360,gemini_3_1_pro_high,39.79927727046069,6
1360,qwen3_8_max,33.47573077550293,7
1361,claude_fable_5_max,74.88822306246723,1
1361,kimi_k3_max,60.302824008434044,2
1361,claude_opus_4_8_max,58.38671580988958,3
1361,gpt_5_6_sol_max,54.981388309531816,4
1361,gpt_5_5_xhigh,54.02801930138254,5
1361,qwen3_8_max,51.74984644286782,6
1361,gemini_3_1_pro_high,20.158154364468523,7
1362,claude_fable_5_max,60.76744160543526,1
1362,claude_opus_4_8_max,42.51038542991403,2
1362,kimi_k3_max,37.471928536520764,3
1362,gpt_5_5_xhigh,36.43570176296581,4
1362,qwen3_8_max,35.70914460802602,5
1362,gemini_3_1_pro_high,31.609721847145394,6
1362,gpt_5_6_sol_max,23.6535951120791,7
1363,gpt_5_5_xhigh,64.24498437292014,1
1363,claude_opus_4_8_max,58.06400476741325,2
1363,claude_fable_5_max,51.35189430843234,3
1363,kimi_k3_max,49.23371097248621,4
1363,qwen3_8_max,48.98582481888302,5
1363,gpt_5_6_sol_max,29.776197271687607,6
1363,gemini_3_1_pro_high,22.928195587123604,7
1364,claude_fable_5_max,72.66656012142572,1
1364,kimi_k3_max,67.36125920282402,2
1364,qwen3_8_max,61.88341193903369,3
1364,gemini_3_1_pro_high,48.76138825426001,4
1364,gpt_5_6_sol_max,32.834085657862175,5
1364,gpt_5_5_xhigh,21.83567543113427,6
1364,claude_opus_4_8_max,19.679951299599708,7
1365,gpt_5_5_xhigh,74.24386752559771,1
1365,gpt_5_6_sol_max,63.55850054617423,2
1365,claude_opus_4_8_max,63.053846698144625,3
1365,claude_fable_5_max,46.98022729700874,4
1365,kimi_k3_max,34.74910004834959,5
1365,gemini_3_1_pro_high,32.375270728869616,6
1365,qwen3_8_max,17.600694077156394,7
1366,claude_fable_5_max,83.37949420359526,1
1366,claude_opus_4_8_max,49.01338115541462,2
1366,kimi_k3_max,44.191151392699034,3
1366,qwen3_8_max,36.09060016847456,4
1366,gpt_5_5_xhigh,35.34207893641575,5
1366,gpt_5_6_sol_max,23.270876627106773,6
1366,gemini_3_1_pro_high,13.721892071256004,7
1367,qwen3_8_max,80.21516685480707,1
1367,gpt_5_6_sol_max,80.070228526823,2
1367,kimi_k3_max,50.930530146153295,3
1367,gemini_3_1_pro_high,46.57698837389926,4
1367,claude_fable_5_max,25.77665059740565,5
1367,gpt_5_5_xhigh,20.92739147507367,6
1367,claude_opus_4_8_max,15.551521052793412,7
1368,claude_fable_5_max,73.70880434454584,1
1368,gpt_5_5_xhigh,41.409064805763975,2
1368,gemini_3_1_pro_high,38.08912443358481,3
1368,qwen3_8_max,31.11403937973625,4
1368,gpt_5_6_sol_max,28.337171970504187,5
1368,kimi_k3_max,25.5822639990349,6
1368,claude_opus_4_8_max,23.81911276963016,7
1369,gpt_5_6_sol_max,86.15306655108591,1
1369,gemini_3_1_pro_high,55.81577376669604,2
1369,claude_fable_5_max,47.27441352735021,3
1369,kimi_k3_max,46.31390008982474,4
1369,gpt_5_5_xhigh,29.91255617200389,5
1369,qwen3_8_max,20.623573596729237,6
1369,claude_opus_4_8_max,11.078514999617841,7
1370,gpt_5_6_sol_max,64.31419796298877,1
1370,gpt_5_5_xhigh,56.60302680519451,2
1370,kimi_k3_max,55.11393809116403,3
1370,qwen3_8_max,47.47136017989534,4
1370,claude_fable_5_max,44.87777607599964,5
1370,gemini_3_1_pro_high,41.49687862323181,6
1370,claude_opus_4_8_max,21.510769880541606,7
1371,kimi_k3_max,73.06640722104146,1
1371,claude_opus_4_8_max,66.31565588627663,2
1371,gpt_5_5_xhigh,62.37171155615823,3
1371,claude_fable_5_max,52.382102812762206,4
1371,qwen3_8_max,51.09255736221501,5
1371,gemini_3_1_pro_high,48.684755636749934,6
1371,gpt_5_6_sol_max,18.718263862850375,7
1372,claude_fable_5_max,78.70045141219514,1
1372,gpt_5_6_sol_max,59.14032523347471,2
1372,qwen3_8_max,56.07926612038004,3
1372,kimi_k3_max,43.98983636470338,4
1372,gpt_5_5_xhigh,30.52761267526428,5
1372,claude_opus_4_8_max,26.738831292224503,6
1372,gemini_3_1_pro_high,25.900424321673064,7
1373,claude_fable_5_max,72.7021327925425,1
1373,gpt_5_5_xhigh,64.57872603298976,2
1373,gemini_3_1_pro_high,49.30494231716005,3
1373,gpt_5_6_sol_max,43.80717244711032,4
1373,claude_opus_4_8_max,43.54746567050945,5
1373,kimi_k3_max,39.243387203262074,6
1373,qwen3_8_max,35.78347424124351,7
1374,kimi_k3_max,71.0765893168758,1
1374,qwen3_8_max,66.37788941068317,2
1374,gemini_3_1_pro_high,52.9040700778414,3
1374,claude_fable_5_max,42.93831796520051,4
1374,gpt_5_5_xhigh,37.31281285379384,5
1374,gpt_5_6_sol_max,29.3003184205441,6
1374,claude_opus_4_8_max,28.378360135437106,7
1375,gpt_5_6_sol_max,70.89787751712417,1
1375,qwen3_8_max,64.06003024726155,2
1375,gemini_3_1_pro_high,51.266306623995966,3
1375,kimi_k3_max,50.0764290975865,4
1375,claude_opus_4_8_max,39.78399818366201,5
1375,gpt_5_5_xhigh,31.963433286480665,6
1375,claude_fable_5_max,27.942633241814182,7
1376,kimi_k3_max,74.659012982867,1
1376,claude_fable_5_max,65.0972931133268,2
1376,claude_opus_4_8_max,48.574772466240965,3
1376,qwen3_8_max,45.08046456935702,4
1376,gpt_5_6_sol_max,42.86842925547142,5
1376,gemini_3_1_pro_high,26.40604313715207,6
1376,gpt_5_5_xhigh,16.78014697701786,7
1377,qwen3_8_max,60.98929756918463,1
1377,claude_opus_4_8_max,56.017350434137576,2
1377,gemini_3_1_pro_high,54.6974544964256,3
1377,gpt_5_6_sol_max,50.23265087206379,4
1377,kimi_k3_max,50.06467399966582,5
1377,gpt_5_5_xhigh,48.9618991347329,6
1377,claude_fable_5_max,12.498223001354237,7
1378,gpt_5_5_xhigh,81.9719297477303,1
1378,claude_fable_5_max,50.20618621044181,2
1378,kimi_k3_max,38.89348982472707,3
1378,qwen3_8_max,33.11132257592634,4
1378,gpt_5_6_sol_max,29.364026999382055,5
1378,claude_opus_4_8_max,26.850245918386694,6
1378,gemini_3_1_pro_high,25.05399580059571,7
1379,claude_fable_5_max,63.89016294958915,1
1379,qwen3_8_max,59.2448015625488,2
1379,gpt_5_6_sol_max,51.49179870107582,3
1379,gemini_3_1_pro_high,45.88645998492731,4
1379,kimi_k3_max,38.65696538836598,5
1379,gpt_5_5_xhigh,29.747653065208958,6
1379,claude_opus_4_8_max,25.636155110501814,7
1380,gemini_3_1_pro_high,65.8194210949199,1
1380,claude_fable_5_max,64.71297974236239,2
1380,qwen3_8_max,59.642034788257206,3
1380,kimi_k3_max,55.17990241918993,4
1380,claude_opus_4_8_max,46.263416614791254,5
1380,gpt_5_5_xhigh,40.19408633078027,6
1380,gpt_5_6_sol_max,30.2966433136355,7
1381,gpt_5_6_sol_max,68.22819446134217,1
1381,qwen3_8_max,67.01032035271771,2
1381,claude_opus_4_8_max,63.02084061500524,3
1381,gemini_3_1_pro_high,49.158023980599154,4
1381,gpt_5_5_xhigh,46.94651382358794,5
1381,claude_fable_5_max,39.76351959706062,6
1381,kimi_k3_max,27.850722918732686,7
1382,claude_opus_4_8_max,69.71988271916992,1
1382,qwen3_8_max,59.41002051993749,2
1382,kimi_k3_max,56.04274185075051,3
1382,gpt_5_6_sol_max,46.56485448525001,4
1382,claude_fable_5_max,46.56222798931675,5
1382,gemini_3_1_pro_high,42.85695083404649,6
1382,gpt_5_5_xhigh,27.511852811883514,7
1383,gpt_5_6_sol_max,75.16203141673333,1
1383,qwen3_8_max,73.49618800713714,2
1383,kimi_k3_max,72.02354742110751,3
1383,gemini_3_1_pro_high,67.52168139125112,4
1383,claude_opus_4_8_max,60.80566441429221,5
1383,claude_fable_5_max,43.423894997178614,6
1383,gpt_5_5_xhigh,38.70404893130957,7
1384,kimi_k3_max,76.48497382138547,1
1384,qwen3_8_max,70.32928100997617,2
1384,claude_fable_5_max,56.54112914172305,3
1384,gpt_5_6_sol_max,55.36467729483488,4
1384,gemini_3_1_pro_high,35.93339854666987,5
1384,claude_opus_4_8_max,33.199035230335255,6
1384,gpt_5_5_xhigh,22.518421102486112,7
1385,claude_fable_5_max,74.90387554094002,1
1385,qwen3_8_max,58.64493519537106,2
1385,kimi_k3_max,45.20974710492557,3
1385,gpt_5_5_xhigh,44.09660884448036,4
1385,gpt_5_6_sol_max,38.927180991024514,5
1385,claude_opus_4_8_max,38.891159526866446,6
1385,gemini_3_1_pro_high,17.414436902137187,7
1386,kimi_k3_max,73.86993934026324,1
1386,claude_fable_5_max,72.90930700521375,2
1386,gemini_3_1_pro_high,65.3901472950595,3
1386,gpt_5_6_sol_max,60.2711136505542,4
1386,claude_opus_4_8_max,52.58694166562731,5
1386,gpt_5_5_xhigh,46.44837764041987,6
1386,qwen3_8_max,41.49863900491003,7
1387,claude_fable_5_max,73.2751594475034,1
1387,gemini_3_1_pro_high,57.459075325099654,2
1387,gpt_5_5_xhigh,49.892548283662464,3
1387,qwen3_8_max,47.21082867004475,4
1387,claude_opus_4_8_max,47.150596694699416,5
1387,gpt_5_6_sol_max,43.492612138974785,6
1387,kimi_k3_max,39.89244403087293,7
1388,gpt_5_5_xhigh,75.9087004191943,1
1388,claude_opus_4_8_max,51.57039769459917,2
1388,gpt_5_6_sol_max,37.41712430370063,3
1388,qwen3_8_max,33.908814442504614,4
1388,claude_fable_5_max,24.37572992108114,5
1388,kimi_k3_max,23.56727595642235,6
1388,gemini_3_1_pro_high,18.07115970770385,7
1389,gpt_5_5_xhigh,82.48541320087051,1
1389,gpt_5_6_sol_max,80.41638350872886,2
1389,kimi_k3_max,78.89683525763067,3
1389,claude_fable_5_max,45.61880226609862,4
1389,gemini_3_1_pro_high,39.54144660580406,5
1389,claude_opus_4_8_max,26.40041646146307,6
1389,qwen3_8_max,17.421735522228744,7
1390,gpt_5_6_sol_max,97.41255821458057,1
1390,gemini_3_1_pro_high,49.62842763408747,2
1390,qwen3_8_max,45.376756053336464,3
1390,claude_fable_5_max,45.11104873091614,4
1390,gpt_5_5_xhigh,35.320894731231135,5
1390,claude_opus_4_8_max,33.92804786016952,6
1390,kimi_k3_max,19.647099249739536,7
1391,gpt_5_6_sol_max,79.48422693028861,1
1391,gpt_5_5_xhigh,64.27289052242341,2
1391,claude_fable_5_max,63.68392354333202,3
1391,claude_opus_4_8_max,37.439069235065915,4
1391,kimi_k3_max,34.58182470850663,5
1391,gemini_3_1_pro_high,31.653119618572553,6
1391,qwen3_8_max,26.913969119586987,7
1392,claude_fable_5_max,83.97874748070008,1
1392,gpt_5_6_sol_max,59.37411058904135,2
1392,qwen3_8_max,45.2142663990993,3
1392,gpt_5_5_xhigh,31.06838923712724,4
1392,gemini_3_1_pro_high,25.802382446467238,5
1392,claude_opus_4_8_max,24.789338859733352,6
1392,kimi_k3_max,21.17552855512308,7
1393,gpt_5_6_sol_max,68.00991316069099,1
1393,claude_fable_5_max,54.30869003648378,2
1393,claude_opus_4_8_max,53.21572461874355,3
1393,kimi_k3_max,50.1273031967933,4
1393,gemini_3_1_pro_high,47.056828417498735,5
1393,gpt_5_5_xhigh,43.80307453256956,6
1393,qwen3_8_max,32.59384980371668,7
1394,claude_fable_5_max,78.41008991381676,1
1394,qwen3_8_max,60.16035433380577,2
1394,gpt_5_6_sol_max,59.616184665562145,3
1394,kimi_k3_max,58.51518251451286,4
1394,claude_opus_4_8_max,39.09477275538365,5
1394,gpt_5_5_xhigh,34.084044156194885,6
1394,gemini_3_1_pro_high,33.149573876652646,7
1395,claude_opus_4_8_max,61.885997869506305,1
1395,gemini_3_1_pro_high,48.72514361206918,2
1395,claude_fable_5_max,45.150324709831104,3
1395,gpt_5_6_sol_max,43.65122887069232,4
1395,kimi_k3_max,39.3559013628456,5
1395,gpt_5_5_xhigh,34.862567272108386,6
1395,qwen3_8_max,16.05510799841779,7
1396,gemini_3_1_pro_high,79.9607143290213,1
1396,gpt_5_6_sol_max,66.7643812176523,2
1396,claude_opus_4_8_max,61.82501746009546,3
1396,gpt_5_5_xhigh,61.32620285272712,4
1396,kimi_k3_max,57.71086494418374,5
1396,qwen3_8_max,43.56611229073812,6
1396,claude_fable_5_max,27.033022478501863,7
1397,gpt_5_6_sol_max,67.22464900446221,1
1397,claude_opus_4_8_max,54.70198446351618,2
1397,claude_fable_5_max,44.05864898196815,3
1397,qwen3_8_max,35.821729686483046,4
1397,kimi_k3_max,33.86481452859764,5
1397,gpt_5_5_xhigh,18.81859828525563,6
1397,gemini_3_1_pro_high,9.518382330512935,7
1398,claude_fable_5_max,79.61898388873826,1
1398,kimi_k3_max,53.66925590667034,2
1398,gpt_5_5_xhigh,53.623982473458796,3
1398,gpt_5_6_sol_max,53.568026885490355,4
1398,gemini_3_1_pro_high,45.65310508484251,5
1398,claude_opus_4_8_max,32.13773310114365,6
1398,qwen3_8_max,24.24463917619485,7
1399,gpt_5_5_xhigh,71.41174143408992,1
1399,gemini_3_1_pro_high,56.69134231696524,2
1399,qwen3_8_max,51.03090354874516,3
1399,kimi_k3_max,48.14977692615987,4
1399,claude_fable_5_max,42.625567053814464,5
1399,gpt_5_6_sol_max,38.184161584664274,6
1399,claude_opus_4_8_max,24.982260572918747,7
1400,gpt_5_6_sol_max,64.2835876284921,1
1400,claude_opus_4_8_max,44.70063027171122,2
1400,qwen3_8_max,38.402769766590055,3
1400,claude_fable_5_max,38.036057458009616,4
1400,gemini_3_1_pro_high,35.06231158658158,5
1400,gpt_5_5_xhigh,25.44584028042052,6
1400,kimi_k3_max,25.413121024026502,7
1401,gemini_3_1_pro_high,65.91056283391458,1
1401,kimi_k3_max,65.32767397971372,2
1401,gpt_5_5_xhigh,49.47631395955263,3
1401,claude_fable_5_max,42.45202265102259,4
1401,claude_opus_4_8_max,35.21965036422826,5
1401,qwen3_8_max,28.65923554404008,6
1401,gpt_5_6_sol_max,22.773294073270847,7
1402,gpt_5_5_xhigh,79.15761923923608,1
1402,qwen3_8_max,64.21760198498559,2
1402,claude_fable_5_max,51.896122980233194,3
1402,kimi_k3_max,47.61472037607069,4
1402,gpt_5_6_sol_max,44.40717276101425,5
1402,claude_opus_4_8_max,43.566128123235835,6
1402,gemini_3_1_pro_high,23.927606948934354,7
1403,qwen3_8_max,78.5268469983113,1
1403,kimi_k3_max,47.660775417220925,2
1403,claude_opus_4_8_max,45.549617263533314,3
1403,claude_fable_5_max,44.44155406092243,4
1403,gpt_5_6_sol_max,39.546786639921976,5
1403,gemini_3_1_pro_high,38.90837791494283,6
1403,gpt_5_5_xhigh,36.44645486062656,7
1404,gpt_5_5_xhigh,84.32683801859176,1
1404,gpt_5_6_sol_max,58.83921927455092,2
1404,claude_opus_4_8_max,58.79180285701831,3
1404,gemini_3_1_pro_high,58.522684251128815,4
1404,qwen3_8_max,55.25587701868294,5
1404,claude_fable_5_max,37.12047851686618,6
1404,kimi_k3_max,13.444185151673413,7
1405,gpt_5_6_sol_max,73.12028634162277,1
1405,gpt_5_5_xhigh,66.51323943665187,2
1405,claude_opus_4_8_max,59.618817767144,3
1405,claude_fable_5_max,45.58859557955847,4
1405,qwen3_8_max,44.47272767891273,5
1405,gemini_3_1_pro_high,43.962562646221016,6
1405,kimi_k3_max,42.1882167665985,7
1406,gpt_5_6_sol_max,80.28067903148775,1
1406,claude_fable_5_max,56.03707683447135,2
1406,qwen3_8_max,53.04754953531623,3
1406,kimi_k3_max,52.35204504402965,4
1406,claude_opus_4_8_max,43.70283357502682,5
1406,gemini_3_1_pro_high,33.75636617552587,6
1406,gpt_5_5_xhigh,23.23413884806545,7
1407,claude_fable_5_max,62.41012223829287,1
1407,gpt_5_5_xhigh,60.68901096250026,2
1407,kimi_k3_max,58.178866341351366,3
1407,qwen3_8_max,47.54295557196956,4
1407,claude_opus_4_8_max,35.720376142504115,5
1407,gpt_5_6_sol_max,34.548381343634226,6
1407,gemini_3_1_pro_high,24.77246395642592,7
1408,gpt_5_6_sol_max,93.06581665464651,1
1408,claude_fable_5_max,72.37875873198055,2
1408,gemini_3_1_pro_high,48.94652632174695,3
1408,qwen3_8_max,33.90376682939019,4
1408,claude_opus_4_8_max,29.51402576007808,5
1408,gpt_5_5_xhigh,20.296792638796443,6
1408,kimi_k3_max,14.697278592066013,7
1409,claude_opus_4_8_max,71.89256788075463,1
1409,kimi_k3_max,65.03296620066996,2
1409,gemini_3_1_pro_high,61.45414732984274,3
1409,gpt_5_5_xhigh,50.47724736217052,4
1409,claude_fable_5_max,47.295779122609545,5
1409,gpt_5_6_sol_max,41.8797966795312,6
1409,qwen3_8_max,35.003168154819775,7
1410,kimi_k3_max,74.82140246766154,1
1410,qwen3_8_max,73.25180070072867,2
1410,gpt_5_5_xhigh,65.29034383665417,3
1410,claude_fable_5_max,54.861743350344504,4
1410,gpt_5_6_sol_max,46.630163845980434,5
1410,gemini_3_1_pro_high,36.84433200130818,6
1410,claude_opus_4_8_max,14.168118037023506,7
1411,gpt_5_6_sol_max,65.16855183206943,1
1411,kimi_k3_max,64.05724151479951,2
1411,gpt_5_5_xhigh,63.743870211439024,3
1411,claude_opus_4_8_max,50.32829427294574,4
1411,qwen3_8_max,46.1037204932957,5
1411,claude_fable_5_max,45.324493439769775,6
1411,gemini_3_1_pro_high,7.482693213179356,7
1412,kimi_k3_max,76.9352598184529,1
1412,gpt_5_6_sol_max,63.71626542619361,2
1412,qwen3_8_max,59.619373682175045,3
1412,claude_fable_5_max,50.63976695341357,4
1412,claude_opus_4_8_max,46.93627067604331,5
1412,gpt_5_5_xhigh,38.00100554821281,6
1412,gemini_3_1_pro_high,29.598573147670606,7
1413,gpt_5_6_sol_max,86.68478386748704,1
1413,claude_fable_5_max,74.93003786508785,2
1413,qwen3_8_max,51.889037618382694,3
1413,claude_opus_4_8_max,37.87852633933513,4
1413,kimi_k3_max,33.81249601128172,5
1413,gemini_3_1_pro_high,33.504279725485894,6
1413,gpt_5_5_xhigh,22.587523369089052,7
1414,qwen3_8_max,71.88466753702497,1
1414,claude_opus_4_8_max,63.44311707758716,2
1414,gpt_5_5_xhigh,59.07087479778839,3
1414,gemini_3_1_pro_high,44.99101325851446,4
1414,gpt_5_6_sol_max,41.31197708173516,5
1414,kimi_k3_max,38.25763151679336,6
1414,claude_fable_5_max,34.3692761724229,7
1415,gpt_5_6_sol_max,81.7106954350779,1
1415,gemini_3_1_pro_high,45.081836081949696,2
1415,gpt_5_5_xhigh,43.481104524046415,3
1415,qwen3_8_max,38.9300888569885,4
1415,claude_fable_5_max,36.36938233312819,5
1415,claude_opus_4_8_max,33.834730043176876,6
1415,kimi_k3_max,12.87050781702764,7
1416,qwen3_8_max,60.71316568528594,1
1416,claude_opus_4_8_max,53.71151244018239,2
1416,gpt_5_6_sol_max,51.151562200345424,3
1416,gemini_3_1_pro_high,48.23657863069143,4
1416,claude_fable_5_max,44.9887266451374,5
1416,kimi_k3_max,35.31636607605214,6
1416,gpt_5_5_xhigh,29.221335756398297,7
1417,qwen3_8_max,77.42127548601609,1
1417,gpt_5_6_sol_max,70.51254032057138,2
1417,claude_fable_5_max,49.928616480205825,3
1417,kimi_k3_max,36.004268291158986,4
1417,gemini_3_1_pro_high,33.997847062538554,5
1417,gpt_5_5_xhigh,32.910574880982445,6
1417,claude_opus_4_8_max,22.117751570087876,7
1418,kimi_k3_max,69.06272598928899,1
1418,claude_fable_5_max,55.568953052941964,2
1418,gpt_5_5_xhigh,47.31686289016855,3
1418,qwen3_8_max,44.41023409362704,4
1418,gpt_5_6_sol_max,31.183550459527872,5
1418,claude_opus_4_8_max,30.189382177910172,6
1418,gemini_3_1_pro_high,21.29275245438611,7
1419,qwen3_8_max,48.08937103302088,1
1419,claude_opus_4_8_max,45.06800513760003,2
1419,gpt_5_6_sol_max,42.55303122867464,3
1419,gpt_5_5_xhigh,42.02625231827238,4
1419,gemini_3_1_pro_high,41.49094805232539,5
1419,claude_fable_5_max,24.97748261327662,6
1419,kimi_k3_max,24.460851398976065,7
1420,claude_fable_5_max,64.2739019862914,1
1420,qwen3_8_max,57.93374494465341,2
1420,kimi_k3_max,51.63123889193128,3
1420,gpt_5_6_sol_max,48.41344745922528,4
1420,claude_opus_4_8_max,47.12341777371881,5
1420,gpt_5_5_xhigh,31.26582601601576,6
1420,gemini_3_1_pro_high,23.432959928003513,7
1421,claude_opus_4_8_max,69.50202120762756,1
1421,qwen3_8_max,61.92990384792543,2
1421,gpt_5_6_sol_max,57.15478258611268,3
1421,kimi_k3_max,56.76442101016247,4
1421,gpt_5_5_xhigh,55.997861324716666,5
1421,gemini_3_1_pro_high,44.39482438065709,6
1421,claude_fable_5_max,34.952810100485486,7
1422,claude_fable_5_max,77.3064705560904,1
1422,qwen3_8_max,47.76463502361477,2
1422,claude_opus_4_8_max,37.720980743259354,3
1422,kimi_k3_max,33.571546314650085,4
1422,gemini_3_1_pro_high,31.168490377604655,5
1422,gpt_5_5_xhigh,26.87030670352687,6
1422,gpt_5_6_sol_max,18.75443349853632,7
1423,claude_opus_4_8_max,55.399145728306806,1
1423,qwen3_8_max,49.60905646994383,2
1423,claude_fable_5_max,47.13424229767115,3
1423,gpt_5_5_xhigh,46.09636899903627,4
1423,gpt_5_6_sol_max,44.0939154468597,5
1423,gemini_3_1_pro_high,42.4962148714956,6
1423,kimi_k3_max,25.51114187352292,7
1424,kimi_k3_max,81.59983267765281,1
1424,claude_fable_5_max,55.71160684613161,2
1424,gpt_5_6_sol_max,47.43014510059288,3
1424,claude_opus_4_8_max,40.15194195095529,4
1424,gpt_5_5_xhigh,37.71717850882686,5
1424,gemini_3_1_pro_high,33.25040860411809,6
1424,qwen3_8_max,22.175284114081883,7
1425,claude_fable_5_max,82.71317303296789,1
1425,gemini_3_1_pro_high,46.63668795131051,2
1425,claude_opus_4_8_max,41.18293132328917,3
1425,kimi_k3_max,41.14401768414041,4
1425,qwen3_8_max,32.56101887688877,5
1425,gpt_5_6_sol_max,30.85838483577556,6
1425,gpt_5_5_xhigh,28.417722643092326,7
1426,claude_fable_5_max,76.21142388514352,1
1426,gpt_5_5_xhigh,70.28991657829829,2
1426,gpt_5_6_sol_max,68.75396001805218,3
1426,gemini_3_1_pro_high,59.56345750635535,4
1426,qwen3_8_max,34.46340875731696,5
1426,claude_opus_4_8_max,32.456046260055196,6
1426,kimi_k3_max,17.963577201833928,7
1427,claude_opus_4_8_max,76.04373941354862,1
1427,gpt_5_6_sol_max,70.2933202377571,2
1427,claude_fable_5_max,68.80817497289976,3
1427,gpt_5_5_xhigh,65.8387359021866,4
1427,kimi_k3_max,45.18449489929903,5
1427,qwen3_8_max,39.1602894719113,6
1427,gemini_3_1_pro_high,22.876938115520495,7
1428,claude_opus_4_8_max,60.454465500811004,1
1428,gpt_5_5_xhigh,52.45016901675788,2
1428,gpt_5_6_sol_max,52.38222103649622,3
1428,kimi_k3_max,50.00560405598299,4
1428,qwen3_8_max,38.073598727580375,5
1428,gemini_3_1_pro_high,32.820267016825426,6
1428,claude_fable_5_max,26.698346411803655,7
1429,claude_fable_5_max,79.99791480170006,1
1429,gemini_3_1_pro_high,57.647091254057784,2
1429,claude_opus_4_8_max,56.18267446683255,3
1429,gpt_5_5_xhigh,33.680991949730334,4
1429,qwen3_8_max,26.163473418582083,5
1429,kimi_k3_max,25.218379224496843,6
1429,gpt_5_6_sol_max,13.604084704075467,7
1430,gpt_5_6_sol_max,57.7209731605257,1
1430,kimi_k3_max,56.15439171290534,2
1430,qwen3_8_max,54.45232356721707,3
1430,gpt_5_5_xhigh,42.413831817372724,4
1430,claude_opus_4_8_max,42.085835217129336,5
1430,gemini_3_1_pro_high,32.678226551949194,6
1430,claude_fable_5_max,25.99957449241964,7
1431,claude_opus_4_8_max,59.526093662400626,1
1431,gpt_5_6_sol_max,56.960451816621145,2
1431,kimi_k3_max,53.98119231898525,3
1431,claude_fable_5_max,41.60987635972151,4
1431,gemini_3_1_pro_high,34.24847501004045,5
1431,qwen3_8_max,29.79937609636344,6
1431,gpt_5_5_xhigh,29.447044300203622,7
1432,kimi_k3_max,80.59117684524946,1
1432,gpt_5_6_sol_max,71.51567827454457,2
1432,gpt_5_5_xhigh,68.23079355407529,3
1432,qwen3_8_max,60.875069349783274,4
1432,claude_opus_4_8_max,57.34090409831494,5
1432,gemini_3_1_pro_high,43.544209072911045,6
1432,claude_fable_5_max,23.775286068091518,7
1433,gpt_5_5_xhigh,74.19367594834826,1
1433,kimi_k3_max,73.17739699397947,2
1433,claude_opus_4_8_max,61.81499429943246,3
1433,qwen3_8_max,60.432437933778864,4
1433,claude_fable_5_max,44.2858413935384,5
1433,gpt_5_6_sol_max,35.941110025967504,6
1433,gemini_3_1_pro_high,32.05353630632242,7
1434,claude_opus_4_8_max,79.0323246787265,1
1434,gemini_3_1_pro_high,63.69445752945402,2
1434,qwen3_8_max,62.28917311223187,3
1434,gpt_5_5_xhigh,61.36483051989005,4
1434,gpt_5_6_sol_max,60.32717924781785,5
1434,kimi_k3_max,47.6976705190334,6
1434,claude_fable_5_max,39.99436003931151,7
1435,kimi_k3_max,76.11155836105637,1
1435,claude_fable_5_max,60.79750002582168,2
1435,qwen3_8_max,59.96112804729181,3
1435,gpt_5_6_sol_max,51.69652745318119,4
1435,gpt_5_5_xhigh,39.3249615539469,5
1435,claude_opus_4_8_max,38.82053815484208,6
1435,gemini_3_1_pro_high,36.87157138703852,7
1436,gpt_5_6_sol_max,65.24139778560846,1
1436,kimi_k3_max,60.24962320833864,2
1436,qwen3_8_max,55.85505253813697,3
1436,claude_opus_4_8_max,48.33869324541717,4
1436,claude_fable_5_max,39.63305264277655,5
1436,gpt_5_5_xhigh,31.990447488640097,6
1436,gemini_3_1_pro_high,30.038297721844337,7
1437,claude_fable_5_max,74.23314433883024,1
1437,gemini_3_1_pro_high,65.05816095217094,2
1437,gpt_5_5_xhigh,51.33323439987635,3
1437,claude_opus_4_8_max,48.18095315963606,4
1437,kimi_k3_max,45.93446948088678,5
1437,gpt_5_6_sol_max,35.94979987842099,6
1437,qwen3_8_max,28.62034894519757,7
1438,claude_fable_5_max,79.45323037232174,1
1438,claude_opus_4_8_max,69.46875855008832,2
1438,gpt_5_5_xhigh,59.44059484801727,3
1438,qwen3_8_max,44.56568698796198,4
1438,gemini_3_1_pro_high,29.80195460771128,5
1438,gpt_5_6_sol_max,25.73649711370954,6
1438,kimi_k3_max,17.89979207063027,7
1439,claude_opus_4_8_max,84.44890600897476,1
1439,qwen3_8_max,69.22267412253451,2
1439,gemini_3_1_pro_high,61.97503018927083,3
1439,gpt_5_6_sol_max,57.14241780817255,4
1439,claude_fable_5_max,50.9552260225836,5
1439,gpt_5_5_xhigh,31.850608712550056,6
1439,kimi_k3_max,24.368685906460293,7
1440,qwen3_8_max,87.2791476408572,1
1440,gemini_3_1_pro_high,79.17165290332542,2
1440,claude_opus_4_8_max,61.8258823221151,3
1440,gpt_5_5_xhigh,53.98788891526303,4
1440,kimi_k3_max,51.4869401760049,5
1440,claude_fable_5_max,47.29439219851392,6
1440,gpt_5_6_sol_max,29.648659114429556,7
1441,gpt_5_6_sol_max,71.32973437647854,1
1441,gemini_3_1_pro_high,54.576102559023084,2
1441,kimi_k3_max,51.52146571612438,3
1441,claude_fable_5_max,51.451058415838084,4
1441,gpt_5_5_xhigh,43.80829425177796,5
1441,qwen3_8_max,35.86432445738749,6
1441,claude_opus_4_8_max,25.06111227679907,7
1442,gpt_5_6_sol_max,85.87263552632076,1
1442,claude_fable_5_max,77.50192756846259,2
1442,qwen3_8_max,44.007138787855105,3
1442,claude_opus_4_8_max,41.421322332948805,4
1442,gpt_5_5_xhigh,28.823979813137974,5
1442,gemini_3_1_pro_high,25.755498898431348,6
1442,kimi_k3_max,22.73401032988725,7
1443,claude_opus_4_8_max,53.455969403718115,1
1443,claude_fable_5_max,52.86551401111578,2
1443,gpt_5_6_sol_max,43.515806214645366,3
1443,gpt_5_5_xhigh,39.105301370122405,4
1443,kimi_k3_max,37.853435282003474,5
1443,qwen3_8_max,37.83312103111391,6
1443,gemini_3_1_pro_high,34.85588555978586,7
1444,kimi_k3_max,73.94971780602182,1
1444,gpt_5_6_sol_max,64.68057409534708,2
1444,claude_fable_5_max,40.810629801368236,3
1444,qwen3_8_max,38.54545320601136,4
1444,gpt_5_5_xhigh,36.770393790595335,5
1444,gemini_3_1_pro_high,27.31085861043877,6
1444,claude_opus_4_8_max,23.863962863411523,7
1445,gpt_5_6_sol_max,80.92125822029689,1
1445,kimi_k3_max,76.24647786687896,2
1445,claude_fable_5_max,50.34342508149586,3
1445,gpt_5_5_xhigh,45.89426992381984,4
1445,gemini_3_1_pro_high,37.526905588296955,5
1445,qwen3_8_max,30.493383331620095,6
1445,claude_opus_4_8_max,27.33500425121547,7
1446,claude_fable_5_max,70.78575703892429,1
1446,kimi_k3_max,69.94223827037341,2
1446,gpt_5_5_xhigh,58.4114787147532,3
1446,gpt_5_6_sol_max,56.97858151731966,4
1446,gemini_3_1_pro_high,39.98213777443151,5
1446,qwen3_8_max,32.688812803859555,6
1446,claude_opus_4_8_max,31.634484302635418,7
1447,claude_fable_5_max,83.59260064118288,1
1447,qwen3_8_max,65.48700957131277,2
1447,gpt_5_6_sol_max,63.96849301984351,3
1447,claude_opus_4_8_max,54.92407289223456,4
1447,gpt_5_5_xhigh,48.45820872467287,5
1447,gemini_3_1_pro_high,43.96047656752316,6
1447,kimi_k3_max,35.02539193168664,7
1448,gemini_3_1_pro_high,76.15568591706881,1
1448,claude_fable_5_max,58.25681540195342,2
1448,qwen3_8_max,58.13218971198958,3
1448,kimi_k3_max,46.23004395068493,4
1448,claude_opus_4_8_max,43.54014113423941,5
1448,gpt_5_6_sol_max,39.13605717871189,6
1448,gpt_5_5_xhigh,30.27889079437294,7
1449,claude_fable_5_max,82.91339284138385,1
1449,qwen3_8_max,71.18640982013301,2
1449,kimi_k3_max,68.95397998310179,3
1449,claude_opus_4_8_max,65.14331844190247,4
1449,gemini_3_1_pro_high,53.07814630077561,5
1449,gpt_5_6_sol_max,49.52510639995093,6
1449,gpt_5_5_xhigh,48.769915086360726,7
1450,claude_fable_5_max,85.01037455341998,1
1450,claude_opus_4_8_max,51.861149565471024,2
1450,gpt_5_6_sol_max,40.926549003478605,3
1450,gpt_5_5_xhigh,38.93185702545182,4
1450,qwen3_8_max,33.32475410345643,5
1450,gemini_3_1_pro_high,30.867050793612073,6
1450,kimi_k3_max,30.547841103449873,7
1451,claude_opus_4_8_max,83.90387563966831,1
1451,qwen3_8_max,65.71750900211453,2
1451,kimi_k3_max,58.67867754444144,3
1451,gemini_3_1_pro_high,56.17790793368813,4
1451,claude_fable_5_max,39.27972183163865,5
1451,gpt_5_5_xhigh,24.234692450742973,6
1451,gpt_5_6_sol_max,21.696641584884585,7
1452,gemini_3_1_pro_high,80.31081928831485,1
1452,gpt_5_5_xhigh,56.62782432002077,2
1452,claude_opus_4_8_max,45.07044557526947,3
1452,claude_fable_5_max,39.070624537413146,4
1452,kimi_k3_max,33.33216971479627,5
1452,gpt_5_6_sol_max,28.212661506356675,6
1452,qwen3_8_max,18.818237654433723,7
1453,claude_fable_5_max,54.955352174161234,1
1453,gpt_5_5_xhigh,44.282524672117574,2
1453,qwen3_8_max,42.88930223316859,3
1453,claude_opus_4_8_max,42.28060994314398,4
1453,gpt_5_6_sol_max,39.33045154579616,5
1453,gemini_3_1_pro_high,28.88751179699842,6
1453,kimi_k3_max,24.976162276781004,7
1454,claude_fable_5_max,85.15704260524357,1
1454,gpt_5_6_sol_max,78.66865639774267,2
1454,kimi_k3_max,71.78421328909629,3
1454,qwen3_8_max,64.34027681384039,4
1454,gpt_5_5_xhigh,59.008684362291916,5
1454,gemini_3_1_pro_high,33.79380405948878,6
1454,claude_opus_4_8_max,24.33811850252722,7
1455,claude_fable_5_max,59.89774959432253,1
1455,gemini_3_1_pro_high,53.58308525919711,2
1455,gpt_5_5_xhigh,48.61457678970669,3
1455,gpt_5_6_sol_max,46.44050084439018,4
1455,kimi_k3_max,38.356632962780466,5
1455,qwen3_8_max,34.267743466260214,6
1455,claude_opus_4_8_max,33.22680707732307,7
1456,claude_fable_5_max,63.668997116898474,1
1456,qwen3_8_max,38.299385581614885,2
1456,gpt_5_5_xhigh,36.26608232012507,3
1456,gpt_5_6_sol_max,34.8125418240337,4
1456,kimi_k3_max,33.206222947262475,5
1456,claude_opus_4_8_max,27.224052362765335,6
1456,gemini_3_1_pro_high,23.75013781200365,7
1457,gemini_3_1_pro_high,67.66288956379289,1
1457,gpt_5_6_sol_max,63.8095216314306,2
1457,claude_opus_4_8_max,37.01971921950572,3
1457,kimi_k3_max,35.679771073290055,4
1457,claude_fable_5_max,34.636600991676325,5
1457,gpt_5_5_xhigh,24.71119805262392,6
1457,qwen3_8_max,21.10706433867899,7
1458,gpt_5_5_xhigh,63.60011581598691,1
1458,gpt_5_6_sol_max,50.280728250081445,2
1458,claude_opus_4_8_max,50.19948542343633,3
1458,qwen3_8_max,40.83989601595964,4
1458,claude_fable_5_max,39.539842022759,5
1458,kimi_k3_max,38.77845544314552,6
1458,gemini_3_1_pro_high,22.857779927303717,7
1459,gemini_3_1_pro_high,70.79772374870805,1
1459,claude_fable_5_max,59.695159009667606,2
1459,gpt_5_6_sol_max,50.009511910506866,3
1459,qwen3_8_max,40.850631087680455,4
1459,kimi_k3_max,36.064350558049654,5
1459,claude_opus_4_8_max,34.331953139556305,6
1459,gpt_5_5_xhigh,30.70927564166945,7
1460,qwen3_8_max,60.823536891722114,1
1460,gpt_5_6_sol_max,58.843160786812376,2
1460,gpt_5_5_xhigh,51.98017948428486,3
1460,claude_fable_5_max,49.05838555029813,4
1460,gemini_3_1_pro_high,47.06292272642098,5
1460,claude_opus_4_8_max,31.140995974698836,6
1460,kimi_k3_max,17.185326538105297,7
1461,claude_fable_5_max,70.5134670554124,1
1461,qwen3_8_max,59.98297211765849,2
1461,kimi_k3_max,57.80847496023761,3
1461,gpt_5_6_sol_max,51.5556740760254,4
1461,gemini_3_1_pro_high,51.389729997307924,5
1461,gpt_5_5_xhigh,44.180018219915084,6
1461,claude_opus_4_8_max,38.78928743283886,7
1462,gemini_3_1_pro_high,73.21200768214715,1
1462,claude_opus_4_8_max,71.23190920140422,2
1462,qwen3_8_max,64.25112310631337,3
1462,kimi_k3_max,60.54889766391062,4
1462,claude_fable_5_max,33.54749591058519,5
1462,gpt_5_6_sol_max,18.21878338739694,6
1462,gpt_5_5_xhigh,13.402367319796081,7
1463,claude_fable_5_max,81.96492091662908,1
1463,kimi_k3_max,74.23314634203047,2
1463,gpt_5_5_xhigh,39.80442853104232,3
1463,qwen3_8_max,36.59227189390746,4
1463,gpt_5_6_sol_max,36.0437787823903,5
1463,claude_opus_4_8_max,34.293363596109664,6
1463,gemini_3_1_pro_high,23.950568242486185,7
1464,claude_fable_5_max,85.74857050272264,1
1464,qwen3_8_max,70.44870438838886,2
1464,gpt_5_6_sol_max,59.39995754995189,3
1464,kimi_k3_max,53.548532574646835,4
1464,gpt_5_5_xhigh,32.339002049177736,5
1464,gemini_3_1_pro_high,29.388141698145827,6
1464,claude_opus_4_8_max,26.872704289067197,7
1465,claude_fable_5_max,82.3948815212189,1
1465,gpt_5_6_sol_max,72.7021326736415,2
1465,gemini_3_1_pro_high,67.84704788963307,3
1465,kimi_k3_max,46.934183523718275,4
1465,gpt_5_5_xhigh,37.5771571353729,5
1465,qwen3_8_max,33.182848336585145,6
1465,claude_opus_4_8_max,26.61621446269905,7
1466,qwen3_8_max,68.51758699228449,1
1466,kimi_k3_max,56.21767363019599,2
1466,gemini_3_1_pro_high,52.728703987248466,3
1466,gpt_5_5_xhigh,48.79206305658095,4
1466,claude_fable_5_max,42.66831104447028,5
1466,claude_opus_4_8_max,41.06901567019061,6
1466,gpt_5_6_sol_max,39.033666111879725,7
1467,claude_fable_5_max,69.04090742091336,1
1467,gpt_5_6_sol_max,65.07913919039441,2
1467,claude_opus_4_8_max,54.219887901881265,3
1467,kimi_k3_max,39.30369469598317,4
1467,qwen3_8_max,36.764610869935424,5
1467,gemini_3_1_pro_high,29.38234690862767,6
1467,gpt_5_5_xhigh,14.1516452142804,7
1468,gemini_3_1_pro_high,72.56442767567891,1
1468,qwen3_8_max,55.25243524718536,2
1468,kimi_k3_max,51.01828704418124,3
1468,claude_fable_5_max,38.83420788630983,4
1468,gpt_5_5_xhigh,31.421709605193822,5
1468,gpt_5_6_sol_max,27.88759399851886,6
1468,claude_opus_4_8_max,27.799147112949328,7
1469,claude_fable_5_max,75.00967822330426,1
1469,claude_opus_4_8_max,65.4221428718694,2
1469,gemini_3_1_pro_high,63.81258957445108,3
1469,gpt_5_6_sol_max,46.064389466873656,4
1469,gpt_5_5_xhigh,42.41011519622998,5
1469,qwen3_8_max,39.04144456404085,6
1469,kimi_k3_max,38.48427348807289,7
1470,gpt_5_6_sol_max,82.70393377893728,1
1470,qwen3_8_max,64.89436004168212,2
1470,gpt_5_5_xhigh,41.0562056031598,3
1470,gemini_3_1_pro_high,39.49329412615654,4
1470,claude_fable_5_max,34.584256599184265,5
1470,claude_opus_4_8_max,32.8529910000757,6
1470,kimi_k3_max,32.608700936650294,7
1471,claude_opus_4_8_max,78.56236025151617,1
1471,qwen3_8_max,59.77842753003934,2
1471,gemini_3_1_pro_high,41.195246373468635,3
1471,claude_fable_5_max,40.864187615249435,4
1471,gpt_5_6_sol_max,39.71929960318766,5
1471,gpt_5_5_xhigh,34.514002423493146,6
1471,kimi_k3_max,24.5328275988713,7
1472,kimi_k3_max,79.51575172576733,1
1472,gpt_5_5_xhigh,69.11406514284704,2
1472,gpt_5_6_sol_max,66.74703370105337,3
1472,claude_fable_5_max,47.197520925751775,4
1472,claude_opus_4_8_max,41.96804554694019,5
1472,qwen3_8_max,35.67513802558764,6
1472,gemini_3_1_pro_high,23.005663870668773,7
1473,claude_fable_5_max,79.26017712291856,1
1473,claude_opus_4_8_max,54.658530644353064,2
1473,gpt_5_6_sol_max,54.27961964184915,3
1473,gemini_3_1_pro_high,45.81077641080229,4
1473,gpt_5_5_xhigh,39.53743531259998,5
1473,qwen3_8_max,26.708737736606302,6
1473,kimi_k3_max,13.506163166413842,7
1474,claude_fable_5_max,83.046384184211,1
1474,qwen3_8_max,72.36477678021203,2
1474,kimi_k3_max,71.9632999566368,3
1474,claude_opus_4_8_max,56.550852479751775,4
1474,gpt_5_6_sol_max,56.31900410883459,5
1474,gpt_5_5_xhigh,28.20568900374366,6
1474,gemini_3_1_pro_high,21.625158813477654,7
1475,claude_opus_4_8_max,81.62353014738555,1
1475,qwen3_8_max,73.74035525602915,2
1475,gpt_5_5_xhigh,57.51939815877098,3
1475,kimi_k3_max,50.64091430846756,4
1475,claude_fable_5_max,41.86014188031935,5
1475,gpt_5_6_sol_max,39.52837209788104,6
1475,gemini_3_1_pro_high,8.457198182752945,7
1476,kimi_k3_max,80.94444803757975,1
1476,qwen3_8_max,64.52695568635349,2
1476,gpt_5_5_xhigh,58.10325176644477,3
1476,claude_opus_4_8_max,49.938579065135855,4
1476,claude_fable_5_max,46.49192191258014,5
1476,gemini_3_1_pro_high,35.41206323337201,6
1476,gpt_5_6_sol_max,29.799515765736658,7
1477,claude_fable_5_max,81.28872026748398,1
1477,gpt_5_5_xhigh,59.53320564132892,2
1477,qwen3_8_max,59.36973117929735,3
1477,gpt_5_6_sol_max,58.011461783318275,4
1477,kimi_k3_max,54.10508351347339,5
1477,claude_opus_4_8_max,49.839964268375,6
1477,gemini_3_1_pro_high,38.90626675547182,7
1478,claude_fable_5_max,87.61167846479616,1
1478,kimi_k3_max,59.40693170361313,2
1478,gpt_5_6_sol_max,53.70205575203515,3
1478,gemini_3_1_pro_high,44.7668053258936,4
1478,claude_opus_4_8_max,42.231698073445116,5
1478,qwen3_8_max,39.54219194431539,6
1478,gpt_5_5_xhigh,19.818877984946322,7
1479,gpt_5_6_sol_max,77.06050541359221,1
1479,gpt_5_5_xhigh,56.020019066435665,2
1479,kimi_k3_max,38.287761355372034,3
1479,gemini_3_1_pro_high,32.53941366057125,4
1479,claude_opus_4_8_max,31.369945767448787,5
1479,qwen3_8_max,29.00839168003831,6
1479,claude_fable_5_max,26.324541710008873,7
1480,claude_fable_5_max,69.34827680494982,1
1480,gpt_5_6_sol_max,61.15803568530877,2
1480,qwen3_8_max,37.228911176610026,3
1480,claude_opus_4_8_max,35.273233268758844,4
1480,gemini_3_1_pro_high,32.41748054894914,5
1480,gpt_5_5_xhigh,20.795109154065376,6
1480,kimi_k3_max,12.156059538359553,7
1481,kimi_k3_max,75.94318653718317,1
1481,gpt_5_6_sol_max,56.58202298652565,2
1481,qwen3_8_max,54.970811424074846,3
1481,claude_fable_5_max,49.75158429938713,4
1481,claude_opus_4_8_max,39.237699537225666,5
1481,gemini_3_1_pro_high,30.477770589431916,6
1481,gpt_5_5_xhigh,29.58011204758296,7
1482,gpt_5_6_sol_max,76.94006791986547,1
1482,claude_fable_5_max,53.97913419049311,2
1482,claude_opus_4_8_max,45.37826829911146,3
1482,gemini_3_1_pro_high,40.665223094630434,4
1482,kimi_k3_max,38.35389047814952,5
1482,qwen3_8_max,34.4829199529651,6
1482,gpt_5_5_xhigh,20.387096702837177,7
1483,gpt_5_6_sol_max,73.83739883930114,1
1483,kimi_k3_max,56.554722128901375,2
1483,claude_opus_4_8_max,47.020450714862434,3
1483,qwen3_8_max,43.54704602826058,4
1483,claude_fable_5_max,34.01047192670739,5
1483,gemini_3_1_pro_high,29.637484679408544,6
1483,gpt_5_5_xhigh,19.29737619897248,7
1484,claude_fable_5_max,69.2496440883042,1
1484,claude_opus_4_8_max,55.97327777464845,2
1484,qwen3_8_max,36.83588589419293,3
1484,kimi_k3_max,34.72571625037628,4
1484,gemini_3_1_pro_high,30.458171400799742,5
1484,gpt_5_5_xhigh,30.19732785237985,6
1484,gpt_5_6_sol_max,26.439746588416053,7
1485,claude_fable_5_max,56.647540796028466,1
1485,gpt_5_5_xhigh,52.08659637006149,2
1485,gemini_3_1_pro_high,46.819481282203455,3
1485,gpt_5_6_sol_max,45.95966722550493,4
1485,qwen3_8_max,42.7964045614942,5
1485,claude_opus_4_8_max,34.776583661621814,6
1485,kimi_k3_max,16.429744870063914,7
1486,kimi_k3_max,74.99536054202574,1
1486,gpt_5_6_sol_max,67.6219306078191,2
1486,gpt_5_5_xhigh,57.615471803650955,3
1486,claude_fable_5_max,42.90561567952979,4
1486,claude_opus_4_8_max,27.483430919885222,5
1486,qwen3_8_max,21.49668190682683,6
1486,gemini_3_1_pro_high,19.177098108581657,7
1487,claude_fable_5_max,67.46537408113458,1
1487,gpt_5_5_xhigh,65.81251536675938,2
1487,kimi_k3_max,62.695792959559284,3
1487,qwen3_8_max,49.25482719443127,4
1487,gemini_3_1_pro_high,39.07152637751547,5
1487,gpt_5_6_sol_max,34.8397570081676,6
1487,claude_opus_4_8_max,27.926027062784414,7
1488,gpt_5_6_sol_max,75.57620563115687,1
1488,gemini_3_1_pro_high,69.36686513330514,2
1488,qwen3_8_max,45.95512608001913,3
1488,kimi_k3_max,42.52037071803189,4
1488,claude_opus_4_8_max,38.27158658042666,5
1488,gpt_5_5_xhigh,32.06171956482316,6
1488,claude_fable_5_max,31.707361582081262,7
1489,gpt_5_6_sol_max,86.17947463622019,1
1489,kimi_k3_max,55.39287960699467,2
1489,claude_fable_5_max,53.88897974208486,3
1489,gpt_5_5_xhigh,39.265315394444876,4
1489,qwen3_8_max,28.279338171542896,5
1489,gemini_3_1_pro_high,22.708592262045116,6
1489,claude_opus_4_8_max,11.123664615583879,7
1490,qwen3_8_max,58.10873362130916,1
1490,claude_opus_4_8_max,57.605970647722856,2
1490,kimi_k3_max,45.39372475963087,3
1490,gemini_3_1_pro_high,40.75639134389357,4
1490,gpt_5_5_xhigh,36.94875596701904,5
1490,claude_fable_5_max,36.756425607873474,6
1490,gpt_5_6_sol_max,36.73159744101046,7
1491,claude_fable_5_max,74.89883379581848,1
1491,gpt_5_6_sol_max,55.316672236151106,2
1491,qwen3_8_max,45.71444989057166,3
1491,claude_opus_4_8_max,35.775191345866915,4
1491,kimi_k3_max,35.70825632785437,5
1491,gpt_5_5_xhigh,32.90495331870986,6
1491,gemini_3_1_pro_high,28.275865766826172,7
1492,gpt_5_6_sol_max,82.07870206199966,1
1492,kimi_k3_max,42.00985906861678,2
1492,claude_fable_5_max,40.82822865003176,3
1492,qwen3_8_max,33.407165548527914,4
1492,claude_opus_4_8_max,25.171319813466916,5
1492,gpt_5_5_xhigh,24.435038626904582,6
1492,gemini_3_1_pro_high,14.348843520469575,7
1493,gpt_5_6_sol_max,71.21187910052907,1
1493,claude_fable_5_max,47.95831699701212,2
1493,gemini_3_1_pro_high,42.60945169720309,3
1493,claude_opus_4_8_max,40.42846444356767,4
1493,gpt_5_5_xhigh,38.548404235022886,5
1493,qwen3_8_max,34.87479003429795,6
1493,kimi_k3_max,26.2722069896232,7
1494,claude_fable_5_max,78.2995709563724,1
1494,gpt_5_5_xhigh,57.14805612299716,2
1494,gemini_3_1_pro_high,55.681389641013766,3
1494,gpt_5_6_sol_max,54.12286628277081,4
1494,qwen3_8_max,53.852432318748846,5
1494,claude_opus_4_8_max,33.23463098960721,6
1494,kimi_k3_max,30.81164031800685,7
1495,gpt_5_5_xhigh,80.36409146404316,1
1495,gpt_5_6_sol_max,65.92445718355151,2
1495,qwen3_8_max,61.52313011227642,3
1495,gemini_3_1_pro_high,56.65084377202528,4
1495,claude_fable_5_max,37.90315889714769,5
1495,kimi_k3_max,31.273662996718382,6
1495,claude_opus_4_8_max,29.799898124639597,7
1496,claude_fable_5_max,64.53850650030164,1
1496,gpt_5_5_xhigh,59.16445257726444,2
1496,kimi_k3_max,59.12223002139115,3
1496,qwen3_8_max,45.10379887645339,4
1496,gemini_3_1_pro_high,44.68585150213218,5
1496,gpt_5_6_sol_max,40.29639876517285,6
1496,claude_opus_4_8_max,26.39096336408406,7
1497,kimi_k3_max,66.23271427961484,1
1497,claude_fable_5_max,57.4660597727298,2
1497,qwen3_8_max,55.28973207460472,3
1497,gpt_5_5_xhigh,51.93542217161666,4
1497,gpt_5_6_sol_max,41.11460874855095,5
1497,claude_opus_4_8_max,35.15360645513282,6
1497,gemini_3_1_pro_high,32.03520764640736,7
1498,claude_fable_5_max,65.65835963381448,1
1498,claude_opus_4_8_max,57.588116213477306,2
1498,kimi_k3_max,49.36647129303003,3
1498,gpt_5_6_sol_max,33.62670467104587,4
1498,qwen3_8_max,31.212329055090553,5
1498,gemini_3_1_pro_high,28.3746922090652,6
1498,gpt_5_5_xhigh,25.05801363508264,7
1499,gpt_5_6_sol_max,69.02924475632364,1
1499,claude_fable_5_max,68.0070115177087,2
1499,gpt_5_5_xhigh,58.85249328949165,3
1499,gemini_3_1_pro_high,51.26187713152631,4
1499,claude_opus_4_8_max,46.30466714181512,5
1499,qwen3_8_max,41.3457183377687,6
1499,kimi_k3_max,31.69363786294943,7
1500,qwen3_8_max,68.18274117286506,1
1500,gemini_3_1_pro_high,67.0392762807924,2
1500,claude_fable_5_max,56.842929097257695,3
1500,kimi_k3_max,53.703388416290586,4
1500,claude_opus_4_8_max,40.818251964327224,5
1500,gpt_5_6_sol_max,37.13746462267773,6
1500,gpt_5_5_xhigh,32.898189811553216,7
1501,gpt_5_6_sol_max,80.92489614143331,1
1501,gpt_5_5_xhigh,61.04041666439666,2
1501,kimi_k3_max,54.56267158713659,3
1501,qwen3_8_max,53.06178878413786,4
1501,claude_fable_5_max,52.29984570342313,5
1501,gemini_3_1_pro_high,52.13293525058039,6
1501,claude_opus_4_8_max,42.31885209781288,7
1502,claude_fable_5_max,74.24042893741067,1
1502,kimi_k3_max,63.28685574074312,2
1502,claude_opus_4_8_max,63.05789029600338,3
1502,gemini_3_1_pro_high,53.624228000536036,4
1502,gpt_5_5_xhigh,52.75680352288241,5
1502,qwen3_8_max,34.04936923745006,6
1502,gpt_5_6_sol_max,22.74039146337706,7
1503,qwen3_8_max,57.72816117633691,1
1503,gpt_5_6_sol_max,54.675952243356136,2
1503,claude_fable_5_max,51.360130020377895,3
1503,gpt_5_5_xhigh,48.514111329263535,4
1503,kimi_k3_max,45.81332073628934,5
1503,gemini_3_1_pro_high,40.43069788409685,6
1503,claude_opus_4_8_max,13.494855090907544,7
1504,claude_fable_5_max,62.67113586096465,1
1504,gpt_5_5_xhigh,56.245207048219115,2
1504,gemini_3_1_pro_high,39.233736871855186,3
1504,gpt_5_6_sol_max,32.3301275214161,4
1504,qwen3_8_max,31.762380510234806,5
1504,kimi_k3_max,31.753623887211376,6
1504,claude_opus_4_8_max,12.692759132259543,7
1505,claude_fable_5_max,71.71374246609479,1
1505,gpt_5_5_xhigh,45.36493117660942,2
1505,claude_opus_4_8_max,41.980462735521634,3
1505,qwen3_8_max,31.789609191247074,4
1505,gpt_5_6_sol_max,20.695689553592132,5
1505,gemini_3_1_pro_high,18.65808370718574,6
1505,kimi_k3_max,9.987184001127321,7
1506,claude_opus_4_8_max,66.67145589242928,1
1506,gpt_5_6_sol_max,55.220327581268535,2
1506,qwen3_8_max,49.37641459122602,3
1506,claude_fable_5_max,42.462976815965035,4
1506,gpt_5_5_xhigh,35.51504468985649,5
1506,gemini_3_1_pro_high,27.35055729321045,6
1506,kimi_k3_max,19.379880807808362,7
1507,gpt_5_6_sol_max,74.79333938253663,1
1507,gemini_3_1_pro_high,57.53975612889268,2
1507,claude_fable_5_max,38.610473957005624,3
1507,kimi_k3_max,32.56920743080735,4
1507,gpt_5_5_xhigh,26.485060831901617,5
1507,qwen3_8_max,21.16328151487517,6
1507,claude_opus_4_8_max,14.452916116461527,7
1508,kimi_k3_max,62.890398443827834,1
1508,claude_opus_4_8_max,61.68576756686056,2
1508,claude_fable_5_max,59.31836791808901,3
1508,gpt_5_5_xhigh,45.50392215764176,4
1508,gemini_3_1_pro_high,43.63771804259518,5
1508,qwen3_8_max,36.703437912693104,6
1508,gpt_5_6_sol_max,36.04803807323547,7
1509,claude_opus_4_8_max,79.75179387239946,1
1509,kimi_k3_max,52.9844603724807,2
1509,qwen3_8_max,39.20387151468818,3
1509,gpt_5_6_sol_max,38.624775427329304,4
1509,claude_fable_5_max,28.552791167716606,5
1509,gpt_5_5_xhigh,23.35826209970838,6
1509,gemini_3_1_pro_high,21.880639036746867,7
1510,kimi_k3_max,77.86049560869483,1
1510,gpt_5_6_sol_max,68.11731237281795,2
1510,gemini_3_1_pro_high,51.36670393779945,3
1510,claude_opus_4_8_max,49.24216198097146,4
1510,qwen3_8_max,48.61175388972052,5
1510,claude_fable_5_max,44.617538239618064,6
1510,gpt_5_5_xhigh,27.66346519238246,7
1511,kimi_k3_max,62.906406600157894,1
1511,claude_fable_5_max,62.85577213723831,2
1511,claude_opus_4_8_max,50.06782434533842,3
1511,gpt_5_5_xhigh,40.54295190943245,4
1511,gpt_5_6_sol_max,35.56555373237045,5
1511,gemini_3_1_pro_high,35.23922184272546,6
1511,qwen3_8_max,32.69725511679166,7
1512,claude_fable_5_max,81.6878171066846,1
1512,gpt_5_6_sol_max,67.37997893734436,2
1512,kimi_k3_max,51.48394651247797,3
1512,gemini_3_1_pro_high,49.16230358131118,4
1512,gpt_5_5_xhigh,44.60956026834293,5
1512,claude_opus_4_8_max,44.06711580340277,6
1512,qwen3_8_max,34.82077622820197,7
1513,kimi_k3_max,71.33666822105084,1
1513,claude_fable_5_max,60.731151902893075,2
1513,gemini_3_1_pro_high,58.05268242440329,3
1513,qwen3_8_max,52.98890189533118,4
1513,gpt_5_6_sol_max,39.43936878861984,5
1513,gpt_5_5_xhigh,37.48131180372427,6
1513,claude_opus_4_8_max,24.72799216893672,7
1514,gpt_5_6_sol_max,69.96470595011125,1
1514,claude_fable_5_max,55.52344039345675,2
1514,qwen3_8_max,54.9482321003819,3
1514,kimi_k3_max,42.60932314318182,4
1514,claude_opus_4_8_max,36.004000007451154,5
1514,gpt_5_5_xhigh,26.494869059844355,6
1514,gemini_3_1_pro_high,16.769080887127824,7
1515,claude_fable_5_max,88.09678551227759,1
1515,gpt_5_5_xhigh,65.34779742863884,2
1515,gpt_5_6_sol_max,60.90268383006182,3
1515,kimi_k3_max,53.915180799956914,4
1515,qwen3_8_max,35.58895166301901,5
1515,gemini_3_1_pro_high,29.131127835464465,6
1515,claude_opus_4_8_max,11.331105710100564,7
1516,qwen3_8_max,68.95746710970934,1
1516,claude_opus_4_8_max,61.600033129762295,2
1516,gemini_3_1_pro_high,60.39114174596355,3
1516,gpt_5_5_xhigh,37.41871594054694,4
1516,claude_fable_5_max,33.871981690455925,5
1516,kimi_k3_max,24.488242494810926,6
1516,gpt_5_6_sol_max,23.9565300928613,7
1517,claude_fable_5_max,84.9198313776381,1
1517,kimi_k3_max,39.96553806592122,2
1517,gemini_3_1_pro_high,38.1171688773651,3
1517,claude_opus_4_8_max,37.23164000958514,4
1517,gpt_5_6_sol_max,31.56574273331628,5
1517,qwen3_8_max,25.07334172000457,6
1517,gpt_5_5_xhigh,20.953970484159097,7
1518,claude_opus_4_8_max,76.34546355474137,1
1518,gpt_5_5_xhigh,75.50383975880777,2
1518,claude_fable_5_max,66.01844677981676,3
1518,qwen3_8_max,45.5213168601985,4
1518,gpt_5_6_sol_max,28.918801917008764,5
1518,kimi_k3_max,26.460195572035865,6
1518,gemini_3_1_pro_high,23.293454397411185,7
1519,claude_fable_5_max,83.79539484614205,1
1519,gemini_3_1_pro_high,70.77101901071762,2
1519,claude_opus_4_8_max,66.6250667931973,3
1519,qwen3_8_max,41.23881758084216,4
1519,kimi_k3_max,37.30863431571661,5
1519,gpt_5_5_xhigh,31.105282197059736,6
1519,gpt_5_6_sol_max,20.991526958242012,7
1520,gpt_5_6_sol_max,59.478001437248814,1
1520,claude_fable_5_max,47.140468779724,2
1520,qwen3_8_max,40.7050388605132,3
1520,gemini_3_1_pro_high,35.483435402622845,4
1520,gpt_5_5_xhigh,33.1829764991856,5
1520,kimi_k3_max,20.309369831891622,6
1520,claude_opus_4_8_max,18.560459282476405,7
1521,claude_fable_5_max,80.92378033456754,1
1521,kimi_k3_max,48.74845929832103,2
1521,qwen3_8_max,44.56535897099833,3
1521,claude_opus_4_8_max,43.503352841491875,4
1521,gpt_5_5_xhigh,42.75518241103883,5
1521,gpt_5_6_sol_max,26.835706747393132,6
1521,gemini_3_1_pro_high,20.2025351890547,7
1522,kimi_k3_max,96.75310851340637,1
1522,claude_opus_4_8_max,45.25691330497207,2
1522,qwen3_8_max,29.90003527528676,3
1522,claude_fable_5_max,27.476240824434633,4
1522,gpt_5_6_sol_max,23.21790019612834,5
1522,gemini_3_1_pro_high,22.259416880426908,6
1522,gpt_5_5_xhigh,10.130718493231369,7
1523,gpt_5_6_sol_max,78.42600289702771,1
1523,kimi_k3_max,51.69625902442327,2
1523,claude_fable_5_max,40.873498690501265,3
1523,gemini_3_1_pro_high,31.862122144782,4
1523,claude_opus_4_8_max,26.32834297618866,5
1523,qwen3_8_max,15.263239173664035,6
1523,gpt_5_5_xhigh,11.864785048558455,7
1524,claude_fable_5_max,91.22071510862884,1
1524,kimi_k3_max,52.91200792991241,2
1524,qwen3_8_max,50.84184774675769,3
1524,gemini_3_1_pro_high,30.096930258283194,4
1524,gpt_5_5_xhigh,25.55871038141396,5
1524,gpt_5_6_sol_max,23.60094933169772,6
1524,claude_opus_4_8_max,11.230125097988797,7
1525,gpt_5_6_sol_max,81.25950080692655,1
1525,claude_opus_4_8_max,66.16925191117504,2
1525,gemini_3_1_pro_high,63.898913035936104,3
1525,claude_fable_5_max,53.5726933887867,4
1525,qwen3_8_max,42.938089441574135,5
1525,gpt_5_5_xhigh,34.52262247991713,6
1525,kimi_k3_max,28.577099782048435,7
1526,gpt_5_5_xhigh,87.32192633726999,1
1526,claude_opus_4_8_max,74.7606796199002,2
1526,gemini_3_1_pro_high,49.02821800784089,3
1526,qwen3_8_max,35.685319164035796,4
1526,claude_fable_5_max,31.44136863870785,5
1526,kimi_k3_max,30.42172546986668,6
1526,gpt_5_6_sol_max,26.003235285180693,7
1527,qwen3_8_max,56.65602278741534,1
1527,gpt_5_6_sol_max,53.23734904801648,2
1527,claude_opus_4_8_max,52.82020137897386,3
1527,kimi_k3_max,37.245977334329915,4
1527,gpt_5_5_xhigh,35.63055226415163,5
1527,claude_fable_5_max,28.424598020224927,6
1527,gemini_3_1_pro_high,26.99152318265638,7
1528,qwen3_8_max,72.36049831159428,1
1528,gpt_5_6_sol_max,58.04618766509441,2
1528,kimi_k3_max,55.530190007487334,3
1528,claude_opus_4_8_max,53.78211390785555,4
1528,claude_fable_5_max,52.84062306245639,5
1528,gemini_3_1_pro_high,44.933612753215186,6
1528,gpt_5_5_xhigh,38.518814334253875,7
1529,claude_fable_5_max,65.81827138897707,1
1529,gpt_5_6_sol_max,55.26244368060688,2
1529,gpt_5_5_xhigh,45.66311552212978,3
1529,gemini_3_1_pro_high,40.73685721010003,4
1529,kimi_k3_max,37.98548464661118,5
1529,qwen3_8_max,26.06296779145081,6
1529,claude_opus_4_8_max,14.898883760921402,7
1530,gpt_5_6_sol_max,83.5018993982584,1
1530,claude_fable_5_max,70.38576817664566,2
1530,qwen3_8_max,55.61246079099377,3
1530,claude_opus_4_8_max,52.487066313919755,4
1530,kimi_k3_max,47.44618607540798,5
1530,gpt_5_5_xhigh,35.35533368416026,6
1530,gemini_3_1_pro_high,34.10523915230705,7
1531,kimi_k3_max,71.0964569203478,1
1531,gpt_5_5_xhigh,67.50435697779828,2
1531,claude_opus_4_8_max,48.71795823491328,3
1531,claude_fable_5_max,46.967589711124965,4
1531,gpt_5_6_sol_max,39.0297326776241,5
1531,qwen3_8_max,28.034608905926163,6
1531,gemini_3_1_pro_high,15.170599886578048,7
1532,gpt_5_6_sol_max,74.27373868784484,1
1532,qwen3_8_max,69.07394714748827,2
1532,kimi_k3_max,68.51985841064678,3
1532,claude_opus_4_8_max,53.105853822373355,4
1532,claude_fable_5_max,45.80793348663636,5
1532,gemini_3_1_pro_high,42.572177760562084,6
1532,gpt_5_5_xhigh,35.75688860692102,7
1533,gpt_5_6_sol_max,81.39455494097845,1
1533,claude_fable_5_max,79.98484598202896,2
1533,qwen3_8_max,50.677163745361284,3
1533,gemini_3_1_pro_high,44.746559764864415,4
1533,claude_opus_4_8_max,30.784582361108065,5
1533,gpt_5_5_xhigh,26.72420241717268,6
1533,kimi_k3_max,24.339749797509135,7
1534,claude_fable_5_max,64.5492582542924,1
1534,kimi_k3_max,62.638231811449096,2
1534,qwen3_8_max,48.78925882714623,3
1534,gpt_5_6_sol_max,48.39122826824797,4
1534,gpt_5_5_xhigh,39.85806632663998,5
1534,gemini_3_1_pro_high,25.486005686180476,6
1534,claude_opus_4_8_max,18.416288619071686,7
1535,claude_fable_5_max,72.6927878459139,1
1535,claude_opus_4_8_max,59.41558281489691,2
1535,kimi_k3_max,57.76162027554672,3
1535,gemini_3_1_pro_high,55.97990630523584,4
1535,gpt_5_6_sol_max,55.05042018892651,5
1535,gpt_5_5_xhigh,45.09446616000596,6
1535,qwen3_8_max,35.65771835732435,7
1536,claude_fable_5_max,92.66539297325934,1
1536,claude_opus_4_8_max,69.46042852505506,2
1536,gemini_3_1_pro_high,63.32712637853707,3
1536,gpt_5_6_sol_max,55.71771669807755,4
1536,gpt_5_5_xhigh,18.87787769438358,5
1536,qwen3_8_max,16.53458054964029,6
1536,kimi_k3_max,10.266554924400461,7
1537,claude_fable_5_max,87.49711526411434,1
1537,gpt_5_6_sol_max,69.5250625430058,2
1537,gemini_3_1_pro_high,62.675379862230784,3
1537,gpt_5_5_xhigh,47.85985820748842,4
1537,qwen3_8_max,41.251354889348036,5
1537,claude_opus_4_8_max,33.20676078331165,6
1537,kimi_k3_max,30.450305756646905,7
1538,gpt_5_5_xhigh,72.34930655978896,1
1538,gemini_3_1_pro_high,55.03161356934936,2
1538,gpt_5_6_sol_max,53.96904592363007,3
1538,claude_opus_4_8_max,52.66109197571896,4
1538,qwen3_8_max,41.04917729884182,5
1538,claude_fable_5_max,40.50126539899929,6
1538,kimi_k3_max,19.441715370744653,7
1539,gemini_3_1_pro_high,86.24474877993157,1
1539,gpt_5_6_sol_max,78.06270047654856,2
1539,claude_opus_4_8_max,65.70321960281902,3
1539,qwen3_8_max,60.97317476795796,4
1539,gpt_5_5_xhigh,60.440552254502904,5
1539,kimi_k3_max,54.463992026396,6
1539,claude_fable_5_max,32.73826882348416,7
1540,gpt_5_6_sol_max,61.18156940974272,1
1540,gpt_5_5_xhigh,58.08088392755374,2
1540,kimi_k3_max,47.65237310548422,3
1540,gemini_3_1_pro_high,47.497510507269276,4
1540,claude_fable_5_max,47.310829755431726,5
1540,qwen3_8_max,40.46406596887339,6
1540,claude_opus_4_8_max,31.517835883015223,7
1541,gpt_5_5_xhigh,78.48718677139105,1
1541,gpt_5_6_sol_max,65.06896207100868,2
1541,claude_opus_4_8_max,62.05575891090304,3
1541,qwen3_8_max,60.109187713961575,4
1541,gemini_3_1_pro_high,56.4555407369439,5
1541,kimi_k3_max,44.95568968226317,6
1541,claude_fable_5_max,27.378173934075647,7
1542,qwen3_8_max,64.13132972910488,1
1542,kimi_k3_max,57.66895764101136,2
1542,claude_opus_4_8_max,52.741417885805596,3
1542,gpt_5_5_xhigh,52.45966491592726,4
1542,gpt_5_6_sol_max,51.57306171572631,5
1542,claude_fable_5_max,48.91928200448333,6
1542,gemini_3_1_pro_high,32.129701649420326,7
1543,gpt_5_5_xhigh,78.33532652110343,1
1543,gemini_3_1_pro_high,56.85746266915232,2
1543,claude_opus_4_8_max,51.75026638945967,3
1543,claude_fable_5_max,43.70219618102922,4
1543,gpt_5_6_sol_max,33.38989148129267,5
1543,kimi_k3_max,30.567994476388957,6
1543,qwen3_8_max,21.308920056154694,7
1544,gpt_5_6_sol_max,76.60663917987411,1
1544,qwen3_8_max,61.69888301017788,2
1544,claude_fable_5_max,57.215017234078445,3
1544,gemini_3_1_pro_high,56.59738575683089,4
1544,kimi_k3_max,38.76847302640383,5
1544,gpt_5_5_xhigh,32.26289967196139,6
1544,claude_opus_4_8_max,25.154216055091986,7
1545,claude_fable_5_max,68.14186574497336,1
1545,kimi_k3_max,61.488043328699376,2
1545,gpt_5_6_sol_max,58.96304811550901,3
1545,gpt_5_5_xhigh,52.450563604214686,4
1545,qwen3_8_max,50.19918331563064,5
1545,claude_opus_4_8_max,37.414912713171596,6
1545,gemini_3_1_pro_high,29.721878844148037,7
1546,kimi_k3_max,89.0685716520654,1
1546,qwen3_8_max,76.83091901304383,2
1546,gpt_5_6_sol_max,73.75502828819599,3
1546,claude_opus_4_8_max,50.19032424574303,4
1546,claude_fable_5_max,30.296742234187434,5
1546,gpt_5_5_xhigh,23.235015675893653,6
1546,gemini_3_1_pro_high,13.086731072972619,7
1547,claude_fable_5_max,73.82850749616735,1
1547,gpt_5_6_sol_max,50.83205554795601,2
1547,gemini_3_1_pro_high,48.18116323542621,3
1547,claude_opus_4_8_max,46.89383591882982,4
1547,qwen3_8_max,38.57952320372815,5
1547,gpt_5_5_xhigh,27.41583218934353,6
1547,kimi_k3_max,16.645174937397538,7
1548,gpt_5_6_sol_max,75.29359334820899,1
1548,gemini_3_1_pro_high,72.4106671278474,2
1548,claude_fable_5_max,44.77748956143705,3
1548,qwen3_8_max,41.94603348445906,4
1548,claude_opus_4_8_max,41.80178378454784,5
1548,kimi_k3_max,33.17926025417894,6
1548,gpt_5_5_xhigh,21.50821343483533,7
1549,gpt_5_6_sol_max,85.71703997226777,1
1549,claude_opus_4_8_max,69.05384532115792,2
1549,claude_fable_5_max,64.140490165237,3
1549,kimi_k3_max,42.762762589051285,4
1549,qwen3_8_max,39.16452551277395,5
1549,gpt_5_5_xhigh,36.33958518350762,6
1549,gemini_3_1_pro_high,21.791657338547502,7
1550,kimi_k3_max,78.4711044672872,1
1550,gpt_5_5_xhigh,69.22247281059984,2
1550,qwen3_8_max,52.31292368048614,3
1550,claude_fable_5_max,50.05882290671902,4
1550,gpt_5_6_sol_max,33.833968027895274,5
1550,gemini_3_1_pro_high,28.926890998050204,6
1550,claude_opus_4_8_max,20.5598589596334,7
1551,gemini_3_1_pro_high,76.57355371939073,1
1551,claude_fable_5_max,70.49635264288351,2
1551,gpt_5_5_xhigh,45.492019937258696,3
1551,claude_opus_4_8_max,42.65324416214477,4
1551,gpt_5_6_sol_max,36.913048386441965,5
1551,qwen3_8_max,32.896917212559416,6
1551,kimi_k3_max,27.92901912951744,7
1552,claude_fable_5_max,73.96765346822626,1
1552,gpt_5_6_sol_max,53.91225951301388,2
1552,qwen3_8_max,42.00815444011861,3
1552,gpt_5_5_xhigh,38.610734781390306,4
1552,gemini_3_1_pro_high,37.972757849005134,5
1552,claude_opus_4_8_max,34.93588059853869,6
1552,kimi_k3_max,30.300909362289346,7
1553,qwen3_8_max,69.01988050074631,1
1553,kimi_k3_max,63.49143829740757,2
1553,claude_fable_5_max,63.45271412890966,3
1553,claude_opus_4_8_max,58.41911044253638,4
1553,gpt_5_6_sol_max,56.596997458438146,5
1553,gpt_5_5_xhigh,22.756233508651384,6
1553,gemini_3_1_pro_high,19.704811668356115,7
1554,claude_fable_5_max,96.28399551438888,1
1554,gpt_5_5_xhigh,58.3026142531845,2
1554,gemini_3_1_pro_high,47.15014939015676,3
1554,kimi_k3_max,43.469032243196594,4
1554,claude_opus_4_8_max,34.905735273213196,5
1554,gpt_5_6_sol_max,33.88384319711824,6
1554,qwen3_8_max,7.17852217714514,7
1555,gpt_5_6_sol_max,77.39412986791402,1
1555,gpt_5_5_xhigh,77.05693094163937,2
1555,qwen3_8_max,75.57500080925998,3
1555,gemini_3_1_pro_high,64.83576885861652,4
1555,claude_opus_4_8_max,51.583969027446685,5
1555,kimi_k3_max,45.7307250045675,6
1555,claude_fable_5_max,35.14666484449432,7
1556,kimi_k3_max,84.27602918378764,1
1556,claude_fable_5_max,51.23346622878541,2
1556,claude_opus_4_8_max,49.35262699079206,3
1556,qwen3_8_max,46.808644840159545,4
1556,gpt_5_6_sol_max,44.946228886322075,5
1556,gpt_5_5_xhigh,32.777488944615705,6
1556,gemini_3_1_pro_high,9.296869368366025,7
1557,gemini_3_1_pro_high,72.50450265821927,1
1557,claude_fable_5_max,57.987181287893044,2
1557,kimi_k3_max,45.77507501524555,3
1557,claude_opus_4_8_max,43.03168053224714,4
1557,gpt_5_5_xhigh,41.88948776868753,5
1557,qwen3_8_max,24.16269454233572,6
1557,gpt_5_6_sol_max,20.1395835177515,7
1558,kimi_k3_max,80.78849259624258,1
1558,claude_opus_4_8_max,56.75815286004851,2
1558,gemini_3_1_pro_high,49.22219357118098,3
1558,gpt_5_5_xhigh,43.776224574539235,4
1558,gpt_5_6_sol_max,43.06146710421388,5
1558,qwen3_8_max,24.258142805367505,6
1558,claude_fable_5_max,3.4088212012378873,7
1559,kimi_k3_max,56.79513596683674,1
1559,claude_fable_5_max,48.012644026379874,2
1559,gpt_5_6_sol_max,45.125773503925274,3
1559,gpt_5_5_xhigh,41.44904839387591,4
1559,gemini_3_1_pro_high,39.516133551279765,5
1559,claude_opus_4_8_max,33.250661572798215,6
1559,qwen3_8_max,27.929762253824244,7
1560,qwen3_8_max,67.4690471094815,1
1560,kimi_k3_max,66.9990130383509,2
1560,gemini_3_1_pro_high,66.05389504857976,3
1560,claude_opus_4_8_max,56.31150304395422,4
1560,gpt_5_6_sol_max,52.88817673261789,5
1560,gpt_5_5_xhigh,23.68120706561974,6
1560,claude_fable_5_max,14.31445019738003,7
1561,qwen3_8_max,72.3594434510174,1
1561,gpt_5_5_xhigh,71.0390587262712,2
1561,gemini_3_1_pro_high,50.55502147628138,3
1561,claude_fable_5_max,49.25120116464734,4
1561,claude_opus_4_8_max,48.879040434910394,5
1561,kimi_k3_max,36.3931845700671,6
1561,gpt_5_6_sol_max,19.44181470367839,7
1562,claude_opus_4_8_max,70.21543451768196,1
1562,gemini_3_1_pro_high,67.92064389579062,2
1562,gpt_5_5_xhigh,60.42539645896963,3
1562,qwen3_8_max,58.66315650282877,4
1562,gpt_5_6_sol_max,47.94963798506375,5
1562,claude_fable_5_max,45.61143866956252,6
1562,kimi_k3_max,17.88236207801185,7
1563,claude_fable_5_max,74.39665221054783,1
1563,gpt_5_5_xhigh,71.17679295086268,2
1563,claude_opus_4_8_max,63.36052593394574,3
1563,kimi_k3_max,61.29160314558095,4
1563,gemini_3_1_pro_high,60.971057673108135,5
1563,qwen3_8_max,27.68697853408041,6
1563,gpt_5_6_sol_max,24.40405676742218,7
1564,claude_opus_4_8_max,65.10083718882842,1
1564,gpt_5_6_sol_max,55.55842207092503,2
1564,gemini_3_1_pro_high,50.9603322335511,3
1564,qwen3_8_max,42.12051053764663,4
1564,kimi_k3_max,40.356917842696554,5
1564,gpt_5_5_xhigh,36.87157989394751,6
1564,claude_fable_5_max,21.784619030003938,7
1565,qwen3_8_max,60.13502197299415,1
1565,kimi_k3_max,54.39998207029141,2
1565,claude_fable_5_max,48.463039897555404,3
1565,gpt_5_6_sol_max,44.573024106231756,4
1565,gpt_5_5_xhigh,38.312330991322035,5
1565,gemini_3_1_pro_high,37.93166621022068,6
1565,claude_opus_4_8_max,35.3753499788767,7
1566,kimi_k3_max,88.26261394960117,1
1566,claude_opus_4_8_max,82.36928195414994,2
1566,gpt_5_5_xhigh,35.67334325242295,3
1566,qwen3_8_max,32.15382742773799,4
1566,gpt_5_6_sol_max,21.731107224137965,5
1566,claude_fable_5_max,13.039035872990818,6
1566,gemini_3_1_pro_high,9.422622396092994,7
1567,gpt_5_6_sol_max,65.39181550784389,1
1567,claude_fable_5_max,48.52266913434581,2
1567,kimi_k3_max,47.60595533221849,3
1567,gemini_3_1_pro_high,30.86067068669221,4
1567,qwen3_8_max,26.713349647603376,5
1567,gpt_5_5_xhigh,19.155390246262392,6
1567,claude_opus_4_8_max,18.918894314534036,7
1568,claude_opus_4_8_max,63.202607175559216,1
1568,qwen3_8_max,59.34697184090153,2
1568,claude_fable_5_max,51.70210330372234,3
1568,gpt_5_6_sol_max,51.364384219816635,4
1568,gemini_3_1_pro_high,50.462495062462736,5
1568,gpt_5_5_xhigh,31.26105083431439,6
1568,kimi_k3_max,22.504828382019863,7
1569,claude_fable_5_max,96.19101803911298,1
1569,qwen3_8_max,58.148069140823324,2
1569,kimi_k3_max,54.25442547846308,3
1569,gemini_3_1_pro_high,50.094621752458195,4
1569,gpt_5_6_sol_max,40.60780126647123,5
1569,gpt_5_5_xhigh,38.44395277212341,6
1569,claude_opus_4_8_max,21.556496195894276,7
1570,gpt_5_6_sol_max,67.70682619004437,1
1570,qwen3_8_max,66.55055387951505,2
1570,gpt_5_5_xhigh,56.54150549143662,3
1570,claude_fable_5_max,48.43698742912228,4
1570,gemini_3_1_pro_high,44.10381183633096,5
1570,claude_opus_4_8_max,36.09320637664386,6
1570,kimi_k3_max,32.830055503594416,7
1571,qwen3_8_max,80.19282906460327,1
1571,gemini_3_1_pro_high,57.58436087846816,2
1571,claude_fable_5_max,53.57476205976696,3
1571,claude_opus_4_8_max,43.8174281158638,4
1571,gpt_5_6_sol_max,37.43355636822286,5
1571,gpt_5_5_xhigh,37.11671631876814,6
1571,kimi_k3_max,16.929812454684846,7
1572,gpt_5_6_sol_max,78.54935175524494,1
1572,qwen3_8_max,59.39150167104256,2
1572,kimi_k3_max,52.24013150045383,3
1572,claude_fable_5_max,51.89878110349888,4
1572,gpt_5_5_xhigh,49.03014515550991,5
1572,gemini_3_1_pro_high,45.70916185369389,6
1572,claude_opus_4_8_max,37.00593082654502,7
1573,gpt_5_5_xhigh,81.24296096120531,1
1573,gpt_5_6_sol_max,60.2326654910842,2
1573,gemini_3_1_pro_high,56.32362632445835,3
1573,claude_fable_5_max,52.107539611034845,4
1573,qwen3_8_max,35.70128662827437,5
1573,claude_opus_4_8_max,23.596681659649967,6
1573,kimi_k3_max,12.063517442547948,7
1574,gpt_5_5_xhigh,79.41995571281362,1
1574,claude_fable_5_max,61.18447827448951,2
1574,kimi_k3_max,52.55822773731232,3
1574,gpt_5_6_sol_max,45.95160347052542,4
1574,qwen3_8_max,26.14151342582933,5
1574,gemini_3_1_pro_high,22.019017869945753,6
1574,claude_opus_4_8_max,18.823928153834547,7
1575,gemini_3_1_pro_high,80.2928924022485,1
1575,gpt_5_6_sol_max,64.08275193974968,2
1575,qwen3_8_max,61.38314758115822,3
1575,claude_opus_4_8_max,56.0278920174901,4
1575,gpt_5_5_xhigh,50.744849179977955,5
1575,kimi_k3_max,41.14162924980431,6
1575,claude_fable_5_max,36.051473486021656,7
1576,claude_fable_5_max,80.59527403454666,1
1576,claude_opus_4_8_max,39.384959663268575,2
1576,qwen3_8_max,34.440210572042645,3
1576,gpt_5_5_xhigh,31.983761104577717,4
1576,gemini_3_1_pro_high,31.03969231815322,5
1576,gpt_5_6_sol_max,23.697912021145306,6
1576,kimi_k3_max,20.93926700808734,7
1577,claude_fable_5_max,61.6496794730118,1
1577,gpt_5_6_sol_max,56.15833267195957,2
1577,gemini_3_1_pro_high,50.35092318196914,3
1577,kimi_k3_max,49.6657533613775,4
1577,gpt_5_5_xhigh,39.97441214128953,5
1577,qwen3_8_max,34.44522441599176,6
1577,claude_opus_4_8_max,20.243666987408126,7
1578,gemini_3_1_pro_high,93.39120909417566,1
1578,gpt_5_5_xhigh,74.39575136059193,2
1578,qwen3_8_max,48.71073753696092,3
1578,gpt_5_6_sol_max,44.00739541780734,4
1578,claude_fable_5_max,38.08826922374737,5
1578,kimi_k3_max,36.27213570789961,6
1578,claude_opus_4_8_max,30.539074293949746,7
1579,gpt_5_6_sol_max,89.74239761666708,1
1579,qwen3_8_max,57.72133476828793,2
1579,gpt_5_5_xhigh,56.54984163303824,3
1579,kimi_k3_max,38.976720440319525,4
1579,claude_opus_4_8_max,37.833255392461226,5
1579,gemini_3_1_pro_high,26.959742192031726,6
1579,claude_fable_5_max,10.615525759462386,7
1580,gpt_5_6_sol_max,81.54765625542635,1
1580,claude_fable_5_max,36.51967368040355,2
1580,gpt_5_5_xhigh,32.527138335246555,3
1580,gemini_3_1_pro_high,29.637966914214086,4
1580,kimi_k3_max,28.747717042863037,5
1580,qwen3_8_max,24.3484681036135,6
1580,claude_opus_4_8_max,23.10233124388014,7
1581,claude_fable_5_max,60.1020619533353,1
1581,kimi_k3_max,54.27763001352726,2
1581,gemini_3_1_pro_high,53.62447462101829,3
1581,qwen3_8_max,48.18872891333629,4
1581,gpt_5_5_xhigh,47.35575862221451,5
1581,claude_opus_4_8_max,34.82795543122549,6
1581,gpt_5_6_sol_max,20.70289065936162,7
1582,kimi_k3_max,67.13369298002158,1
1582,claude_opus_4_8_max,56.45495109672131,2
1582,qwen3_8_max,53.279498056000534,3
1582,gpt_5_5_xhigh,44.40958128935964,4
1582,gemini_3_1_pro_high,43.40337627598491,5
1582,gpt_5_6_sol_max,41.46326616515198,6
1582,claude_fable_5_max,38.005705083089964,7
1583,gpt_5_5_xhigh,60.01639174842471,1
1583,qwen3_8_max,47.88695055784942,2
1583,gpt_5_6_sol_max,43.85141760260014,3
1583,claude_fable_5_max,42.72830914684236,4
1583,kimi_k3_max,37.670172581876365,5
1583,claude_opus_4_8_max,30.076911151538994,6
1583,gemini_3_1_pro_high,29.17120756114778,7
1584,claude_fable_5_max,76.18493836852221,1
1584,gpt_5_5_xhigh,55.26635312293024,2
1584,claude_opus_4_8_max,36.943205402698844,3
1584,kimi_k3_max,36.395579204902646,4
1584,gemini_3_1_pro_high,33.580317379608516,5
1584,gpt_5_6_sol_max,26.85563416277744,6
1584,qwen3_8_max,14.166389523917768,7
1585,gpt_5_6_sol_max,57.96644678420043,1
1585,qwen3_8_max,56.34292007992371,2
1585,claude_opus_4_8_max,46.824951872001485,3
1585,gemini_3_1_pro_high,39.28479777727283,4
1585,gpt_5_5_xhigh,36.57737621363422,5
1585,kimi_k3_max,34.78661125981458,6
1585,claude_fable_5_max,26.520327352616132,7
1586,claude_fable_5_max,74.4525799122338,1
1586,gpt_5_6_sol_max,53.45233210507726,2
1586,qwen3_8_max,38.764660864190915,3
1586,kimi_k3_max,36.46423559660198,4
1586,gpt_5_5_xhigh,31.421043581900772,5
1586,claude_opus_4_8_max,24.459952999674343,6
1586,gemini_3_1_pro_high,19.374736141880994,7
1587,qwen3_8_max,66.4657685387668,1
1587,kimi_k3_max,46.344916180042205,2
1587,claude_opus_4_8_max,45.03740590319339,3
1587,claude_fable_5_max,40.09597684768269,4
1587,gemini_3_1_pro_high,30.83178788891717,5
1587,gpt_5_6_sol_max,30.675506377814646,6
1587,gpt_5_5_xhigh,13.559431385570402,7
1588,claude_opus_4_8_max,74.16770254681867,1
1588,gpt_5_6_sol_max,53.20313564450403,2
1588,gemini_3_1_pro_high,48.37640902372918,3
1588,kimi_k3_max,48.14385128463543,4
1588,qwen3_8_max,44.843807306976345,5
1588,gpt_5_5_xhigh,43.654335461807264,6
1588,claude_fable_5_max,35.57537807457832,7
1589,gpt_5_6_sol_max,78.72229400900468,1
1589,qwen3_8_max,49.178870635664055,2
1589,gemini_3_1_pro_high,41.66077736279152,3
1589,claude_fable_5_max,36.258701511750324,4
1589,claude_opus_4_8_max,27.992407481071822,5
1589,kimi_k3_max,22.5281400390489,6
1589,gpt_5_5_xhigh,20.608289417002947,7
1590,claude_fable_5_max,82.35769923440154,1
1590,gpt_5_6_sol_max,55.66021297798945,2
1590,kimi_k3_max,53.376930885390536,3
1590,qwen3_8_max,49.815513521263895,4
1590,claude_opus_4_8_max,42.43696322001975,5
1590,gpt_5_5_xhigh,34.043743323153464,6
1590,gemini_3_1_pro_high,27.09560955994575,7
1591,claude_opus_4_8_max,83.4691178589722,1
1591,gpt_5_5_xhigh,69.98421068962715,2
1591,gemini_3_1_pro_high,67.09710891366299,3
1591,kimi_k3_max,59.427862675915875,4
1591,claude_fable_5_max,47.598729759638616,5
1591,gpt_5_6_sol_max,34.27942999276997,6
1591,qwen3_8_max,32.498838132088586,7
1592,claude_fable_5_max,94.1172762155405,1
1592,kimi_k3_max,60.36921654353043,2
1592,qwen3_8_max,53.797895361384434,3
1592,claude_opus_4_8_max,48.9010536355937,4
1592,gpt_5_5_xhigh,43.788634420592004,5
1592,gemini_3_1_pro_high,30.386462674678697,6
1592,gpt_5_6_sol_max,29.434500999749037,7
1593,claude_fable_5_max,66.99867896342586,1
1593,gpt_5_6_sol_max,44.21699336357359,2
1593,kimi_k3_max,43.621399934621344,3
1593,gemini_3_1_pro_high,32.86156732946476,4
1593,gpt_5_5_xhigh,16.980013193890752,5
1593,qwen3_8_max,13.931751578976908,6
1593,claude_opus_4_8_max,11.88852905012375,7
1594,claude_fable_5_max,92.97045865342096,1
1594,qwen3_8_max,62.229491168492444,2
1594,gemini_3_1_pro_high,57.13513740957829,3
1594,claude_opus_4_8_max,53.672372406907954,4
1594,gpt_5_6_sol_max,43.791777445349425,5
1594,kimi_k3_max,38.09793448271446,6
1594,gpt_5_5_xhigh,24.64754180117462,7
1595,gpt_5_6_sol_max,95.32457940248858,1
1595,claude_fable_5_max,51.51058004546894,2
1595,kimi_k3_max,43.60774046150665,3
1595,gemini_3_1_pro_high,41.61730202329592,4
1595,qwen3_8_max,25.871811793966106,5
1595,gpt_5_5_xhigh,25.228937627889042,6
1595,claude_opus_4_8_max,19.524553497068347,7
1596,claude_opus_4_8_max,73.89942533592485,1
1596,gpt_5_5_xhigh,53.95979775059973,2
1596,gpt_5_6_sol_max,45.211178416573034,3
1596,gemini_3_1_pro_high,34.539674474746505,4
1596,kimi_k3_max,31.43002611151678,5
1596,qwen3_8_max,22.354556065105125,6
1596,claude_fable_5_max,13.442122884716195,7
1597,claude_fable_5_max,86.26290155678183,1
1597,gpt_5_6_sol_max,63.7567908741077,2
1597,gpt_5_5_xhigh,56.54063305387937,3
1597,qwen3_8_max,45.23962943279076,4
1597,kimi_k3_max,41.41792595475487,5
1597,gemini_3_1_pro_high,31.245024653764567,6
1597,claude_opus_4_8_max,21.7449436252983,7
1598,qwen3_8_max,69.58615155478535,1
1598,kimi_k3_max,67.90311653658799,2
1598,gemini_3_1_pro_high,62.92054571061556,3
1598,gpt_5_6_sol_max,62.5979541403714,4
1598,claude_opus_4_8_max,57.49453147526962,5
1598,gpt_5_5_xhigh,44.92574089012476,6
1598,claude_fable_5_max,22.312010853975618,7
1599,claude_fable_5_max,81.89321498881915,1
1599,gpt_5_6_sol_max,72.49920662210396,2
1599,kimi_k3_max,68.36216700265575,3
1599,gpt_5_5_xhigh,57.324765625313134,4
1599,qwen3_8_max,53.23249310252192,5
1599,claude_opus_4_8_max,41.56238831686141,6
1599,gemini_3_1_pro_high,39.31431253211561,7
1600,claude_fable_5_max,70.2035518800417,1
1600,gpt_5_5_xhigh,66.60290146136376,2
1600,gemini_3_1_pro_high,61.01759561267551,3
1600,kimi_k3_max,59.02626253341762,4
1600,gpt_5_6_sol_max,58.148336231000854,5
1600,claude_opus_4_8_max,45.853578323590504,6
1600,qwen3_8_max,40.337733912581314,7
1601,claude_fable_5_max,87.54093742135285,1
1601,gemini_3_1_pro_high,67.31225933160113,2
1601,gpt_5_6_sol_max,57.855600245702675,3
1601,qwen3_8_max,45.65701434508703,4
1601,gpt_5_5_xhigh,43.10478609168339,5
1601,claude_opus_4_8_max,34.51326863679702,6
1601,kimi_k3_max,17.0573110527277,7
1602,gpt_5_6_sol_max,75.68292609438738,1
1602,gpt_5_5_xhigh,67.81303170681375,2
1602,kimi_k3_max,61.74810529589898,3
1602,claude_opus_4_8_max,60.6017178833481,4
1602,qwen3_8_max,50.85753467254068,5
1602,gemini_3_1_pro_high,43.39279641890484,6
1602,claude_fable_5_max,35.62414327587626,7
1603,gemini_3_1_pro_high,90.86597213610847,1
1603,gpt_5_6_sol_max,80.2381623229924,2
1603,qwen3_8_max,77.56812648781283,3
1603,claude_opus_4_8_max,74.40957342698805,4
1603,gpt_5_5_xhigh,43.95896263263221,5
1603,claude_fable_5_max,34.180593401597534,6
1603,kimi_k3_max,34.019889014762384,7
1604,kimi_k3_max,83.78161556526516,1
1604,qwen3_8_max,79.90830034766535,2
1604,gemini_3_1_pro_high,63.18699612467354,3
1604,gpt_5_6_sol_max,47.55904364479464,4
1604,claude_opus_4_8_max,46.04452270477165,5
1604,claude_fable_5_max,26.4513932306802,6
1604,gpt_5_5_xhigh,24.158754029791083,7
1605,claude_fable_5_max,74.84537379806316,1
1605,gemini_3_1_pro_high,72.92021277746568,2
1605,gpt_5_6_sol_max,58.97805015879882,3
1605,claude_opus_4_8_max,50.939472184881026,4
1605,qwen3_8_max,39.57779891953281,5
1605,kimi_k3_max,32.936669869545184,6
1605,gpt_5_5_xhigh,19.749212702953635,7
1606,claude_fable_5_max,57.84538773407344,1
1606,gpt_5_5_xhigh,55.982093766216394,2
1606,kimi_k3_max,43.42240759009256,3
1606,gpt_5_6_sol_max,39.81171688993537,4
1606,qwen3_8_max,35.796489517070356,5
1606,gemini_3_1_pro_high,28.932991119570985,6
1606,claude_opus_4_8_max,23.720364927887182,7
1607,gpt_5_5_xhigh,70.00647194622604,1
1607,gpt_5_6_sol_max,66.50020658569635,2
1607,claude_opus_4_8_max,65.96670180631183,3
1607,qwen3_8_max,41.54361942092395,4
1607,kimi_k3_max,38.77851834120952,5
1607,claude_fable_5_max,38.321809724269905,6
1607,gemini_3_1_pro_high,21.33607027640316,7
1608,gpt_5_6_sol_max,69.80501742157075,1
1608,qwen3_8_max,56.29800318430934,2
1608,gemini_3_1_pro_high,53.4099764708301,3
1608,gpt_5_5_xhigh,50.66790052651881,4
1608,claude_fable_5_max,44.73902213515868,5
1608,claude_opus_4_8_max,25.68033291708526,6
1608,kimi_k3_max,22.650630139979494,7
1609,claude_fable_5_max,91.59588292058004,1
1609,gpt_5_6_sol_max,80.60505452362476,2
1609,qwen3_8_max,70.04760232294801,3
1609,gemini_3_1_pro_high,68.91203895908417,4
1609,kimi_k3_max,49.85370163093075,5
1609,gpt_5_5_xhigh,26.73098201691446,6
1609,claude_opus_4_8_max,17.625081142142186,7
1610,gpt_5_6_sol_max,89.0179905804861,1
1610,kimi_k3_max,55.85933791445696,2
1610,claude_fable_5_max,52.576796415857444,3
1610,qwen3_8_max,52.56278061572944,4
1610,gpt_5_5_xhigh,51.05040253838666,5
1610,gemini_3_1_pro_high,40.844013968881775,6
1610,claude_opus_4_8_max,32.43202104933283,7
1611,claude_opus_4_8_max,76.63183880858497,1
1611,qwen3_8_max,57.983703684064885,2
1611,claude_fable_5_max,50.844762196847775,3
1611,kimi_k3_max,43.88779604536464,4
1611,gpt_5_6_sol_max,39.5546351322887,5
1611,gpt_5_5_xhigh,34.33921283765788,6
1611,gemini_3_1_pro_high,28.352766851079814,7
1612,gpt_5_6_sol_max,70.23015953298327,1
1612,gemini_3_1_pro_high,35.47435607212006,2
1612,claude_opus_4_8_max,33.953898835416766,3
1612,claude_fable_5_max,28.382653913847317,4
1612,gpt_5_5_xhigh,27.46239556591142,5
1612,qwen3_8_max,24.37254171447649,6
1612,kimi_k3_max,19.197633909766413,7
1613,kimi_k3_max,87.6473284793523,1
1613,claude_opus_4_8_max,80.63465166179984,2
1613,gemini_3_1_pro_high,76.19678112796683,3
1613,claude_fable_5_max,59.752872429503654,4
1613,gpt_5_6_sol_max,45.6614613483957,5
1613,gpt_5_5_xhigh,38.165827708875966,6
1613,qwen3_8_max,31.234293152275967,7
1614,gpt_5_5_xhigh,67.9981170227132,1
1614,kimi_k3_max,62.91515226924943,2
1614,claude_opus_4_8_max,50.21148523137985,3
1614,gemini_3_1_pro_high,45.5554733634021,4
1614,claude_fable_5_max,40.97906935926942,5
1614,qwen3_8_max,27.681178742980627,6
1614,gpt_5_6_sol_max,22.642673065514014,7
1615,claude_fable_5_max,77.12117273483919,1
1615,claude_opus_4_8_max,58.03579133324594,2
1615,kimi_k3_max,53.08953103520036,3
1615,gpt_5_6_sol_max,46.764141265077285,4
1615,qwen3_8_max,42.543662244567706,5
1615,gemini_3_1_pro_high,32.510852168719566,6
1615,gpt_5_5_xhigh,31.047491049500547,7
1616,gpt_5_6_sol_max,87.50428911483215,1
1616,claude_fable_5_max,61.512210208834894,2
1616,gemini_3_1_pro_high,58.95642121448716,3
1616,qwen3_8_max,57.19354540256799,4
1616,claude_opus_4_8_max,43.937548673949706,5
1616,gpt_5_5_xhigh,27.604258668653838,6
1616,kimi_k3_max,14.327929571367752,7
1617,claude_fable_5_max,72.23083873852708,1
1617,claude_opus_4_8_max,69.63352283720738,2
1617,gpt_5_5_xhigh,53.33053295720147,3
1617,qwen3_8_max,50.92329835374282,4
1617,gemini_3_1_pro_high,29.219986633079174,5
1617,kimi_k3_max,26.961354924357032,6
1617,gpt_5_6_sol_max,18.884337690342406,7
1618,kimi_k3_max,83.96316118697106,1
1618,claude_opus_4_8_max,65.2504059481239,2
1618,gpt_5_5_xhigh,50.989370115860204,3
1618,gemini_3_1_pro_high,49.16850908299607,4
1618,qwen3_8_max,44.44720018247353,5
1618,claude_fable_5_max,23.529501235354683,6
1618,gpt_5_6_sol_max,19.323196431505202,7
1619,gpt_5_6_sol_max,65.11071710722425,1
1619,gemini_3_1_pro_high,57.55764140749704,2
1619,claude_opus_4_8_max,54.259886862599934,3
1619,claude_fable_5_max,42.76668519369657,4
1619,kimi_k3_max,33.11592302889407,5
1619,gpt_5_5_xhigh,29.04904044249975,6
1619,qwen3_8_max,10.043532194362843,7
1620,claude_opus_4_8_max,84.85583341810812,1
1620,gemini_3_1_pro_high,67.56135892287833,2
1620,qwen3_8_max,58.69867874363119,3
1620,gpt_5_5_xhigh,42.3590564592033,4
1620,gpt_5_6_sol_max,36.53156478219862,5
1620,kimi_k3_max,26.06593083595199,6
1620,claude_fable_5_max,17.40494980577945,7
1621,gpt_5_6_sol_max,56.277441889929136,1
1621,gpt_5_5_xhigh,50.62934776677772,2
1621,qwen3_8_max,46.57656096830371,3
1621,kimi_k3_max,34.042040025407296,4
1621,claude_opus_4_8_max,32.10196161136641,5
1621,gemini_3_1_pro_high,28.511697479621752,6
1621,claude_fable_5_max,28.051374779887162,7
1622,gpt_5_6_sol_max,68.8516795512541,1
1622,gemini_3_1_pro_high,62.01668999873423,2
1622,kimi_k3_max,61.86766009910329,3
1622,claude_fable_5_max,38.97094092643343,4
1622,qwen3_8_max,33.12971130005937,5
1622,gpt_5_5_xhigh,32.81335698250862,6
1622,claude_opus_4_8_max,20.253231888075,7
1623,qwen3_8_max,86.57340834691897,1
1623,kimi_k3_max,69.6841543517896,2
1623,gemini_3_1_pro_high,56.3298162676935,3
1623,claude_fable_5_max,54.009433298053914,4
1623,claude_opus_4_8_max,48.95490604274521,5
1623,gpt_5_5_xhigh,40.777928652916785,6
1623,gpt_5_6_sol_max,18.183443573287352,7
1624,gpt_5_6_sol_max,74.88338778241106,1
1624,claude_fable_5_max,62.325315959695416,2
1624,qwen3_8_max,58.32415668433612,3
1624,gpt_5_5_xhigh,55.94159578676767,4
1624,gemini_3_1_pro_high,40.528939145284916,5
1624,kimi_k3_max,40.25791101862865,6
1624,claude_opus_4_8_max,34.58416331095344,7
1625,gemini_3_1_pro_high,82.61000611200366,1
1625,claude_opus_4_8_max,80.99283926750024,2
1625,gpt_5_5_xhigh,70.59245368390485,3
1625,kimi_k3_max,54.55410799185365,4
1625,claude_fable_5_max,35.21867745626672,5
1625,qwen3_8_max,33.65624207729063,6
1625,gpt_5_6_sol_max,19.608342021589127,7
1626,gpt_5_5_xhigh,64.26752421696793,1
1626,gemini_3_1_pro_high,47.21059542931679,2
1626,claude_opus_4_8_max,45.165029259240974,3
1626,kimi_k3_max,36.30640317212144,4
1626,claude_fable_5_max,34.97232721504018,5
1626,gpt_5_6_sol_max,27.560012274047015,6
1626,qwen3_8_max,11.220617132347343,7
1627,claude_fable_5_max,92.1238029781114,1
1627,qwen3_8_max,76.10951046827589,2
1627,gpt_5_5_xhigh,50.57290796631091,3
1627,gemini_3_1_pro_high,45.82310990828498,4
1627,kimi_k3_max,35.15314851015947,5
1627,claude_opus_4_8_max,31.677378609497318,6
1627,gpt_5_6_sol_max,21.082081281943168,7
1628,qwen3_8_max,73.86351366273075,1
1628,claude_opus_4_8_max,73.40898420481906,2
1628,gemini_3_1_pro_high,61.799210539832,3
1628,claude_fable_5_max,51.98960712367688,4
1628,gpt_5_5_xhigh,51.17837847767434,5
1628,kimi_k3_max,40.015118088218635,6
1628,gpt_5_6_sol_max,39.11936451060911,7
1629,gpt_5_6_sol_max,76.74407359296669,1
1629,claude_fable_5_max,72.09376037948141,2
1629,gpt_5_5_xhigh,50.47236551496023,3
1629,qwen3_8_max,46.78592856797124,4
1629,gemini_3_1_pro_high,41.020437047540845,5
1629,claude_opus_4_8_max,37.615519815227515,6
1629,kimi_k3_max,7.188443912447628,7
1630,claude_opus_4_8_max,68.57711135237201,1
1630,gemini_3_1_pro_high,58.29102531548128,2
1630,claude_fable_5_max,48.80701182111861,3
1630,gpt_5_5_xhigh,47.25447023816109,4
1630,qwen3_8_max,46.11447010907316,5
1630,gpt_5_6_sol_max,40.941588580372674,6
1630,kimi_k3_max,20.09053839463892,7
1631,gpt_5_6_sol_max,76.11621481251859,1
1631,claude_opus_4_8_max,70.18175532188056,2
1631,kimi_k3_max,54.06695143980257,3
1631,gpt_5_5_xhigh,39.2184452115469,4
1631,claude_fable_5_max,35.76606940258002,5
1631,qwen3_8_max,27.463622686930975,6
1631,gemini_3_1_pro_high,18.86972709410467,7
1632,claude_opus_4_8_max,66.6358207700028,1
1632,kimi_k3_max,62.45999688188478,2
1632,gpt_5_5_xhigh,39.06234253518628,3
1632,qwen3_8_max,36.86180850200713,4
1632,gpt_5_6_sol_max,29.664555285322248,5
1632,gemini_3_1_pro_high,27.191866168525408,6
1632,claude_fable_5_max,24.15958246215441,7
1633,claude_fable_5_max,78.96694348077155,1
1633,gpt_5_5_xhigh,59.51044801676482,2
1633,kimi_k3_max,58.823240044109156,3
1633,gpt_5_6_sol_max,51.53085370445176,4
1633,qwen3_8_max,44.44977876271531,5
1633,claude_opus_4_8_max,27.180162860454658,6
1633,gemini_3_1_pro_high,20.44492328487227,7
1634,kimi_k3_max,78.63045081626424,1
1634,gpt_5_5_xhigh,58.048912964796806,2
1634,claude_fable_5_max,56.00828711618432,3
1634,gpt_5_6_sol_max,50.32897275326263,4
1634,gemini_3_1_pro_high,38.6576999732515,5
1634,claude_opus_4_8_max,30.831417990443203,6
1634,qwen3_8_max,11.305443847918102,7
1635,gpt_5_6_sol_max,66.32284864027046,1
1635,qwen3_8_max,65.73933993755519,2
1635,gpt_5_5_xhigh,63.44519766943975,3
1635,claude_fable_5_max,54.55609894684328,4
1635,gemini_3_1_pro_high,53.156249555807165,5
1635,kimi_k3_max,43.72633907590299,6
1635,claude_opus_4_8_max,42.34607097440226,7
1636,claude_fable_5_max,75.12402268409667,1
1636,gpt_5_6_sol_max,34.86818171312629,2
1636,qwen3_8_max,31.642642603740363,3
1636,kimi_k3_max,31.389278203244498,4
1636,gemini_3_1_pro_high,28.246728950319955,5
1636,claude_opus_4_8_max,25.73173676074833,6
1636,gpt_5_5_xhigh,25.437255622363015,7
1637,qwen3_8_max,64.88459177985828,1
1637,gemini_3_1_pro_high,59.97834026009961,2
1637,claude_opus_4_8_max,52.91607443501729,3
1637,claude_fable_5_max,44.42805171973928,4
1637,gpt_5_5_xhigh,41.04161442481934,5
1637,gpt_5_6_sol_max,34.33656690552368,6
1637,kimi_k3_max,20.080438618749923,7
1638,claude_opus_4_8_max,69.88030500306269,1
1638,claude_fable_5_max,55.34606028267297,2
1638,gpt_5_5_xhigh,42.460503095653024,3
1638,qwen3_8_max,38.29947885849294,4
1638,gemini_3_1_pro_high,33.673039116385645,5
1638,kimi_k3_max,28.80708874648571,6
1638,gpt_5_6_sol_max,22.11142911978158,7
1639,gpt_5_6_sol_max,75.28836612984787,1
1639,kimi_k3_max,74.36778365583265,2
1639,qwen3_8_max,69.66125440579778,3
1639,claude_opus_4_8_max,61.200687461146,4
1639,gemini_3_1_pro_high,58.15801661376895,5
1639,claude_fable_5_max,30.94469765472495,6
1639,gpt_5_5_xhigh,29.067212876770128,7
1640,claude_fable_5_max,85.69916201232442,1
1640,claude_opus_4_8_max,58.70658221824429,2
1640,gemini_3_1_pro_high,56.72030571788734,3
1640,gpt_5_5_xhigh,53.456169550344676,4
1640,kimi_k3_max,49.12424989392103,5
1640,gpt_5_6_sol_max,35.14256058444746,6
1640,qwen3_8_max,31.560173822849343,7
1641,claude_opus_4_8_max,72.89976578602418,1
1641,gpt_5_5_xhigh,64.49578279522328,2
1641,claude_fable_5_max,60.347544717312616,3
1641,kimi_k3_max,59.49172836218786,4
1641,qwen3_8_max,52.89518859391502,5
1641,gpt_5_6_sol_max,30.3523619733632,6
1641,gemini_3_1_pro_high,21.948444278372566,7
1642,gemini_3_1_pro_high,76.69872657929562,1
1642,claude_fable_5_max,66.89826611925358,2
1642,claude_opus_4_8_max,53.84204621069867,3
1642,gpt_5_6_sol_max,42.62468090143539,4
1642,gpt_5_5_xhigh,34.41601278288345,5
1642,qwen3_8_max,33.36018449569745,6
1642,kimi_k3_max,12.704142779302265,7
1643,claude_opus_4_8_max,72.78747097048014,1
1643,gemini_3_1_pro_high,65.03183095578243,2
1643,gpt_5_6_sol_max,55.68744794835901,3
1643,gpt_5_5_xhigh,52.19559772154415,4
1643,claude_fable_5_max,41.888581137722134,5
1643,qwen3_8_max,35.521080601212994,6
1643,kimi_k3_max,25.953622907520774,7
1644,claude_fable_5_max,73.89397328920454,1
1644,qwen3_8_max,48.62479047775951,2
1644,gpt_5_6_sol_max,48.395869613790154,3
1644,gpt_5_5_xhigh,42.51601977376711,4
1644,claude_opus_4_8_max,41.9129613330116,5
1644,gemini_3_1_pro_high,41.759156164703754,6
1644,kimi_k3_max,16.31769196052857,7
1645,gemini_3_1_pro_high,78.33502279043245,1
1645,claude_fable_5_max,73.59512773324717,2
1645,gpt_5_6_sol_max,71.15020598385902,3
1645,kimi_k3_max,64.6971511242342,4
1645,gpt_5_5_xhigh,38.48430935239634,5
1645,claude_opus_4_8_max,37.96762730608778,6
1645,qwen3_8_max,36.187905820437734,7
1646,gemini_3_1_pro_high,68.09839144624614,1
1646,claude_fable_5_max,58.13674747902117,2
1646,claude_opus_4_8_max,52.123576373187994,3
1646,gpt_5_5_xhigh,49.667435805880395,4
1646,kimi_k3_max,44.29093613535249,5
1646,gpt_5_6_sol_max,41.55679563145691,6
1646,qwen3_8_max,37.31829543792521,7
1647,kimi_k3_max,70.94536115913584,1
1647,gpt_5_5_xhigh,59.61533108935002,2
1647,claude_fable_5_max,55.030893078187724,3
1647,claude_opus_4_8_max,42.477003145941424,4
1647,gpt_5_6_sol_max,32.88294493104894,5
1647,gemini_3_1_pro_high,30.81391177832017,6
1647,qwen3_8_max,21.67674071221454,7
1648,kimi_k3_max,73.18491485191993,1
1648,claude_fable_5_max,70.81426986418165,2
1648,gemini_3_1_pro_high,67.76683649230358,3
1648,gpt_5_6_sol_max,53.19411230491602,4
1648,qwen3_8_max,51.56599239902786,5
1648,claude_opus_4_8_max,36.25186910797415,6
1648,gpt_5_5_xhigh,35.41401514660272,7
1649,gemini_3_1_pro_high,81.58508948859134,1
1649,qwen3_8_max,66.71031807368796,2
1649,claude_fable_5_max,57.724594589223756,3
1649,gpt_5_5_xhigh,55.191848208048306,4
1649,gpt_5_6_sol_max,47.947158430879135,5
1649,kimi_k3_max,43.78903522581334,6
1649,claude_opus_4_8_max,32.26813649602044,7
1650,qwen3_8_max,62.597870192596375,1
1650,gemini_3_1_pro_high,60.81421999137877,2
1650,kimi_k3_max,60.366939561987365,3
1650,claude_fable_5_max,51.604140353365565,4
1650,claude_opus_4_8_max,41.08887361514124,5
1650,gpt_5_6_sol_max,26.813881200662046,6
1650,gpt_5_5_xhigh,26.557707783247388,7
1651,qwen3_8_max,85.22751084643565,1
1651,claude_fable_5_max,77.32941605188533,2
1651,kimi_k3_max,69.05910549633506,3
1651,gpt_5_5_xhigh,52.64709539431331,4
1651,gpt_5_6_sol_max,34.928691986499246,5
1651,claude_opus_4_8_max,21.484647036952694,6
1651,gemini_3_1_pro_high,8.158747474179211,7
1652,claude_opus_4_8_max,73.09680334176976,1
1652,gpt_5_5_xhigh,68.2365602206293,2
1652,gemini_3_1_pro_high,63.19768561361336,3
1652,gpt_5_6_sol_max,60.92010798135756,4
1652,qwen3_8_max,58.77086380673916,5
1652,kimi_k3_max,17.14937341017968,6
1652,claude_fable_5_max,15.148553884601792,7
1653,kimi_k3_max,76.56521591101479,1
1653,claude_opus_4_8_max,74.53782847376856,2
1653,gemini_3_1_pro_high,68.93708447832887,3
1653,gpt_5_6_sol_max,44.58914416186617,4
1653,gpt_5_5_xhigh,44.087721819903784,5
1653,claude_fable_5_max,34.96944045162169,6
1653,qwen3_8_max,26.29909149649157,7
1654,claude_fable_5_max,74.08610368003066,1
1654,gpt_5_6_sol_max,58.6800248032782,2
1654,gemini_3_1_pro_high,49.990259737101944,3
1654,gpt_5_5_xhigh,36.311971997817686,4
1654,kimi_k3_max,35.92077790818327,5
1654,claude_opus_4_8_max,28.667392944905977,6
1654,qwen3_8_max,26.61285684307581,7
1655,gpt_5_6_sol_max,71.1749832047945,1
1655,claude_opus_4_8_max,58.20609616209424,2
1655,kimi_k3_max,54.49052587794489,3
1655,claude_fable_5_max,52.32767652739665,4
1655,gpt_5_5_xhigh,51.95337162378864,5
1655,gemini_3_1_pro_high,28.68073282357761,6
1655,qwen3_8_max,13.852764896121181,7
1656,gpt_5_6_sol_max,77.21210736511887,1
1656,claude_fable_5_max,71.16205098009677,2
1656,gpt_5_5_xhigh,64.48018754748044,3
1656,claude_opus_4_8_max,52.21171937809684,4
1656,kimi_k3_max,40.59410949925051,5
1656,gemini_3_1_pro_high,32.96529219682742,6
1656,qwen3_8_max,28.70847258731245,7
1657,claude_fable_5_max,94.226183863269,1
1657,kimi_k3_max,69.76668475488785,2
1657,qwen3_8_max,64.48878470929736,3
1657,gemini_3_1_pro_high,50.607593055901646,4
1657,gpt_5_5_xhigh,37.184591922598216,5
1657,gpt_5_6_sol_max,24.594454201016944,6
1657,claude_opus_4_8_max,12.514156744265867,7
1658,claude_fable_5_max,72.78628244242108,1
1658,gemini_3_1_pro_high,62.911278042326146,2
1658,claude_opus_4_8_max,57.168060952726115,3
1658,gpt_5_5_xhigh,49.77798558108591,4
1658,qwen3_8_max,25.430478508587505,5
1658,kimi_k3_max,21.44458119603225,6
1658,gpt_5_6_sol_max,18.103306010363987,7
1659,gpt_5_6_sol_max,82.78319799538868,1
1659,gpt_5_5_xhigh,67.43081086163647,2
1659,claude_fable_5_max,61.71830246862859,3
1659,kimi_k3_max,53.534296497713655,4
1659,gemini_3_1_pro_high,47.82856342783374,5
1659,claude_opus_4_8_max,36.17161527047749,6
1659,qwen3_8_max,30.36472950505509,7
1660,gpt_5_5_xhigh,84.97129043860792,1
1660,claude_opus_4_8_max,50.840232224758495,2
1660,gpt_5_6_sol_max,47.39777393507416,3
1660,claude_fable_5_max,38.300915415977386,4
1660,qwen3_8_max,37.53833212566019,5
1660,kimi_k3_max,34.8154370479089,6
1660,gemini_3_1_pro_high,22.31595188461717,7
1661,gpt_5_6_sol_max,75.33929318549525,1
1661,claude_fable_5_max,62.150846476075465,2
1661,claude_opus_4_8_max,53.31303664691163,3
1661,kimi_k3_max,43.071706522540595,4
1661,gemini_3_1_pro_high,35.681055060934156,5
1661,qwen3_8_max,35.40989722976316,6
1661,gpt_5_5_xhigh,21.344481006152712,7
1662,claude_opus_4_8_max,68.87922368389202,1
1662,gemini_3_1_pro_high,63.108541687854256,2
1662,qwen3_8_max,62.862640503730624,3
1662,claude_fable_5_max,61.19228122892645,4
1662,kimi_k3_max,50.084774177692516,5
1662,gpt_5_5_xhigh,38.81444033744812,6
1662,gpt_5_6_sol_max,28.054170345231945,7
1663,gemini_3_1_pro_high,92.08658448861752,1
1663,claude_fable_5_max,83.99522866514766,2
1663,gpt_5_6_sol_max,80.68553552241193,3
1663,qwen3_8_max,60.020384856202625,4
1663,kimi_k3_max,59.89863071804017,5
1663,gpt_5_5_xhigh,39.67265681413915,6
1663,claude_opus_4_8_max,37.55646798288017,7
1664,gpt_5_6_sol_max,65.15687852891116,1
1664,claude_fable_5_max,62.76926924953098,2
1664,gpt_5_5_xhigh,44.98959654065548,3
1664,kimi_k3_max,38.13300776026769,4
1664,gemini_3_1_pro_high,36.601157841467,5
1664,qwen3_8_max,35.530884091884744,6
1664,claude_opus_4_8_max,26.349051173954788,7
1665,gpt_5_6_sol_max,74.85582137316173,1
1665,claude_opus_4_8_max,64.37365836692123,2
1665,qwen3_8_max,46.93273244906289,3
1665,gpt_5_5_xhigh,33.73137993484208,4
1665,gemini_3_1_pro_high,31.047013005080334,5
1665,kimi_k3_max,30.671128460328198,6
1665,claude_fable_5_max,28.30098047751694,7
1666,qwen3_8_max,64.59604511436638,1
1666,claude_fable_5_max,63.14178942112172,2
1666,gpt_5_5_xhigh,62.69915849920772,3
1666,kimi_k3_max,61.57771471224779,4
1666,gpt_5_6_sol_max,56.71903948081609,5
1666,gemini_3_1_pro_high,44.57773297857223,6
1666,claude_opus_4_8_max,20.82311014866044,7
1667,kimi_k3_max,55.75864265238587,1
1667,claude_fable_5_max,52.36483709105494,2
1667,qwen3_8_max,43.29129797599211,3
1667,gpt_5_6_sol_max,37.82392813864335,4
1667,gemini_3_1_pro_high,35.536765565261746,5
1667,claude_opus_4_8_max,22.405842960984895,6
1667,gpt_5_5_xhigh,19.6621833079297,7
1668,claude_fable_5_max,90.50993025563689,1
1668,gpt_5_6_sol_max,45.00872711483102,2
1668,qwen3_8_max,38.40475019160982,3
1668,claude_opus_4_8_max,29.219178375477874,4
1668,gemini_3_1_pro_high,26.66702245328967,5
1668,kimi_k3_max,24.22055697197871,6
1668,gpt_5_5_xhigh,22.583214460626,7
1669,gpt_5_5_xhigh,69.35253370504708,1
1669,qwen3_8_max,64.80998763030009,2
1669,claude_fable_5_max,57.740180588634985,3
1669,gemini_3_1_pro_high,57.50857275460904,4
1669,gpt_5_6_sol_max,31.310955233982305,5
1669,claude_opus_4_8_max,25.472950029733216,6
1669,kimi_k3_max,9.581698903793313,7
1670,gpt_5_5_xhigh,64.24537098093346,1
1670,qwen3_8_max,50.958778118033756,2
1670,kimi_k3_max,50.599842991881374,3
1670,claude_opus_4_8_max,47.73435948840833,4
1670,gpt_5_6_sol_max,40.21338504075682,5
1670,gemini_3_1_pro_high,30.93391903970481,6
1670,claude_fable_5_max,21.933178166480445,7
1671,gpt_5_6_sol_max,74.56647794688655,1
1671,claude_opus_4_8_max,65.48605245900937,2
1671,gpt_5_5_xhigh,61.3607905657785,3
1671,gemini_3_1_pro_high,40.26977158265921,4
1671,qwen3_8_max,39.743120748330924,5
1671,claude_fable_5_max,25.03938594327024,6
1671,kimi_k3_max,18.993835123940812,7
1672,gpt_5_6_sol_max,78.75338810402384,1
1672,claude_fable_5_max,74.41301937386157,2
1672,gpt_5_5_xhigh,66.61387190030969,3
1672,qwen3_8_max,48.61463015276178,4
1672,gemini_3_1_pro_high,31.748163972457213,5
1672,claude_opus_4_8_max,24.962238199255424,6
1672,kimi_k3_max,13.876829493801672,7
1673,gpt_5_6_sol_max,78.55173204228015,1
1673,claude_fable_5_max,72.24396343306519,2
1673,kimi_k3_max,69.73106530894485,3
1673,qwen3_8_max,42.65475161859863,4
1673,gpt_5_5_xhigh,35.37903222545522,5
1673,gemini_3_1_pro_high,33.96341148240167,6
1673,claude_opus_4_8_max,25.47609999285674,7
1674,claude_fable_5_max,62.96915956080936,1
1674,gpt_5_6_sol_max,40.676053066927544,2
1674,gpt_5_5_xhigh,33.993980841461784,3
1674,gemini_3_1_pro_high,30.08011142142357,4
1674,qwen3_8_max,24.739571881537575,5
1674,claude_opus_4_8_max,23.160449789722836,6
1674,kimi_k3_max,16.241970468875962,7
1675,gpt_5_6_sol_max,79.2940688373504,1
1675,claude_opus_4_8_max,47.421321704744514,2
1675,kimi_k3_max,46.58425706361902,3
1675,gpt_5_5_xhigh,45.376804800653154,4
1675,gemini_3_1_pro_high,36.06078288833699,5
1675,qwen3_8_max,33.74051818764428,6
1675,claude_fable_5_max,33.5492737562757,7
1676,kimi_k3_max,88.71778115057667,1
1676,gpt_5_6_sol_max,61.61814834783799,2
1676,gemini_3_1_pro_high,59.38679164457956,3
1676,qwen3_8_max,46.32509859550326,4
1676,claude_opus_4_8_max,32.69747573327846,5
1676,claude_fable_5_max,28.275904411619127,6
1676,gpt_5_5_xhigh,24.10796108441363,7
1677,claude_fable_5_max,61.60838000826263,1
1677,kimi_k3_max,60.254362017409456,2
1677,qwen3_8_max,53.17023344557558,3
1677,gpt_5_6_sol_max,49.41043313580036,4
1677,claude_opus_4_8_max,48.884575418612776,5
1677,gpt_5_5_xhigh,39.12533483994885,6
1677,gemini_3_1_pro_high,28.795568946698253,7
1678,qwen3_8_max,68.70258177692546,1
1678,claude_fable_5_max,67.48740595775084,2
1678,gpt_5_6_sol_max,52.95438132839344,3
1678,kimi_k3_max,52.46639553716203,4
1678,gemini_3_1_pro_high,50.296053311225286,5
1678,claude_opus_4_8_max,49.212552762572614,6
1678,gpt_5_5_xhigh,31.101143155559903,7
1679,gpt_5_6_sol_max,78.45554958976938,1
1679,claude_fable_5_max,46.092684911192066,2
1679,kimi_k3_max,35.491723603468586,3
1679,qwen3_8_max,27.07591850599477,4
1679,claude_opus_4_8_max,24.303547610942964,5
1679,gemini_3_1_pro_high,19.655610764657244,6
1679,gpt_5_5_xhigh,13.709063228380085,7
1680,gpt_5_6_sol_max,83.92678466703123,1
1680,gemini_3_1_pro_high,80.76498206032554,2
1680,kimi_k3_max,69.09784392902993,3
1680,gpt_5_5_xhigh,68.38812289884814,4
1680,claude_opus_4_8_max,51.930023297146406,5
1680,qwen3_8_max,49.54340540182022,6
1680,claude_fable_5_max,19.866431621128708,7
1681,claude_fable_5_max,70.51530134506821,1
1681,claude_opus_4_8_max,65.90994186968183,2
1681,qwen3_8_max,45.951560082353396,3
1681,gpt_5_5_xhigh,45.49922460724873,4
1681,gpt_5_6_sol_max,36.10947891676314,5
1681,gemini_3_1_pro_high,23.180572815119735,6
1681,kimi_k3_max,19.8032605531682,7
1682,gpt_5_5_xhigh,73.32570543885373,1
1682,claude_fable_5_max,70.45042613091377,2
1682,kimi_k3_max,63.62299953847468,3
1682,gpt_5_6_sol_max,61.21822598343677,4
1682,qwen3_8_max,44.74151304274365,5
1682,gemini_3_1_pro_high,39.5337787213837,6
1682,claude_opus_4_8_max,31.13818780319309,7
1683,claude_fable_5_max,91.9931077406683,1
1683,gemini_3_1_pro_high,66.40269829331405,2
1683,gpt_5_6_sol_max,51.51513076364306,3
1683,claude_opus_4_8_max,48.1296565149033,4
1683,qwen3_8_max,47.65604623654626,5
1683,gpt_5_5_xhigh,40.2054848153122,6
1683,kimi_k3_max,30.88271301603228,7
1684,kimi_k3_max,77.77552551030739,1
1684,gpt_5_6_sol_max,73.19169045319745,2
1684,gpt_5_5_xhigh,53.40821365036526,3
1684,gemini_3_1_pro_high,49.8587148946924,4
1684,qwen3_8_max,49.259297830888116,5
1684,claude_fable_5_max,42.94525476034889,6
1684,claude_opus_4_8_max,9.41803728675318,7
1685,claude_opus_4_8_max,72.37374756855779,1
1685,gpt_5_6_sol_max,62.625922622334116,2
1685,claude_fable_5_max,55.72826072643452,3
1685,qwen3_8_max,52.10808821307789,4
1685,gpt_5_5_xhigh,42.89448116906237,5
1685,gemini_3_1_pro_high,35.203188196722024,6
1685,kimi_k3_max,7.686335973897663,7
1686,kimi_k3_max,67.30774935179532,1
1686,qwen3_8_max,67.15388124403962,2
1686,claude_fable_5_max,65.54595676370131,3
1686,claude_opus_4_8_max,49.24872017472254,4
1686,gemini_3_1_pro_high,44.31466685307057,5
1686,gpt_5_6_sol_max,38.70345563240892,6
1686,gpt_5_5_xhigh,34.9514543593242,7
1687,gpt_5_5_xhigh,85.39343178948502,1
1687,kimi_k3_max,76.33990015903731,2
1687,claude_fable_5_max,59.49099817813868,3
1687,qwen3_8_max,56.42879041158492,4
1687,gemini_3_1_pro_high,54.25482022915819,5
1687,claude_opus_4_8_max,44.86626990922122,6
1687,gpt_5_6_sol_max,34.5284641395434,7
1688,gpt_5_6_sol_max,70.31387254217981,1
1688,gpt_5_5_xhigh,59.87202176537379,2
1688,claude_opus_4_8_max,59.35603046614145,3
1688,claude_fable_5_max,55.02870111522909,4
1688,gemini_3_1_pro_high,54.676665222005994,5
1688,qwen3_8_max,35.06907643052807,6
1688,kimi_k3_max,32.61901716075149,7
1689,qwen3_8_max,69.13127477393724,1
1689,claude_opus_4_8_max,60.98584430998303,2
1689,gemini_3_1_pro_high,54.54711643181969,3
1689,gpt_5_6_sol_max,47.79220656085989,4
1689,claude_fable_5_max,38.9859006945247,5
1689,kimi_k3_max,36.02449781108171,6
1689,gpt_5_5_xhigh,26.31658796675255,7
1690,gpt_5_6_sol_max,69.72864148120632,1
1690,claude_fable_5_max,49.02439923709999,2
1690,gemini_3_1_pro_high,48.435174721841044,3
1690,gpt_5_5_xhigh,45.76070722660326,4
1690,qwen3_8_max,44.128504380548904,5
1690,kimi_k3_max,35.12197228268148,6
1690,claude_opus_4_8_max,27.737265064540477,7
1691,claude_fable_5_max,79.31304168192742,1
1691,claude_opus_4_8_max,73.2001501889963,2
1691,gemini_3_1_pro_high,70.50906823060566,3
1691,gpt_5_5_xhigh,58.10936280485861,4
1691,gpt_5_6_sol_max,51.25698869517011,5
1691,kimi_k3_max,40.65753870374474,6
1691,qwen3_8_max,39.33672466844682,7
1692,gpt_5_6_sol_max,70.32537431552173,1
1692,qwen3_8_max,51.399993256028196,2
1692,kimi_k3_max,46.90158746182383,3
1692,claude_opus_4_8_max,42.60664636216676,4
1692,gpt_5_5_xhigh,37.280070727255854,5
1692,claude_fable_5_max,37.23258825917938,6
1692,gemini_3_1_pro_high,37.08902319529543,7
1693,kimi_k3_max,73.87780422970333,1
1693,gemini_3_1_pro_high,64.92961153947483,2
1693,claude_opus_4_8_max,52.723677412601276,3
1693,qwen3_8_max,52.228152326741096,4
1693,claude_fable_5_max,42.39312153831456,5
1693,gpt_5_6_sol_max,34.569773205680576,6
1693,gpt_5_5_xhigh,25.495048973812686,7
1694,gpt_5_6_sol_max,85.15352923460487,1
1694,gemini_3_1_pro_high,67.72024001488687,2
1694,claude_fable_5_max,62.2060989774687,3
1694,gpt_5_5_xhigh,47.27031260334324,4
1694,claude_opus_4_8_max,45.02005614485155,5
1694,qwen3_8_max,22.643020031919804,6
1694,kimi_k3_max,19.402979030415356,7
1695,gemini_3_1_pro_high,82.46927541668336,1
1695,gpt_5_5_xhigh,73.34053732073036,2
1695,qwen3_8_max,69.53649730411173,3
1695,kimi_k3_max,52.45804851030392,4
1695,claude_fable_5_max,39.31342638165465,5
1695,gpt_5_6_sol_max,37.482500856508516,6
1695,claude_opus_4_8_max,36.61906902591377,7
1696,gpt_5_6_sol_max,76.44815434948521,1
1696,claude_fable_5_max,71.81024416953207,2
1696,gemini_3_1_pro_high,56.27955276686754,3
1696,kimi_k3_max,53.412909291696664,4
1696,gpt_5_5_xhigh,44.78485055853756,5
1696,claude_opus_4_8_max,24.402649085705978,6
1696,qwen3_8_max,19.967244734262124,7
1697,qwen3_8_max,77.24120423143171,1
1697,claude_fable_5_max,62.340485938783786,2
1697,claude_opus_4_8_max,58.85389062797219,3
1697,gpt_5_5_xhigh,57.47837732081308,4
1697,gpt_5_6_sol_max,53.9603053538995,5
1697,gemini_3_1_pro_high,53.16453511518267,6
1697,kimi_k3_max,6.954485160130859,7
1698,gemini_3_1_pro_high,82.09364766758807,1
1698,claude_fable_5_max,80.61917038156412,2
1698,gpt_5_6_sol_max,72.86397301359747,3
1698,kimi_k3_max,69.63545095013961,4
1698,qwen3_8_max,60.112239765585144,5
1698,claude_opus_4_8_max,59.297078446898865,6
1698,gpt_5_5_xhigh,20.526098908167672,7
1699,claude_fable_5_max,80.30422979802506,1
1699,kimi_k3_max,71.0554574561397,2
1699,gpt_5_6_sol_max,54.778481073565686,3
1699,gpt_5_5_xhigh,48.36195723498663,4
1699,gemini_3_1_pro_high,40.94587113150006,5
1699,claude_opus_4_8_max,26.078383266479356,6
1699,qwen3_8_max,20.503813719973405,7
1700,claude_fable_5_max,67.40162620179797,1
1700,gpt_5_5_xhigh,41.499328486540136,2
1700,gpt_5_6_sol_max,41.413371839536254,3
1700,kimi_k3_max,24.2677312293774,4
1700,gemini_3_1_pro_high,23.35481479470066,5
1700,qwen3_8_max,18.546301722829156,6
1700,claude_opus_4_8_max,17.40956341073873,7
1701,claude_opus_4_8_max,73.10143142651302,1
1701,qwen3_8_max,72.71876703981093,2
1701,gpt_5_5_xhigh,62.571260085168305,3
1701,gpt_5_6_sol_max,32.3115519629053,4
1701,gemini_3_1_pro_high,26.777392042920876,5
1701,claude_fable_5_max,26.381865330951406,6
1701,kimi_k3_max,13.985601627171091,7
1702,claude_fable_5_max,65.46918438099843,1
1702,claude_opus_4_8_max,60.408804597702044,2
1702,gpt_5_5_xhigh,53.28671553630373,3
1702,gemini_3_1_pro_high,36.91626853166525,4
1702,gpt_5_6_sol_max,35.43148713307729,5
1702,kimi_k3_max,31.26833526899612,6
1702,qwen3_8_max,30.433511689643996,7
1703,gpt_5_5_xhigh,81.18604540570337,1
1703,kimi_k3_max,67.26082615713837,2
1703,claude_opus_4_8_max,65.44701059065518,3
1703,gemini_3_1_pro_high,56.89920986751281,4
1703,claude_fable_5_max,53.75296762979112,5
1703,gpt_5_6_sol_max,38.90473076604027,6
1703,qwen3_8_max,29.037445988108278,7
1704,kimi_k3_max,73.7532993409937,1
1704,claude_opus_4_8_max,63.942294730403184,2
1704,gpt_5_5_xhigh,41.50434056584743,3
1704,gemini_3_1_pro_high,40.07857745865463,4
1704,claude_fable_5_max,40.066336861295355,5
1704,qwen3_8_max,33.95122200037383,6
1704,gpt_5_6_sol_max,30.783754197763663,7
1705,claude_fable_5_max,72.37802216255062,1
1705,gemini_3_1_pro_high,63.682323313272136,2
1705,claude_opus_4_8_max,57.84239548060198,3
1705,kimi_k3_max,56.49766811808664,4
1705,gpt_5_6_sol_max,53.79516992106731,5
1705,qwen3_8_max,52.73990516801972,6
1705,gpt_5_5_xhigh,31.821872140194394,7
1706,claude_fable_5_max,61.117081460821886,1
1706,gemini_3_1_pro_high,60.1503007535845,2
1706,kimi_k3_max,51.71449809274896,3
1706,gpt_5_6_sol_max,51.710960109697105,4
1706,qwen3_8_max,35.346716257381715,5
1706,claude_opus_4_8_max,32.62712492791583,6
1706,gpt_5_5_xhigh,17.64980981317422,7
1707,gpt_5_6_sol_max,92.14052773339374,1
1707,gemini_3_1_pro_high,62.768277100447534,2
1707,qwen3_8_max,59.050228343845475,3
1707,gpt_5_5_xhigh,49.109954960030365,4
1707,claude_fable_5_max,48.084804318426606,5
1707,claude_opus_4_8_max,30.908733787159974,6
1707,kimi_k3_max,12.732910369327854,7
1708,gpt_5_6_sol_max,82.50294330491528,1
1708,gpt_5_5_xhigh,69.22364157381402,2
1708,qwen3_8_max,55.62433556702608,3
1708,kimi_k3_max,42.45381773897343,4
1708,claude_fable_5_max,39.32770940249563,5
1708,gemini_3_1_pro_high,35.15587503669909,6
1708,claude_opus_4_8_max,31.70917445850859,7
1709,qwen3_8_max,86.47133460046247,1
1709,kimi_k3_max,80.32837999584086,2
1709,gemini_3_1_pro_high,77.96965874849178,3
1709,gpt_5_5_xhigh,64.90109682118043,4
1709,claude_fable_5_max,36.393937261936614,5
1709,claude_opus_4_8_max,18.49763525798344,6
1709,gpt_5_6_sol_max,18.31889825316035,7
1710,claude_fable_5_max,50.65383579733809,1
1710,gpt_5_5_xhigh,43.347917037969665,2
1710,claude_opus_4_8_max,40.49104458256523,3
1710,gemini_3_1_pro_high,39.261537228860085,4
1710,kimi_k3_max,27.015927856944423,5
1710,qwen3_8_max,11.644701601162312,6
1710,gpt_5_6_sol_max,10.888311902032154,7
1711,kimi_k3_max,69.3365856107,1
1711,gpt_5_6_sol_max,66.98886904023412,2
1711,qwen3_8_max,52.02226223656159,3
1711,claude_opus_4_8_max,47.7393086883674,4
1711,gemini_3_1_pro_high,37.925306304384435,5
1711,gpt_5_5_xhigh,21.620799684464767,6
1711,claude_fable_5_max,16.454029675769025,7
1712,kimi_k3_max,82.34620041817534,1
1712,gpt_5_5_xhigh,55.34618089594521,2
1712,gemini_3_1_pro_high,51.54186230269691,3
1712,gpt_5_6_sol_max,46.75063118965835,4
1712,claude_opus_4_8_max,41.67352485469388,5
1712,claude_fable_5_max,33.634149140065965,6
1712,qwen3_8_max,27.621618094987966,7
1713,kimi_k3_max,63.56621345199241,1
1713,claude_opus_4_8_max,62.539384245825076,2
1713,claude_fable_5_max,61.13211707715786,3
1713,gpt_5_6_sol_max,54.82781397761855,4
1713,qwen3_8_max,44.481358929872805,5
1713,gemini_3_1_pro_high,32.4856037874429,6
1713,gpt_5_5_xhigh,29.262777413831362,7
1714,claude_fable_5_max,69.66283776741486,1
1714,qwen3_8_max,44.805844677409155,2
1714,claude_opus_4_8_max,43.484263584566406,3
1714,kimi_k3_max,42.73945871895452,4
1714,gemini_3_1_pro_high,38.72271948462539,5
1714,gpt_5_6_sol_max,24.973442831115722,6
1714,gpt_5_5_xhigh,21.93045846951618,7
1715,qwen3_8_max,80.00529983500753,1
1715,claude_fable_5_max,65.93355405910417,2
1715,gpt_5_6_sol_max,63.79838280941211,3
1715,claude_opus_4_8_max,57.51310387274517,4
1715,gpt_5_5_xhigh,48.24656449541317,5
1715,gemini_3_1_pro_high,45.35139925310729,6
1715,kimi_k3_max,16.74739619252051,7
1716,gpt_5_6_sol_max,87.66676062717023,1
1716,claude_fable_5_max,53.2608920638218,2
1716,qwen3_8_max,49.83659898815974,3
1716,gemini_3_1_pro_high,48.574264656525905,4
1716,kimi_k3_max,31.63762897756648,5
1716,gpt_5_5_xhigh,30.85232830480969,6
1716,claude_opus_4_8_max,30.05990474440194,7
1717,gpt_5_6_sol_max,79.76115306644266,1
1717,gemini_3_1_pro_high,53.40643942566766,2
1717,claude_opus_4_8_max,52.211241675061316,3
1717,qwen3_8_max,50.98503605368076,4
1717,kimi_k3_max,48.158356714815454,5
1717,gpt_5_5_xhigh,34.0373731658051,6
1717,claude_fable_5_max,31.560833929868295,7
1718,claude_opus_4_8_max,78.41166489048683,1
1718,claude_fable_5_max,60.149755612466706,2
1718,gpt_5_6_sol_max,58.862344396680065,3
1718,gemini_3_1_pro_high,57.49892465134794,4
1718,qwen3_8_max,45.83115476297732,5
1718,kimi_k3_max,29.99450928965964,6
1718,gpt_5_5_xhigh,15.264896092175654,7
1719,gpt_5_5_xhigh,64.07840109482534,1
1719,kimi_k3_max,50.679056635179734,2
1719,claude_fable_5_max,46.654343461398696,3
1719,gpt_5_6_sol_max,44.61954902367368,4
1719,gemini_3_1_pro_high,42.92270826864086,5
1719,qwen3_8_max,42.687648573932705,6
1719,claude_opus_4_8_max,22.424005578101305,7
1720,qwen3_8_max,75.95377039500805,1
1720,gpt_5_6_sol_max,46.181349358425344,2
1720,kimi_k3_max,45.876136388643275,3
1720,claude_fable_5_max,38.5349500232299,4
1720,claude_opus_4_8_max,33.76666996561253,5
1720,gpt_5_5_xhigh,33.55325571339821,6
1720,gemini_3_1_pro_high,18.970595477688153,7
1721,claude_fable_5_max,86.66245411135817,1
1721,kimi_k3_max,42.34346163146668,2
1721,gemini_3_1_pro_high,39.70468358863484,3
1721,gpt_5_5_xhigh,37.34996026059954,4
1721,qwen3_8_max,35.192351861448834,5
1721,claude_opus_4_8_max,29.816424427867748,6
1721,gpt_5_6_sol_max,10.604375409560186,7
1722,gemini_3_1_pro_high,91.81688586790203,1
1722,kimi_k3_max,81.40827186775621,2
1722,qwen3_8_max,69.1576811831238,3
1722,gpt_5_5_xhigh,67.75349826818208,4
1722,claude_fable_5_max,65.3625844958471,5
1722,gpt_5_6_sol_max,55.16317042028501,6
1722,claude_opus_4_8_max,25.541341902412576,7
1723,gemini_3_1_pro_high,68.20525689961565,1
1723,claude_opus_4_8_max,57.6214559964479,2
1723,gpt_5_6_sol_max,51.31018069812121,3
1723,claude_fable_5_max,40.71607655601011,4
1723,qwen3_8_max,36.10811878781364,5
1723,kimi_k3_max,36.004115506587965,6
1723,gpt_5_5_xhigh,11.469283331735431,7
1724,gpt_5_6_sol_max,75.16327591136306,1
1724,gpt_5_5_xhigh,54.22249510826977,2
1724,kimi_k3_max,53.34772899430017,3
1724,gemini_3_1_pro_high,48.147051425789975,4
1724,claude_fable_5_max,42.161043501245956,5
1724,claude_opus_4_8_max,16.323958441333268,6
1724,qwen3_8_max,6.8422278008512265,7
1725,claude_fable_5_max,83.8607268295075,1
1725,qwen3_8_max,54.65341082349059,2
1725,kimi_k3_max,48.14766962944155,3
1725,gemini_3_1_pro_high,46.570121672554,4
1725,gpt_5_5_xhigh,38.1209181046469,5
1725,gpt_5_6_sol_max,36.517062581324396,6
1725,claude_opus_4_8_max,34.238321573490055,7
1726,claude_opus_4_8_max,78.97079261340133,1
1726,qwen3_8_max,75.12830591412708,2
1726,gpt_5_6_sol_max,53.140033172953416,3
1726,gemini_3_1_pro_high,46.564486534633836,4
1726,claude_fable_5_max,45.7509564610473,5
1726,gpt_5_5_xhigh,26.261037586631165,6
1726,kimi_k3_max,21.463577568678385,7
1727,kimi_k3_max,76.73967375240417,1
1727,claude_opus_4_8_max,55.755486087805636,2
1727,gemini_3_1_pro_high,50.75246549688953,3
1727,gpt_5_5_xhigh,49.25004204547295,4
1727,qwen3_8_max,40.96524250757305,5
1727,claude_fable_5_max,32.361910422874054,6
1727,gpt_5_6_sol_max,28.354388465877275,7
1728,claude_fable_5_max,73.76700720955218,1
1728,gpt_5_6_sol_max,62.25505080145903,2
1728,gemini_3_1_pro_high,60.60058315854533,3
1728,gpt_5_5_xhigh,53.125679549201514,4
1728,claude_opus_4_8_max,42.303084979691704,5
1728,qwen3_8_max,37.30314760827659,6
1728,kimi_k3_max,29.5127552838018,7
1729,claude_opus_4_8_max,73.2762389187493,1
1729,qwen3_8_max,73.17218162707032,2
1729,gemini_3_1_pro_high,68.26692574128637,3
1729,claude_fable_5_max,47.26152143750593,4
1729,gpt_5_6_sol_max,45.42581777653046,5
1729,gpt_5_5_xhigh,36.35115712434827,6
1729,kimi_k3_max,24.087965524601664,7
1730,claude_fable_5_max,58.619796680614485,1
1730,qwen3_8_max,52.60282345141195,2
1730,kimi_k3_max,31.725925482669485,3
1730,claude_opus_4_8_max,30.964875700264002,4
1730,gpt_5_6_sol_max,29.178670449421062,5
1730,gemini_3_1_pro_high,21.29927880081054,6
1730,gpt_5_5_xhigh,17.21188526720712,7
1731,claude_fable_5_max,70.1791938091878,1
1731,qwen3_8_max,57.320149721614456,2
1731,gpt_5_6_sol_max,54.2788160428867,3
1731,claude_opus_4_8_max,42.266843890035986,4
1731,gemini_3_1_pro_high,31.336774183619568,5
1731,gpt_5_5_xhigh,27.703593752858623,6
1731,kimi_k3_max,19.313762214223424,7
1732,gpt_5_5_xhigh,79.88098445989361,1
1732,claude_opus_4_8_max,55.47208680887522,2
1732,gpt_5_6_sol_max,47.70996719694676,3
1732,claude_fable_5_max,45.26688097544908,4
1732,qwen3_8_max,43.54239689144826,5
1732,gemini_3_1_pro_high,42.70623888551921,6
1732,kimi_k3_max,23.694771938382512,7
1733,gpt_5_6_sol_max,67.69774586217716,1
1733,gemini_3_1_pro_high,66.15819177939277,2
1733,kimi_k3_max,51.97251097678808,3
1733,qwen3_8_max,48.524164892781776,4
1733,claude_opus_4_8_max,44.288984982684084,5
1733,claude_fable_5_max,34.429565832426775,6
1733,gpt_5_5_xhigh,23.55461945049729,7
1734,gpt_5_6_sol_max,75.91060928066182,1
1734,kimi_k3_max,71.93176989962782,2
1734,gpt_5_5_xhigh,64.3216544004928,3
1734,gemini_3_1_pro_high,48.265823195328,4
1734,claude_opus_4_8_max,47.576328431839656,5
1734,claude_fable_5_max,40.76193965858849,6
1734,qwen3_8_max,35.812582597693485,7
1735,claude_fable_5_max,74.39265599279786,1
1735,gpt_5_6_sol_max,73.99611277977735,2
1735,claude_opus_4_8_max,46.450492372260456,3
1735,gpt_5_5_xhigh,46.03183277504947,4
1735,qwen3_8_max,33.27194332714451,5
1735,kimi_k3_max,28.325241017307487,6
1735,gemini_3_1_pro_high,15.332675328154064,7
1736,claude_opus_4_8_max,80.10125460714781,1
1736,kimi_k3_max,60.969351459484685,2
1736,qwen3_8_max,48.5671816558593,3
1736,gpt_5_6_sol_max,48.13472031852018,4
1736,claude_fable_5_max,35.888684422467946,5
1736,gpt_5_5_xhigh,32.332527525957396,6
1736,gemini_3_1_pro_high,27.847039907641122,7
1737,gpt_5_5_xhigh,66.64012966933089,1
1737,qwen3_8_max,62.71382395480311,2
1737,gemini_3_1_pro_high,61.37087954919008,3
1737,gpt_5_6_sol_max,59.52354317762408,4
1737,kimi_k3_max,37.69397071590653,5
1737,claude_opus_4_8_max,32.744214294336686,6
1737,claude_fable_5_max,29.226876837916155,7
1738,claude_fable_5_max,63.06044193331767,1
1738,kimi_k3_max,55.172498071581316,2
1738,gemini_3_1_pro_high,48.75503702451603,3
1738,gpt_5_6_sol_max,47.51773377875766,4
1738,qwen3_8_max,32.844710249904914,5
1738,gpt_5_5_xhigh,29.054622658882728,6
1738,claude_opus_4_8_max,10.194325706567833,7
1739,claude_opus_4_8_max,64.79736076986813,1
1739,claude_fable_5_max,64.7554568676371,2
1739,gemini_3_1_pro_high,62.52242072473202,3
1739,gpt_5_6_sol_max,60.11202558980034,4
1739,gpt_5_5_xhigh,57.18910665578551,5
1739,qwen3_8_max,51.2924339814235,6
1739,kimi_k3_max,49.570911173301795,7
1740,claude_opus_4_8_max,82.2189835465247,1
1740,gpt_5_5_xhigh,60.50674539353469,2
1740,claude_fable_5_max,49.1425798935499,3
1740,gpt_5_6_sol_max,44.886136289222016,4
1740,qwen3_8_max,37.8199362933117,5
1740,kimi_k3_max,37.13273436275819,6
1740,gemini_3_1_pro_high,36.43035540328747,7
1741,qwen3_8_max,73.25475427725605,1
1741,gemini_3_1_pro_high,71.02141048388621,2
1741,gpt_5_6_sol_max,63.270786638940116,3
1741,claude_fable_5_max,60.20617115466082,4
1741,kimi_k3_max,44.32899966177246,5
1741,gpt_5_5_xhigh,40.47313905057249,6
1741,claude_opus_4_8_max,29.55776148509127,7
1742,claude_opus_4_8_max,79.60873878417036,1
1742,gpt_5_5_xhigh,59.027848533646704,2
1742,gemini_3_1_pro_high,48.11235321562354,3
1742,kimi_k3_max,45.8822576779569,4
1742,gpt_5_6_sol_max,35.907632325539524,5
1742,qwen3_8_max,33.489979476881786,6
1742,claude_fable_5_max,33.030518771367504,7
1743,gpt_5_5_xhigh,74.68697973761215,1
1743,claude_fable_5_max,61.70707276191081,2
1743,qwen3_8_max,51.50702498585742,3
1743,kimi_k3_max,48.65053997518437,4
1743,gemini_3_1_pro_high,40.40886089407232,5
1743,claude_opus_4_8_max,35.02258769458344,6
1743,gpt_5_6_sol_max,18.313232373260234,7
1744,kimi_k3_max,73.3127560908465,1
1744,claude_fable_5_max,51.22679592677271,2
1744,gpt_5_6_sol_max,44.06842642404152,3
1744,claude_opus_4_8_max,43.27072501929457,4
1744,gemini_3_1_pro_high,35.05350385622353,5
1744,gpt_5_5_xhigh,29.121898006862892,6
1744,qwen3_8_max,27.897204548204705,7
1745,gpt_5_6_sol_max,81.57206950104245,1
1745,qwen3_8_max,63.66731979685942,2
1745,kimi_k3_max,61.78609226745445,3
1745,gemini_3_1_pro_high,47.9498293964273,4
1745,claude_fable_5_max,46.4260950363751,5
1745,claude_opus_4_8_max,35.852803290943555,6
1745,gpt_5_5_xhigh,8.086993703209345,7
1746,claude_opus_4_8_max,88.26095651389005,1
1746,kimi_k3_max,76.20728162811855,2
1746,gpt_5_6_sol_max,75.10390393794141,3
1746,gemini_3_1_pro_high,74.97139408358862,4
1746,claude_fable_5_max,59.604946707956465,5
1746,qwen3_8_max,49.21945230450921,6
1746,gpt_5_5_xhigh,29.048300496799087,7
1747,claude_fable_5_max,82.7529713965439,1
1747,claude_opus_4_8_max,35.2890687388507,2
1747,gpt_5_6_sol_max,27.623128414139664,3
1747,kimi_k3_max,25.56220719212837,4
1747,gemini_3_1_pro_high,21.472853078088427,5
1747,qwen3_8_max,19.20058753419284,6
1747,gpt_5_5_xhigh,7.6053745804281165,7
1748,claude_fable_5_max,74.63395488659549,1
1748,kimi_k3_max,55.06354144818303,2
1748,gpt_5_6_sol_max,54.93759810904341,3
1748,gemini_3_1_pro_high,52.40844622253155,4
1748,qwen3_8_max,34.84011854689312,5
1748,gpt_5_5_xhigh,29.85720640498479,6
1748,claude_opus_4_8_max,18.274856877330695,7
1749,gpt_5_6_sol_max,65.05542974469951,1
1749,qwen3_8_max,61.10688526765745,2
1749,kimi_k3_max,56.4329445977384,3
1749,claude_fable_5_max,53.02870978421224,4
1749,claude_opus_4_8_max,48.82065774013894,5
1749,gpt_5_5_xhigh,38.30395823423676,6
1749,gemini_3_1_pro_high,34.29180976738714,7
1750,qwen3_8_max,73.75455115634882,1
1750,claude_fable_5_max,66.94504483153699,2
1750,kimi_k3_max,50.61842564144825,3
1750,gemini_3_1_pro_high,47.4937673899934,4
1750,gpt_5_6_sol_max,42.521188197921475,5
1750,gpt_5_5_xhigh,30.080687425965515,6
1750,claude_opus_4_8_max,5.06631845452338,7
1751,qwen3_8_max,64.12860607635837,1
1751,claude_opus_4_8_max,63.07130380145059,2
1751,kimi_k3_max,62.56205456226856,3
1751,gpt_5_6_sol_max,49.181507464646145,4
1751,gpt_5_5_xhigh,43.362187984545706,5
1751,claude_fable_5_max,42.95482991846413,6
1751,gemini_3_1_pro_high,31.842467201624967,7
1752,gpt_5_6_sol_max,62.86669026892652,1
1752,gpt_5_5_xhigh,58.37045018216252,2
1752,kimi_k3_max,54.642041236022244,3
1752,claude_fable_5_max,36.43943091429408,4
1752,qwen3_8_max,36.40933929001016,5
1752,claude_opus_4_8_max,34.9097247773742,6
1752,gemini_3_1_pro_high,25.722355430410563,7
1753,gpt_5_5_xhigh,85.78648312817235,1
1753,claude_opus_4_8_max,84.06929142076467,2
1753,claude_fable_5_max,49.96120527359206,3
1753,gemini_3_1_pro_high,42.843226227550545,4
1753,qwen3_8_max,36.73296806762181,5
1753,gpt_5_6_sol_max,30.90222119970805,6
1753,kimi_k3_max,18.719422804301676,7
1754,kimi_k3_max,75.95034147265885,1
1754,claude_opus_4_8_max,72.72996270335162,2
1754,gemini_3_1_pro_high,70.31212211807276,3
1754,claude_fable_5_max,66.35154007734069,4
1754,gpt_5_5_xhigh,60.24966391921697,5
1754,qwen3_8_max,45.20271910190789,6
1754,gpt_5_6_sol_max,31.670758963077283,7
1755,claude_fable_5_max,80.58663239655726,1
1755,claude_opus_4_8_max,47.27817702882732,2
1755,gemini_3_1_pro_high,35.826057068566,3
1755,qwen3_8_max,31.81028203254696,4
1755,gpt_5_6_sol_max,31.649383950131686,5
1755,kimi_k3_max,19.48739514114184,6
1755,gpt_5_5_xhigh,9.574420139378377,7
1756,gpt_5_6_sol_max,89.10364580181931,1
1756,kimi_k3_max,84.66461540490057,2
1756,gemini_3_1_pro_high,80.3534774564927,3
1756,qwen3_8_max,44.67509197183015,4
1756,claude_fable_5_max,31.85226498338573,5
1756,gpt_5_5_xhigh,15.43750039346884,6
1756,claude_opus_4_8_max,12.469723649461061,7
1757,gpt_5_6_sol_max,57.05181903931813,1
1757,claude_opus_4_8_max,53.878959198985314,2
1757,qwen3_8_max,48.4991424157526,3
1757,kimi_k3_max,43.429378468688824,4
1757,gemini_3_1_pro_high,43.30156623567265,5
1757,claude_fable_5_max,40.442009964235666,6
1757,gpt_5_5_xhigh,36.56363629266575,7
1758,claude_fable_5_max,73.57423386108158,1
1758,qwen3_8_max,55.79786973601727,2
1758,gpt_5_6_sol_max,55.448407586129804,3
1758,gemini_3_1_pro_high,55.06705975508352,4
1758,kimi_k3_max,45.60711244902882,5
1758,gpt_5_5_xhigh,40.634038033983295,6
1758,claude_opus_4_8_max,28.349398873324063,7
1759,kimi_k3_max,75.03171104259438,1
1759,gemini_3_1_pro_high,70.18448195293679,2
1759,gpt_5_6_sol_max,68.40240487362396,3
1759,qwen3_8_max,54.08829952261598,4
1759,claude_fable_5_max,51.4676093929525,5
1759,claude_opus_4_8_max,50.565711156422964,6
1759,gpt_5_5_xhigh,49.012347513736515,7
1760,claude_opus_4_8_max,77.19892680855988,1
1760,kimi_k3_max,62.77002210961214,2
1760,gpt_5_5_xhigh,60.25518620471615,3
1760,qwen3_8_max,55.134761879646604,4
1760,gemini_3_1_pro_high,52.54508895909149,5
1760,claude_fable_5_max,50.37595131778882,6
1760,gpt_5_6_sol_max,26.824582700376897,7
1761,qwen3_8_max,85.55245433727566,1
1761,claude_fable_5_max,83.5887380336213,2
1761,claude_opus_4_8_max,61.492561252753404,3
1761,kimi_k3_max,52.08582346795659,4
1761,gpt_5_5_xhigh,50.943565733039335,5
1761,gpt_5_6_sol_max,25.8837972810135,6
1761,gemini_3_1_pro_high,8.437513402345505,7
1762,gpt_5_5_xhigh,74.31505061751146,1
1762,claude_opus_4_8_max,50.65549026663124,2
1762,kimi_k3_max,48.026962416410996,3
1762,gpt_5_6_sol_max,33.46163542468557,4
1762,qwen3_8_max,33.05178097327599,5
1762,gemini_3_1_pro_high,23.624088386559954,6
1762,claude_fable_5_max,19.26957519092357,7
1763,gemini_3_1_pro_high,69.76723170417021,1
1763,claude_opus_4_8_max,57.49034231088915,2
1763,gpt_5_6_sol_max,51.197722806768496,3
1763,claude_fable_5_max,49.843972283669736,4
1763,kimi_k3_max,47.2052521576492,5
1763,qwen3_8_max,44.39070550879245,6
1763,gpt_5_5_xhigh,39.31327580890503,7
1764,claude_fable_5_max,70.9539303036203,1
1764,claude_opus_4_8_max,70.70227211599288,2
1764,qwen3_8_max,61.9522313752028,3
1764,gemini_3_1_pro_high,58.589203829415965,4
1764,gpt_5_6_sol_max,49.024775071555055,5
1764,kimi_k3_max,43.33456610224513,6
1764,gpt_5_5_xhigh,24.78079067810862,7
1765,gpt_5_5_xhigh,56.645512746550885,1
1765,qwen3_8_max,48.9364753862347,2
1765,gemini_3_1_pro_high,48.83450699676352,3
1765,claude_fable_5_max,48.31340518604241,4
1765,claude_opus_4_8_max,46.938626115313134,5
1765,gpt_5_6_sol_max,36.81120879320977,6
1765,kimi_k3_max,29.122746925229393,7
1766,kimi_k3_max,80.46631561947596,1
1766,gpt_5_6_sol_max,63.90910913264166,2
1766,claude_opus_4_8_max,61.95972403402337,3
1766,claude_fable_5_max,55.0432168402876,4
1766,gemini_3_1_pro_high,51.17663209584363,5
1766,qwen3_8_max,47.651986200246526,6
1766,gpt_5_5_xhigh,37.19185277667563,7
1767,gpt_5_5_xhigh,70.16839467979798,1
1767,gpt_5_6_sol_max,66.1712065977231,2
1767,gemini_3_1_pro_high,44.011799513419206,3
1767,kimi_k3_max,33.651760449600616,4
1767,qwen3_8_max,33.50628353349665,5
1767,claude_opus_4_8_max,18.28352878740383,6
1767,claude_fable_5_max,6.346532781717753,7
1768,gpt_5_6_sol_max,96.36949575231748,1
1768,kimi_k3_max,62.14690469754461,2
1768,gemini_3_1_pro_high,52.07688337086925,3
1768,claude_fable_5_max,49.912007583017925,4
1768,qwen3_8_max,35.044873229879926,5
1768,claude_opus_4_8_max,31.807333492235237,6
1768,gpt_5_5_xhigh,26.038798359164247,7
1769,gpt_5_6_sol_max,82.80523565918821,1
1769,kimi_k3_max,60.58808564560738,2
1769,gemini_3_1_pro_high,56.798891731655274,3
1769,claude_opus_4_8_max,44.10972603657905,4
1769,qwen3_8_max,28.553309011757413,5
1769,claude_fable_5_max,21.04351805496033,6
1769,gpt_5_5_xhigh,18.220649057394116,7
1770,qwen3_8_max,77.67230882628833,1
1770,kimi_k3_max,61.58130786754804,2
1770,gemini_3_1_pro_high,55.30536995214727,3
1770,gpt_5_5_xhigh,50.18681810790303,4
1770,claude_opus_4_8_max,48.30342995555682,5
1770,gpt_5_6_sol_max,36.551981973580894,6
1770,claude_fable_5_max,22.28864726615379,7
1771,claude_fable_5_max,81.98309463991875,1
1771,kimi_k3_max,69.83706122452006,2
1771,gpt_5_5_xhigh,68.47079414628539,3
1771,gpt_5_6_sol_max,44.307609889334884,4
1771,qwen3_8_max,38.41501360808515,5
1771,claude_opus_4_8_max,34.77321067452515,6
1771,gemini_3_1_pro_high,24.66502292210394,7
1772,gpt_5_5_xhigh,77.7092997388796,1
1772,gemini_3_1_pro_high,62.08137382341734,2
1772,claude_opus_4_8_max,52.96675559663811,3
1772,gpt_5_6_sol_max,47.23715356052129,4
1772,claude_fable_5_max,38.70430766178968,5
1772,qwen3_8_max,31.362497336303615,6
1772,kimi_k3_max,29.55610672626714,7
1773,claude_fable_5_max,96.9298000118225,1
1773,claude_opus_4_8_max,33.32973940518808,2
1773,qwen3_8_max,29.460794275158314,3
1773,gemini_3_1_pro_high,28.907727057259066,4
1773,gpt_5_5_xhigh,26.58000953586892,5
1773,kimi_k3_max,17.72779305198766,6
1773,gpt_5_6_sol_max,15.461145758470359,7
1774,claude_opus_4_8_max,77.0488297482623,1
1774,claude_fable_5_max,66.256133449018,2
1774,gpt_5_6_sol_max,49.28768268514008,3
1774,kimi_k3_max,45.00223906460178,4
1774,gpt_5_5_xhigh,41.24251507472323,5
1774,gemini_3_1_pro_high,40.49927992301336,6
1774,qwen3_8_max,34.0719210802483,7
1775,kimi_k3_max,61.40226917857474,1
1775,qwen3_8_max,59.32050358427419,2
1775,gpt_5_5_xhigh,59.19747502720459,3
1775,gpt_5_6_sol_max,50.56063768860208,4
1775,claude_opus_4_8_max,41.80955057660899,5
1775,claude_fable_5_max,40.55099539673932,6
1775,gemini_3_1_pro_high,32.09059784094013,7
1776,gpt_5_5_xhigh,69.87178378601335,1
1776,claude_fable_5_max,63.42804884614475,2
1776,gemini_3_1_pro_high,36.167136409454784,3
1776,kimi_k3_max,36.00707888436975,4
1776,claude_opus_4_8_max,29.991828598954278,5
1776,gpt_5_6_sol_max,25.155663540331183,6
1776,qwen3_8_max,13.682184823168381,7
1777,gpt_5_6_sol_max,67.26827106542616,1
1777,claude_fable_5_max,63.30954513769858,2
1777,kimi_k3_max,53.9890937919168,3
1777,qwen3_8_max,44.736794343639275,4
1777,gemini_3_1_pro_high,38.456197422748005,5
1777,claude_opus_4_8_max,32.62605665902394,6
1777,gpt_5_5_xhigh,28.30222110083342,7
1778,qwen3_8_max,69.79973780245146,1
1778,claude_opus_4_8_max,56.97924372422429,2
1778,gpt_5_6_sol_max,56.089629449994504,3
1778,kimi_k3_max,49.21879883526823,4
1778,claude_fable_5_max,43.08423310601387,5
1778,gemini_3_1_pro_high,41.370562693588774,6
1778,gpt_5_5_xhigh,35.23919013436081,7
1779,claude_fable_5_max,73.01337751736399,1
1779,gpt_5_5_xhigh,72.65469620922154,2
1779,claude_opus_4_8_max,67.48911878169594,3
1779,gemini_3_1_pro_high,36.70474013864455,4
1779,qwen3_8_max,29.114603962465242,5
1779,gpt_5_6_sol_max,21.615535387503545,6
1779,kimi_k3_max,20.936791005989924,7
1780,gpt_5_6_sol_max,57.71646525355487,1
1780,qwen3_8_max,55.387378740019706,2
1780,kimi_k3_max,53.8529540930526,3
1780,claude_fable_5_max,53.68309616086081,4
1780,gpt_5_5_xhigh,42.434787273492354,5
1780,gemini_3_1_pro_high,36.725451650240416,6
1780,claude_opus_4_8_max,17.630306267355444,7
1781,gemini_3_1_pro_high,88.45202786975109,1
1781,qwen3_8_max,83.23213492029097,2
1781,gpt_5_6_sol_max,76.88449622791201,3
1781,claude_fable_5_max,67.71769524058288,4
1781,gpt_5_5_xhigh,38.55722176682593,5
1781,kimi_k3_max,36.45295078952127,6
1781,claude_opus_4_8_max,9.929372072284615,7
1782,claude_fable_5_max,80.47852448484863,1
1782,claude_opus_4_8_max,62.50157710405309,2
1782,qwen3_8_max,57.50070342012154,3
1782,gemini_3_1_pro_high,54.68798323519026,4
1782,kimi_k3_max,38.85896826923896,5
1782,gpt_5_6_sol_max,33.781491952008636,6
1782,gpt_5_5_xhigh,30.043562200269275,7
1783,claude_fable_5_max,60.60880091469837,1
1783,qwen3_8_max,58.4961068468463,2
1783,claude_opus_4_8_max,46.632998851914635,3
1783,gpt_5_6_sol_max,44.28735584961311,4
1783,gpt_5_5_xhigh,41.2331579954603,5
1783,kimi_k3_max,32.98845623445158,6
1783,gemini_3_1_pro_high,29.824761605046533,7
1784,qwen3_8_max,60.624958599888544,1
1784,kimi_k3_max,59.48120905614087,2
1784,claude_fable_5_max,44.32672503637344,3
1784,gpt_5_6_sol_max,39.97167002521114,4
1784,claude_opus_4_8_max,35.716740488209126,5
1784,gemini_3_1_pro_high,30.537501743895408,6
1784,gpt_5_5_xhigh,25.81385060378261,7
1785,gpt_5_5_xhigh,81.45228321763014,1
1785,claude_fable_5_max,80.99574490175942,2
1785,gpt_5_6_sol_max,66.8498161365199,3
1785,kimi_k3_max,49.650458553614456,4
1785,gemini_3_1_pro_high,47.557536570663956,5
1785,claude_opus_4_8_max,32.34138849670458,6
1785,qwen3_8_max,28.285290681345295,7
1786,gpt_5_6_sol_max,71.29950632110595,1
1786,kimi_k3_max,66.32095028893329,2
1786,claude_opus_4_8_max,48.074403872495935,3
1786,gpt_5_5_xhigh,39.643907012617646,4
1786,claude_fable_5_max,35.46894568543252,5
1786,qwen3_8_max,34.096663556652146,6
1786,gemini_3_1_pro_high,21.823340659965023,7
1787,claude_opus_4_8_max,67.06764107602687,1
1787,qwen3_8_max,66.64705862951209,2
1787,gpt_5_5_xhigh,39.35501398328519,3
1787,gemini_3_1_pro_high,38.305389310341184,4
1787,claude_fable_5_max,33.206828555440495,5
1787,kimi_k3_max,27.849733582660125,6
1787,gpt_5_6_sol_max,22.932501792463135,7
1788,gpt_5_5_xhigh,71.14437296906776,1
1788,claude_fable_5_max,59.81074896825098,2
1788,qwen3_8_max,50.46236033810128,3
1788,kimi_k3_max,48.1753054893872,4
1788,gemini_3_1_pro_high,33.4428000571072,5
1788,claude_opus_4_8_max,28.24042697777758,6
1788,gpt_5_6_sol_max,25.785146729299484,7
1789,claude_opus_4_8_max,66.55862539414206,1
1789,gpt_5_5_xhigh,56.293477990342026,2
1789,gemini_3_1_pro_high,44.462741583679104,3
1789,claude_fable_5_max,32.95781752467144,4
1789,kimi_k3_max,31.247984927401966,5
1789,gpt_5_6_sol_max,24.870614364644183,6
1789,qwen3_8_max,22.532196638847346,7
1790,gpt_5_5_xhigh,67.67286524788355,1
1790,gpt_5_6_sol_max,56.311191620603005,2
1790,claude_opus_4_8_max,46.51028012089398,3
1790,kimi_k3_max,30.72949532280818,4
1790,gemini_3_1_pro_high,26.43899591576163,5
1790,qwen3_8_max,24.80128008443355,6
1790,claude_fable_5_max,24.150841821479897,7
1791,kimi_k3_max,76.31131130648278,1
1791,qwen3_8_max,55.17938338401744,2
1791,gemini_3_1_pro_high,45.59758916260031,3
1791,claude_fable_5_max,38.52050054839762,4
1791,gpt_5_5_xhigh,36.77065925949626,5
1791,claude_opus_4_8_max,30.904765515700806,6
1791,gpt_5_6_sol_max,29.00335815807646,7
1792,claude_opus_4_8_max,96.17736709729796,1
1792,kimi_k3_max,68.32952110070993,2
1792,qwen3_8_max,54.15420004386301,3
1792,gpt_5_5_xhigh,38.11532269801442,4
1792,claude_fable_5_max,22.238707992176856,5
1792,gemini_3_1_pro_high,17.7462794346666,6
1792,gpt_5_6_sol_max,6.242515536754469,7
1793,kimi_k3_max,84.12538486423317,1
1793,gemini_3_1_pro_high,63.24082213615576,2
1793,gpt_5_5_xhigh,59.540777740285044,3
1793,gpt_5_6_sol_max,31.930065242350633,4
1793,claude_fable_5_max,28.44683384432635,5
1793,qwen3_8_max,25.700059020315535,6
1793,claude_opus_4_8_max,25.32817216359881,7
1794,claude_fable_5_max,57.94965125743037,1
1794,kimi_k3_max,54.61094813051892,2
1794,gemini_3_1_pro_high,52.482467924002165,3
1794,qwen3_8_max,51.884134545217336,4
1794,gpt_5_5_xhigh,51.537921710956205,5
1794,claude_opus_4_8_max,50.24746190163122,6
1794,gpt_5_6_sol_max,45.485323686356686,7
1795,gpt_5_6_sol_max,78.68006441921219,1
1795,kimi_k3_max,47.188950091591295,2
1795,qwen3_8_max,40.740040629459834,3
1795,gpt_5_5_xhigh,38.55399875388681,4
1795,claude_opus_4_8_max,33.822724391594875,5
1795,claude_fable_5_max,25.279242143566847,6
1795,gemini_3_1_pro_high,9.63719702938603,7
1796,qwen3_8_max,64.73836457517172,1
1796,gpt_5_6_sol_max,47.29716732524877,2
1796,kimi_k3_max,47.26817025030799,3
1796,claude_opus_4_8_max,36.16913086072833,4
1796,claude_fable_5_max,32.25612489286724,5
1796,gpt_5_5_xhigh,30.898750843912193,6
1796,gemini_3_1_pro_high,20.941572915237156,7
1797,claude_fable_5_max,59.53803223266672,1
1797,gpt_5_5_xhigh,55.98756165798689,2
1797,kimi_k3_max,54.968010414795266,3
1797,gemini_3_1_pro_high,41.341046684407985,4
1797,qwen3_8_max,39.437063252074445,5
1797,claude_opus_4_8_max,34.052451112631005,6
1797,gpt_5_6_sol_max,26.838167909082678,7
1798,claude_fable_5_max,73.98486451915153,1
1798,claude_opus_4_8_max,65.74488106876932,2
1798,gpt_5_6_sol_max,57.829593430631164,3
1798,kimi_k3_max,54.60167124917526,4
1798,gemini_3_1_pro_high,44.90326261976051,5
1798,qwen3_8_max,33.34705315190025,6
1798,gpt_5_5_xhigh,24.256829646981142,7
1799,claude_opus_4_8_max,84.64194815719489,1
1799,kimi_k3_max,49.40651163771077,2
1799,gpt_5_6_sol_max,45.3096401594307,3
1799,qwen3_8_max,44.34515640584933,4
1799,gpt_5_5_xhigh,30.63320377822028,5
1799,gemini_3_1_pro_high,27.915184543832538,6
1799,claude_fable_5_max,26.14701833902073,7
1800,claude_fable_5_max,63.07674823561939,1
1800,gpt_5_6_sol_max,62.857541824857165,2
1800,gpt_5_5_xhigh,47.5862758378998,3
1800,qwen3_8_max,42.27535355129167,4
1800,claude_opus_4_8_max,33.46639810369906,5
1800,gemini_3_1_pro_high,27.85772254194031,6
1800,kimi_k3_max,25.52864506062874,7
1801,claude_fable_5_max,82.04443361432666,1
1801,gpt_5_6_sol_max,74.75528533281259,2
1801,kimi_k3_max,73.51312050434987,3
1801,gpt_5_5_xhigh,58.647660826674226,4
1801,claude_opus_4_8_max,46.59720938751556,5
1801,gemini_3_1_pro_high,37.97896071536932,6
1801,qwen3_8_max,28.300937996788882,7
1802,qwen3_8_max,69.54571112935713,1
1802,claude_opus_4_8_max,68.08648064457327,2
1802,gemini_3_1_pro_high,50.10724038813319,3
1802,gpt_5_5_xhigh,48.52658284096567,4
1802,claude_fable_5_max,29.6351846302831,5
1802,kimi_k3_max,21.387723336303715,6
1802,gpt_5_6_sol_max,10.87188039965095,7
1803,claude_fable_5_max,68.51463393284416,1
1803,gpt_5_5_xhigh,51.845252423512534,2
1803,gemini_3_1_pro_high,51.795188585789504,3
1803,kimi_k3_max,48.49179348016085,4
1803,gpt_5_6_sol_max,43.86593436275449,5
1803,claude_opus_4_8_max,36.25037911380462,6
1803,qwen3_8_max,15.461684182574807,7
1804,claude_fable_5_max,57.09269871898569,1
1804,gpt_5_5_xhigh,54.012218100253904,2
1804,gpt_5_6_sol_max,52.30180175028322,3
1804,claude_opus_4_8_max,43.78034206550374,4
1804,qwen3_8_max,37.525039823775955,5
1804,kimi_k3_max,32.95757688512855,6
1804,gemini_3_1_pro_high,25.948985379648384,7
1805,kimi_k3_max,79.50605728261311,1
1805,gpt_5_6_sol_max,78.72076536792184,2
1805,claude_opus_4_8_max,58.012073295260244,3
1805,qwen3_8_max,57.57571057221116,4
1805,claude_fable_5_max,48.33051049778976,5
1805,gemini_3_1_pro_high,45.216604651348874,6
1805,gpt_5_5_xhigh,18.27472150289365,7
1806,gemini_3_1_pro_high,81.31519861175738,1
1806,gpt_5_5_xhigh,65.5118938339867,2
1806,kimi_k3_max,58.97093610827532,3
1806,qwen3_8_max,53.18565748754756,4
1806,claude_fable_5_max,46.29750373311428,5
1806,claude_opus_4_8_max,42.01794640441568,6
1806,gpt_5_6_sol_max,15.858955511368006,7
1807,gpt_5_5_xhigh,74.02090547692617,1
1807,gpt_5_6_sol_max,53.73858356321395,2
1807,qwen3_8_max,48.93553513514606,3
1807,gemini_3_1_pro_high,45.23514174953041,4
1807,kimi_k3_max,33.25210023423441,5
1807,claude_fable_5_max,30.525069570723183,6
1807,claude_opus_4_8_max,22.98873556795597,7
1808,gpt_5_5_xhigh,71.36685415691068,1
1808,claude_fable_5_max,68.64203762686348,2
1808,gpt_5_6_sol_max,56.08546762644913,3
1808,qwen3_8_max,55.94179106631013,4
1808,kimi_k3_max,47.92965228918554,5
1808,claude_opus_4_8_max,33.33739191326085,6
1808,gemini_3_1_pro_high,22.80599652670559,7
1809,claude_fable_5_max,93.55317941536582,1
1809,qwen3_8_max,73.90822467983776,2
1809,gpt_5_5_xhigh,67.88014126419948,3
1809,gemini_3_1_pro_high,66.00976925452989,4
1809,gpt_5_6_sol_max,38.03227839514241,5
1809,claude_opus_4_8_max,25.239019485300872,6
1809,kimi_k3_max,18.797479000731148,7
1810,gpt_5_6_sol_max,79.20342122184101,1
1810,claude_fable_5_max,42.66014774277597,2
1810,claude_opus_4_8_max,38.752064892218485,3
1810,gpt_5_5_xhigh,28.684864328849304,4
1810,qwen3_8_max,28.630596790373843,5
1810,gemini_3_1_pro_high,28.28254392246463,6
1810,kimi_k3_max,27.902009546240187,7
1811,gpt_5_5_xhigh,85.82893684004799,1
1811,kimi_k3_max,73.29180406026373,2
1811,claude_fable_5_max,34.785647332341355,3
1811,claude_opus_4_8_max,24.075949475101382,4
1811,gpt_5_6_sol_max,22.42369217546125,5
1811,qwen3_8_max,17.701643915409882,6
1811,gemini_3_1_pro_high,15.452788141590105,7
1812,kimi_k3_max,99.09722570560571,1
1812,claude_opus_4_8_max,57.23073433704715,2
1812,gemini_3_1_pro_high,48.80821822218219,3
1812,gpt_5_6_sol_max,42.339528817347535,4
1812,claude_fable_5_max,33.156456578724416,5
1812,qwen3_8_max,30.225406241815175,6
1812,gpt_5_5_xhigh,23.754799817551323,7
1813,gpt_5_6_sol_max,84.66770787948445,1
1813,kimi_k3_max,63.84154353865878,2
1813,claude_opus_4_8_max,59.161676116274535,3
1813,gpt_5_5_xhigh,46.625333679065236,4
1813,qwen3_8_max,43.34387369055816,5
1813,claude_fable_5_max,40.35654700387771,6
1813,gemini_3_1_pro_high,37.637687370147766,7
1814,claude_fable_5_max,73.21477708915182,1
1814,gpt_5_6_sol_max,60.130628728464245,2
1814,kimi_k3_max,55.226845466216695,3
1814,qwen3_8_max,49.98579537603782,4
1814,claude_opus_4_8_max,47.63842641925159,5
1814,gemini_3_1_pro_high,47.42128874064671,6
1814,gpt_5_5_xhigh,30.30216744113626,7
1815,claude_fable_5_max,95.86861148004488,1
1815,kimi_k3_max,73.35564197272593,2
1815,gemini_3_1_pro_high,64.89982207054497,3
1815,gpt_5_6_sol_max,43.72579277908541,4
1815,qwen3_8_max,42.25943157164371,5
1815,gpt_5_5_xhigh,36.85640505548575,6
1815,claude_opus_4_8_max,36.575394941856736,7
1816,gpt_5_6_sol_max,81.33847309759356,1
1816,claude_fable_5_max,78.04551454560571,2
1816,gpt_5_5_xhigh,43.92051235884735,3
1816,kimi_k3_max,33.234902361163,4
1816,qwen3_8_max,29.37417698543444,5
1816,gemini_3_1_pro_high,21.90643282876065,6
1816,claude_opus_4_8_max,21.751912682363933,7
1817,claude_opus_4_8_max,79.55794594184425,1
1817,qwen3_8_max,65.86790217139827,2
1817,kimi_k3_max,51.12177060823015,3
1817,gemini_3_1_pro_high,46.92997305989569,4
1817,claude_fable_5_max,30.89998106973765,5
1817,gpt_5_5_xhigh,27.568984408999025,6
1817,gpt_5_6_sol_max,24.771935812961107,7
1818,claude_opus_4_8_max,77.41408083597864,1
1818,kimi_k3_max,61.99400713374723,2
1818,gpt_5_5_xhigh,55.859864250145215,3
1818,qwen3_8_max,45.05211901183878,4
1818,gpt_5_6_sol_max,34.612511641100056,5
1818,claude_fable_5_max,31.57224131348434,6
1818,gemini_3_1_pro_high,25.34065615392232,7
1819,kimi_k3_max,88.58982641273563,1
1819,claude_fable_5_max,63.969266041019615,2
1819,qwen3_8_max,57.49538919596877,3
1819,gemini_3_1_pro_high,43.66638368906519,4
1819,gpt_5_5_xhigh,39.17044189270324,5
1819,claude_opus_4_8_max,38.025667760699804,6
1819,gpt_5_6_sol_max,33.19534141335018,7
1820,claude_fable_5_max,81.16219417398156,1
1820,gpt_5_6_sol_max,68.6077520654622,2
1820,gemini_3_1_pro_high,63.29172497570872,3
1820,qwen3_8_max,61.4129219576882,4
1820,kimi_k3_max,39.884359470816634,5
1820,gpt_5_5_xhigh,23.201474946604975,6
1820,claude_opus_4_8_max,17.348443569715513,7
1821,claude_fable_5_max,74.49486579381903,1
1821,gpt_5_5_xhigh,52.370529456065114,2
1821,kimi_k3_max,43.9586123368043,3
1821,claude_opus_4_8_max,42.665638077399,4
1821,qwen3_8_max,39.060039043459994,5
1821,gpt_5_6_sol_max,39.00594383033536,6
1821,gemini_3_1_pro_high,38.62502916717103,7
1822,gpt_5_6_sol_max,86.70049725009207,1
1822,claude_fable_5_max,62.84073557593006,2
1822,claude_opus_4_8_max,61.65017165434058,3
1822,qwen3_8_max,59.01604317703585,4
1822,gpt_5_5_xhigh,46.431271179162614,5
1822,kimi_k3_max,37.692055886767875,6
1822,gemini_3_1_pro_high,34.27849112736903,7
1823,claude_fable_5_max,74.26078354724397,1
1823,kimi_k3_max,60.93514087916006,2
1823,gpt_5_6_sol_max,56.97534652601706,3
1823,claude_opus_4_8_max,50.473274373784044,4
1823,qwen3_8_max,36.02848553617985,5
1823,gemini_3_1_pro_high,34.07093078839964,6
1823,gpt_5_5_xhigh,20.19544786519432,7
1824,kimi_k3_max,81.04252089396472,1
1824,claude_fable_5_max,71.38586343587015,2
1824,qwen3_8_max,55.85392172070006,3
1824,gpt_5_6_sol_max,54.26774211475811,4
1824,claude_opus_4_8_max,46.214239633963864,5
1824,gemini_3_1_pro_high,43.57437974468903,6
1824,gpt_5_5_xhigh,34.118206640972325,7
1825,kimi_k3_max,78.49903493329941,1
1825,gpt_5_6_sol_max,71.99214027994509,2
1825,gemini_3_1_pro_high,39.532884851402684,3
1825,qwen3_8_max,33.6499265873344,4
1825,claude_opus_4_8_max,27.702777323823483,5
1825,claude_fable_5_max,19.9225991714944,6
1825,gpt_5_5_xhigh,12.13088428199036,7
1826,claude_fable_5_max,79.82073335276883,1
1826,gpt_5_6_sol_max,75.81547584349565,2
1826,gemini_3_1_pro_high,59.199201926781114,3
1826,gpt_5_5_xhigh,50.03344356340159,4
1826,kimi_k3_max,44.08312565273625,5
1826,qwen3_8_max,41.59129294076312,6
1826,claude_opus_4_8_max,41.085551807717906,7
1827,claude_fable_5_max,66.63605268560866,1
1827,kimi_k3_max,59.815799849902845,2
1827,gpt_5_6_sol_max,53.58708660212494,3
1827,qwen3_8_max,39.7563871014175,4
1827,gpt_5_5_xhigh,39.12605380588581,5
1827,claude_opus_4_8_max,37.292135676090254,6
1827,gemini_3_1_pro_high,28.22403410670306,7
1828,claude_fable_5_max,79.83748993258638,1
1828,kimi_k3_max,64.04245157950513,2
1828,gemini_3_1_pro_high,52.14190747131628,3
1828,qwen3_8_max,32.796936041621194,4
1828,claude_opus_4_8_max,25.90463811097888,5
1828,gpt_5_5_xhigh,23.964542160594917,6
1828,gpt_5_6_sol_max,15.236977206299274,7
1829,gpt_5_6_sol_max,70.1419562256666,1
1829,claude_opus_4_8_max,67.06370510442952,2
1829,claude_fable_5_max,58.12300495693187,3
1829,gemini_3_1_pro_high,40.22723614573203,4
1829,qwen3_8_max,25.85928411483892,5
1829,gpt_5_5_xhigh,24.37178113909282,6
1829,kimi_k3_max,21.64048762300537,7
1830,claude_fable_5_max,96.93585887788532,1
1830,gpt_5_6_sol_max,42.15110301329942,2
1830,gpt_5_5_xhigh,38.19605764444361,3
1830,kimi_k3_max,32.39418987652217,4
1830,claude_opus_4_8_max,29.509044617681603,5
1830,qwen3_8_max,17.703899253718518,6
1830,gemini_3_1_pro_high,13.741509178217758,7
1831,claude_fable_5_max,74.61624736725238,1
1831,gemini_3_1_pro_high,53.94047565641525,2
1831,qwen3_8_max,42.70556206073907,3
1831,gpt_5_5_xhigh,36.288873885639845,4
1831,gpt_5_6_sol_max,28.044194514094062,5
1831,claude_opus_4_8_max,26.80033561169804,6
1831,kimi_k3_max,25.612169778464708,7
1832,claude_fable_5_max,76.41180026526025,1
1832,gemini_3_1_pro_high,63.91089784999632,2
1832,kimi_k3_max,44.416157767510065,3
1832,gpt_5_5_xhigh,36.54847219383978,4
1832,qwen3_8_max,35.23175203215524,5
1832,gpt_5_6_sol_max,28.129453767994292,6
1832,claude_opus_4_8_max,22.335626438094657,7
1833,claude_opus_4_8_max,69.03762548834986,1
1833,gpt_5_5_xhigh,68.67860599434934,2
1833,claude_fable_5_max,66.36427992809804,3
1833,gemini_3_1_pro_high,51.844928743155435,4
1833,qwen3_8_max,41.26805624884697,5
1833,gpt_5_6_sol_max,40.159562752484405,6
1833,kimi_k3_max,38.5890202474382,7
1834,claude_fable_5_max,86.78837429452136,1
1834,gpt_5_5_xhigh,68.15805488340649,2
1834,gpt_5_6_sol_max,64.57335289940491,3
1834,gemini_3_1_pro_high,50.209986159465345,4
1834,qwen3_8_max,44.57071661567157,5
1834,claude_opus_4_8_max,27.834916976688707,6
1834,kimi_k3_max,22.598149186919915,7
1835,qwen3_8_max,61.434361513589394,1
1835,gpt_5_6_sol_max,60.710503779752386,2
1835,kimi_k3_max,53.93980040195986,3
1835,claude_opus_4_8_max,48.40384716181847,4
1835,gpt_5_5_xhigh,43.7611171636684,5
1835,gemini_3_1_pro_high,36.6930268051469,6
1835,claude_fable_5_max,35.3262733355407,7
1836,claude_opus_4_8_max,70.12969969331212,1
1836,qwen3_8_max,69.3325820867984,2
1836,gemini_3_1_pro_high,65.31327078428957,3
1836,gpt_5_6_sol_max,50.27111553379695,4
1836,claude_fable_5_max,49.981991623164745,5
1836,gpt_5_5_xhigh,49.56549503031093,6
1836,kimi_k3_max,15.207749421221592,7
1837,claude_fable_5_max,77.42800992054364,1
1837,claude_opus_4_8_max,47.98956304794233,2
1837,gpt_5_6_sol_max,44.253893480520404,3
1837,gpt_5_5_xhigh,34.80812796966574,4
1837,gemini_3_1_pro_high,34.29686859523322,5
1837,qwen3_8_max,33.20698392171069,6
1837,kimi_k3_max,25.516629690912808,7
1838,gpt_5_6_sol_max,87.68176157205052,1
1838,claude_opus_4_8_max,54.6780195655773,2
1838,gpt_5_5_xhigh,49.71507255151112,3
1838,qwen3_8_max,44.33733112023815,4
1838,kimi_k3_max,40.20151644821186,5
1838,gemini_3_1_pro_high,31.846398435089625,6
1838,claude_fable_5_max,5.128190508970631,7
1839,qwen3_8_max,75.8761098386502,1
1839,kimi_k3_max,74.3776168283114,2
1839,gpt_5_6_sol_max,43.476154456159186,3
1839,claude_opus_4_8_max,35.040796087087024,4
1839,gpt_5_5_xhigh,33.783862910062965,5
1839,claude_fable_5_max,32.94979003679927,6
1839,gemini_3_1_pro_high,15.09367235559886,7
1840,gpt_5_5_xhigh,91.92553968511231,1
1840,kimi_k3_max,76.37661092011727,2
1840,qwen3_8_max,66.27525573686873,3
1840,claude_opus_4_8_max,64.75091971051515,4
1840,gemini_3_1_pro_high,56.50155412396019,5
1840,claude_fable_5_max,35.43094070713236,6
1840,gpt_5_6_sol_max,27.515893392802656,7
1841,claude_fable_5_max,77.09779252654315,1
1841,gpt_5_6_sol_max,65.7714339227354,2
1841,qwen3_8_max,63.000015676911545,3
1841,gemini_3_1_pro_high,62.828776537427515,4
1841,kimi_k3_max,56.99925434842552,5
1841,gpt_5_5_xhigh,49.580178673492526,6
1841,claude_opus_4_8_max,40.36542856959517,7
1842,claude_fable_5_max,88.06277355147539,1
1842,gpt_5_5_xhigh,48.509629183750704,2
1842,qwen3_8_max,41.240798343052276,3
1842,gpt_5_6_sol_max,38.46366663601965,4
1842,kimi_k3_max,32.46328669278033,5
1842,gemini_3_1_pro_high,22.59864160383284,6
1842,claude_opus_4_8_max,19.2990019374586,7
1843,claude_fable_5_max,59.327835749400435,1
1843,gpt_5_6_sol_max,53.602785639029406,2
1843,kimi_k3_max,49.42463496413008,3
1843,gpt_5_5_xhigh,46.76886177909655,4
1843,qwen3_8_max,43.72750441885365,5
1843,gemini_3_1_pro_high,39.47089452539671,6
1843,claude_opus_4_8_max,31.457634309612907,7
1844,claude_opus_4_8_max,82.04375173219807,1
1844,qwen3_8_max,41.7477442067793,2
1844,gpt_5_5_xhigh,38.241135688407645,3
1844,gpt_5_6_sol_max,37.9576975595322,4
1844,gemini_3_1_pro_high,26.430800391383343,5
1844,kimi_k3_max,15.642563347700959,6
1844,claude_fable_5_max,13.353066586093023,7
1845,gpt_5_5_xhigh,64.34654715583626,1
1845,gemini_3_1_pro_high,42.95797530336749,2
1845,gpt_5_6_sol_max,42.37175008451129,3
1845,claude_fable_5_max,41.222383574130475,4
1845,qwen3_8_max,37.73712178519491,5
1845,claude_opus_4_8_max,30.89669073608664,6
1845,kimi_k3_max,25.000819954984667,7
1846,claude_fable_5_max,71.98786128710877,1
1846,gemini_3_1_pro_high,71.27926384484684,2
1846,claude_opus_4_8_max,68.8435721410592,3
1846,qwen3_8_max,54.484663488640486,4
1846,gpt_5_5_xhigh,37.900808906809246,5
1846,kimi_k3_max,25.10829466976506,6
1846,gpt_5_6_sol_max,10.275127086848796,7
1847,claude_fable_5_max,64.10045855995082,1
1847,gpt_5_6_sol_max,48.81501861751733,2
1847,gemini_3_1_pro_high,48.71428397376238,3
1847,claude_opus_4_8_max,47.523938084913425,4
1847,qwen3_8_max,42.96274066260079,5
1847,gpt_5_5_xhigh,35.82476018017239,6
1847,kimi_k3_max,9.136774422039686,7
1848,gpt_5_6_sol_max,92.16615310526514,1
1848,gemini_3_1_pro_high,60.14414430476829,2
1848,claude_fable_5_max,59.42710029418028,3
1848,kimi_k3_max,50.103096974859994,4
1848,gpt_5_5_xhigh,42.96413856195036,5
1848,claude_opus_4_8_max,27.0261762871051,6
1848,qwen3_8_max,26.34895268442706,7
1849,kimi_k3_max,60.99078858560182,1
1849,claude_fable_5_max,57.601318165147845,2
1849,gpt_5_6_sol_max,49.52500452433462,3
1849,gpt_5_5_xhigh,46.18227587652788,4
1849,qwen3_8_max,46.02204843929542,5
1849,claude_opus_4_8_max,27.78981873098473,6
1849,gemini_3_1_pro_high,25.56198116774651,7
1850,gpt_5_6_sol_max,65.30191548650218,1
1850,gemini_3_1_pro_high,62.78143281839226,2
1850,claude_opus_4_8_max,45.21657085338441,3
1850,qwen3_8_max,37.11504529152198,4
1850,gpt_5_5_xhigh,23.693716535372396,5
1850,kimi_k3_max,20.41589477165053,6
1850,claude_fable_5_max,11.748664012357974,7
1851,gpt_5_5_xhigh,65.98378061062985,1
1851,gpt_5_6_sol_max,61.11620017513168,2
1851,gemini_3_1_pro_high,41.29569164752829,3
1851,kimi_k3_max,36.53628097757512,4
1851,claude_opus_4_8_max,26.1661464502914,5
1851,claude_fable_5_max,17.853896932687626,6
1851,qwen3_8_max,9.34237448782011,7
1852,qwen3_8_max,75.51601469715081,1
1852,claude_opus_4_8_max,71.02722888943714,2
1852,kimi_k3_max,51.38108741672859,3
1852,gpt_5_6_sol_max,49.013340610577984,4
1852,gemini_3_1_pro_high,44.70263789811864,5
1852,claude_fable_5_max,44.241944277492465,6
1852,gpt_5_5_xhigh,43.71476630956589,7
1853,gpt_5_6_sol_max,85.00221593576543,1
1853,kimi_k3_max,66.04191192881268,2
1853,qwen3_8_max,62.96253689318854,3
1853,gemini_3_1_pro_high,42.197727485441206,4
1853,claude_opus_4_8_max,30.103565316655263,5
1853,gpt_5_5_xhigh,20.697138249709273,6
1853,claude_fable_5_max,16.077521005793265,7
1854,kimi_k3_max,86.53166720794565,1
1854,claude_fable_5_max,72.76706990194704,2
1854,claude_opus_4_8_max,56.67500335664141,3
1854,gpt_5_6_sol_max,53.17894469577478,4
1854,qwen3_8_max,35.56233033765599,5
1854,gpt_5_5_xhigh,25.441979336754006,6
1854,gemini_3_1_pro_high,19.457813287785232,7
1855,gpt_5_5_xhigh,67.49672148371663,1
1855,gemini_3_1_pro_high,56.805190093357155,2
1855,claude_opus_4_8_max,48.133407411068,3
1855,kimi_k3_max,34.93543823547143,4
1855,qwen3_8_max,32.958151774014006,5
1855,gpt_5_6_sol_max,32.47680162788341,6
1855,claude_fable_5_max,19.72207947116777,7
1856,gpt_5_5_xhigh,84.12347032478357,1
1856,qwen3_8_max,78.78414809958602,2
1856,kimi_k3_max,56.00147698880777,3
1856,claude_fable_5_max,39.53470532927672,4
1856,gpt_5_6_sol_max,37.31132233171254,5
1856,claude_opus_4_8_max,22.155406690002675,6
1856,gemini_3_1_pro_high,20.05608802837966,7
1857,gpt_5_6_sol_max,73.88556370401434,1
1857,gemini_3_1_pro_high,61.57280247752913,2
1857,claude_opus_4_8_max,57.85766724700267,3
1857,claude_fable_5_max,55.380545427529356,4
1857,qwen3_8_max,48.35030020859443,5
1857,kimi_k3_max,48.27657395709711,6
1857,gpt_5_5_xhigh,35.58576985483684,7
1858,claude_fable_5_max,77.19806386887305,1
1858,kimi_k3_max,70.74479387515906,2
1858,gpt_5_5_xhigh,67.37335362404437,3
1858,gpt_5_6_sol_max,50.906457026172646,4
1858,gemini_3_1_pro_high,50.18510650911389,5
1858,claude_opus_4_8_max,40.27752203205893,6
1858,qwen3_8_max,23.45007478908219,7
1859,claude_opus_4_8_max,57.5202786176329,1
1859,gpt_5_5_xhigh,55.237636774900096,2
1859,gemini_3_1_pro_high,53.952213056644794,3
1859,kimi_k3_max,49.477656993505434,4
1859,claude_fable_5_max,40.44924674101249,5
1859,qwen3_8_max,31.1887762356381,6
1859,gpt_5_6_sol_max,14.508686727023164,7
1860,claude_fable_5_max,71.91474858806305,1
1860,qwen3_8_max,71.05092884477283,2
1860,gemini_3_1_pro_high,61.554796807524916,3
1860,gpt_5_5_xhigh,57.302296446056914,4
1860,gpt_5_6_sol_max,31.713334526841876,5
1860,claude_opus_4_8_max,26.943662695264205,6
1860,kimi_k3_max,8.579264248419468,7
1861,gpt_5_5_xhigh,68.42300249060557,1
1861,gemini_3_1_pro_high,60.809479446192974,2
1861,gpt_5_6_sol_max,46.516041676489664,3
1861,kimi_k3_max,46.31913926754237,4
1861,qwen3_8_max,45.40145466343948,5
1861,claude_opus_4_8_max,38.93890291665401,6
1861,claude_fable_5_max,36.07915502077074,7
1862,gpt_5_6_sol_max,63.02915335626157,1
1862,kimi_k3_max,55.15948573338726,2
1862,gpt_5_5_xhigh,52.614313110740234,3
1862,qwen3_8_max,50.97808447649898,4
1862,gemini_3_1_pro_high,50.9771373392065,5
1862,claude_fable_5_max,47.673832098304615,6
1862,claude_opus_4_8_max,41.092858603644565,7
1863,qwen3_8_max,68.35339478941279,1
1863,gpt_5_5_xhigh,65.12790581322949,2
1863,gpt_5_6_sol_max,64.03514981533826,3
1863,claude_fable_5_max,57.388184232013884,4
1863,claude_opus_4_8_max,24.428987961149723,5
1863,gemini_3_1_pro_high,16.787214992021113,6
1863,kimi_k3_max,15.114323967309609,7
1864,claude_opus_4_8_max,78.87908338505724,1
1864,kimi_k3_max,60.83298106586573,2
1864,qwen3_8_max,45.687320656024,3
1864,gpt_5_6_sol_max,38.66731606031311,4
1864,gpt_5_5_xhigh,33.63592686171839,5
1864,gemini_3_1_pro_high,31.90193388955428,6
1864,claude_fable_5_max,27.687118287461878,7
1865,kimi_k3_max,87.72376182217721,1
1865,claude_opus_4_8_max,65.04586314365719,2
1865,gpt_5_5_xhigh,41.641412607203335,3
1865,qwen3_8_max,35.08332072959359,4
1865,gemini_3_1_pro_high,34.183164036068156,5
1865,gpt_5_6_sol_max,34.07732394456956,6
1865,claude_fable_5_max,8.992208490286885,7
1866,gpt_5_6_sol_max,68.05959365657176,1
1866,claude_opus_4_8_max,63.67167605192574,2
1866,claude_fable_5_max,56.27597177136906,3
1866,gpt_5_5_xhigh,55.83218441791113,4
1866,gemini_3_1_pro_high,43.96677197818914,5
1866,qwen3_8_max,40.47719132010475,6
1866,kimi_k3_max,24.910632277128908,7
1867,claude_opus_4_8_max,66.19972354764873,1
1867,qwen3_8_max,55.60889442502201,2
1867,claude_fable_5_max,52.46804871234467,3
1867,gpt_5_6_sol_max,45.33918317981168,4
1867,kimi_k3_max,44.94500070548389,5
1867,gpt_5_5_xhigh,42.30405622977713,6
1867,gemini_3_1_pro_high,39.16729023075004,7
1868,claude_fable_5_max,78.01179475199602,1
1868,gpt_5_6_sol_max,77.90961636985523,2
1868,qwen3_8_max,60.28398545715644,3
1868,kimi_k3_max,57.35794707749576,4
1868,gemini_3_1_pro_high,39.7900554450477,5
1868,gpt_5_5_xhigh,28.512777437912895,6
1868,claude_opus_4_8_max,21.708150557708375,7
1869,claude_fable_5_max,82.9556531650481,1
1869,gpt_5_5_xhigh,57.83955127822489,2
1869,qwen3_8_max,39.85977295608986,3
1869,claude_opus_4_8_max,34.841388338985396,4
1869,gemini_3_1_pro_high,24.345832802566367,5
1869,gpt_5_6_sol_max,22.394462784485754,6
1869,kimi_k3_max,14.53900563803029,7
1870,gpt_5_6_sol_max,69.33969377765906,1
1870,claude_fable_5_max,63.46959339887177,2
1870,gemini_3_1_pro_high,60.90694449926099,3
1870,qwen3_8_max,56.76641711253497,4
1870,kimi_k3_max,54.02341806581306,5
1870,claude_opus_4_8_max,48.50236850975337,6
1870,gpt_5_5_xhigh,25.87011228612222,7
1871,claude_opus_4_8_max,67.6903484851077,1
1871,gemini_3_1_pro_high,51.51144493410213,2
1871,claude_fable_5_max,47.288948938243514,3
1871,kimi_k3_max,44.8685568225749,4
1871,gpt_5_6_sol_max,44.74821870939706,5
1871,gpt_5_5_xhigh,41.190427108604794,6
1871,qwen3_8_max,11.364534722083064,7
1872,kimi_k3_max,69.98824073106701,1
1872,claude_fable_5_max,63.50751980953575,2
1872,qwen3_8_max,48.56130839973699,3
1872,gpt_5_6_sol_max,45.568801610054415,4
1872,gpt_5_5_xhigh,39.9062005505113,5
1872,claude_opus_4_8_max,32.92715166519602,6
1872,gemini_3_1_pro_high,20.805328555027508,7
1873,gpt_5_6_sol_max,80.49417380090918,1
1873,qwen3_8_max,72.38538053023797,2
1873,claude_opus_4_8_max,69.75915178894479,3
1873,gpt_5_5_xhigh,43.20102871291156,4
1873,claude_fable_5_max,40.847832385228195,5
1873,gemini_3_1_pro_high,38.346700402983174,6
1873,kimi_k3_max,33.85506151283477,7
1874,gpt_5_6_sol_max,87.22063092300007,1
1874,gemini_3_1_pro_high,85.01901375318562,2
1874,kimi_k3_max,77.82453408308851,3
1874,qwen3_8_max,63.31800285839256,4
1874,claude_fable_5_max,41.08316841236157,5
1874,gpt_5_5_xhigh,39.17588544109476,6
1874,claude_opus_4_8_max,36.25224409521258,7
1875,claude_opus_4_8_max,83.87093217054851,1
1875,gpt_5_5_xhigh,66.75010965159954,2
1875,qwen3_8_max,61.42713373116769,3
1875,kimi_k3_max,46.442415734332556,4
1875,claude_fable_5_max,46.28364997562013,5
1875,gemini_3_1_pro_high,45.66937354524223,6
1875,gpt_5_6_sol_max,38.673685818611496,7
1876,claude_fable_5_max,74.69517624887699,1
1876,qwen3_8_max,52.737756805324395,2
1876,gemini_3_1_pro_high,51.306108917095436,3
1876,claude_opus_4_8_max,50.20185648196045,4
1876,gpt_5_5_xhigh,49.16075204480103,5
1876,kimi_k3_max,36.37554407271533,6
1876,gpt_5_6_sol_max,26.2146597382158,7
1877,gpt_5_5_xhigh,75.46133072573316,1
1877,claude_opus_4_8_max,42.01038424709151,2
1877,gemini_3_1_pro_high,41.494865204101,3
1877,gpt_5_6_sol_max,30.77327320436666,4
1877,claude_fable_5_max,28.70542263279414,5
1877,qwen3_8_max,27.580226384966572,6
1877,kimi_k3_max,22.82941986436824,7
1878,kimi_k3_max,83.99780428630916,1
1878,gpt_5_6_sol_max,42.523735744063885,2
1878,claude_opus_4_8_max,35.764898929643415,3
1878,claude_fable_5_max,31.751573711207808,4
1878,gemini_3_1_pro_high,29.635564204484425,5
1878,qwen3_8_max,22.034682666356034,6
1878,gpt_5_5_xhigh,17.949386386492826,7
1879,gpt_5_5_xhigh,94.85342366919933,1
1879,claude_opus_4_8_max,45.68122348788425,2
1879,qwen3_8_max,38.61312611200944,3
1879,kimi_k3_max,28.954302703716255,4
1879,gpt_5_6_sol_max,16.548632562365267,5
1879,gemini_3_1_pro_high,11.447759033588213,6
1879,claude_fable_5_max,6.219022053747685,7
1880,claude_fable_5_max,81.97985938015117,1
1880,gpt_5_6_sol_max,78.17937046951212,2
1880,kimi_k3_max,73.69219026720089,3
1880,claude_opus_4_8_max,57.41358643035133,4
1880,qwen3_8_max,55.57410869653596,5
1880,gemini_3_1_pro_high,53.8489622254177,6
1880,gpt_5_5_xhigh,42.15521057007363,7
1881,gemini_3_1_pro_high,72.7638470385082,1
1881,claude_fable_5_max,72.50316076904672,2
1881,gpt_5_6_sol_max,58.17321596866,3
1881,qwen3_8_max,57.11562091670895,4
1881,kimi_k3_max,44.35158540794841,5
1881,gpt_5_5_xhigh,42.74363763846822,6
1881,claude_opus_4_8_max,15.648956527005273,7
1882,gpt_5_6_sol_max,77.85607998496889,1
1882,claude_fable_5_max,69.85625170249375,2
1882,gpt_5_5_xhigh,63.612724001553595,3
1882,kimi_k3_max,47.76546047984288,4
1882,gemini_3_1_pro_high,41.93090806322086,5
1882,qwen3_8_max,28.64474044065854,6
1882,claude_opus_4_8_max,24.85278382700941,7
1883,gpt_5_6_sol_max,66.82571898644707,1
1883,claude_opus_4_8_max,37.14846975384855,2
1883,kimi_k3_max,36.67373238605447,3
1883,gpt_5_5_xhigh,35.619091487072836,4
1883,qwen3_8_max,22.64159564905805,5
1883,claude_fable_5_max,12.441473770725523,6
1883,gemini_3_1_pro_high,11.781645412884648,7
1884,qwen3_8_max,69.84163590303964,1
1884,gpt_5_5_xhigh,52.42624263585611,2
1884,claude_opus_4_8_max,50.983652925592935,3
1884,claude_fable_5_max,44.40249368492469,4
1884,kimi_k3_max,40.02559634147471,5
1884,gemini_3_1_pro_high,37.27683682936512,6
1884,gpt_5_6_sol_max,36.41382853853726,7
1885,kimi_k3_max,65.39888281170428,1
1885,gpt_5_6_sol_max,65.39036498172432,2
1885,claude_fable_5_max,54.99872923249444,3
1885,claude_opus_4_8_max,44.013466692686045,4
1885,qwen3_8_max,36.049981023616034,5
1885,gpt_5_5_xhigh,23.877928940213287,6
1885,gemini_3_1_pro_high,13.971972642436752,7
1886,claude_fable_5_max,56.70481042072901,1
1886,qwen3_8_max,55.76635860485432,2
1886,gpt_5_5_xhigh,49.457615157678134,3
1886,gemini_3_1_pro_high,41.06193304887462,4
1886,gpt_5_6_sol_max,37.656079434771975,5
1886,claude_opus_4_8_max,23.573252181377335,6
1886,kimi_k3_max,22.566894110708645,7
1887,qwen3_8_max,70.6020756549188,1
1887,claude_fable_5_max,67.97385697321813,2
1887,gemini_3_1_pro_high,63.33638261190066,3
1887,kimi_k3_max,56.80803773359828,4
1887,gpt_5_5_xhigh,50.79213297941934,5
1887,gpt_5_6_sol_max,30.83498435520148,6
1887,claude_opus_4_8_max,21.345402513178026,7
1888,claude_opus_4_8_max,45.43165340030869,1
1888,kimi_k3_max,43.68894265944765,2
1888,claude_fable_5_max,37.171293086439846,3
1888,qwen3_8_max,28.710461801304856,4
1888,gpt_5_5_xhigh,28.208409674004056,5
1888,gpt_5_6_sol_max,20.765265944967393,6
1888,gemini_3_1_pro_high,20.432872664189674,7
1889,claude_opus_4_8_max,77.16127965365862,1
1889,gemini_3_1_pro_high,75.78020292763719,2
1889,claude_fable_5_max,70.88486699223591,3
1889,kimi_k3_max,69.03480117117519,4
1889,gpt_5_5_xhigh,52.15376155521227,5
1889,qwen3_8_max,32.00009160326672,6
1889,gpt_5_6_sol_max,12.93349657966292,7
1890,gpt_5_6_sol_max,69.21042485096852,1
1890,claude_fable_5_max,55.872185331550625,2
1890,gpt_5_5_xhigh,54.78544880405066,3
1890,qwen3_8_max,49.418727742135594,4
1890,claude_opus_4_8_max,31.13072799890194,5
1890,gemini_3_1_pro_high,28.508622803467375,6
1890,kimi_k3_max,9.21479118295003,7
1891,gpt_5_6_sol_max,81.66029146058816,1
1891,claude_fable_5_max,72.91316133731502,2
1891,gpt_5_5_xhigh,71.0026956304585,3
1891,qwen3_8_max,70.0547957596749,4
1891,gemini_3_1_pro_high,63.94316882269402,5
1891,kimi_k3_max,53.70368691271788,6
1891,claude_opus_4_8_max,34.6580349372985,7
1892,gpt_5_6_sol_max,80.52594788567897,1
1892,kimi_k3_max,62.25057774939642,2
1892,claude_opus_4_8_max,58.515013662505666,3
1892,gemini_3_1_pro_high,54.968141384627074,4
1892,claude_fable_5_max,48.53224037771784,5
1892,qwen3_8_max,35.40833093410046,6
1892,gpt_5_5_xhigh,30.35359259244321,7
1893,kimi_k3_max,90.80994249430667,1
1893,gpt_5_5_xhigh,77.54684361081164,2
1893,claude_opus_4_8_max,76.3384792952396,3
1893,gpt_5_6_sol_max,38.657140583128026,4
1893,qwen3_8_max,27.272452162412932,5
1893,claude_fable_5_max,25.77686731909322,6
1893,gemini_3_1_pro_high,15.081173412433133,7
1894,kimi_k3_max,71.17874061422953,1
1894,gpt_5_5_xhigh,60.68294796782969,2
1894,claude_fable_5_max,59.46251253610173,3
1894,gemini_3_1_pro_high,43.76077003758462,4
1894,qwen3_8_max,30.56590619229845,5
1894,gpt_5_6_sol_max,27.899942224963254,6
1894,claude_opus_4_8_max,20.97748851174146,7
1895,kimi_k3_max,85.64232516962346,1
1895,gpt_5_5_xhigh,69.28060964049524,2
1895,claude_fable_5_max,57.58524894385165,3
1895,gpt_5_6_sol_max,50.896399768460704,4
1895,gemini_3_1_pro_high,41.73285397617921,5
1895,claude_opus_4_8_max,25.774718972981695,6
1895,qwen3_8_max,16.779902239060466,7
1896,kimi_k3_max,69.6918250868033,1
1896,qwen3_8_max,58.01045231724467,2
1896,claude_opus_4_8_max,55.587241109363944,3
1896,gemini_3_1_pro_high,54.89245158300791,4
1896,gpt_5_5_xhigh,47.722332991106875,5
1896,claude_fable_5_max,39.72656837983406,6
1896,gpt_5_6_sol_max,34.53104711118492,7
1897,claude_opus_4_8_max,75.2633968039851,1
1897,gpt_5_6_sol_max,66.26907375697964,2
1897,qwen3_8_max,47.68802549520316,3
1897,kimi_k3_max,47.17207388974326,4
1897,claude_fable_5_max,42.531333669918496,5
1897,gpt_5_5_xhigh,36.94217209050628,6
1897,gemini_3_1_pro_high,28.458365378146638,7
1898,gpt_5_5_xhigh,55.02832140083649,1
1898,gpt_5_6_sol_max,42.09732327428324,2
1898,kimi_k3_max,38.597792041940075,3
1898,claude_fable_5_max,36.19638666036586,4
1898,gemini_3_1_pro_high,30.60895980611342,5
1898,claude_opus_4_8_max,29.87754560315102,6
1898,qwen3_8_max,27.2418075336655,7
1899,kimi_k3_max,82.0042220961968,1
1899,gpt_5_6_sol_max,75.13823609435106,2
1899,gpt_5_5_xhigh,64.13832372563188,3
1899,gemini_3_1_pro_high,46.842661533153816,4
1899,claude_fable_5_max,30.58975903986575,5
1899,claude_opus_4_8_max,21.450617877385262,6
1899,qwen3_8_max,11.86442641285902,7
1900,gpt_5_6_sol_max,71.04969065143199,1
1900,gpt_5_5_xhigh,52.4941735867035,2
1900,claude_fable_5_max,48.75144636935357,3
1900,qwen3_8_max,47.578885953583175,4
1900,gemini_3_1_pro_high,47.46516574106614,5
1900,claude_opus_4_8_max,35.61346091601852,6
1900,kimi_k3_max,23.972239920329393,7
1901,gpt_5_5_xhigh,75.835007020327,1
1901,claude_fable_5_max,66.52760912551719,2
1901,kimi_k3_max,44.52892911216463,3
1901,gemini_3_1_pro_high,40.5556580780477,4
1901,gpt_5_6_sol_max,39.928611883112865,5
1901,qwen3_8_max,34.77768258926908,6
1901,claude_opus_4_8_max,28.247307191769263,7
1902,claude_opus_4_8_max,78.15417865172967,1
1902,kimi_k3_max,59.68078366401856,2
1902,claude_fable_5_max,50.829186463334764,3
1902,gemini_3_1_pro_high,47.07868522672274,4
1902,qwen3_8_max,43.44480823455934,5
1902,gpt_5_6_sol_max,40.038404296372626,6
1902,gpt_5_5_xhigh,32.90446728471445,7
1903,gpt_5_6_sol_max,65.3920446269587,1
1903,claude_fable_5_max,62.048947500927184,2
1903,qwen3_8_max,61.230890941975765,3
1903,gemini_3_1_pro_high,42.64771266351757,4
1903,gpt_5_5_xhigh,27.371775948860282,5
1903,claude_opus_4_8_max,23.72656088995192,6
1903,kimi_k3_max,22.312270890798594,7
1904,gpt_5_6_sol_max,73.48070363652441,1
1904,qwen3_8_max,61.9372428252596,2
1904,claude_fable_5_max,61.8296528906676,3
1904,gemini_3_1_pro_high,51.982184445961025,4
1904,claude_opus_4_8_max,48.157481373472706,5
1904,gpt_5_5_xhigh,35.209393551668086,6
1904,kimi_k3_max,24.296351733890347,7
1905,gpt_5_6_sol_max,82.21152617132424,1
1905,qwen3_8_max,59.269572957985446,2
1905,gemini_3_1_pro_high,51.033020120053706,3
1905,gpt_5_5_xhigh,35.639145146317276,4
1905,claude_fable_5_max,34.455288341282404,5
1905,claude_opus_4_8_max,34.35761501986523,6
1905,kimi_k3_max,12.870728985967242,7
1906,claude_opus_4_8_max,73.4666348247155,1
1906,qwen3_8_max,64.8486564259936,2
1906,gpt_5_6_sol_max,58.21543297070167,3
1906,kimi_k3_max,45.24676320737734,4
1906,gemini_3_1_pro_high,42.535561194500644,5
1906,claude_fable_5_max,37.37313991025431,6
1906,gpt_5_5_xhigh,35.46824965327528,7
1907,gemini_3_1_pro_high,87.02124230562929,1
1907,kimi_k3_max,78.7445559288751,2
1907,qwen3_8_max,71.62527248634262,3
1907,claude_fable_5_max,58.18830260331376,4
1907,gpt_5_5_xhigh,42.529353195655496,5
1907,gpt_5_6_sol_max,33.95787112233856,6
1907,claude_opus_4_8_max,26.368942445193436,7
1908,claude_fable_5_max,84.76593619964989,1
1908,qwen3_8_max,47.53885661897964,2
1908,gemini_3_1_pro_high,46.57936034397868,3
1908,gpt_5_6_sol_max,38.71738728725618,4
1908,gpt_5_5_xhigh,31.450778174115676,5
1908,kimi_k3_max,28.53968773556629,6
1908,claude_opus_4_8_max,21.902814811961896,7
1909,gpt_5_6_sol_max,89.59048917850791,1
1909,kimi_k3_max,81.11728804273736,2
1909,qwen3_8_max,54.663620706271736,3
1909,claude_opus_4_8_max,39.09783123852234,4
1909,claude_fable_5_max,20.005693757071832,5
1909,gpt_5_5_xhigh,19.96611488983939,6
1909,gemini_3_1_pro_high,10.648506564379828,7
1910,claude_fable_5_max,87.02692513461184,1
1910,gpt_5_5_xhigh,57.91318934433977,2
1910,gpt_5_6_sol_max,49.878999690075005,3
1910,gemini_3_1_pro_high,35.103882048454494,4
1910,qwen3_8_max,33.856675632466796,5
1910,claude_opus_4_8_max,21.24831048470168,6
1910,kimi_k3_max,19.88117564127068,7
1911,kimi_k3_max,77.25470180317058,1
1911,claude_fable_5_max,63.34779301069898,2
1911,gpt_5_5_xhigh,55.180858680242565,3
1911,gpt_5_6_sol_max,48.86552255366422,4
1911,gemini_3_1_pro_high,47.64528191774218,5
1911,qwen3_8_max,42.78236806029823,6
1911,claude_opus_4_8_max,33.318182104832886,7
1912,kimi_k3_max,95.21668336302531,1
1912,qwen3_8_max,61.49051037076727,2
1912,claude_fable_5_max,48.5809968837001,3
1912,gpt_5_5_xhigh,41.433365610804074,4
1912,claude_opus_4_8_max,38.79365612461287,5
1912,gemini_3_1_pro_high,35.88890676565842,6
1912,gpt_5_6_sol_max,15.642982882454357,7
1913,claude_fable_5_max,79.63441681150682,1
1913,gemini_3_1_pro_high,38.00580263860248,2
1913,gpt_5_5_xhigh,36.64517757892163,3
1913,claude_opus_4_8_max,33.75063996014832,4
1913,gpt_5_6_sol_max,27.224474760843705,5
1913,qwen3_8_max,26.377961308992933,6
1913,kimi_k3_max,8.87501372644031,7
1914,gpt_5_6_sol_max,63.990239298770675,1
1914,gemini_3_1_pro_high,61.2135959875557,2
1914,claude_opus_4_8_max,45.605193875073645,3
1914,qwen3_8_max,44.703739158332795,4
1914,kimi_k3_max,44.11795838122557,5
1914,gpt_5_5_xhigh,28.551345060191537,6
1914,claude_fable_5_max,27.245533802587047,7
1915,gpt_5_6_sol_max,68.09323128754771,1
1915,claude_fable_5_max,53.93183720267565,2
1915,kimi_k3_max,41.370808023398574,3
1915,claude_opus_4_8_max,37.74843609373063,4
1915,gpt_5_5_xhigh,34.68731171539399,5
1915,qwen3_8_max,29.607350454731723,6
1915,gemini_3_1_pro_high,23.114264574010587,7
1916,qwen3_8_max,61.183719183674796,1
1916,gpt_5_5_xhigh,50.28000313008875,2
1916,gemini_3_1_pro_high,46.79606920247111,3
1916,gpt_5_6_sol_max,44.92694600249776,4
1916,claude_opus_4_8_max,44.82623442368312,5
1916,claude_fable_5_max,43.61519028567115,6
1916,kimi_k3_max,24.51301698763171,7
1917,kimi_k3_max,76.23675549618682,1
1917,gpt_5_5_xhigh,69.96036464124961,2
1917,claude_fable_5_max,56.87659740356443,3
1917,gemini_3_1_pro_high,38.566520780840605,4
1917,qwen3_8_max,28.100442612732166,5
1917,claude_opus_4_8_max,24.82854202519189,6
1917,gpt_5_6_sol_max,22.377584376441558,7
1918,claude_opus_4_8_max,87.01358701339744,1
1918,qwen3_8_max,86.1526914173135,2
1918,gpt_5_6_sol_max,79.86218217505073,3
1918,claude_fable_5_max,69.22453541903236,4
1918,kimi_k3_max,30.940497685394647,5
1918,gemini_3_1_pro_high,29.089873496226343,6
1918,gpt_5_5_xhigh,16.97114731079927,7
1919,gpt_5_5_xhigh,80.84597038626816,1
1919,gemini_3_1_pro_high,80.08357140718397,2
1919,gpt_5_6_sol_max,68.75805403364102,3
1919,claude_opus_4_8_max,55.10012866589487,4
1919,kimi_k3_max,54.52094288840894,5
1919,qwen3_8_max,53.204166022719605,6
1919,claude_fable_5_max,26.61797413780244,7
1920,gpt_5_5_xhigh,79.90773739632733,1
1920,gpt_5_6_sol_max,54.620277295419854,2
1920,claude_opus_4_8_max,44.94595367265676,3
1920,kimi_k3_max,39.154212255896,4
1920,claude_fable_5_max,23.153035199364844,5
1920,qwen3_8_max,22.73747768150769,6
1920,gemini_3_1_pro_high,20.013283979821033,7
1921,claude_opus_4_8_max,69.69287985348099,1
1921,gpt_5_6_sol_max,63.831204979215656,2
1921,kimi_k3_max,61.1443482501001,3
1921,gpt_5_5_xhigh,58.25207732662351,4
1921,qwen3_8_max,55.232622960880306,5
1921,gemini_3_1_pro_high,47.90626039904362,6
1921,claude_fable_5_max,45.09067979653737,7
1922,gpt_5_6_sol_max,62.15389366524359,1
1922,qwen3_8_max,51.026622016845906,2
1922,kimi_k3_max,47.44290510074682,3
1922,gemini_3_1_pro_high,44.35080184696396,4
1922,claude_opus_4_8_max,42.10904271639445,5
1922,claude_fable_5_max,32.56522388233017,6
1922,gpt_5_5_xhigh,27.417688569865362,7
1923,kimi_k3_max,78.60759052372825,1
1923,gpt_5_5_xhigh,50.369972230725416,2
1923,gpt_5_6_sol_max,47.56839445497178,3
1923,claude_fable_5_max,44.70017673238553,4
1923,gemini_3_1_pro_high,40.505852174950626,5
1923,qwen3_8_max,26.619222860195094,6
1923,claude_opus_4_8_max,21.47196278519843,7
1924,gpt_5_6_sol_max,79.16541191914455,1
1924,gpt_5_5_xhigh,51.80292266073783,2
1924,qwen3_8_max,45.12340687348785,3
1924,kimi_k3_max,36.20321401522007,4
1924,gemini_3_1_pro_high,35.712849017069665,5
1924,claude_opus_4_8_max,33.9648070139051,6
1924,claude_fable_5_max,22.090433704505873,7
1925,gpt_5_6_sol_max,66.35456314799076,1
1925,claude_opus_4_8_max,62.655783481459395,2
1925,gpt_5_5_xhigh,59.88827696103106,3
1925,claude_fable_5_max,48.91235422158067,4
1925,gemini_3_1_pro_high,36.35617142072856,5
1925,qwen3_8_max,33.189059695187,6
1925,kimi_k3_max,29.07583242221368,7
1926,claude_opus_4_8_max,87.08353681539876,1
1926,qwen3_8_max,47.64205842542947,2
1926,gpt_5_6_sol_max,43.958136377694174,3
1926,gpt_5_5_xhigh,43.92025502984005,4
1926,kimi_k3_max,40.27224247149882,5
1926,gemini_3_1_pro_high,37.170412236672504,6
1926,claude_fable_5_max,19.613945041761017,7
1927,gpt_5_5_xhigh,84.44256115589563,1
1927,gpt_5_6_sol_max,72.87684185069199,2
1927,gemini_3_1_pro_high,72.84988028541872,3
1927,kimi_k3_max,60.99971060529563,4
1927,qwen3_8_max,55.24230601514075,5
1927,claude_opus_4_8_max,40.75473713086413,6
1927,claude_fable_5_max,18.937561341281953,7
1928,gpt_5_6_sol_max,79.5650657854965,1
1928,gemini_3_1_pro_high,70.01226958637233,2
1928,qwen3_8_max,59.96919280506155,3
1928,gpt_5_5_xhigh,58.35032948286885,4
1928,claude_opus_4_8_max,52.90792462438445,5
1928,kimi_k3_max,31.293514454703896,6
1928,claude_fable_5_max,24.460507500679952,7
1929,qwen3_8_max,85.1694808767978,1
1929,claude_opus_4_8_max,58.92124979487703,2
1929,gpt_5_5_xhigh,58.290831995471564,3
1929,gpt_5_6_sol_max,52.616319996116374,4
1929,claude_fable_5_max,46.48680377095743,5
1929,gemini_3_1_pro_high,46.36759687555394,6
1929,kimi_k3_max,39.89576476512326,7
1930,claude_fable_5_max,85.08344710935079,1
1930,qwen3_8_max,62.9883071890101,2
1930,gemini_3_1_pro_high,54.09671608932507,3
1930,gpt_5_5_xhigh,50.45427230847099,4
1930,claude_opus_4_8_max,41.96885564636414,5
1930,gpt_5_6_sol_max,40.099841573914816,6
1930,kimi_k3_max,35.500494577466924,7
1931,gpt_5_5_xhigh,80.96518038608005,1
1931,claude_opus_4_8_max,49.029219545288264,2
1931,claude_fable_5_max,41.5127866616761,3
1931,gpt_5_6_sol_max,38.291191528747355,4
1931,kimi_k3_max,36.27795837641375,5
1931,qwen3_8_max,33.17080777246071,6
1931,gemini_3_1_pro_high,8.891607096460305,7
1932,gpt_5_6_sol_max,68.66389116745452,1
1932,claude_fable_5_max,68.58541736620806,2
1932,kimi_k3_max,63.14245152827789,3
1932,qwen3_8_max,54.07769968382034,4
1932,gemini_3_1_pro_high,43.68404927877358,5
1932,claude_opus_4_8_max,35.06401188438951,6
1932,gpt_5_5_xhigh,19.33659207633326,7
1933,kimi_k3_max,90.77158991171163,1
1933,gpt_5_5_xhigh,72.36457382719162,2
1933,gpt_5_6_sol_max,71.99557358239306,3
1933,qwen3_8_max,63.716826536561555,4
1933,claude_fable_5_max,44.85104968712673,5
1933,gemini_3_1_pro_high,41.339549666066404,6
1933,claude_opus_4_8_max,37.94116599798053,7
1934,claude_fable_5_max,73.5910229364701,1
1934,gpt_5_6_sol_max,66.76950346319163,2
1934,gemini_3_1_pro_high,40.56424872210553,3
1934,gpt_5_5_xhigh,33.785681259864205,4
1934,claude_opus_4_8_max,30.470280173968607,5
1934,qwen3_8_max,27.581670679039185,6
1934,kimi_k3_max,25.93853554997199,7
1935,claude_fable_5_max,71.20839152055474,1
1935,kimi_k3_max,60.28335758287163,2
1935,claude_opus_4_8_max,49.80891627232004,3
1935,gpt_5_5_xhigh,45.749503742961984,4
1935,gpt_5_6_sol_max,45.24940290685717,5
1935,qwen3_8_max,33.545186062972306,6
1935,gemini_3_1_pro_high,27.707153033251927,7
1936,claude_fable_5_max,91.02163958440858,1
1936,gpt_5_6_sol_max,58.186536643425534,2
1936,claude_opus_4_8_max,52.48340274189266,3
1936,gemini_3_1_pro_high,40.54274373121864,4
1936,gpt_5_5_xhigh,28.523763245888027,5
1936,qwen3_8_max,20.128725592195266,6
1936,kimi_k3_max,16.482458720025296,7
1937,claude_fable_5_max,59.651114793381566,1
1937,claude_opus_4_8_max,56.68821758364808,2
1937,gpt_5_5_xhigh,49.346473698078825,3
1937,kimi_k3_max,45.52574114028633,4
1937,qwen3_8_max,44.947679287572846,5
1937,gemini_3_1_pro_high,42.8936119325362,6
1937,gpt_5_6_sol_max,37.96330359579006,7
1938,kimi_k3_max,63.129214414090484,1
1938,gpt_5_5_xhigh,61.04311580492355,2
1938,gemini_3_1_pro_high,48.172516012297116,3
1938,qwen3_8_max,43.263991440216806,4
1938,claude_opus_4_8_max,36.63335494332286,5
1938,gpt_5_6_sol_max,32.65041676162345,6
1938,claude_fable_5_max,28.416067026727433,7
1939,gemini_3_1_pro_high,89.7720559456624,1
1939,claude_fable_5_max,62.82467567827434,2
1939,qwen3_8_max,53.96191664335778,3
1939,claude_opus_4_8_max,48.99403408968507,4
1939,gpt_5_6_sol_max,47.19316512788244,5
1939,kimi_k3_max,44.21107221573145,6
1939,gpt_5_5_xhigh,21.491073037634436,7
1940,kimi_k3_max,64.23147626189696,1
1940,claude_opus_4_8_max,60.264753484800366,2
1940,claude_fable_5_max,52.12055080145183,3
1940,gpt_5_5_xhigh,49.26813155853783,4
1940,qwen3_8_max,46.883806157702566,5
1940,gpt_5_6_sol_max,36.12136348300587,6
1940,gemini_3_1_pro_high,33.80911877159186,7
1941,claude_fable_5_max,76.12681656832896,1
1941,gpt_5_6_sol_max,57.85903445852969,2
1941,kimi_k3_max,51.80582251177167,3
1941,gpt_5_5_xhigh,49.22762282657924,4
1941,claude_opus_4_8_max,22.060958470046693,5
1941,gemini_3_1_pro_high,21.382744108479187,6
1941,qwen3_8_max,19.580033742884545,7
1942,gpt_5_6_sol_max,62.07191540076694,1
1942,claude_fable_5_max,51.89826537555393,2
1942,gpt_5_5_xhigh,51.07930384248912,3
1942,claude_opus_4_8_max,43.196067500298824,4
1942,qwen3_8_max,35.62158847288381,5
1942,gemini_3_1_pro_high,32.443586763719686,6
1942,kimi_k3_max,31.471432659340024,7
1943,gpt_5_6_sol_max,79.98009850039709,1
1943,claude_fable_5_max,66.42432053360208,2
1943,gpt_5_5_xhigh,66.1809202699559,3
1943,qwen3_8_max,65.74998530226235,4
1943,claude_opus_4_8_max,64.15673926881256,5
1943,gemini_3_1_pro_high,35.8467041387358,6
1943,kimi_k3_max,19.65214739839825,7
1944,kimi_k3_max,68.27420847646071,1
1944,gemini_3_1_pro_high,54.04454371917338,2
1944,claude_opus_4_8_max,51.923599873930044,3
1944,claude_fable_5_max,51.28718129562343,4
1944,gpt_5_6_sol_max,40.14196126444011,5
1944,gpt_5_5_xhigh,36.1949423900734,6
1944,qwen3_8_max,30.171732322188028,7
1945,gpt_5_6_sol_max,84.63616011620212,1
1945,gpt_5_5_xhigh,80.34195633265321,2
1945,qwen3_8_max,77.10811527249967,3
1945,gemini_3_1_pro_high,71.32990212839024,4
1945,claude_fable_5_max,50.25089756129879,5
1945,kimi_k3_max,40.76120871162472,6
1945,claude_opus_4_8_max,36.66600487931676,7
1946,kimi_k3_max,65.61300289238503,1
1946,claude_opus_4_8_max,63.899129739716194,2
1946,gpt_5_6_sol_max,60.048523460207186,3
1946,claude_fable_5_max,57.79594591418154,4
1946,qwen3_8_max,53.580619319894936,5
1946,gemini_3_1_pro_high,41.873486248920514,6
1946,gpt_5_5_xhigh,21.73134898069994,7
1947,claude_opus_4_8_max,62.68007406059805,1
1947,claude_fable_5_max,56.2833741594483,2
1947,gpt_5_5_xhigh,52.87610772126227,3
1947,kimi_k3_max,46.302689764138194,4
1947,qwen3_8_max,37.40376411737364,5
1947,gpt_5_6_sol_max,31.260282550290473,6
1947,gemini_3_1_pro_high,30.383777965659103,7
1948,gpt_5_6_sol_max,78.07960151784951,1
1948,qwen3_8_max,73.98118291851293,2
1948,claude_opus_4_8_max,68.28257046352296,3
1948,gpt_5_5_xhigh,62.355972667139895,4
1948,claude_fable_5_max,53.26344951530267,5
1948,kimi_k3_max,47.95740573067618,6
1948,gemini_3_1_pro_high,33.94280765195095,7
1949,gpt_5_6_sol_max,82.32080943190623,1
1949,qwen3_8_max,64.85356227861415,2
1949,claude_fable_5_max,58.57802829399121,3
1949,gpt_5_5_xhigh,27.724698383861355,4
1949,gemini_3_1_pro_high,17.721066874700785,5
1949,kimi_k3_max,17.35962749415136,6
1949,claude_opus_4_8_max,16.589052628737356,7
1950,claude_fable_5_max,90.87007614094749,1
1950,gpt_5_6_sol_max,61.207013352953695,2
1950,gemini_3_1_pro_high,51.767388061067244,3
1950,claude_opus_4_8_max,42.55202639212429,4
1950,kimi_k3_max,40.36959300278386,5
1950,gpt_5_5_xhigh,34.360840478724455,6
1950,qwen3_8_max,26.022227151343987,7
1951,gpt_5_6_sol_max,82.60083186614675,1
1951,claude_opus_4_8_max,64.72915416547353,2
1951,kimi_k3_max,46.45635176072852,3
1951,gpt_5_5_xhigh,43.85852334993464,4
1951,qwen3_8_max,30.986381470897904,5
1951,claude_fable_5_max,25.963608521748995,6
1951,gemini_3_1_pro_high,12.147537755832257,7
1952,gpt_5_6_sol_max,84.703108666412,1
1952,gemini_3_1_pro_high,56.36663918654847,2
1952,claude_opus_4_8_max,52.27675960184697,3
1952,kimi_k3_max,51.84871685443701,4
1952,qwen3_8_max,46.41644914397547,5
1952,claude_fable_5_max,39.57932452818741,6
1952,gpt_5_5_xhigh,28.6544583865342,7
1953,gpt_5_6_sol_max,79.90460903950634,1
1953,kimi_k3_max,58.05265778750916,2
1953,claude_opus_4_8_max,36.100141804009006,3
1953,qwen3_8_max,25.588194124510213,4
1953,gemini_3_1_pro_high,25.371761883500746,5
1953,claude_fable_5_max,23.19216001165611,6
1953,gpt_5_5_xhigh,18.87267440609262,7
1954,claude_fable_5_max,86.21218151909937,1
1954,qwen3_8_max,53.265981974445936,2
1954,gpt_5_5_xhigh,49.53340367595579,3
1954,claude_opus_4_8_max,46.543789782268604,4
1954,kimi_k3_max,46.18210665262502,5
1954,gpt_5_6_sol_max,39.84032718193299,6
1954,gemini_3_1_pro_high,20.23065614971241,7
1955,gpt_5_6_sol_max,71.76513354531588,1
1955,gpt_5_5_xhigh,59.592876545777266,2
1955,kimi_k3_max,46.424801738632816,3
1955,claude_opus_4_8_max,39.19551883514657,4
1955,qwen3_8_max,37.312464809522176,5
1955,gemini_3_1_pro_high,33.64503697263315,6
1955,claude_fable_5_max,27.274592256484308,7
1956,claude_fable_5_max,70.7072043461958,1
1956,claude_opus_4_8_max,69.32653283389317,2
1956,gpt_5_6_sol_max,49.65837113946708,3
1956,gemini_3_1_pro_high,39.400790396818834,4
1956,qwen3_8_max,39.28316012116695,5
1956,kimi_k3_max,31.326284869814277,6
1956,gpt_5_5_xhigh,22.682627932685794,7
1957,gpt_5_5_xhigh,92.27501205604159,1
1957,gemini_3_1_pro_high,47.91989694998831,2
1957,kimi_k3_max,44.98778338454878,3
1957,gpt_5_6_sol_max,41.130516600066,4
1957,qwen3_8_max,36.12615392736623,5
1957,claude_opus_4_8_max,30.583072893026753,6
1957,claude_fable_5_max,25.570022590394867,7
1958,claude_fable_5_max,94.37604433517899,1
1958,gpt_5_6_sol_max,48.549687638194726,2
1958,gpt_5_5_xhigh,48.35531913243727,3
1958,qwen3_8_max,40.73126230782551,4
1958,kimi_k3_max,21.27534052600455,5
1958,gemini_3_1_pro_high,17.461446023657608,6
1958,claude_opus_4_8_max,15.568581728729145,7
1959,claude_fable_5_max,75.22202404626837,1
1959,kimi_k3_max,68.07936047874492,2
1959,gpt_5_6_sol_max,66.86590286396506,3
1959,qwen3_8_max,40.11445300864183,4
1959,gpt_5_5_xhigh,33.68954727873225,5
1959,gemini_3_1_pro_high,28.813567215366817,6
1959,claude_opus_4_8_max,24.357221922621253,7
1960,gpt_5_5_xhigh,94.31334048015478,1
1960,claude_fable_5_max,72.9757821537084,2
1960,gpt_5_6_sol_max,52.796512215718685,3
1960,gemini_3_1_pro_high,47.98665398922375,4
1960,qwen3_8_max,45.029714718977715,5
1960,claude_opus_4_8_max,44.539996948008145,6
1960,kimi_k3_max,19.398494775563787,7
1961,claude_fable_5_max,86.92310337720369,1
1961,gpt_5_5_xhigh,70.98296806306334,2
1961,gpt_5_6_sol_max,57.546233730429655,3
1961,claude_opus_4_8_max,47.52949988259329,4
1961,gemini_3_1_pro_high,42.389702001247095,5
1961,qwen3_8_max,35.559172218074124,6
1961,kimi_k3_max,19.209344455968125,7
1962,gpt_5_6_sol_max,73.36177868279972,1
1962,claude_opus_4_8_max,59.85490302932761,2
1962,claude_fable_5_max,59.830586095977225,3
1962,gpt_5_5_xhigh,55.01229490629426,4
1962,qwen3_8_max,33.182660715053636,5
1962,gemini_3_1_pro_high,32.02839700832897,6
1962,kimi_k3_max,9.824495098018376,7
1963,gpt_5_5_xhigh,58.86374690669158,1
1963,gemini_3_1_pro_high,55.89875411899534,2
1963,claude_opus_4_8_max,51.12778438407952,3
1963,gpt_5_6_sol_max,47.47331864145737,4
1963,kimi_k3_max,43.54162202882894,5
1963,qwen3_8_max,40.40149817114438,6
1963,claude_fable_5_max,27.60023601678196,7
1964,gpt_5_6_sol_max,96.88924158677492,1
1964,claude_fable_5_max,69.53014757420156,2
1964,kimi_k3_max,44.550022431288184,3
1964,gemini_3_1_pro_high,39.56880755473202,4
1964,claude_opus_4_8_max,32.85711405215098,5
1964,qwen3_8_max,32.40401870742056,6
1964,gpt_5_5_xhigh,23.950687576166143,7
1965,kimi_k3_max,71.17407786704126,1
1965,claude_opus_4_8_max,50.419249462427,2
1965,claude_fable_5_max,49.99926915617585,3
1965,gpt_5_6_sol_max,45.32805385008488,4
1965,gemini_3_1_pro_high,42.955147779608815,5
1965,qwen3_8_max,42.596077627311416,6
1965,gpt_5_5_xhigh,41.922657267707464,7
1966,gpt_5_6_sol_max,86.69852641122779,1
1966,claude_fable_5_max,70.95204598310082,2
1966,gemini_3_1_pro_high,44.60752267804911,3
1966,claude_opus_4_8_max,41.93451327000826,4
1966,qwen3_8_max,37.39908001403313,5
1966,kimi_k3_max,29.504620253570494,6
1966,gpt_5_5_xhigh,28.88336118791676,7
1967,gemini_3_1_pro_high,89.19993731157724,1
1967,claude_opus_4_8_max,88.90691980133869,2
1967,kimi_k3_max,82.38222108013953,3
1967,claude_fable_5_max,53.6327507542832,4
1967,gpt_5_5_xhigh,47.753099033037955,5
1967,qwen3_8_max,42.807452238924625,6
1967,gpt_5_6_sol_max,17.12213832645394,7
1968,gpt_5_6_sol_max,79.15096569030823,1
1968,gpt_5_5_xhigh,69.87964805315225,2
1968,kimi_k3_max,58.99223491558898,3
1968,claude_fable_5_max,49.41382474970182,4
1968,qwen3_8_max,49.39707576605298,5
1968,claude_opus_4_8_max,47.063085456517086,6
1968,gemini_3_1_pro_high,32.13355740828888,7
1969,claude_fable_5_max,78.27083439072462,1
1969,kimi_k3_max,59.82728632956989,2
1969,gpt_5_6_sol_max,57.780500054924545,3
1969,qwen3_8_max,52.7924533848516,4
1969,gemini_3_1_pro_high,51.56149458223184,5
1969,gpt_5_5_xhigh,37.93897776189687,6
1969,claude_opus_4_8_max,17.694027987795224,7
1970,claude_opus_4_8_max,79.1038238023421,1
1970,gemini_3_1_pro_high,70.21815660790634,2
1970,gpt_5_5_xhigh,65.955842112824,3
1970,gpt_5_6_sol_max,51.15390623325164,4
1970,kimi_k3_max,44.51865730637698,5
1970,qwen3_8_max,38.00849355660522,6
1970,claude_fable_5_max,30.587333590622908,7
1971,gemini_3_1_pro_high,76.34516589042187,1
1971,claude_fable_5_max,56.49487802013883,2
1971,claude_opus_4_8_max,41.34585059892889,3
1971,qwen3_8_max,40.83671547203875,4
1971,gpt_5_6_sol_max,36.02763226605512,5
1971,gpt_5_5_xhigh,31.972738875219964,6
1971,kimi_k3_max,20.94689149543265,7
1972,claude_fable_5_max,75.28890153839355,1
1972,gpt_5_5_xhigh,68.15307840512142,2
1972,qwen3_8_max,64.8186224630484,3
1972,claude_opus_4_8_max,51.06603564495379,4
1972,gemini_3_1_pro_high,38.76597673780895,5
1972,gpt_5_6_sol_max,26.689243080866945,6
1972,kimi_k3_max,26.177812735892115,7
1973,claude_opus_4_8_max,83.76147476537648,1
1973,qwen3_8_max,67.77848623575228,2
1973,gemini_3_1_pro_high,51.150073894976046,3
1973,gpt_5_5_xhigh,47.81947347535892,4
1973,kimi_k3_max,39.31364325218979,5
1973,claude_fable_5_max,31.385276044804232,6
1973,gpt_5_6_sol_max,24.083136621751628,7
1974,kimi_k3_max,66.06826773123825,1
1974,claude_fable_5_max,65.40927076254548,2
1974,gpt_5_5_xhigh,46.75472560325085,3
1974,qwen3_8_max,46.25197520222419,4
1974,claude_opus_4_8_max,35.89471195476986,5
1974,gemini_3_1_pro_high,28.972977597139213,6
1974,gpt_5_6_sol_max,23.521197821799042,7
1975,gpt_5_5_xhigh,72.91229901351271,1
1975,claude_fable_5_max,55.14796626967378,2
1975,kimi_k3_max,40.24638017965338,3
1975,claude_opus_4_8_max,38.856079544551385,4
1975,gemini_3_1_pro_high,34.11987497217572,5
1975,qwen3_8_max,29.190996361450154,6
1975,gpt_5_6_sol_max,29.113819742796096,7
1976,claude_fable_5_max,89.01046234038733,1
1976,gemini_3_1_pro_high,59.20996040747214,2
1976,gpt_5_5_xhigh,52.711815116183885,3
1976,kimi_k3_max,44.03407362286717,4
1976,gpt_5_6_sol_max,43.77720179344976,5
1976,qwen3_8_max,14.646589042122121,6
1976,claude_opus_4_8_max,11.234658357754611,7
1977,kimi_k3_max,68.08419000834411,1
1977,gpt_5_6_sol_max,64.26149707244994,2
1977,gpt_5_5_xhigh,61.048982621107804,3
1977,claude_fable_5_max,58.483259078200184,4
1977,gemini_3_1_pro_high,42.96712259377671,5
1977,claude_opus_4_8_max,38.53886855055404,6
1977,qwen3_8_max,32.42603600269731,7
1978,claude_opus_4_8_max,72.88405596288155,1
1978,gpt_5_6_sol_max,72.73418264236895,2
1978,gpt_5_5_xhigh,55.176053013129504,3
1978,qwen3_8_max,55.043296114525575,4
1978,kimi_k3_max,41.28534907426129,5
1978,claude_fable_5_max,39.98539259665807,6
1978,gemini_3_1_pro_high,25.487665752219293,7
1979,claude_opus_4_8_max,61.61023929125689,1
1979,gemini_3_1_pro_high,54.354692715911575,2
1979,kimi_k3_max,51.758074854240505,3
1979,gpt_5_5_xhigh,50.42750919806141,4
1979,gpt_5_6_sol_max,47.64681005582711,5
1979,qwen3_8_max,44.795797745017666,6
1979,claude_fable_5_max,18.2904690378809,7
1980,gpt_5_5_xhigh,88.3254253871723,1
1980,claude_fable_5_max,53.54205633902316,2
1980,qwen3_8_max,51.7396123303863,3
1980,gpt_5_6_sol_max,47.39916346289679,4
1980,claude_opus_4_8_max,44.47495184618324,5
1980,kimi_k3_max,37.36991990819813,6
1980,gemini_3_1_pro_high,13.816605858203324,7
1981,kimi_k3_max,72.99330973680944,1
1981,gpt_5_5_xhigh,72.64537074510038,2
1981,gpt_5_6_sol_max,62.635612242965266,3
1981,claude_fable_5_max,58.556471531224275,4
1981,gemini_3_1_pro_high,40.817977011504325,5
1981,qwen3_8_max,39.020881721941336,6
1981,claude_opus_4_8_max,34.461727343091354,7
1982,claude_fable_5_max,72.83471631589248,1
1982,qwen3_8_max,57.19592879439044,2
1982,kimi_k3_max,55.6243824517583,3
1982,claude_opus_4_8_max,55.1017844163277,4
1982,gpt_5_5_xhigh,45.10605362234379,5
1982,gemini_3_1_pro_high,41.23647411885464,6
1982,gpt_5_6_sol_max,36.49524650466609,7
1983,qwen3_8_max,59.72243813328609,1
1983,gpt_5_6_sol_max,59.56787976857044,2
1983,claude_fable_5_max,58.29260219658588,3
1983,claude_opus_4_8_max,47.286657619562135,4
1983,gpt_5_5_xhigh,45.875670670188654,5
1983,gemini_3_1_pro_high,30.12321551521603,6
1983,kimi_k3_max,21.593137478687098,7
1984,claude_fable_5_max,70.07182870218513,1
1984,gpt_5_6_sol_max,70.04288197310899,2
1984,qwen3_8_max,55.78281752441156,3
1984,gpt_5_5_xhigh,55.35123784439594,4
1984,kimi_k3_max,46.09612247068345,5
1984,claude_opus_4_8_max,26.551314785402994,6
1984,gemini_3_1_pro_high,22.04068127614076,7
1985,gpt_5_6_sol_max,73.25756073609044,1
1985,gpt_5_5_xhigh,68.85227442722169,2
1985,kimi_k3_max,68.393708803017,3
1985,claude_fable_5_max,67.42597085567513,4
1985,qwen3_8_max,48.68708414198211,5
1985,claude_opus_4_8_max,47.442550163812,6
1985,gemini_3_1_pro_high,32.16052710853635,7
1986,claude_fable_5_max,79.20440907076645,1
1986,gpt_5_6_sol_max,66.17943442512812,2
1986,qwen3_8_max,66.13597939294804,3
1986,kimi_k3_max,60.768528959803035,4
1986,gpt_5_5_xhigh,35.16728179623256,5
1986,claude_opus_4_8_max,30.54850691303598,6
1986,gemini_3_1_pro_high,26.527590244186946,7
1987,qwen3_8_max,73.32078396756833,1
1987,claude_opus_4_8_max,70.67684976565087,2
1987,gpt_5_6_sol_max,48.93372853593435,3
1987,gpt_5_5_xhigh,37.49741960119403,4
1987,gemini_3_1_pro_high,36.57952909386902,5
1987,kimi_k3_max,34.9077257558203,6
1987,claude_fable_5_max,33.19540342438602,7
1988,claude_opus_4_8_max,97.24612248684178,1
1988,gpt_5_6_sol_max,94.55794799239266,2
1988,qwen3_8_max,73.96726759234332,3
1988,kimi_k3_max,59.42492926208804,4
1988,claude_fable_5_max,40.22422683858005,5
1988,gemini_3_1_pro_high,18.365059033752914,6
1988,gpt_5_5_xhigh,9.374306188905255,7
1989,gpt_5_6_sol_max,76.75811367655228,1
1989,kimi_k3_max,50.3973139901522,2
1989,gpt_5_5_xhigh,45.809467628353566,3
1989,claude_opus_4_8_max,45.20944682861534,4
1989,claude_fable_5_max,33.70003233050642,5
1989,gemini_3_1_pro_high,16.65554759710643,6
1989,qwen3_8_max,15.450766431694616,7
1990,kimi_k3_max,76.04290619403686,1
1990,gpt_5_6_sol_max,63.14920195686814,2
1990,gpt_5_5_xhigh,61.849716103407886,3
1990,claude_opus_4_8_max,54.42687532210977,4
1990,claude_fable_5_max,51.5437113780841,5
1990,gemini_3_1_pro_high,50.72714880742701,6
1990,qwen3_8_max,41.58905809705368,7
1991,kimi_k3_max,76.98999463048764,1
1991,claude_opus_4_8_max,62.544185510625894,2
1991,claude_fable_5_max,61.86415459435128,3
1991,qwen3_8_max,45.989678745734146,4
1991,gpt_5_6_sol_max,40.11513931909108,5
1991,gemini_3_1_pro_high,29.74949879934797,6
1991,gpt_5_5_xhigh,7.087814612328188,7
1992,gpt_5_5_xhigh,80.52254105964558,1
1992,claude_fable_5_max,54.63223628405465,2
1992,gpt_5_6_sol_max,47.05805725788373,3
1992,claude_opus_4_8_max,43.95374631241843,4
1992,qwen3_8_max,38.71964607920981,5
1992,gemini_3_1_pro_high,30.5849420106246,6
1992,kimi_k3_max,24.30708466658326,7
1993,gemini_3_1_pro_high,53.6323473406048,1
1993,claude_fable_5_max,51.76335074474294,2
1993,qwen3_8_max,48.521528513188976,3
1993,gpt_5_6_sol_max,44.21022315861967,4
1993,kimi_k3_max,38.158516066637,5
1993,gpt_5_5_xhigh,26.151278933154266,6
1993,claude_opus_4_8_max,24.516712586973235,7
1994,kimi_k3_max,54.921065485172285,1
1994,gpt_5_5_xhigh,52.23945933139164,2
1994,claude_opus_4_8_max,46.219473179864835,3
1994,claude_fable_5_max,46.15561576591986,4
1994,gpt_5_6_sol_max,39.95954394043916,5
1994,gemini_3_1_pro_high,37.55941881081027,6
1994,qwen3_8_max,31.7783186924448,7
1995,claude_fable_5_max,85.16714665735216,1
1995,gpt_5_6_sol_max,71.1088834959429,2
1995,gpt_5_5_xhigh,58.544029614888636,3
1995,qwen3_8_max,56.85640111851913,4
1995,kimi_k3_max,49.61324601846541,5
1995,gemini_3_1_pro_high,46.45065051478877,6
1995,claude_opus_4_8_max,13.550386380429813,7
1996,claude_fable_5_max,70.3193455737693,1
1996,claude_opus_4_8_max,68.80925228098297,2
1996,gpt_5_5_xhigh,64.91320013552766,3
1996,qwen3_8_max,59.13708464218185,4
1996,kimi_k3_max,55.434924380556126,5
1996,gemini_3_1_pro_high,40.74193543943464,6
1996,gpt_5_6_sol_max,32.48792193900633,7
1997,gpt_5_5_xhigh,67.50857462821106,1
1997,kimi_k3_max,62.28329092494816,2
1997,claude_opus_4_8_max,55.74029685896154,3
1997,claude_fable_5_max,52.2293052057795,4
1997,qwen3_8_max,51.158521488367406,5
1997,gpt_5_6_sol_max,39.810537671223756,6
1997,gemini_3_1_pro_high,38.234957871192655,7
1998,claude_opus_4_8_max,74.9343942764047,1
1998,gemini_3_1_pro_high,62.367497101268704,2
1998,gpt_5_6_sol_max,59.61026534640803,3
1998,gpt_5_5_xhigh,46.64577768966692,4
1998,qwen3_8_max,46.518997543121564,5
1998,claude_fable_5_max,36.17739993064816,6
1998,kimi_k3_max,23.98261860379647,7
1999,claude_opus_4_8_max,60.86724602918645,1
1999,kimi_k3_max,54.94209395953108,2
1999,gpt_5_6_sol_max,52.82946616111696,3
1999,qwen3_8_max,52.03412795014674,4
1999,claude_fable_5_max,41.59917564320318,5
1999,gemini_3_1_pro_high,32.52639833904021,6
1999,gpt_5_5_xhigh,15.155456848766683,7
2000,kimi_k3_max,87.97146663277047,1
2000,gpt_5_5_xhigh,80.4109625098568,2
2000,claude_fable_5_max,76.26298186473234,3
2000,qwen3_8_max,55.19549316013481,4
2000,claude_opus_4_8_max,53.99935573793815,5
2000,gemini_3_1_pro_high,33.90305765268086,6
2000,gpt_5_6_sol_max,30.780208688766866,7
