bootstrap,model_id,overall_score,rank
1,gpt_5_6_sol_max,75.87913932467112,1
1,claude_opus_4_8_max,58.531740052945096,2
1,gemini_3_1_pro_high,57.425804563192756,3
1,claude_fable_5_max,55.202997718762724,4
1,gpt_5_5_xhigh,50.265591344514895,5
1,deepseek_v4_flash_max,32.03458937893048,6
1,qwen3_8_max,31.432674392357107,7
1,deepseek_v4_pro_max,26.44892753980176,8
1,kimi_k3_max,17.037529003179166,9
2,gpt_5_5_xhigh,74.23561127690775,1
2,kimi_k3_max,64.26612980437123,2
2,claude_fable_5_max,54.90553645604377,3
2,deepseek_v4_flash_max,44.81443189575161,4
2,gpt_5_6_sol_max,43.51619168758367,5
2,claude_opus_4_8_max,33.27112803063125,6
2,qwen3_8_max,32.864027148316175,7
2,deepseek_v4_pro_max,32.13929937334517,8
2,gemini_3_1_pro_high,22.55948065692126,9
3,claude_opus_4_8_max,64.43700178341261,1
3,qwen3_8_max,58.96675958681366,2
3,gpt_5_6_sol_max,56.90512383022481,3
3,gpt_5_5_xhigh,52.03337510090659,4
3,claude_fable_5_max,39.58818423073811,5
3,gemini_3_1_pro_high,39.54257016753341,6
3,deepseek_v4_flash_max,27.296870616800458,7
3,kimi_k3_max,26.24409494374552,8
3,deepseek_v4_pro_max,15.40667142283338,9
4,gpt_5_5_xhigh,65.61919578353326,1
4,gemini_3_1_pro_high,57.92736766235671,2
4,claude_fable_5_max,53.04014321109359,3
4,qwen3_8_max,45.3890967809108,4
4,deepseek_v4_flash_max,45.38478990295532,5
4,claude_opus_4_8_max,35.726010058372246,6
4,kimi_k3_max,21.13502710605522,7
4,gpt_5_6_sol_max,16.223790387851324,8
4,deepseek_v4_pro_max,15.733553691094272,9
5,kimi_k3_max,77.48274589573583,1
5,gpt_5_5_xhigh,52.24494428954627,2
5,claude_fable_5_max,39.70944692988509,3
5,deepseek_v4_pro_max,37.3367442092068,4
5,claude_opus_4_8_max,36.54401766062766,5
5,qwen3_8_max,26.589374950391022,6
5,gemini_3_1_pro_high,18.18394494230797,7
5,gpt_5_6_sol_max,17.764188829205157,8
5,deepseek_v4_flash_max,9.477705077279609,9
6,gpt_5_5_xhigh,71.98654957357391,1
6,claude_fable_5_max,69.84452684562203,2
6,gemini_3_1_pro_high,51.362457792201866,3
6,kimi_k3_max,49.144587141629714,4
6,gpt_5_6_sol_max,47.96746110772517,5
6,qwen3_8_max,41.73664273962267,6
6,claude_opus_4_8_max,36.317856451311584,7
6,deepseek_v4_flash_max,21.136907840818616,8
6,deepseek_v4_pro_max,20.168304149056056,9
7,gpt_5_6_sol_max,78.42070729527674,1
7,claude_fable_5_max,63.169493296841125,2
7,kimi_k3_max,36.67317755113225,3
7,gemini_3_1_pro_high,35.92582528676072,4
7,gpt_5_5_xhigh,31.663357663184687,5
7,qwen3_8_max,30.691695360115673,6
7,deepseek_v4_pro_max,29.722943232775624,7
7,claude_opus_4_8_max,28.674915934805217,8
7,deepseek_v4_flash_max,21.16527751466062,9
8,gpt_5_6_sol_max,89.98169809958516,1
8,claude_opus_4_8_max,36.749090792620045,2
8,qwen3_8_max,34.97711102791661,3
8,gpt_5_5_xhigh,32.892232914652595,4
8,kimi_k3_max,30.974079028065557,5
8,claude_fable_5_max,24.08628767889623,6
8,gemini_3_1_pro_high,22.645515372626843,7
8,deepseek_v4_flash_max,18.874081300615153,8
8,deepseek_v4_pro_max,16.01811772156455,9
9,claude_fable_5_max,72.96511564905657,1
9,gemini_3_1_pro_high,63.775579307932716,2
9,qwen3_8_max,51.689168207159014,3
9,claude_opus_4_8_max,50.5638315054571,4
9,gpt_5_5_xhigh,41.937817223713694,5
9,deepseek_v4_flash_max,26.49590993125725,6
9,gpt_5_6_sol_max,26.089169183847577,7
9,kimi_k3_max,19.203740105505478,8
9,deepseek_v4_pro_max,15.169564320922092,9
10,kimi_k3_max,74.61516121117145,1
10,gpt_5_6_sol_max,42.12921747868303,2
10,claude_opus_4_8_max,41.70043012221216,3
10,claude_fable_5_max,37.49078114305776,4
10,qwen3_8_max,35.03644390737616,5
10,gpt_5_5_xhigh,30.56399653371826,6
10,deepseek_v4_pro_max,29.778830200123494,7
10,gemini_3_1_pro_high,26.516760083719177,8
10,deepseek_v4_flash_max,17.567530540464897,9
11,gemini_3_1_pro_high,79.03073131760743,1
11,gpt_5_6_sol_max,57.27731575183546,2
11,claude_fable_5_max,54.62842859686554,3
11,deepseek_v4_pro_max,51.49069685891128,4
11,kimi_k3_max,46.64541182070595,5
11,gpt_5_5_xhigh,38.82459990159566,6
11,qwen3_8_max,25.967906223938627,7
11,claude_opus_4_8_max,17.01539588406031,8
11,deepseek_v4_flash_max,8.793876721795858,9
12,gpt_5_6_sol_max,77.4555594735119,1
12,kimi_k3_max,66.33697444630151,2
12,qwen3_8_max,57.89240236108414,3
12,claude_fable_5_max,49.95038635750035,4
12,claude_opus_4_8_max,44.34865457536109,5
12,deepseek_v4_flash_max,43.284866126941104,6
12,gemini_3_1_pro_high,42.23287507757971,7
12,gpt_5_5_xhigh,23.274167927938805,8
12,deepseek_v4_pro_max,20.62064425849444,9
13,gpt_5_5_xhigh,75.38902000263629,1
13,kimi_k3_max,57.009130049789746,2
13,claude_opus_4_8_max,56.7536005845709,3
13,gemini_3_1_pro_high,54.14714459690394,4
13,gpt_5_6_sol_max,50.19006453332608,5
13,deepseek_v4_flash_max,41.92117317734216,6
13,deepseek_v4_pro_max,36.99668277367754,7
13,qwen3_8_max,24.349590898759374,8
13,claude_fable_5_max,20.00052146590768,9
14,claude_fable_5_max,62.50339516735121,1
14,claude_opus_4_8_max,61.399117591445275,2
14,gemini_3_1_pro_high,54.41947116850129,3
14,kimi_k3_max,51.20804018947925,4
14,gpt_5_5_xhigh,40.084867584100095,5
14,qwen3_8_max,32.13551335106533,6
14,gpt_5_6_sol_max,29.83519495125448,7
14,deepseek_v4_pro_max,28.304927543239383,8
14,deepseek_v4_flash_max,19.11047511244504,9
15,claude_opus_4_8_max,51.69405067325265,1
15,deepseek_v4_pro_max,50.92085325334706,2
15,claude_fable_5_max,45.526652002701056,3
15,gemini_3_1_pro_high,44.1290707246299,4
15,gpt_5_5_xhigh,39.04699420506711,5
15,deepseek_v4_flash_max,37.93676504444979,6
15,kimi_k3_max,33.86969564816682,7
15,qwen3_8_max,31.039652968980363,8
15,gpt_5_6_sol_max,16.374806190173018,9
16,claude_fable_5_max,80.51970586733233,1
16,qwen3_8_max,54.8504195846249,2
16,gpt_5_5_xhigh,53.51200593587363,3
16,kimi_k3_max,53.32090427607653,4
16,claude_opus_4_8_max,45.4174863782121,5
16,gemini_3_1_pro_high,44.24241463462319,6
16,deepseek_v4_flash_max,34.73592714902543,7
16,gpt_5_6_sol_max,34.59652493816015,8
16,deepseek_v4_pro_max,26.144944323536883,9
17,kimi_k3_max,75.41544454493243,1
17,claude_opus_4_8_max,66.72549601404359,2
17,claude_fable_5_max,57.3214706487268,3
17,gpt_5_6_sol_max,49.783286935486224,4
17,deepseek_v4_pro_max,41.94693631595906,5
17,gemini_3_1_pro_high,39.577278421172295,6
17,gpt_5_5_xhigh,30.828130829072194,7
17,qwen3_8_max,21.497778937034372,8
17,deepseek_v4_flash_max,13.697713345934247,9
18,qwen3_8_max,74.8686839500981,1
18,gpt_5_6_sol_max,69.40637748248358,2
18,gpt_5_5_xhigh,64.4446722970743,3
18,gemini_3_1_pro_high,58.647640051351644,4
18,claude_fable_5_max,58.22943239691867,5
18,kimi_k3_max,52.536971697903276,6
18,claude_opus_4_8_max,50.05569690144118,7
18,deepseek_v4_flash_max,47.9855074983776,8
18,deepseek_v4_pro_max,35.221088559889694,9
19,gpt_5_6_sol_max,81.14096244680522,1
19,claude_opus_4_8_max,57.577234663198055,2
19,gpt_5_5_xhigh,44.17395276786118,3
19,claude_fable_5_max,42.71532412463874,4
19,kimi_k3_max,28.254414560720814,5
19,deepseek_v4_pro_max,27.55547178403949,6
19,qwen3_8_max,24.607757019808783,7
19,gemini_3_1_pro_high,22.85764165754933,8
19,deepseek_v4_flash_max,17.204557468412517,9
20,claude_opus_4_8_max,62.22800861938017,1
20,claude_fable_5_max,52.755908021659415,2
20,deepseek_v4_pro_max,46.735758942326484,3
20,gpt_5_6_sol_max,46.42666688406178,4
20,gpt_5_5_xhigh,44.723269217835586,5
20,gemini_3_1_pro_high,39.50480144781817,6
20,qwen3_8_max,37.162176044348,7
20,kimi_k3_max,32.9057363722686,8
20,deepseek_v4_flash_max,16.291837566387652,9
21,claude_opus_4_8_max,61.90827908227506,1
21,gpt_5_5_xhigh,44.85426347924205,2
21,qwen3_8_max,40.010365718936825,3
21,claude_fable_5_max,34.54513355060599,4
21,deepseek_v4_pro_max,34.46970837143222,5
21,gpt_5_6_sol_max,34.032811091290384,6
21,kimi_k3_max,32.23397860223837,7
21,deepseek_v4_flash_max,29.164054586543706,8
21,gemini_3_1_pro_high,19.04146046685482,9
22,claude_fable_5_max,82.21526697384891,1
22,claude_opus_4_8_max,58.562475170424705,2
22,qwen3_8_max,55.0488099819239,3
22,gemini_3_1_pro_high,50.945716666260154,4
22,kimi_k3_max,50.145859918113175,5
22,gpt_5_6_sol_max,47.27605438312716,6
22,gpt_5_5_xhigh,25.293045812602625,7
22,deepseek_v4_pro_max,22.07512302002333,8
22,deepseek_v4_flash_max,21.486092259075622,9
23,claude_fable_5_max,82.86065301452084,1
23,gpt_5_5_xhigh,62.55115435160251,2
23,qwen3_8_max,52.63554601977796,3
23,kimi_k3_max,47.09923278801455,4
23,gemini_3_1_pro_high,43.19910315111929,5
23,gpt_5_6_sol_max,36.07839865524297,6
23,deepseek_v4_pro_max,33.615232640761995,7
23,claude_opus_4_8_max,18.745372642938484,8
23,deepseek_v4_flash_max,12.847644512913394,9
24,gpt_5_5_xhigh,59.780889830560014,1
24,gpt_5_6_sol_max,44.58347278101935,2
24,claude_fable_5_max,37.52107622467463,3
24,deepseek_v4_pro_max,36.92628614343216,4
24,qwen3_8_max,35.36967437607849,5
24,deepseek_v4_flash_max,33.2860359788303,6
24,gemini_3_1_pro_high,23.82085215456377,7
24,kimi_k3_max,21.338830859382327,8
24,claude_opus_4_8_max,18.296874734394,9
25,gpt_5_6_sol_max,75.01433932582692,1
25,claude_opus_4_8_max,60.0387817085401,2
25,gemini_3_1_pro_high,47.91963242828095,3
25,gpt_5_5_xhigh,32.0441118868611,4
25,deepseek_v4_flash_max,31.9230731193788,5
25,claude_fable_5_max,29.405195812344832,6
25,kimi_k3_max,23.939670603809905,7
25,qwen3_8_max,20.384107911319514,8
25,deepseek_v4_pro_max,11.466143738879286,9
26,gpt_5_5_xhigh,77.18180831824695,1
26,kimi_k3_max,55.01688753986473,2
26,qwen3_8_max,52.45848406601837,3
26,claude_opus_4_8_max,46.286401852717404,4
26,gemini_3_1_pro_high,44.548051924815084,5
26,claude_fable_5_max,38.76879527680267,6
26,deepseek_v4_pro_max,38.4141280013946,7
26,gpt_5_6_sol_max,22.778317225707628,8
26,deepseek_v4_flash_max,22.422464465482328,9
27,claude_opus_4_8_max,77.02593520886904,1
27,gemini_3_1_pro_high,63.50094969184307,2
27,kimi_k3_max,62.201198937676835,3
27,deepseek_v4_pro_max,43.95275100554469,4
27,claude_fable_5_max,42.00920519965431,5
27,gpt_5_5_xhigh,37.96382170040088,6
27,gpt_5_6_sol_max,36.44950808955488,7
27,qwen3_8_max,23.447901769429002,8
27,deepseek_v4_flash_max,14.517094994923081,9
28,claude_opus_4_8_max,81.66567276654308,1
28,gpt_5_5_xhigh,62.39534131625746,2
28,gemini_3_1_pro_high,49.96437321005561,3
28,qwen3_8_max,47.22468672303218,4
28,deepseek_v4_pro_max,43.030836769717745,5
28,gpt_5_6_sol_max,38.074106541438994,6
28,claude_fable_5_max,30.08322156430451,7
28,kimi_k3_max,29.53426107251767,8
28,deepseek_v4_flash_max,4.291522963920887,9
29,gpt_5_5_xhigh,71.84677294010118,1
29,gemini_3_1_pro_high,67.47540009273175,2
29,gpt_5_6_sol_max,67.28827525193813,3
29,claude_opus_4_8_max,46.242075961772855,4
29,kimi_k3_max,42.86810975932836,5
29,deepseek_v4_pro_max,29.174032536341933,6
29,qwen3_8_max,22.74481110198546,7
29,claude_fable_5_max,19.888840431144846,8
29,deepseek_v4_flash_max,11.054109061973682,9
30,claude_opus_4_8_max,69.11901546853954,1
30,kimi_k3_max,52.446742095046055,2
30,claude_fable_5_max,50.44490437373061,3
30,gpt_5_5_xhigh,35.19577821293187,4
30,gemini_3_1_pro_high,32.94499732819308,5
30,qwen3_8_max,30.13586756532178,6
30,gpt_5_6_sol_max,28.84780997125347,7
30,deepseek_v4_flash_max,23.919173354013843,8
30,deepseek_v4_pro_max,17.378898082434723,9
31,claude_fable_5_max,75.06015321578283,1
31,claude_opus_4_8_max,72.17711508704676,2
31,gemini_3_1_pro_high,68.93827340936389,3
31,gpt_5_5_xhigh,46.00345120452202,4
31,qwen3_8_max,42.262977880096685,5
31,deepseek_v4_pro_max,33.62831448791374,6
31,kimi_k3_max,21.675728092785395,7
31,gpt_5_6_sol_max,21.203316898637524,8
31,deepseek_v4_flash_max,4.645220360377845,9
32,claude_fable_5_max,75.33005537930626,1
32,gpt_5_6_sol_max,61.35036798713,2
32,qwen3_8_max,53.76316031738618,3
32,deepseek_v4_pro_max,48.47905250196669,4
32,gpt_5_5_xhigh,40.311374296302795,5
32,kimi_k3_max,40.27259997361544,6
32,claude_opus_4_8_max,32.55276251625956,7
32,deepseek_v4_flash_max,28.849516023358255,8
32,gemini_3_1_pro_high,24.101411843497466,9
33,gemini_3_1_pro_high,74.72273340320139,1
33,kimi_k3_max,74.42624103846094,2
33,gpt_5_6_sol_max,51.81866621397943,3
33,claude_fable_5_max,49.11750133819048,4
33,gpt_5_5_xhigh,44.88477614989089,5
33,qwen3_8_max,33.680006582234114,6
33,deepseek_v4_pro_max,24.717244909961444,7
33,deepseek_v4_flash_max,22.533363524683786,8
33,claude_opus_4_8_max,17.798392629440933,9
34,kimi_k3_max,62.09510312582907,1
34,gemini_3_1_pro_high,60.63353081167306,2
34,claude_opus_4_8_max,59.27702817598339,3
34,claude_fable_5_max,55.612891848367425,4
34,deepseek_v4_pro_max,48.779007122867554,5
34,gpt_5_5_xhigh,48.092171523520435,6
34,qwen3_8_max,43.92095742261276,7
34,gpt_5_6_sol_max,33.54167893042846,8
34,deepseek_v4_flash_max,28.9492515773509,9
35,claude_opus_4_8_max,76.63579708736933,1
35,gemini_3_1_pro_high,67.37952089377684,2
35,claude_fable_5_max,65.60453729014243,3
35,qwen3_8_max,63.808576661448626,4
35,deepseek_v4_pro_max,34.56924920146681,5
35,gpt_5_5_xhigh,28.16522430574721,6
35,gpt_5_6_sol_max,25.602739630792748,7
35,kimi_k3_max,23.45702338862786,8
35,deepseek_v4_flash_max,14.597598040240896,9
36,kimi_k3_max,68.78628808758396,1
36,gpt_5_5_xhigh,61.28393955684503,2
36,claude_fable_5_max,58.05487673985563,3
36,gpt_5_6_sol_max,51.8130564681834,4
36,qwen3_8_max,43.15547549404348,5
36,deepseek_v4_pro_max,36.195597265075214,6
36,claude_opus_4_8_max,35.04582595116565,7
36,gemini_3_1_pro_high,30.958923054372846,8
36,deepseek_v4_flash_max,22.357259102528978,9
37,gpt_5_6_sol_max,61.87479949525191,1
37,gemini_3_1_pro_high,57.18200055193208,2
37,claude_fable_5_max,55.688235320831005,3
37,gpt_5_5_xhigh,53.23793274466442,4
37,kimi_k3_max,46.7179826034231,5
37,qwen3_8_max,43.05634253343458,6
37,deepseek_v4_pro_max,38.303180040323205,7
37,deepseek_v4_flash_max,21.17427121395451,8
37,claude_opus_4_8_max,18.05336714309264,9
38,gpt_5_6_sol_max,81.417213056147,1
38,claude_fable_5_max,67.94020169005353,2
38,gemini_3_1_pro_high,56.89403969250438,3
38,qwen3_8_max,53.83397381827212,4
38,claude_opus_4_8_max,45.513198733144065,5
38,kimi_k3_max,41.582092339932906,6
38,deepseek_v4_pro_max,34.212518276242406,7
38,gpt_5_5_xhigh,33.105631268492914,8
38,deepseek_v4_flash_max,16.001358786170265,9
39,gpt_5_5_xhigh,77.01077857176236,1
39,claude_fable_5_max,46.712083057537704,2
39,gemini_3_1_pro_high,39.55496418556942,3
39,gpt_5_6_sol_max,39.53896873111215,4
39,kimi_k3_max,35.80332551777763,5
39,deepseek_v4_flash_max,35.351103124438495,6
39,qwen3_8_max,26.517150793766703,7
39,claude_opus_4_8_max,21.466274444409343,8
39,deepseek_v4_pro_max,20.317800430853353,9
40,claude_opus_4_8_max,70.35982266331177,1
40,claude_fable_5_max,55.488836106437006,2
40,kimi_k3_max,49.61825995065639,3
40,qwen3_8_max,49.31010690145514,4
40,gpt_5_5_xhigh,36.726871141187736,5
40,gpt_5_6_sol_max,33.61262300996531,6
40,deepseek_v4_pro_max,33.37387006797948,7
40,deepseek_v4_flash_max,26.132053975373232,8
40,gemini_3_1_pro_high,24.60942969532193,9
41,gemini_3_1_pro_high,74.51124917571107,1
41,claude_opus_4_8_max,67.33539485543487,2
41,gpt_5_6_sol_max,63.42307925649746,3
41,qwen3_8_max,61.29080276650869,4
41,claude_fable_5_max,57.06703749709844,5
41,kimi_k3_max,53.3058918066494,6
41,deepseek_v4_pro_max,49.36197819168414,7
41,deepseek_v4_flash_max,39.626642718373986,8
41,gpt_5_5_xhigh,21.02687201751781,9
42,gpt_5_6_sol_max,68.6084566079904,1
42,gemini_3_1_pro_high,48.840121964040364,2
42,gpt_5_5_xhigh,46.12365519266372,3
42,claude_fable_5_max,44.264034355614875,4
42,kimi_k3_max,40.45852815305528,5
42,claude_opus_4_8_max,39.51584554521592,6
42,qwen3_8_max,37.10781063935881,7
42,deepseek_v4_flash_max,23.352828479952144,8
42,deepseek_v4_pro_max,23.306474433387287,9
43,claude_fable_5_max,84.32378340971187,1
43,gpt_5_6_sol_max,66.18275525401741,2
43,gemini_3_1_pro_high,62.56904645198144,3
43,gpt_5_5_xhigh,58.341500533763764,4
43,kimi_k3_max,49.50226031222947,5
43,qwen3_8_max,41.89819683284297,6
43,deepseek_v4_flash_max,36.31600590066198,7
43,claude_opus_4_8_max,32.56578932463426,8
43,deepseek_v4_pro_max,21.32086037160432,9
44,claude_opus_4_8_max,74.68660942086137,1
44,qwen3_8_max,70.01652802306003,2
44,claude_fable_5_max,65.41858507470833,3
44,gemini_3_1_pro_high,61.917964157078586,4
44,gpt_5_6_sol_max,57.95657721746361,5
44,gpt_5_5_xhigh,38.77098929841541,6
44,deepseek_v4_pro_max,24.826581349056404,7
44,kimi_k3_max,19.65973737166455,8
44,deepseek_v4_flash_max,10.530803966059116,9
45,claude_fable_5_max,73.75287852494914,1
45,gpt_5_6_sol_max,55.0217148095463,2
45,gemini_3_1_pro_high,54.2906915566311,3
45,gpt_5_5_xhigh,53.18283746114756,4
45,kimi_k3_max,41.30386986324289,5
45,qwen3_8_max,40.1882097490474,6
45,deepseek_v4_pro_max,38.58223998315588,7
45,deepseek_v4_flash_max,33.24146242799581,8
45,claude_opus_4_8_max,31.611757593580368,9
46,kimi_k3_max,77.91770881871118,1
46,claude_fable_5_max,60.349588150914826,2
46,gpt_5_6_sol_max,56.85186171616771,3
46,gemini_3_1_pro_high,54.141100742233434,4
46,gpt_5_5_xhigh,51.408424743122,5
46,deepseek_v4_pro_max,45.39476349700884,6
46,qwen3_8_max,43.42405239832243,7
46,claude_opus_4_8_max,28.401371861323437,8
46,deepseek_v4_flash_max,5.583603377072003,9
47,claude_fable_5_max,66.57985771664582,1
47,kimi_k3_max,53.42972983253974,2
47,gemini_3_1_pro_high,47.92436937911977,3
47,gpt_5_6_sol_max,44.756418545628286,4
47,qwen3_8_max,44.18816134485249,5
47,gpt_5_5_xhigh,39.698530392191,6
47,deepseek_v4_flash_max,34.03111223928295,7
47,claude_opus_4_8_max,27.5176078827788,8
47,deepseek_v4_pro_max,14.42577583819053,9
48,gemini_3_1_pro_high,68.873497559561,1
48,gpt_5_5_xhigh,60.56555862542717,2
48,claude_fable_5_max,60.31614053902759,3
48,deepseek_v4_pro_max,45.97177590520886,4
48,qwen3_8_max,45.4509965964137,5
48,gpt_5_6_sol_max,38.871725034207095,6
48,kimi_k3_max,37.072626218196575,7
48,claude_opus_4_8_max,26.74589982792226,8
48,deepseek_v4_flash_max,18.489942313096925,9
49,kimi_k3_max,67.35767453581735,1
49,gpt_5_5_xhigh,62.57186562827299,2
49,gpt_5_6_sol_max,54.388696046577735,3
49,qwen3_8_max,53.436384696847526,4
49,gemini_3_1_pro_high,42.34576435192574,5
49,claude_fable_5_max,35.264099020873324,6
49,claude_opus_4_8_max,35.066751627113106,7
49,deepseek_v4_pro_max,31.46168249655494,8
49,deepseek_v4_flash_max,21.576620444771518,9
50,gemini_3_1_pro_high,84.15378396679523,1
50,kimi_k3_max,72.32532879445972,2
50,qwen3_8_max,60.01647069896104,3
50,claude_fable_5_max,56.371306561001255,4
50,gpt_5_6_sol_max,51.93656910487145,5
50,gpt_5_5_xhigh,47.16149347377325,6
50,claude_opus_4_8_max,39.48776654571559,7
50,deepseek_v4_pro_max,15.119917246797293,8
50,deepseek_v4_flash_max,12.75904557980398,9
51,gpt_5_6_sol_max,82.98259006093163,1
51,kimi_k3_max,72.16934769237466,2
51,claude_fable_5_max,55.869730568157664,3
51,gemini_3_1_pro_high,55.10535876753501,4
51,qwen3_8_max,41.22561079076761,5
51,deepseek_v4_pro_max,40.400589014655615,6
51,gpt_5_5_xhigh,32.980774200670474,7
51,claude_opus_4_8_max,29.60320036093488,8
51,deepseek_v4_flash_max,21.495790131886025,9
52,claude_opus_4_8_max,84.84041764689172,1
52,gpt_5_5_xhigh,66.21556451926219,2
52,deepseek_v4_pro_max,44.7285077790195,3
52,claude_fable_5_max,43.876404243576275,4
52,deepseek_v4_flash_max,43.15707561833101,5
52,qwen3_8_max,38.28028835142368,6
52,kimi_k3_max,27.577898017646028,7
52,gpt_5_6_sol_max,26.33125780443111,8
52,gemini_3_1_pro_high,18.647688952722575,9
53,gemini_3_1_pro_high,76.46269360409296,1
53,claude_fable_5_max,64.12886027510609,2
53,qwen3_8_max,62.583120638561276,3
53,kimi_k3_max,59.483732317307435,4
53,gpt_5_5_xhigh,55.78274676383998,5
53,gpt_5_6_sol_max,54.02206910146691,6
53,deepseek_v4_pro_max,35.03595491219146,7
53,claude_opus_4_8_max,32.44752342937589,8
53,deepseek_v4_flash_max,22.733909383123837,9
54,claude_fable_5_max,83.89638352198511,1
54,gemini_3_1_pro_high,78.25462580265386,2
54,qwen3_8_max,66.66777835955043,3
54,gpt_5_6_sol_max,63.35601400873027,4
54,kimi_k3_max,44.3355629221564,5
54,claude_opus_4_8_max,35.185907244051336,6
54,deepseek_v4_flash_max,34.46051248387906,7
54,gpt_5_5_xhigh,33.792227885241175,8
54,deepseek_v4_pro_max,8.808763580422925,9
55,kimi_k3_max,74.161873079335,1
55,claude_opus_4_8_max,73.68713739447003,2
55,gemini_3_1_pro_high,61.14485849354443,3
55,gpt_5_6_sol_max,50.255391746124715,4
55,gpt_5_5_xhigh,41.42420693774848,5
55,deepseek_v4_flash_max,40.734912542227,6
55,qwen3_8_max,23.83425563871922,7
55,claude_fable_5_max,20.253714972743396,8
55,deepseek_v4_pro_max,15.48024493793546,9
56,gpt_5_6_sol_max,61.35792732229797,1
56,qwen3_8_max,55.529265474441985,2
56,gpt_5_5_xhigh,55.21486897387514,3
56,claude_opus_4_8_max,53.195380756579375,4
56,kimi_k3_max,51.35034798312658,5
56,claude_fable_5_max,46.06532596453471,6
56,deepseek_v4_pro_max,25.244008640704966,7
56,deepseek_v4_flash_max,23.774053988021006,8
56,gemini_3_1_pro_high,14.12477314048847,9
57,gpt_5_6_sol_max,80.61804777402948,1
57,gpt_5_5_xhigh,52.02441264410503,2
57,claude_opus_4_8_max,50.96739783076005,3
57,gemini_3_1_pro_high,49.557690567388164,4
57,claude_fable_5_max,48.43269233875621,5
57,qwen3_8_max,45.48699419763224,6
57,deepseek_v4_flash_max,21.66461435496415,7
57,kimi_k3_max,20.81511491339369,8
57,deepseek_v4_pro_max,18.3513420405356,9
58,gpt_5_6_sol_max,69.49025535262656,1
58,gpt_5_5_xhigh,56.21755162381179,2
58,gemini_3_1_pro_high,56.20184121313936,3
58,claude_opus_4_8_max,47.905342844038465,4
58,kimi_k3_max,42.11432767599652,5
58,claude_fable_5_max,40.823413686292746,6
58,qwen3_8_max,38.76398043194051,7
58,deepseek_v4_pro_max,32.91920700519583,8
58,deepseek_v4_flash_max,9.210927304502542,9
59,gpt_5_6_sol_max,68.09351377790709,1
59,claude_fable_5_max,56.357564731272326,2
59,deepseek_v4_pro_max,44.400451180698596,3
59,gemini_3_1_pro_high,42.95873428030518,4
59,claude_opus_4_8_max,40.43619803351968,5
59,kimi_k3_max,37.51892777641656,6
59,qwen3_8_max,34.91460139225963,7
59,deepseek_v4_flash_max,20.512654633202963,8
59,gpt_5_5_xhigh,20.120254546832527,9
60,claude_opus_4_8_max,69.05840440893554,1
60,gemini_3_1_pro_high,65.6237743724034,2
60,gpt_5_5_xhigh,65.54715052414335,3
60,claude_fable_5_max,60.88366544722926,4
60,qwen3_8_max,43.66914320183584,5
60,kimi_k3_max,39.644824198316684,6
60,gpt_5_6_sol_max,31.83378010943047,7
60,deepseek_v4_pro_max,23.269743316636564,8
60,deepseek_v4_flash_max,19.55031491792011,9
61,gpt_5_6_sol_max,82.68256798527378,1
61,kimi_k3_max,81.11269151831748,2
61,gpt_5_5_xhigh,65.3756084121434,3
61,claude_fable_5_max,59.61536952871655,4
61,deepseek_v4_flash_max,29.5130501979863,5
61,qwen3_8_max,24.122847129495312,6
61,deepseek_v4_pro_max,20.057778855285214,7
61,gemini_3_1_pro_high,19.611027300654918,8
61,claude_opus_4_8_max,19.334041878813128,9
62,gpt_5_6_sol_max,66.64934269606339,1
62,qwen3_8_max,63.73937546704639,2
62,claude_fable_5_max,63.2876848091408,3
62,gemini_3_1_pro_high,53.99758324116033,4
62,gpt_5_5_xhigh,45.93835051983895,5
62,kimi_k3_max,45.126581924936005,6
62,claude_opus_4_8_max,30.849455645784023,7
62,deepseek_v4_flash_max,20.13898363998434,8
62,deepseek_v4_pro_max,18.877502973653108,9
63,kimi_k3_max,77.24938895847876,1
63,qwen3_8_max,54.25414194444824,2
63,claude_fable_5_max,48.68716482378001,3
63,gpt_5_6_sol_max,46.54316484672882,4
63,gpt_5_5_xhigh,32.032637396550726,5
63,deepseek_v4_flash_max,27.861913930279286,6
63,claude_opus_4_8_max,27.60980374284103,7
63,gemini_3_1_pro_high,24.791132098804255,8
63,deepseek_v4_pro_max,17.734772919373164,9
64,kimi_k3_max,56.138400848148265,1
64,gpt_5_5_xhigh,55.903672990464116,2
64,gpt_5_6_sol_max,40.21053342468744,3
64,deepseek_v4_flash_max,38.36004962758061,4
64,claude_opus_4_8_max,33.32595725499034,5
64,claude_fable_5_max,30.19617476819634,6
64,qwen3_8_max,25.487646056549906,7
64,gemini_3_1_pro_high,23.12071731041156,8
64,deepseek_v4_pro_max,22.98235247753764,9
65,gpt_5_6_sol_max,76.61415197545041,1
65,qwen3_8_max,64.74123831857995,2
65,claude_fable_5_max,63.627624421924764,3
65,gpt_5_5_xhigh,63.44763112044275,4
65,gemini_3_1_pro_high,47.992941227101,5
65,kimi_k3_max,40.28180855295582,6
65,claude_opus_4_8_max,30.11394130769528,7
65,deepseek_v4_flash_max,25.83960939114528,8
65,deepseek_v4_pro_max,23.80183053343439,9
66,claude_fable_5_max,72.87054048944509,1
66,kimi_k3_max,69.24774841715164,2
66,gpt_5_6_sol_max,50.23073444082367,3
66,gemini_3_1_pro_high,48.432971096896864,4
66,deepseek_v4_pro_max,47.02917777005383,5
66,gpt_5_5_xhigh,44.85823403146426,6
66,qwen3_8_max,42.543269688689364,7
66,claude_opus_4_8_max,34.23863021839433,8
66,deepseek_v4_flash_max,21.841842265770175,9
67,gpt_5_6_sol_max,75.5276409876854,1
67,gpt_5_5_xhigh,73.3088178158292,2
67,kimi_k3_max,68.19314907338456,3
67,qwen3_8_max,66.93642066483962,4
67,claude_fable_5_max,64.30337132603704,5
67,deepseek_v4_flash_max,42.60739452971478,6
67,gemini_3_1_pro_high,36.1292371872563,7
67,deepseek_v4_pro_max,33.34729832805906,8
67,claude_opus_4_8_max,23.355384132982678,9
68,gemini_3_1_pro_high,77.3863144689467,1
68,kimi_k3_max,73.04807669476844,2
68,qwen3_8_max,67.72171231667029,3
68,claude_opus_4_8_max,49.47870014444049,4
68,gpt_5_6_sol_max,44.96246913126352,5
68,claude_fable_5_max,37.204157854253225,6
68,gpt_5_5_xhigh,29.934824497778965,7
68,deepseek_v4_pro_max,28.677953969190515,8
68,deepseek_v4_flash_max,17.64571094583648,9
69,claude_opus_4_8_max,76.61449009326553,1
69,claude_fable_5_max,69.16323360660448,2
69,gemini_3_1_pro_high,59.23023447816543,3
69,gpt_5_5_xhigh,58.354885622249995,4
69,qwen3_8_max,54.293141914045066,5
69,gpt_5_6_sol_max,47.1886348341273,6
69,kimi_k3_max,32.80423771225666,7
69,deepseek_v4_pro_max,29.410135277219613,8
69,deepseek_v4_flash_max,20.53362795470162,9
70,kimi_k3_max,79.30981255633438,1
70,gpt_5_5_xhigh,68.5967869033069,2
70,claude_opus_4_8_max,66.65775125019346,3
70,gpt_5_6_sol_max,59.21723466401282,4
70,gemini_3_1_pro_high,50.41777142682264,5
70,qwen3_8_max,45.574017183681605,6
70,claude_fable_5_max,38.592652899596544,7
70,deepseek_v4_pro_max,31.271663517000547,8
70,deepseek_v4_flash_max,27.929271860807553,9
71,gemini_3_1_pro_high,73.79148540697767,1
71,gpt_5_5_xhigh,62.441403865315316,2
71,kimi_k3_max,59.5262800159119,3
71,claude_fable_5_max,53.6862620698015,4
71,qwen3_8_max,50.16939170136024,5
71,claude_opus_4_8_max,44.82966287301031,6
71,gpt_5_6_sol_max,42.98329702053337,7
71,deepseek_v4_flash_max,15.14279748809825,8
71,deepseek_v4_pro_max,14.993211444673662,9
72,gpt_5_6_sol_max,74.81170374917612,1
72,claude_opus_4_8_max,60.02175630017537,2
72,gpt_5_5_xhigh,55.98694083460099,3
72,kimi_k3_max,53.64386073137423,4
72,claude_fable_5_max,49.475008280543975,5
72,gemini_3_1_pro_high,46.47246788561776,6
72,deepseek_v4_flash_max,37.255141839448044,7
72,qwen3_8_max,31.579721805184406,8
72,deepseek_v4_pro_max,10.301293285871187,9
73,claude_opus_4_8_max,74.46445291036837,1
73,kimi_k3_max,57.788355790034984,2
73,qwen3_8_max,48.622131138266994,3
73,deepseek_v4_pro_max,42.36027338283338,4
73,claude_fable_5_max,37.760843889925155,5
73,gpt_5_6_sol_max,29.17307400118386,6
73,gemini_3_1_pro_high,26.446239483746574,7
73,gpt_5_5_xhigh,24.509900247706316,8
73,deepseek_v4_flash_max,19.585488858504757,9
74,gpt_5_5_xhigh,69.00475642595974,1
74,claude_fable_5_max,61.438127964038884,2
74,gemini_3_1_pro_high,52.048608834485904,3
74,gpt_5_6_sol_max,49.582861560382185,4
74,kimi_k3_max,31.62616414588949,5
74,qwen3_8_max,29.975457576598988,6
74,deepseek_v4_pro_max,22.546230775343542,7
74,claude_opus_4_8_max,20.177934379398536,8
74,deepseek_v4_flash_max,15.163560552864013,9
75,claude_fable_5_max,78.32696802971947,1
75,gpt_5_5_xhigh,56.62428517843306,2
75,claude_opus_4_8_max,52.31544094840857,3
75,gemini_3_1_pro_high,50.51246140086636,4
75,deepseek_v4_pro_max,46.36351914128598,5
75,kimi_k3_max,32.38313839299467,6
75,qwen3_8_max,30.01602678931007,7
75,gpt_5_6_sol_max,16.819353990269608,8
75,deepseek_v4_flash_max,6.488184996753509,9
76,qwen3_8_max,72.57928530150417,1
76,gpt_5_6_sol_max,66.89654974974327,2
76,gpt_5_5_xhigh,63.51611368320297,3
76,claude_opus_4_8_max,50.30690428181158,4
76,claude_fable_5_max,39.43705824556447,5
76,deepseek_v4_pro_max,30.978811116632198,6
76,kimi_k3_max,18.355776857278702,7
76,deepseek_v4_flash_max,17.563920577035965,8
76,gemini_3_1_pro_high,11.67132553428733,9
77,kimi_k3_max,73.55206010509119,1
77,claude_fable_5_max,72.33259227614653,2
77,gpt_5_6_sol_max,68.79309233272512,3
77,gpt_5_5_xhigh,60.47241622096645,4
77,gemini_3_1_pro_high,58.500310187318235,5
77,qwen3_8_max,57.721333207631744,6
77,deepseek_v4_flash_max,33.73458681244594,7
77,claude_opus_4_8_max,26.237561194237298,8
77,deepseek_v4_pro_max,4.805520472406373,9
78,gemini_3_1_pro_high,67.58029765138535,1
78,claude_opus_4_8_max,64.18069571076528,2
78,gpt_5_6_sol_max,58.97753792319955,3
78,kimi_k3_max,47.70001243209783,4
78,qwen3_8_max,43.01867148081323,5
78,gpt_5_5_xhigh,41.59195240576233,6
78,deepseek_v4_pro_max,38.369860941120436,7
78,claude_fable_5_max,31.220169122969153,8
78,deepseek_v4_flash_max,30.09472073951661,9
79,claude_fable_5_max,85.15855179622162,1
79,kimi_k3_max,59.80584608717318,2
79,qwen3_8_max,56.484805505184056,3
79,claude_opus_4_8_max,50.768605585591914,4
79,gpt_5_6_sol_max,37.50568651649962,5
79,deepseek_v4_pro_max,37.16558631981334,6
79,gpt_5_5_xhigh,27.07940315778104,7
79,deepseek_v4_flash_max,20.885788447024943,8
79,gemini_3_1_pro_high,19.722356849362704,9
80,gpt_5_5_xhigh,73.43264621792397,1
80,kimi_k3_max,49.72461671312624,2
80,gpt_5_6_sol_max,43.72517340166385,3
80,gemini_3_1_pro_high,39.8868592301414,4
80,claude_fable_5_max,31.734310948379964,5
80,qwen3_8_max,28.920198026130617,6
80,deepseek_v4_pro_max,28.065892958814963,7
80,claude_opus_4_8_max,21.44685972682698,8
80,deepseek_v4_flash_max,18.591740560050813,9
81,gpt_5_6_sol_max,57.076495957935066,1
81,gemini_3_1_pro_high,53.10828337794989,2
81,deepseek_v4_pro_max,51.668370315976524,3
81,gpt_5_5_xhigh,43.29224380617194,4
81,kimi_k3_max,41.9137344758617,5
81,claude_fable_5_max,41.26924295564947,6
81,qwen3_8_max,31.099891116922755,7
81,claude_opus_4_8_max,23.935398263421423,8
81,deepseek_v4_flash_max,10.106505364344933,9
82,claude_fable_5_max,88.61270434233116,1
82,claude_opus_4_8_max,62.89795091924808,2
82,gemini_3_1_pro_high,58.62872596758986,3
82,gpt_5_5_xhigh,47.98179995898279,4
82,kimi_k3_max,43.02482067187865,5
82,deepseek_v4_pro_max,37.24182057727073,6
82,gpt_5_6_sol_max,34.660394150980885,7
82,deepseek_v4_flash_max,25.358377371181327,8
82,qwen3_8_max,24.872414587581545,9
83,claude_opus_4_8_max,70.11999441997699,1
83,gemini_3_1_pro_high,65.26085005734087,2
83,kimi_k3_max,62.45778269976538,3
83,qwen3_8_max,46.05243404855577,4
83,claude_fable_5_max,42.85234025101327,5
83,gpt_5_6_sol_max,40.95559865320697,6
83,gpt_5_5_xhigh,30.37980877243782,7
83,deepseek_v4_pro_max,24.612220167398203,8
83,deepseek_v4_flash_max,20.179053486986923,9
84,claude_opus_4_8_max,64.62643324618901,1
84,kimi_k3_max,60.70912958193924,2
84,qwen3_8_max,60.44164098397574,3
84,gpt_5_6_sol_max,55.68987371633956,4
84,deepseek_v4_pro_max,35.74569467272735,5
84,gemini_3_1_pro_high,28.569883656719746,6
84,gpt_5_5_xhigh,25.10359317725162,7
84,claude_fable_5_max,12.48114563894088,8
84,deepseek_v4_flash_max,10.599216502652661,9
85,qwen3_8_max,67.94575349334792,1
85,gemini_3_1_pro_high,65.6069813222929,2
85,claude_fable_5_max,58.55964655845875,3
85,deepseek_v4_pro_max,50.47805141574795,4
85,gpt_5_5_xhigh,46.31936017310267,5
85,claude_opus_4_8_max,45.50898559728128,6
85,gpt_5_6_sol_max,42.10228322433038,7
85,kimi_k3_max,29.60761637200413,8
85,deepseek_v4_flash_max,9.982036930876333,9
86,gpt_5_6_sol_max,65.75920666653096,1
86,qwen3_8_max,59.11967911678943,2
86,claude_fable_5_max,58.1137806187467,3
86,kimi_k3_max,48.418574766069746,4
86,deepseek_v4_pro_max,42.75559003899265,5
86,claude_opus_4_8_max,39.390711635374885,6
86,gemini_3_1_pro_high,30.139709332096125,7
86,deepseek_v4_flash_max,23.542522584847593,8
86,gpt_5_5_xhigh,16.910684406472125,9
87,claude_fable_5_max,75.81301603559291,1
87,gpt_5_5_xhigh,41.46862267226104,2
87,kimi_k3_max,40.051483439189525,3
87,deepseek_v4_flash_max,39.309542739928226,4
87,gemini_3_1_pro_high,36.14681468342137,5
87,gpt_5_6_sol_max,32.352479450107964,6
87,qwen3_8_max,27.805796974228535,7
87,claude_opus_4_8_max,26.217113301280868,8
87,deepseek_v4_pro_max,14.426307005228498,9
88,qwen3_8_max,80.37777313642087,1
88,kimi_k3_max,78.95313836173435,2
88,gemini_3_1_pro_high,71.73477103070165,3
88,gpt_5_5_xhigh,62.96170161177612,4
88,gpt_5_6_sol_max,60.7521865424685,5
88,claude_fable_5_max,56.19118051630086,6
88,deepseek_v4_pro_max,28.50799209430886,7
88,claude_opus_4_8_max,26.456085041147347,8
88,deepseek_v4_flash_max,24.381715348238234,9
89,kimi_k3_max,75.29032571778453,1
89,gpt_5_6_sol_max,67.3263316804907,2
89,deepseek_v4_flash_max,51.93802522616306,3
89,gemini_3_1_pro_high,51.88524127556097,4
89,claude_opus_4_8_max,50.65665838875326,5
89,qwen3_8_max,49.52652626550773,6
89,gpt_5_5_xhigh,34.469267637615566,7
89,claude_fable_5_max,18.990512475372764,8
89,deepseek_v4_pro_max,0.0,9
90,gpt_5_6_sol_max,76.02963496346985,1
90,claude_opus_4_8_max,67.29679865130507,2
90,kimi_k3_max,58.46199498588024,3
90,claude_fable_5_max,42.52090477373277,4
90,gpt_5_5_xhigh,41.26685437092752,5
90,qwen3_8_max,40.35501896197113,6
90,gemini_3_1_pro_high,29.349782542146393,7
90,deepseek_v4_pro_max,27.94004727989936,8
90,deepseek_v4_flash_max,17.240980491905013,9
91,claude_fable_5_max,75.24887513944279,1
91,kimi_k3_max,73.40291139458621,2
91,gpt_5_6_sol_max,53.02056250059212,3
91,gemini_3_1_pro_high,51.891229836679706,4
91,gpt_5_5_xhigh,41.64642747524261,5
91,qwen3_8_max,32.817744996454124,6
91,deepseek_v4_flash_max,31.095336995929138,7
91,claude_opus_4_8_max,30.7684997720662,8
91,deepseek_v4_pro_max,12.384106040884598,9
92,gemini_3_1_pro_high,80.1243539165782,1
92,gpt_5_5_xhigh,66.4179392978229,2
92,kimi_k3_max,65.82361501694348,3
92,qwen3_8_max,47.103478434581774,4
92,claude_opus_4_8_max,45.49078371591632,5
92,deepseek_v4_flash_max,40.32738883587609,6
92,claude_fable_5_max,35.444759922448426,7
92,gpt_5_6_sol_max,31.66596688644725,8
92,deepseek_v4_pro_max,10.90694069685374,9
93,claude_opus_4_8_max,71.34883981035442,1
93,gpt_5_6_sol_max,70.09014753880429,2
93,gemini_3_1_pro_high,69.16892602597348,3
93,kimi_k3_max,51.16653070708845,4
93,claude_fable_5_max,34.08054622301303,5
93,gpt_5_5_xhigh,31.37773364999048,6
93,deepseek_v4_pro_max,25.77185888116321,7
93,qwen3_8_max,20.336484838235318,8
93,deepseek_v4_flash_max,19.074881694053726,9
94,claude_fable_5_max,76.8567072145983,1
94,gpt_5_6_sol_max,70.09209123455346,2
94,qwen3_8_max,50.57087248209153,3
94,claude_opus_4_8_max,50.36388973060846,4
94,kimi_k3_max,40.82397678865408,5
94,deepseek_v4_pro_max,36.74527481238782,6
94,gpt_5_5_xhigh,28.013078873783275,7
94,deepseek_v4_flash_max,26.6575694870142,8
94,gemini_3_1_pro_high,23.7203425186138,9
95,claude_opus_4_8_max,68.83533504099532,1
95,deepseek_v4_flash_max,39.378388509284086,2
95,kimi_k3_max,39.301536519417084,3
95,qwen3_8_max,37.70575900328477,4
95,claude_fable_5_max,29.90983534244231,5
95,gpt_5_5_xhigh,27.984971150435804,6
95,gemini_3_1_pro_high,14.14100923588653,7
95,gpt_5_6_sol_max,13.573193355594867,8
95,deepseek_v4_pro_max,8.863612806725401,9
96,gpt_5_5_xhigh,72.9630275595598,1
96,claude_fable_5_max,71.96716933252799,2
96,qwen3_8_max,60.54026560815518,3
96,kimi_k3_max,56.30057426611853,4
96,gemini_3_1_pro_high,55.10075493010167,5
96,gpt_5_6_sol_max,31.44855794491898,6
96,deepseek_v4_flash_max,28.699646914052252,7
96,deepseek_v4_pro_max,25.624464867671673,8
96,claude_opus_4_8_max,24.481939175508483,9
97,gpt_5_5_xhigh,71.86748561987292,1
97,claude_fable_5_max,60.23132514920667,2
97,kimi_k3_max,43.85476721407562,3
97,qwen3_8_max,37.972855143014684,4
97,deepseek_v4_pro_max,30.802541335675002,5
97,claude_opus_4_8_max,29.80235897650327,6
97,gemini_3_1_pro_high,26.862756840381458,7
97,gpt_5_6_sol_max,14.298739574053762,8
97,deepseek_v4_flash_max,12.097690258710424,9
98,qwen3_8_max,76.91495224277054,1
98,kimi_k3_max,54.44564360068618,2
98,claude_opus_4_8_max,43.734378604174694,3
98,claude_fable_5_max,40.05075890085242,4
98,deepseek_v4_pro_max,34.660758432567185,5
98,gpt_5_5_xhigh,27.243780449821685,6
98,gpt_5_6_sol_max,24.202883219535003,7
98,gemini_3_1_pro_high,23.453549608229594,8
98,deepseek_v4_flash_max,14.369245006812381,9
99,kimi_k3_max,70.99170472564236,1
99,claude_fable_5_max,70.98768277470673,2
99,qwen3_8_max,40.58155118497338,3
99,deepseek_v4_pro_max,38.55227525081484,4
99,gpt_5_5_xhigh,34.455488610746,5
99,claude_opus_4_8_max,29.856624007058954,6
99,gpt_5_6_sol_max,26.874214622149342,7
99,gemini_3_1_pro_high,22.966319788683318,8
99,deepseek_v4_flash_max,9.388462455221024,9
100,gpt_5_6_sol_max,75.64903349822177,1
100,deepseek_v4_pro_max,52.197701759868664,2
100,gemini_3_1_pro_high,47.28858905553842,3
100,claude_opus_4_8_max,45.0697141882039,4
100,kimi_k3_max,44.1322244900516,5
100,claude_fable_5_max,32.72827917400525,6
100,qwen3_8_max,26.44480971285609,7
100,gpt_5_5_xhigh,25.675602603536078,8
100,deepseek_v4_flash_max,13.318515945260435,9
101,gpt_5_5_xhigh,70.05242459422428,1
101,claude_fable_5_max,64.58743995442465,2
101,claude_opus_4_8_max,57.30341029743739,3
101,qwen3_8_max,38.64946541057331,4
101,kimi_k3_max,33.11366737669865,5
101,deepseek_v4_flash_max,30.94678343342511,6
101,gemini_3_1_pro_high,30.46970775632571,7
101,deepseek_v4_pro_max,25.77524589396505,8
101,gpt_5_6_sol_max,21.05285585347059,9
102,claude_fable_5_max,58.848097175617596,1
102,gemini_3_1_pro_high,56.55683494226422,2
102,qwen3_8_max,55.619830641012975,3
102,gpt_5_5_xhigh,51.33163281762002,4
102,kimi_k3_max,39.922107263014766,5
102,deepseek_v4_flash_max,25.423752733713954,6
102,gpt_5_6_sol_max,24.388855166575656,7
102,claude_opus_4_8_max,18.24329218255883,8
102,deepseek_v4_pro_max,14.599968149205484,9
103,qwen3_8_max,77.98476167001421,1
103,claude_fable_5_max,67.67206897667025,2
103,kimi_k3_max,49.00122626457954,3
103,claude_opus_4_8_max,43.544048544360834,4
103,deepseek_v4_pro_max,39.29131903156549,5
103,gpt_5_6_sol_max,33.304533082895034,6
103,gpt_5_5_xhigh,32.12029631429554,7
103,gemini_3_1_pro_high,27.417088419378295,8
103,deepseek_v4_flash_max,13.906720739721974,9
104,gpt_5_5_xhigh,78.92199025911434,1
104,kimi_k3_max,72.30201231199203,2
104,deepseek_v4_pro_max,52.15605671758851,3
104,gpt_5_6_sol_max,45.665547956020276,4
104,gemini_3_1_pro_high,41.64766603737954,5
104,deepseek_v4_flash_max,35.38211241339231,6
104,claude_fable_5_max,34.85084361830377,7
104,qwen3_8_max,23.48676445094448,8
104,claude_opus_4_8_max,21.470111586135967,9
105,claude_fable_5_max,67.38225880834463,1
105,gpt_5_5_xhigh,65.80939554577475,2
105,gpt_5_6_sol_max,60.731152844620404,3
105,qwen3_8_max,55.45750908935604,4
105,deepseek_v4_flash_max,52.09184191687382,5
105,kimi_k3_max,40.17618078286735,6
105,gemini_3_1_pro_high,36.97448368203558,7
105,claude_opus_4_8_max,33.637658600809836,8
105,deepseek_v4_pro_max,10.588027789463359,9
106,gpt_5_6_sol_max,78.06870590218867,1
106,qwen3_8_max,64.24368517410345,2
106,claude_opus_4_8_max,61.14324542524596,3
106,claude_fable_5_max,37.24801867754111,4
106,gpt_5_5_xhigh,27.620670677125815,5
106,kimi_k3_max,25.079533013473263,6
106,deepseek_v4_flash_max,20.289331814343072,7
106,deepseek_v4_pro_max,20.206779459255486,8
106,gemini_3_1_pro_high,17.984293465601038,9
107,gemini_3_1_pro_high,70.94007515574394,1
107,claude_fable_5_max,62.72792575274869,2
107,kimi_k3_max,58.607887574160685,3
107,gpt_5_5_xhigh,51.54757218741764,4
107,claude_opus_4_8_max,46.85899241179216,5
107,qwen3_8_max,43.38145609102457,6
107,gpt_5_6_sol_max,39.58948186197392,7
107,deepseek_v4_pro_max,20.795921647642622,8
107,deepseek_v4_flash_max,8.384345241928822,9
108,gpt_5_5_xhigh,74.37344990753664,1
108,claude_opus_4_8_max,53.691339324123106,2
108,kimi_k3_max,52.678925556769165,3
108,claude_fable_5_max,49.74987344139731,4
108,gemini_3_1_pro_high,42.81242352277824,5
108,deepseek_v4_flash_max,41.32545710384246,6
108,gpt_5_6_sol_max,35.734922188403246,7
108,qwen3_8_max,34.80544692511132,8
108,deepseek_v4_pro_max,17.626321365850913,9
109,claude_fable_5_max,75.77840903556539,1
109,claude_opus_4_8_max,70.57038471421285,2
109,qwen3_8_max,70.31423355074055,3
109,gpt_5_6_sol_max,59.33866110656511,4
109,deepseek_v4_flash_max,47.1430409664906,5
109,gpt_5_5_xhigh,41.15546799469273,6
109,deepseek_v4_pro_max,40.25578959314552,7
109,gemini_3_1_pro_high,37.55922782266903,8
109,kimi_k3_max,16.568734335848767,9
110,qwen3_8_max,63.40456115071477,1
110,gemini_3_1_pro_high,63.101903266672835,2
110,gpt_5_5_xhigh,61.751880718200105,3
110,claude_fable_5_max,51.324432830365566,4
110,claude_opus_4_8_max,49.01356750761301,5
110,kimi_k3_max,34.61574146915288,6
110,gpt_5_6_sol_max,29.831753158498916,7
110,deepseek_v4_pro_max,20.23691980371488,8
110,deepseek_v4_flash_max,20.07264729445496,9
111,claude_opus_4_8_max,81.28142130224819,1
111,gemini_3_1_pro_high,73.42794351423522,2
111,qwen3_8_max,56.537386977411074,3
111,kimi_k3_max,50.369724883575515,4
111,gpt_5_5_xhigh,46.19163843580287,5
111,gpt_5_6_sol_max,31.33515895826322,6
111,deepseek_v4_flash_max,24.329884337419003,7
111,claude_fable_5_max,24.008129266835745,8
111,deepseek_v4_pro_max,23.673661253858203,9
112,gemini_3_1_pro_high,86.79365201194099,1
112,claude_fable_5_max,78.87476708103969,2
112,qwen3_8_max,59.03366699896456,3
112,gpt_5_6_sol_max,53.72129683683525,4
112,claude_opus_4_8_max,50.30679916262203,5
112,gpt_5_5_xhigh,41.092003568117306,6
112,deepseek_v4_flash_max,29.693829011910406,7
112,deepseek_v4_pro_max,19.66055780130329,8
112,kimi_k3_max,17.80367752999623,9
113,gpt_5_6_sol_max,52.94854119817528,1
113,qwen3_8_max,52.07415160909103,2
113,claude_fable_5_max,51.61089676972482,3
113,claude_opus_4_8_max,44.35289594457839,4
113,kimi_k3_max,43.65786662580949,5
113,gemini_3_1_pro_high,40.82664582877305,6
113,deepseek_v4_pro_max,36.85011009904278,7
113,deepseek_v4_flash_max,30.388908457087865,8
113,gpt_5_5_xhigh,27.012266582946346,9
114,claude_opus_4_8_max,72.63005450065674,1
114,gemini_3_1_pro_high,71.04274165681912,2
114,claude_fable_5_max,63.68019702673958,3
114,qwen3_8_max,55.71279245482626,4
114,kimi_k3_max,44.82026164741221,5
114,deepseek_v4_flash_max,36.27551329001701,6
114,gpt_5_6_sol_max,31.810315492771473,7
114,gpt_5_5_xhigh,30.07507077754662,8
114,deepseek_v4_pro_max,25.25376466467508,9
115,gpt_5_5_xhigh,77.87529524646214,1
115,kimi_k3_max,68.341123200004,2
115,deepseek_v4_pro_max,56.5873364538508,3
115,claude_opus_4_8_max,50.51016929606672,4
115,claude_fable_5_max,47.351402633459124,5
115,gemini_3_1_pro_high,39.38155008835407,6
115,qwen3_8_max,34.42593237777316,7
115,deepseek_v4_flash_max,26.650238873296544,8
115,gpt_5_6_sol_max,23.25328035600927,9
116,gpt_5_5_xhigh,78.39527380572262,1
116,gemini_3_1_pro_high,69.08264353861036,2
116,claude_opus_4_8_max,66.79283666514193,3
116,gpt_5_6_sol_max,49.11055007147203,4
116,claude_fable_5_max,41.29470625915899,5
116,qwen3_8_max,36.82659859990182,6
116,kimi_k3_max,33.75432549685051,7
116,deepseek_v4_flash_max,17.078120327194394,8
116,deepseek_v4_pro_max,16.439018117593953,9
117,claude_opus_4_8_max,66.5354873920846,1
117,gpt_5_5_xhigh,40.43676197165786,2
117,claude_fable_5_max,39.84905789513002,3
117,gemini_3_1_pro_high,29.06099936988573,4
117,qwen3_8_max,25.48434682481703,5
117,kimi_k3_max,22.863388285163236,6
117,gpt_5_6_sol_max,14.422450595673027,7
117,deepseek_v4_flash_max,13.111636813689394,8
117,deepseek_v4_pro_max,12.353172886060058,9
118,gemini_3_1_pro_high,64.82485523144231,1
118,gpt_5_5_xhigh,63.63433852170395,2
118,claude_opus_4_8_max,61.72807943667034,3
118,qwen3_8_max,44.79285969435443,4
118,deepseek_v4_flash_max,38.912832592748174,5
118,gpt_5_6_sol_max,36.15767267237306,6
118,claude_fable_5_max,35.04817972055754,7
118,kimi_k3_max,31.248384132332802,8
118,deepseek_v4_pro_max,10.15633513617212,9
119,qwen3_8_max,66.1428683771695,1
119,gemini_3_1_pro_high,65.74105172009135,2
119,gpt_5_5_xhigh,64.88068182221673,3
119,claude_fable_5_max,56.31510215527376,4
119,deepseek_v4_pro_max,40.245792614167634,5
119,claude_opus_4_8_max,26.65233811816677,6
119,gpt_5_6_sol_max,23.42144716196514,7
119,kimi_k3_max,18.26515445337053,8
119,deepseek_v4_flash_max,17.374227063477775,9
120,claude_fable_5_max,70.46571463560787,1
120,gpt_5_6_sol_max,59.13146227985935,2
120,gemini_3_1_pro_high,45.68052263556459,3
120,gpt_5_5_xhigh,41.20491013498105,4
120,qwen3_8_max,40.210175015961696,5
120,kimi_k3_max,28.063812278040906,6
120,deepseek_v4_flash_max,27.279632137814332,7
120,deepseek_v4_pro_max,26.464018207720812,8
120,claude_opus_4_8_max,22.351849633653828,9
121,gpt_5_6_sol_max,76.35402367422057,1
121,claude_fable_5_max,66.83912334025274,2
121,gemini_3_1_pro_high,51.56628296769635,3
121,qwen3_8_max,50.91678071599023,4
121,deepseek_v4_flash_max,49.454932142169625,5
121,kimi_k3_max,46.98061196996455,6
121,claude_opus_4_8_max,46.59345793899027,7
121,deepseek_v4_pro_max,19.196087748094627,8
121,gpt_5_5_xhigh,14.443736723884726,9
122,gpt_5_5_xhigh,67.73549853728619,1
122,claude_opus_4_8_max,67.05469179266403,2
122,kimi_k3_max,66.42528809600016,3
122,claude_fable_5_max,60.89392330424192,4
122,qwen3_8_max,58.28258288422456,5
122,gpt_5_6_sol_max,48.640855195798196,6
122,deepseek_v4_flash_max,33.10806564901433,7
122,deepseek_v4_pro_max,32.858336701371876,8
122,gemini_3_1_pro_high,15.180484363322007,9
123,claude_fable_5_max,74.7976987695601,1
123,gpt_5_6_sol_max,57.710374587109676,2
123,gpt_5_5_xhigh,46.007029118718684,3
123,gemini_3_1_pro_high,35.222231602882154,4
123,claude_opus_4_8_max,32.49150056226419,5
123,qwen3_8_max,32.40992510328977,6
123,deepseek_v4_pro_max,25.401141755507208,7
123,kimi_k3_max,23.997968111508108,8
123,deepseek_v4_flash_max,15.885382278325924,9
124,claude_fable_5_max,86.75901242299159,1
124,gemini_3_1_pro_high,70.69276195943723,2
124,gpt_5_6_sol_max,61.960462732991815,3
124,kimi_k3_max,54.72654942428853,4
124,gpt_5_5_xhigh,51.79632131112267,5
124,qwen3_8_max,50.07380083156007,6
124,claude_opus_4_8_max,32.90304971357,7
124,deepseek_v4_pro_max,28.935665057164083,8
124,deepseek_v4_flash_max,14.231337921461087,9
125,gpt_5_6_sol_max,82.22862894801081,1
125,gpt_5_5_xhigh,67.5200024231606,2
125,kimi_k3_max,54.895235970044276,3
125,claude_fable_5_max,52.13930356140494,4
125,gemini_3_1_pro_high,43.39949353526595,5
125,qwen3_8_max,42.44732137497417,6
125,deepseek_v4_pro_max,41.09452696212786,7
125,claude_opus_4_8_max,31.561902587318485,8
125,deepseek_v4_flash_max,13.740232230636268,9
126,gpt_5_5_xhigh,69.35527415026766,1
126,qwen3_8_max,55.17154772801606,2
126,claude_opus_4_8_max,46.23629043409581,3
126,claude_fable_5_max,32.980934507654574,4
126,kimi_k3_max,26.380611751835037,5
126,gpt_5_6_sol_max,25.53893959311448,6
126,deepseek_v4_flash_max,24.123616983073212,7
126,deepseek_v4_pro_max,16.27275411400232,8
126,gemini_3_1_pro_high,11.116158136992869,9
127,gpt_5_6_sol_max,83.92800470852808,1
127,qwen3_8_max,59.92812882962721,2
127,gemini_3_1_pro_high,54.905249242012864,3
127,gpt_5_5_xhigh,49.499077084088285,4
127,claude_opus_4_8_max,42.734733349337354,5
127,claude_fable_5_max,41.87946842812819,6
127,kimi_k3_max,40.401511690589906,7
127,deepseek_v4_pro_max,29.778204897409797,8
127,deepseek_v4_flash_max,25.544082115585084,9
128,claude_opus_4_8_max,70.75620055485162,1
128,gemini_3_1_pro_high,61.650903165423955,2
128,qwen3_8_max,47.93403876483225,3
128,kimi_k3_max,44.29588164004715,4
128,gpt_5_6_sol_max,34.78856607569478,5
128,gpt_5_5_xhigh,33.760003848446914,6
128,deepseek_v4_pro_max,33.40006429502235,7
128,claude_fable_5_max,28.187265662228143,8
128,deepseek_v4_flash_max,8.607877766709993,9
129,claude_fable_5_max,77.79554530296566,1
129,qwen3_8_max,69.90505451659962,2
129,gpt_5_6_sol_max,57.774391600600005,3
129,gemini_3_1_pro_high,54.3063880256957,4
129,kimi_k3_max,53.25154765634538,5
129,gpt_5_5_xhigh,51.44789031434192,6
129,deepseek_v4_pro_max,36.83573010236128,7
129,claude_opus_4_8_max,24.308650074507106,8
129,deepseek_v4_flash_max,18.442666685047527,9
130,gemini_3_1_pro_high,73.6537997788933,1
130,gpt_5_5_xhigh,56.195958989868686,2
130,kimi_k3_max,56.15895758338313,3
130,qwen3_8_max,55.159274760669106,4
130,deepseek_v4_pro_max,51.39464378627091,5
130,claude_opus_4_8_max,49.93774323881975,6
130,gpt_5_6_sol_max,36.113611520898644,7
130,claude_fable_5_max,35.92904534028034,8
130,deepseek_v4_flash_max,15.556562409890784,9
131,kimi_k3_max,85.11838311123824,1
131,gpt_5_6_sol_max,50.7379153995916,2
131,gemini_3_1_pro_high,36.215753379663084,3
131,claude_fable_5_max,34.965562499785634,4
131,claude_opus_4_8_max,29.699375147115102,5
131,deepseek_v4_pro_max,25.446120734044612,6
131,qwen3_8_max,23.464516152562926,7
131,gpt_5_5_xhigh,20.984932209820713,8
131,deepseek_v4_flash_max,4.800832180411885,9
132,claude_fable_5_max,80.89461140784431,1
132,gemini_3_1_pro_high,56.95726418396273,2
132,kimi_k3_max,50.54242797873064,3
132,qwen3_8_max,50.26546679290536,4
132,gpt_5_6_sol_max,37.74951336785521,5
132,claude_opus_4_8_max,34.82872251462285,6
132,gpt_5_5_xhigh,21.96408564958928,7
132,deepseek_v4_pro_max,21.6768989551421,8
132,deepseek_v4_flash_max,1.030875808335222,9
133,gpt_5_6_sol_max,84.06471211402695,1
133,gemini_3_1_pro_high,67.0012128726205,2
133,qwen3_8_max,53.09661398472501,3
133,kimi_k3_max,37.77075725989561,4
133,gpt_5_5_xhigh,35.156911816896375,5
133,claude_opus_4_8_max,34.14752775379537,6
133,deepseek_v4_flash_max,32.96519599975594,7
133,claude_fable_5_max,22.901236380934442,8
133,deepseek_v4_pro_max,9.840696365224806,9
134,claude_fable_5_max,86.39640592180558,1
134,gemini_3_1_pro_high,62.60940454602311,2
134,claude_opus_4_8_max,59.266810725057326,3
134,kimi_k3_max,46.94109877805157,4
134,qwen3_8_max,45.518063692552495,5
134,gpt_5_6_sol_max,40.79102582246482,6
134,deepseek_v4_pro_max,32.95457405776981,7
134,deepseek_v4_flash_max,26.642122141825865,8
134,gpt_5_5_xhigh,26.640895083167027,9
135,claude_fable_5_max,73.34146692396418,1
135,gpt_5_6_sol_max,70.21856371597109,2
135,kimi_k3_max,65.19918663759913,3
135,gemini_3_1_pro_high,50.76764095393232,4
135,gpt_5_5_xhigh,49.70088827358183,5
135,qwen3_8_max,43.631359696412574,6
135,deepseek_v4_pro_max,40.64376755385259,7
135,deepseek_v4_flash_max,25.648131639857525,8
135,claude_opus_4_8_max,23.172113707769498,9
136,claude_fable_5_max,81.45028999669867,1
136,kimi_k3_max,67.31253773742165,2
136,gemini_3_1_pro_high,51.53926062043108,3
136,qwen3_8_max,48.66928035500723,4
136,gpt_5_5_xhigh,47.14284019128398,5
136,gpt_5_6_sol_max,35.213301551381505,6
136,deepseek_v4_flash_max,33.241730809460385,7
136,claude_opus_4_8_max,27.648711433536988,8
136,deepseek_v4_pro_max,16.4749462277439,9
137,claude_opus_4_8_max,63.19179467234497,1
137,claude_fable_5_max,60.32841611876349,2
137,kimi_k3_max,60.25023038556664,3
137,qwen3_8_max,59.405510687860136,4
137,gemini_3_1_pro_high,59.19359054425955,5
137,gpt_5_6_sol_max,57.46361353111961,6
137,deepseek_v4_flash_max,31.324251921897815,7
137,gpt_5_5_xhigh,28.755712582169657,8
137,deepseek_v4_pro_max,21.998739827730535,9
138,qwen3_8_max,72.43319763588708,1
138,claude_fable_5_max,72.36464361986182,2
138,gpt_5_6_sol_max,55.473396734026224,3
138,kimi_k3_max,35.25472325230012,4
138,gemini_3_1_pro_high,32.76375087009887,5
138,deepseek_v4_pro_max,30.78498781619338,6
138,gpt_5_5_xhigh,27.52941846779437,7
138,deepseek_v4_flash_max,24.8097124877986,8
138,claude_opus_4_8_max,21.98409252709797,9
139,gpt_5_6_sol_max,65.02223964824633,1
139,gpt_5_5_xhigh,62.459059829705225,2
139,gemini_3_1_pro_high,62.3241712282523,3
139,claude_fable_5_max,41.15700364956167,4
139,claude_opus_4_8_max,40.062296186104774,5
139,kimi_k3_max,37.064652770911806,6
139,qwen3_8_max,28.79298028594725,7
139,deepseek_v4_flash_max,22.8442860757656,8
139,deepseek_v4_pro_max,16.230902970955594,9
140,gpt_5_5_xhigh,74.02129591811843,1
140,gpt_5_6_sol_max,68.4873030412865,2
140,claude_fable_5_max,58.20316128903633,3
140,qwen3_8_max,55.37588969461268,4
140,kimi_k3_max,54.06896918117717,5
140,gemini_3_1_pro_high,40.10194448285433,6
140,claude_opus_4_8_max,32.97601878242531,7
140,deepseek_v4_flash_max,19.689048870419036,8
140,deepseek_v4_pro_max,18.159818618325183,9
141,gpt_5_6_sol_max,79.98397763619616,1
141,claude_fable_5_max,75.90410112669193,2
141,gpt_5_5_xhigh,72.41810703547937,3
141,qwen3_8_max,50.44162161520595,4
141,kimi_k3_max,49.04583054224836,5
141,gemini_3_1_pro_high,44.281088905335345,6
141,deepseek_v4_flash_max,38.435073575447376,7
141,claude_opus_4_8_max,30.738432330486567,8
141,deepseek_v4_pro_max,24.012594363505556,9
142,gemini_3_1_pro_high,65.84269717568904,1
142,claude_fable_5_max,63.19231688814038,2
142,gpt_5_6_sol_max,53.54829281208986,3
142,claude_opus_4_8_max,46.30937013278536,4
142,deepseek_v4_flash_max,41.62461447927748,5
142,gpt_5_5_xhigh,36.98488484543776,6
142,kimi_k3_max,29.206224716511258,7
142,qwen3_8_max,27.049115637352607,8
142,deepseek_v4_pro_max,22.20185016885647,9
143,kimi_k3_max,82.69159022843269,1
143,gemini_3_1_pro_high,65.19578627381779,2
143,gpt_5_6_sol_max,57.525224130385034,3
143,deepseek_v4_flash_max,43.4072959733078,4
143,gpt_5_5_xhigh,35.8266398910313,5
143,claude_opus_4_8_max,32.11907448857617,6
143,qwen3_8_max,31.208064304100418,7
143,deepseek_v4_pro_max,24.18309237343047,8
143,claude_fable_5_max,23.836541449226473,9
144,claude_fable_5_max,78.73728439023132,1
144,gpt_5_6_sol_max,67.53396903522483,2
144,kimi_k3_max,49.2909148170431,3
144,gpt_5_5_xhigh,46.42044458529398,4
144,deepseek_v4_pro_max,44.49431559581517,5
144,qwen3_8_max,44.406383122188856,6
144,gemini_3_1_pro_high,27.94345599070197,7
144,deepseek_v4_flash_max,22.077467993157246,8
144,claude_opus_4_8_max,17.556153975165028,9
145,gpt_5_6_sol_max,74.74231759627267,1
145,claude_fable_5_max,64.82544649518049,2
145,gpt_5_5_xhigh,54.63812611110228,3
145,kimi_k3_max,49.42965252926946,4
145,gemini_3_1_pro_high,39.57046798837948,5
145,claude_opus_4_8_max,29.147964477009204,6
145,qwen3_8_max,23.0451215903687,7
145,deepseek_v4_pro_max,22.352793857401235,8
145,deepseek_v4_flash_max,14.138345889965585,9
146,deepseek_v4_pro_max,61.04820650868595,1
146,gpt_5_5_xhigh,59.53707678316559,2
146,qwen3_8_max,56.097761139080106,3
146,kimi_k3_max,53.37954377002969,4
146,gemini_3_1_pro_high,46.47956984733925,5
146,claude_fable_5_max,44.97189632269243,6
146,claude_opus_4_8_max,39.677473441884075,7
146,gpt_5_6_sol_max,19.15290393811616,8
146,deepseek_v4_flash_max,15.275093897404748,9
147,claude_opus_4_8_max,80.047775645074,1
147,gpt_5_5_xhigh,76.22685471028151,2
147,gemini_3_1_pro_high,54.450191006784046,3
147,gpt_5_6_sol_max,43.66825280334382,4
147,kimi_k3_max,40.80235460086736,5
147,claude_fable_5_max,38.689082410689025,6
147,qwen3_8_max,29.055603695030438,7
147,deepseek_v4_flash_max,25.214914897402547,8
147,deepseek_v4_pro_max,22.128384924760454,9
148,gemini_3_1_pro_high,80.10505373908086,1
148,gpt_5_6_sol_max,66.79294223958573,2
148,claude_fable_5_max,65.62681516353283,3
148,gpt_5_5_xhigh,46.9308661521713,4
148,claude_opus_4_8_max,42.502485109844,5
148,qwen3_8_max,39.64953775560198,6
148,kimi_k3_max,30.469235153259696,7
148,deepseek_v4_flash_max,27.88057263161667,8
148,deepseek_v4_pro_max,18.961877876602138,9
149,gpt_5_5_xhigh,68.63006068735064,1
149,kimi_k3_max,57.450237977211984,2
149,claude_fable_5_max,57.35484192481,3
149,gemini_3_1_pro_high,54.45341903895198,4
149,deepseek_v4_pro_max,53.373373441800275,5
149,qwen3_8_max,45.15804501892403,6
149,claude_opus_4_8_max,41.83830125177467,7
149,deepseek_v4_flash_max,18.32698163714302,8
149,gpt_5_6_sol_max,16.430741080460606,9
150,claude_fable_5_max,58.27583684066805,1
150,kimi_k3_max,57.597212274470195,2
150,gpt_5_6_sol_max,55.116715494956715,3
150,claude_opus_4_8_max,52.68929922247784,4
150,deepseek_v4_pro_max,50.35963536154627,5
150,gemini_3_1_pro_high,42.00592361008175,6
150,qwen3_8_max,41.41684911632153,7
150,gpt_5_5_xhigh,27.09699836129038,8
150,deepseek_v4_flash_max,20.627282138430502,9
151,gpt_5_6_sol_max,79.97694824253466,1
151,claude_fable_5_max,37.07898170473321,2
151,kimi_k3_max,33.31134087251832,3
151,claude_opus_4_8_max,32.74791239664887,4
151,qwen3_8_max,32.55075954742802,5
151,gemini_3_1_pro_high,30.58670581334509,6
151,gpt_5_5_xhigh,25.168878672623038,7
151,deepseek_v4_pro_max,17.27978997735117,8
151,deepseek_v4_flash_max,11.066150595517488,9
152,claude_fable_5_max,64.50838159801795,1
152,gpt_5_5_xhigh,57.67926769632506,2
152,gemini_3_1_pro_high,46.96714621839712,3
152,deepseek_v4_flash_max,40.934378095431924,4
152,kimi_k3_max,38.378177275377396,5
152,claude_opus_4_8_max,35.36721747499237,6
152,deepseek_v4_pro_max,31.499983811039794,7
152,gpt_5_6_sol_max,27.945337000702267,8
152,qwen3_8_max,25.3644052927345,9
153,claude_fable_5_max,70.19745292463571,1
153,gpt_5_6_sol_max,62.27307251075837,2
153,claude_opus_4_8_max,54.88080329313959,3
153,gpt_5_5_xhigh,47.977911332843576,4
153,qwen3_8_max,44.949099904352266,5
153,kimi_k3_max,44.3242375941377,6
153,deepseek_v4_flash_max,27.862824666444723,7
153,deepseek_v4_pro_max,26.29343760994719,8
153,gemini_3_1_pro_high,19.615770958760216,9
154,qwen3_8_max,68.45384313827992,1
154,claude_opus_4_8_max,67.96658313299528,2
154,kimi_k3_max,56.10215909783503,3
154,deepseek_v4_pro_max,54.29580405808851,4
154,gpt_5_5_xhigh,52.555130796877705,5
154,gemini_3_1_pro_high,51.40783327731239,6
154,claude_fable_5_max,48.71907650863491,7
154,gpt_5_6_sol_max,36.381669470981976,8
154,deepseek_v4_flash_max,22.573499644797874,9
155,gpt_5_5_xhigh,72.71304285300766,1
155,kimi_k3_max,65.99512807208387,2
155,claude_fable_5_max,57.923332761896376,3
155,gpt_5_6_sol_max,53.429311517659855,4
155,deepseek_v4_flash_max,50.32692590451059,5
155,qwen3_8_max,48.706954677356684,6
155,gemini_3_1_pro_high,42.43150174241691,7
155,claude_opus_4_8_max,28.967040547603535,8
155,deepseek_v4_pro_max,23.70909802700249,9
156,claude_fable_5_max,87.05839051239691,1
156,gpt_5_6_sol_max,59.67388604837875,2
156,qwen3_8_max,49.31612177310902,3
156,gemini_3_1_pro_high,46.01999065355788,4
156,deepseek_v4_pro_max,42.710283883300455,5
156,claude_opus_4_8_max,42.40580775224609,6
156,gpt_5_5_xhigh,41.849517148091614,7
156,kimi_k3_max,33.71168994907659,8
156,deepseek_v4_flash_max,30.76171915990365,9
157,claude_opus_4_8_max,72.96297546800204,1
157,kimi_k3_max,54.00988703536625,2
157,claude_fable_5_max,50.58531539233009,3
157,gemini_3_1_pro_high,48.10716187680117,4
157,qwen3_8_max,47.124823941661134,5
157,gpt_5_5_xhigh,43.23441045542546,6
157,deepseek_v4_flash_max,37.25466742633499,7
157,deepseek_v4_pro_max,30.30374714777282,8
157,gpt_5_6_sol_max,28.099229139383386,9
158,kimi_k3_max,79.9299893957824,1
158,claude_fable_5_max,64.44165749007927,2
158,qwen3_8_max,55.27878425679775,3
158,claude_opus_4_8_max,50.015413544873844,4
158,gpt_5_6_sol_max,46.41841784697414,5
158,gpt_5_5_xhigh,43.596657221598505,6
158,deepseek_v4_pro_max,38.61912607378862,7
158,deepseek_v4_flash_max,32.26944690022489,8
158,gemini_3_1_pro_high,15.890384617898912,9
159,kimi_k3_max,74.89960192468004,1
159,qwen3_8_max,74.16816262804053,2
159,gpt_5_5_xhigh,62.41410385054746,3
159,claude_opus_4_8_max,59.33819028228768,4
159,gemini_3_1_pro_high,50.2762901919801,5
159,claude_fable_5_max,46.31932111629929,6
159,deepseek_v4_pro_max,27.344678442100246,7
159,gpt_5_6_sol_max,26.01133039975055,8
159,deepseek_v4_flash_max,25.998085379011194,9
160,gpt_5_6_sol_max,74.37549777383327,1
160,gemini_3_1_pro_high,56.84201058302797,2
160,qwen3_8_max,56.44107619934647,3
160,kimi_k3_max,41.14423943589166,4
160,deepseek_v4_flash_max,41.06259252959202,5
160,claude_opus_4_8_max,32.45350607137426,6
160,claude_fable_5_max,30.99703517579555,7
160,gpt_5_5_xhigh,27.862485283893097,8
160,deepseek_v4_pro_max,11.367849498300973,9
161,claude_fable_5_max,88.29894812450809,1
161,gpt_5_6_sol_max,66.14049633787764,2
161,kimi_k3_max,54.60973221911855,3
161,claude_opus_4_8_max,47.15977282946747,4
161,gpt_5_5_xhigh,43.816978095562064,5
161,qwen3_8_max,40.15277058822173,6
161,deepseek_v4_flash_max,34.30132967313604,7
161,deepseek_v4_pro_max,22.316867052457216,8
161,gemini_3_1_pro_high,20.192479706408808,9
162,claude_fable_5_max,70.66976548928616,1
162,gemini_3_1_pro_high,63.899278678594385,2
162,kimi_k3_max,58.77160459667918,3
162,qwen3_8_max,55.32809992432338,4
162,claude_opus_4_8_max,45.15052921901964,5
162,deepseek_v4_pro_max,42.86582538827251,6
162,gpt_5_5_xhigh,31.468506011490014,7
162,gpt_5_6_sol_max,23.625986057742647,8
162,deepseek_v4_flash_max,20.72298483018769,9
163,kimi_k3_max,71.81951026706656,1
163,claude_fable_5_max,64.9221300574217,2
163,deepseek_v4_pro_max,39.00155551118918,3
163,gpt_5_6_sol_max,36.83505007296286,4
163,gemini_3_1_pro_high,35.76277241873165,5
163,claude_opus_4_8_max,33.47404036382248,6
163,qwen3_8_max,32.053543157411056,7
163,gpt_5_5_xhigh,30.246332565562568,8
163,deepseek_v4_flash_max,26.421042330972046,9
164,claude_opus_4_8_max,80.29899385600363,1
164,qwen3_8_max,69.7897522378208,2
164,kimi_k3_max,51.378824733988594,3
164,claude_fable_5_max,46.77109411694863,4
164,gpt_5_5_xhigh,41.04872453596758,5
164,deepseek_v4_flash_max,31.436604919292297,6
164,gpt_5_6_sol_max,27.1947756053964,7
164,deepseek_v4_pro_max,23.22155827071369,8
164,gemini_3_1_pro_high,12.768513373128773,9
165,gpt_5_6_sol_max,60.742172714582146,1
165,claude_fable_5_max,58.91443257107942,2
165,gpt_5_5_xhigh,50.465820383103136,3
165,kimi_k3_max,47.04253485164382,4
165,deepseek_v4_pro_max,42.658065516602264,5
165,qwen3_8_max,39.96883685441166,6
165,claude_opus_4_8_max,34.141904617180614,7
165,gemini_3_1_pro_high,29.90410946535907,8
165,deepseek_v4_flash_max,29.17858728856121,9
166,claude_fable_5_max,73.89370846930504,1
166,kimi_k3_max,67.70280927540729,2
166,gemini_3_1_pro_high,50.27627392250304,3
166,gpt_5_5_xhigh,50.012498585250846,4
166,gpt_5_6_sol_max,49.596036902000506,5
166,qwen3_8_max,32.016653359814065,6
166,deepseek_v4_flash_max,29.293267993499697,7
166,claude_opus_4_8_max,23.201877717343883,8
166,deepseek_v4_pro_max,20.512594326465887,9
167,gpt_5_5_xhigh,80.87261551554107,1
167,claude_fable_5_max,65.74172664709978,2
167,kimi_k3_max,55.105883108626024,3
167,qwen3_8_max,54.06749356471789,4
167,deepseek_v4_flash_max,46.206813989781395,5
167,gemini_3_1_pro_high,36.217504103421305,6
167,claude_opus_4_8_max,32.00963285630943,7
167,deepseek_v4_pro_max,23.728911004983175,8
167,gpt_5_6_sol_max,23.493833668526726,9
168,gpt_5_5_xhigh,56.84627718683923,1
168,claude_opus_4_8_max,55.955936632331486,2
168,claude_fable_5_max,40.58456084029247,3
168,qwen3_8_max,38.887278136431405,4
168,gemini_3_1_pro_high,36.175967716033796,5
168,gpt_5_6_sol_max,31.747702135056247,6
168,deepseek_v4_pro_max,26.49073614657143,7
168,kimi_k3_max,25.96833054409504,8
168,deepseek_v4_flash_max,19.597601266814188,9
169,claude_fable_5_max,72.3354326468413,1
169,gpt_5_6_sol_max,67.84064465957943,2
169,qwen3_8_max,65.51077782277983,3
169,kimi_k3_max,59.79682325610497,4
169,deepseek_v4_flash_max,57.96998772997446,5
169,gpt_5_5_xhigh,42.78925396755891,6
169,claude_opus_4_8_max,40.26873434362538,7
169,gemini_3_1_pro_high,35.05836121096824,8
169,deepseek_v4_pro_max,9.29256068714243,9
170,claude_fable_5_max,90.76543055927579,1
170,gpt_5_5_xhigh,49.40994966866674,2
170,gpt_5_6_sol_max,41.825856679236864,3
170,kimi_k3_max,34.606440363371135,4
170,gemini_3_1_pro_high,31.176797130937047,5
170,deepseek_v4_pro_max,24.64209573166894,6
170,claude_opus_4_8_max,22.652070084092095,7
170,qwen3_8_max,15.145796506253491,8
170,deepseek_v4_flash_max,6.350251246369126,9
171,claude_fable_5_max,83.98811584617069,1
171,gemini_3_1_pro_high,49.74169577122019,2
171,gpt_5_6_sol_max,46.16051417065466,3
171,kimi_k3_max,40.67871828201135,4
171,claude_opus_4_8_max,39.01571940276073,5
171,qwen3_8_max,37.10263144983008,6
171,gpt_5_5_xhigh,28.034283212902526,7
171,deepseek_v4_pro_max,21.75130888307563,8
171,deepseek_v4_flash_max,5.391054172495761,9
172,gemini_3_1_pro_high,75.4292564882881,1
172,claude_fable_5_max,61.901893067995466,2
172,kimi_k3_max,54.79225648485982,3
172,gpt_5_6_sol_max,52.89716889625558,4
172,qwen3_8_max,42.695224586044574,5
172,claude_opus_4_8_max,35.04948674525698,6
172,deepseek_v4_pro_max,32.850774104861316,7
172,gpt_5_5_xhigh,32.76220190916453,8
172,deepseek_v4_flash_max,15.981710554778783,9
173,claude_opus_4_8_max,77.51361078377215,1
173,gpt_5_5_xhigh,75.29481254723314,2
173,qwen3_8_max,65.89874206516926,3
173,gpt_5_6_sol_max,52.73503988860428,4
173,kimi_k3_max,40.75735164277453,5
173,claude_fable_5_max,38.00329761929699,6
173,gemini_3_1_pro_high,37.93388192960059,7
173,deepseek_v4_pro_max,29.02321022613137,8
173,deepseek_v4_flash_max,23.75516518907681,9
174,gemini_3_1_pro_high,68.05559022801937,1
174,gpt_5_6_sol_max,64.99668638796166,2
174,gpt_5_5_xhigh,61.00678507438724,3
174,qwen3_8_max,58.62491085736317,4
174,claude_fable_5_max,42.561859909734075,5
174,deepseek_v4_pro_max,36.71861897564693,6
174,claude_opus_4_8_max,28.424439207606667,7
174,kimi_k3_max,23.07267994122509,8
174,deepseek_v4_flash_max,22.79680370154113,9
175,gpt_5_5_xhigh,72.42659084588209,1
175,claude_fable_5_max,66.55640687939695,2
175,gpt_5_6_sol_max,61.97421180500025,3
175,claude_opus_4_8_max,61.77558176037118,4
175,qwen3_8_max,57.73644383353809,5
175,gemini_3_1_pro_high,42.9830563024563,6
175,kimi_k3_max,19.829100767413923,7
175,deepseek_v4_pro_max,14.946872662694,8
175,deepseek_v4_flash_max,4.839099173556743,9
176,gemini_3_1_pro_high,88.56620866286966,1
176,gpt_5_6_sol_max,71.59730384485634,2
176,claude_opus_4_8_max,62.67421505949659,3
176,qwen3_8_max,61.004297065272624,4
176,gpt_5_5_xhigh,48.939929455962066,5
176,claude_fable_5_max,42.218499964066794,6
176,kimi_k3_max,31.358674269224817,7
176,deepseek_v4_flash_max,21.13716372097758,8
176,deepseek_v4_pro_max,13.598301807335359,9
177,gpt_5_5_xhigh,72.17737079763188,1
177,kimi_k3_max,69.44208129407862,2
177,claude_fable_5_max,46.16861716622118,3
177,gemini_3_1_pro_high,43.94209374130854,4
177,deepseek_v4_pro_max,43.43242603453587,5
177,qwen3_8_max,38.275651305987125,6
177,gpt_5_6_sol_max,22.9571163981207,7
177,claude_opus_4_8_max,19.234260240216443,8
177,deepseek_v4_flash_max,10.4042650736871,9
178,claude_fable_5_max,84.51843015848604,1
178,gpt_5_5_xhigh,71.43704804597553,2
178,kimi_k3_max,65.84283814132945,3
178,qwen3_8_max,63.10117148087901,4
178,gemini_3_1_pro_high,40.49251510892908,5
178,deepseek_v4_pro_max,32.585310126149466,6
178,claude_opus_4_8_max,29.720569402771336,7
178,deepseek_v4_flash_max,23.55604473400176,8
178,gpt_5_6_sol_max,20.988286301470513,9
179,gpt_5_5_xhigh,71.5970000015455,1
179,gemini_3_1_pro_high,69.12646343562142,2
179,kimi_k3_max,61.06995712174537,3
179,claude_fable_5_max,52.75714255002593,4
179,claude_opus_4_8_max,49.86198413198888,5
179,deepseek_v4_flash_max,49.344821544407054,6
179,qwen3_8_max,47.31023127033747,7
179,gpt_5_6_sol_max,41.3329521042361,8
179,deepseek_v4_pro_max,20.187774815267492,9
180,gpt_5_6_sol_max,81.15607660042288,1
180,claude_opus_4_8_max,70.91667909253303,2
180,claude_fable_5_max,61.18517638549292,3
180,kimi_k3_max,56.916191833763506,4
180,qwen3_8_max,56.27640642226418,5
180,gemini_3_1_pro_high,54.757025545470036,6
180,gpt_5_5_xhigh,31.19229086112147,7
180,deepseek_v4_pro_max,29.031754422751824,8
180,deepseek_v4_flash_max,4.451875968325761,9
181,gpt_5_6_sol_max,78.8255236976745,1
181,claude_fable_5_max,76.3951771664797,2
181,qwen3_8_max,60.84781629858997,3
181,gemini_3_1_pro_high,60.79000148324404,4
181,claude_opus_4_8_max,46.70118892273317,5
181,kimi_k3_max,43.52282367543812,6
181,gpt_5_5_xhigh,24.413393859485552,7
181,deepseek_v4_flash_max,23.558238249241924,8
181,deepseek_v4_pro_max,22.286788441181542,9
182,gemini_3_1_pro_high,69.54615100103484,1
182,claude_fable_5_max,68.66337650877026,2
182,gpt_5_6_sol_max,45.683305195258015,3
182,claude_opus_4_8_max,38.17601759075716,4
182,deepseek_v4_flash_max,37.64436404518582,5
182,qwen3_8_max,35.14468369125466,6
182,kimi_k3_max,25.58766743668762,7
182,gpt_5_5_xhigh,25.499755185078893,8
182,deepseek_v4_pro_max,11.91203243194908,9
183,gpt_5_6_sol_max,62.99948005164217,1
183,claude_fable_5_max,48.97591563953341,2
183,gemini_3_1_pro_high,46.543204995319364,3
183,gpt_5_5_xhigh,44.65687241977201,4
183,claude_opus_4_8_max,43.99397701469965,5
183,kimi_k3_max,36.56849758329717,6
183,qwen3_8_max,28.96005142851089,7
183,deepseek_v4_flash_max,21.710705257082047,8
183,deepseek_v4_pro_max,6.43946203614912,9
184,gpt_5_6_sol_max,65.42305266736317,1
184,gemini_3_1_pro_high,57.82242261699389,2
184,claude_fable_5_max,54.90707974680019,3
184,deepseek_v4_flash_max,52.758905705462496,4
184,claude_opus_4_8_max,51.949271254949494,5
184,qwen3_8_max,51.261868184641294,6
184,gpt_5_5_xhigh,46.343980675597095,7
184,kimi_k3_max,21.377090548158236,8
184,deepseek_v4_pro_max,9.168882581836762,9
185,gpt_5_6_sol_max,85.47404515878421,1
185,deepseek_v4_pro_max,59.47811682254848,2
185,kimi_k3_max,59.471104448966514,3
185,claude_fable_5_max,58.05071135536002,4
185,claude_opus_4_8_max,55.537786584974505,5
185,qwen3_8_max,54.909960641460394,6
185,gemini_3_1_pro_high,52.6400751850679,7
185,deepseek_v4_flash_max,24.736390083529038,8
185,gpt_5_5_xhigh,24.614042434692422,9
186,gpt_5_6_sol_max,72.52894064409982,1
186,claude_fable_5_max,62.681783344683026,2
186,gemini_3_1_pro_high,55.81496442587082,3
186,kimi_k3_max,51.30429301393608,4
186,qwen3_8_max,32.24189254760924,5
186,gpt_5_5_xhigh,31.400784538937515,6
186,claude_opus_4_8_max,28.082232016095787,7
186,deepseek_v4_flash_max,25.025135527870333,8
186,deepseek_v4_pro_max,10.406445748215233,9
187,gpt_5_6_sol_max,71.62990681566373,1
187,kimi_k3_max,57.20470115025272,2
187,claude_fable_5_max,55.74940472078963,3
187,qwen3_8_max,51.98241746158887,4
187,gpt_5_5_xhigh,33.36589971200766,5
187,gemini_3_1_pro_high,32.12092862381482,6
187,claude_opus_4_8_max,30.46754134266808,7
187,deepseek_v4_flash_max,29.58254477097316,8
187,deepseek_v4_pro_max,21.428132918646554,9
188,gpt_5_5_xhigh,71.94939099564563,1
188,claude_opus_4_8_max,60.72594027579238,2
188,kimi_k3_max,53.70130901647187,3
188,deepseek_v4_pro_max,39.96904915651792,4
188,qwen3_8_max,39.112330076310606,5
188,claude_fable_5_max,32.39850259389815,6
188,gpt_5_6_sol_max,16.764355242256322,7
188,gemini_3_1_pro_high,16.042760289257547,8
188,deepseek_v4_flash_max,15.983217031168245,9
189,claude_fable_5_max,80.21617148637233,1
189,gpt_5_5_xhigh,59.72855901181683,2
189,kimi_k3_max,52.97721740893953,3
189,gemini_3_1_pro_high,45.382499254362884,4
189,gpt_5_6_sol_max,38.95045184612232,5
189,claude_opus_4_8_max,30.127809306596493,6
189,deepseek_v4_flash_max,27.23735459251433,7
189,deepseek_v4_pro_max,26.55434914282384,8
189,qwen3_8_max,21.33701897749422,9
190,gpt_5_6_sol_max,68.9004153657763,1
190,claude_fable_5_max,62.100823218478794,2
190,claude_opus_4_8_max,50.29620775592365,3
190,gpt_5_5_xhigh,50.062005561796354,4
190,kimi_k3_max,39.647603669379514,5
190,deepseek_v4_flash_max,35.4909630997531,6
190,qwen3_8_max,25.360567463457706,7
190,gemini_3_1_pro_high,19.09050835732645,8
190,deepseek_v4_pro_max,16.856835276817783,9
191,claude_fable_5_max,64.70111530208803,1
191,gpt_5_6_sol_max,63.55677525587312,2
191,qwen3_8_max,48.90457905684698,3
191,gemini_3_1_pro_high,42.64589559893736,4
191,kimi_k3_max,39.970087486514316,5
191,deepseek_v4_pro_max,39.02386521303645,6
191,claude_opus_4_8_max,38.60481986366814,7
191,gpt_5_5_xhigh,23.22388436039312,8
191,deepseek_v4_flash_max,16.723560237626813,9
192,claude_fable_5_max,81.01888055627863,1
192,gpt_5_6_sol_max,67.41607188697122,2
192,gemini_3_1_pro_high,49.4230398720463,3
192,qwen3_8_max,48.43353861088926,4
192,claude_opus_4_8_max,44.708812082678485,5
192,kimi_k3_max,43.50374077502452,6
192,gpt_5_5_xhigh,36.84611061426567,7
192,deepseek_v4_flash_max,31.60007493676315,8
192,deepseek_v4_pro_max,10.320791545086525,9
193,gpt_5_6_sol_max,74.23744575232611,1
193,gpt_5_5_xhigh,73.31775902358194,2
193,qwen3_8_max,63.56318110692054,3
193,kimi_k3_max,58.09683878422416,4
193,gemini_3_1_pro_high,54.924206689576536,5
193,claude_fable_5_max,44.038566402292304,6
193,deepseek_v4_pro_max,35.563829866304474,7
193,claude_opus_4_8_max,35.22424226166444,8
193,deepseek_v4_flash_max,19.32414344241898,9
194,claude_fable_5_max,62.60213754970178,1
194,kimi_k3_max,61.13263912891072,2
194,gpt_5_5_xhigh,57.426898864402254,3
194,claude_opus_4_8_max,52.38638133898429,4
194,qwen3_8_max,36.166176124360234,5
194,deepseek_v4_pro_max,34.04473081704282,6
194,gemini_3_1_pro_high,28.507880004724132,7
194,gpt_5_6_sol_max,18.63174967868633,8
194,deepseek_v4_flash_max,17.91297564376895,9
195,gpt_5_6_sol_max,83.02685544368487,1
195,qwen3_8_max,52.85812338912456,2
195,claude_fable_5_max,47.58417787962383,3
195,gpt_5_5_xhigh,44.95525488677965,4
195,gemini_3_1_pro_high,37.73040393192435,5
195,kimi_k3_max,33.98906670769807,6
195,claude_opus_4_8_max,33.17166888787281,7
195,deepseek_v4_flash_max,25.474647232701482,8
195,deepseek_v4_pro_max,16.04433251179337,9
196,qwen3_8_max,59.198832790385126,1
196,claude_fable_5_max,43.08758638181735,2
196,gpt_5_6_sol_max,38.67270520667407,3
196,claude_opus_4_8_max,35.13432327752246,4
196,kimi_k3_max,30.51616329604926,5
196,gemini_3_1_pro_high,28.957664210468934,6
196,deepseek_v4_pro_max,27.2653623815174,7
196,deepseek_v4_flash_max,26.385695564805744,8
196,gpt_5_5_xhigh,20.13754546060747,9
197,gemini_3_1_pro_high,75.26353784632931,1
197,gpt_5_6_sol_max,69.6655652068645,2
197,claude_opus_4_8_max,60.17117034637497,3
197,claude_fable_5_max,50.55754170021735,4
197,kimi_k3_max,48.54495067381102,5
197,deepseek_v4_flash_max,41.110051047732924,6
197,gpt_5_5_xhigh,35.07184200236101,7
197,qwen3_8_max,30.47465920816439,8
197,deepseek_v4_pro_max,22.45767393995564,9
198,gpt_5_6_sol_max,73.82807122397107,1
198,qwen3_8_max,73.29178942442736,2
198,claude_fable_5_max,61.18011583431136,3
198,gemini_3_1_pro_high,60.68650108724312,4
198,gpt_5_5_xhigh,58.295335602978355,5
198,kimi_k3_max,47.239404055436175,6
198,claude_opus_4_8_max,33.37017017856111,7
198,deepseek_v4_flash_max,23.17780622740728,8
198,deepseek_v4_pro_max,12.457433732240723,9
199,kimi_k3_max,72.08945272005492,1
199,gpt_5_5_xhigh,55.08525673106816,2
199,claude_fable_5_max,49.75166641973171,3
199,claude_opus_4_8_max,41.35484257725662,4
199,gpt_5_6_sol_max,38.781368896465175,5
199,deepseek_v4_pro_max,38.37042904350795,6
199,gemini_3_1_pro_high,35.318209236975235,7
199,qwen3_8_max,33.337629464959136,8
199,deepseek_v4_flash_max,12.006149496921264,9
200,claude_opus_4_8_max,69.67555314737443,1
200,gpt_5_6_sol_max,53.74998124811033,2
200,qwen3_8_max,47.351468870732965,3
200,gemini_3_1_pro_high,40.0280177369732,4
200,deepseek_v4_flash_max,37.32108339661691,5
200,kimi_k3_max,23.269904864684335,6
200,deepseek_v4_pro_max,22.97339580731488,7
200,gpt_5_5_xhigh,22.812669042651727,8
200,claude_fable_5_max,20.567337432317814,9
201,gpt_5_5_xhigh,84.25611464308412,1
201,gemini_3_1_pro_high,57.36281103115094,2
201,gpt_5_6_sol_max,51.646608016811804,3
201,qwen3_8_max,51.377034824489144,4
201,claude_fable_5_max,51.1220559038439,5
201,kimi_k3_max,48.38580845480344,6
201,deepseek_v4_flash_max,33.37550597702576,7
201,claude_opus_4_8_max,25.940589186359905,8
201,deepseek_v4_pro_max,17.773018691240885,9
202,kimi_k3_max,67.8910195003217,1
202,gpt_5_5_xhigh,55.57519963914447,2
202,gpt_5_6_sol_max,50.39108784209989,3
202,gemini_3_1_pro_high,48.65902337346371,4
202,claude_fable_5_max,43.62436896597287,5
202,deepseek_v4_pro_max,42.578271977601986,6
202,qwen3_8_max,42.063587701352276,7
202,claude_opus_4_8_max,41.327582873025506,8
202,deepseek_v4_flash_max,33.22648014844873,9
203,gpt_5_5_xhigh,72.22248797703344,1
203,claude_fable_5_max,54.936350395410166,2
203,gpt_5_6_sol_max,52.73350572144206,3
203,gemini_3_1_pro_high,48.09119671306681,4
203,claude_opus_4_8_max,46.38349150321644,5
203,qwen3_8_max,40.766868986389895,6
203,deepseek_v4_pro_max,34.282161959688,7
203,kimi_k3_max,30.771966176623874,8
203,deepseek_v4_flash_max,14.28579910828866,9
204,gpt_5_5_xhigh,75.82421658209282,1
204,claude_fable_5_max,73.21174790807567,2
204,gpt_5_6_sol_max,62.41897683295546,3
204,qwen3_8_max,47.80562264332954,4
204,deepseek_v4_flash_max,39.956649443821085,5
204,claude_opus_4_8_max,32.95530401144897,6
204,kimi_k3_max,27.985541331874927,7
204,deepseek_v4_pro_max,15.349721032503826,8
204,gemini_3_1_pro_high,15.148871944852216,9
205,gemini_3_1_pro_high,82.47891474738981,1
205,gpt_5_5_xhigh,59.66181441730123,2
205,qwen3_8_max,57.2291848695444,3
205,kimi_k3_max,49.77135845707899,4
205,claude_fable_5_max,48.027393916497445,5
205,gpt_5_6_sol_max,38.59027724756799,6
205,claude_opus_4_8_max,37.594481307995736,7
205,deepseek_v4_pro_max,27.814255724083793,8
205,deepseek_v4_flash_max,25.016212750464103,9
206,gpt_5_6_sol_max,74.7832736832342,1
206,qwen3_8_max,52.237424111005,2
206,kimi_k3_max,42.41459000159076,3
206,claude_fable_5_max,40.3829224318057,4
206,gemini_3_1_pro_high,31.902965800489763,5
206,deepseek_v4_flash_max,31.19464569825715,6
206,gpt_5_5_xhigh,25.706755043261396,7
206,claude_opus_4_8_max,24.87443815238932,8
206,deepseek_v4_pro_max,8.52334775287903,9
207,claude_fable_5_max,74.10355118048042,1
207,gpt_5_5_xhigh,54.99046774488491,2
207,claude_opus_4_8_max,53.5448411090753,3
207,gpt_5_6_sol_max,53.08319244676446,4
207,gemini_3_1_pro_high,46.6408542400916,5
207,deepseek_v4_pro_max,45.51038820177864,6
207,qwen3_8_max,38.808900164128644,7
207,kimi_k3_max,18.332679629182437,8
207,deepseek_v4_flash_max,17.786106758310577,9
208,gpt_5_5_xhigh,75.36553144178251,1
208,claude_fable_5_max,69.93182512431804,2
208,qwen3_8_max,65.3542283132272,3
208,kimi_k3_max,60.17177551475784,4
208,gemini_3_1_pro_high,58.31013362282305,5
208,claude_opus_4_8_max,39.91862363428914,6
208,gpt_5_6_sol_max,31.948406165881952,7
208,deepseek_v4_flash_max,30.136485349828213,8
208,deepseek_v4_pro_max,5.282364969683804,9
209,qwen3_8_max,79.98781224885246,1
209,kimi_k3_max,65.46263965075195,2
209,claude_fable_5_max,64.82104718152684,3
209,gemini_3_1_pro_high,63.45970946739742,4
209,gpt_5_6_sol_max,59.90809302293147,5
209,claude_opus_4_8_max,53.69920233440772,6
209,deepseek_v4_pro_max,34.9198272328686,7
209,gpt_5_5_xhigh,18.7848744296743,8
209,deepseek_v4_flash_max,14.207940197355883,9
210,claude_fable_5_max,71.02569028125225,1
210,claude_opus_4_8_max,60.99954204989186,2
210,gpt_5_5_xhigh,51.361653557293,3
210,gpt_5_6_sol_max,43.84608780651868,4
210,qwen3_8_max,41.95505194976333,5
210,gemini_3_1_pro_high,39.98335993482041,6
210,deepseek_v4_pro_max,31.89228166950311,7
210,deepseek_v4_flash_max,24.95190404563099,8
210,kimi_k3_max,21.01150606887786,9
211,gemini_3_1_pro_high,62.76545628185366,1
211,claude_fable_5_max,56.781421299716314,2
211,gpt_5_5_xhigh,52.849677443425165,3
211,deepseek_v4_pro_max,39.74000739420803,4
211,claude_opus_4_8_max,38.6317623647076,5
211,gpt_5_6_sol_max,26.98547012818731,6
211,qwen3_8_max,20.73120043653786,7
211,kimi_k3_max,16.479527415561112,8
211,deepseek_v4_flash_max,14.437003970876507,9
212,gemini_3_1_pro_high,70.69602556333103,1
212,gpt_5_6_sol_max,62.23884113773508,2
212,gpt_5_5_xhigh,62.02171053586066,3
212,qwen3_8_max,52.90804703462902,4
212,claude_opus_4_8_max,42.07416035874387,5
212,claude_fable_5_max,38.9856930038185,6
212,kimi_k3_max,29.61059361769465,7
212,deepseek_v4_pro_max,23.025823355553154,8
212,deepseek_v4_flash_max,22.838688061613816,9
213,gemini_3_1_pro_high,83.70025739626368,1
213,claude_opus_4_8_max,64.1933857988333,2
213,qwen3_8_max,56.95431112954644,3
213,gpt_5_6_sol_max,53.239133372425286,4
213,kimi_k3_max,49.939288385088545,5
213,claude_fable_5_max,42.755389652572326,6
213,gpt_5_5_xhigh,33.0053599614769,7
213,deepseek_v4_pro_max,32.07825255933414,8
213,deepseek_v4_flash_max,12.109411378648577,9
214,kimi_k3_max,76.63521121614582,1
214,claude_fable_5_max,66.43284771084569,2
214,gpt_5_5_xhigh,61.23089447834171,3
214,gemini_3_1_pro_high,49.61172208328577,4
214,gpt_5_6_sol_max,45.336738888963794,5
214,qwen3_8_max,42.47766039579058,6
214,claude_opus_4_8_max,32.480845767441046,7
214,deepseek_v4_pro_max,27.287018329533666,8
214,deepseek_v4_flash_max,17.077512155443642,9
215,kimi_k3_max,59.3273759609022,1
215,gpt_5_6_sol_max,59.10971254209409,2
215,deepseek_v4_flash_max,57.595215254809126,3
215,claude_fable_5_max,46.25999520565581,4
215,gpt_5_5_xhigh,42.836610749063965,5
215,gemini_3_1_pro_high,34.022492761084294,6
215,qwen3_8_max,30.233215960931748,7
215,claude_opus_4_8_max,27.336750688121192,8
215,deepseek_v4_pro_max,19.116043272198805,9
216,gpt_5_6_sol_max,73.38391811845555,1
216,gpt_5_5_xhigh,61.95853874179408,2
216,qwen3_8_max,54.99329550317005,3
216,kimi_k3_max,54.84754626952309,4
216,deepseek_v4_pro_max,48.33072898608226,5
216,gemini_3_1_pro_high,42.784239991998874,6
216,claude_fable_5_max,37.64271730057992,7
216,claude_opus_4_8_max,31.469723641681163,8
216,deepseek_v4_flash_max,23.41078711884882,9
217,gpt_5_5_xhigh,69.72018696502859,1
217,gemini_3_1_pro_high,48.95110851921031,2
217,claude_opus_4_8_max,45.91674825754352,3
217,deepseek_v4_pro_max,44.20733841253294,4
217,claude_fable_5_max,44.147743858518204,5
217,qwen3_8_max,38.52169584864245,6
217,deepseek_v4_flash_max,33.34076782293292,7
217,gpt_5_6_sol_max,23.08676451769516,8
217,kimi_k3_max,22.608129096366202,9
218,qwen3_8_max,74.73677265682923,1
218,claude_fable_5_max,69.55718327766552,2
218,gpt_5_6_sol_max,50.738833584864906,3
218,gemini_3_1_pro_high,44.36785853205593,4
218,claude_opus_4_8_max,39.80466048283501,5
218,kimi_k3_max,33.543888606697415,6
218,deepseek_v4_flash_max,29.226696481638157,7
218,gpt_5_5_xhigh,20.259840975032667,8
218,deepseek_v4_pro_max,6.159775089050401,9
219,claude_fable_5_max,81.88950508462317,1
219,kimi_k3_max,66.36319186178454,2
219,qwen3_8_max,53.008848132859384,3
219,gpt_5_5_xhigh,52.106574834259604,4
219,gemini_3_1_pro_high,49.49636451618355,5
219,deepseek_v4_pro_max,36.223652446086454,6
219,claude_opus_4_8_max,34.59880603892739,7
219,gpt_5_6_sol_max,26.72015303026838,8
219,deepseek_v4_flash_max,13.675864478182735,9
220,gpt_5_5_xhigh,74.28849480432704,1
220,claude_fable_5_max,70.71771255057732,2
220,kimi_k3_max,50.87239800298272,3
220,deepseek_v4_flash_max,41.71640119734205,4
220,gemini_3_1_pro_high,39.68673616723045,5
220,claude_opus_4_8_max,36.27694575196609,6
220,gpt_5_6_sol_max,31.562288545964144,7
220,qwen3_8_max,31.26398126941274,8
220,deepseek_v4_pro_max,26.84659081132873,9
221,claude_fable_5_max,87.1148402429285,1
221,qwen3_8_max,72.13682335844511,2
221,gemini_3_1_pro_high,61.40701184650562,3
221,gpt_5_5_xhigh,49.70588759421982,4
221,deepseek_v4_pro_max,37.11879464288812,5
221,kimi_k3_max,31.289843569064928,6
221,claude_opus_4_8_max,28.609594138208145,7
221,gpt_5_6_sol_max,27.953790209548167,8
221,deepseek_v4_flash_max,10.555127010037566,9
222,gemini_3_1_pro_high,71.88136205297737,1
222,gpt_5_5_xhigh,69.12642852337589,2
222,gpt_5_6_sol_max,50.69564821188369,3
222,qwen3_8_max,47.468415673075086,4
222,kimi_k3_max,45.2860552518145,5
222,claude_fable_5_max,39.097438538509365,6
222,claude_opus_4_8_max,36.78362960590273,7
222,deepseek_v4_flash_max,26.356394156364203,8
222,deepseek_v4_pro_max,0.0,9
223,gpt_5_6_sol_max,75.20031493247018,1
223,gemini_3_1_pro_high,72.31705703230699,2
223,claude_fable_5_max,59.664336643352115,3
223,kimi_k3_max,59.32529340289122,4
223,qwen3_8_max,55.572778908778304,5
223,claude_opus_4_8_max,31.8345338556368,6
223,gpt_5_5_xhigh,28.295887938931905,7
223,deepseek_v4_pro_max,24.24962209905881,8
223,deepseek_v4_flash_max,15.290434094697757,9
224,gpt_5_6_sol_max,80.88062623174903,1
224,claude_opus_4_8_max,58.75312545216879,2
224,gemini_3_1_pro_high,57.76463672427354,3
224,kimi_k3_max,57.75443438210793,4
224,qwen3_8_max,47.95163612493293,5
224,claude_fable_5_max,31.100316907585743,6
224,gpt_5_5_xhigh,26.931813075490417,7
224,deepseek_v4_flash_max,25.83340487225594,8
224,deepseek_v4_pro_max,25.348820497528592,9
225,claude_fable_5_max,76.28140503852623,1
225,gpt_5_5_xhigh,69.64751384455954,2
225,kimi_k3_max,55.273719447345364,3
225,gpt_5_6_sol_max,52.455252898583,4
225,gemini_3_1_pro_high,48.33185480969037,5
225,qwen3_8_max,47.95195411176027,6
225,deepseek_v4_flash_max,28.37131390389588,7
225,claude_opus_4_8_max,25.19296827820307,8
225,deepseek_v4_pro_max,5.98806904694912,9
226,gpt_5_5_xhigh,65.25971998667569,1
226,kimi_k3_max,57.71341310108182,2
226,gpt_5_6_sol_max,56.65159134998352,3
226,claude_fable_5_max,49.571444524246246,4
226,gemini_3_1_pro_high,41.176284420256906,5
226,deepseek_v4_pro_max,39.75719706789556,6
226,deepseek_v4_flash_max,38.09323118708925,7
226,qwen3_8_max,31.975532701821304,8
226,claude_opus_4_8_max,24.44591836824016,9
227,gemini_3_1_pro_high,80.5270172075366,1
227,claude_opus_4_8_max,57.73380299053822,2
227,qwen3_8_max,53.69439061977407,3
227,gpt_5_5_xhigh,52.0880719637975,4
227,gpt_5_6_sol_max,49.994333739789305,5
227,kimi_k3_max,38.148722394728196,6
227,claude_fable_5_max,34.6088866096665,7
227,deepseek_v4_pro_max,24.756464283093706,8
227,deepseek_v4_flash_max,6.5355019666377325,9
228,claude_opus_4_8_max,70.96117209818519,1
228,qwen3_8_max,66.14192029275856,2
228,gemini_3_1_pro_high,56.81343397244778,3
228,claude_fable_5_max,52.91634655472293,4
228,gpt_5_6_sol_max,43.85127654733495,5
228,deepseek_v4_pro_max,33.57319224433192,6
228,kimi_k3_max,32.17365485702071,7
228,gpt_5_5_xhigh,28.155437392002327,8
228,deepseek_v4_flash_max,19.557524535116787,9
229,claude_opus_4_8_max,78.24921527476228,1
229,gpt_5_5_xhigh,62.41969474631371,2
229,gpt_5_6_sol_max,43.45666121305885,3
229,kimi_k3_max,42.06983093651228,4
229,deepseek_v4_flash_max,36.0863706474301,5
229,deepseek_v4_pro_max,26.47164857978671,6
229,qwen3_8_max,24.89013579901714,7
229,gemini_3_1_pro_high,23.511251634123926,8
229,claude_fable_5_max,20.439078561299414,9
230,claude_fable_5_max,70.48544344034823,1
230,kimi_k3_max,69.49357401096971,2
230,gpt_5_5_xhigh,55.12328198758305,3
230,gpt_5_6_sol_max,53.60469511952609,4
230,claude_opus_4_8_max,46.99171283831485,5
230,qwen3_8_max,37.86251282495806,6
230,gemini_3_1_pro_high,32.21704420244432,7
230,deepseek_v4_flash_max,29.662191660833834,8
230,deepseek_v4_pro_max,23.75483155422456,9
231,claude_opus_4_8_max,75.11326016060086,1
231,qwen3_8_max,65.38380108756766,2
231,deepseek_v4_pro_max,40.244864509534935,3
231,gpt_5_6_sol_max,35.6675174289035,4
231,claude_fable_5_max,34.47906184280417,5
231,kimi_k3_max,30.694306387344362,6
231,gpt_5_5_xhigh,28.864637081728645,7
231,gemini_3_1_pro_high,22.272369694752456,8
231,deepseek_v4_flash_max,14.618218837425829,9
232,kimi_k3_max,68.8193849887492,1
232,claude_fable_5_max,47.20147569326048,2
232,gpt_5_5_xhigh,37.13527253361557,3
232,claude_opus_4_8_max,35.4012766151958,4
232,gemini_3_1_pro_high,28.796996190707283,5
232,qwen3_8_max,25.12997615086922,6
232,deepseek_v4_pro_max,23.68570062227291,7
232,gpt_5_6_sol_max,18.385117443870183,8
232,deepseek_v4_flash_max,7.27166685212193,9
233,gpt_5_6_sol_max,83.13626123087714,1
233,qwen3_8_max,57.93203850512669,2
233,claude_opus_4_8_max,55.78497351838373,3
233,gemini_3_1_pro_high,49.90302065805491,4
233,deepseek_v4_pro_max,42.41527763234433,5
233,gpt_5_5_xhigh,35.68852356316877,6
233,kimi_k3_max,27.217195265364964,7
233,claude_fable_5_max,25.110442203175033,8
233,deepseek_v4_flash_max,18.51719165697476,9
234,kimi_k3_max,65.36773357127474,1
234,qwen3_8_max,50.66479981724264,2
234,claude_opus_4_8_max,49.06282653114191,3
234,gemini_3_1_pro_high,37.10406869943885,4
234,claude_fable_5_max,35.263347975188665,5
234,gpt_5_5_xhigh,31.33032037154213,6
234,gpt_5_6_sol_max,29.96600130519064,7
234,deepseek_v4_pro_max,24.823629585168277,8
234,deepseek_v4_flash_max,17.311931253391613,9
235,claude_opus_4_8_max,82.47443234644903,1
235,gpt_5_5_xhigh,56.07746692765417,2
235,gpt_5_6_sol_max,52.01742597104494,3
235,qwen3_8_max,49.115707571107365,4
235,kimi_k3_max,43.88227331295851,5
235,deepseek_v4_flash_max,34.7810319581413,6
235,claude_fable_5_max,32.06067581600223,7
235,deepseek_v4_pro_max,25.667130506797186,8
235,gemini_3_1_pro_high,15.756236622050743,9
236,claude_fable_5_max,60.44137514664433,1
236,gpt_5_5_xhigh,50.731192047900365,2
236,qwen3_8_max,44.83194415816118,3
236,gpt_5_6_sol_max,43.96841521271614,4
236,deepseek_v4_flash_max,42.902161173844185,5
236,claude_opus_4_8_max,42.103766327401544,6
236,gemini_3_1_pro_high,26.952123041828134,7
236,kimi_k3_max,25.926820078767236,8
236,deepseek_v4_pro_max,2.51290266100022,9
237,gpt_5_6_sol_max,71.42414287212966,1
237,claude_fable_5_max,62.369510135278134,2
237,gemini_3_1_pro_high,60.70935403576403,3
237,gpt_5_5_xhigh,52.76285577227469,4
237,kimi_k3_max,37.84744782422477,5
237,deepseek_v4_pro_max,29.07947828066851,6
237,qwen3_8_max,29.053517198248365,7
237,claude_opus_4_8_max,21.23720501850501,8
237,deepseek_v4_flash_max,19.350266822631927,9
238,kimi_k3_max,68.05544213301872,1
238,gemini_3_1_pro_high,68.03045444984106,2
238,claude_opus_4_8_max,54.695803171720925,3
238,gpt_5_5_xhigh,49.84878621436643,4
238,claude_fable_5_max,49.77250412436285,5
238,qwen3_8_max,44.62070045023249,6
238,deepseek_v4_flash_max,29.831148578495075,7
238,gpt_5_6_sol_max,20.614867512298094,8
238,deepseek_v4_pro_max,20.112787403304125,9
239,kimi_k3_max,78.25764326408506,1
239,qwen3_8_max,58.51824882750944,2
239,gpt_5_5_xhigh,49.78495977995378,3
239,claude_opus_4_8_max,47.90302879750524,4
239,deepseek_v4_pro_max,33.37284722013038,5
239,gemini_3_1_pro_high,29.16219267026626,6
239,gpt_5_6_sol_max,28.411578776033668,7
239,deepseek_v4_flash_max,18.88143327680231,8
239,claude_fable_5_max,16.820587291165204,9
240,claude_fable_5_max,77.88300892040044,1
240,claude_opus_4_8_max,56.5216899100174,2
240,gpt_5_5_xhigh,48.85559277695522,3
240,gemini_3_1_pro_high,43.16996132798206,4
240,kimi_k3_max,40.60575852284941,5
240,qwen3_8_max,38.311989398228576,6
240,gpt_5_6_sol_max,35.43922264686999,7
240,deepseek_v4_flash_max,28.02328940428552,8
240,deepseek_v4_pro_max,25.664345549040846,9
241,claude_fable_5_max,79.07435524176745,1
241,claude_opus_4_8_max,68.57848900873248,2
241,gpt_5_6_sol_max,63.75483083551694,3
241,kimi_k3_max,57.49551387893215,4
241,deepseek_v4_pro_max,37.444051398037516,5
241,gpt_5_5_xhigh,36.91961652184882,6
241,gemini_3_1_pro_high,34.11391520499103,7
241,qwen3_8_max,24.928246913628108,8
241,deepseek_v4_flash_max,13.531363690355889,9
242,qwen3_8_max,71.12764183952059,1
242,gemini_3_1_pro_high,64.74100727317014,2
242,claude_fable_5_max,63.02501891924453,3
242,claude_opus_4_8_max,62.45040970252221,4
242,kimi_k3_max,61.007082856067214,5
242,gpt_5_5_xhigh,58.90386083106217,6
242,gpt_5_6_sol_max,44.00180904996585,7
242,deepseek_v4_flash_max,42.67131836595024,8
242,deepseek_v4_pro_max,6.813306006385954,9
243,kimi_k3_max,82.18663350521561,1
243,claude_fable_5_max,63.54492130701361,2
243,gemini_3_1_pro_high,60.210655709004094,3
243,gpt_5_6_sol_max,51.77783467674741,4
243,qwen3_8_max,41.52635355208145,5
243,deepseek_v4_pro_max,33.35097938524737,6
243,deepseek_v4_flash_max,29.67633982807452,7
243,gpt_5_5_xhigh,26.359508872672805,8
243,claude_opus_4_8_max,14.571508669423238,9
244,claude_fable_5_max,58.96357542796531,1
244,gpt_5_5_xhigh,58.77692245302521,2
244,kimi_k3_max,51.84537248218487,3
244,claude_opus_4_8_max,51.29295589596269,4
244,qwen3_8_max,30.896513400594017,5
244,deepseek_v4_flash_max,24.60588581256102,6
244,gpt_5_6_sol_max,24.432625799979352,7
244,gemini_3_1_pro_high,21.057861052727688,8
244,deepseek_v4_pro_max,19.07753355719574,9
245,gemini_3_1_pro_high,51.582213906500144,1
245,gpt_5_6_sol_max,48.67063041407633,2
245,kimi_k3_max,45.64918834650097,3
245,claude_fable_5_max,43.7088727256512,4
245,deepseek_v4_pro_max,43.396128634989026,5
245,claude_opus_4_8_max,42.66691844923636,6
245,qwen3_8_max,38.680969106582644,7
245,gpt_5_5_xhigh,38.393382870935426,8
245,deepseek_v4_flash_max,10.899758530135536,9
246,qwen3_8_max,69.33860674774488,1
246,kimi_k3_max,65.66503103443931,2
246,gemini_3_1_pro_high,60.60884625569422,3
246,gpt_5_6_sol_max,50.134909986347964,4
246,claude_fable_5_max,43.729189824227106,5
246,claude_opus_4_8_max,39.92391888039779,6
246,gpt_5_5_xhigh,25.127439710790902,7
246,deepseek_v4_pro_max,22.960214965421002,8
246,deepseek_v4_flash_max,22.198350963655628,9
247,claude_fable_5_max,76.47832319729204,1
247,gpt_5_6_sol_max,69.91061681863908,2
247,claude_opus_4_8_max,63.187023873689206,3
247,gpt_5_5_xhigh,44.41904555422071,4
247,gemini_3_1_pro_high,38.67039508568682,5
247,kimi_k3_max,36.017326121958085,6
247,deepseek_v4_pro_max,32.944712212602255,7
247,qwen3_8_max,29.533930428791344,8
247,deepseek_v4_flash_max,21.50201772983525,9
248,claude_fable_5_max,75.21631014896282,1
248,kimi_k3_max,60.558719564052375,2
248,gemini_3_1_pro_high,59.364879002899016,3
248,gpt_5_5_xhigh,50.31178856101059,4
248,gpt_5_6_sol_max,38.45569257251777,5
248,claude_opus_4_8_max,32.937701346312636,6
248,qwen3_8_max,31.950729726689225,7
248,deepseek_v4_pro_max,24.89821194759693,8
248,deepseek_v4_flash_max,23.87959211809766,9
249,gpt_5_6_sol_max,77.58940447001066,1
249,claude_fable_5_max,73.78414309137486,2
249,claude_opus_4_8_max,45.898947681546474,3
249,qwen3_8_max,42.55523028246817,4
249,gemini_3_1_pro_high,38.71046709935072,5
249,kimi_k3_max,35.267573678696124,6
249,gpt_5_5_xhigh,30.921817141351795,7
249,deepseek_v4_flash_max,22.552773621877893,8
249,deepseek_v4_pro_max,13.837904188907704,9
250,gpt_5_5_xhigh,75.45562873320807,1
250,claude_opus_4_8_max,63.647947888283454,2
250,kimi_k3_max,63.56812400015325,3
250,gpt_5_6_sol_max,62.77424050867378,4
250,qwen3_8_max,37.178056255169864,5
250,deepseek_v4_pro_max,35.85922771504552,6
250,gemini_3_1_pro_high,32.140741994460015,7
250,claude_fable_5_max,29.286141493035004,8
250,deepseek_v4_flash_max,26.518365132230066,9
251,gpt_5_6_sol_max,80.78937476956474,1
251,kimi_k3_max,73.1859550599394,2
251,claude_fable_5_max,53.492575941127086,3
251,gemini_3_1_pro_high,52.85902923904524,4
251,qwen3_8_max,42.670104309499095,5
251,gpt_5_5_xhigh,40.463125525612554,6
251,claude_opus_4_8_max,39.44823806296641,7
251,deepseek_v4_flash_max,28.01576271251069,8
251,deepseek_v4_pro_max,5.002377157254129,9
252,claude_opus_4_8_max,79.66223431305264,1
252,gemini_3_1_pro_high,66.24848560194908,2
252,gpt_5_5_xhigh,49.80840527209328,3
252,gpt_5_6_sol_max,43.63664700972531,4
252,deepseek_v4_pro_max,40.30380872022067,5
252,kimi_k3_max,38.076436331180815,6
252,qwen3_8_max,33.29148189204597,7
252,claude_fable_5_max,20.880991173609456,8
252,deepseek_v4_flash_max,11.908117024416883,9
253,gemini_3_1_pro_high,81.06624157387381,1
253,claude_fable_5_max,68.97675375091262,2
253,gpt_5_6_sol_max,53.48858715301392,3
253,qwen3_8_max,46.6604379415915,4
253,kimi_k3_max,45.18134315273038,5
253,claude_opus_4_8_max,37.648341387722574,6
253,gpt_5_5_xhigh,27.329262819777618,7
253,deepseek_v4_flash_max,26.367619302858365,8
253,deepseek_v4_pro_max,20.69313129683995,9
254,gpt_5_6_sol_max,77.42127718077144,1
254,qwen3_8_max,72.15227916626745,2
254,gemini_3_1_pro_high,68.01902860064024,3
254,claude_fable_5_max,63.42442732249397,4
254,claude_opus_4_8_max,40.41276129221512,5
254,kimi_k3_max,32.5901715700703,6
254,gpt_5_5_xhigh,31.0346641443774,7
254,deepseek_v4_pro_max,30.003786746880877,8
254,deepseek_v4_flash_max,29.296817349153287,9
255,gpt_5_6_sol_max,74.39298265913129,1
255,gemini_3_1_pro_high,68.25066686443569,2
255,claude_opus_4_8_max,64.67541580427296,3
255,qwen3_8_max,60.39686164757149,4
255,claude_fable_5_max,51.2468760762217,5
255,gpt_5_5_xhigh,49.19548836753553,6
255,deepseek_v4_pro_max,38.960765600448674,7
255,kimi_k3_max,31.407703935445788,8
255,deepseek_v4_flash_max,14.616376314350875,9
256,claude_fable_5_max,67.21136753383678,1
256,qwen3_8_max,60.96577526806634,2
256,deepseek_v4_pro_max,54.063380509701204,3
256,kimi_k3_max,51.0977013382484,4
256,claude_opus_4_8_max,50.924167493342686,5
256,gemini_3_1_pro_high,50.28027405883974,6
256,gpt_5_6_sol_max,45.6258089643335,7
256,deepseek_v4_flash_max,25.452561950716394,8
256,gpt_5_5_xhigh,21.302632862864307,9
257,gpt_5_5_xhigh,72.40101476302428,1
257,claude_opus_4_8_max,70.46655918129743,2
257,qwen3_8_max,67.63526539734693,3
257,claude_fable_5_max,60.40762342196086,4
257,kimi_k3_max,57.441781750349676,5
257,gemini_3_1_pro_high,51.85585668655055,6
257,gpt_5_6_sol_max,49.01524812639379,7
257,deepseek_v4_pro_max,26.509333836206068,8
257,deepseek_v4_flash_max,16.868283111560025,9
258,kimi_k3_max,62.07941891513816,1
258,gemini_3_1_pro_high,61.437510850098185,2
258,gpt_5_6_sol_max,61.27588379544411,3
258,qwen3_8_max,43.12241639814167,4
258,deepseek_v4_pro_max,31.544080158124768,5
258,gpt_5_5_xhigh,31.01892171704384,6
258,claude_opus_4_8_max,31.001553394372344,7
258,deepseek_v4_flash_max,28.95203973137275,8
258,claude_fable_5_max,26.776869860794974,9
259,qwen3_8_max,69.57677006236996,1
259,gemini_3_1_pro_high,68.63232588146475,2
259,gpt_5_6_sol_max,65.15769193723904,3
259,gpt_5_5_xhigh,63.33062543686556,4
259,kimi_k3_max,60.94649000908072,5
259,deepseek_v4_flash_max,43.841540960623135,6
259,claude_fable_5_max,40.961537207253556,7
259,claude_opus_4_8_max,29.61164897838455,8
259,deepseek_v4_pro_max,24.35181157282751,9
260,gpt_5_6_sol_max,83.48341783893265,1
260,gemini_3_1_pro_high,59.77137976515629,2
260,qwen3_8_max,32.91882998747285,3
260,kimi_k3_max,32.76179133135679,4
260,deepseek_v4_pro_max,24.751477531306467,5
260,claude_opus_4_8_max,22.992486907621988,6
260,claude_fable_5_max,20.497484111690337,7
260,gpt_5_5_xhigh,17.989513900334565,8
260,deepseek_v4_flash_max,14.52028050423427,9
261,gemini_3_1_pro_high,78.49955271837543,1
261,qwen3_8_max,73.03913482967798,2
261,gpt_5_6_sol_max,58.3140395034042,3
261,claude_fable_5_max,57.43192677691839,4
261,claude_opus_4_8_max,40.128015303078556,5
261,deepseek_v4_pro_max,36.42072845707423,6
261,kimi_k3_max,29.612412932929143,7
261,gpt_5_5_xhigh,21.918226462383224,8
261,deepseek_v4_flash_max,18.98703106069489,9
262,gpt_5_5_xhigh,72.25008209025155,1
262,claude_fable_5_max,63.201634100519826,2
262,gpt_5_6_sol_max,48.29832133724646,3
262,qwen3_8_max,45.031666015574814,4
262,deepseek_v4_pro_max,38.53594710470355,5
262,claude_opus_4_8_max,22.574514753252156,6
262,gemini_3_1_pro_high,18.783369934689198,7
262,kimi_k3_max,18.33751535627367,8
262,deepseek_v4_flash_max,9.627848124158394,9
263,claude_opus_4_8_max,84.45565003737482,1
263,gemini_3_1_pro_high,55.897245209235805,2
263,qwen3_8_max,53.285483555567886,3
263,claude_fable_5_max,49.81552969504465,4
263,gpt_5_5_xhigh,46.30372461319198,5
263,deepseek_v4_pro_max,40.742370019319125,6
263,kimi_k3_max,31.82919627882219,7
263,gpt_5_6_sol_max,28.217565852721105,8
263,deepseek_v4_flash_max,8.315371477936475,9
264,claude_fable_5_max,85.15615851609945,1
264,gpt_5_5_xhigh,47.43511292001645,2
264,claude_opus_4_8_max,46.58578546000997,3
264,gemini_3_1_pro_high,46.33897081627627,4
264,gpt_5_6_sol_max,40.86042778831432,5
264,qwen3_8_max,39.431359478051704,6
264,kimi_k3_max,35.36368907555675,7
264,deepseek_v4_flash_max,33.39850621895204,8
264,deepseek_v4_pro_max,12.939166099679026,9
265,claude_fable_5_max,74.31940707677671,1
265,gpt_5_6_sol_max,72.50070338419243,2
265,gemini_3_1_pro_high,51.66063786459506,3
265,deepseek_v4_pro_max,45.75569716893946,4
265,gpt_5_5_xhigh,43.70799570004925,5
265,qwen3_8_max,38.60908821512767,6
265,claude_opus_4_8_max,29.539957928980687,7
265,kimi_k3_max,27.126057727968906,8
265,deepseek_v4_flash_max,17.43315393007861,9
266,qwen3_8_max,77.7010978821886,1
266,claude_opus_4_8_max,59.150223069037864,2
266,gpt_5_5_xhigh,55.66482467448306,3
266,deepseek_v4_pro_max,40.11548465706407,4
266,gpt_5_6_sol_max,34.28648605686636,5
266,gemini_3_1_pro_high,27.502248625145107,6
266,kimi_k3_max,24.75827496053111,7
266,claude_fable_5_max,23.231435887309146,8
266,deepseek_v4_flash_max,11.526202252910345,9
267,claude_opus_4_8_max,79.20413109459298,1
267,qwen3_8_max,77.54057653426986,2
267,gemini_3_1_pro_high,62.84686202892864,3
267,deepseek_v4_pro_max,38.907200757019396,4
267,kimi_k3_max,34.359374035983365,5
267,gpt_5_5_xhigh,32.33234411275438,6
267,gpt_5_6_sol_max,27.976357820127003,7
267,deepseek_v4_flash_max,18.03096085936255,8
267,claude_fable_5_max,16.08151195743415,9
268,kimi_k3_max,79.68534519026417,1
268,gpt_5_5_xhigh,64.68690816283424,2
268,claude_fable_5_max,62.92125258282172,3
268,gpt_5_6_sol_max,59.55470897150895,4
268,deepseek_v4_flash_max,54.05151471979684,5
268,gemini_3_1_pro_high,50.44574681884626,6
268,qwen3_8_max,49.97757315835759,7
268,claude_opus_4_8_max,24.589645267096518,8
268,deepseek_v4_pro_max,18.028711068208715,9
269,claude_opus_4_8_max,70.8164345259103,1
269,qwen3_8_max,65.79230159618629,2
269,claude_fable_5_max,55.81662741456279,3
269,gpt_5_6_sol_max,49.725444689103654,4
269,gemini_3_1_pro_high,37.14849452363486,5
269,kimi_k3_max,32.839006321935884,6
269,gpt_5_5_xhigh,31.94424175250241,7
269,deepseek_v4_pro_max,28.59184944902931,8
269,deepseek_v4_flash_max,6.299609171343475,9
270,gemini_3_1_pro_high,74.3250589543832,1
270,qwen3_8_max,70.81507663226728,2
270,claude_fable_5_max,58.70249737813899,3
270,gpt_5_6_sol_max,52.499011822339085,4
270,deepseek_v4_pro_max,42.05828315950628,5
270,gpt_5_5_xhigh,33.03626354359068,6
270,claude_opus_4_8_max,32.62768392275832,7
270,kimi_k3_max,18.101254246003826,8
270,deepseek_v4_flash_max,6.617789281742421,9
271,claude_fable_5_max,73.38078714397447,1
271,kimi_k3_max,69.46127019569178,2
271,gemini_3_1_pro_high,61.726229644108784,3
271,qwen3_8_max,55.84406263437356,4
271,claude_opus_4_8_max,48.51961870972642,5
271,gpt_5_6_sol_max,45.85144802330757,6
271,deepseek_v4_pro_max,29.408836401703503,7
271,gpt_5_5_xhigh,27.815029130332825,8
271,deepseek_v4_flash_max,24.595257281947234,9
272,claude_fable_5_max,66.92380794128002,1
272,kimi_k3_max,62.28705482152641,2
272,gemini_3_1_pro_high,61.8832795900793,3
272,gpt_5_5_xhigh,45.233141814942186,4
272,qwen3_8_max,44.62740549345707,5
272,deepseek_v4_pro_max,39.05351105695263,6
272,gpt_5_6_sol_max,35.28368146379267,7
272,claude_opus_4_8_max,30.825830002876668,8
272,deepseek_v4_flash_max,29.038803590856965,9
273,claude_fable_5_max,73.7438719244791,1
273,gpt_5_6_sol_max,61.61650044826571,2
273,gpt_5_5_xhigh,48.72263341373627,3
273,deepseek_v4_flash_max,47.11631890635988,4
273,gemini_3_1_pro_high,46.747969540757694,5
273,kimi_k3_max,45.63916431623325,6
273,qwen3_8_max,45.31255085928469,7
273,claude_opus_4_8_max,21.3557304065986,8
273,deepseek_v4_pro_max,18.981405833705743,9
274,gemini_3_1_pro_high,75.06811328977028,1
274,gpt_5_6_sol_max,71.56097451395746,2
274,kimi_k3_max,58.03838077905775,3
274,qwen3_8_max,51.21451283640888,4
274,claude_opus_4_8_max,42.37073443470335,5
274,claude_fable_5_max,41.73502117430941,6
274,gpt_5_5_xhigh,29.89874643347568,7
274,deepseek_v4_flash_max,27.186535138618193,8
274,deepseek_v4_pro_max,4.126209079303035,9
275,gpt_5_5_xhigh,80.78011378701211,1
275,gpt_5_6_sol_max,67.25233171047779,2
275,kimi_k3_max,65.18917135152924,3
275,qwen3_8_max,40.582734375132304,4
275,claude_fable_5_max,39.171769787788534,5
275,deepseek_v4_flash_max,36.897180543765494,6
275,claude_opus_4_8_max,29.473942581482667,7
275,deepseek_v4_pro_max,28.249974283307996,8
275,gemini_3_1_pro_high,21.14735218174775,9
276,claude_fable_5_max,76.26385480261833,1
276,gpt_5_6_sol_max,64.60350701167481,2
276,claude_opus_4_8_max,62.77703856202564,3
276,qwen3_8_max,41.26052765395532,4
276,gemini_3_1_pro_high,34.28558641151018,5
276,deepseek_v4_flash_max,30.43040958620218,6
276,kimi_k3_max,26.351313845758025,7
276,gpt_5_5_xhigh,23.429917955802154,8
276,deepseek_v4_pro_max,22.094202737999197,9
277,claude_fable_5_max,78.46446188578481,1
277,qwen3_8_max,78.31672040092751,2
277,gpt_5_6_sol_max,61.328208735306504,3
277,kimi_k3_max,53.89706528595946,4
277,deepseek_v4_flash_max,43.495547038170805,5
277,gpt_5_5_xhigh,33.6277033146286,6
277,claude_opus_4_8_max,26.994812994065697,7
277,deepseek_v4_pro_max,18.7911436656914,8
277,gemini_3_1_pro_high,13.490609115847885,9
278,gpt_5_6_sol_max,74.81791540851046,1
278,claude_opus_4_8_max,70.11229528221912,2
278,gemini_3_1_pro_high,58.05653926288113,3
278,gpt_5_5_xhigh,51.03844154238556,4
278,kimi_k3_max,42.38350496169485,5
278,claude_fable_5_max,42.157818772166515,6
278,qwen3_8_max,40.69849800867421,7
278,deepseek_v4_flash_max,37.4903973916112,8
278,deepseek_v4_pro_max,29.28989333041406,9
279,gpt_5_5_xhigh,68.09873524959573,1
279,gpt_5_6_sol_max,65.83119453505647,2
279,claude_fable_5_max,56.03179143595379,3
279,kimi_k3_max,47.76795757669912,4
279,gemini_3_1_pro_high,43.372618347232695,5
279,qwen3_8_max,38.041347417106365,6
279,deepseek_v4_flash_max,35.555654751062356,7
279,claude_opus_4_8_max,27.406199182631916,8
279,deepseek_v4_pro_max,12.6419597527208,9
280,claude_fable_5_max,58.109864318527514,1
280,claude_opus_4_8_max,51.722007995274495,2
280,qwen3_8_max,44.857631649034055,3
280,gemini_3_1_pro_high,43.97972797575797,4
280,deepseek_v4_flash_max,41.92201018720364,5
280,gpt_5_5_xhigh,38.614164500794,6
280,gpt_5_6_sol_max,36.94945112708696,7
280,kimi_k3_max,21.353623006519758,8
280,deepseek_v4_pro_max,12.278355837921929,9
281,claude_fable_5_max,73.76907385742055,1
281,kimi_k3_max,61.75245793813811,2
281,gpt_5_5_xhigh,40.04905513087198,3
281,qwen3_8_max,36.58516829086692,4
281,claude_opus_4_8_max,35.99651532180447,5
281,gpt_5_6_sol_max,32.7707795816287,6
281,deepseek_v4_flash_max,27.897152535739774,7
281,deepseek_v4_pro_max,26.102562439830916,8
281,gemini_3_1_pro_high,10.964897091455569,9
282,gpt_5_5_xhigh,77.60380351616931,1
282,kimi_k3_max,55.06847534947577,2
282,claude_opus_4_8_max,49.592636255725274,3
282,qwen3_8_max,47.41767035022585,4
282,claude_fable_5_max,38.74907678434043,5
282,deepseek_v4_pro_max,26.959927848362927,6
282,gpt_5_6_sol_max,22.130157139106906,7
282,gemini_3_1_pro_high,21.584541303439998,8
282,deepseek_v4_flash_max,21.268932609368207,9
283,gpt_5_5_xhigh,77.50686697420426,1
283,gpt_5_6_sol_max,51.71635738220979,2
283,claude_fable_5_max,50.05671228473379,3
283,deepseek_v4_pro_max,47.27590576071993,4
283,kimi_k3_max,46.79878776007108,5
283,claude_opus_4_8_max,36.2040995870541,6
283,qwen3_8_max,29.457031125156835,7
283,deepseek_v4_flash_max,17.053478390460157,8
283,gemini_3_1_pro_high,13.672748128968664,9
284,qwen3_8_max,55.502295440832526,1
284,claude_fable_5_max,51.20097971434909,2
284,gpt_5_6_sol_max,49.54460210031039,3
284,kimi_k3_max,42.370283895439215,4
284,gemini_3_1_pro_high,40.826323943145766,5
284,claude_opus_4_8_max,40.390429303486926,6
284,deepseek_v4_flash_max,18.398887798657636,7
284,deepseek_v4_pro_max,14.753028266807467,8
284,gpt_5_5_xhigh,13.696437207645765,9
285,gpt_5_5_xhigh,69.44037546792318,1
285,qwen3_8_max,66.21705024572859,2
285,gpt_5_6_sol_max,65.36813777702079,3
285,kimi_k3_max,63.20484478873041,4
285,claude_fable_5_max,56.942403672973974,5
285,gemini_3_1_pro_high,54.23820277458525,6
285,claude_opus_4_8_max,29.98380224430966,7
285,deepseek_v4_pro_max,20.698868999734216,8
285,deepseek_v4_flash_max,20.626306305341785,9
286,gpt_5_6_sol_max,75.19018183472554,1
286,gemini_3_1_pro_high,65.4153906701107,2
286,kimi_k3_max,61.73739676886783,3
286,claude_fable_5_max,57.272530533438655,4
286,qwen3_8_max,55.7505082457214,5
286,deepseek_v4_pro_max,47.96759866138624,6
286,gpt_5_5_xhigh,44.70815933430163,7
286,claude_opus_4_8_max,30.820200382423565,8
286,deepseek_v4_flash_max,20.075694472977695,9
287,claude_fable_5_max,79.0474135881835,1
287,kimi_k3_max,57.83878294235844,2
287,gpt_5_6_sol_max,52.07759391202508,3
287,qwen3_8_max,46.29090459950214,4
287,gemini_3_1_pro_high,42.266975991648245,5
287,gpt_5_5_xhigh,41.26978353841423,6
287,deepseek_v4_flash_max,25.997303152745182,7
287,deepseek_v4_pro_max,23.763354378065017,8
287,claude_opus_4_8_max,19.653100492946233,9
288,gemini_3_1_pro_high,50.79253241231918,1
288,qwen3_8_max,45.22452251649756,2
288,deepseek_v4_flash_max,42.48803130542164,3
288,claude_opus_4_8_max,39.27243143808626,4
288,claude_fable_5_max,31.39451028498092,5
288,kimi_k3_max,27.5485038979878,6
288,gpt_5_6_sol_max,25.740892007417557,7
288,gpt_5_5_xhigh,20.08336766571248,8
288,deepseek_v4_pro_max,12.782657792670804,9
289,gpt_5_5_xhigh,62.61941380760301,1
289,deepseek_v4_pro_max,39.05266195116085,2
289,claude_opus_4_8_max,34.97994034267981,3
289,kimi_k3_max,33.26138482089587,4
289,gpt_5_6_sol_max,31.635411174634648,5
289,gemini_3_1_pro_high,29.913706536113665,6
289,qwen3_8_max,26.95706457817009,7
289,deepseek_v4_flash_max,17.98253833406274,8
289,claude_fable_5_max,17.362709541385506,9
290,claude_opus_4_8_max,80.52997289493881,1
290,gpt_5_5_xhigh,69.11909384704954,2
290,kimi_k3_max,68.59234071992327,3
290,gemini_3_1_pro_high,53.720635655087555,4
290,claude_fable_5_max,46.66800872009671,5
290,qwen3_8_max,37.88021010916822,6
290,deepseek_v4_pro_max,36.36170757043248,7
290,gpt_5_6_sol_max,20.326041353447046,8
290,deepseek_v4_flash_max,3.714349632823693,9
291,qwen3_8_max,75.83726298558912,1
291,gpt_5_6_sol_max,72.54792102312786,2
291,claude_opus_4_8_max,63.618405127713125,3
291,claude_fable_5_max,53.30356432914821,4
291,gemini_3_1_pro_high,48.372648713969205,5
291,gpt_5_5_xhigh,48.10301556469784,6
291,deepseek_v4_pro_max,37.53700670270745,7
291,kimi_k3_max,25.814909194497133,8
291,deepseek_v4_flash_max,16.210965508664515,9
292,qwen3_8_max,70.3401939489155,1
292,gemini_3_1_pro_high,67.10774091593235,2
292,gpt_5_5_xhigh,59.664763004039145,3
292,claude_opus_4_8_max,58.51652619798149,4
292,gpt_5_6_sol_max,51.80489743723723,5
292,claude_fable_5_max,41.62908821219436,6
292,deepseek_v4_pro_max,35.78563556117061,7
292,deepseek_v4_flash_max,33.85493913024577,8
292,kimi_k3_max,33.1304086103331,9
293,kimi_k3_max,60.74464741440929,1
293,claude_fable_5_max,57.48795838045338,2
293,deepseek_v4_flash_max,49.93416398958824,3
293,gpt_5_6_sol_max,49.66777294994626,4
293,qwen3_8_max,44.03816206602423,5
293,gpt_5_5_xhigh,41.42995912760097,6
293,deepseek_v4_pro_max,37.08103366552099,7
293,gemini_3_1_pro_high,27.58242526306138,8
293,claude_opus_4_8_max,21.541337709530527,9
294,gpt_5_5_xhigh,84.03819399903051,1
294,kimi_k3_max,62.37707586058857,2
294,gpt_5_6_sol_max,58.51221828719018,3
294,claude_opus_4_8_max,47.79588177154646,4
294,gemini_3_1_pro_high,46.94998346801514,5
294,qwen3_8_max,30.36673475150563,6
294,claude_fable_5_max,27.058414702046647,7
294,deepseek_v4_flash_max,24.767738301549322,8
294,deepseek_v4_pro_max,7.133423366466923,9
295,gpt_5_6_sol_max,66.7682454745923,1
295,gpt_5_5_xhigh,56.635075855101746,2
295,qwen3_8_max,54.46442032493984,3
295,kimi_k3_max,54.263049812226214,4
295,claude_fable_5_max,46.62079128912702,5
295,deepseek_v4_pro_max,42.90720452927165,6
295,claude_opus_4_8_max,31.161944055359847,7
295,gemini_3_1_pro_high,19.95674591037966,8
295,deepseek_v4_flash_max,8.14929113560159,9
296,claude_fable_5_max,86.9527110190194,1
296,gpt_5_6_sol_max,60.105837300188654,2
296,gemini_3_1_pro_high,55.51911643122214,3
296,kimi_k3_max,53.11054599339635,4
296,qwen3_8_max,50.25867617218539,5
296,claude_opus_4_8_max,47.88603516219765,6
296,gpt_5_5_xhigh,32.145463078681644,7
296,deepseek_v4_pro_max,30.52092121533182,8
296,deepseek_v4_flash_max,1.039145606959832,9
297,gpt_5_6_sol_max,65.65718480907663,1
297,claude_opus_4_8_max,56.97078216027574,2
297,kimi_k3_max,51.172385415719674,3
297,claude_fable_5_max,46.28921827132359,4
297,deepseek_v4_pro_max,44.004455248372516,5
297,gemini_3_1_pro_high,40.67525449863906,6
297,qwen3_8_max,31.84706746179829,7
297,deepseek_v4_flash_max,23.615836183692938,8
297,gpt_5_5_xhigh,18.31049244719875,9
298,kimi_k3_max,72.01710765905729,1
298,gpt_5_5_xhigh,60.79293725151536,2
298,gpt_5_6_sol_max,45.99111658633343,3
298,deepseek_v4_pro_max,44.60344264502741,4
298,qwen3_8_max,42.59498348105912,5
298,gemini_3_1_pro_high,35.965549004528064,6
298,claude_fable_5_max,34.455726713727856,7
298,claude_opus_4_8_max,33.1891021744223,8
298,deepseek_v4_flash_max,3.449081995647467,9
299,gpt_5_6_sol_max,76.3819001609611,1
299,kimi_k3_max,66.88095223655739,2
299,qwen3_8_max,47.05429265965678,3
299,claude_fable_5_max,37.407572776499805,4
299,claude_opus_4_8_max,31.437345151211417,5
299,gpt_5_5_xhigh,28.810350932322866,6
299,deepseek_v4_pro_max,23.276623808262077,7
299,gemini_3_1_pro_high,19.725902590710604,8
299,deepseek_v4_flash_max,19.407515596751168,9
300,gemini_3_1_pro_high,69.52098758976643,1
300,kimi_k3_max,67.5160761525433,2
300,gpt_5_5_xhigh,61.46555939648265,3
300,gpt_5_6_sol_max,60.35949998477486,4
300,claude_fable_5_max,60.02009698107651,5
300,qwen3_8_max,49.28948792462769,6
300,claude_opus_4_8_max,34.88875144599597,7
300,deepseek_v4_pro_max,26.789686783668586,8
300,deepseek_v4_flash_max,15.996475739431533,9
301,qwen3_8_max,77.90744246408102,1
301,kimi_k3_max,71.53235257633877,2
301,gpt_5_5_xhigh,57.61869779222354,3
301,gemini_3_1_pro_high,49.46673812236577,4
301,claude_opus_4_8_max,42.53766444312208,5
301,claude_fable_5_max,42.35886309572207,6
301,gpt_5_6_sol_max,25.561834138548594,7
301,deepseek_v4_flash_max,16.394913426391152,8
301,deepseek_v4_pro_max,13.361993104156829,9
302,claude_opus_4_8_max,83.05860950072034,1
302,gemini_3_1_pro_high,65.31902674021975,2
302,deepseek_v4_pro_max,61.80939446137221,3
302,gpt_5_6_sol_max,57.65293548060091,4
302,claude_fable_5_max,56.53526081866963,5
302,qwen3_8_max,52.67377307815518,6
302,gpt_5_5_xhigh,49.51153438285929,7
302,deepseek_v4_flash_max,43.13917646203935,8
302,kimi_k3_max,22.817604113031226,9
303,gpt_5_6_sol_max,75.27170560408713,1
303,gpt_5_5_xhigh,54.75290190999819,2
303,kimi_k3_max,49.92040316820169,3
303,gemini_3_1_pro_high,40.32544997054016,4
303,deepseek_v4_pro_max,34.16360375316266,5
303,claude_opus_4_8_max,30.565255255865942,6
303,qwen3_8_max,28.534461101796033,7
303,claude_fable_5_max,27.05060749234125,8
303,deepseek_v4_flash_max,9.90884783796567,9
304,kimi_k3_max,76.42891843562977,1
304,claude_fable_5_max,71.4472033523919,2
304,gpt_5_6_sol_max,67.0636631514705,3
304,gemini_3_1_pro_high,66.31388852822374,4
304,qwen3_8_max,62.661778584609934,5
304,claude_opus_4_8_max,54.60767054311728,6
304,gpt_5_5_xhigh,39.36017419303043,7
304,deepseek_v4_flash_max,32.64776810977372,8
304,deepseek_v4_pro_max,26.13495711092479,9
305,claude_opus_4_8_max,82.96279802841605,1
305,gpt_5_6_sol_max,58.907645063737334,2
305,qwen3_8_max,52.96178166552336,3
305,claude_fable_5_max,52.909718798419775,4
305,gpt_5_5_xhigh,52.27915787016683,5
305,deepseek_v4_flash_max,44.55158284966676,6
305,gemini_3_1_pro_high,42.14183590785014,7
305,kimi_k3_max,36.924599976859575,8
305,deepseek_v4_pro_max,36.196362269222035,9
306,claude_fable_5_max,87.99460780236483,1
306,kimi_k3_max,76.02633535197498,2
306,gpt_5_6_sol_max,60.62895975420677,3
306,gpt_5_5_xhigh,59.829128774807515,4
306,gemini_3_1_pro_high,43.02721930534631,5
306,deepseek_v4_pro_max,34.16890805317314,6
306,claude_opus_4_8_max,32.70948712420203,7
306,deepseek_v4_flash_max,17.92019254913481,8
306,qwen3_8_max,16.161237581617037,9
307,kimi_k3_max,67.7038293946692,1
307,gpt_5_6_sol_max,57.927196720221076,2
307,claude_fable_5_max,54.7587616023263,3
307,claude_opus_4_8_max,46.047099493916065,4
307,gemini_3_1_pro_high,38.642106731258785,5
307,qwen3_8_max,37.447487967243745,6
307,gpt_5_5_xhigh,36.1168215808308,7
307,deepseek_v4_flash_max,25.615204711937814,8
307,deepseek_v4_pro_max,21.251227698442886,9
308,qwen3_8_max,65.52036355547125,1
308,claude_fable_5_max,64.42261644513333,2
308,gpt_5_6_sol_max,63.13480181040654,3
308,gpt_5_5_xhigh,60.389865178639575,4
308,claude_opus_4_8_max,53.61369097016801,5
308,gemini_3_1_pro_high,42.15227425786843,6
308,kimi_k3_max,38.573817980364694,7
308,deepseek_v4_flash_max,35.280730326818244,8
308,deepseek_v4_pro_max,25.33112364415817,9
309,claude_opus_4_8_max,65.2041006250304,1
309,gpt_5_5_xhigh,63.13353768111716,2
309,gpt_5_6_sol_max,61.76109000905804,3
309,qwen3_8_max,58.271566017436825,4
309,claude_fable_5_max,53.702701261400875,5
309,deepseek_v4_pro_max,45.67356690237147,6
309,deepseek_v4_flash_max,44.51371964043458,7
309,gemini_3_1_pro_high,34.888050119257,8
309,kimi_k3_max,30.36950776627993,9
310,claude_fable_5_max,71.79246605593788,1
310,qwen3_8_max,56.13998720526625,2
310,gpt_5_5_xhigh,52.39459642757481,3
310,gpt_5_6_sol_max,48.87497269246223,4
310,claude_opus_4_8_max,41.57326567303825,5
310,deepseek_v4_pro_max,41.09627647004231,6
310,gemini_3_1_pro_high,39.46515741970504,7
310,deepseek_v4_flash_max,23.347819744094615,8
310,kimi_k3_max,22.054725348618454,9
311,kimi_k3_max,72.86747880975643,1
311,claude_fable_5_max,57.86743873801683,2
311,deepseek_v4_pro_max,37.66168050360861,3
311,gpt_5_6_sol_max,36.777321930978474,4
311,gpt_5_5_xhigh,33.9819410756448,5
311,claude_opus_4_8_max,31.908079400815314,6
311,qwen3_8_max,29.603043340911597,7
311,deepseek_v4_flash_max,19.71727923010752,8
311,gemini_3_1_pro_high,18.87058635527516,9
312,kimi_k3_max,77.40150075452476,1
312,qwen3_8_max,54.33765388129163,2
312,deepseek_v4_pro_max,53.79251487486104,3
312,claude_opus_4_8_max,51.32997411691633,4
312,gpt_5_6_sol_max,49.2399508819457,5
312,gemini_3_1_pro_high,47.00200029811375,6
312,claude_fable_5_max,34.71701548704391,7
312,deepseek_v4_flash_max,29.594504141646937,8
312,gpt_5_5_xhigh,28.356520626907507,9
313,claude_opus_4_8_max,70.93683749297848,1
313,gemini_3_1_pro_high,54.21761913443123,2
313,qwen3_8_max,46.94881528234687,3
313,gpt_5_5_xhigh,43.14575810095501,4
313,claude_fable_5_max,41.937736164387466,5
313,gpt_5_6_sol_max,37.80873428216696,6
313,kimi_k3_max,30.41266188002127,7
313,deepseek_v4_pro_max,28.747170580455197,8
313,deepseek_v4_flash_max,19.639798919003614,9
314,gpt_5_6_sol_max,69.99230869175554,1
314,gemini_3_1_pro_high,69.5283125933871,2
314,gpt_5_5_xhigh,59.59879604937382,3
314,claude_fable_5_max,58.0426520323551,4
314,qwen3_8_max,40.64721481893821,5
314,kimi_k3_max,30.524115395537006,6
314,claude_opus_4_8_max,29.54853112998091,7
314,deepseek_v4_pro_max,28.811479725195465,8
314,deepseek_v4_flash_max,9.359176620892809,9
315,gpt_5_6_sol_max,67.06927182354912,1
315,gemini_3_1_pro_high,57.51171764130643,2
315,qwen3_8_max,55.70899834262811,3
315,gpt_5_5_xhigh,42.38488058624895,4
315,claude_fable_5_max,33.99269023944504,5
315,deepseek_v4_pro_max,32.39000034690032,6
315,claude_opus_4_8_max,29.917589224221153,7
315,kimi_k3_max,28.56157926397394,8
315,deepseek_v4_flash_max,28.25647663344418,9
316,gpt_5_5_xhigh,69.96929112042326,1
316,claude_fable_5_max,69.62557232480162,2
316,kimi_k3_max,60.17368824497608,3
316,qwen3_8_max,55.33360733923042,4
316,claude_opus_4_8_max,49.56367309817099,5
316,gemini_3_1_pro_high,35.875647133785435,6
316,deepseek_v4_pro_max,27.874778864886657,7
316,gpt_5_6_sol_max,26.98645742095379,8
316,deepseek_v4_flash_max,18.893620205626803,9
317,gemini_3_1_pro_high,78.69225213496463,1
317,gpt_5_6_sol_max,59.329473663860554,2
317,qwen3_8_max,53.44889211144253,3
317,kimi_k3_max,46.42295715483335,4
317,claude_fable_5_max,43.404429647582674,5
317,gpt_5_5_xhigh,42.441969349791464,6
317,deepseek_v4_pro_max,40.574805628967894,7
317,claude_opus_4_8_max,36.29150138175318,8
317,deepseek_v4_flash_max,19.53682810849434,9
318,claude_opus_4_8_max,65.81919536163215,1
318,kimi_k3_max,55.71306342960333,2
318,gemini_3_1_pro_high,53.15750328244514,3
318,claude_fable_5_max,45.3594830806607,4
318,gpt_5_6_sol_max,43.124745223072324,5
318,qwen3_8_max,30.66356392375704,6
318,deepseek_v4_flash_max,23.62175905539562,7
318,gpt_5_5_xhigh,20.329993589732098,8
318,deepseek_v4_pro_max,16.863195429503712,9
319,claude_fable_5_max,63.21710949914958,1
319,gpt_5_5_xhigh,61.86930247585953,2
319,kimi_k3_max,61.09981141970774,3
319,claude_opus_4_8_max,51.78116540749924,4
319,gemini_3_1_pro_high,49.41808366207979,5
319,deepseek_v4_flash_max,45.64077564031323,6
319,qwen3_8_max,31.962250249789452,7
319,deepseek_v4_pro_max,21.213348714689623,8
319,gpt_5_6_sol_max,20.89287266832733,9
320,claude_fable_5_max,63.22677809999036,1
320,gemini_3_1_pro_high,52.57159292942261,2
320,qwen3_8_max,52.04026799093601,3
320,claude_opus_4_8_max,37.300335076714035,4
320,kimi_k3_max,31.00334621018993,5
320,gpt_5_5_xhigh,23.368460109604595,6
320,deepseek_v4_pro_max,23.34987701154559,7
320,gpt_5_6_sol_max,19.524171674991823,8
320,deepseek_v4_flash_max,14.41988301433608,9
321,claude_opus_4_8_max,71.79135181757792,1
321,kimi_k3_max,71.30659699756129,2
321,gpt_5_5_xhigh,63.17962205752552,3
321,qwen3_8_max,53.78303258147958,4
321,gemini_3_1_pro_high,37.38066690701251,5
321,gpt_5_6_sol_max,33.4639368754431,6
321,claude_fable_5_max,29.75952407740752,7
321,deepseek_v4_pro_max,27.850402675327967,8
321,deepseek_v4_flash_max,22.736089178902855,9
322,gpt_5_6_sol_max,81.1282409476078,1
322,gpt_5_5_xhigh,55.3526644810701,2
322,deepseek_v4_flash_max,34.127278838738846,3
322,kimi_k3_max,30.203885170227146,4
322,gemini_3_1_pro_high,29.837360258745132,5
322,claude_fable_5_max,26.5980005901192,6
322,qwen3_8_max,25.746474543245107,7
322,claude_opus_4_8_max,23.890560425640942,8
322,deepseek_v4_pro_max,14.473174565939587,9
323,claude_fable_5_max,85.57918072586946,1
323,qwen3_8_max,56.91106708604741,2
323,gpt_5_6_sol_max,54.830115476209315,3
323,gemini_3_1_pro_high,53.36238806494318,4
323,kimi_k3_max,52.13516554067945,5
323,gpt_5_5_xhigh,39.45504897328503,6
323,claude_opus_4_8_max,36.48910393812515,7
323,deepseek_v4_pro_max,24.94082746607971,8
323,deepseek_v4_flash_max,21.4847861107844,9
324,claude_fable_5_max,62.321728095944536,1
324,gpt_5_5_xhigh,56.889312654758015,2
324,gemini_3_1_pro_high,40.97603197609285,3
324,kimi_k3_max,38.33923745315437,4
324,qwen3_8_max,31.897196357512286,5
324,deepseek_v4_flash_max,27.12319423209805,6
324,claude_opus_4_8_max,25.85132109971702,7
324,gpt_5_6_sol_max,13.845702374340945,8
324,deepseek_v4_pro_max,11.125611952525507,9
325,gpt_5_6_sol_max,68.66561755588032,1
325,claude_fable_5_max,57.117336328897984,2
325,gemini_3_1_pro_high,47.345170506554226,3
325,qwen3_8_max,35.669155192513344,4
325,claude_opus_4_8_max,35.329662514420754,5
325,deepseek_v4_pro_max,34.444748688598125,6
325,gpt_5_5_xhigh,31.53722039217761,7
325,deepseek_v4_flash_max,27.129856183278434,8
325,kimi_k3_max,16.766207710827516,9
326,qwen3_8_max,74.18534669948649,1
326,gemini_3_1_pro_high,58.38425632066627,2
326,gpt_5_6_sol_max,57.04205896205201,3
326,gpt_5_5_xhigh,56.97648841590682,4
326,claude_fable_5_max,54.20703730636649,5
326,claude_opus_4_8_max,50.836372267794864,6
326,kimi_k3_max,37.67035845425352,7
326,deepseek_v4_pro_max,36.998226800724076,8
326,deepseek_v4_flash_max,33.631935637851235,9
327,kimi_k3_max,68.33852528757413,1
327,claude_fable_5_max,67.95839017411662,2
327,gpt_5_6_sol_max,53.41554771784986,3
327,qwen3_8_max,39.38927107773446,4
327,gemini_3_1_pro_high,36.72630066120598,5
327,gpt_5_5_xhigh,31.336357034383184,6
327,deepseek_v4_pro_max,29.949103921642173,7
327,claude_opus_4_8_max,22.03361982566123,8
327,deepseek_v4_flash_max,21.223079244384138,9
328,gpt_5_6_sol_max,78.48398226277538,1
328,kimi_k3_max,76.10945750817052,2
328,qwen3_8_max,69.91234818241071,3
328,claude_fable_5_max,65.89133278224512,4
328,gpt_5_5_xhigh,58.23439728448728,5
328,deepseek_v4_pro_max,51.53751083461827,6
328,gemini_3_1_pro_high,41.405479616642,7
328,claude_opus_4_8_max,33.431619290857796,8
328,deepseek_v4_flash_max,17.473884125290226,9
329,gemini_3_1_pro_high,71.22659583221238,1
329,claude_opus_4_8_max,66.61131757959578,2
329,qwen3_8_max,58.85022955370354,3
329,kimi_k3_max,55.88755270006739,4
329,claude_fable_5_max,45.796529775157715,5
329,gpt_5_6_sol_max,32.919004477328926,6
329,deepseek_v4_pro_max,30.20813133978072,7
329,gpt_5_5_xhigh,19.890080485760286,8
329,deepseek_v4_flash_max,12.2072540821798,9
330,gemini_3_1_pro_high,69.6730563148401,1
330,claude_fable_5_max,61.96078519620475,2
330,gpt_5_6_sol_max,59.19632658647939,3
330,kimi_k3_max,50.878181192609134,4
330,qwen3_8_max,47.202804556210324,5
330,deepseek_v4_flash_max,36.36551957999828,6
330,claude_opus_4_8_max,33.120633744240536,7
330,gpt_5_5_xhigh,31.16861993941791,8
330,deepseek_v4_pro_max,30.878442140487273,9
331,claude_fable_5_max,75.03001918098448,1
331,gpt_5_6_sol_max,74.0208115422248,2
331,gemini_3_1_pro_high,73.55201183143046,3
331,qwen3_8_max,53.05653790542722,4
331,claude_opus_4_8_max,45.5882263895994,5
331,kimi_k3_max,34.019340047982034,6
331,gpt_5_5_xhigh,28.128115373793193,7
331,deepseek_v4_flash_max,22.854966579697336,8
331,deepseek_v4_pro_max,11.6045125472959,9
332,qwen3_8_max,85.17774006441853,1
332,gpt_5_5_xhigh,76.68971311251119,2
332,kimi_k3_max,68.49104094639951,3
332,claude_opus_4_8_max,52.46613132047596,4
332,claude_fable_5_max,34.40001928731384,5
332,deepseek_v4_pro_max,32.45170148480608,6
332,deepseek_v4_flash_max,24.502936725521966,7
332,gpt_5_6_sol_max,22.32967133114163,8
332,gemini_3_1_pro_high,21.753219987170787,9
333,gpt_5_5_xhigh,78.07856755712054,1
333,qwen3_8_max,63.51381185248039,2
333,gpt_5_6_sol_max,59.210179575633106,3
333,gemini_3_1_pro_high,57.532646544364674,4
333,claude_opus_4_8_max,52.3085418421749,5
333,claude_fable_5_max,50.085844175597785,6
333,deepseek_v4_flash_max,41.32458398900066,7
333,kimi_k3_max,24.19770319969812,8
333,deepseek_v4_pro_max,7.665450262966998,9
334,gpt_5_5_xhigh,78.43377208110604,1
334,kimi_k3_max,72.24713850083774,2
334,gemini_3_1_pro_high,52.59232018154252,3
334,qwen3_8_max,41.60888128213152,4
334,gpt_5_6_sol_max,34.43700283072372,5
334,claude_fable_5_max,32.41399922348623,6
334,deepseek_v4_flash_max,27.20022732060028,7
334,claude_opus_4_8_max,27.00262439148079,8
334,deepseek_v4_pro_max,13.373366418136124,9
335,gpt_5_6_sol_max,75.76291410279623,1
335,kimi_k3_max,47.1363708437222,2
335,claude_opus_4_8_max,43.89471789467105,3
335,deepseek_v4_flash_max,38.92290680474372,4
335,gpt_5_5_xhigh,37.41739041032372,5
335,gemini_3_1_pro_high,36.628390408226785,6
335,claude_fable_5_max,25.56268641401661,7
335,qwen3_8_max,19.665923996245322,8
335,deepseek_v4_pro_max,14.88557321953506,9
336,gpt_5_5_xhigh,80.24472862422107,1
336,gpt_5_6_sol_max,76.89246400291036,2
336,claude_opus_4_8_max,53.15778453908654,3
336,claude_fable_5_max,47.77374762315908,4
336,deepseek_v4_pro_max,46.586762644809944,5
336,qwen3_8_max,41.694254694402396,6
336,kimi_k3_max,19.868485371765857,7
336,gemini_3_1_pro_high,16.872773959234998,8
336,deepseek_v4_flash_max,16.420613258277776,9
337,gpt_5_5_xhigh,73.68784501727617,1
337,gpt_5_6_sol_max,60.75830559621353,2
337,qwen3_8_max,58.9943887008436,3
337,gemini_3_1_pro_high,58.90733043781669,4
337,claude_fable_5_max,52.03752257304639,5
337,deepseek_v4_flash_max,44.206718753810094,6
337,kimi_k3_max,42.496650088159434,7
337,claude_opus_4_8_max,37.397524044768836,8
337,deepseek_v4_pro_max,15.20110653600534,9
338,claude_fable_5_max,67.15520627604157,1
338,gpt_5_6_sol_max,66.34012829593397,2
338,qwen3_8_max,64.202829053431,3
338,kimi_k3_max,62.02826776377298,4
338,gemini_3_1_pro_high,58.16725012928835,5
338,gpt_5_5_xhigh,45.891287613249396,6
338,claude_opus_4_8_max,37.989089414618874,7
338,deepseek_v4_flash_max,31.051777314018032,8
338,deepseek_v4_pro_max,19.224083921054525,9
339,claude_opus_4_8_max,63.020622843064295,1
339,qwen3_8_max,57.87392611660942,2
339,claude_fable_5_max,49.045734323732376,3
339,gpt_5_6_sol_max,35.97277923333668,4
339,gpt_5_5_xhigh,31.685398093408118,5
339,gemini_3_1_pro_high,23.301772743808485,6
339,deepseek_v4_flash_max,20.148386935780806,7
339,kimi_k3_max,18.53205122587089,8
339,deepseek_v4_pro_max,7.982361062364458,9
340,gpt_5_6_sol_max,75.38964129328619,1
340,qwen3_8_max,64.81338006435234,2
340,gemini_3_1_pro_high,62.74545202649297,3
340,claude_opus_4_8_max,53.24895176504388,4
340,deepseek_v4_pro_max,45.94150824775174,5
340,claude_fable_5_max,44.45565716249859,6
340,kimi_k3_max,42.836204759170776,7
340,gpt_5_5_xhigh,30.49881712714031,8
340,deepseek_v4_flash_max,14.833857915263271,9
341,gpt_5_5_xhigh,85.30486605939119,1
341,claude_fable_5_max,66.10408571310788,2
341,kimi_k3_max,53.21163777195159,3
341,gpt_5_6_sol_max,51.779634978036825,4
341,qwen3_8_max,31.889662232353096,5
341,deepseek_v4_pro_max,29.156775362747542,6
341,claude_opus_4_8_max,27.982464700258586,7
341,deepseek_v4_flash_max,27.682011028422494,8
341,gemini_3_1_pro_high,16.057323436876484,9
342,claude_fable_5_max,66.14345956622694,1
342,gpt_5_6_sol_max,62.443558636817656,2
342,claude_opus_4_8_max,58.534352301845665,3
342,qwen3_8_max,57.211981655142715,4
342,kimi_k3_max,41.51670068292199,5
342,gemini_3_1_pro_high,38.664681625010374,6
342,deepseek_v4_pro_max,36.433417417649586,7
342,gpt_5_5_xhigh,27.578441611187905,8
342,deepseek_v4_flash_max,18.230042529376266,9
343,claude_opus_4_8_max,81.06761603866585,1
343,claude_fable_5_max,54.678650597946884,2
343,kimi_k3_max,51.46394354893547,3
343,deepseek_v4_pro_max,40.092349968486864,4
343,gpt_5_6_sol_max,32.80801302595897,5
343,gemini_3_1_pro_high,32.03438202902648,6
343,qwen3_8_max,30.32081222074326,7
343,gpt_5_5_xhigh,25.624149717956925,8
343,deepseek_v4_flash_max,4.163491378223357,9
344,claude_opus_4_8_max,73.83947687074928,1
344,kimi_k3_max,49.11021939241785,2
344,qwen3_8_max,44.895880187877964,3
344,gemini_3_1_pro_high,44.11250050627797,4
344,claude_fable_5_max,42.53133153904412,5
344,deepseek_v4_pro_max,39.81117882841073,6
344,gpt_5_6_sol_max,38.67788098468371,7
344,gpt_5_5_xhigh,24.84757967333898,8
344,deepseek_v4_flash_max,11.758949339649408,9
345,gpt_5_6_sol_max,72.51802653557402,1
345,qwen3_8_max,49.18250964340311,2
345,gemini_3_1_pro_high,41.91607589578021,3
345,claude_fable_5_max,34.33296014648536,4
345,gpt_5_5_xhigh,33.783056559498526,5
345,claude_opus_4_8_max,27.695814536766857,6
345,deepseek_v4_flash_max,26.478426615080362,7
345,deepseek_v4_pro_max,18.998985642603966,8
345,kimi_k3_max,15.150150871229833,9
346,gpt_5_6_sol_max,86.32577844391672,1
346,gpt_5_5_xhigh,72.09801943033757,2
346,kimi_k3_max,63.29304703228422,3
346,deepseek_v4_pro_max,46.102372065595326,4
346,claude_fable_5_max,45.14819396757172,5
346,qwen3_8_max,37.161669340562185,6
346,gemini_3_1_pro_high,32.38358610436924,7
346,claude_opus_4_8_max,29.436991264520646,8
346,deepseek_v4_flash_max,21.58351449724244,9
347,gemini_3_1_pro_high,65.19802596425924,1
347,kimi_k3_max,63.635548993964,2
347,gpt_5_6_sol_max,63.294740900164996,3
347,claude_opus_4_8_max,50.104589519938585,4
347,claude_fable_5_max,47.95354215879919,5
347,gpt_5_5_xhigh,34.411649123850054,6
347,deepseek_v4_pro_max,33.8411585808134,7
347,deepseek_v4_flash_max,27.200627302341296,8
347,qwen3_8_max,24.218926641014406,9
348,gpt_5_6_sol_max,83.97186921750006,1
348,gemini_3_1_pro_high,69.44987635548434,2
348,kimi_k3_max,57.845227652309234,3
348,qwen3_8_max,55.26376833030312,4
348,claude_fable_5_max,53.71373570474412,5
348,claude_opus_4_8_max,40.79750525334499,6
348,gpt_5_5_xhigh,34.56662585913624,7
348,deepseek_v4_flash_max,30.69449378633469,8
348,deepseek_v4_pro_max,18.470274068332724,9
349,claude_fable_5_max,63.17700198356722,1
349,qwen3_8_max,60.25727788931908,2
349,deepseek_v4_pro_max,57.16053014182211,3
349,gpt_5_6_sol_max,54.33562716676855,4
349,claude_opus_4_8_max,54.01467793734176,5
349,gemini_3_1_pro_high,29.963043365206417,6
349,gpt_5_5_xhigh,26.8070696025872,7
349,kimi_k3_max,25.183834224618927,8
349,deepseek_v4_flash_max,23.052318504518798,9
350,gpt_5_6_sol_max,60.8422203727909,1
350,qwen3_8_max,56.81356100690331,2
350,gemini_3_1_pro_high,54.06719014113396,3
350,kimi_k3_max,45.25650585505476,4
350,claude_opus_4_8_max,40.49148373452987,5
350,claude_fable_5_max,37.4913912516768,6
350,deepseek_v4_pro_max,36.84659514452834,7
350,gpt_5_5_xhigh,19.510705270566028,8
350,deepseek_v4_flash_max,2.9345622166267473,9
351,kimi_k3_max,77.53174441576286,1
351,gpt_5_6_sol_max,59.07255926694047,2
351,claude_fable_5_max,42.66167825172895,3
351,qwen3_8_max,39.745145363820825,4
351,claude_opus_4_8_max,36.739986583664916,5
351,deepseek_v4_pro_max,30.113357113319758,6
351,gpt_5_5_xhigh,24.076883620142315,7
351,gemini_3_1_pro_high,23.927744082420613,8
351,deepseek_v4_flash_max,21.456965619999167,9
352,kimi_k3_max,71.32204856226224,1
352,claude_fable_5_max,52.03650029047917,2
352,claude_opus_4_8_max,50.77758302341638,3
352,deepseek_v4_pro_max,46.11405715086275,4
352,gemini_3_1_pro_high,37.0489536298638,5
352,qwen3_8_max,35.360641255709034,6
352,gpt_5_6_sol_max,32.16186960266208,7
352,gpt_5_5_xhigh,24.278399247537944,8
352,deepseek_v4_flash_max,21.536998864926986,9
353,qwen3_8_max,73.38483169460709,1
353,gemini_3_1_pro_high,73.24394561973061,2
353,claude_fable_5_max,48.70178322978538,3
353,gpt_5_5_xhigh,46.87028486104076,4
353,deepseek_v4_pro_max,46.52538409614868,5
353,gpt_5_6_sol_max,42.56364096994251,6
353,kimi_k3_max,36.22611238462688,7
353,claude_opus_4_8_max,35.200287326916936,8
353,deepseek_v4_flash_max,13.076508046761166,9
354,gpt_5_6_sol_max,73.92979889082564,1
354,kimi_k3_max,70.06880318167032,2
354,claude_fable_5_max,58.23085272510791,3
354,gemini_3_1_pro_high,50.40569141390239,4
354,gpt_5_5_xhigh,45.71775577636115,5
354,qwen3_8_max,44.672377247048544,6
354,deepseek_v4_flash_max,43.47493242785737,7
354,claude_opus_4_8_max,28.201158215935394,8
354,deepseek_v4_pro_max,15.292653960595597,9
355,claude_fable_5_max,73.12466240476502,1
355,gpt_5_6_sol_max,70.00191997144731,2
355,kimi_k3_max,56.365112540830836,3
355,qwen3_8_max,55.038561266795,4
355,gemini_3_1_pro_high,45.95567810394208,5
355,deepseek_v4_pro_max,44.35931641380356,6
355,claude_opus_4_8_max,29.768640641798818,7
355,gpt_5_5_xhigh,29.29994022943427,8
355,deepseek_v4_flash_max,21.4072394467905,9
356,gpt_5_6_sol_max,73.47542081887696,1
356,gpt_5_5_xhigh,63.17652597601143,2
356,gemini_3_1_pro_high,59.64744976926542,3
356,kimi_k3_max,51.60075164267693,4
356,claude_opus_4_8_max,28.102852831436174,5
356,claude_fable_5_max,27.433061107512096,6
356,deepseek_v4_pro_max,23.639023583853,7
356,qwen3_8_max,20.157357129606403,8
356,deepseek_v4_flash_max,11.546888292343896,9
357,claude_opus_4_8_max,73.08665431146703,1
357,claude_fable_5_max,57.095975118976895,2
357,kimi_k3_max,54.01974273434757,3
357,gpt_5_5_xhigh,50.150198081744854,4
357,qwen3_8_max,47.5407151536607,5
357,deepseek_v4_pro_max,41.487848306407344,6
357,gpt_5_6_sol_max,32.22331883966322,7
357,gemini_3_1_pro_high,21.674364769182787,8
357,deepseek_v4_flash_max,17.287291072923644,9
358,kimi_k3_max,66.67870715422578,1
358,claude_fable_5_max,53.46903971410701,2
358,gpt_5_6_sol_max,52.803368074615506,3
358,qwen3_8_max,48.083648894228226,4
358,gemini_3_1_pro_high,47.11795624796258,5
358,gpt_5_5_xhigh,44.07332773018787,6
358,deepseek_v4_pro_max,32.96934857961492,7
358,deepseek_v4_flash_max,25.222896270282398,8
358,claude_opus_4_8_max,22.401098113123222,9
359,gpt_5_5_xhigh,83.98689372822436,1
359,claude_fable_5_max,56.90115310781957,2
359,gpt_5_6_sol_max,55.07867219152775,3
359,deepseek_v4_pro_max,41.91699693816058,4
359,gemini_3_1_pro_high,41.52022780494936,5
359,qwen3_8_max,25.8293175085199,6
359,deepseek_v4_flash_max,23.6223630560542,7
359,kimi_k3_max,23.597194993582082,8
359,claude_opus_4_8_max,22.69761427530008,9
360,claude_opus_4_8_max,82.76722813744934,1
360,gemini_3_1_pro_high,59.1650849081672,2
360,qwen3_8_max,48.34916176746047,3
360,gpt_5_6_sol_max,45.21404621282605,4
360,gpt_5_5_xhigh,40.81966362633295,5
360,claude_fable_5_max,40.54855801885559,6
360,kimi_k3_max,39.540942479250845,7
360,deepseek_v4_flash_max,21.414440471423333,8
360,deepseek_v4_pro_max,18.371692870016176,9
361,qwen3_8_max,66.05148854644592,1
361,kimi_k3_max,50.850096301827584,2
361,gpt_5_5_xhigh,48.593686839610214,3
361,deepseek_v4_pro_max,44.36152347090004,4
361,claude_opus_4_8_max,41.96555374371752,5
361,gemini_3_1_pro_high,33.34146719681638,6
361,claude_fable_5_max,28.2217684536482,7
361,gpt_5_6_sol_max,12.577979324656898,8
361,deepseek_v4_flash_max,6.859346903127101,9
362,claude_fable_5_max,85.6728829282642,1
362,gemini_3_1_pro_high,69.38360926703676,2
362,qwen3_8_max,58.057523463195565,3
362,gpt_5_6_sol_max,53.186516889044654,4
362,kimi_k3_max,51.09226062599909,5
362,gpt_5_5_xhigh,47.84596773482954,6
362,deepseek_v4_flash_max,35.83686232176098,7
362,claude_opus_4_8_max,30.991951979508805,8
362,deepseek_v4_pro_max,5.308206780653275,9
363,qwen3_8_max,77.16627290203098,1
363,gemini_3_1_pro_high,73.87308446552042,2
363,claude_fable_5_max,72.54070838837401,3
363,kimi_k3_max,68.5574933036756,4
363,gpt_5_6_sol_max,64.77458359313897,5
363,claude_opus_4_8_max,36.703695835346934,6
363,gpt_5_5_xhigh,36.243054319786765,7
363,deepseek_v4_flash_max,32.88170853441789,8
363,deepseek_v4_pro_max,2.1074554735760023,9
364,gpt_5_6_sol_max,72.81883062931621,1
364,gpt_5_5_xhigh,65.92163323764956,2
364,qwen3_8_max,43.42213244832298,3
364,deepseek_v4_flash_max,35.79388686690109,4
364,kimi_k3_max,34.977788329128536,5
364,claude_opus_4_8_max,33.194556924414954,6
364,gemini_3_1_pro_high,24.59155612067595,7
364,claude_fable_5_max,24.501208528356823,8
364,deepseek_v4_pro_max,6.6566508100124,9
365,claude_opus_4_8_max,79.7050431505044,1
365,gpt_5_6_sol_max,78.32987429852234,2
365,gemini_3_1_pro_high,66.01869562996471,3
365,kimi_k3_max,64.37255427429683,4
365,claude_fable_5_max,61.0914806955334,5
365,qwen3_8_max,52.543358554751336,6
365,gpt_5_5_xhigh,46.10281117642605,7
365,deepseek_v4_pro_max,26.938763911645506,8
365,deepseek_v4_flash_max,10.158219614267775,9
366,claude_opus_4_8_max,70.32389758227617,1
366,kimi_k3_max,46.00608901883607,2
366,gpt_5_5_xhigh,42.851633076007595,3
366,claude_fable_5_max,36.34664440959138,4
366,qwen3_8_max,34.14931703789749,5
366,gpt_5_6_sol_max,29.469341463405392,6
366,deepseek_v4_flash_max,28.258040700293304,7
366,gemini_3_1_pro_high,22.845900565897786,8
366,deepseek_v4_pro_max,22.79003001590065,9
367,claude_fable_5_max,72.08133655938212,1
367,gemini_3_1_pro_high,63.10793849552396,2
367,claude_opus_4_8_max,54.6159105183099,3
367,gpt_5_5_xhigh,50.20942462441847,4
367,kimi_k3_max,47.82337141710679,5
367,qwen3_8_max,39.78608825284636,6
367,gpt_5_6_sol_max,28.478960960080045,7
367,deepseek_v4_pro_max,25.852813696946523,8
367,deepseek_v4_flash_max,21.301009717059667,9
368,gpt_5_6_sol_max,72.10973822764039,1
368,kimi_k3_max,58.37113487999693,2
368,qwen3_8_max,57.00166001218116,3
368,claude_fable_5_max,54.33972180341202,4
368,deepseek_v4_flash_max,51.78907181094269,5
368,gemini_3_1_pro_high,42.71313665525366,6
368,gpt_5_5_xhigh,42.66858424091886,7
368,claude_opus_4_8_max,30.39203846803415,8
368,deepseek_v4_pro_max,22.122508167504815,9
369,gpt_5_6_sol_max,62.12016439134808,1
369,claude_opus_4_8_max,56.56499075261763,2
369,qwen3_8_max,53.34792985024478,3
369,gpt_5_5_xhigh,30.345859732326943,4
369,kimi_k3_max,29.52451405435033,5
369,claude_fable_5_max,26.642338600622576,6
369,deepseek_v4_flash_max,21.652991056482314,7
369,gemini_3_1_pro_high,21.342085619514627,8
369,deepseek_v4_pro_max,16.85692502717261,9
370,gpt_5_6_sol_max,82.41926823537983,1
370,claude_fable_5_max,70.35750894130729,2
370,gemini_3_1_pro_high,51.89994415180896,3
370,gpt_5_5_xhigh,46.606909336999784,4
370,qwen3_8_max,42.656658165853,5
370,claude_opus_4_8_max,38.29673484685597,6
370,deepseek_v4_pro_max,23.118770572041125,7
370,kimi_k3_max,15.186980582033375,8
370,deepseek_v4_flash_max,13.091365955404322,9
371,claude_opus_4_8_max,64.38396369203014,1
371,qwen3_8_max,55.324051966192116,2
371,kimi_k3_max,53.45430751853088,3
371,claude_fable_5_max,49.090935338344885,4
371,gemini_3_1_pro_high,48.585083950519405,5
371,gpt_5_5_xhigh,35.14019762756942,6
371,deepseek_v4_flash_max,32.677737518536645,7
371,deepseek_v4_pro_max,23.283064356506497,8
371,gpt_5_6_sol_max,22.39775777354602,9
372,gpt_5_5_xhigh,82.44310988643227,1
372,kimi_k3_max,61.76645629216419,2
372,claude_fable_5_max,53.33659907138008,3
372,gemini_3_1_pro_high,52.7799862739131,4
372,qwen3_8_max,42.17850127315866,5
372,claude_opus_4_8_max,39.682314699230915,6
372,gpt_5_6_sol_max,38.48923525458496,7
372,deepseek_v4_flash_max,30.64648635740996,8
372,deepseek_v4_pro_max,27.26273645982789,9
373,claude_opus_4_8_max,65.4005529496253,1
373,claude_fable_5_max,52.508044484588765,2
373,qwen3_8_max,48.294680326835135,3
373,gpt_5_6_sol_max,33.7334079699458,4
373,gemini_3_1_pro_high,32.19838735626648,5
373,deepseek_v4_flash_max,25.758759229390165,6
373,gpt_5_5_xhigh,23.743198995426823,7
373,kimi_k3_max,14.330968967283773,8
373,deepseek_v4_pro_max,9.512561234855216,9
374,claude_fable_5_max,61.23902933719746,1
374,gpt_5_6_sol_max,59.80357327428554,2
374,gpt_5_5_xhigh,52.97776640045378,3
374,qwen3_8_max,45.01341401889006,4
374,kimi_k3_max,38.12310992913782,5
374,deepseek_v4_flash_max,36.37591899521965,6
374,gemini_3_1_pro_high,36.258306860913606,7
374,claude_opus_4_8_max,23.568911130657348,8
374,deepseek_v4_pro_max,15.392324434312961,9
375,gpt_5_6_sol_max,83.45424827132754,1
375,gemini_3_1_pro_high,80.98941370559704,2
375,qwen3_8_max,67.42924296154924,3
375,claude_fable_5_max,61.98445767352084,4
375,kimi_k3_max,39.884572596372124,5
375,gpt_5_5_xhigh,39.381821961796405,6
375,deepseek_v4_pro_max,30.52951281527985,7
375,claude_opus_4_8_max,20.62693499982459,8
375,deepseek_v4_flash_max,18.39773765359777,9
376,claude_opus_4_8_max,79.01545657676596,1
376,gpt_5_5_xhigh,73.10857844968356,2
376,gpt_5_6_sol_max,52.07174971269853,3
376,qwen3_8_max,48.60142194989072,4
376,kimi_k3_max,47.89911755744021,5
376,gemini_3_1_pro_high,46.48701006177995,6
376,claude_fable_5_max,32.52215217816406,7
376,deepseek_v4_pro_max,31.499621763238604,8
376,deepseek_v4_flash_max,6.62821395457875,9
377,claude_opus_4_8_max,76.39255896480816,1
377,kimi_k3_max,64.23592326257024,2
377,gpt_5_6_sol_max,52.323361608843086,3
377,qwen3_8_max,49.02784448331613,4
377,deepseek_v4_pro_max,36.325477473634606,5
377,claude_fable_5_max,35.452378764809794,6
377,deepseek_v4_flash_max,35.41857209391593,7
377,gemini_3_1_pro_high,31.022699690867775,8
377,gpt_5_5_xhigh,16.220765353336372,9
378,claude_fable_5_max,82.32166848082588,1
378,gemini_3_1_pro_high,48.64892758713573,2
378,gpt_5_6_sol_max,48.48397686747124,3
378,kimi_k3_max,42.90377776189186,4
378,qwen3_8_max,36.84316251356671,5
378,deepseek_v4_flash_max,35.279410832203226,6
378,claude_opus_4_8_max,23.527909624147075,7
378,gpt_5_5_xhigh,17.92576391717885,8
378,deepseek_v4_pro_max,8.37509923438973,9
379,gpt_5_6_sol_max,68.21234043278216,1
379,claude_fable_5_max,58.20350568110352,2
379,deepseek_v4_flash_max,47.53621894558263,3
379,gpt_5_5_xhigh,43.96501231876388,4
379,qwen3_8_max,33.17351333558355,5
379,gemini_3_1_pro_high,33.14905648409882,6
379,kimi_k3_max,27.786319691692313,7
379,claude_opus_4_8_max,20.30715866985931,8
379,deepseek_v4_pro_max,8.876272892044073,9
380,kimi_k3_max,52.93078049065322,1
380,deepseek_v4_pro_max,50.43677856002333,2
380,gemini_3_1_pro_high,49.50704384268063,3
380,gpt_5_6_sol_max,47.17594191854696,4
380,claude_fable_5_max,37.55020397958339,5
380,qwen3_8_max,37.16169960440382,6
380,claude_opus_4_8_max,36.61318318136543,7
380,gpt_5_5_xhigh,35.509375049532935,8
380,deepseek_v4_flash_max,12.658025353890235,9
381,claude_fable_5_max,50.1953466463886,1
381,gpt_5_6_sol_max,50.02312030743238,2
381,gemini_3_1_pro_high,48.49002334060238,3
381,kimi_k3_max,40.05597625078758,4
381,deepseek_v4_pro_max,36.43777564276893,5
381,claude_opus_4_8_max,36.10303847256266,6
381,qwen3_8_max,32.60347651292502,7
381,gpt_5_5_xhigh,28.487222548140522,8
381,deepseek_v4_flash_max,13.027429789665272,9
382,kimi_k3_max,78.21993224487048,1
382,gpt_5_6_sol_max,59.74809516804997,2
382,claude_fable_5_max,52.475798568899904,3
382,qwen3_8_max,48.29539055289437,4
382,deepseek_v4_flash_max,45.03668585827906,5
382,claude_opus_4_8_max,34.32433471119688,6
382,gemini_3_1_pro_high,31.102121172771753,7
382,gpt_5_5_xhigh,26.235948316311504,8
382,deepseek_v4_pro_max,10.71816096262047,9
383,claude_opus_4_8_max,80.05047147865207,1
383,qwen3_8_max,74.36300741789901,2
383,gemini_3_1_pro_high,66.20735306831449,3
383,kimi_k3_max,55.662952187765065,4
383,gpt_5_6_sol_max,44.210332795172455,5
383,deepseek_v4_flash_max,37.84931571942288,6
383,claude_fable_5_max,37.79290670515361,7
383,gpt_5_5_xhigh,31.92061017693222,8
383,deepseek_v4_pro_max,26.5707801745615,9
384,gpt_5_6_sol_max,68.70745692382528,1
384,claude_opus_4_8_max,53.41873027099097,2
384,kimi_k3_max,52.339176955143095,3
384,gpt_5_5_xhigh,40.19335115422406,4
384,deepseek_v4_pro_max,36.98043187118245,5
384,claude_fable_5_max,34.02857682539707,6
384,gemini_3_1_pro_high,32.732683238398614,7
384,qwen3_8_max,22.154979724789527,8
384,deepseek_v4_flash_max,10.947036828006372,9
385,gpt_5_5_xhigh,76.80573351870605,1
385,qwen3_8_max,71.39447369095335,2
385,gemini_3_1_pro_high,63.12518829240304,3
385,kimi_k3_max,57.752224548522975,4
385,claude_fable_5_max,56.04345143800319,5
385,deepseek_v4_flash_max,45.22841604247235,6
385,claude_opus_4_8_max,42.639145997253806,7
385,gpt_5_6_sol_max,40.45335262167101,8
385,deepseek_v4_pro_max,10.979280612853747,9
386,claude_opus_4_8_max,61.56587327228307,1
386,gpt_5_6_sol_max,50.97436439660845,2
386,deepseek_v4_pro_max,50.22561330556084,3
386,kimi_k3_max,48.48833846676938,4
386,qwen3_8_max,34.23530755507284,5
386,gpt_5_5_xhigh,26.924025485531885,6
386,gemini_3_1_pro_high,25.21272267901395,7
386,claude_fable_5_max,24.887660245784577,8
386,deepseek_v4_flash_max,12.967777090163407,9
387,claude_opus_4_8_max,77.49613433964758,1
387,gemini_3_1_pro_high,68.27298374699701,2
387,gpt_5_5_xhigh,54.16277548461319,3
387,qwen3_8_max,54.123786521163765,4
387,gpt_5_6_sol_max,51.28348024270961,5
387,claude_fable_5_max,45.373513114883174,6
387,deepseek_v4_pro_max,43.40127719416004,7
387,kimi_k3_max,25.713742854770096,8
387,deepseek_v4_flash_max,20.55610427938923,9
388,qwen3_8_max,60.20900944811761,1
388,gpt_5_6_sol_max,52.284281904788614,2
388,claude_fable_5_max,51.25021910022413,3
388,kimi_k3_max,48.76653755922599,4
388,gemini_3_1_pro_high,47.47589050032862,5
388,claude_opus_4_8_max,37.01297042940729,6
388,deepseek_v4_flash_max,34.33237658919579,7
388,gpt_5_5_xhigh,31.050696174879082,8
388,deepseek_v4_pro_max,22.21008961520546,9
389,gpt_5_6_sol_max,72.98022907019094,1
389,kimi_k3_max,66.7303120995028,2
389,gpt_5_5_xhigh,62.76353231660498,3
389,claude_fable_5_max,59.442848169303055,4
389,qwen3_8_max,58.563785960005674,5
389,deepseek_v4_pro_max,43.43624436916906,6
389,deepseek_v4_flash_max,29.835425125517606,7
389,claude_opus_4_8_max,26.582569720670087,8
389,gemini_3_1_pro_high,22.280447581569348,9
390,claude_fable_5_max,86.6975415554004,1
390,gpt_5_6_sol_max,61.38480466353249,2
390,gemini_3_1_pro_high,58.082288128128255,3
390,gpt_5_5_xhigh,55.68679876651191,4
390,qwen3_8_max,47.745527117091974,5
390,deepseek_v4_flash_max,47.06736489084577,6
390,claude_opus_4_8_max,38.50845153208253,7
390,deepseek_v4_pro_max,27.090661906648982,8
390,kimi_k3_max,26.723634657679057,9
391,claude_opus_4_8_max,56.9390986579075,1
391,claude_fable_5_max,54.48981578986988,2
391,gpt_5_6_sol_max,53.917032041354204,3
391,kimi_k3_max,40.20264628558738,4
391,qwen3_8_max,37.25302144132881,5
391,deepseek_v4_pro_max,33.42902114384014,6
391,gemini_3_1_pro_high,26.7639459274244,7
391,deepseek_v4_flash_max,23.7865781442133,8
391,gpt_5_5_xhigh,22.695695375897778,9
392,claude_opus_4_8_max,79.32407833893862,1
392,gemini_3_1_pro_high,71.52011305420446,2
392,gpt_5_5_xhigh,70.01290555809402,3
392,qwen3_8_max,47.28880795750379,4
392,claude_fable_5_max,46.87926380640927,5
392,deepseek_v4_pro_max,40.94461554054202,6
392,gpt_5_6_sol_max,40.45180559992329,7
392,deepseek_v4_flash_max,20.98610000234796,8
392,kimi_k3_max,20.506590754958875,9
393,gpt_5_5_xhigh,91.50675639899183,1
393,gemini_3_1_pro_high,76.98118324414466,2
393,kimi_k3_max,68.34783327103972,3
393,claude_opus_4_8_max,64.71833398417087,4
393,deepseek_v4_flash_max,52.29059312644203,5
393,qwen3_8_max,51.69671095228274,6
393,gpt_5_6_sol_max,43.47886435430869,7
393,claude_fable_5_max,31.21985846425012,8
393,deepseek_v4_pro_max,10.862840737473762,9
394,claude_opus_4_8_max,66.60623134483934,1
394,deepseek_v4_pro_max,55.12328266443999,2
394,gpt_5_6_sol_max,54.2793962705865,3
394,gemini_3_1_pro_high,49.41797329893037,4
394,kimi_k3_max,41.97838724433864,5
394,gpt_5_5_xhigh,35.49729966709262,6
394,claude_fable_5_max,35.11646594636644,7
394,qwen3_8_max,26.799889627992638,8
394,deepseek_v4_flash_max,5.333157399280671,9
395,claude_fable_5_max,66.54293768200861,1
395,gpt_5_5_xhigh,63.618689345271406,2
395,gpt_5_6_sol_max,60.4885144215267,3
395,claude_opus_4_8_max,56.02232621565079,4
395,qwen3_8_max,54.06159525171674,5
395,deepseek_v4_pro_max,37.754735207163115,6
395,gemini_3_1_pro_high,37.72339184893008,7
395,kimi_k3_max,19.024308960759015,8
395,deepseek_v4_flash_max,18.51306772085784,9
396,gpt_5_6_sol_max,71.73649551435668,1
396,claude_fable_5_max,60.114042807115595,2
396,kimi_k3_max,53.606064455557764,3
396,deepseek_v4_pro_max,45.4417971484107,4
396,qwen3_8_max,45.00850051614757,5
396,gemini_3_1_pro_high,31.75729320832805,6
396,gpt_5_5_xhigh,31.14397207819563,7
396,claude_opus_4_8_max,25.137223163967814,8
396,deepseek_v4_flash_max,18.21410953800487,9
397,kimi_k3_max,87.35400331009119,1
397,gemini_3_1_pro_high,71.42638175007089,2
397,claude_fable_5_max,71.05669967864691,3
397,qwen3_8_max,60.75245289847484,4
397,gpt_5_6_sol_max,51.24735365405666,5
397,claude_opus_4_8_max,34.147371781601294,6
397,deepseek_v4_pro_max,26.39208290582301,7
397,gpt_5_5_xhigh,25.77161919237281,8
397,deepseek_v4_flash_max,8.2931497272561,9
398,gpt_5_6_sol_max,63.54119460948723,1
398,claude_opus_4_8_max,45.788222098539826,2
398,qwen3_8_max,40.41706728935474,3
398,deepseek_v4_pro_max,39.00639793547629,4
398,claude_fable_5_max,32.55396507533649,5
398,kimi_k3_max,31.33901305342717,6
398,gpt_5_5_xhigh,26.997377326313426,7
398,deepseek_v4_flash_max,23.347135753175994,8
398,gemini_3_1_pro_high,11.604654378243186,9
399,gpt_5_5_xhigh,67.2613102210855,1
399,kimi_k3_max,64.42253784059974,2
399,claude_fable_5_max,57.25014387825497,3
399,qwen3_8_max,49.58131958851645,4
399,claude_opus_4_8_max,46.3956927567704,5
399,deepseek_v4_pro_max,37.89885720562534,6
399,gpt_5_6_sol_max,29.15053412971548,7
399,gemini_3_1_pro_high,23.524337630263275,8
399,deepseek_v4_flash_max,4.648268420561463,9
400,gpt_5_5_xhigh,82.05115749994131,1
400,gpt_5_6_sol_max,63.663886653105024,2
400,kimi_k3_max,63.13477154140346,3
400,claude_fable_5_max,41.82577210326219,4
400,qwen3_8_max,40.152223323030654,5
400,gemini_3_1_pro_high,37.98536149956131,6
400,deepseek_v4_pro_max,36.24346601649026,7
400,deepseek_v4_flash_max,31.343643575350853,8
400,claude_opus_4_8_max,19.56536140510758,9
401,gemini_3_1_pro_high,59.211143261120554,1
401,gpt_5_6_sol_max,57.70883728907265,2
401,claude_fable_5_max,57.23773341858442,3
401,qwen3_8_max,53.918170489110636,4
401,deepseek_v4_flash_max,42.28677980422118,5
401,gpt_5_5_xhigh,40.21973399138085,6
401,kimi_k3_max,35.22228700536823,7
401,claude_opus_4_8_max,29.313372488477967,8
401,deepseek_v4_pro_max,18.240111008315367,9
402,claude_fable_5_max,78.96109076347287,1
402,gpt_5_5_xhigh,77.9283683584962,2
402,kimi_k3_max,64.64727060395546,3
402,gpt_5_6_sol_max,53.10498617098146,4
402,qwen3_8_max,40.185017525610036,5
402,deepseek_v4_flash_max,29.349470989625573,6
402,deepseek_v4_pro_max,28.11116961851848,7
402,claude_opus_4_8_max,19.912995431253577,8
402,gemini_3_1_pro_high,16.76213359691333,9
403,claude_opus_4_8_max,66.39811005962197,1
403,gpt_5_5_xhigh,58.49302160827843,2
403,qwen3_8_max,58.02103254877969,3
403,gemini_3_1_pro_high,57.427495028289414,4
403,claude_fable_5_max,55.15836322950277,5
403,kimi_k3_max,54.10820603777027,6
403,gpt_5_6_sol_max,39.00524403918512,7
403,deepseek_v4_pro_max,32.19246249044076,8
403,deepseek_v4_flash_max,17.627116002675827,9
404,kimi_k3_max,77.00123570288204,1
404,qwen3_8_max,72.88434340588842,2
404,gemini_3_1_pro_high,71.63318374188646,3
404,claude_fable_5_max,69.07077446125041,4
404,gpt_5_6_sol_max,59.597154445889615,5
404,gpt_5_5_xhigh,51.90821407945077,6
404,claude_opus_4_8_max,32.30863256760738,7
404,deepseek_v4_flash_max,29.70340824482819,8
404,deepseek_v4_pro_max,7.158381567769716,9
405,claude_fable_5_max,77.67159152514887,1
405,claude_opus_4_8_max,74.28193968951824,2
405,qwen3_8_max,62.196614608536834,3
405,gpt_5_6_sol_max,58.454333278669594,4
405,gemini_3_1_pro_high,46.92866866163371,5
405,gpt_5_5_xhigh,36.19691256879118,6
405,deepseek_v4_flash_max,33.12974859801449,7
405,kimi_k3_max,30.80931942826561,8
405,deepseek_v4_pro_max,22.93645512308711,9
406,gpt_5_5_xhigh,73.66593182123734,1
406,gemini_3_1_pro_high,69.30140328757642,2
406,qwen3_8_max,63.492660643399105,3
406,kimi_k3_max,53.36324145300669,4
406,gpt_5_6_sol_max,46.39611904503581,5
406,claude_opus_4_8_max,43.359641631058494,6
406,deepseek_v4_pro_max,39.38630788519232,7
406,claude_fable_5_max,36.142899456995565,8
406,deepseek_v4_flash_max,17.212617623371603,9
407,claude_opus_4_8_max,80.53353807796587,1
407,gpt_5_6_sol_max,76.3620269232812,2
407,gemini_3_1_pro_high,65.01247967967727,3
407,qwen3_8_max,60.353582655259316,4
407,kimi_k3_max,46.43875572698181,5
407,claude_fable_5_max,41.36869008498506,6
407,deepseek_v4_flash_max,37.68587880722595,7
407,gpt_5_5_xhigh,26.87142359406085,8
407,deepseek_v4_pro_max,14.993605077773703,9
408,gpt_5_6_sol_max,86.17369722864044,1
408,gemini_3_1_pro_high,63.06194689459291,2
408,deepseek_v4_flash_max,39.331176865046274,3
408,qwen3_8_max,36.45143232353221,4
408,gpt_5_5_xhigh,28.828394882097367,5
408,kimi_k3_max,27.495386171625128,6
408,claude_fable_5_max,27.2145633399351,7
408,claude_opus_4_8_max,22.699467922929358,8
408,deepseek_v4_pro_max,7.5926945358824725,9
409,gpt_5_6_sol_max,79.72581916042441,1
409,claude_opus_4_8_max,44.25206733948745,2
409,qwen3_8_max,43.72091553971639,3
409,claude_fable_5_max,38.12660524139345,4
409,gemini_3_1_pro_high,37.02518161081671,5
409,gpt_5_5_xhigh,31.497591974482752,6
409,deepseek_v4_flash_max,30.64964719952508,7
409,deepseek_v4_pro_max,30.34424724838869,8
409,kimi_k3_max,25.61238591757128,9
410,claude_fable_5_max,71.96468442638881,1
410,gpt_5_6_sol_max,65.13775608264034,2
410,kimi_k3_max,57.651456570675855,3
410,gemini_3_1_pro_high,39.94831353744756,4
410,qwen3_8_max,38.36703014244573,5
410,gpt_5_5_xhigh,30.50152771392534,6
410,claude_opus_4_8_max,24.959722522884615,7
410,deepseek_v4_flash_max,20.2388084706843,8
410,deepseek_v4_pro_max,18.688177858423764,9
411,claude_opus_4_8_max,72.22201557143667,1
411,gpt_5_6_sol_max,66.19709609354399,2
411,claude_fable_5_max,64.69420236505853,3
411,gemini_3_1_pro_high,51.51279765779674,4
411,gpt_5_5_xhigh,45.17439177599731,5
411,kimi_k3_max,38.68643892602605,6
411,qwen3_8_max,36.02532921747847,7
411,deepseek_v4_pro_max,24.874333877401114,8
411,deepseek_v4_flash_max,11.864149698745196,9
412,claude_opus_4_8_max,76.77711144234874,1
412,gemini_3_1_pro_high,69.55246333683189,2
412,claude_fable_5_max,54.97022522689003,3
412,gpt_5_5_xhigh,50.47091140969912,4
412,qwen3_8_max,49.615081235187404,5
412,gpt_5_6_sol_max,35.28011721089577,6
412,deepseek_v4_pro_max,25.718670809195263,7
412,deepseek_v4_flash_max,24.818590478058212,8
412,kimi_k3_max,17.557542395086728,9
413,gpt_5_6_sol_max,77.22761342479252,1
413,deepseek_v4_flash_max,46.12519727405785,2
413,qwen3_8_max,45.92832316040503,3
413,claude_opus_4_8_max,43.00161099708251,4
413,claude_fable_5_max,38.753755670615774,5
413,kimi_k3_max,33.59748651729137,6
413,gpt_5_5_xhigh,26.605876001006386,7
413,gemini_3_1_pro_high,25.544781495672026,8
413,deepseek_v4_pro_max,16.528393013338988,9
414,claude_fable_5_max,79.17143615820441,1
414,claude_opus_4_8_max,62.06333004664003,2
414,kimi_k3_max,27.093624161262518,3
414,gemini_3_1_pro_high,19.307288439166758,4
414,gpt_5_6_sol_max,18.520392122512106,5
414,gpt_5_5_xhigh,17.51567241211978,6
414,qwen3_8_max,16.88417929786986,7
414,deepseek_v4_pro_max,13.164981960162223,8
414,deepseek_v4_flash_max,11.1377397052783,9
415,claude_fable_5_max,73.87053936389195,1
415,kimi_k3_max,63.299679632387154,2
415,gemini_3_1_pro_high,49.146357516770195,3
415,deepseek_v4_pro_max,46.24107914185216,4
415,gpt_5_6_sol_max,40.16696545694067,5
415,qwen3_8_max,39.92115142787189,6
415,claude_opus_4_8_max,35.90088751613943,7
415,gpt_5_5_xhigh,19.51880812024156,8
415,deepseek_v4_flash_max,12.19763021634368,9
416,gpt_5_5_xhigh,72.66412204178494,1
416,kimi_k3_max,63.743990682991324,2
416,claude_opus_4_8_max,54.6659213132699,3
416,qwen3_8_max,53.27338770875362,4
416,gemini_3_1_pro_high,52.60405537547249,5
416,claude_fable_5_max,43.020254579388215,6
416,gpt_5_6_sol_max,40.61520390079635,7
416,deepseek_v4_pro_max,40.194935799801925,8
416,deepseek_v4_flash_max,19.064121430097025,9
417,claude_fable_5_max,81.18373217094381,1
417,claude_opus_4_8_max,64.74612206755437,2
417,kimi_k3_max,64.6777870324198,3
417,gpt_5_5_xhigh,61.27310995106364,4
417,qwen3_8_max,58.44630341975986,5
417,gemini_3_1_pro_high,29.882587417967756,6
417,deepseek_v4_pro_max,29.475547365800658,7
417,deepseek_v4_flash_max,28.756563402532443,8
417,gpt_5_6_sol_max,27.802142158362606,9
418,gemini_3_1_pro_high,72.08923674093857,1
418,gpt_5_6_sol_max,66.68561606581558,2
418,kimi_k3_max,52.08809454767545,3
418,gpt_5_5_xhigh,48.683622177701665,4
418,qwen3_8_max,46.4239329778897,5
418,claude_opus_4_8_max,37.58177681287584,6
418,claude_fable_5_max,25.312385445620816,7
418,deepseek_v4_flash_max,18.264664994136524,8
418,deepseek_v4_pro_max,17.31912489509223,9
419,gpt_5_5_xhigh,78.01261755146342,1
419,claude_fable_5_max,76.32491051982859,2
419,gemini_3_1_pro_high,53.125601687984485,3
419,claude_opus_4_8_max,39.768668767942344,4
419,gpt_5_6_sol_max,36.78651623928185,5
419,deepseek_v4_flash_max,36.570411326406955,6
419,qwen3_8_max,28.43431328409627,7
419,kimi_k3_max,21.35395381807485,8
419,deepseek_v4_pro_max,14.281768686572786,9
420,claude_fable_5_max,68.82898457152534,1
420,claude_opus_4_8_max,56.85852444093127,2
420,deepseek_v4_flash_max,54.52485439634932,3
420,kimi_k3_max,51.09711680648165,4
420,gemini_3_1_pro_high,42.679502229965046,5
420,gpt_5_6_sol_max,42.46712879338279,6
420,qwen3_8_max,31.08998441899697,7
420,gpt_5_5_xhigh,23.847292344234575,8
420,deepseek_v4_pro_max,20.36135729090268,9
421,gemini_3_1_pro_high,70.90573943672922,1
421,gpt_5_6_sol_max,68.81455781866725,2
421,claude_fable_5_max,59.506706710017546,3
421,claude_opus_4_8_max,52.61947859689087,4
421,qwen3_8_max,49.557445612503926,5
421,kimi_k3_max,37.03636871607747,6
421,gpt_5_5_xhigh,32.714660315490704,7
421,deepseek_v4_pro_max,30.084342428831565,8
421,deepseek_v4_flash_max,27.951591105708097,9
422,kimi_k3_max,77.30176505222562,1
422,qwen3_8_max,68.4143589106294,2
422,gpt_5_5_xhigh,65.27606110031635,3
422,claude_fable_5_max,56.24480332532944,4
422,deepseek_v4_pro_max,43.606141256847216,5
422,claude_opus_4_8_max,36.10109624832145,6
422,gpt_5_6_sol_max,34.751885103409364,7
422,gemini_3_1_pro_high,29.038747999368223,8
422,deepseek_v4_flash_max,22.408986888399838,9
423,gpt_5_6_sol_max,84.91686397345238,1
423,claude_opus_4_8_max,66.16263236805429,2
423,gpt_5_5_xhigh,44.05091485667745,3
423,gemini_3_1_pro_high,43.289517626572994,4
423,kimi_k3_max,33.798629771031344,5
423,qwen3_8_max,27.23275398987496,6
423,claude_fable_5_max,20.824947204411792,7
423,deepseek_v4_pro_max,19.032183692903015,8
423,deepseek_v4_flash_max,18.266526055177522,9
424,claude_fable_5_max,78.82221297861933,1
424,claude_opus_4_8_max,48.238025832899694,2
424,kimi_k3_max,43.12429965832626,3
424,gpt_5_5_xhigh,40.01706612042372,4
424,gemini_3_1_pro_high,37.82011956529001,5
424,qwen3_8_max,29.730233450610754,6
424,deepseek_v4_pro_max,27.136897149834823,7
424,deepseek_v4_flash_max,21.770471962550296,8
424,gpt_5_6_sol_max,21.061659155906234,9
425,claude_opus_4_8_max,70.78491404053139,1
425,gpt_5_6_sol_max,62.24080469478768,2
425,gpt_5_5_xhigh,60.12664238872527,3
425,deepseek_v4_pro_max,41.700710808462155,4
425,claude_fable_5_max,40.061764446776095,5
425,qwen3_8_max,33.27913511537518,6
425,gemini_3_1_pro_high,31.944973336182855,7
425,kimi_k3_max,27.01912304170938,8
425,deepseek_v4_flash_max,11.606964257192685,9
426,claude_opus_4_8_max,84.75582466130598,1
426,gpt_5_6_sol_max,76.30476451285506,2
426,gemini_3_1_pro_high,70.31132690485884,3
426,qwen3_8_max,51.828784027214525,4
426,kimi_k3_max,31.354998049551774,5
426,claude_fable_5_max,29.816717758632635,6
426,deepseek_v4_pro_max,29.122098057741095,7
426,gpt_5_5_xhigh,24.258675955638182,8
426,deepseek_v4_flash_max,21.17619492222731,9
427,kimi_k3_max,64.3938344047663,1
427,gpt_5_6_sol_max,63.17127029141527,2
427,gemini_3_1_pro_high,60.48634521506776,3
427,gpt_5_5_xhigh,60.3050335011111,4
427,claude_fable_5_max,54.83554781992167,5
427,qwen3_8_max,34.69235585645106,6
427,claude_opus_4_8_max,28.342568355277653,7
427,deepseek_v4_pro_max,22.158140113209463,8
427,deepseek_v4_flash_max,16.61661889161053,9
428,gpt_5_6_sol_max,88.7144139741597,1
428,qwen3_8_max,47.15527067843506,2
428,kimi_k3_max,34.97415081725143,3
428,deepseek_v4_flash_max,30.601395546954336,4
428,gpt_5_5_xhigh,27.49597218438862,5
428,claude_fable_5_max,27.180627731909173,6
428,gemini_3_1_pro_high,24.21987686109383,7
428,claude_opus_4_8_max,20.946817471219052,8
428,deepseek_v4_pro_max,2.606010492286554,9
429,claude_fable_5_max,73.56705202329448,1
429,kimi_k3_max,73.47537272282747,2
429,gpt_5_5_xhigh,61.620792566861894,3
429,qwen3_8_max,61.02490465851489,4
429,gpt_5_6_sol_max,54.119595057271,5
429,deepseek_v4_pro_max,52.23143438606682,6
429,gemini_3_1_pro_high,46.92728094160742,7
429,claude_opus_4_8_max,34.448552184569195,8
429,deepseek_v4_flash_max,15.040830436862118,9
430,claude_opus_4_8_max,71.1514217742702,1
430,claude_fable_5_max,67.93065959034209,2
430,gemini_3_1_pro_high,46.26775085729626,3
430,gpt_5_6_sol_max,44.523211029998166,4
430,gpt_5_5_xhigh,42.17634954820777,5
430,deepseek_v4_pro_max,41.406156032251864,6
430,kimi_k3_max,36.01414180225825,7
430,qwen3_8_max,23.411297009085445,8
430,deepseek_v4_flash_max,17.925098665955232,9
431,claude_fable_5_max,67.29017913192989,1
431,claude_opus_4_8_max,60.337130692644806,2
431,qwen3_8_max,58.14651900867673,3
431,gpt_5_5_xhigh,51.366528334020245,4
431,gemini_3_1_pro_high,48.36602011842062,5
431,gpt_5_6_sol_max,35.28445542918502,6
431,kimi_k3_max,28.560530619537055,7
431,deepseek_v4_flash_max,26.826946208741532,8
431,deepseek_v4_pro_max,9.337014378222081,9
432,claude_opus_4_8_max,67.47427614452269,1
432,kimi_k3_max,64.23209198142708,2
432,qwen3_8_max,56.4048247875252,3
432,claude_fable_5_max,51.22313756074364,4
432,gpt_5_5_xhigh,46.410325906515446,5
432,gemini_3_1_pro_high,46.07649313316888,6
432,deepseek_v4_pro_max,42.65034505931963,7
432,gpt_5_6_sol_max,31.586278697615658,8
432,deepseek_v4_flash_max,3.068142500941551,9
433,claude_fable_5_max,84.18773541522137,1
433,kimi_k3_max,61.41244268017116,2
433,claude_opus_4_8_max,53.50513829541919,3
433,qwen3_8_max,52.223554248787174,4
433,deepseek_v4_flash_max,36.99089205707344,5
433,gemini_3_1_pro_high,33.81024108081379,6
433,gpt_5_5_xhigh,25.780127499858573,7
433,gpt_5_6_sol_max,25.485082690847182,8
433,deepseek_v4_pro_max,13.030884685143787,9
434,kimi_k3_max,79.96118093187383,1
434,gpt_5_6_sol_max,74.5637696511414,2
434,gpt_5_5_xhigh,53.691550510043605,3
434,qwen3_8_max,45.07984321460943,4
434,gemini_3_1_pro_high,44.2359807593299,5
434,claude_opus_4_8_max,36.37180915136205,6
434,deepseek_v4_flash_max,34.68284062694003,7
434,claude_fable_5_max,34.37261020570028,8
434,deepseek_v4_pro_max,6.54704195784558,9
435,claude_fable_5_max,79.75366075909419,1
435,gpt_5_6_sol_max,50.92728410638226,2
435,gpt_5_5_xhigh,44.99438096662465,3
435,claude_opus_4_8_max,42.2738551067633,4
435,gemini_3_1_pro_high,41.881445305217525,5
435,deepseek_v4_flash_max,36.288411028198304,6
435,kimi_k3_max,33.63231618862422,7
435,qwen3_8_max,32.92665293732844,8
435,deepseek_v4_pro_max,18.019374829337167,9
436,gpt_5_5_xhigh,62.42214566207752,1
436,claude_fable_5_max,60.40702117885678,2
436,kimi_k3_max,51.65572100949095,3
436,gemini_3_1_pro_high,49.326150588225254,4
436,deepseek_v4_flash_max,43.07729764035228,5
436,gpt_5_6_sol_max,42.53204125324036,6
436,qwen3_8_max,30.76493033862439,7
436,claude_opus_4_8_max,17.897630693722927,8
436,deepseek_v4_pro_max,10.286962248724814,9
437,claude_opus_4_8_max,70.48442993139972,1
437,gpt_5_6_sol_max,55.93950319595868,2
437,gemini_3_1_pro_high,51.90127385782952,3
437,claude_fable_5_max,51.52900401793929,4
437,deepseek_v4_pro_max,49.8106211864749,5
437,kimi_k3_max,38.475838020422565,6
437,qwen3_8_max,37.41228347294515,7
437,deepseek_v4_flash_max,24.841019819463007,8
437,gpt_5_5_xhigh,14.856256315642518,9
438,gpt_5_6_sol_max,69.18355047083222,1
438,claude_fable_5_max,68.58567132675847,2
438,gemini_3_1_pro_high,52.921392254554824,3
438,gpt_5_5_xhigh,52.642043152078074,4
438,kimi_k3_max,51.181410681932334,5
438,claude_opus_4_8_max,46.856267416436125,6
438,deepseek_v4_pro_max,37.59522357042994,7
438,qwen3_8_max,30.636657141951737,8
438,deepseek_v4_flash_max,13.476313540682515,9
439,gpt_5_6_sol_max,73.39153590288586,1
439,kimi_k3_max,64.92618744901543,2
439,qwen3_8_max,62.07323943812807,3
439,gemini_3_1_pro_high,54.10253357522213,4
439,claude_opus_4_8_max,51.76657585321506,5
439,claude_fable_5_max,41.719259903679685,6
439,deepseek_v4_pro_max,41.2218414900306,7
439,gpt_5_5_xhigh,33.82424554257072,8
439,deepseek_v4_flash_max,20.240123458776633,9
440,gpt_5_6_sol_max,75.54955200496138,1
440,kimi_k3_max,53.02258266500853,2
440,claude_fable_5_max,52.36438883194903,3
440,qwen3_8_max,48.77973958338353,4
440,deepseek_v4_pro_max,41.521750531856,5
440,claude_opus_4_8_max,34.216457219747134,6
440,gpt_5_5_xhigh,30.08585313440209,7
440,gemini_3_1_pro_high,27.262565252342476,8
440,deepseek_v4_flash_max,20.980178274984937,9
441,gpt_5_6_sol_max,62.41627339788549,1
441,gpt_5_5_xhigh,57.4123156566163,2
441,claude_opus_4_8_max,55.279518683589274,3
441,kimi_k3_max,42.3859288855887,4
441,deepseek_v4_pro_max,33.291647833311615,5
441,deepseek_v4_flash_max,31.19282514682805,6
441,qwen3_8_max,26.801144599867857,7
441,claude_fable_5_max,24.091293760075693,8
441,gemini_3_1_pro_high,21.384526964233103,9
442,gemini_3_1_pro_high,83.09505329426054,1
442,gpt_5_5_xhigh,79.54685024669962,2
442,qwen3_8_max,71.57993705723663,3
442,claude_fable_5_max,67.98277077520561,4
442,claude_opus_4_8_max,66.25264449161836,5
442,gpt_5_6_sol_max,33.86737890655266,6
442,deepseek_v4_pro_max,22.597987267997546,7
442,kimi_k3_max,17.869497732836805,8
442,deepseek_v4_flash_max,15.47501588764182,9
443,claude_fable_5_max,61.36424538009654,1
443,gpt_5_5_xhigh,58.444182681813544,2
443,gemini_3_1_pro_high,57.097605894688726,3
443,gpt_5_6_sol_max,56.53034751758268,4
443,kimi_k3_max,44.06049413984656,5
443,qwen3_8_max,38.04547452918902,6
443,claude_opus_4_8_max,26.650991956893417,7
443,deepseek_v4_pro_max,25.258385854081357,8
443,deepseek_v4_flash_max,15.11597510873436,9
444,gpt_5_5_xhigh,68.19234959284303,1
444,gemini_3_1_pro_high,58.7103360541727,2
444,gpt_5_6_sol_max,58.474904264887435,3
444,qwen3_8_max,49.635647898775645,4
444,claude_fable_5_max,48.71188233081484,5
444,deepseek_v4_flash_max,46.14206399658551,6
444,kimi_k3_max,37.092277981124354,7
444,claude_opus_4_8_max,33.83155921854929,8
444,deepseek_v4_pro_max,21.85845244106963,9
445,gpt_5_5_xhigh,84.50929767191147,1
445,claude_fable_5_max,81.31452426700844,2
445,gpt_5_6_sol_max,78.29114480396686,3
445,kimi_k3_max,59.869278785976114,4
445,claude_opus_4_8_max,29.72084110778814,5
445,deepseek_v4_pro_max,29.12050453314251,6
445,gemini_3_1_pro_high,23.025157836951056,7
445,deepseek_v4_flash_max,21.68937712752328,8
445,qwen3_8_max,21.371397574762394,9
446,claude_opus_4_8_max,76.32763654882858,1
446,qwen3_8_max,63.593924423371035,2
446,gemini_3_1_pro_high,44.792504950077685,3
446,gpt_5_5_xhigh,39.05680164716529,4
446,claude_fable_5_max,37.564608294129336,5
446,kimi_k3_max,37.33473474309841,6
446,deepseek_v4_pro_max,33.345035094815856,7
446,deepseek_v4_flash_max,30.860877085437775,8
446,gpt_5_6_sol_max,16.939140522020175,9
447,gpt_5_6_sol_max,82.83261419186053,1
447,claude_fable_5_max,54.148653365551326,2
447,qwen3_8_max,36.678839116584626,3
447,gpt_5_5_xhigh,28.862861616375454,4
447,deepseek_v4_flash_max,23.23569814838546,5
447,kimi_k3_max,22.35304482531705,6
447,claude_opus_4_8_max,21.826286973618327,7
447,gemini_3_1_pro_high,17.633320724956796,8
447,deepseek_v4_pro_max,16.684324909604257,9
448,kimi_k3_max,77.40176530729624,1
448,gpt_5_6_sol_max,67.8702122542395,2
448,gemini_3_1_pro_high,59.39935740701758,3
448,qwen3_8_max,52.22281107560852,4
448,gpt_5_5_xhigh,47.22234503386842,5
448,deepseek_v4_pro_max,47.206745906533065,6
448,claude_fable_5_max,38.96400736742224,7
448,claude_opus_4_8_max,28.883478003924754,8
448,deepseek_v4_flash_max,18.19056122167906,9
449,gpt_5_6_sol_max,78.42871180639017,1
449,claude_opus_4_8_max,72.65910596146571,2
449,claude_fable_5_max,68.09037200614961,3
449,qwen3_8_max,57.242307422066894,4
449,gemini_3_1_pro_high,45.26173346554556,5
449,deepseek_v4_flash_max,39.66189169206568,6
449,gpt_5_5_xhigh,37.884086118067046,7
449,kimi_k3_max,28.5324955828402,8
449,deepseek_v4_pro_max,18.20385266622108,9
450,claude_opus_4_8_max,80.11972290818318,1
450,qwen3_8_max,59.41208876059739,2
450,gpt_5_6_sol_max,44.695454360172064,3
450,deepseek_v4_pro_max,37.14759576978646,4
450,gemini_3_1_pro_high,36.50630473052966,5
450,claude_fable_5_max,32.71139833613339,6
450,kimi_k3_max,27.79488295329631,7
450,gpt_5_5_xhigh,22.746673968053482,8
450,deepseek_v4_flash_max,18.721100135552643,9
451,kimi_k3_max,62.97701261047072,1
451,gpt_5_6_sol_max,56.61731124468032,2
451,qwen3_8_max,55.69394122781516,3
451,claude_opus_4_8_max,52.89799137229045,4
451,gpt_5_5_xhigh,47.810100518704445,5
451,deepseek_v4_flash_max,28.77231921248171,6
451,gemini_3_1_pro_high,24.63496668072911,7
451,deepseek_v4_pro_max,24.19220809590899,8
451,claude_fable_5_max,19.05360354695661,9
452,claude_fable_5_max,80.39416445867465,1
452,gpt_5_5_xhigh,72.36828387245079,2
452,gpt_5_6_sol_max,57.67307885180912,3
452,kimi_k3_max,53.3224179804139,4
452,qwen3_8_max,36.820022061887244,5
452,deepseek_v4_pro_max,25.713025172068924,6
452,claude_opus_4_8_max,20.394011719270708,7
452,gemini_3_1_pro_high,19.581472594628835,8
452,deepseek_v4_flash_max,19.531181232575015,9
453,gpt_5_5_xhigh,72.79708485321976,1
453,claude_fable_5_max,57.039575883729775,2
453,kimi_k3_max,56.27372328220816,3
453,claude_opus_4_8_max,51.96774078382178,4
453,gemini_3_1_pro_high,50.074712921499824,5
453,deepseek_v4_pro_max,39.84658513657608,6
453,qwen3_8_max,38.38598878018811,7
453,gpt_5_6_sol_max,35.07245874862551,8
453,deepseek_v4_flash_max,18.030906043383027,9
454,gemini_3_1_pro_high,83.72770317636872,1
454,claude_fable_5_max,66.0698783206816,2
454,gpt_5_6_sol_max,63.849619007471446,3
454,claude_opus_4_8_max,63.104427243731905,4
454,gpt_5_5_xhigh,58.63345483980437,5
454,qwen3_8_max,57.87019692209723,6
454,kimi_k3_max,33.773218230513265,7
454,deepseek_v4_flash_max,21.511454393616276,8
454,deepseek_v4_pro_max,21.04119671537797,9
455,gpt_5_5_xhigh,77.98825289078121,1
455,claude_opus_4_8_max,66.4276546992424,2
455,gpt_5_6_sol_max,50.4300284007023,3
455,qwen3_8_max,33.791027317894816,4
455,kimi_k3_max,33.505341525549966,5
455,deepseek_v4_flash_max,30.021860066430072,6
455,claude_fable_5_max,27.828084308549208,7
455,gemini_3_1_pro_high,21.196855093983295,8
455,deepseek_v4_pro_max,18.485290983977855,9
456,gemini_3_1_pro_high,69.82632002671771,1
456,claude_fable_5_max,67.49702235008169,2
456,gpt_5_6_sol_max,64.59044462624215,3
456,qwen3_8_max,62.24521550504703,4
456,claude_opus_4_8_max,55.118929390295705,5
456,kimi_k3_max,45.22647044447886,6
456,gpt_5_5_xhigh,45.15763425955806,7
456,deepseek_v4_flash_max,26.80211933781002,8
456,deepseek_v4_pro_max,17.447050893387175,9
457,gpt_5_6_sol_max,76.32575295275917,1
457,claude_fable_5_max,54.74460474424454,2
457,claude_opus_4_8_max,42.21112063596571,3
457,gemini_3_1_pro_high,40.47622596802658,4
457,qwen3_8_max,37.01208824110548,5
457,deepseek_v4_flash_max,36.70774344315876,6
457,kimi_k3_max,31.887698070689108,7
457,gpt_5_5_xhigh,25.544861617722255,8
457,deepseek_v4_pro_max,21.955176691839178,9
458,gpt_5_6_sol_max,58.709582336455924,1
458,qwen3_8_max,55.72012950061449,2
458,claude_fable_5_max,54.515424477523176,3
458,claude_opus_4_8_max,50.818433666727685,4
458,deepseek_v4_pro_max,48.31396034969356,5
458,gemini_3_1_pro_high,37.55864396890238,6
458,deepseek_v4_flash_max,36.1640975626748,7
458,kimi_k3_max,31.241470668358335,8
458,gpt_5_5_xhigh,25.73013925945194,9
459,claude_fable_5_max,81.62221148327471,1
459,kimi_k3_max,76.16565950916421,2
459,gemini_3_1_pro_high,75.16821329897343,3
459,claude_opus_4_8_max,73.54161319792533,4
459,gpt_5_5_xhigh,61.680167153223906,5
459,gpt_5_6_sol_max,59.508997560671475,6
459,qwen3_8_max,44.58152645045976,7
459,deepseek_v4_flash_max,26.842463426551905,8
459,deepseek_v4_pro_max,15.97944542867046,9
460,gpt_5_6_sol_max,66.28982757609232,1
460,gemini_3_1_pro_high,41.817204140421694,2
460,deepseek_v4_pro_max,40.637320167327324,3
460,qwen3_8_max,36.94793798693658,4
460,gpt_5_5_xhigh,35.67544185868778,5
460,claude_opus_4_8_max,33.114968597492094,6
460,claude_fable_5_max,23.634979849129657,7
460,kimi_k3_max,19.511428559813577,8
460,deepseek_v4_flash_max,10.449504072024919,9
461,kimi_k3_max,78.59405630286899,1
461,claude_opus_4_8_max,75.08292517473615,2
461,qwen3_8_max,41.39276988773051,3
461,claude_fable_5_max,37.91084455306316,4
461,gpt_5_6_sol_max,36.832879183183294,5
461,deepseek_v4_flash_max,34.18626874940509,6
461,deepseek_v4_pro_max,30.446108898738615,7
461,gpt_5_5_xhigh,29.858238871315084,8
461,gemini_3_1_pro_high,29.08268233867795,9
462,kimi_k3_max,76.15127752927687,1
462,claude_opus_4_8_max,69.46107766016712,2
462,claude_fable_5_max,62.8953742216971,3
462,gemini_3_1_pro_high,49.37171730035729,4
462,gpt_5_6_sol_max,45.93687299199401,5
462,qwen3_8_max,38.8668693118054,6
462,deepseek_v4_flash_max,32.37731501057388,7
462,gpt_5_5_xhigh,28.76937044047454,8
462,deepseek_v4_pro_max,16.704691365239494,9
463,claude_fable_5_max,83.93107397470814,1
463,gpt_5_6_sol_max,73.761942579718,2
463,kimi_k3_max,49.590304857332896,3
463,gemini_3_1_pro_high,44.8760107647242,4
463,claude_opus_4_8_max,41.24427090605624,5
463,qwen3_8_max,37.59447013086853,6
463,gpt_5_5_xhigh,35.684918791582504,7
463,deepseek_v4_flash_max,32.89740293036331,8
463,deepseek_v4_pro_max,20.389582422593946,9
464,kimi_k3_max,68.98450549167623,1
464,gemini_3_1_pro_high,65.29093695487984,2
464,claude_fable_5_max,59.98028464663024,3
464,gpt_5_5_xhigh,54.519328059046856,4
464,qwen3_8_max,52.715526899386305,5
464,gpt_5_6_sol_max,35.62671084300514,6
464,claude_opus_4_8_max,29.132273516421915,7
464,deepseek_v4_pro_max,23.003769137101177,8
464,deepseek_v4_flash_max,19.205614583756148,9
465,kimi_k3_max,62.55275898440783,1
465,gpt_5_6_sol_max,46.67443382253717,2
465,gemini_3_1_pro_high,45.88759117177614,3
465,claude_fable_5_max,42.737122382421305,4
465,qwen3_8_max,25.468901091353587,5
465,claude_opus_4_8_max,23.55277727316657,6
465,gpt_5_5_xhigh,23.507017530604344,7
465,deepseek_v4_pro_max,15.021247240212524,8
465,deepseek_v4_flash_max,10.6277988798937,9
466,gpt_5_5_xhigh,74.22535236732335,1
466,gemini_3_1_pro_high,73.28958637023055,2
466,claude_fable_5_max,58.0427353128531,3
466,kimi_k3_max,48.85505022303522,4
466,gpt_5_6_sol_max,47.51345098234793,5
466,deepseek_v4_flash_max,28.058077646124847,6
466,claude_opus_4_8_max,24.023854287390442,7
466,deepseek_v4_pro_max,22.25341153612799,8
466,qwen3_8_max,21.61112799717919,9
467,gpt_5_6_sol_max,74.80504510033845,1
467,kimi_k3_max,66.39977405558884,2
467,gemini_3_1_pro_high,62.38464257111751,3
467,claude_fable_5_max,52.170820228006804,4
467,qwen3_8_max,48.851440610616805,5
467,claude_opus_4_8_max,33.83184371900886,6
467,gpt_5_5_xhigh,33.33559173295831,7
467,deepseek_v4_flash_max,27.819244735637298,8
467,deepseek_v4_pro_max,23.735910231371395,9
468,gpt_5_6_sol_max,83.82902611761381,1
468,gemini_3_1_pro_high,66.26360590874924,2
468,claude_opus_4_8_max,65.81613885990869,3
468,kimi_k3_max,56.1767680769012,4
468,qwen3_8_max,47.34580082939881,5
468,gpt_5_5_xhigh,44.0457398173635,6
468,deepseek_v4_pro_max,34.13430133845142,7
468,claude_fable_5_max,30.029157275873764,8
468,deepseek_v4_flash_max,29.89596291489512,9
469,gpt_5_6_sol_max,69.2169462026124,1
469,qwen3_8_max,55.74259488712484,2
469,deepseek_v4_pro_max,49.312687861774165,3
469,claude_opus_4_8_max,45.56805417063226,4
469,kimi_k3_max,42.786986084665735,5
469,claude_fable_5_max,41.38051276533302,6
469,gemini_3_1_pro_high,36.6766894937752,7
469,gpt_5_5_xhigh,25.422029720440726,8
469,deepseek_v4_flash_max,18.035903785215066,9
470,kimi_k3_max,60.50620056916645,1
470,qwen3_8_max,60.34139014956094,2
470,gemini_3_1_pro_high,59.662409446494586,3
470,claude_opus_4_8_max,40.93367504653551,4
470,gpt_5_5_xhigh,36.857704302968784,5
470,deepseek_v4_pro_max,34.27065598084093,6
470,gpt_5_6_sol_max,33.833731556524114,7
470,deepseek_v4_flash_max,29.893289214811507,8
470,claude_fable_5_max,22.959429586680454,9
471,claude_fable_5_max,83.79442487048658,1
471,gemini_3_1_pro_high,59.61944828233573,2
471,claude_opus_4_8_max,54.27062778417151,3
471,qwen3_8_max,48.630493941576674,4
471,gpt_5_5_xhigh,46.91706557889775,5
471,kimi_k3_max,42.697775476011884,6
471,deepseek_v4_flash_max,32.76455066932251,7
471,gpt_5_6_sol_max,18.80899104223009,8
471,deepseek_v4_pro_max,17.427822878477663,9
472,claude_opus_4_8_max,72.07337871244232,1
472,gemini_3_1_pro_high,65.8096847351902,2
472,kimi_k3_max,60.51125247417674,3
472,gpt_5_5_xhigh,52.683140593355326,4
472,qwen3_8_max,51.80797985702725,5
472,claude_fable_5_max,40.13593614258895,6
472,deepseek_v4_pro_max,37.47708447653345,7
472,gpt_5_6_sol_max,35.12912178769396,8
472,deepseek_v4_flash_max,24.571747795245074,9
473,claude_fable_5_max,63.198242470842395,1
473,gpt_5_6_sol_max,52.60184216099779,2
473,deepseek_v4_pro_max,47.6993011887825,3
473,gpt_5_5_xhigh,45.28808414239617,4
473,deepseek_v4_flash_max,39.36321145053012,5
473,qwen3_8_max,38.72900529405867,6
473,kimi_k3_max,37.87961045297743,7
473,gemini_3_1_pro_high,37.588923324370725,8
473,claude_opus_4_8_max,35.096131479469015,9
474,kimi_k3_max,86.66852775855259,1
474,qwen3_8_max,55.18720075993967,2
474,gemini_3_1_pro_high,46.11135348341038,3
474,claude_fable_5_max,44.73043770066022,4
474,gpt_5_5_xhigh,41.85118303564377,5
474,gpt_5_6_sol_max,40.37299672235659,6
474,claude_opus_4_8_max,30.92587269042521,7
474,deepseek_v4_flash_max,27.73292901082278,8
474,deepseek_v4_pro_max,18.62554383040672,9
475,gemini_3_1_pro_high,73.44771438563797,1
475,gpt_5_6_sol_max,72.5361900425447,2
475,kimi_k3_max,69.17128568893071,3
475,claude_fable_5_max,59.772667116831606,4
475,gpt_5_5_xhigh,51.44117089642745,5
475,qwen3_8_max,42.31826782017815,6
475,deepseek_v4_pro_max,36.102390756962194,7
475,claude_opus_4_8_max,30.56378481794068,8
475,deepseek_v4_flash_max,6.545356085974888,9
476,gpt_5_6_sol_max,72.5811248451242,1
476,gemini_3_1_pro_high,66.54105396000753,2
476,claude_fable_5_max,63.30402994000718,3
476,qwen3_8_max,46.22906920260978,4
476,gpt_5_5_xhigh,43.148384553656534,5
476,claude_opus_4_8_max,35.6800096366739,6
476,kimi_k3_max,32.51911834698946,7
476,deepseek_v4_pro_max,16.25059194497633,8
476,deepseek_v4_flash_max,6.612578669062695,9
477,claude_opus_4_8_max,67.50210385837781,1
477,gemini_3_1_pro_high,56.16327811308906,2
477,kimi_k3_max,55.23366252242048,3
477,gpt_5_6_sol_max,46.74050023182646,4
477,claude_fable_5_max,42.17998840679519,5
477,gpt_5_5_xhigh,25.39128904934856,6
477,deepseek_v4_flash_max,23.86089203382668,7
477,deepseek_v4_pro_max,21.102394614115912,8
477,qwen3_8_max,20.725442262465016,9
478,claude_opus_4_8_max,76.08755571527635,1
478,gpt_5_5_xhigh,67.4481261173701,2
478,qwen3_8_max,67.02189293082675,3
478,gemini_3_1_pro_high,61.63370404542751,4
478,kimi_k3_max,32.11588878834846,5
478,deepseek_v4_pro_max,28.490024916758966,6
478,gpt_5_6_sol_max,25.096976084662604,7
478,claude_fable_5_max,24.76231383350827,8
478,deepseek_v4_flash_max,21.95931177116735,9
479,claude_fable_5_max,75.29743331312326,1
479,gpt_5_5_xhigh,65.64319714390852,2
479,claude_opus_4_8_max,46.94876841965845,3
479,qwen3_8_max,43.925101304057485,4
479,gemini_3_1_pro_high,35.97480372410771,5
479,gpt_5_6_sol_max,30.995819625147792,6
479,deepseek_v4_pro_max,29.560271098429006,7
479,kimi_k3_max,19.88432717552454,8
479,deepseek_v4_flash_max,13.100259701150593,9
480,kimi_k3_max,82.3166711120178,1
480,claude_opus_4_8_max,58.11497173894359,2
480,deepseek_v4_pro_max,41.178115073735384,3
480,qwen3_8_max,40.291106237334255,4
480,claude_fable_5_max,31.71427814023434,5
480,gemini_3_1_pro_high,30.45568496666256,6
480,gpt_5_5_xhigh,28.57449443593574,7
480,gpt_5_6_sol_max,28.108361726172188,8
480,deepseek_v4_flash_max,10.632255564145137,9
481,kimi_k3_max,69.42625162332808,1
481,claude_opus_4_8_max,62.73937386185759,2
481,gemini_3_1_pro_high,56.62971531475523,3
481,claude_fable_5_max,51.21812333585983,4
481,qwen3_8_max,35.315852874469954,5
481,gpt_5_5_xhigh,29.894084107953198,6
481,gpt_5_6_sol_max,29.438169129361295,7
481,deepseek_v4_flash_max,24.139257165103444,8
481,deepseek_v4_pro_max,12.533993163015616,9
482,gpt_5_6_sol_max,62.56298587001213,1
482,claude_fable_5_max,62.399240130409254,2
482,claude_opus_4_8_max,59.7713684224253,3
482,gpt_5_5_xhigh,58.574687115433534,4
482,kimi_k3_max,58.14869710394708,5
482,deepseek_v4_pro_max,47.203936519835665,6
482,deepseek_v4_flash_max,39.836054212396334,7
482,qwen3_8_max,34.4788732579925,8
482,gemini_3_1_pro_high,28.109902887424177,9
483,gpt_5_6_sol_max,80.52870743646997,1
483,claude_fable_5_max,67.49643029355761,2
483,gpt_5_5_xhigh,50.793822800909076,3
483,kimi_k3_max,44.34625488455843,4
483,qwen3_8_max,35.10768370788084,5
483,deepseek_v4_flash_max,34.74127781225566,6
483,gemini_3_1_pro_high,34.00217201645138,7
483,claude_opus_4_8_max,33.58890278564217,8
483,deepseek_v4_pro_max,27.31961765416615,9
484,claude_opus_4_8_max,77.32163375645348,1
484,qwen3_8_max,64.10415983381549,2
484,gemini_3_1_pro_high,53.67458776575821,3
484,gpt_5_6_sol_max,46.977434094483286,4
484,deepseek_v4_flash_max,43.83488628193041,5
484,kimi_k3_max,40.11388511696525,6
484,claude_fable_5_max,34.901918222587604,7
484,gpt_5_5_xhigh,32.4726170733066,8
484,deepseek_v4_pro_max,15.866529813575555,9
485,kimi_k3_max,77.50620730267913,1
485,claude_fable_5_max,66.95205103040647,2
485,gpt_5_6_sol_max,65.50569899816335,3
485,qwen3_8_max,59.85466514183887,4
485,gemini_3_1_pro_high,50.39605193754918,5
485,gpt_5_5_xhigh,33.235005063774786,6
485,deepseek_v4_pro_max,32.50944078743584,7
485,claude_opus_4_8_max,26.271509791203936,8
485,deepseek_v4_flash_max,17.729923234428707,9
486,gemini_3_1_pro_high,68.62236678397616,1
486,gpt_5_6_sol_max,67.6811449657653,2
486,claude_fable_5_max,54.146628867435254,3
486,qwen3_8_max,50.34427702378247,4
486,claude_opus_4_8_max,50.04474199092995,5
486,gpt_5_5_xhigh,45.67046173509464,6
486,deepseek_v4_flash_max,36.1723577647078,7
486,kimi_k3_max,34.263432979007035,8
486,deepseek_v4_pro_max,29.039932468304627,9
487,gpt_5_6_sol_max,81.05886481086611,1
487,gemini_3_1_pro_high,54.74074000995644,2
487,qwen3_8_max,53.67676737772331,3
487,claude_opus_4_8_max,45.30971744663789,4
487,claude_fable_5_max,42.11960271589487,5
487,deepseek_v4_flash_max,36.18531447597012,6
487,gpt_5_5_xhigh,27.77428250878561,7
487,kimi_k3_max,23.505750881532855,8
487,deepseek_v4_pro_max,22.6786306572351,9
488,qwen3_8_max,71.54472239803246,1
488,gpt_5_6_sol_max,64.90923478185829,2
488,gemini_3_1_pro_high,52.48376846056516,3
488,gpt_5_5_xhigh,47.87205540988564,4
488,deepseek_v4_flash_max,38.22534698283332,5
488,kimi_k3_max,32.1417279139073,6
488,claude_opus_4_8_max,31.463008744928477,7
488,claude_fable_5_max,16.110427245712714,8
488,deepseek_v4_pro_max,13.795024168296246,9
489,claude_fable_5_max,68.81283826101223,1
489,gpt_5_6_sol_max,68.51833762999505,2
489,qwen3_8_max,66.2563902707842,3
489,claude_opus_4_8_max,58.084615761464434,4
489,gemini_3_1_pro_high,57.96592813684644,5
489,kimi_k3_max,48.66784275637688,6
489,gpt_5_5_xhigh,32.03209046270687,7
489,deepseek_v4_flash_max,23.555234674961188,8
489,deepseek_v4_pro_max,15.457282498489059,9
490,claude_opus_4_8_max,65.39804971184833,1
490,gpt_5_5_xhigh,59.634740494668264,2
490,deepseek_v4_flash_max,46.38522131977811,3
490,kimi_k3_max,42.42516918475728,4
490,gpt_5_6_sol_max,30.7235131316848,5
490,qwen3_8_max,29.40386186632366,6
490,gemini_3_1_pro_high,24.20151636274019,7
490,deepseek_v4_pro_max,22.65158246324748,8
490,claude_fable_5_max,19.72346219810447,9
491,gpt_5_6_sol_max,72.27242762487992,1
491,claude_fable_5_max,60.13792016697899,2
491,gpt_5_5_xhigh,54.95148537086271,3
491,claude_opus_4_8_max,49.28929608071061,4
491,kimi_k3_max,42.88198204659928,5
491,gemini_3_1_pro_high,38.64857558867282,6
491,qwen3_8_max,27.641248672930626,7
491,deepseek_v4_pro_max,18.505798018866408,8
491,deepseek_v4_flash_max,8.665622196134947,9
492,claude_opus_4_8_max,64.63114641875495,1
492,qwen3_8_max,52.967483273038965,2
492,claude_fable_5_max,52.2516086326489,3
492,gemini_3_1_pro_high,47.36954368234226,4
492,kimi_k3_max,44.640270259985854,5
492,gpt_5_5_xhigh,41.457681512219516,6
492,deepseek_v4_flash_max,40.17409414117583,7
492,gpt_5_6_sol_max,33.90362275083599,8
492,deepseek_v4_pro_max,18.018494925648575,9
493,qwen3_8_max,67.37659658562832,1
493,gpt_5_5_xhigh,59.147910043492246,2
493,claude_fable_5_max,54.555946924294346,3
493,deepseek_v4_pro_max,46.631531985565395,4
493,gpt_5_6_sol_max,42.82571254616035,5
493,kimi_k3_max,38.56560757082839,6
493,gemini_3_1_pro_high,36.9256728055516,7
493,claude_opus_4_8_max,20.869338701934463,8
493,deepseek_v4_flash_max,15.576140923755695,9
494,gpt_5_6_sol_max,70.20127047311205,1
494,qwen3_8_max,52.931741616345214,2
494,claude_fable_5_max,48.61597774647885,3
494,kimi_k3_max,44.9485861635284,4
494,deepseek_v4_flash_max,41.82127221438117,5
494,deepseek_v4_pro_max,34.84192801492507,6
494,claude_opus_4_8_max,24.42243115209066,7
494,gpt_5_5_xhigh,20.66573483834488,8
494,gemini_3_1_pro_high,14.0294867731528,9
495,claude_opus_4_8_max,67.4846052840605,1
495,kimi_k3_max,50.81450313848434,2
495,qwen3_8_max,44.38821217342867,3
495,gpt_5_6_sol_max,39.199951942393454,4
495,gemini_3_1_pro_high,38.78707370960192,5
495,deepseek_v4_flash_max,35.92770349520827,6
495,claude_fable_5_max,34.66417523892432,7
495,deepseek_v4_pro_max,21.148031223805674,8
495,gpt_5_5_xhigh,17.974897523156603,9
496,kimi_k3_max,78.11521418944251,1
496,qwen3_8_max,55.730747852805386,2
496,gpt_5_6_sol_max,52.300654730208876,3
496,claude_fable_5_max,51.038639028067,4
496,gpt_5_5_xhigh,47.01458594081791,5
496,claude_opus_4_8_max,45.46155351051987,6
496,gemini_3_1_pro_high,31.062901508735468,7
496,deepseek_v4_pro_max,26.80442561238932,8
496,deepseek_v4_flash_max,21.68070458010484,9
497,gpt_5_5_xhigh,72.30077184201622,1
497,kimi_k3_max,70.43792056779293,2
497,qwen3_8_max,69.30534214544834,3
497,claude_fable_5_max,64.81694301968902,4
497,gpt_5_6_sol_max,57.43124191967689,5
497,gemini_3_1_pro_high,42.093556561431626,6
497,claude_opus_4_8_max,39.918507029936016,7
497,deepseek_v4_flash_max,30.885223119944865,8
497,deepseek_v4_pro_max,26.300202711448186,9
498,gpt_5_6_sol_max,73.97377683504928,1
498,gemini_3_1_pro_high,64.19417208824756,2
498,qwen3_8_max,58.66412564364972,3
498,gpt_5_5_xhigh,50.44468914458703,4
498,claude_fable_5_max,49.00351200617744,5
498,kimi_k3_max,47.632559771391115,6
498,deepseek_v4_pro_max,30.381650953605273,7
498,deepseek_v4_flash_max,29.079597970602133,8
498,claude_opus_4_8_max,27.78156334644979,9
499,claude_opus_4_8_max,60.68806657587942,1
499,gemini_3_1_pro_high,54.505683151886764,2
499,gpt_5_5_xhigh,50.725154397347644,3
499,claude_fable_5_max,50.34584982931166,4
499,deepseek_v4_flash_max,45.975824087294335,5
499,gpt_5_6_sol_max,45.647969095721464,6
499,kimi_k3_max,44.74620969098601,7
499,qwen3_8_max,40.947288791738,8
499,deepseek_v4_pro_max,36.660047191476714,9
500,gpt_5_6_sol_max,54.45642976108046,1
500,claude_opus_4_8_max,50.509487707813975,2
500,qwen3_8_max,40.63573013507431,3
500,gemini_3_1_pro_high,39.57198763706697,4
500,kimi_k3_max,30.857872419050867,5
500,gpt_5_5_xhigh,28.39343308276619,6
500,claude_fable_5_max,26.736883759655804,7
500,deepseek_v4_flash_max,26.49017262821704,8
500,deepseek_v4_pro_max,24.840625247563125,9
501,gpt_5_6_sol_max,67.97150239934982,1
501,claude_fable_5_max,66.46393281651865,2
501,kimi_k3_max,60.86340397905505,3
501,gpt_5_5_xhigh,50.884132770269986,4
501,deepseek_v4_flash_max,36.36918977793074,5
501,qwen3_8_max,32.67071637709006,6
501,gemini_3_1_pro_high,30.768751017814367,7
501,deepseek_v4_pro_max,25.620869052818662,8
501,claude_opus_4_8_max,19.333509089941263,9
502,claude_fable_5_max,56.45019657253141,1
502,qwen3_8_max,47.90783310550018,2
502,gpt_5_5_xhigh,47.64689134163913,3
502,gpt_5_6_sol_max,44.20359463937366,4
502,claude_opus_4_8_max,42.94102818353672,5
502,gemini_3_1_pro_high,42.154787894645665,6
502,deepseek_v4_flash_max,25.408929883325406,7
502,deepseek_v4_pro_max,19.990821524876274,8
502,kimi_k3_max,19.97421429741772,9
503,claude_opus_4_8_max,84.0275523448172,1
503,claude_fable_5_max,59.62016177093612,2
503,qwen3_8_max,59.258205017632456,3
503,gemini_3_1_pro_high,55.93044824577956,4
503,kimi_k3_max,49.67809022949173,5
503,gpt_5_5_xhigh,38.67553154044963,6
503,deepseek_v4_pro_max,36.94594390155337,7
503,deepseek_v4_flash_max,26.406869053423314,8
503,gpt_5_6_sol_max,24.98791776502757,9
504,gpt_5_5_xhigh,67.36982711491453,1
504,claude_fable_5_max,61.71261629510154,2
504,qwen3_8_max,51.20630412429526,3
504,claude_opus_4_8_max,50.03173058189223,4
504,gpt_5_6_sol_max,46.56182862053661,5
504,kimi_k3_max,38.02570332191459,6
504,gemini_3_1_pro_high,35.30382836669336,7
504,deepseek_v4_pro_max,34.97914275874582,8
504,deepseek_v4_flash_max,3.9042161105353177,9
505,kimi_k3_max,77.4014585496879,1
505,qwen3_8_max,73.40224428812238,2
505,claude_fable_5_max,64.43210343209657,3
505,gpt_5_6_sol_max,64.0974871904299,4
505,gemini_3_1_pro_high,46.987154795042954,5
505,gpt_5_5_xhigh,46.2855237798044,6
505,claude_opus_4_8_max,33.41938595851643,7
505,deepseek_v4_pro_max,28.780203865609618,8
505,deepseek_v4_flash_max,10.970355545161972,9
506,gpt_5_6_sol_max,61.81175235565887,1
506,claude_fable_5_max,58.38521319269064,2
506,kimi_k3_max,53.814125566407824,3
506,deepseek_v4_pro_max,48.67162927271934,4
506,qwen3_8_max,47.08610646498175,5
506,gemini_3_1_pro_high,37.201087823506406,6
506,gpt_5_5_xhigh,32.154073871880406,7
506,deepseek_v4_flash_max,28.458526176724263,8
506,claude_opus_4_8_max,20.96520105142521,9
507,kimi_k3_max,70.21051703501243,1
507,gemini_3_1_pro_high,69.80314754052255,2
507,qwen3_8_max,47.97318772508062,3
507,claude_fable_5_max,44.281053338445375,4
507,gpt_5_6_sol_max,43.53454960863192,5
507,claude_opus_4_8_max,42.81104929665901,6
507,deepseek_v4_pro_max,42.09552768712526,7
507,gpt_5_5_xhigh,35.063005369722454,8
507,deepseek_v4_flash_max,12.293007865919066,9
508,claude_opus_4_8_max,77.13015452335046,1
508,gpt_5_6_sol_max,58.498635811525375,2
508,gemini_3_1_pro_high,53.81505668488056,3
508,qwen3_8_max,51.70204991452765,4
508,claude_fable_5_max,42.87093733713619,5
508,gpt_5_5_xhigh,32.64333452164491,6
508,kimi_k3_max,31.91292821445257,7
508,deepseek_v4_flash_max,19.419198005781716,8
508,deepseek_v4_pro_max,10.62613633598863,9
509,gpt_5_6_sol_max,80.20354568936511,1
509,gpt_5_5_xhigh,69.68286592688065,2
509,qwen3_8_max,64.74953180800692,3
509,claude_opus_4_8_max,59.46708522718987,4
509,gemini_3_1_pro_high,46.812935384908684,5
509,kimi_k3_max,43.07560763687733,6
509,deepseek_v4_flash_max,30.377810863497622,7
509,deepseek_v4_pro_max,24.687344387074894,8
509,claude_fable_5_max,20.18807475481987,9
510,kimi_k3_max,83.4050589038702,1
510,claude_fable_5_max,74.58804745624175,2
510,gpt_5_6_sol_max,63.0709601139849,3
510,qwen3_8_max,61.02878545601291,4
510,gpt_5_5_xhigh,48.00814345770562,5
510,gemini_3_1_pro_high,47.514605703044026,6
510,claude_opus_4_8_max,28.99495184405093,7
510,deepseek_v4_pro_max,28.765106651491543,8
510,deepseek_v4_flash_max,21.36897713232071,9
511,claude_fable_5_max,81.78563410120333,1
511,kimi_k3_max,59.39557634675945,2
511,qwen3_8_max,48.54807009014898,3
511,claude_opus_4_8_max,46.68891186678067,4
511,gpt_5_6_sol_max,41.154082876763525,5
511,deepseek_v4_pro_max,30.472017205865505,6
511,gemini_3_1_pro_high,30.410042605931014,7
511,gpt_5_5_xhigh,28.59598256340794,8
511,deepseek_v4_flash_max,26.580722913056285,9
512,kimi_k3_max,73.08043968166149,1
512,claude_fable_5_max,66.428456020615,2
512,gpt_5_6_sol_max,57.796921526823034,3
512,gemini_3_1_pro_high,57.071199158350495,4
512,qwen3_8_max,54.190829371425664,5
512,deepseek_v4_flash_max,42.18903886999673,6
512,deepseek_v4_pro_max,39.209802764910094,7
512,gpt_5_5_xhigh,26.750761036091337,8
512,claude_opus_4_8_max,21.295035725297886,9
513,gpt_5_6_sol_max,67.55418189380381,1
513,kimi_k3_max,67.04869803804772,2
513,gpt_5_5_xhigh,47.39664868907256,3
513,qwen3_8_max,42.119812377887584,4
513,gemini_3_1_pro_high,32.37717171915985,5
513,claude_fable_5_max,28.14797297470161,6
513,claude_opus_4_8_max,26.438675339992717,7
513,deepseek_v4_flash_max,19.216893333443075,8
513,deepseek_v4_pro_max,15.201406395993146,9
514,gpt_5_6_sol_max,74.14910692512802,1
514,kimi_k3_max,64.60507649264378,2
514,claude_opus_4_8_max,54.96818504694223,3
514,qwen3_8_max,45.481703352066205,4
514,claude_fable_5_max,42.047379348353815,5
514,deepseek_v4_flash_max,37.787715648140264,6
514,gemini_3_1_pro_high,26.076876290118424,7
514,gpt_5_5_xhigh,21.359997487793645,8
514,deepseek_v4_pro_max,11.332252760549514,9
515,deepseek_v4_pro_max,58.7737062935889,1
515,gpt_5_6_sol_max,54.24759296792988,2
515,claude_fable_5_max,46.28011098905318,3
515,kimi_k3_max,40.47997291567762,4
515,qwen3_8_max,40.27278979177065,5
515,claude_opus_4_8_max,36.76405207645045,6
515,gpt_5_5_xhigh,34.77986756857284,7
515,gemini_3_1_pro_high,26.94266053583374,8
515,deepseek_v4_flash_max,7.974851230012663,9
516,claude_opus_4_8_max,69.51698751720986,1
516,gemini_3_1_pro_high,60.97544746143009,2
516,qwen3_8_max,46.668232234078566,3
516,gpt_5_5_xhigh,46.101165759045585,4
516,deepseek_v4_flash_max,45.32966471640714,5
516,gpt_5_6_sol_max,41.15465864424552,6
516,claude_fable_5_max,24.166959953926394,7
516,kimi_k3_max,19.652046809247828,8
516,deepseek_v4_pro_max,16.744662686748057,9
517,claude_opus_4_8_max,64.79172930194326,1
517,claude_fable_5_max,55.73767436075779,2
517,qwen3_8_max,50.07655553815992,3
517,gemini_3_1_pro_high,46.58432237291595,4
517,gpt_5_6_sol_max,36.5957304136341,5
517,deepseek_v4_flash_max,33.98079232167008,6
517,gpt_5_5_xhigh,33.19383735304901,7
517,kimi_k3_max,23.588577781998215,8
517,deepseek_v4_pro_max,12.449471848382151,9
518,gpt_5_5_xhigh,72.18567332493087,1
518,gpt_5_6_sol_max,63.69143988721592,2
518,claude_fable_5_max,54.08900525241323,3
518,claude_opus_4_8_max,49.74781052116647,4
518,kimi_k3_max,44.27481590815002,5
518,qwen3_8_max,39.01211889397415,6
518,gemini_3_1_pro_high,30.080155422099693,7
518,deepseek_v4_pro_max,24.100958368846907,8
518,deepseek_v4_flash_max,18.729517642968396,9
519,claude_fable_5_max,78.61604151513299,1
519,kimi_k3_max,78.4830408774092,2
519,qwen3_8_max,76.11216667444906,3
519,claude_opus_4_8_max,52.06532446259999,4
519,gpt_5_6_sol_max,48.30567126679377,5
519,gpt_5_5_xhigh,30.231878699570423,6
519,deepseek_v4_pro_max,26.550763980330984,7
519,gemini_3_1_pro_high,25.190982244168374,8
519,deepseek_v4_flash_max,23.634275750737515,9
520,claude_fable_5_max,69.60476712636493,1
520,qwen3_8_max,55.75599914093158,2
520,gemini_3_1_pro_high,45.17544859522664,3
520,gpt_5_6_sol_max,41.020745786775194,4
520,kimi_k3_max,40.371368579717995,5
520,deepseek_v4_pro_max,37.76331957340176,6
520,gpt_5_5_xhigh,32.300102300501266,7
520,claude_opus_4_8_max,23.92531987297365,8
520,deepseek_v4_flash_max,1.0574757471096103,9
521,kimi_k3_max,82.43521333786471,1
521,claude_opus_4_8_max,69.18006794739921,2
521,gpt_5_6_sol_max,68.73377820816839,3
521,claude_fable_5_max,65.10149701224725,4
521,gemini_3_1_pro_high,57.06475440038592,5
521,qwen3_8_max,42.64930480173407,6
521,gpt_5_5_xhigh,33.23166606093242,7
521,deepseek_v4_pro_max,32.000323623495284,8
521,deepseek_v4_flash_max,28.897374486757258,9
522,gpt_5_6_sol_max,76.67485917791177,1
522,gpt_5_5_xhigh,69.54581518103757,2
522,qwen3_8_max,56.139401342928224,3
522,claude_opus_4_8_max,51.68892312046604,4
522,deepseek_v4_pro_max,45.61606698754427,5
522,kimi_k3_max,41.22454908632575,6
522,gemini_3_1_pro_high,37.85012562643912,7
522,claude_fable_5_max,29.545987782476193,8
522,deepseek_v4_flash_max,10.719895530957906,9
523,kimi_k3_max,69.77214447222644,1
523,claude_fable_5_max,66.83424309816388,2
523,qwen3_8_max,64.7920433330029,3
523,gpt_5_5_xhigh,62.59447007119289,4
523,gemini_3_1_pro_high,49.261358979018254,5
523,claude_opus_4_8_max,48.23454012861343,6
523,deepseek_v4_flash_max,43.2608768886431,7
523,gpt_5_6_sol_max,24.010757616625074,8
523,deepseek_v4_pro_max,21.124622164988402,9
524,claude_fable_5_max,71.9889751078784,1
524,gpt_5_6_sol_max,68.71577106215463,2
524,kimi_k3_max,59.582693724526386,3
524,gemini_3_1_pro_high,49.3102425003335,4
524,qwen3_8_max,40.022406788536955,5
524,claude_opus_4_8_max,39.44853110055622,6
524,gpt_5_5_xhigh,32.56940310732861,7
524,deepseek_v4_pro_max,24.583840491382755,8
524,deepseek_v4_flash_max,14.516772819031086,9
525,gpt_5_6_sol_max,71.54353460939723,1
525,claude_fable_5_max,58.5100365984365,2
525,gemini_3_1_pro_high,49.87110300735878,3
525,kimi_k3_max,45.64319331385768,4
525,gpt_5_5_xhigh,42.08582630962621,5
525,qwen3_8_max,36.0610164183047,6
525,claude_opus_4_8_max,31.09886723430353,7
525,deepseek_v4_pro_max,29.620211084188487,8
525,deepseek_v4_flash_max,14.147377643462207,9
526,gpt_5_6_sol_max,61.4259212495983,1
526,gemini_3_1_pro_high,57.07766577906182,2
526,qwen3_8_max,54.22045993572638,3
526,claude_opus_4_8_max,53.85452538678113,4
526,deepseek_v4_flash_max,49.885515320318575,5
526,claude_fable_5_max,48.647652006255605,6
526,kimi_k3_max,46.589541934216626,7
526,gpt_5_5_xhigh,21.209475588577007,8
526,deepseek_v4_pro_max,14.638599680844148,9
527,claude_fable_5_max,60.139198327118606,1
527,gpt_5_5_xhigh,58.32338041066218,2
527,claude_opus_4_8_max,54.51663275445632,3
527,kimi_k3_max,50.97401857882896,4
527,qwen3_8_max,45.58334820157516,5
527,gemini_3_1_pro_high,44.213834871711796,6
527,gpt_5_6_sol_max,33.71344037914131,7
527,deepseek_v4_pro_max,30.403111329633855,8
527,deepseek_v4_flash_max,19.815866917401145,9
528,claude_fable_5_max,71.33593241158397,1
528,gpt_5_6_sol_max,70.02268179583035,2
528,kimi_k3_max,69.83267024067743,3
528,gemini_3_1_pro_high,67.21578881030548,4
528,gpt_5_5_xhigh,64.40724895537625,5
528,qwen3_8_max,50.08153023556853,6
528,deepseek_v4_pro_max,31.64574168427194,7
528,claude_opus_4_8_max,30.909318821311803,8
528,deepseek_v4_flash_max,23.502183922806125,9
529,gemini_3_1_pro_high,62.479260889411194,1
529,claude_fable_5_max,59.07640434778601,2
529,gpt_5_5_xhigh,55.45583860697373,3
529,qwen3_8_max,54.822902158815666,4
529,deepseek_v4_flash_max,52.48254712488654,5
529,kimi_k3_max,50.39817127374441,6
529,claude_opus_4_8_max,29.517936295123082,7
529,gpt_5_6_sol_max,26.424032007196438,8
529,deepseek_v4_pro_max,12.174871687537896,9
530,qwen3_8_max,62.508359320845294,1
530,claude_fable_5_max,58.178838090349885,2
530,gemini_3_1_pro_high,57.2461013653062,3
530,kimi_k3_max,55.7651869101972,4
530,gpt_5_6_sol_max,55.05867843542951,5
530,deepseek_v4_pro_max,53.168251361159385,6
530,claude_opus_4_8_max,51.390058191284126,7
530,gpt_5_5_xhigh,42.067448510664605,8
530,deepseek_v4_flash_max,17.851562406147217,9
531,claude_fable_5_max,72.65888314366099,1
531,gpt_5_5_xhigh,63.90839874315288,2
531,kimi_k3_max,56.30746963340359,3
531,gemini_3_1_pro_high,48.71244367766254,4
531,claude_opus_4_8_max,45.46106653501306,5
531,deepseek_v4_flash_max,28.468072303795086,6
531,qwen3_8_max,25.413569426834755,7
531,gpt_5_6_sol_max,25.185340910677137,8
531,deepseek_v4_pro_max,24.359578936228296,9
532,kimi_k3_max,74.0885884747518,1
532,gpt_5_6_sol_max,63.002606810510294,2
532,claude_opus_4_8_max,54.018890532751584,3
532,gemini_3_1_pro_high,49.585389455013924,4
532,gpt_5_5_xhigh,44.51045747816609,5
532,deepseek_v4_pro_max,42.60636851204773,6
532,qwen3_8_max,42.2283528295459,7
532,claude_fable_5_max,27.154375690094547,8
532,deepseek_v4_flash_max,21.090635484450416,9
533,gpt_5_5_xhigh,85.21394937982916,1
533,kimi_k3_max,63.27448150707134,2
533,gemini_3_1_pro_high,60.55951921249756,3
533,claude_opus_4_8_max,60.188984276874685,4
533,qwen3_8_max,57.15520516728256,5
533,claude_fable_5_max,53.75351986188976,6
533,deepseek_v4_flash_max,43.32282344220808,7
533,gpt_5_6_sol_max,24.85704372267071,8
533,deepseek_v4_pro_max,1.5843570188331624,9
534,claude_fable_5_max,89.52978198716332,1
534,kimi_k3_max,61.02725489847861,2
534,gpt_5_5_xhigh,60.25328475064886,3
534,gemini_3_1_pro_high,56.70263665033876,4
534,claude_opus_4_8_max,49.39847688240254,5
534,qwen3_8_max,43.42269951848094,6
534,deepseek_v4_pro_max,40.232559422710196,7
534,gpt_5_6_sol_max,36.70578346554187,8
534,deepseek_v4_flash_max,16.84548723802816,9
535,gpt_5_5_xhigh,71.5577040221521,1
535,qwen3_8_max,51.016478925959035,2
535,deepseek_v4_pro_max,49.812227114010355,3
535,gpt_5_6_sol_max,38.48532614113665,4
535,claude_fable_5_max,37.761204427348744,5
535,gemini_3_1_pro_high,30.416977815726575,6
535,kimi_k3_max,20.430601165739457,7
535,claude_opus_4_8_max,14.986568422718891,8
535,deepseek_v4_flash_max,11.532389809263535,9
536,gpt_5_6_sol_max,80.61778232300833,1
536,gemini_3_1_pro_high,61.75793921993224,2
536,claude_fable_5_max,44.15244580091496,3
536,deepseek_v4_flash_max,40.18004949110737,4
536,claude_opus_4_8_max,39.93855927927014,5
536,qwen3_8_max,34.019253641386285,6
536,gpt_5_5_xhigh,25.300266586571112,7
536,kimi_k3_max,25.027453449257276,8
536,deepseek_v4_pro_max,7.848354579446482,9
537,claude_fable_5_max,71.88782068163013,1
537,kimi_k3_max,63.67768339123664,2
537,gemini_3_1_pro_high,63.111642552101365,3
537,claude_opus_4_8_max,43.840066190517796,4
537,qwen3_8_max,43.42628797716981,5
537,gpt_5_6_sol_max,30.167196164362778,6
537,gpt_5_5_xhigh,30.058421325603575,7
537,deepseek_v4_pro_max,27.22955888542012,8
537,deepseek_v4_flash_max,10.061280074193832,9
538,qwen3_8_max,74.36689934203558,1
538,gpt_5_5_xhigh,61.76684470837259,2
538,claude_opus_4_8_max,58.15269098563167,3
538,claude_fable_5_max,56.57251397139508,4
538,gpt_5_6_sol_max,48.76276066941823,5
538,gemini_3_1_pro_high,47.053429751958234,6
538,kimi_k3_max,36.85237426646702,7
538,deepseek_v4_pro_max,23.784499797318258,8
538,deepseek_v4_flash_max,8.59386436226232,9
539,claude_opus_4_8_max,63.25317873325608,1
539,claude_fable_5_max,57.54538777360344,2
539,deepseek_v4_flash_max,56.7910440568137,3
539,gpt_5_5_xhigh,54.956524264736615,4
539,kimi_k3_max,44.25768454124392,5
539,qwen3_8_max,35.723333741660014,6
539,gemini_3_1_pro_high,35.058139543906975,7
539,gpt_5_6_sol_max,24.315749239517142,8
539,deepseek_v4_pro_max,3.953918013330857,9
540,claude_fable_5_max,84.18321118736249,1
540,qwen3_8_max,61.358823638169426,2
540,gemini_3_1_pro_high,55.19442402424451,3
540,gpt_5_6_sol_max,52.076125295943015,4
540,claude_opus_4_8_max,48.66085677193354,5
540,gpt_5_5_xhigh,46.654058775604966,6
540,kimi_k3_max,29.17215597828927,7
540,deepseek_v4_flash_max,26.052790495257092,8
540,deepseek_v4_pro_max,6.998486147477344,9
541,claude_fable_5_max,77.69214960450792,1
541,gpt_5_5_xhigh,71.71006982708782,2
541,qwen3_8_max,58.60124180360378,3
541,gpt_5_6_sol_max,54.15985879680805,4
541,gemini_3_1_pro_high,48.64920265547057,5
541,kimi_k3_max,37.36932280131521,6
541,deepseek_v4_pro_max,31.22192686376792,7
541,claude_opus_4_8_max,28.84174336386298,8
541,deepseek_v4_flash_max,22.252972120499845,9
542,claude_fable_5_max,77.34273113139446,1
542,qwen3_8_max,73.58923424560865,2
542,gpt_5_6_sol_max,62.66784317437231,3
542,gemini_3_1_pro_high,56.195900536340844,4
542,kimi_k3_max,39.82192010894345,5
542,claude_opus_4_8_max,38.31207411385886,6
542,gpt_5_5_xhigh,31.19731291048181,7
542,deepseek_v4_flash_max,20.534140343905076,8
542,deepseek_v4_pro_max,12.229526628258165,9
543,gpt_5_5_xhigh,72.60308544314995,1
543,gemini_3_1_pro_high,71.86864906498553,2
543,claude_fable_5_max,61.5300005074631,3
543,claude_opus_4_8_max,50.39179265629616,4
543,qwen3_8_max,32.47442817466256,5
543,gpt_5_6_sol_max,29.741825040715973,6
543,kimi_k3_max,26.35940255807403,7
543,deepseek_v4_pro_max,21.728651196012542,8
543,deepseek_v4_flash_max,17.663182730609037,9
544,kimi_k3_max,71.42513382722336,1
544,gpt_5_5_xhigh,62.62586940337533,2
544,deepseek_v4_flash_max,48.96565058080152,3
544,claude_opus_4_8_max,47.63957219346182,4
544,claude_fable_5_max,43.39636359492546,5
544,gemini_3_1_pro_high,36.94284518644279,6
544,gpt_5_6_sol_max,35.863706799380004,7
544,qwen3_8_max,30.204625418085186,8
544,deepseek_v4_pro_max,22.647662184348924,9
545,gpt_5_5_xhigh,80.36127450657501,1
545,gemini_3_1_pro_high,44.45663089571884,2
545,gpt_5_6_sol_max,43.11735313019797,3
545,claude_opus_4_8_max,35.60598238219717,4
545,deepseek_v4_pro_max,34.835515077921585,5
545,qwen3_8_max,29.239003095238072,6
545,claude_fable_5_max,21.76605470631546,7
545,kimi_k3_max,11.721909359765808,8
545,deepseek_v4_flash_max,9.40976380975303,9
546,gpt_5_6_sol_max,74.44795323591396,1
546,gpt_5_5_xhigh,68.40670384490997,2
546,claude_fable_5_max,61.29452231719703,3
546,gemini_3_1_pro_high,49.08217684175588,4
546,claude_opus_4_8_max,36.41413651784057,5
546,kimi_k3_max,31.068719956885847,6
546,qwen3_8_max,26.02834541232719,7
546,deepseek_v4_pro_max,23.916221812275438,8
546,deepseek_v4_flash_max,22.62385383127907,9
547,gemini_3_1_pro_high,65.06424338903012,1
547,gpt_5_6_sol_max,47.02354700131138,2
547,claude_fable_5_max,41.351219282427685,3
547,claude_opus_4_8_max,30.819448939651103,4
547,qwen3_8_max,27.73498053868292,5
547,kimi_k3_max,24.016827379400837,6
547,deepseek_v4_pro_max,21.94236645406285,7
547,gpt_5_5_xhigh,19.16098976087438,8
547,deepseek_v4_flash_max,5.21386629686401,9
548,kimi_k3_max,67.81244237416021,1
548,claude_opus_4_8_max,61.64534729028952,2
548,deepseek_v4_flash_max,61.37388553405571,3
548,claude_fable_5_max,60.310829250990864,4
548,qwen3_8_max,58.876455819271015,5
548,gpt_5_6_sol_max,41.90089993524329,6
548,gemini_3_1_pro_high,36.14313624886263,7
548,gpt_5_5_xhigh,32.91696173332347,8
548,deepseek_v4_pro_max,8.776931464130328,9
549,gpt_5_5_xhigh,84.99912054945332,1
549,claude_fable_5_max,71.0095028939153,2
549,gemini_3_1_pro_high,70.70460844732358,3
549,qwen3_8_max,55.094748454688705,4
549,kimi_k3_max,50.3692438422408,5
549,deepseek_v4_pro_max,42.771201072340276,6
549,claude_opus_4_8_max,39.01496380379709,7
549,gpt_5_6_sol_max,33.39261625510308,8
549,deepseek_v4_flash_max,14.081777987404502,9
550,gemini_3_1_pro_high,69.67707378768068,1
550,claude_fable_5_max,69.05329953663443,2
550,gpt_5_6_sol_max,60.67361141663454,3
550,deepseek_v4_pro_max,54.75001123366534,4
550,kimi_k3_max,44.123779154087714,5
550,qwen3_8_max,43.460874320095556,6
550,claude_opus_4_8_max,39.04062978521878,7
550,deepseek_v4_flash_max,29.606116781480573,8
550,gpt_5_5_xhigh,21.41849573243575,9
551,qwen3_8_max,58.885520419803974,1
551,claude_opus_4_8_max,58.73417241800328,2
551,gpt_5_5_xhigh,52.86418087411941,3
551,kimi_k3_max,50.06492246770279,4
551,deepseek_v4_pro_max,42.454200371029074,5
551,gpt_5_6_sol_max,36.615776684281144,6
551,gemini_3_1_pro_high,31.94276554185461,7
551,deepseek_v4_flash_max,19.89554079202713,8
551,claude_fable_5_max,19.303047495339225,9
552,kimi_k3_max,82.3649130182975,1
552,claude_fable_5_max,77.12989624024395,2
552,gpt_5_6_sol_max,69.62153926193972,3
552,qwen3_8_max,62.058235516539554,4
552,gemini_3_1_pro_high,49.4695550115575,5
552,claude_opus_4_8_max,36.57207260300584,6
552,gpt_5_5_xhigh,35.86386178773466,7
552,deepseek_v4_flash_max,28.82426264440458,8
552,deepseek_v4_pro_max,8.905183029744803,9
553,qwen3_8_max,69.78625184804531,1
553,claude_fable_5_max,57.11406911193444,2
553,gpt_5_5_xhigh,52.21072054975668,3
553,gemini_3_1_pro_high,51.569261372684565,4
553,kimi_k3_max,47.55999923327889,5
553,gpt_5_6_sol_max,45.261429191361884,6
553,deepseek_v4_pro_max,44.813339255725836,7
553,claude_opus_4_8_max,31.88410988715851,8
553,deepseek_v4_flash_max,29.206771186029695,9
554,kimi_k3_max,69.15869083240139,1
554,claude_fable_5_max,67.9965430423384,2
554,gpt_5_6_sol_max,55.061323575423316,3
554,gpt_5_5_xhigh,54.55552958712174,4
554,qwen3_8_max,45.55977994660772,5
554,deepseek_v4_flash_max,39.911201477348484,6
554,gemini_3_1_pro_high,31.23593788261272,7
554,claude_opus_4_8_max,22.609658717312,8
554,deepseek_v4_pro_max,16.14494938738717,9
555,kimi_k3_max,73.8463370073481,1
555,claude_opus_4_8_max,69.50148443679437,2
555,claude_fable_5_max,68.33261373566455,3
555,gpt_5_6_sol_max,61.797254642043434,4
555,qwen3_8_max,61.4166647914696,5
555,gemini_3_1_pro_high,51.24185383752617,6
555,deepseek_v4_flash_max,38.110003472851766,7
555,gpt_5_5_xhigh,30.144021409899597,8
555,deepseek_v4_pro_max,14.409819011175975,9
556,claude_fable_5_max,83.0828885893327,1
556,gpt_5_5_xhigh,59.13430972396898,2
556,gemini_3_1_pro_high,52.592503278187216,3
556,kimi_k3_max,50.042588269250885,4
556,qwen3_8_max,47.784607033431996,5
556,deepseek_v4_flash_max,46.723692493500586,6
556,gpt_5_6_sol_max,46.5325999964533,7
556,claude_opus_4_8_max,31.116597772766955,8
556,deepseek_v4_pro_max,8.818567724760841,9
557,qwen3_8_max,81.86735412995719,1
557,gemini_3_1_pro_high,68.34872875086859,2
557,gpt_5_5_xhigh,64.13627686559352,3
557,kimi_k3_max,62.26153895439995,4
557,claude_fable_5_max,54.53335011597596,5
557,gpt_5_6_sol_max,54.32915589420706,6
557,deepseek_v4_pro_max,43.15983881664967,7
557,claude_opus_4_8_max,38.30897957251919,8
557,deepseek_v4_flash_max,30.65433896413936,9
558,gpt_5_5_xhigh,80.55593242042502,1
558,gemini_3_1_pro_high,68.99489676765316,2
558,deepseek_v4_pro_max,53.141097811091186,3
558,claude_opus_4_8_max,50.883033928025995,4
558,kimi_k3_max,50.7777697274745,5
558,claude_fable_5_max,50.52890158609104,6
558,qwen3_8_max,50.21379192925382,7
558,gpt_5_6_sol_max,28.43509633234204,8
558,deepseek_v4_flash_max,13.255359078810846,9
559,claude_opus_4_8_max,72.97795062478323,1
559,gpt_5_5_xhigh,54.21565478154271,2
559,kimi_k3_max,49.46420150114853,3
559,gpt_5_6_sol_max,46.08513185759789,4
559,gemini_3_1_pro_high,45.8943493824932,5
559,deepseek_v4_flash_max,39.974580075108065,6
559,claude_fable_5_max,38.850308245742376,7
559,deepseek_v4_pro_max,38.70944687080093,8
559,qwen3_8_max,27.385049423792985,9
560,gpt_5_6_sol_max,68.3036560780311,1
560,kimi_k3_max,66.31696158065782,2
560,gemini_3_1_pro_high,59.10109747628378,3
560,qwen3_8_max,53.31716950820487,4
560,claude_fable_5_max,41.64319736924611,5
560,claude_opus_4_8_max,40.638144363148186,6
560,deepseek_v4_flash_max,27.515164023362786,7
560,gpt_5_5_xhigh,24.638339805488744,8
560,deepseek_v4_pro_max,8.028035532630994,9
561,claude_fable_5_max,81.25864271019988,1
561,kimi_k3_max,65.78673180208294,2
561,qwen3_8_max,55.14254722130542,3
561,claude_opus_4_8_max,54.76465569721206,4
561,deepseek_v4_pro_max,45.155002849712574,5
561,gemini_3_1_pro_high,45.01668145663383,6
561,gpt_5_5_xhigh,37.640036298702306,7
561,gpt_5_6_sol_max,36.195780339376064,8
561,deepseek_v4_flash_max,22.609161045636093,9
562,gpt_5_6_sol_max,88.11261316477996,1
562,claude_fable_5_max,59.061097582466964,2
562,gemini_3_1_pro_high,57.263348895290626,3
562,kimi_k3_max,56.77573727945072,4
562,qwen3_8_max,39.944439113080485,5
562,claude_opus_4_8_max,39.13801967290331,6
562,deepseek_v4_flash_max,31.670544201443736,7
562,gpt_5_5_xhigh,27.190698546714604,8
562,deepseek_v4_pro_max,16.3975405686557,9
563,claude_fable_5_max,77.87160600987235,1
563,qwen3_8_max,57.99289012852415,2
563,gpt_5_6_sol_max,54.529120274989054,3
563,claude_opus_4_8_max,42.412502094219235,4
563,kimi_k3_max,40.947607682467634,5
563,deepseek_v4_pro_max,36.08722189825324,6
563,gemini_3_1_pro_high,34.32235286011465,7
563,gpt_5_5_xhigh,29.558786385631244,8
563,deepseek_v4_flash_max,22.263435031750973,9
564,gpt_5_6_sol_max,78.81478397766993,1
564,claude_opus_4_8_max,70.05937086844983,2
564,gemini_3_1_pro_high,51.609555719741984,3
564,gpt_5_5_xhigh,40.00079709625017,4
564,qwen3_8_max,39.35380609152585,5
564,claude_fable_5_max,32.4970452026324,6
564,deepseek_v4_flash_max,28.706631138988808,7
564,kimi_k3_max,21.373503191605366,8
564,deepseek_v4_pro_max,10.198804807923604,9
565,claude_opus_4_8_max,78.74831824080262,1
565,kimi_k3_max,71.14449346022263,2
565,gpt_5_6_sol_max,70.72092556112976,3
565,claude_fable_5_max,46.885301037166876,4
565,gemini_3_1_pro_high,34.58351326618611,5
565,gpt_5_5_xhigh,31.969562631623887,6
565,deepseek_v4_pro_max,23.219849822704855,7
565,qwen3_8_max,23.16228547906514,8
565,deepseek_v4_flash_max,14.228722720797524,9
566,claude_opus_4_8_max,68.38661344819653,1
566,kimi_k3_max,66.52985595711334,2
566,qwen3_8_max,61.26046718914463,3
566,gemini_3_1_pro_high,54.16733355723935,4
566,gpt_5_6_sol_max,53.98133060331603,5
566,deepseek_v4_pro_max,48.455521360822445,6
566,claude_fable_5_max,46.77673212113102,7
566,gpt_5_5_xhigh,27.23884547382169,8
566,deepseek_v4_flash_max,16.43803759072565,9
567,kimi_k3_max,83.72979953214039,1
567,claude_fable_5_max,61.487297656511686,2
567,gpt_5_6_sol_max,59.97345589584584,3
567,qwen3_8_max,55.44498520530652,4
567,gemini_3_1_pro_high,42.999293750575205,5
567,claude_opus_4_8_max,41.919842957635346,6
567,deepseek_v4_pro_max,31.216277719315343,7
567,deepseek_v4_flash_max,24.829667488809278,8
567,gpt_5_5_xhigh,23.576666244107177,9
568,gpt_5_6_sol_max,81.51899429255639,1
568,gemini_3_1_pro_high,75.67367623484421,2
568,claude_opus_4_8_max,55.067333721974705,3
568,claude_fable_5_max,52.71878358448133,4
568,qwen3_8_max,52.48582126106521,5
568,kimi_k3_max,48.86377007774446,6
568,gpt_5_5_xhigh,34.63360180737541,7
568,deepseek_v4_pro_max,32.11203293718716,8
568,deepseek_v4_flash_max,23.67782746573944,9
569,claude_opus_4_8_max,75.9988954212186,1
569,qwen3_8_max,60.4331123088783,2
569,kimi_k3_max,55.95008278247525,3
569,deepseek_v4_pro_max,37.62945003553692,4
569,gpt_5_5_xhigh,35.77278284055504,5
569,claude_fable_5_max,22.843310985193213,6
569,deepseek_v4_flash_max,19.745074827254477,7
569,gpt_5_6_sol_max,19.07547014411094,8
569,gemini_3_1_pro_high,17.848732017378985,9
570,gpt_5_5_xhigh,84.96109904856584,1
570,claude_fable_5_max,82.01098382658964,2
570,gemini_3_1_pro_high,79.71743205440967,3
570,claude_opus_4_8_max,69.80292587496317,4
570,gpt_5_6_sol_max,51.66004008540594,5
570,qwen3_8_max,46.09156753238524,6
570,kimi_k3_max,34.787369019437705,7
570,deepseek_v4_flash_max,32.0757615596292,8
570,deepseek_v4_pro_max,15.302305564290133,9
571,kimi_k3_max,79.81300314357813,1
571,gpt_5_6_sol_max,77.81144439597603,2
571,gpt_5_5_xhigh,56.05611353220376,3
571,claude_fable_5_max,55.645101889588396,4
571,gemini_3_1_pro_high,53.9122486716571,5
571,qwen3_8_max,52.71160463149186,6
571,deepseek_v4_pro_max,33.67025341632606,7
571,claude_opus_4_8_max,29.37957712081539,8
571,deepseek_v4_flash_max,21.007544962953794,9
572,qwen3_8_max,72.44964569291544,1
572,claude_fable_5_max,66.88896659690074,2
572,gpt_5_6_sol_max,58.23553427559772,3
572,kimi_k3_max,55.15685727959589,4
572,gpt_5_5_xhigh,49.778697599606254,5
572,claude_opus_4_8_max,42.688718855893896,6
572,deepseek_v4_pro_max,25.42554491395602,7
572,gemini_3_1_pro_high,24.707970571071574,8
572,deepseek_v4_flash_max,8.986599585643049,9
573,gpt_5_6_sol_max,88.825230406726,1
573,claude_fable_5_max,68.36720471709634,2
573,qwen3_8_max,60.54157716823792,3
573,deepseek_v4_pro_max,46.44774628669713,4
573,claude_opus_4_8_max,45.594867053389684,5
573,gemini_3_1_pro_high,43.984161756412725,6
573,deepseek_v4_flash_max,31.80628699890253,7
573,gpt_5_5_xhigh,29.541297489519813,8
573,kimi_k3_max,17.961616965191595,9
574,claude_opus_4_8_max,47.43823549216921,1
574,gemini_3_1_pro_high,46.73983696457362,2
574,gpt_5_6_sol_max,46.655098250732024,3
574,kimi_k3_max,44.420256434437874,4
574,claude_fable_5_max,41.503388279225334,5
574,qwen3_8_max,39.84895801895254,6
574,gpt_5_5_xhigh,26.800092245186708,7
574,deepseek_v4_pro_max,25.445695631639154,8
574,deepseek_v4_flash_max,2.3389283931740508,9
575,kimi_k3_max,85.60830221066747,1
575,claude_fable_5_max,54.967545967090885,2
575,gpt_5_6_sol_max,54.81998420038275,3
575,qwen3_8_max,52.4682731013761,4
575,gemini_3_1_pro_high,46.03388677535041,5
575,deepseek_v4_pro_max,35.53597285124229,6
575,gpt_5_5_xhigh,30.354519648358192,7
575,claude_opus_4_8_max,29.04878865457241,8
575,deepseek_v4_flash_max,29.0292226768819,9
576,gpt_5_5_xhigh,78.7192811680552,1
576,claude_opus_4_8_max,65.59787002677312,2
576,gemini_3_1_pro_high,46.193913746661366,3
576,qwen3_8_max,43.97546369598096,4
576,claude_fable_5_max,32.21001453054122,5
576,deepseek_v4_pro_max,26.41709960566266,6
576,kimi_k3_max,26.386395683955016,7
576,gpt_5_6_sol_max,21.299987456741498,8
576,deepseek_v4_flash_max,20.934820940846055,9
577,gpt_5_6_sol_max,72.06498045521094,1
577,kimi_k3_max,45.78958347010692,2
577,qwen3_8_max,37.664968141206785,3
577,gemini_3_1_pro_high,32.653599284357895,4
577,claude_opus_4_8_max,24.88350615515533,5
577,claude_fable_5_max,24.648311410259744,6
577,deepseek_v4_pro_max,24.21617497763308,7
577,gpt_5_5_xhigh,23.80359774399693,8
577,deepseek_v4_flash_max,0.0,9
578,gemini_3_1_pro_high,71.7243617652658,1
578,claude_opus_4_8_max,69.89058400250926,2
578,gpt_5_6_sol_max,64.78369135342356,3
578,claude_fable_5_max,48.650942441910246,4
578,kimi_k3_max,38.60581214158572,5
578,gpt_5_5_xhigh,37.23311340999671,6
578,qwen3_8_max,23.37423659489909,7
578,deepseek_v4_flash_max,23.052434362247457,8
578,deepseek_v4_pro_max,11.0732689379632,9
579,kimi_k3_max,76.293467977716,1
579,gpt_5_6_sol_max,69.41671118326528,2
579,gemini_3_1_pro_high,59.86851446661847,3
579,qwen3_8_max,53.59039088630824,4
579,claude_opus_4_8_max,46.8459541309751,5
579,deepseek_v4_pro_max,39.96254904031018,6
579,deepseek_v4_flash_max,36.09212879353901,7
579,gpt_5_5_xhigh,25.738330319662673,8
579,claude_fable_5_max,15.848138985221041,9
580,qwen3_8_max,75.8998245988613,1
580,gpt_5_6_sol_max,66.01312892873946,2
580,gemini_3_1_pro_high,56.68870799960256,3
580,claude_opus_4_8_max,56.5312458131818,4
580,gpt_5_5_xhigh,48.95870512090538,5
580,deepseek_v4_pro_max,36.271346220061346,6
580,claude_fable_5_max,33.73805435926394,7
580,kimi_k3_max,28.73877253655799,8
580,deepseek_v4_flash_max,17.317605570408887,9
581,gpt_5_5_xhigh,69.59633241413965,1
581,gpt_5_6_sol_max,63.44782248242008,2
581,kimi_k3_max,58.153630983938605,3
581,deepseek_v4_flash_max,46.92836956279164,4
581,claude_opus_4_8_max,44.039829709192006,5
581,claude_fable_5_max,33.8393760277072,6
581,qwen3_8_max,26.769226855061227,7
581,deepseek_v4_pro_max,15.923519423058053,8
581,gemini_3_1_pro_high,11.147105065196731,9
582,gpt_5_6_sol_max,77.43630151525845,1
582,kimi_k3_max,56.989911291488426,2
582,claude_fable_5_max,50.65942159316171,3
582,gemini_3_1_pro_high,47.6544628571353,4
582,gpt_5_5_xhigh,37.766809166358165,5
582,deepseek_v4_pro_max,33.857654244943475,6
582,claude_opus_4_8_max,33.52650700903931,7
582,deepseek_v4_flash_max,28.24296088284592,8
582,qwen3_8_max,22.492802804324135,9
583,gpt_5_6_sol_max,70.56686682682107,1
583,gpt_5_5_xhigh,53.552339255911555,2
583,qwen3_8_max,51.33815504892428,3
583,gemini_3_1_pro_high,47.49207225251672,4
583,kimi_k3_max,40.77848708977264,5
583,claude_fable_5_max,39.59371659956665,6
583,claude_opus_4_8_max,34.43772809380545,7
583,deepseek_v4_pro_max,33.16381213232107,8
583,deepseek_v4_flash_max,18.09252259842649,9
584,claude_fable_5_max,88.48214200108008,1
584,gpt_5_6_sol_max,49.41360488770117,2
584,gpt_5_5_xhigh,47.60063052671238,3
584,kimi_k3_max,45.1488721869314,4
584,qwen3_8_max,35.38459841826821,5
584,gemini_3_1_pro_high,32.36363951562604,6
584,deepseek_v4_pro_max,24.83518896031397,7
584,claude_opus_4_8_max,19.8681570957466,8
584,deepseek_v4_flash_max,11.182319151371292,9
585,gpt_5_5_xhigh,61.41654854647675,1
585,gpt_5_6_sol_max,60.99221271934593,2
585,claude_opus_4_8_max,60.428309482852946,3
585,gemini_3_1_pro_high,58.862214446076514,4
585,qwen3_8_max,55.01506827026333,5
585,kimi_k3_max,42.50088339187135,6
585,deepseek_v4_pro_max,41.49895095058963,7
585,claude_fable_5_max,35.30467346857646,8
585,deepseek_v4_flash_max,8.97348347735981,9
586,claude_fable_5_max,82.5048258589697,1
586,gpt_5_5_xhigh,66.79120687869047,2
586,gpt_5_6_sol_max,66.46593271345779,3
586,qwen3_8_max,48.32031140857509,4
586,deepseek_v4_flash_max,41.34794852414127,5
586,gemini_3_1_pro_high,39.98279454866629,6
586,claude_opus_4_8_max,33.891408929801166,7
586,kimi_k3_max,32.64930930575546,8
586,deepseek_v4_pro_max,9.634646392943923,9
587,gemini_3_1_pro_high,88.7949220687085,1
587,gpt_5_6_sol_max,68.6971789106826,2
587,gpt_5_5_xhigh,53.965904433922574,3
587,claude_fable_5_max,50.95866545198355,4
587,kimi_k3_max,49.82373483754792,5
587,qwen3_8_max,48.643412544331895,6
587,deepseek_v4_pro_max,32.16413215669732,7
587,claude_opus_4_8_max,31.55422220462277,8
587,deepseek_v4_flash_max,8.17990777757594,9
588,claude_fable_5_max,76.07234738572942,1
588,qwen3_8_max,57.47913717821547,2
588,gemini_3_1_pro_high,52.831947102452034,3
588,kimi_k3_max,52.38583189431651,4
588,gpt_5_5_xhigh,48.23389754422327,5
588,gpt_5_6_sol_max,40.93028350806355,6
588,deepseek_v4_pro_max,29.03802072990757,7
588,deepseek_v4_flash_max,24.45130237928926,8
588,claude_opus_4_8_max,23.34085167158326,9
589,gemini_3_1_pro_high,89.45264096338832,1
589,kimi_k3_max,77.65224287219468,2
589,gpt_5_5_xhigh,70.32037258947689,3
589,qwen3_8_max,52.89429425341079,4
589,deepseek_v4_flash_max,36.74429311098653,5
589,gpt_5_6_sol_max,34.440214292606065,6
589,claude_opus_4_8_max,24.837563347982005,7
589,deepseek_v4_pro_max,16.873910609809187,8
589,claude_fable_5_max,14.719955398316419,9
590,gpt_5_6_sol_max,63.31985531278393,1
590,qwen3_8_max,58.41198228085413,2
590,gemini_3_1_pro_high,49.05650353579143,3
590,kimi_k3_max,46.27670226042501,4
590,claude_opus_4_8_max,42.116353461643314,5
590,deepseek_v4_flash_max,41.53901059196628,6
590,claude_fable_5_max,40.81994073233036,7
590,gpt_5_5_xhigh,33.74510024701989,8
590,deepseek_v4_pro_max,29.563783419812427,9
591,gpt_5_6_sol_max,74.18190857493002,1
591,gemini_3_1_pro_high,45.50151090472839,2
591,claude_fable_5_max,44.491181224603025,3
591,deepseek_v4_pro_max,39.05195347831234,4
591,qwen3_8_max,35.42414532822359,5
591,kimi_k3_max,32.798285384113754,6
591,gpt_5_5_xhigh,26.973854578213526,7
591,claude_opus_4_8_max,23.44517546859541,8
591,deepseek_v4_flash_max,22.838629610011772,9
592,claude_opus_4_8_max,71.58756127858663,1
592,gemini_3_1_pro_high,69.17300499280863,2
592,claude_fable_5_max,56.73047615025783,3
592,kimi_k3_max,53.43669035951198,4
592,gpt_5_6_sol_max,48.325193195072494,5
592,deepseek_v4_pro_max,44.53409259693644,6
592,qwen3_8_max,36.91554742422069,7
592,gpt_5_5_xhigh,35.24812079447821,8
592,deepseek_v4_flash_max,13.683492710432962,9
593,gpt_5_6_sol_max,79.28922185851133,1
593,gemini_3_1_pro_high,66.2966098140607,2
593,claude_fable_5_max,46.18354200296832,3
593,kimi_k3_max,34.242372408340344,4
593,qwen3_8_max,32.696550389670286,5
593,claude_opus_4_8_max,29.469944940769846,6
593,deepseek_v4_pro_max,27.097418331959872,7
593,gpt_5_5_xhigh,21.850906685175435,8
593,deepseek_v4_flash_max,13.665713930691028,9
594,gemini_3_1_pro_high,88.12599036830758,1
594,qwen3_8_max,81.12446314095112,2
594,gpt_5_6_sol_max,72.21277736215919,3
594,claude_fable_5_max,59.73922518974505,4
594,kimi_k3_max,56.12082906760436,5
594,gpt_5_5_xhigh,45.142381372045016,6
594,deepseek_v4_pro_max,33.04406582803835,7
594,claude_opus_4_8_max,30.50290630190186,8
594,deepseek_v4_flash_max,24.911280304419883,9
595,gpt_5_6_sol_max,70.67637691907069,1
595,kimi_k3_max,54.81733848416075,2
595,claude_fable_5_max,52.37346989529931,3
595,gpt_5_5_xhigh,50.66556484990881,4
595,gemini_3_1_pro_high,38.24525585836184,5
595,deepseek_v4_pro_max,31.380392632597577,6
595,qwen3_8_max,31.189228319380817,7
595,claude_opus_4_8_max,28.997343350189073,8
595,deepseek_v4_flash_max,0.0,9
596,kimi_k3_max,80.73469835437984,1
596,claude_fable_5_max,72.89287938581037,2
596,gemini_3_1_pro_high,69.0995715520202,3
596,gpt_5_5_xhigh,54.27102355597391,4
596,claude_opus_4_8_max,49.262324273444996,5
596,qwen3_8_max,43.82413453084986,6
596,deepseek_v4_flash_max,39.03711463776948,7
596,gpt_5_6_sol_max,35.042767514850524,8
596,deepseek_v4_pro_max,4.335983070374741,9
597,claude_opus_4_8_max,70.16248177740363,1
597,gpt_5_6_sol_max,66.22849628346552,2
597,deepseek_v4_pro_max,49.160487363168514,3
597,qwen3_8_max,44.56026028891806,4
597,gpt_5_5_xhigh,43.80681569618411,5
597,claude_fable_5_max,41.30727308675594,6
597,gemini_3_1_pro_high,38.931728758242656,7
597,deepseek_v4_flash_max,25.424055397793147,8
597,kimi_k3_max,24.13263521217814,9
598,gpt_5_5_xhigh,68.63332978283992,1
598,gpt_5_6_sol_max,51.56957827170887,2
598,deepseek_v4_flash_max,45.494347578824,3
598,kimi_k3_max,41.57975269676868,4
598,gemini_3_1_pro_high,38.04764496235234,5
598,claude_opus_4_8_max,36.964127971949175,6
598,claude_fable_5_max,25.013899449845905,7
598,qwen3_8_max,23.601421801117656,8
598,deepseek_v4_pro_max,15.871960750349249,9
599,kimi_k3_max,77.71625483165322,1
599,claude_fable_5_max,73.98737872576413,2
599,gemini_3_1_pro_high,68.15642075650686,3
599,gpt_5_6_sol_max,57.98418558295384,4
599,gpt_5_5_xhigh,50.94236423335539,5
599,qwen3_8_max,39.1813535225372,6
599,deepseek_v4_pro_max,37.674503121163454,7
599,claude_opus_4_8_max,26.619265505555493,8
599,deepseek_v4_flash_max,26.457031349129174,9
600,gpt_5_6_sol_max,78.52301916185036,1
600,gemini_3_1_pro_high,61.84470907528105,2
600,qwen3_8_max,52.60475869465357,3
600,claude_fable_5_max,48.189247191852715,4
600,kimi_k3_max,46.808331372471955,5
600,deepseek_v4_pro_max,41.532475724135814,6
600,claude_opus_4_8_max,33.87633604526471,7
600,gpt_5_5_xhigh,22.144748575876363,8
600,deepseek_v4_flash_max,14.211402896057665,9
601,gpt_5_6_sol_max,72.67346861956969,1
601,gemini_3_1_pro_high,64.46822329816753,2
601,qwen3_8_max,62.169126274287606,3
601,claude_opus_4_8_max,56.23169091778766,4
601,kimi_k3_max,43.18379174933541,5
601,gpt_5_5_xhigh,26.80227172553886,6
601,claude_fable_5_max,26.155362838100192,7
601,deepseek_v4_flash_max,18.86851297656446,8
601,deepseek_v4_pro_max,18.127147333157897,9
602,gemini_3_1_pro_high,80.21926789283246,1
602,claude_opus_4_8_max,76.75229915500616,2
602,kimi_k3_max,64.6094546772189,3
602,claude_fable_5_max,58.78812413554064,4
602,gpt_5_6_sol_max,56.604670659549484,5
602,qwen3_8_max,55.87611588509113,6
602,gpt_5_5_xhigh,45.51133024151356,7
602,deepseek_v4_pro_max,24.55163013006439,8
602,deepseek_v4_flash_max,20.18796442418659,9
603,claude_opus_4_8_max,78.2230544789341,1
603,gpt_5_5_xhigh,69.87061752977696,2
603,gpt_5_6_sol_max,67.62019226835977,3
603,deepseek_v4_flash_max,53.73846415406817,4
603,gemini_3_1_pro_high,44.4544070027255,5
603,qwen3_8_max,40.9771678056846,6
603,claude_fable_5_max,38.8582760035794,7
603,kimi_k3_max,20.108865143679445,8
603,deepseek_v4_pro_max,14.792869980996436,9
604,claude_fable_5_max,61.85670187578087,1
604,claude_opus_4_8_max,55.18760106886987,2
604,gpt_5_6_sol_max,54.74169182307797,3
604,deepseek_v4_pro_max,54.17972082405391,4
604,gemini_3_1_pro_high,49.52165471804926,5
604,gpt_5_5_xhigh,49.291437055112546,6
604,deepseek_v4_flash_max,41.2152221972946,7
604,qwen3_8_max,39.690001093783394,8
604,kimi_k3_max,21.598280604703596,9
605,gpt_5_5_xhigh,74.93957273369843,1
605,claude_opus_4_8_max,70.97508442976235,2
605,claude_fable_5_max,62.83947469073057,3
605,qwen3_8_max,46.28320829435994,4
605,gpt_5_6_sol_max,34.91128329485479,5
605,kimi_k3_max,32.55973548767057,6
605,deepseek_v4_pro_max,31.70656627772767,7
605,gemini_3_1_pro_high,29.6784276937602,8
605,deepseek_v4_flash_max,14.03238821399509,9
606,kimi_k3_max,76.68338273492346,1
606,qwen3_8_max,72.07004507191189,2
606,gpt_5_6_sol_max,62.42803390509927,3
606,claude_fable_5_max,54.280440239520324,4
606,claude_opus_4_8_max,48.3967012756808,5
606,gemini_3_1_pro_high,35.21231925103607,6
606,deepseek_v4_pro_max,32.38270585937495,7
606,gpt_5_5_xhigh,24.819250626071558,8
606,deepseek_v4_flash_max,18.73919447653651,9
607,gpt_5_5_xhigh,80.59478760763128,1
607,claude_opus_4_8_max,65.17353433142692,2
607,qwen3_8_max,50.549599416062904,3
607,deepseek_v4_pro_max,32.44169157983313,4
607,gpt_5_6_sol_max,28.3587749068976,5
607,kimi_k3_max,27.647660524100786,6
607,gemini_3_1_pro_high,24.96539536543543,7
607,claude_fable_5_max,15.290099748940133,8
607,deepseek_v4_flash_max,14.808008869425336,9
608,gpt_5_5_xhigh,71.74763005226554,1
608,qwen3_8_max,67.87925914666529,2
608,gpt_5_6_sol_max,65.99990456385646,3
608,claude_opus_4_8_max,64.84216944712526,4
608,gemini_3_1_pro_high,51.269940452386294,5
608,kimi_k3_max,35.213293528576806,6
608,deepseek_v4_pro_max,29.155848997288533,7
608,deepseek_v4_flash_max,26.162293843420265,8
608,claude_fable_5_max,22.89133985455551,9
609,claude_fable_5_max,81.1796927829945,1
609,qwen3_8_max,64.79026380840543,2
609,gpt_5_5_xhigh,59.009386537877916,3
609,gpt_5_6_sol_max,54.81141721699397,4
609,kimi_k3_max,42.38621434071975,5
609,deepseek_v4_flash_max,33.90515745187375,6
609,deepseek_v4_pro_max,32.24395421158674,7
609,gemini_3_1_pro_high,31.705680545851028,8
609,claude_opus_4_8_max,29.264170279205292,9
610,claude_opus_4_8_max,74.2414812788779,1
610,gpt_5_5_xhigh,72.04939374587819,2
610,kimi_k3_max,62.17116461123915,3
610,qwen3_8_max,39.33177354103131,4
610,deepseek_v4_pro_max,38.215885810136136,5
610,gpt_5_6_sol_max,28.541368323855743,6
610,claude_fable_5_max,23.14831943638717,7
610,gemini_3_1_pro_high,20.95636102443563,8
610,deepseek_v4_flash_max,10.861452344512255,9
611,claude_opus_4_8_max,77.7092694557366,1
611,qwen3_8_max,73.40372764967512,2
611,kimi_k3_max,63.56351841139602,3
611,gemini_3_1_pro_high,57.789911039733646,4
611,deepseek_v4_flash_max,40.85766011736312,5
611,gpt_5_6_sol_max,32.251782663254815,6
611,claude_fable_5_max,31.652905292150237,7
611,gpt_5_5_xhigh,30.76517738202021,8
611,deepseek_v4_pro_max,22.771568361936858,9
612,gpt_5_6_sol_max,83.48779941925551,1
612,qwen3_8_max,75.97893960237501,2
612,claude_fable_5_max,64.74228063924797,3
612,gpt_5_5_xhigh,57.65633513577221,4
612,kimi_k3_max,46.96104504978745,5
612,gemini_3_1_pro_high,39.032893708283964,6
612,claude_opus_4_8_max,34.01743055953785,7
612,deepseek_v4_flash_max,33.704611506884,8
612,deepseek_v4_pro_max,28.206302097827834,9
613,claude_opus_4_8_max,64.14226817817914,1
613,qwen3_8_max,60.6597830714102,2
613,gemini_3_1_pro_high,58.28611646421604,3
613,deepseek_v4_pro_max,52.86130469270765,4
613,gpt_5_6_sol_max,50.90854327421275,5
613,deepseek_v4_flash_max,31.52160492455304,6
613,kimi_k3_max,28.53189795223211,7
613,gpt_5_5_xhigh,22.90828377365084,8
613,claude_fable_5_max,21.661294071512117,9
614,gemini_3_1_pro_high,84.62744175109621,1
614,qwen3_8_max,73.11834229441982,2
614,claude_fable_5_max,54.83315609467863,3
614,claude_opus_4_8_max,52.304364089742485,4
614,kimi_k3_max,50.8144889513526,5
614,gpt_5_6_sol_max,39.288370739121646,6
614,deepseek_v4_flash_max,38.240478543483526,7
614,gpt_5_5_xhigh,22.807877192470325,8
614,deepseek_v4_pro_max,20.321040245596194,9
615,qwen3_8_max,77.2489976602818,1
615,claude_opus_4_8_max,71.09146190720145,2
615,claude_fable_5_max,60.468376444965344,3
615,gemini_3_1_pro_high,56.52205757391664,4
615,kimi_k3_max,51.60022825528135,5
615,gpt_5_6_sol_max,47.44644722328198,6
615,deepseek_v4_pro_max,28.035650066697066,7
615,gpt_5_5_xhigh,28.007802000685015,8
615,deepseek_v4_flash_max,20.428948795612566,9
616,kimi_k3_max,75.00175548006087,1
616,claude_opus_4_8_max,73.26953575388009,2
616,qwen3_8_max,53.908706107761546,3
616,claude_fable_5_max,46.9969802084923,4
616,gpt_5_6_sol_max,44.63191334292451,5
616,gemini_3_1_pro_high,43.20602737362303,6
616,gpt_5_5_xhigh,34.574524535025155,7
616,deepseek_v4_pro_max,26.512282498019534,8
616,deepseek_v4_flash_max,23.370240225814364,9
617,kimi_k3_max,80.43364274538199,1
617,claude_fable_5_max,77.59280535795276,2
617,gemini_3_1_pro_high,51.880280636168536,3
617,qwen3_8_max,46.5961295925388,4
617,gpt_5_5_xhigh,40.30155789682316,5
617,gpt_5_6_sol_max,36.889126241607144,6
617,deepseek_v4_flash_max,22.459028430658336,7
617,claude_opus_4_8_max,21.99834021305324,8
617,deepseek_v4_pro_max,18.425900691919708,9
618,kimi_k3_max,78.61600412339834,1
618,claude_opus_4_8_max,75.28129390933452,2
618,qwen3_8_max,65.25268979322593,3
618,gpt_5_6_sol_max,52.54287525091453,4
618,gpt_5_5_xhigh,46.11038117985075,5
618,gemini_3_1_pro_high,41.87479505596853,6
618,claude_fable_5_max,39.84666970198197,7
618,deepseek_v4_flash_max,26.773231097127145,8
618,deepseek_v4_pro_max,1.344909109967466,9
619,gpt_5_6_sol_max,79.41253359616334,1
619,qwen3_8_max,47.82180401097542,2
619,claude_fable_5_max,44.76946223075285,3
619,kimi_k3_max,42.42529907939193,4
619,gemini_3_1_pro_high,35.966308348874634,5
619,gpt_5_5_xhigh,31.9326116812929,6
619,claude_opus_4_8_max,28.43142226277986,7
619,deepseek_v4_flash_max,23.484374006204558,8
619,deepseek_v4_pro_max,20.769699825940013,9
620,claude_fable_5_max,79.47673729297156,1
620,gpt_5_6_sol_max,56.806698034638615,2
620,qwen3_8_max,51.52135799120285,3
620,claude_opus_4_8_max,43.37132631960888,4
620,gemini_3_1_pro_high,39.997739129083,5
620,kimi_k3_max,37.97201798444587,6
620,deepseek_v4_pro_max,33.36096030062325,7
620,gpt_5_5_xhigh,30.37472156897536,8
620,deepseek_v4_flash_max,16.694896219508315,9
621,kimi_k3_max,75.14683142785765,1
621,gpt_5_5_xhigh,74.58570657641087,2
621,claude_opus_4_8_max,37.9627002866649,3
621,gpt_5_6_sol_max,37.4031551772649,4
621,gemini_3_1_pro_high,37.04077043086981,5
621,claude_fable_5_max,36.27232075654081,6
621,qwen3_8_max,30.9275726234306,7
621,deepseek_v4_pro_max,18.14476277457183,8
621,deepseek_v4_flash_max,17.083484063493966,9
622,qwen3_8_max,77.44650394782475,1
622,gpt_5_6_sol_max,69.15096599540686,2
622,kimi_k3_max,61.4726343538856,3
622,gemini_3_1_pro_high,58.208019281969996,4
622,claude_opus_4_8_max,53.93005680835167,5
622,deepseek_v4_flash_max,42.916565112928325,6
622,gpt_5_5_xhigh,24.955161903906657,7
622,claude_fable_5_max,23.005996505884927,8
622,deepseek_v4_pro_max,10.480998901299763,9
623,gpt_5_5_xhigh,68.82246914635974,1
623,kimi_k3_max,64.64795749247374,2
623,claude_opus_4_8_max,50.14016417378521,3
623,claude_fable_5_max,32.24605716311325,4
623,gemini_3_1_pro_high,26.581142601435126,5
623,deepseek_v4_flash_max,25.799104212780655,6
623,qwen3_8_max,25.558988361734514,7
623,deepseek_v4_pro_max,19.61896744623844,8
623,gpt_5_6_sol_max,16.7156452246682,9
624,gpt_5_6_sol_max,78.69139306649866,1
624,claude_fable_5_max,69.80028971017742,2
624,kimi_k3_max,58.138466632850005,3
624,qwen3_8_max,56.620401683054936,4
624,deepseek_v4_pro_max,39.54207126292413,5
624,gemini_3_1_pro_high,38.77113432346795,6
624,claude_opus_4_8_max,36.878166187737214,7
624,gpt_5_5_xhigh,30.532331517992823,8
624,deepseek_v4_flash_max,13.489060146335259,9
625,gpt_5_6_sol_max,85.10385404438834,1
625,claude_fable_5_max,60.95320893421584,2
625,claude_opus_4_8_max,59.518433896771796,3
625,gpt_5_5_xhigh,54.79737670039711,4
625,gemini_3_1_pro_high,39.11342894023978,5
625,qwen3_8_max,36.005761386114465,6
625,deepseek_v4_pro_max,29.465093813304847,7
625,kimi_k3_max,22.52351604493225,8
625,deepseek_v4_flash_max,13.835196326627399,9
626,qwen3_8_max,60.52650801047752,1
626,gpt_5_6_sol_max,60.06860339295804,2
626,deepseek_v4_flash_max,45.11688229046865,3
626,gpt_5_5_xhigh,44.420879723975276,4
626,kimi_k3_max,42.64364095932365,5
626,claude_opus_4_8_max,41.316015349179935,6
626,claude_fable_5_max,40.387577724826926,7
626,gemini_3_1_pro_high,31.77407382315913,8
626,deepseek_v4_pro_max,14.768608324174805,9
627,claude_opus_4_8_max,75.61956955323589,1
627,qwen3_8_max,56.11623401823108,2
627,gemini_3_1_pro_high,54.78452466780382,3
627,gpt_5_5_xhigh,49.623859911423295,4
627,claude_fable_5_max,48.8526061331966,5
627,deepseek_v4_flash_max,47.94836423868948,6
627,gpt_5_6_sol_max,47.108385380602925,7
627,kimi_k3_max,29.204661033057814,8
627,deepseek_v4_pro_max,25.123718086815792,9
628,gpt_5_5_xhigh,73.35728867701616,1
628,claude_fable_5_max,71.78483178361515,2
628,qwen3_8_max,70.01530402439431,3
628,gemini_3_1_pro_high,60.876226863585615,4
628,kimi_k3_max,58.58517434328421,5
628,deepseek_v4_flash_max,35.71197016514872,6
628,gpt_5_6_sol_max,31.893370396601853,7
628,claude_opus_4_8_max,30.525290436588634,8
628,deepseek_v4_pro_max,23.191053210083723,9
629,gpt_5_5_xhigh,64.00502715062945,1
629,claude_fable_5_max,60.79093864436132,2
629,gemini_3_1_pro_high,58.67995530463317,3
629,qwen3_8_max,58.40597439299503,4
629,kimi_k3_max,58.38975525834862,5
629,claude_opus_4_8_max,43.97722878674843,6
629,deepseek_v4_pro_max,33.32196677543294,7
629,deepseek_v4_flash_max,31.452160945036788,8
629,gpt_5_6_sol_max,29.346710326766416,9
630,gpt_5_5_xhigh,74.80594722114486,1
630,claude_opus_4_8_max,71.90572739657381,2
630,gemini_3_1_pro_high,56.920351063111966,3
630,qwen3_8_max,53.05678071008359,4
630,gpt_5_6_sol_max,43.85130080694531,5
630,deepseek_v4_pro_max,36.12886515004709,6
630,claude_fable_5_max,30.397304648049555,7
630,kimi_k3_max,29.152617392005684,8
630,deepseek_v4_flash_max,15.375190252895434,9
631,gpt_5_6_sol_max,75.45911385051475,1
631,kimi_k3_max,61.28521022031592,2
631,gpt_5_5_xhigh,57.260837616547015,3
631,qwen3_8_max,45.29915905263797,4
631,gemini_3_1_pro_high,39.55741118262339,5
631,claude_fable_5_max,36.30452494297947,6
631,deepseek_v4_pro_max,35.869667748427986,7
631,claude_opus_4_8_max,35.28182122185048,8
631,deepseek_v4_flash_max,30.437856080447478,9
632,gpt_5_6_sol_max,78.55299615058266,1
632,claude_fable_5_max,64.32751905373081,2
632,qwen3_8_max,53.473500496083005,3
632,kimi_k3_max,53.198618322824395,4
632,gpt_5_5_xhigh,43.98391725922432,5
632,claude_opus_4_8_max,36.184981373028094,6
632,gemini_3_1_pro_high,36.10452459024933,7
632,deepseek_v4_pro_max,30.033442870562347,8
632,deepseek_v4_flash_max,28.863376051001886,9
633,gpt_5_6_sol_max,81.5832699146784,1
633,qwen3_8_max,43.327691815275244,2
633,kimi_k3_max,41.56315326806263,3
633,gpt_5_5_xhigh,35.23065611239764,4
633,deepseek_v4_flash_max,30.969424522846737,5
633,claude_opus_4_8_max,30.141338467404843,6
633,claude_fable_5_max,21.86286831957902,7
633,deepseek_v4_pro_max,20.96294410779927,8
633,gemini_3_1_pro_high,17.149193069169502,9
634,gpt_5_6_sol_max,75.47230652672809,1
634,gpt_5_5_xhigh,63.41605335550691,2
634,gemini_3_1_pro_high,58.48845365708763,3
634,qwen3_8_max,57.06728279507507,4
634,claude_fable_5_max,46.39906899727892,5
634,claude_opus_4_8_max,45.64020718467792,6
634,kimi_k3_max,32.09332099621007,7
634,deepseek_v4_flash_max,30.386592380639268,8
634,deepseek_v4_pro_max,29.78819499996791,9
635,claude_opus_4_8_max,72.87214797569274,1
635,gpt_5_5_xhigh,50.83757221008747,2
635,gpt_5_6_sol_max,49.08147440307201,3
635,kimi_k3_max,34.96904627425747,4
635,deepseek_v4_flash_max,29.63248967766002,5
635,gemini_3_1_pro_high,25.25538916025468,6
635,deepseek_v4_pro_max,22.176795465974486,7
635,claude_fable_5_max,22.05331693911628,8
635,qwen3_8_max,18.028104813130632,9
636,kimi_k3_max,67.34588365985621,1
636,gemini_3_1_pro_high,66.11816898284664,2
636,qwen3_8_max,55.24885002365072,3
636,claude_fable_5_max,49.24446007343656,4
636,claude_opus_4_8_max,42.24005422966688,5
636,gpt_5_5_xhigh,28.632944154828536,6
636,deepseek_v4_pro_max,20.106620198680147,7
636,gpt_5_6_sol_max,19.50548507598646,8
636,deepseek_v4_flash_max,4.288507644765487,9
637,claude_opus_4_8_max,67.78061565599938,1
637,qwen3_8_max,63.713490489215005,2
637,claude_fable_5_max,58.25512505678606,3
637,kimi_k3_max,41.698225206791385,4
637,gemini_3_1_pro_high,40.019669648612094,5
637,gpt_5_6_sol_max,39.88276573080597,6
637,gpt_5_5_xhigh,30.736345655543857,7
637,deepseek_v4_flash_max,15.764908639847139,8
637,deepseek_v4_pro_max,7.585929608600859,9
638,gpt_5_5_xhigh,73.3694780086989,1
638,gemini_3_1_pro_high,62.60420733679328,2
638,kimi_k3_max,56.72817464364557,3
638,claude_fable_5_max,52.621313660659965,4
638,qwen3_8_max,35.52150921277982,5
638,deepseek_v4_pro_max,21.905897401819857,6
638,deepseek_v4_flash_max,19.969617876759912,7
638,gpt_5_6_sol_max,19.16849705370123,8
638,claude_opus_4_8_max,19.04945340892668,9
639,gpt_5_6_sol_max,74.71359302463328,1
639,claude_fable_5_max,71.40254016466537,2
639,gemini_3_1_pro_high,68.7674061188608,3
639,claude_opus_4_8_max,60.85259799956417,4
639,qwen3_8_max,55.933050706066794,5
639,kimi_k3_max,45.08731781436131,6
639,deepseek_v4_flash_max,40.52961501844473,7
639,gpt_5_5_xhigh,23.92003628800338,8
639,deepseek_v4_pro_max,14.747693679259577,9
640,qwen3_8_max,60.54630621120384,1
640,gpt_5_6_sol_max,58.49520490385527,2
640,kimi_k3_max,50.815477195819,3
640,gemini_3_1_pro_high,48.861156622522074,4
640,claude_fable_5_max,44.979769928753576,5
640,gpt_5_5_xhigh,39.216778307252355,6
640,claude_opus_4_8_max,36.739038370773706,7
640,deepseek_v4_flash_max,25.63076963412763,8
640,deepseek_v4_pro_max,7.014244436293393,9
641,kimi_k3_max,73.65136164439674,1
641,qwen3_8_max,69.60664068756489,2
641,gemini_3_1_pro_high,65.37417659101115,3
641,gpt_5_6_sol_max,62.685403121801215,4
641,claude_fable_5_max,57.70605291996158,5
641,claude_opus_4_8_max,48.50840868035845,6
641,deepseek_v4_flash_max,41.01492582577093,7
641,gpt_5_5_xhigh,35.68329674767667,8
641,deepseek_v4_pro_max,6.5825150713271645,9
642,gpt_5_6_sol_max,77.98840616208055,1
642,gemini_3_1_pro_high,60.82886396874443,2
642,kimi_k3_max,55.5337986736301,3
642,qwen3_8_max,53.65290920864432,4
642,claude_fable_5_max,44.31893559480052,5
642,claude_opus_4_8_max,27.784253767698004,6
642,deepseek_v4_flash_max,27.02964997889253,7
642,deepseek_v4_pro_max,25.248836244433516,8
642,gpt_5_5_xhigh,20.038145888684255,9
643,claude_opus_4_8_max,70.8330482483805,1
643,qwen3_8_max,54.102798989492285,2
643,gpt_5_6_sol_max,50.16424966452841,3
643,deepseek_v4_pro_max,42.4845922587654,4
643,gpt_5_5_xhigh,41.19659164830418,5
643,gemini_3_1_pro_high,39.93747403864142,6
643,claude_fable_5_max,36.107255959780574,7
643,deepseek_v4_flash_max,33.58206765612605,8
643,kimi_k3_max,19.89743637907546,9
644,gemini_3_1_pro_high,76.7361835002245,1
644,claude_fable_5_max,64.57583952990956,2
644,gpt_5_6_sol_max,54.272703581459155,3
644,kimi_k3_max,50.187744347725626,4
644,gpt_5_5_xhigh,43.00425082041809,5
644,claude_opus_4_8_max,42.36361505035586,6
644,qwen3_8_max,41.89110590812145,7
644,deepseek_v4_flash_max,24.857782983981267,8
644,deepseek_v4_pro_max,8.950963971983915,9
645,claude_fable_5_max,72.82265750692876,1
645,gpt_5_6_sol_max,64.02497528890288,2
645,kimi_k3_max,54.63508681238688,3
645,claude_opus_4_8_max,53.55951506904297,4
645,deepseek_v4_pro_max,38.327699066769995,5
645,qwen3_8_max,35.15770225413619,6
645,gemini_3_1_pro_high,27.879877601776943,7
645,deepseek_v4_flash_max,24.266975455255515,8
645,gpt_5_5_xhigh,23.21394365031205,9
646,gpt_5_6_sol_max,68.90340078257998,1
646,kimi_k3_max,60.274892870596744,2
646,qwen3_8_max,45.229782164030254,3
646,gpt_5_5_xhigh,42.200412017343886,4
646,deepseek_v4_pro_max,40.94549629390956,5
646,gemini_3_1_pro_high,38.59090845117087,6
646,claude_opus_4_8_max,30.517804078380024,7
646,claude_fable_5_max,23.268244297015684,8
646,deepseek_v4_flash_max,13.382238864591734,9
647,gpt_5_6_sol_max,65.89736765750416,1
647,claude_fable_5_max,63.73041226492014,2
647,qwen3_8_max,62.08033455554569,3
647,gpt_5_5_xhigh,56.7123595848136,4
647,kimi_k3_max,46.83014040465536,5
647,gemini_3_1_pro_high,45.680091665554144,6
647,claude_opus_4_8_max,26.361997221764334,7
647,deepseek_v4_flash_max,26.044085767770966,8
647,deepseek_v4_pro_max,5.468703068318209,9
648,gpt_5_6_sol_max,59.70632310950624,1
648,gemini_3_1_pro_high,57.793313591968385,2
648,deepseek_v4_flash_max,57.14670728807883,3
648,kimi_k3_max,56.09018583512763,4
648,claude_fable_5_max,52.788859508861776,5
648,gpt_5_5_xhigh,43.641966558388084,6
648,qwen3_8_max,27.838916913308296,7
648,claude_opus_4_8_max,27.099240894528553,8
648,deepseek_v4_pro_max,12.889903487538842,9
649,gpt_5_5_xhigh,57.994514321299846,1
649,qwen3_8_max,41.93560406661371,2
649,claude_fable_5_max,41.80566055637538,3
649,kimi_k3_max,40.742716112993236,4
649,deepseek_v4_flash_max,33.927671786188554,5
649,gpt_5_6_sol_max,31.695671149550154,6
649,claude_opus_4_8_max,29.152271036719824,7
649,deepseek_v4_pro_max,21.23777239285587,8
649,gemini_3_1_pro_high,10.96654971047622,9
650,kimi_k3_max,74.74085496918235,1
650,qwen3_8_max,73.87207659035032,2
650,claude_fable_5_max,72.62990348939925,3
650,gpt_5_6_sol_max,65.14966642182306,4
650,gpt_5_5_xhigh,57.12342657443253,5
650,deepseek_v4_flash_max,40.99294294039278,6
650,deepseek_v4_pro_max,38.933171286105306,7
650,gemini_3_1_pro_high,36.7939548361203,8
650,claude_opus_4_8_max,26.0011249315488,9
651,claude_fable_5_max,83.57058271273561,1
651,claude_opus_4_8_max,75.41056559986576,2
651,gpt_5_5_xhigh,69.18000382624851,3
651,qwen3_8_max,58.565098929401984,4
651,gpt_5_6_sol_max,50.89056003634623,5
651,gemini_3_1_pro_high,50.681730524308804,6
651,deepseek_v4_flash_max,37.78069359734532,7
651,kimi_k3_max,29.046830966667454,8
651,deepseek_v4_pro_max,16.113826157057247,9
652,claude_fable_5_max,76.6541836913826,1
652,gpt_5_6_sol_max,69.88333771924499,2
652,gemini_3_1_pro_high,65.64808100088494,3
652,gpt_5_5_xhigh,39.61202210639607,4
652,qwen3_8_max,39.188120519690145,5
652,claude_opus_4_8_max,38.0378944964945,6
652,deepseek_v4_flash_max,37.182634116820495,7
652,kimi_k3_max,33.50110247519798,8
652,deepseek_v4_pro_max,23.642165040273863,9
653,gpt_5_6_sol_max,74.61521226612462,1
653,gemini_3_1_pro_high,71.31312091269822,2
653,qwen3_8_max,43.18869317818482,3
653,claude_fable_5_max,34.33118368805957,4
653,kimi_k3_max,32.94560417194716,5
653,claude_opus_4_8_max,28.733877648229452,6
653,gpt_5_5_xhigh,25.33606741361628,7
653,deepseek_v4_pro_max,23.734400043862657,8
653,deepseek_v4_flash_max,14.616691563317087,9
654,claude_opus_4_8_max,71.43141049944626,1
654,gpt_5_6_sol_max,63.0551085194611,2
654,gemini_3_1_pro_high,60.65171312301138,3
654,qwen3_8_max,55.5397552644593,4
654,claude_fable_5_max,43.428974294214036,5
654,deepseek_v4_pro_max,33.776926879132404,6
654,kimi_k3_max,28.375722724089982,7
654,deepseek_v4_flash_max,15.655091157873127,8
654,gpt_5_5_xhigh,14.93621562319144,9
655,gpt_5_5_xhigh,77.42981994690243,1
655,kimi_k3_max,71.05288341228163,2
655,gpt_5_6_sol_max,69.19892336680402,3
655,qwen3_8_max,56.3057739834722,4
655,gemini_3_1_pro_high,52.249268178972045,5
655,claude_fable_5_max,49.99323542301747,6
655,deepseek_v4_flash_max,42.477507923134226,7
655,claude_opus_4_8_max,27.987567901195014,8
655,deepseek_v4_pro_max,17.032584489943986,9
656,gpt_5_6_sol_max,59.648714042732735,1
656,claude_opus_4_8_max,55.58031567574989,2
656,gemini_3_1_pro_high,53.076004648603785,3
656,claude_fable_5_max,44.441456525369404,4
656,gpt_5_5_xhigh,37.40088746070985,5
656,kimi_k3_max,27.71599978538395,6
656,qwen3_8_max,22.768614472520497,7
656,deepseek_v4_flash_max,22.475288515609606,8
656,deepseek_v4_pro_max,3.550731530419618,9
657,gpt_5_6_sol_max,65.79279263270703,1
657,kimi_k3_max,56.798954937945936,2
657,gemini_3_1_pro_high,56.00909679723547,3
657,qwen3_8_max,50.54376394225831,4
657,claude_fable_5_max,49.882941073101165,5
657,gpt_5_5_xhigh,42.52211412058058,6
657,deepseek_v4_pro_max,41.33861827600499,7
657,claude_opus_4_8_max,29.245552344245915,8
657,deepseek_v4_flash_max,9.242921820229654,9
658,gpt_5_6_sol_max,84.02202048844006,1
658,kimi_k3_max,56.56219042957434,2
658,qwen3_8_max,55.69830783427014,3
658,claude_opus_4_8_max,44.49969345911461,4
658,gemini_3_1_pro_high,41.13790559296197,5
658,gpt_5_5_xhigh,27.64923637817727,6
658,deepseek_v4_pro_max,27.252850167619656,7
658,deepseek_v4_flash_max,23.3337118131849,8
658,claude_fable_5_max,15.408382637425145,9
659,claude_fable_5_max,73.69938466365062,1
659,gpt_5_5_xhigh,72.57872221561317,2
659,gpt_5_6_sol_max,59.893468162662394,3
659,kimi_k3_max,52.891066105497174,4
659,deepseek_v4_flash_max,40.48584888133986,5
659,qwen3_8_max,38.30124142130495,6
659,claude_opus_4_8_max,29.471176959876267,7
659,gemini_3_1_pro_high,25.36096524479932,8
659,deepseek_v4_pro_max,16.79463508258194,9
660,kimi_k3_max,71.80558099910863,1
660,qwen3_8_max,56.82005271830216,2
660,claude_fable_5_max,51.97259121152442,3
660,deepseek_v4_flash_max,50.73677283758455,4
660,gpt_5_6_sol_max,44.569199888525695,5
660,claude_opus_4_8_max,43.2418032073533,6
660,gpt_5_5_xhigh,41.401150749091265,7
660,gemini_3_1_pro_high,27.78035620010008,8
660,deepseek_v4_pro_max,12.543202061859827,9
661,claude_fable_5_max,78.10568147402256,1
661,gpt_5_5_xhigh,70.04859259981775,2
661,claude_opus_4_8_max,57.95622621995233,3
661,qwen3_8_max,55.65261097663588,4
661,gemini_3_1_pro_high,54.29038195829811,5
661,kimi_k3_max,50.69855116056581,6
661,gpt_5_6_sol_max,32.08096929886261,7
661,deepseek_v4_flash_max,27.4425200711844,8
661,deepseek_v4_pro_max,17.64597447755285,9
662,gpt_5_6_sol_max,81.74696617258299,1
662,qwen3_8_max,52.8787394966356,2
662,claude_opus_4_8_max,42.37058214204308,3
662,gpt_5_5_xhigh,40.959938776080605,4
662,gemini_3_1_pro_high,38.43181110059501,5
662,claude_fable_5_max,37.123139518639334,6
662,deepseek_v4_pro_max,34.26903221986433,7
662,kimi_k3_max,26.320451517642702,8
662,deepseek_v4_flash_max,12.808197486860935,9
663,gemini_3_1_pro_high,71.09081394003303,1
663,claude_fable_5_max,57.41137513793106,2
663,qwen3_8_max,57.144788135116855,3
663,kimi_k3_max,50.85048607983806,4
663,deepseek_v4_pro_max,47.5608367964286,5
663,gpt_5_5_xhigh,29.935914867345822,6
663,gpt_5_6_sol_max,25.74203580244679,7
663,claude_opus_4_8_max,18.112954876927517,8
663,deepseek_v4_flash_max,13.008034997539285,9
664,claude_fable_5_max,81.99387167005848,1
664,qwen3_8_max,77.75523920755589,2
664,gemini_3_1_pro_high,63.26631943291524,3
664,kimi_k3_max,50.39627514229444,4
664,gpt_5_6_sol_max,43.85787938086775,5
664,claude_opus_4_8_max,42.90262526194074,6
664,gpt_5_5_xhigh,31.019486380265263,7
664,deepseek_v4_flash_max,19.339846746225984,8
664,deepseek_v4_pro_max,16.005089152734772,9
665,kimi_k3_max,81.96392401117149,1
665,gpt_5_6_sol_max,62.71069886251594,2
665,claude_opus_4_8_max,45.52235304186419,3
665,gemini_3_1_pro_high,44.48168854685002,4
665,claude_fable_5_max,41.25174652603728,5
665,qwen3_8_max,38.28328603323114,6
665,deepseek_v4_pro_max,34.556432133443366,7
665,deepseek_v4_flash_max,23.49988905598231,8
665,gpt_5_5_xhigh,16.53928419617694,9
666,claude_opus_4_8_max,58.847296325626246,1
666,gpt_5_6_sol_max,52.26288363029586,2
666,claude_fable_5_max,43.766917878258475,3
666,deepseek_v4_flash_max,42.41924294046282,4
666,gemini_3_1_pro_high,38.80047472056336,5
666,gpt_5_5_xhigh,37.249360752821474,6
666,deepseek_v4_pro_max,35.98829452273212,7
666,qwen3_8_max,22.096857702561174,8
666,kimi_k3_max,12.974025082550884,9
667,claude_opus_4_8_max,61.84467286899245,1
667,gpt_5_6_sol_max,60.466465022759614,2
667,claude_fable_5_max,57.27532485788716,3
667,gemini_3_1_pro_high,54.72094066687747,4
667,kimi_k3_max,45.27292267784334,5
667,qwen3_8_max,42.81911707879557,6
667,deepseek_v4_pro_max,36.75743074473964,7
667,deepseek_v4_flash_max,25.739457633243248,8
667,gpt_5_5_xhigh,19.965843664712516,9
668,kimi_k3_max,65.88576933119921,1
668,gpt_5_6_sol_max,57.287180372483206,2
668,claude_fable_5_max,54.47294554041427,3
668,deepseek_v4_pro_max,45.76542580198276,4
668,gpt_5_5_xhigh,40.38753244091579,5
668,gemini_3_1_pro_high,22.36451144233832,6
668,claude_opus_4_8_max,18.65284438462284,7
668,qwen3_8_max,18.528330968040514,8
668,deepseek_v4_flash_max,18.37090632317666,9
669,claude_opus_4_8_max,71.66552671445419,1
669,gpt_5_5_xhigh,51.55284580090204,2
669,qwen3_8_max,51.16684916015731,3
669,kimi_k3_max,43.7374073399279,4
669,claude_fable_5_max,39.98536203390985,5
669,deepseek_v4_pro_max,35.751406302324156,6
669,gemini_3_1_pro_high,33.311050616396265,7
669,gpt_5_6_sol_max,21.447611581798732,8
669,deepseek_v4_flash_max,18.98229329515428,9
670,claude_opus_4_8_max,60.82046610030146,1
670,qwen3_8_max,59.127431366540044,2
670,deepseek_v4_pro_max,56.25978827599763,3
670,gemini_3_1_pro_high,54.286870381130825,4
670,gpt_5_5_xhigh,53.887723215924325,5
670,gpt_5_6_sol_max,41.83983376164663,6
670,kimi_k3_max,36.20920435816505,7
670,claude_fable_5_max,26.11522769901056,8
670,deepseek_v4_flash_max,19.4722156131173,9
671,gpt_5_5_xhigh,69.79668109095809,1
671,claude_fable_5_max,47.52355805467715,2
671,gpt_5_6_sol_max,47.10558290646022,3
671,qwen3_8_max,40.59999302588554,4
671,kimi_k3_max,33.77372340209798,5
671,claude_opus_4_8_max,33.24400734116669,6
671,deepseek_v4_pro_max,30.127405402548074,7
671,deepseek_v4_flash_max,25.955307031066187,8
671,gemini_3_1_pro_high,20.96868275316914,9
672,claude_fable_5_max,71.52492107321744,1
672,gpt_5_5_xhigh,48.67512689661561,2
672,kimi_k3_max,48.371257489114825,3
672,qwen3_8_max,43.254743322342456,4
672,gemini_3_1_pro_high,41.05982001953528,5
672,gpt_5_6_sol_max,38.879168562437215,6
672,claude_opus_4_8_max,35.008210792218414,7
672,deepseek_v4_pro_max,21.737985534517698,8
672,deepseek_v4_flash_max,8.231542766277474,9
673,claude_opus_4_8_max,67.40272730349608,1
673,qwen3_8_max,66.16365100468056,2
673,gpt_5_6_sol_max,61.19012387138746,3
673,gemini_3_1_pro_high,57.713245593094925,4
673,claude_fable_5_max,54.04309928494644,5
673,deepseek_v4_pro_max,53.54951860530461,6
673,kimi_k3_max,52.98018132459006,7
673,gpt_5_5_xhigh,39.370940781114655,8
673,deepseek_v4_flash_max,34.404427085229,9
674,claude_opus_4_8_max,70.2360242171128,1
674,gpt_5_6_sol_max,59.605469015671446,2
674,claude_fable_5_max,58.81260935494139,3
674,qwen3_8_max,56.36348730778365,4
674,gemini_3_1_pro_high,49.4971065206458,5
674,gpt_5_5_xhigh,37.02091050742635,6
674,kimi_k3_max,35.71148494936391,7
674,deepseek_v4_flash_max,27.172658098918674,8
674,deepseek_v4_pro_max,7.710994959311234,9
675,gpt_5_6_sol_max,77.71402196521235,1
675,qwen3_8_max,60.519542363037914,2
675,gpt_5_5_xhigh,55.55201463410796,3
675,claude_opus_4_8_max,45.832632700835305,4
675,gemini_3_1_pro_high,42.335576840432054,5
675,claude_fable_5_max,37.12021594869095,6
675,deepseek_v4_pro_max,34.01601377952245,7
675,kimi_k3_max,21.517931202866315,8
675,deepseek_v4_flash_max,21.50644841747478,9
676,gemini_3_1_pro_high,75.05181409660909,1
676,gpt_5_5_xhigh,73.45950878383273,2
676,claude_opus_4_8_max,55.32566548678203,3
676,qwen3_8_max,51.264332500121895,4
676,gpt_5_6_sol_max,49.40691959922107,5
676,deepseek_v4_pro_max,41.09418039866682,6
676,claude_fable_5_max,40.521688686846396,7
676,kimi_k3_max,29.770318796219357,8
676,deepseek_v4_flash_max,7.581444990041214,9
677,claude_fable_5_max,66.92087485980318,1
677,qwen3_8_max,62.42818770845071,2
677,gpt_5_6_sol_max,61.29887233875742,3
677,kimi_k3_max,56.86337208338544,4
677,gemini_3_1_pro_high,40.92139097236844,5
677,claude_opus_4_8_max,33.87341947370001,6
677,gpt_5_5_xhigh,28.078262644434993,7
677,deepseek_v4_pro_max,22.724380304916174,8
677,deepseek_v4_flash_max,21.37878979341658,9
678,gpt_5_6_sol_max,76.8172552366591,1
678,gpt_5_5_xhigh,74.56487901184629,2
678,qwen3_8_max,56.04370937440788,3
678,gemini_3_1_pro_high,54.85882728869042,4
678,claude_fable_5_max,53.92204584278676,5
678,deepseek_v4_flash_max,51.19103153151262,6
678,kimi_k3_max,36.99193727962515,7
678,deepseek_v4_pro_max,33.92907826112158,8
678,claude_opus_4_8_max,29.802422127262805,9
679,claude_opus_4_8_max,85.18117324354924,1
679,qwen3_8_max,75.6975960413735,2
679,gemini_3_1_pro_high,65.28038765470205,3
679,gpt_5_6_sol_max,61.81318172488914,4
679,claude_fable_5_max,51.0396118854358,5
679,kimi_k3_max,46.21595010220351,6
679,deepseek_v4_flash_max,44.62169656238416,7
679,gpt_5_5_xhigh,25.769320982335863,8
679,deepseek_v4_pro_max,24.477935273593157,9
680,gpt_5_6_sol_max,71.68872306656783,1
680,gpt_5_5_xhigh,63.74563927779057,2
680,kimi_k3_max,47.86436250375782,3
680,claude_fable_5_max,41.56902022568718,4
680,gemini_3_1_pro_high,41.350384463040626,5
680,deepseek_v4_flash_max,33.243775109817506,6
680,claude_opus_4_8_max,30.674645517670637,7
680,qwen3_8_max,20.733350979223076,8
680,deepseek_v4_pro_max,18.736152285344062,9
681,qwen3_8_max,74.91421539949548,1
681,gpt_5_5_xhigh,68.55658150108691,2
681,claude_fable_5_max,64.35617911320946,3
681,gpt_5_6_sol_max,57.08910205521016,4
681,gemini_3_1_pro_high,55.4518295778481,5
681,kimi_k3_max,36.671455116296,6
681,deepseek_v4_pro_max,30.818327524301285,7
681,claude_opus_4_8_max,29.568707902957232,8
681,deepseek_v4_flash_max,26.537254776660582,9
682,gpt_5_6_sol_max,79.58019852674084,1
682,claude_fable_5_max,62.36640557967201,2
682,kimi_k3_max,55.59170312930607,3
682,gemini_3_1_pro_high,51.877998260734195,4
682,qwen3_8_max,44.64919117895495,5
682,deepseek_v4_flash_max,42.94722620867431,6
682,deepseek_v4_pro_max,40.501628323656384,7
682,claude_opus_4_8_max,25.77014976865807,8
682,gpt_5_5_xhigh,24.719618524936813,9
683,qwen3_8_max,67.93908925678707,1
683,gpt_5_6_sol_max,63.48835452463625,2
683,gpt_5_5_xhigh,59.02628515949172,3
683,kimi_k3_max,58.126517185366225,4
683,claude_fable_5_max,56.03462667100324,5
683,gemini_3_1_pro_high,50.74460929354375,6
683,deepseek_v4_flash_max,48.65454297832163,7
683,claude_opus_4_8_max,21.36704632711055,8
683,deepseek_v4_pro_max,12.038518832431516,9
684,kimi_k3_max,81.94230888948687,1
684,gpt_5_6_sol_max,50.22775337566967,2
684,gemini_3_1_pro_high,42.25486888763843,3
684,claude_opus_4_8_max,42.21537930665761,4
684,claude_fable_5_max,38.187421373264655,5
684,deepseek_v4_pro_max,36.01796496112951,6
684,gpt_5_5_xhigh,35.28285534697002,7
684,deepseek_v4_flash_max,20.353677097350058,8
684,qwen3_8_max,19.917331697942668,9
685,gpt_5_6_sol_max,77.80444077066616,1
685,claude_opus_4_8_max,53.20020013298448,2
685,gpt_5_5_xhigh,43.032723687101836,3
685,qwen3_8_max,41.47866806233165,4
685,claude_fable_5_max,36.17492893427822,5
685,kimi_k3_max,33.3979543047482,6
685,gemini_3_1_pro_high,24.56105442883519,7
685,deepseek_v4_flash_max,21.92721366824472,8
685,deepseek_v4_pro_max,12.19655402272623,9
686,kimi_k3_max,73.0898718218323,1
686,claude_fable_5_max,68.09766656626527,2
686,qwen3_8_max,62.39881570044752,3
686,gpt_5_6_sol_max,59.563185552941086,4
686,gemini_3_1_pro_high,57.60121761851883,5
686,claude_opus_4_8_max,41.80385741513216,6
686,deepseek_v4_flash_max,38.9762185036261,7
686,gpt_5_5_xhigh,25.900960364734427,8
686,deepseek_v4_pro_max,10.423082054549317,9
687,gpt_5_6_sol_max,77.37939510930059,1
687,claude_opus_4_8_max,54.492366523333416,2
687,qwen3_8_max,36.381459441438814,3
687,kimi_k3_max,34.75297152979254,4
687,claude_fable_5_max,34.60360928939911,5
687,gemini_3_1_pro_high,31.172713114730428,6
687,gpt_5_5_xhigh,30.410040448686573,7
687,deepseek_v4_pro_max,20.066814307391073,8
687,deepseek_v4_flash_max,12.638259472158039,9
688,gpt_5_6_sol_max,80.02271955473185,1
688,gemini_3_1_pro_high,60.76115597504021,2
688,qwen3_8_max,52.39858016873883,3
688,kimi_k3_max,50.342827172590596,4
688,deepseek_v4_pro_max,49.941533221557215,5
688,claude_opus_4_8_max,40.52459595885868,6
688,claude_fable_5_max,37.72091985059081,7
688,gpt_5_5_xhigh,21.62485750406999,8
688,deepseek_v4_flash_max,11.168967112315302,9
689,gpt_5_6_sol_max,75.64777277454805,1
689,deepseek_v4_pro_max,60.00714718832256,2
689,qwen3_8_max,56.4481139402663,3
689,claude_opus_4_8_max,47.39739286901889,4
689,claude_fable_5_max,46.50003535542595,5
689,gpt_5_5_xhigh,43.01000339309562,6
689,gemini_3_1_pro_high,39.36615434031068,7
689,kimi_k3_max,33.66644701249568,8
689,deepseek_v4_flash_max,28.832414516607855,9
690,claude_fable_5_max,67.7479328839489,1
690,gemini_3_1_pro_high,64.82827815445307,2
690,kimi_k3_max,62.06387475941442,3
690,gpt_5_5_xhigh,59.57148456330984,4
690,gpt_5_6_sol_max,58.49688312769709,5
690,qwen3_8_max,40.256013351031605,6
690,deepseek_v4_pro_max,33.28798663760246,7
690,claude_opus_4_8_max,26.91473482297667,8
690,deepseek_v4_flash_max,10.05215028395163,9
691,gpt_5_6_sol_max,76.8227835109434,1
691,gpt_5_5_xhigh,51.943568891441984,2
691,qwen3_8_max,51.787915613659464,3
691,claude_fable_5_max,50.72785654718969,4
691,gemini_3_1_pro_high,38.11742786152649,5
691,kimi_k3_max,32.077719136720845,6
691,claude_opus_4_8_max,31.201014967114318,7
691,deepseek_v4_pro_max,21.53503915078526,8
691,deepseek_v4_flash_max,10.638688303413907,9
692,gpt_5_6_sol_max,80.13674346419003,1
692,gemini_3_1_pro_high,75.76780490126256,2
692,claude_fable_5_max,63.74552298679572,3
692,qwen3_8_max,60.38916201152712,4
692,claude_opus_4_8_max,58.61057332981783,5
692,kimi_k3_max,52.613306254090304,6
692,gpt_5_5_xhigh,30.01758784118003,7
692,deepseek_v4_flash_max,22.1176212991991,8
692,deepseek_v4_pro_max,18.27762931366815,9
693,kimi_k3_max,57.411430932769285,1
693,claude_fable_5_max,56.237263379884304,2
693,qwen3_8_max,52.219224574968905,3
693,gpt_5_6_sol_max,48.061469307446416,4
693,gpt_5_5_xhigh,45.283671913029316,5
693,gemini_3_1_pro_high,43.38794389143322,6
693,claude_opus_4_8_max,34.394604172250894,7
693,deepseek_v4_pro_max,32.49690977798853,8
693,deepseek_v4_flash_max,2.5368316203563754,9
694,gpt_5_6_sol_max,85.33338505226939,1
694,claude_fable_5_max,61.05141614738669,2
694,kimi_k3_max,55.29167542549356,3
694,gemini_3_1_pro_high,50.285365180843264,4
694,claude_opus_4_8_max,46.43746754244718,5
694,gpt_5_5_xhigh,31.599264346428768,6
694,deepseek_v4_pro_max,24.609367659791562,7
694,qwen3_8_max,20.787979491557817,8
694,deepseek_v4_flash_max,11.848243572240268,9
695,gpt_5_6_sol_max,57.993726982175424,1
695,gemini_3_1_pro_high,57.15184907986656,2
695,claude_fable_5_max,54.7988572154321,3
695,claude_opus_4_8_max,41.73769098647658,4
695,qwen3_8_max,41.31782334727251,5
695,gpt_5_5_xhigh,26.60959355881529,6
695,kimi_k3_max,26.058632234040296,7
695,deepseek_v4_pro_max,21.77034336301542,8
695,deepseek_v4_flash_max,8.608607512814737,9
696,qwen3_8_max,79.0486222079473,1
696,gpt_5_6_sol_max,78.93622939834887,2
696,claude_opus_4_8_max,50.407815237162815,3
696,gemini_3_1_pro_high,34.646542939002295,4
696,kimi_k3_max,26.799004028810916,5
696,deepseek_v4_pro_max,26.216800685609016,6
696,claude_fable_5_max,23.09633716029233,7
696,deepseek_v4_flash_max,20.825015030688846,8
696,gpt_5_5_xhigh,18.9861156908766,9
697,gpt_5_6_sol_max,79.81807357958988,1
697,claude_fable_5_max,76.60748751453983,2
697,gpt_5_5_xhigh,45.81371749491895,3
697,gemini_3_1_pro_high,44.786814665885615,4
697,qwen3_8_max,39.5139425493376,5
697,claude_opus_4_8_max,35.74381187553443,6
697,kimi_k3_max,28.29010738887753,7
697,deepseek_v4_pro_max,24.522071071656846,8
697,deepseek_v4_flash_max,23.438122243314766,9
698,kimi_k3_max,64.05658873089932,1
698,claude_fable_5_max,56.42675463738479,2
698,gpt_5_5_xhigh,40.263385417015414,3
698,claude_opus_4_8_max,38.49494238805105,4
698,gpt_5_6_sol_max,33.82971884785447,5
698,qwen3_8_max,26.182423849515967,6
698,deepseek_v4_pro_max,22.733800926464397,7
698,deepseek_v4_flash_max,22.57865671925723,8
698,gemini_3_1_pro_high,19.74943211979584,9
699,qwen3_8_max,79.71129375424886,1
699,gpt_5_5_xhigh,73.39263595533507,2
699,kimi_k3_max,71.12013742490097,3
699,claude_fable_5_max,54.854905780565474,4
699,deepseek_v4_flash_max,36.1169875115133,5
699,claude_opus_4_8_max,31.77186417223409,6
699,gpt_5_6_sol_max,28.982927968909756,7
699,gemini_3_1_pro_high,22.12230248755764,8
699,deepseek_v4_pro_max,12.533118611706252,9
700,claude_opus_4_8_max,70.39273584696805,1
700,deepseek_v4_pro_max,55.47376605832695,2
700,claude_fable_5_max,54.861480858938364,3
700,kimi_k3_max,51.67026086065629,4
700,gpt_5_6_sol_max,51.107673318249404,5
700,gemini_3_1_pro_high,47.93047921515067,6
700,qwen3_8_max,42.71370825169869,7
700,gpt_5_5_xhigh,33.353406408435845,8
700,deepseek_v4_flash_max,14.064009989101127,9
701,kimi_k3_max,68.74843960322622,1
701,claude_opus_4_8_max,60.79632230177701,2
701,claude_fable_5_max,49.25301033369843,3
701,gpt_5_5_xhigh,48.41407241535738,4
701,gpt_5_6_sol_max,47.508250884198176,5
701,qwen3_8_max,43.59635992976993,6
701,gemini_3_1_pro_high,41.732997261777825,7
701,deepseek_v4_flash_max,31.61157349054878,8
701,deepseek_v4_pro_max,22.397020716681087,9
702,gemini_3_1_pro_high,74.89486414108393,1
702,claude_fable_5_max,55.13796376802593,2
702,qwen3_8_max,54.875444817457804,3
702,claude_opus_4_8_max,53.212995996430934,4
702,gpt_5_5_xhigh,32.075363223674636,5
702,gpt_5_6_sol_max,22.73393201899507,6
702,deepseek_v4_flash_max,19.35634088368091,7
702,kimi_k3_max,16.592093403182172,8
702,deepseek_v4_pro_max,11.459319280756553,9
703,gpt_5_6_sol_max,68.98627052356585,1
703,qwen3_8_max,68.86592943080701,2
703,claude_opus_4_8_max,66.59925113145201,3
703,gemini_3_1_pro_high,62.44879685193442,4
703,claude_fable_5_max,61.290939804633524,5
703,kimi_k3_max,42.502222026828086,6
703,deepseek_v4_flash_max,42.45197639951451,7
703,gpt_5_5_xhigh,26.968621699332815,8
703,deepseek_v4_pro_max,24.486025043210542,9
704,claude_opus_4_8_max,75.73567411674418,1
704,claude_fable_5_max,61.91658562091224,2
704,gemini_3_1_pro_high,54.6580692734036,3
704,gpt_5_6_sol_max,52.59562352481313,4
704,deepseek_v4_pro_max,52.29022512919292,5
704,qwen3_8_max,44.702812522521654,6
704,gpt_5_5_xhigh,34.736188248749755,7
704,kimi_k3_max,29.865304353461703,8
704,deepseek_v4_flash_max,12.868522540728396,9
705,gpt_5_5_xhigh,55.38685494134374,1
705,qwen3_8_max,52.23161317787789,2
705,claude_fable_5_max,49.11156710201929,3
705,gpt_5_6_sol_max,42.612032620698955,4
705,deepseek_v4_flash_max,40.403499212791225,5
705,kimi_k3_max,33.467124059112706,6
705,claude_opus_4_8_max,28.048333712881764,7
705,gemini_3_1_pro_high,20.133879900938968,8
705,deepseek_v4_pro_max,12.33708376432819,9
706,gpt_5_6_sol_max,70.92131485943094,1
706,qwen3_8_max,58.16483431409062,2
706,claude_fable_5_max,47.688350112657,3
706,gemini_3_1_pro_high,47.1358400765299,4
706,gpt_5_5_xhigh,38.721382133001946,5
706,kimi_k3_max,38.71583062730122,6
706,deepseek_v4_pro_max,28.770116678179676,7
706,claude_opus_4_8_max,28.115699270857764,8
706,deepseek_v4_flash_max,26.259286786564093,9
707,gpt_5_6_sol_max,71.68302155636482,1
707,gpt_5_5_xhigh,51.07187696694213,2
707,qwen3_8_max,48.14823625241348,3
707,claude_opus_4_8_max,35.47746382792711,4
707,gemini_3_1_pro_high,34.87406305646822,5
707,claude_fable_5_max,34.186501389806985,6
707,kimi_k3_max,33.30669120123784,7
707,deepseek_v4_pro_max,30.89972392384572,8
707,deepseek_v4_flash_max,11.358783295775062,9
708,claude_fable_5_max,73.22415387145354,1
708,deepseek_v4_pro_max,56.97527892680962,2
708,qwen3_8_max,55.61645626414647,3
708,gpt_5_6_sol_max,53.56604656827845,4
708,gemini_3_1_pro_high,50.349105217516346,5
708,kimi_k3_max,50.29310640732314,6
708,gpt_5_5_xhigh,36.19573515261224,7
708,deepseek_v4_flash_max,24.94071983157685,8
708,claude_opus_4_8_max,23.26765408061441,9
709,claude_opus_4_8_max,67.47719727059453,1
709,claude_fable_5_max,62.426461612260034,2
709,gemini_3_1_pro_high,61.85911314029674,3
709,qwen3_8_max,59.609589720200034,4
709,gpt_5_5_xhigh,53.54728709500104,5
709,gpt_5_6_sol_max,50.96786049352066,6
709,kimi_k3_max,50.64775235710407,7
709,deepseek_v4_flash_max,47.25532451780255,8
709,deepseek_v4_pro_max,30.561451535427622,9
710,claude_fable_5_max,78.00107858850818,1
710,gpt_5_5_xhigh,69.83186578259583,2
710,qwen3_8_max,53.333855453914204,3
710,claude_opus_4_8_max,46.24688553204923,4
710,kimi_k3_max,36.971936024671905,5
710,gpt_5_6_sol_max,35.818275903295536,6
710,gemini_3_1_pro_high,31.413879353016405,7
710,deepseek_v4_pro_max,26.259271980224526,8
710,deepseek_v4_flash_max,19.306606635067027,9
711,kimi_k3_max,65.01470023355647,1
711,gemini_3_1_pro_high,63.014438924726505,2
711,gpt_5_6_sol_max,58.81336354578874,3
711,claude_fable_5_max,50.91576768155292,4
711,qwen3_8_max,49.5383063695855,5
711,claude_opus_4_8_max,45.08254814360722,6
711,gpt_5_5_xhigh,41.74798830156006,7
711,deepseek_v4_pro_max,23.651752812083476,8
711,deepseek_v4_flash_max,15.530724345158637,9
712,gpt_5_5_xhigh,68.62731889044696,1
712,qwen3_8_max,62.34886828279744,2
712,claude_opus_4_8_max,58.650785131661365,3
712,gpt_5_6_sol_max,56.69450777062505,4
712,gemini_3_1_pro_high,56.57542020496744,5
712,deepseek_v4_flash_max,47.969689685557306,6
712,claude_fable_5_max,37.30822907486339,7
712,deepseek_v4_pro_max,16.380950281443386,8
712,kimi_k3_max,14.163340778777858,9
713,claude_opus_4_8_max,79.52182589324545,1
713,gemini_3_1_pro_high,74.17615214003158,2
713,qwen3_8_max,55.60479645539533,3
713,claude_fable_5_max,53.255621133217645,4
713,deepseek_v4_pro_max,41.31882958692104,5
713,gpt_5_6_sol_max,35.78736857015318,6
713,kimi_k3_max,30.710940314489566,7
713,gpt_5_5_xhigh,28.365918574821535,8
713,deepseek_v4_flash_max,10.004464731117398,9
714,claude_fable_5_max,68.57109672048274,1
714,claude_opus_4_8_max,63.397217507426184,2
714,gpt_5_5_xhigh,47.03588601513198,3
714,deepseek_v4_flash_max,30.852344295773534,4
714,gemini_3_1_pro_high,27.024347013105015,5
714,gpt_5_6_sol_max,26.6044550309431,6
714,kimi_k3_max,25.265740950655655,7
714,qwen3_8_max,22.663948700274965,8
714,deepseek_v4_pro_max,22.424122397302064,9
715,gpt_5_5_xhigh,67.01392221621803,1
715,claude_fable_5_max,66.60415987845235,2
715,gpt_5_6_sol_max,45.18236591374792,3
715,deepseek_v4_flash_max,28.89229670072219,4
715,gemini_3_1_pro_high,27.056455202444717,5
715,deepseek_v4_pro_max,24.290591252932174,6
715,kimi_k3_max,23.815626659947625,7
715,claude_opus_4_8_max,20.3825200826508,8
715,qwen3_8_max,18.71542781985371,9
716,gpt_5_5_xhigh,72.69685302311605,1
716,claude_fable_5_max,67.0808211453338,2
716,gpt_5_6_sol_max,64.90418720900868,3
716,qwen3_8_max,48.53069215162256,4
716,kimi_k3_max,42.74436977464157,5
716,gemini_3_1_pro_high,41.514997789092924,6
716,deepseek_v4_pro_max,34.886072410530666,7
716,deepseek_v4_flash_max,29.610055863414466,8
716,claude_opus_4_8_max,20.150729252224757,9
717,claude_opus_4_8_max,77.91885156843657,1
717,gpt_5_6_sol_max,69.64724686872535,2
717,claude_fable_5_max,39.39097440548666,3
717,deepseek_v4_pro_max,31.79006078456939,4
717,kimi_k3_max,29.376458706890354,5
717,gemini_3_1_pro_high,27.98787288059376,6
717,qwen3_8_max,26.5836033877738,7
717,deepseek_v4_flash_max,16.372383489112075,8
717,gpt_5_5_xhigh,13.833962270812844,9
718,gpt_5_6_sol_max,84.86407350633634,1
718,gpt_5_5_xhigh,51.3860194765025,2
718,qwen3_8_max,45.425577183769654,3
718,gemini_3_1_pro_high,42.49390707595791,4
718,claude_opus_4_8_max,40.71311517561026,5
718,kimi_k3_max,33.867936026410874,6
718,deepseek_v4_pro_max,33.233633237580136,7
718,claude_fable_5_max,31.51653471265343,8
718,deepseek_v4_flash_max,7.630702463286389,9
719,gemini_3_1_pro_high,87.69436617157544,1
719,claude_opus_4_8_max,66.05050926249466,2
719,gpt_5_6_sol_max,58.596313573414655,3
719,kimi_k3_max,46.90807396625144,4
719,claude_fable_5_max,32.327912894919734,5
719,qwen3_8_max,30.834080870068888,6
719,deepseek_v4_pro_max,25.732020761488396,7
719,gpt_5_5_xhigh,18.269059104788795,8
719,deepseek_v4_flash_max,15.028809214772838,9
720,claude_fable_5_max,70.37302696322004,1
720,claude_opus_4_8_max,61.27417952933569,2
720,gpt_5_5_xhigh,58.14544105003368,3
720,gpt_5_6_sol_max,57.86788350256241,4
720,gemini_3_1_pro_high,55.571836600091316,5
720,qwen3_8_max,45.99857639630609,6
720,kimi_k3_max,45.08579557414714,7
720,deepseek_v4_pro_max,42.664709784038806,8
720,deepseek_v4_flash_max,8.556092096598741,9
721,claude_opus_4_8_max,75.56590338234214,1
721,gpt_5_5_xhigh,58.27370119543451,2
721,deepseek_v4_pro_max,52.08802724425701,3
721,gpt_5_6_sol_max,40.46124820315139,4
721,kimi_k3_max,40.18886134026494,5
721,qwen3_8_max,38.85204959158821,6
721,claude_fable_5_max,30.267274341729706,7
721,gemini_3_1_pro_high,14.907910628921815,8
721,deepseek_v4_flash_max,14.337427077449766,9
722,gpt_5_5_xhigh,74.9320034293725,1
722,kimi_k3_max,53.6804382879227,2
722,deepseek_v4_pro_max,53.14117102633473,3
722,claude_opus_4_8_max,49.98188774666201,4
722,qwen3_8_max,43.45124539239405,5
722,gemini_3_1_pro_high,43.13391156493174,6
722,gpt_5_6_sol_max,32.073734581011536,7
722,claude_fable_5_max,30.750087554965965,8
722,deepseek_v4_flash_max,17.875696102688902,9
723,claude_opus_4_8_max,71.15649907848031,1
723,kimi_k3_max,57.22433642023648,2
723,claude_fable_5_max,47.258228962468436,3
723,qwen3_8_max,43.71865084891197,4
723,gpt_5_6_sol_max,41.93743670969132,5
723,gemini_3_1_pro_high,41.141994364441096,6
723,deepseek_v4_pro_max,36.424148007443094,7
723,gpt_5_5_xhigh,31.87809632207537,8
723,deepseek_v4_flash_max,28.902797991891916,9
724,kimi_k3_max,80.61815297555782,1
724,gemini_3_1_pro_high,59.795919979827886,2
724,claude_opus_4_8_max,54.832886743386496,3
724,qwen3_8_max,48.59256045278828,4
724,claude_fable_5_max,37.803312126048105,5
724,gpt_5_6_sol_max,32.00520698157035,6
724,deepseek_v4_pro_max,26.47175286885293,7
724,deepseek_v4_flash_max,24.94190983771564,8
724,gpt_5_5_xhigh,24.056137266547484,9
725,gemini_3_1_pro_high,73.49416248566519,1
725,qwen3_8_max,67.35873958044851,2
725,kimi_k3_max,51.51031610979605,3
725,claude_fable_5_max,43.26675737362452,4
725,gpt_5_5_xhigh,34.10754451179773,5
725,deepseek_v4_pro_max,32.52310313991753,6
725,claude_opus_4_8_max,32.30622946538243,7
725,gpt_5_6_sol_max,30.087858663412362,8
725,deepseek_v4_flash_max,0.5278273871262322,9
726,gemini_3_1_pro_high,60.01066666333895,1
726,claude_fable_5_max,54.93257348122738,2
726,kimi_k3_max,54.642985317159976,3
726,claude_opus_4_8_max,52.26937704365423,4
726,deepseek_v4_flash_max,47.41142772093564,5
726,qwen3_8_max,36.39072970409092,6
726,gpt_5_6_sol_max,31.229743792669858,7
726,deepseek_v4_pro_max,28.599920960770113,8
726,gpt_5_5_xhigh,17.072457043569703,9
727,gpt_5_5_xhigh,72.10990846878715,1
727,gemini_3_1_pro_high,57.93957719541808,2
727,claude_fable_5_max,52.21215071802712,3
727,gpt_5_6_sol_max,52.0692884538599,4
727,deepseek_v4_pro_max,50.518461159097,5
727,claude_opus_4_8_max,45.40974222003885,6
727,kimi_k3_max,42.63917401473073,7
727,qwen3_8_max,39.878813594387104,8
727,deepseek_v4_flash_max,25.26657797615391,9
728,kimi_k3_max,70.33421526308676,1
728,gpt_5_6_sol_max,59.13019492473421,2
728,gemini_3_1_pro_high,45.14860827759662,3
728,claude_opus_4_8_max,29.952962167771297,4
728,qwen3_8_max,27.86350414592856,5
728,claude_fable_5_max,26.02938010641833,6
728,deepseek_v4_pro_max,20.40034804589685,7
728,gpt_5_5_xhigh,15.727257861171005,8
728,deepseek_v4_flash_max,15.232508394411356,9
729,claude_fable_5_max,71.27835392866402,1
729,kimi_k3_max,58.65264513491325,2
729,claude_opus_4_8_max,53.764803140838765,3
729,gemini_3_1_pro_high,39.31768653915991,4
729,qwen3_8_max,37.32004798713563,5
729,gpt_5_6_sol_max,37.316775306184724,6
729,deepseek_v4_flash_max,34.693133477049784,7
729,gpt_5_5_xhigh,22.716810098546798,8
729,deepseek_v4_pro_max,19.847469175521685,9
730,gpt_5_5_xhigh,71.01676236198828,1
730,claude_opus_4_8_max,68.4874031165034,2
730,claude_fable_5_max,49.550437797073364,3
730,gpt_5_6_sol_max,48.38668563060236,4
730,gemini_3_1_pro_high,46.3841750707804,5
730,qwen3_8_max,40.83357793606981,6
730,deepseek_v4_pro_max,27.51030339271294,7
730,kimi_k3_max,20.507598552321348,8
730,deepseek_v4_flash_max,5.147098094682029,9
731,gpt_5_5_xhigh,69.97523744718717,1
731,qwen3_8_max,52.53730060810827,2
731,claude_opus_4_8_max,48.28081445191746,3
731,claude_fable_5_max,40.83214102931818,4
731,deepseek_v4_pro_max,32.07048180531956,5
731,gpt_5_6_sol_max,32.028454365129306,6
731,kimi_k3_max,29.393893769228445,7
731,gemini_3_1_pro_high,26.00544289809213,8
731,deepseek_v4_flash_max,13.353192947142949,9
732,claude_fable_5_max,89.3177556866575,1
732,gpt_5_5_xhigh,51.50468713248256,2
732,gpt_5_6_sol_max,50.45062910457765,3
732,kimi_k3_max,45.67770071163664,4
732,deepseek_v4_flash_max,43.57216931227916,5
732,gemini_3_1_pro_high,36.049412279689705,6
732,claude_opus_4_8_max,30.12120680944681,7
732,qwen3_8_max,29.039909992515824,8
732,deepseek_v4_pro_max,6.908723223730219,9
733,gpt_5_5_xhigh,64.56763451328267,1
733,claude_opus_4_8_max,61.888529719369586,2
733,kimi_k3_max,61.703278414275445,3
733,deepseek_v4_pro_max,51.505318300164774,4
733,qwen3_8_max,48.08196054358973,5
733,claude_fable_5_max,46.56167166663529,6
733,gemini_3_1_pro_high,30.181008927346404,7
733,deepseek_v4_flash_max,22.69297348312501,8
733,gpt_5_6_sol_max,17.713531704148743,9
734,gpt_5_6_sol_max,72.56407696144456,1
734,gemini_3_1_pro_high,69.93887191624677,2
734,kimi_k3_max,63.685291662592746,3
734,qwen3_8_max,52.01990715388044,4
734,claude_fable_5_max,40.57229726788894,5
734,gpt_5_5_xhigh,38.77113362449484,6
734,claude_opus_4_8_max,29.830516670607963,7
734,deepseek_v4_flash_max,26.77003880180738,8
734,deepseek_v4_pro_max,25.619533078446395,9
735,gpt_5_6_sol_max,72.02072389235686,1
735,gemini_3_1_pro_high,62.52753798622619,2
735,deepseek_v4_pro_max,37.99648952785957,3
735,qwen3_8_max,36.93463910672019,4
735,kimi_k3_max,29.252670516064626,5
735,claude_fable_5_max,29.137097678660787,6
735,gpt_5_5_xhigh,27.04678722300159,7
735,deepseek_v4_flash_max,20.915708253415083,8
735,claude_opus_4_8_max,18.930908545414265,9
736,qwen3_8_max,75.16034483182128,1
736,gemini_3_1_pro_high,66.04752775196097,2
736,kimi_k3_max,60.760767038464664,3
736,gpt_5_5_xhigh,51.48839158670974,4
736,deepseek_v4_pro_max,43.0435224030458,5
736,claude_opus_4_8_max,35.317233043516026,6
736,claude_fable_5_max,32.38902245411833,7
736,gpt_5_6_sol_max,28.85243788664144,8
736,deepseek_v4_flash_max,28.211085744688063,9
737,qwen3_8_max,69.86458070391839,1
737,gpt_5_6_sol_max,62.04754554156345,2
737,kimi_k3_max,51.903643039832716,3
737,claude_opus_4_8_max,50.82824877304883,4
737,claude_fable_5_max,45.46880373735419,5
737,gemini_3_1_pro_high,41.90808198790302,6
737,deepseek_v4_flash_max,38.63878812593723,7
737,gpt_5_5_xhigh,34.93361343011783,8
737,deepseek_v4_pro_max,13.224680508935451,9
738,gemini_3_1_pro_high,74.5499831367297,1
738,kimi_k3_max,69.96339956507168,2
738,claude_fable_5_max,55.40121084461319,3
738,gpt_5_6_sol_max,48.659963141741564,4
738,claude_opus_4_8_max,44.517490411451526,5
738,deepseek_v4_pro_max,35.63624240232176,6
738,qwen3_8_max,27.83375817002217,7
738,gpt_5_5_xhigh,23.754829817749787,8
738,deepseek_v4_flash_max,14.658180560516392,9
739,gpt_5_6_sol_max,76.87335379680547,1
739,claude_opus_4_8_max,63.91206906269827,2
739,gemini_3_1_pro_high,59.79617557515708,3
739,claude_fable_5_max,58.74392240050727,4
739,qwen3_8_max,54.78360786475115,5
739,deepseek_v4_pro_max,49.24150616235123,6
739,gpt_5_5_xhigh,45.68715206014183,7
739,kimi_k3_max,38.902126389812,8
739,deepseek_v4_flash_max,16.710492104232934,9
740,claude_opus_4_8_max,81.12505032433899,1
740,kimi_k3_max,59.29742714094615,2
740,gemini_3_1_pro_high,58.19684552289064,3
740,qwen3_8_max,52.32223326635477,4
740,claude_fable_5_max,39.80580283288394,5
740,gpt_5_5_xhigh,34.210640475123995,6
740,gpt_5_6_sol_max,30.67921844670294,7
740,deepseek_v4_pro_max,26.00092328877229,8
740,deepseek_v4_flash_max,10.037721679960466,9
741,qwen3_8_max,72.75774292992446,1
741,claude_opus_4_8_max,50.13817117856965,2
741,gpt_5_5_xhigh,48.6899423901365,3
741,claude_fable_5_max,47.61278477226051,4
741,kimi_k3_max,46.95724100497989,5
741,gpt_5_6_sol_max,39.40002408895103,6
741,deepseek_v4_flash_max,30.763048796182456,7
741,deepseek_v4_pro_max,24.520307683587355,8
741,gemini_3_1_pro_high,18.32418967639995,9
742,gpt_5_6_sol_max,72.00346618582972,1
742,claude_opus_4_8_max,58.36956489590046,2
742,claude_fable_5_max,51.24254777136191,3
742,kimi_k3_max,47.40105734130287,4
742,qwen3_8_max,47.20527889937556,5
742,deepseek_v4_flash_max,42.96485577102213,6
742,gpt_5_5_xhigh,36.40767514323161,7
742,gemini_3_1_pro_high,25.558367580253055,8
742,deepseek_v4_pro_max,13.082383156622244,9
743,claude_fable_5_max,73.4196642245639,1
743,gpt_5_5_xhigh,64.62238421097908,2
743,qwen3_8_max,60.05739883646279,3
743,gpt_5_6_sol_max,51.281207812617325,4
743,claude_opus_4_8_max,48.89799321280873,5
743,deepseek_v4_flash_max,35.78326584489456,6
743,deepseek_v4_pro_max,27.80148301221456,7
743,gemini_3_1_pro_high,21.355996659962383,8
743,kimi_k3_max,20.435891033780138,9
744,claude_fable_5_max,80.73954077949641,1
744,qwen3_8_max,69.51423752073447,2
744,gemini_3_1_pro_high,63.395306937996146,3
744,kimi_k3_max,63.39448989915458,4
744,claude_opus_4_8_max,61.64634572508836,5
744,gpt_5_6_sol_max,60.87027533195147,6
744,deepseek_v4_flash_max,38.398584047973856,7
744,deepseek_v4_pro_max,32.62401629298262,8
744,gpt_5_5_xhigh,29.629853343596604,9
745,qwen3_8_max,63.646350658872805,1
745,gpt_5_5_xhigh,63.06062050272246,2
745,claude_opus_4_8_max,55.23835754201558,3
745,gemini_3_1_pro_high,53.81282570473286,4
745,claude_fable_5_max,48.272397578571926,5
745,gpt_5_6_sol_max,38.52796036959173,6
745,kimi_k3_max,35.04567219871901,7
745,deepseek_v4_flash_max,25.01569787821294,8
745,deepseek_v4_pro_max,20.404337933437034,9
746,gpt_5_6_sol_max,68.53228641561421,1
746,deepseek_v4_pro_max,62.73634609709575,2
746,gemini_3_1_pro_high,46.99078290152039,3
746,claude_fable_5_max,42.05409415089941,4
746,claude_opus_4_8_max,29.117174120613942,5
746,deepseek_v4_flash_max,29.103984529995927,6
746,qwen3_8_max,24.632362878344814,7
746,kimi_k3_max,18.973693311903617,8
746,gpt_5_5_xhigh,16.62543968675101,9
747,qwen3_8_max,67.4393805749092,1
747,kimi_k3_max,63.453794897368795,2
747,gemini_3_1_pro_high,58.02587944132008,3
747,deepseek_v4_pro_max,53.01916149239508,4
747,claude_opus_4_8_max,48.13929400410852,5
747,gpt_5_5_xhigh,31.45003900250915,6
747,claude_fable_5_max,26.148866996654018,7
747,gpt_5_6_sol_max,22.038179076500263,8
747,deepseek_v4_flash_max,18.95939792955172,9
748,gpt_5_6_sol_max,65.5180175522231,1
748,claude_fable_5_max,62.43884695093305,2
748,qwen3_8_max,58.447138599423,3
748,gpt_5_5_xhigh,36.645818071611544,4
748,claude_opus_4_8_max,31.55486197263719,5
748,gemini_3_1_pro_high,31.21982666027286,6
748,kimi_k3_max,27.8371178794115,7
748,deepseek_v4_flash_max,17.53197452787309,8
748,deepseek_v4_pro_max,13.32585921568371,9
749,claude_fable_5_max,85.0234465637727,1
749,gpt_5_6_sol_max,73.34296917826865,2
749,qwen3_8_max,55.45516824875217,3
749,gemini_3_1_pro_high,40.93071647676828,4
749,claude_opus_4_8_max,40.07362000205854,5
749,deepseek_v4_flash_max,36.5151274892597,6
749,gpt_5_5_xhigh,27.49241859894684,7
749,kimi_k3_max,21.10920487511434,8
749,deepseek_v4_pro_max,20.52652087557558,9
750,gemini_3_1_pro_high,80.57044575590172,1
750,claude_fable_5_max,69.97661759060733,2
750,gpt_5_6_sol_max,63.254604949637695,3
750,qwen3_8_max,50.974203021123856,4
750,kimi_k3_max,37.769676445710395,5
750,gpt_5_5_xhigh,32.464725196411564,6
750,deepseek_v4_flash_max,27.15822019791883,7
750,claude_opus_4_8_max,24.28603193903568,8
750,deepseek_v4_pro_max,10.404525032049861,9
751,qwen3_8_max,74.54531815282505,1
751,claude_fable_5_max,61.173883581430715,2
751,gpt_5_6_sol_max,59.22588360768067,3
751,kimi_k3_max,55.282285893763145,4
751,gpt_5_5_xhigh,54.49903654368751,5
751,claude_opus_4_8_max,38.15180161419748,6
751,deepseek_v4_flash_max,27.261023097255286,7
751,deepseek_v4_pro_max,25.444001880046187,8
751,gemini_3_1_pro_high,18.800904489420684,9
752,claude_opus_4_8_max,79.16693722721035,1
752,gpt_5_6_sol_max,59.425403807850145,2
752,gemini_3_1_pro_high,40.97488012797514,3
752,gpt_5_5_xhigh,37.43065020299883,4
752,kimi_k3_max,31.197777699659405,5
752,claude_fable_5_max,25.350210658629447,6
752,deepseek_v4_pro_max,24.87673179378747,7
752,deepseek_v4_flash_max,21.56996506560735,8
752,qwen3_8_max,18.961779023903567,9
753,kimi_k3_max,82.00236821919088,1
753,gpt_5_6_sol_max,68.63497277660358,2
753,claude_fable_5_max,50.864114809503384,3
753,gpt_5_5_xhigh,44.82634789445464,4
753,gemini_3_1_pro_high,43.58667974268619,5
753,qwen3_8_max,41.40651577601248,6
753,deepseek_v4_pro_max,38.38114017692665,7
753,claude_opus_4_8_max,31.043021617445696,8
753,deepseek_v4_flash_max,21.746688943946047,9
754,gpt_5_6_sol_max,75.60892112800153,1
754,kimi_k3_max,54.705882101982155,2
754,gpt_5_5_xhigh,47.61948664679586,3
754,deepseek_v4_pro_max,39.022240028845985,4
754,claude_fable_5_max,36.871893591932434,5
754,gemini_3_1_pro_high,31.139212088995237,6
754,qwen3_8_max,25.15629725436165,7
754,claude_opus_4_8_max,17.627806371143087,8
754,deepseek_v4_flash_max,6.4723762619515215,9
755,gemini_3_1_pro_high,79.62182534749417,1
755,qwen3_8_max,68.01197632358644,2
755,gpt_5_6_sol_max,60.80362428470664,3
755,claude_fable_5_max,58.41621647782733,4
755,gpt_5_5_xhigh,49.227112758811614,5
755,claude_opus_4_8_max,45.33319199296115,6
755,kimi_k3_max,28.01328572762332,7
755,deepseek_v4_flash_max,24.24547317745374,8
755,deepseek_v4_pro_max,3.834069429268267,9
756,gpt_5_6_sol_max,82.9478363897594,1
756,claude_fable_5_max,62.517086565010686,2
756,kimi_k3_max,54.19927227882408,3
756,qwen3_8_max,45.79436602041689,4
756,deepseek_v4_pro_max,30.20509930811264,5
756,gpt_5_5_xhigh,27.03931527114075,6
756,deepseek_v4_flash_max,24.7649752631108,7
756,claude_opus_4_8_max,24.63913780755798,8
756,gemini_3_1_pro_high,22.348384854343752,9
757,gpt_5_6_sol_max,83.19532736393943,1
757,claude_opus_4_8_max,76.82365153086293,2
757,gemini_3_1_pro_high,57.24182142993381,3
757,kimi_k3_max,54.600791228756464,4
757,qwen3_8_max,39.293074702405626,5
757,gpt_5_5_xhigh,31.30554722576192,6
757,deepseek_v4_flash_max,26.084759945911244,7
757,claude_fable_5_max,25.197264301994814,8
757,deepseek_v4_pro_max,13.805755663268055,9
758,gpt_5_5_xhigh,82.95794798466979,1
758,claude_opus_4_8_max,63.16275251081993,2
758,gemini_3_1_pro_high,41.23040527773793,3
758,qwen3_8_max,37.3380659504025,4
758,gpt_5_6_sol_max,31.09963194959325,5
758,claude_fable_5_max,30.319017400651916,6
758,deepseek_v4_pro_max,23.5098412319605,7
758,kimi_k3_max,21.987018761471273,8
758,deepseek_v4_flash_max,8.711249599178949,9
759,gpt_5_6_sol_max,69.08591698143005,1
759,kimi_k3_max,63.617120003222844,2
759,claude_fable_5_max,61.09168192974202,3
759,qwen3_8_max,49.75308295771571,4
759,claude_opus_4_8_max,49.60031282506283,5
759,gemini_3_1_pro_high,33.7618285571076,6
759,deepseek_v4_pro_max,29.822854228770613,7
759,gpt_5_5_xhigh,22.92037386615258,8
759,deepseek_v4_flash_max,21.689127971323863,9
760,claude_fable_5_max,70.57708842590381,1
760,gemini_3_1_pro_high,64.94839953381052,2
760,kimi_k3_max,64.01732090005865,3
760,qwen3_8_max,56.898401117772565,4
760,gpt_5_6_sol_max,45.12710414402605,5
760,claude_opus_4_8_max,38.15113061702295,6
760,deepseek_v4_flash_max,31.223764698858126,7
760,gpt_5_5_xhigh,23.684739919484095,8
760,deepseek_v4_pro_max,20.799709102985485,9
761,claude_fable_5_max,73.65880385853794,1
761,gpt_5_6_sol_max,68.84215126359055,2
761,kimi_k3_max,47.40495968540666,3
761,gemini_3_1_pro_high,42.43427226102064,4
761,qwen3_8_max,41.53882233202316,5
761,deepseek_v4_pro_max,35.95885885578969,6
761,claude_opus_4_8_max,33.41908729255901,7
761,deepseek_v4_flash_max,29.49582113801324,8
761,gpt_5_5_xhigh,23.44764735788528,9
762,gpt_5_5_xhigh,65.55438952289666,1
762,gemini_3_1_pro_high,64.34386555335723,2
762,claude_opus_4_8_max,59.17356549671965,3
762,gpt_5_6_sol_max,45.52760048155645,4
762,claude_fable_5_max,44.60518434884668,5
762,kimi_k3_max,33.790597486643094,6
762,qwen3_8_max,32.544988196167346,7
762,deepseek_v4_flash_max,19.848071579874045,8
762,deepseek_v4_pro_max,15.685013802920183,9
763,gpt_5_6_sol_max,76.23787249739762,1
763,kimi_k3_max,68.52902553206242,2
763,qwen3_8_max,64.07417087701747,3
763,claude_opus_4_8_max,63.15584678483032,4
763,deepseek_v4_flash_max,31.286620212304022,5
763,claude_fable_5_max,26.710794824336396,6
763,gpt_5_5_xhigh,18.726238203594058,7
763,deepseek_v4_pro_max,18.673525653769374,8
763,gemini_3_1_pro_high,16.059547851453136,9
764,gpt_5_6_sol_max,72.84876635700323,1
764,qwen3_8_max,68.46362422484282,2
764,gpt_5_5_xhigh,62.908706620701885,3
764,claude_opus_4_8_max,59.222823848633624,4
764,kimi_k3_max,57.81486140971414,5
764,claude_fable_5_max,49.92033782403756,6
764,deepseek_v4_pro_max,34.889515692031594,7
764,gemini_3_1_pro_high,15.454807172007147,8
764,deepseek_v4_flash_max,11.561429352370073,9
765,gemini_3_1_pro_high,82.77821431467208,1
765,gpt_5_6_sol_max,72.9499369937013,2
765,claude_fable_5_max,72.61002702900694,3
765,claude_opus_4_8_max,68.22580869458972,4
765,kimi_k3_max,58.44746310003832,5
765,qwen3_8_max,41.70365340262427,6
765,deepseek_v4_pro_max,34.17410378968016,7
765,deepseek_v4_flash_max,31.26755663639978,8
765,gpt_5_5_xhigh,28.84634747509586,9
766,claude_opus_4_8_max,65.57417910825171,1
766,gemini_3_1_pro_high,55.89540571905161,2
766,claude_fable_5_max,41.19432075743986,3
766,gpt_5_6_sol_max,41.17076282571996,4
766,gpt_5_5_xhigh,38.050105784533955,5
766,kimi_k3_max,32.058556691213354,6
766,deepseek_v4_pro_max,22.365752406478354,7
766,deepseek_v4_flash_max,19.131383287747063,8
766,qwen3_8_max,18.36714635029441,9
767,kimi_k3_max,70.29991405711739,1
767,gpt_5_5_xhigh,70.07406225960192,2
767,claude_fable_5_max,50.94213873767441,3
767,claude_opus_4_8_max,47.3489611893516,4
767,gpt_5_6_sol_max,44.28402373569407,5
767,gemini_3_1_pro_high,32.61080373358543,6
767,qwen3_8_max,31.308928246404736,7
767,deepseek_v4_pro_max,22.089908710266187,8
767,deepseek_v4_flash_max,18.65309699509863,9
768,gpt_5_6_sol_max,78.27743973291,1
768,gemini_3_1_pro_high,73.45960454345352,2
768,claude_fable_5_max,72.75564867964648,3
768,kimi_k3_max,68.34507927171454,4
768,qwen3_8_max,42.31312007054933,5
768,gpt_5_5_xhigh,39.56169312163292,6
768,deepseek_v4_pro_max,30.873923236128434,7
768,claude_opus_4_8_max,24.823158037760585,8
768,deepseek_v4_flash_max,7.049781380551223,9
769,claude_opus_4_8_max,75.33211647379898,1
769,qwen3_8_max,49.59743605677945,2
769,kimi_k3_max,47.666485026762665,3
769,gpt_5_5_xhigh,46.512264807288005,4
769,deepseek_v4_flash_max,45.17994140295651,5
769,gemini_3_1_pro_high,42.78815721521001,6
769,claude_fable_5_max,38.564576869219934,7
769,gpt_5_6_sol_max,24.33462953733251,8
769,deepseek_v4_pro_max,11.38702704813677,9
770,gpt_5_6_sol_max,73.08847958465708,1
770,claude_opus_4_8_max,65.09142846307549,2
770,deepseek_v4_pro_max,47.084078724684446,3
770,qwen3_8_max,42.118439765994644,4
770,kimi_k3_max,39.718266363720055,5
770,claude_fable_5_max,34.68294519244434,6
770,gpt_5_5_xhigh,26.005752189383628,7
770,gemini_3_1_pro_high,20.860893078334026,8
770,deepseek_v4_flash_max,9.667328195306135,9
771,gemini_3_1_pro_high,68.72753574289479,1
771,gpt_5_5_xhigh,63.44536094617298,2
771,claude_fable_5_max,58.76721643695703,3
771,kimi_k3_max,57.8945997218978,4
771,claude_opus_4_8_max,49.27479215277975,5
771,deepseek_v4_pro_max,33.2382185056306,6
771,qwen3_8_max,32.960628236599746,7
771,gpt_5_6_sol_max,32.26767965702856,8
771,deepseek_v4_flash_max,20.624911881875526,9
772,gpt_5_6_sol_max,59.31271352517618,1
772,claude_fable_5_max,49.0436735455873,2
772,claude_opus_4_8_max,47.80685184751611,3
772,deepseek_v4_flash_max,47.03580900103245,4
772,gemini_3_1_pro_high,43.843162414626704,5
772,qwen3_8_max,42.86597422775887,6
772,deepseek_v4_pro_max,31.65098262805529,7
772,kimi_k3_max,26.823969715679652,8
772,gpt_5_5_xhigh,25.05914775241819,9
773,kimi_k3_max,68.43453892923723,1
773,claude_fable_5_max,62.6889854619681,2
773,gpt_5_6_sol_max,60.40445239841334,3
773,gemini_3_1_pro_high,53.486013284109944,4
773,qwen3_8_max,38.36448005032719,5
773,gpt_5_5_xhigh,34.4651809555744,6
773,deepseek_v4_pro_max,30.415895457402055,7
773,deepseek_v4_flash_max,29.859839360739503,8
773,claude_opus_4_8_max,25.282598953688673,9
774,gpt_5_6_sol_max,69.69811959653066,1
774,qwen3_8_max,62.76743676543754,2
774,gemini_3_1_pro_high,60.404507384510026,3
774,claude_opus_4_8_max,50.31376567896204,4
774,deepseek_v4_flash_max,47.68371206959932,5
774,deepseek_v4_pro_max,35.73509609420303,6
774,kimi_k3_max,34.97998382738247,7
774,gpt_5_5_xhigh,34.349701649499984,8
774,claude_fable_5_max,26.673756719109548,9
775,gpt_5_6_sol_max,59.249092658925626,1
775,qwen3_8_max,59.19444174832587,2
775,kimi_k3_max,58.040462827109906,3
775,claude_fable_5_max,52.48620342528264,4
775,deepseek_v4_pro_max,40.90884974254,5
775,gpt_5_5_xhigh,38.544358105484264,6
775,gemini_3_1_pro_high,37.43463883573643,7
775,claude_opus_4_8_max,22.775440519801784,8
775,deepseek_v4_flash_max,16.48474783798449,9
776,gpt_5_5_xhigh,65.25478519744765,1
776,gpt_5_6_sol_max,61.76831125231908,2
776,claude_fable_5_max,49.54602052769341,3
776,claude_opus_4_8_max,43.23340342541054,4
776,kimi_k3_max,40.91887248919461,5
776,qwen3_8_max,35.02662700310977,6
776,gemini_3_1_pro_high,32.08044155788012,7
776,deepseek_v4_pro_max,28.317525747882854,8
776,deepseek_v4_flash_max,17.62793784768785,9
777,gpt_5_5_xhigh,62.98542976818778,1
777,gemini_3_1_pro_high,59.25145193425887,2
777,kimi_k3_max,54.77394527024855,3
777,gpt_5_6_sol_max,51.6627132050628,4
777,qwen3_8_max,44.1631882221617,5
777,deepseek_v4_pro_max,36.54067228610767,6
777,claude_fable_5_max,33.8146866189577,7
777,claude_opus_4_8_max,28.598808992396215,8
777,deepseek_v4_flash_max,18.687349966719868,9
778,kimi_k3_max,79.1147637536757,1
778,gemini_3_1_pro_high,64.23221690085612,2
778,gpt_5_5_xhigh,60.86998573764453,3
778,claude_opus_4_8_max,52.61132385758082,4
778,claude_fable_5_max,48.33560300289702,5
778,gpt_5_6_sol_max,43.11452134582269,6
778,deepseek_v4_flash_max,35.95887031782693,7
778,qwen3_8_max,27.62347594662738,8
778,deepseek_v4_pro_max,19.46603944641644,9
779,gpt_5_6_sol_max,80.74381235060542,1
779,gpt_5_5_xhigh,77.1005819255912,2
779,kimi_k3_max,47.16005425519935,3
779,qwen3_8_max,34.56063620937873,4
779,claude_opus_4_8_max,30.273523789467276,5
779,deepseek_v4_pro_max,29.9736935633722,6
779,claude_fable_5_max,29.919347951131236,7
779,deepseek_v4_flash_max,16.44468422269984,8
779,gemini_3_1_pro_high,15.329584422144727,9
780,claude_opus_4_8_max,65.72468857381361,1
780,gpt_5_6_sol_max,54.40025171686904,2
780,claude_fable_5_max,52.75482817354542,3
780,qwen3_8_max,43.19739807304962,4
780,kimi_k3_max,37.39377203372767,5
780,gemini_3_1_pro_high,28.549634766704877,6
780,deepseek_v4_pro_max,28.12631168685887,7
780,deepseek_v4_flash_max,26.415325398065534,8
780,gpt_5_5_xhigh,19.66863780255089,9
781,claude_fable_5_max,77.6216992144619,1
781,gemini_3_1_pro_high,65.70758884499686,2
781,kimi_k3_max,58.01509145624784,3
781,gpt_5_6_sol_max,56.23483216117212,4
781,gpt_5_5_xhigh,53.63382138583068,5
781,qwen3_8_max,41.97892614289752,6
781,deepseek_v4_flash_max,40.221981204968884,7
781,claude_opus_4_8_max,36.676334438632516,8
781,deepseek_v4_pro_max,0.0,9
782,claude_fable_5_max,79.25541003551481,1
782,gemini_3_1_pro_high,65.49269540595999,2
782,gpt_5_5_xhigh,62.936521674853125,3
782,kimi_k3_max,59.53969621921059,4
782,qwen3_8_max,40.000311508824225,5
782,deepseek_v4_flash_max,32.01367374885699,6
782,claude_opus_4_8_max,29.455782384328543,7
782,gpt_5_6_sol_max,24.03690405112124,8
782,deepseek_v4_pro_max,22.402488471311052,9
783,kimi_k3_max,74.02548973760626,1
783,claude_fable_5_max,66.17469891025314,2
783,claude_opus_4_8_max,45.41728099912681,3
783,qwen3_8_max,38.69055026610851,4
783,gemini_3_1_pro_high,37.499405854575826,5
783,gpt_5_6_sol_max,29.009447561821887,6
783,deepseek_v4_pro_max,25.648930210348443,7
783,gpt_5_5_xhigh,22.746764060896925,8
783,deepseek_v4_flash_max,9.204523408155588,9
784,gpt_5_6_sol_max,70.13214967718719,1
784,claude_fable_5_max,67.67420322801888,2
784,qwen3_8_max,50.423324801791445,3
784,claude_opus_4_8_max,40.109532460838025,4
784,gemini_3_1_pro_high,39.54246606868948,5
784,kimi_k3_max,35.84063146357316,6
784,deepseek_v4_pro_max,31.659349395742133,7
784,deepseek_v4_flash_max,27.55475827013701,8
784,gpt_5_5_xhigh,20.008190543450347,9
785,gpt_5_6_sol_max,74.62974755619942,1
785,qwen3_8_max,63.102351551025265,2
785,gpt_5_5_xhigh,63.08402514149634,3
785,claude_fable_5_max,59.08826403522423,4
785,gemini_3_1_pro_high,58.12038961377257,5
785,deepseek_v4_pro_max,36.956574922277895,6
785,claude_opus_4_8_max,36.47630663047298,7
785,kimi_k3_max,30.773696510795105,8
785,deepseek_v4_flash_max,6.621146521790328,9
786,gpt_5_6_sol_max,84.8170307546153,1
786,claude_opus_4_8_max,53.13178261785623,2
786,qwen3_8_max,49.578116648481014,3
786,gpt_5_5_xhigh,48.66099675379016,4
786,gemini_3_1_pro_high,36.83482938375587,5
786,kimi_k3_max,34.32616564565482,6
786,claude_fable_5_max,28.307901925178708,7
786,deepseek_v4_flash_max,26.351538825685367,8
786,deepseek_v4_pro_max,10.730425187353037,9
787,claude_opus_4_8_max,76.99696316936067,1
787,qwen3_8_max,72.00732318649244,2
787,gemini_3_1_pro_high,58.40558770203404,3
787,kimi_k3_max,57.14572681355485,4
787,gpt_5_5_xhigh,48.60880088905646,5
787,claude_fable_5_max,38.56846690145123,6
787,gpt_5_6_sol_max,31.327578895158744,7
787,deepseek_v4_pro_max,26.598370125506012,8
787,deepseek_v4_flash_max,19.524783498595973,9
788,gpt_5_6_sol_max,64.33735926186245,1
788,gemini_3_1_pro_high,59.157722810412736,2
788,kimi_k3_max,53.76220092215971,3
788,qwen3_8_max,47.77092505114744,4
788,deepseek_v4_flash_max,38.09044808948323,5
788,deepseek_v4_pro_max,31.86346184482825,6
788,claude_fable_5_max,31.384002864261227,7
788,claude_opus_4_8_max,30.2239844411991,8
788,gpt_5_5_xhigh,18.179604180894334,9
789,kimi_k3_max,81.21992156516113,1
789,qwen3_8_max,65.28989431130529,2
789,claude_fable_5_max,63.57863376830727,3
789,gpt_5_6_sol_max,61.100412917287485,4
789,gemini_3_1_pro_high,46.69727933625182,5
789,gpt_5_5_xhigh,43.66918609271234,6
789,deepseek_v4_flash_max,39.987753647733015,7
789,claude_opus_4_8_max,34.24283402187942,8
789,deepseek_v4_pro_max,28.234716221012313,9
790,kimi_k3_max,84.78380274764191,1
790,claude_opus_4_8_max,84.64551711798302,2
790,gpt_5_5_xhigh,73.04582913348054,3
790,qwen3_8_max,59.392308425442465,4
790,gemini_3_1_pro_high,57.64760151764806,5
790,deepseek_v4_flash_max,43.44175129637057,6
790,gpt_5_6_sol_max,39.84753515160146,7
790,claude_fable_5_max,31.606084738148205,8
790,deepseek_v4_pro_max,17.802773949634812,9
791,gpt_5_5_xhigh,80.07876712587952,1
791,claude_opus_4_8_max,62.64685092495638,2
791,qwen3_8_max,50.89124733172027,3
791,gpt_5_6_sol_max,49.54066923825082,4
791,kimi_k3_max,48.72175160946022,5
791,gemini_3_1_pro_high,41.12794511620943,6
791,deepseek_v4_flash_max,33.22534636438715,7
791,claude_fable_5_max,27.406084011599035,8
791,deepseek_v4_pro_max,27.284683398879523,9
792,qwen3_8_max,68.03303927091574,1
792,claude_fable_5_max,65.2363124135747,2
792,kimi_k3_max,63.913813879478056,3
792,gemini_3_1_pro_high,51.42324192398186,4
792,gpt_5_5_xhigh,43.31363694099539,5
792,claude_opus_4_8_max,38.45187695201812,6
792,deepseek_v4_flash_max,32.889639623247774,7
792,gpt_5_6_sol_max,29.59008202354024,8
792,deepseek_v4_pro_max,12.38281846634667,9
793,gpt_5_6_sol_max,79.89400940769912,1
793,claude_fable_5_max,67.81541694594829,2
793,kimi_k3_max,66.36230624617505,3
793,qwen3_8_max,63.80155765885813,4
793,gpt_5_5_xhigh,46.698630510305,5
793,claude_opus_4_8_max,38.199652866019164,6
793,deepseek_v4_flash_max,29.837299700755754,7
793,gemini_3_1_pro_high,27.632592259694675,8
793,deepseek_v4_pro_max,14.029908220840046,9
794,gemini_3_1_pro_high,73.83956258519926,1
794,gpt_5_5_xhigh,63.16913699720092,2
794,claude_opus_4_8_max,60.575511721516705,3
794,claude_fable_5_max,56.91488154567183,4
794,kimi_k3_max,43.77359527713463,5
794,qwen3_8_max,40.81773470547393,6
794,gpt_5_6_sol_max,30.499549246198416,7
794,deepseek_v4_pro_max,25.22530530780763,8
794,deepseek_v4_flash_max,7.758009143740814,9
795,gpt_5_6_sol_max,84.74827536332786,1
795,qwen3_8_max,54.89008455164421,2
795,claude_fable_5_max,48.975720011847585,3
795,claude_opus_4_8_max,39.503125431992636,4
795,gemini_3_1_pro_high,30.22341200370373,5
795,gpt_5_5_xhigh,29.961359302098042,6
795,deepseek_v4_pro_max,22.6281213055452,7
795,deepseek_v4_flash_max,18.34029043156802,8
795,kimi_k3_max,16.48520363332094,9
796,gpt_5_6_sol_max,65.96292579778574,1
796,qwen3_8_max,64.8489167363645,2
796,claude_fable_5_max,42.54174463416652,3
796,gpt_5_5_xhigh,40.83455720490611,4
796,gemini_3_1_pro_high,33.781520932996415,5
796,claude_opus_4_8_max,33.06191260007501,6
796,deepseek_v4_flash_max,29.394339154935587,7
796,kimi_k3_max,24.480921686392602,8
796,deepseek_v4_pro_max,13.106537913480494,9
797,claude_opus_4_8_max,62.865944900870105,1
797,gpt_5_6_sol_max,55.863249760551774,2
797,deepseek_v4_pro_max,55.58877018328679,3
797,claude_fable_5_max,52.78538894273056,4
797,qwen3_8_max,48.363615890095026,5
797,gpt_5_5_xhigh,37.74832921569737,6
797,gemini_3_1_pro_high,30.87164950707153,7
797,kimi_k3_max,24.590996680073538,8
797,deepseek_v4_flash_max,8.269938209450421,9
798,claude_opus_4_8_max,68.64440202783652,1
798,kimi_k3_max,68.35583797169284,2
798,gemini_3_1_pro_high,66.38430507718425,3
798,qwen3_8_max,58.74734356858286,4
798,claude_fable_5_max,58.237617399767345,5
798,gpt_5_6_sol_max,36.74000342739664,6
798,deepseek_v4_flash_max,27.255096176505617,7
798,deepseek_v4_pro_max,27.14946707867607,8
798,gpt_5_5_xhigh,20.309699986666118,9
799,gpt_5_5_xhigh,75.69518510622915,1
799,gpt_5_6_sol_max,42.40186636421497,2
799,deepseek_v4_pro_max,38.63527229653448,3
799,qwen3_8_max,37.04883723030102,4
799,gemini_3_1_pro_high,34.96634709039584,5
799,kimi_k3_max,32.24156717512369,6
799,claude_opus_4_8_max,32.136937840707475,7
799,deepseek_v4_flash_max,27.185262665990628,8
799,claude_fable_5_max,21.447956537945327,9
800,gpt_5_6_sol_max,70.30728740920935,1
800,kimi_k3_max,68.08969731499725,2
800,gemini_3_1_pro_high,61.135730785647866,3
800,qwen3_8_max,55.121746709448786,4
800,claude_fable_5_max,53.68426489974405,5
800,deepseek_v4_flash_max,47.911443901713504,6
800,claude_opus_4_8_max,47.264728764685586,7
800,gpt_5_5_xhigh,47.08928561403397,8
800,deepseek_v4_pro_max,35.16761480208097,9
801,claude_fable_5_max,70.12850259852995,1
801,qwen3_8_max,64.02047664590205,2
801,kimi_k3_max,51.20691400178107,3
801,deepseek_v4_pro_max,42.97573336853264,4
801,gemini_3_1_pro_high,40.65774756865454,5
801,gpt_5_6_sol_max,34.6215832010859,6
801,gpt_5_5_xhigh,31.53710147596771,7
801,claude_opus_4_8_max,28.20978413780577,8
801,deepseek_v4_flash_max,9.769861824420701,9
802,claude_opus_4_8_max,81.22754269541777,1
802,qwen3_8_max,45.332994993269594,2
802,gpt_5_6_sol_max,37.91736224740538,3
802,deepseek_v4_flash_max,31.305437393748925,4
802,gemini_3_1_pro_high,29.474253062763978,5
802,deepseek_v4_pro_max,26.626604432671606,6
802,gpt_5_5_xhigh,23.762944330912767,7
802,kimi_k3_max,21.750122845444803,8
802,claude_fable_5_max,13.964843330334176,9
803,kimi_k3_max,75.12420213005922,1
803,gemini_3_1_pro_high,74.01423700763846,2
803,claude_opus_4_8_max,66.66411400075086,3
803,gpt_5_6_sol_max,59.44223939359567,4
803,deepseek_v4_flash_max,33.02668329694433,5
803,qwen3_8_max,32.44085537845942,6
803,gpt_5_5_xhigh,31.31086008858923,7
803,claude_fable_5_max,30.76611368347776,8
803,deepseek_v4_pro_max,21.960889660082273,9
804,qwen3_8_max,73.03194332488296,1
804,kimi_k3_max,65.07512473145928,2
804,deepseek_v4_flash_max,50.19270964904366,3
804,claude_fable_5_max,44.55961962792699,4
804,gemini_3_1_pro_high,37.153238496253266,5
804,gpt_5_6_sol_max,35.376299114291356,6
804,gpt_5_5_xhigh,28.74608522215933,7
804,claude_opus_4_8_max,23.71274489059518,8
804,deepseek_v4_pro_max,7.631065884615911,9
805,kimi_k3_max,74.75908721950792,1
805,qwen3_8_max,73.53560105687848,2
805,gemini_3_1_pro_high,59.624683932902244,3
805,claude_opus_4_8_max,58.22336256512635,4
805,gpt_5_5_xhigh,43.224879801247425,5
805,claude_fable_5_max,39.66160633178606,6
805,gpt_5_6_sol_max,27.937100623858182,7
805,deepseek_v4_flash_max,21.993444555033363,8
805,deepseek_v4_pro_max,8.01841415590685,9
806,gpt_5_6_sol_max,65.0569902470861,1
806,claude_fable_5_max,61.83761488424766,2
806,deepseek_v4_pro_max,56.961127920040894,3
806,qwen3_8_max,45.02310631637907,4
806,kimi_k3_max,44.90134705266989,5
806,gemini_3_1_pro_high,44.645027638754286,6
806,gpt_5_5_xhigh,42.621527794854465,7
806,claude_opus_4_8_max,27.08579791271576,8
806,deepseek_v4_flash_max,22.687926263548945,9
807,claude_fable_5_max,70.40596489856328,1
807,gpt_5_6_sol_max,58.12685661643478,2
807,gpt_5_5_xhigh,53.765500367985084,3
807,qwen3_8_max,53.227766772322354,4
807,deepseek_v4_pro_max,43.50613799935483,5
807,gemini_3_1_pro_high,38.70377734777541,6
807,claude_opus_4_8_max,37.81297031632826,7
807,kimi_k3_max,21.90281874776271,8
807,deepseek_v4_flash_max,14.753906105209406,9
808,kimi_k3_max,74.84581253685585,1
808,gpt_5_6_sol_max,74.33341793405769,2
808,gpt_5_5_xhigh,64.37826386786965,3
808,claude_fable_5_max,59.908927869870496,4
808,gemini_3_1_pro_high,52.52292740700773,5
808,qwen3_8_max,52.069452308546055,6
808,deepseek_v4_pro_max,51.94452771671027,7
808,claude_opus_4_8_max,38.2111882122678,8
808,deepseek_v4_flash_max,28.376963411876012,9
809,gpt_5_6_sol_max,77.58203636125036,1
809,claude_fable_5_max,68.90505426934207,2
809,gemini_3_1_pro_high,58.71681993064537,3
809,kimi_k3_max,53.256563792007654,4
809,deepseek_v4_flash_max,45.93265280212111,5
809,claude_opus_4_8_max,45.13730175085286,6
809,qwen3_8_max,42.06731872495996,7
809,gpt_5_5_xhigh,26.398791734490533,8
809,deepseek_v4_pro_max,11.817389190425086,9
810,claude_opus_4_8_max,64.13757313115653,1
810,qwen3_8_max,55.80413402961872,2
810,claude_fable_5_max,52.11532788577556,3
810,gemini_3_1_pro_high,46.90312226473192,4
810,gpt_5_6_sol_max,42.19058039553478,5
810,deepseek_v4_flash_max,41.463082419119814,6
810,kimi_k3_max,40.55281580734509,7
810,gpt_5_5_xhigh,35.254919907661495,8
810,deepseek_v4_pro_max,27.368803755541485,9
811,gpt_5_6_sol_max,84.15244958550204,1
811,gpt_5_5_xhigh,72.03327423084455,2
811,kimi_k3_max,58.51270298499025,3
811,claude_opus_4_8_max,49.76173721831074,4
811,gemini_3_1_pro_high,47.07426445472483,5
811,claude_fable_5_max,32.47964653363851,6
811,deepseek_v4_flash_max,31.629188841117262,7
811,qwen3_8_max,24.240106891312955,8
811,deepseek_v4_pro_max,17.14975770491074,9
812,gemini_3_1_pro_high,84.53086068166488,1
812,kimi_k3_max,76.90472752373333,2
812,claude_opus_4_8_max,55.2894802632338,3
812,claude_fable_5_max,47.32592257404711,4
812,gpt_5_5_xhigh,41.354301188398495,5
812,qwen3_8_max,30.768344441675403,6
812,deepseek_v4_flash_max,29.454035945735423,7
812,gpt_5_6_sol_max,25.797086973312222,8
812,deepseek_v4_pro_max,20.165122316746608,9
813,gemini_3_1_pro_high,67.71416225645942,1
813,claude_opus_4_8_max,54.99495609542992,2
813,kimi_k3_max,50.724746148234914,3
813,claude_fable_5_max,42.65112742395309,4
813,qwen3_8_max,42.28037954952348,5
813,gpt_5_5_xhigh,33.22053600355733,6
813,gpt_5_6_sol_max,30.109998212718793,7
813,deepseek_v4_pro_max,25.9307417234675,8
813,deepseek_v4_flash_max,2.7538166604226753,9
814,claude_opus_4_8_max,81.35894607938441,1
814,gpt_5_5_xhigh,61.74402095290847,2
814,kimi_k3_max,54.96978700287758,3
814,gemini_3_1_pro_high,43.95395192412927,4
814,qwen3_8_max,41.29300436484169,5
814,claude_fable_5_max,33.429433264952046,6
814,deepseek_v4_flash_max,21.67182928336856,7
814,gpt_5_6_sol_max,15.988226873681043,8
814,deepseek_v4_pro_max,15.780510995986324,9
815,gemini_3_1_pro_high,81.4034508956556,1
815,gpt_5_6_sol_max,74.43314859048635,2
815,qwen3_8_max,60.137988727493415,3
815,kimi_k3_max,39.645545561767435,4
815,claude_opus_4_8_max,38.12359071550925,5
815,claude_fable_5_max,34.564073177085056,6
815,deepseek_v4_pro_max,32.489637747855404,7
815,gpt_5_5_xhigh,28.27673527418868,8
815,deepseek_v4_flash_max,21.526775118972857,9
816,gemini_3_1_pro_high,75.44893820762735,1
816,kimi_k3_max,66.8351771674646,2
816,gpt_5_6_sol_max,64.89354196798666,3
816,qwen3_8_max,58.00865122569025,4
816,claude_opus_4_8_max,48.70544013610344,5
816,claude_fable_5_max,43.65890649503105,6
816,deepseek_v4_flash_max,41.76982947116757,7
816,gpt_5_5_xhigh,35.77396116079372,8
816,deepseek_v4_pro_max,9.620725565256908,9
817,gpt_5_6_sol_max,74.67920549300861,1
817,claude_fable_5_max,54.41914829066084,2
817,qwen3_8_max,53.556178615106965,3
817,deepseek_v4_pro_max,42.271275555663664,4
817,gpt_5_5_xhigh,40.19033910003313,5
817,deepseek_v4_flash_max,39.58428188751468,6
817,gemini_3_1_pro_high,39.1115273539633,7
817,claude_opus_4_8_max,30.94101226200402,8
817,kimi_k3_max,29.903497341840655,9
818,claude_opus_4_8_max,75.40538267822015,1
818,gemini_3_1_pro_high,68.39386236515739,2
818,qwen3_8_max,63.182520633240784,3
818,claude_fable_5_max,62.39347059648598,4
818,gpt_5_5_xhigh,54.10075536442116,5
818,gpt_5_6_sol_max,51.33461465695841,6
818,deepseek_v4_pro_max,36.60363560244321,7
818,kimi_k3_max,27.600328501056712,8
818,deepseek_v4_flash_max,13.393770662496395,9
819,claude_opus_4_8_max,82.5745386850457,1
819,kimi_k3_max,48.219842337473516,2
819,deepseek_v4_pro_max,43.111018912945525,3
819,gemini_3_1_pro_high,42.74763744029627,4
819,gpt_5_5_xhigh,40.85344096605575,5
819,qwen3_8_max,40.12527287121878,6
819,gpt_5_6_sol_max,39.85590345716426,7
819,claude_fable_5_max,37.45542128293213,8
819,deepseek_v4_flash_max,14.019784893656228,9
820,claude_opus_4_8_max,75.2859008223048,1
820,gemini_3_1_pro_high,52.16735585537778,2
820,qwen3_8_max,44.1150752137369,3
820,gpt_5_5_xhigh,43.01452517511926,4
820,gpt_5_6_sol_max,40.31121888799799,5
820,kimi_k3_max,33.244526718156045,6
820,deepseek_v4_flash_max,25.37274714877185,7
820,deepseek_v4_pro_max,22.47881024833123,8
820,claude_fable_5_max,18.616517170729942,9
821,claude_fable_5_max,87.8568510809363,1
821,qwen3_8_max,67.17443314673083,2
821,gpt_5_6_sol_max,63.4798971568442,3
821,gemini_3_1_pro_high,53.97740070778629,4
821,gpt_5_5_xhigh,50.19254193539143,5
821,kimi_k3_max,43.33307708225628,6
821,deepseek_v4_pro_max,34.57493805267396,7
821,claude_opus_4_8_max,24.96941363516803,8
821,deepseek_v4_flash_max,22.15941726027895,9
822,gpt_5_6_sol_max,77.99351091777294,1
822,claude_fable_5_max,43.10197291544815,2
822,qwen3_8_max,41.27532042380024,3
822,gpt_5_5_xhigh,40.354504383397135,4
822,claude_opus_4_8_max,35.31143872623389,5
822,kimi_k3_max,31.836199598331657,6
822,deepseek_v4_pro_max,29.429674251642265,7
822,deepseek_v4_flash_max,23.964351174750245,8
822,gemini_3_1_pro_high,19.87964766564133,9
823,gpt_5_6_sol_max,75.51031945380271,1
823,qwen3_8_max,53.04563340197372,2
823,claude_fable_5_max,52.0273930207309,3
823,kimi_k3_max,50.03921103881863,4
823,gemini_3_1_pro_high,40.56502261857842,5
823,claude_opus_4_8_max,32.15739874666592,6
823,gpt_5_5_xhigh,28.710946213388493,7
823,deepseek_v4_flash_max,26.551531711663046,8
823,deepseek_v4_pro_max,9.58120450425421,9
824,claude_fable_5_max,77.46226254013459,1
824,qwen3_8_max,72.46195465703678,2
824,gpt_5_6_sol_max,64.61565352395814,3
824,claude_opus_4_8_max,46.20823587527413,4
824,gemini_3_1_pro_high,44.79814710038675,5
824,deepseek_v4_flash_max,44.527578077409004,6
824,gpt_5_5_xhigh,32.83536126520252,7
824,deepseek_v4_pro_max,29.350613362787144,8
824,kimi_k3_max,21.896386694685802,9
825,kimi_k3_max,72.07489781183062,1
825,gpt_5_6_sol_max,57.25222282416763,2
825,qwen3_8_max,56.51551801768454,3
825,claude_opus_4_8_max,54.20736749690943,4
825,gemini_3_1_pro_high,49.46146553964038,5
825,deepseek_v4_pro_max,42.225808044199205,6
825,claude_fable_5_max,38.28371185549745,7
825,gpt_5_5_xhigh,36.75077708540082,8
825,deepseek_v4_flash_max,18.216515844433072,9
826,claude_opus_4_8_max,65.31556918560892,1
826,gemini_3_1_pro_high,44.8734243158373,2
826,kimi_k3_max,39.462657044357954,3
826,deepseek_v4_flash_max,36.61158235668891,4
826,gpt_5_6_sol_max,36.15786772683586,5
826,gpt_5_5_xhigh,29.826384327911246,6
826,qwen3_8_max,28.200591378184043,7
826,deepseek_v4_pro_max,25.642937905189136,8
826,claude_fable_5_max,13.701590283193141,9
827,qwen3_8_max,64.11432935652857,1
827,claude_fable_5_max,58.331330280191146,2
827,gpt_5_6_sol_max,55.271508521161095,3
827,gpt_5_5_xhigh,47.40982393898069,4
827,kimi_k3_max,42.43245481678174,5
827,deepseek_v4_pro_max,31.420664932916928,6
827,claude_opus_4_8_max,26.000194242556866,7
827,deepseek_v4_flash_max,25.484538499155388,8
827,gemini_3_1_pro_high,23.75012462419638,9
828,claude_opus_4_8_max,75.49962603721013,1
828,gemini_3_1_pro_high,69.42381230559523,2
828,qwen3_8_max,53.15142443450513,3
828,gpt_5_5_xhigh,43.11824856487204,4
828,kimi_k3_max,38.48894198968041,5
828,gpt_5_6_sol_max,35.83673655356758,6
828,deepseek_v4_pro_max,28.92186291864814,7
828,claude_fable_5_max,20.80693496328599,8
828,deepseek_v4_flash_max,10.39738370700962,9
829,claude_fable_5_max,72.09336015426786,1
829,kimi_k3_max,69.64162858713566,2
829,gpt_5_5_xhigh,69.1365052068369,3
829,claude_opus_4_8_max,46.239522395119565,4
829,qwen3_8_max,36.76918784130825,5
829,gpt_5_6_sol_max,31.46881470638992,6
829,deepseek_v4_flash_max,25.055091427538944,7
829,gemini_3_1_pro_high,24.689738189317104,8
829,deepseek_v4_pro_max,23.32392137942289,9
830,claude_fable_5_max,81.9641719339095,1
830,gpt_5_6_sol_max,70.48448186728311,2
830,gemini_3_1_pro_high,64.61337429765527,3
830,gpt_5_5_xhigh,53.386997676127166,4
830,qwen3_8_max,44.32903385360402,5
830,kimi_k3_max,43.96275488628286,6
830,deepseek_v4_pro_max,30.12600006673583,7
830,claude_opus_4_8_max,28.413341247718222,8
830,deepseek_v4_flash_max,27.097245777215555,9
831,claude_opus_4_8_max,77.96055098176421,1
831,qwen3_8_max,74.06925432778249,2
831,gpt_5_5_xhigh,66.26079741596253,3
831,deepseek_v4_pro_max,38.0110940918727,4
831,claude_fable_5_max,30.824600322905155,5
831,gpt_5_6_sol_max,30.122418060710157,6
831,gemini_3_1_pro_high,29.67174219255204,7
831,deepseek_v4_flash_max,22.940833975292954,8
831,kimi_k3_max,20.217975626339186,9
832,claude_fable_5_max,65.87343751685421,1
832,kimi_k3_max,53.25598182700788,2
832,qwen3_8_max,53.12815187664921,3
832,gemini_3_1_pro_high,48.2221669577812,4
832,claude_opus_4_8_max,46.16997264855165,5
832,gpt_5_6_sol_max,45.40287632347779,6
832,deepseek_v4_pro_max,36.641175220514185,7
832,gpt_5_5_xhigh,21.600722493686018,8
832,deepseek_v4_flash_max,18.62317296569967,9
833,qwen3_8_max,82.37599592400574,1
833,gemini_3_1_pro_high,69.76363530216213,2
833,gpt_5_5_xhigh,68.49373812890774,3
833,claude_fable_5_max,56.73400910724579,4
833,gpt_5_6_sol_max,49.18444143727304,5
833,deepseek_v4_pro_max,39.0225866763257,6
833,claude_opus_4_8_max,23.555445280059295,7
833,kimi_k3_max,23.12667022511953,8
833,deepseek_v4_flash_max,2.4000444004227255,9
834,claude_fable_5_max,84.099832962942,1
834,kimi_k3_max,69.72099664831954,2
834,claude_opus_4_8_max,59.84591184146154,3
834,gpt_5_6_sol_max,57.55227229161079,4
834,gpt_5_5_xhigh,53.305266501522105,5
834,qwen3_8_max,38.8231804098184,6
834,deepseek_v4_pro_max,28.400954697634937,7
834,gemini_3_1_pro_high,27.79851998195467,8
834,deepseek_v4_flash_max,12.583876752367132,9
835,gpt_5_6_sol_max,70.21556057598092,1
835,claude_opus_4_8_max,63.67350781146564,2
835,gpt_5_5_xhigh,54.308449217537586,3
835,deepseek_v4_pro_max,46.29197897618759,4
835,gemini_3_1_pro_high,38.51577384770602,5
835,claude_fable_5_max,31.755066863546602,6
835,kimi_k3_max,28.892684307968253,7
835,deepseek_v4_flash_max,20.302713676239335,8
835,qwen3_8_max,11.032254754343157,9
836,gpt_5_6_sol_max,65.75885732158662,1
836,claude_opus_4_8_max,63.0368034996703,2
836,gemini_3_1_pro_high,61.88991625300548,3
836,qwen3_8_max,60.6487543714591,4
836,claude_fable_5_max,50.674138264031356,5
836,deepseek_v4_pro_max,44.30703105384367,6
836,gpt_5_5_xhigh,37.473996547563814,7
836,kimi_k3_max,24.044158129320593,8
836,deepseek_v4_flash_max,23.364289080083836,9
837,kimi_k3_max,73.63024356608516,1
837,claude_fable_5_max,60.465464744777954,2
837,claude_opus_4_8_max,57.38715174944691,3
837,gpt_5_5_xhigh,49.917153436660755,4
837,gpt_5_6_sol_max,37.36585271583665,5
837,gemini_3_1_pro_high,33.892138118276655,6
837,deepseek_v4_pro_max,30.351864665312625,7
837,qwen3_8_max,26.425932197637668,8
837,deepseek_v4_flash_max,7.786782432508075,9
838,gemini_3_1_pro_high,81.02805425455944,1
838,qwen3_8_max,64.54564432557132,2
838,kimi_k3_max,63.247270436334404,3
838,claude_fable_5_max,56.43847291505229,4
838,claude_opus_4_8_max,38.46978551161379,5
838,gpt_5_5_xhigh,35.40083363041694,6
838,deepseek_v4_pro_max,34.380668994605024,7
838,deepseek_v4_flash_max,25.60964358125816,8
838,gpt_5_6_sol_max,21.94084651319554,9
839,gemini_3_1_pro_high,76.5188170107883,1
839,claude_fable_5_max,75.9019232823209,2
839,gpt_5_6_sol_max,67.03442061534524,3
839,qwen3_8_max,50.28786557476303,4
839,claude_opus_4_8_max,49.49226018456362,5
839,deepseek_v4_pro_max,47.136656794952444,6
839,gpt_5_5_xhigh,44.332903961448096,7
839,kimi_k3_max,28.07248014247051,8
839,deepseek_v4_flash_max,10.604637348847072,9
840,gpt_5_6_sol_max,66.76381050813814,1
840,claude_fable_5_max,39.84589308176407,2
840,deepseek_v4_pro_max,38.93411516493153,3
840,kimi_k3_max,36.28564865650078,4
840,gemini_3_1_pro_high,36.245489428765495,5
840,gpt_5_5_xhigh,32.886912664144106,6
840,qwen3_8_max,31.79359407870831,7
840,claude_opus_4_8_max,27.10724004749603,8
840,deepseek_v4_flash_max,22.50102954944815,9
841,gpt_5_6_sol_max,75.19044166273017,1
841,claude_fable_5_max,63.96330915054924,2
841,kimi_k3_max,58.18812515103043,3
841,gemini_3_1_pro_high,57.15723476904266,4
841,qwen3_8_max,46.04730290404816,5
841,claude_opus_4_8_max,33.125763253263685,6
841,deepseek_v4_pro_max,32.5318402064877,7
841,gpt_5_5_xhigh,31.467814124372847,8
841,deepseek_v4_flash_max,12.778202811868278,9
842,claude_fable_5_max,79.32583744287123,1
842,kimi_k3_max,61.04015711267281,2
842,gpt_5_6_sol_max,60.64887462134659,3
842,gpt_5_5_xhigh,57.37565207801131,4
842,deepseek_v4_flash_max,46.84671633815006,5
842,gemini_3_1_pro_high,33.40780024492575,6
842,qwen3_8_max,30.91516847994697,7
842,claude_opus_4_8_max,24.29093862665112,8
842,deepseek_v4_pro_max,11.883550397257132,9
843,claude_fable_5_max,78.5958596908409,1
843,qwen3_8_max,64.40277376454048,2
843,gpt_5_5_xhigh,41.2395194337724,3
843,deepseek_v4_pro_max,41.16571452876589,4
843,kimi_k3_max,29.14296987292775,5
843,gemini_3_1_pro_high,27.696695090252,6
843,gpt_5_6_sol_max,25.401881675755696,7
843,claude_opus_4_8_max,22.92146471246126,8
843,deepseek_v4_flash_max,18.73240332659532,9
844,qwen3_8_max,73.23975452234504,1
844,gpt_5_6_sol_max,56.97631198446281,2
844,gemini_3_1_pro_high,56.939695474036654,3
844,claude_fable_5_max,53.08231974763511,4
844,claude_opus_4_8_max,49.9426927872126,5
844,kimi_k3_max,47.61516848791979,6
844,deepseek_v4_flash_max,41.73443860603259,7
844,deepseek_v4_pro_max,37.469274414652595,8
844,gpt_5_5_xhigh,34.83099663928438,9
845,gpt_5_6_sol_max,83.63447343812199,1
845,claude_opus_4_8_max,70.44350212513913,2
845,gemini_3_1_pro_high,43.40629020632569,3
845,kimi_k3_max,37.43439262876303,4
845,gpt_5_5_xhigh,36.60908347466108,5
845,claude_fable_5_max,32.57883284449177,6
845,deepseek_v4_pro_max,28.463120287337304,7
845,qwen3_8_max,27.524102543981183,8
845,deepseek_v4_flash_max,17.717537434821118,9
846,claude_fable_5_max,59.560136376159576,1
846,gpt_5_5_xhigh,50.199015722513636,2
846,deepseek_v4_pro_max,41.323308387942205,3
846,gpt_5_6_sol_max,38.91019291907171,4
846,claude_opus_4_8_max,38.59929518156119,5
846,qwen3_8_max,37.62812868296659,6
846,gemini_3_1_pro_high,36.52027599179566,7
846,kimi_k3_max,30.965157439161757,8
846,deepseek_v4_flash_max,30.514417661233043,9
847,gpt_5_6_sol_max,64.45588526996713,1
847,claude_opus_4_8_max,51.0068050777859,2
847,deepseek_v4_pro_max,45.99720385377101,3
847,qwen3_8_max,41.254393713702456,4
847,kimi_k3_max,38.956758395566624,5
847,claude_fable_5_max,36.03251969485191,6
847,gemini_3_1_pro_high,27.43062548056131,7
847,gpt_5_5_xhigh,24.74193528867851,8
847,deepseek_v4_flash_max,13.786165806457106,9
848,gpt_5_6_sol_max,73.031995465601,1
848,kimi_k3_max,50.11227846256605,2
848,qwen3_8_max,48.62065887072477,3
848,gemini_3_1_pro_high,45.808782958603594,4
848,claude_opus_4_8_max,42.58889453601794,5
848,gpt_5_5_xhigh,39.924751571441554,6
848,claude_fable_5_max,28.889532201777666,7
848,deepseek_v4_flash_max,25.582508219510554,8
848,deepseek_v4_pro_max,20.94254401932042,9
849,claude_fable_5_max,77.16059761340298,1
849,gpt_5_6_sol_max,75.48570505696958,2
849,kimi_k3_max,64.44691315135768,3
849,qwen3_8_max,61.518331157721306,4
849,gemini_3_1_pro_high,48.4625217300204,5
849,gpt_5_5_xhigh,44.5498197683563,6
849,claude_opus_4_8_max,25.052795168066243,7
849,deepseek_v4_flash_max,22.248436103333354,8
849,deepseek_v4_pro_max,18.602975738852074,9
850,gemini_3_1_pro_high,71.17043387094247,1
850,claude_fable_5_max,64.3911278690616,2
850,qwen3_8_max,54.96957077848817,3
850,kimi_k3_max,51.57143474036329,4
850,gpt_5_5_xhigh,45.454315925528306,5
850,gpt_5_6_sol_max,41.167956398779495,6
850,claude_opus_4_8_max,35.26725830616133,7
850,deepseek_v4_pro_max,31.095995905893716,8
850,deepseek_v4_flash_max,8.862487442717844,9
851,claude_fable_5_max,73.92733904323158,1
851,gemini_3_1_pro_high,71.46066350065658,2
851,gpt_5_6_sol_max,62.51435536314436,3
851,gpt_5_5_xhigh,48.97932711373967,4
851,deepseek_v4_flash_max,42.80845986198562,5
851,qwen3_8_max,41.80365953521096,6
851,kimi_k3_max,30.695346387376013,7
851,claude_opus_4_8_max,19.706440721894943,8
851,deepseek_v4_pro_max,18.914264475441765,9
852,claude_fable_5_max,72.50109288390858,1
852,gpt_5_5_xhigh,70.61893111665611,2
852,claude_opus_4_8_max,54.58102658588912,3
852,kimi_k3_max,49.507404584329855,4
852,qwen3_8_max,45.87871234305394,5
852,deepseek_v4_flash_max,30.358877860147096,6
852,deepseek_v4_pro_max,26.690879480105835,7
852,gpt_5_6_sol_max,24.76783321886169,8
852,gemini_3_1_pro_high,10.891254082083627,9
853,claude_opus_4_8_max,74.59829877977339,1
853,gemini_3_1_pro_high,56.47064189448844,2
853,kimi_k3_max,52.89640519712404,3
853,qwen3_8_max,46.54501243133196,4
853,gpt_5_5_xhigh,41.924079323368474,5
853,claude_fable_5_max,39.02372647622435,6
853,deepseek_v4_pro_max,32.8715122614405,7
853,deepseek_v4_flash_max,23.92689060362622,8
853,gpt_5_6_sol_max,16.294264735543777,9
854,gemini_3_1_pro_high,85.04014300490708,1
854,claude_fable_5_max,64.8571679261631,2
854,kimi_k3_max,64.3588853782253,3
854,qwen3_8_max,58.942354168477785,4
854,gpt_5_6_sol_max,57.12512195029418,5
854,gpt_5_5_xhigh,49.40349440622823,6
854,deepseek_v4_flash_max,31.001507261044953,7
854,claude_opus_4_8_max,29.603115811376263,8
854,deepseek_v4_pro_max,17.968701610804068,9
855,gpt_5_6_sol_max,80.03441539652798,1
855,kimi_k3_max,62.47438896442595,2
855,claude_opus_4_8_max,56.87359527002759,3
855,gemini_3_1_pro_high,56.45865571865191,4
855,deepseek_v4_flash_max,50.63446967989534,5
855,claude_fable_5_max,49.88092166359648,6
855,gpt_5_5_xhigh,45.844212579021445,7
855,qwen3_8_max,28.2298122379084,8
855,deepseek_v4_pro_max,20.454729078553186,9
856,gpt_5_6_sol_max,76.4817327674329,1
856,gpt_5_5_xhigh,57.030794358076875,2
856,gemini_3_1_pro_high,56.04441896653924,3
856,claude_opus_4_8_max,47.1218463530964,4
856,qwen3_8_max,43.243039470668236,5
856,kimi_k3_max,29.17198001937639,6
856,claude_fable_5_max,27.50013027406427,7
856,deepseek_v4_pro_max,25.371776126416307,8
856,deepseek_v4_flash_max,24.237645110635405,9
857,claude_fable_5_max,64.40367521274567,1
857,gpt_5_6_sol_max,63.31636008474147,2
857,deepseek_v4_pro_max,53.855420786184695,3
857,gemini_3_1_pro_high,43.78341057155711,4
857,qwen3_8_max,42.96331386689134,5
857,kimi_k3_max,33.400876626492206,6
857,gpt_5_5_xhigh,25.332750643253117,7
857,deepseek_v4_flash_max,23.821019743601834,8
857,claude_opus_4_8_max,19.89943592372452,9
858,kimi_k3_max,79.85335211234414,1
858,claude_opus_4_8_max,64.02662309623325,2
858,gpt_5_5_xhigh,56.922582760881554,3
858,qwen3_8_max,53.011297160545645,4
858,gpt_5_6_sol_max,44.5709578898283,5
858,gemini_3_1_pro_high,41.544999329675655,6
858,deepseek_v4_pro_max,40.43120564205716,7
858,claude_fable_5_max,34.456871251076656,8
858,deepseek_v4_flash_max,26.026706112675054,9
859,gemini_3_1_pro_high,69.4290115126476,1
859,claude_fable_5_max,66.78154442415044,2
859,qwen3_8_max,53.56189712887708,3
859,gpt_5_6_sol_max,42.29997804167047,4
859,kimi_k3_max,32.352487093840544,5
859,deepseek_v4_flash_max,26.62117307510637,6
859,claude_opus_4_8_max,22.14214179110249,7
859,gpt_5_5_xhigh,20.69627334646095,8
859,deepseek_v4_pro_max,16.679302089746383,9
860,claude_opus_4_8_max,75.87792760236445,1
860,gpt_5_5_xhigh,72.44567796829479,2
860,kimi_k3_max,69.05218991558627,3
860,gemini_3_1_pro_high,52.483936745899925,4
860,qwen3_8_max,40.476017020483084,5
860,gpt_5_6_sol_max,38.527628793928635,6
860,claude_fable_5_max,24.451428564951424,7
860,deepseek_v4_pro_max,22.065671430938615,8
860,deepseek_v4_flash_max,17.85825392866324,9
861,qwen3_8_max,70.89615385699753,1
861,claude_fable_5_max,63.57339749682539,2
861,gemini_3_1_pro_high,57.969571886948316,3
861,kimi_k3_max,54.27615950465397,4
861,gpt_5_6_sol_max,47.97797219184275,5
861,claude_opus_4_8_max,47.32499781006581,6
861,deepseek_v4_flash_max,33.88893941177776,7
861,gpt_5_5_xhigh,31.77567550327023,8
861,deepseek_v4_pro_max,13.707326069318832,9
862,gpt_5_6_sol_max,78.41167419919567,1
862,gemini_3_1_pro_high,49.99498323052501,2
862,kimi_k3_max,43.27708502146516,3
862,qwen3_8_max,42.939093149281625,4
862,claude_fable_5_max,42.88084903792043,5
862,gpt_5_5_xhigh,40.26257368290297,6
862,deepseek_v4_pro_max,34.64247243452857,7
862,claude_opus_4_8_max,31.271387000931114,8
862,deepseek_v4_flash_max,7.40657235431852,9
863,claude_opus_4_8_max,74.77789249424298,1
863,claude_fable_5_max,48.892345191249944,2
863,gpt_5_5_xhigh,47.902334620159394,3
863,gpt_5_6_sol_max,45.15261972333575,4
863,gemini_3_1_pro_high,39.204888119170334,5
863,qwen3_8_max,31.313423359170052,6
863,kimi_k3_max,28.552058664900397,7
863,deepseek_v4_flash_max,24.812439151900683,8
863,deepseek_v4_pro_max,17.98306000722447,9
864,gpt_5_5_xhigh,69.00090406125173,1
864,claude_fable_5_max,68.90843988159617,2
864,gemini_3_1_pro_high,52.54583637269687,3
864,claude_opus_4_8_max,48.22406055663063,4
864,kimi_k3_max,46.94237926450597,5
864,deepseek_v4_flash_max,45.31106377676747,6
864,qwen3_8_max,41.294194039580674,7
864,gpt_5_6_sol_max,29.038990889474398,8
864,deepseek_v4_pro_max,26.567773022864692,9
865,gpt_5_6_sol_max,86.86661253569382,1
865,kimi_k3_max,80.10672894839331,2
865,gemini_3_1_pro_high,56.499042190988774,3
865,claude_fable_5_max,38.88690036525904,4
865,gpt_5_5_xhigh,35.41295783570172,5
865,claude_opus_4_8_max,35.214210515888986,6
865,deepseek_v4_pro_max,33.62236628601961,7
865,qwen3_8_max,29.816545898101857,8
865,deepseek_v4_flash_max,10.129483874307457,9
866,deepseek_v4_pro_max,56.180394327909106,1
866,kimi_k3_max,55.67429153981072,2
866,claude_opus_4_8_max,54.889359434425444,3
866,gpt_5_6_sol_max,46.83776442220403,4
866,gpt_5_5_xhigh,46.327730530528825,5
866,claude_fable_5_max,43.114261358079794,6
866,qwen3_8_max,41.41820030789243,7
866,gemini_3_1_pro_high,28.83243925821733,8
866,deepseek_v4_flash_max,2.5472471612176677,9
867,claude_opus_4_8_max,71.07924286898046,1
867,gpt_5_6_sol_max,57.332496197203696,2
867,deepseek_v4_pro_max,42.921801584075055,3
867,qwen3_8_max,40.19887527220402,4
867,claude_fable_5_max,38.89957179305023,5
867,gemini_3_1_pro_high,31.35307998275731,6
867,kimi_k3_max,25.668711870885474,7
867,gpt_5_5_xhigh,22.74985804493404,8
867,deepseek_v4_flash_max,12.439884208376059,9
868,gemini_3_1_pro_high,81.68267847861831,1
868,claude_fable_5_max,75.15497596859859,2
868,kimi_k3_max,61.39009228755436,3
868,gpt_5_6_sol_max,57.05220395708204,4
868,claude_opus_4_8_max,53.02965244705814,5
868,qwen3_8_max,50.82624822263795,6
868,deepseek_v4_flash_max,32.9750768531777,7
868,gpt_5_5_xhigh,22.285844938388106,8
868,deepseek_v4_pro_max,15.817100303021615,9
869,gemini_3_1_pro_high,62.32975900502013,1
869,qwen3_8_max,61.218498182819864,2
869,claude_fable_5_max,60.69085873099051,3
869,kimi_k3_max,52.161075103326255,4
869,claude_opus_4_8_max,51.079154508955426,5
869,gpt_5_6_sol_max,46.29797226577179,6
869,deepseek_v4_flash_max,39.390167218541976,7
869,gpt_5_5_xhigh,30.140468802185488,8
869,deepseek_v4_pro_max,14.984032153762966,9
870,gpt_5_5_xhigh,76.27489228291677,1
870,kimi_k3_max,67.92340025072812,2
870,claude_fable_5_max,66.52508861615058,3
870,gpt_5_6_sol_max,57.698912874307524,4
870,qwen3_8_max,51.85381176198351,5
870,gemini_3_1_pro_high,49.87871339042162,6
870,deepseek_v4_flash_max,34.42486212183025,7
870,deepseek_v4_pro_max,33.662348767216855,8
870,claude_opus_4_8_max,28.888072318430464,9
871,claude_fable_5_max,84.58386741619606,1
871,kimi_k3_max,66.73195291555906,2
871,gemini_3_1_pro_high,61.01885215591154,3
871,claude_opus_4_8_max,58.104781403506756,4
871,gpt_5_6_sol_max,55.47016769838549,5
871,qwen3_8_max,48.542945232377036,6
871,gpt_5_5_xhigh,37.79764591198846,7
871,deepseek_v4_pro_max,28.923030035168637,8
871,deepseek_v4_flash_max,21.65997891325391,9
872,claude_fable_5_max,60.52035237702787,1
872,gemini_3_1_pro_high,51.261804410813724,2
872,claude_opus_4_8_max,49.7544279883315,3
872,qwen3_8_max,39.42583481091868,4
872,gpt_5_6_sol_max,38.92384327828424,5
872,gpt_5_5_xhigh,36.110070971233924,6
872,deepseek_v4_flash_max,25.299840536172702,7
872,kimi_k3_max,24.037644470254754,8
872,deepseek_v4_pro_max,9.375974858663652,9
873,claude_opus_4_8_max,78.09404531455638,1
873,gpt_5_6_sol_max,71.6396925557487,2
873,gemini_3_1_pro_high,68.6829838619191,3
873,gpt_5_5_xhigh,58.80372594682896,4
873,deepseek_v4_flash_max,45.289692644923754,5
873,qwen3_8_max,36.4816117325891,6
873,deepseek_v4_pro_max,31.551653090840713,7
873,kimi_k3_max,26.368436066855182,8
873,claude_fable_5_max,23.496501903802603,9
874,gpt_5_6_sol_max,62.128433770557294,1
874,qwen3_8_max,61.577635728169426,2
874,kimi_k3_max,52.73455528745785,3
874,gemini_3_1_pro_high,47.56785361219935,4
874,claude_fable_5_max,45.22917077507542,5
874,claude_opus_4_8_max,44.59470499419845,6
874,deepseek_v4_pro_max,41.41888492162401,7
874,gpt_5_5_xhigh,31.479258421403607,8
874,deepseek_v4_flash_max,21.271808995274778,9
875,gpt_5_6_sol_max,74.41318235919046,1
875,gpt_5_5_xhigh,65.73099885244373,2
875,kimi_k3_max,40.57383078100332,3
875,deepseek_v4_pro_max,40.546055004170256,4
875,gemini_3_1_pro_high,31.74830891101808,5
875,claude_opus_4_8_max,28.842320721234127,6
875,claude_fable_5_max,28.497837586290057,7
875,qwen3_8_max,23.994553451113894,8
875,deepseek_v4_flash_max,17.359154411167932,9
876,claude_fable_5_max,66.91451776024086,1
876,kimi_k3_max,60.3841091675632,2
876,claude_opus_4_8_max,52.48076675245517,3
876,gpt_5_6_sol_max,50.559741726156126,4
876,gemini_3_1_pro_high,45.27320140137577,5
876,gpt_5_5_xhigh,43.86447894666916,6
876,deepseek_v4_pro_max,33.19265477753947,7
876,qwen3_8_max,31.220152938492415,8
876,deepseek_v4_flash_max,31.11523567252275,9
877,gpt_5_5_xhigh,76.16373052513109,1
877,gemini_3_1_pro_high,66.00278725398583,2
877,gpt_5_6_sol_max,63.10598087664557,3
877,claude_fable_5_max,59.81865863404513,4
877,claude_opus_4_8_max,58.23363189228587,5
877,qwen3_8_max,56.695447478290085,6
877,deepseek_v4_flash_max,48.61463193767992,7
877,kimi_k3_max,15.295743568550636,8
877,deepseek_v4_pro_max,13.352624594688852,9
878,kimi_k3_max,65.15025412597494,1
878,gpt_5_6_sol_max,61.31430740626717,2
878,deepseek_v4_flash_max,52.4729032516616,3
878,claude_opus_4_8_max,38.58184896288705,4
878,qwen3_8_max,37.915412226998015,5
878,gpt_5_5_xhigh,33.90549235298485,6
878,claude_fable_5_max,29.11636771894574,7
878,gemini_3_1_pro_high,24.370937150586165,8
878,deepseek_v4_pro_max,17.868446548820717,9
879,gpt_5_6_sol_max,86.65443007037908,1
879,claude_opus_4_8_max,63.34366132005677,2
879,gemini_3_1_pro_high,46.88625649401601,3
879,qwen3_8_max,33.031642769842705,4
879,kimi_k3_max,29.994345570873143,5
879,deepseek_v4_pro_max,20.316233559265594,6
879,claude_fable_5_max,20.20120446771389,7
879,gpt_5_5_xhigh,18.557390170845636,8
879,deepseek_v4_flash_max,13.664109351074952,9
880,gpt_5_5_xhigh,76.69806933070461,1
880,claude_fable_5_max,75.26745675793353,2
880,qwen3_8_max,65.70247019715907,3
880,claude_opus_4_8_max,56.3308450324371,4
880,deepseek_v4_flash_max,46.316919059956305,5
880,kimi_k3_max,45.31917185823588,6
880,gemini_3_1_pro_high,37.3090125900894,7
880,gpt_5_6_sol_max,33.346119100586144,8
880,deepseek_v4_pro_max,14.04071804143755,9
881,gpt_5_6_sol_max,67.87674853823697,1
881,gpt_5_5_xhigh,49.64794792000913,2
881,claude_fable_5_max,41.00998608749826,3
881,claude_opus_4_8_max,39.714943754904624,4
881,deepseek_v4_flash_max,37.74284231442525,5
881,qwen3_8_max,30.32643580151455,6
881,gemini_3_1_pro_high,24.46959000078884,7
881,kimi_k3_max,16.614744580599627,8
881,deepseek_v4_pro_max,10.766424775309243,9
882,claude_opus_4_8_max,76.02970257549,1
882,qwen3_8_max,47.841395475296366,2
882,gpt_5_5_xhigh,37.5383892969482,3
882,kimi_k3_max,34.569809534446414,4
882,gemini_3_1_pro_high,34.54394902286295,5
882,deepseek_v4_pro_max,33.66053876743572,6
882,claude_fable_5_max,25.942805470055685,7
882,deepseek_v4_flash_max,25.024510538581776,8
882,gpt_5_6_sol_max,22.77538622300033,9
883,claude_opus_4_8_max,70.3822303869942,1
883,gpt_5_6_sol_max,65.93959873937673,2
883,qwen3_8_max,57.87582460115917,3
883,deepseek_v4_flash_max,44.17950145990872,4
883,kimi_k3_max,40.76786732760618,5
883,gemini_3_1_pro_high,39.16433232979742,6
883,claude_fable_5_max,31.97756604446489,7
883,gpt_5_5_xhigh,26.206404045672674,8
883,deepseek_v4_pro_max,9.21163743499894,9
884,gpt_5_5_xhigh,62.691329574199955,1
884,kimi_k3_max,58.54359901761427,2
884,claude_fable_5_max,45.84736271137674,3
884,claude_opus_4_8_max,41.35532074095816,4
884,gemini_3_1_pro_high,39.63288305006934,5
884,qwen3_8_max,36.33399862934752,6
884,gpt_5_6_sol_max,34.88113411268857,7
884,deepseek_v4_flash_max,34.846155203029525,8
884,deepseek_v4_pro_max,25.12638857696186,9
885,kimi_k3_max,73.86847060151264,1
885,gpt_5_5_xhigh,67.6371197359931,2
885,gpt_5_6_sol_max,57.134168714286986,3
885,qwen3_8_max,54.8395147795959,4
885,claude_fable_5_max,51.980213630108835,5
885,claude_opus_4_8_max,40.70956987228377,6
885,gemini_3_1_pro_high,37.91042727800165,7
885,deepseek_v4_flash_max,35.770046660141325,8
885,deepseek_v4_pro_max,11.589641842025255,9
886,claude_fable_5_max,60.14584001147979,1
886,gpt_5_5_xhigh,57.937816901982686,2
886,gemini_3_1_pro_high,50.71352920276564,3
886,qwen3_8_max,47.82990791952106,4
886,kimi_k3_max,41.206467991052634,5
886,claude_opus_4_8_max,38.33149543120011,6
886,deepseek_v4_pro_max,21.74767567763793,7
886,deepseek_v4_flash_max,20.02951641167757,8
886,gpt_5_6_sol_max,17.76183069140378,9
887,qwen3_8_max,75.31937614657278,1
887,gemini_3_1_pro_high,74.35856252542891,2
887,kimi_k3_max,61.27571177252051,3
887,claude_fable_5_max,59.962507003496455,4
887,gpt_5_6_sol_max,58.0407005215954,5
887,claude_opus_4_8_max,39.121225509183546,6
887,gpt_5_5_xhigh,30.325747248137443,7
887,deepseek_v4_flash_max,29.991706748078457,8
887,deepseek_v4_pro_max,15.801418469523712,9
888,qwen3_8_max,75.33354843626074,1
888,kimi_k3_max,57.0822701687858,2
888,gpt_5_5_xhigh,43.64243208602065,3
888,claude_fable_5_max,43.29197041011726,4
888,claude_opus_4_8_max,42.435501330699765,5
888,gpt_5_6_sol_max,41.440684919846774,6
888,gemini_3_1_pro_high,39.1092865340131,7
888,deepseek_v4_flash_max,25.900564660627893,8
888,deepseek_v4_pro_max,18.204144644869416,9
889,kimi_k3_max,74.48712151391739,1
889,qwen3_8_max,60.31704353060712,2
889,gemini_3_1_pro_high,59.455139375063524,3
889,claude_fable_5_max,45.91239113671982,4
889,gpt_5_6_sol_max,40.14633613677642,5
889,deepseek_v4_flash_max,39.74813682012858,6
889,gpt_5_5_xhigh,36.35711761280317,7
889,claude_opus_4_8_max,28.092417781156847,8
889,deepseek_v4_pro_max,18.107940629770432,9
890,qwen3_8_max,62.14415905109074,1
890,gpt_5_6_sol_max,61.10322277241377,2
890,kimi_k3_max,55.880407068642114,3
890,gemini_3_1_pro_high,48.75224859904133,4
890,claude_fable_5_max,43.643035244579366,5
890,claude_opus_4_8_max,33.01698988397794,6
890,deepseek_v4_flash_max,31.13166544663468,7
890,deepseek_v4_pro_max,27.952017131771406,8
890,gpt_5_5_xhigh,25.570928958569194,9
891,kimi_k3_max,64.50530882754825,1
891,qwen3_8_max,62.74605744407995,2
891,gpt_5_5_xhigh,51.55175645578397,3
891,claude_fable_5_max,46.15816287769859,4
891,gemini_3_1_pro_high,44.60400142804967,5
891,deepseek_v4_flash_max,43.35529285786858,6
891,deepseek_v4_pro_max,38.40990924241176,7
891,gpt_5_6_sol_max,38.25360353293412,8
891,claude_opus_4_8_max,23.25639279614084,9
892,gpt_5_6_sol_max,69.40491650218777,1
892,gpt_5_5_xhigh,63.58457832976046,2
892,gemini_3_1_pro_high,56.935808538645716,3
892,claude_fable_5_max,44.393878712863724,4
892,kimi_k3_max,43.65692541362153,5
892,deepseek_v4_pro_max,42.099944481793344,6
892,qwen3_8_max,32.129770180521916,7
892,deepseek_v4_flash_max,30.23349436644345,8
892,claude_opus_4_8_max,24.72001290521799,9
893,claude_opus_4_8_max,76.80290671186242,1
893,gpt_5_5_xhigh,62.69920317987798,2
893,qwen3_8_max,47.630126715496075,3
893,gpt_5_6_sol_max,46.94452200370705,4
893,claude_fable_5_max,41.57962402519476,5
893,deepseek_v4_flash_max,40.41202523103091,6
893,kimi_k3_max,32.0073292886849,7
893,gemini_3_1_pro_high,17.756179730974655,8
893,deepseek_v4_pro_max,13.571451293696828,9
894,gpt_5_6_sol_max,81.88992167498952,1
894,claude_fable_5_max,66.04051291894812,2
894,gemini_3_1_pro_high,54.784084413209015,3
894,kimi_k3_max,53.90735952212536,4
894,claude_opus_4_8_max,49.142667609399766,5
894,qwen3_8_max,43.727996886593814,6
894,deepseek_v4_pro_max,34.57906440231244,7
894,gpt_5_5_xhigh,23.6434980067547,8
894,deepseek_v4_flash_max,10.005251475720241,9
895,gemini_3_1_pro_high,84.09050866604963,1
895,qwen3_8_max,75.72583639319569,2
895,kimi_k3_max,72.37298596084196,3
895,gpt_5_6_sol_max,56.14895518681164,4
895,gpt_5_5_xhigh,45.22428383525218,5
895,claude_fable_5_max,36.19242549450195,6
895,deepseek_v4_pro_max,30.047791176327188,7
895,deepseek_v4_flash_max,27.698218285401843,8
895,claude_opus_4_8_max,17.756009964311737,9
896,qwen3_8_max,63.72373883247322,1
896,gemini_3_1_pro_high,60.23482474065189,2
896,kimi_k3_max,49.59286778045609,3
896,gpt_5_5_xhigh,48.27060527438846,4
896,claude_fable_5_max,46.419336491462886,5
896,claude_opus_4_8_max,44.623617840511415,6
896,gpt_5_6_sol_max,38.46227400564495,7
896,deepseek_v4_pro_max,26.426328433034605,8
896,deepseek_v4_flash_max,21.21521327128484,9
897,kimi_k3_max,86.88870003753954,1
897,gpt_5_5_xhigh,77.36942757320348,2
897,claude_fable_5_max,62.17666971035746,3
897,qwen3_8_max,46.08101578593377,4
897,gemini_3_1_pro_high,38.749122911765426,5
897,gpt_5_6_sol_max,33.689335933326326,6
897,claude_opus_4_8_max,33.43047934465245,7
897,deepseek_v4_flash_max,24.6791774695414,8
897,deepseek_v4_pro_max,16.470738837486223,9
898,gpt_5_6_sol_max,76.96207771725042,1
898,claude_opus_4_8_max,58.42491126817515,2
898,deepseek_v4_pro_max,45.863665751184996,3
898,gemini_3_1_pro_high,42.34024058841614,4
898,gpt_5_5_xhigh,36.488684785999716,5
898,qwen3_8_max,35.63005756625813,6
898,claude_fable_5_max,31.248681082100774,7
898,kimi_k3_max,16.375959591707613,8
898,deepseek_v4_flash_max,8.397126359995767,9
899,gpt_5_5_xhigh,68.26931595102512,1
899,claude_fable_5_max,65.70231056993659,2
899,gpt_5_6_sol_max,60.1263710495497,3
899,kimi_k3_max,56.718596241853874,4
899,qwen3_8_max,51.16297808836359,5
899,gemini_3_1_pro_high,43.393086008444705,6
899,deepseek_v4_flash_max,41.00945406215618,7
899,claude_opus_4_8_max,35.580418531684046,8
899,deepseek_v4_pro_max,33.873037302729955,9
900,claude_fable_5_max,85.1617356576385,1
900,kimi_k3_max,72.68927116937583,2
900,gpt_5_6_sol_max,63.02499800426692,3
900,gpt_5_5_xhigh,54.054200062567645,4
900,gemini_3_1_pro_high,47.22759626952386,5
900,qwen3_8_max,39.91008863197472,6
900,claude_opus_4_8_max,36.16887454574963,7
900,deepseek_v4_flash_max,26.472062812538546,8
900,deepseek_v4_pro_max,20.634190728453596,9
901,kimi_k3_max,65.5986966390681,1
901,deepseek_v4_flash_max,56.22219147416501,2
901,gemini_3_1_pro_high,54.487760668621924,3
901,claude_opus_4_8_max,48.710672956391925,4
901,gpt_5_6_sol_max,44.57059200439879,5
901,claude_fable_5_max,42.75514447183264,6
901,gpt_5_5_xhigh,34.15884960668245,7
901,qwen3_8_max,26.298612552308988,8
901,deepseek_v4_pro_max,26.298579601816705,9
902,claude_opus_4_8_max,76.476872749043,1
902,gemini_3_1_pro_high,65.2342311726875,2
902,gpt_5_5_xhigh,63.366591014726566,3
902,deepseek_v4_flash_max,44.97959827428925,4
902,qwen3_8_max,28.746745897973796,5
902,gpt_5_6_sol_max,28.47107864165869,6
902,kimi_k3_max,25.54203615627387,7
902,deepseek_v4_pro_max,21.960408658329754,8
902,claude_fable_5_max,19.937267550176152,9
903,kimi_k3_max,75.21023265333403,1
903,claude_opus_4_8_max,70.60100959877974,2
903,gemini_3_1_pro_high,60.4336107701187,3
903,claude_fable_5_max,60.18609968368645,4
903,qwen3_8_max,52.12762118506591,5
903,gpt_5_6_sol_max,42.896913721268525,6
903,gpt_5_5_xhigh,27.57211630922322,7
903,deepseek_v4_flash_max,23.096028192961334,8
903,deepseek_v4_pro_max,12.954490974014117,9
904,gpt_5_5_xhigh,67.33122455397819,1
904,gpt_5_6_sol_max,44.870441700329714,2
904,claude_opus_4_8_max,37.52341974978025,3
904,kimi_k3_max,36.05857585612846,4
904,gemini_3_1_pro_high,29.755618640545634,5
904,deepseek_v4_pro_max,27.170729895500045,6
904,claude_fable_5_max,25.888296663667408,7
904,qwen3_8_max,24.083051221879337,8
904,deepseek_v4_flash_max,13.042575750434585,9
905,kimi_k3_max,79.01179727145522,1
905,qwen3_8_max,67.49875697362849,2
905,gpt_5_6_sol_max,55.706217344568785,3
905,gpt_5_5_xhigh,39.84880743632752,4
905,gemini_3_1_pro_high,35.658377111657295,5
905,deepseek_v4_flash_max,30.873035623001993,6
905,claude_opus_4_8_max,25.357030178115803,7
905,deepseek_v4_pro_max,20.30928880955775,8
905,claude_fable_5_max,13.49181904436739,9
906,gpt_5_6_sol_max,81.59588948888336,1
906,kimi_k3_max,78.8839826509866,2
906,qwen3_8_max,66.51784881832666,3
906,claude_fable_5_max,51.859070089867245,4
906,claude_opus_4_8_max,46.158535796274485,5
906,gemini_3_1_pro_high,33.03760953199267,6
906,gpt_5_5_xhigh,18.275942093727124,7
906,deepseek_v4_pro_max,16.601232938730607,8
906,deepseek_v4_flash_max,15.682867226749046,9
907,gemini_3_1_pro_high,71.18855987529821,1
907,claude_fable_5_max,67.83921551546527,2
907,qwen3_8_max,59.984002335015354,3
907,gpt_5_5_xhigh,54.033436762790615,4
907,deepseek_v4_pro_max,45.34322709194179,5
907,gpt_5_6_sol_max,45.183893602337996,6
907,kimi_k3_max,37.402264121348644,7
907,claude_opus_4_8_max,22.81002594195746,8
907,deepseek_v4_flash_max,7.314590519705611,9
908,gpt_5_5_xhigh,73.38953605524044,1
908,claude_fable_5_max,66.94435596265706,2
908,qwen3_8_max,58.831326962596435,3
908,deepseek_v4_pro_max,45.56026913758651,4
908,gemini_3_1_pro_high,38.11380551310883,5
908,deepseek_v4_flash_max,30.115780456344105,6
908,gpt_5_6_sol_max,28.300759507370707,7
908,claude_opus_4_8_max,22.641094374999856,8
908,kimi_k3_max,21.278775677056345,9
909,gpt_5_5_xhigh,71.83760704475789,1
909,claude_opus_4_8_max,54.55918978816116,2
909,claude_fable_5_max,52.50708923623317,3
909,kimi_k3_max,51.39336297025223,4
909,gemini_3_1_pro_high,40.088858983490184,5
909,gpt_5_6_sol_max,38.718718570614314,6
909,deepseek_v4_flash_max,30.12351440632175,7
909,qwen3_8_max,24.178819646221623,8
909,deepseek_v4_pro_max,23.90934025608773,9
910,claude_fable_5_max,82.83476392713148,1
910,qwen3_8_max,59.9308890576872,2
910,gpt_5_6_sol_max,57.92228697314135,3
910,gemini_3_1_pro_high,52.22069789990669,4
910,claude_opus_4_8_max,45.537200816540576,5
910,gpt_5_5_xhigh,39.827716478535876,6
910,kimi_k3_max,32.916036054456264,7
910,deepseek_v4_pro_max,30.643487448460203,8
910,deepseek_v4_flash_max,27.30108679011186,9
911,gpt_5_5_xhigh,80.83758479212918,1
911,gpt_5_6_sol_max,58.73323844116027,2
911,deepseek_v4_pro_max,34.154896905941584,3
911,gemini_3_1_pro_high,29.494769356811013,4
911,kimi_k3_max,24.24394496786068,5
911,claude_fable_5_max,22.137570602398824,6
911,qwen3_8_max,22.00572581937152,7
911,deepseek_v4_flash_max,17.924633314036413,8
911,claude_opus_4_8_max,12.780098749342326,9
912,qwen3_8_max,75.6272177870091,1
912,gemini_3_1_pro_high,70.66122837635376,2
912,gpt_5_6_sol_max,69.60337594408423,3
912,gpt_5_5_xhigh,61.71200574303394,4
912,claude_fable_5_max,59.13635483903989,5
912,kimi_k3_max,34.624216467428354,6
912,claude_opus_4_8_max,25.29204712196871,7
912,deepseek_v4_flash_max,20.361169149147813,8
912,deepseek_v4_pro_max,15.61354233866572,9
913,gpt_5_6_sol_max,54.43472072956753,1
913,qwen3_8_max,54.394113245314244,2
913,kimi_k3_max,49.32646584035362,3
913,gpt_5_5_xhigh,45.90575587321018,4
913,claude_fable_5_max,45.71835881581758,5
913,gemini_3_1_pro_high,39.27544814467322,6
913,claude_opus_4_8_max,24.67158558236733,7
913,deepseek_v4_pro_max,23.03482718252571,8
913,deepseek_v4_flash_max,22.304102100987226,9
914,gpt_5_6_sol_max,50.20954039010965,1
914,gpt_5_5_xhigh,49.049593073577476,2
914,deepseek_v4_pro_max,47.400053107136074,3
914,claude_opus_4_8_max,44.04047715318827,4
914,qwen3_8_max,40.2207374443799,5
914,claude_fable_5_max,34.051731324575954,6
914,gemini_3_1_pro_high,33.442373844601725,7
914,deepseek_v4_flash_max,16.746963256915276,8
914,kimi_k3_max,12.747464872503937,9
915,gpt_5_6_sol_max,58.571266324538605,1
915,claude_opus_4_8_max,55.54978283253163,2
915,qwen3_8_max,47.683541098086096,3
915,kimi_k3_max,44.92778028936523,4
915,deepseek_v4_pro_max,42.12003818029328,5
915,gemini_3_1_pro_high,30.535802569329867,6
915,claude_fable_5_max,23.048629161225033,7
915,deepseek_v4_flash_max,22.032310810014962,8
915,gpt_5_5_xhigh,20.420090380372717,9
916,claude_fable_5_max,89.3535914254401,1
916,kimi_k3_max,68.13779881996581,2
916,gpt_5_5_xhigh,65.57847509416891,3
916,gemini_3_1_pro_high,60.380853580141576,4
916,gpt_5_6_sol_max,47.412483169847405,5
916,claude_opus_4_8_max,42.81024205351766,6
916,qwen3_8_max,26.2568476138948,7
916,deepseek_v4_flash_max,20.432192416141028,8
916,deepseek_v4_pro_max,19.920416994543203,9
917,claude_opus_4_8_max,70.26724850599774,1
917,claude_fable_5_max,61.74002213956492,2
917,kimi_k3_max,60.365215672689104,3
917,qwen3_8_max,50.86184089076045,4
917,gpt_5_6_sol_max,49.679429993333834,5
917,gemini_3_1_pro_high,44.29051698363763,6
917,deepseek_v4_pro_max,34.92090270540956,7
917,gpt_5_5_xhigh,31.875754941003233,8
917,deepseek_v4_flash_max,30.24980744957433,9
918,gpt_5_5_xhigh,63.485639422957725,1
918,claude_fable_5_max,58.91043579602247,2
918,kimi_k3_max,42.07146766359483,3
918,gpt_5_6_sol_max,39.81550166467005,4
918,gemini_3_1_pro_high,32.24689563138344,5
918,claude_opus_4_8_max,27.867749441534485,6
918,deepseek_v4_flash_max,25.77201280682973,7
918,qwen3_8_max,22.577267820722206,8
918,deepseek_v4_pro_max,17.946130885641807,9
919,kimi_k3_max,66.06284460097989,1
919,claude_opus_4_8_max,64.00196218142773,2
919,qwen3_8_max,43.839429720723444,3
919,claude_fable_5_max,42.023508610984656,4
919,gemini_3_1_pro_high,26.8120727891892,5
919,gpt_5_5_xhigh,26.27573320517869,6
919,deepseek_v4_flash_max,25.109027745129673,7
919,deepseek_v4_pro_max,20.86490888685178,8
919,gpt_5_6_sol_max,15.543067927065577,9
920,kimi_k3_max,80.01858932107118,1
920,gemini_3_1_pro_high,71.77503949063743,2
920,claude_opus_4_8_max,69.29646287763975,3
920,gpt_5_5_xhigh,52.8151511970767,4
920,deepseek_v4_pro_max,42.11376098504663,5
920,gpt_5_6_sol_max,37.02550218240036,6
920,qwen3_8_max,30.710584845378563,7
920,claude_fable_5_max,29.91953845481327,8
920,deepseek_v4_flash_max,19.0122316645243,9
921,gpt_5_6_sol_max,78.16287092623443,1
921,claude_fable_5_max,57.587174881640124,2
921,qwen3_8_max,48.74693789156344,3
921,claude_opus_4_8_max,46.44285619002001,4
921,gemini_3_1_pro_high,42.77001008487347,5
921,kimi_k3_max,40.33249047599771,6
921,deepseek_v4_pro_max,34.84024561425606,7
921,gpt_5_5_xhigh,33.4105866886064,8
921,deepseek_v4_flash_max,28.293559957957918,9
922,claude_opus_4_8_max,70.55865637087132,1
922,gpt_5_6_sol_max,58.50395721480657,2
922,qwen3_8_max,57.00710998398804,3
922,deepseek_v4_flash_max,37.18710110179565,4
922,gemini_3_1_pro_high,36.6096345755982,5
922,gpt_5_5_xhigh,36.17619318351844,6
922,claude_fable_5_max,31.160712605546205,7
922,deepseek_v4_pro_max,24.965500374736468,8
922,kimi_k3_max,23.371351325442518,9
923,claude_fable_5_max,84.82365067248153,1
923,kimi_k3_max,59.768971737709506,2
923,qwen3_8_max,59.39352462684883,3
923,gpt_5_5_xhigh,54.741226611492365,4
923,claude_opus_4_8_max,48.745422735762894,5
923,deepseek_v4_pro_max,42.18110474927037,6
923,gpt_5_6_sol_max,39.029374697354356,7
923,deepseek_v4_flash_max,35.83849139195183,8
923,gemini_3_1_pro_high,30.438353958764317,9
924,gpt_5_6_sol_max,79.68480985132305,1
924,claude_fable_5_max,55.2911443415721,2
924,gpt_5_5_xhigh,51.692073469291685,3
924,claude_opus_4_8_max,39.23656688806294,4
924,gemini_3_1_pro_high,37.77918803425498,5
924,kimi_k3_max,28.583974986690087,6
924,deepseek_v4_pro_max,28.524335410054334,7
924,qwen3_8_max,27.89468711912096,8
924,deepseek_v4_flash_max,24.84116001345714,9
925,gpt_5_6_sol_max,81.98660081030751,1
925,gpt_5_5_xhigh,75.49893049667722,2
925,kimi_k3_max,52.32451343905972,3
925,claude_opus_4_8_max,51.44579489505489,4
925,gemini_3_1_pro_high,45.69357550274978,5
925,qwen3_8_max,45.17834320868804,6
925,deepseek_v4_pro_max,22.042664633913752,7
925,claude_fable_5_max,16.757358883551163,8
925,deepseek_v4_flash_max,16.716850891883908,9
926,gpt_5_6_sol_max,74.14503500542824,1
926,gemini_3_1_pro_high,64.2897683761771,2
926,claude_fable_5_max,58.158890942366895,3
926,kimi_k3_max,56.386655356350246,4
926,gpt_5_5_xhigh,47.79509982519299,5
926,qwen3_8_max,43.44718662963652,6
926,deepseek_v4_flash_max,31.038025398725043,7
926,deepseek_v4_pro_max,28.84522030557173,8
926,claude_opus_4_8_max,26.891717938690775,9
927,gemini_3_1_pro_high,63.745884935349,1
927,deepseek_v4_pro_max,50.79277372540031,2
927,kimi_k3_max,50.018927186700985,3
927,claude_opus_4_8_max,48.59017953809288,4
927,gpt_5_6_sol_max,41.879370057541095,5
927,claude_fable_5_max,41.2154586387849,6
927,qwen3_8_max,22.581327614096708,7
927,gpt_5_5_xhigh,20.29528029026808,8
927,deepseek_v4_flash_max,14.402032681317827,9
928,gpt_5_6_sol_max,79.27884295439185,1
928,qwen3_8_max,47.39122980123216,2
928,gpt_5_5_xhigh,44.83682171385148,3
928,claude_opus_4_8_max,37.28059376861394,4
928,kimi_k3_max,36.884836188382685,5
928,deepseek_v4_flash_max,33.43241374277626,6
928,deepseek_v4_pro_max,30.46792562742001,7
928,gemini_3_1_pro_high,26.675667067423333,8
928,claude_fable_5_max,23.289890925404155,9
929,claude_fable_5_max,77.94087903481918,1
929,claude_opus_4_8_max,75.75440452581716,2
929,gemini_3_1_pro_high,68.82995647100034,3
929,qwen3_8_max,65.6768379160591,4
929,deepseek_v4_pro_max,45.49298490547821,5
929,gpt_5_5_xhigh,44.74742160718189,6
929,kimi_k3_max,42.56391229437137,7
929,gpt_5_6_sol_max,28.520331031088965,8
929,deepseek_v4_flash_max,17.32438526895571,9
930,gpt_5_6_sol_max,78.022572909935,1
930,claude_fable_5_max,70.3536750882603,2
930,qwen3_8_max,48.31738193683548,3
930,gemini_3_1_pro_high,46.33739313847859,4
930,claude_opus_4_8_max,42.75903176420161,5
930,deepseek_v4_pro_max,38.03337455684036,6
930,kimi_k3_max,32.94199591157303,7
930,deepseek_v4_flash_max,26.29184848355749,8
930,gpt_5_5_xhigh,25.005178299522523,9
931,kimi_k3_max,85.91327180554404,1
931,claude_opus_4_8_max,50.79993978348227,2
931,gpt_5_5_xhigh,45.48144068035516,3
931,gpt_5_6_sol_max,43.33999062201298,4
931,qwen3_8_max,41.87498224837309,5
931,deepseek_v4_flash_max,24.57671223660959,6
931,claude_fable_5_max,20.918058494734954,7
931,deepseek_v4_pro_max,20.70571968157647,8
931,gemini_3_1_pro_high,16.31949838691493,9
932,gpt_5_5_xhigh,67.47188274649574,1
932,deepseek_v4_pro_max,50.834326220248606,2
932,claude_opus_4_8_max,50.71527697964582,3
932,gemini_3_1_pro_high,44.60705764031428,4
932,kimi_k3_max,43.42574249108012,5
932,claude_fable_5_max,37.665544572041455,6
932,qwen3_8_max,34.72889441774438,7
932,gpt_5_6_sol_max,34.05944466246211,8
932,deepseek_v4_flash_max,26.248306673553344,9
933,gpt_5_6_sol_max,61.64228721799077,1
933,claude_fable_5_max,60.51201593247814,2
933,gpt_5_5_xhigh,51.47005968625305,3
933,claude_opus_4_8_max,45.174827409334476,4
933,qwen3_8_max,39.585660234002006,5
933,gemini_3_1_pro_high,35.728658014900105,6
933,deepseek_v4_flash_max,26.271525938438522,7
933,deepseek_v4_pro_max,23.17972121111392,8
933,kimi_k3_max,13.644429318876725,9
934,kimi_k3_max,78.52437737529503,1
934,gemini_3_1_pro_high,61.62185950923617,2
934,claude_fable_5_max,45.87750471162048,3
934,qwen3_8_max,34.10611516394238,4
934,gpt_5_5_xhigh,33.812997945459486,5
934,deepseek_v4_flash_max,28.607534947251754,6
934,claude_opus_4_8_max,28.043890709009275,7
934,gpt_5_6_sol_max,22.2441512495326,8
934,deepseek_v4_pro_max,20.308417323025648,9
935,kimi_k3_max,73.81230940188709,1
935,claude_opus_4_8_max,71.38561775832996,2
935,gpt_5_5_xhigh,59.737672287759146,3
935,claude_fable_5_max,51.06214313194627,4
935,gpt_5_6_sol_max,48.25513899357344,5
935,qwen3_8_max,39.24772287201701,6
935,deepseek_v4_pro_max,32.79290314879448,7
935,gemini_3_1_pro_high,23.97805058684942,8
935,deepseek_v4_flash_max,8.960017567265137,9
936,gpt_5_6_sol_max,66.13123102190217,1
936,kimi_k3_max,59.7643210045727,2
936,claude_fable_5_max,58.96915422926271,3
936,gemini_3_1_pro_high,50.37375260470756,4
936,qwen3_8_max,35.912822383192896,5
936,deepseek_v4_flash_max,27.440073437025628,6
936,gpt_5_5_xhigh,25.174501247582477,7
936,claude_opus_4_8_max,21.29711039795957,8
936,deepseek_v4_pro_max,20.38100460809077,9
937,gemini_3_1_pro_high,71.4279603695616,1
937,gpt_5_5_xhigh,59.260564531018474,2
937,claude_fable_5_max,58.84345892871827,3
937,claude_opus_4_8_max,57.81614897883772,4
937,kimi_k3_max,48.43671752664376,5
937,qwen3_8_max,40.66247092421405,6
937,deepseek_v4_flash_max,36.39854927733046,7
937,gpt_5_6_sol_max,27.03966213471317,8
937,deepseek_v4_pro_max,17.971725538141538,9
938,claude_fable_5_max,58.75813205504637,1
938,claude_opus_4_8_max,55.49653017195158,2
938,qwen3_8_max,38.621375043481166,3
938,gpt_5_5_xhigh,36.6733516087388,4
938,gemini_3_1_pro_high,35.954216419767036,5
938,kimi_k3_max,29.45461597672906,6
938,gpt_5_6_sol_max,25.30510466461348,7
938,deepseek_v4_pro_max,22.652755496007032,8
938,deepseek_v4_flash_max,18.307784760247877,9
939,claude_opus_4_8_max,72.33606656739354,1
939,gpt_5_6_sol_max,68.22843669678886,2
939,qwen3_8_max,56.98705964231902,3
939,claude_fable_5_max,53.76315266360103,4
939,gpt_5_5_xhigh,37.34851641273979,5
939,gemini_3_1_pro_high,34.5873716424166,6
939,kimi_k3_max,27.85330182001683,7
939,deepseek_v4_pro_max,24.102001273774015,8
939,deepseek_v4_flash_max,11.851986763320895,9
940,claude_opus_4_8_max,68.43210216802123,1
940,qwen3_8_max,62.798456459418645,2
940,kimi_k3_max,59.307178838332774,3
940,gemini_3_1_pro_high,56.556811399490016,4
940,claude_fable_5_max,49.98357813839269,5
940,deepseek_v4_flash_max,42.619816647150344,6
940,gpt_5_6_sol_max,27.102538753866163,7
940,gpt_5_5_xhigh,25.816528152903928,8
940,deepseek_v4_pro_max,6.7296816329954945,9
941,claude_opus_4_8_max,70.0353476554362,1
941,gpt_5_6_sol_max,61.585044738578276,2
941,gemini_3_1_pro_high,60.54506950037755,3
941,kimi_k3_max,51.28818482892961,4
941,qwen3_8_max,49.22471607366581,5
941,claude_fable_5_max,47.59387348605556,6
941,deepseek_v4_pro_max,35.50807862446213,7
941,gpt_5_5_xhigh,26.014732614754408,8
941,deepseek_v4_flash_max,17.150740956910887,9
942,gpt_5_6_sol_max,80.87626704839124,1
942,gpt_5_5_xhigh,42.32545301243086,2
942,qwen3_8_max,39.75304228594913,3
942,claude_fable_5_max,32.38019035879707,4
942,deepseek_v4_pro_max,31.08252265900196,5
942,gemini_3_1_pro_high,30.996327781287455,6
942,deepseek_v4_flash_max,25.749125105258763,7
942,kimi_k3_max,22.413733539259546,8
942,claude_opus_4_8_max,18.91641643224294,9
943,gpt_5_5_xhigh,78.87517880949912,1
943,claude_fable_5_max,48.308307354386066,2
943,gpt_5_6_sol_max,44.91275446882908,3
943,gemini_3_1_pro_high,43.04794343929427,4
943,claude_opus_4_8_max,35.91130138849864,5
943,qwen3_8_max,30.60266022164599,6
943,deepseek_v4_pro_max,26.854400974422436,7
943,deepseek_v4_flash_max,24.305508725693983,8
943,kimi_k3_max,24.168757255951398,9
944,kimi_k3_max,76.98829293133443,1
944,claude_opus_4_8_max,67.83634651964687,2
944,claude_fable_5_max,60.654310289528155,3
944,qwen3_8_max,51.65496295337249,4
944,gemini_3_1_pro_high,48.863144194425246,5
944,deepseek_v4_pro_max,37.13717520120751,6
944,gpt_5_6_sol_max,35.393382363264614,7
944,gpt_5_5_xhigh,28.536016401241444,8
944,deepseek_v4_flash_max,27.648670696693493,9
945,claude_fable_5_max,76.53389731301401,1
945,gemini_3_1_pro_high,73.65328243010741,2
945,qwen3_8_max,56.637688695096706,3
945,kimi_k3_max,45.44155002632862,4
945,gpt_5_6_sol_max,45.36672902157214,5
945,claude_opus_4_8_max,44.59573579478815,6
945,gpt_5_5_xhigh,28.3707380013092,7
945,deepseek_v4_pro_max,25.448531067135384,8
945,deepseek_v4_flash_max,21.27546202110977,9
946,gpt_5_6_sol_max,76.01936923053154,1
946,claude_opus_4_8_max,56.41106359753042,2
946,gpt_5_5_xhigh,53.15450183700058,3
946,qwen3_8_max,51.99029056553282,4
946,kimi_k3_max,42.69207204819419,5
946,claude_fable_5_max,41.90513825026275,6
946,deepseek_v4_flash_max,38.73063909531112,7
946,gemini_3_1_pro_high,17.409740091174974,8
946,deepseek_v4_pro_max,13.7276216653756,9
947,claude_fable_5_max,59.69877069649199,1
947,claude_opus_4_8_max,59.4624159071871,2
947,gpt_5_5_xhigh,51.23028914913856,3
947,gpt_5_6_sol_max,47.3049331130681,4
947,deepseek_v4_pro_max,45.22584988713298,5
947,qwen3_8_max,43.70809436032641,6
947,kimi_k3_max,40.98221141987519,7
947,gemini_3_1_pro_high,19.13871723715997,8
947,deepseek_v4_flash_max,18.90463454834714,9
948,claude_fable_5_max,83.89235375749456,1
948,gpt_5_6_sol_max,76.53573370130236,2
948,gemini_3_1_pro_high,72.070436938766,3
948,qwen3_8_max,56.37384739974284,4
948,claude_opus_4_8_max,49.001471608274414,5
948,kimi_k3_max,37.30254265951095,6
948,deepseek_v4_pro_max,30.565001547518463,7
948,gpt_5_5_xhigh,29.667792884447778,8
948,deepseek_v4_flash_max,22.102785807535795,9
949,gpt_5_5_xhigh,69.50304409427109,1
949,claude_fable_5_max,66.46438777402955,2
949,claude_opus_4_8_max,61.35449614476306,3
949,qwen3_8_max,42.725894451782345,4
949,kimi_k3_max,42.48539834018315,5
949,gemini_3_1_pro_high,39.556917130786346,6
949,deepseek_v4_pro_max,33.45175708493669,7
949,deepseek_v4_flash_max,24.870634334272065,8
949,gpt_5_6_sol_max,13.741022208320206,9
950,kimi_k3_max,68.17073217089796,1
950,claude_fable_5_max,65.70406452525174,2
950,gpt_5_6_sol_max,59.97882870030335,3
950,qwen3_8_max,35.95766421865824,4
950,deepseek_v4_flash_max,33.54765644181088,5
950,gemini_3_1_pro_high,32.780792048129406,6
950,gpt_5_5_xhigh,30.328652977684285,7
950,deepseek_v4_pro_max,26.433953154021886,8
950,claude_opus_4_8_max,25.012899352912314,9
951,gpt_5_5_xhigh,81.72267559416147,1
951,kimi_k3_max,81.05135818715014,2
951,claude_opus_4_8_max,64.07559554174237,3
951,qwen3_8_max,49.71544253240313,4
951,gpt_5_6_sol_max,41.7856741055132,5
951,deepseek_v4_flash_max,41.74668078841327,6
951,claude_fable_5_max,37.67644702874068,7
951,gemini_3_1_pro_high,37.146857653176646,8
951,deepseek_v4_pro_max,10.404853979682825,9
952,gpt_5_5_xhigh,72.03324625147422,1
952,claude_fable_5_max,49.611019424098686,2
952,claude_opus_4_8_max,40.469804881557366,3
952,qwen3_8_max,40.41437860366123,4
952,kimi_k3_max,37.15110045342291,5
952,deepseek_v4_pro_max,33.847702809926915,6
952,gemini_3_1_pro_high,32.04508231598798,7
952,deepseek_v4_flash_max,31.21429925496888,8
952,gpt_5_6_sol_max,16.01952953018103,9
953,kimi_k3_max,69.45670159295261,1
953,gpt_5_5_xhigh,55.08730675110512,2
953,gemini_3_1_pro_high,53.83789518439297,3
953,claude_opus_4_8_max,50.95676395111133,4
953,qwen3_8_max,45.72100341592101,5
953,deepseek_v4_pro_max,44.38120904014269,6
953,claude_fable_5_max,29.47389898507362,7
953,gpt_5_6_sol_max,26.468297957084562,8
953,deepseek_v4_flash_max,12.955849667204102,9
954,gpt_5_5_xhigh,61.34873824954384,1
954,claude_fable_5_max,59.909633883331004,2
954,claude_opus_4_8_max,58.135936746985074,3
954,kimi_k3_max,56.48866563565538,4
954,gemini_3_1_pro_high,45.34748461331736,5
954,deepseek_v4_flash_max,30.759193538242457,6
954,deepseek_v4_pro_max,28.288744430684936,7
954,qwen3_8_max,24.97419965180022,8
954,gpt_5_6_sol_max,13.949135575556724,9
955,gpt_5_6_sol_max,82.51727408054992,1
955,kimi_k3_max,53.61605823093349,2
955,claude_opus_4_8_max,42.94913127191597,3
955,claude_fable_5_max,36.10993932305594,4
955,deepseek_v4_flash_max,32.85773720824631,5
955,gemini_3_1_pro_high,31.35055128686014,6
955,qwen3_8_max,27.70091882412934,7
955,gpt_5_5_xhigh,24.75913612477642,8
955,deepseek_v4_pro_max,7.210344518137146,9
956,gpt_5_6_sol_max,66.7297814520623,1
956,claude_opus_4_8_max,56.46602225559823,2
956,claude_fable_5_max,43.988318282031415,3
956,gemini_3_1_pro_high,35.80473986490086,4
956,qwen3_8_max,28.462242169708365,5
956,deepseek_v4_flash_max,28.375825638253982,6
956,kimi_k3_max,22.109098816751683,7
956,gpt_5_5_xhigh,21.90586417499313,8
956,deepseek_v4_pro_max,10.265051583600956,9
957,qwen3_8_max,73.06639677309441,1
957,kimi_k3_max,72.81189658608372,2
957,claude_opus_4_8_max,61.441311250481675,3
957,gemini_3_1_pro_high,48.173292519491106,4
957,claude_fable_5_max,45.24819631172302,5
957,gpt_5_6_sol_max,42.43534035081997,6
957,gpt_5_5_xhigh,39.354504357077644,7
957,deepseek_v4_flash_max,32.00685781256317,8
957,deepseek_v4_pro_max,27.408129436000987,9
958,claude_fable_5_max,54.99422586524784,1
958,qwen3_8_max,50.64149884506886,2
958,claude_opus_4_8_max,48.92163321345557,3
958,gpt_5_6_sol_max,43.64053659137512,4
958,deepseek_v4_pro_max,43.1070132503653,5
958,gpt_5_5_xhigh,33.29382113647404,6
958,kimi_k3_max,32.295595576897924,7
958,deepseek_v4_flash_max,18.07968971187808,8
958,gemini_3_1_pro_high,15.285209678327554,9
959,kimi_k3_max,73.34168593151338,1
959,claude_fable_5_max,58.40986081443161,2
959,gpt_5_5_xhigh,56.064611853328735,3
959,deepseek_v4_flash_max,43.7397776957857,4
959,gemini_3_1_pro_high,38.755271740530304,5
959,claude_opus_4_8_max,37.50503555769614,6
959,deepseek_v4_pro_max,35.95748631888183,7
959,gpt_5_6_sol_max,33.572273395353,8
959,qwen3_8_max,32.382619943817524,9
960,claude_opus_4_8_max,68.58630291858265,1
960,gpt_5_6_sol_max,66.47313593126059,2
960,kimi_k3_max,48.39710933309607,3
960,qwen3_8_max,47.099111478019346,4
960,gpt_5_5_xhigh,39.67462432213853,5
960,deepseek_v4_flash_max,34.71174005436468,6
960,gemini_3_1_pro_high,34.0008803841271,7
960,claude_fable_5_max,30.817516264284176,8
960,deepseek_v4_pro_max,14.739732575909358,9
961,kimi_k3_max,71.53053404019963,1
961,qwen3_8_max,65.4752288756878,2
961,gpt_5_6_sol_max,50.85767720116954,3
961,deepseek_v4_flash_max,50.74894116366397,4
961,gpt_5_5_xhigh,49.041239817302895,5
961,claude_opus_4_8_max,48.99526935451995,6
961,gemini_3_1_pro_high,38.59891073212691,7
961,claude_fable_5_max,34.875695536711746,8
961,deepseek_v4_pro_max,6.661949110491893,9
962,kimi_k3_max,78.3352035486532,1
962,claude_fable_5_max,59.30804162761012,2
962,qwen3_8_max,55.918451028098374,3
962,gpt_5_5_xhigh,50.04544444608473,4
962,deepseek_v4_pro_max,48.88829291872477,5
962,claude_opus_4_8_max,43.415398197692646,6
962,gemini_3_1_pro_high,39.291853119516944,7
962,gpt_5_6_sol_max,38.62208193149481,8
962,deepseek_v4_flash_max,37.99250776885719,9
963,kimi_k3_max,80.2656035960661,1
963,gemini_3_1_pro_high,65.09776071581328,2
963,gpt_5_5_xhigh,58.20170192336426,3
963,claude_fable_5_max,55.63915606310785,4
963,gpt_5_6_sol_max,51.357506574159586,5
963,qwen3_8_max,38.11543340614396,6
963,deepseek_v4_flash_max,27.00688665568958,7
963,claude_opus_4_8_max,22.119908416606282,8
963,deepseek_v4_pro_max,9.192013120116048,9
964,gpt_5_5_xhigh,63.578052777826784,1
964,claude_fable_5_max,61.18617070570919,2
964,qwen3_8_max,52.20392082500487,3
964,kimi_k3_max,45.263648568841774,4
964,claude_opus_4_8_max,38.26264962860027,5
964,deepseek_v4_pro_max,35.88549198853299,6
964,gemini_3_1_pro_high,25.96354378184232,7
964,deepseek_v4_flash_max,25.362003998920123,8
964,gpt_5_6_sol_max,22.598081869750125,9
965,gemini_3_1_pro_high,75.69196019270737,1
965,gpt_5_6_sol_max,58.91792085915354,2
965,claude_fable_5_max,45.47682446030872,3
965,gpt_5_5_xhigh,45.23653731314936,4
965,kimi_k3_max,42.875839838964765,5
965,qwen3_8_max,39.46600454803197,6
965,deepseek_v4_flash_max,38.811168688126905,7
965,claude_opus_4_8_max,38.35359557018454,8
965,deepseek_v4_pro_max,5.978831278258554,9
966,claude_opus_4_8_max,70.89123730601119,1
966,kimi_k3_max,61.98836619461943,2
966,qwen3_8_max,47.469348494636236,3
966,gpt_5_5_xhigh,44.979948451347425,4
966,gpt_5_6_sol_max,44.51928836472669,5
966,gemini_3_1_pro_high,38.56541942363176,6
966,deepseek_v4_flash_max,38.331607649849204,7
966,claude_fable_5_max,28.40697170792126,8
966,deepseek_v4_pro_max,19.62735078919376,9
967,gpt_5_6_sol_max,69.49164404005185,1
967,gpt_5_5_xhigh,62.94768875849906,2
967,claude_opus_4_8_max,49.20218724493418,3
967,qwen3_8_max,42.4193169414294,4
967,gemini_3_1_pro_high,41.956500659099625,5
967,deepseek_v4_pro_max,34.73800055496274,6
967,claude_fable_5_max,27.393103354108167,7
967,deepseek_v4_flash_max,24.971419981615526,8
967,kimi_k3_max,23.80005052908152,9
968,claude_opus_4_8_max,64.64733151050926,1
968,qwen3_8_max,47.69990159476077,2
968,gpt_5_6_sol_max,40.70136475007069,3
968,deepseek_v4_pro_max,39.77215947273967,4
968,claude_fable_5_max,39.407338362503424,5
968,kimi_k3_max,31.590986572999608,6
968,gemini_3_1_pro_high,28.401885779557464,7
968,gpt_5_5_xhigh,20.419730119340162,8
968,deepseek_v4_flash_max,18.200542771726663,9
969,gpt_5_6_sol_max,68.59860177313857,1
969,claude_fable_5_max,65.92088999386195,2
969,deepseek_v4_pro_max,57.266612817735364,3
969,qwen3_8_max,54.402905517303694,4
969,kimi_k3_max,52.76031592594706,5
969,gemini_3_1_pro_high,49.28608312550355,6
969,claude_opus_4_8_max,35.575687434394304,7
969,gpt_5_5_xhigh,33.03219553414981,8
969,deepseek_v4_flash_max,14.909848689674348,9
970,deepseek_v4_pro_max,62.06320511286209,1
970,gpt_5_6_sol_max,60.36149661267058,2
970,kimi_k3_max,57.949061399188246,3
970,gemini_3_1_pro_high,57.710524907332704,4
970,gpt_5_5_xhigh,56.767357901643905,5
970,claude_fable_5_max,51.728853497299056,6
970,qwen3_8_max,31.584975839529548,7
970,claude_opus_4_8_max,23.087024455991056,8
970,deepseek_v4_flash_max,15.761484013981478,9
971,claude_fable_5_max,80.85188704431583,1
971,gemini_3_1_pro_high,60.02497410513344,2
971,qwen3_8_max,45.83781458870526,3
971,gpt_5_6_sol_max,43.4235867643912,4
971,gpt_5_5_xhigh,42.426312627742114,5
971,kimi_k3_max,36.91695168811471,6
971,deepseek_v4_flash_max,28.96170317970232,7
971,claude_opus_4_8_max,23.430983570550918,8
971,deepseek_v4_pro_max,15.894520663741693,9
972,qwen3_8_max,85.3727272471341,1
972,claude_opus_4_8_max,63.804741143843955,2
972,gpt_5_5_xhigh,55.503729911675066,3
972,claude_fable_5_max,48.43765134268931,4
972,gpt_5_6_sol_max,43.522996286195344,5
972,deepseek_v4_flash_max,40.2922553138289,6
972,kimi_k3_max,37.25815231709926,7
972,gemini_3_1_pro_high,27.374022108998492,8
972,deepseek_v4_pro_max,10.503882520325812,9
973,claude_opus_4_8_max,75.18174388773528,1
973,gpt_5_5_xhigh,64.17683430484891,2
973,kimi_k3_max,63.32187095534555,3
973,gpt_5_6_sol_max,57.25506001133063,4
973,qwen3_8_max,52.323197513984994,5
973,gemini_3_1_pro_high,39.0614564212366,6
973,claude_fable_5_max,35.066794937369146,7
973,deepseek_v4_flash_max,28.407665684295658,8
973,deepseek_v4_pro_max,21.52794703855045,9
974,claude_opus_4_8_max,66.28540747632726,1
974,gpt_5_5_xhigh,60.8669795229022,2
974,gemini_3_1_pro_high,57.36225420530404,3
974,deepseek_v4_pro_max,56.12841027449238,4
974,gpt_5_6_sol_max,52.070844860867886,5
974,qwen3_8_max,44.96682517198336,6
974,claude_fable_5_max,39.550391323159616,7
974,kimi_k3_max,26.872203200423993,8
974,deepseek_v4_flash_max,4.166294701392421,9
975,claude_fable_5_max,75.30666333715214,1
975,gemini_3_1_pro_high,72.90072012699417,2
975,qwen3_8_max,70.85275206594986,3
975,gpt_5_6_sol_max,63.445125909235834,4
975,kimi_k3_max,48.830622532355775,5
975,gpt_5_5_xhigh,44.44748049573336,6
975,claude_opus_4_8_max,22.824014244875904,7
975,deepseek_v4_pro_max,20.721861148347248,8
975,deepseek_v4_flash_max,16.34556057947253,9
976,gpt_5_6_sol_max,81.33115296238944,1
976,gemini_3_1_pro_high,78.17883076155326,2
976,claude_fable_5_max,56.87073667965095,3
976,qwen3_8_max,46.75836266546509,4
976,gpt_5_5_xhigh,42.56881753813805,5
976,claude_opus_4_8_max,35.29400319593265,6
976,kimi_k3_max,34.52141433432756,7
976,deepseek_v4_pro_max,33.6314520604737,8
976,deepseek_v4_flash_max,17.289177417315738,9
977,claude_fable_5_max,77.36548941328373,1
977,gemini_3_1_pro_high,60.90808253841752,2
977,gpt_5_5_xhigh,57.798592896240805,3
977,claude_opus_4_8_max,51.81607158645263,4
977,kimi_k3_max,43.805123987146224,5
977,qwen3_8_max,40.9594954588165,6
977,deepseek_v4_flash_max,36.25290699498889,7
977,deepseek_v4_pro_max,25.954516735178057,8
977,gpt_5_6_sol_max,24.45911714380209,9
978,kimi_k3_max,76.15497157689026,1
978,claude_fable_5_max,52.752399379999275,2
978,gemini_3_1_pro_high,43.621208924999465,3
978,gpt_5_6_sol_max,42.53625667269334,4
978,qwen3_8_max,41.23912841985097,5
978,claude_opus_4_8_max,37.54201324379832,6
978,deepseek_v4_flash_max,37.43167047058018,7
978,gpt_5_5_xhigh,36.88048584432546,8
978,deepseek_v4_pro_max,22.79811640215921,9
979,gpt_5_5_xhigh,67.76101976521939,1
979,kimi_k3_max,53.938571774722284,2
979,claude_opus_4_8_max,41.959788345413514,3
979,deepseek_v4_pro_max,39.028128758213725,4
979,gemini_3_1_pro_high,38.73867433019559,5
979,qwen3_8_max,36.0960396137607,6
979,claude_fable_5_max,33.49326740072428,7
979,gpt_5_6_sol_max,30.44105915970902,8
979,deepseek_v4_flash_max,17.41911267589028,9
980,kimi_k3_max,86.75578511189104,1
980,gpt_5_5_xhigh,69.23622270305131,2
980,gemini_3_1_pro_high,67.29976192691151,3
980,gpt_5_6_sol_max,60.11468412229479,4
980,claude_fable_5_max,47.65553454751932,5
980,claude_opus_4_8_max,36.76979193155777,6
980,deepseek_v4_pro_max,29.70276699705194,7
980,qwen3_8_max,28.20005907461345,8
980,deepseek_v4_flash_max,13.651450419329853,9
981,kimi_k3_max,70.92600722728217,1
981,gpt_5_6_sol_max,62.01742967041508,2
981,gemini_3_1_pro_high,58.013082111259976,3
981,claude_fable_5_max,57.403577807256546,4
981,qwen3_8_max,47.78414778698759,5
981,deepseek_v4_pro_max,46.560469712859586,6
981,gpt_5_5_xhigh,39.459317465153795,7
981,claude_opus_4_8_max,23.2641500627367,8
981,deepseek_v4_flash_max,22.42813548944468,9
982,claude_opus_4_8_max,66.14012901649679,1
982,gemini_3_1_pro_high,57.8574608160331,2
982,claude_fable_5_max,53.62264288362829,3
982,gpt_5_5_xhigh,53.278841170664975,4
982,deepseek_v4_pro_max,32.948109995806284,5
982,gpt_5_6_sol_max,31.385327212775284,6
982,kimi_k3_max,31.276321343353175,7
982,qwen3_8_max,26.70504183545667,8
982,deepseek_v4_flash_max,9.56315136169042,9
983,claude_fable_5_max,83.70813666365075,1
983,gpt_5_5_xhigh,58.70384916548937,2
983,qwen3_8_max,46.561477040962345,3
983,gpt_5_6_sol_max,39.32047448043549,4
983,deepseek_v4_flash_max,37.85922062814266,5
983,claude_opus_4_8_max,34.01775782983437,6
983,gemini_3_1_pro_high,30.96378985669002,7
983,kimi_k3_max,23.011477452976845,8
983,deepseek_v4_pro_max,21.237610284423518,9
984,gpt_5_6_sol_max,59.26463974400137,1
984,qwen3_8_max,54.657492626601595,2
984,claude_fable_5_max,54.62015742370279,3
984,kimi_k3_max,51.82245336636227,4
984,claude_opus_4_8_max,40.815167592105055,5
984,gemini_3_1_pro_high,38.15718148984817,6
984,gpt_5_5_xhigh,31.606348500331485,7
984,deepseek_v4_pro_max,22.062643193071313,8
984,deepseek_v4_flash_max,4.482460067654081,9
985,claude_fable_5_max,61.91423843717254,1
985,gpt_5_6_sol_max,58.075786974795804,2
985,gpt_5_5_xhigh,51.931177574561346,3
985,qwen3_8_max,51.87851710563498,4
985,gemini_3_1_pro_high,50.61590150337791,5
985,kimi_k3_max,38.19414817774266,6
985,deepseek_v4_pro_max,34.726411955528114,7
985,deepseek_v4_flash_max,27.34536650478443,8
985,claude_opus_4_8_max,25.41228917915183,9
986,claude_fable_5_max,66.8711114235831,1
986,kimi_k3_max,62.52633235965439,2
986,gemini_3_1_pro_high,54.65255518599303,3
986,qwen3_8_max,50.98763582007474,4
986,gpt_5_5_xhigh,50.52626527731903,5
986,claude_opus_4_8_max,35.73705838157244,6
986,deepseek_v4_pro_max,29.228773293392692,7
986,deepseek_v4_flash_max,22.993922283249994,8
986,gpt_5_6_sol_max,22.670984901638306,9
987,gpt_5_5_xhigh,73.57575247855114,1
987,kimi_k3_max,48.20211049179165,2
987,claude_fable_5_max,41.66596568650031,3
987,gemini_3_1_pro_high,38.300953673158,4
987,gpt_5_6_sol_max,35.06835267168861,5
987,deepseek_v4_pro_max,31.096062728055855,6
987,deepseek_v4_flash_max,30.096596775303684,7
987,qwen3_8_max,26.194966947469702,8
987,claude_opus_4_8_max,25.299172978755355,9
988,gemini_3_1_pro_high,73.87496466810742,1
988,gpt_5_6_sol_max,67.6732329962148,2
988,kimi_k3_max,66.88546590254808,3
988,claude_fable_5_max,62.23911618267255,4
988,deepseek_v4_flash_max,55.15484375004675,5
988,gpt_5_5_xhigh,53.56362082302917,6
988,qwen3_8_max,46.96420902393794,7
988,claude_opus_4_8_max,21.13667717947871,8
988,deepseek_v4_pro_max,12.176477752522974,9
989,claude_opus_4_8_max,74.42156947022534,1
989,qwen3_8_max,65.31175594710986,2
989,gpt_5_6_sol_max,50.488998946858075,3
989,claude_fable_5_max,44.394409873610584,4
989,kimi_k3_max,39.79375693583449,5
989,gemini_3_1_pro_high,39.14836053834466,6
989,gpt_5_5_xhigh,32.47571796162215,7
989,deepseek_v4_flash_max,31.93991497266464,8
989,deepseek_v4_pro_max,16.548113530003373,9
990,kimi_k3_max,65.4592579526205,1
990,claude_fable_5_max,63.89266365115069,2
990,gpt_5_6_sol_max,60.878492279103064,3
990,gemini_3_1_pro_high,51.825211936455396,4
990,qwen3_8_max,50.509021197210956,5
990,deepseek_v4_flash_max,44.730527084226935,6
990,gpt_5_5_xhigh,31.686153962407502,7
990,claude_opus_4_8_max,31.619806025397374,8
990,deepseek_v4_pro_max,19.369488757745366,9
991,claude_fable_5_max,67.17471424603453,1
991,gpt_5_5_xhigh,59.22388975118278,2
991,deepseek_v4_pro_max,41.82126504289158,3
991,qwen3_8_max,41.37153224285859,4
991,gpt_5_6_sol_max,29.374094440307147,5
991,kimi_k3_max,28.46750720497912,6
991,claude_opus_4_8_max,26.852422264758534,7
991,gemini_3_1_pro_high,25.893478323236323,8
991,deepseek_v4_flash_max,10.449610246103296,9
992,claude_opus_4_8_max,80.3941003959247,1
992,gpt_5_5_xhigh,63.66452760443316,2
992,kimi_k3_max,61.2780779718521,3
992,qwen3_8_max,50.65578043060152,4
992,claude_fable_5_max,43.648238667115635,5
992,deepseek_v4_flash_max,40.45925304906147,6
992,gemini_3_1_pro_high,30.364716125134386,7
992,gpt_5_6_sol_max,27.822949461414638,8
992,deepseek_v4_pro_max,25.315986183261032,9
993,gpt_5_6_sol_max,68.40897574772691,1
993,claude_opus_4_8_max,61.84122231927341,2
993,claude_fable_5_max,61.12841829342501,3
993,qwen3_8_max,43.528412983875,4
993,gpt_5_5_xhigh,38.49138470948549,5
993,kimi_k3_max,32.56579752711837,6
993,deepseek_v4_flash_max,31.476905082396804,7
993,deepseek_v4_pro_max,18.328993647648062,8
993,gemini_3_1_pro_high,9.9761266596311,9
994,claude_opus_4_8_max,82.8872317104077,1
994,qwen3_8_max,71.87121329017202,2
994,gpt_5_6_sol_max,68.52632897203003,3
994,kimi_k3_max,42.97276174304265,4
994,gemini_3_1_pro_high,34.270237739373734,5
994,claude_fable_5_max,26.82643761365222,6
994,deepseek_v4_pro_max,20.461928996543612,7
994,gpt_5_5_xhigh,18.408174968013796,8
994,deepseek_v4_flash_max,13.979638381665215,9
995,claude_fable_5_max,79.7657745418986,1
995,qwen3_8_max,57.58799315466108,2
995,gpt_5_6_sol_max,52.69658775765439,3
995,gpt_5_5_xhigh,46.93363279528677,4
995,kimi_k3_max,39.5060828610958,5
995,gemini_3_1_pro_high,36.88449221219303,6
995,deepseek_v4_pro_max,32.66911598753519,7
995,deepseek_v4_flash_max,24.012475915874,8
995,claude_opus_4_8_max,23.963801951867538,9
996,kimi_k3_max,69.85209648747143,1
996,claude_fable_5_max,66.35258150203481,2
996,gpt_5_5_xhigh,58.67045380342776,3
996,qwen3_8_max,49.31055855521657,4
996,gemini_3_1_pro_high,42.72012584001549,5
996,claude_opus_4_8_max,36.56798473462694,6
996,deepseek_v4_pro_max,33.93962521504254,7
996,gpt_5_6_sol_max,25.676904053924893,8
996,deepseek_v4_flash_max,19.23991096483345,9
997,gemini_3_1_pro_high,70.81698330674996,1
997,claude_fable_5_max,65.09633351265201,2
997,kimi_k3_max,58.05496961709055,3
997,qwen3_8_max,46.3760757687052,4
997,gpt_5_5_xhigh,45.963091464247604,5
997,claude_opus_4_8_max,43.42371785806451,6
997,deepseek_v4_flash_max,24.77869141692697,7
997,gpt_5_6_sol_max,21.154100093291696,8
997,deepseek_v4_pro_max,17.217167264046587,9
998,gpt_5_5_xhigh,55.88210494745162,1
998,deepseek_v4_pro_max,51.63592938562416,2
998,gemini_3_1_pro_high,48.7300952805583,3
998,claude_fable_5_max,42.909170788559436,4
998,kimi_k3_max,39.91931840004469,5
998,gpt_5_6_sol_max,32.87695270803562,6
998,claude_opus_4_8_max,30.800357867051975,7
998,deepseek_v4_flash_max,13.638386038942926,8
998,qwen3_8_max,7.377559399339987,9
999,claude_fable_5_max,76.4360775187744,1
999,qwen3_8_max,70.35785873628338,2
999,gemini_3_1_pro_high,60.89824180136801,3
999,kimi_k3_max,58.29830538010768,4
999,claude_opus_4_8_max,51.681919395217484,5
999,gpt_5_6_sol_max,50.60595769159484,6
999,gpt_5_5_xhigh,46.642302463389264,7
999,deepseek_v4_pro_max,32.31223982444113,8
999,deepseek_v4_flash_max,23.152706989295787,9
1000,claude_opus_4_8_max,75.58302276002775,1
1000,claude_fable_5_max,68.28300332256084,2
1000,gpt_5_6_sol_max,64.72825554828205,3
1000,qwen3_8_max,51.88329327908572,4
1000,gemini_3_1_pro_high,49.15905631937489,5
1000,gpt_5_5_xhigh,48.51089229942453,6
1000,deepseek_v4_pro_max,46.15512710590726,7
1000,kimi_k3_max,31.174619826840562,8
1000,deepseek_v4_flash_max,17.50131632791404,9
1001,claude_opus_4_8_max,76.63771210815314,1
1001,gpt_5_5_xhigh,71.49699265901059,2
1001,claude_fable_5_max,57.89644193279635,3
1001,gpt_5_6_sol_max,42.462294052773856,4
1001,qwen3_8_max,42.26334722086855,5
1001,kimi_k3_max,40.3074034488942,6
1001,deepseek_v4_flash_max,36.72815997067077,7
1001,deepseek_v4_pro_max,28.17692381612544,8
1001,gemini_3_1_pro_high,13.629222124054895,9
1002,claude_fable_5_max,81.93899478283228,1
1002,kimi_k3_max,64.23209276593829,2
1002,gpt_5_6_sol_max,51.40549211154099,3
1002,gpt_5_5_xhigh,48.173815849010666,4
1002,deepseek_v4_pro_max,40.48534775865467,5
1002,gemini_3_1_pro_high,35.99827001935555,6
1002,claude_opus_4_8_max,23.763495045236933,7
1002,qwen3_8_max,16.676034222271817,8
1002,deepseek_v4_flash_max,8.240604670824004,9
1003,kimi_k3_max,77.22394918708096,1
1003,gpt_5_6_sol_max,70.71395232743598,2
1003,gpt_5_5_xhigh,49.709377018117166,3
1003,claude_opus_4_8_max,36.831188695150665,4
1003,gemini_3_1_pro_high,32.93069826156738,5
1003,deepseek_v4_pro_max,28.16528669696661,6
1003,claude_fable_5_max,25.243851484234128,7
1003,qwen3_8_max,22.564508950689707,8
1003,deepseek_v4_flash_max,4.563542536753566,9
1004,claude_fable_5_max,73.05295365380623,1
1004,kimi_k3_max,62.93961294852168,2
1004,gpt_5_6_sol_max,61.52594125875354,3
1004,qwen3_8_max,55.6194615537237,4
1004,claude_opus_4_8_max,48.335321375477236,5
1004,gpt_5_5_xhigh,39.81947319641964,6
1004,gemini_3_1_pro_high,36.909099723754714,7
1004,deepseek_v4_pro_max,33.3310447216065,8
1004,deepseek_v4_flash_max,20.672470307355745,9
1005,gpt_5_6_sol_max,80.31988213267738,1
1005,claude_fable_5_max,75.10660265222239,2
1005,kimi_k3_max,68.10225290997555,3
1005,deepseek_v4_flash_max,40.75426711064,4
1005,qwen3_8_max,40.65288792061753,5
1005,claude_opus_4_8_max,38.76324418318265,6
1005,gemini_3_1_pro_high,36.005651610445916,7
1005,gpt_5_5_xhigh,31.307684485815507,8
1005,deepseek_v4_pro_max,14.927808494906657,9
1006,claude_fable_5_max,75.641527978477,1
1006,gemini_3_1_pro_high,73.19114025152219,2
1006,gpt_5_6_sol_max,68.89382214896065,3
1006,kimi_k3_max,66.0049255666813,4
1006,gpt_5_5_xhigh,63.6711624979276,5
1006,qwen3_8_max,57.08094029337491,6
1006,claude_opus_4_8_max,40.20250764167589,7
1006,deepseek_v4_flash_max,27.196526486927723,8
1006,deepseek_v4_pro_max,8.202182503382915,9
1007,claude_opus_4_8_max,83.37771581357573,1
1007,gemini_3_1_pro_high,63.24578586011617,2
1007,qwen3_8_max,55.02819724587552,3
1007,gpt_5_6_sol_max,50.21316194759312,4
1007,kimi_k3_max,46.775377163531125,5
1007,claude_fable_5_max,39.47921353905639,6
1007,deepseek_v4_flash_max,39.314327138165474,7
1007,gpt_5_5_xhigh,36.13291140311549,8
1007,deepseek_v4_pro_max,6.1367145094154525,9
1008,gemini_3_1_pro_high,75.45876851183323,1
1008,qwen3_8_max,69.60427346742253,2
1008,gpt_5_6_sol_max,55.41306752497289,3
1008,claude_fable_5_max,46.194419138874025,4
1008,kimi_k3_max,43.94753617761171,5
1008,gpt_5_5_xhigh,41.72706690892924,6
1008,deepseek_v4_pro_max,41.08867911636643,7
1008,deepseek_v4_flash_max,24.393591582118745,8
1008,claude_opus_4_8_max,23.48954929163517,9
1009,gpt_5_5_xhigh,76.00237688340873,1
1009,claude_fable_5_max,55.514799796027525,2
1009,deepseek_v4_flash_max,44.35173741487866,3
1009,gemini_3_1_pro_high,40.888066385692085,4
1009,qwen3_8_max,39.24014373080328,5
1009,claude_opus_4_8_max,36.58680821347784,6
1009,gpt_5_6_sol_max,33.258092310904814,7
1009,kimi_k3_max,30.440168997610062,8
1009,deepseek_v4_pro_max,16.90243195080757,9
1010,kimi_k3_max,66.30569377077809,1
1010,gpt_5_6_sol_max,46.135548241089936,2
1010,claude_fable_5_max,45.876144681737685,3
1010,claude_opus_4_8_max,43.531973934124835,4
1010,gemini_3_1_pro_high,37.50816575472987,5
1010,qwen3_8_max,36.075613630723275,6
1010,gpt_5_5_xhigh,35.519995432011726,7
1010,deepseek_v4_pro_max,33.59015574666518,8
1010,deepseek_v4_flash_max,17.38127398647986,9
1011,claude_fable_5_max,66.30357705180143,1
1011,kimi_k3_max,59.75167845125398,2
1011,gemini_3_1_pro_high,59.7252214428247,3
1011,gpt_5_5_xhigh,45.339270742688385,4
1011,claude_opus_4_8_max,44.62943620945853,5
1011,qwen3_8_max,37.74280037167295,6
1011,gpt_5_6_sol_max,27.32578710698722,7
1011,deepseek_v4_flash_max,21.804980809914547,8
1011,deepseek_v4_pro_max,13.677503986831429,9
1012,claude_opus_4_8_max,83.2921999715227,1
1012,gemini_3_1_pro_high,71.706293666553,2
1012,claude_fable_5_max,65.30421090632339,3
1012,gpt_5_6_sol_max,58.151024251625365,4
1012,qwen3_8_max,55.18000089432057,5
1012,kimi_k3_max,49.09243312471918,6
1012,gpt_5_5_xhigh,27.482592650460944,7
1012,deepseek_v4_flash_max,26.136360611231936,8
1012,deepseek_v4_pro_max,20.697983774269318,9
1013,claude_fable_5_max,76.8963099526971,1
1013,gpt_5_6_sol_max,76.3881018724718,2
1013,kimi_k3_max,60.78235681612366,3
1013,claude_opus_4_8_max,53.180634476009814,4
1013,gemini_3_1_pro_high,41.71209386535119,5
1013,qwen3_8_max,32.24993910995396,6
1013,deepseek_v4_flash_max,29.172952998609556,7
1013,gpt_5_5_xhigh,27.788225216504614,8
1013,deepseek_v4_pro_max,20.065907701043933,9
1014,claude_fable_5_max,79.7321780575728,1
1014,gpt_5_6_sol_max,66.95926838304803,2
1014,gemini_3_1_pro_high,56.70990297767179,3
1014,qwen3_8_max,46.68617112378598,4
1014,kimi_k3_max,46.2929448279868,5
1014,gpt_5_5_xhigh,34.72529200651343,6
1014,claude_opus_4_8_max,25.325041715211867,7
1014,deepseek_v4_flash_max,21.816851407471287,8
1014,deepseek_v4_pro_max,19.18209372886601,9
1015,gpt_5_6_sol_max,76.04885632100984,1
1015,claude_fable_5_max,60.19092920562355,2
1015,qwen3_8_max,56.60278998786665,3
1015,gemini_3_1_pro_high,48.754687077245364,4
1015,gpt_5_5_xhigh,47.87572077577434,5
1015,kimi_k3_max,44.06320943644256,6
1015,deepseek_v4_flash_max,34.940515554919756,7
1015,claude_opus_4_8_max,32.18950614305113,8
1015,deepseek_v4_pro_max,19.342737726830972,9
1016,kimi_k3_max,73.44389545537311,1
1016,claude_fable_5_max,60.60539953920845,2
1016,gemini_3_1_pro_high,52.84087904325234,3
1016,gpt_5_5_xhigh,49.51782218444349,4
1016,claude_opus_4_8_max,45.23547139773032,5
1016,deepseek_v4_pro_max,34.14642517428098,6
1016,gpt_5_6_sol_max,26.68825526554503,7
1016,qwen3_8_max,25.278856393730308,8
1016,deepseek_v4_flash_max,23.23032126493712,9
1017,qwen3_8_max,67.49020903971675,1
1017,kimi_k3_max,64.94414927021316,2
1017,gpt_5_5_xhigh,57.292375982016466,3
1017,claude_opus_4_8_max,49.65209837187957,4
1017,claude_fable_5_max,49.4691903656266,5
1017,gemini_3_1_pro_high,34.148597075935996,6
1017,deepseek_v4_pro_max,29.958540912963578,7
1017,gpt_5_6_sol_max,19.144148308544317,8
1017,deepseek_v4_flash_max,17.829191991072868,9
1018,gpt_5_6_sol_max,72.35658924090991,1
1018,gemini_3_1_pro_high,65.91634622977415,2
1018,qwen3_8_max,62.07291677580749,3
1018,claude_fable_5_max,60.33123638126955,4
1018,gpt_5_5_xhigh,59.6828263168712,5
1018,kimi_k3_max,50.726724820514676,6
1018,deepseek_v4_flash_max,28.890968949339573,7
1018,claude_opus_4_8_max,22.79443274659083,8
1018,deepseek_v4_pro_max,14.255060369935752,9
1019,claude_opus_4_8_max,75.58290757364729,1
1019,gemini_3_1_pro_high,68.04260988408495,2
1019,claude_fable_5_max,56.24567751248229,3
1019,qwen3_8_max,50.32922435293713,4
1019,deepseek_v4_pro_max,38.579138887458114,5
1019,deepseek_v4_flash_max,36.43038545448573,6
1019,gpt_5_6_sol_max,34.16112906296807,7
1019,kimi_k3_max,33.847633049127964,8
1019,gpt_5_5_xhigh,28.938899930124293,9
1020,claude_fable_5_max,55.38490054915576,1
1020,qwen3_8_max,47.83972590136412,2
1020,claude_opus_4_8_max,46.3732110846655,3
1020,gpt_5_5_xhigh,44.95023090821261,4
1020,gemini_3_1_pro_high,44.65209999657945,5
1020,deepseek_v4_flash_max,28.258419486302984,6
1020,gpt_5_6_sol_max,21.632073693055883,7
1020,kimi_k3_max,11.033911049691028,8
1020,deepseek_v4_pro_max,9.105119251435237,9
1021,kimi_k3_max,57.00315261860435,1
1021,gemini_3_1_pro_high,56.79349177268162,2
1021,claude_fable_5_max,43.97400812016027,3
1021,qwen3_8_max,43.45236581114011,4
1021,claude_opus_4_8_max,35.89274394729648,5
1021,gpt_5_5_xhigh,34.28111338220071,6
1021,deepseek_v4_flash_max,32.12811888634631,7
1021,gpt_5_6_sol_max,23.536897880650063,8
1021,deepseek_v4_pro_max,20.347890329716726,9
1022,gpt_5_5_xhigh,78.37696158765537,1
1022,gpt_5_6_sol_max,67.67448795476633,2
1022,claude_fable_5_max,65.44693792807018,3
1022,qwen3_8_max,54.88026536670267,4
1022,gemini_3_1_pro_high,37.001665688393295,5
1022,deepseek_v4_pro_max,36.15257005351607,6
1022,claude_opus_4_8_max,30.178234814754425,7
1022,kimi_k3_max,18.671737114460335,8
1022,deepseek_v4_flash_max,9.870473749466704,9
1023,claude_opus_4_8_max,64.20986347498163,1
1023,gemini_3_1_pro_high,50.2107856364843,2
1023,kimi_k3_max,44.833849783481604,3
1023,deepseek_v4_pro_max,40.90590715767646,4
1023,gpt_5_6_sol_max,38.45019700993725,5
1023,claude_fable_5_max,32.40100280759411,6
1023,gpt_5_5_xhigh,29.824606689400404,7
1023,qwen3_8_max,26.91933246883457,8
1023,deepseek_v4_flash_max,18.810329044966586,9
1024,gpt_5_6_sol_max,74.46385419297495,1
1024,gemini_3_1_pro_high,57.177946748417824,2
1024,kimi_k3_max,56.75239613494048,3
1024,deepseek_v4_pro_max,45.47630600108185,4
1024,claude_fable_5_max,45.14412542115579,5
1024,claude_opus_4_8_max,40.30675301849686,6
1024,gpt_5_5_xhigh,27.75042264251144,7
1024,qwen3_8_max,23.33785779087287,8
1024,deepseek_v4_flash_max,10.58924678165488,9
1025,claude_fable_5_max,83.8237861577444,1
1025,gpt_5_6_sol_max,64.45353240298081,2
1025,gpt_5_5_xhigh,48.4324294897104,3
1025,gemini_3_1_pro_high,43.88705345412255,4
1025,deepseek_v4_pro_max,39.551826659852445,5
1025,claude_opus_4_8_max,34.46769786194001,6
1025,qwen3_8_max,32.228965257527776,7
1025,kimi_k3_max,24.68777967000008,8
1025,deepseek_v4_flash_max,16.605131243330987,9
1026,gpt_5_5_xhigh,79.47105591839923,1
1026,kimi_k3_max,48.9123847057408,2
1026,gemini_3_1_pro_high,44.303829523929934,3
1026,qwen3_8_max,38.6132176757604,4
1026,deepseek_v4_pro_max,37.27569459394189,5
1026,claude_opus_4_8_max,28.139574831307883,6
1026,gpt_5_6_sol_max,24.423849000880747,7
1026,deepseek_v4_flash_max,17.064922507604006,8
1026,claude_fable_5_max,14.371120319147895,9
1027,gpt_5_6_sol_max,78.24868226110546,1
1027,claude_opus_4_8_max,62.092681505359124,2
1027,claude_fable_5_max,39.48100332877288,3
1027,gpt_5_5_xhigh,39.11656077059936,4
1027,kimi_k3_max,36.50398539066151,5
1027,deepseek_v4_flash_max,24.357268336171586,6
1027,deepseek_v4_pro_max,18.724571294242857,7
1027,gemini_3_1_pro_high,17.720971891890983,8
1027,qwen3_8_max,15.472272281687642,9
1028,claude_opus_4_8_max,70.81067183734037,1
1028,gemini_3_1_pro_high,61.02011642856178,2
1028,claude_fable_5_max,53.72838065204218,3
1028,gpt_5_6_sol_max,49.32990055435231,4
1028,qwen3_8_max,48.36957373914824,5
1028,gpt_5_5_xhigh,44.5622538252667,6
1028,deepseek_v4_pro_max,30.522915986793983,7
1028,kimi_k3_max,26.568196949740106,8
1028,deepseek_v4_flash_max,1.8425439788715907,9
1029,gpt_5_5_xhigh,75.60051489327688,1
1029,kimi_k3_max,62.51321452601505,2
1029,qwen3_8_max,61.022900217763365,3
1029,claude_opus_4_8_max,57.10406161803468,4
1029,claude_fable_5_max,56.236556677246014,5
1029,deepseek_v4_pro_max,39.522177612033815,6
1029,gemini_3_1_pro_high,36.15644965009816,7
1029,gpt_5_6_sol_max,29.240062174038275,8
1029,deepseek_v4_flash_max,10.204657089932555,9
1030,gpt_5_6_sol_max,67.99813891265865,1
1030,gemini_3_1_pro_high,64.97434156403185,2
1030,claude_fable_5_max,37.56002938034597,3
1030,qwen3_8_max,35.501845201465585,4
1030,deepseek_v4_pro_max,31.758435032811764,5
1030,kimi_k3_max,28.93447579143618,6
1030,claude_opus_4_8_max,25.278549613411286,7
1030,gpt_5_5_xhigh,19.06658546234826,8
1030,deepseek_v4_flash_max,9.97544556644721,9
1031,gpt_5_6_sol_max,72.81841195367093,1
1031,gpt_5_5_xhigh,72.2578035403913,2
1031,qwen3_8_max,67.797596486145,3
1031,claude_fable_5_max,47.07581831947971,4
1031,deepseek_v4_flash_max,29.55683599815179,5
1031,kimi_k3_max,20.02979388145717,6
1031,gemini_3_1_pro_high,19.265582769448702,7
1031,claude_opus_4_8_max,19.127232462539272,8
1031,deepseek_v4_pro_max,18.493498120086137,9
1032,gemini_3_1_pro_high,73.65027669052748,1
1032,gpt_5_6_sol_max,69.06943285455333,2
1032,claude_opus_4_8_max,50.78053950890363,3
1032,qwen3_8_max,50.3970685956634,4
1032,claude_fable_5_max,34.773831315460384,5
1032,gpt_5_5_xhigh,28.224186360156484,6
1032,deepseek_v4_flash_max,26.799448814877994,7
1032,kimi_k3_max,19.794893778586875,8
1032,deepseek_v4_pro_max,18.92007977268866,9
1033,claude_opus_4_8_max,65.9957385524354,1
1033,gpt_5_6_sol_max,64.04477932481194,2
1033,gemini_3_1_pro_high,60.82099101052959,3
1033,qwen3_8_max,46.189225616246915,4
1033,gpt_5_5_xhigh,37.11123352608592,5
1033,deepseek_v4_pro_max,34.22464404615492,6
1033,deepseek_v4_flash_max,33.74821446664481,7
1033,claude_fable_5_max,22.878423712274184,8
1033,kimi_k3_max,14.123037218992605,9
1034,claude_fable_5_max,72.46220909468992,1
1034,qwen3_8_max,69.45361687369041,2
1034,kimi_k3_max,69.04571121044455,3
1034,gpt_5_6_sol_max,53.11663035732029,4
1034,gemini_3_1_pro_high,37.4165304841172,5
1034,deepseek_v4_flash_max,29.625412709029384,6
1034,claude_opus_4_8_max,28.83185648741219,7
1034,gpt_5_5_xhigh,21.726697261719078,8
1034,deepseek_v4_pro_max,16.809935922454958,9
1035,gemini_3_1_pro_high,75.44382256329146,1
1035,gpt_5_6_sol_max,67.16576444383577,2
1035,qwen3_8_max,66.75576427040752,3
1035,gpt_5_5_xhigh,58.87241938321971,4
1035,kimi_k3_max,42.54590281911387,5
1035,claude_fable_5_max,39.07764158011109,6
1035,deepseek_v4_pro_max,28.61956559982952,7
1035,claude_opus_4_8_max,25.916398532764692,8
1035,deepseek_v4_flash_max,12.757664560887,9
1036,gpt_5_5_xhigh,74.04362478764342,1
1036,gpt_5_6_sol_max,57.964467090959715,2
1036,claude_fable_5_max,48.232415715542466,3
1036,kimi_k3_max,34.73498266261583,4
1036,qwen3_8_max,28.721807218133044,5
1036,gemini_3_1_pro_high,26.343115281795086,6
1036,deepseek_v4_flash_max,21.17348366000163,7
1036,claude_opus_4_8_max,16.57575202013299,8
1036,deepseek_v4_pro_max,5.279768943209119,9
1037,kimi_k3_max,61.43534034557419,1
1037,gemini_3_1_pro_high,55.510047078619024,2
1037,claude_fable_5_max,52.10515630647818,3
1037,gpt_5_5_xhigh,33.198389116203515,4
1037,gpt_5_6_sol_max,31.67356877289159,5
1037,deepseek_v4_flash_max,26.03999165363762,6
1037,claude_opus_4_8_max,22.269039342914656,7
1037,qwen3_8_max,22.26003857835066,8
1037,deepseek_v4_pro_max,19.406355987853775,9
1038,kimi_k3_max,66.95176094084603,1
1038,gpt_5_6_sol_max,61.04729982769325,2
1038,qwen3_8_max,45.09741737294675,3
1038,gemini_3_1_pro_high,34.46526789432994,4
1038,deepseek_v4_flash_max,28.483176898031413,5
1038,claude_fable_5_max,25.61159094490828,6
1038,claude_opus_4_8_max,25.349878576092134,7
1038,gpt_5_5_xhigh,23.59135083175039,8
1038,deepseek_v4_pro_max,19.598780238901252,9
1039,claude_fable_5_max,75.27583027929889,1
1039,gpt_5_6_sol_max,69.78246289711964,2
1039,qwen3_8_max,57.86802505930862,3
1039,kimi_k3_max,43.27543720217636,4
1039,gemini_3_1_pro_high,41.20134533011212,5
1039,gpt_5_5_xhigh,34.89415947517058,6
1039,claude_opus_4_8_max,33.90580473143871,7
1039,deepseek_v4_flash_max,23.55730359577055,8
1039,deepseek_v4_pro_max,9.424562883802649,9
1040,claude_opus_4_8_max,73.37653231930021,1
1040,gpt_5_6_sol_max,51.20296576262999,2
1040,gpt_5_5_xhigh,50.17200483308914,3
1040,qwen3_8_max,49.17625614493008,4
1040,deepseek_v4_pro_max,45.78933011019453,5
1040,kimi_k3_max,37.543946581523606,6
1040,gemini_3_1_pro_high,29.748883228531884,7
1040,claude_fable_5_max,23.58822248571745,8
1040,deepseek_v4_flash_max,17.37712324065244,9
1041,qwen3_8_max,76.01424097272326,1
1041,claude_fable_5_max,59.270175057474724,2
1041,gpt_5_6_sol_max,54.57672136257443,3
1041,kimi_k3_max,51.17784948201367,4
1041,gemini_3_1_pro_high,50.095382035772836,5
1041,gpt_5_5_xhigh,49.888702336678136,6
1041,claude_opus_4_8_max,38.03057953047056,7
1041,deepseek_v4_flash_max,36.12958506776613,8
1041,deepseek_v4_pro_max,11.789231725618233,9
1042,claude_opus_4_8_max,67.61811730763549,1
1042,kimi_k3_max,64.07392026697627,2
1042,claude_fable_5_max,62.16097807270798,3
1042,qwen3_8_max,49.93604116600452,4
1042,gpt_5_6_sol_max,37.81346089568405,5
1042,gpt_5_5_xhigh,37.6670335997361,6
1042,deepseek_v4_flash_max,32.34462597283465,7
1042,gemini_3_1_pro_high,26.551789068283565,8
1042,deepseek_v4_pro_max,11.58793811819565,9
1043,gpt_5_6_sol_max,85.49717108211522,1
1043,claude_opus_4_8_max,52.798097427529946,2
1043,claude_fable_5_max,51.944583678631005,3
1043,qwen3_8_max,45.918283089542186,4
1043,deepseek_v4_flash_max,39.95608157942798,5
1043,kimi_k3_max,35.67577647074394,6
1043,deepseek_v4_pro_max,31.01084325730099,7
1043,gpt_5_5_xhigh,28.996865037857095,8
1043,gemini_3_1_pro_high,25.830669577673255,9
1044,claude_fable_5_max,82.30427895027145,1
1044,qwen3_8_max,59.00831812691713,2
1044,kimi_k3_max,54.53792952705297,3
1044,gpt_5_5_xhigh,48.22034821292823,4
1044,deepseek_v4_flash_max,40.01849897361146,5
1044,claude_opus_4_8_max,39.30821043853379,6
1044,gemini_3_1_pro_high,36.92828846287473,7
1044,deepseek_v4_pro_max,35.161032276579505,8
1044,gpt_5_6_sol_max,34.04089385986997,9
1045,kimi_k3_max,72.92978707376398,1
1045,qwen3_8_max,63.95822067240604,2
1045,claude_fable_5_max,62.48009849628672,3
1045,deepseek_v4_pro_max,41.281299298103924,4
1045,gemini_3_1_pro_high,36.487320042366775,5
1045,gpt_5_6_sol_max,36.05372200141607,6
1045,gpt_5_5_xhigh,30.495336900083345,7
1045,claude_opus_4_8_max,28.329365303511047,8
1045,deepseek_v4_flash_max,9.149501168770266,9
1046,gpt_5_6_sol_max,72.38921604694531,1
1046,qwen3_8_max,69.34187848071153,2
1046,claude_fable_5_max,65.48535606015987,3
1046,gemini_3_1_pro_high,61.66466895081855,4
1046,kimi_k3_max,50.07561549139578,5
1046,deepseek_v4_pro_max,35.57009900535623,6
1046,gpt_5_5_xhigh,33.124929337376564,7
1046,deepseek_v4_flash_max,24.687677246250004,8
1046,claude_opus_4_8_max,24.338868699608312,9
1047,kimi_k3_max,75.43448822004089,1
1047,qwen3_8_max,56.24876775071611,2
1047,gpt_5_5_xhigh,55.99326098658605,3
1047,gemini_3_1_pro_high,47.30820915493644,4
1047,deepseek_v4_pro_max,36.78076051067611,5
1047,claude_opus_4_8_max,31.19059365604277,6
1047,claude_fable_5_max,28.639481601960682,7
1047,gpt_5_6_sol_max,28.043672609594193,8
1047,deepseek_v4_flash_max,19.32335189955424,9
1048,claude_fable_5_max,73.21765364592804,1
1048,qwen3_8_max,71.71835326900705,2
1048,gpt_5_5_xhigh,60.58347140067602,3
1048,kimi_k3_max,59.693507228525995,4
1048,gemini_3_1_pro_high,46.91925131022694,5
1048,deepseek_v4_flash_max,36.82754773978844,6
1048,claude_opus_4_8_max,35.91494904190481,7
1048,gpt_5_6_sol_max,27.002130336043372,8
1048,deepseek_v4_pro_max,19.477259814287798,9
1049,gpt_5_6_sol_max,78.79329904840638,1
1049,qwen3_8_max,48.47595017730133,2
1049,claude_fable_5_max,47.239218708350194,3
1049,kimi_k3_max,41.071984599350785,4
1049,claude_opus_4_8_max,39.218414978252646,5
1049,deepseek_v4_pro_max,37.52069054777794,6
1049,gpt_5_5_xhigh,35.784046096610886,7
1049,gemini_3_1_pro_high,25.2310201873817,8
1049,deepseek_v4_flash_max,14.09211615338188,9
1050,gpt_5_6_sol_max,83.11330685572733,1
1050,kimi_k3_max,59.79917321139057,2
1050,gemini_3_1_pro_high,52.965445096159996,3
1050,gpt_5_5_xhigh,45.01099498972963,4
1050,claude_fable_5_max,43.421134512070665,5
1050,qwen3_8_max,36.12630919624091,6
1050,claude_opus_4_8_max,33.43189512554812,7
1050,deepseek_v4_pro_max,32.18440310626071,8
1050,deepseek_v4_flash_max,17.181096737825385,9
1051,claude_fable_5_max,56.766987506436,1
1051,claude_opus_4_8_max,55.07893316328509,2
1051,gemini_3_1_pro_high,48.62501096292574,3
1051,kimi_k3_max,46.56253795748842,4
1051,qwen3_8_max,42.81637022617241,5
1051,deepseek_v4_flash_max,42.621097232954206,6
1051,gpt_5_6_sol_max,40.46718371059231,7
1051,gpt_5_5_xhigh,29.5214831017266,8
1051,deepseek_v4_pro_max,28.646649429328814,9
1052,gpt_5_5_xhigh,80.0230127453438,1
1052,gemini_3_1_pro_high,69.23618978077656,2
1052,claude_fable_5_max,65.21047430869041,3
1052,gpt_5_6_sol_max,61.976499124906404,4
1052,kimi_k3_max,33.03489567467136,5
1052,claude_opus_4_8_max,26.528511662420048,6
1052,deepseek_v4_pro_max,21.524825565183278,7
1052,deepseek_v4_flash_max,21.024377295702386,8
1052,qwen3_8_max,19.961504749474496,9
1053,kimi_k3_max,73.635844945206,1
1053,gemini_3_1_pro_high,58.291512880336406,2
1053,qwen3_8_max,47.0961063963912,3
1053,claude_fable_5_max,44.81233461865,4
1053,gpt_5_5_xhigh,37.6613341375238,5
1053,claude_opus_4_8_max,35.372490074816014,6
1053,gpt_5_6_sol_max,34.084535573968644,7
1053,deepseek_v4_flash_max,24.452039009022464,8
1053,deepseek_v4_pro_max,23.596372771023564,9
1054,claude_opus_4_8_max,71.14743912963777,1
1054,kimi_k3_max,60.379446275254665,2
1054,qwen3_8_max,53.6212086841859,3
1054,gemini_3_1_pro_high,52.65479753187307,4
1054,gpt_5_6_sol_max,46.90053837360292,5
1054,gpt_5_5_xhigh,40.17389739034665,6
1054,deepseek_v4_pro_max,38.86275476444091,7
1054,deepseek_v4_flash_max,26.243805298153482,8
1054,claude_fable_5_max,16.04306250936785,9
1055,gpt_5_5_xhigh,83.11148143319909,1
1055,claude_opus_4_8_max,65.62208696135102,2
1055,gpt_5_6_sol_max,65.37429863718168,3
1055,claude_fable_5_max,65.34530613125803,4
1055,qwen3_8_max,60.67047769222544,5
1055,kimi_k3_max,54.963102619051746,6
1055,deepseek_v4_pro_max,36.95383114105732,7
1055,deepseek_v4_flash_max,36.46164791890436,8
1055,gemini_3_1_pro_high,32.4099379632732,9
1056,gpt_5_6_sol_max,62.20801670711744,1
1056,claude_fable_5_max,61.22744651428476,2
1056,qwen3_8_max,55.85514577046788,3
1056,claude_opus_4_8_max,46.90396108847989,4
1056,kimi_k3_max,45.06684730797386,5
1056,gemini_3_1_pro_high,43.69099722040946,6
1056,gpt_5_5_xhigh,28.425905282633522,7
1056,deepseek_v4_pro_max,23.90528287295232,8
1056,deepseek_v4_flash_max,19.125440238669327,9
1057,gemini_3_1_pro_high,70.29930509539238,1
1057,gpt_5_6_sol_max,69.34347347615991,2
1057,claude_fable_5_max,64.37583950985835,3
1057,qwen3_8_max,40.94694353747679,4
1057,gpt_5_5_xhigh,38.956514738490355,5
1057,claude_opus_4_8_max,34.14031594170886,6
1057,deepseek_v4_pro_max,33.369163513434735,7
1057,kimi_k3_max,25.4706021203953,8
1057,deepseek_v4_flash_max,15.37460189057435,9
1058,kimi_k3_max,73.58919089088373,1
1058,claude_opus_4_8_max,56.378653241247676,2
1058,qwen3_8_max,53.86840103571572,3
1058,claude_fable_5_max,41.08477075175203,4
1058,gpt_5_6_sol_max,33.21986287534567,5
1058,gemini_3_1_pro_high,30.402887760244784,6
1058,deepseek_v4_flash_max,23.333774110068262,7
1058,gpt_5_5_xhigh,23.27281484918011,8
1058,deepseek_v4_pro_max,18.23987080800537,9
1059,gpt_5_6_sol_max,75.28159144594392,1
1059,claude_fable_5_max,64.13332006244258,2
1059,qwen3_8_max,46.41881001270647,3
1059,kimi_k3_max,46.17813411961317,4
1059,deepseek_v4_pro_max,40.23969744130096,5
1059,gemini_3_1_pro_high,35.2700111099506,6
1059,gpt_5_5_xhigh,31.470178000376144,7
1059,claude_opus_4_8_max,26.721057649797913,8
1059,deepseek_v4_flash_max,23.62867224239659,9
1060,gemini_3_1_pro_high,60.80070724090204,1
1060,qwen3_8_max,59.85203769107613,2
1060,gpt_5_5_xhigh,57.92414693560363,3
1060,claude_fable_5_max,54.55847710890304,4
1060,gpt_5_6_sol_max,50.16838036779221,5
1060,kimi_k3_max,42.48876275625247,6
1060,deepseek_v4_flash_max,25.12050596962052,7
1060,claude_opus_4_8_max,20.266114438680514,8
1060,deepseek_v4_pro_max,16.943737134691776,9
1061,gpt_5_6_sol_max,67.01892193459753,1
1061,claude_fable_5_max,65.40309328727857,2
1061,kimi_k3_max,61.08234928184379,3
1061,deepseek_v4_pro_max,55.619143100865344,4
1061,gpt_5_5_xhigh,45.25535361878221,5
1061,qwen3_8_max,44.670233481970335,6
1061,claude_opus_4_8_max,40.2990861723415,7
1061,gemini_3_1_pro_high,40.2379383303467,8
1061,deepseek_v4_flash_max,17.1103254323874,9
1062,gpt_5_5_xhigh,68.65620059308453,1
1062,claude_opus_4_8_max,67.91913840126404,2
1062,gemini_3_1_pro_high,58.48642864922647,3
1062,kimi_k3_max,45.80693610820478,4
1062,qwen3_8_max,43.61018182630377,5
1062,deepseek_v4_pro_max,35.59338743482148,6
1062,deepseek_v4_flash_max,32.310073881555425,7
1062,gpt_5_6_sol_max,31.712298274934717,8
1062,claude_fable_5_max,29.141765067241494,9
1063,claude_opus_4_8_max,66.1472487702234,1
1063,gemini_3_1_pro_high,65.06622884514454,2
1063,claude_fable_5_max,57.34206457199688,3
1063,gpt_5_5_xhigh,49.71486641787448,4
1063,qwen3_8_max,44.25056632372939,5
1063,gpt_5_6_sol_max,38.13510784727711,6
1063,kimi_k3_max,31.059919452363467,7
1063,deepseek_v4_pro_max,28.281718667681158,8
1063,deepseek_v4_flash_max,10.303237811416409,9
1064,kimi_k3_max,68.38325142367349,1
1064,gpt_5_5_xhigh,52.489625934142744,2
1064,gemini_3_1_pro_high,45.04248147740708,3
1064,qwen3_8_max,39.831212312748036,4
1064,claude_opus_4_8_max,39.75177280018029,5
1064,gpt_5_6_sol_max,37.95856601402652,6
1064,deepseek_v4_pro_max,23.547691847834262,7
1064,claude_fable_5_max,21.249585491302504,8
1064,deepseek_v4_flash_max,8.641650362843794,9
1065,claude_fable_5_max,72.28186391082278,1
1065,gemini_3_1_pro_high,72.18849956650348,2
1065,claude_opus_4_8_max,66.45402023620923,3
1065,qwen3_8_max,46.76804648707401,4
1065,gpt_5_5_xhigh,41.589232769336874,5
1065,gpt_5_6_sol_max,36.52294943530879,6
1065,deepseek_v4_flash_max,29.459178455215728,7
1065,kimi_k3_max,27.33581215614748,8
1065,deepseek_v4_pro_max,17.42586277469102,9
1066,gemini_3_1_pro_high,78.23390817391213,1
1066,gpt_5_6_sol_max,68.1729303254261,2
1066,kimi_k3_max,53.68434925438768,3
1066,gpt_5_5_xhigh,45.738236607440186,4
1066,claude_fable_5_max,40.433678244725826,5
1066,qwen3_8_max,40.35993706821026,6
1066,deepseek_v4_flash_max,32.3377268466469,7
1066,claude_opus_4_8_max,28.78245448491151,8
1066,deepseek_v4_pro_max,4.710213251776343,9
1067,gpt_5_6_sol_max,66.9581845892464,1
1067,kimi_k3_max,66.66931384957255,2
1067,claude_fable_5_max,46.05510008708655,3
1067,deepseek_v4_flash_max,44.324111588667655,4
1067,gemini_3_1_pro_high,43.90036964313883,5
1067,qwen3_8_max,35.09057449062591,6
1067,claude_opus_4_8_max,26.758274405082766,7
1067,deepseek_v4_pro_max,18.463466350898933,8
1067,gpt_5_5_xhigh,17.830497709121257,9
1068,claude_fable_5_max,70.50891757986693,1
1068,gpt_5_6_sol_max,61.2095445417024,2
1068,gpt_5_5_xhigh,56.40013035635735,3
1068,gemini_3_1_pro_high,52.30287924291428,4
1068,kimi_k3_max,45.08172528951298,5
1068,qwen3_8_max,30.24240558462087,6
1068,claude_opus_4_8_max,21.95377535589778,7
1068,deepseek_v4_pro_max,21.40586095197023,8
1068,deepseek_v4_flash_max,19.791009767229838,9
1069,gpt_5_6_sol_max,82.20558511577187,1
1069,qwen3_8_max,65.20368788879907,2
1069,claude_opus_4_8_max,54.08527274709307,3
1069,kimi_k3_max,53.81199520554951,4
1069,claude_fable_5_max,45.955503284090476,5
1069,gpt_5_5_xhigh,45.69220779234765,6
1069,deepseek_v4_flash_max,33.15209884034125,7
1069,gemini_3_1_pro_high,24.61308879540362,8
1069,deepseek_v4_pro_max,22.655393589861546,9
1070,gpt_5_6_sol_max,61.43988361731773,1
1070,gpt_5_5_xhigh,60.89330834755675,2
1070,gemini_3_1_pro_high,59.49682505787409,3
1070,kimi_k3_max,52.04921112345971,4
1070,claude_opus_4_8_max,45.022505925832654,5
1070,claude_fable_5_max,42.364264020709975,6
1070,qwen3_8_max,33.773828000433554,7
1070,deepseek_v4_pro_max,31.062747783802944,8
1070,deepseek_v4_flash_max,16.590174759125293,9
1071,claude_opus_4_8_max,69.14871121328204,1
1071,qwen3_8_max,58.51274428048984,2
1071,gpt_5_6_sol_max,54.14959507052068,3
1071,gemini_3_1_pro_high,47.45653002108622,4
1071,gpt_5_5_xhigh,32.15671839231865,5
1071,kimi_k3_max,27.399877571056628,6
1071,claude_fable_5_max,26.613670412248908,7
1071,deepseek_v4_flash_max,22.572554522598494,8
1071,deepseek_v4_pro_max,12.871760544256002,9
1072,claude_fable_5_max,85.56416408797017,1
1072,claude_opus_4_8_max,65.4750411633535,2
1072,gpt_5_6_sol_max,39.387786423627304,3
1072,kimi_k3_max,34.785653852726725,4
1072,gemini_3_1_pro_high,34.61315051877979,5
1072,gpt_5_5_xhigh,25.104932267236407,6
1072,qwen3_8_max,24.417648431604313,7
1072,deepseek_v4_pro_max,19.74066021821106,8
1072,deepseek_v4_flash_max,11.49113761794621,9
1073,claude_opus_4_8_max,66.03283908896822,1
1073,claude_fable_5_max,50.359819989763366,2
1073,gemini_3_1_pro_high,46.15548726200856,3
1073,qwen3_8_max,44.79310167676411,4
1073,deepseek_v4_pro_max,43.80198337404183,5
1073,gpt_5_5_xhigh,42.97377434279938,6
1073,kimi_k3_max,29.500397480451703,7
1073,gpt_5_6_sol_max,19.076264303521747,8
1073,deepseek_v4_flash_max,6.813050441117708,9
1074,claude_opus_4_8_max,72.97835180377152,1
1074,claude_fable_5_max,53.18752846200981,2
1074,kimi_k3_max,51.642946570559225,3
1074,gpt_5_6_sol_max,45.71822752709083,4
1074,qwen3_8_max,42.03651363706232,5
1074,deepseek_v4_flash_max,40.69361494345473,6
1074,gemini_3_1_pro_high,36.019387469186874,7
1074,gpt_5_5_xhigh,27.538011081965024,8
1074,deepseek_v4_pro_max,12.504802688993953,9
1075,gpt_5_5_xhigh,66.94570643273568,1
1075,claude_opus_4_8_max,54.10129886946464,2
1075,claude_fable_5_max,48.470294377730866,3
1075,gemini_3_1_pro_high,44.19065565328233,4
1075,qwen3_8_max,40.19774422943635,5
1075,gpt_5_6_sol_max,28.798386823873397,6
1075,deepseek_v4_flash_max,21.22264806806874,7
1075,deepseek_v4_pro_max,18.13361803645939,8
1075,kimi_k3_max,16.84083873066985,9
1076,qwen3_8_max,78.2809289446628,1
1076,gemini_3_1_pro_high,76.14640655556212,2
1076,claude_fable_5_max,68.05119611865983,3
1076,claude_opus_4_8_max,48.088278568930164,4
1076,kimi_k3_max,43.8592337246841,5
1076,gpt_5_5_xhigh,30.032004411165893,6
1076,gpt_5_6_sol_max,29.114748119998655,7
1076,deepseek_v4_flash_max,21.02063887784906,8
1076,deepseek_v4_pro_max,10.370115139281419,9
1077,claude_fable_5_max,71.51577413801844,1
1077,kimi_k3_max,70.86606474560006,2
1077,qwen3_8_max,55.89913249186796,3
1077,claude_opus_4_8_max,50.928739896980105,4
1077,gemini_3_1_pro_high,49.43787184703122,5
1077,deepseek_v4_pro_max,47.13892774420296,6
1077,gpt_5_6_sol_max,33.191127016296,7
1077,gpt_5_5_xhigh,30.891049125431824,8
1077,deepseek_v4_flash_max,18.02637609315357,9
1078,kimi_k3_max,91.16102321238424,1
1078,gpt_5_5_xhigh,63.51216679369986,2
1078,claude_fable_5_max,55.09324109881053,3
1078,qwen3_8_max,51.01043965520296,4
1078,gemini_3_1_pro_high,34.25010008031961,5
1078,gpt_5_6_sol_max,29.81886243789485,6
1078,deepseek_v4_flash_max,27.29282484931744,7
1078,deepseek_v4_pro_max,25.032966455607735,8
1078,claude_opus_4_8_max,21.792674038629585,9
1079,claude_fable_5_max,69.83947286642201,1
1079,gpt_5_6_sol_max,68.23039268874003,2
1079,qwen3_8_max,56.41207955136746,3
1079,gpt_5_5_xhigh,54.05266322147972,4
1079,kimi_k3_max,39.85546789123714,5
1079,deepseek_v4_pro_max,37.394102655586316,6
1079,gemini_3_1_pro_high,30.808720272367758,7
1079,claude_opus_4_8_max,27.922400019456997,8
1079,deepseek_v4_flash_max,16.65361875438838,9
1080,qwen3_8_max,75.93875747614032,1
1080,gpt_5_6_sol_max,66.58577262519594,2
1080,claude_fable_5_max,64.5023048559473,3
1080,kimi_k3_max,55.659238528366586,4
1080,claude_opus_4_8_max,41.89768104432911,5
1080,gemini_3_1_pro_high,40.053829337352234,6
1080,gpt_5_5_xhigh,34.67598500787158,7
1080,deepseek_v4_pro_max,31.011717660739706,8
1080,deepseek_v4_flash_max,9.741661110442513,9
1081,claude_fable_5_max,79.23707096780052,1
1081,gemini_3_1_pro_high,62.52828194480088,2
1081,gpt_5_6_sol_max,51.236062072438266,3
1081,claude_opus_4_8_max,44.04086873825009,4
1081,gpt_5_5_xhigh,36.53900629953478,5
1081,qwen3_8_max,36.237137132963475,6
1081,deepseek_v4_flash_max,33.472456785018444,7
1081,kimi_k3_max,31.054874068383675,8
1081,deepseek_v4_pro_max,4.821916773840873,9
1082,claude_fable_5_max,79.36590074122628,1
1082,gpt_5_6_sol_max,65.60523746574299,2
1082,qwen3_8_max,53.91978915650627,3
1082,gemini_3_1_pro_high,45.5335521666081,4
1082,kimi_k3_max,44.797894965964076,5
1082,deepseek_v4_flash_max,38.94013675738795,6
1082,claude_opus_4_8_max,29.32709778111976,7
1082,gpt_5_5_xhigh,25.402245594545995,8
1082,deepseek_v4_pro_max,19.364303186131053,9
1083,claude_opus_4_8_max,68.5500315428072,1
1083,gpt_5_6_sol_max,66.83267336369165,2
1083,gemini_3_1_pro_high,58.93279691777756,3
1083,qwen3_8_max,50.8419629434245,4
1083,claude_fable_5_max,44.86093982181053,5
1083,gpt_5_5_xhigh,38.65899234889907,6
1083,kimi_k3_max,36.64967910045152,7
1083,deepseek_v4_pro_max,22.599565023869324,8
1083,deepseek_v4_flash_max,17.577090831184904,9
1084,claude_opus_4_8_max,75.96544457008096,1
1084,gpt_5_5_xhigh,49.46584650496748,2
1084,qwen3_8_max,45.0945059683273,3
1084,deepseek_v4_flash_max,44.6696673119254,4
1084,gpt_5_6_sol_max,37.94373193401143,5
1084,claude_fable_5_max,28.893166378092175,6
1084,deepseek_v4_pro_max,28.290103882233545,7
1084,kimi_k3_max,23.775096348960826,8
1084,gemini_3_1_pro_high,23.145911856781503,9
1085,gpt_5_6_sol_max,77.80103068478115,1
1085,kimi_k3_max,63.73880423047693,2
1085,claude_fable_5_max,61.449637467180196,3
1085,gpt_5_5_xhigh,56.29036400604551,4
1085,qwen3_8_max,55.06813164869485,5
1085,gemini_3_1_pro_high,54.415726088147096,6
1085,claude_opus_4_8_max,29.10234918902143,7
1085,deepseek_v4_pro_max,25.933573001039086,8
1085,deepseek_v4_flash_max,25.66342188004682,9
1086,claude_opus_4_8_max,79.58878477956264,1
1086,gpt_5_6_sol_max,66.32573672190507,2
1086,claude_fable_5_max,55.877812400297216,3
1086,gemini_3_1_pro_high,51.749384737766235,4
1086,qwen3_8_max,40.933016807873116,5
1086,deepseek_v4_flash_max,39.162286333046595,6
1086,kimi_k3_max,28.489325056038627,7
1086,gpt_5_5_xhigh,16.334407741033704,8
1086,deepseek_v4_pro_max,11.40973044127975,9
1087,claude_fable_5_max,66.74417218089644,1
1087,gpt_5_6_sol_max,58.554057945693714,2
1087,kimi_k3_max,48.01029758774372,3
1087,qwen3_8_max,36.59691876609982,4
1087,gpt_5_5_xhigh,32.47490343746955,5
1087,claude_opus_4_8_max,26.7925455084835,6
1087,deepseek_v4_pro_max,26.594164862153804,7
1087,gemini_3_1_pro_high,21.393520512945884,8
1087,deepseek_v4_flash_max,16.23657351944106,9
1088,kimi_k3_max,66.2131666717913,1
1088,gpt_5_6_sol_max,56.154784798119856,2
1088,deepseek_v4_flash_max,52.49946158719978,3
1088,claude_opus_4_8_max,46.143831489791175,4
1088,qwen3_8_max,43.51547901091965,5
1088,claude_fable_5_max,40.10123257573118,6
1088,gemini_3_1_pro_high,36.78958796704326,7
1088,gpt_5_5_xhigh,36.770524838655206,8
1088,deepseek_v4_pro_max,15.203033083309414,9
1089,claude_opus_4_8_max,73.08887354238587,1
1089,claude_fable_5_max,62.062604338742574,2
1089,gemini_3_1_pro_high,59.00630453377437,3
1089,gpt_5_6_sol_max,50.886794967428386,4
1089,qwen3_8_max,39.93826872824267,5
1089,kimi_k3_max,36.02932566808203,6
1089,deepseek_v4_pro_max,28.348816836147634,7
1089,gpt_5_5_xhigh,27.628789979794114,8
1089,deepseek_v4_flash_max,8.958509909579618,9
1090,gemini_3_1_pro_high,69.99842412342,1
1090,gpt_5_6_sol_max,66.58236557282572,2
1090,claude_opus_4_8_max,63.875568964521946,3
1090,qwen3_8_max,52.79383247005425,4
1090,claude_fable_5_max,41.52408674643445,5
1090,deepseek_v4_pro_max,35.19828746591198,6
1090,kimi_k3_max,34.40106269564617,7
1090,gpt_5_5_xhigh,32.91032675336691,8
1090,deepseek_v4_flash_max,26.840818018330978,9
1091,kimi_k3_max,68.939315710211,1
1091,claude_fable_5_max,63.95302912241621,2
1091,qwen3_8_max,62.4540967743084,3
1091,gpt_5_6_sol_max,60.29633689028167,4
1091,gemini_3_1_pro_high,50.56951761975384,5
1091,deepseek_v4_flash_max,42.37193919807286,6
1091,claude_opus_4_8_max,42.30816870433001,7
1091,deepseek_v4_pro_max,27.762459517618773,8
1091,gpt_5_5_xhigh,19.599501018818774,9
1092,gpt_5_6_sol_max,66.05156905324093,1
1092,qwen3_8_max,45.2353151816136,2
1092,kimi_k3_max,44.738475214506934,3
1092,gemini_3_1_pro_high,44.555781934108474,4
1092,gpt_5_5_xhigh,41.435042630074875,5
1092,claude_fable_5_max,39.70070679905689,6
1092,claude_opus_4_8_max,34.23290297545751,7
1092,deepseek_v4_pro_max,34.21998835158156,8
1092,deepseek_v4_flash_max,32.6978912989623,9
1093,gpt_5_5_xhigh,63.83456470288569,1
1093,qwen3_8_max,63.743277028358214,2
1093,claude_opus_4_8_max,52.86148099302637,3
1093,claude_fable_5_max,48.3571921865498,4
1093,kimi_k3_max,41.88631437999895,5
1093,gpt_5_6_sol_max,39.21776341527925,6
1093,deepseek_v4_flash_max,37.82042321273062,7
1093,gemini_3_1_pro_high,31.557601287075236,8
1093,deepseek_v4_pro_max,20.84229624363368,9
1094,gpt_5_6_sol_max,65.42387754680357,1
1094,claude_fable_5_max,57.94411228820213,2
1094,qwen3_8_max,57.485144168038026,3
1094,gemini_3_1_pro_high,50.71659930273955,4
1094,claude_opus_4_8_max,46.919542890157445,5
1094,kimi_k3_max,38.110639091174114,6
1094,deepseek_v4_pro_max,31.11373846122092,7
1094,gpt_5_5_xhigh,30.075731560522083,8
1094,deepseek_v4_flash_max,20.253999004226365,9
1095,claude_fable_5_max,83.73895344426322,1
1095,gpt_5_6_sol_max,62.21256477329684,2
1095,gemini_3_1_pro_high,54.56080299774901,3
1095,gpt_5_5_xhigh,51.05589735722584,4
1095,deepseek_v4_flash_max,31.965459105763955,5
1095,kimi_k3_max,30.1202482910816,6
1095,claude_opus_4_8_max,29.851961884060252,7
1095,deepseek_v4_pro_max,29.533752630119217,8
1095,qwen3_8_max,27.59416232460008,9
1096,kimi_k3_max,55.81439876315667,1
1096,deepseek_v4_pro_max,48.94085362624703,2
1096,claude_opus_4_8_max,46.93394958361755,3
1096,gpt_5_6_sol_max,45.37976633421738,4
1096,qwen3_8_max,38.64837761747911,5
1096,claude_fable_5_max,34.65745483459332,6
1096,gpt_5_5_xhigh,33.92054710099339,7
1096,gemini_3_1_pro_high,32.91401310954335,8
1096,deepseek_v4_flash_max,11.326677891614539,9
1097,gpt_5_6_sol_max,78.85718637082806,1
1097,gpt_5_5_xhigh,64.71746151120301,2
1097,gemini_3_1_pro_high,40.215614467759615,3
1097,claude_opus_4_8_max,40.03156954797843,4
1097,kimi_k3_max,39.91881676688161,5
1097,claude_fable_5_max,32.579183665802255,6
1097,qwen3_8_max,29.817279973079515,7
1097,deepseek_v4_flash_max,24.182018346343817,8
1097,deepseek_v4_pro_max,18.659124135674645,9
1098,gpt_5_6_sol_max,69.47109982000558,1
1098,kimi_k3_max,62.20311495848046,2
1098,gpt_5_5_xhigh,45.73785873184831,3
1098,gemini_3_1_pro_high,38.218499242682405,4
1098,claude_opus_4_8_max,32.46606774598319,5
1098,deepseek_v4_flash_max,25.67441805279774,6
1098,qwen3_8_max,25.579246324901575,7
1098,deepseek_v4_pro_max,24.655763810124835,8
1098,claude_fable_5_max,20.103203390946916,9
1099,claude_fable_5_max,63.2615690300096,1
1099,gpt_5_6_sol_max,60.58516192450916,2
1099,kimi_k3_max,55.82667493322187,3
1099,claude_opus_4_8_max,47.87865171788019,4
1099,gemini_3_1_pro_high,40.70229421906519,5
1099,qwen3_8_max,40.28125907039644,6
1099,deepseek_v4_flash_max,32.781411163599415,7
1099,gpt_5_5_xhigh,29.371759836662797,8
1099,deepseek_v4_pro_max,15.474763300584668,9
1100,gpt_5_6_sol_max,86.76145504865845,1
1100,claude_fable_5_max,54.335493279857275,2
1100,gemini_3_1_pro_high,46.90103790654433,3
1100,qwen3_8_max,43.4326846399579,4
1100,kimi_k3_max,35.21420234322414,5
1100,deepseek_v4_pro_max,25.17852868114554,6
1100,gpt_5_5_xhigh,25.172957743997497,7
1100,deepseek_v4_flash_max,24.174856386710488,8
1100,claude_opus_4_8_max,23.705959325650397,9
1101,gpt_5_5_xhigh,81.6534033369718,1
1101,claude_opus_4_8_max,80.2379792685646,2
1101,qwen3_8_max,55.89023833581608,3
1101,gemini_3_1_pro_high,47.51942662979845,4
1101,kimi_k3_max,37.852791292329485,5
1101,claude_fable_5_max,37.13843344408397,6
1101,deepseek_v4_pro_max,35.27139063483579,7
1101,deepseek_v4_flash_max,30.313561599908823,8
1101,gpt_5_6_sol_max,21.395018836550904,9
1102,kimi_k3_max,71.84123490023694,1
1102,claude_fable_5_max,70.56945623049221,2
1102,gpt_5_6_sol_max,51.56022718008388,3
1102,claude_opus_4_8_max,44.40555356110165,4
1102,deepseek_v4_pro_max,29.90304533626888,5
1102,gpt_5_5_xhigh,29.486585232771837,6
1102,qwen3_8_max,27.47761566541486,7
1102,deepseek_v4_flash_max,23.15263096572961,8
1102,gemini_3_1_pro_high,23.10343975929897,9
1103,claude_opus_4_8_max,70.87760840799902,1
1103,qwen3_8_max,64.96394119422413,2
1103,kimi_k3_max,60.488220961011656,3
1103,gpt_5_6_sol_max,56.112875040280116,4
1103,gpt_5_5_xhigh,50.780284801875986,5
1103,claude_fable_5_max,37.10595993607043,6
1103,deepseek_v4_pro_max,36.06349264174073,7
1103,gemini_3_1_pro_high,33.137733289691596,8
1103,deepseek_v4_flash_max,10.185873762767935,9
1104,gpt_5_6_sol_max,63.81578105247766,1
1104,kimi_k3_max,63.76046507369119,2
1104,gemini_3_1_pro_high,51.17312001932529,3
1104,claude_fable_5_max,49.35914672980795,4
1104,qwen3_8_max,48.6255549163258,5
1104,claude_opus_4_8_max,40.525985431376434,6
1104,deepseek_v4_flash_max,38.40146750872983,7
1104,deepseek_v4_pro_max,30.030706148197233,8
1104,gpt_5_5_xhigh,20.875505850011123,9
1105,kimi_k3_max,76.98031500891152,1
1105,claude_fable_5_max,74.05362148955764,2
1105,gpt_5_5_xhigh,64.05061810087417,3
1105,qwen3_8_max,55.68231073165282,4
1105,gemini_3_1_pro_high,46.02560510450904,5
1105,deepseek_v4_pro_max,44.50175162890227,6
1105,claude_opus_4_8_max,43.40620000476496,7
1105,gpt_5_6_sol_max,39.34686468251702,8
1105,deepseek_v4_flash_max,15.301075906487958,9
1106,gpt_5_5_xhigh,59.59148483892733,1
1106,gpt_5_6_sol_max,56.763677796857266,2
1106,claude_fable_5_max,53.02544638269381,3
1106,qwen3_8_max,38.08668488172154,4
1106,claude_opus_4_8_max,37.881736900210356,5
1106,kimi_k3_max,34.85063494849719,6
1106,deepseek_v4_pro_max,24.811553450812173,7
1106,deepseek_v4_flash_max,21.71205378026498,8
1106,gemini_3_1_pro_high,15.717015657744824,9
1107,gpt_5_5_xhigh,66.2722550566044,1
1107,gpt_5_6_sol_max,64.85084794371738,2
1107,kimi_k3_max,63.74183352709969,3
1107,claude_opus_4_8_max,63.667594558205415,4
1107,claude_fable_5_max,53.04662683559472,5
1107,qwen3_8_max,35.00536864479066,6
1107,gemini_3_1_pro_high,27.315600048570552,7
1107,deepseek_v4_flash_max,21.868239843560964,8
1107,deepseek_v4_pro_max,20.620948104632745,9
1108,claude_opus_4_8_max,66.73209442940538,1
1108,gpt_5_6_sol_max,61.28690932124426,2
1108,gpt_5_5_xhigh,47.75989853539326,3
1108,qwen3_8_max,43.843182345288746,4
1108,claude_fable_5_max,35.076958597675954,5
1108,deepseek_v4_pro_max,33.563883974534555,6
1108,gemini_3_1_pro_high,31.538382351199388,7
1108,kimi_k3_max,25.26942591999472,8
1108,deepseek_v4_flash_max,22.780929259362146,9
1109,gpt_5_5_xhigh,79.34756475438229,1
1109,gemini_3_1_pro_high,57.127566046846,2
1109,gpt_5_6_sol_max,56.27891132017969,3
1109,claude_fable_5_max,46.68916208058165,4
1109,qwen3_8_max,39.9400225090962,5
1109,kimi_k3_max,35.99080131414865,6
1109,deepseek_v4_pro_max,28.817816840639676,7
1109,claude_opus_4_8_max,27.813188391539498,8
1109,deepseek_v4_flash_max,21.865324390128634,9
1110,gpt_5_6_sol_max,74.14897568661448,1
1110,claude_fable_5_max,70.60478522286584,2
1110,gemini_3_1_pro_high,66.47579758701136,3
1110,qwen3_8_max,62.56703335764625,4
1110,kimi_k3_max,46.054628752811546,5
1110,deepseek_v4_flash_max,38.574120838608685,6
1110,gpt_5_5_xhigh,30.265093639390138,7
1110,claude_opus_4_8_max,21.659161483433422,8
1110,deepseek_v4_pro_max,20.28109428923885,9
1111,gpt_5_5_xhigh,79.36080334963785,1
1111,gpt_5_6_sol_max,47.446973285523036,2
1111,kimi_k3_max,43.35842040861866,3
1111,claude_opus_4_8_max,42.01414278658409,4
1111,gemini_3_1_pro_high,38.94412023687313,5
1111,claude_fable_5_max,33.87448406316105,6
1111,qwen3_8_max,28.13257346274524,7
1111,deepseek_v4_flash_max,27.82271756782575,8
1111,deepseek_v4_pro_max,23.594504999048034,9
1112,gpt_5_5_xhigh,68.91832943501484,1
1112,claude_opus_4_8_max,56.58618051485301,2
1112,gemini_3_1_pro_high,44.67196450007173,3
1112,claude_fable_5_max,39.32494968378022,4
1112,deepseek_v4_flash_max,29.030304723609163,5
1112,qwen3_8_max,28.9188902855223,6
1112,gpt_5_6_sol_max,27.531270072098987,7
1112,deepseek_v4_pro_max,14.48017773016178,8
1112,kimi_k3_max,12.543605122371446,9
1113,gemini_3_1_pro_high,72.94885835863539,1
1113,kimi_k3_max,66.04075636499235,2
1113,gpt_5_6_sol_max,55.64760798216352,3
1113,gpt_5_5_xhigh,46.370252426735604,4
1113,qwen3_8_max,36.729841530984174,5
1113,claude_opus_4_8_max,33.98107003033797,6
1113,claude_fable_5_max,33.96639014328878,7
1113,deepseek_v4_flash_max,20.777256846222716,8
1113,deepseek_v4_pro_max,17.605412093325203,9
1114,gpt_5_5_xhigh,79.50907825879986,1
1114,kimi_k3_max,78.71239905008215,2
1114,gemini_3_1_pro_high,73.44783805422101,3
1114,gpt_5_6_sol_max,50.43109052915233,4
1114,deepseek_v4_pro_max,44.21451589592219,5
1114,claude_opus_4_8_max,33.72172995804537,6
1114,qwen3_8_max,22.955684876398163,7
1114,claude_fable_5_max,21.644751044064513,8
1114,deepseek_v4_flash_max,18.749421390327875,9
1115,gpt_5_5_xhigh,74.84352982568099,1
1115,gemini_3_1_pro_high,60.78991266147464,2
1115,kimi_k3_max,40.87399818993135,3
1115,gpt_5_6_sol_max,34.93808849659236,4
1115,qwen3_8_max,33.19181892104441,5
1115,claude_opus_4_8_max,27.19330282558078,6
1115,claude_fable_5_max,21.518991075283473,7
1115,deepseek_v4_flash_max,17.071162467539317,8
1115,deepseek_v4_pro_max,16.02676726118185,9
1116,kimi_k3_max,77.96258710170184,1
1116,gpt_5_6_sol_max,71.27141783374483,2
1116,claude_fable_5_max,68.62319866386362,3
1116,gemini_3_1_pro_high,62.330859196233334,4
1116,qwen3_8_max,59.07441336949283,5
1116,gpt_5_5_xhigh,40.274662202426896,6
1116,claude_opus_4_8_max,33.75951693142713,7
1116,deepseek_v4_pro_max,33.173856562460415,8
1116,deepseek_v4_flash_max,11.631509745370403,9
1117,claude_fable_5_max,56.111906299501925,1
1117,claude_opus_4_8_max,55.11462058977426,2
1117,qwen3_8_max,48.64418750609039,3
1117,gpt_5_6_sol_max,48.37199493995183,4
1117,gpt_5_5_xhigh,41.807426433801034,5
1117,gemini_3_1_pro_high,36.17767208140856,6
1117,kimi_k3_max,35.30627842900959,7
1117,deepseek_v4_pro_max,25.93311236366079,8
1117,deepseek_v4_flash_max,9.733634688440615,9
1118,claude_fable_5_max,79.9302974146402,1
1118,kimi_k3_max,62.68206972807043,2
1118,gpt_5_6_sol_max,61.38945760366463,3
1118,gemini_3_1_pro_high,51.66733291911643,4
1118,qwen3_8_max,49.776276067622724,5
1118,gpt_5_5_xhigh,32.30453818517157,6
1118,deepseek_v4_pro_max,28.418779481324037,7
1118,claude_opus_4_8_max,24.10142378612851,8
1118,deepseek_v4_flash_max,18.182978252047626,9
1119,gemini_3_1_pro_high,83.29831140741479,1
1119,claude_opus_4_8_max,65.64864306756478,2
1119,kimi_k3_max,59.916738446939874,3
1119,claude_fable_5_max,57.889502118398255,4
1119,gpt_5_5_xhigh,56.77104667283311,5
1119,gpt_5_6_sol_max,34.68937436489309,6
1119,qwen3_8_max,32.74106044866805,7
1119,deepseek_v4_flash_max,20.10967960962924,8
1119,deepseek_v4_pro_max,18.906916001745035,9
1120,gpt_5_6_sol_max,77.79193477855792,1
1120,claude_fable_5_max,68.53515660769014,2
1120,kimi_k3_max,58.69357613409183,3
1120,qwen3_8_max,40.781718125115574,4
1120,gemini_3_1_pro_high,38.39438758729972,5
1120,gpt_5_5_xhigh,24.252382760132367,6
1120,claude_opus_4_8_max,19.941857919993456,7
1120,deepseek_v4_flash_max,18.83890330051269,8
1120,deepseek_v4_pro_max,16.571427467829213,9
1121,claude_fable_5_max,80.11725253695349,1
1121,gemini_3_1_pro_high,67.25599517016475,2
1121,gpt_5_6_sol_max,64.25587186248897,3
1121,qwen3_8_max,62.05242615400314,4
1121,claude_opus_4_8_max,59.32602249688693,5
1121,gpt_5_5_xhigh,42.07711001874128,6
1121,kimi_k3_max,37.854890072590514,7
1121,deepseek_v4_flash_max,29.27058477716333,8
1121,deepseek_v4_pro_max,28.140539912206307,9
1122,claude_fable_5_max,76.62336989446338,1
1122,gemini_3_1_pro_high,72.21387864050152,2
1122,kimi_k3_max,67.25221011771825,3
1122,qwen3_8_max,66.38941557797529,4
1122,deepseek_v4_flash_max,32.092491188151754,5
1122,gpt_5_6_sol_max,29.12138174521254,6
1122,deepseek_v4_pro_max,26.593421882337974,7
1122,claude_opus_4_8_max,24.662379276637658,8
1122,gpt_5_5_xhigh,19.78234927667114,9
1123,claude_fable_5_max,77.98064885820699,1
1123,gpt_5_6_sol_max,65.70343916164019,2
1123,claude_opus_4_8_max,63.9771786048413,3
1123,qwen3_8_max,47.21876054377686,4
1123,gemini_3_1_pro_high,37.63843700221891,5
1123,kimi_k3_max,34.182756287479016,6
1123,gpt_5_5_xhigh,33.68875862029709,7
1123,deepseek_v4_pro_max,28.082580341829402,8
1123,deepseek_v4_flash_max,22.51280168621831,9
1124,qwen3_8_max,69.56257421723073,1
1124,claude_fable_5_max,66.87082796874044,2
1124,gpt_5_5_xhigh,63.05734589769876,3
1124,claude_opus_4_8_max,61.31954983566207,4
1124,gpt_5_6_sol_max,61.29083070446093,5
1124,kimi_k3_max,57.718208572553024,6
1124,deepseek_v4_pro_max,43.63010523166464,7
1124,deepseek_v4_flash_max,28.376357760102383,8
1124,gemini_3_1_pro_high,27.040363924692496,9
1125,gpt_5_6_sol_max,78.33657387694497,1
1125,kimi_k3_max,50.142206906688926,2
1125,gemini_3_1_pro_high,50.06474286322286,3
1125,qwen3_8_max,44.818566088088865,4
1125,claude_opus_4_8_max,37.31662011457235,5
1125,claude_fable_5_max,32.83355251205146,6
1125,gpt_5_5_xhigh,22.49203427013238,7
1125,deepseek_v4_pro_max,22.36017133156525,8
1125,deepseek_v4_flash_max,18.086901629668613,9
1126,gpt_5_5_xhigh,63.49753832062506,1
1126,claude_fable_5_max,53.094554046026516,2
1126,gemini_3_1_pro_high,42.74356823998191,3
1126,kimi_k3_max,42.09778724166104,4
1126,gpt_5_6_sol_max,35.122890306603786,5
1126,deepseek_v4_pro_max,32.213884224366744,6
1126,claude_opus_4_8_max,25.247528446105854,7
1126,qwen3_8_max,24.23821038786269,8
1126,deepseek_v4_flash_max,13.659283127522837,9
1127,gemini_3_1_pro_high,69.64561773107945,1
1127,claude_fable_5_max,65.49726011620938,2
1127,gpt_5_6_sol_max,53.61298712109483,3
1127,qwen3_8_max,50.403731401960584,4
1127,claude_opus_4_8_max,37.60361469263235,5
1127,kimi_k3_max,35.58832509846447,6
1127,deepseek_v4_flash_max,33.88642972587207,7
1127,gpt_5_5_xhigh,29.610518962771124,8
1127,deepseek_v4_pro_max,16.453311900623863,9
1128,qwen3_8_max,74.97126340109172,1
1128,kimi_k3_max,73.64578784405464,2
1128,gpt_5_5_xhigh,72.65060336348387,3
1128,claude_opus_4_8_max,59.67283453161989,4
1128,claude_fable_5_max,45.3041460494296,5
1128,gpt_5_6_sol_max,39.59999166245935,6
1128,deepseek_v4_flash_max,28.40811914034364,7
1128,deepseek_v4_pro_max,23.528254745292664,8
1128,gemini_3_1_pro_high,20.062107493127858,9
1129,gpt_5_6_sol_max,70.78479566963176,1
1129,claude_fable_5_max,70.22329633646359,2
1129,qwen3_8_max,59.34243988368001,3
1129,claude_opus_4_8_max,44.07262223151338,4
1129,kimi_k3_max,36.52968203348904,5
1129,deepseek_v4_pro_max,30.342702553789103,6
1129,gemini_3_1_pro_high,29.204103692469815,7
1129,gpt_5_5_xhigh,23.241527677412986,8
1129,deepseek_v4_flash_max,17.27189432333876,9
1130,gemini_3_1_pro_high,80.49505035615869,1
1130,qwen3_8_max,73.83805678473998,2
1130,gpt_5_6_sol_max,66.59567021307276,3
1130,gpt_5_5_xhigh,55.488816871701125,4
1130,claude_fable_5_max,53.804467282834494,5
1130,kimi_k3_max,46.82130215311123,6
1130,deepseek_v4_pro_max,36.87992598676506,7
1130,deepseek_v4_flash_max,26.987212038752283,8
1130,claude_opus_4_8_max,22.620374618370946,9
1131,kimi_k3_max,87.53926707624885,1
1131,claude_fable_5_max,75.56745081391057,2
1131,qwen3_8_max,74.00234129518287,3
1131,gpt_5_6_sol_max,60.52624903162558,4
1131,gpt_5_5_xhigh,57.90316525770616,5
1131,gemini_3_1_pro_high,39.52307036078049,6
1131,deepseek_v4_pro_max,30.226613823214112,7
1131,claude_opus_4_8_max,28.815596744170005,8
1131,deepseek_v4_flash_max,13.704658784001534,9
1132,claude_opus_4_8_max,75.73522481500488,1
1132,gemini_3_1_pro_high,72.034612770586,2
1132,gpt_5_5_xhigh,64.7407409394389,3
1132,qwen3_8_max,63.78035636495173,4
1132,gpt_5_6_sol_max,55.85158989855084,5
1132,claude_fable_5_max,51.0311424762739,6
1132,kimi_k3_max,38.65530529722306,7
1132,deepseek_v4_pro_max,32.957618291263415,8
1132,deepseek_v4_flash_max,26.49202547919848,9
1133,gpt_5_6_sol_max,75.40606962305155,1
1133,claude_opus_4_8_max,70.0291338863144,2
1133,qwen3_8_max,41.76685212874814,3
1133,gemini_3_1_pro_high,41.39344506938873,4
1133,kimi_k3_max,38.099674749400286,5
1133,gpt_5_5_xhigh,28.39806347741201,6
1133,claude_fable_5_max,23.744499751213873,7
1133,deepseek_v4_flash_max,20.786178497670882,8
1133,deepseek_v4_pro_max,9.006726864740347,9
1134,claude_fable_5_max,61.48345884655811,1
1134,gpt_5_6_sol_max,60.826979405153565,2
1134,qwen3_8_max,44.75217887507554,3
1134,gpt_5_5_xhigh,42.91960054516006,4
1134,claude_opus_4_8_max,35.68531182951838,5
1134,kimi_k3_max,31.214352045240567,6
1134,gemini_3_1_pro_high,28.592221722194232,7
1134,deepseek_v4_flash_max,26.548670489997725,8
1134,deepseek_v4_pro_max,23.407118781297214,9
1135,claude_fable_5_max,81.04335089644317,1
1135,gpt_5_6_sol_max,73.28920935674947,2
1135,kimi_k3_max,58.451934400039406,3
1135,qwen3_8_max,55.12335985725035,4
1135,claude_opus_4_8_max,50.6840764083671,5
1135,gpt_5_5_xhigh,25.11095853635477,6
1135,gemini_3_1_pro_high,24.68170967093083,7
1135,deepseek_v4_flash_max,23.10009911551872,8
1135,deepseek_v4_pro_max,19.657258028217683,9
1136,kimi_k3_max,77.27920469491497,1
1136,gpt_5_6_sol_max,74.61973711194597,2
1136,qwen3_8_max,67.49763067459388,3
1136,gpt_5_5_xhigh,63.97366810959243,4
1136,claude_opus_4_8_max,36.02186959981805,5
1136,claude_fable_5_max,35.531233986824724,6
1136,gemini_3_1_pro_high,34.36608787266317,7
1136,deepseek_v4_pro_max,32.734227323973805,8
1136,deepseek_v4_flash_max,23.63731294080668,9
1137,gpt_5_6_sol_max,66.28504542957526,1
1137,gemini_3_1_pro_high,56.910462313694815,2
1137,gpt_5_5_xhigh,55.23784761305899,3
1137,claude_fable_5_max,53.814170892060815,4
1137,qwen3_8_max,46.12132445868187,5
1137,kimi_k3_max,38.72009011794016,6
1137,deepseek_v4_flash_max,31.694712271418616,7
1137,claude_opus_4_8_max,20.247104921490156,8
1137,deepseek_v4_pro_max,18.164774097702246,9
1138,kimi_k3_max,83.96203336036652,1
1138,gpt_5_6_sol_max,72.27071292177243,2
1138,claude_opus_4_8_max,59.664280101798155,3
1138,claude_fable_5_max,58.7307220970426,4
1138,gemini_3_1_pro_high,41.85535892437645,5
1138,gpt_5_5_xhigh,40.70747306230096,6
1138,qwen3_8_max,38.292413261753424,7
1138,deepseek_v4_flash_max,19.38466263976088,8
1138,deepseek_v4_pro_max,12.11276077687741,9
1139,claude_fable_5_max,70.26174930463964,1
1139,qwen3_8_max,67.7767661227646,2
1139,gemini_3_1_pro_high,63.307046808866744,3
1139,gpt_5_6_sol_max,60.975007216390466,4
1139,claude_opus_4_8_max,60.56238985286349,5
1139,kimi_k3_max,50.63743543368646,6
1139,gpt_5_5_xhigh,28.758557638240468,7
1139,deepseek_v4_flash_max,22.00622986747031,8
1139,deepseek_v4_pro_max,14.944345833433747,9
1140,claude_fable_5_max,79.1705627056448,1
1140,gemini_3_1_pro_high,73.17904172840323,2
1140,kimi_k3_max,60.67646205010412,3
1140,gpt_5_5_xhigh,60.57002129595631,4
1140,claude_opus_4_8_max,59.16602484529743,5
1140,deepseek_v4_pro_max,43.974617248099854,6
1140,qwen3_8_max,42.97969305336151,7
1140,gpt_5_6_sol_max,22.25975886769789,8
1140,deepseek_v4_flash_max,11.11139104021558,9
1141,claude_fable_5_max,69.24128293202855,1
1141,claude_opus_4_8_max,63.146258368777865,2
1141,kimi_k3_max,60.08330942865159,3
1141,qwen3_8_max,49.81377684052127,4
1141,gemini_3_1_pro_high,43.94033489805234,5
1141,gpt_5_6_sol_max,38.54634799068327,6
1141,deepseek_v4_flash_max,36.552353034503184,7
1141,deepseek_v4_pro_max,31.925043665408587,8
1141,gpt_5_5_xhigh,23.22204362623332,9
1142,kimi_k3_max,70.558620019979,1
1142,claude_opus_4_8_max,66.17033297611795,2
1142,gpt_5_5_xhigh,65.78043368414262,3
1142,gemini_3_1_pro_high,57.40128402931474,4
1142,qwen3_8_max,51.10237944846136,5
1142,claude_fable_5_max,47.54433860149682,6
1142,gpt_5_6_sol_max,38.271931652882095,7
1142,deepseek_v4_flash_max,27.56513959456933,8
1142,deepseek_v4_pro_max,23.02389273343615,9
1143,gpt_5_6_sol_max,66.27644762499148,1
1143,gpt_5_5_xhigh,63.809138869224654,2
1143,kimi_k3_max,59.733480186426476,3
1143,qwen3_8_max,54.99886176649164,4
1143,gemini_3_1_pro_high,52.97248431686009,5
1143,deepseek_v4_pro_max,39.85373182753464,6
1143,claude_fable_5_max,26.61770998663385,7
1143,claude_opus_4_8_max,15.414812066874774,8
1143,deepseek_v4_flash_max,13.197121545178202,9
1144,claude_opus_4_8_max,68.98594011323326,1
1144,deepseek_v4_pro_max,57.5943774683216,2
1144,kimi_k3_max,55.37565218959009,3
1144,claude_fable_5_max,53.56876010251547,4
1144,qwen3_8_max,52.50966620635836,5
1144,gpt_5_6_sol_max,35.54521731474703,6
1144,gemini_3_1_pro_high,30.157599542335632,7
1144,deepseek_v4_flash_max,25.70343304672404,8
1144,gpt_5_5_xhigh,22.28359472958026,9
1145,gpt_5_5_xhigh,68.77444469172562,1
1145,claude_fable_5_max,56.46726971986425,2
1145,qwen3_8_max,53.76125521510821,3
1145,gpt_5_6_sol_max,37.23733395491598,4
1145,deepseek_v4_pro_max,32.16659178984521,5
1145,gemini_3_1_pro_high,30.051593576947198,6
1145,kimi_k3_max,25.566209543144105,7
1145,deepseek_v4_flash_max,24.320036979502696,8
1145,claude_opus_4_8_max,15.656595557517157,9
1146,kimi_k3_max,69.89688815870623,1
1146,gpt_5_6_sol_max,56.896774653743826,2
1146,claude_opus_4_8_max,47.73091134070236,3
1146,deepseek_v4_flash_max,40.3102882231772,4
1146,gemini_3_1_pro_high,30.231243008413806,5
1146,gpt_5_5_xhigh,29.84842700113548,6
1146,claude_fable_5_max,20.527132848999027,7
1146,qwen3_8_max,19.130973393989045,8
1146,deepseek_v4_pro_max,17.7047856853331,9
1147,claude_fable_5_max,82.28470672326469,1
1147,gpt_5_5_xhigh,52.878763023329654,2
1147,gemini_3_1_pro_high,44.300086346299025,3
1147,deepseek_v4_pro_max,38.18750784165021,4
1147,claude_opus_4_8_max,34.34270156344775,5
1147,gpt_5_6_sol_max,34.25889029915807,6
1147,kimi_k3_max,27.71899401142345,7
1147,deepseek_v4_flash_max,18.434872903259194,8
1147,qwen3_8_max,15.721977322428845,9
1148,gpt_5_5_xhigh,72.11806823961317,1
1148,claude_fable_5_max,49.93110865668202,2
1148,kimi_k3_max,41.0691353651807,3
1148,gemini_3_1_pro_high,35.54067933165443,4
1148,qwen3_8_max,32.576121101415126,5
1148,deepseek_v4_pro_max,30.717630805506317,6
1148,gpt_5_6_sol_max,28.44282795668714,7
1148,deepseek_v4_flash_max,25.88707610464916,8
1148,claude_opus_4_8_max,17.5954214668735,9
1149,claude_opus_4_8_max,82.1978380311977,1
1149,gemini_3_1_pro_high,63.395155170743486,2
1149,gpt_5_6_sol_max,58.45601896684704,3
1149,gpt_5_5_xhigh,42.87681700877576,4
1149,deepseek_v4_flash_max,29.508760256355615,5
1149,kimi_k3_max,27.160576983016135,6
1149,qwen3_8_max,16.05983974493091,7
1149,claude_fable_5_max,15.274339206840182,8
1149,deepseek_v4_pro_max,9.869390754390373,9
1150,claude_opus_4_8_max,71.52869100106076,1
1150,gemini_3_1_pro_high,61.20757302672956,2
1150,kimi_k3_max,53.875627827792016,3
1150,qwen3_8_max,44.798232307353764,4
1150,gpt_5_5_xhigh,41.051238464146586,5
1150,gpt_5_6_sol_max,40.8228929480888,6
1150,claude_fable_5_max,40.68941022233875,7
1150,deepseek_v4_flash_max,28.757682251249534,8
1150,deepseek_v4_pro_max,16.35364634964309,9
1151,kimi_k3_max,61.96955746192977,1
1151,gpt_5_6_sol_max,60.64830090870824,2
1151,qwen3_8_max,55.71203983483211,3
1151,deepseek_v4_pro_max,45.57338414789184,4
1151,claude_fable_5_max,44.39181867030058,5
1151,gemini_3_1_pro_high,40.330746001054365,6
1151,claude_opus_4_8_max,39.13167538843506,7
1151,gpt_5_5_xhigh,33.44474664896659,8
1151,deepseek_v4_flash_max,31.285747119043926,9
1152,gpt_5_5_xhigh,85.24993935230228,1
1152,kimi_k3_max,46.22983959191777,2
1152,qwen3_8_max,44.458649217144135,3
1152,gemini_3_1_pro_high,41.17473775831303,4
1152,claude_opus_4_8_max,36.773283395058435,5
1152,gpt_5_6_sol_max,31.01414539009603,6
1152,claude_fable_5_max,27.694577646470396,7
1152,deepseek_v4_flash_max,27.333565860421253,8
1152,deepseek_v4_pro_max,16.105807745083574,9
1153,claude_opus_4_8_max,54.28004434974403,1
1153,qwen3_8_max,51.553936686736265,2
1153,gemini_3_1_pro_high,49.70476144905977,3
1153,claude_fable_5_max,38.9019534074678,4
1153,gpt_5_5_xhigh,27.214161360204116,5
1153,deepseek_v4_pro_max,26.17843745003659,6
1153,gpt_5_6_sol_max,19.19576283843931,7
1153,kimi_k3_max,16.50570904348745,8
1153,deepseek_v4_flash_max,14.681101794598408,9
1154,kimi_k3_max,80.68759656305409,1
1154,gpt_5_5_xhigh,76.27942930385507,2
1154,claude_opus_4_8_max,70.93310529880331,3
1154,qwen3_8_max,69.38539965563213,4
1154,gpt_5_6_sol_max,31.226659333870817,5
1154,deepseek_v4_pro_max,30.161311186880063,6
1154,claude_fable_5_max,29.544893651067248,7
1154,gemini_3_1_pro_high,28.835612138945727,8
1154,deepseek_v4_flash_max,14.084249699706646,9
1155,claude_fable_5_max,76.54519911366762,1
1155,gpt_5_5_xhigh,76.01741975121314,2
1155,gpt_5_6_sol_max,60.20309776626289,3
1155,kimi_k3_max,50.6480446919585,4
1155,deepseek_v4_pro_max,41.016903885518914,5
1155,claude_opus_4_8_max,38.11237457834495,6
1155,qwen3_8_max,33.311485463076394,7
1155,deepseek_v4_flash_max,32.9653080408026,8
1155,gemini_3_1_pro_high,22.316758127094026,9
1156,gpt_5_5_xhigh,80.39877432616396,1
1156,claude_fable_5_max,56.963317494722126,2
1156,claude_opus_4_8_max,55.18816626968879,3
1156,qwen3_8_max,51.70071972015034,4
1156,gemini_3_1_pro_high,44.71309128594615,5
1156,kimi_k3_max,41.826309525095695,6
1156,deepseek_v4_flash_max,32.680996128656474,7
1156,deepseek_v4_pro_max,30.371491986301802,8
1156,gpt_5_6_sol_max,14.045764185424614,9
1157,kimi_k3_max,58.07352063341806,1
1157,deepseek_v4_flash_max,55.94582382247502,2
1157,gpt_5_5_xhigh,55.74919840673937,3
1157,claude_fable_5_max,55.57048960536815,4
1157,gemini_3_1_pro_high,53.46684788466098,5
1157,gpt_5_6_sol_max,53.37776586898762,6
1157,qwen3_8_max,47.434671739072265,7
1157,claude_opus_4_8_max,18.765227652497384,8
1157,deepseek_v4_pro_max,4.649482912443795,9
1158,gemini_3_1_pro_high,89.13222426950156,1
1158,gpt_5_5_xhigh,69.54799514074713,2
1158,kimi_k3_max,66.91766980279398,3
1158,qwen3_8_max,64.45857533310753,4
1158,gpt_5_6_sol_max,61.960640142099436,5
1158,claude_opus_4_8_max,35.36787839639617,6
1158,claude_fable_5_max,28.73855377942175,7
1158,deepseek_v4_flash_max,24.473751315278605,8
1158,deepseek_v4_pro_max,11.870551274290797,9
1159,gpt_5_6_sol_max,77.34967968430294,1
1159,gemini_3_1_pro_high,73.50463491399691,2
1159,claude_fable_5_max,54.04415417415801,3
1159,claude_opus_4_8_max,45.98420315301954,4
1159,kimi_k3_max,44.5776897395967,5
1159,gpt_5_5_xhigh,39.15227440907866,6
1159,deepseek_v4_flash_max,37.426331808826596,7
1159,qwen3_8_max,18.21700458704253,8
1159,deepseek_v4_pro_max,6.775443886994606,9
1160,gemini_3_1_pro_high,90.73312244061896,1
1160,claude_fable_5_max,71.58280083001719,2
1160,kimi_k3_max,62.90611124378209,3
1160,qwen3_8_max,48.73715349453265,4
1160,gpt_5_6_sol_max,45.95901177553897,5
1160,gpt_5_5_xhigh,44.80110218028935,6
1160,claude_opus_4_8_max,24.144598667718885,7
1160,deepseek_v4_flash_max,23.435836429188495,8
1160,deepseek_v4_pro_max,23.071452911495804,9
1161,claude_fable_5_max,64.8810498126904,1
1161,gpt_5_5_xhigh,61.05574515747598,2
1161,gpt_5_6_sol_max,52.88214816250917,3
1161,deepseek_v4_flash_max,49.771465840218255,4
1161,qwen3_8_max,32.30370543980894,5
1161,gemini_3_1_pro_high,31.881854277820374,6
1161,kimi_k3_max,26.860112651607388,7
1161,claude_opus_4_8_max,24.245072468892655,8
1161,deepseek_v4_pro_max,13.792011343006594,9
1162,gpt_5_6_sol_max,74.81794792371335,1
1162,gemini_3_1_pro_high,67.5190201525464,2
1162,claude_fable_5_max,63.44697044990946,3
1162,kimi_k3_max,63.251062390605526,4
1162,qwen3_8_max,52.60603131518005,5
1162,gpt_5_5_xhigh,51.11697191858218,6
1162,deepseek_v4_pro_max,41.28268625373186,7
1162,claude_opus_4_8_max,33.619339682177795,8
1162,deepseek_v4_flash_max,13.667646279597285,9
1163,kimi_k3_max,75.06622898496758,1
1163,gemini_3_1_pro_high,64.5717713062569,2
1163,claude_fable_5_max,56.93589290776428,3
1163,qwen3_8_max,41.749770139382235,4
1163,gpt_5_5_xhigh,32.800336155618574,5
1163,deepseek_v4_pro_max,27.516927175648004,6
1163,claude_opus_4_8_max,25.446627464435753,7
1163,gpt_5_6_sol_max,23.472518219964073,8
1163,deepseek_v4_flash_max,13.6431123244951,9
1164,kimi_k3_max,68.9878413010389,1
1164,gpt_5_5_xhigh,68.85401617146161,2
1164,claude_fable_5_max,68.3485653047095,3
1164,gemini_3_1_pro_high,57.69339239950333,4
1164,qwen3_8_max,57.54332792978751,5
1164,claude_opus_4_8_max,48.592445447278244,6
1164,gpt_5_6_sol_max,47.255970368671676,7
1164,deepseek_v4_pro_max,13.017077488342888,8
1164,deepseek_v4_flash_max,12.904943686335349,9
1165,claude_opus_4_8_max,64.81867837834395,1
1165,claude_fable_5_max,50.56747883736488,2
1165,gpt_5_6_sol_max,41.50459008753004,3
1165,qwen3_8_max,39.14108649913797,4
1165,deepseek_v4_pro_max,34.71854055903836,5
1165,gemini_3_1_pro_high,33.41335042187824,6
1165,gpt_5_5_xhigh,24.24851863369349,7
1165,kimi_k3_max,18.187209927419495,8
1165,deepseek_v4_flash_max,8.84076532072119,9
1166,kimi_k3_max,73.17882487401306,1
1166,gpt_5_6_sol_max,72.54523198403365,2
1166,gpt_5_5_xhigh,66.94859950208806,3
1166,claude_fable_5_max,64.32986182099101,4
1166,gemini_3_1_pro_high,63.51120426273634,5
1166,qwen3_8_max,47.46307093505489,6
1166,claude_opus_4_8_max,33.81422198615348,7
1166,deepseek_v4_pro_max,22.279465760735576,8
1166,deepseek_v4_flash_max,17.38243621836319,9
1167,gpt_5_5_xhigh,71.98300618190831,1
1167,gpt_5_6_sol_max,71.57022775506911,2
1167,kimi_k3_max,59.567146762843535,3
1167,claude_fable_5_max,39.68635733797438,4
1167,qwen3_8_max,38.24038267929602,5
1167,gemini_3_1_pro_high,27.806641914562405,6
1167,deepseek_v4_pro_max,23.89196404477405,7
1167,deepseek_v4_flash_max,22.197475697969566,8
1167,claude_opus_4_8_max,21.084987517500444,9
1168,claude_fable_5_max,80.22991280478725,1
1168,gemini_3_1_pro_high,58.6234969693646,2
1168,gpt_5_6_sol_max,51.10057656463019,3
1168,qwen3_8_max,50.57214025174322,4
1168,gpt_5_5_xhigh,43.368584109773685,5
1168,deepseek_v4_flash_max,33.439522567050176,6
1168,kimi_k3_max,28.68318336114671,7
1168,claude_opus_4_8_max,27.73549848850905,8
1168,deepseek_v4_pro_max,22.590216918808338,9
1169,claude_opus_4_8_max,63.90170640674779,1
1169,claude_fable_5_max,62.367928864781796,2
1169,qwen3_8_max,46.99546634611511,3
1169,gpt_5_6_sol_max,41.86928455880041,4
1169,gemini_3_1_pro_high,39.6321008405168,5
1169,deepseek_v4_flash_max,30.383773647729395,6
1169,gpt_5_5_xhigh,24.89020981827388,7
1169,kimi_k3_max,22.01232061648786,8
1169,deepseek_v4_pro_max,13.76925397373779,9
1170,kimi_k3_max,73.54090857706372,1
1170,claude_fable_5_max,58.9088320927929,2
1170,gpt_5_5_xhigh,47.63277386252193,3
1170,deepseek_v4_flash_max,42.45132113713264,4
1170,gpt_5_6_sol_max,36.36797866598779,5
1170,claude_opus_4_8_max,27.015240111069694,6
1170,qwen3_8_max,26.146562699262564,7
1170,gemini_3_1_pro_high,24.108439437777808,8
1170,deepseek_v4_pro_max,5.807635384818312,9
1171,gpt_5_6_sol_max,53.03703934684795,1
1171,deepseek_v4_flash_max,49.367774146039906,2
1171,gpt_5_5_xhigh,49.186191806372,3
1171,kimi_k3_max,45.83434846679249,4
1171,qwen3_8_max,41.60463458888358,5
1171,claude_opus_4_8_max,37.09969525747941,6
1171,gemini_3_1_pro_high,27.757463429851622,7
1171,claude_fable_5_max,19.683262413996594,8
1171,deepseek_v4_pro_max,17.58565660996111,9
1172,kimi_k3_max,68.26749682512221,1
1172,qwen3_8_max,57.0341164899314,2
1172,gpt_5_6_sol_max,52.88392833134993,3
1172,gpt_5_5_xhigh,51.317810946189766,4
1172,claude_fable_5_max,46.396152973257955,5
1172,gemini_3_1_pro_high,41.02109834589988,6
1172,claude_opus_4_8_max,34.89239724318371,7
1172,deepseek_v4_pro_max,28.893856925209974,8
1172,deepseek_v4_flash_max,24.128218999446908,9
1173,kimi_k3_max,68.66155448286958,1
1173,gpt_5_6_sol_max,63.69779596258554,2
1173,claude_fable_5_max,63.42176577564756,3
1173,qwen3_8_max,61.94607327006456,4
1173,gemini_3_1_pro_high,57.99790295507502,5
1173,gpt_5_5_xhigh,54.669022736435195,6
1173,deepseek_v4_flash_max,46.01881914659179,7
1173,claude_opus_4_8_max,30.253467348563085,8
1173,deepseek_v4_pro_max,10.574344671137649,9
1174,gemini_3_1_pro_high,70.94276823042821,1
1174,claude_opus_4_8_max,67.1632716613189,2
1174,claude_fable_5_max,63.678101068574065,3
1174,qwen3_8_max,60.78695945872829,4
1174,gpt_5_6_sol_max,60.30390360148628,5
1174,kimi_k3_max,41.82797790600432,6
1174,deepseek_v4_pro_max,34.31103779483719,7
1174,gpt_5_5_xhigh,33.47412415418718,8
1174,deepseek_v4_flash_max,31.931634107168648,9
1175,kimi_k3_max,77.282367701458,1
1175,qwen3_8_max,69.00088179113024,2
1175,claude_opus_4_8_max,61.27250055284105,3
1175,claude_fable_5_max,53.69671008117014,4
1175,gemini_3_1_pro_high,46.62323904376423,5
1175,deepseek_v4_pro_max,46.337351596752356,6
1175,gpt_5_6_sol_max,42.749920729157324,7
1175,gpt_5_5_xhigh,30.791020699247813,8
1175,deepseek_v4_flash_max,12.759017277270981,9
1176,gemini_3_1_pro_high,80.82587611750058,1
1176,claude_fable_5_max,75.43597990755592,2
1176,gpt_5_5_xhigh,60.940466002040694,3
1176,claude_opus_4_8_max,59.13828686406485,4
1176,gpt_5_6_sol_max,36.62648116875001,5
1176,deepseek_v4_pro_max,25.977233687316073,6
1176,deepseek_v4_flash_max,24.560827458415925,7
1176,qwen3_8_max,24.36083808471345,8
1176,kimi_k3_max,17.269682753390917,9
1177,gpt_5_6_sol_max,64.8696487723035,1
1177,deepseek_v4_pro_max,64.50841082907499,2
1177,kimi_k3_max,56.41378651179591,3
1177,gpt_5_5_xhigh,55.307156687895,4
1177,claude_fable_5_max,39.7082007430955,5
1177,gemini_3_1_pro_high,38.20735466440037,6
1177,qwen3_8_max,37.83210108111607,7
1177,claude_opus_4_8_max,37.17110515696992,8
1177,deepseek_v4_flash_max,29.096769457440057,9
1178,claude_opus_4_8_max,66.58709511779091,1
1178,claude_fable_5_max,60.44247506259004,2
1178,gemini_3_1_pro_high,48.162988587127806,3
1178,gpt_5_6_sol_max,38.67649818734257,4
1178,qwen3_8_max,37.75733652420044,5
1178,deepseek_v4_flash_max,36.46644027804652,6
1178,gpt_5_5_xhigh,29.739071928737207,7
1178,deepseek_v4_pro_max,28.233856553348218,8
1178,kimi_k3_max,26.09349110004388,9
1179,gpt_5_6_sol_max,72.85702985094079,1
1179,claude_fable_5_max,67.7355194854021,2
1179,gemini_3_1_pro_high,64.20990492288212,3
1179,qwen3_8_max,59.26013738567005,4
1179,gpt_5_5_xhigh,54.6816074080884,5
1179,deepseek_v4_flash_max,50.30440548436164,6
1179,claude_opus_4_8_max,34.48970329389537,7
1179,deepseek_v4_pro_max,26.961472924888216,8
1179,kimi_k3_max,26.28896175659745,9
1180,gpt_5_6_sol_max,74.24145640537958,1
1180,kimi_k3_max,66.7455361726769,2
1180,gemini_3_1_pro_high,59.124035748996164,3
1180,qwen3_8_max,58.7029358143668,4
1180,claude_opus_4_8_max,52.849984675320584,5
1180,deepseek_v4_flash_max,42.243770143178374,6
1180,claude_fable_5_max,42.178253952551316,7
1180,gpt_5_5_xhigh,32.92476117528822,8
1180,deepseek_v4_pro_max,19.72450817393577,9
1181,gemini_3_1_pro_high,76.09581541089875,1
1181,gpt_5_6_sol_max,68.76614767198973,2
1181,claude_opus_4_8_max,50.78799752960721,3
1181,kimi_k3_max,45.37702286920755,4
1181,claude_fable_5_max,38.90779290231794,5
1181,deepseek_v4_pro_max,30.83747654583955,6
1181,qwen3_8_max,29.433164753821654,7
1181,deepseek_v4_flash_max,24.10528783213549,8
1181,gpt_5_5_xhigh,21.214862715379162,9
1182,gpt_5_6_sol_max,82.77071808844128,1
1182,claude_opus_4_8_max,57.18896239046279,2
1182,gpt_5_5_xhigh,49.072073056638274,3
1182,claude_fable_5_max,46.749393984418774,4
1182,gemini_3_1_pro_high,45.65337273624593,5
1182,qwen3_8_max,39.93120466699568,6
1182,deepseek_v4_flash_max,27.645114240872722,7
1182,deepseek_v4_pro_max,22.55113777061953,8
1182,kimi_k3_max,20.2657234612485,9
1183,gpt_5_6_sol_max,84.55186237320885,1
1183,claude_fable_5_max,66.16544954509041,2
1183,qwen3_8_max,62.99855458902901,3
1183,kimi_k3_max,60.40202435744182,4
1183,gemini_3_1_pro_high,48.00656890047567,5
1183,claude_opus_4_8_max,36.51341656533832,6
1183,gpt_5_5_xhigh,33.74398990820517,7
1183,deepseek_v4_pro_max,33.684872111058475,8
1183,deepseek_v4_flash_max,20.422909973005446,9
1184,gemini_3_1_pro_high,64.67485164504042,1
1184,claude_opus_4_8_max,63.32842939955712,2
1184,gpt_5_6_sol_max,56.741711440336495,3
1184,deepseek_v4_flash_max,39.301893973682596,4
1184,qwen3_8_max,37.65623924957366,5
1184,gpt_5_5_xhigh,32.48781105957339,6
1184,kimi_k3_max,30.595633269065175,7
1184,deepseek_v4_pro_max,28.10995437413331,8
1184,claude_fable_5_max,25.44370775176005,9
1185,kimi_k3_max,66.55323049926146,1
1185,qwen3_8_max,66.26528282872069,2
1185,claude_fable_5_max,53.08243894069898,3
1185,gpt_5_6_sol_max,44.716046365604285,4
1185,claude_opus_4_8_max,43.486812280260914,5
1185,deepseek_v4_flash_max,42.44357664631211,6
1185,gemini_3_1_pro_high,38.67829834256884,7
1185,gpt_5_5_xhigh,38.15019770899847,8
1185,deepseek_v4_pro_max,27.045727104307392,9
1186,gpt_5_5_xhigh,80.62316809090785,1
1186,kimi_k3_max,79.79958103709208,2
1186,gemini_3_1_pro_high,67.68785030693468,3
1186,gpt_5_6_sol_max,66.24853597559026,4
1186,qwen3_8_max,49.34333969160462,5
1186,claude_fable_5_max,45.34823334020034,6
1186,claude_opus_4_8_max,37.50875849224166,7
1186,deepseek_v4_flash_max,36.05906343217272,8
1186,deepseek_v4_pro_max,27.381341382748385,9
1187,claude_opus_4_8_max,68.30059343007142,1
1187,gpt_5_6_sol_max,55.214140195801534,2
1187,deepseek_v4_pro_max,40.105881630584435,3
1187,gpt_5_5_xhigh,36.22381614643262,4
1187,claude_fable_5_max,31.862094892725747,5
1187,kimi_k3_max,28.19480937657029,6
1187,gemini_3_1_pro_high,27.61058559902184,7
1187,qwen3_8_max,23.014711410608985,8
1187,deepseek_v4_flash_max,7.548290806767065,9
1188,claude_opus_4_8_max,71.80725357488035,1
1188,claude_fable_5_max,66.04473860906671,2
1188,gpt_5_5_xhigh,65.8265718238483,3
1188,gemini_3_1_pro_high,63.51010716935965,4
1188,qwen3_8_max,47.4645228692188,5
1188,gpt_5_6_sol_max,34.99155830581369,6
1188,kimi_k3_max,30.937005637543006,7
1188,deepseek_v4_pro_max,25.887135059385727,8
1188,deepseek_v4_flash_max,24.30565715438484,9
1189,gpt_5_5_xhigh,71.05381292699035,1
1189,kimi_k3_max,69.78733416911044,2
1189,claude_opus_4_8_max,63.98370715246821,3
1189,qwen3_8_max,52.61404943805291,4
1189,deepseek_v4_pro_max,43.80642937264847,5
1189,gpt_5_6_sol_max,40.43918633988177,6
1189,claude_fable_5_max,27.34162452130753,7
1189,gemini_3_1_pro_high,8.469262416220111,8
1189,deepseek_v4_flash_max,5.782136819227363,9
1190,claude_opus_4_8_max,81.22319775541101,1
1190,gemini_3_1_pro_high,54.84554079436335,2
1190,deepseek_v4_flash_max,49.54092437881941,3
1190,kimi_k3_max,49.52526296862902,4
1190,qwen3_8_max,44.954427598034066,5
1190,claude_fable_5_max,43.92014693358521,6
1190,gpt_5_6_sol_max,40.61971354947089,7
1190,gpt_5_5_xhigh,36.996642564829536,8
1190,deepseek_v4_pro_max,24.95060232924542,9
1191,gpt_5_5_xhigh,74.25707881000005,1
1191,gpt_5_6_sol_max,66.7140818498051,2
1191,claude_opus_4_8_max,62.45147132117619,3
1191,qwen3_8_max,61.62789500747421,4
1191,gemini_3_1_pro_high,53.90765778578222,5
1191,claude_fable_5_max,47.62377611673686,6
1191,deepseek_v4_pro_max,32.86431926481009,7
1191,kimi_k3_max,25.05392598674782,8
1191,deepseek_v4_flash_max,24.234198086390336,9
1192,gpt_5_6_sol_max,77.82366682250627,1
1192,claude_opus_4_8_max,67.84492982999727,2
1192,qwen3_8_max,67.56454814059867,3
1192,claude_fable_5_max,51.52249997206995,4
1192,gemini_3_1_pro_high,50.89715809415887,5
1192,kimi_k3_max,30.658048757174697,6
1192,deepseek_v4_pro_max,26.344988017919732,7
1192,gpt_5_5_xhigh,25.922700475193796,8
1192,deepseek_v4_flash_max,15.115518301523512,9
1193,deepseek_v4_flash_max,59.1392150536212,1
1193,kimi_k3_max,58.50325722627649,2
1193,qwen3_8_max,54.08839617050576,3
1193,gemini_3_1_pro_high,51.890326260438606,4
1193,gpt_5_6_sol_max,47.41311544807155,5
1193,claude_fable_5_max,45.32791452333585,6
1193,gpt_5_5_xhigh,35.37939697555277,7
1193,claude_opus_4_8_max,31.55370938577805,8
1193,deepseek_v4_pro_max,16.188492443388427,9
1194,gpt_5_5_xhigh,73.26312206676965,1
1194,gemini_3_1_pro_high,63.21496494395724,2
1194,claude_opus_4_8_max,58.21170094588195,3
1194,qwen3_8_max,56.374784172492475,4
1194,claude_fable_5_max,48.41638759937048,5
1194,kimi_k3_max,45.82648641794624,6
1194,deepseek_v4_flash_max,37.28005261537195,7
1194,gpt_5_6_sol_max,24.8720495188107,8
1194,deepseek_v4_pro_max,13.893201646883167,9
1195,gpt_5_6_sol_max,78.00614420118264,1
1195,gpt_5_5_xhigh,68.32186340797693,2
1195,kimi_k3_max,67.2848936140596,3
1195,claude_fable_5_max,64.76163680923833,4
1195,claude_opus_4_8_max,53.96010279920385,5
1195,qwen3_8_max,51.89604661991497,6
1195,deepseek_v4_pro_max,33.49880428340236,7
1195,gemini_3_1_pro_high,20.781096000618508,8
1195,deepseek_v4_flash_max,13.94094383778151,9
1196,gemini_3_1_pro_high,64.74408845070369,1
1196,qwen3_8_max,58.06887066035914,2
1196,claude_opus_4_8_max,53.84812150320825,3
1196,claude_fable_5_max,52.27914312206945,4
1196,gpt_5_6_sol_max,51.40140827431192,5
1196,kimi_k3_max,49.22421931331364,6
1196,deepseek_v4_flash_max,26.954189958012982,7
1196,gpt_5_5_xhigh,24.84035721003415,8
1196,deepseek_v4_pro_max,9.989057130628918,9
1197,gpt_5_6_sol_max,77.1195579972992,1
1197,gemini_3_1_pro_high,46.88812414049038,2
1197,claude_opus_4_8_max,41.44408561566904,3
1197,qwen3_8_max,39.13397947607659,4
1197,claude_fable_5_max,36.33130959726841,5
1197,kimi_k3_max,32.77927689695308,6
1197,gpt_5_5_xhigh,27.992305823776192,7
1197,deepseek_v4_pro_max,22.125560031523953,8
1197,deepseek_v4_flash_max,5.270280647949884,9
1198,claude_fable_5_max,86.96532160230954,1
1198,gemini_3_1_pro_high,63.76479260452598,2
1198,claude_opus_4_8_max,61.65626872271223,3
1198,gpt_5_5_xhigh,54.89661613717371,4
1198,gpt_5_6_sol_max,38.3553476641548,5
1198,qwen3_8_max,32.66587571451356,6
1198,kimi_k3_max,28.505526346178666,7
1198,deepseek_v4_pro_max,22.706668717994027,8
1198,deepseek_v4_flash_max,20.936840901914284,9
1199,claude_opus_4_8_max,83.42720202041414,1
1199,qwen3_8_max,77.50047474569666,2
1199,gpt_5_5_xhigh,75.06828540202223,3
1199,gpt_5_6_sol_max,47.76720607170161,4
1199,deepseek_v4_pro_max,45.575441903162954,5
1199,gemini_3_1_pro_high,36.76248660912422,6
1199,claude_fable_5_max,24.751527351749218,7
1199,kimi_k3_max,22.089030696747383,8
1199,deepseek_v4_flash_max,18.848612468090337,9
1200,gemini_3_1_pro_high,70.31212582964167,1
1200,claude_opus_4_8_max,68.08502899350047,2
1200,kimi_k3_max,62.99196197037126,3
1200,qwen3_8_max,55.04505598080562,4
1200,gpt_5_6_sol_max,49.6842656476406,5
1200,gpt_5_5_xhigh,48.93248997204522,6
1200,claude_fable_5_max,31.837726443776234,7
1200,deepseek_v4_flash_max,31.45208575496274,8
1200,deepseek_v4_pro_max,20.085863665750384,9
1201,gpt_5_6_sol_max,75.97933252458402,1
1201,gpt_5_5_xhigh,59.28585939171,2
1201,qwen3_8_max,55.27553995369636,3
1201,claude_opus_4_8_max,37.32039008885886,4
1201,claude_fable_5_max,32.61475499317487,5
1201,kimi_k3_max,29.817227447386593,6
1201,gemini_3_1_pro_high,26.220637492450084,7
1201,deepseek_v4_flash_max,21.773454943174738,8
1201,deepseek_v4_pro_max,11.379408082646215,9
1202,claude_fable_5_max,69.02031791092324,1
1202,qwen3_8_max,60.97762188860648,2
1202,gpt_5_6_sol_max,58.416460331534694,3
1202,claude_opus_4_8_max,58.24411145734807,4
1202,gpt_5_5_xhigh,56.3030580995252,5
1202,kimi_k3_max,41.24002105208534,6
1202,gemini_3_1_pro_high,35.596714032992516,7
1202,deepseek_v4_pro_max,26.92393663208572,8
1202,deepseek_v4_flash_max,22.080814460892853,9
1203,gpt_5_6_sol_max,80.3217600405452,1
1203,qwen3_8_max,72.38741222903462,2
1203,gemini_3_1_pro_high,71.15695055587358,3
1203,claude_fable_5_max,67.1823726786174,4
1203,claude_opus_4_8_max,48.22948855876322,5
1203,kimi_k3_max,43.10034154254137,6
1203,gpt_5_5_xhigh,34.80366611011496,7
1203,deepseek_v4_flash_max,27.482021515969095,8
1203,deepseek_v4_pro_max,19.826530608158052,9
1204,gpt_5_6_sol_max,70.05045608889151,1
1204,claude_fable_5_max,68.69809401134081,2
1204,qwen3_8_max,65.36743063735835,3
1204,gemini_3_1_pro_high,58.78270304162592,4
1204,gpt_5_5_xhigh,57.19319014562448,5
1204,kimi_k3_max,35.35564651415917,6
1204,claude_opus_4_8_max,31.302213930606637,7
1204,deepseek_v4_flash_max,30.359389989002523,8
1204,deepseek_v4_pro_max,20.056229927656545,9
1205,claude_fable_5_max,88.75609992875427,1
1205,qwen3_8_max,50.20727574090736,2
1205,gemini_3_1_pro_high,49.76248126768213,3
1205,kimi_k3_max,38.880137207352846,4
1205,gpt_5_5_xhigh,37.529741737825795,5
1205,gpt_5_6_sol_max,36.90353470676021,6
1205,deepseek_v4_pro_max,27.878452099800406,7
1205,claude_opus_4_8_max,26.378545743044892,8
1205,deepseek_v4_flash_max,17.243914031429917,9
1206,claude_fable_5_max,71.11109012052303,1
1206,gpt_5_5_xhigh,64.87083592268661,2
1206,gemini_3_1_pro_high,62.09078712875008,3
1206,claude_opus_4_8_max,56.67826210619492,4
1206,qwen3_8_max,55.02011295350774,5
1206,gpt_5_6_sol_max,45.081691067739214,6
1206,kimi_k3_max,40.93912633710832,7
1206,deepseek_v4_flash_max,24.59975468099875,8
1206,deepseek_v4_pro_max,24.12767881657269,9
1207,claude_opus_4_8_max,59.26920558669992,1
1207,kimi_k3_max,58.87104822300707,2
1207,gpt_5_6_sol_max,57.12017619724956,3
1207,qwen3_8_max,53.47716314615152,4
1207,claude_fable_5_max,45.2909927606687,5
1207,gemini_3_1_pro_high,45.250544998548705,6
1207,gpt_5_5_xhigh,37.35264228387442,7
1207,deepseek_v4_pro_max,36.92527678153473,8
1207,deepseek_v4_flash_max,19.431597818792206,9
1208,gpt_5_5_xhigh,65.23007617105719,1
1208,gemini_3_1_pro_high,57.446784843003755,2
1208,claude_opus_4_8_max,47.56609119943272,3
1208,kimi_k3_max,40.5534301511834,4
1208,qwen3_8_max,34.189865384185595,5
1208,claude_fable_5_max,32.33545451505366,6
1208,gpt_5_6_sol_max,30.07709961170927,7
1208,deepseek_v4_flash_max,27.043868439368552,8
1208,deepseek_v4_pro_max,21.99386495069634,9
1209,claude_fable_5_max,76.91226849464012,1
1209,kimi_k3_max,62.73980583304468,2
1209,gpt_5_6_sol_max,61.604362224506886,3
1209,gpt_5_5_xhigh,55.092192540132224,4
1209,qwen3_8_max,51.39031754343111,5
1209,gemini_3_1_pro_high,50.15929241086227,6
1209,claude_opus_4_8_max,28.500741063875516,7
1209,deepseek_v4_flash_max,22.994277796107042,8
1209,deepseek_v4_pro_max,22.30106704452303,9
1210,gpt_5_6_sol_max,71.72201125774271,1
1210,kimi_k3_max,71.39876609917911,2
1210,claude_fable_5_max,68.55000927651642,3
1210,qwen3_8_max,58.40218623409612,4
1210,gpt_5_5_xhigh,43.989335497369325,5
1210,gemini_3_1_pro_high,41.30627171292092,6
1210,claude_opus_4_8_max,40.136439815383895,7
1210,deepseek_v4_pro_max,24.57964415329346,8
1210,deepseek_v4_flash_max,18.197433223186252,9
1211,gpt_5_6_sol_max,72.10066483150369,1
1211,claude_fable_5_max,67.20600598087717,2
1211,claude_opus_4_8_max,59.14230366113743,3
1211,qwen3_8_max,58.8583530410706,4
1211,gemini_3_1_pro_high,58.330108946917775,5
1211,kimi_k3_max,54.706154640783566,6
1211,deepseek_v4_pro_max,32.00581580238581,7
1211,gpt_5_5_xhigh,21.859831441001305,8
1211,deepseek_v4_flash_max,21.340784327970482,9
1212,claude_opus_4_8_max,68.13301350404939,1
1212,qwen3_8_max,57.07262260844414,2
1212,gpt_5_5_xhigh,50.19510828881158,3
1212,gemini_3_1_pro_high,41.127170737709235,4
1212,gpt_5_6_sol_max,35.50745142555256,5
1212,claude_fable_5_max,34.3795552713993,6
1212,kimi_k3_max,33.90968429685117,7
1212,deepseek_v4_flash_max,30.03342356980168,8
1212,deepseek_v4_pro_max,20.532260211629925,9
1213,gpt_5_5_xhigh,72.8101638393805,1
1213,gpt_5_6_sol_max,63.14940325108748,2
1213,gemini_3_1_pro_high,56.75076031903982,3
1213,qwen3_8_max,53.498891939107,4
1213,claude_fable_5_max,46.541219889635876,5
1213,claude_opus_4_8_max,42.08107107923183,6
1213,kimi_k3_max,35.44014524160685,7
1213,deepseek_v4_pro_max,34.067144957974136,8
1213,deepseek_v4_flash_max,29.74968895556547,9
1214,gemini_3_1_pro_high,64.24794851811616,1
1214,gpt_5_6_sol_max,63.50772558660084,2
1214,claude_fable_5_max,51.37258298492634,3
1214,qwen3_8_max,44.01528006722942,4
1214,claude_opus_4_8_max,39.07567171199621,5
1214,kimi_k3_max,35.21169200262989,6
1214,gpt_5_5_xhigh,27.104748746628424,7
1214,deepseek_v4_flash_max,19.459599136442932,8
1214,deepseek_v4_pro_max,13.831236381199627,9
1215,claude_opus_4_8_max,61.6842413382974,1
1215,claude_fable_5_max,60.89092180382686,2
1215,gemini_3_1_pro_high,56.32808171350542,3
1215,gpt_5_6_sol_max,55.756712549924394,4
1215,deepseek_v4_pro_max,55.552859796278526,5
1215,kimi_k3_max,41.407424079877494,6
1215,qwen3_8_max,37.66742767789356,7
1215,deepseek_v4_flash_max,33.75449268779438,8
1215,gpt_5_5_xhigh,15.24387250772882,9
1216,claude_opus_4_8_max,82.79202807425193,1
1216,gemini_3_1_pro_high,45.50609274870556,2
1216,kimi_k3_max,42.728681241011316,3
1216,gpt_5_5_xhigh,37.69632098918315,4
1216,gpt_5_6_sol_max,33.80377473745408,5
1216,claude_fable_5_max,29.63452190613777,6
1216,deepseek_v4_flash_max,27.92103872549533,7
1216,qwen3_8_max,25.161313017517514,8
1216,deepseek_v4_pro_max,19.41336121235204,9
1217,gpt_5_6_sol_max,80.01087263583926,1
1217,claude_opus_4_8_max,70.03839522437889,2
1217,gpt_5_5_xhigh,65.22962333086058,3
1217,gemini_3_1_pro_high,54.883325228502244,4
1217,claude_fable_5_max,44.23581274189438,5
1217,qwen3_8_max,36.500082754880694,6
1217,deepseek_v4_pro_max,28.873354952900513,7
1217,deepseek_v4_flash_max,25.769087914234007,8
1217,kimi_k3_max,24.84502939252576,9
1218,gemini_3_1_pro_high,78.44993221281041,1
1218,gpt_5_5_xhigh,70.90142267876999,2
1218,kimi_k3_max,67.4145920703769,3
1218,qwen3_8_max,53.26966974905158,4
1218,gpt_5_6_sol_max,45.28179464864701,5
1218,claude_opus_4_8_max,44.0717701939076,6
1218,claude_fable_5_max,43.77285273631451,7
1218,deepseek_v4_pro_max,36.82090635103662,8
1218,deepseek_v4_flash_max,22.532625992824663,9
1219,gpt_5_6_sol_max,65.6012656806424,1
1219,gemini_3_1_pro_high,49.32948571718039,2
1219,gpt_5_5_xhigh,42.55975559493578,3
1219,deepseek_v4_flash_max,39.31844218274895,4
1219,qwen3_8_max,37.705783847584385,5
1219,claude_fable_5_max,35.06484099520717,6
1219,claude_opus_4_8_max,25.795768549350534,7
1219,deepseek_v4_pro_max,21.65761436112438,8
1219,kimi_k3_max,13.626859320325371,9
1220,claude_opus_4_8_max,62.69544662189555,1
1220,deepseek_v4_pro_max,51.59932773113907,2
1220,gemini_3_1_pro_high,39.25506659599209,3
1220,claude_fable_5_max,39.10524279220697,4
1220,qwen3_8_max,35.96535492778448,5
1220,gpt_5_5_xhigh,34.15041213096341,6
1220,gpt_5_6_sol_max,33.35731818263956,7
1220,kimi_k3_max,30.418857585407082,8
1220,deepseek_v4_flash_max,2.8666832594622838,9
1221,claude_fable_5_max,69.6035208299822,1
1221,gpt_5_5_xhigh,63.72529308573533,2
1221,kimi_k3_max,55.6700387317233,3
1221,deepseek_v4_pro_max,55.61193761627638,4
1221,gemini_3_1_pro_high,49.34207318663597,5
1221,gpt_5_6_sol_max,41.450916197838204,6
1221,qwen3_8_max,40.24286894192083,7
1221,claude_opus_4_8_max,30.329095679571783,8
1221,deepseek_v4_flash_max,17.45407854120763,9
1222,claude_fable_5_max,85.76616613287466,1
1222,gpt_5_6_sol_max,72.8586582894114,2
1222,gemini_3_1_pro_high,59.609398821666545,3
1222,kimi_k3_max,43.32933345117663,4
1222,qwen3_8_max,43.02808863713122,5
1222,claude_opus_4_8_max,40.37398594816483,6
1222,gpt_5_5_xhigh,29.925720936672484,7
1222,deepseek_v4_flash_max,26.896107934742624,8
1222,deepseek_v4_pro_max,23.635434909653696,9
1223,gpt_5_6_sol_max,83.43121898153909,1
1223,claude_fable_5_max,40.54241653166099,2
1223,gpt_5_5_xhigh,36.9414848630898,3
1223,claude_opus_4_8_max,35.99317137528171,4
1223,kimi_k3_max,34.87017496613676,5
1223,deepseek_v4_flash_max,25.55165445136518,6
1223,qwen3_8_max,19.472311958628353,7
1223,gemini_3_1_pro_high,19.435768947068468,8
1223,deepseek_v4_pro_max,16.948724584303037,9
1224,claude_fable_5_max,86.62694996761915,1
1224,gpt_5_6_sol_max,66.081155427435,2
1224,kimi_k3_max,63.140045249950774,3
1224,claude_opus_4_8_max,58.900275307954395,4
1224,gemini_3_1_pro_high,53.524532818272704,5
1224,qwen3_8_max,49.56668060487361,6
1224,deepseek_v4_flash_max,39.48848005327743,7
1224,gpt_5_5_xhigh,28.441998184135947,8
1224,deepseek_v4_pro_max,12.255592987590278,9
1225,gemini_3_1_pro_high,76.60789354878371,1
1225,gpt_5_6_sol_max,63.51749269331127,2
1225,qwen3_8_max,44.20344551580699,3
1225,claude_opus_4_8_max,41.216369459891865,4
1225,claude_fable_5_max,37.14853920300768,5
1225,kimi_k3_max,34.29592517760348,6
1225,deepseek_v4_pro_max,28.14241172760233,7
1225,gpt_5_5_xhigh,26.255367751236932,8
1225,deepseek_v4_flash_max,11.805588002586482,9
1226,kimi_k3_max,71.33562543881446,1
1226,gemini_3_1_pro_high,63.81316454183087,2
1226,claude_fable_5_max,63.68963332811134,3
1226,gpt_5_6_sol_max,62.5717764958253,4
1226,claude_opus_4_8_max,52.02078398087183,5
1226,qwen3_8_max,32.99331321327762,6
1226,deepseek_v4_flash_max,32.31785458136535,7
1226,gpt_5_5_xhigh,27.76988484793328,8
1226,deepseek_v4_pro_max,17.054548363242944,9
1227,gpt_5_6_sol_max,67.42563559993741,1
1227,kimi_k3_max,60.89123241364062,2
1227,qwen3_8_max,57.769129379469504,3
1227,claude_fable_5_max,57.735711508944235,4
1227,gpt_5_5_xhigh,54.20757981679954,5
1227,gemini_3_1_pro_high,42.96256870881497,6
1227,claude_opus_4_8_max,41.284215103306884,7
1227,deepseek_v4_flash_max,37.389788808390776,8
1227,deepseek_v4_pro_max,28.63008793642627,9
1228,gpt_5_6_sol_max,81.75387292848295,1
1228,gpt_5_5_xhigh,51.1868373063171,2
1228,deepseek_v4_pro_max,39.23524151262383,3
1228,claude_fable_5_max,38.192685553324615,4
1228,gemini_3_1_pro_high,34.163768788778725,5
1228,kimi_k3_max,33.7281513045117,6
1228,claude_opus_4_8_max,32.76575036263559,7
1228,qwen3_8_max,25.262748919453053,8
1228,deepseek_v4_flash_max,14.080269341552498,9
1229,kimi_k3_max,77.72316258793441,1
1229,gpt_5_5_xhigh,60.025103394831476,2
1229,gpt_5_6_sol_max,46.85320361758575,3
1229,claude_fable_5_max,46.0679225898994,4
1229,qwen3_8_max,41.36315298647034,5
1229,deepseek_v4_flash_max,33.65859170968665,6
1229,gemini_3_1_pro_high,31.562786569252346,7
1229,claude_opus_4_8_max,19.7347530668236,8
1229,deepseek_v4_pro_max,19.01368200202149,9
1230,qwen3_8_max,71.66528634209773,1
1230,gpt_5_6_sol_max,67.38139769905452,2
1230,claude_fable_5_max,65.30731109585352,3
1230,gemini_3_1_pro_high,54.9659149012316,4
1230,kimi_k3_max,47.2862933219616,5
1230,gpt_5_5_xhigh,42.40550836141156,6
1230,deepseek_v4_pro_max,31.650911118579053,7
1230,claude_opus_4_8_max,26.0557351315351,8
1230,deepseek_v4_flash_max,5.601726269996131,9
1231,gpt_5_6_sol_max,85.83252986940464,1
1231,claude_opus_4_8_max,60.4522506255503,2
1231,claude_fable_5_max,53.73718472880478,3
1231,kimi_k3_max,50.25582829535778,4
1231,gemini_3_1_pro_high,48.30142526178244,5
1231,qwen3_8_max,43.85911494420361,6
1231,deepseek_v4_flash_max,42.0546472386852,7
1231,gpt_5_5_xhigh,40.73522488956816,8
1231,deepseek_v4_pro_max,39.81427003664334,9
1232,gemini_3_1_pro_high,81.94876512267888,1
1232,kimi_k3_max,57.323415545383945,2
1232,gpt_5_5_xhigh,51.364397636554735,3
1232,gpt_5_6_sol_max,46.482293402066205,4
1232,qwen3_8_max,44.00812284753744,5
1232,claude_opus_4_8_max,36.86261045664813,6
1232,deepseek_v4_pro_max,32.96491968444482,7
1232,deepseek_v4_flash_max,32.114954386381555,8
1232,claude_fable_5_max,16.925127309819317,9
1233,gpt_5_6_sol_max,78.55900472583161,1
1233,claude_opus_4_8_max,75.79984530532856,2
1233,kimi_k3_max,59.27659007898608,3
1233,gemini_3_1_pro_high,41.539673735217654,4
1233,qwen3_8_max,37.413088882784,5
1233,deepseek_v4_pro_max,37.224577146179286,6
1233,gpt_5_5_xhigh,30.248620308892786,7
1233,deepseek_v4_flash_max,11.771401159179545,8
1233,claude_fable_5_max,11.142894106895568,9
1234,claude_fable_5_max,74.33693857625077,1
1234,gpt_5_6_sol_max,70.59909366029271,2
1234,claude_opus_4_8_max,37.573145298880384,3
1234,gemini_3_1_pro_high,37.5237674419243,4
1234,qwen3_8_max,36.31193087561418,5
1234,kimi_k3_max,32.04253493138185,6
1234,gpt_5_5_xhigh,28.09021880418036,7
1234,deepseek_v4_flash_max,26.93155447812314,8
1234,deepseek_v4_pro_max,13.709596204597,9
1235,kimi_k3_max,73.99981376830569,1
1235,qwen3_8_max,54.8612694894594,2
1235,gpt_5_5_xhigh,48.83827586950718,3
1235,claude_fable_5_max,38.44449869311497,4
1235,claude_opus_4_8_max,33.77266471684841,5
1235,gpt_5_6_sol_max,32.15448377201944,6
1235,deepseek_v4_flash_max,25.67648387957928,7
1235,deepseek_v4_pro_max,18.52858347125313,8
1235,gemini_3_1_pro_high,17.28956049035221,9
1236,gemini_3_1_pro_high,70.40958869210206,1
1236,gpt_5_6_sol_max,59.929771783177,2
1236,gpt_5_5_xhigh,59.83591544226336,3
1236,claude_opus_4_8_max,53.353404839802536,4
1236,kimi_k3_max,45.48903940527961,5
1236,claude_fable_5_max,44.15287679916254,6
1236,deepseek_v4_flash_max,29.152119690619507,7
1236,qwen3_8_max,24.32658137617064,8
1236,deepseek_v4_pro_max,4.26153963512866,9
1237,kimi_k3_max,82.14212572392492,1
1237,claude_fable_5_max,65.90899342778026,2
1237,gpt_5_6_sol_max,61.64633037197988,3
1237,qwen3_8_max,47.22421910303454,4
1237,deepseek_v4_pro_max,41.60407757197302,5
1237,gpt_5_5_xhigh,37.19340219056588,6
1237,claude_opus_4_8_max,31.171858948805045,7
1237,gemini_3_1_pro_high,25.28367533465095,8
1237,deepseek_v4_flash_max,14.973536233857526,9
1238,claude_fable_5_max,76.55249774704026,1
1238,gpt_5_5_xhigh,70.90322383543668,2
1238,gpt_5_6_sol_max,60.661257282275855,3
1238,kimi_k3_max,55.47349081221104,4
1238,qwen3_8_max,48.07217771313144,5
1238,gemini_3_1_pro_high,45.29716896486919,6
1238,deepseek_v4_pro_max,38.943441739302656,7
1238,claude_opus_4_8_max,28.605501201174064,8
1238,deepseek_v4_flash_max,19.59696356148241,9
1239,gpt_5_6_sol_max,80.63781584774748,1
1239,claude_fable_5_max,70.96624352622135,2
1239,kimi_k3_max,64.2133938596518,3
1239,qwen3_8_max,59.69527021065713,4
1239,gpt_5_5_xhigh,49.85905095202861,5
1239,gemini_3_1_pro_high,39.1813274966737,6
1239,deepseek_v4_pro_max,37.775969424353185,7
1239,claude_opus_4_8_max,23.851807044433663,8
1239,deepseek_v4_flash_max,19.238101314302877,9
1240,gpt_5_6_sol_max,79.77039959440378,1
1240,kimi_k3_max,68.11952261088695,2
1240,claude_fable_5_max,53.62498751368295,3
1240,gpt_5_5_xhigh,52.80759760638276,4
1240,qwen3_8_max,39.24137009294964,5
1240,deepseek_v4_flash_max,36.05781023709933,6
1240,gemini_3_1_pro_high,32.62200241938603,7
1240,claude_opus_4_8_max,30.150197340590424,8
1240,deepseek_v4_pro_max,29.858007510756956,9
1241,gemini_3_1_pro_high,71.05056975378157,1
1241,qwen3_8_max,60.73667330436804,2
1241,gpt_5_6_sol_max,60.42107957405548,3
1241,claude_opus_4_8_max,60.37217857475498,4
1241,kimi_k3_max,58.81175646032594,5
1241,claude_fable_5_max,55.37974749456801,6
1241,deepseek_v4_pro_max,27.671823175397904,7
1241,deepseek_v4_flash_max,23.213115972070916,8
1241,gpt_5_5_xhigh,17.22198872165862,9
1242,claude_opus_4_8_max,67.64193722357706,1
1242,claude_fable_5_max,62.656981079195674,2
1242,gemini_3_1_pro_high,53.07130064870134,3
1242,deepseek_v4_flash_max,51.56337012307026,4
1242,gpt_5_5_xhigh,50.42631541474928,5
1242,qwen3_8_max,50.137814533174506,6
1242,gpt_5_6_sol_max,43.202935514142496,7
1242,kimi_k3_max,33.50714535942796,8
1242,deepseek_v4_pro_max,22.28769285085176,9
1243,gpt_5_5_xhigh,71.21629226207052,1
1243,claude_opus_4_8_max,42.57076846414513,2
1243,deepseek_v4_flash_max,40.44676749526556,3
1243,kimi_k3_max,40.36844295906499,4
1243,claude_fable_5_max,33.894697080617476,5
1243,qwen3_8_max,31.487305310739487,6
1243,gpt_5_6_sol_max,28.632225880536613,7
1243,gemini_3_1_pro_high,19.988262603838837,8
1243,deepseek_v4_pro_max,10.594966531911437,9
1244,gpt_5_6_sol_max,79.46289799367386,1
1244,kimi_k3_max,51.93833541608044,2
1244,claude_fable_5_max,45.1431785795671,3
1244,gpt_5_5_xhigh,38.560096479003164,4
1244,claude_opus_4_8_max,27.385561937304068,5
1244,deepseek_v4_flash_max,23.376012372122407,6
1244,qwen3_8_max,21.500090235047548,7
1244,deepseek_v4_pro_max,21.173051522662494,8
1244,gemini_3_1_pro_high,16.02931688442452,9
1245,gpt_5_6_sol_max,79.60651006248474,1
1245,qwen3_8_max,54.586657922273844,2
1245,gemini_3_1_pro_high,53.87919246670677,3
1245,kimi_k3_max,46.965075129377354,4
1245,deepseek_v4_pro_max,31.688434995523505,5
1245,claude_opus_4_8_max,26.57930160737322,6
1245,claude_fable_5_max,21.962057205742777,7
1245,gpt_5_5_xhigh,20.316641108072986,8
1245,deepseek_v4_flash_max,18.733023531809202,9
1246,gpt_5_5_xhigh,71.14442154001875,1
1246,gemini_3_1_pro_high,58.99507533799211,2
1246,claude_opus_4_8_max,57.835198915364955,3
1246,gpt_5_6_sol_max,45.753787434817525,4
1246,deepseek_v4_pro_max,34.271571419391954,5
1246,kimi_k3_max,29.317553697570524,6
1246,claude_fable_5_max,27.866015474536805,7
1246,qwen3_8_max,17.624589518008072,8
1246,deepseek_v4_flash_max,8.236369156985432,9
1247,gpt_5_6_sol_max,80.00807671781156,1
1247,gemini_3_1_pro_high,74.57349761617148,2
1247,claude_fable_5_max,64.98430431627625,3
1247,kimi_k3_max,61.85084865492581,4
1247,gpt_5_5_xhigh,39.36934381649145,5
1247,deepseek_v4_pro_max,33.73166768430823,6
1247,qwen3_8_max,23.241703658731264,7
1247,claude_opus_4_8_max,23.009067335120438,8
1247,deepseek_v4_flash_max,14.651410281785987,9
1248,qwen3_8_max,73.97908898317388,1
1248,claude_fable_5_max,60.43565062137932,2
1248,gpt_5_6_sol_max,53.06589415872678,3
1248,claude_opus_4_8_max,52.605596916810455,4
1248,kimi_k3_max,44.763193227419805,5
1248,deepseek_v4_flash_max,36.55506514045038,6
1248,gpt_5_5_xhigh,34.67797941487468,7
1248,gemini_3_1_pro_high,20.38526426925467,8
1248,deepseek_v4_pro_max,10.988134306594532,9
1249,gpt_5_5_xhigh,65.77488154020143,1
1249,qwen3_8_max,52.597957603233276,2
1249,gpt_5_6_sol_max,39.270330894256816,3
1249,claude_opus_4_8_max,39.07968141471807,4
1249,claude_fable_5_max,38.00917046904481,5
1249,kimi_k3_max,35.868097240359056,6
1249,deepseek_v4_flash_max,29.79170088505554,7
1249,gemini_3_1_pro_high,20.1315086392808,8
1249,deepseek_v4_pro_max,18.50835183155555,9
1250,gpt_5_6_sol_max,53.29650007296746,1
1250,gemini_3_1_pro_high,52.713919092586416,2
1250,gpt_5_5_xhigh,45.73805344989368,3
1250,claude_opus_4_8_max,42.07322876813067,4
1250,qwen3_8_max,40.41081657449624,5
1250,claude_fable_5_max,36.376850224871575,6
1250,kimi_k3_max,36.187437520939255,7
1250,deepseek_v4_pro_max,30.706482572172046,8
1250,deepseek_v4_flash_max,29.328971364225602,9
1251,gpt_5_5_xhigh,74.53236273017316,1
1251,qwen3_8_max,66.33133554459053,2
1251,gpt_5_6_sol_max,64.66537558131068,3
1251,deepseek_v4_pro_max,57.024982724173256,4
1251,claude_opus_4_8_max,47.38169684740664,5
1251,gemini_3_1_pro_high,41.89811100528925,6
1251,kimi_k3_max,26.274566079497024,7
1251,claude_fable_5_max,23.492109249619148,8
1251,deepseek_v4_flash_max,8.301639103287071,9
1252,gpt_5_6_sol_max,78.09337206256548,1
1252,gemini_3_1_pro_high,53.90443069002882,2
1252,claude_fable_5_max,52.47552101435211,3
1252,gpt_5_5_xhigh,50.290434931136474,4
1252,deepseek_v4_pro_max,37.48184102029107,5
1252,qwen3_8_max,31.433538239486936,6
1252,claude_opus_4_8_max,29.793388306089675,7
1252,kimi_k3_max,27.27161962204318,8
1252,deepseek_v4_flash_max,26.91296358618117,9
1253,gpt_5_6_sol_max,70.7094126847941,1
1253,gemini_3_1_pro_high,46.67440428501001,2
1253,deepseek_v4_pro_max,40.79785566109456,3
1253,qwen3_8_max,35.875446183683906,4
1253,kimi_k3_max,24.221944150462114,5
1253,gpt_5_5_xhigh,23.581058039357305,6
1253,claude_opus_4_8_max,20.89064100484027,7
1253,claude_fable_5_max,19.42265703576345,8
1253,deepseek_v4_flash_max,8.471120441278089,9
1254,gpt_5_5_xhigh,80.69427596305056,1
1254,gpt_5_6_sol_max,44.61885741277899,2
1254,gemini_3_1_pro_high,42.48412922410844,3
1254,qwen3_8_max,41.94862946751197,4
1254,deepseek_v4_pro_max,40.456951731606566,5
1254,claude_opus_4_8_max,35.864658657539586,6
1254,kimi_k3_max,29.369364204825768,7
1254,claude_fable_5_max,25.921747457837743,8
1254,deepseek_v4_flash_max,12.682537152751875,9
1255,kimi_k3_max,68.18123854613134,1
1255,gpt_5_5_xhigh,55.95029868376561,2
1255,gpt_5_6_sol_max,53.18905340589126,3
1255,claude_opus_4_8_max,47.02241069926822,4
1255,gemini_3_1_pro_high,44.662765770657366,5
1255,qwen3_8_max,27.81168352571402,6
1255,deepseek_v4_pro_max,24.95239235692658,7
1255,claude_fable_5_max,24.586360883918363,8
1255,deepseek_v4_flash_max,9.484731974260733,9
1256,gpt_5_6_sol_max,67.68878012196197,1
1256,qwen3_8_max,59.30481097824902,2
1256,gemini_3_1_pro_high,55.12320808644346,3
1256,kimi_k3_max,47.85174845363525,4
1256,gpt_5_5_xhigh,46.64649418535665,5
1256,claude_fable_5_max,39.97342137631057,6
1256,deepseek_v4_flash_max,37.142763081168745,7
1256,claude_opus_4_8_max,33.28022305728246,8
1256,deepseek_v4_pro_max,19.67638994311973,9
1257,gpt_5_5_xhigh,77.98901851116918,1
1257,gpt_5_6_sol_max,77.35978309150406,2
1257,claude_opus_4_8_max,65.44193619565951,3
1257,claude_fable_5_max,46.24887596928471,4
1257,deepseek_v4_flash_max,35.46414172391878,5
1257,kimi_k3_max,33.9314573406094,6
1257,deepseek_v4_pro_max,32.784159229107125,7
1257,gemini_3_1_pro_high,27.66058366656089,8
1257,qwen3_8_max,19.277019438717144,9
1258,gemini_3_1_pro_high,79.94101885291117,1
1258,claude_opus_4_8_max,63.158978559553,2
1258,qwen3_8_max,62.04354747752682,3
1258,kimi_k3_max,59.98171160781587,4
1258,claude_fable_5_max,46.809213503312584,5
1258,gpt_5_6_sol_max,40.75463276966279,6
1258,deepseek_v4_pro_max,35.87525470661016,7
1258,gpt_5_5_xhigh,34.971070602883145,8
1258,deepseek_v4_flash_max,14.098945028531862,9
1259,gpt_5_5_xhigh,78.38641092415847,1
1259,claude_fable_5_max,57.374813543029916,2
1259,deepseek_v4_pro_max,47.37672487346272,3
1259,claude_opus_4_8_max,46.443354298847815,4
1259,kimi_k3_max,42.51953109831134,5
1259,qwen3_8_max,34.173390233719275,6
1259,gpt_5_6_sol_max,31.638925123210758,7
1259,gemini_3_1_pro_high,22.276492843931422,8
1259,deepseek_v4_flash_max,21.054347095008175,9
1260,claude_fable_5_max,83.47321230544917,1
1260,gpt_5_6_sol_max,77.64854858533636,2
1260,kimi_k3_max,55.45299224197108,3
1260,qwen3_8_max,52.894812722130794,4
1260,gemini_3_1_pro_high,51.26457048879894,5
1260,gpt_5_5_xhigh,40.812368676507134,6
1260,deepseek_v4_pro_max,35.50171389868001,7
1260,claude_opus_4_8_max,33.282484891832375,8
1260,deepseek_v4_flash_max,29.175035967555196,9
1261,claude_fable_5_max,79.84881128674675,1
1261,qwen3_8_max,73.0730304718889,2
1261,kimi_k3_max,59.524070899704924,3
1261,gemini_3_1_pro_high,48.63480470182226,4
1261,deepseek_v4_flash_max,39.248974718503405,5
1261,gpt_5_6_sol_max,37.85348836268143,6
1261,gpt_5_5_xhigh,34.78198408775186,7
1261,deepseek_v4_pro_max,28.56227473647428,8
1261,claude_opus_4_8_max,21.407701553724067,9
1262,claude_fable_5_max,72.10808477079394,1
1262,gpt_5_5_xhigh,65.67221246480126,2
1262,claude_opus_4_8_max,62.60279826396743,3
1262,qwen3_8_max,57.85756612842242,4
1262,deepseek_v4_pro_max,47.7932739355706,5
1262,kimi_k3_max,47.58652768086902,6
1262,gemini_3_1_pro_high,47.22486128637668,7
1262,gpt_5_6_sol_max,42.78885283633813,8
1262,deepseek_v4_flash_max,22.35944382034579,9
1263,claude_opus_4_8_max,61.614356102083256,1
1263,deepseek_v4_pro_max,54.79887687980107,2
1263,kimi_k3_max,54.055117788029094,3
1263,gpt_5_6_sol_max,53.67224143101275,4
1263,qwen3_8_max,39.764348291356214,5
1263,claude_fable_5_max,32.64156572385666,6
1263,gpt_5_5_xhigh,30.546290343595643,7
1263,deepseek_v4_flash_max,16.33833559246859,8
1263,gemini_3_1_pro_high,12.347399793979966,9
1264,gpt_5_6_sol_max,71.17282798907482,1
1264,claude_opus_4_8_max,58.93795191381665,2
1264,gemini_3_1_pro_high,53.457346919691986,3
1264,deepseek_v4_pro_max,45.84595962432212,4
1264,claude_fable_5_max,44.8919528028921,5
1264,kimi_k3_max,41.11688678332562,6
1264,qwen3_8_max,40.60141808330741,7
1264,gpt_5_5_xhigh,36.24215108976963,8
1264,deepseek_v4_flash_max,30.65325886768396,9
1265,claude_opus_4_8_max,85.68716462359362,1
1265,gpt_5_6_sol_max,42.24672563491762,2
1265,gpt_5_5_xhigh,40.87961354483345,3
1265,deepseek_v4_pro_max,38.33503275613678,4
1265,kimi_k3_max,38.19028838398387,5
1265,claude_fable_5_max,36.67129831176233,6
1265,qwen3_8_max,30.134407560584684,7
1265,gemini_3_1_pro_high,21.096858869546192,8
1265,deepseek_v4_flash_max,21.078781251706705,9
1266,gpt_5_6_sol_max,67.56317497858069,1
1266,kimi_k3_max,59.898146493213105,2
1266,gpt_5_5_xhigh,50.036630063255856,3
1266,qwen3_8_max,46.52776340290715,4
1266,deepseek_v4_flash_max,46.42913373547315,5
1266,claude_fable_5_max,35.41011158772223,6
1266,gemini_3_1_pro_high,28.058888502286006,7
1266,deepseek_v4_pro_max,22.55808279118443,8
1266,claude_opus_4_8_max,19.206454742413413,9
1267,claude_fable_5_max,68.47865951596091,1
1267,qwen3_8_max,65.99695536287665,2
1267,gpt_5_6_sol_max,64.46360064701402,3
1267,gemini_3_1_pro_high,55.079279931869834,4
1267,claude_opus_4_8_max,50.38507254453029,5
1267,deepseek_v4_pro_max,26.26744076030227,6
1267,kimi_k3_max,25.87570984419699,7
1267,gpt_5_5_xhigh,24.48626060553044,8
1267,deepseek_v4_flash_max,14.697919036536835,9
1268,gemini_3_1_pro_high,79.42232383249723,1
1268,gpt_5_5_xhigh,70.25750806439197,2
1268,claude_opus_4_8_max,60.068982326023786,3
1268,gpt_5_6_sol_max,56.70523051769324,4
1268,qwen3_8_max,36.04426829587638,5
1268,claude_fable_5_max,35.84155328457614,6
1268,deepseek_v4_flash_max,30.1804964785253,7
1268,deepseek_v4_pro_max,23.533025518452423,8
1268,kimi_k3_max,14.11255392690116,9
1269,claude_opus_4_8_max,76.82612092163048,1
1269,kimi_k3_max,54.595252708482484,2
1269,gpt_5_6_sol_max,49.45141940016383,3
1269,qwen3_8_max,46.959725834124114,4
1269,claude_fable_5_max,40.53808842188957,5
1269,deepseek_v4_pro_max,38.03908486435948,6
1269,gemini_3_1_pro_high,35.02533366392364,7
1269,gpt_5_5_xhigh,28.600480327094584,8
1269,deepseek_v4_flash_max,21.76933794124276,9
1270,qwen3_8_max,61.902330682164425,1
1270,claude_fable_5_max,48.88816484122776,2
1270,claude_opus_4_8_max,40.46628727425795,3
1270,gpt_5_6_sol_max,30.156186231359577,4
1270,gemini_3_1_pro_high,26.002055848942526,5
1270,deepseek_v4_flash_max,19.563013953250923,6
1270,deepseek_v4_pro_max,16.41559305512492,7
1270,kimi_k3_max,16.337519836479085,8
1270,gpt_5_5_xhigh,14.95672388676747,9
1271,gpt_5_6_sol_max,73.8432006873948,1
1271,qwen3_8_max,66.0999182360348,2
1271,claude_fable_5_max,62.56941573779433,3
1271,gemini_3_1_pro_high,55.41977105946023,4
1271,deepseek_v4_pro_max,51.21243797381409,5
1271,kimi_k3_max,49.972555521929294,6
1271,claude_opus_4_8_max,47.67074135935265,7
1271,gpt_5_5_xhigh,26.85576647665716,8
1271,deepseek_v4_flash_max,6.900782647306211,9
1272,gpt_5_6_sol_max,84.11492819602415,1
1272,claude_opus_4_8_max,60.85788183307015,2
1272,qwen3_8_max,45.632767745253304,3
1272,claude_fable_5_max,40.00002850195089,4
1272,gemini_3_1_pro_high,38.189921832028475,5
1272,deepseek_v4_flash_max,29.64994633341207,6
1272,kimi_k3_max,25.567983474263016,7
1272,gpt_5_5_xhigh,24.821815695387787,8
1272,deepseek_v4_pro_max,14.385834011340995,9
1273,gemini_3_1_pro_high,79.0009462451023,1
1273,claude_fable_5_max,69.87622661441533,2
1273,gpt_5_6_sol_max,68.15107601454703,3
1273,claude_opus_4_8_max,53.20171863046421,4
1273,qwen3_8_max,41.13642966281494,5
1273,kimi_k3_max,33.40510941359261,6
1273,gpt_5_5_xhigh,31.425958188152528,7
1273,deepseek_v4_pro_max,26.801338111310756,8
1273,deepseek_v4_flash_max,13.125782320119846,9
1274,gpt_5_6_sol_max,80.84998059688074,1
1274,kimi_k3_max,56.33767282118157,2
1274,claude_fable_5_max,50.70177399648661,3
1274,qwen3_8_max,48.97975097720227,4
1274,deepseek_v4_flash_max,45.131786177912325,5
1274,gpt_5_5_xhigh,39.00938635655942,6
1274,gemini_3_1_pro_high,32.18715292194011,7
1274,deepseek_v4_pro_max,22.17303232429947,8
1274,claude_opus_4_8_max,19.173061857184944,9
1275,claude_fable_5_max,73.00178984420039,1
1275,gpt_5_6_sol_max,66.82207601126143,2
1275,gemini_3_1_pro_high,63.27421772798602,3
1275,deepseek_v4_pro_max,56.49969875691314,4
1275,kimi_k3_max,50.03879536345481,5
1275,gpt_5_5_xhigh,41.23125422140882,6
1275,qwen3_8_max,32.4337175858795,7
1275,claude_opus_4_8_max,30.37568053684405,8
1275,deepseek_v4_flash_max,27.865936319430844,9
1276,claude_fable_5_max,78.53902699803115,1
1276,gpt_5_5_xhigh,66.02966566077768,2
1276,gemini_3_1_pro_high,57.59187366364863,3
1276,claude_opus_4_8_max,54.118171778476835,4
1276,gpt_5_6_sol_max,38.70248131309998,5
1276,kimi_k3_max,36.43933729100887,6
1276,deepseek_v4_pro_max,25.372681946435762,7
1276,qwen3_8_max,21.76076539627099,8
1276,deepseek_v4_flash_max,9.967025815976509,9
1277,claude_fable_5_max,66.74814187128948,1
1277,gpt_5_5_xhigh,55.7296312874578,2
1277,kimi_k3_max,52.9686313506054,3
1277,qwen3_8_max,45.94078716429585,4
1277,deepseek_v4_flash_max,35.9347518586068,5
1277,gpt_5_6_sol_max,34.523618294976515,6
1277,claude_opus_4_8_max,31.2016818001029,7
1277,gemini_3_1_pro_high,19.69022183301075,8
1277,deepseek_v4_pro_max,11.423709162854003,9
1278,kimi_k3_max,63.9652200244999,1
1278,gpt_5_6_sol_max,62.80432833285102,2
1278,claude_fable_5_max,49.51711251046103,3
1278,gpt_5_5_xhigh,35.00049905455805,4
1278,claude_opus_4_8_max,34.62609354830535,5
1278,deepseek_v4_pro_max,26.068199354390515,6
1278,gemini_3_1_pro_high,24.66938357590002,7
1278,deepseek_v4_flash_max,14.862136360613123,8
1278,qwen3_8_max,12.458256037519433,9
1279,qwen3_8_max,73.0402358166062,1
1279,claude_opus_4_8_max,71.23162988795262,2
1279,gpt_5_6_sol_max,68.3825688527275,3
1279,gemini_3_1_pro_high,61.47814483307363,4
1279,kimi_k3_max,56.1706304092159,5
1279,claude_fable_5_max,48.15193305430409,6
1279,deepseek_v4_flash_max,46.4554590519181,7
1279,gpt_5_5_xhigh,40.780332547319055,8
1279,deepseek_v4_pro_max,11.339089151054285,9
1280,gemini_3_1_pro_high,70.16105577117153,1
1280,qwen3_8_max,68.87131953540363,2
1280,claude_fable_5_max,62.285067187486284,3
1280,gpt_5_6_sol_max,59.223750289536255,4
1280,kimi_k3_max,54.64339654510992,5
1280,gpt_5_5_xhigh,38.61636330311636,6
1280,claude_opus_4_8_max,32.74985454501063,7
1280,deepseek_v4_pro_max,26.506632611956892,8
1280,deepseek_v4_flash_max,19.515842748244758,9
1281,gpt_5_6_sol_max,65.21163255491876,1
1281,claude_fable_5_max,60.95681443635244,2
1281,gemini_3_1_pro_high,54.33037407272299,3
1281,qwen3_8_max,50.41620370500716,4
1281,kimi_k3_max,34.21753552459799,5
1281,gpt_5_5_xhigh,33.11783775275004,6
1281,deepseek_v4_pro_max,30.25092832242266,7
1281,claude_opus_4_8_max,30.060786289500747,8
1281,deepseek_v4_flash_max,17.62327313508286,9
1282,gpt_5_6_sol_max,86.90952175313842,1
1282,qwen3_8_max,48.03257025653768,2
1282,gpt_5_5_xhigh,46.49787109813815,3
1282,kimi_k3_max,45.40183363175426,4
1282,deepseek_v4_flash_max,37.723198420576395,5
1282,claude_opus_4_8_max,28.287003063723283,6
1282,claude_fable_5_max,25.601704582649177,7
1282,deepseek_v4_pro_max,25.259346118136893,8
1282,gemini_3_1_pro_high,20.800626527122873,9
1283,claude_fable_5_max,80.58949424487221,1
1283,kimi_k3_max,79.52767244896606,2
1283,gpt_5_6_sol_max,79.04940620854819,3
1283,gemini_3_1_pro_high,55.224667217793,4
1283,deepseek_v4_pro_max,40.20742981127678,5
1283,claude_opus_4_8_max,27.36701705009964,6
1283,gpt_5_5_xhigh,26.025997311738916,7
1283,qwen3_8_max,22.73023056858744,8
1283,deepseek_v4_flash_max,18.913866075437397,9
1284,gemini_3_1_pro_high,81.15823976733769,1
1284,kimi_k3_max,76.29550880047461,2
1284,claude_opus_4_8_max,49.122005369694385,3
1284,gpt_5_5_xhigh,47.774669930186434,4
1284,deepseek_v4_flash_max,38.49654082063209,5
1284,qwen3_8_max,36.127464074855716,6
1284,claude_fable_5_max,35.59549239304304,7
1284,gpt_5_6_sol_max,32.98056975796729,8
1284,deepseek_v4_pro_max,11.011629249983567,9
1285,gpt_5_6_sol_max,70.41117669625064,1
1285,gemini_3_1_pro_high,54.94585984443647,2
1285,qwen3_8_max,48.95257667574048,3
1285,kimi_k3_max,42.93985439151609,4
1285,claude_fable_5_max,42.39214936253482,5
1285,deepseek_v4_flash_max,36.667674647209665,6
1285,claude_opus_4_8_max,31.86982572200216,7
1285,deepseek_v4_pro_max,22.300886236173234,8
1285,gpt_5_5_xhigh,16.570386147466177,9
1286,kimi_k3_max,86.79119232916212,1
1286,qwen3_8_max,70.92505297723278,2
1286,gpt_5_5_xhigh,61.73709183148077,3
1286,claude_fable_5_max,53.251817970783804,4
1286,gemini_3_1_pro_high,48.189735064749435,5
1286,gpt_5_6_sol_max,38.43246118326583,6
1286,deepseek_v4_pro_max,38.367119233246584,7
1286,claude_opus_4_8_max,36.575544277185216,8
1286,deepseek_v4_flash_max,29.49267647506337,9
1287,gpt_5_6_sol_max,66.85987251498995,1
1287,qwen3_8_max,49.56557278266178,2
1287,gpt_5_5_xhigh,39.261945265756275,3
1287,gemini_3_1_pro_high,38.28522785213107,4
1287,deepseek_v4_pro_max,35.79713796308119,5
1287,kimi_k3_max,35.524506882001376,6
1287,claude_opus_4_8_max,33.82324517380487,7
1287,deepseek_v4_flash_max,32.91777738934324,8
1287,claude_fable_5_max,32.54757935464671,9
1288,kimi_k3_max,82.98333736811165,1
1288,gpt_5_6_sol_max,74.55070277049725,2
1288,gemini_3_1_pro_high,62.931297770105374,3
1288,qwen3_8_max,44.83395971618665,4
1288,claude_opus_4_8_max,44.17414650202328,5
1288,claude_fable_5_max,41.729029050903286,6
1288,deepseek_v4_pro_max,35.07349007894222,7
1288,gpt_5_5_xhigh,33.15216667599876,8
1288,deepseek_v4_flash_max,26.224140268820022,9
1289,gemini_3_1_pro_high,75.85317837440857,1
1289,kimi_k3_max,71.83331722803038,2
1289,claude_opus_4_8_max,66.75831520779269,3
1289,gpt_5_6_sol_max,52.09903528982715,4
1289,claude_fable_5_max,47.14696480763584,5
1289,gpt_5_5_xhigh,41.47714023995055,6
1289,deepseek_v4_flash_max,38.613226276028115,7
1289,qwen3_8_max,34.63293598782018,8
1289,deepseek_v4_pro_max,5.7096204716019905,9
1290,gemini_3_1_pro_high,71.89093788666494,1
1290,claude_opus_4_8_max,54.08061122943145,2
1290,deepseek_v4_flash_max,45.66502573498186,3
1290,claude_fable_5_max,44.34430202652812,4
1290,gpt_5_5_xhigh,41.921609541523424,5
1290,deepseek_v4_pro_max,41.25110799672738,6
1290,qwen3_8_max,39.11042467884624,7
1290,gpt_5_6_sol_max,28.588239947842215,8
1290,kimi_k3_max,14.615969855220783,9
1291,claude_opus_4_8_max,82.31878297141874,1
1291,qwen3_8_max,50.57693378657055,2
1291,deepseek_v4_pro_max,33.912850929658205,3
1291,gpt_5_6_sol_max,33.908275322745986,4
1291,kimi_k3_max,31.173817047067995,5
1291,claude_fable_5_max,22.677767918002658,6
1291,gpt_5_5_xhigh,20.743291584996527,7
1291,deepseek_v4_flash_max,19.537776530271074,8
1291,gemini_3_1_pro_high,11.008725795471099,9
1292,gemini_3_1_pro_high,82.56006886667038,1
1292,claude_opus_4_8_max,70.06700393200975,2
1292,kimi_k3_max,58.71306581357739,3
1292,qwen3_8_max,54.7433431851858,4
1292,claude_fable_5_max,44.43522623904909,5
1292,gpt_5_5_xhigh,42.45464412490536,6
1292,gpt_5_6_sol_max,42.13215879852895,7
1292,deepseek_v4_flash_max,22.72721334932701,8
1292,deepseek_v4_pro_max,19.018572009117488,9
1293,gpt_5_6_sol_max,63.22196696016634,1
1293,kimi_k3_max,52.345818987587194,2
1293,claude_fable_5_max,51.82270433944475,3
1293,gpt_5_5_xhigh,45.297865336268764,4
1293,gemini_3_1_pro_high,37.279006813371474,5
1293,qwen3_8_max,32.864642430840995,6
1293,deepseek_v4_pro_max,28.96033459377522,7
1293,deepseek_v4_flash_max,27.31766108270167,8
1293,claude_opus_4_8_max,27.038657258149623,9
1294,gpt_5_5_xhigh,65.62049427900556,1
1294,claude_fable_5_max,64.21219165493424,2
1294,claude_opus_4_8_max,57.357309608955056,3
1294,kimi_k3_max,57.02837082678694,4
1294,qwen3_8_max,39.81179588196862,5
1294,deepseek_v4_flash_max,39.40920779727331,6
1294,gemini_3_1_pro_high,29.844646060526024,7
1294,gpt_5_6_sol_max,29.128956403279126,8
1294,deepseek_v4_pro_max,21.79327297531615,9
1295,kimi_k3_max,78.59656348232865,1
1295,claude_fable_5_max,73.55725028545292,2
1295,gpt_5_6_sol_max,72.86686799072456,3
1295,qwen3_8_max,70.6825081383909,4
1295,gemini_3_1_pro_high,37.255931615449704,5
1295,gpt_5_5_xhigh,35.42198931798297,6
1295,deepseek_v4_pro_max,30.05338453800262,7
1295,deepseek_v4_flash_max,19.556728594005158,8
1295,claude_opus_4_8_max,17.482802486685628,9
1296,kimi_k3_max,68.23614704324275,1
1296,claude_fable_5_max,61.36372818661695,2
1296,qwen3_8_max,49.88509284313943,3
1296,claude_opus_4_8_max,45.81307674320058,4
1296,gemini_3_1_pro_high,44.61048913778518,5
1296,deepseek_v4_flash_max,40.32271171664485,6
1296,gpt_5_5_xhigh,37.6374137611983,7
1296,gpt_5_6_sol_max,35.67250317952844,8
1296,deepseek_v4_pro_max,26.906709734907437,9
1297,gemini_3_1_pro_high,75.48472432707479,1
1297,kimi_k3_max,70.85422046658198,2
1297,gpt_5_6_sol_max,57.49746205064189,3
1297,qwen3_8_max,55.90391503487544,4
1297,claude_opus_4_8_max,44.27159765186416,5
1297,claude_fable_5_max,36.377693641948085,6
1297,deepseek_v4_flash_max,30.60013952876112,7
1297,gpt_5_5_xhigh,29.96070613015192,8
1297,deepseek_v4_pro_max,19.840946130102544,9
1298,gpt_5_6_sol_max,75.21495975202353,1
1298,qwen3_8_max,68.73509518164016,2
1298,kimi_k3_max,62.79532074868192,3
1298,claude_opus_4_8_max,54.23655583093794,4
1298,claude_fable_5_max,44.47422648389974,5
1298,gpt_5_5_xhigh,42.56366475865515,6
1298,deepseek_v4_pro_max,31.831329980981813,7
1298,gemini_3_1_pro_high,29.26336138197675,8
1298,deepseek_v4_flash_max,17.6408643571905,9
1299,claude_fable_5_max,86.94459648453798,1
1299,kimi_k3_max,77.6076117791697,2
1299,qwen3_8_max,69.2957126465141,3
1299,claude_opus_4_8_max,67.87385251022718,4
1299,gemini_3_1_pro_high,56.630348385595305,5
1299,gpt_5_5_xhigh,41.32895618170905,6
1299,gpt_5_6_sol_max,33.72567743758972,7
1299,deepseek_v4_pro_max,22.137953813020072,8
1299,deepseek_v4_flash_max,20.37549287966435,9
1300,claude_fable_5_max,71.2372424412557,1
1300,gpt_5_5_xhigh,71.23024432401161,2
1300,gpt_5_6_sol_max,70.63612325824619,3
1300,deepseek_v4_pro_max,58.01982282436424,4
1300,kimi_k3_max,56.61921578734563,5
1300,qwen3_8_max,44.33330275618658,6
1300,gemini_3_1_pro_high,42.2459384967936,7
1300,claude_opus_4_8_max,39.890151381568906,8
1300,deepseek_v4_flash_max,21.92755045020115,9
1301,kimi_k3_max,78.07014530047184,1
1301,claude_fable_5_max,77.09887874174919,2
1301,gemini_3_1_pro_high,74.91123756850021,3
1301,gpt_5_5_xhigh,60.25572211380977,4
1301,gpt_5_6_sol_max,49.57413396538385,5
1301,qwen3_8_max,36.57503505301718,6
1301,claude_opus_4_8_max,29.856816381917337,7
1301,deepseek_v4_pro_max,29.554186389543403,8
1301,deepseek_v4_flash_max,11.197536794988316,9
1302,gpt_5_5_xhigh,71.31117063331313,1
1302,qwen3_8_max,69.08429936432044,2
1302,kimi_k3_max,63.09155168661326,3
1302,gemini_3_1_pro_high,48.779801564897525,4
1302,claude_fable_5_max,42.27415137205651,5
1302,deepseek_v4_pro_max,40.99818330003286,6
1302,gpt_5_6_sol_max,35.33411921975445,7
1302,claude_opus_4_8_max,22.243704563314218,8
1302,deepseek_v4_flash_max,11.138299377738564,9
1303,claude_fable_5_max,66.35511733760441,1
1303,deepseek_v4_pro_max,62.84118232080988,2
1303,gpt_5_5_xhigh,59.0105729911145,3
1303,gpt_5_6_sol_max,57.312953493079746,4
1303,qwen3_8_max,54.94921457232144,5
1303,gemini_3_1_pro_high,44.53203406395055,6
1303,kimi_k3_max,36.6682981878557,7
1303,claude_opus_4_8_max,24.386454880270676,8
1303,deepseek_v4_flash_max,4.998588137827699,9
1304,kimi_k3_max,74.07027528950056,1
1304,claude_fable_5_max,72.2750844329345,2
1304,qwen3_8_max,65.49510207643661,3
1304,gemini_3_1_pro_high,60.14810635396999,4
1304,gpt_5_6_sol_max,60.02690265217861,5
1304,gpt_5_5_xhigh,59.248576379102275,6
1304,deepseek_v4_flash_max,39.04847934817542,7
1304,claude_opus_4_8_max,22.563499273215037,8
1304,deepseek_v4_pro_max,17.999915843792806,9
1305,claude_fable_5_max,73.60865738536157,1
1305,gemini_3_1_pro_high,71.88049752889532,2
1305,gpt_5_5_xhigh,56.7860950113202,3
1305,claude_opus_4_8_max,52.822677746181995,4
1305,kimi_k3_max,52.506880630432164,5
1305,qwen3_8_max,52.09313487963503,6
1305,deepseek_v4_flash_max,40.01503434211185,7
1305,gpt_5_6_sol_max,22.494142636526746,8
1305,deepseek_v4_pro_max,11.39228566534695,9
1306,qwen3_8_max,79.62487858697008,1
1306,gpt_5_6_sol_max,78.5888178436561,2
1306,gemini_3_1_pro_high,48.13185677154196,3
1306,kimi_k3_max,41.76764383419959,4
1306,claude_opus_4_8_max,38.77042664618794,5
1306,gpt_5_5_xhigh,36.977943244602905,6
1306,deepseek_v4_flash_max,28.02919095410795,7
1306,claude_fable_5_max,25.336249496837993,8
1306,deepseek_v4_pro_max,11.244182349092036,9
1307,gpt_5_6_sol_max,58.79358242600715,1
1307,claude_fable_5_max,57.69498754337878,2
1307,qwen3_8_max,56.77775589067109,3
1307,gemini_3_1_pro_high,51.95361693605041,4
1307,claude_opus_4_8_max,37.91660082460606,5
1307,kimi_k3_max,35.508014067833344,6
1307,gpt_5_5_xhigh,34.012941107678714,7
1307,deepseek_v4_pro_max,28.650399949343786,8
1307,deepseek_v4_flash_max,20.919940328897017,9
1308,gpt_5_6_sol_max,73.9836510335389,1
1308,claude_opus_4_8_max,70.00557467851007,2
1308,qwen3_8_max,56.398272058555364,3
1308,deepseek_v4_flash_max,50.60223898605876,4
1308,claude_fable_5_max,48.02542453157464,5
1308,gemini_3_1_pro_high,35.24259974086236,6
1308,kimi_k3_max,30.99205654264163,7
1308,gpt_5_5_xhigh,28.01934928350625,8
1308,deepseek_v4_pro_max,24.345536335752858,9
1309,gpt_5_5_xhigh,79.15645209564805,1
1309,claude_fable_5_max,55.41954578720138,2
1309,gemini_3_1_pro_high,42.615666870163324,3
1309,qwen3_8_max,32.99255286877907,4
1309,claude_opus_4_8_max,21.631072816924483,5
1309,deepseek_v4_pro_max,20.12131047295736,6
1309,kimi_k3_max,19.805832173266523,7
1309,gpt_5_6_sol_max,18.690691463872724,8
1309,deepseek_v4_flash_max,17.771401261338102,9
1310,gpt_5_5_xhigh,84.6564793379969,1
1310,gemini_3_1_pro_high,71.7313918528832,2
1310,kimi_k3_max,57.53265158145196,3
1310,qwen3_8_max,41.18664160221488,4
1310,deepseek_v4_pro_max,38.4990670552608,5
1310,deepseek_v4_flash_max,34.84378468066583,6
1310,gpt_5_6_sol_max,34.56698376337454,7
1310,claude_opus_4_8_max,23.108494859850893,8
1310,claude_fable_5_max,19.36599070024288,9
1311,claude_fable_5_max,85.39489012740883,1
1311,gpt_5_5_xhigh,78.59794309061006,2
1311,gpt_5_6_sol_max,77.83678662945846,3
1311,gemini_3_1_pro_high,58.89248072966482,4
1311,kimi_k3_max,57.60281006026173,5
1311,qwen3_8_max,45.423351171526974,6
1311,deepseek_v4_flash_max,35.14139939365727,7
1311,claude_opus_4_8_max,26.15398371313259,8
1311,deepseek_v4_pro_max,25.079474949308967,9
1312,claude_fable_5_max,80.3578422568232,1
1312,gemini_3_1_pro_high,73.7275003117917,2
1312,gpt_5_6_sol_max,71.93912011684247,3
1312,qwen3_8_max,56.98336001918888,4
1312,kimi_k3_max,56.67298986610971,5
1312,gpt_5_5_xhigh,37.82348441632198,6
1312,claude_opus_4_8_max,33.92866911840819,7
1312,deepseek_v4_flash_max,32.06211146909811,8
1312,deepseek_v4_pro_max,22.67874205298495,9
1313,gpt_5_5_xhigh,76.75301663764805,1
1313,claude_fable_5_max,64.90291818751405,2
1313,gemini_3_1_pro_high,59.24496784835904,3
1313,kimi_k3_max,53.67145346028225,4
1313,gpt_5_6_sol_max,38.8832168241054,5
1313,claude_opus_4_8_max,26.393180992959415,6
1313,deepseek_v4_flash_max,21.976771964073563,7
1313,qwen3_8_max,21.715684350395343,8
1313,deepseek_v4_pro_max,20.9305576234246,9
1314,gpt_5_5_xhigh,75.31109858104685,1
1314,gpt_5_6_sol_max,73.37725186596205,2
1314,qwen3_8_max,50.70765924861564,3
1314,claude_fable_5_max,47.44099033340907,4
1314,kimi_k3_max,40.854647238971026,5
1314,gemini_3_1_pro_high,40.49353111082738,6
1314,claude_opus_4_8_max,37.4691662676762,7
1314,deepseek_v4_pro_max,31.671761139941573,8
1314,deepseek_v4_flash_max,24.684051108852227,9
1315,gpt_5_6_sol_max,70.15443659772356,1
1315,gpt_5_5_xhigh,64.38849714469674,2
1315,qwen3_8_max,62.95276818490524,3
1315,claude_opus_4_8_max,56.34551420508885,4
1315,kimi_k3_max,49.281140357819744,5
1315,deepseek_v4_pro_max,38.27445066067669,6
1315,gemini_3_1_pro_high,28.0586323764978,7
1315,claude_fable_5_max,25.147859328476535,8
1315,deepseek_v4_flash_max,24.204862056900975,9
1316,claude_fable_5_max,69.26444399186995,1
1316,gpt_5_5_xhigh,69.20628546772878,2
1316,kimi_k3_max,48.50920121129937,3
1316,qwen3_8_max,48.24893285155426,4
1316,gpt_5_6_sol_max,42.88742448064888,5
1316,gemini_3_1_pro_high,33.942643562351925,6
1316,claude_opus_4_8_max,29.260052296754328,7
1316,deepseek_v4_flash_max,18.63801626191833,8
1316,deepseek_v4_pro_max,9.6615607652452,9
1317,kimi_k3_max,66.59309227462845,1
1317,claude_fable_5_max,65.7258683135266,2
1317,gpt_5_6_sol_max,61.40329004152875,3
1317,qwen3_8_max,57.41125815682207,4
1317,deepseek_v4_flash_max,54.16604138202014,5
1317,gemini_3_1_pro_high,48.07026140132572,6
1317,claude_opus_4_8_max,38.025351291555296,7
1317,gpt_5_5_xhigh,23.288503090962298,8
1317,deepseek_v4_pro_max,17.839791412793026,9
1318,gpt_5_5_xhigh,84.35952219254237,1
1318,kimi_k3_max,69.3234883127802,2
1318,gpt_5_6_sol_max,68.04417274038269,3
1318,gemini_3_1_pro_high,64.28214753849629,4
1318,qwen3_8_max,60.103397991717074,5
1318,claude_fable_5_max,57.43802306445639,6
1318,claude_opus_4_8_max,40.12607857647026,7
1318,deepseek_v4_flash_max,17.284510491268488,8
1318,deepseek_v4_pro_max,16.168997955854767,9
1319,gpt_5_6_sol_max,71.58051209730019,1
1319,gpt_5_5_xhigh,47.10758640971621,2
1319,kimi_k3_max,42.81864081463703,3
1319,gemini_3_1_pro_high,42.06196697794303,4
1319,claude_fable_5_max,40.19096200403094,5
1319,deepseek_v4_pro_max,37.62429316101566,6
1319,qwen3_8_max,34.90872810503132,7
1319,claude_opus_4_8_max,33.425203148859225,8
1319,deepseek_v4_flash_max,7.328208145451544,9
1320,gpt_5_6_sol_max,72.31241910724171,1
1320,kimi_k3_max,60.500989899374,2
1320,claude_opus_4_8_max,52.798894783250624,3
1320,deepseek_v4_flash_max,52.75478621488035,4
1320,claude_fable_5_max,49.67417355357742,5
1320,gemini_3_1_pro_high,47.9115512022067,6
1320,qwen3_8_max,35.19421341710951,7
1320,gpt_5_5_xhigh,20.17822102025393,8
1320,deepseek_v4_pro_max,18.606845529751872,9
1321,qwen3_8_max,79.08673002432148,1
1321,gpt_5_5_xhigh,74.76361544253886,2
1321,gpt_5_6_sol_max,69.50837126848874,3
1321,claude_fable_5_max,58.43544246688034,4
1321,kimi_k3_max,56.81307387125523,5
1321,deepseek_v4_flash_max,37.67861662062676,6
1321,claude_opus_4_8_max,32.492051007338446,7
1321,gemini_3_1_pro_high,22.5044931776124,8
1321,deepseek_v4_pro_max,3.877227437733335,9
1322,qwen3_8_max,73.59705476321277,1
1322,kimi_k3_max,72.98649767210692,2
1322,gemini_3_1_pro_high,62.24010534774674,3
1322,claude_fable_5_max,37.75129567619701,4
1322,deepseek_v4_pro_max,31.154709485516044,5
1322,gpt_5_5_xhigh,28.482916050798515,6
1322,deepseek_v4_flash_max,27.382893670466686,7
1322,gpt_5_6_sol_max,20.073495894704543,8
1322,claude_opus_4_8_max,19.73485743089637,9
1323,claude_opus_4_8_max,84.38821977804868,1
1323,gpt_5_5_xhigh,71.65945109787316,2
1323,gemini_3_1_pro_high,56.096202607669525,3
1323,qwen3_8_max,55.69464866260761,4
1323,gpt_5_6_sol_max,54.330385285596265,5
1323,claude_fable_5_max,44.116736175609006,6
1323,kimi_k3_max,36.320897943973485,7
1323,deepseek_v4_flash_max,30.74289283080056,8
1323,deepseek_v4_pro_max,24.82675778951083,9
1324,gpt_5_6_sol_max,81.54955669560647,1
1324,claude_opus_4_8_max,68.92112702427096,2
1324,claude_fable_5_max,63.75773306242938,3
1324,qwen3_8_max,36.40517004372538,4
1324,kimi_k3_max,27.537335003618537,5
1324,gpt_5_5_xhigh,20.35791684986818,6
1324,deepseek_v4_pro_max,20.109027593237386,7
1324,deepseek_v4_flash_max,18.332261231523642,8
1324,gemini_3_1_pro_high,15.639345380334882,9
1325,gpt_5_6_sol_max,64.98249678887223,1
1325,kimi_k3_max,49.50934703213504,2
1325,deepseek_v4_pro_max,46.32308230611958,3
1325,claude_fable_5_max,44.46338850382827,4
1325,claude_opus_4_8_max,38.956452240428554,5
1325,qwen3_8_max,38.21955250799306,6
1325,gemini_3_1_pro_high,37.982695625066,7
1325,gpt_5_5_xhigh,23.960728343956745,8
1325,deepseek_v4_flash_max,11.002647631650415,9
1326,gpt_5_6_sol_max,63.27177340184457,1
1326,claude_fable_5_max,52.73816123566546,2
1326,deepseek_v4_pro_max,48.33257251317719,3
1326,gpt_5_5_xhigh,38.94576928535088,4
1326,kimi_k3_max,30.582324214123776,5
1326,claude_opus_4_8_max,30.090799210463135,6
1326,qwen3_8_max,29.553335016676698,7
1326,gemini_3_1_pro_high,18.00241704641716,8
1326,deepseek_v4_flash_max,17.722047623873856,9
1327,claude_fable_5_max,63.59404843634982,1
1327,gpt_5_5_xhigh,62.17493419552974,2
1327,gemini_3_1_pro_high,53.465980972990316,3
1327,gpt_5_6_sol_max,53.46021638143985,4
1327,qwen3_8_max,43.362122865391086,5
1327,claude_opus_4_8_max,36.8058921970768,6
1327,deepseek_v4_flash_max,36.299210148640135,7
1327,kimi_k3_max,31.65980143819109,8
1327,deepseek_v4_pro_max,14.697253298204277,9
1328,kimi_k3_max,76.60265423412947,1
1328,gpt_5_5_xhigh,56.052844541730025,2
1328,claude_opus_4_8_max,51.39059518406963,3
1328,qwen3_8_max,44.52909374565617,4
1328,gpt_5_6_sol_max,44.31086262043208,5
1328,deepseek_v4_pro_max,35.26251035419704,6
1328,claude_fable_5_max,32.82252298456905,7
1328,gemini_3_1_pro_high,23.680694075502664,8
1328,deepseek_v4_flash_max,11.086099359426933,9
1329,claude_fable_5_max,62.21484286040065,1
1329,gemini_3_1_pro_high,60.696957563192115,2
1329,gpt_5_5_xhigh,43.201941111130424,3
1329,kimi_k3_max,39.22551513743045,4
1329,gpt_5_6_sol_max,39.2093485553317,5
1329,qwen3_8_max,35.76959034083604,6
1329,deepseek_v4_pro_max,33.023308844364564,7
1329,claude_opus_4_8_max,24.861881725775767,8
1329,deepseek_v4_flash_max,9.367235447750012,9
1330,claude_opus_4_8_max,71.27418548521014,1
1330,claude_fable_5_max,62.2955473041857,2
1330,gpt_5_6_sol_max,50.79649535056818,3
1330,qwen3_8_max,38.950928507079425,4
1330,deepseek_v4_flash_max,38.231911577894465,5
1330,deepseek_v4_pro_max,37.6495876987838,6
1330,gemini_3_1_pro_high,25.881370256000444,7
1330,kimi_k3_max,24.84403522607173,8
1330,gpt_5_5_xhigh,24.78567843163085,9
1331,gemini_3_1_pro_high,71.74480590051779,1
1331,claude_opus_4_8_max,60.210821340558624,2
1331,kimi_k3_max,59.4723385980286,3
1331,qwen3_8_max,48.68133129061294,4
1331,gpt_5_6_sol_max,42.53664152903603,5
1331,claude_fable_5_max,24.542000179313398,6
1331,deepseek_v4_flash_max,23.21303046265085,7
1331,gpt_5_5_xhigh,14.763971286904523,8
1331,deepseek_v4_pro_max,10.360557627299958,9
1332,gpt_5_6_sol_max,64.542684462261,1
1332,claude_fable_5_max,63.230100281581485,2
1332,gpt_5_5_xhigh,62.74865005305124,3
1332,qwen3_8_max,57.56739414433993,4
1332,kimi_k3_max,53.79005758997263,5
1332,deepseek_v4_flash_max,42.68204525697314,6
1332,gemini_3_1_pro_high,42.245524527091284,7
1332,deepseek_v4_pro_max,25.998605270962074,8
1332,claude_opus_4_8_max,22.153555085454713,9
1333,kimi_k3_max,76.85158962558151,1
1333,gpt_5_5_xhigh,71.9419371911922,2
1333,claude_fable_5_max,70.77919827661243,3
1333,gemini_3_1_pro_high,41.784276320220414,4
1333,deepseek_v4_pro_max,35.209833378515846,5
1333,claude_opus_4_8_max,26.561384935199317,6
1333,gpt_5_6_sol_max,25.27618716032536,7
1333,qwen3_8_max,22.14211062797798,8
1333,deepseek_v4_flash_max,11.503141352950093,9
1334,kimi_k3_max,75.09609039659651,1
1334,gpt_5_5_xhigh,60.858441471039775,2
1334,gpt_5_6_sol_max,57.84471444228394,3
1334,claude_opus_4_8_max,53.6014078623475,4
1334,gemini_3_1_pro_high,48.87344210981529,5
1334,qwen3_8_max,38.728181301222335,6
1334,claude_fable_5_max,38.22348638032028,7
1334,deepseek_v4_flash_max,32.96136404284681,8
1334,deepseek_v4_pro_max,27.481989053191782,9
1335,gpt_5_6_sol_max,82.0454234893003,1
1335,qwen3_8_max,55.217316684299206,2
1335,gemini_3_1_pro_high,47.59324536338549,3
1335,claude_opus_4_8_max,45.3201567583278,4
1335,claude_fable_5_max,44.632884881085985,5
1335,gpt_5_5_xhigh,40.50017514043934,6
1335,deepseek_v4_flash_max,34.5295237106024,7
1335,kimi_k3_max,33.2886179345892,8
1335,deepseek_v4_pro_max,18.213940493716944,9
1336,gpt_5_5_xhigh,86.65659273972986,1
1336,claude_opus_4_8_max,67.22794557891845,2
1336,gemini_3_1_pro_high,56.534212121867256,3
1336,qwen3_8_max,56.17042576808953,4
1336,gpt_5_6_sol_max,33.0879187361962,5
1336,kimi_k3_max,26.82193672717927,6
1336,claude_fable_5_max,26.27806986166437,7
1336,deepseek_v4_flash_max,25.168136313508818,8
1336,deepseek_v4_pro_max,18.277572703499857,9
1337,claude_fable_5_max,62.970837890406244,1
1337,gpt_5_6_sol_max,59.356051283906986,2
1337,gemini_3_1_pro_high,58.83371408653966,3
1337,claude_opus_4_8_max,57.58327765621726,4
1337,qwen3_8_max,48.57949248763574,5
1337,gpt_5_5_xhigh,43.88899444319969,6
1337,kimi_k3_max,42.670126718891595,7
1337,deepseek_v4_flash_max,11.231320346057084,8
1337,deepseek_v4_pro_max,9.454559746531244,9
1338,kimi_k3_max,88.48192228365397,1
1338,claude_fable_5_max,54.23284316463826,2
1338,gpt_5_6_sol_max,51.110308761019795,3
1338,qwen3_8_max,43.66117845691129,4
1338,gemini_3_1_pro_high,40.18677757338298,5
1338,gpt_5_5_xhigh,37.27539833269231,6
1338,deepseek_v4_pro_max,22.459056381943068,7
1338,claude_opus_4_8_max,22.350687545852303,8
1338,deepseek_v4_flash_max,7.639358572784456,9
1339,claude_opus_4_8_max,71.43158731137905,1
1339,kimi_k3_max,48.671195993262046,2
1339,claude_fable_5_max,42.03469599468338,3
1339,gpt_5_6_sol_max,40.73842675824399,4
1339,deepseek_v4_pro_max,30.547642236632313,5
1339,gemini_3_1_pro_high,28.871634399742284,6
1339,qwen3_8_max,27.343940390529895,7
1339,gpt_5_5_xhigh,19.307762775088737,8
1339,deepseek_v4_flash_max,12.34188887712557,9
1340,claude_fable_5_max,63.47907528695542,1
1340,gpt_5_5_xhigh,57.041099247071244,2
1340,kimi_k3_max,45.35628108260586,3
1340,claude_opus_4_8_max,41.9348632814023,4
1340,qwen3_8_max,40.7049567121457,5
1340,deepseek_v4_pro_max,33.513049778133656,6
1340,deepseek_v4_flash_max,20.482973529982473,7
1340,gpt_5_6_sol_max,16.529838511623794,8
1340,gemini_3_1_pro_high,16.066743833515286,9
1341,kimi_k3_max,85.57536656964382,1
1341,gpt_5_5_xhigh,76.77027182716165,2
1341,gpt_5_6_sol_max,53.13802204815689,3
1341,claude_opus_4_8_max,50.86561215555976,4
1341,gemini_3_1_pro_high,42.417105904914315,5
1341,claude_fable_5_max,36.12569299969179,6
1341,qwen3_8_max,32.87614546013795,7
1341,deepseek_v4_flash_max,29.66832501204165,8
1341,deepseek_v4_pro_max,27.05863250889363,9
1342,gemini_3_1_pro_high,81.38386486378445,1
1342,qwen3_8_max,69.17227344097944,2
1342,claude_opus_4_8_max,61.3611893701187,3
1342,gpt_5_5_xhigh,56.3331394272999,4
1342,claude_fable_5_max,51.69323838946357,5
1342,gpt_5_6_sol_max,43.04696535049236,6
1342,deepseek_v4_flash_max,38.81520225587968,7
1342,kimi_k3_max,19.985871207261624,8
1342,deepseek_v4_pro_max,18.257924214470346,9
1343,gpt_5_6_sol_max,79.64329465364202,1
1343,gemini_3_1_pro_high,78.54333970380159,2
1343,claude_fable_5_max,73.54053918587024,3
1343,qwen3_8_max,58.489202587499506,4
1343,kimi_k3_max,48.97247323648186,5
1343,deepseek_v4_pro_max,36.26105220464005,6
1343,gpt_5_5_xhigh,32.10372109664704,7
1343,claude_opus_4_8_max,28.732142241410877,8
1343,deepseek_v4_flash_max,7.374716700534767,9
1344,claude_fable_5_max,77.92125095481843,1
1344,qwen3_8_max,57.523846242783165,2
1344,gpt_5_5_xhigh,52.01832804450858,3
1344,deepseek_v4_flash_max,49.52590997977413,4
1344,gpt_5_6_sol_max,46.55461294921527,5
1344,kimi_k3_max,42.376317106091946,6
1344,claude_opus_4_8_max,19.550074788126242,7
1344,gemini_3_1_pro_high,15.770755283442757,8
1344,deepseek_v4_pro_max,4.247910824509143,9
1345,gpt_5_6_sol_max,75.13536848449004,1
1345,kimi_k3_max,63.943054971236414,2
1345,claude_fable_5_max,54.08831130899993,3
1345,qwen3_8_max,46.07937106018744,4
1345,claude_opus_4_8_max,43.663292067517695,5
1345,deepseek_v4_pro_max,42.79987810849579,6
1345,gemini_3_1_pro_high,34.446695174341,7
1345,gpt_5_5_xhigh,25.58327602984853,8
1345,deepseek_v4_flash_max,14.12456798248653,9
1346,kimi_k3_max,86.5707674860185,1
1346,gpt_5_5_xhigh,48.421411181153644,2
1346,deepseek_v4_pro_max,38.41066020451028,3
1346,qwen3_8_max,37.5284092760283,4
1346,claude_fable_5_max,36.742137902615774,5
1346,deepseek_v4_flash_max,28.919669639101002,6
1346,gemini_3_1_pro_high,22.157552485205883,7
1346,gpt_5_6_sol_max,16.469947892914064,8
1346,claude_opus_4_8_max,11.944169999489885,9
1347,claude_opus_4_8_max,65.73948668338059,1
1347,qwen3_8_max,59.635949416404394,2
1347,gemini_3_1_pro_high,51.723572086521,3
1347,gpt_5_5_xhigh,49.693657780686934,4
1347,kimi_k3_max,48.03016476357614,5
1347,claude_fable_5_max,46.76767114621454,6
1347,deepseek_v4_pro_max,46.18553756442754,7
1347,gpt_5_6_sol_max,23.107706061094415,8
1347,deepseek_v4_flash_max,14.53084242716466,9
1348,claude_fable_5_max,84.27841881040287,1
1348,gpt_5_6_sol_max,68.05566893822609,2
1348,gpt_5_5_xhigh,63.03031625975698,3
1348,kimi_k3_max,51.60842895121731,4
1348,qwen3_8_max,41.986392553475454,5
1348,gemini_3_1_pro_high,38.46516397460616,6
1348,deepseek_v4_flash_max,36.436251699714674,7
1348,claude_opus_4_8_max,23.833814219822532,8
1348,deepseek_v4_pro_max,16.45256674207323,9
1349,gpt_5_6_sol_max,82.92739591198273,1
1349,claude_fable_5_max,72.24865326765361,2
1349,kimi_k3_max,71.27071062502053,3
1349,qwen3_8_max,56.447171519741175,4
1349,gemini_3_1_pro_high,47.715215443848095,5
1349,claude_opus_4_8_max,41.12288594839844,6
1349,deepseek_v4_pro_max,32.227008417798146,7
1349,deepseek_v4_flash_max,30.985448540853117,8
1349,gpt_5_5_xhigh,24.960072577587763,9
1350,gpt_5_5_xhigh,84.67241978790514,1
1350,claude_opus_4_8_max,62.82192902744036,2
1350,qwen3_8_max,47.3516740037787,3
1350,deepseek_v4_pro_max,44.51326272203194,4
1350,gpt_5_6_sol_max,34.91746879942382,5
1350,gemini_3_1_pro_high,31.763565620497964,6
1350,kimi_k3_max,29.22203141912088,7
1350,claude_fable_5_max,23.453601848541265,8
1350,deepseek_v4_flash_max,9.70957557720423,9
1351,deepseek_v4_pro_max,65.10459642782298,1
1351,gpt_5_6_sol_max,61.57511978996034,2
1351,qwen3_8_max,59.24987750235756,3
1351,claude_opus_4_8_max,44.6058898898877,4
1351,claude_fable_5_max,40.40975798724865,5
1351,gemini_3_1_pro_high,37.54581589439886,6
1351,deepseek_v4_flash_max,27.110895702492645,7
1351,gpt_5_5_xhigh,24.69782869975031,8
1351,kimi_k3_max,24.192452713887338,9
1352,qwen3_8_max,72.94664594072036,1
1352,claude_fable_5_max,72.41092065632486,2
1352,kimi_k3_max,61.99794482793781,3
1352,gpt_5_6_sol_max,61.48987129385985,4
1352,gemini_3_1_pro_high,43.124544690237116,5
1352,claude_opus_4_8_max,40.893753682931106,6
1352,deepseek_v4_pro_max,38.14841177021638,7
1352,deepseek_v4_flash_max,22.687817512097908,8
1352,gpt_5_5_xhigh,18.647338264619783,9
1353,gemini_3_1_pro_high,66.58807553396542,1
1353,qwen3_8_max,64.85053643514459,2
1353,claude_opus_4_8_max,64.51072430766322,3
1353,gpt_5_5_xhigh,58.56950830690431,4
1353,claude_fable_5_max,49.498480347439795,5
1353,deepseek_v4_pro_max,36.82739064242285,6
1353,kimi_k3_max,30.623406901923833,7
1353,gpt_5_6_sol_max,22.22936307387755,8
1353,deepseek_v4_flash_max,14.713585073786913,9
1354,claude_opus_4_8_max,76.99707320429803,1
1354,gpt_5_5_xhigh,67.7196120179006,2
1354,gpt_5_6_sol_max,65.92830726154192,3
1354,claude_fable_5_max,44.839996380928305,4
1354,gemini_3_1_pro_high,41.932468724448526,5
1354,qwen3_8_max,39.16396155495047,6
1354,kimi_k3_max,36.35202933930512,7
1354,deepseek_v4_pro_max,31.814784113128418,8
1354,deepseek_v4_flash_max,23.367688155319904,9
1355,claude_opus_4_8_max,71.38728558352227,1
1355,gpt_5_5_xhigh,40.89971965602058,2
1355,gemini_3_1_pro_high,33.23878804434039,3
1355,claude_fable_5_max,32.19590275335863,4
1355,kimi_k3_max,28.709132781026433,5
1355,gpt_5_6_sol_max,23.41256125307421,6
1355,qwen3_8_max,17.256799184609807,7
1355,deepseek_v4_pro_max,14.4552282337555,8
1355,deepseek_v4_flash_max,10.035125754585394,9
1356,gpt_5_6_sol_max,89.02144688937689,1
1356,gemini_3_1_pro_high,55.38576094954084,2
1356,claude_opus_4_8_max,54.47425072509519,3
1356,deepseek_v4_pro_max,41.598545615539734,4
1356,claude_fable_5_max,35.56695471595506,5
1356,kimi_k3_max,33.70583851066516,6
1356,deepseek_v4_flash_max,30.005881799840843,7
1356,gpt_5_5_xhigh,29.441436267812794,8
1356,qwen3_8_max,23.21467243734067,9
1357,gpt_5_5_xhigh,70.84586082855171,1
1357,kimi_k3_max,69.39555048356974,2
1357,claude_fable_5_max,63.54506125002767,3
1357,gpt_5_6_sol_max,56.76350769720158,4
1357,gemini_3_1_pro_high,49.59512509578602,5
1357,claude_opus_4_8_max,48.14700173983407,6
1357,deepseek_v4_pro_max,34.7681021066696,7
1357,qwen3_8_max,30.046308802748882,8
1357,deepseek_v4_flash_max,15.35228743198415,9
1358,kimi_k3_max,63.63532190795114,1
1358,claude_opus_4_8_max,54.544210764726856,2
1358,gemini_3_1_pro_high,52.639335454561284,3
1358,qwen3_8_max,48.32925902031621,4
1358,gpt_5_5_xhigh,47.55617732166261,5
1358,claude_fable_5_max,45.389406394448486,6
1358,gpt_5_6_sol_max,36.898797149274536,7
1358,deepseek_v4_flash_max,19.58986948168397,8
1358,deepseek_v4_pro_max,4.112548777280883,9
1359,claude_opus_4_8_max,75.24193598003492,1
1359,kimi_k3_max,46.44341906082724,2
1359,claude_fable_5_max,44.092172465902856,3
1359,deepseek_v4_pro_max,38.107244534611105,4
1359,gpt_5_6_sol_max,37.22631828552892,5
1359,qwen3_8_max,30.42339530486263,6
1359,gpt_5_5_xhigh,29.37255377159165,7
1359,gemini_3_1_pro_high,27.288770941830975,8
1359,deepseek_v4_flash_max,16.61439036738274,9
1360,gpt_5_6_sol_max,71.33162568061695,1
1360,claude_fable_5_max,58.36229593839856,2
1360,gpt_5_5_xhigh,54.370866142624024,3
1360,claude_opus_4_8_max,52.159823958585086,4
1360,gemini_3_1_pro_high,46.501467008667376,5
1360,kimi_k3_max,42.638521080992845,6
1360,deepseek_v4_pro_max,41.55135186025125,7
1360,qwen3_8_max,28.466737167064032,8
1360,deepseek_v4_flash_max,16.76876621626202,9
1361,claude_fable_5_max,66.86540512017972,1
1361,kimi_k3_max,65.15766730226805,2
1361,claude_opus_4_8_max,58.50350885387717,3
1361,gpt_5_5_xhigh,57.414124497331805,4
1361,qwen3_8_max,50.072059905277904,5
1361,deepseek_v4_pro_max,48.65308065994215,6
1361,gpt_5_6_sol_max,46.09734354757095,7
1361,gemini_3_1_pro_high,25.334017396583537,8
1361,deepseek_v4_flash_max,12.139099849463687,9
1362,claude_fable_5_max,59.53999628125929,1
1362,kimi_k3_max,50.48452872200313,2
1362,deepseek_v4_pro_max,38.72428525470403,3
1362,claude_opus_4_8_max,37.15592938001409,4
1362,gemini_3_1_pro_high,34.50826526940107,5
1362,gpt_5_5_xhigh,34.42607608527591,6
1362,qwen3_8_max,32.45120432768178,7
1362,deepseek_v4_flash_max,31.758450592704094,8
1362,gpt_5_6_sol_max,19.771080281808704,9
1363,gpt_5_5_xhigh,67.9897670090427,1
1363,claude_opus_4_8_max,57.39016801178588,2
1363,claude_fable_5_max,54.080389708301986,3
1363,kimi_k3_max,49.21302686444045,4
1363,deepseek_v4_flash_max,48.829782129937215,5
1363,qwen3_8_max,48.39832396252832,6
1363,gemini_3_1_pro_high,30.20167666539712,7
1363,deepseek_v4_pro_max,25.63215088714926,8
1363,gpt_5_6_sol_max,24.990886313858958,9
1364,claude_fable_5_max,71.51141116784952,1
1364,kimi_k3_max,66.39668780852755,2
1364,qwen3_8_max,61.57290960113245,3
1364,gemini_3_1_pro_high,53.17194964500979,4
1364,gpt_5_6_sol_max,35.09711442902045,5
1364,gpt_5_5_xhigh,26.436639970797636,6
1364,deepseek_v4_flash_max,26.30445020421668,7
1364,claude_opus_4_8_max,24.533620392166565,8
1364,deepseek_v4_pro_max,20.062598382243586,9
1365,gpt_5_5_xhigh,71.71677106758648,1
1365,gpt_5_6_sol_max,61.60992431447802,2
1365,claude_opus_4_8_max,60.51509693041247,3
1365,claude_fable_5_max,50.04946365660388,4
1365,deepseek_v4_pro_max,35.198898858469825,5
1365,kimi_k3_max,34.8773797174072,6
1365,gemini_3_1_pro_high,33.1382513629188,7
1365,qwen3_8_max,21.21757938514287,8
1365,deepseek_v4_flash_max,18.923835981696023,9
1366,claude_fable_5_max,83.63588743696019,1
1366,claude_opus_4_8_max,54.14835626971002,2
1366,qwen3_8_max,49.7774410821597,3
1366,kimi_k3_max,49.28685220428404,4
1366,gpt_5_5_xhigh,42.54170698562706,5
1366,gpt_5_6_sol_max,27.221592267388672,6
1366,deepseek_v4_flash_max,24.486023666804122,7
1366,deepseek_v4_pro_max,24.34593430218009,8
1366,gemini_3_1_pro_high,14.421732214858254,9
1367,qwen3_8_max,74.73706003373263,1
1367,gpt_5_6_sol_max,70.00181277772583,2
1367,kimi_k3_max,53.9021436776885,3
1367,gemini_3_1_pro_high,44.35985731374686,4
1367,claude_fable_5_max,34.325914749182346,5
1367,gpt_5_5_xhigh,29.42876223706192,6
1367,deepseek_v4_flash_max,23.47763893455926,7
1367,claude_opus_4_8_max,22.54338031662967,8
1367,deepseek_v4_pro_max,15.083056515576883,9
1368,claude_fable_5_max,70.80601421194379,1
1368,gpt_5_5_xhigh,54.20045161451309,2
1368,gemini_3_1_pro_high,40.055200500141744,3
1368,qwen3_8_max,36.85142951951394,4
1368,kimi_k3_max,35.70002952180682,5
1368,deepseek_v4_pro_max,33.449824963336894,6
1368,gpt_5_6_sol_max,33.41350757549051,7
1368,deepseek_v4_flash_max,25.703797010440347,8
1368,claude_opus_4_8_max,21.896780020319603,9
1369,gpt_5_6_sol_max,72.20788792086002,1
1369,gemini_3_1_pro_high,58.57382655196869,2
1369,kimi_k3_max,52.56437432022144,3
1369,claude_fable_5_max,50.18811142349816,4
1369,gpt_5_5_xhigh,37.98491356230958,5
1369,qwen3_8_max,32.37440863382322,6
1369,deepseek_v4_flash_max,31.647418947036485,7
1369,claude_opus_4_8_max,21.893601686414854,8
1369,deepseek_v4_pro_max,0.763822373645463,9
1370,gpt_5_5_xhigh,59.175897037055705,1
1370,gpt_5_6_sol_max,58.933296838777615,2
1370,kimi_k3_max,50.68885283674237,3
1370,qwen3_8_max,43.965562984159135,4
1370,claude_fable_5_max,43.12375653108669,5
1370,gemini_3_1_pro_high,40.3981022389915,6
1370,claude_opus_4_8_max,20.921851007274103,7
1370,deepseek_v4_pro_max,19.208852819353424,8
1370,deepseek_v4_flash_max,8.148911100561046,9
1371,kimi_k3_max,73.62956993597453,1
1371,claude_opus_4_8_max,63.902684350684865,2
1371,gpt_5_5_xhigh,59.235081761086285,3
1371,gemini_3_1_pro_high,54.940147431314436,4
1371,claude_fable_5_max,52.49744598544332,5
1371,qwen3_8_max,51.462064939973835,6
1371,gpt_5_6_sol_max,22.367642258622062,7
1371,deepseek_v4_flash_max,21.872547865844464,8
1371,deepseek_v4_pro_max,14.868965707489213,9
1372,claude_fable_5_max,74.21525121523766,1
1372,gpt_5_6_sol_max,64.59241481063204,2
1372,qwen3_8_max,59.63053565695459,3
1372,kimi_k3_max,59.209626225302614,4
1372,gpt_5_5_xhigh,35.16272751081943,5
1372,gemini_3_1_pro_high,34.087669885457366,6
1372,deepseek_v4_flash_max,29.50072064462013,7
1372,claude_opus_4_8_max,26.513361209465256,8
1372,deepseek_v4_pro_max,20.386656989893076,9
1373,claude_fable_5_max,75.20973550933677,1
1373,gpt_5_5_xhigh,66.59964236759485,2
1373,gemini_3_1_pro_high,57.23010680108348,3
1373,deepseek_v4_pro_max,45.543143180147666,4
1373,kimi_k3_max,42.43911979734659,5
1373,claude_opus_4_8_max,41.7883014731301,6
1373,gpt_5_6_sol_max,37.33222707348368,7
1373,qwen3_8_max,29.53384439280203,8
1373,deepseek_v4_flash_max,18.217010740595548,9
1374,qwen3_8_max,66.82043773925511,1
1374,kimi_k3_max,62.501238659104075,2
1374,gemini_3_1_pro_high,56.33035547950125,3
1374,claude_fable_5_max,54.18084931252868,4
1374,gpt_5_5_xhigh,45.91340884891175,5
1374,gpt_5_6_sol_max,41.4009298032665,6
1374,deepseek_v4_flash_max,29.705882483475563,7
1374,claude_opus_4_8_max,26.89360751854676,8
1374,deepseek_v4_pro_max,19.000953038616395,9
1375,gpt_5_6_sol_max,74.76183284051137,1
1375,gemini_3_1_pro_high,59.58127430320437,2
1375,qwen3_8_max,56.95983852383601,3
1375,kimi_k3_max,52.383970779042215,4
1375,deepseek_v4_pro_max,49.12328716139909,5
1375,gpt_5_5_xhigh,35.38533022567513,6
1375,claude_opus_4_8_max,29.785563509304435,7
1375,claude_fable_5_max,20.12879671232751,8
1375,deepseek_v4_flash_max,9.645248859137338,9
1376,kimi_k3_max,71.90472912420623,1
1376,claude_fable_5_max,62.07651959564489,2
1376,qwen3_8_max,48.85362507457803,3
1376,claude_opus_4_8_max,48.76175684354117,4
1376,gpt_5_6_sol_max,44.0319160906504,5
1376,gemini_3_1_pro_high,32.93740519312446,6
1376,gpt_5_5_xhigh,24.1152053309986,7
1376,deepseek_v4_pro_max,19.614079356868032,8
1376,deepseek_v4_flash_max,7.699152865568009,9
1377,claude_opus_4_8_max,69.14568810486176,1
1377,gemini_3_1_pro_high,58.49356419212689,2
1377,gpt_5_5_xhigh,54.84719199070588,3
1377,qwen3_8_max,47.30027648936609,4
1377,kimi_k3_max,43.727730501253234,5
1377,deepseek_v4_pro_max,42.17641105983245,6
1377,gpt_5_6_sol_max,35.95214759392379,7
1377,deepseek_v4_flash_max,28.2417974257869,8
1377,claude_fable_5_max,18.903988502386234,9
1378,gpt_5_5_xhigh,82.61978048380647,1
1378,claude_fable_5_max,51.39151389231894,2
1378,kimi_k3_max,49.155219439758326,3
1378,qwen3_8_max,35.711367080667046,4
1378,gemini_3_1_pro_high,32.41402129533411,5
1378,gpt_5_6_sol_max,29.808601565566118,6
1378,deepseek_v4_flash_max,28.30835839423711,7
1378,claude_opus_4_8_max,27.869525184142994,8
1378,deepseek_v4_pro_max,21.482851752607075,9
1379,claude_fable_5_max,63.415540496165654,1
1379,gpt_5_6_sol_max,56.36854435807481,2
1379,qwen3_8_max,56.01770937947832,3
1379,deepseek_v4_pro_max,48.113040797149665,4
1379,gemini_3_1_pro_high,47.222869067413384,5
1379,kimi_k3_max,36.59226949157639,6
1379,gpt_5_5_xhigh,28.531522244473738,7
1379,claude_opus_4_8_max,25.157071513728642,8
1379,deepseek_v4_flash_max,9.111549128374056,9
1380,claude_fable_5_max,67.74344338646569,1
1380,gemini_3_1_pro_high,67.64300824537361,2
1380,kimi_k3_max,62.37356976853741,3
1380,qwen3_8_max,56.12302170946715,4
1380,claude_opus_4_8_max,52.14391168229854,5
1380,deepseek_v4_pro_max,39.888424759994784,6
1380,gpt_5_6_sol_max,36.637780130261746,7
1380,gpt_5_5_xhigh,35.28553006780787,8
1380,deepseek_v4_flash_max,18.952982100893983,9
1381,qwen3_8_max,69.88339042789066,1
1381,gpt_5_6_sol_max,67.57097023211801,2
1381,claude_opus_4_8_max,66.10396870828788,3
1381,gemini_3_1_pro_high,54.02036576417104,4
1381,gpt_5_5_xhigh,52.81048569265935,5
1381,kimi_k3_max,39.88904446314416,6
1381,deepseek_v4_flash_max,32.58165403371867,7
1381,claude_fable_5_max,30.58271341954728,8
1381,deepseek_v4_pro_max,26.583418832768878,9
1382,claude_opus_4_8_max,66.55729507956337,1
1382,kimi_k3_max,64.07102329939997,2
1382,qwen3_8_max,54.66977000048732,3
1382,gemini_3_1_pro_high,41.392565196000135,4
1382,gpt_5_6_sol_max,41.13367226158563,5
1382,claude_fable_5_max,37.49947895320752,6
1382,deepseek_v4_flash_max,36.41123920464879,7
1382,gpt_5_5_xhigh,23.935710648139572,8
1382,deepseek_v4_pro_max,21.467696266598587,9
1383,qwen3_8_max,74.2248526623996,1
1383,gpt_5_6_sol_max,73.33006448606291,2
1383,kimi_k3_max,71.9937050710661,3
1383,gemini_3_1_pro_high,68.3414436121779,4
1383,claude_opus_4_8_max,56.0775958712821,5
1383,claude_fable_5_max,53.003243440727225,6
1383,gpt_5_5_xhigh,41.14343725220812,7
1383,deepseek_v4_pro_max,35.137455108808396,8
1383,deepseek_v4_flash_max,22.38409212273433,9
1384,kimi_k3_max,76.69730041120908,1
1384,qwen3_8_max,67.3294686982076,2
1384,claude_fable_5_max,62.70497519558049,3
1384,gpt_5_6_sol_max,60.43728496992932,4
1384,deepseek_v4_pro_max,41.37323083503421,5
1384,gemini_3_1_pro_high,33.9490927088012,6
1384,claude_opus_4_8_max,31.500146869064356,7
1384,gpt_5_5_xhigh,22.16062744884488,8
1384,deepseek_v4_flash_max,11.611245099232189,9
1385,claude_fable_5_max,65.49293847051204,1
1385,qwen3_8_max,59.87301045675376,2
1385,kimi_k3_max,43.89863327102688,3
1385,deepseek_v4_pro_max,42.998525670051094,4
1385,claude_opus_4_8_max,41.140251553764934,5
1385,gpt_5_6_sol_max,38.67388995580721,6
1385,gpt_5_5_xhigh,34.181172438263914,7
1385,deepseek_v4_flash_max,27.446573117954834,8
1385,gemini_3_1_pro_high,24.403869210014605,9
1386,kimi_k3_max,78.92398212150789,1
1386,claude_fable_5_max,75.31295142582519,2
1386,gemini_3_1_pro_high,70.59450357856777,3
1386,gpt_5_6_sol_max,64.29516386284581,4
1386,claude_opus_4_8_max,54.76404547530214,5
1386,qwen3_8_max,51.748703469099894,6
1386,gpt_5_5_xhigh,42.40099305224005,7
1386,deepseek_v4_pro_max,23.30578441266926,8
1386,deepseek_v4_flash_max,15.81067589016912,9
1387,claude_fable_5_max,64.12282636263586,1
1387,gemini_3_1_pro_high,61.646580658356314,2
1387,gpt_5_5_xhigh,61.53237504342171,3
1387,gpt_5_6_sol_max,54.696307515373505,4
1387,claude_opus_4_8_max,53.03669316340216,5
1387,qwen3_8_max,46.98023977778891,6
1387,kimi_k3_max,37.44161896007284,7
1387,deepseek_v4_pro_max,36.00736056192029,8
1387,deepseek_v4_flash_max,9.472112400401617,9
1388,gpt_5_5_xhigh,72.75636150506085,1
1388,claude_opus_4_8_max,50.42696361728133,2
1388,gpt_5_6_sol_max,37.088953648590405,3
1388,qwen3_8_max,34.22756050192448,4
1388,claude_fable_5_max,27.04479760809678,5
1388,kimi_k3_max,23.60633320982884,6
1388,deepseek_v4_pro_max,22.663771354696205,7
1388,gemini_3_1_pro_high,18.583271603827406,8
1388,deepseek_v4_flash_max,15.356910660759702,9
1389,gpt_5_5_xhigh,84.78908996232272,1
1389,kimi_k3_max,75.7177083659239,2
1389,gpt_5_6_sol_max,74.25946344477535,3
1389,gemini_3_1_pro_high,46.22347702373708,4
1389,claude_fable_5_max,44.71653331563495,5
1389,deepseek_v4_pro_max,35.26270193840487,6
1389,claude_opus_4_8_max,24.857869223150026,7
1389,qwen3_8_max,20.440247685597647,8
1389,deepseek_v4_flash_max,18.994306083769875,9
1390,gpt_5_6_sol_max,91.22362696828758,1
1390,claude_fable_5_max,54.06057654624067,2
1390,gemini_3_1_pro_high,50.86105029003102,3
1390,gpt_5_5_xhigh,36.429655018233646,4
1390,qwen3_8_max,33.89096760639919,5
1390,kimi_k3_max,32.45792764040689,6
1390,deepseek_v4_flash_max,29.812403353643262,7
1390,claude_opus_4_8_max,25.23935796890233,8
1390,deepseek_v4_pro_max,24.472136159208322,9
1391,gpt_5_5_xhigh,72.89195011969346,1
1391,gpt_5_6_sol_max,72.21549316428738,2
1391,claude_fable_5_max,64.51593658517264,3
1391,gemini_3_1_pro_high,37.688256555494064,4
1391,deepseek_v4_flash_max,37.234720704698006,5
1391,kimi_k3_max,37.08476764551173,6
1391,qwen3_8_max,34.18867479987534,7
1391,claude_opus_4_8_max,32.84934171494886,8
1391,deepseek_v4_pro_max,12.147889648056038,9
1392,claude_fable_5_max,73.02003475488895,1
1392,gpt_5_6_sol_max,69.08803618161522,2
1392,qwen3_8_max,49.491359127218914,3
1392,gpt_5_5_xhigh,31.560875651543917,4
1392,gemini_3_1_pro_high,31.552868077300474,5
1392,claude_opus_4_8_max,23.31801409305319,6
1392,kimi_k3_max,21.712042177956572,7
1392,deepseek_v4_pro_max,20.631415991954313,8
1392,deepseek_v4_flash_max,17.30447656128466,9
1393,gpt_5_6_sol_max,64.33249366273404,1
1393,claude_opus_4_8_max,62.958004708255345,2
1393,gemini_3_1_pro_high,54.97869016528875,3
1393,claude_fable_5_max,45.01496949310468,4
1393,qwen3_8_max,43.11207404984823,5
1393,kimi_k3_max,42.54410207229773,6
1393,gpt_5_5_xhigh,40.82572302569775,7
1393,deepseek_v4_pro_max,37.987575165086675,8
1393,deepseek_v4_flash_max,28.47267981398264,9
1394,claude_fable_5_max,81.47597735652286,1
1394,kimi_k3_max,67.95610770867117,2
1394,gpt_5_6_sol_max,65.54477227718095,3
1394,qwen3_8_max,63.299969715543234,4
1394,gpt_5_5_xhigh,48.11655485935137,5
1394,gemini_3_1_pro_high,40.4984178304382,6
1394,deepseek_v4_flash_max,34.72390803827233,7
1394,claude_opus_4_8_max,30.568241892361442,8
1394,deepseek_v4_pro_max,20.967135093637232,9
1395,claude_opus_4_8_max,62.279405514679226,1
1395,gpt_5_6_sol_max,43.98918353533654,2
1395,kimi_k3_max,43.67737055567375,3
1395,gemini_3_1_pro_high,42.87967652105653,4
1395,claude_fable_5_max,38.625084319461706,5
1395,gpt_5_5_xhigh,38.43768375184713,6
1395,deepseek_v4_pro_max,28.945285432494035,7
1395,qwen3_8_max,24.864895060951103,8
1395,deepseek_v4_flash_max,7.58634779500864,9
1396,gemini_3_1_pro_high,73.15992634597998,1
1396,claude_opus_4_8_max,68.1815455610224,2
1396,gpt_5_6_sol_max,65.7441577759746,3
1396,kimi_k3_max,61.91894476572809,4
1396,qwen3_8_max,53.49910632970057,5
1396,claude_fable_5_max,50.06109999144004,6
1396,gpt_5_5_xhigh,44.515668480095115,7
1396,deepseek_v4_pro_max,30.261811752120746,8
1396,deepseek_v4_flash_max,15.708967060950716,9
1397,gpt_5_6_sol_max,63.454251463063244,1
1397,claude_opus_4_8_max,50.02908469661316,2
1397,claude_fable_5_max,43.42854513548909,3
1397,deepseek_v4_flash_max,42.65678387766749,4
1397,qwen3_8_max,36.72555254433317,5
1397,kimi_k3_max,34.7608160239982,6
1397,gpt_5_5_xhigh,23.03364477117236,7
1397,deepseek_v4_pro_max,22.9107055155578,8
1397,gemini_3_1_pro_high,12.476887357417633,9
1398,claude_fable_5_max,84.08589651931467,1
1398,kimi_k3_max,56.63886376364643,2
1398,gpt_5_6_sol_max,55.876461357148784,3
1398,gemini_3_1_pro_high,53.45051183848794,4
1398,gpt_5_5_xhigh,51.72506501996888,5
1398,deepseek_v4_flash_max,30.873230449300383,6
1398,deepseek_v4_pro_max,27.381949013032962,7
1398,claude_opus_4_8_max,26.455576643652584,8
1398,qwen3_8_max,21.236374919609293,9
1399,claude_fable_5_max,62.17968844407061,1
1399,kimi_k3_max,61.973087493560456,2
1399,qwen3_8_max,60.116996090503065,3
1399,gemini_3_1_pro_high,59.31096697299964,4
1399,gpt_5_5_xhigh,56.34969124317259,5
1399,gpt_5_6_sol_max,52.68573382059711,6
1399,deepseek_v4_pro_max,34.52727488211005,7
1399,claude_opus_4_8_max,26.58916673018456,8
1399,deepseek_v4_flash_max,17.05379727950445,9
1400,gpt_5_6_sol_max,63.6780748088418,1
1400,deepseek_v4_pro_max,49.49110867910364,2
1400,claude_opus_4_8_max,43.95805899553734,3
1400,qwen3_8_max,39.199498523254064,4
1400,gemini_3_1_pro_high,35.78631360313062,5
1400,claude_fable_5_max,34.69502995695303,6
1400,kimi_k3_max,28.18946493431622,7
1400,gpt_5_5_xhigh,28.11630545653791,8
1400,deepseek_v4_flash_max,2.0588886186889965,9
1401,gemini_3_1_pro_high,69.45190463321742,1
1401,kimi_k3_max,61.14293359777525,2
1401,gpt_5_5_xhigh,47.83929824864042,3
1401,deepseek_v4_pro_max,40.71292514260541,4
1401,claude_fable_5_max,39.8193974149434,5
1401,claude_opus_4_8_max,36.10905869279344,6
1401,gpt_5_6_sol_max,30.11125990359772,7
1401,qwen3_8_max,28.780046757377406,8
1401,deepseek_v4_flash_max,15.713840255429787,9
1402,gpt_5_5_xhigh,72.74700524093454,1
1402,qwen3_8_max,69.97710833425376,2
1402,claude_fable_5_max,58.16531781755333,3
1402,kimi_k3_max,48.811157379393585,4
1402,gpt_5_6_sol_max,46.357823237934085,5
1402,deepseek_v4_pro_max,36.82939261383746,6
1402,deepseek_v4_flash_max,35.85376657915695,7
1402,claude_opus_4_8_max,32.7159515997853,8
1402,gemini_3_1_pro_high,28.842075510502184,9
1403,qwen3_8_max,78.6445421474687,1
1403,deepseek_v4_pro_max,62.86163751758491,2
1403,gpt_5_6_sol_max,51.346123574652566,3
1403,gemini_3_1_pro_high,48.19597496954227,4
1403,claude_opus_4_8_max,46.92111078874959,5
1403,claude_fable_5_max,46.81766198467778,6
1403,gpt_5_5_xhigh,44.35286193632947,7
1403,kimi_k3_max,42.01833349176146,8
1403,deepseek_v4_flash_max,24.839002109245513,9
1404,gpt_5_5_xhigh,75.31538331937841,1
1404,gemini_3_1_pro_high,65.01876732139448,2
1404,qwen3_8_max,52.95925360757266,3
1404,claude_opus_4_8_max,51.76003877479651,4
1404,gpt_5_6_sol_max,48.9252858360187,5
1404,claude_fable_5_max,44.51022651162518,6
1404,kimi_k3_max,26.65959108623648,7
1404,deepseek_v4_flash_max,24.12033446837534,8
1404,deepseek_v4_pro_max,17.015171235333934,9
1405,gpt_5_5_xhigh,68.14309382125,1
1405,gpt_5_6_sol_max,61.435401925922825,2
1405,claude_opus_4_8_max,60.49333978535072,3
1405,claude_fable_5_max,56.15490951414792,4
1405,gemini_3_1_pro_high,52.94628116840714,5
1405,qwen3_8_max,50.49871098409704,6
1405,deepseek_v4_flash_max,49.76102382796026,7
1405,kimi_k3_max,29.570917162545168,8
1405,deepseek_v4_pro_max,26.478809278380695,9
1406,gpt_5_6_sol_max,79.39324791377285,1
1406,claude_fable_5_max,58.21857475736233,2
1406,qwen3_8_max,52.81341367681041,3
1406,kimi_k3_max,49.59284177975245,4
1406,claude_opus_4_8_max,41.53030718992881,5
1406,gemini_3_1_pro_high,40.05935207471767,6
1406,deepseek_v4_pro_max,31.148647516980763,7
1406,deepseek_v4_flash_max,29.384844792847964,8
1406,gpt_5_5_xhigh,23.768298826535215,9
1407,gpt_5_5_xhigh,63.44531873574092,1
1407,claude_fable_5_max,59.897240227542305,2
1407,qwen3_8_max,54.51137964931529,3
1407,deepseek_v4_flash_max,53.19522763093803,4
1407,kimi_k3_max,50.281817939414815,5
1407,claude_opus_4_8_max,32.27929000239053,6
1407,gpt_5_6_sol_max,30.512599294337626,7
1407,gemini_3_1_pro_high,24.178199974746278,8
1407,deepseek_v4_pro_max,19.91959811932612,9
1408,gpt_5_6_sol_max,88.23224769315652,1
1408,claude_fable_5_max,63.83079665817078,2
1408,gemini_3_1_pro_high,50.67281680916889,3
1408,qwen3_8_max,44.935849308768645,4
1408,deepseek_v4_pro_max,29.847581961555754,5
1408,deepseek_v4_flash_max,29.4720168751273,6
1408,claude_opus_4_8_max,25.396730433600318,7
1408,kimi_k3_max,25.288638148650705,8
1408,gpt_5_5_xhigh,21.495919374707213,9
1409,claude_opus_4_8_max,67.7840832222289,1
1409,kimi_k3_max,65.02323233501808,2
1409,gemini_3_1_pro_high,58.973829609176306,3
1409,gpt_5_5_xhigh,45.69899609643117,4
1409,deepseek_v4_flash_max,43.98084992108203,5
1409,qwen3_8_max,42.009995729075,6
1409,gpt_5_6_sol_max,39.65148846578695,7
1409,claude_fable_5_max,39.52615886208246,8
1409,deepseek_v4_pro_max,5.972953660408361,9
1410,qwen3_8_max,72.95449033514991,1
1410,kimi_k3_max,71.31162415840768,2
1410,gpt_5_5_xhigh,63.38874993461164,3
1410,claude_fable_5_max,51.09825876529676,4
1410,gpt_5_6_sol_max,50.63174641945637,5
1410,gemini_3_1_pro_high,40.90673867782915,6
1410,deepseek_v4_pro_max,21.346038910874206,7
1410,deepseek_v4_flash_max,16.471313395625568,8
1410,claude_opus_4_8_max,16.367205452660535,9
1411,gpt_5_6_sol_max,69.45425396752223,1
1411,kimi_k3_max,67.10429840073702,2
1411,gpt_5_5_xhigh,58.56054192801444,3
1411,claude_fable_5_max,55.63572623941421,4
1411,qwen3_8_max,52.62247762795468,5
1411,claude_opus_4_8_max,38.78300641170272,6
1411,deepseek_v4_pro_max,36.24399607092593,7
1411,deepseek_v4_flash_max,33.278120566745926,8
1411,gemini_3_1_pro_high,10.610312312242971,9
1412,kimi_k3_max,69.61944422631444,1
1412,claude_fable_5_max,57.6764382162407,2
1412,qwen3_8_max,56.407716185790235,3
1412,gpt_5_6_sol_max,56.02916509979366,4
1412,deepseek_v4_pro_max,49.671481758452416,5
1412,claude_opus_4_8_max,40.28705925551014,6
1412,gpt_5_5_xhigh,27.776167490769964,7
1412,gemini_3_1_pro_high,21.54972804598101,8
1412,deepseek_v4_flash_max,7.8490445169056136,9
1413,gpt_5_6_sol_max,81.7334525458928,1
1413,claude_fable_5_max,71.34224142355913,2
1413,qwen3_8_max,50.88449493559683,3
1413,deepseek_v4_flash_max,43.82845647438957,4
1413,gemini_3_1_pro_high,37.71478263851647,5
1413,claude_opus_4_8_max,36.06716257080539,6
1413,kimi_k3_max,35.61698806987931,7
1413,gpt_5_5_xhigh,24.368466921290345,8
1413,deepseek_v4_pro_max,15.392889524482428,9
1414,claude_opus_4_8_max,73.7784638139976,1
1414,qwen3_8_max,68.00605793731775,2
1414,gpt_5_5_xhigh,65.94506253686946,3
1414,gemini_3_1_pro_high,50.36293836380115,4
1414,gpt_5_6_sol_max,43.61349738463535,5
1414,claude_fable_5_max,41.867165783492354,6
1414,deepseek_v4_flash_max,40.95912773170474,7
1414,kimi_k3_max,28.136177584970664,8
1414,deepseek_v4_pro_max,20.390648110645976,9
1415,gpt_5_6_sol_max,77.7031317620149,1
1415,gpt_5_5_xhigh,42.87534634999917,2
1415,gemini_3_1_pro_high,42.2966067129052,3
1415,claude_fable_5_max,39.4899334427259,4
1415,qwen3_8_max,38.67158512489249,5
1415,claude_opus_4_8_max,37.47246065513176,6
1415,deepseek_v4_pro_max,29.16775828881903,7
1415,deepseek_v4_flash_max,28.056282881844954,8
1415,kimi_k3_max,19.103930893155823,9
1416,claude_opus_4_8_max,60.679396901974364,1
1416,qwen3_8_max,53.018696479110254,2
1416,gpt_5_6_sol_max,52.394055681406385,3
1416,gemini_3_1_pro_high,50.05574970153308,4
1416,claude_fable_5_max,46.03763341830005,5
1416,kimi_k3_max,39.572035483283415,6
1416,deepseek_v4_pro_max,35.13065188901009,7
1416,gpt_5_5_xhigh,25.901099221436148,8
1416,deepseek_v4_flash_max,20.034195342852826,9
1417,gpt_5_6_sol_max,76.3459465479628,1
1417,qwen3_8_max,70.28637943685717,2
1417,claude_fable_5_max,53.893523048207435,3
1417,deepseek_v4_pro_max,39.07945936960105,4
1417,gemini_3_1_pro_high,38.71743970129625,5
1417,kimi_k3_max,37.701726069271416,6
1417,gpt_5_5_xhigh,28.84655292691721,7
1417,deepseek_v4_flash_max,20.578046851157445,8
1417,claude_opus_4_8_max,20.353520835200893,9
1418,kimi_k3_max,74.091048465917,1
1418,claude_fable_5_max,49.33066584255771,2
1418,gpt_5_5_xhigh,48.04617660005543,3
1418,qwen3_8_max,46.02302738103633,4
1418,gpt_5_6_sol_max,29.563240526394686,5
1418,claude_opus_4_8_max,26.049689759396568,6
1418,deepseek_v4_pro_max,22.569274363925814,7
1418,deepseek_v4_flash_max,21.378000525881415,8
1418,gemini_3_1_pro_high,17.99013403814594,9
1419,qwen3_8_max,50.37683592031187,1
1419,claude_opus_4_8_max,48.79429304267767,2
1419,deepseek_v4_flash_max,47.65830586385265,3
1419,gpt_5_6_sol_max,44.16201939800215,4
1419,gemini_3_1_pro_high,41.049833012820585,5
1419,gpt_5_5_xhigh,35.80709145131402,6
1419,claude_fable_5_max,33.79755447292621,7
1419,kimi_k3_max,29.696849058132404,8
1419,deepseek_v4_pro_max,20.034045822928093,9
1420,kimi_k3_max,66.45366288759209,1
1420,gpt_5_6_sol_max,60.96091550238761,2
1420,qwen3_8_max,54.89369668073009,3
1420,claude_fable_5_max,51.79990235527958,4
1420,claude_opus_4_8_max,48.17264159940508,5
1420,deepseek_v4_pro_max,33.292556214049426,6
1420,gpt_5_5_xhigh,27.260893818300406,7
1420,gemini_3_1_pro_high,25.094886539872704,8
1420,deepseek_v4_flash_max,23.092277765866896,9
1421,claude_opus_4_8_max,71.46971399844742,1
1421,qwen3_8_max,60.90334876941921,2
1421,kimi_k3_max,58.51097106376862,3
1421,gpt_5_6_sol_max,56.357303060112415,4
1421,claude_fable_5_max,49.052713210665665,5
1421,gemini_3_1_pro_high,45.04235814814406,6
1421,deepseek_v4_pro_max,44.38444369019404,7
1421,gpt_5_5_xhigh,41.86621295235201,8
1421,deepseek_v4_flash_max,34.460070996379635,9
1422,claude_fable_5_max,62.74294508162271,1
1422,qwen3_8_max,62.58140805921281,2
1422,kimi_k3_max,52.85970894831317,3
1422,claude_opus_4_8_max,48.569042164332686,4
1422,gemini_3_1_pro_high,45.72777477358767,5
1422,deepseek_v4_pro_max,29.713870457634496,6
1422,gpt_5_5_xhigh,29.302077284778655,7
1422,gpt_5_6_sol_max,23.52883097633087,8
1422,deepseek_v4_flash_max,18.060184343497966,9
1423,claude_fable_5_max,58.770223845384194,1
1423,gemini_3_1_pro_high,54.77981178848335,2
1423,claude_opus_4_8_max,50.864061427729524,3
1423,deepseek_v4_flash_max,49.77383483388392,4
1423,qwen3_8_max,45.429153015377466,5
1423,gpt_5_6_sol_max,43.12063522892217,6
1423,gpt_5_5_xhigh,36.08307725973812,7
1423,kimi_k3_max,35.877525780817905,8
1423,deepseek_v4_pro_max,9.771215049674913,9
1424,kimi_k3_max,71.34925223239603,1
1424,claude_fable_5_max,61.055016002062274,2
1424,gpt_5_6_sol_max,48.823267941420255,3
1424,gemini_3_1_pro_high,44.028870329262205,4
1424,claude_opus_4_8_max,41.92910407751333,5
1424,gpt_5_5_xhigh,37.73925200237003,6
1424,qwen3_8_max,30.16217844604124,7
1424,deepseek_v4_flash_max,16.560549860523018,8
1424,deepseek_v4_pro_max,11.465908284965415,9
1425,claude_fable_5_max,76.39269110977389,1
1425,gemini_3_1_pro_high,46.47238743989913,2
1425,claude_opus_4_8_max,44.84916117375225,3
1425,kimi_k3_max,42.416414122339035,4
1425,gpt_5_6_sol_max,34.165957872344,5
1425,qwen3_8_max,33.17816309589544,6
1425,gpt_5_5_xhigh,33.121107308654196,7
1425,deepseek_v4_flash_max,32.24638867496499,8
1425,deepseek_v4_pro_max,25.31305817976726,9
1426,gpt_5_6_sol_max,75.86536400347367,1
1426,claude_fable_5_max,74.65161545985903,2
1426,gpt_5_5_xhigh,70.40625161403472,3
1426,gemini_3_1_pro_high,59.288164100922,4
1426,deepseek_v4_pro_max,41.0750092119442,5
1426,qwen3_8_max,30.211618208045245,6
1426,claude_opus_4_8_max,26.77276869127043,7
1426,deepseek_v4_flash_max,25.22410110132938,8
1426,kimi_k3_max,16.33084211444989,9
1427,claude_fable_5_max,75.79730734264959,1
1427,gpt_5_6_sol_max,73.16077682753364,2
1427,claude_opus_4_8_max,71.08755721022776,3
1427,gpt_5_5_xhigh,67.40382609384535,4
1427,deepseek_v4_pro_max,51.76119334268213,5
1427,qwen3_8_max,40.622961470316554,6
1427,gemini_3_1_pro_high,39.23656388685576,7
1427,kimi_k3_max,32.95475896512806,8
1427,deepseek_v4_flash_max,26.719917831026045,9
1428,gpt_5_6_sol_max,59.69030344340626,1
1428,claude_opus_4_8_max,59.24836224135118,2
1428,deepseek_v4_pro_max,52.40781883858876,3
1428,gpt_5_5_xhigh,52.15056819518866,4
1428,qwen3_8_max,48.92811445948515,5
1428,kimi_k3_max,47.311569353259905,6
1428,claude_fable_5_max,37.27207585971346,7
1428,gemini_3_1_pro_high,29.110929641156936,8
1428,deepseek_v4_flash_max,16.681256912943685,9
1429,claude_fable_5_max,71.48536243824327,1
1429,gemini_3_1_pro_high,63.75425081489104,2
1429,claude_opus_4_8_max,60.91741986851183,3
1429,qwen3_8_max,39.78463489765724,4
1429,gpt_5_5_xhigh,37.54868466446857,5
1429,kimi_k3_max,27.688837430737095,6
1429,gpt_5_6_sol_max,23.058496567217656,7
1429,deepseek_v4_pro_max,14.725376031947025,8
1429,deepseek_v4_flash_max,4.2676234544214635,9
1430,gpt_5_6_sol_max,61.62827868122966,1
1430,kimi_k3_max,58.69472141917231,2
1430,qwen3_8_max,57.71831219990408,3
1430,claude_opus_4_8_max,41.413043632471506,4
1430,deepseek_v4_pro_max,41.3941119744452,5
1430,gpt_5_5_xhigh,33.10100535014733,6
1430,gemini_3_1_pro_high,31.665364439598957,7
1430,claude_fable_5_max,28.62857518688137,8
1430,deepseek_v4_flash_max,27.07315602836853,9
1431,gpt_5_6_sol_max,63.510567047923075,1
1431,claude_opus_4_8_max,62.031471334510485,2
1431,kimi_k3_max,54.243909349453375,3
1431,gemini_3_1_pro_high,47.68663841173924,4
1431,qwen3_8_max,41.36146591087423,5
1431,claude_fable_5_max,37.449307573829905,6
1431,deepseek_v4_pro_max,36.711446534020325,7
1431,gpt_5_5_xhigh,28.986275587381762,8
1431,deepseek_v4_flash_max,22.504735672345753,9
1432,gpt_5_6_sol_max,74.75843911022254,1
1432,kimi_k3_max,69.84164545034251,2
1432,gpt_5_5_xhigh,62.59711111269792,3
1432,qwen3_8_max,60.84400286085598,4
1432,deepseek_v4_pro_max,47.01723911050316,5
1432,claude_opus_4_8_max,43.48035709006361,6
1432,gemini_3_1_pro_high,43.03355329433052,7
1432,claude_fable_5_max,37.89625546527114,8
1432,deepseek_v4_flash_max,24.71646059598372,9
1433,kimi_k3_max,75.17095225049195,1
1433,gpt_5_5_xhigh,68.54702985889527,2
1433,qwen3_8_max,62.81278161109751,3
1433,claude_opus_4_8_max,58.4172395840787,4
1433,claude_fable_5_max,48.24058179575014,5
1433,gemini_3_1_pro_high,36.99325843805593,6
1433,deepseek_v4_flash_max,33.190834934074715,7
1433,gpt_5_6_sol_max,29.897193784785443,8
1433,deepseek_v4_pro_max,26.363340859437834,9
1434,claude_opus_4_8_max,74.20942050718858,1
1434,gemini_3_1_pro_high,65.34464048863941,2
1434,gpt_5_5_xhigh,59.580510034095525,3
1434,gpt_5_6_sol_max,55.2381413553614,4
1434,claude_fable_5_max,50.98806440203623,5
1434,qwen3_8_max,49.33433981850655,6
1434,kimi_k3_max,37.492688679040405,7
1434,deepseek_v4_flash_max,21.1045645039691,8
1434,deepseek_v4_pro_max,16.40196753371827,9
1435,kimi_k3_max,76.59214313786626,1
1435,claude_fable_5_max,70.3358989520373,2
1435,qwen3_8_max,62.605778269894834,3
1435,gpt_5_6_sol_max,53.69483981183042,4
1435,deepseek_v4_pro_max,52.98518690061782,5
1435,gemini_3_1_pro_high,48.40059074975148,6
1435,deepseek_v4_flash_max,38.37847225002298,7
1435,gpt_5_5_xhigh,32.99619000165346,8
1435,claude_opus_4_8_max,29.080723404594174,9
1436,gpt_5_6_sol_max,73.34848492867249,1
1436,kimi_k3_max,53.05604419505172,2
1436,qwen3_8_max,46.20757155938743,3
1436,gemini_3_1_pro_high,42.73397096147123,4
1436,claude_opus_4_8_max,41.53204907310447,5
1436,claude_fable_5_max,37.29840718564728,6
1436,deepseek_v4_pro_max,28.240817663539946,7
1436,gpt_5_5_xhigh,25.477301953167924,8
1436,deepseek_v4_flash_max,19.45775341387153,9
1437,gemini_3_1_pro_high,72.76723378418107,1
1437,claude_fable_5_max,71.31796766533856,2
1437,gpt_5_5_xhigh,53.12722010938589,3
1437,claude_opus_4_8_max,45.66565785137337,4
1437,kimi_k3_max,38.02767848832599,5
1437,deepseek_v4_pro_max,37.65989629104054,6
1437,qwen3_8_max,35.77336774466548,7
1437,deepseek_v4_flash_max,27.48058507479597,8
1437,gpt_5_6_sol_max,24.678133290217115,9
1438,claude_fable_5_max,76.68644318722755,1
1438,claude_opus_4_8_max,72.69719222385142,2
1438,gpt_5_5_xhigh,65.8241025647223,3
1438,qwen3_8_max,46.87728935712926,4
1438,gemini_3_1_pro_high,32.1176526902753,5
1438,deepseek_v4_flash_max,29.03267195834517,6
1438,gpt_5_6_sol_max,26.008846501164356,7
1438,kimi_k3_max,24.124780224939606,8
1438,deepseek_v4_pro_max,21.026733828882293,9
1439,claude_opus_4_8_max,85.42533145553266,1
1439,qwen3_8_max,72.33896264371553,2
1439,gemini_3_1_pro_high,65.97841437227963,3
1439,gpt_5_6_sol_max,57.45229082187686,4
1439,claude_fable_5_max,48.18130217884199,5
1439,deepseek_v4_pro_max,41.30252954444908,6
1439,gpt_5_5_xhigh,30.271312589044587,7
1439,kimi_k3_max,20.23427894584536,8
1439,deepseek_v4_flash_max,8.545698016105295,9
1440,qwen3_8_max,83.26373265743098,1
1440,gemini_3_1_pro_high,73.08565342612067,2
1440,kimi_k3_max,65.02188939831902,3
1440,claude_fable_5_max,58.97918010707757,4
1440,deepseek_v4_pro_max,54.07637990532293,5
1440,claude_opus_4_8_max,52.97259163979609,6
1440,gpt_5_5_xhigh,42.89503638979802,7
1440,gpt_5_6_sol_max,38.25032613102675,8
1440,deepseek_v4_flash_max,30.851713202664683,9
1441,gpt_5_6_sol_max,68.92739504675222,1
1441,gemini_3_1_pro_high,55.857100320743854,2
1441,claude_fable_5_max,52.26048793250354,3
1441,kimi_k3_max,51.89791597845591,4
1441,gpt_5_5_xhigh,39.427119454363336,5
1441,qwen3_8_max,37.33794594164445,6
1441,deepseek_v4_pro_max,28.690078729643325,7
1441,deepseek_v4_flash_max,27.06989741932071,8
1441,claude_opus_4_8_max,24.448104457653113,9
1442,gpt_5_6_sol_max,80.84695135626174,1
1442,claude_fable_5_max,74.73570730425506,2
1442,qwen3_8_max,50.81969365852876,3
1442,claude_opus_4_8_max,42.324727800635486,4
1442,deepseek_v4_pro_max,34.046432272093405,5
1442,deepseek_v4_flash_max,33.30798829644851,6
1442,gemini_3_1_pro_high,33.023930560267715,7
1442,kimi_k3_max,28.214176854936877,8
1442,gpt_5_5_xhigh,28.153906545541396,9
1443,gpt_5_6_sol_max,58.33300157839399,1
1443,claude_fable_5_max,49.38326201326763,2
1443,gemini_3_1_pro_high,48.54061000855546,3
1443,kimi_k3_max,47.10724692853478,4
1443,claude_opus_4_8_max,44.83315736458495,5
1443,qwen3_8_max,41.965251107904805,6
1443,deepseek_v4_flash_max,36.36968713448053,7
1443,gpt_5_5_xhigh,32.86785471944621,8
1443,deepseek_v4_pro_max,10.841065783243515,9
1444,kimi_k3_max,71.89285627143306,1
1444,gpt_5_6_sol_max,63.20395142584202,2
1444,claude_fable_5_max,39.75026030745862,3
1444,qwen3_8_max,38.368563361740044,4
1444,gpt_5_5_xhigh,34.94072911269843,5
1444,gemini_3_1_pro_high,24.63294155117605,6
1444,claude_opus_4_8_max,24.607028634439743,7
1444,deepseek_v4_flash_max,22.907024169685727,8
1444,deepseek_v4_pro_max,16.14291154464138,9
1445,gpt_5_6_sol_max,81.31236732103649,1
1445,kimi_k3_max,74.03403078431178,2
1445,claude_fable_5_max,55.14510768961975,3
1445,gpt_5_5_xhigh,47.45957176225797,4
1445,deepseek_v4_flash_max,46.370166840211404,5
1445,qwen3_8_max,40.80384428675353,6
1445,gemini_3_1_pro_high,40.49195385435446,7
1445,deepseek_v4_pro_max,28.435823518201424,8
1445,claude_opus_4_8_max,20.578825352783525,9
1446,claude_fable_5_max,71.82085147106332,1
1446,kimi_k3_max,66.054288800568,2
1446,gpt_5_5_xhigh,56.81572347565529,3
1446,gpt_5_6_sol_max,54.063914762568004,4
1446,gemini_3_1_pro_high,39.546255104898734,5
1446,qwen3_8_max,32.59778357658176,6
1446,deepseek_v4_flash_max,32.07472492679188,7
1446,claude_opus_4_8_max,31.750117316977146,8
1446,deepseek_v4_pro_max,24.168843735213578,9
1447,claude_fable_5_max,80.8770938543446,1
1447,qwen3_8_max,73.33419493571108,2
1447,gpt_5_6_sol_max,59.78779794643418,3
1447,claude_opus_4_8_max,51.01556680599769,4
1447,gpt_5_5_xhigh,50.08670600194387,5
1447,gemini_3_1_pro_high,48.38247882740226,6
1447,deepseek_v4_pro_max,42.21061902714051,7
1447,kimi_k3_max,27.054915180060117,8
1447,deepseek_v4_flash_max,23.371639364094143,9
1448,gemini_3_1_pro_high,66.91859055253721,1
1448,claude_fable_5_max,65.63069875846637,2
1448,qwen3_8_max,52.84014505882966,3
1448,kimi_k3_max,52.53081397111856,4
1448,claude_opus_4_8_max,48.67993938194512,5
1448,gpt_5_5_xhigh,41.12774503904778,6
1448,gpt_5_6_sol_max,34.48655258806457,7
1448,deepseek_v4_flash_max,20.778876762146844,8
1448,deepseek_v4_pro_max,15.68619132868861,9
1449,claude_fable_5_max,84.671113678108,1
1449,qwen3_8_max,68.86854917808516,2
1449,kimi_k3_max,62.39742602870838,3
1449,gemini_3_1_pro_high,62.01417580355833,4
1449,claude_opus_4_8_max,61.20886145415872,5
1449,gpt_5_6_sol_max,55.67194955438117,6
1449,gpt_5_5_xhigh,39.00245268157684,7
1449,deepseek_v4_flash_max,34.93127717764848,8
1449,deepseek_v4_pro_max,32.684082275610834,9
1450,claude_fable_5_max,84.96222293561783,1
1450,gpt_5_6_sol_max,60.98438133249245,2
1450,claude_opus_4_8_max,55.014598400869204,3
1450,gpt_5_5_xhigh,46.45979807582338,4
1450,qwen3_8_max,45.27386548075505,5
1450,gemini_3_1_pro_high,40.26389784870523,6
1450,kimi_k3_max,27.90208144853319,7
1450,deepseek_v4_pro_max,24.610304497252542,8
1450,deepseek_v4_flash_max,19.219236079892035,9
1451,claude_opus_4_8_max,78.30365439714046,1
1451,qwen3_8_max,62.07412094959008,2
1451,kimi_k3_max,58.54847400330233,3
1451,gemini_3_1_pro_high,58.50437597572744,4
1451,claude_fable_5_max,39.45091648500451,5
1451,gpt_5_6_sol_max,30.915233177623378,6
1451,gpt_5_5_xhigh,28.81608782064384,7
1451,deepseek_v4_flash_max,27.66048496065787,8
1451,deepseek_v4_pro_max,10.11245737826207,9
1452,gemini_3_1_pro_high,78.81495562897175,1
1452,gpt_5_5_xhigh,57.14583258815625,2
1452,claude_opus_4_8_max,46.308456467501415,3
1452,claude_fable_5_max,41.12321300710222,4
1452,kimi_k3_max,35.74956344200047,5
1452,gpt_5_6_sol_max,29.891821017494728,6
1452,deepseek_v4_flash_max,28.016621192285953,7
1452,qwen3_8_max,23.111710802955066,8
1452,deepseek_v4_pro_max,0.0,9
1453,claude_fable_5_max,55.898219441765,1
1453,claude_opus_4_8_max,49.99500615976113,2
1453,qwen3_8_max,48.11679857102,3
1453,deepseek_v4_flash_max,43.305769334424184,4
1453,gpt_5_6_sol_max,42.80987263046424,5
1453,gemini_3_1_pro_high,42.153438152767244,6
1453,gpt_5_5_xhigh,39.91373358143234,7
1453,kimi_k3_max,26.35245530986898,8
1453,deepseek_v4_pro_max,19.769664338818366,9
1454,gpt_5_6_sol_max,81.87716151168237,1
1454,claude_fable_5_max,78.35710729440129,2
1454,kimi_k3_max,70.70740363274238,3
1454,qwen3_8_max,60.342514782181446,4
1454,gpt_5_5_xhigh,55.96211212344696,5
1454,gemini_3_1_pro_high,48.558545988615606,6
1454,deepseek_v4_flash_max,37.92815433840732,7
1454,claude_opus_4_8_max,29.50544489883983,8
1454,deepseek_v4_pro_max,5.84036479321952,9
1455,claude_fable_5_max,65.80738317986209,1
1455,gpt_5_5_xhigh,53.37010184727001,2
1455,deepseek_v4_flash_max,52.24926629671852,3
1455,gemini_3_1_pro_high,48.98471727646796,4
1455,gpt_5_6_sol_max,42.24460580812202,5
1455,claude_opus_4_8_max,40.220061770558004,6
1455,kimi_k3_max,33.04120301774678,7
1455,qwen3_8_max,29.470609462411215,8
1455,deepseek_v4_pro_max,23.458244735829982,9
1456,claude_fable_5_max,55.744719139400324,1
1456,kimi_k3_max,52.031102661207484,2
1456,gpt_5_6_sol_max,41.96102411078287,3
1456,gpt_5_5_xhigh,39.308074868359625,4
1456,qwen3_8_max,37.611599640147524,5
1456,claude_opus_4_8_max,29.99636328359024,6
1456,deepseek_v4_pro_max,24.18706218931236,7
1456,deepseek_v4_flash_max,24.120053845223048,8
1456,gemini_3_1_pro_high,20.666447419680548,9
1457,gemini_3_1_pro_high,65.94399644551368,1
1457,gpt_5_6_sol_max,59.18801441530933,2
1457,kimi_k3_max,43.801579303726186,3
1457,claude_opus_4_8_max,37.7997970118547,4
1457,qwen3_8_max,29.314745879473616,5
1457,claude_fable_5_max,29.248004765457747,6
1457,gpt_5_5_xhigh,25.898760714321558,7
1457,deepseek_v4_pro_max,19.279265578451167,8
1457,deepseek_v4_flash_max,15.889354172691814,9
1458,gpt_5_5_xhigh,70.60994747443493,1
1458,claude_fable_5_max,53.39159427359665,2
1458,claude_opus_4_8_max,49.66068264823939,3
1458,qwen3_8_max,47.41979980758552,4
1458,gpt_5_6_sol_max,41.48303369121288,5
1458,deepseek_v4_flash_max,41.237431390393674,6
1458,kimi_k3_max,35.1783522316902,7
1458,deepseek_v4_pro_max,29.476570595217478,8
1458,gemini_3_1_pro_high,18.706488898663135,9
1459,gemini_3_1_pro_high,73.79957805172266,1
1459,claude_fable_5_max,62.27252372197826,2
1459,gpt_5_6_sol_max,47.94780930863649,3
1459,qwen3_8_max,37.77606484675866,4
1459,kimi_k3_max,35.898323112429495,5
1459,gpt_5_5_xhigh,34.274866165173194,6
1459,claude_opus_4_8_max,28.07969727895744,7
1459,deepseek_v4_flash_max,26.285009521112492,8
1459,deepseek_v4_pro_max,13.116404560658708,9
1460,gpt_5_6_sol_max,65.21936090819108,1
1460,claude_fable_5_max,57.786678702238945,2
1460,gpt_5_5_xhigh,54.60678043288965,3
1460,qwen3_8_max,53.635387834258395,4
1460,deepseek_v4_pro_max,49.83458230383752,5
1460,gemini_3_1_pro_high,49.307956553481056,6
1460,claude_opus_4_8_max,34.69633150219896,7
1460,kimi_k3_max,22.79675817977804,8
1460,deepseek_v4_flash_max,13.359291901113158,9
1461,claude_fable_5_max,74.77656021288944,1
1461,kimi_k3_max,66.59682038294801,2
1461,qwen3_8_max,62.24437405079384,3
1461,gpt_5_5_xhigh,53.09512025426837,4
1461,gemini_3_1_pro_high,46.21109996427595,5
1461,gpt_5_6_sol_max,42.13201590595074,6
1461,claude_opus_4_8_max,36.235444966233416,7
1461,deepseek_v4_flash_max,20.514864351684697,8
1461,deepseek_v4_pro_max,17.657184329166803,9
1462,gemini_3_1_pro_high,71.87904835429836,1
1462,claude_opus_4_8_max,66.10769307261799,2
1462,qwen3_8_max,60.77779232906211,3
1462,kimi_k3_max,58.95416588394342,4
1462,claude_fable_5_max,41.49483200836227,5
1462,gpt_5_6_sol_max,22.94679383636187,6
1462,deepseek_v4_pro_max,22.620680050901907,7
1462,gpt_5_5_xhigh,18.58151922004124,8
1462,deepseek_v4_flash_max,14.599677977385728,9
1463,kimi_k3_max,76.71088432512306,1
1463,claude_fable_5_max,75.93519671879125,2
1463,gpt_5_5_xhigh,53.08374553917392,3
1463,qwen3_8_max,48.546479010985045,4
1463,gpt_5_6_sol_max,35.4038651270229,5
1463,gemini_3_1_pro_high,30.03255422279149,6
1463,deepseek_v4_pro_max,28.834322393733434,7
1463,deepseek_v4_flash_max,25.986623797240533,8
1463,claude_opus_4_8_max,25.81640649580364,9
1464,claude_fable_5_max,76.5202914575714,1
1464,qwen3_8_max,64.54934974830488,2
1464,gpt_5_6_sol_max,63.163865604028516,3
1464,kimi_k3_max,53.15754628001012,4
1464,gemini_3_1_pro_high,39.253674470792156,5
1464,deepseek_v4_flash_max,32.48550859397903,6
1464,gpt_5_5_xhigh,30.821033002062794,7
1464,claude_opus_4_8_max,29.398941129740052,8
1464,deepseek_v4_pro_max,14.476378346198189,9
1465,gpt_5_6_sol_max,76.13562851507076,1
1465,claude_fable_5_max,73.77610034486612,2
1465,gemini_3_1_pro_high,64.69729420623212,3
1465,kimi_k3_max,46.95882024522071,4
1465,deepseek_v4_flash_max,43.80103576960219,5
1465,gpt_5_5_xhigh,42.123211100188726,6
1465,qwen3_8_max,41.66741516960268,7
1465,claude_opus_4_8_max,24.023969705454366,8
1465,deepseek_v4_pro_max,17.048014806449892,9
1466,qwen3_8_max,63.31517420824908,1
1466,gemini_3_1_pro_high,56.272238155726775,2
1466,gpt_5_5_xhigh,53.15541211026894,3
1466,gpt_5_6_sol_max,52.64135788150493,4
1466,claude_fable_5_max,51.51800005453187,5
1466,kimi_k3_max,43.09950155913907,6
1466,claude_opus_4_8_max,42.298988745863305,7
1466,deepseek_v4_pro_max,35.24825038063631,8
1466,deepseek_v4_flash_max,28.80569665653792,9
1467,gpt_5_6_sol_max,63.61353046801011,1
1467,claude_fable_5_max,60.753863073694774,2
1467,claude_opus_4_8_max,58.944154548496975,3
1467,kimi_k3_max,50.535325871458134,4
1467,deepseek_v4_pro_max,46.90068204751534,5
1467,qwen3_8_max,43.79177905909718,6
1467,gemini_3_1_pro_high,38.16267361564745,7
1467,gpt_5_5_xhigh,21.19772615264728,8
1467,deepseek_v4_flash_max,13.407454130413818,9
1468,gemini_3_1_pro_high,76.547437219469,1
1468,qwen3_8_max,53.680657459023315,2
1468,kimi_k3_max,46.31344006304664,3
1468,claude_fable_5_max,44.67477143214431,4
1468,gpt_5_6_sol_max,33.625670617640196,5
1468,claude_opus_4_8_max,29.711431899191766,6
1468,gpt_5_5_xhigh,29.69135846804799,7
1468,deepseek_v4_pro_max,22.958481997974573,8
1468,deepseek_v4_flash_max,9.022323985032676,9
1469,claude_fable_5_max,77.63828401921026,1
1469,claude_opus_4_8_max,69.95011522488633,2
1469,gemini_3_1_pro_high,61.83297415481529,3
1469,gpt_5_6_sol_max,46.66004961483399,4
1469,qwen3_8_max,38.9264520691694,5
1469,kimi_k3_max,38.17324583659298,6
1469,gpt_5_5_xhigh,37.214724954433656,7
1469,deepseek_v4_flash_max,15.29803456578787,8
1469,deepseek_v4_pro_max,12.665095242349127,9
1470,gpt_5_6_sol_max,81.44995939677341,1
1470,qwen3_8_max,62.56254470363584,2
1470,gemini_3_1_pro_high,44.819501501582764,3
1470,gpt_5_5_xhigh,40.597256079321475,4
1470,deepseek_v4_pro_max,34.361817543617434,5
1470,claude_opus_4_8_max,32.67774174421521,6
1470,kimi_k3_max,31.168304540459964,7
1470,claude_fable_5_max,31.05930484249641,8
1470,deepseek_v4_flash_max,21.198134818955758,9
1471,claude_opus_4_8_max,77.9380930415543,1
1471,qwen3_8_max,54.10237480098705,2
1471,deepseek_v4_pro_max,45.13081854511032,3
1471,gpt_5_6_sol_max,44.444034265876184,4
1471,gemini_3_1_pro_high,44.30335146583787,5
1471,claude_fable_5_max,41.38190244290523,6
1471,gpt_5_5_xhigh,33.28263767263386,7
1471,deepseek_v4_flash_max,22.84865198584705,8
1471,kimi_k3_max,22.66969408895469,9
1472,kimi_k3_max,73.7363689142013,1
1472,gpt_5_6_sol_max,68.8477443712134,2
1472,gpt_5_5_xhigh,58.59489836238109,3
1472,deepseek_v4_pro_max,56.61134022551282,4
1472,claude_fable_5_max,46.56116485777626,5
1472,qwen3_8_max,38.35893990616388,6
1472,claude_opus_4_8_max,28.057256118051246,7
1472,gemini_3_1_pro_high,20.430030038853758,8
1472,deepseek_v4_flash_max,14.42056986418197,9
1473,claude_fable_5_max,68.19180016847046,1
1473,gpt_5_6_sol_max,62.183348742868894,2
1473,claude_opus_4_8_max,53.488353222368715,3
1473,gemini_3_1_pro_high,47.62813613586876,4
1473,gpt_5_5_xhigh,44.803595122037144,5
1473,qwen3_8_max,38.039562453457386,6
1473,deepseek_v4_pro_max,20.621115821597332,7
1473,deepseek_v4_flash_max,17.667482200166305,8
1473,kimi_k3_max,17.407229899819534,9
1474,claude_fable_5_max,83.43515713137973,1
1474,qwen3_8_max,71.43225086927093,2
1474,kimi_k3_max,68.73522951064392,3
1474,gpt_5_6_sol_max,60.253856954174594,4
1474,claude_opus_4_8_max,49.89776317692424,5
1474,gpt_5_5_xhigh,29.344498977014734,6
1474,gemini_3_1_pro_high,23.18717803069804,7
1474,deepseek_v4_flash_max,22.347281742140737,8
1474,deepseek_v4_pro_max,17.548900040466435,9
1475,claude_opus_4_8_max,81.00787511860489,1
1475,qwen3_8_max,74.18084187473781,2
1475,gpt_5_5_xhigh,55.18343183471104,3
1475,kimi_k3_max,46.488970804678125,4
1475,gpt_5_6_sol_max,42.98500721860739,5
1475,claude_fable_5_max,41.73154725480599,6
1475,deepseek_v4_pro_max,36.711426817373734,7
1475,gemini_3_1_pro_high,16.787223942318093,8
1475,deepseek_v4_flash_max,14.186585986134032,9
1476,kimi_k3_max,78.02722174003605,1
1476,gpt_5_5_xhigh,66.39420209717768,2
1476,qwen3_8_max,64.88798185193467,3
1476,claude_opus_4_8_max,58.06069513099729,4
1476,claude_fable_5_max,53.82588020430833,5
1476,deepseek_v4_pro_max,42.67012631649812,6
1476,gemini_3_1_pro_high,42.425527523864446,7
1476,gpt_5_6_sol_max,36.106036786810435,8
1476,deepseek_v4_flash_max,29.303401803399733,9
1477,claude_fable_5_max,77.78430261705151,1
1477,qwen3_8_max,71.29595291272054,2
1477,gpt_5_6_sol_max,62.73511031778257,3
1477,gpt_5_5_xhigh,62.42218739408325,4
1477,deepseek_v4_pro_max,61.94552389275821,5
1477,kimi_k3_max,50.366969302777946,6
1477,gemini_3_1_pro_high,45.4813578058134,7
1477,claude_opus_4_8_max,38.64780322710861,8
1477,deepseek_v4_flash_max,25.183894936716854,9
1478,claude_fable_5_max,76.27556246859957,1
1478,gpt_5_6_sol_max,62.79760049817601,2
1478,kimi_k3_max,56.81641579073724,3
1478,gemini_3_1_pro_high,54.064216590502895,4
1478,claude_opus_4_8_max,50.45726603049661,5
1478,qwen3_8_max,47.21718473474458,6
1478,deepseek_v4_flash_max,29.72299033719481,7
1478,gpt_5_5_xhigh,22.930825421797504,8
1478,deepseek_v4_pro_max,12.878503675742156,9
1479,gpt_5_6_sol_max,82.05672264827062,1
1479,gpt_5_5_xhigh,48.37067486426927,2
1479,kimi_k3_max,34.49883610317063,3
1479,deepseek_v4_flash_max,33.28758006102719,4
1479,gemini_3_1_pro_high,30.978639031620524,5
1479,qwen3_8_max,29.562112627598793,6
1479,claude_opus_4_8_max,27.40844514725836,7
1479,claude_fable_5_max,26.956479834820026,8
1479,deepseek_v4_pro_max,14.660997443790066,9
1480,gpt_5_6_sol_max,72.75543551602696,1
1480,claude_fable_5_max,61.776125080780425,2
1480,qwen3_8_max,37.74314163406586,3
1480,gemini_3_1_pro_high,30.176488462710992,4
1480,claude_opus_4_8_max,27.77194715906113,5
1480,deepseek_v4_flash_max,27.684109293495105,6
1480,gpt_5_5_xhigh,24.967790634232117,7
1480,deepseek_v4_pro_max,24.872050771610514,8
1480,kimi_k3_max,16.368785204358005,9
1481,kimi_k3_max,76.18338071405621,1
1481,claude_fable_5_max,56.74595900487611,2
1481,qwen3_8_max,54.80179089867528,3
1481,gpt_5_6_sol_max,53.48431866327496,4
1481,claude_opus_4_8_max,39.746569239174605,5
1481,gemini_3_1_pro_high,32.75609002199391,6
1481,deepseek_v4_flash_max,26.16739261501408,7
1481,gpt_5_5_xhigh,24.830029261368306,8
1481,deepseek_v4_pro_max,17.591299353669616,9
1482,gpt_5_6_sol_max,80.15914449771356,1
1482,gemini_3_1_pro_high,46.95392155422844,2
1482,qwen3_8_max,46.09782386233463,3
1482,claude_opus_4_8_max,45.45137366775716,4
1482,claude_fable_5_max,42.977416725012134,5
1482,deepseek_v4_pro_max,31.555814955288554,6
1482,kimi_k3_max,31.406239876649117,7
1482,gpt_5_5_xhigh,19.43800613832629,8
1482,deepseek_v4_flash_max,15.531251047460284,9
1483,gpt_5_6_sol_max,76.13040353809374,1
1483,kimi_k3_max,58.59567251231783,2
1483,deepseek_v4_pro_max,51.33617524423775,3
1483,claude_opus_4_8_max,50.17352064182149,4
1483,qwen3_8_max,48.025076107348056,5
1483,gemini_3_1_pro_high,42.11285758649885,6
1483,claude_fable_5_max,34.3567248209864,7
1483,deepseek_v4_flash_max,26.312006722172516,8
1483,gpt_5_5_xhigh,14.288253810377224,9
1484,claude_fable_5_max,56.482800235292245,1
1484,qwen3_8_max,50.5868203870076,2
1484,claude_opus_4_8_max,49.83329035839025,3
1484,kimi_k3_max,45.87933541717125,4
1484,gpt_5_6_sol_max,37.23224897655311,5
1484,deepseek_v4_pro_max,33.11451516979291,6
1484,gpt_5_5_xhigh,32.49162756551749,7
1484,deepseek_v4_flash_max,30.836823508134216,8
1484,gemini_3_1_pro_high,21.775145966215597,9
1485,gpt_5_5_xhigh,58.52198616245501,1
1485,claude_fable_5_max,49.1529844553771,2
1485,qwen3_8_max,44.61511095034074,3
1485,gpt_5_6_sol_max,43.840205646312654,4
1485,gemini_3_1_pro_high,40.43252116945796,5
1485,deepseek_v4_flash_max,36.150573721686825,6
1485,claude_opus_4_8_max,30.702779043919914,7
1485,kimi_k3_max,22.639498318308487,8
1485,deepseek_v4_pro_max,10.78061707399441,9
1486,kimi_k3_max,72.92156430680836,1
1486,gpt_5_6_sol_max,69.1224193670826,2
1486,gpt_5_5_xhigh,55.759531722927385,3
1486,deepseek_v4_pro_max,48.319660298466786,4
1486,claude_fable_5_max,46.3751278656106,5
1486,claude_opus_4_8_max,26.942773325718882,6
1486,qwen3_8_max,21.410887882698425,7
1486,deepseek_v4_flash_max,17.33023099543264,8
1486,gemini_3_1_pro_high,14.31003684321021,9
1487,kimi_k3_max,74.1338977043311,1
1487,gpt_5_5_xhigh,66.1373018790745,2
1487,claude_fable_5_max,64.87027623270183,3
1487,qwen3_8_max,49.77470174748571,4
1487,gemini_3_1_pro_high,44.75544778607376,5
1487,gpt_5_6_sol_max,41.00792947555827,6
1487,deepseek_v4_pro_max,32.809505086815605,7
1487,deepseek_v4_flash_max,30.319062959523503,8
1487,claude_opus_4_8_max,28.03379007872409,9
1488,gpt_5_6_sol_max,77.6998350077789,1
1488,gemini_3_1_pro_high,66.63686659016075,2
1488,qwen3_8_max,49.88338985871549,3
1488,claude_opus_4_8_max,37.68453274400386,4
1488,kimi_k3_max,34.333665799475966,5
1488,claude_fable_5_max,33.974458518204585,6
1488,gpt_5_5_xhigh,29.544115854164435,7
1488,deepseek_v4_flash_max,28.62990818239306,8
1488,deepseek_v4_pro_max,15.428523058379616,9
1489,gpt_5_6_sol_max,74.78328638091523,1
1489,claude_fable_5_max,61.34783658019977,2
1489,kimi_k3_max,53.67464276020537,3
1489,gpt_5_5_xhigh,45.163164021127436,4
1489,qwen3_8_max,35.55503025596167,5
1489,gemini_3_1_pro_high,31.29937177412479,6
1489,deepseek_v4_pro_max,26.30411167756511,7
1489,claude_opus_4_8_max,21.478510387678725,8
1489,deepseek_v4_flash_max,6.6351848512619895,9
1490,claude_opus_4_8_max,68.00567809760871,1
1490,qwen3_8_max,63.75797348217957,2
1490,kimi_k3_max,42.079938230557616,3
1490,deepseek_v4_pro_max,38.30935076541812,4
1490,gemini_3_1_pro_high,35.392575742960396,5
1490,gpt_5_6_sol_max,33.55611603487211,6
1490,deepseek_v4_flash_max,32.88591212383601,7
1490,claude_fable_5_max,30.32804342552379,8
1490,gpt_5_5_xhigh,29.023494716702228,9
1491,claude_fable_5_max,71.33778794983048,1
1491,gpt_5_6_sol_max,60.27092453752337,2
1491,deepseek_v4_pro_max,52.47436885193635,3
1491,qwen3_8_max,50.285438311212005,4
1491,kimi_k3_max,40.07630271939851,5
1491,gemini_3_1_pro_high,32.94959259179162,6
1491,claude_opus_4_8_max,32.74766415711247,7
1491,gpt_5_5_xhigh,29.281347633089194,8
1491,deepseek_v4_flash_max,20.264928052286983,9
1492,gpt_5_6_sol_max,80.92771665279733,1
1492,kimi_k3_max,44.32904833747829,2
1492,claude_fable_5_max,39.05465408990841,3
1492,deepseek_v4_flash_max,33.606253180489325,4
1492,qwen3_8_max,32.97175935112363,5
1492,claude_opus_4_8_max,24.374939972534587,6
1492,deepseek_v4_pro_max,24.022457539305435,7
1492,gpt_5_5_xhigh,23.6773064386995,8
1492,gemini_3_1_pro_high,15.077186694871653,9
1493,gpt_5_6_sol_max,71.54661531536459,1
1493,claude_fable_5_max,45.62004250549883,2
1493,gpt_5_5_xhigh,43.84020376599963,3
1493,gemini_3_1_pro_high,42.73281681055307,4
1493,qwen3_8_max,37.23913300421118,5
1493,kimi_k3_max,33.018547553576006,6
1493,claude_opus_4_8_max,31.39772350754982,7
1493,deepseek_v4_flash_max,29.841086956474683,8
1493,deepseek_v4_pro_max,27.132164019287927,9
1494,claude_fable_5_max,74.42347113514319,1
1494,gpt_5_6_sol_max,62.89306101448193,2
1494,gpt_5_5_xhigh,52.22775594986049,3
1494,qwen3_8_max,51.96802851534233,4
1494,gemini_3_1_pro_high,50.96686476868757,5
1494,deepseek_v4_pro_max,36.752908308640585,6
1494,kimi_k3_max,33.12097945120302,7
1494,deepseek_v4_flash_max,32.77560959996464,8
1494,claude_opus_4_8_max,26.9946767667988,9
1495,gpt_5_5_xhigh,79.4131752841428,1
1495,gpt_5_6_sol_max,60.79188833869347,2
1495,gemini_3_1_pro_high,58.597918100557834,3
1495,qwen3_8_max,53.70407815617054,4
1495,claude_fable_5_max,47.75468153856612,5
1495,deepseek_v4_pro_max,31.237050277460717,6
1495,kimi_k3_max,30.691519297654732,7
1495,claude_opus_4_8_max,30.62627925751717,8
1495,deepseek_v4_flash_max,13.333246048480468,9
1496,claude_fable_5_max,67.72653986296464,1
1496,kimi_k3_max,57.455007808356086,2
1496,gpt_5_5_xhigh,54.52715060640764,3
1496,qwen3_8_max,51.55975621370802,4
1496,gemini_3_1_pro_high,48.985041379201206,5
1496,gpt_5_6_sol_max,36.17147600214428,6
1496,deepseek_v4_pro_max,31.44645095154601,7
1496,deepseek_v4_flash_max,27.24634178398947,8
1496,claude_opus_4_8_max,26.639015491443093,9
1497,kimi_k3_max,69.38825628673519,1
1497,gpt_5_5_xhigh,56.05234073848202,2
1497,qwen3_8_max,55.87835782581444,3
1497,claude_fable_5_max,52.753389178013265,4
1497,deepseek_v4_flash_max,52.39873302797269,5
1497,gemini_3_1_pro_high,44.36410672388715,6
1497,gpt_5_6_sol_max,41.04097111710449,7
1497,claude_opus_4_8_max,34.17155369885253,8
1497,deepseek_v4_pro_max,22.54945456336386,9
1498,claude_fable_5_max,62.8673705928445,1
1498,kimi_k3_max,59.62079257250231,2
1498,claude_opus_4_8_max,52.38088563158061,3
1498,deepseek_v4_pro_max,33.921993271939954,4
1498,gpt_5_5_xhigh,32.499314854910786,5
1498,qwen3_8_max,31.15044559486348,6
1498,gpt_5_6_sol_max,26.795136929099904,7
1498,gemini_3_1_pro_high,24.233031132603156,8
1498,deepseek_v4_flash_max,21.729060331498452,9
1499,gpt_5_5_xhigh,65.88531433075606,1
1499,gpt_5_6_sol_max,65.64257886306298,2
1499,claude_fable_5_max,63.19410535782996,3
1499,gemini_3_1_pro_high,52.44632704758568,4
1499,kimi_k3_max,42.4225410967517,5
1499,qwen3_8_max,41.812647800184386,6
1499,claude_opus_4_8_max,33.2784434046076,7
1499,deepseek_v4_flash_max,26.665014621393446,8
1499,deepseek_v4_pro_max,24.10506832313265,9
1500,gemini_3_1_pro_high,70.94525264202356,1
1500,claude_fable_5_max,67.08816146180921,2
1500,qwen3_8_max,64.41096916147816,3
1500,kimi_k3_max,52.553061640497184,4
1500,claude_opus_4_8_max,38.621928730531835,5
1500,gpt_5_6_sol_max,34.02350499886047,6
1500,deepseek_v4_pro_max,32.68948663645824,7
1500,gpt_5_5_xhigh,32.072317261644294,8
1500,deepseek_v4_flash_max,7.725012870034831,9
1501,gpt_5_6_sol_max,80.21381779765994,1
1501,gemini_3_1_pro_high,65.53523671697911,2
1501,qwen3_8_max,63.81143380585416,3
1501,claude_fable_5_max,63.419545645215265,4
1501,gpt_5_5_xhigh,58.27162693916365,5
1501,kimi_k3_max,53.4873317766147,6
1501,deepseek_v4_flash_max,42.02300205767257,7
1501,claude_opus_4_8_max,29.593877653038767,8
1501,deepseek_v4_pro_max,25.31243489214954,9
1502,claude_fable_5_max,73.20130774214678,1
1502,kimi_k3_max,64.95599633463605,2
1502,claude_opus_4_8_max,63.80883134199958,3
1502,gemini_3_1_pro_high,58.75520610771929,4
1502,gpt_5_5_xhigh,53.32420789049743,5
1502,deepseek_v4_flash_max,43.02659554622156,6
1502,qwen3_8_max,34.974882473653736,7
1502,gpt_5_6_sol_max,23.12251842270099,8
1502,deepseek_v4_pro_max,4.078673743842598,9
1503,gpt_5_5_xhigh,60.039603040651095,1
1503,claude_fable_5_max,58.22080087343723,2
1503,qwen3_8_max,57.90642710834241,3
1503,gpt_5_6_sol_max,45.27466880313179,4
1503,gemini_3_1_pro_high,43.61598639941883,5
1503,deepseek_v4_pro_max,35.38719581798924,6
1503,kimi_k3_max,33.080381113207636,7
1503,deepseek_v4_flash_max,24.759517450146895,8
1503,claude_opus_4_8_max,13.331617669430903,9
1504,gpt_5_5_xhigh,64.41002812091624,1
1504,claude_fable_5_max,56.96584500691384,2
1504,deepseek_v4_pro_max,56.75903119929228,3
1504,gemini_3_1_pro_high,37.29418913149434,4
1504,gpt_5_6_sol_max,35.27115504947248,5
1504,qwen3_8_max,31.480576176550212,6
1504,kimi_k3_max,23.508177391432994,7
1504,claude_opus_4_8_max,15.364802162078579,8
1504,deepseek_v4_flash_max,13.288887300326396,9
1505,claude_fable_5_max,56.618476809215274,1
1505,claude_opus_4_8_max,56.21066773702772,2
1505,gpt_5_5_xhigh,46.776098235861184,3
1505,qwen3_8_max,35.67808338953979,4
1505,deepseek_v4_flash_max,27.436131007604907,5
1505,gpt_5_6_sol_max,21.926034441078983,6
1505,gemini_3_1_pro_high,19.659123929319097,7
1505,deepseek_v4_pro_max,17.206907406226925,8
1505,kimi_k3_max,15.962642572002025,9
1506,claude_opus_4_8_max,70.96861501660038,1
1506,gpt_5_6_sol_max,59.02317506136853,2
1506,qwen3_8_max,49.777009633069014,3
1506,claude_fable_5_max,43.747613617572796,4
1506,gemini_3_1_pro_high,40.40380863445187,5
1506,gpt_5_5_xhigh,34.473459572800934,6
1506,deepseek_v4_flash_max,30.55015891067614,7
1506,deepseek_v4_pro_max,29.602444513490013,8
1506,kimi_k3_max,25.712975278837273,9
1507,gpt_5_6_sol_max,68.40822599478116,1
1507,gemini_3_1_pro_high,58.14498092958712,2
1507,claude_fable_5_max,38.74318865374995,3
1507,kimi_k3_max,32.38871326633493,4
1507,gpt_5_5_xhigh,28.953891508129992,5
1507,qwen3_8_max,24.176119530166662,6
1507,claude_opus_4_8_max,18.99974571767858,7
1507,deepseek_v4_flash_max,15.225388269986542,8
1507,deepseek_v4_pro_max,13.997340647423695,9
1508,kimi_k3_max,72.87476240141189,1
1508,claude_opus_4_8_max,60.76119339255103,2
1508,claude_fable_5_max,50.171891871802714,3
1508,gemini_3_1_pro_high,44.24984744583692,4
1508,deepseek_v4_flash_max,41.41330201303866,5
1508,gpt_5_6_sol_max,39.33851942300951,6
1508,deepseek_v4_pro_max,38.33937115607348,7
1508,gpt_5_5_xhigh,38.11691824871703,8
1508,qwen3_8_max,32.948763128005616,9
1509,claude_opus_4_8_max,70.19268595261184,1
1509,kimi_k3_max,63.87144174809617,2
1509,qwen3_8_max,43.303936627022814,3
1509,gpt_5_6_sol_max,41.16017317750624,4
1509,claude_fable_5_max,39.89181158496237,5
1509,gemini_3_1_pro_high,37.07303876479378,6
1509,deepseek_v4_pro_max,28.65936596072884,7
1509,gpt_5_5_xhigh,23.67057703013383,8
1509,deepseek_v4_flash_max,14.571547242645053,9
1510,kimi_k3_max,73.95477599699981,1
1510,gpt_5_6_sol_max,67.94742255446718,2
1510,gemini_3_1_pro_high,54.46189977302911,3
1510,qwen3_8_max,47.867933405069415,4
1510,claude_opus_4_8_max,47.16746618344543,5
1510,claude_fable_5_max,46.37398642608365,6
1510,deepseek_v4_pro_max,28.957119835209248,7
1510,gpt_5_5_xhigh,27.919048367734646,8
1510,deepseek_v4_flash_max,8.681940353301982,9
1511,kimi_k3_max,70.81367749231077,1
1511,claude_fable_5_max,59.64300301694236,2
1511,claude_opus_4_8_max,47.70107872493686,3
1511,gemini_3_1_pro_high,42.93322026856444,4
1511,gpt_5_5_xhigh,38.78968243587086,5
1511,gpt_5_6_sol_max,36.86761867912748,6
1511,qwen3_8_max,31.15923006402807,7
1511,deepseek_v4_flash_max,27.496000353398465,8
1511,deepseek_v4_pro_max,26.232620093727334,9
1512,claude_fable_5_max,83.3835364764137,1
1512,gpt_5_6_sol_max,66.07984177828433,2
1512,gemini_3_1_pro_high,55.42667459890124,3
1512,kimi_k3_max,48.14502315281749,4
1512,gpt_5_5_xhigh,45.48565358309244,5
1512,claude_opus_4_8_max,43.82961419194071,6
1512,qwen3_8_max,35.67067743261412,7
1512,deepseek_v4_pro_max,29.333218714883685,8
1512,deepseek_v4_flash_max,14.742830110114626,9
1513,kimi_k3_max,69.47869082911987,1
1513,gemini_3_1_pro_high,64.81517139092593,2
1513,claude_fable_5_max,63.72098282555298,3
1513,qwen3_8_max,46.42595431319995,4
1513,gpt_5_6_sol_max,40.95640106513619,5
1513,gpt_5_5_xhigh,40.38550610481921,6
1513,claude_opus_4_8_max,29.691645433797,7
1513,deepseek_v4_flash_max,23.1387290334169,8
1513,deepseek_v4_pro_max,12.558835962711346,9
1514,gpt_5_6_sol_max,67.82379653494777,1
1514,qwen3_8_max,62.77869829762149,2
1514,claude_fable_5_max,45.978954452075385,3
1514,deepseek_v4_flash_max,38.53153408892001,4
1514,claude_opus_4_8_max,37.873918899102534,5
1514,kimi_k3_max,37.30537240945176,6
1514,gpt_5_5_xhigh,25.962370556562842,7
1514,gemini_3_1_pro_high,16.925613483559214,8
1514,deepseek_v4_pro_max,11.820929688050562,9
1515,claude_fable_5_max,82.36634780083601,1
1515,gpt_5_6_sol_max,61.784736635304824,2
1515,gpt_5_5_xhigh,60.15599276187177,3
1515,kimi_k3_max,54.04146500283366,4
1515,deepseek_v4_flash_max,46.341565413855456,5
1515,qwen3_8_max,42.503432419289844,6
1515,gemini_3_1_pro_high,24.777172405657236,7
1515,claude_opus_4_8_max,16.919369860304492,8
1515,deepseek_v4_pro_max,10.86962827566594,9
1516,qwen3_8_max,66.21259755921272,1
1516,claude_opus_4_8_max,62.85881511019015,2
1516,gemini_3_1_pro_high,57.636623899045944,3
1516,gpt_5_5_xhigh,38.21188446503069,4
1516,claude_fable_5_max,36.651734558711865,5
1516,deepseek_v4_flash_max,30.492373967870073,6
1516,kimi_k3_max,27.987148817356896,7
1516,gpt_5_6_sol_max,23.368548188597558,8
1516,deepseek_v4_pro_max,19.92697729401189,9
1517,claude_fable_5_max,81.84956629631296,1
1517,gemini_3_1_pro_high,48.654041139552504,2
1517,gpt_5_6_sol_max,46.25602846247051,3
1517,kimi_k3_max,46.19317389492846,4
1517,claude_opus_4_8_max,43.98231377545619,5
1517,qwen3_8_max,42.20195319002039,6
1517,gpt_5_5_xhigh,20.390198082277028,7
1517,deepseek_v4_pro_max,19.817192936217964,8
1517,deepseek_v4_flash_max,8.88017066429319,9
1518,claude_opus_4_8_max,73.92597559201687,1
1518,gpt_5_5_xhigh,71.98870393509733,2
1518,claude_fable_5_max,64.48859949652693,3
1518,qwen3_8_max,42.788137010320355,4
1518,deepseek_v4_pro_max,29.181781379622628,5
1518,gpt_5_6_sol_max,27.654470573925476,6
1518,gemini_3_1_pro_high,27.218550415428222,7
1518,kimi_k3_max,25.51073354592078,8
1518,deepseek_v4_flash_max,14.811704425279295,9
1519,claude_fable_5_max,82.285647806618,1
1519,claude_opus_4_8_max,73.01853813991809,2
1519,gemini_3_1_pro_high,68.72111709856243,3
1519,qwen3_8_max,47.6642838717967,4
1519,deepseek_v4_pro_max,35.93601223453045,5
1519,kimi_k3_max,30.22724410033879,6
1519,gpt_5_5_xhigh,24.437231662076467,7
1519,gpt_5_6_sol_max,20.39711945460546,8
1519,deepseek_v4_flash_max,20.080755494582483,9
1520,gpt_5_6_sol_max,68.77747116415918,1
1520,claude_fable_5_max,45.302749265415386,2
1520,qwen3_8_max,40.434621567806545,3
1520,deepseek_v4_pro_max,39.259269416750435,4
1520,gemini_3_1_pro_high,37.15331056317931,5
1520,gpt_5_5_xhigh,31.102089622468732,6
1520,kimi_k3_max,22.899509768415626,7
1520,deepseek_v4_flash_max,20.64210092993629,8
1520,claude_opus_4_8_max,16.09009642152918,9
1521,claude_fable_5_max,73.84142507289576,1
1521,kimi_k3_max,61.04023134474497,2
1521,gpt_5_5_xhigh,52.603279408645655,3
1521,qwen3_8_max,51.88439116769217,4
1521,claude_opus_4_8_max,44.23165158747109,5
1521,deepseek_v4_flash_max,30.431032600909674,6
1521,gpt_5_6_sol_max,27.987237103257264,7
1521,gemini_3_1_pro_high,24.26777525333359,8
1521,deepseek_v4_pro_max,4.160570321037589,9
1522,kimi_k3_max,88.3131631954592,1
1522,claude_opus_4_8_max,43.30320879976353,2
1522,qwen3_8_max,30.881666006288523,3
1522,gpt_5_6_sol_max,27.947887234767485,4
1522,claude_fable_5_max,25.275905593068927,5
1522,deepseek_v4_pro_max,25.189604711077806,6
1522,gemini_3_1_pro_high,24.84044845955779,7
1522,gpt_5_5_xhigh,14.463488844839327,8
1522,deepseek_v4_flash_max,6.811326640344182,9
1523,gpt_5_6_sol_max,76.81184659735617,1
1523,kimi_k3_max,55.71334325599942,2
1523,claude_fable_5_max,42.4879826351376,3
1523,gemini_3_1_pro_high,38.7476460165031,4
1523,claude_opus_4_8_max,31.423370999854217,5
1523,deepseek_v4_flash_max,24.422178988701695,6
1523,deepseek_v4_pro_max,20.58288893469922,7
1523,qwen3_8_max,19.750741227671703,8
1523,gpt_5_5_xhigh,17.296713224910125,9
1524,claude_fable_5_max,83.43336684511893,1
1524,kimi_k3_max,64.72395283932799,2
1524,gemini_3_1_pro_high,48.12357592346531,3
1524,qwen3_8_max,44.648837023137624,4
1524,deepseek_v4_flash_max,34.71141280933749,5
1524,gpt_5_5_xhigh,33.414817985924685,6
1524,gpt_5_6_sol_max,31.3838106508027,7
1524,deepseek_v4_pro_max,25.195903960971535,8
1524,claude_opus_4_8_max,15.011735749708272,9
1525,gpt_5_6_sol_max,75.9761705316541,1
1525,gemini_3_1_pro_high,68.11475261805423,2
1525,claude_opus_4_8_max,67.77512128385716,3
1525,claude_fable_5_max,60.78234942387826,4
1525,qwen3_8_max,48.20453490882129,5
1525,gpt_5_5_xhigh,35.44666573074875,6
1525,deepseek_v4_pro_max,29.095651302842505,7
1525,kimi_k3_max,26.342103694531893,8
1525,deepseek_v4_flash_max,21.86374862194858,9
1526,gpt_5_5_xhigh,80.15753067554093,1
1526,claude_opus_4_8_max,68.52893050032215,2
1526,gemini_3_1_pro_high,47.15440828095946,3
1526,qwen3_8_max,38.3351249150918,4
1526,kimi_k3_max,36.91022682983878,5
1526,claude_fable_5_max,36.36648628398474,6
1526,gpt_5_6_sol_max,30.664085976110172,7
1526,deepseek_v4_pro_max,29.55962436231823,8
1526,deepseek_v4_flash_max,9.311852244430131,9
1527,gpt_5_6_sol_max,55.50383454623355,1
1527,qwen3_8_max,54.397389101885764,2
1527,claude_opus_4_8_max,52.76709216246918,3
1527,deepseek_v4_pro_max,46.788251611092704,4
1527,gpt_5_5_xhigh,34.8738541989788,5
1527,claude_fable_5_max,34.241490231288374,6
1527,kimi_k3_max,33.87403590807297,7
1527,gemini_3_1_pro_high,31.574645678539255,8
1527,deepseek_v4_flash_max,5.233930614944136,9
1528,qwen3_8_max,65.20547333796623,1
1528,gpt_5_6_sol_max,61.95180418957624,2
1528,gemini_3_1_pro_high,59.40847987990777,3
1528,kimi_k3_max,53.66926948195862,4
1528,claude_fable_5_max,44.43887936620993,5
1528,claude_opus_4_8_max,44.18586598101811,6
1528,gpt_5_5_xhigh,42.08357675957967,7
1528,deepseek_v4_pro_max,35.61565822468431,8
1528,deepseek_v4_flash_max,22.114552241678734,9
1529,gpt_5_6_sol_max,63.293352228635186,1
1529,claude_fable_5_max,62.181838271980126,2
1529,gpt_5_5_xhigh,48.00861887154853,3
1529,gemini_3_1_pro_high,37.94989573278115,4
1529,kimi_k3_max,31.90914642570146,5
1529,qwen3_8_max,28.551352444046643,6
1529,deepseek_v4_flash_max,28.11692416867283,7
1529,deepseek_v4_pro_max,21.69870015025301,8
1529,claude_opus_4_8_max,18.270703372366526,9
1530,gpt_5_6_sol_max,79.36312426711262,1
1530,claude_fable_5_max,72.14752434664386,2
1530,qwen3_8_max,53.02128430145918,3
1530,claude_opus_4_8_max,52.85012555536767,4
1530,kimi_k3_max,45.41888474679103,5
1530,gemini_3_1_pro_high,42.96739265004601,6
1530,gpt_5_5_xhigh,35.91154412209805,7
1530,deepseek_v4_flash_max,31.586326275094173,8
1530,deepseek_v4_pro_max,27.220673075050634,9
1531,kimi_k3_max,76.88190540051049,1
1531,gpt_5_5_xhigh,72.93051802170574,2
1531,claude_opus_4_8_max,50.87138206614807,3
1531,claude_fable_5_max,44.16993030874045,4
1531,deepseek_v4_pro_max,40.55602104321848,5
1531,gpt_5_6_sol_max,38.101715688179105,6
1531,qwen3_8_max,22.67634068744418,7
1531,gemini_3_1_pro_high,16.479728830269927,8
1531,deepseek_v4_flash_max,14.754244526547556,9
1532,gpt_5_6_sol_max,77.44927003479049,1
1532,kimi_k3_max,72.75697362138615,2
1532,qwen3_8_max,66.35167192419348,3
1532,claude_fable_5_max,58.09707514493637,4
1532,claude_opus_4_8_max,45.87937135707648,5
1532,gemini_3_1_pro_high,45.81094289789247,6
1532,deepseek_v4_pro_max,42.355392860938096,7
1532,gpt_5_5_xhigh,26.319528833320444,8
1532,deepseek_v4_flash_max,17.16914948832173,9
1533,claude_fable_5_max,78.22318821357948,1
1533,gpt_5_6_sol_max,77.84898058567907,2
1533,qwen3_8_max,49.077716661057806,3
1533,gemini_3_1_pro_high,48.8827691830753,4
1533,claude_opus_4_8_max,31.506840778132638,5
1533,gpt_5_5_xhigh,31.029847555291177,6
1533,deepseek_v4_pro_max,29.980835743454442,7
1533,kimi_k3_max,29.068438249242462,8
1533,deepseek_v4_flash_max,28.558397218457053,9
1534,claude_fable_5_max,63.91543257881007,1
1534,gpt_5_6_sol_max,58.91410467422298,2
1534,kimi_k3_max,58.52249052821368,3
1534,qwen3_8_max,54.889506966448664,4
1534,deepseek_v4_pro_max,38.38811562568087,5
1534,gpt_5_5_xhigh,35.11619328765915,6
1534,deepseek_v4_flash_max,32.81365767405618,7
1534,gemini_3_1_pro_high,23.69065645426844,8
1534,claude_opus_4_8_max,17.80823519136257,9
1535,claude_fable_5_max,77.08390486617256,1
1535,gemini_3_1_pro_high,64.96012585879086,2
1535,claude_opus_4_8_max,60.13066538259061,3
1535,gpt_5_6_sol_max,56.88216911922696,4
1535,kimi_k3_max,55.33484719683691,5
1535,gpt_5_5_xhigh,46.62143910514086,6
1535,qwen3_8_max,38.56896919882361,7
1535,deepseek_v4_pro_max,30.651920380633086,8
1535,deepseek_v4_flash_max,10.899870616963106,9
1536,claude_fable_5_max,82.744814297608,1
1536,claude_opus_4_8_max,67.81861778540762,2
1536,gemini_3_1_pro_high,66.45102801641775,3
1536,gpt_5_6_sol_max,56.23866272058809,4
1536,gpt_5_5_xhigh,25.060102620352424,5
1536,qwen3_8_max,23.71440906913051,6
1536,kimi_k3_max,21.54451081789025,7
1536,deepseek_v4_flash_max,20.255222115189206,8
1536,deepseek_v4_pro_max,8.249240286730885,9
1537,claude_fable_5_max,82.9500332786705,1
1537,gemini_3_1_pro_high,60.43073855410514,2
1537,gpt_5_6_sol_max,58.72647746432871,3
1537,qwen3_8_max,56.373218864045974,4
1537,deepseek_v4_pro_max,46.80667052845245,5
1537,gpt_5_5_xhigh,43.039335277609155,6
1537,claude_opus_4_8_max,39.20507095109399,7
1537,kimi_k3_max,23.571245541470443,8
1537,deepseek_v4_flash_max,8.23218560137315,9
1538,gpt_5_5_xhigh,76.12303812046925,1
1538,claude_opus_4_8_max,55.17029048364468,2
1538,gemini_3_1_pro_high,53.11393032032836,3
1538,gpt_5_6_sol_max,46.4346435409898,4
1538,deepseek_v4_flash_max,44.786747381377346,5
1538,qwen3_8_max,44.73897715411354,6
1538,claude_fable_5_max,39.09422910540107,7
1538,deepseek_v4_pro_max,25.45715960788811,8
1538,kimi_k3_max,20.572596574169367,9
1539,gemini_3_1_pro_high,82.31010241542941,1
1539,gpt_5_6_sol_max,79.07707133297102,2
1539,claude_opus_4_8_max,66.34124720238839,3
1539,qwen3_8_max,64.83872957438768,4
1539,kimi_k3_max,57.94816150803105,5
1539,gpt_5_5_xhigh,57.032539313042655,6
1539,claude_fable_5_max,40.18378955876806,7
1539,deepseek_v4_pro_max,38.29577480893373,8
1539,deepseek_v4_flash_max,21.89894496843378,9
1540,gpt_5_5_xhigh,58.78062882569451,1
1540,kimi_k3_max,56.96254939465926,2
1540,gpt_5_6_sol_max,54.04859838546437,3
1540,claude_fable_5_max,51.686369828238895,4
1540,gemini_3_1_pro_high,50.06376620647005,5
1540,qwen3_8_max,43.199862844615524,6
1540,claude_opus_4_8_max,33.4760936453909,7
1540,deepseek_v4_flash_max,27.991694818263657,8
1540,deepseek_v4_pro_max,25.8214233249724,9
1541,gpt_5_5_xhigh,77.63731272385935,1
1541,gpt_5_6_sol_max,64.85277776853019,2
1541,gemini_3_1_pro_high,58.86477744181762,3
1541,claude_opus_4_8_max,57.49514777053092,4
1541,qwen3_8_max,57.12511467544735,5
1541,deepseek_v4_flash_max,42.42925813220648,6
1541,kimi_k3_max,36.39546006501225,7
1541,claude_fable_5_max,34.72809155212051,8
1541,deepseek_v4_pro_max,16.32121636798832,9
1542,claude_fable_5_max,61.92922968252503,1
1542,qwen3_8_max,61.833186426456756,2
1542,kimi_k3_max,54.59237035319074,3
1542,gpt_5_5_xhigh,53.946658434195335,4
1542,claude_opus_4_8_max,53.7086513475852,5
1542,gpt_5_6_sol_max,40.16607994253949,6
1542,gemini_3_1_pro_high,34.42791904821239,7
1542,deepseek_v4_flash_max,28.3464479153676,8
1542,deepseek_v4_pro_max,22.450630608670572,9
1543,gpt_5_5_xhigh,77.72832925272586,1
1543,gemini_3_1_pro_high,60.61595376474085,2
1543,claude_opus_4_8_max,49.583652119346695,3
1543,claude_fable_5_max,47.44180504733592,4
1543,deepseek_v4_pro_max,34.18920227074494,5
1543,gpt_5_6_sol_max,29.69538842903868,6
1543,kimi_k3_max,28.206252645911746,7
1543,deepseek_v4_flash_max,26.225886043544214,8
1543,qwen3_8_max,19.68739539018454,9
1544,gpt_5_6_sol_max,70.14444405699714,1
1544,qwen3_8_max,62.033658337765715,2
1544,claude_fable_5_max,58.486883134836745,3
1544,gemini_3_1_pro_high,49.315511900590614,4
1544,kimi_k3_max,45.70123240725085,5
1544,gpt_5_5_xhigh,33.098465515679365,6
1544,claude_opus_4_8_max,26.420091273750746,7
1544,deepseek_v4_flash_max,26.127947066685557,8
1544,deepseek_v4_pro_max,18.73137015496542,9
1545,claude_fable_5_max,68.66174848684794,1
1545,kimi_k3_max,65.71886914671845,2
1545,gpt_5_6_sol_max,59.52245401781454,3
1545,gpt_5_5_xhigh,55.05677813465758,4
1545,qwen3_8_max,49.70139774247332,5
1545,gemini_3_1_pro_high,36.50651296426442,6
1545,claude_opus_4_8_max,36.12177959677963,7
1545,deepseek_v4_flash_max,27.616424869942385,8
1545,deepseek_v4_pro_max,23.494041554242106,9
1546,kimi_k3_max,86.23080956101602,1
1546,qwen3_8_max,75.10233840765582,2
1546,gpt_5_6_sol_max,68.27281655521249,3
1546,claude_opus_4_8_max,46.53022129362185,4
1546,deepseek_v4_pro_max,44.2133731341507,5
1546,claude_fable_5_max,31.73011781576098,6
1546,gpt_5_5_xhigh,21.61333907279732,7
1546,gemini_3_1_pro_high,13.878754183181673,8
1546,deepseek_v4_flash_max,6.91657562437216,9
1547,claude_fable_5_max,67.5788844339466,1
1547,gpt_5_6_sol_max,58.71145987504799,2
1547,gemini_3_1_pro_high,56.24194391873581,3
1547,claude_opus_4_8_max,47.134539251193374,4
1547,qwen3_8_max,39.071113196515014,5
1547,deepseek_v4_pro_max,38.45640471706563,6
1547,gpt_5_5_xhigh,32.363839225203215,7
1547,deepseek_v4_flash_max,21.191872169338964,8
1547,kimi_k3_max,20.070965362638486,9
1548,gemini_3_1_pro_high,76.34865942319817,1
1548,gpt_5_6_sol_max,68.44445830271741,2
1548,qwen3_8_max,46.76818147691615,3
1548,claude_fable_5_max,46.084594181072816,4
1548,deepseek_v4_pro_max,45.07012395208146,5
1548,claude_opus_4_8_max,39.44715256708115,6
1548,kimi_k3_max,39.378881562360235,7
1548,gpt_5_5_xhigh,25.511352180338847,8
1548,deepseek_v4_flash_max,10.073231022415568,9
1549,gpt_5_6_sol_max,80.3248506890018,1
1549,claude_opus_4_8_max,69.09196493512337,2
1549,claude_fable_5_max,53.04836367640673,3
1549,kimi_k3_max,47.719958290330794,4
1549,qwen3_8_max,44.37506375117903,5
1549,gpt_5_5_xhigh,38.53949384027729,6
1549,deepseek_v4_flash_max,32.02827305509925,7
1549,gemini_3_1_pro_high,29.12455975006102,8
1549,deepseek_v4_pro_max,11.024829784521858,9
1550,kimi_k3_max,79.73383304110658,1
1550,gpt_5_5_xhigh,66.07667565313908,2
1550,qwen3_8_max,53.84207731386194,3
1550,claude_fable_5_max,45.221400894349244,4
1550,deepseek_v4_flash_max,40.11766618535491,5
1550,gpt_5_6_sol_max,39.61668478572629,6
1550,gemini_3_1_pro_high,29.115680254971693,7
1550,deepseek_v4_pro_max,21.10806390625976,8
1550,claude_opus_4_8_max,20.91605013611662,9
1551,gemini_3_1_pro_high,80.1618993563213,1
1551,claude_fable_5_max,71.08490058077373,2
1551,claude_opus_4_8_max,41.95352100985991,3
1551,gpt_5_5_xhigh,40.53862024849931,4
1551,gpt_5_6_sol_max,39.748061929257176,5
1551,qwen3_8_max,32.36228961393993,6
1551,deepseek_v4_flash_max,29.706809190718417,7
1551,kimi_k3_max,26.7585215698217,8
1551,deepseek_v4_pro_max,11.588768900821494,9
1552,claude_fable_5_max,79.45231618808836,1
1552,gpt_5_6_sol_max,61.486592435610646,2
1552,qwen3_8_max,50.80458743079762,3
1552,gemini_3_1_pro_high,50.415673889939704,4
1552,deepseek_v4_flash_max,44.018254797369494,5
1552,claude_opus_4_8_max,39.318006430116526,6
1552,gpt_5_5_xhigh,33.849807649007204,7
1552,kimi_k3_max,25.61861471783559,8
1552,deepseek_v4_pro_max,11.26079112921379,9
1553,qwen3_8_max,73.05480925136135,1
1553,kimi_k3_max,61.61381889129204,2
1553,gpt_5_6_sol_max,56.04465847343043,3
1553,claude_fable_5_max,54.70601892624912,4
1553,claude_opus_4_8_max,53.22208661000713,5
1553,deepseek_v4_pro_max,48.49221927061093,6
1553,gpt_5_5_xhigh,32.663927586544354,7
1553,deepseek_v4_flash_max,26.9898776565434,8
1553,gemini_3_1_pro_high,17.595789040250523,9
1554,claude_fable_5_max,90.30676624118402,1
1554,gpt_5_5_xhigh,58.82903213520163,2
1554,kimi_k3_max,53.969700580858245,3
1554,gemini_3_1_pro_high,48.28184936499481,4
1554,claude_opus_4_8_max,41.750319355895,5
1554,deepseek_v4_pro_max,35.08122269177547,6
1554,gpt_5_6_sol_max,29.87661104816806,7
1554,qwen3_8_max,15.317786134754343,8
1554,deepseek_v4_flash_max,10.632685413111458,9
1555,gpt_5_6_sol_max,72.96531283909908,1
1555,qwen3_8_max,69.04557614170302,2
1555,gemini_3_1_pro_high,66.95151859510389,3
1555,gpt_5_5_xhigh,66.10346003058996,4
1555,kimi_k3_max,54.109618549470596,5
1555,claude_opus_4_8_max,51.707536906721245,6
1555,claude_fable_5_max,44.062192893081054,7
1555,deepseek_v4_flash_max,21.062806432046767,8
1555,deepseek_v4_pro_max,14.319594840873604,9
1556,kimi_k3_max,80.51626294633056,1
1556,claude_opus_4_8_max,54.54203816696426,2
1556,claude_fable_5_max,54.171605608518135,3
1556,gpt_5_6_sol_max,52.506495893704596,4
1556,qwen3_8_max,52.32704500726175,5
1556,gpt_5_5_xhigh,41.00680361520583,6
1556,deepseek_v4_pro_max,32.53366959425014,7
1556,deepseek_v4_flash_max,24.233102325084527,8
1556,gemini_3_1_pro_high,20.50725915768654,9
1557,gemini_3_1_pro_high,70.6045569614333,1
1557,claude_fable_5_max,65.03480870272207,2
1557,claude_opus_4_8_max,43.44017430051119,3
1557,kimi_k3_max,41.32339752781212,4
1557,gpt_5_5_xhigh,36.481272203784926,5
1557,qwen3_8_max,23.832918630618742,6
1557,deepseek_v4_flash_max,21.157826171576612,7
1557,gpt_5_6_sol_max,21.06992205924141,8
1557,deepseek_v4_pro_max,16.626869157973086,9
1558,kimi_k3_max,70.72298172137472,1
1558,claude_opus_4_8_max,65.56668818155869,2
1558,gpt_5_6_sol_max,52.121238815957646,3
1558,gemini_3_1_pro_high,45.61194187105966,4
1558,gpt_5_5_xhigh,43.59912258257657,5
1558,deepseek_v4_pro_max,27.581582972391157,6
1558,qwen3_8_max,26.81592456198144,7
1558,deepseek_v4_flash_max,17.173108722055478,8
1558,claude_fable_5_max,10.215503698450647,9
1559,kimi_k3_max,65.50200041496316,1
1559,gpt_5_6_sol_max,50.69153630277788,2
1559,gemini_3_1_pro_high,50.538191842988944,3
1559,claude_fable_5_max,45.66039162018501,4
1559,qwen3_8_max,39.150380011477864,5
1559,gpt_5_5_xhigh,36.01505753869551,6
1559,claude_opus_4_8_max,35.3193064779601,7
1559,deepseek_v4_pro_max,27.776523384473613,8
1559,deepseek_v4_flash_max,25.45336312424478,9
1560,gemini_3_1_pro_high,68.24881950450634,1
1560,kimi_k3_max,65.68664242892154,2
1560,qwen3_8_max,59.253573819146034,3
1560,gpt_5_6_sol_max,55.39677023445421,4
1560,claude_opus_4_8_max,52.43244573114697,5
1560,deepseek_v4_pro_max,47.66306789091953,6
1560,claude_fable_5_max,24.714241887000455,7
1560,gpt_5_5_xhigh,22.764653575536926,8
1560,deepseek_v4_flash_max,21.048192848921275,9
1561,gpt_5_5_xhigh,76.31284337708301,1
1561,qwen3_8_max,71.21882560996023,2
1561,claude_fable_5_max,53.55484439889288,3
1561,claude_opus_4_8_max,52.304702947414064,4
1561,gemini_3_1_pro_high,49.766649989098,5
1561,deepseek_v4_pro_max,43.74871357328424,6
1561,kimi_k3_max,34.032566620309986,7
1561,gpt_5_6_sol_max,20.718214010617505,8
1561,deepseek_v4_flash_max,5.236863564115605,9
1562,claude_opus_4_8_max,68.32113437221842,1
1562,gemini_3_1_pro_high,66.55271878837635,2
1562,gpt_5_5_xhigh,62.74228450264237,3
1562,claude_fable_5_max,58.258349094722384,4
1562,qwen3_8_max,55.6420517268384,5
1562,gpt_5_6_sol_max,51.5056677829551,6
1562,deepseek_v4_flash_max,39.25589734843906,7
1562,kimi_k3_max,19.686966648653282,8
1562,deepseek_v4_pro_max,14.978223929676453,9
1563,kimi_k3_max,68.84583633372691,1
1563,gpt_5_5_xhigh,67.91032978220318,2
1563,claude_opus_4_8_max,64.72212251338247,3
1563,gemini_3_1_pro_high,62.62050193337703,4
1563,claude_fable_5_max,59.45370963347179,5
1563,qwen3_8_max,44.05590247278084,6
1563,deepseek_v4_pro_max,37.29903698323839,7
1563,gpt_5_6_sol_max,28.35554182586975,8
1563,deepseek_v4_flash_max,22.71167335744635,9
1564,claude_opus_4_8_max,70.83258313728145,1
1564,gemini_3_1_pro_high,53.660893632542475,2
1564,gpt_5_6_sol_max,52.115011400483056,3
1564,kimi_k3_max,37.28917325941225,4
1564,deepseek_v4_pro_max,35.41949865656864,5
1564,gpt_5_5_xhigh,34.75140460389913,6
1564,qwen3_8_max,33.20707958051495,7
1564,claude_fable_5_max,23.986047214805193,8
1564,deepseek_v4_flash_max,21.365340343654314,9
1565,qwen3_8_max,61.844518903337224,1
1565,kimi_k3_max,61.490574061594735,2
1565,claude_fable_5_max,55.53476820248474,3
1565,gemini_3_1_pro_high,51.31372254946518,4
1565,deepseek_v4_pro_max,50.67544782864891,5
1565,gpt_5_6_sol_max,48.3624297258935,6
1565,claude_opus_4_8_max,46.676759357620625,7
1565,gpt_5_5_xhigh,31.705857018222517,8
1565,deepseek_v4_flash_max,11.247680101309584,9
1566,kimi_k3_max,80.08852193066916,1
1566,claude_opus_4_8_max,74.52170634808658,2
1566,gpt_5_5_xhigh,43.24794297977606,3
1566,qwen3_8_max,37.999633394374484,4
1566,gpt_5_6_sol_max,31.7869396454757,5
1566,claude_fable_5_max,29.500070447897247,6
1566,gemini_3_1_pro_high,22.03556037256888,7
1566,deepseek_v4_flash_max,20.500275589352466,8
1566,deepseek_v4_pro_max,18.72327624333275,9
1567,gpt_5_6_sol_max,73.06337801143752,1
1567,claude_fable_5_max,47.9127310002707,2
1567,kimi_k3_max,42.59163999395861,3
1567,deepseek_v4_pro_max,39.39583493744321,4
1567,qwen3_8_max,33.06359554456496,5
1567,gemini_3_1_pro_high,25.65541749168677,6
1567,gpt_5_5_xhigh,23.250379679681657,7
1567,claude_opus_4_8_max,21.746881465919362,8
1567,deepseek_v4_flash_max,17.750325746713006,9
1568,claude_opus_4_8_max,71.65220029527876,1
1568,gpt_5_6_sol_max,60.77804549621222,2
1568,qwen3_8_max,59.92418226018039,3
1568,gemini_3_1_pro_high,54.09935760246914,4
1568,claude_fable_5_max,41.89278450996161,5
1568,gpt_5_5_xhigh,38.561617035046744,6
1568,kimi_k3_max,30.171400150989253,7
1568,deepseek_v4_flash_max,30.157317912150532,8
1568,deepseek_v4_pro_max,10.459233691811203,9
1569,claude_fable_5_max,89.14234523889942,1
1569,kimi_k3_max,61.57335392748843,2
1569,qwen3_8_max,60.87137199833974,3
1569,gemini_3_1_pro_high,58.433725046950514,4
1569,gpt_5_5_xhigh,48.84947484582412,5
1569,gpt_5_6_sol_max,45.3921864172414,6
1569,deepseek_v4_pro_max,25.472590541049904,7
1569,claude_opus_4_8_max,24.234902074476654,8
1569,deepseek_v4_flash_max,11.728784850314383,9
1570,gpt_5_6_sol_max,75.58819276990604,1
1570,qwen3_8_max,58.23136800303909,2
1570,gpt_5_5_xhigh,54.42340225034796,3
1570,gemini_3_1_pro_high,45.60665080466916,4
1570,kimi_k3_max,43.803805788503546,5
1570,claude_fable_5_max,41.980978539095034,6
1570,deepseek_v4_flash_max,30.875232468002846,7
1570,claude_opus_4_8_max,26.96077993928436,8
1570,deepseek_v4_pro_max,13.603379905610144,9
1571,qwen3_8_max,73.51813224001668,1
1571,gemini_3_1_pro_high,63.09257920299526,2
1571,claude_opus_4_8_max,55.89191398731171,3
1571,claude_fable_5_max,54.5223493387454,4
1571,deepseek_v4_pro_max,49.75118208152136,5
1571,gpt_5_6_sol_max,39.76387437114942,6
1571,gpt_5_5_xhigh,35.08300760444996,7
1571,deepseek_v4_flash_max,20.691670355311143,8
1571,kimi_k3_max,20.460997910309416,9
1572,gpt_5_6_sol_max,68.48662433810475,1
1572,qwen3_8_max,61.77453107723622,2
1572,gpt_5_5_xhigh,61.062755671932734,3
1572,claude_fable_5_max,55.05442416605517,4
1572,kimi_k3_max,54.177042148390875,5
1572,deepseek_v4_pro_max,48.080699845151436,6
1572,gemini_3_1_pro_high,36.50731026673453,7
1572,claude_opus_4_8_max,30.080674573666123,8
1572,deepseek_v4_flash_max,25.618311681443764,9
1573,gpt_5_5_xhigh,76.51373990104796,1
1573,gpt_5_6_sol_max,59.153609741402576,2
1573,gemini_3_1_pro_high,54.85800079085905,3
1573,claude_fable_5_max,53.45595658215878,4
1573,qwen3_8_max,39.305236024002824,5
1573,claude_opus_4_8_max,28.154936542897822,6
1573,deepseek_v4_flash_max,23.118325057898538,7
1573,kimi_k3_max,19.461344469575835,8
1573,deepseek_v4_pro_max,17.68603901116751,9
1574,gpt_5_5_xhigh,73.4489682450484,1
1574,claude_fable_5_max,59.51836499595009,2
1574,kimi_k3_max,50.94547574761775,3
1574,gpt_5_6_sol_max,45.334184015943606,4
1574,qwen3_8_max,28.030290434775,5
1574,deepseek_v4_pro_max,25.860819975481718,6
1574,claude_opus_4_8_max,21.92669057336299,7
1574,gemini_3_1_pro_high,19.961536378869816,8
1574,deepseek_v4_flash_max,15.204579779781978,9
1575,gemini_3_1_pro_high,82.86106856122541,1
1575,gpt_5_6_sol_max,65.52793635574528,2
1575,qwen3_8_max,61.726629362221864,3
1575,claude_opus_4_8_max,59.06671080662997,4
1575,claude_fable_5_max,55.91244532354253,5
1575,gpt_5_5_xhigh,50.40266010649475,6
1575,deepseek_v4_pro_max,43.88305143209471,7
1575,kimi_k3_max,37.67965328578302,8
1575,deepseek_v4_flash_max,37.15126850594121,9
1576,claude_fable_5_max,72.13275450222343,1
1576,claude_opus_4_8_max,48.08635735699984,2
1576,gemini_3_1_pro_high,39.981779624245036,3
1576,qwen3_8_max,39.61947072294467,4
1576,gpt_5_5_xhigh,38.638803270881965,5
1576,deepseek_v4_flash_max,28.23527932681906,6
1576,kimi_k3_max,26.122463857580318,7
1576,gpt_5_6_sol_max,23.62004295977901,8
1576,deepseek_v4_pro_max,19.415260493879927,9
1577,gpt_5_6_sol_max,62.57801991118613,1
1577,claude_fable_5_max,61.15858259295986,2
1577,gemini_3_1_pro_high,49.856657204409956,3
1577,kimi_k3_max,48.76482738855394,4
1577,deepseek_v4_pro_max,41.640758080564446,5
1577,qwen3_8_max,40.76938208196022,6
1577,gpt_5_5_xhigh,40.087570258915925,7
1577,claude_opus_4_8_max,20.471037924862564,8
1577,deepseek_v4_flash_max,16.818189450697766,9
1578,gemini_3_1_pro_high,90.55365064064327,1
1578,gpt_5_5_xhigh,71.41046852981593,2
1578,claude_fable_5_max,46.89031763219751,3
1578,qwen3_8_max,41.31266491386479,4
1578,gpt_5_6_sol_max,41.16331354338678,5
1578,deepseek_v4_flash_max,30.884912400534994,6
1578,claude_opus_4_8_max,30.69648564971375,7
1578,kimi_k3_max,30.478535501760987,8
1578,deepseek_v4_pro_max,30.44427032938022,9
1579,gpt_5_6_sol_max,87.67609983696332,1
1579,gpt_5_5_xhigh,57.412674500465116,2
1579,qwen3_8_max,56.33807759954851,3
1579,kimi_k3_max,38.820957401912786,4
1579,claude_opus_4_8_max,38.60517335952029,5
1579,gemini_3_1_pro_high,29.590455466911834,6
1579,deepseek_v4_pro_max,25.03804784682745,7
1579,deepseek_v4_flash_max,24.04334078063644,8
1579,claude_fable_5_max,13.845173834980189,9
1580,gpt_5_6_sol_max,76.05591745474119,1
1580,claude_fable_5_max,40.883913157098306,2
1580,deepseek_v4_pro_max,35.68133899264973,3
1580,gemini_3_1_pro_high,34.95637765926889,4
1580,gpt_5_5_xhigh,32.286726636685486,5
1580,kimi_k3_max,30.410214637979266,6
1580,qwen3_8_max,27.63780035847436,7
1580,claude_opus_4_8_max,24.35831225534117,8
1580,deepseek_v4_flash_max,10.823500759511443,9
1581,gemini_3_1_pro_high,66.89331383459111,1
1581,qwen3_8_max,59.37362041546411,2
1581,kimi_k3_max,56.332699492364796,3
1581,claude_fable_5_max,51.04561993840471,4
1581,gpt_5_5_xhigh,50.73035690713586,5
1581,claude_opus_4_8_max,25.16522659534888,6
1581,deepseek_v4_flash_max,24.54810000242319,7
1581,gpt_5_6_sol_max,19.790434813844556,8
1581,deepseek_v4_pro_max,12.295709429025408,9
1582,kimi_k3_max,68.02478778699106,1
1582,qwen3_8_max,54.45973705792076,2
1582,claude_opus_4_8_max,53.63763617983696,3
1582,gemini_3_1_pro_high,51.28357916484805,4
1582,gpt_5_6_sol_max,43.34710131967248,5
1582,claude_fable_5_max,41.67570329492039,6
1582,gpt_5_5_xhigh,33.99421410460989,7
1582,deepseek_v4_pro_max,30.976170007439237,8
1582,deepseek_v4_flash_max,28.330751070133367,9
1583,qwen3_8_max,56.29507224137941,1
1583,deepseek_v4_pro_max,55.56804769797595,2
1583,gpt_5_6_sol_max,52.965805451371864,3
1583,gpt_5_5_xhigh,50.80521912915492,4
1583,kimi_k3_max,44.42645165471723,5
1583,claude_fable_5_max,40.774248778031364,6
1583,gemini_3_1_pro_high,31.946166420484907,7
1583,claude_opus_4_8_max,23.79084975095303,8
1583,deepseek_v4_flash_max,12.288781724679065,9
1584,claude_fable_5_max,75.44639647646281,1
1584,gpt_5_5_xhigh,60.61535883373354,2
1584,kimi_k3_max,46.32240884608342,3
1584,gemini_3_1_pro_high,44.57591581434916,4
1584,gpt_5_6_sol_max,35.35424814059981,5
1584,claude_opus_4_8_max,32.55747711187084,6
1584,deepseek_v4_pro_max,25.74972786195668,7
1584,deepseek_v4_flash_max,24.708263222198593,8
1584,qwen3_8_max,16.80649883621199,9
1585,gpt_5_6_sol_max,67.76143456161185,1
1585,qwen3_8_max,50.40421215682302,2
1585,claude_opus_4_8_max,50.115229157231454,3
1585,deepseek_v4_flash_max,47.947607268364635,4
1585,kimi_k3_max,45.20207287932642,5
1585,gpt_5_5_xhigh,43.08863989837698,6
1585,gemini_3_1_pro_high,41.972224847257266,7
1585,deepseek_v4_pro_max,32.706830022493406,8
1585,claude_fable_5_max,24.497132355142032,9
1586,claude_fable_5_max,64.81273236306427,1
1586,gpt_5_6_sol_max,60.49183766482936,2
1586,qwen3_8_max,44.971365240210616,3
1586,kimi_k3_max,40.954891310780056,4
1586,gpt_5_5_xhigh,36.994910616651765,5
1586,claude_opus_4_8_max,30.968200381102367,6
1586,gemini_3_1_pro_high,29.3594050005854,7
1586,deepseek_v4_pro_max,25.077068056102576,8
1586,deepseek_v4_flash_max,17.717947636907333,9
1587,qwen3_8_max,66.92175918833044,1
1587,claude_opus_4_8_max,53.9532509778102,2
1587,kimi_k3_max,50.66310037094736,3
1587,claude_fable_5_max,43.32196870351768,4
1587,gemini_3_1_pro_high,41.61544742481571,5
1587,deepseek_v4_pro_max,36.66920829295841,6
1587,gpt_5_6_sol_max,31.349100071942118,7
1587,deepseek_v4_flash_max,29.36231927372401,8
1587,gpt_5_5_xhigh,14.894951654456303,9
1588,claude_opus_4_8_max,70.73015478699676,1
1588,gemini_3_1_pro_high,50.80221967816684,2
1588,gpt_5_6_sol_max,50.016970994562314,3
1588,qwen3_8_max,46.828480706418965,4
1588,kimi_k3_max,39.77332431923765,5
1588,gpt_5_5_xhigh,38.454715753561686,6
1588,claude_fable_5_max,35.05441994666829,7
1588,deepseek_v4_pro_max,33.81791208777167,8
1588,deepseek_v4_flash_max,12.676697432938656,9
1589,gpt_5_6_sol_max,78.99183275196017,1
1589,qwen3_8_max,43.12604635846353,2
1589,gemini_3_1_pro_high,42.94098840904465,3
1589,deepseek_v4_flash_max,37.33019344641283,4
1589,claude_fable_5_max,35.798685123064196,5
1589,deepseek_v4_pro_max,30.043636338772835,6
1589,kimi_k3_max,28.391511378765706,7
1589,claude_opus_4_8_max,24.298587007594577,8
1589,gpt_5_5_xhigh,18.699371625309613,9
1590,claude_fable_5_max,75.37837552011408,1
1590,gpt_5_6_sol_max,66.85400312024494,2
1590,qwen3_8_max,55.71731285406845,3
1590,claude_opus_4_8_max,51.93216233988316,4
1590,deepseek_v4_flash_max,51.38690235243192,5
1590,kimi_k3_max,44.73345224703942,6
1590,gemini_3_1_pro_high,41.382463278092374,7
1590,gpt_5_5_xhigh,30.256073606867865,8
1590,deepseek_v4_pro_max,29.574658309600075,9
1591,kimi_k3_max,71.8371410284999,1
1591,claude_opus_4_8_max,69.37728621380691,2
1591,gemini_3_1_pro_high,66.76103303856576,3
1591,gpt_5_5_xhigh,66.45060629355525,4
1591,claude_fable_5_max,58.616225281074904,5
1591,qwen3_8_max,53.44846250376031,6
1591,deepseek_v4_pro_max,37.37024149285817,7
1591,gpt_5_6_sol_max,34.823417602685296,8
1591,deepseek_v4_flash_max,25.263823438618182,9
1592,claude_fable_5_max,90.76749401799634,1
1592,kimi_k3_max,60.647827490551244,2
1592,qwen3_8_max,57.15851356334335,3
1592,claude_opus_4_8_max,50.78744857603896,4
1592,gpt_5_5_xhigh,43.436676131174615,5
1592,gemini_3_1_pro_high,38.82936725964257,6
1592,gpt_5_6_sol_max,34.60491356061107,7
1592,deepseek_v4_flash_max,16.49905224881678,8
1592,deepseek_v4_pro_max,12.811845361896655,9
1593,claude_fable_5_max,63.00900205551851,1
1593,gpt_5_6_sol_max,54.761949940248634,2
1593,kimi_k3_max,45.46482293428874,3
1593,gemini_3_1_pro_high,42.24150195889031,4
1593,deepseek_v4_pro_max,37.8540928245296,5
1593,deepseek_v4_flash_max,27.29360247466831,6
1593,claude_opus_4_8_max,22.938979177206118,7
1593,gpt_5_5_xhigh,22.874301131275047,8
1593,qwen3_8_max,20.451834998863074,9
1594,claude_fable_5_max,83.21825775788304,1
1594,qwen3_8_max,66.55124849717636,2
1594,gemini_3_1_pro_high,55.21481143615634,3
1594,kimi_k3_max,54.12772252026282,4
1594,claude_opus_4_8_max,51.812407005935434,5
1594,gpt_5_6_sol_max,48.0396329232904,6
1594,deepseek_v4_pro_max,39.75681712579933,7
1594,gpt_5_5_xhigh,26.73327087348156,8
1594,deepseek_v4_flash_max,13.916534581419949,9
1595,gpt_5_6_sol_max,87.4047294347429,1
1595,claude_fable_5_max,55.44452409956186,2
1595,kimi_k3_max,53.40850439309831,3
1595,gemini_3_1_pro_high,49.83632773634761,4
1595,qwen3_8_max,30.949921335557082,5
1595,gpt_5_5_xhigh,28.937153849123035,6
1595,claude_opus_4_8_max,24.21242218291583,7
1595,deepseek_v4_pro_max,23.098970203810147,8
1595,deepseek_v4_flash_max,12.311608624472026,9
1596,claude_opus_4_8_max,70.97759991712671,1
1596,gpt_5_5_xhigh,52.956373773517264,2
1596,gpt_5_6_sol_max,44.20070604320985,3
1596,gemini_3_1_pro_high,39.688549193383786,4
1596,kimi_k3_max,30.66613915436388,5
1596,deepseek_v4_pro_max,27.628341698404967,6
1596,qwen3_8_max,22.801499725679825,7
1596,deepseek_v4_flash_max,19.21151336404948,8
1596,claude_fable_5_max,14.28285878075988,9
1597,claude_fable_5_max,87.56093727524369,1
1597,gpt_5_6_sol_max,66.72357255420026,2
1597,qwen3_8_max,50.51269893584678,3
1597,gpt_5_5_xhigh,49.007485480963055,4
1597,kimi_k3_max,41.92146904829625,5
1597,gemini_3_1_pro_high,37.201715819811845,6
1597,deepseek_v4_pro_max,31.568821033642735,7
1597,claude_opus_4_8_max,20.980824130504153,8
1597,deepseek_v4_flash_max,14.86958914431497,9
1598,kimi_k3_max,68.8534293915792,1
1598,qwen3_8_max,66.74325971897025,2
1598,claude_opus_4_8_max,62.784973190236386,3
1598,gpt_5_6_sol_max,59.908431821559574,4
1598,gemini_3_1_pro_high,57.46668597822435,5
1598,deepseek_v4_pro_max,38.51700922932227,6
1598,claude_fable_5_max,34.95939761912426,7
1598,gpt_5_5_xhigh,33.206509046370286,8
1598,deepseek_v4_flash_max,26.88895288799101,9
1599,claude_fable_5_max,72.29611900708812,1
1599,gpt_5_6_sol_max,66.99558538803643,2
1599,qwen3_8_max,60.852242567659175,3
1599,gpt_5_5_xhigh,57.16018811083469,4
1599,kimi_k3_max,54.373615785086514,5
1599,deepseek_v4_pro_max,44.14424710161283,6
1599,claude_opus_4_8_max,38.957709305646745,7
1599,gemini_3_1_pro_high,35.463562216782606,8
1599,deepseek_v4_flash_max,8.877453898911241,9
1600,gemini_3_1_pro_high,69.3598752645697,1
1600,claude_fable_5_max,67.78058789547373,2
1600,gpt_5_5_xhigh,65.81807405225899,3
1600,kimi_k3_max,58.21795832224442,4
1600,deepseek_v4_pro_max,50.16376289638708,5
1600,qwen3_8_max,49.76834596059203,6
1600,gpt_5_6_sol_max,43.38755010621009,7
1600,claude_opus_4_8_max,35.81378023723709,8
1600,deepseek_v4_flash_max,23.126819427441525,9
1601,gemini_3_1_pro_high,75.87189560954944,1
1601,claude_fable_5_max,74.91955519459577,2
1601,gpt_5_6_sol_max,57.24770781091074,3
1601,qwen3_8_max,50.46989804902432,4
1601,gpt_5_5_xhigh,46.887473326581265,5
1601,claude_opus_4_8_max,45.89423852967775,6
1601,deepseek_v4_flash_max,21.974153407296296,7
1601,kimi_k3_max,21.692859881208086,8
1601,deepseek_v4_pro_max,16.365273441189178,9
1602,gpt_5_6_sol_max,77.47554233310666,1
1602,gpt_5_5_xhigh,65.46374400265093,2
1602,claude_opus_4_8_max,58.70963467847381,3
1602,gemini_3_1_pro_high,51.778269987139666,4
1602,kimi_k3_max,49.505692222759194,5
1602,qwen3_8_max,49.02968176236165,6
1602,deepseek_v4_pro_max,46.365191339046575,7
1602,claude_fable_5_max,45.53454029930326,8
1602,deepseek_v4_flash_max,22.179198089981114,9
1603,gemini_3_1_pro_high,90.80362695613847,1
1603,gpt_5_6_sol_max,78.03566405421304,2
1603,qwen3_8_max,74.36663428894558,3
1603,claude_opus_4_8_max,70.72647440577592,4
1603,claude_fable_5_max,49.04276650060504,5
1603,gpt_5_5_xhigh,36.042715797098566,6
1603,deepseek_v4_pro_max,32.620959253014355,7
1603,kimi_k3_max,30.67815045268745,8
1603,deepseek_v4_flash_max,27.0524321287078,9
1604,kimi_k3_max,84.15071600650953,1
1604,qwen3_8_max,68.39307430432825,2
1604,gemini_3_1_pro_high,64.68694689434567,3
1604,gpt_5_6_sol_max,58.35468257310986,4
1604,claude_fable_5_max,43.57722073999473,5
1604,claude_opus_4_8_max,39.88529812789624,6
1604,deepseek_v4_pro_max,28.794367836075832,7
1604,deepseek_v4_flash_max,27.012421319646343,8
1604,gpt_5_5_xhigh,19.642905161177225,9
1605,claude_fable_5_max,73.24927018788651,1
1605,gpt_5_6_sol_max,70.72685946962198,2
1605,gemini_3_1_pro_high,65.99432634304698,3
1605,kimi_k3_max,53.305350722702165,4
1605,qwen3_8_max,46.448377258536354,5
1605,deepseek_v4_flash_max,45.20978533735881,6
1605,deepseek_v4_pro_max,39.33151037350565,7
1605,claude_opus_4_8_max,37.53904049151606,8
1605,gpt_5_5_xhigh,32.31072136261237,9
1606,gpt_5_5_xhigh,64.47563360190624,1
1606,deepseek_v4_pro_max,52.59855973773832,2
1606,claude_fable_5_max,50.88029166928887,3
1606,gpt_5_6_sol_max,45.29002098587698,4
1606,kimi_k3_max,44.80072206538286,5
1606,gemini_3_1_pro_high,40.4810055053282,6
1606,qwen3_8_max,35.201032791696576,7
1606,deepseek_v4_flash_max,23.864196123268673,8
1606,claude_opus_4_8_max,21.305729343635548,9
1607,claude_opus_4_8_max,73.69803041772258,1
1607,gpt_5_5_xhigh,70.12469737766565,2
1607,gpt_5_6_sol_max,54.04713790968696,3
1607,qwen3_8_max,50.4784658857785,4
1607,claude_fable_5_max,36.37416504545645,5
1607,kimi_k3_max,32.04498434756097,6
1607,gemini_3_1_pro_high,26.691387434425767,7
1607,deepseek_v4_pro_max,24.257397292705996,8
1607,deepseek_v4_flash_max,17.347703287707677,9
1608,gpt_5_6_sol_max,70.80070064747237,1
1608,qwen3_8_max,50.275144895699356,2
1608,gemini_3_1_pro_high,48.46677913526388,3
1608,gpt_5_5_xhigh,48.33796500404423,4
1608,claude_fable_5_max,46.256651499623246,5
1608,deepseek_v4_flash_max,29.305195418851305,6
1608,deepseek_v4_pro_max,26.1789256895007,7
1608,kimi_k3_max,25.67405080581362,8
1608,claude_opus_4_8_max,24.892238107125884,9
1609,claude_fable_5_max,83.08932448374009,1
1609,gemini_3_1_pro_high,79.79442277466107,2
1609,gpt_5_6_sol_max,75.26199812365402,3
1609,qwen3_8_max,72.9855817564085,4
1609,kimi_k3_max,56.84113647938057,5
1609,gpt_5_5_xhigh,38.828636715756794,6
1609,deepseek_v4_flash_max,37.76023029141726,7
1609,claude_opus_4_8_max,28.37243385781321,8
1609,deepseek_v4_pro_max,7.3775355676505985,9
1610,gpt_5_6_sol_max,80.75778267203634,1
1610,claude_fable_5_max,59.64979292251783,2
1610,qwen3_8_max,52.34786043238283,3
1610,kimi_k3_max,52.328284780501434,4
1610,gpt_5_5_xhigh,52.21645655622029,5
1610,gemini_3_1_pro_high,47.77348905513435,6
1610,claude_opus_4_8_max,32.43815000940081,7
1610,deepseek_v4_pro_max,30.745147587296536,8
1610,deepseek_v4_flash_max,16.301973501573848,9
1611,claude_opus_4_8_max,80.18316354177068,1
1611,claude_fable_5_max,60.349603274272546,2
1611,qwen3_8_max,56.223730417944196,3
1611,kimi_k3_max,53.842927590365406,4
1611,deepseek_v4_pro_max,46.25590102630325,5
1611,gpt_5_6_sol_max,35.42108768957676,6
1611,gpt_5_5_xhigh,33.54752834348999,7
1611,gemini_3_1_pro_high,30.212827984831243,8
1611,deepseek_v4_flash_max,13.504362962445146,9
1612,gpt_5_6_sol_max,73.85822777643057,1
1612,claude_opus_4_8_max,30.340997063737497,2
1612,deepseek_v4_flash_max,29.501331755850213,3
1612,qwen3_8_max,28.339525492868134,4
1612,gemini_3_1_pro_high,27.995058983062812,5
1612,claude_fable_5_max,22.80288081157119,6
1612,gpt_5_5_xhigh,19.822456007117204,7
1612,kimi_k3_max,17.344425558744014,8
1612,deepseek_v4_pro_max,15.805920852214776,9
1613,kimi_k3_max,83.18612253931111,1
1613,claude_opus_4_8_max,78.13484166715838,2
1613,gemini_3_1_pro_high,77.60406339016774,3
1613,claude_fable_5_max,57.539323015030206,4
1613,gpt_5_6_sol_max,44.27641386077114,5
1613,deepseek_v4_flash_max,43.563716441848854,6
1613,gpt_5_5_xhigh,42.82111454053617,7
1613,qwen3_8_max,39.42325475727569,8
1613,deepseek_v4_pro_max,9.643994962790362,9
1614,gpt_5_5_xhigh,69.38772376566305,1
1614,kimi_k3_max,67.45349845941476,2
1614,claude_opus_4_8_max,51.1156621987942,3
1614,gemini_3_1_pro_high,47.51351220493146,4
1614,claude_fable_5_max,39.10562593972105,5
1614,qwen3_8_max,25.709981955435673,6
1614,deepseek_v4_pro_max,24.622015056282933,7
1614,gpt_5_6_sol_max,21.724849886700973,8
1614,deepseek_v4_flash_max,19.02229769695178,9
1615,claude_fable_5_max,66.7902426574681,1
1615,kimi_k3_max,59.831782137838296,2
1615,gpt_5_6_sol_max,57.22333333791651,3
1615,claude_opus_4_8_max,56.85604572658444,4
1615,deepseek_v4_flash_max,53.341516240372016,5
1615,qwen3_8_max,47.91489521504951,6
1615,gemini_3_1_pro_high,39.472419105791694,7
1615,gpt_5_5_xhigh,25.445909967679466,8
1615,deepseek_v4_pro_max,22.26446589977917,9
1616,gpt_5_6_sol_max,81.6932762734516,1
1616,gemini_3_1_pro_high,60.762686565465934,2
1616,claude_fable_5_max,59.94276863928012,3
1616,qwen3_8_max,58.708557065485216,4
1616,claude_opus_4_8_max,45.937837394730515,5
1616,gpt_5_5_xhigh,36.695885707157906,6
1616,deepseek_v4_flash_max,28.73793351503061,7
1616,kimi_k3_max,24.94230225021078,8
1616,deepseek_v4_pro_max,13.841501742999833,9
1617,claude_fable_5_max,68.63709422577134,1
1617,claude_opus_4_8_max,67.98086149782489,2
1617,gpt_5_5_xhigh,50.705094511872375,3
1617,qwen3_8_max,49.84953166965745,4
1617,deepseek_v4_pro_max,37.77433151430746,5
1617,gemini_3_1_pro_high,34.61807744495636,6
1617,kimi_k3_max,29.697184284659638,7
1617,deepseek_v4_flash_max,19.678776362937356,8
1617,gpt_5_6_sol_max,19.08161705623106,9
1618,kimi_k3_max,75.54250030459971,1
1618,claude_opus_4_8_max,69.8491722076864,2
1618,gpt_5_5_xhigh,65.05519219182807,3
1618,gemini_3_1_pro_high,62.090652290701314,4
1618,qwen3_8_max,51.68305849302004,5
1618,claude_fable_5_max,36.611888325040354,6
1618,deepseek_v4_pro_max,30.61906068702991,7
1618,deepseek_v4_flash_max,25.288674184695658,8
1618,gpt_5_6_sol_max,23.515489591771743,9
1619,gpt_5_6_sol_max,65.16672484726291,1
1619,claude_opus_4_8_max,60.283635845745636,2
1619,gemini_3_1_pro_high,58.69304255656419,3
1619,claude_fable_5_max,41.46300166677408,4
1619,kimi_k3_max,33.77772500514943,5
1619,deepseek_v4_pro_max,30.227664339551175,6
1619,gpt_5_5_xhigh,25.144688103122014,7
1619,qwen3_8_max,12.662240763612715,8
1619,deepseek_v4_flash_max,10.196993943239246,9
1620,claude_opus_4_8_max,84.51054950017215,1
1620,gemini_3_1_pro_high,63.720235625621676,2
1620,qwen3_8_max,56.82025318905554,3
1620,gpt_5_5_xhigh,37.47072761425915,4
1620,gpt_5_6_sol_max,35.302625303411766,5
1620,deepseek_v4_pro_max,23.242503390485297,6
1620,kimi_k3_max,23.204866655263945,7
1620,deepseek_v4_flash_max,21.968322220997926,8
1620,claude_fable_5_max,20.541637114004317,9
1621,gpt_5_6_sol_max,67.18297616474888,1
1621,qwen3_8_max,46.79664761509335,2
1621,gpt_5_5_xhigh,45.55700315206134,3
1621,deepseek_v4_pro_max,43.49958961256243,4
1621,kimi_k3_max,35.04943453127897,5
1621,claude_fable_5_max,33.530759101813864,6
1621,deepseek_v4_flash_max,31.567289112783886,7
1621,claude_opus_4_8_max,26.707891366060476,8
1621,gemini_3_1_pro_high,23.535828513857346,9
1622,kimi_k3_max,68.77142915571658,1
1622,gpt_5_6_sol_max,65.09068079892252,2
1622,gemini_3_1_pro_high,60.31582948106482,3
1622,claude_fable_5_max,52.03611088499272,4
1622,qwen3_8_max,37.63653607284862,5
1622,gpt_5_5_xhigh,28.747390020957027,6
1622,deepseek_v4_pro_max,24.869983881054566,7
1622,claude_opus_4_8_max,20.831633565160804,8
1622,deepseek_v4_flash_max,18.749079004895535,9
1623,qwen3_8_max,84.01086932953211,1
1623,kimi_k3_max,72.27947862620006,2
1623,claude_fable_5_max,61.1096739134603,3
1623,gemini_3_1_pro_high,56.16483305416224,4
1623,gpt_5_5_xhigh,47.652563081781864,5
1623,claude_opus_4_8_max,43.936272980916556,6
1623,deepseek_v4_pro_max,27.840192679453633,7
1623,deepseek_v4_flash_max,24.829754208033044,8
1623,gpt_5_6_sol_max,21.096916728302126,9
1624,gpt_5_6_sol_max,78.43016730375297,1
1624,claude_fable_5_max,66.41227363586535,2
1624,qwen3_8_max,56.657176502899844,3
1624,gpt_5_5_xhigh,55.872853980282386,4
1624,kimi_k3_max,42.75399463442142,5
1624,gemini_3_1_pro_high,41.40153623071683,6
1624,claude_opus_4_8_max,29.589163069213726,7
1624,deepseek_v4_flash_max,28.049179851186707,8
1624,deepseek_v4_pro_max,24.08561422937344,9
1625,gemini_3_1_pro_high,81.7013757645747,1
1625,claude_opus_4_8_max,80.95415380979419,2
1625,gpt_5_5_xhigh,68.83066665620933,3
1625,kimi_k3_max,47.01867272386551,4
1625,qwen3_8_max,38.777799669238476,5
1625,deepseek_v4_pro_max,38.27525108721333,6
1625,claude_fable_5_max,28.401423455093536,7
1625,gpt_5_6_sol_max,27.39500693247104,8
1625,deepseek_v4_flash_max,16.51480189367216,9
1626,gpt_5_5_xhigh,66.30146569401171,1
1626,gemini_3_1_pro_high,48.90664841316947,2
1626,claude_opus_4_8_max,44.59510230030643,3
1626,claude_fable_5_max,36.57220898552444,4
1626,kimi_k3_max,31.831561570657446,5
1626,deepseek_v4_pro_max,30.735550913538155,6
1626,gpt_5_6_sol_max,27.966128187590904,7
1626,deepseek_v4_flash_max,19.86047559084064,8
1626,qwen3_8_max,15.063793570993877,9
1627,claude_fable_5_max,91.11429259784295,1
1627,qwen3_8_max,66.3382034577683,2
1627,gpt_5_5_xhigh,57.173036865110454,3
1627,gemini_3_1_pro_high,56.7778652606018,4
1627,kimi_k3_max,56.284730399748646,5
1627,deepseek_v4_pro_max,51.1597736092554,6
1627,gpt_5_6_sol_max,38.157953467258274,7
1627,claude_opus_4_8_max,25.68387222669723,8
1627,deepseek_v4_flash_max,18.565876863489237,9
1628,claude_opus_4_8_max,74.52156967845897,1
1628,gemini_3_1_pro_high,68.39845341266602,2
1628,qwen3_8_max,65.90195311399057,3
1628,kimi_k3_max,59.27400263667139,4
1628,claude_fable_5_max,51.63385310405737,5
1628,gpt_5_5_xhigh,50.44452459493355,6
1628,gpt_5_6_sol_max,32.88336782316396,7
1628,deepseek_v4_flash_max,26.041959257881743,8
1628,deepseek_v4_pro_max,20.35033366664171,9
1629,gpt_5_6_sol_max,77.19085857873253,1
1629,claude_fable_5_max,68.29307721961368,2
1629,qwen3_8_max,54.43988505023492,3
1629,gpt_5_5_xhigh,51.86599186566444,4
1629,gemini_3_1_pro_high,50.14639620736334,5
1629,claude_opus_4_8_max,29.928831258044383,6
1629,deepseek_v4_pro_max,26.979970312058377,7
1629,deepseek_v4_flash_max,16.908755120263237,8
1629,kimi_k3_max,16.889007717182547,9
1630,claude_opus_4_8_max,68.16114859136171,1
1630,gemini_3_1_pro_high,55.835674643585065,2
1630,claude_fable_5_max,50.98220541053976,3
1630,deepseek_v4_pro_max,50.39095966819582,4
1630,qwen3_8_max,49.03738689015102,5
1630,gpt_5_6_sol_max,43.66321567577507,6
1630,gpt_5_5_xhigh,39.82069474486349,7
1630,deepseek_v4_flash_max,34.67583903908388,8
1630,kimi_k3_max,22.62517055227717,9
1631,gpt_5_6_sol_max,77.4894192637802,1
1631,claude_opus_4_8_max,66.82524743646269,2
1631,kimi_k3_max,56.76369094492978,3
1631,gpt_5_5_xhigh,45.00568883912763,4
1631,deepseek_v4_flash_max,34.59176212430545,5
1631,claude_fable_5_max,34.17232742381582,6
1631,qwen3_8_max,27.48555856397143,7
1631,gemini_3_1_pro_high,22.84557026169415,8
1631,deepseek_v4_pro_max,20.911824586105098,9
1632,claude_opus_4_8_max,68.370465666223,1
1632,kimi_k3_max,51.9432313885136,2
1632,gpt_5_5_xhigh,39.14617242250654,3
1632,qwen3_8_max,30.789209225578432,4
1632,deepseek_v4_pro_max,30.06419011982592,5
1632,claude_fable_5_max,29.79892277336886,6
1632,gpt_5_6_sol_max,29.327085536564432,7
1632,gemini_3_1_pro_high,28.451143582376613,8
1632,deepseek_v4_flash_max,20.684297689480655,9
1633,claude_fable_5_max,70.32129019406821,1
1633,gpt_5_6_sol_max,60.7543805063399,2
1633,kimi_k3_max,58.54548345512698,3
1633,gpt_5_5_xhigh,54.031471462510176,4
1633,qwen3_8_max,46.18159898008538,5
1633,deepseek_v4_pro_max,40.930815073672775,6
1633,gemini_3_1_pro_high,29.625743068564184,7
1633,claude_opus_4_8_max,25.487839880372086,8
1633,deepseek_v4_flash_max,23.543064674116078,9
1634,kimi_k3_max,75.48050437172954,1
1634,claude_fable_5_max,66.75477110472767,2
1634,gpt_5_5_xhigh,63.76934814038366,3
1634,gemini_3_1_pro_high,52.875051968770144,4
1634,gpt_5_6_sol_max,48.12872523258726,5
1634,deepseek_v4_pro_max,42.31086197558149,6
1634,claude_opus_4_8_max,40.933359146137036,7
1634,deepseek_v4_flash_max,30.219305766858994,8
1634,qwen3_8_max,17.348894849050843,9
1635,claude_fable_5_max,67.19236352026843,1
1635,gpt_5_6_sol_max,65.8986449098887,2
1635,gpt_5_5_xhigh,59.581835247601376,3
1635,gemini_3_1_pro_high,58.61750952013622,4
1635,qwen3_8_max,56.11704216120174,5
1635,kimi_k3_max,45.368211862337446,6
1635,deepseek_v4_pro_max,38.80979954821941,7
1635,deepseek_v4_flash_max,33.616127775077395,8
1635,claude_opus_4_8_max,32.438690912190246,9
1636,claude_fable_5_max,72.13073003025468,1
1636,gpt_5_6_sol_max,49.45908858602233,2
1636,qwen3_8_max,47.80132879307191,3
1636,gemini_3_1_pro_high,40.225758577940404,4
1636,deepseek_v4_pro_max,32.863513434658806,5
1636,kimi_k3_max,30.53152540644983,6
1636,gpt_5_5_xhigh,28.366451296939168,7
1636,claude_opus_4_8_max,22.702239250023588,8
1636,deepseek_v4_flash_max,20.085985989117525,9
1637,qwen3_8_max,59.933547846710255,1
1637,claude_opus_4_8_max,55.7895104421424,2
1637,gemini_3_1_pro_high,49.98538065138956,3
1637,gpt_5_6_sol_max,47.10629036919285,4
1637,deepseek_v4_pro_max,45.09959527996729,5
1637,claude_fable_5_max,41.38199602659205,6
1637,gpt_5_5_xhigh,33.17205328400477,7
1637,kimi_k3_max,27.448430758861427,8
1637,deepseek_v4_flash_max,16.29853295020733,9
1638,claude_opus_4_8_max,69.7400469613342,1
1638,gpt_5_5_xhigh,45.190169367016054,2
1638,claude_fable_5_max,42.16388218299358,3
1638,deepseek_v4_pro_max,36.88036798035876,4
1638,qwen3_8_max,34.05501924059576,5
1638,gemini_3_1_pro_high,32.47510631257361,6
1638,kimi_k3_max,24.398148616984034,7
1638,gpt_5_6_sol_max,22.686774351812822,8
1638,deepseek_v4_flash_max,20.769898541210477,9
1639,gpt_5_6_sol_max,77.0287980810847,1
1639,kimi_k3_max,72.21313779164674,2
1639,qwen3_8_max,69.04020202714295,3
1639,gemini_3_1_pro_high,62.39606170115562,4
1639,claude_opus_4_8_max,61.46762408106582,5
1639,deepseek_v4_flash_max,36.34421254728936,6
1639,claude_fable_5_max,32.28766714542391,7
1639,gpt_5_5_xhigh,29.317837826795895,8
1639,deepseek_v4_pro_max,11.580616465180047,9
1640,claude_fable_5_max,81.5540793810166,1
1640,gemini_3_1_pro_high,60.39214646222982,2
1640,claude_opus_4_8_max,59.11411100357762,3
1640,kimi_k3_max,53.73485819468276,4
1640,gpt_5_5_xhigh,49.27226306600839,5
1640,gpt_5_6_sol_max,37.80845773221564,6
1640,qwen3_8_max,37.04586767780964,7
1640,deepseek_v4_pro_max,35.591907393905345,8
1640,deepseek_v4_flash_max,18.60465292858966,9
1641,claude_opus_4_8_max,74.15588587405426,1
1641,kimi_k3_max,61.59582672091891,2
1641,claude_fable_5_max,60.98714581691815,3
1641,gpt_5_5_xhigh,59.435011090802234,4
1641,qwen3_8_max,52.256939020118125,5
1641,gpt_5_6_sol_max,35.75574273952674,6
1641,deepseek_v4_pro_max,24.94666833963379,7
1641,gemini_3_1_pro_high,24.6643126480942,8
1641,deepseek_v4_flash_max,17.43539699670238,9
1642,gemini_3_1_pro_high,77.993982029392,1
1642,claude_fable_5_max,68.6910767442048,2
1642,claude_opus_4_8_max,53.01320188165414,3
1642,gpt_5_6_sol_max,43.111890320639105,4
1642,deepseek_v4_pro_max,36.644628769570254,5
1642,qwen3_8_max,33.701762714295825,6
1642,gpt_5_5_xhigh,31.612338794778562,7
1642,deepseek_v4_flash_max,20.489709445478717,8
1642,kimi_k3_max,13.310594412347474,9
1643,claude_opus_4_8_max,74.93742825474956,1
1643,gemini_3_1_pro_high,63.66110055266549,2
1643,gpt_5_6_sol_max,47.00461572889034,3
1643,gpt_5_5_xhigh,43.67967063402149,4
1643,qwen3_8_max,41.749792813802216,5
1643,claude_fable_5_max,40.06991022212848,6
1643,deepseek_v4_flash_max,36.9193618141501,7
1643,deepseek_v4_pro_max,23.62769531013046,8
1643,kimi_k3_max,20.056432245363794,9
1644,claude_fable_5_max,73.24342994301622,1
1644,qwen3_8_max,60.047369985646085,2
1644,gpt_5_6_sol_max,53.966513959140286,3
1644,gemini_3_1_pro_high,53.28280320423106,4
1644,gpt_5_5_xhigh,47.34911318926321,5
1644,claude_opus_4_8_max,44.05655617275842,6
1644,deepseek_v4_flash_max,42.52322283348517,7
1644,deepseek_v4_pro_max,21.15298403625242,8
1644,kimi_k3_max,18.197258753477726,9
1645,gemini_3_1_pro_high,76.54792661559533,1
1645,claude_fable_5_max,71.20084066362213,2
1645,gpt_5_6_sol_max,67.78707777737898,3
1645,kimi_k3_max,61.104322429465014,4
1645,qwen3_8_max,42.83810222749255,5
1645,gpt_5_5_xhigh,42.32833318014394,6
1645,claude_opus_4_8_max,38.4512686096003,7
1645,deepseek_v4_flash_max,32.74865953161715,8
1645,deepseek_v4_pro_max,3.7217914911950514,9
1646,gemini_3_1_pro_high,74.21093908276839,1
1646,gpt_5_6_sol_max,55.855694153320485,2
1646,claude_fable_5_max,54.86559127877179,3
1646,kimi_k3_max,47.68858175427629,4
1646,gpt_5_5_xhigh,47.547378614251976,5
1646,qwen3_8_max,47.47752902265396,6
1646,claude_opus_4_8_max,45.33059122783511,7
1646,deepseek_v4_flash_max,22.04373981600665,8
1646,deepseek_v4_pro_max,18.566823761513056,9
1647,claude_fable_5_max,63.15748594175961,1
1647,gpt_5_5_xhigh,62.909580976945655,2
1647,kimi_k3_max,55.25540623095164,3
1647,claude_opus_4_8_max,47.39167754338352,4
1647,gemini_3_1_pro_high,36.682137062924724,5
1647,deepseek_v4_pro_max,33.203253190503304,6
1647,deepseek_v4_flash_max,31.909063132158295,7
1647,qwen3_8_max,29.484161720402007,8
1647,gpt_5_6_sol_max,26.382179556895764,9
1648,kimi_k3_max,77.92670390777154,1
1648,claude_fable_5_max,73.28208074119081,2
1648,gemini_3_1_pro_high,66.06607532788095,3
1648,qwen3_8_max,53.72977533844887,4
1648,gpt_5_6_sol_max,48.888935654986895,5
1648,gpt_5_5_xhigh,41.53799126383396,6
1648,deepseek_v4_flash_max,35.06221713198836,7
1648,claude_opus_4_8_max,28.891494486380545,8
1648,deepseek_v4_pro_max,10.574012061816754,9
1649,gemini_3_1_pro_high,81.50199825647391,1
1649,qwen3_8_max,68.60655193984645,2
1649,claude_fable_5_max,54.62659111865205,3
1649,gpt_5_5_xhigh,51.845081402317795,4
1649,gpt_5_6_sol_max,51.60655061561346,5
1649,kimi_k3_max,48.293203145644355,6
1649,claude_opus_4_8_max,36.99689016270803,7
1649,deepseek_v4_flash_max,21.923134585818648,8
1649,deepseek_v4_pro_max,10.901623054865194,9
1650,gemini_3_1_pro_high,63.397222331209804,1
1650,kimi_k3_max,61.69568529339932,2
1650,qwen3_8_max,59.62990588333947,3
1650,claude_fable_5_max,49.653740009545245,4
1650,claude_opus_4_8_max,43.6554506483761,5
1650,gpt_5_5_xhigh,32.69942836055857,6
1650,gpt_5_6_sol_max,28.50645336915898,7
1650,deepseek_v4_pro_max,18.988122402453627,8
1650,deepseek_v4_flash_max,9.376615501296309,9
1651,qwen3_8_max,81.37511757904441,1
1651,claude_fable_5_max,76.64215601185157,2
1651,kimi_k3_max,68.92647208651195,3
1651,gpt_5_5_xhigh,50.87267236809137,4
1651,gpt_5_6_sol_max,40.02981714495439,5
1651,claude_opus_4_8_max,31.00470243718238,6
1651,deepseek_v4_pro_max,28.00055772708481,7
1651,deepseek_v4_flash_max,21.74386382393764,8
1651,gemini_3_1_pro_high,19.524771951191923,9
1652,claude_opus_4_8_max,70.2991772552425,1
1652,gpt_5_6_sol_max,64.37254270829513,2
1652,gemini_3_1_pro_high,63.215943893443864,3
1652,gpt_5_5_xhigh,61.4115060666618,4
1652,qwen3_8_max,60.961358843526696,5
1652,deepseek_v4_flash_max,24.32475631475643,6
1652,kimi_k3_max,23.460739279137208,7
1652,claude_fable_5_max,20.894598398314567,8
1652,deepseek_v4_pro_max,15.609322583284218,9
1653,kimi_k3_max,74.84846474500739,1
1653,claude_opus_4_8_max,69.81019632928067,2
1653,gemini_3_1_pro_high,68.57201402919674,3
1653,deepseek_v4_pro_max,53.46932561157625,4
1653,gpt_5_6_sol_max,40.36138229158384,5
1653,gpt_5_5_xhigh,37.64176408190018,6
1653,claude_fable_5_max,35.420065382925074,7
1653,qwen3_8_max,34.87734155180454,8
1653,deepseek_v4_flash_max,22.43612132214951,9
1654,claude_fable_5_max,76.19821345354347,1
1654,gemini_3_1_pro_high,53.830421853156324,2
1654,gpt_5_5_xhigh,52.65134918144065,3
1654,kimi_k3_max,51.358042350996,4
1654,deepseek_v4_flash_max,47.246839502044736,5
1654,gpt_5_6_sol_max,45.45974028543877,6
1654,deepseek_v4_pro_max,44.68879201086771,7
1654,qwen3_8_max,33.436213654006615,8
1654,claude_opus_4_8_max,31.490702148408197,9
1655,gpt_5_6_sol_max,72.7191395626898,1
1655,claude_opus_4_8_max,59.363287476396884,2
1655,kimi_k3_max,56.976048257479796,3
1655,gpt_5_5_xhigh,55.11755280356528,4
1655,claude_fable_5_max,53.14640823493813,5
1655,deepseek_v4_pro_max,47.9682513638734,6
1655,gemini_3_1_pro_high,25.869787681072353,7
1655,qwen3_8_max,16.236857371603932,8
1655,deepseek_v4_flash_max,15.886355768063213,9
1656,gpt_5_6_sol_max,76.31704765511085,1
1656,gpt_5_5_xhigh,68.59500452697354,2
1656,claude_fable_5_max,54.153845775906255,3
1656,claude_opus_4_8_max,52.519272960445896,4
1656,gemini_3_1_pro_high,52.38490447285721,5
1656,deepseek_v4_flash_max,37.78939067331362,6
1656,qwen3_8_max,37.31836394788091,7
1656,kimi_k3_max,34.57771821597325,8
1656,deepseek_v4_pro_max,19.471450383379718,9
1657,claude_fable_5_max,83.08891474742191,1
1657,kimi_k3_max,74.74263931490347,2
1657,qwen3_8_max,57.797046222556325,3
1657,gemini_3_1_pro_high,53.164517582348466,4
1657,gpt_5_5_xhigh,42.920241546275356,5
1657,gpt_5_6_sol_max,42.24919173055864,6
1657,deepseek_v4_flash_max,27.99915090115548,7
1657,deepseek_v4_pro_max,18.591298880881865,8
1657,claude_opus_4_8_max,18.244854369974988,9
1658,claude_fable_5_max,70.54075762555672,1
1658,gemini_3_1_pro_high,60.29751449966642,2
1658,claude_opus_4_8_max,53.19599090486591,3
1658,gpt_5_5_xhigh,50.23309576463066,4
1658,qwen3_8_max,28.28096982717016,5
1658,gpt_5_6_sol_max,23.54968778495143,6
1658,kimi_k3_max,22.363103898977265,7
1658,deepseek_v4_pro_max,21.516701472798857,8
1658,deepseek_v4_flash_max,12.561403687015602,9
1659,gpt_5_6_sol_max,76.95061569835377,1
1659,gpt_5_5_xhigh,66.86230871886349,2
1659,kimi_k3_max,66.01970313481453,3
1659,claude_fable_5_max,58.05126375016727,4
1659,gemini_3_1_pro_high,42.07703307143621,5
1659,qwen3_8_max,37.97568901042544,6
1659,deepseek_v4_flash_max,36.62801940218951,7
1659,claude_opus_4_8_max,30.94850616178821,8
1659,deepseek_v4_pro_max,21.926087677601522,9
1660,gpt_5_5_xhigh,79.11432510638745,1
1660,claude_opus_4_8_max,49.99582742943331,2
1660,gpt_5_6_sol_max,47.86994707843216,3
1660,qwen3_8_max,47.35397525564198,4
1660,kimi_k3_max,40.326521515073736,5
1660,deepseek_v4_pro_max,40.091853514933355,6
1660,gemini_3_1_pro_high,36.580764632228835,7
1660,claude_fable_5_max,36.24002757870805,8
1660,deepseek_v4_flash_max,23.01752916113506,9
1661,gpt_5_6_sol_max,78.32193761539989,1
1661,claude_fable_5_max,68.6738772355683,2
1661,claude_opus_4_8_max,59.9690291270632,3
1661,gemini_3_1_pro_high,48.96170527754081,4
1661,qwen3_8_max,39.53662229922467,5
1661,kimi_k3_max,33.31448357793964,6
1661,deepseek_v4_flash_max,29.544316164883014,7
1661,deepseek_v4_pro_max,28.772426667895978,8
1661,gpt_5_5_xhigh,25.940462039645773,9
1662,claude_opus_4_8_max,71.48252162754204,1
1662,gemini_3_1_pro_high,61.638157703795954,2
1662,claude_fable_5_max,54.943979772247516,3
1662,qwen3_8_max,50.13793242699559,4
1662,kimi_k3_max,49.55827692822721,5
1662,gpt_5_5_xhigh,40.6970554573098,6
1662,gpt_5_6_sol_max,34.85490354944892,7
1662,deepseek_v4_pro_max,25.05215430061942,8
1662,deepseek_v4_flash_max,11.813432747321912,9
1663,gemini_3_1_pro_high,90.1269015060383,1
1663,claude_fable_5_max,77.36982913174207,2
1663,kimi_k3_max,74.76542374942437,3
1663,gpt_5_6_sol_max,71.89490994027099,4
1663,qwen3_8_max,61.72627371786008,5
1663,claude_opus_4_8_max,41.6833473641073,6
1663,gpt_5_5_xhigh,34.449985711559066,7
1663,deepseek_v4_pro_max,23.34786773694619,8
1663,deepseek_v4_flash_max,16.852271257260917,9
1664,gpt_5_6_sol_max,69.02906019227348,1
1664,claude_fable_5_max,58.05414711539122,2
1664,gpt_5_5_xhigh,49.15438188009226,3
1664,qwen3_8_max,45.30509882286135,4
1664,kimi_k3_max,44.31657040308559,5
1664,deepseek_v4_flash_max,39.34034681323916,6
1664,gemini_3_1_pro_high,34.38380465214614,7
1664,deepseek_v4_pro_max,31.49646508965673,8
1664,claude_opus_4_8_max,22.317490156701968,9
1665,gpt_5_6_sol_max,75.10808102590512,1
1665,claude_opus_4_8_max,64.95361955008532,2
1665,qwen3_8_max,48.64316326119092,3
1665,deepseek_v4_flash_max,38.828519631986275,4
1665,claude_fable_5_max,33.2476811783423,5
1665,gemini_3_1_pro_high,32.95793356481974,6
1665,gpt_5_5_xhigh,30.879095518270468,7
1665,kimi_k3_max,28.240391517183582,8
1665,deepseek_v4_pro_max,12.741152794739147,9
1666,qwen3_8_max,68.57535823770975,1
1666,claude_fable_5_max,60.93449201730882,2
1666,kimi_k3_max,57.5205258230864,3
1666,gpt_5_5_xhigh,54.743787252124804,4
1666,gpt_5_6_sol_max,50.244542304453724,5
1666,gemini_3_1_pro_high,49.813074780505374,6
1666,deepseek_v4_flash_max,36.743018272051884,7
1666,deepseek_v4_pro_max,21.453991503354658,8
1666,claude_opus_4_8_max,17.913825207119608,9
1667,claude_fable_5_max,63.05502682227541,1
1667,kimi_k3_max,51.821455189253264,2
1667,gpt_5_6_sol_max,49.86624249675031,3
1667,gemini_3_1_pro_high,49.14973927191944,4
1667,qwen3_8_max,47.522277700288015,5
1667,deepseek_v4_pro_max,36.8735284808598,6
1667,deepseek_v4_flash_max,34.12418636458788,7
1667,gpt_5_5_xhigh,30.11777571732626,8
1667,claude_opus_4_8_max,23.661285351316337,9
1668,claude_fable_5_max,87.4992622971688,1
1668,gpt_5_6_sol_max,49.59013567616263,2
1668,qwen3_8_max,45.868414462719805,3
1668,deepseek_v4_flash_max,39.68977027615615,4
1668,kimi_k3_max,33.32750234322443,5
1668,gemini_3_1_pro_high,33.19888288263784,6
1668,claude_opus_4_8_max,28.838256748959413,7
1668,gpt_5_5_xhigh,28.076780844923498,8
1668,deepseek_v4_pro_max,21.090904977202403,9
1669,qwen3_8_max,64.61689770365417,1
1669,gpt_5_5_xhigh,64.49722265305601,2
1669,gemini_3_1_pro_high,60.82522449592787,3
1669,claude_fable_5_max,60.615309639078305,4
1669,gpt_5_6_sol_max,36.888429474036236,5
1669,claude_opus_4_8_max,29.90645777565242,6
1669,deepseek_v4_pro_max,24.771285001740427,7
1669,kimi_k3_max,16.233396540469354,8
1669,deepseek_v4_flash_max,10.47331530772465,9
1670,deepseek_v4_pro_max,57.21508910429639,1
1670,gpt_5_6_sol_max,56.58605382339258,2
1670,gpt_5_5_xhigh,54.70169855366441,3
1670,claude_opus_4_8_max,46.2355343814523,4
1670,qwen3_8_max,43.965447719525386,5
1670,kimi_k3_max,36.087239625256885,6
1670,gemini_3_1_pro_high,35.83567153106503,7
1670,claude_fable_5_max,28.31440502248026,8
1670,deepseek_v4_flash_max,5.284249286466155,9
1671,gpt_5_6_sol_max,79.74719117397638,1
1671,gpt_5_5_xhigh,60.26458871397175,2
1671,claude_opus_4_8_max,58.08305786436942,3
1671,gemini_3_1_pro_high,42.04449326218177,4
1671,deepseek_v4_pro_max,39.539694344438374,5
1671,qwen3_8_max,37.73905857596374,6
1671,claude_fable_5_max,26.200520544002668,7
1671,kimi_k3_max,20.99150942710292,8
1671,deepseek_v4_flash_max,17.009031365729733,9
1672,gpt_5_6_sol_max,71.9396918449373,1
1672,claude_fable_5_max,69.35265198124657,2
1672,gpt_5_5_xhigh,62.562564298178145,3
1672,qwen3_8_max,46.80405088351141,4
1672,gemini_3_1_pro_high,32.608531305607926,5
1672,claude_opus_4_8_max,29.641363559677096,6
1672,deepseek_v4_flash_max,28.811214145835212,7
1672,kimi_k3_max,23.592429418505965,8
1672,deepseek_v4_pro_max,14.465683477989815,9
1673,kimi_k3_max,72.82866214272143,1
1673,gpt_5_6_sol_max,71.81181938083094,2
1673,claude_fable_5_max,67.9858351094083,3
1673,qwen3_8_max,51.03188120663986,4
1673,gemini_3_1_pro_high,40.95474336354985,5
1673,gpt_5_5_xhigh,34.04771169721716,6
1673,deepseek_v4_flash_max,29.053619397263002,7
1673,claude_opus_4_8_max,27.887100370925456,8
1673,deepseek_v4_pro_max,19.76799295101023,9
1674,deepseek_v4_pro_max,58.69225194663893,1
1674,claude_fable_5_max,58.00222160446507,2
1674,gpt_5_6_sol_max,52.721945456220055,3
1674,gemini_3_1_pro_high,32.4235323616134,4
1674,gpt_5_5_xhigh,30.852622040878618,5
1674,qwen3_8_max,30.812855188305715,6
1674,kimi_k3_max,28.047028321238535,7
1674,claude_opus_4_8_max,25.102020269084058,8
1674,deepseek_v4_flash_max,22.16599912907365,9
1675,gpt_5_6_sol_max,73.15885753065162,1
1675,gpt_5_5_xhigh,45.9835781552512,2
1675,claude_opus_4_8_max,45.945541778697745,3
1675,kimi_k3_max,43.03035882603622,4
1675,claude_fable_5_max,37.62992576917162,5
1675,deepseek_v4_pro_max,37.108923466063644,6
1675,gemini_3_1_pro_high,36.24112405962165,7
1675,qwen3_8_max,33.252060504069036,8
1675,deepseek_v4_flash_max,27.677121012123525,9
1676,kimi_k3_max,84.74315112942824,1
1676,gpt_5_6_sol_max,63.50033528902712,2
1676,gemini_3_1_pro_high,58.88626829709986,3
1676,qwen3_8_max,41.50198118214965,4
1676,deepseek_v4_flash_max,37.88991382689226,5
1676,claude_opus_4_8_max,37.72524427225166,6
1676,claude_fable_5_max,28.60253891121723,7
1676,deepseek_v4_pro_max,27.517175754639453,8
1676,gpt_5_5_xhigh,24.940760725341836,9
1677,claude_fable_5_max,61.160353927844,1
1677,kimi_k3_max,59.59122254311686,2
1677,qwen3_8_max,55.971517902101056,3
1677,gpt_5_6_sol_max,50.10110777533838,4
1677,claude_opus_4_8_max,46.70661372505524,5
1677,gpt_5_5_xhigh,40.21482901176756,6
1677,gemini_3_1_pro_high,34.635684037698866,7
1677,deepseek_v4_pro_max,32.55528355891167,8
1677,deepseek_v4_flash_max,23.9613671524681,9
1678,qwen3_8_max,72.97871974853055,1
1678,claude_fable_5_max,68.1526433880702,2
1678,kimi_k3_max,59.462328038482376,3
1678,gemini_3_1_pro_high,58.548654378655996,4
1678,gpt_5_6_sol_max,56.706742816453556,5
1678,claude_opus_4_8_max,37.44660903846244,6
1678,deepseek_v4_flash_max,37.31534972502697,7
1678,gpt_5_5_xhigh,34.03442230042603,8
1678,deepseek_v4_pro_max,21.20803347941142,9
1679,gpt_5_6_sol_max,74.76843199156833,1
1679,claude_fable_5_max,49.38054572457517,2
1679,kimi_k3_max,38.43810152157628,3
1679,qwen3_8_max,28.78414818125963,4
1679,claude_opus_4_8_max,27.80257634605791,5
1679,gemini_3_1_pro_high,23.6045111726918,6
1679,deepseek_v4_pro_max,23.188404346654615,7
1679,deepseek_v4_flash_max,20.261266258378676,8
1679,gpt_5_5_xhigh,19.660835385692685,9
1680,gemini_3_1_pro_high,78.09755020945812,1
1680,gpt_5_6_sol_max,77.93875860521214,2
1680,gpt_5_5_xhigh,65.14688523068094,3
1680,kimi_k3_max,62.48900456270577,4
1680,claude_opus_4_8_max,54.31033583382754,5
1680,qwen3_8_max,54.04029787142569,6
1680,claude_fable_5_max,36.01107211891098,7
1680,deepseek_v4_pro_max,27.551480898930663,8
1680,deepseek_v4_flash_max,19.49933121291926,9
1681,claude_opus_4_8_max,68.72945451635165,1
1681,claude_fable_5_max,57.71252927253475,2
1681,qwen3_8_max,52.10981913023228,3
1681,gpt_5_5_xhigh,40.98927338612097,4
1681,gpt_5_6_sol_max,37.995381346407804,5
1681,deepseek_v4_pro_max,37.346124496667954,6
1681,deepseek_v4_flash_max,28.575915373990682,7
1681,kimi_k3_max,25.636908058376886,8
1681,gemini_3_1_pro_high,24.646559164039537,9
1682,gpt_5_5_xhigh,79.14516916279383,1
1682,claude_fable_5_max,74.50038436718066,2
1682,gpt_5_6_sol_max,62.39237627895482,3
1682,kimi_k3_max,61.24495643993659,4
1682,gemini_3_1_pro_high,51.560343100802626,5
1682,qwen3_8_max,45.03012076249514,6
1682,claude_opus_4_8_max,31.520946279788888,7
1682,deepseek_v4_flash_max,28.26903890100011,8
1682,deepseek_v4_pro_max,22.158332184289932,9
1683,claude_fable_5_max,84.67246433794608,1
1683,gemini_3_1_pro_high,69.93541393304564,2
1683,gpt_5_6_sol_max,63.847241539754165,3
1683,qwen3_8_max,61.021573961925725,4
1683,claude_opus_4_8_max,51.577160853287594,5
1683,gpt_5_5_xhigh,38.158604185941584,6
1683,deepseek_v4_flash_max,29.48899140607696,7
1683,kimi_k3_max,29.32488278148156,8
1683,deepseek_v4_pro_max,18.61061229668301,9
1684,kimi_k3_max,73.6036684063611,1
1684,gpt_5_6_sol_max,69.93260762426166,2
1684,gpt_5_5_xhigh,49.42373663535869,3
1684,qwen3_8_max,46.100856046852414,4
1684,deepseek_v4_pro_max,43.19152995310574,5
1684,gemini_3_1_pro_high,39.079341223324384,6
1684,claude_fable_5_max,35.05212409798357,7
1684,claude_opus_4_8_max,19.890008398145827,8
1684,deepseek_v4_flash_max,10.276406699538331,9
1685,claude_opus_4_8_max,77.52170552893114,1
1685,gpt_5_6_sol_max,60.747497772381436,2
1685,claude_fable_5_max,51.60654977521452,3
1685,qwen3_8_max,46.06918145659087,4
1685,deepseek_v4_flash_max,44.76738780770501,5
1685,gpt_5_5_xhigh,39.41113207985413,6
1685,gemini_3_1_pro_high,33.13872501895922,7
1685,deepseek_v4_pro_max,30.35998416280143,8
1685,kimi_k3_max,10.320334728960418,9
1686,claude_fable_5_max,69.80540832597944,1
1686,qwen3_8_max,66.13772711084125,2
1686,kimi_k3_max,62.129643002056184,3
1686,gemini_3_1_pro_high,54.041238219013664,4
1686,claude_opus_4_8_max,47.76319695246572,5
1686,gpt_5_5_xhigh,36.511654637175766,6
1686,deepseek_v4_pro_max,34.814350067198134,7
1686,gpt_5_6_sol_max,33.79792600127139,8
1686,deepseek_v4_flash_max,25.64680175468918,9
1687,gpt_5_5_xhigh,77.36937134299437,1
1687,kimi_k3_max,70.11700821058699,2
1687,claude_fable_5_max,60.984802739630226,3
1687,gemini_3_1_pro_high,51.16479077564962,4
1687,qwen3_8_max,50.169078872566516,5
1687,claude_opus_4_8_max,46.79775946619929,6
1687,gpt_5_6_sol_max,31.15905441073879,7
1687,deepseek_v4_pro_max,26.30847680453314,8
1687,deepseek_v4_flash_max,21.181900691251354,9
1688,gpt_5_6_sol_max,70.2995127378367,1
1688,gpt_5_5_xhigh,67.24429265758712,2
1688,gemini_3_1_pro_high,61.98069674212793,3
1688,claude_opus_4_8_max,57.90577965163357,4
1688,claude_fable_5_max,53.623907854478645,5
1688,deepseek_v4_pro_max,47.20921427121143,6
1688,qwen3_8_max,42.02124712247225,7
1688,kimi_k3_max,30.310458778172546,8
1688,deepseek_v4_flash_max,15.7359030613329,9
1689,gemini_3_1_pro_high,71.67155548450336,1
1689,claude_opus_4_8_max,71.34859857511624,2
1689,qwen3_8_max,64.59197901336185,3
1689,gpt_5_6_sol_max,49.844023686902084,4
1689,claude_fable_5_max,47.63282334294038,5
1689,deepseek_v4_pro_max,34.08547853606787,6
1689,kimi_k3_max,31.807876469417504,7
1689,gpt_5_5_xhigh,31.030374902429635,8
1689,deepseek_v4_flash_max,16.486692614882926,9
1690,gpt_5_6_sol_max,68.24852918787104,1
1690,claude_fable_5_max,56.62476035081599,2
1690,deepseek_v4_pro_max,56.57581937049444,3
1690,gemini_3_1_pro_high,51.80885771241999,4
1690,gpt_5_5_xhigh,45.81010360520463,5
1690,qwen3_8_max,44.344757789699024,6
1690,kimi_k3_max,37.7998776055251,7
1690,claude_opus_4_8_max,28.97781535041216,8
1690,deepseek_v4_flash_max,18.381367288509924,9
1691,gemini_3_1_pro_high,75.64127807809568,1
1691,claude_fable_5_max,75.63939427028157,2
1691,claude_opus_4_8_max,74.82239087376068,3
1691,gpt_5_5_xhigh,56.89653238350388,4
1691,gpt_5_6_sol_max,53.07712190764467,5
1691,qwen3_8_max,52.15327993814475,6
1691,deepseek_v4_pro_max,44.054261804831576,7
1691,kimi_k3_max,32.80586841471406,8
1691,deepseek_v4_flash_max,13.004573809244679,9
1692,gpt_5_6_sol_max,67.14648427710199,1
1692,qwen3_8_max,58.17825935988801,2
1692,claude_fable_5_max,51.66507239584796,3
1692,kimi_k3_max,41.67516461400321,4
1692,claude_opus_4_8_max,37.40213065943478,5
1692,gemini_3_1_pro_high,36.79536401269997,6
1692,gpt_5_5_xhigh,28.884629576302032,7
1692,deepseek_v4_flash_max,27.21955105093577,8
1692,deepseek_v4_pro_max,13.151619998032972,9
1693,kimi_k3_max,74.45872673702604,1
1693,gemini_3_1_pro_high,64.98106519390105,2
1693,qwen3_8_max,54.479087916066604,3
1693,claude_opus_4_8_max,48.88806585421444,4
1693,deepseek_v4_pro_max,41.33948309627592,5
1693,claude_fable_5_max,41.02287511876804,6
1693,gpt_5_6_sol_max,35.634036200083465,7
1693,gpt_5_5_xhigh,24.058754164947967,8
1693,deepseek_v4_flash_max,19.598084336494328,9
1694,gpt_5_6_sol_max,75.61497907247652,1
1694,gemini_3_1_pro_high,65.9958900032027,2
1694,claude_fable_5_max,62.266930146880014,3
1694,gpt_5_5_xhigh,54.68604181766359,4
1694,claude_opus_4_8_max,50.89574130909333,5
1694,qwen3_8_max,32.91479026795911,6
1694,kimi_k3_max,32.46793915777864,7
1694,deepseek_v4_flash_max,20.369999464060843,8
1694,deepseek_v4_pro_max,11.23243444585759,9
1695,gemini_3_1_pro_high,78.39209097937135,1
1695,qwen3_8_max,69.8498078063985,2
1695,gpt_5_5_xhigh,68.66067829088234,3
1695,kimi_k3_max,54.915421462155805,4
1695,claude_fable_5_max,51.5432878729868,5
1695,gpt_5_6_sol_max,39.33769451297882,6
1695,deepseek_v4_pro_max,34.55574864901483,7
1695,claude_opus_4_8_max,34.28279952370106,8
1695,deepseek_v4_flash_max,16.48997206360106,9
1696,gpt_5_6_sol_max,69.65481445530597,1
1696,claude_fable_5_max,65.3383207594285,2
1696,gemini_3_1_pro_high,63.84427644072849,3
1696,kimi_k3_max,52.0964189805737,4
1696,gpt_5_5_xhigh,40.95400236065638,5
1696,claude_opus_4_8_max,30.603209701920694,6
1696,qwen3_8_max,29.41211634683284,7
1696,deepseek_v4_flash_max,27.516171968596698,8
1696,deepseek_v4_pro_max,10.214901725254641,9
1697,qwen3_8_max,74.08560881002832,1
1697,claude_opus_4_8_max,59.514151107827495,2
1697,claude_fable_5_max,58.959511970067574,3
1697,gpt_5_5_xhigh,55.473659497264364,4
1697,gpt_5_6_sol_max,55.21775634094501,5
1697,gemini_3_1_pro_high,54.430098161496616,6
1697,deepseek_v4_pro_max,44.18242262626164,7
1697,kimi_k3_max,11.281113119332126,8
1697,deepseek_v4_flash_max,8.368229268121391,9
1698,gemini_3_1_pro_high,80.57338706209777,1
1698,claude_fable_5_max,79.16675462460904,2
1698,kimi_k3_max,71.87695424195141,3
1698,gpt_5_6_sol_max,64.7532290726704,4
1698,claude_opus_4_8_max,60.90816990559689,5
1698,qwen3_8_max,55.84507038477234,6
1698,deepseek_v4_pro_max,30.32255504052791,7
1698,gpt_5_5_xhigh,28.366167663941614,8
1698,deepseek_v4_flash_max,12.29057600702366,9
1699,claude_fable_5_max,78.6124638241442,1
1699,kimi_k3_max,70.62898659153697,2
1699,gpt_5_6_sol_max,62.115886737371625,3
1699,gemini_3_1_pro_high,53.015157072650496,4
1699,gpt_5_5_xhigh,51.208716508098824,5
1699,qwen3_8_max,32.166514052890165,6
1699,deepseek_v4_flash_max,30.128426343170986,7
1699,claude_opus_4_8_max,29.555484849913196,8
1699,deepseek_v4_pro_max,9.943509467692893,9
1700,claude_fable_5_max,58.061516624840266,1
1700,gpt_5_6_sol_max,56.41834999203135,2
1700,gpt_5_5_xhigh,47.930106278794625,3
1700,kimi_k3_max,35.727352886860395,4
1700,qwen3_8_max,29.92377783472257,5
1700,gemini_3_1_pro_high,29.489475134133357,6
1700,deepseek_v4_pro_max,25.221816011334333,7
1700,deepseek_v4_flash_max,23.89344522934565,8
1700,claude_opus_4_8_max,20.289091720537165,9
1701,claude_opus_4_8_max,79.28444412373558,1
1701,qwen3_8_max,73.29388536843943,2
1701,gpt_5_5_xhigh,54.97725475047939,3
1701,claude_fable_5_max,34.85931840632499,4
1701,gemini_3_1_pro_high,34.192316943569345,5
1701,gpt_5_6_sol_max,31.8367155156893,6
1701,deepseek_v4_flash_max,22.896407538194424,7
1701,deepseek_v4_pro_max,22.056735055549108,8
1701,kimi_k3_max,18.40654491158925,9
1702,gpt_5_5_xhigh,68.84876730127894,1
1702,claude_fable_5_max,67.0929366509923,2
1702,claude_opus_4_8_max,60.49157242471252,3
1702,qwen3_8_max,44.16582184954132,4
1702,kimi_k3_max,42.6406449808891,5
1702,gemini_3_1_pro_high,41.80086265012885,6
1702,deepseek_v4_pro_max,39.310474744368804,7
1702,gpt_5_6_sol_max,25.774110095041618,8
1702,deepseek_v4_flash_max,21.738785233437643,9
1703,gpt_5_5_xhigh,77.72290810671056,1
1703,gemini_3_1_pro_high,64.24584647288594,2
1703,kimi_k3_max,63.03442080274989,3
1703,claude_opus_4_8_max,61.44653169280594,4
1703,gpt_5_6_sol_max,52.65330438740883,5
1703,claude_fable_5_max,47.05634273701746,6
1703,deepseek_v4_pro_max,37.465856409902834,7
1703,qwen3_8_max,30.66438930287954,8
1703,deepseek_v4_flash_max,18.420502946273174,9
1704,kimi_k3_max,78.38951549960004,1
1704,claude_opus_4_8_max,63.86286627723956,2
1704,claude_fable_5_max,43.33589254673475,3
1704,gpt_5_5_xhigh,38.1110043959211,4
1704,gemini_3_1_pro_high,35.98429038975045,5
1704,qwen3_8_max,31.323824896001245,6
1704,gpt_5_6_sol_max,29.62115774011819,7
1704,deepseek_v4_pro_max,27.240009846515754,8
1704,deepseek_v4_flash_max,18.60535926622069,9
1705,claude_fable_5_max,74.37392199456563,1
1705,gemini_3_1_pro_high,67.85635105483007,2
1705,claude_opus_4_8_max,56.49303698184432,3
1705,kimi_k3_max,54.96882584602084,4
1705,gpt_5_6_sol_max,53.58534061676284,5
1705,deepseek_v4_pro_max,53.12997534919457,6
1705,qwen3_8_max,51.96925808836759,7
1705,gpt_5_5_xhigh,37.11430078042104,8
1705,deepseek_v4_flash_max,10.145101584039251,9
1706,gemini_3_1_pro_high,64.57948917313684,1
1706,gpt_5_6_sol_max,62.38924640715797,2
1706,claude_fable_5_max,60.40635336092424,3
1706,qwen3_8_max,48.594082849631675,4
1706,kimi_k3_max,44.88192207236901,5
1706,deepseek_v4_pro_max,36.36382046007319,6
1706,claude_opus_4_8_max,35.96807488865095,7
1706,gpt_5_5_xhigh,19.00023704766859,8
1706,deepseek_v4_flash_max,17.73452430978915,9
1707,gpt_5_6_sol_max,83.51888318928418,1
1707,qwen3_8_max,61.29002965138529,2
1707,gemini_3_1_pro_high,60.08751337307048,3
1707,claude_fable_5_max,52.52358038449791,4
1707,gpt_5_5_xhigh,52.23616604281348,5
1707,claude_opus_4_8_max,32.93826301378035,6
1707,kimi_k3_max,28.86624587101442,7
1707,deepseek_v4_flash_max,23.115589268312533,8
1707,deepseek_v4_pro_max,16.474478487126365,9
1708,gpt_5_6_sol_max,81.38268293102217,1
1708,gpt_5_5_xhigh,67.00971606515134,2
1708,qwen3_8_max,52.322424518453445,3
1708,claude_fable_5_max,45.667522016429345,4
1708,deepseek_v4_pro_max,39.35983621168265,5
1708,gemini_3_1_pro_high,38.02088556799467,6
1708,kimi_k3_max,35.96978655071888,7
1708,claude_opus_4_8_max,27.853121013222907,8
1708,deepseek_v4_flash_max,26.919922655295277,9
1709,kimi_k3_max,76.75825165975402,1
1709,gemini_3_1_pro_high,72.58341652372107,2
1709,qwen3_8_max,71.47142369161705,3
1709,gpt_5_5_xhigh,59.55604887794043,4
1709,claude_fable_5_max,56.365457681051495,5
1709,deepseek_v4_pro_max,48.0763408760428,6
1709,gpt_5_6_sol_max,30.943050560304936,7
1709,claude_opus_4_8_max,23.489860905666422,8
1709,deepseek_v4_flash_max,11.435812021136135,9
1710,gpt_5_5_xhigh,56.152708857700695,1
1710,gemini_3_1_pro_high,44.044223288763256,2
1710,claude_opus_4_8_max,40.74395504878541,3
1710,claude_fable_5_max,37.04117561623087,4
1710,kimi_k3_max,28.377421086548573,5
1710,deepseek_v4_flash_max,24.952066985489925,6
1710,deepseek_v4_pro_max,20.439210897274254,7
1710,gpt_5_6_sol_max,16.16244215591225,8
1710,qwen3_8_max,14.602371639023826,9
1711,gpt_5_6_sol_max,68.38664768340024,1
1711,kimi_k3_max,56.36233263566904,2
1711,qwen3_8_max,48.689426410953814,3
1711,claude_opus_4_8_max,45.061647899082615,4
1711,deepseek_v4_pro_max,38.893941192162174,5
1711,gemini_3_1_pro_high,35.20893862398719,6
1711,deepseek_v4_flash_max,29.497208600872163,7
1711,claude_fable_5_max,25.670591261951515,8
1711,gpt_5_5_xhigh,22.232388823681156,9
1712,kimi_k3_max,71.0640581332213,1
1712,gemini_3_1_pro_high,64.50597650247059,2
1712,gpt_5_5_xhigh,58.607452178469515,3
1712,gpt_5_6_sol_max,57.619422637413095,4
1712,claude_opus_4_8_max,35.10013841336412,5
1712,claude_fable_5_max,34.69154947009801,6
1712,qwen3_8_max,31.157969242499714,7
1712,deepseek_v4_flash_max,31.102267118114057,8
1712,deepseek_v4_pro_max,22.295886458587525,9
1713,claude_fable_5_max,66.10074481952685,1
1713,kimi_k3_max,56.26896291975649,2
1713,claude_opus_4_8_max,56.14433022313736,3
1713,gpt_5_6_sol_max,55.781089564613154,4
1713,gemini_3_1_pro_high,43.049677754877635,5
1713,qwen3_8_max,39.627002073463984,6
1713,deepseek_v4_flash_max,30.879655911946287,7
1713,gpt_5_5_xhigh,30.34278851063694,8
1713,deepseek_v4_pro_max,26.88505006614541,9
1714,kimi_k3_max,63.90217438873698,1
1714,claude_fable_5_max,53.66850307987825,2
1714,gemini_3_1_pro_high,48.23541390755949,3
1714,qwen3_8_max,46.69290896259285,4
1714,claude_opus_4_8_max,43.650664149478416,5
1714,gpt_5_6_sol_max,26.679899164730088,6
1714,gpt_5_5_xhigh,21.66822658016875,7
1714,deepseek_v4_flash_max,19.771827630194736,8
1714,deepseek_v4_pro_max,12.934090690350473,9
1715,qwen3_8_max,69.94753073155331,1
1715,gpt_5_6_sol_max,68.39043648632325,2
1715,claude_opus_4_8_max,59.094115010223234,3
1715,claude_fable_5_max,54.96005773840834,4
1715,deepseek_v4_pro_max,54.91652589732403,5
1715,gemini_3_1_pro_high,45.85018792969167,6
1715,gpt_5_5_xhigh,35.686216406748045,7
1715,kimi_k3_max,29.582217537450937,8
1715,deepseek_v4_flash_max,4.706702147859913,9
1716,gpt_5_6_sol_max,82.6611163871907,1
1716,claude_fable_5_max,58.06819213635163,2
1716,deepseek_v4_pro_max,49.67631554310223,3
1716,gemini_3_1_pro_high,45.677258775398265,4
1716,qwen3_8_max,44.38347102613112,5
1716,kimi_k3_max,40.53262197713232,6
1716,gpt_5_5_xhigh,37.688183548222796,7
1716,claude_opus_4_8_max,25.39444998670756,8
1716,deepseek_v4_flash_max,15.812319810514545,9
1717,gpt_5_6_sol_max,75.34191407249767,1
1717,kimi_k3_max,65.33313239628407,2
1717,gemini_3_1_pro_high,56.52076339958859,3
1717,qwen3_8_max,54.374431985892556,4
1717,claude_opus_4_8_max,49.193359495359125,5
1717,deepseek_v4_flash_max,49.12035500291122,6
1717,claude_fable_5_max,39.565339615434226,7
1717,gpt_5_5_xhigh,27.981801866002314,8
1717,deepseek_v4_pro_max,22.57266439665468,9
1718,claude_opus_4_8_max,78.41897239821698,1
1718,gpt_5_6_sol_max,62.51334601263386,2
1718,gemini_3_1_pro_high,59.97105216288788,3
1718,claude_fable_5_max,54.77088264249052,4
1718,qwen3_8_max,46.537746079519806,5
1718,deepseek_v4_pro_max,41.188841198705035,6
1718,kimi_k3_max,29.06144207443902,7
1718,deepseek_v4_flash_max,20.93461112928805,8
1718,gpt_5_5_xhigh,14.68782707871236,9
1719,gpt_5_5_xhigh,68.97503292718382,1
1719,kimi_k3_max,54.559929545770125,2
1719,gpt_5_6_sol_max,50.57168109909498,3
1719,qwen3_8_max,43.44413379673895,4
1719,gemini_3_1_pro_high,43.180421085470755,5
1719,claude_fable_5_max,42.35340564329354,6
1719,claude_opus_4_8_max,33.33973947803749,7
1719,deepseek_v4_pro_max,33.07898503751099,8
1719,deepseek_v4_flash_max,26.893349047361536,9
1720,qwen3_8_max,64.26238811809303,1
1720,gpt_5_6_sol_max,54.45029874332701,2
1720,kimi_k3_max,54.42805051256199,3
1720,claude_fable_5_max,52.305315421231626,4
1720,deepseek_v4_flash_max,45.28502071687369,5
1720,gpt_5_5_xhigh,41.85335133343706,6
1720,claude_opus_4_8_max,41.47078195346995,7
1720,deepseek_v4_pro_max,33.69920338464772,8
1720,gemini_3_1_pro_high,17.618939246372356,9
1721,claude_fable_5_max,83.24180728465655,1
1721,gemini_3_1_pro_high,48.79675471256456,2
1721,kimi_k3_max,45.79865795381976,3
1721,deepseek_v4_pro_max,45.727577603036906,4
1721,qwen3_8_max,38.8522940362615,5
1721,deepseek_v4_flash_max,37.917854914190826,6
1721,gpt_5_5_xhigh,35.3200672445339,7
1721,claude_opus_4_8_max,31.96856431660361,8
1721,gpt_5_6_sol_max,12.971647554494032,9
1722,gemini_3_1_pro_high,91.23680994297015,1
1722,kimi_k3_max,74.06524662467943,2
1722,gpt_5_5_xhigh,67.99332631677015,3
1722,qwen3_8_max,67.65577928242419,4
1722,claude_fable_5_max,62.114642610423275,5
1722,gpt_5_6_sol_max,58.86034614372011,6
1722,claude_opus_4_8_max,37.92038297376869,7
1722,deepseek_v4_pro_max,23.409261736051853,8
1722,deepseek_v4_flash_max,18.673693904442644,9
1723,gemini_3_1_pro_high,65.90474853057748,1
1723,claude_opus_4_8_max,64.18454535246318,2
1723,claude_fable_5_max,53.24019360719568,3
1723,gpt_5_6_sol_max,48.998115337200176,4
1723,qwen3_8_max,48.267354867736266,5
1723,kimi_k3_max,42.52664400784274,6
1723,deepseek_v4_flash_max,42.47830322471351,7
1723,deepseek_v4_pro_max,32.99232518577663,8
1723,gpt_5_5_xhigh,18.92346517053099,9
1724,gpt_5_6_sol_max,77.54896393769855,1
1724,kimi_k3_max,58.072692897514685,2
1724,gpt_5_5_xhigh,57.10278057278873,3
1724,gemini_3_1_pro_high,42.32559926308714,4
1724,claude_fable_5_max,40.379583074714304,5
1724,claude_opus_4_8_max,23.89162040370316,6
1724,deepseek_v4_flash_max,21.80004985204657,7
1724,deepseek_v4_pro_max,17.736591653106544,8
1724,qwen3_8_max,13.86777983621923,9
1725,claude_fable_5_max,71.99262647662133,1
1725,kimi_k3_max,67.98989659262023,2
1725,gemini_3_1_pro_high,61.107996679747416,3
1725,gpt_5_6_sol_max,60.36075663986901,4
1725,qwen3_8_max,58.07298574064934,5
1725,claude_opus_4_8_max,37.40833652559849,6
1725,gpt_5_5_xhigh,33.04464825891193,7
1725,deepseek_v4_flash_max,21.40979087741355,8
1725,deepseek_v4_pro_max,21.13691444325116,9
1726,claude_opus_4_8_max,80.96029906305478,1
1726,qwen3_8_max,71.29022029582,2
1726,gpt_5_6_sol_max,59.32967690132457,3
1726,gemini_3_1_pro_high,52.41543994894772,4
1726,claude_fable_5_max,44.03874500619643,5
1726,deepseek_v4_pro_max,34.52040267610411,6
1726,gpt_5_5_xhigh,23.519941336652263,7
1726,kimi_k3_max,23.15468366838364,8
1726,deepseek_v4_flash_max,23.040242555817315,9
1727,kimi_k3_max,66.8310188592515,1
1727,claude_opus_4_8_max,56.74988610138203,2
1727,gpt_5_5_xhigh,55.47795749321972,3
1727,qwen3_8_max,50.05071764200619,4
1727,gemini_3_1_pro_high,49.54894073987915,5
1727,claude_fable_5_max,44.487439536470234,6
1727,deepseek_v4_pro_max,38.73338363949969,7
1727,gpt_5_6_sol_max,31.74915129372583,8
1727,deepseek_v4_flash_max,14.029783325675124,9
1728,claude_fable_5_max,68.90476717758789,1
1728,gpt_5_6_sol_max,62.65703908916183,2
1728,gemini_3_1_pro_high,62.4183942811696,3
1728,gpt_5_5_xhigh,54.83034837418974,4
1728,deepseek_v4_pro_max,37.1988663065893,5
1728,claude_opus_4_8_max,36.878759905889005,6
1728,qwen3_8_max,34.74899931728502,7
1728,kimi_k3_max,34.301481046844025,8
1728,deepseek_v4_flash_max,20.362691148814125,9
1729,claude_opus_4_8_max,76.04881647669171,1
1729,qwen3_8_max,71.5362536559559,2
1729,gemini_3_1_pro_high,70.70981917571555,3
1729,gpt_5_6_sol_max,51.67772101630729,4
1729,claude_fable_5_max,41.915505356276164,5
1729,gpt_5_5_xhigh,34.987524042348106,6
1729,kimi_k3_max,27.622686328219686,7
1729,deepseek_v4_flash_max,19.20341333809698,8
1729,deepseek_v4_pro_max,16.641450280064646,9
1730,qwen3_8_max,58.72623411130567,1
1730,claude_fable_5_max,46.696618303443344,2
1730,gpt_5_6_sol_max,37.277101825317345,3
1730,kimi_k3_max,35.79480046642417,4
1730,claude_opus_4_8_max,33.729182947306654,5
1730,gemini_3_1_pro_high,28.85807642159655,6
1730,deepseek_v4_flash_max,18.716863305902887,7
1730,deepseek_v4_pro_max,18.31916479040421,8
1730,gpt_5_5_xhigh,18.27230675705803,9
1731,claude_fable_5_max,65.65984873806677,1
1731,gpt_5_6_sol_max,56.44497792769257,2
1731,qwen3_8_max,54.81211991467505,3
1731,claude_opus_4_8_max,42.95304249172398,4
1731,gemini_3_1_pro_high,31.647915644887032,5
1731,gpt_5_5_xhigh,31.14947672024161,6
1731,deepseek_v4_flash_max,29.864739143492553,7
1731,kimi_k3_max,25.540251364033793,8
1731,deepseek_v4_pro_max,16.991961628325264,9
1732,gpt_5_5_xhigh,77.97018947413477,1
1732,claude_opus_4_8_max,50.362352629033836,2
1732,gpt_5_6_sol_max,48.77446972605988,3
1732,gemini_3_1_pro_high,43.168906053220965,4
1732,claude_fable_5_max,40.504886641756706,5
1732,qwen3_8_max,37.5719342026399,6
1732,deepseek_v4_pro_max,31.466100389370204,7
1732,deepseek_v4_flash_max,29.04965595323518,8
1732,kimi_k3_max,27.816368395943215,9
1733,gemini_3_1_pro_high,69.87022022258853,1
1733,claude_opus_4_8_max,52.34440211106867,2
1733,gpt_5_6_sol_max,51.57923265712103,3
1733,deepseek_v4_pro_max,48.61625799453223,4
1733,qwen3_8_max,48.518191550105655,5
1733,kimi_k3_max,46.86176976295826,6
1733,claude_fable_5_max,42.4403993329714,7
1733,gpt_5_5_xhigh,33.53100502078901,8
1733,deepseek_v4_flash_max,28.24626630940564,9
1734,gpt_5_6_sol_max,73.09687118855501,1
1734,kimi_k3_max,71.69371827578449,2
1734,gpt_5_5_xhigh,59.24832844521171,3
1734,claude_fable_5_max,53.93703181615903,4
1734,gemini_3_1_pro_high,46.7716178041841,5
1734,qwen3_8_max,37.28237485359967,6
1734,claude_opus_4_8_max,34.92668342564668,7
1734,deepseek_v4_pro_max,25.128166348179192,8
1734,deepseek_v4_flash_max,21.239599498590977,9
1735,gpt_5_6_sol_max,78.18266834769499,1
1735,claude_fable_5_max,67.81235017932661,2
1735,gpt_5_5_xhigh,46.34278524523308,3
1735,claude_opus_4_8_max,43.12131432445632,4
1735,qwen3_8_max,41.69113307099319,5
1735,deepseek_v4_flash_max,36.841086665634144,6
1735,deepseek_v4_pro_max,27.33879477208452,7
1735,kimi_k3_max,23.048224971358817,8
1735,gemini_3_1_pro_high,19.864396314358153,9
1736,claude_opus_4_8_max,73.80290393056818,1
1736,kimi_k3_max,60.60840922355019,2
1736,qwen3_8_max,51.90812831954248,3
1736,gpt_5_6_sol_max,51.49205102026635,4
1736,gpt_5_5_xhigh,37.03646565432042,5
1736,claude_fable_5_max,36.77289980102897,6
1736,gemini_3_1_pro_high,34.21459534544269,7
1736,deepseek_v4_flash_max,24.13560191900906,8
1736,deepseek_v4_pro_max,15.921903563193432,9
1737,gpt_5_5_xhigh,70.00539381646877,1
1737,qwen3_8_max,64.45507334235842,2
1737,gemini_3_1_pro_high,59.94174321215894,3
1737,gpt_5_6_sol_max,52.567990843871016,4
1737,kimi_k3_max,50.72305029016955,5
1737,claude_fable_5_max,47.2027276411944,6
1737,claude_opus_4_8_max,30.125909497106065,7
1737,deepseek_v4_pro_max,25.287293032407252,8
1737,deepseek_v4_flash_max,22.282758523567725,9
1738,claude_fable_5_max,59.621360790991766,1
1738,kimi_k3_max,55.85148758845396,2
1738,gemini_3_1_pro_high,53.90742259754848,3
1738,gpt_5_6_sol_max,46.67974607293373,4
1738,deepseek_v4_flash_max,38.00279840354708,5
1738,qwen3_8_max,36.75005975551096,6
1738,gpt_5_5_xhigh,33.46940663086181,7
1738,claude_opus_4_8_max,15.700738997699542,8
1738,deepseek_v4_pro_max,8.971270527343695,9
1739,gemini_3_1_pro_high,71.97862150443464,1
1739,claude_opus_4_8_max,70.90523068208145,2
1739,claude_fable_5_max,64.1127103559461,3
1739,gpt_5_6_sol_max,61.95904720030664,4
1739,kimi_k3_max,56.1158128953266,5
1739,qwen3_8_max,50.92997917631241,6
1739,gpt_5_5_xhigh,43.10393326017454,7
1739,deepseek_v4_pro_max,37.476635740010735,8
1739,deepseek_v4_flash_max,28.44612375830279,9
1740,claude_opus_4_8_max,79.40957443908752,1
1740,gpt_5_5_xhigh,64.0335027688899,2
1740,claude_fable_5_max,60.87062904505028,3
1740,gpt_5_6_sol_max,46.6660383368221,4
1740,gemini_3_1_pro_high,43.29862588909437,5
1740,qwen3_8_max,41.41953943961941,6
1740,deepseek_v4_flash_max,39.49455565584938,7
1740,kimi_k3_max,36.37895442454296,8
1740,deepseek_v4_pro_max,23.91397985528365,9
1741,qwen3_8_max,68.30323985882725,1
1741,gpt_5_6_sol_max,65.28370931708379,2
1741,gemini_3_1_pro_high,59.348098710968486,3
1741,claude_fable_5_max,58.368278216912714,4
1741,deepseek_v4_pro_max,56.34436792412551,5
1741,gpt_5_5_xhigh,52.22439025956664,6
1741,kimi_k3_max,46.9329350014152,7
1741,claude_opus_4_8_max,27.787292803059916,8
1741,deepseek_v4_flash_max,23.777364594151138,9
1742,claude_opus_4_8_max,79.83136797589353,1
1742,gpt_5_5_xhigh,58.47132826292051,2
1742,gemini_3_1_pro_high,42.53891246239398,3
1742,gpt_5_6_sol_max,40.68248397774482,4
1742,kimi_k3_max,39.40053394848116,5
1742,deepseek_v4_flash_max,34.21197635463838,6
1742,qwen3_8_max,26.329421115631085,7
1742,claude_fable_5_max,24.60516035601432,8
1742,deepseek_v4_pro_max,21.15974773558799,9
1743,gpt_5_5_xhigh,81.69201516881967,1
1743,claude_fable_5_max,59.62431389878767,2
1743,kimi_k3_max,57.34078303942292,3
1743,qwen3_8_max,41.67965318899269,4
1743,gemini_3_1_pro_high,40.93526578424104,5
1743,claude_opus_4_8_max,39.119793976698816,6
1743,deepseek_v4_pro_max,38.21383090928608,7
1743,gpt_5_6_sol_max,21.59699549135654,8
1743,deepseek_v4_flash_max,19.927033473508047,9
1744,kimi_k3_max,77.89980787498527,1
1744,claude_fable_5_max,50.811115029591335,2
1744,claude_opus_4_8_max,40.27649612706621,3
1744,gpt_5_6_sol_max,36.69003346460625,4
1744,gemini_3_1_pro_high,33.49620982779544,5
1744,deepseek_v4_flash_max,31.481831242269436,6
1744,qwen3_8_max,28.53494628618342,7
1744,deepseek_v4_pro_max,26.1267629739988,8
1744,gpt_5_5_xhigh,22.403148868181376,9
1745,gpt_5_6_sol_max,76.65428294140754,1
1745,kimi_k3_max,65.30359172783146,2
1745,qwen3_8_max,60.97232078441584,3
1745,gemini_3_1_pro_high,45.40619056100509,4
1745,claude_fable_5_max,38.387443674019536,5
1745,deepseek_v4_pro_max,32.50393816302613,6
1745,claude_opus_4_8_max,28.010283337970552,7
1745,gpt_5_5_xhigh,18.590932947837146,8
1745,deepseek_v4_flash_max,9.187511732798004,9
1746,claude_opus_4_8_max,81.66798616866222,1
1746,kimi_k3_max,76.85847992438875,2
1746,gpt_5_6_sol_max,76.51940595007568,3
1746,gemini_3_1_pro_high,74.66901639476957,4
1746,claude_fable_5_max,59.61861895031471,5
1746,qwen3_8_max,54.085970443658034,6
1746,gpt_5_5_xhigh,33.495024856365575,7
1746,deepseek_v4_flash_max,21.40717701018484,8
1746,deepseek_v4_pro_max,21.20245031238494,9
1747,claude_fable_5_max,76.02719909455048,1
1747,claude_opus_4_8_max,43.33151006988672,2
1747,gpt_5_6_sol_max,36.31634049605606,3
1747,gemini_3_1_pro_high,31.76786784456061,4
1747,kimi_k3_max,28.912991907885306,5
1747,qwen3_8_max,27.043724134823307,6
1747,deepseek_v4_pro_max,18.732109921616868,7
1747,deepseek_v4_flash_max,17.15899691758661,8
1747,gpt_5_5_xhigh,12.540311620036977,9
1748,claude_fable_5_max,71.76400117289121,1
1748,kimi_k3_max,52.50052864845877,2
1748,gemini_3_1_pro_high,52.26666768997011,3
1748,gpt_5_6_sol_max,49.51247111955503,4
1748,deepseek_v4_flash_max,42.85010429748333,5
1748,qwen3_8_max,37.40662858019026,6
1748,gpt_5_5_xhigh,30.156575162840248,7
1748,deepseek_v4_pro_max,21.504619701095645,8
1748,claude_opus_4_8_max,19.911590715996674,9
1749,gpt_5_6_sol_max,66.54747871583909,1
1749,qwen3_8_max,60.83750424530936,2
1749,kimi_k3_max,59.83598345287266,3
1749,claude_fable_5_max,53.07653748190717,4
1749,claude_opus_4_8_max,46.525550723427926,5
1749,gemini_3_1_pro_high,44.144638716502826,6
1749,deepseek_v4_flash_max,38.17217724106538,7
1749,gpt_5_5_xhigh,34.33870790876493,8
1749,deepseek_v4_pro_max,28.983910107908144,9
1750,qwen3_8_max,79.45525064685201,1
1750,claude_fable_5_max,77.11705050026819,2
1750,gpt_5_6_sol_max,58.62771645247106,3
1750,gemini_3_1_pro_high,56.110289529014935,4
1750,gpt_5_5_xhigh,49.83597306357707,5
1750,kimi_k3_max,49.57013969199821,6
1750,deepseek_v4_flash_max,48.961586837958805,7
1750,claude_opus_4_8_max,24.224345194439795,8
1750,deepseek_v4_pro_max,2.5557769322068276,9
1751,claude_opus_4_8_max,69.46888448704009,1
1751,qwen3_8_max,65.90660529362349,2
1751,gpt_5_6_sol_max,59.96259488826983,3
1751,kimi_k3_max,51.603224874243075,4
1751,deepseek_v4_pro_max,49.36546364815052,5
1751,gpt_5_5_xhigh,47.19785148790278,6
1751,gemini_3_1_pro_high,43.95814562098078,7
1751,claude_fable_5_max,43.202288138652015,8
1751,deepseek_v4_flash_max,22.652871456165936,9
1752,gpt_5_6_sol_max,70.13166699516567,1
1752,gpt_5_5_xhigh,57.631274419473016,2
1752,kimi_k3_max,53.04496849594001,3
1752,deepseek_v4_flash_max,41.659151457370946,4
1752,qwen3_8_max,35.08189279167647,5
1752,claude_opus_4_8_max,32.36470398508943,6
1752,claude_fable_5_max,26.72336570452064,7
1752,gemini_3_1_pro_high,25.586439296863166,8
1752,deepseek_v4_pro_max,20.79712368483917,9
1753,gpt_5_5_xhigh,83.93922030738102,1
1753,claude_opus_4_8_max,77.28543611481686,2
1753,gemini_3_1_pro_high,45.73238340420506,3
1753,claude_fable_5_max,45.34654615759216,4
1753,qwen3_8_max,40.56471555314849,5
1753,deepseek_v4_pro_max,31.32415160379944,6
1753,gpt_5_6_sol_max,30.41838714798966,7
1753,kimi_k3_max,26.76210214293402,8
1753,deepseek_v4_flash_max,7.11580734700221,9
1754,claude_opus_4_8_max,74.99401381603901,1
1754,kimi_k3_max,73.63054496941945,2
1754,gemini_3_1_pro_high,69.25154020546097,3
1754,claude_fable_5_max,67.75615275276328,4
1754,gpt_5_5_xhigh,58.255239095675485,5
1754,qwen3_8_max,54.43970729070429,6
1754,gpt_5_6_sol_max,32.5791057849129,7
1754,deepseek_v4_flash_max,27.03061050235396,8
1754,deepseek_v4_pro_max,11.725645610146453,9
1755,claude_fable_5_max,73.09502328179335,1
1755,claude_opus_4_8_max,64.31067489668867,2
1755,qwen3_8_max,50.21229168277234,3
1755,gemini_3_1_pro_high,46.052394158079956,4
1755,gpt_5_6_sol_max,36.31331001483914,5
1755,kimi_k3_max,29.416053476958837,6
1755,deepseek_v4_pro_max,24.265024710573428,7
1755,deepseek_v4_flash_max,19.876569872026714,8
1755,gpt_5_5_xhigh,18.888562158373244,9
1756,gpt_5_6_sol_max,84.83055157560571,1
1756,gemini_3_1_pro_high,78.74994456691866,2
1756,kimi_k3_max,78.13112696293175,3
1756,qwen3_8_max,45.10411442814327,4
1756,deepseek_v4_pro_max,33.772039485114526,5
1756,claude_fable_5_max,33.501602487613795,6
1756,gpt_5_5_xhigh,18.023299985642755,7
1756,claude_opus_4_8_max,15.620575934656136,8
1756,deepseek_v4_flash_max,11.781073696937518,9
1757,claude_opus_4_8_max,67.17137164069678,1
1757,qwen3_8_max,59.539954443268094,2
1757,gpt_5_6_sol_max,59.0877034896417,3
1757,gemini_3_1_pro_high,49.100367553228,4
1757,deepseek_v4_pro_max,48.39648012823565,5
1757,claude_fable_5_max,43.42639730804281,6
1757,kimi_k3_max,41.226409725153275,7
1757,gpt_5_5_xhigh,34.8727530726031,8
1757,deepseek_v4_flash_max,29.405967718805968,9
1758,claude_fable_5_max,77.37184996626377,1
1758,qwen3_8_max,65.77688094023192,2
1758,gemini_3_1_pro_high,61.32072668891723,3
1758,gpt_5_6_sol_max,57.15711413681657,4
1758,gpt_5_5_xhigh,35.758170524574155,5
1758,kimi_k3_max,34.80905925837876,6
1758,deepseek_v4_flash_max,27.575535191611888,7
1758,claude_opus_4_8_max,26.21549677848218,8
1758,deepseek_v4_pro_max,18.11966368961673,9
1759,gemini_3_1_pro_high,78.43461638707416,1
1759,gpt_5_6_sol_max,69.55759559514887,2
1759,claude_fable_5_max,64.91479905866257,3
1759,kimi_k3_max,64.31672708862058,4
1759,qwen3_8_max,60.99323433053057,5
1759,claude_opus_4_8_max,53.05686791324863,6
1759,gpt_5_5_xhigh,36.00550532174237,7
1759,deepseek_v4_flash_max,26.774857616300494,8
1759,deepseek_v4_pro_max,18.66978769378252,9
1760,claude_opus_4_8_max,71.12752988899898,1
1760,gemini_3_1_pro_high,64.7533935605124,2
1760,kimi_k3_max,62.0605081099857,3
1760,qwen3_8_max,53.605665709360636,4
1760,claude_fable_5_max,52.99575808373608,5
1760,gpt_5_5_xhigh,48.455939263322854,6
1760,deepseek_v4_pro_max,29.702342504916967,7
1760,gpt_5_6_sol_max,29.41132008253755,8
1760,deepseek_v4_flash_max,15.402449994510949,9
1761,claude_fable_5_max,81.4878774848621,1
1761,qwen3_8_max,80.4039054966243,2
1761,claude_opus_4_8_max,63.17345642978148,3
1761,kimi_k3_max,55.675904811377606,4
1761,gpt_5_5_xhigh,53.263998218453054,5
1761,deepseek_v4_pro_max,31.71926004236174,6
1761,gpt_5_6_sol_max,30.776477548333823,7
1761,gemini_3_1_pro_high,19.00199620428756,8
1761,deepseek_v4_flash_max,17.910375624187395,9
1762,gpt_5_5_xhigh,68.50814287261443,1
1762,claude_opus_4_8_max,57.97235686389781,2
1762,kimi_k3_max,45.583653380223915,3
1762,deepseek_v4_pro_max,43.02359275053584,4
1762,gpt_5_6_sol_max,34.55686583488094,5
1762,qwen3_8_max,32.85274676787895,6
1762,gemini_3_1_pro_high,26.77663942601436,7
1762,claude_fable_5_max,18.521621538232566,8
1762,deepseek_v4_flash_max,15.700664192174866,9
1763,gemini_3_1_pro_high,72.30038012107688,1
1763,claude_opus_4_8_max,57.56623171351154,2
1763,kimi_k3_max,52.94974976095499,3
1763,qwen3_8_max,51.480659253987575,4
1763,gpt_5_6_sol_max,49.49081855225767,5
1763,claude_fable_5_max,42.77930123095623,6
1763,gpt_5_5_xhigh,39.81704671299367,7
1763,deepseek_v4_flash_max,21.013570412991612,8
1763,deepseek_v4_pro_max,13.099050183503673,9
1764,claude_fable_5_max,75.56849915919337,1
1764,claude_opus_4_8_max,69.11875691003743,2
1764,gemini_3_1_pro_high,58.25354506590372,3
1764,qwen3_8_max,56.961381454536124,4
1764,kimi_k3_max,48.9241057491978,5
1764,deepseek_v4_pro_max,44.627933374069826,6
1764,gpt_5_6_sol_max,39.86216123967006,7
1764,gpt_5_5_xhigh,27.30391202757755,8
1764,deepseek_v4_flash_max,19.059455620835205,9
1765,gpt_5_5_xhigh,60.36744851869211,1
1765,gemini_3_1_pro_high,47.66698053355645,2
1765,claude_fable_5_max,47.42532669038373,3
1765,claude_opus_4_8_max,47.413939286798566,4
1765,qwen3_8_max,45.203609258102006,5
1765,gpt_5_6_sol_max,43.30545239407086,6
1765,deepseek_v4_pro_max,39.0751982935301,7
1765,kimi_k3_max,23.606166533355342,8
1765,deepseek_v4_flash_max,12.36903025549305,9
1766,kimi_k3_max,68.8255336429459,1
1766,gpt_5_6_sol_max,64.15860827872265,2
1766,claude_opus_4_8_max,63.87494294579585,3
1766,qwen3_8_max,61.12785985808239,4
1766,gemini_3_1_pro_high,60.59499162573058,5
1766,claude_fable_5_max,55.77431369914446,6
1766,deepseek_v4_pro_max,55.09826435043703,7
1766,gpt_5_5_xhigh,30.267154209327003,8
1766,deepseek_v4_flash_max,27.289438313481725,9
1767,gpt_5_5_xhigh,67.31032883013877,1
1767,gpt_5_6_sol_max,60.51256500860297,2
1767,gemini_3_1_pro_high,52.10674777989966,3
1767,qwen3_8_max,38.43210152385311,4
1767,kimi_k3_max,37.0632561880381,5
1767,deepseek_v4_pro_max,27.77655627956774,6
1767,deepseek_v4_flash_max,27.255269284609764,7
1767,claude_opus_4_8_max,23.31890969482901,8
1767,claude_fable_5_max,15.70168452694309,9
1768,gpt_5_6_sol_max,85.43859366194773,1
1768,kimi_k3_max,60.56131796454629,2
1768,claude_fable_5_max,51.77687857326964,3
1768,gemini_3_1_pro_high,51.08485197040324,4
1768,qwen3_8_max,37.74423125886965,5
1768,deepseek_v4_pro_max,35.029374655724695,6
1768,claude_opus_4_8_max,34.20699181334826,7
1768,gpt_5_5_xhigh,29.296643172435118,8
1768,deepseek_v4_flash_max,13.956689875625239,9
1769,gpt_5_6_sol_max,77.54436339707689,1
1769,gemini_3_1_pro_high,60.879412760530734,2
1769,kimi_k3_max,57.19824586124515,3
1769,claude_opus_4_8_max,41.75517083805564,4
1769,deepseek_v4_pro_max,39.096867626663894,5
1769,qwen3_8_max,34.303968345817616,6
1769,claude_fable_5_max,32.13456209105473,7
1769,deepseek_v4_flash_max,20.86665785527751,8
1769,gpt_5_5_xhigh,19.010912689984103,9
1770,qwen3_8_max,66.42739606388014,1
1770,gemini_3_1_pro_high,60.29972911012611,2
1770,claude_opus_4_8_max,58.7586503235374,3
1770,kimi_k3_max,49.659548144444216,4
1770,gpt_5_5_xhigh,45.36751883103421,5
1770,deepseek_v4_pro_max,43.994906742639145,6
1770,gpt_5_6_sol_max,38.28499533689562,7
1770,claude_fable_5_max,24.950041289913443,8
1770,deepseek_v4_flash_max,11.101937675065543,9
1771,claude_fable_5_max,78.89332392837898,1
1771,gpt_5_5_xhigh,73.55180643499622,2
1771,kimi_k3_max,71.45177289226507,3
1771,gpt_5_6_sol_max,54.4491778936294,4
1771,deepseek_v4_pro_max,45.65003625985753,5
1771,qwen3_8_max,42.626537699623164,6
1771,claude_opus_4_8_max,28.346918999790553,7
1771,gemini_3_1_pro_high,24.96258432658753,8
1771,deepseek_v4_flash_max,12.701208788275725,9
1772,gpt_5_5_xhigh,78.30580721568057,1
1772,gemini_3_1_pro_high,65.08171233384621,2
1772,claude_opus_4_8_max,57.68232853020463,3
1772,gpt_5_6_sol_max,56.895927330544765,4
1772,kimi_k3_max,39.52317193885475,5
1772,qwen3_8_max,35.785290554152816,6
1772,claude_fable_5_max,35.28921445536325,7
1772,deepseek_v4_flash_max,16.020071439358617,8
1772,deepseek_v4_pro_max,13.83852723057052,9
1773,claude_fable_5_max,89.4541545215821,1
1773,claude_opus_4_8_max,45.53138631881559,2
1773,qwen3_8_max,44.93135229709558,3
1773,gemini_3_1_pro_high,44.39718657974751,4
1773,kimi_k3_max,27.508201140456485,5
1773,gpt_5_5_xhigh,24.481724343886818,6
1773,gpt_5_6_sol_max,24.166835674746345,7
1773,deepseek_v4_flash_max,11.957973958945121,8
1773,deepseek_v4_pro_max,10.718144479683748,9
1774,claude_opus_4_8_max,79.23766033746983,1
1774,gpt_5_6_sol_max,59.199158393954875,2
1774,gemini_3_1_pro_high,55.98729782739321,3
1774,claude_fable_5_max,50.573163583846394,4
1774,qwen3_8_max,48.634710797461025,5
1774,gpt_5_5_xhigh,36.01993854804659,6
1774,kimi_k3_max,34.0111164938051,7
1774,deepseek_v4_pro_max,28.914509505623336,8
1774,deepseek_v4_flash_max,18.80802203368102,9
1775,qwen3_8_max,66.379460910575,1
1775,kimi_k3_max,61.305890891922445,2
1775,gpt_5_5_xhigh,55.77312379011269,3
1775,gpt_5_6_sol_max,42.898612699964474,4
1775,claude_opus_4_8_max,37.87509657395056,5
1775,claude_fable_5_max,34.13408663656325,6
1775,deepseek_v4_flash_max,31.492778445515693,7
1775,gemini_3_1_pro_high,27.715563738964043,8
1775,deepseek_v4_pro_max,25.852056062139045,9
1776,gpt_5_5_xhigh,74.72873526475388,1
1776,claude_fable_5_max,60.75973858016431,2
1776,gemini_3_1_pro_high,43.87224488456188,3
1776,kimi_k3_max,38.039252837957285,4
1776,deepseek_v4_flash_max,30.906735732016465,5
1776,gpt_5_6_sol_max,29.392804529227405,6
1776,claude_opus_4_8_max,26.087703678847195,7
1776,deepseek_v4_pro_max,25.36345133727386,8
1776,qwen3_8_max,18.155509571990518,9
1777,gpt_5_6_sol_max,65.26696664344485,1
1777,claude_fable_5_max,64.00000731823229,2
1777,qwen3_8_max,48.20872851768594,3
1777,kimi_k3_max,47.02270916617102,4
1777,gemini_3_1_pro_high,42.4221842255598,5
1777,claude_opus_4_8_max,31.934342936589637,6
1777,deepseek_v4_flash_max,31.559978747547476,7
1777,gpt_5_5_xhigh,24.95938802002203,8
1777,deepseek_v4_pro_max,17.703117928681905,9
1778,kimi_k3_max,63.192293791592874,1
1778,qwen3_8_max,60.262249580355714,2
1778,claude_opus_4_8_max,58.46812487351767,3
1778,gpt_5_6_sol_max,58.296185771710924,4
1778,claude_fable_5_max,46.8819943704171,5
1778,gemini_3_1_pro_high,46.44654948411383,6
1778,deepseek_v4_pro_max,28.840349031226815,7
1778,gpt_5_5_xhigh,28.182337788091406,8
1778,deepseek_v4_flash_max,22.83169498548667,9
1779,claude_fable_5_max,77.29586607196859,1
1779,gpt_5_5_xhigh,73.95730737666244,2
1779,claude_opus_4_8_max,59.230249833705315,3
1779,gemini_3_1_pro_high,43.39174765628306,4
1779,deepseek_v4_pro_max,39.764935098771815,5
1779,kimi_k3_max,33.421981257955096,6
1779,gpt_5_6_sol_max,27.505499114270478,7
1779,qwen3_8_max,26.91177453442651,8
1779,deepseek_v4_flash_max,19.753898298238337,9
1780,kimi_k3_max,69.5374039361277,1
1780,qwen3_8_max,65.70824381247769,2
1780,claude_fable_5_max,64.84771570774083,3
1780,gpt_5_6_sol_max,60.283595995009534,4
1780,gemini_3_1_pro_high,50.43251280348157,5
1780,deepseek_v4_flash_max,43.6648750708776,6
1780,gpt_5_5_xhigh,29.193302553996713,7
1780,claude_opus_4_8_max,24.069059143534744,8
1780,deepseek_v4_pro_max,10.537320137931856,9
1781,gemini_3_1_pro_high,79.1317107313665,1
1781,qwen3_8_max,74.34660330181669,2
1781,claude_fable_5_max,69.82286013543083,3
1781,gpt_5_6_sol_max,69.59596174016933,4
1781,gpt_5_5_xhigh,45.98992092323941,5
1781,kimi_k3_max,43.4642312026604,6
1781,claude_opus_4_8_max,22.533847993743873,7
1781,deepseek_v4_pro_max,14.39620837494281,8
1781,deepseek_v4_flash_max,14.024501748718333,9
1782,claude_fable_5_max,71.8075729416742,1
1782,gemini_3_1_pro_high,64.54294781177603,2
1782,claude_opus_4_8_max,63.42929874984037,3
1782,qwen3_8_max,60.57349740320156,4
1782,kimi_k3_max,42.271415399461034,5
1782,gpt_5_6_sol_max,30.49984270961607,6
1782,gpt_5_5_xhigh,27.632489862683926,7
1782,deepseek_v4_pro_max,25.16047155891987,8
1782,deepseek_v4_flash_max,14.389791984481125,9
1783,qwen3_8_max,56.048251298105484,1
1783,claude_fable_5_max,53.437312296102334,2
1783,gpt_5_6_sol_max,52.25112860562872,3
1783,claude_opus_4_8_max,49.223798957577216,4
1783,gpt_5_5_xhigh,43.53382500984764,5
1783,deepseek_v4_pro_max,40.613653130302595,6
1783,gemini_3_1_pro_high,28.888125092374196,7
1783,kimi_k3_max,23.663004112641836,8
1783,deepseek_v4_flash_max,13.675322048322338,9
1784,kimi_k3_max,69.17916285343804,1
1784,claude_fable_5_max,56.35693464004192,2
1784,qwen3_8_max,55.520080117991185,3
1784,gpt_5_6_sol_max,41.497897987654,4
1784,gemini_3_1_pro_high,40.351524533519594,5
1784,deepseek_v4_flash_max,40.27453034713686,6
1784,deepseek_v4_pro_max,29.40273798107973,7
1784,claude_opus_4_8_max,29.15905101598245,8
1784,gpt_5_5_xhigh,26.19638432864082,9
1785,gpt_5_5_xhigh,79.1980390265965,1
1785,claude_fable_5_max,70.98230786544008,2
1785,gpt_5_6_sol_max,62.45939030468564,3
1785,kimi_k3_max,59.53370830827046,4
1785,gemini_3_1_pro_high,54.669886773513255,5
1785,qwen3_8_max,31.253058195738973,6
1785,claude_opus_4_8_max,31.231913139453475,7
1785,deepseek_v4_flash_max,30.633123372124626,8
1785,deepseek_v4_pro_max,22.50846915546284,9
1786,gpt_5_6_sol_max,76.93866272330087,1
1786,kimi_k3_max,66.126628278434,2
1786,claude_opus_4_8_max,44.706871196690315,3
1786,deepseek_v4_pro_max,38.00323466346239,4
1786,qwen3_8_max,36.096303115862945,5
1786,claude_fable_5_max,34.152619455806814,6
1786,gpt_5_5_xhigh,29.71903351011927,7
1786,gemini_3_1_pro_high,25.517483625951854,8
1786,deepseek_v4_flash_max,21.450079896262295,9
1787,claude_opus_4_8_max,72.28548070603247,1
1787,qwen3_8_max,63.774869205140035,2
1787,deepseek_v4_pro_max,46.60919514710736,3
1787,gemini_3_1_pro_high,41.253534166197085,4
1787,kimi_k3_max,40.80661222454803,5
1787,claude_fable_5_max,39.63398029448923,6
1787,deepseek_v4_flash_max,37.8200388286877,7
1787,gpt_5_6_sol_max,32.43358983954758,8
1787,gpt_5_5_xhigh,32.10785057371283,9
1788,gpt_5_5_xhigh,73.23338614151861,1
1788,claude_fable_5_max,55.484960947132144,2
1788,qwen3_8_max,45.96024210469963,3
1788,kimi_k3_max,42.89494446083675,4
1788,gemini_3_1_pro_high,32.05333118755582,5
1788,deepseek_v4_pro_max,29.79693469320823,6
1788,gpt_5_6_sol_max,29.102620595191453,7
1788,claude_opus_4_8_max,23.78878275053725,8
1788,deepseek_v4_flash_max,21.57273860154476,9
1789,claude_opus_4_8_max,67.6707346402707,1
1789,gpt_5_5_xhigh,55.90896709245773,2
1789,gemini_3_1_pro_high,45.010074959592714,3
1789,deepseek_v4_pro_max,42.81750043763846,4
1789,kimi_k3_max,37.73931827771301,5
1789,claude_fable_5_max,36.78987251615566,6
1789,gpt_5_6_sol_max,31.94798514215807,7
1789,qwen3_8_max,26.974855159038952,8
1789,deepseek_v4_flash_max,25.769890976820513,9
1790,gpt_5_5_xhigh,67.82656094320556,1
1790,claude_opus_4_8_max,58.31872935933862,2
1790,gpt_5_6_sol_max,50.32794066217191,3
1790,deepseek_v4_pro_max,46.11665205041698,4
1790,deepseek_v4_flash_max,38.78200765171973,5
1790,gemini_3_1_pro_high,35.05983728618051,6
1790,qwen3_8_max,31.672286583521192,7
1790,claude_fable_5_max,29.96367299255098,8
1790,kimi_k3_max,27.810960352777542,9
1791,kimi_k3_max,75.22710829463205,1
1791,qwen3_8_max,55.820982170184884,2
1791,claude_fable_5_max,48.10053582558206,3
1791,gemini_3_1_pro_high,46.260637239195475,4
1791,gpt_5_5_xhigh,40.948421692711456,5
1791,gpt_5_6_sol_max,38.37275273616521,6
1791,deepseek_v4_flash_max,37.353402145984084,7
1791,deepseek_v4_pro_max,32.54185387515426,8
1791,claude_opus_4_8_max,30.50400786293161,9
1792,claude_opus_4_8_max,84.43097855990288,1
1792,kimi_k3_max,68.93116652040618,2
1792,qwen3_8_max,57.97694037171374,3
1792,gpt_5_5_xhigh,48.4135060442639,4
1792,gemini_3_1_pro_high,37.454439348619424,5
1792,claude_fable_5_max,35.58211380303047,6
1792,gpt_5_6_sol_max,22.0802296585807,7
1792,deepseek_v4_pro_max,19.51834068374597,8
1792,deepseek_v4_flash_max,15.572541725378944,9
1793,kimi_k3_max,73.98781734595138,1
1793,gemini_3_1_pro_high,60.33422984912931,2
1793,gpt_5_5_xhigh,54.91660114897277,3
1793,deepseek_v4_flash_max,35.38624301316196,4
1793,gpt_5_6_sol_max,31.56967113558425,5
1793,claude_fable_5_max,28.554523400635347,6
1793,qwen3_8_max,25.807709094962078,7
1793,claude_opus_4_8_max,21.357548442845555,8
1793,deepseek_v4_pro_max,18.10836731982385,9
1794,kimi_k3_max,60.587706686121564,1
1794,gpt_5_5_xhigh,60.07010760149292,2
1794,claude_fable_5_max,55.06705294671933,3
1794,claude_opus_4_8_max,49.90790158294161,4
1794,gemini_3_1_pro_high,46.78489558234996,5
1794,qwen3_8_max,43.79309893760501,6
1794,deepseek_v4_pro_max,43.52939335986624,7
1794,gpt_5_6_sol_max,33.056148161669455,8
1794,deepseek_v4_flash_max,12.9827869392454,9
1795,gpt_5_6_sol_max,80.65283019000313,1
1795,kimi_k3_max,47.00739955290457,2
1795,qwen3_8_max,38.74939455597401,3
1795,gpt_5_5_xhigh,38.51916173320224,4
1795,deepseek_v4_pro_max,33.61734462255852,5
1795,claude_fable_5_max,28.898932723238975,6
1795,claude_opus_4_8_max,28.255271296526647,7
1795,deepseek_v4_flash_max,17.60745202752441,8
1795,gemini_3_1_pro_high,13.178756025097215,9
1796,qwen3_8_max,68.89166849516002,1
1796,kimi_k3_max,52.661105502543094,2
1796,gpt_5_6_sol_max,43.309078770528174,3
1796,claude_opus_4_8_max,41.59283976112143,4
1796,deepseek_v4_pro_max,40.50012150851178,5
1796,gpt_5_5_xhigh,31.731582371484862,6
1796,claude_fable_5_max,30.319689724486253,7
1796,gemini_3_1_pro_high,30.198281408323368,8
1796,deepseek_v4_flash_max,20.95206064233805,9
1797,gpt_5_5_xhigh,65.7096056028072,1
1797,kimi_k3_max,55.528554268398786,2
1797,claude_fable_5_max,49.74373848255542,3
1797,gemini_3_1_pro_high,45.73994027286551,4
1797,qwen3_8_max,43.36089124523314,5
1797,gpt_5_6_sol_max,40.28229978048727,6
1797,deepseek_v4_pro_max,36.469010013739364,7
1797,claude_opus_4_8_max,34.20971601532789,8
1797,deepseek_v4_flash_max,19.812295764542032,9
1798,claude_fable_5_max,77.85465609279606,1
1798,claude_opus_4_8_max,63.69807149080039,2
1798,gemini_3_1_pro_high,59.232003566960216,3
1798,gpt_5_6_sol_max,58.14665708863224,4
1798,kimi_k3_max,57.75148795412203,5
1798,deepseek_v4_pro_max,46.81181608382204,6
1798,qwen3_8_max,39.426751770675295,7
1798,gpt_5_5_xhigh,20.06889254023156,8
1798,deepseek_v4_flash_max,17.141244531199067,9
1799,claude_opus_4_8_max,81.3295634470972,1
1799,qwen3_8_max,50.3266924197005,2
1799,gpt_5_6_sol_max,44.46618088749466,3
1799,kimi_k3_max,43.737782995627434,4
1799,gpt_5_5_xhigh,32.72831176711046,5
1799,gemini_3_1_pro_high,27.31741566490495,6
1799,deepseek_v4_pro_max,25.791539711457524,7
1799,claude_fable_5_max,25.222110265788203,8
1799,deepseek_v4_flash_max,14.865131163264124,9
1800,gpt_5_6_sol_max,69.35629189298695,1
1800,claude_fable_5_max,62.25879744332603,2
1800,qwen3_8_max,48.875150232228286,3
1800,gpt_5_5_xhigh,43.648840021492504,4
1800,deepseek_v4_pro_max,35.20612776254853,5
1800,gemini_3_1_pro_high,32.61037994987491,6
1800,kimi_k3_max,31.929646772782895,7
1800,claude_opus_4_8_max,29.728204114559368,8
1800,deepseek_v4_flash_max,21.98202838293516,9
1801,claude_fable_5_max,78.08226173129212,1
1801,gpt_5_6_sol_max,75.70199169418035,2
1801,kimi_k3_max,70.40174001928918,3
1801,gpt_5_5_xhigh,56.57550193020904,4
1801,claude_opus_4_8_max,53.77380260806121,5
1801,gemini_3_1_pro_high,39.57966025710642,6
1801,deepseek_v4_pro_max,34.29714558299031,7
1801,qwen3_8_max,32.42224019136019,8
1801,deepseek_v4_flash_max,15.585822291045314,9
1802,claude_opus_4_8_max,74.30405703875886,1
1802,deepseek_v4_pro_max,55.30562686346743,2
1802,qwen3_8_max,53.51910705370784,3
1802,gpt_5_5_xhigh,46.53851728033877,4
1802,gemini_3_1_pro_high,42.23964469180613,5
1802,kimi_k3_max,30.787063657488346,6
1802,claude_fable_5_max,28.821414821891622,7
1802,deepseek_v4_flash_max,24.84729184392439,8
1802,gpt_5_6_sol_max,18.464210159873844,9
1803,claude_fable_5_max,68.65261286256492,1
1803,gpt_5_5_xhigh,58.61515534177504,2
1803,gemini_3_1_pro_high,53.76049614529261,3
1803,gpt_5_6_sol_max,47.6235164311648,4
1803,kimi_k3_max,46.21355744909468,5
1803,claude_opus_4_8_max,40.268234971204734,6
1803,deepseek_v4_pro_max,39.26719834317264,7
1803,deepseek_v4_flash_max,20.159453687836695,8
1803,qwen3_8_max,20.075180413789464,9
1804,gpt_5_5_xhigh,63.43519096939556,1
1804,gpt_5_6_sol_max,61.203903880451584,2
1804,claude_opus_4_8_max,50.707352514395374,3
1804,qwen3_8_max,48.6032248530492,4
1804,claude_fable_5_max,43.33357989257366,5
1804,gemini_3_1_pro_high,30.71164462379867,6
1804,kimi_k3_max,28.429106531473497,7
1804,deepseek_v4_flash_max,24.81568909611239,8
1804,deepseek_v4_pro_max,21.515469043894072,9
1805,gpt_5_6_sol_max,79.66598725323917,1
1805,kimi_k3_max,77.48801488107598,2
1805,gemini_3_1_pro_high,62.43219072256197,3
1805,claude_fable_5_max,54.10583801330553,4
1805,claude_opus_4_8_max,53.47593531014303,5
1805,qwen3_8_max,50.80555634574038,6
1805,deepseek_v4_flash_max,35.8861674405549,7
1805,gpt_5_5_xhigh,29.94975884795143,8
1805,deepseek_v4_pro_max,11.889226587030176,9
1806,gemini_3_1_pro_high,83.32997495870636,1
1806,kimi_k3_max,68.03216638594755,2
1806,gpt_5_5_xhigh,64.825675096433,3
1806,qwen3_8_max,55.24800576640394,4
1806,claude_opus_4_8_max,51.39576605684516,5
1806,claude_fable_5_max,46.67591422245855,6
1806,deepseek_v4_flash_max,28.942378789604554,7
1806,deepseek_v4_pro_max,21.92733051043474,8
1806,gpt_5_6_sol_max,19.108258726587803,9
1807,gpt_5_5_xhigh,75.08468045589095,1
1807,gemini_3_1_pro_high,46.575251443790044,2
1807,kimi_k3_max,45.77006111952386,3
1807,gpt_5_6_sol_max,42.20321513091176,4
1807,qwen3_8_max,42.0819787643372,5
1807,claude_fable_5_max,41.34718928305523,6
1807,claude_opus_4_8_max,27.594159593682043,7
1807,deepseek_v4_flash_max,27.409198986934868,8
1807,deepseek_v4_pro_max,17.948468026975736,9
1808,gpt_5_5_xhigh,78.9424552133103,1
1808,claude_fable_5_max,62.60268076556337,2
1808,gpt_5_6_sol_max,62.142669553204584,3
1808,qwen3_8_max,54.63637465299769,4
1808,kimi_k3_max,50.95350350926294,5
1808,deepseek_v4_pro_max,34.53165318491909,6
1808,gemini_3_1_pro_high,32.20740188561626,7
1808,claude_opus_4_8_max,28.82305323261937,8
1808,deepseek_v4_flash_max,27.39262049358316,9
1809,claude_fable_5_max,88.14172697948594,1
1809,qwen3_8_max,68.62265979732739,2
1809,gpt_5_5_xhigh,64.8390867922167,3
1809,gemini_3_1_pro_high,64.48323006163184,4
1809,gpt_5_6_sol_max,38.46094448553237,5
1809,claude_opus_4_8_max,31.150747715426125,6
1809,kimi_k3_max,27.187358495006865,7
1809,deepseek_v4_pro_max,13.93062233435294,8
1809,deepseek_v4_flash_max,12.08685162395208,9
1810,gpt_5_6_sol_max,76.49124046536656,1
1810,claude_fable_5_max,39.9380729875589,2
1810,claude_opus_4_8_max,38.72051889084461,3
1810,kimi_k3_max,32.09524340196327,4
1810,qwen3_8_max,31.95464101015223,5
1810,gpt_5_5_xhigh,28.612692316542496,6
1810,gemini_3_1_pro_high,25.92323836550665,7
1810,deepseek_v4_pro_max,21.739047502290916,8
1810,deepseek_v4_flash_max,17.077958768078243,9
1811,gpt_5_5_xhigh,85.68493955682179,1
1811,kimi_k3_max,69.59329132866091,2
1811,claude_fable_5_max,30.77141722642075,3
1811,deepseek_v4_flash_max,29.32665825206535,4
1811,claude_opus_4_8_max,24.174623289161136,5
1811,qwen3_8_max,20.629164713932603,6
1811,gpt_5_6_sol_max,19.880821913930504,7
1811,gemini_3_1_pro_high,17.586305600549725,8
1811,deepseek_v4_pro_max,14.613108073568316,9
1812,kimi_k3_max,93.29666721919301,1
1812,claude_opus_4_8_max,62.7028079524153,2
1812,gemini_3_1_pro_high,54.35648144892164,3
1812,qwen3_8_max,42.89076778842647,4
1812,gpt_5_6_sol_max,42.771329781759256,5
1812,claude_fable_5_max,38.49813109447365,6
1812,deepseek_v4_pro_max,32.66222936060833,7
1812,gpt_5_5_xhigh,25.90869753721678,8
1812,deepseek_v4_flash_max,10.477879429156374,9
1813,gpt_5_6_sol_max,87.63935250718424,1
1813,kimi_k3_max,65.69375807074256,2
1813,claude_opus_4_8_max,53.81416835598877,3
1813,claude_fable_5_max,48.19602390300679,4
1813,gpt_5_5_xhigh,42.15215777249516,5
1813,deepseek_v4_flash_max,34.488418783382386,6
1813,qwen3_8_max,33.29838901772573,7
1813,gemini_3_1_pro_high,24.93973980283002,8
1813,deepseek_v4_pro_max,21.108367506442207,9
1814,claude_fable_5_max,70.2828565861698,1
1814,gpt_5_6_sol_max,67.15359854893312,2
1814,kimi_k3_max,54.30754613895828,3
1814,qwen3_8_max,54.04787331325346,4
1814,claude_opus_4_8_max,50.6117482967924,5
1814,gemini_3_1_pro_high,49.399489495120065,6
1814,deepseek_v4_pro_max,35.59056369687192,7
1814,deepseek_v4_flash_max,33.55005113024305,8
1814,gpt_5_5_xhigh,25.715360438516417,9
1815,claude_fable_5_max,90.13355348102982,1
1815,kimi_k3_max,71.33256396643,2
1815,gemini_3_1_pro_high,66.12357056130075,3
1815,gpt_5_6_sol_max,48.28962816240756,4
1815,qwen3_8_max,45.93924206058733,5
1815,gpt_5_5_xhigh,42.38727174335814,6
1815,claude_opus_4_8_max,37.871122598161485,7
1815,deepseek_v4_flash_max,35.25125629090573,8
1815,deepseek_v4_pro_max,2.6678796265348557,9
1816,gpt_5_6_sol_max,80.82987502977855,1
1816,claude_fable_5_max,71.74845153636602,2
1816,gpt_5_5_xhigh,48.01079963956135,3
1816,qwen3_8_max,32.95063090226,4
1816,deepseek_v4_flash_max,31.970618555752957,5
1816,kimi_k3_max,28.071942985269203,6
1816,claude_opus_4_8_max,19.87884824654262,7
1816,deepseek_v4_pro_max,19.230422891874046,8
1816,gemini_3_1_pro_high,17.735130939074207,9
1817,claude_opus_4_8_max,78.83618076744406,1
1817,qwen3_8_max,59.55422250066682,2
1817,gemini_3_1_pro_high,51.875777883346665,3
1817,kimi_k3_max,45.45532702901665,4
1817,deepseek_v4_pro_max,42.28571819926304,5
1817,claude_fable_5_max,36.95719737913763,6
1817,gpt_5_5_xhigh,29.116780165330738,7
1817,gpt_5_6_sol_max,22.61300513597235,8
1817,deepseek_v4_flash_max,19.351254075893408,9
1818,claude_opus_4_8_max,67.01136934199263,1
1818,kimi_k3_max,63.22588456449484,2
1818,qwen3_8_max,45.879795199210434,3
1818,gpt_5_5_xhigh,45.42412475703041,4
1818,deepseek_v4_pro_max,38.868235822118464,5
1818,gemini_3_1_pro_high,32.725381675633926,6
1818,claude_fable_5_max,32.229979129099625,7
1818,gpt_5_6_sol_max,30.844027542120592,8
1818,deepseek_v4_flash_max,18.38961653422798,9
1819,kimi_k3_max,86.38610795941807,1
1819,claude_fable_5_max,63.40458995180104,2
1819,qwen3_8_max,61.71546677793761,3
1819,gemini_3_1_pro_high,51.92727439433813,4
1819,gpt_5_5_xhigh,40.59924327886864,5
1819,claude_opus_4_8_max,40.00354672316722,6
1819,gpt_5_6_sol_max,34.55410955075208,7
1819,deepseek_v4_pro_max,30.792495377624327,8
1819,deepseek_v4_flash_max,24.832682561620643,9
1820,claude_fable_5_max,80.21269765217377,1
1820,gpt_5_6_sol_max,71.87622895440757,2
1820,gemini_3_1_pro_high,62.71710875073062,3
1820,qwen3_8_max,61.36634814768239,4
1820,kimi_k3_max,45.13342108757814,5
1820,deepseek_v4_flash_max,39.666646820915744,6
1820,deepseek_v4_pro_max,25.79159257222657,7
1820,gpt_5_5_xhigh,21.372262033256977,8
1820,claude_opus_4_8_max,20.70256985434961,9
1821,claude_fable_5_max,65.33000636284106,1
1821,gpt_5_5_xhigh,52.640285265526416,2
1821,kimi_k3_max,49.906045035594985,3
1821,gpt_5_6_sol_max,46.508189189817834,4
1821,gemini_3_1_pro_high,41.35446536366652,5
1821,claude_opus_4_8_max,40.45566162676512,6
1821,qwen3_8_max,34.251027663468406,7
1821,deepseek_v4_flash_max,18.250618848566482,8
1821,deepseek_v4_pro_max,16.597232434198155,9
1822,gpt_5_6_sol_max,86.27614673028783,1
1822,claude_opus_4_8_max,64.01271875140445,2
1822,qwen3_8_max,59.35445632557834,3
1822,claude_fable_5_max,58.40984021215152,4
1822,kimi_k3_max,43.11191037614846,5
1822,gemini_3_1_pro_high,39.801663516990416,6
1822,deepseek_v4_flash_max,33.9182325920858,7
1822,deepseek_v4_pro_max,33.8869682895226,8
1822,gpt_5_5_xhigh,32.740834062704074,9
1823,claude_fable_5_max,69.08479784398712,1
1823,kimi_k3_max,66.93976538991026,2
1823,gpt_5_6_sol_max,59.519253163719746,3
1823,claude_opus_4_8_max,49.09109415011041,4
1823,qwen3_8_max,38.00013878710086,5
1823,gemini_3_1_pro_high,32.41206165010423,6
1823,deepseek_v4_pro_max,27.23607674196547,7
1823,deepseek_v4_flash_max,24.728846921160347,8
1823,gpt_5_5_xhigh,19.82947476182176,9
1824,kimi_k3_max,75.1112380000553,1
1824,claude_fable_5_max,69.09295257462593,2
1824,qwen3_8_max,57.91580623905086,3
1824,gpt_5_6_sol_max,50.83438724567142,4
1824,claude_opus_4_8_max,49.085674601772396,5
1824,gemini_3_1_pro_high,42.17596366839922,6
1824,gpt_5_5_xhigh,33.20318021005447,7
1824,deepseek_v4_flash_max,27.115818591594344,8
1824,deepseek_v4_pro_max,19.84827549925533,9
1825,kimi_k3_max,79.77891276107913,1
1825,gpt_5_6_sol_max,77.07105302146981,2
1825,deepseek_v4_pro_max,39.88102023416992,3
1825,gemini_3_1_pro_high,36.97637076094141,4
1825,qwen3_8_max,36.69738619064792,5
1825,claude_opus_4_8_max,32.391290847698386,6
1825,claude_fable_5_max,19.573589445098516,7
1825,gpt_5_5_xhigh,17.44788114324909,8
1825,deepseek_v4_flash_max,13.17790273742252,9
1826,claude_fable_5_max,78.42218010905462,1
1826,gpt_5_6_sol_max,75.05679662311397,2
1826,gemini_3_1_pro_high,61.94007447181826,3
1826,kimi_k3_max,57.698906449334416,4
1826,qwen3_8_max,51.911338777121436,5
1826,gpt_5_5_xhigh,48.309868134228196,6
1826,deepseek_v4_pro_max,40.89459248451314,7
1826,claude_opus_4_8_max,32.949729061813926,8
1826,deepseek_v4_flash_max,15.805951356231727,9
1827,claude_fable_5_max,68.51053279604545,1
1827,kimi_k3_max,63.39448822231732,2
1827,gpt_5_6_sol_max,54.23387228483644,3
1827,qwen3_8_max,43.54783629015985,4
1827,deepseek_v4_pro_max,43.212977073180184,5
1827,claude_opus_4_8_max,37.14784208260171,6
1827,gpt_5_5_xhigh,32.45828615408713,7
1827,deepseek_v4_flash_max,26.954073249829037,8
1827,gemini_3_1_pro_high,20.856825556187076,9
1828,claude_fable_5_max,73.0495224577717,1
1828,kimi_k3_max,59.60729068563222,2
1828,gemini_3_1_pro_high,59.45854123233593,3
1828,qwen3_8_max,38.63640577473012,4
1828,claude_opus_4_8_max,32.22132398190172,5
1828,gpt_5_5_xhigh,28.29140075961631,6
1828,gpt_5_6_sol_max,26.311022843955946,7
1828,deepseek_v4_flash_max,18.57093490237826,8
1828,deepseek_v4_pro_max,7.9776220094615224,9
1829,claude_opus_4_8_max,70.02060230841136,1
1829,gpt_5_6_sol_max,68.9144088588522,2
1829,deepseek_v4_pro_max,60.853932761941955,3
1829,gemini_3_1_pro_high,55.714038894562165,4
1829,claude_fable_5_max,55.63023388927974,5
1829,qwen3_8_max,33.49186961883287,6
1829,gpt_5_5_xhigh,29.651549421676215,7
1829,kimi_k3_max,24.88808053182712,8
1829,deepseek_v4_flash_max,8.877964280161121,9
1830,claude_fable_5_max,84.56149509222769,1
1830,gpt_5_6_sol_max,45.77425052980559,2
1830,gpt_5_5_xhigh,40.24163212485221,3
1830,kimi_k3_max,31.80437944925711,4
1830,claude_opus_4_8_max,30.33871626277841,5
1830,qwen3_8_max,23.68850038940388,6
1830,deepseek_v4_flash_max,23.025989452365327,7
1830,gemini_3_1_pro_high,17.888735018587816,8
1830,deepseek_v4_pro_max,14.200971095572859,9
1831,claude_fable_5_max,70.43983341091482,1
1831,gemini_3_1_pro_high,58.92914686669767,2
1831,gpt_5_5_xhigh,50.708527381576275,3
1831,qwen3_8_max,41.837541135674776,4
1831,claude_opus_4_8_max,36.53289886254342,5
1831,kimi_k3_max,31.836035007086195,6
1831,deepseek_v4_pro_max,30.358428234712726,7
1831,gpt_5_6_sol_max,25.789600684780552,8
1831,deepseek_v4_flash_max,22.457154859644994,9
1832,claude_fable_5_max,72.32563090223522,1
1832,gemini_3_1_pro_high,64.0191398035701,2
1832,kimi_k3_max,53.628885275317785,3
1832,qwen3_8_max,42.63677237621293,4
1832,gpt_5_5_xhigh,41.73158037073841,5
1832,gpt_5_6_sol_max,36.283261855146954,6
1832,claude_opus_4_8_max,19.360325364512722,7
1832,deepseek_v4_flash_max,16.437872976005877,8
1832,deepseek_v4_pro_max,15.784057210227061,9
1833,claude_fable_5_max,64.43765785427254,1
1833,gemini_3_1_pro_high,58.69402226903931,2
1833,gpt_5_6_sol_max,55.09944603297373,3
1833,gpt_5_5_xhigh,54.04228411734882,4
1833,kimi_k3_max,52.511709924818504,5
1833,qwen3_8_max,50.991028197665656,6
1833,claude_opus_4_8_max,48.22401154986285,7
1833,deepseek_v4_pro_max,33.70171566537628,8
1833,deepseek_v4_flash_max,28.910592343005362,9
1834,claude_fable_5_max,78.01397770067813,1
1834,gpt_5_6_sol_max,68.87881270593466,2
1834,gemini_3_1_pro_high,53.53584317360826,3
1834,gpt_5_5_xhigh,52.59361382766609,4
1834,qwen3_8_max,48.88371048742956,5
1834,kimi_k3_max,33.12771445557425,6
1834,deepseek_v4_pro_max,31.099895262044086,7
1834,claude_opus_4_8_max,30.596670731179337,8
1834,deepseek_v4_flash_max,11.405008682346386,9
1835,qwen3_8_max,65.11756020772683,1
1835,gpt_5_5_xhigh,63.239497740054574,2
1835,kimi_k3_max,61.0685953233655,3
1835,gpt_5_6_sol_max,60.84520644022628,4
1835,claude_fable_5_max,52.466203540903976,5
1835,gemini_3_1_pro_high,44.11773064781272,6
1835,deepseek_v4_flash_max,37.59875870571459,7
1835,claude_opus_4_8_max,36.46322138430342,8
1835,deepseek_v4_pro_max,29.006513135026267,9
1836,gemini_3_1_pro_high,66.25402189826555,1
1836,qwen3_8_max,65.9841815728782,2
1836,claude_opus_4_8_max,64.30303503899232,3
1836,claude_fable_5_max,63.85063535635514,4
1836,gpt_5_6_sol_max,54.54384153971107,5
1836,gpt_5_5_xhigh,41.98018909644189,6
1836,deepseek_v4_flash_max,40.1475220530147,7
1836,kimi_k3_max,21.47273651270408,8
1836,deepseek_v4_pro_max,14.701061740157181,9
1837,claude_fable_5_max,75.59005428991496,1
1837,claude_opus_4_8_max,51.22093331226806,2
1837,gpt_5_6_sol_max,48.7791593868009,3
1837,qwen3_8_max,40.71650970293646,4
1837,gemini_3_1_pro_high,38.63363174605669,5
1837,deepseek_v4_pro_max,36.92843702394215,6
1837,gpt_5_5_xhigh,35.763607878472605,7
1837,kimi_k3_max,25.74269933834736,8
1837,deepseek_v4_flash_max,16.55601486202029,9
1838,gpt_5_6_sol_max,80.54461715677321,1
1838,gpt_5_5_xhigh,54.97183079602071,2
1838,claude_opus_4_8_max,48.278785257390226,3
1838,qwen3_8_max,44.21683253356684,4
1838,kimi_k3_max,38.2813686880767,5
1838,gemini_3_1_pro_high,31.029599127952036,6
1838,deepseek_v4_flash_max,26.899878212214798,7
1838,deepseek_v4_pro_max,23.486199329505318,8
1838,claude_fable_5_max,14.309639838852256,9
1839,kimi_k3_max,76.73436612705461,1
1839,qwen3_8_max,70.78745436616825,2
1839,gpt_5_6_sol_max,51.500721862217944,3
1839,claude_fable_5_max,34.83281519157756,4
1839,claude_opus_4_8_max,31.98638245170596,5
1839,deepseek_v4_flash_max,31.785295109103735,6
1839,gpt_5_5_xhigh,31.592491498122843,7
1839,gemini_3_1_pro_high,20.333498660506255,8
1839,deepseek_v4_pro_max,4.415682550402865,9
1840,gpt_5_5_xhigh,84.83605166598653,1
1840,kimi_k3_max,68.98269289136654,2
1840,qwen3_8_max,67.51543547728353,3
1840,gemini_3_1_pro_high,66.75262871511725,4
1840,claude_opus_4_8_max,59.142340373391406,5
1840,deepseek_v4_pro_max,47.43200755047827,6
1840,claude_fable_5_max,42.905026267269356,7
1840,gpt_5_6_sol_max,29.123235618531723,8
1840,deepseek_v4_flash_max,11.669678196356234,9
1841,gpt_5_6_sol_max,75.9497800198453,1
1841,claude_fable_5_max,70.21506310550858,2
1841,qwen3_8_max,68.19635445751479,3
1841,gpt_5_5_xhigh,64.0451935669754,4
1841,gemini_3_1_pro_high,63.336660056199165,5
1841,kimi_k3_max,62.56084957261505,6
1841,deepseek_v4_flash_max,41.31853138244454,7
1841,claude_opus_4_8_max,34.55717466014269,8
1841,deepseek_v4_pro_max,19.61891102099714,9
1842,claude_fable_5_max,83.3577845057365,1
1842,gpt_5_5_xhigh,60.84390980473424,2
1842,gpt_5_6_sol_max,53.90010492975934,3
1842,qwen3_8_max,53.69350850999554,4
1842,kimi_k3_max,50.11667068558233,5
1842,gemini_3_1_pro_high,31.594497781767487,6
1842,deepseek_v4_pro_max,30.42388964670257,7
1842,claude_opus_4_8_max,16.81600642069143,8
1842,deepseek_v4_flash_max,7.766602552565223,9
1843,claude_fable_5_max,72.86128573998997,1
1843,kimi_k3_max,58.33683650734141,2
1843,qwen3_8_max,55.14401812067468,3
1843,gpt_5_6_sol_max,52.67477160871288,4
1843,gemini_3_1_pro_high,50.36117432120649,5
1843,deepseek_v4_pro_max,46.93544121007439,6
1843,gpt_5_5_xhigh,46.71017297743358,7
1843,claude_opus_4_8_max,27.86904029475891,8
1843,deepseek_v4_flash_max,23.343844365279733,9
1844,claude_opus_4_8_max,81.9532143472791,1
1844,qwen3_8_max,39.48719495022765,2
1844,deepseek_v4_pro_max,37.34508324313104,3
1844,gemini_3_1_pro_high,36.62552563804148,4
1844,gpt_5_6_sol_max,35.59548212928569,5
1844,gpt_5_5_xhigh,35.11621584102782,6
1844,kimi_k3_max,23.331823283038915,7
1844,deepseek_v4_flash_max,20.47173594240764,8
1844,claude_fable_5_max,14.77534888020552,9
1845,gpt_5_5_xhigh,57.96471770678339,1
1845,gemini_3_1_pro_high,51.07839053064131,2
1845,qwen3_8_max,47.24219481298487,3
1845,claude_fable_5_max,46.10312338005688,4
1845,gpt_5_6_sol_max,40.48006525859175,5
1845,deepseek_v4_flash_max,38.93556591458372,6
1845,claude_opus_4_8_max,28.03376579665468,7
1845,kimi_k3_max,28.004276647700756,8
1845,deepseek_v4_pro_max,17.51977086626783,9
1846,claude_fable_5_max,75.70492220020898,1
1846,gemini_3_1_pro_high,72.85059479121169,2
1846,claude_opus_4_8_max,71.17835501409178,3
1846,qwen3_8_max,58.664161754923164,4
1846,gpt_5_5_xhigh,38.325631869134185,5
1846,kimi_k3_max,32.33498620215337,6
1846,deepseek_v4_pro_max,29.433845985531942,7
1846,deepseek_v4_flash_max,18.814145522157176,8
1846,gpt_5_6_sol_max,18.569061728194463,9
1847,gpt_5_6_sol_max,67.7245340519458,1
1847,gemini_3_1_pro_high,55.29557625494834,2
1847,claude_opus_4_8_max,54.514505338158166,3
1847,claude_fable_5_max,52.210294715652765,4
1847,qwen3_8_max,45.959736447320836,5
1847,gpt_5_5_xhigh,32.209808524840135,6
1847,deepseek_v4_pro_max,29.448791009632284,7
1847,deepseek_v4_flash_max,18.542419644111092,8
1847,kimi_k3_max,14.272395152847254,9
1848,gpt_5_6_sol_max,83.92190635553358,1
1848,claude_fable_5_max,65.16489895443824,2
1848,gemini_3_1_pro_high,64.24813426666476,3
1848,kimi_k3_max,59.56729372996189,4
1848,gpt_5_5_xhigh,49.07508724333967,5
1848,qwen3_8_max,35.79004196419928,6
1848,claude_opus_4_8_max,31.467341152941554,7
1848,deepseek_v4_flash_max,22.121562261279454,8
1848,deepseek_v4_pro_max,16.038999322839967,9
1849,kimi_k3_max,62.308341661914554,1
1849,gpt_5_6_sol_max,60.4405242884626,2
1849,qwen3_8_max,51.76860315747416,3
1849,claude_fable_5_max,48.075925336408275,4
1849,gpt_5_5_xhigh,34.466093449986424,5
1849,claude_opus_4_8_max,33.83270827434802,6
1849,deepseek_v4_pro_max,32.37514710179195,7
1849,gemini_3_1_pro_high,30.29267549359037,8
1849,deepseek_v4_flash_max,22.206780829288228,9
1850,gpt_5_6_sol_max,67.6367891452561,1
1850,gemini_3_1_pro_high,58.49819067608502,2
1850,qwen3_8_max,43.329531081009875,3
1850,claude_opus_4_8_max,42.241866221843196,4
1850,deepseek_v4_flash_max,36.0154532739295,5
1850,gpt_5_5_xhigh,33.148150023802955,6
1850,kimi_k3_max,26.618993382595207,7
1850,deepseek_v4_pro_max,16.450004898723897,8
1850,claude_fable_5_max,14.549268432550775,9
1851,gpt_5_5_xhigh,69.02554710663205,1
1851,gpt_5_6_sol_max,61.2634802634159,2
1851,gemini_3_1_pro_high,47.62604689935938,3
1851,kimi_k3_max,39.70386424230319,4
1851,claude_opus_4_8_max,30.355014208327646,5
1851,claude_fable_5_max,26.511184779314075,6
1851,deepseek_v4_flash_max,20.43456787147433,7
1851,qwen3_8_max,19.078236949452165,8
1851,deepseek_v4_pro_max,9.071602211111903,9
1852,qwen3_8_max,76.72505060729807,1
1852,claude_opus_4_8_max,66.32484660249128,2
1852,claude_fable_5_max,54.76325228618161,3
1852,deepseek_v4_pro_max,51.91526323123697,4
1852,gpt_5_6_sol_max,47.529959986406915,5
1852,gpt_5_5_xhigh,47.38284777813159,6
1852,gemini_3_1_pro_high,42.86448258271213,7
1852,kimi_k3_max,39.324216747428004,8
1852,deepseek_v4_flash_max,16.566753192376332,9
1853,gpt_5_6_sol_max,79.15260124564233,1
1853,kimi_k3_max,66.5671788106907,2
1853,qwen3_8_max,59.67531684694198,3
1853,gemini_3_1_pro_high,42.02167593218677,4
1853,deepseek_v4_flash_max,36.109036186080715,5
1853,claude_opus_4_8_max,36.05032133858157,6
1853,claude_fable_5_max,28.656877068249624,7
1853,gpt_5_5_xhigh,22.22121481895005,8
1853,deepseek_v4_pro_max,12.165451709411908,9
1854,kimi_k3_max,81.83608975925115,1
1854,claude_fable_5_max,69.88376908514867,2
1854,claude_opus_4_8_max,54.85384286118217,3
1854,gpt_5_6_sol_max,46.17520547482365,4
1854,deepseek_v4_pro_max,43.99271512174052,5
1854,qwen3_8_max,36.94630159340084,6
1854,deepseek_v4_flash_max,22.9022539249453,7
1854,gpt_5_5_xhigh,22.126077628625826,8
1854,gemini_3_1_pro_high,20.48691047649737,9
1855,gemini_3_1_pro_high,60.74865168554175,1
1855,gpt_5_5_xhigh,59.36108536222724,2
1855,claude_opus_4_8_max,47.7965745098711,3
1855,kimi_k3_max,34.04672859567856,4
1855,qwen3_8_max,33.864494461400184,5
1855,gpt_5_6_sol_max,32.242969352668865,6
1855,deepseek_v4_pro_max,29.90658207151883,7
1855,claude_fable_5_max,27.503859827068126,8
1855,deepseek_v4_flash_max,3.9650231837688206,9
1856,gpt_5_5_xhigh,82.49013582679355,1
1856,qwen3_8_max,78.79636825831795,2
1856,kimi_k3_max,56.71017170491683,3
1856,claude_fable_5_max,39.039819915182775,4
1856,gpt_5_6_sol_max,38.677149671727655,5
1856,deepseek_v4_flash_max,32.141459928163556,6
1856,gemini_3_1_pro_high,25.942842778480447,7
1856,claude_opus_4_8_max,25.35062446589885,8
1856,deepseek_v4_pro_max,15.834186060294762,9
1857,gpt_5_6_sol_max,74.65087536033403,1
1857,gemini_3_1_pro_high,69.14764255439425,2
1857,claude_opus_4_8_max,57.607034320253504,3
1857,claude_fable_5_max,56.35562921892153,4
1857,kimi_k3_max,54.078734607552995,5
1857,qwen3_8_max,53.96633151468659,6
1857,deepseek_v4_pro_max,36.39814659084102,7
1857,deepseek_v4_flash_max,31.187242374538148,8
1857,gpt_5_5_xhigh,31.0558273346951,9
1858,claude_fable_5_max,75.78406925540438,1
1858,kimi_k3_max,72.60058900727662,2
1858,gpt_5_5_xhigh,65.82557052228748,3
1858,gemini_3_1_pro_high,55.61531985000602,4
1858,gpt_5_6_sol_max,55.050421199358226,5
1858,claude_opus_4_8_max,37.76975587561065,6
1858,deepseek_v4_flash_max,29.430742717488183,7
1858,deepseek_v4_pro_max,24.036499996804487,8
1858,qwen3_8_max,22.79658133075212,9
1859,gemini_3_1_pro_high,66.26528282604698,1
1859,claude_opus_4_8_max,64.12384138809608,2
1859,gpt_5_5_xhigh,59.42192919366762,3
1859,claude_fable_5_max,53.76626131272033,4
1859,deepseek_v4_pro_max,50.449593068366326,5
1859,qwen3_8_max,45.19536752536881,6
1859,kimi_k3_max,33.562336409618375,7
1859,gpt_5_6_sol_max,27.055035861580684,8
1859,deepseek_v4_flash_max,24.91161889822518,9
1860,qwen3_8_max,69.76072951822997,1
1860,claude_fable_5_max,68.13289451023111,2
1860,gpt_5_5_xhigh,58.99119294371084,3
1860,gemini_3_1_pro_high,54.57193995588216,4
1860,deepseek_v4_pro_max,34.37599758265279,5
1860,gpt_5_6_sol_max,33.28070972377956,6
1860,claude_opus_4_8_max,26.844055569032022,7
1860,kimi_k3_max,16.22589857385896,8
1860,deepseek_v4_flash_max,5.011828126764598,9
1861,gemini_3_1_pro_high,67.48135267287049,1
1861,gpt_5_5_xhigh,64.9959493875104,2
1861,kimi_k3_max,45.34617115698116,3
1861,qwen3_8_max,41.6214263035551,4
1861,gpt_5_6_sol_max,41.380823770708375,5
1861,claude_fable_5_max,41.23821373553935,6
1861,claude_opus_4_8_max,35.635371538179974,7
1861,deepseek_v4_pro_max,22.906254336142588,8
1861,deepseek_v4_flash_max,19.77621851879245,9
1862,gpt_5_6_sol_max,67.75864826275891,1
1862,gpt_5_5_xhigh,65.38998909018588,2
1862,kimi_k3_max,53.28989344934598,3
1862,qwen3_8_max,52.22578227070286,4
1862,gemini_3_1_pro_high,48.10904073349205,5
1862,claude_fable_5_max,43.45150531859627,6
1862,claude_opus_4_8_max,32.39762956065831,7
1862,deepseek_v4_flash_max,31.780461797959397,8
1862,deepseek_v4_pro_max,31.475729410054022,9
1863,gpt_5_6_sol_max,71.9752270308136,1
1863,qwen3_8_max,61.30226120911712,2
1863,claude_fable_5_max,61.15315916752449,3
1863,gpt_5_5_xhigh,60.693003963700576,4
1863,deepseek_v4_pro_max,33.440785282927564,5
1863,deepseek_v4_flash_max,25.63268540092568,6
1863,claude_opus_4_8_max,24.9842084524073,7
1863,kimi_k3_max,22.369974088932146,8
1863,gemini_3_1_pro_high,18.153699453406105,9
1864,claude_opus_4_8_max,69.5431015041939,1
1864,kimi_k3_max,64.86680310159284,2
1864,qwen3_8_max,56.80104853044201,3
1864,deepseek_v4_pro_max,47.71204570032921,4
1864,gpt_5_6_sol_max,46.5653357903538,5
1864,gemini_3_1_pro_high,46.32349284692427,6
1864,claude_fable_5_max,35.848296601105304,7
1864,deepseek_v4_flash_max,31.540952775667453,8
1864,gpt_5_5_xhigh,30.276258742247986,9
1865,kimi_k3_max,82.61045374656976,1
1865,claude_opus_4_8_max,64.6825902350414,2
1865,gpt_5_5_xhigh,38.6905450457705,3
1865,gemini_3_1_pro_high,34.16714835362705,4
1865,qwen3_8_max,33.55077418892922,5
1865,deepseek_v4_pro_max,33.39465317085014,6
1865,gpt_5_6_sol_max,32.38052670274233,7
1865,deepseek_v4_flash_max,18.740171260553677,8
1865,claude_fable_5_max,11.852670710157057,9
1866,gpt_5_6_sol_max,68.7583059419642,1
1866,claude_opus_4_8_max,59.280717748689604,2
1866,gpt_5_5_xhigh,57.6699121074401,3
1866,claude_fable_5_max,51.17081426765468,4
1866,gemini_3_1_pro_high,48.00725520698428,5
1866,qwen3_8_max,42.4144813872682,6
1866,kimi_k3_max,28.295496214806327,7
1866,deepseek_v4_pro_max,19.591269430885713,8
1866,deepseek_v4_flash_max,11.969752950544049,9
1867,claude_opus_4_8_max,72.07746136202776,1
1867,claude_fable_5_max,53.79599902760911,2
1867,kimi_k3_max,52.166990383357344,3
1867,deepseek_v4_flash_max,48.53562902980541,4
1867,qwen3_8_max,48.17387382777895,5
1867,gemini_3_1_pro_high,47.03338727606525,6
1867,gpt_5_6_sol_max,43.644246012541856,7
1867,gpt_5_5_xhigh,34.91520531566863,8
1867,deepseek_v4_pro_max,34.22124424987014,9
1868,gpt_5_6_sol_max,72.54872084169598,1
1868,claude_fable_5_max,69.83030327911564,2
1868,kimi_k3_max,61.11248068849903,3
1868,qwen3_8_max,56.47905948303655,4
1868,gemini_3_1_pro_high,38.39000586844094,5
1868,gpt_5_5_xhigh,32.72705529716595,6
1868,claude_opus_4_8_max,30.977109943969758,7
1868,deepseek_v4_pro_max,29.14145040292654,8
1868,deepseek_v4_flash_max,15.671868956745875,9
1869,claude_fable_5_max,78.69500648655554,1
1869,gpt_5_5_xhigh,60.205421647771416,2
1869,qwen3_8_max,42.27913877678101,3
1869,deepseek_v4_flash_max,37.261782818828344,4
1869,claude_opus_4_8_max,32.19705375674292,5
1869,gpt_5_6_sol_max,25.60283601297572,6
1869,gemini_3_1_pro_high,24.810087104588742,7
1869,kimi_k3_max,21.16228291514021,8
1869,deepseek_v4_pro_max,14.678603519992484,9
1870,gpt_5_6_sol_max,71.55957594570671,1
1870,claude_fable_5_max,60.83281966025249,2
1870,gemini_3_1_pro_high,59.171595231255424,3
1870,qwen3_8_max,57.641083545273176,4
1870,kimi_k3_max,52.65768830244827,5
1870,claude_opus_4_8_max,48.41493485810707,6
1870,gpt_5_5_xhigh,25.42296470130865,7
1870,deepseek_v4_flash_max,16.34787578090947,8
1870,deepseek_v4_pro_max,12.62430380543314,9
1871,claude_opus_4_8_max,66.74913806451573,1
1871,claude_fable_5_max,60.158910853159504,2
1871,gemini_3_1_pro_high,52.96911330244217,3
1871,gpt_5_6_sol_max,50.72336392879804,4
1871,kimi_k3_max,47.47728787757684,5
1871,gpt_5_5_xhigh,39.95437408948237,6
1871,deepseek_v4_pro_max,35.26010219092078,7
1871,deepseek_v4_flash_max,33.956378576565825,8
1871,qwen3_8_max,13.202955506284479,9
1872,kimi_k3_max,68.64168110495913,1
1872,claude_fable_5_max,66.61237083546949,2
1872,deepseek_v4_pro_max,54.42902088792966,3
1872,gpt_5_5_xhigh,50.914429825588,4
1872,qwen3_8_max,47.576931381385336,5
1872,gpt_5_6_sol_max,42.97106752021058,6
1872,deepseek_v4_flash_max,39.76952900386033,7
1872,claude_opus_4_8_max,30.610926825553122,8
1872,gemini_3_1_pro_high,28.91147504382635,9
1873,gpt_5_6_sol_max,79.11034563001121,1
1873,claude_opus_4_8_max,75.52599673580872,2
1873,qwen3_8_max,70.21155996686923,3
1873,claude_fable_5_max,51.43491696945274,4
1873,deepseek_v4_flash_max,46.67280292510225,5
1873,gemini_3_1_pro_high,38.68422166808486,6
1873,deepseek_v4_pro_max,36.11740067422678,7
1873,gpt_5_5_xhigh,36.085288229974275,8
1873,kimi_k3_max,34.12225076423313,9
1874,gemini_3_1_pro_high,82.37789673036266,1
1874,gpt_5_6_sol_max,80.59285985138887,2
1874,kimi_k3_max,70.73007219726941,3
1874,qwen3_8_max,63.741150698101194,4
1874,claude_fable_5_max,53.24463078889774,5
1874,gpt_5_5_xhigh,43.15845152148887,6
1874,claude_opus_4_8_max,34.627608345751014,7
1874,deepseek_v4_flash_max,34.020295363478226,8
1874,deepseek_v4_pro_max,18.231595889503893,9
1875,claude_opus_4_8_max,79.51214541582158,1
1875,gpt_5_5_xhigh,63.08361087412132,2
1875,qwen3_8_max,58.54074394765263,3
1875,claude_fable_5_max,51.7141321567843,4
1875,kimi_k3_max,43.42061187562539,5
1875,gemini_3_1_pro_high,42.669986357127854,6
1875,deepseek_v4_flash_max,40.54160980598643,7
1875,gpt_5_6_sol_max,35.43840007703244,8
1875,deepseek_v4_pro_max,11.521907441499366,9
1876,claude_fable_5_max,61.43208540717501,1
1876,gpt_5_5_xhigh,59.35100748401372,2
1876,qwen3_8_max,57.05585089026329,3
1876,claude_opus_4_8_max,56.29030507679822,4
1876,gemini_3_1_pro_high,56.0001829372021,5
1876,kimi_k3_max,52.510277880850445,6
1876,deepseek_v4_pro_max,42.71285355674717,7
1876,gpt_5_6_sol_max,27.79679180271446,8
1876,deepseek_v4_flash_max,6.467043408802427,9
1877,gpt_5_5_xhigh,75.15931417298063,1
1877,gemini_3_1_pro_high,42.29917670811566,2
1877,claude_opus_4_8_max,41.685375560276405,3
1877,qwen3_8_max,31.09051334120221,4
1877,claude_fable_5_max,30.30071244827167,5
1877,deepseek_v4_pro_max,30.07163732283564,6
1877,gpt_5_6_sol_max,29.672530920516603,7
1877,kimi_k3_max,27.44626765983273,8
1877,deepseek_v4_flash_max,7.895298173295689,9
1878,kimi_k3_max,79.45082456379939,1
1878,gpt_5_6_sol_max,44.19082488013858,2
1878,claude_opus_4_8_max,38.24232348654874,3
1878,gemini_3_1_pro_high,37.99544492886905,4
1878,claude_fable_5_max,33.46837439333516,5
1878,qwen3_8_max,26.878076883938437,6
1878,gpt_5_5_xhigh,24.03088850191846,7
1878,deepseek_v4_flash_max,19.549963754463086,8
1878,deepseek_v4_pro_max,18.83557955761517,9
1879,gpt_5_5_xhigh,87.52031116859268,1
1879,claude_opus_4_8_max,44.53473168010677,2
1879,qwen3_8_max,37.97931882548683,3
1879,kimi_k3_max,31.731221856942184,4
1879,deepseek_v4_pro_max,30.897329421856828,5
1879,gpt_5_6_sol_max,24.1341471665425,6
1879,gemini_3_1_pro_high,21.425711715863013,7
1879,claude_fable_5_max,16.501583296548326,8
1879,deepseek_v4_flash_max,16.095570641655513,9
1880,claude_fable_5_max,86.71205450415653,1
1880,gpt_5_6_sol_max,83.59173289829747,2
1880,gemini_3_1_pro_high,76.79771748362077,3
1880,kimi_k3_max,69.41297913235346,4
1880,qwen3_8_max,58.88610123907835,5
1880,claude_opus_4_8_max,58.24290668416072,6
1880,deepseek_v4_pro_max,31.561428429921,7
1880,gpt_5_5_xhigh,25.997730922915196,8
1880,deepseek_v4_flash_max,11.38998856696209,9
1881,claude_fable_5_max,71.62629593706049,1
1881,gemini_3_1_pro_high,66.5599474430697,2
1881,gpt_5_6_sol_max,64.7881182406535,3
1881,qwen3_8_max,57.53321067800002,4
1881,gpt_5_5_xhigh,46.48550923149514,5
1881,kimi_k3_max,45.26398521823793,6
1881,deepseek_v4_pro_max,38.47825296169544,7
1881,claude_opus_4_8_max,21.23161420300166,8
1881,deepseek_v4_flash_max,14.832401592956126,9
1882,gpt_5_6_sol_max,76.94133408585627,1
1882,claude_fable_5_max,73.7916588501894,2
1882,gpt_5_5_xhigh,59.96952000134807,3
1882,kimi_k3_max,51.44174801457241,4
1882,gemini_3_1_pro_high,45.86568426799003,5
1882,deepseek_v4_pro_max,39.097274647853624,6
1882,qwen3_8_max,27.43351287288121,7
1882,claude_opus_4_8_max,25.291890718252574,8
1882,deepseek_v4_flash_max,12.364434254409918,9
1883,gpt_5_6_sol_max,74.78776305081806,1
1883,gpt_5_5_xhigh,37.13449319213244,2
1883,claude_opus_4_8_max,36.08251289761694,3
1883,kimi_k3_max,33.02586124642261,4
1883,qwen3_8_max,24.782811567308418,5
1883,deepseek_v4_flash_max,22.898403375805962,6
1883,deepseek_v4_pro_max,17.843039596205738,7
1883,claude_fable_5_max,15.81434532638956,8
1883,gemini_3_1_pro_high,13.225077913693156,9
1884,deepseek_v4_pro_max,60.64323648781044,1
1884,qwen3_8_max,60.275027728288535,2
1884,claude_fable_5_max,54.087880460182774,3
1884,gpt_5_5_xhigh,52.64260699298602,4
1884,claude_opus_4_8_max,48.38934391564317,5
1884,gpt_5_6_sol_max,43.69237754948872,6
1884,kimi_k3_max,38.93209022830416,7
1884,gemini_3_1_pro_high,23.70841907067704,8
1884,deepseek_v4_flash_max,22.05424323298217,9
1885,gpt_5_6_sol_max,72.45868821887787,1
1885,kimi_k3_max,69.27140386813896,2
1885,claude_fable_5_max,62.364671454954305,3
1885,claude_opus_4_8_max,45.10068099139398,4
1885,deepseek_v4_flash_max,37.11794928467254,5
1885,deepseek_v4_pro_max,35.339134686498696,6
1885,qwen3_8_max,32.39911654869466,7
1885,gpt_5_5_xhigh,25.176231247698077,8
1885,gemini_3_1_pro_high,12.441050449642738,9
1886,claude_fable_5_max,58.93463436461106,1
1886,gpt_5_5_xhigh,57.79796115948018,2
1886,qwen3_8_max,55.51793722953254,3
1886,gpt_5_6_sol_max,46.238642957060534,4
1886,gemini_3_1_pro_high,39.86038509464245,5
1886,deepseek_v4_pro_max,38.12638698750543,6
1886,claude_opus_4_8_max,22.314026234781952,7
1886,kimi_k3_max,20.822294819362206,8
1886,deepseek_v4_flash_max,13.476689736117478,9
1887,gemini_3_1_pro_high,73.08188181965471,1
1887,claude_fable_5_max,62.23609445356574,2
1887,qwen3_8_max,58.18330090875534,3
1887,kimi_k3_max,56.65606440838041,4
1887,gpt_5_5_xhigh,46.49386504862143,5
1887,gpt_5_6_sol_max,34.53502019109548,6
1887,deepseek_v4_pro_max,30.912148419482765,7
1887,claude_opus_4_8_max,24.916889354927932,8
1887,deepseek_v4_flash_max,12.585008605900825,9
1888,claude_opus_4_8_max,56.52851670379164,1
1888,kimi_k3_max,49.900063134880256,2
1888,deepseek_v4_flash_max,37.27217331603421,3
1888,gpt_5_5_xhigh,35.7924836802151,4
1888,qwen3_8_max,33.7715001231533,5
1888,claude_fable_5_max,32.58324597891438,6
1888,gemini_3_1_pro_high,27.517602095094066,7
1888,gpt_5_6_sol_max,18.79311913009178,8
1888,deepseek_v4_pro_max,14.283797496383524,9
1889,claude_opus_4_8_max,74.8540588390104,1
1889,kimi_k3_max,67.11523916605762,2
1889,gemini_3_1_pro_high,61.60486040981259,3
1889,claude_fable_5_max,58.658907755132674,4
1889,gpt_5_5_xhigh,49.33013536084144,5
1889,deepseek_v4_pro_max,46.33195271597849,6
1889,qwen3_8_max,45.01216696652497,7
1889,gpt_5_6_sol_max,24.498545048131888,8
1889,deepseek_v4_flash_max,7.768405094765876,9
1890,gpt_5_6_sol_max,71.79221177615045,1
1890,claude_fable_5_max,61.72003798178051,2
1890,gpt_5_5_xhigh,53.76095336309044,3
1890,qwen3_8_max,42.836905203778294,4
1890,deepseek_v4_flash_max,32.1776722463954,5
1890,claude_opus_4_8_max,30.55385000512653,6
1890,gemini_3_1_pro_high,30.499771091681694,7
1890,deepseek_v4_pro_max,19.967970591645795,8
1890,kimi_k3_max,12.258677911961486,9
1891,gpt_5_6_sol_max,74.01260528446127,1
1891,gpt_5_5_xhigh,69.87485468237638,2
1891,claude_fable_5_max,69.15241307834063,3
1891,gemini_3_1_pro_high,65.14241776295273,4
1891,kimi_k3_max,64.85362142554865,5
1891,qwen3_8_max,62.211855887695776,6
1891,claude_opus_4_8_max,38.07866487877905,7
1891,deepseek_v4_flash_max,24.832716462302074,8
1891,deepseek_v4_pro_max,20.693185506937688,9
1892,gpt_5_6_sol_max,65.96315959981928,1
1892,claude_opus_4_8_max,65.36410859663911,2
1892,kimi_k3_max,62.03668504804636,3
1892,gemini_3_1_pro_high,61.499428160127515,4
1892,claude_fable_5_max,58.68964073687437,5
1892,qwen3_8_max,52.35195375391717,6
1892,deepseek_v4_flash_max,50.82491680844232,7
1892,gpt_5_5_xhigh,29.886717760933145,8
1892,deepseek_v4_pro_max,11.879693131833879,9
1893,kimi_k3_max,88.16861308520613,1
1893,claude_opus_4_8_max,76.66095890708527,2
1893,gpt_5_5_xhigh,75.60486745913684,3
1893,gpt_5_6_sol_max,36.40521182344518,4
1893,claude_fable_5_max,27.03214127928389,5
1893,deepseek_v4_pro_max,26.20826918552475,6
1893,qwen3_8_max,25.62271294437477,7
1893,deepseek_v4_flash_max,19.086025802601814,8
1893,gemini_3_1_pro_high,15.472731141192272,9
1894,kimi_k3_max,75.25110699566139,1
1894,gpt_5_5_xhigh,60.040164405382725,2
1894,claude_fable_5_max,59.78223790083112,3
1894,gemini_3_1_pro_high,42.208640723960166,4
1894,qwen3_8_max,36.724392879121105,5
1894,gpt_5_6_sol_max,33.320069577834616,6
1894,deepseek_v4_flash_max,25.452345018234816,7
1894,deepseek_v4_pro_max,23.888095874129633,8
1894,claude_opus_4_8_max,19.489366367762713,9
1895,kimi_k3_max,80.3927876818014,1
1895,gpt_5_5_xhigh,74.53466472648117,2
1895,gpt_5_6_sol_max,63.10230688120882,3
1895,claude_fable_5_max,50.53648322475081,4
1895,gemini_3_1_pro_high,42.66401162755812,5
1895,deepseek_v4_pro_max,40.761124973212915,6
1895,claude_opus_4_8_max,28.05040501531525,7
1895,qwen3_8_max,25.353854209573765,8
1895,deepseek_v4_flash_max,19.550195304293794,9
1896,kimi_k3_max,68.728983089287,1
1896,gemini_3_1_pro_high,61.255430372207215,2
1896,claude_opus_4_8_max,56.662745690643064,3
1896,qwen3_8_max,55.24884720780186,4
1896,claude_fable_5_max,53.51358276795085,5
1896,gpt_5_5_xhigh,37.974429181064224,6
1896,gpt_5_6_sol_max,34.65257847643139,7
1896,deepseek_v4_pro_max,34.19782366896301,8
1896,deepseek_v4_flash_max,30.04897768942594,9
1897,claude_opus_4_8_max,73.72739162286621,1
1897,gpt_5_6_sol_max,67.20169658200997,2
1897,kimi_k3_max,45.87293942884636,3
1897,deepseek_v4_pro_max,43.800121845890956,4
1897,claude_fable_5_max,43.38453621197366,5
1897,qwen3_8_max,40.39878095932807,6
1897,gemini_3_1_pro_high,31.32856607269393,7
1897,gpt_5_5_xhigh,30.614040670420557,8
1897,deepseek_v4_flash_max,16.713677735307993,9
1898,gpt_5_5_xhigh,56.0962203169851,1
1898,deepseek_v4_pro_max,51.00529183937322,2
1898,gpt_5_6_sol_max,45.42207769688549,3
1898,kimi_k3_max,45.183732525352156,4
1898,claude_fable_5_max,38.75572290894115,5
1898,qwen3_8_max,34.17428565034473,6
1898,claude_opus_4_8_max,27.46849992945324,7
1898,gemini_3_1_pro_high,27.264789300449745,8
1898,deepseek_v4_flash_max,20.23031840499845,9
1899,kimi_k3_max,79.8905920241796,1
1899,gpt_5_6_sol_max,76.81598371694979,2
1899,gpt_5_5_xhigh,64.65118518129032,3
1899,gemini_3_1_pro_high,50.80472891736835,4
1899,deepseek_v4_pro_max,45.02821588568138,5
1899,claude_fable_5_max,36.61276298316594,6
1899,claude_opus_4_8_max,22.224924720581626,7
1899,qwen3_8_max,20.84193093219371,8
1899,deepseek_v4_flash_max,6.397469178776952,9
1900,gpt_5_6_sol_max,73.15274508478377,1
1900,gemini_3_1_pro_high,50.70503972787309,2
1900,qwen3_8_max,48.277982259877376,3
1900,gpt_5_5_xhigh,45.32290399595891,4
1900,deepseek_v4_flash_max,40.84657187420451,5
1900,claude_fable_5_max,40.69194366543381,6
1900,claude_opus_4_8_max,39.773632871465956,7
1900,kimi_k3_max,25.721747692661573,8
1900,deepseek_v4_pro_max,10.434704462228762,9
1901,gpt_5_5_xhigh,68.50813960044968,1
1901,claude_fable_5_max,61.95463743828435,2
1901,gpt_5_6_sol_max,48.0427960578954,3
1901,qwen3_8_max,40.2340404254153,4
1901,kimi_k3_max,36.07661556556513,5
1901,gemini_3_1_pro_high,36.038089417249566,6
1901,deepseek_v4_flash_max,26.127814070461298,7
1901,claude_opus_4_8_max,25.77451154395923,8
1901,deepseek_v4_pro_max,18.963273060962088,9
1902,claude_opus_4_8_max,79.25431864462878,1
1902,claude_fable_5_max,60.64067257171716,2
1902,kimi_k3_max,59.44121754776414,3
1902,gemini_3_1_pro_high,48.457480515174055,4
1902,deepseek_v4_pro_max,47.05538932026801,5
1902,gpt_5_6_sol_max,43.66560983219608,6
1902,qwen3_8_max,37.71757036264555,7
1902,deepseek_v4_flash_max,31.179125241826355,8
1902,gpt_5_5_xhigh,27.761188018933126,9
1903,gpt_5_6_sol_max,63.14997286077751,1
1903,claude_fable_5_max,61.46909491558199,2
1903,qwen3_8_max,61.205288812831746,3
1903,gemini_3_1_pro_high,44.24243328832584,4
1903,deepseek_v4_pro_max,32.49800870224416,5
1903,gpt_5_5_xhigh,29.509071961210974,6
1903,claude_opus_4_8_max,28.94286995307764,7
1903,kimi_k3_max,28.940101408665292,8
1903,deepseek_v4_flash_max,8.216210067491694,9
1904,gpt_5_6_sol_max,76.73899997012958,1
1904,gemini_3_1_pro_high,63.68546305650366,2
1904,qwen3_8_max,62.80434778313138,3
1904,claude_fable_5_max,60.901515585140984,4
1904,claude_opus_4_8_max,59.968270021843466,5
1904,gpt_5_5_xhigh,41.591780975293766,6
1904,deepseek_v4_pro_max,41.10721632497814,7
1904,kimi_k3_max,33.59996140853382,8
1904,deepseek_v4_flash_max,13.989799292566827,9
1905,gpt_5_6_sol_max,82.26065716428772,1
1905,qwen3_8_max,60.039355071701095,2
1905,gemini_3_1_pro_high,52.988148506146146,3
1905,claude_opus_4_8_max,37.508859917442884,4
1905,gpt_5_5_xhigh,36.028953320802,5
1905,claude_fable_5_max,31.14915561442086,6
1905,deepseek_v4_pro_max,28.811166351965454,7
1905,deepseek_v4_flash_max,18.10355672793323,8
1905,kimi_k3_max,15.31317595578755,9
1906,claude_opus_4_8_max,74.21647754395438,1
1906,qwen3_8_max,67.4700322276964,2
1906,gpt_5_6_sol_max,58.12767504764793,3
1906,kimi_k3_max,48.109458668149465,4
1906,gemini_3_1_pro_high,42.13517544984745,5
1906,deepseek_v4_pro_max,35.55955316569356,6
1906,claude_fable_5_max,34.75948897535606,7
1906,deepseek_v4_flash_max,32.98146969984592,8
1906,gpt_5_5_xhigh,27.986961078639474,9
1907,gemini_3_1_pro_high,83.50205910831727,1
1907,kimi_k3_max,74.1117620196242,2
1907,claude_fable_5_max,66.80446553593629,3
1907,qwen3_8_max,64.0684087696262,4
1907,gpt_5_5_xhigh,42.07435941419344,5
1907,gpt_5_6_sol_max,40.258483211125785,6
1907,deepseek_v4_flash_max,34.46109971377308,7
1907,claude_opus_4_8_max,31.253191103520628,8
1907,deepseek_v4_pro_max,18.25885280347031,9
1908,claude_fable_5_max,84.94675125020898,1
1908,gemini_3_1_pro_high,52.059835980445456,2
1908,qwen3_8_max,51.27885582134188,3
1908,gpt_5_6_sol_max,50.879180763716036,4
1908,deepseek_v4_flash_max,44.17240115009979,5
1908,gpt_5_5_xhigh,36.75339212731622,6
1908,kimi_k3_max,32.48318760427201,7
1908,deepseek_v4_pro_max,24.61492831971481,8
1908,claude_opus_4_8_max,18.66049351735571,9
1909,gpt_5_6_sol_max,83.41568603805376,1
1909,kimi_k3_max,80.00056365156878,2
1909,qwen3_8_max,57.67469968731249,3
1909,claude_opus_4_8_max,48.06484655326598,4
1909,deepseek_v4_flash_max,29.540601868224,5
1909,claude_fable_5_max,26.17526547346516,6
1909,gpt_5_5_xhigh,25.177559290716946,7
1909,deepseek_v4_pro_max,20.805306634991645,8
1909,gemini_3_1_pro_high,16.04499773004152,9
1910,claude_fable_5_max,87.68431669900394,1
1910,gpt_5_5_xhigh,60.86932320553507,2
1910,gpt_5_6_sol_max,54.21585482765004,3
1910,deepseek_v4_flash_max,34.46648104746831,4
1910,qwen3_8_max,32.208860368255735,5
1910,gemini_3_1_pro_high,30.03962448710355,6
1910,kimi_k3_max,25.23039130062426,7
1910,deepseek_v4_pro_max,20.11641786264898,8
1910,claude_opus_4_8_max,19.132569366807132,9
1911,kimi_k3_max,74.92484236242028,1
1911,gpt_5_5_xhigh,68.48771846103612,2
1911,claude_fable_5_max,65.84386047931613,3
1911,gpt_5_6_sol_max,59.52400808247648,4
1911,gemini_3_1_pro_high,51.04580162466651,5
1911,qwen3_8_max,44.1458933679818,6
1911,deepseek_v4_flash_max,36.69240152484359,7
1911,claude_opus_4_8_max,24.092838427674277,8
1911,deepseek_v4_pro_max,20.80564780152075,9
1912,kimi_k3_max,84.49363809258784,1
1912,claude_fable_5_max,59.6346945121956,2
1912,qwen3_8_max,59.517329319400574,3
1912,gpt_5_5_xhigh,48.79554310100353,4
1912,gemini_3_1_pro_high,41.054667501641646,5
1912,claude_opus_4_8_max,39.96557008619728,6
1912,gpt_5_6_sol_max,24.488560441163237,7
1912,deepseek_v4_pro_max,21.996021713938088,8
1912,deepseek_v4_flash_max,13.805554337079348,9
1913,claude_fable_5_max,71.98217006631599,1
1913,gemini_3_1_pro_high,46.37478790082782,2
1913,gpt_5_5_xhigh,43.4902371142762,3
1913,claude_opus_4_8_max,34.71660243537144,4
1913,gpt_5_6_sol_max,29.50964043640024,5
1913,qwen3_8_max,29.32761089150263,6
1913,deepseek_v4_pro_max,26.506566505241,7
1913,deepseek_v4_flash_max,18.758697552536713,8
1913,kimi_k3_max,12.859828364711788,9
1914,gemini_3_1_pro_high,72.87933446112163,1
1914,kimi_k3_max,57.33001094423105,2
1914,gpt_5_6_sol_max,54.018925955118995,3
1914,qwen3_8_max,52.4788703567861,4
1914,claude_fable_5_max,49.74687233523774,5
1914,gpt_5_5_xhigh,42.973202402129324,6
1914,claude_opus_4_8_max,42.75802501280889,7
1914,deepseek_v4_flash_max,40.77119727712013,8
1914,deepseek_v4_pro_max,13.02711006244467,9
1915,gpt_5_6_sol_max,70.11460161019261,1
1915,claude_fable_5_max,64.46732300606271,2
1915,deepseek_v4_pro_max,39.244542420308704,3
1915,kimi_k3_max,39.03362077394044,4
1915,claude_opus_4_8_max,36.069312670536405,5
1915,gpt_5_5_xhigh,34.75485243837981,6
1915,qwen3_8_max,31.39103018752297,7
1915,gemini_3_1_pro_high,23.86460088414658,8
1915,deepseek_v4_flash_max,11.08050088080265,9
1916,qwen3_8_max,55.27985477274919,1
1916,gpt_5_6_sol_max,52.86974794927664,2
1916,gpt_5_5_xhigh,47.160972337092936,3
1916,claude_fable_5_max,43.49215694860852,4
1916,gemini_3_1_pro_high,43.06848368711778,5
1916,deepseek_v4_pro_max,41.94364929903646,6
1916,claude_opus_4_8_max,38.32416463658046,7
1916,deepseek_v4_flash_max,38.176637677330774,8
1916,kimi_k3_max,26.984451615390963,9
1917,kimi_k3_max,72.89824590873624,1
1917,gpt_5_5_xhigh,72.18390724062813,2
1917,claude_fable_5_max,58.28862881825431,3
1917,deepseek_v4_pro_max,45.851358583551104,4
1917,gemini_3_1_pro_high,38.40354745612072,5
1917,qwen3_8_max,34.42064993008198,6
1917,gpt_5_6_sol_max,25.377985087486458,7
1917,claude_opus_4_8_max,24.71274379238067,8
1917,deepseek_v4_flash_max,7.802090039959734,9
1918,claude_opus_4_8_max,74.55709244282569,1
1918,qwen3_8_max,71.76678313333086,2
1918,gpt_5_6_sol_max,71.74059813517432,3
1918,claude_fable_5_max,62.557560538719976,4
1918,gemini_3_1_pro_high,46.05335383179818,5
1918,kimi_k3_max,35.352490715913476,6
1918,gpt_5_5_xhigh,30.115869309169437,7
1918,deepseek_v4_flash_max,24.125145743551116,8
1918,deepseek_v4_pro_max,4.358469239355365,9
1919,gpt_5_5_xhigh,72.62521202979022,1
1919,gemini_3_1_pro_high,72.35836913236466,2
1919,claude_opus_4_8_max,60.33340844618344,3
1919,gpt_5_6_sol_max,56.57934351254542,4
1919,qwen3_8_max,51.008791806446055,5
1919,claude_fable_5_max,45.72749688878954,6
1919,kimi_k3_max,42.450479564172596,7
1919,deepseek_v4_flash_max,34.870077626852115,8
1919,deepseek_v4_pro_max,30.53365751940738,9
1920,gpt_5_5_xhigh,79.57971391004757,1
1920,gpt_5_6_sol_max,52.1468859937273,2
1920,claude_opus_4_8_max,41.99418324264069,3
1920,deepseek_v4_pro_max,34.382375922679415,4
1920,kimi_k3_max,32.86455695576564,5
1920,claude_fable_5_max,21.226863510945304,6
1920,qwen3_8_max,20.46677095095779,7
1920,gemini_3_1_pro_high,20.143735662228387,8
1920,deepseek_v4_flash_max,20.093548460367977,9
1921,claude_opus_4_8_max,69.22834692872709,1
1921,gpt_5_6_sol_max,64.35649443004891,2
1921,kimi_k3_max,63.284286958408906,3
1921,gemini_3_1_pro_high,57.674085792025,4
1921,gpt_5_5_xhigh,57.018214275626114,5
1921,qwen3_8_max,54.567562666635595,6
1921,claude_fable_5_max,40.67028855392823,7
1921,deepseek_v4_flash_max,37.78064437302739,8
1921,deepseek_v4_pro_max,24.279895415722713,9
1922,gpt_5_6_sol_max,70.78649809241121,1
1922,qwen3_8_max,53.21445281633119,2
1922,deepseek_v4_flash_max,52.37317613639235,3
1922,gemini_3_1_pro_high,51.909381078803534,4
1922,kimi_k3_max,51.479808613335976,5
1922,claude_opus_4_8_max,42.56533382569607,6
1922,claude_fable_5_max,40.65155595055276,7
1922,gpt_5_5_xhigh,32.03659183252401,8
1922,deepseek_v4_pro_max,28.306489795332773,9
1923,kimi_k3_max,81.23502612609208,1
1923,claude_fable_5_max,57.35891226123207,2
1923,gpt_5_5_xhigh,50.023432333794176,3
1923,gpt_5_6_sol_max,41.959555340632896,4
1923,deepseek_v4_pro_max,41.78149591411899,5
1923,qwen3_8_max,34.06957779830104,6
1923,gemini_3_1_pro_high,28.841942029100252,7
1923,deepseek_v4_flash_max,22.027430824884497,8
1923,claude_opus_4_8_max,17.95830232889928,9
1924,gpt_5_6_sol_max,76.23680179476226,1
1924,gpt_5_5_xhigh,44.20623782802859,2
1924,qwen3_8_max,44.062513620956096,3
1924,gemini_3_1_pro_high,40.59239474882992,4
1924,deepseek_v4_pro_max,40.14779771548871,5
1924,deepseek_v4_flash_max,39.92214091585522,6
1924,claude_opus_4_8_max,35.43818401053385,7
1924,claude_fable_5_max,34.80891649548067,8
1924,kimi_k3_max,31.02555677530247,9
1925,gpt_5_6_sol_max,73.8728410594266,1
1925,gpt_5_5_xhigh,59.18427158519185,2
1925,claude_opus_4_8_max,57.32054493594333,3
1925,claude_fable_5_max,47.413930976598124,4
1925,gemini_3_1_pro_high,38.244563595598436,5
1925,deepseek_v4_flash_max,36.17667420293657,6
1925,qwen3_8_max,32.82988580456456,7
1925,kimi_k3_max,25.919781676376846,8
1925,deepseek_v4_pro_max,13.318644334258659,9
1926,claude_opus_4_8_max,85.41930030780514,1
1926,gpt_5_6_sol_max,50.306365906172914,2
1926,qwen3_8_max,50.2825079085163,3
1926,gpt_5_5_xhigh,47.391758207127786,4
1926,gemini_3_1_pro_high,37.83494161107613,5
1926,deepseek_v4_flash_max,33.83657768515287,6
1926,deepseek_v4_pro_max,32.20599126064509,7
1926,kimi_k3_max,32.06498915729648,8
1926,claude_fable_5_max,21.20586315084676,9
1927,gpt_5_5_xhigh,79.33439459270406,1
1927,gemini_3_1_pro_high,77.82018512485685,2
1927,gpt_5_6_sol_max,73.07162934734154,3
1927,kimi_k3_max,67.3772847461046,4
1927,qwen3_8_max,56.260419143143366,5
1927,deepseek_v4_flash_max,47.65361045461648,6
1927,claude_opus_4_8_max,33.2724872891702,7
1927,claude_fable_5_max,24.430780534292353,8
1927,deepseek_v4_pro_max,19.21860917580268,9
1928,gpt_5_6_sol_max,78.55649250686241,1
1928,gemini_3_1_pro_high,67.03791516801952,2
1928,qwen3_8_max,60.633494713970265,3
1928,gpt_5_5_xhigh,51.90454732505141,4
1928,claude_opus_4_8_max,49.79674695505335,5
1928,claude_fable_5_max,36.20815683667985,6
1928,kimi_k3_max,31.500874935639764,7
1928,deepseek_v4_pro_max,22.333361706381844,8
1928,deepseek_v4_flash_max,21.886050733940646,9
1929,qwen3_8_max,75.23920790855742,1
1929,gpt_5_6_sol_max,67.42433467619588,2
1929,gpt_5_5_xhigh,66.36729895105026,3
1929,claude_opus_4_8_max,59.91392013821066,4
1929,gemini_3_1_pro_high,46.961141482186015,5
1929,kimi_k3_max,46.43897505357412,6
1929,claude_fable_5_max,39.89896884667337,7
1929,deepseek_v4_flash_max,23.871851514602493,8
1929,deepseek_v4_pro_max,13.779061569560902,9
1930,claude_fable_5_max,85.63822058955913,1
1930,gemini_3_1_pro_high,57.253079974594606,2
1930,qwen3_8_max,55.990637590146335,3
1930,gpt_5_5_xhigh,50.528428980175974,4
1930,gpt_5_6_sol_max,47.373785147276294,5
1930,deepseek_v4_flash_max,39.359426090228844,6
1930,claude_opus_4_8_max,33.31022454051298,7
1930,kimi_k3_max,32.457231063693825,8
1930,deepseek_v4_pro_max,28.88490174571631,9
1931,gpt_5_5_xhigh,67.41176016257933,1
1931,claude_opus_4_8_max,51.656026273621585,2
1931,claude_fable_5_max,48.56999820590826,3
1931,gpt_5_6_sol_max,44.490705590608954,4
1931,qwen3_8_max,38.71502902867442,5
1931,kimi_k3_max,36.48784094054158,6
1931,deepseek_v4_pro_max,29.339758960854027,7
1931,gemini_3_1_pro_high,15.644157907891891,8
1931,deepseek_v4_flash_max,1.8118997077307806,9
1932,gpt_5_6_sol_max,70.85277142569714,1
1932,claude_fable_5_max,70.02402869436935,2
1932,kimi_k3_max,65.65958372488078,3
1932,qwen3_8_max,55.9179723555437,4
1932,gemini_3_1_pro_high,49.85859666196543,5
1932,deepseek_v4_flash_max,43.42881045823241,6
1932,claude_opus_4_8_max,34.19604877195736,7
1932,gpt_5_5_xhigh,26.74415455897366,8
1932,deepseek_v4_pro_max,2.231187241122148,9
1933,kimi_k3_max,88.96298441521125,1
1933,gpt_5_5_xhigh,68.7745633888841,2
1933,gpt_5_6_sol_max,66.29744983276012,3
1933,qwen3_8_max,53.30441870836442,4
1933,claude_fable_5_max,52.87060082372237,5
1933,gemini_3_1_pro_high,46.700741855521116,6
1933,deepseek_v4_pro_max,31.583827569340684,7
1933,deepseek_v4_flash_max,29.913781468345164,8
1933,claude_opus_4_8_max,26.38938848073914,9
1934,gpt_5_6_sol_max,72.3262196330111,1
1934,claude_fable_5_max,66.4014071247845,2
1934,gemini_3_1_pro_high,50.59556893884999,3
1934,deepseek_v4_pro_max,41.126255351837955,4
1934,qwen3_8_max,38.71533297259077,5
1934,gpt_5_5_xhigh,36.55008128708476,6
1934,kimi_k3_max,30.934446003422835,7
1934,claude_opus_4_8_max,28.054481239130478,8
1934,deepseek_v4_flash_max,8.928138630059532,9
1935,claude_fable_5_max,66.22960185324357,1
1935,gpt_5_6_sol_max,61.55219915889662,2
1935,kimi_k3_max,61.27612610866761,3
1935,claude_opus_4_8_max,54.125268036097054,4
1935,qwen3_8_max,48.6230109653786,5
1935,gemini_3_1_pro_high,38.863392264882364,6
1935,deepseek_v4_pro_max,36.180930349023726,7
1935,gpt_5_5_xhigh,36.06760010855921,8
1935,deepseek_v4_flash_max,32.15484814470486,9
1936,claude_fable_5_max,91.17150848825527,1
1936,claude_opus_4_8_max,53.098792928734525,2
1936,gpt_5_6_sol_max,51.09226270160625,3
1936,gemini_3_1_pro_high,37.23031185481592,4
1936,deepseek_v4_pro_max,27.375000139955482,5
1936,deepseek_v4_flash_max,27.236686035309212,6
1936,gpt_5_5_xhigh,23.65737794510762,7
1936,qwen3_8_max,20.32766443924583,8
1936,kimi_k3_max,17.329458313961197,9
1937,claude_opus_4_8_max,60.1432235962168,1
1937,kimi_k3_max,55.75018542534792,2
1937,gemini_3_1_pro_high,53.35889175924259,3
1937,claude_fable_5_max,50.770639379580444,4
1937,gpt_5_5_xhigh,49.50993187192885,5
1937,qwen3_8_max,49.39532556866013,6
1937,gpt_5_6_sol_max,33.99747685971332,7
1937,deepseek_v4_flash_max,28.345773870132827,8
1937,deepseek_v4_pro_max,22.2922854124618,9
1938,gpt_5_5_xhigh,65.72983900838624,1
1938,kimi_k3_max,65.17836178864358,2
1938,gemini_3_1_pro_high,52.047901203098135,3
1938,qwen3_8_max,46.80305693144987,4
1938,claude_opus_4_8_max,41.02944479830367,5
1938,deepseek_v4_pro_max,35.47841752354468,6
1938,gpt_5_6_sol_max,31.821370988851328,7
1938,claude_fable_5_max,28.185201756388757,8
1938,deepseek_v4_flash_max,23.21371521914449,9
1939,gemini_3_1_pro_high,80.42067134183735,1
1939,claude_fable_5_max,60.08547514730321,2
1939,claude_opus_4_8_max,50.94147401827575,3
1939,qwen3_8_max,50.842809116983176,4
1939,gpt_5_6_sol_max,46.706919189609565,5
1939,kimi_k3_max,45.62226966300382,6
1939,gpt_5_5_xhigh,32.39913907815153,7
1939,deepseek_v4_flash_max,22.864730250022404,8
1939,deepseek_v4_pro_max,10.9328033945561,9
1940,kimi_k3_max,68.65702879857935,1
1940,claude_opus_4_8_max,63.38622703016405,2
1940,qwen3_8_max,50.8202195511795,3
1940,gpt_5_5_xhigh,47.71777797080598,4
1940,gemini_3_1_pro_high,44.192094076111474,5
1940,claude_fable_5_max,43.49599461022366,6
1940,deepseek_v4_pro_max,42.732518142099664,7
1940,deepseek_v4_flash_max,39.747646455206734,8
1940,gpt_5_6_sol_max,25.823969885007937,9
1941,claude_fable_5_max,77.06302953557073,1
1941,gpt_5_6_sol_max,63.88464545885688,2
1941,kimi_k3_max,58.537850675290784,3
1941,gpt_5_5_xhigh,56.5453477771216,4
1941,deepseek_v4_pro_max,42.905659345167905,5
1941,deepseek_v4_flash_max,31.98306594680298,6
1941,gemini_3_1_pro_high,25.641147719725154,7
1941,claude_opus_4_8_max,21.366445942539556,8
1941,qwen3_8_max,20.67172625169027,9
1942,gpt_5_5_xhigh,61.4215562274542,1
1942,gpt_5_6_sol_max,59.50643078582006,2
1942,claude_opus_4_8_max,46.52189510141163,3
1942,claude_fable_5_max,46.28164345954345,4
1942,qwen3_8_max,43.10941573328941,5
1942,gemini_3_1_pro_high,37.343255421625095,6
1942,deepseek_v4_pro_max,30.58394893083804,7
1942,kimi_k3_max,25.36555809194588,8
1942,deepseek_v4_flash_max,15.136188229061672,9
1943,gpt_5_6_sol_max,78.17399203573817,1
1943,gpt_5_5_xhigh,74.70274959092863,2
1943,claude_fable_5_max,63.69797911105039,3
1943,claude_opus_4_8_max,61.14990553488344,4
1943,qwen3_8_max,58.466247221678884,5
1943,deepseek_v4_pro_max,37.23989620278728,6
1943,gemini_3_1_pro_high,34.97422731396436,7
1943,kimi_k3_max,31.044929768696605,8
1943,deepseek_v4_flash_max,30.6152559984169,9
1944,gemini_3_1_pro_high,68.74999907356201,1
1944,claude_opus_4_8_max,64.1806380020328,2
1944,kimi_k3_max,59.49124325912214,3
1944,claude_fable_5_max,48.94021918789545,4
1944,gpt_5_6_sol_max,47.10238146332823,5
1944,qwen3_8_max,42.93956437473159,6
1944,gpt_5_5_xhigh,31.547827710134055,7
1944,deepseek_v4_flash_max,27.05232731425652,8
1944,deepseek_v4_pro_max,24.5726068628109,9
1945,gpt_5_6_sol_max,81.4765076632587,1
1945,gpt_5_5_xhigh,77.5753308461269,2
1945,qwen3_8_max,73.64470168677741,3
1945,gemini_3_1_pro_high,71.12979204396773,4
1945,claude_fable_5_max,47.592317252545335,5
1945,kimi_k3_max,40.65718370160833,6
1945,claude_opus_4_8_max,39.153839174473525,7
1945,deepseek_v4_flash_max,29.179185222105005,8
1945,deepseek_v4_pro_max,11.937547018817792,9
1946,kimi_k3_max,71.32481277329983,1
1946,qwen3_8_max,62.58973728713192,2
1946,claude_fable_5_max,62.52918989330857,3
1946,gpt_5_6_sol_max,54.78718001335649,4
1946,deepseek_v4_pro_max,53.38506546656181,5
1946,claude_opus_4_8_max,52.615744451105414,6
1946,gemini_3_1_pro_high,48.78232483432193,7
1946,deepseek_v4_flash_max,30.741854526513308,8
1946,gpt_5_5_xhigh,21.335370587740794,9
1947,claude_opus_4_8_max,67.13435837289073,1
1947,gpt_5_5_xhigh,56.242180025049485,2
1947,claude_fable_5_max,52.39236157702227,3
1947,kimi_k3_max,47.321680621107404,4
1947,qwen3_8_max,43.13566198133914,5
1947,deepseek_v4_pro_max,39.18653119301568,6
1947,gemini_3_1_pro_high,38.71863802382914,7
1947,gpt_5_6_sol_max,28.417844089581823,8
1947,deepseek_v4_flash_max,8.612218262649415,9
1948,qwen3_8_max,77.72254182324076,1
1948,gpt_5_6_sol_max,75.73906307832507,2
1948,gpt_5_5_xhigh,67.15141683794002,3
1948,claude_opus_4_8_max,64.23636029540438,4
1948,claude_fable_5_max,63.79507099067824,5
1948,deepseek_v4_pro_max,47.83761479172999,6
1948,gemini_3_1_pro_high,46.257127005127195,7
1948,kimi_k3_max,32.71835164000283,8
1948,deepseek_v4_flash_max,29.23228251679397,9
1949,gpt_5_6_sol_max,76.3574372928831,1
1949,qwen3_8_max,60.34262316589947,2
1949,claude_fable_5_max,53.63732562335561,3
1949,deepseek_v4_pro_max,32.51543013074854,4
1949,gpt_5_5_xhigh,29.869567422641467,5
1949,claude_opus_4_8_max,22.31201722759478,6
1949,gemini_3_1_pro_high,21.220343624195998,7
1949,kimi_k3_max,20.05386650440491,8
1949,deepseek_v4_flash_max,7.261795883271206,9
1950,claude_fable_5_max,86.37427254152068,1
1950,gemini_3_1_pro_high,64.06884058982993,2
1950,gpt_5_6_sol_max,59.09338245488181,3
1950,kimi_k3_max,46.54090653480612,4
1950,gpt_5_5_xhigh,43.40319648235483,5
1950,claude_opus_4_8_max,37.036890033737265,6
1950,deepseek_v4_flash_max,31.867698943933153,7
1950,qwen3_8_max,27.3804152229647,8
1950,deepseek_v4_pro_max,12.413317649990116,9
1951,gpt_5_6_sol_max,74.94846710039207,1
1951,claude_opus_4_8_max,64.42006455125983,2
1951,gpt_5_5_xhigh,48.34315618674333,3
1951,kimi_k3_max,46.15382938218608,4
1951,qwen3_8_max,34.82749519104074,5
1951,claude_fable_5_max,25.70737145243011,6
1951,deepseek_v4_flash_max,24.79517814478748,7
1951,deepseek_v4_pro_max,22.9933701933314,8
1951,gemini_3_1_pro_high,18.55404481583928,9
1952,gpt_5_6_sol_max,80.51057875849145,1
1952,gemini_3_1_pro_high,64.9869371966535,2
1952,claude_opus_4_8_max,48.735484255968494,3
1952,kimi_k3_max,45.851110224406185,4
1952,claude_fable_5_max,45.40626914884206,5
1952,qwen3_8_max,43.71171325320721,6
1952,gpt_5_5_xhigh,28.704261922970915,7
1952,deepseek_v4_flash_max,20.250191799670404,8
1952,deepseek_v4_pro_max,19.25700106211618,9
1953,gpt_5_6_sol_max,73.50504540229518,1
1953,kimi_k3_max,55.80541365820886,2
1953,claude_opus_4_8_max,39.63269196973657,3
1953,gemini_3_1_pro_high,34.121299621668214,4
1953,qwen3_8_max,32.07952707588039,5
1953,claude_fable_5_max,31.16766645199983,6
1953,gpt_5_5_xhigh,24.904472542382543,7
1953,deepseek_v4_flash_max,23.201657925912087,8
1953,deepseek_v4_pro_max,15.80779246613441,9
1954,claude_fable_5_max,81.00477486891471,1
1954,qwen3_8_max,57.67365272986801,2
1954,claude_opus_4_8_max,50.806729474850684,3
1954,kimi_k3_max,47.59933866715326,4
1954,gpt_5_5_xhigh,47.05183740413471,5
1954,deepseek_v4_pro_max,39.43891561110777,6
1954,gpt_5_6_sol_max,35.517972769213685,7
1954,gemini_3_1_pro_high,25.359293513737704,8
1954,deepseek_v4_flash_max,10.669924798336542,9
1955,gpt_5_6_sol_max,68.71536912408284,1
1955,gpt_5_5_xhigh,66.55709544294018,2
1955,claude_opus_4_8_max,39.0324838957532,3
1955,kimi_k3_max,37.33842870905048,4
1955,gemini_3_1_pro_high,34.5389969499517,5
1955,qwen3_8_max,32.09100839972762,6
1955,claude_fable_5_max,28.10894647267627,7
1955,deepseek_v4_pro_max,20.86285773157118,8
1955,deepseek_v4_flash_max,13.047637921716639,9
1956,claude_opus_4_8_max,72.23884589483997,1
1956,claude_fable_5_max,60.82617002970552,2
1956,gpt_5_6_sol_max,54.25472027436187,3
1956,qwen3_8_max,50.68946439030822,4
1956,deepseek_v4_flash_max,40.55927830287755,5
1956,gemini_3_1_pro_high,40.44148576558891,6
1956,kimi_k3_max,35.131534433697006,7
1956,gpt_5_5_xhigh,26.586622607685662,8
1956,deepseek_v4_pro_max,4.436237463907511,9
1957,gpt_5_5_xhigh,86.20141466549232,1
1957,gemini_3_1_pro_high,53.05937531731047,2
1957,kimi_k3_max,46.23581250500251,3
1957,gpt_5_6_sol_max,43.19311315641227,4
1957,qwen3_8_max,42.19797641275215,5
1957,claude_opus_4_8_max,39.485466463470445,6
1957,deepseek_v4_flash_max,34.518334737401304,7
1957,claude_fable_5_max,30.268192768295037,8
1957,deepseek_v4_pro_max,9.86213747722589,9
1958,claude_fable_5_max,83.17783913449595,1
1958,gpt_5_6_sol_max,58.36092249996869,2
1958,gpt_5_5_xhigh,54.047071312241286,3
1958,qwen3_8_max,49.45401531451714,4
1958,gemini_3_1_pro_high,27.774420602540555,5
1958,kimi_k3_max,24.074781360589984,6
1958,claude_opus_4_8_max,22.441303929129333,7
1958,deepseek_v4_flash_max,15.29661652087859,8
1958,deepseek_v4_pro_max,6.318843361289225,9
1959,kimi_k3_max,67.2100587632311,1
1959,claude_fable_5_max,66.37342336672728,2
1959,gpt_5_6_sol_max,62.538212002938806,3
1959,qwen3_8_max,44.051716732607375,4
1959,gemini_3_1_pro_high,38.31101618904653,5
1959,gpt_5_5_xhigh,38.15297898733315,6
1959,deepseek_v4_pro_max,28.682149707240537,7
1959,deepseek_v4_flash_max,28.165958455282613,8
1959,claude_opus_4_8_max,23.234349051876116,9
1960,gpt_5_5_xhigh,84.58064854679283,1
1960,claude_fable_5_max,67.50627307811088,2
1960,gemini_3_1_pro_high,64.78319304838378,3
1960,gpt_5_6_sol_max,49.30581061368352,4
1960,qwen3_8_max,46.346859554037096,5
1960,claude_opus_4_8_max,36.81364049702163,6
1960,deepseek_v4_pro_max,35.5941416706474,7
1960,kimi_k3_max,20.709620324776736,8
1960,deepseek_v4_flash_max,7.7837120511514115,9
1961,gpt_5_5_xhigh,72.51541109886958,1
1961,claude_fable_5_max,71.21271837876404,2
1961,claude_opus_4_8_max,52.35392666774919,3
1961,gemini_3_1_pro_high,51.529645988852884,4
1961,qwen3_8_max,50.82851366231654,5
1961,gpt_5_6_sol_max,41.683764319071194,6
1961,kimi_k3_max,34.88708860030718,7
1961,deepseek_v4_pro_max,26.90874524068844,8
1961,deepseek_v4_flash_max,12.043165651033604,9
1962,gpt_5_6_sol_max,77.36875140468567,1
1962,claude_opus_4_8_max,60.0823335477499,2
1962,gpt_5_5_xhigh,59.000869131636954,3
1962,claude_fable_5_max,52.56095687895693,4
1962,deepseek_v4_flash_max,44.40828945004565,5
1962,gemini_3_1_pro_high,38.667573009850614,6
1962,qwen3_8_max,35.04937467057151,7
1962,kimi_k3_max,14.014076225709305,8
1962,deepseek_v4_pro_max,11.948507546630896,9
1963,gpt_5_5_xhigh,57.45753555988651,1
1963,gemini_3_1_pro_high,54.4162600098974,2
1963,claude_opus_4_8_max,52.68986227961967,3
1963,gpt_5_6_sol_max,49.74683606990269,4
1963,qwen3_8_max,43.987152713710856,5
1963,kimi_k3_max,43.274562778172104,6
1963,claude_fable_5_max,29.453001098564627,7
1963,deepseek_v4_flash_max,27.871861975038463,8
1963,deepseek_v4_pro_max,17.19408904994349,9
1964,gpt_5_6_sol_max,91.65372228770286,1
1964,claude_fable_5_max,68.69298731961027,2
1964,kimi_k3_max,51.55071609418369,3
1964,gemini_3_1_pro_high,47.28340260813006,4
1964,qwen3_8_max,39.993054119638785,5
1964,claude_opus_4_8_max,29.23281375747974,6
1964,gpt_5_5_xhigh,23.434526449514212,7
1964,deepseek_v4_pro_max,19.923909151215454,8
1964,deepseek_v4_flash_max,16.93589260866993,9
1965,kimi_k3_max,70.13769273559558,1
1965,claude_fable_5_max,58.95515972888488,2
1965,claude_opus_4_8_max,49.194178599319685,3
1965,gpt_5_6_sol_max,47.04259252962436,4
1965,gpt_5_5_xhigh,38.612379493777865,5
1965,qwen3_8_max,37.32045591027668,6
1965,gemini_3_1_pro_high,37.29487379863362,7
1965,deepseek_v4_pro_max,33.245732112187085,8
1965,deepseek_v4_flash_max,2.339076285156007,9
1966,gpt_5_6_sol_max,84.04916603481291,1
1966,claude_fable_5_max,57.98342411330299,2
1966,gemini_3_1_pro_high,50.453348991606404,3
1966,qwen3_8_max,43.01903534447827,4
1966,claude_opus_4_8_max,39.686880340816145,5
1966,kimi_k3_max,38.903690056327875,6
1966,deepseek_v4_flash_max,31.16609983656543,7
1966,gpt_5_5_xhigh,24.837446151814927,8
1966,deepseek_v4_pro_max,23.161860295430316,9
1967,gemini_3_1_pro_high,77.77744424638308,1
1967,claude_opus_4_8_max,77.25341445945645,2
1967,kimi_k3_max,70.3571906409051,3
1967,claude_fable_5_max,56.19121387072447,4
1967,gpt_5_5_xhigh,48.77080633137399,5
1967,qwen3_8_max,44.31711696290104,6
1967,gpt_5_6_sol_max,32.439001650332685,7
1967,deepseek_v4_flash_max,24.00151616143729,8
1967,deepseek_v4_pro_max,16.39262768350427,9
1968,gpt_5_6_sol_max,78.84182721847186,1
1968,gpt_5_5_xhigh,66.68191655131467,2
1968,kimi_k3_max,58.48894101933155,3
1968,claude_fable_5_max,55.647580278931066,4
1968,qwen3_8_max,42.32264038121373,5
1968,gemini_3_1_pro_high,40.52748207144285,6
1968,claude_opus_4_8_max,39.448643052338575,7
1968,deepseek_v4_flash_max,32.273795451494834,8
1968,deepseek_v4_pro_max,18.478176988802378,9
1969,claude_fable_5_max,69.67104424852602,1
1969,gpt_5_6_sol_max,65.38781014290964,2
1969,kimi_k3_max,58.255302930040784,3
1969,qwen3_8_max,57.502407770041415,4
1969,gemini_3_1_pro_high,55.45470521234424,5
1969,gpt_5_5_xhigh,45.549514597266345,6
1969,deepseek_v4_flash_max,40.371100416830075,7
1969,claude_opus_4_8_max,25.762081005113764,8
1969,deepseek_v4_pro_max,0.0,9
1970,claude_opus_4_8_max,74.38483177698909,1
1970,gemini_3_1_pro_high,68.30383418214052,2
1970,gpt_5_5_xhigh,61.280564136922806,3
1970,kimi_k3_max,48.49832947932365,4
1970,gpt_5_6_sol_max,47.910691237184054,5
1970,claude_fable_5_max,40.924485813203866,6
1970,qwen3_8_max,38.88876596807158,7
1970,deepseek_v4_flash_max,19.915252786461966,8
1970,deepseek_v4_pro_max,2.440417897386056,9
1971,gemini_3_1_pro_high,82.59922389434433,1
1971,gpt_5_6_sol_max,46.87774695526274,2
1971,qwen3_8_max,46.323498133064604,3
1971,claude_fable_5_max,45.060960465533086,4
1971,claude_opus_4_8_max,41.928949150083696,5
1971,gpt_5_5_xhigh,34.41810989948789,6
1971,deepseek_v4_flash_max,24.769539108259504,7
1971,kimi_k3_max,23.81515000259366,8
1971,deepseek_v4_pro_max,9.782744681182091,9
1972,qwen3_8_max,70.25930601125076,1
1972,claude_fable_5_max,68.72349192750767,2
1972,gpt_5_5_xhigh,64.5023830191615,3
1972,claude_opus_4_8_max,51.16975590296077,4
1972,gemini_3_1_pro_high,50.67145558628348,5
1972,deepseek_v4_pro_max,40.90229171658746,6
1972,gpt_5_6_sol_max,25.789842738510206,7
1972,kimi_k3_max,23.566358571939134,8
1972,deepseek_v4_flash_max,18.086890939018318,9
1973,claude_opus_4_8_max,82.08520553326629,1
1973,qwen3_8_max,67.56320653907183,2
1973,gemini_3_1_pro_high,51.23859538345679,3
1973,gpt_5_5_xhigh,42.71250876996368,4
1973,kimi_k3_max,37.16117033839756,5
1973,claude_fable_5_max,35.92166872348856,6
1973,deepseek_v4_flash_max,34.07285071736124,7
1973,deepseek_v4_pro_max,25.798101836514768,8
1973,gpt_5_6_sol_max,23.055802163699745,9
1974,kimi_k3_max,75.74043172894378,1
1974,claude_fable_5_max,56.140756771864375,2
1974,qwen3_8_max,47.052261317864335,3
1974,gpt_5_5_xhigh,39.18980393409687,4
1974,gemini_3_1_pro_high,32.29226142573155,5
1974,claude_opus_4_8_max,31.56295692447391,6
1974,gpt_5_6_sol_max,26.336095132280334,7
1974,deepseek_v4_pro_max,26.0753811465355,8
1974,deepseek_v4_flash_max,24.148877068107414,9
1975,gpt_5_5_xhigh,73.73218213282921,1
1975,claude_fable_5_max,49.09081180961367,2
1975,deepseek_v4_pro_max,41.966720684453264,3
1975,claude_opus_4_8_max,40.872752774352584,4
1975,kimi_k3_max,34.481412222052185,5
1975,qwen3_8_max,34.37905040486481,6
1975,gemini_3_1_pro_high,33.489216640508594,7
1975,gpt_5_6_sol_max,29.637507320280065,8
1975,deepseek_v4_flash_max,19.96569105921821,9
1976,claude_fable_5_max,83.46476183550244,1
1976,gemini_3_1_pro_high,62.82631821286529,2
1976,gpt_5_5_xhigh,53.242553842706684,3
1976,gpt_5_6_sol_max,47.45363109444057,4
1976,kimi_k3_max,46.87192424612356,5
1976,qwen3_8_max,19.860375985993286,6
1976,deepseek_v4_flash_max,16.076983018191875,7
1976,claude_opus_4_8_max,15.944259048180086,8
1976,deepseek_v4_pro_max,12.54202772787769,9
1977,kimi_k3_max,66.28260476410625,1
1977,claude_fable_5_max,61.96635175298391,2
1977,gpt_5_6_sol_max,60.78453880133469,3
1977,gpt_5_5_xhigh,55.202681588758615,4
1977,gemini_3_1_pro_high,43.4137755208161,5
1977,qwen3_8_max,38.364948846831126,6
1977,claude_opus_4_8_max,37.98262864846921,7
1977,deepseek_v4_pro_max,33.886120698788226,8
1977,deepseek_v4_flash_max,21.229762858149748,9
1978,gpt_5_6_sol_max,79.89153370136256,1
1978,claude_opus_4_8_max,71.23526685226332,2
1978,qwen3_8_max,60.81281182131201,3
1978,gpt_5_5_xhigh,60.32981195774143,4
1978,kimi_k3_max,48.4504331919002,5
1978,deepseek_v4_flash_max,40.33108106491535,6
1978,claude_fable_5_max,36.49944773563762,7
1978,deepseek_v4_pro_max,28.281398361847117,8
1978,gemini_3_1_pro_high,27.021006515369706,9
1979,claude_opus_4_8_max,65.85980759290584,1
1979,gpt_5_6_sol_max,57.60870814974584,2
1979,qwen3_8_max,53.400706213120785,3
1979,gemini_3_1_pro_high,48.68528786712059,4
1979,gpt_5_5_xhigh,43.17184092374127,5
1979,kimi_k3_max,36.09567965995343,6
1979,deepseek_v4_pro_max,36.04705415104832,7
1979,deepseek_v4_flash_max,22.365667202382472,8
1979,claude_fable_5_max,20.375064761062983,9
1980,gpt_5_5_xhigh,85.55422478312238,1
1980,qwen3_8_max,52.01640365853582,2
1980,gpt_5_6_sol_max,48.83526535372511,3
1980,claude_opus_4_8_max,46.6507022000733,4
1980,claude_fable_5_max,43.4617566440043,5
1980,deepseek_v4_pro_max,39.13702253145121,6
1980,kimi_k3_max,30.632364915917016,7
1980,gemini_3_1_pro_high,22.55607593243765,8
1980,deepseek_v4_flash_max,18.78494277975988,9
1981,gpt_5_5_xhigh,78.05801249132536,1
1981,gpt_5_6_sol_max,69.59002202528858,2
1981,kimi_k3_max,62.45218235581798,3
1981,claude_fable_5_max,61.814673288082915,4
1981,qwen3_8_max,52.07740927080385,5
1981,gemini_3_1_pro_high,41.27260348081613,6
1981,deepseek_v4_pro_max,41.13623564342814,7
1981,claude_opus_4_8_max,31.805387305812978,8
1981,deepseek_v4_flash_max,18.14202085670552,9
1982,claude_fable_5_max,59.52593680816,1
1982,claude_opus_4_8_max,58.66586099519003,2
1982,gpt_5_5_xhigh,56.01559469823833,3
1982,qwen3_8_max,55.97683645482567,4
1982,gemini_3_1_pro_high,52.166213987688295,5
1982,deepseek_v4_flash_max,51.776186880729554,6
1982,gpt_5_6_sol_max,47.91203619961952,7
1982,kimi_k3_max,46.2673097593919,8
1982,deepseek_v4_pro_max,25.527576859777163,9
1983,claude_fable_5_max,63.015111603115336,1
1983,gpt_5_6_sol_max,60.00431105919243,2
1983,qwen3_8_max,54.88045340295281,3
1983,deepseek_v4_pro_max,48.49745428377277,4
1983,claude_opus_4_8_max,46.183789704679484,5
1983,gpt_5_5_xhigh,33.02801935611197,6
1983,kimi_k3_max,32.259971258579796,7
1983,gemini_3_1_pro_high,30.015430206889427,8
1983,deepseek_v4_flash_max,12.077383248985516,9
1984,gpt_5_6_sol_max,74.84701772219768,1
1984,claude_fable_5_max,71.82562003643608,2
1984,qwen3_8_max,56.90399220513518,3
1984,gpt_5_5_xhigh,53.75353200027773,4
1984,kimi_k3_max,40.030247401496865,5
1984,deepseek_v4_pro_max,34.16272898959055,6
1984,gemini_3_1_pro_high,26.239803929790746,7
1984,claude_opus_4_8_max,22.33802673474849,8
1984,deepseek_v4_flash_max,20.42389185652251,9
1985,gpt_5_6_sol_max,74.41480443719901,1
1985,kimi_k3_max,73.88699974120851,2
1985,claude_fable_5_max,72.68430292864308,3
1985,gpt_5_5_xhigh,66.14811669815373,4
1985,deepseek_v4_flash_max,41.51427280127501,5
1985,claude_opus_4_8_max,39.81127805367875,6
1985,qwen3_8_max,37.50689687479173,7
1985,deepseek_v4_pro_max,35.674467730165404,8
1985,gemini_3_1_pro_high,28.069069994745426,9
1986,claude_fable_5_max,79.26685705935638,1
1986,qwen3_8_max,70.99849339769537,2
1986,gpt_5_6_sol_max,64.50935209009722,3
1986,kimi_k3_max,62.30517988854865,4
1986,gpt_5_5_xhigh,33.704318789180334,5
1986,claude_opus_4_8_max,32.60507322147202,6
1986,deepseek_v4_flash_max,31.554726529333614,7
1986,gemini_3_1_pro_high,31.12756639006572,8
1986,deepseek_v4_pro_max,27.544079653196235,9
1987,qwen3_8_max,73.23740495912546,1
1987,claude_opus_4_8_max,70.29470931841728,2
1987,gpt_5_6_sol_max,41.3174625147685,3
1987,gemini_3_1_pro_high,39.99000125456402,4
1987,claude_fable_5_max,38.33099186913383,5
1987,kimi_k3_max,37.0788410514052,6
1987,deepseek_v4_flash_max,36.24829108019537,7
1987,gpt_5_5_xhigh,33.13432895111467,8
1987,deepseek_v4_pro_max,33.046198565361316,9
1988,claude_opus_4_8_max,89.679087259921,1
1988,gpt_5_6_sol_max,86.04533715277375,2
1988,qwen3_8_max,69.96593746303122,3
1988,kimi_k3_max,57.85754772156109,4
1988,claude_fable_5_max,42.24944062266233,5
1988,gemini_3_1_pro_high,29.73198701836558,6
1988,deepseek_v4_flash_max,25.66421792970327,7
1988,deepseek_v4_pro_max,16.240033309278665,8
1988,gpt_5_5_xhigh,15.737921894510748,9
1989,gpt_5_6_sol_max,76.8207726634642,1
1989,kimi_k3_max,55.15169359767745,2
1989,gpt_5_5_xhigh,53.777344483355314,3
1989,claude_opus_4_8_max,48.07010839637579,4
1989,claude_fable_5_max,36.39526881430139,5
1989,deepseek_v4_pro_max,32.06122671814477,6
1989,gemini_3_1_pro_high,27.555491110054184,7
1989,qwen3_8_max,17.027060338128315,8
1989,deepseek_v4_flash_max,15.456998365165228,9
1990,kimi_k3_max,80.3161379793892,1
1990,claude_fable_5_max,62.409161744406184,2
1990,deepseek_v4_pro_max,61.38513882752937,3
1990,gpt_5_6_sol_max,60.83254203776528,4
1990,gpt_5_5_xhigh,57.70122337810058,5
1990,gemini_3_1_pro_high,49.698464348483455,6
1990,qwen3_8_max,44.366835512711255,7
1990,claude_opus_4_8_max,40.99427248878275,8
1990,deepseek_v4_flash_max,25.439774441507712,9
1991,kimi_k3_max,71.23065784735957,1
1991,claude_opus_4_8_max,63.714737764123164,2
1991,claude_fable_5_max,60.04299369780389,3
1991,qwen3_8_max,50.24313429766723,4
1991,gpt_5_6_sol_max,43.585428173895664,5
1991,gemini_3_1_pro_high,41.3328553217389,6
1991,deepseek_v4_flash_max,32.40585204907074,7
1991,gpt_5_5_xhigh,17.129812227277917,8
1991,deepseek_v4_pro_max,7.772095080773727,9
1992,gpt_5_5_xhigh,83.4928610639911,1
1992,deepseek_v4_pro_max,50.59960277875873,2
1992,gpt_5_6_sol_max,49.01373237276394,3
1992,qwen3_8_max,47.89724269040211,4
1992,claude_opus_4_8_max,45.92512907260753,5
1992,claude_fable_5_max,45.64865195331072,6
1992,kimi_k3_max,32.76114946383029,7
1992,gemini_3_1_pro_high,32.017917416183906,8
1992,deepseek_v4_flash_max,8.206226449888597,9
1993,claude_fable_5_max,69.02785187960288,1
1993,gpt_5_6_sol_max,54.98690489420322,2
1993,gemini_3_1_pro_high,51.96300685338516,3
1993,qwen3_8_max,50.977872069763336,4
1993,kimi_k3_max,48.62972857095825,5
1993,deepseek_v4_pro_max,34.32478044313476,6
1993,gpt_5_5_xhigh,31.583683371153352,7
1993,claude_opus_4_8_max,22.50598653064595,8
1993,deepseek_v4_flash_max,13.787053140717763,9
1994,gpt_5_5_xhigh,63.26598663853814,1
1994,kimi_k3_max,49.15993335238291,2
1994,claude_opus_4_8_max,49.08095621029662,3
1994,gemini_3_1_pro_high,46.69727917547921,4
1994,gpt_5_6_sol_max,43.98725852483403,5
1994,deepseek_v4_pro_max,40.28976435288676,6
1994,claude_fable_5_max,40.06289991261435,7
1994,qwen3_8_max,36.36508368975045,8
1994,deepseek_v4_flash_max,17.371665233985926,9
1995,claude_fable_5_max,81.07086526880005,1
1995,gpt_5_6_sol_max,63.10325551619634,2
1995,kimi_k3_max,59.17938771835348,3
1995,qwen3_8_max,59.15425480962998,4
1995,gpt_5_5_xhigh,55.34809333985363,5
1995,gemini_3_1_pro_high,42.06313940115224,6
1995,deepseek_v4_flash_max,26.00146290756869,7
1995,claude_opus_4_8_max,25.795748509497322,8
1995,deepseek_v4_pro_max,14.154910875868516,9
1996,claude_fable_5_max,72.62532412553695,1
1996,claude_opus_4_8_max,65.72882286547068,2
1996,gpt_5_5_xhigh,62.18496723264705,3
1996,qwen3_8_max,58.04812444810678,4
1996,kimi_k3_max,56.577540050489105,5
1996,gemini_3_1_pro_high,46.971115920860896,6
1996,deepseek_v4_flash_max,35.93507105440933,7
1996,gpt_5_6_sol_max,29.063675859137767,8
1996,deepseek_v4_pro_max,25.527194105514972,9
1997,gpt_5_5_xhigh,69.87099858382119,1
1997,kimi_k3_max,62.012048489532276,2
1997,claude_fable_5_max,56.532021571629414,3
1997,claude_opus_4_8_max,55.516982179790276,4
1997,qwen3_8_max,42.510267487452005,5
1997,gemini_3_1_pro_high,41.116765547699615,6
1997,deepseek_v4_flash_max,33.97499547928184,7
1997,gpt_5_6_sol_max,30.133015968042216,8
1997,deepseek_v4_pro_max,22.250048174723734,9
1998,claude_opus_4_8_max,75.10854974230593,1
1998,gpt_5_6_sol_max,60.310722158632345,2
1998,gemini_3_1_pro_high,59.27992184580436,3
1998,gpt_5_5_xhigh,53.57130330412926,4
1998,qwen3_8_max,47.68830568812112,5
1998,claude_fable_5_max,37.65869560043525,6
1998,kimi_k3_max,31.316402425710194,7
1998,deepseek_v4_pro_max,21.027746525499573,8
1998,deepseek_v4_flash_max,20.397052947909366,9
1999,claude_opus_4_8_max,67.2106612472012,1
1999,kimi_k3_max,54.11445525046193,2
1999,gpt_5_6_sol_max,49.174795183149676,3
1999,qwen3_8_max,45.346848131457925,4
1999,claude_fable_5_max,40.01514883519886,5
1999,gemini_3_1_pro_high,30.612225086786168,6
1999,deepseek_v4_pro_max,27.131345945412946,7
1999,deepseek_v4_flash_max,26.13424942696869,8
1999,gpt_5_5_xhigh,15.518039449761297,9
2000,kimi_k3_max,83.02075068115404,1
2000,gpt_5_5_xhigh,78.2585890582636,2
2000,claude_fable_5_max,78.12909215127965,3
2000,qwen3_8_max,57.27715443434809,4
2000,claude_opus_4_8_max,47.47414852262473,5
2000,gemini_3_1_pro_high,44.89296489744986,6
2000,deepseek_v4_pro_max,38.88259256063661,7
2000,deepseek_v4_flash_max,31.983471030410385,8
2000,gpt_5_6_sol_max,28.707252658037905,9
