bootstrap,model_id,overall_score,rank
1,gpt_5_6_sol_max,78.56809980045978,1
1,claude_opus_4_8_max,61.694227231159346,2
1,gemini_3_1_pro_high,59.30454961777407,3
1,claude_fable_5_max,54.515315558979225,4
1,gpt_5_5_xhigh,49.17286949109395,5
1,qwen3_8_max,29.684898279272772,6
1,glm_5_2_max,28.970277006329574,7
1,deepseek_v4_flash_max,27.922935340343752,8
1,deepseek_v4_pro_max,23.728662467186325,9
1,kimi_k3_max,15.196823126965448,10
2,gpt_5_5_xhigh,77.74541579633046,1
2,kimi_k3_max,65.28062926033802,2
2,claude_fable_5_max,55.05462027799328,3
2,deepseek_v4_flash_max,39.42616984993922,4
2,gpt_5_6_sol_max,38.29440258723717,5
2,qwen3_8_max,32.28758647458906,6
2,claude_opus_4_8_max,30.796618710021303,7
2,glm_5_2_max,29.08831666242161,8
2,deepseek_v4_pro_max,28.781672327594716,9
2,gemini_3_1_pro_high,22.417514618104228,10
3,claude_opus_4_8_max,64.77175622752858,1
3,qwen3_8_max,60.26262444313191,2
3,gpt_5_6_sol_max,55.35820771496557,3
3,gpt_5_5_xhigh,49.97103011068261,4
3,glm_5_2_max,41.91706283520421,5
3,gemini_3_1_pro_high,40.91029583596052,6
3,claude_fable_5_max,37.72469124564266,7
3,deepseek_v4_flash_max,23.09133959699765,8
3,kimi_k3_max,21.27634209191015,9
3,deepseek_v4_pro_max,15.207926730479286,10
4,gpt_5_5_xhigh,64.19566006973443,1
4,gemini_3_1_pro_high,57.735976878841974,2
4,claude_fable_5_max,52.95164753886429,3
4,qwen3_8_max,47.99207625550537,4
4,deepseek_v4_flash_max,44.00552334286138,5
4,claude_opus_4_8_max,35.67416682877309,6
4,glm_5_2_max,20.152081098444878,7
4,kimi_k3_max,19.421350778565397,8
4,gpt_5_6_sol_max,16.306386549562585,9
4,deepseek_v4_pro_max,15.66959603517693,10
5,kimi_k3_max,79.97258200863953,1
5,gpt_5_5_xhigh,54.114166183693335,2
5,claude_fable_5_max,37.414645050495416,3
5,deepseek_v4_pro_max,36.18478001930049,4
5,claude_opus_4_8_max,35.72954434778292,5
5,qwen3_8_max,27.59061387941189,6
5,gemini_3_1_pro_high,23.251673234849623,7
5,gpt_5_6_sol_max,17.858094597567426,8
5,glm_5_2_max,14.59182139295847,9
5,deepseek_v4_flash_max,13.86535985720013,10
6,gpt_5_5_xhigh,75.3096611865555,1
6,claude_fable_5_max,68.7973574987841,2
6,gemini_3_1_pro_high,51.17493211209246,3
6,gpt_5_6_sol_max,47.46271521260613,4
6,kimi_k3_max,47.318967348891405,5
6,qwen3_8_max,42.66100632788902,6
6,claude_opus_4_8_max,31.860560299460648,7
6,glm_5_2_max,30.257842791958034,8
6,deepseek_v4_pro_max,18.16090380413934,9
6,deepseek_v4_flash_max,17.536298577672433,10
7,gpt_5_6_sol_max,79.85841615739143,1
7,claude_fable_5_max,64.49226775134989,2
7,kimi_k3_max,36.39543526594839,3
7,gemini_3_1_pro_high,34.472875740022126,4
7,gpt_5_5_xhigh,30.407563941291016,5
7,qwen3_8_max,29.797493384714507,6
7,deepseek_v4_pro_max,26.574563304046322,7
7,claude_opus_4_8_max,25.826668315778484,8
7,deepseek_v4_flash_max,19.279006306763282,9
7,glm_5_2_max,18.444938089191503,10
8,gpt_5_6_sol_max,91.35627022498286,1
8,claude_opus_4_8_max,35.66313597078472,2
8,qwen3_8_max,33.85473588522237,3
8,gpt_5_5_xhigh,31.513389777321713,4
8,kimi_k3_max,29.102606859522766,5
8,claude_fable_5_max,22.951730245037172,6
8,gemini_3_1_pro_high,22.82573410290477,7
8,deepseek_v4_flash_max,17.808417844823218,8
8,glm_5_2_max,15.067475641482808,9
8,deepseek_v4_pro_max,14.18799609455546,10
9,claude_fable_5_max,75.76289910125584,1
9,gemini_3_1_pro_high,63.061775358053765,2
9,qwen3_8_max,54.2513718922784,3
9,claude_opus_4_8_max,51.59563338833676,4
9,gpt_5_5_xhigh,43.04219125256499,5
9,gpt_5_6_sol_max,24.979167146229187,6
9,deepseek_v4_flash_max,24.289727358611117,7
9,kimi_k3_max,17.939286707539893,8
9,glm_5_2_max,14.697858942710736,9
9,deepseek_v4_pro_max,14.38781242046617,10
10,kimi_k3_max,72.32477034344262,1
10,gpt_5_6_sol_max,47.58314270776367,2
10,claude_fable_5_max,42.35323713563714,3
10,claude_opus_4_8_max,41.32935949236351,4
10,qwen3_8_max,35.81645672042972,5
10,deepseek_v4_pro_max,31.198166298104837,6
10,gpt_5_5_xhigh,30.982869881739752,7
10,gemini_3_1_pro_high,30.36763199094035,8
10,deepseek_v4_flash_max,16.94104146807208,9
10,glm_5_2_max,12.52940661231833,10
11,gemini_3_1_pro_high,80.7151046291003,1
11,gpt_5_6_sol_max,58.46762754120638,2
11,claude_fable_5_max,54.305838770887085,3
11,kimi_k3_max,49.093262210393675,4
11,deepseek_v4_pro_max,46.58658776193745,5
11,gpt_5_5_xhigh,37.09144848533246,6
11,glm_5_2_max,30.270024567916458,7
11,qwen3_8_max,25.25537025943312,8
11,claude_opus_4_8_max,16.586696705325362,9
11,deepseek_v4_flash_max,7.792305906267537,10
12,gpt_5_6_sol_max,81.89677324227162,1
12,kimi_k3_max,65.73606074315514,2
12,qwen3_8_max,58.283965896584775,3
12,claude_fable_5_max,55.01579213629091,4
12,claude_opus_4_8_max,46.91197688260391,5
12,deepseek_v4_flash_max,39.59545050989014,6
12,gemini_3_1_pro_high,38.795036443029154,7
12,glm_5_2_max,21.549576158065406,8
12,gpt_5_5_xhigh,21.53852980031847,9
12,deepseek_v4_pro_max,16.341717712089523,10
13,gpt_5_5_xhigh,76.61196334298725,1
13,kimi_k3_max,57.1751780332864,2
13,claude_opus_4_8_max,56.42552905345573,3
13,gemini_3_1_pro_high,53.86231738571925,4
13,gpt_5_6_sol_max,51.881388156736676,5
13,deepseek_v4_flash_max,39.09059115504997,6
13,deepseek_v4_pro_max,33.59177271250404,7
13,glm_5_2_max,25.16490887647721,8
13,qwen3_8_max,22.981403271968652,9
13,claude_fable_5_max,20.27571738274852,10
14,claude_opus_4_8_max,64.56076302939718,1
14,claude_fable_5_max,59.4983969948457,2
14,kimi_k3_max,54.840713216227286,3
14,gemini_3_1_pro_high,53.43112308284256,4
14,gpt_5_5_xhigh,45.05050298987917,5
14,qwen3_8_max,34.8386503309499,6
14,deepseek_v4_pro_max,28.055738090753714,7
14,gpt_5_6_sol_max,27.96479777112954,8
14,glm_5_2_max,24.046085815018714,9
14,deepseek_v4_flash_max,15.489950653146614,10
15,claude_opus_4_8_max,51.655903865404454,1
15,gemini_3_1_pro_high,48.47596294880425,2
15,claude_fable_5_max,47.283938913981885,3
15,deepseek_v4_pro_max,47.027933684159635,4
15,gpt_5_5_xhigh,39.76294829453748,5
15,deepseek_v4_flash_max,38.580855918838175,6
15,kimi_k3_max,37.02491340084812,7
15,qwen3_8_max,32.043475041260095,8
15,gpt_5_6_sol_max,15.966822805624215,9
15,glm_5_2_max,13.809601316103091,10
16,claude_fable_5_max,83.25352850451193,1
16,qwen3_8_max,57.982446095682555,2
16,gpt_5_5_xhigh,57.32716729543087,3
16,kimi_k3_max,57.18817600883986,4
16,gemini_3_1_pro_high,47.91198425945578,5
16,claude_opus_4_8_max,43.42101292857111,6
16,glm_5_2_max,30.677037434202965,7
16,gpt_5_6_sol_max,30.53046500444756,8
16,deepseek_v4_flash_max,30.06333167605695,9
16,deepseek_v4_pro_max,22.590728477585863,10
17,kimi_k3_max,75.92027633675383,1
17,claude_opus_4_8_max,67.77058267278521,2
17,claude_fable_5_max,58.74079156519927,3
17,gpt_5_6_sol_max,49.98703620757988,4
17,gemini_3_1_pro_high,40.56957281287413,5
17,deepseek_v4_pro_max,40.43984649637498,6
17,gpt_5_5_xhigh,30.867925101359262,7
17,qwen3_8_max,20.541414945838284,8
17,glm_5_2_max,13.465332260899615,9
17,deepseek_v4_flash_max,12.696756938652783,10
18,qwen3_8_max,75.97538525273652,1
18,gpt_5_6_sol_max,70.2555878391974,2
18,gpt_5_5_xhigh,62.91991945253572,3
18,gemini_3_1_pro_high,60.475199963437106,4
18,claude_fable_5_max,56.40607965986402,5
18,kimi_k3_max,55.43215695508347,6
18,claude_opus_4_8_max,47.8239509795917,7
18,deepseek_v4_flash_max,43.63738806563995,8
18,deepseek_v4_pro_max,34.04079932406308,9
18,glm_5_2_max,26.390043550212724,10
19,gpt_5_6_sol_max,82.15438699041803,1
19,claude_opus_4_8_max,58.3345966459172,2
19,gpt_5_5_xhigh,44.31762382880012,3
19,claude_fable_5_max,41.67559969066605,4
19,kimi_k3_max,27.17529000115251,5
19,deepseek_v4_pro_max,25.87845973559718,6
19,qwen3_8_max,24.40674004572831,7
19,gemini_3_1_pro_high,21.840770522673566,8
19,glm_5_2_max,17.809440113767852,9
19,deepseek_v4_flash_max,16.90866254444047,10
20,claude_opus_4_8_max,64.7701403051741,1
20,claude_fable_5_max,51.042301147024226,2
20,gpt_5_6_sol_max,45.473478427921094,3
20,gpt_5_5_xhigh,44.11415411079966,4
20,deepseek_v4_pro_max,41.4311586389434,5
20,gemini_3_1_pro_high,40.9114081200791,6
20,qwen3_8_max,37.492245136799994,7
20,kimi_k3_max,28.65012869521717,8
20,glm_5_2_max,22.251288497307563,9
20,deepseek_v4_flash_max,14.672489500734837,10
21,claude_opus_4_8_max,62.99327406196949,1
21,gpt_5_5_xhigh,44.346315024701326,2
21,qwen3_8_max,39.21256795701299,3
21,claude_fable_5_max,37.6479404805313,4
21,deepseek_v4_pro_max,36.701212193178996,5
21,gpt_5_6_sol_max,33.235422022285135,6
21,kimi_k3_max,29.56348627884124,7
21,deepseek_v4_flash_max,24.2319424559863,8
21,gemini_3_1_pro_high,20.478851365610392,9
21,glm_5_2_max,10.720582391447579,10
22,claude_fable_5_max,81.382539228279,1
22,claude_opus_4_8_max,59.83329079950648,2
22,qwen3_8_max,58.92535748215069,3
22,gemini_3_1_pro_high,55.89259767380098,4
22,kimi_k3_max,55.801328256159664,5
22,gpt_5_6_sol_max,50.43711555280645,6
22,glm_5_2_max,25.897974809973988,7
22,gpt_5_5_xhigh,22.643549246090704,8
22,deepseek_v4_pro_max,20.205642176810073,9
22,deepseek_v4_flash_max,18.89926923485908,10
23,claude_fable_5_max,84.24824403235368,1
23,gpt_5_5_xhigh,64.70095842840512,2
23,qwen3_8_max,51.85168476840029,3
23,kimi_k3_max,48.04637691194414,4
23,gemini_3_1_pro_high,40.388242028413416,5
23,gpt_5_6_sol_max,33.96682517642492,6
23,deepseek_v4_pro_max,27.870711427374918,7
23,glm_5_2_max,24.658053990948176,8
23,claude_opus_4_8_max,16.771407787722495,9
23,deepseek_v4_flash_max,11.777692184643286,10
24,gpt_5_5_xhigh,61.208244925915466,1
24,gpt_5_6_sol_max,44.23077030320268,2
24,claude_fable_5_max,36.432553896360076,3
24,deepseek_v4_pro_max,35.331982944354756,4
24,qwen3_8_max,35.05104008279776,5
24,deepseek_v4_flash_max,31.630890969154798,6
24,gemini_3_1_pro_high,24.192002636202965,7
24,kimi_k3_max,20.239169588624886,8
24,claude_opus_4_8_max,17.27030329025784,9
24,glm_5_2_max,12.57149622475775,10
25,gpt_5_6_sol_max,78.56370976954621,1
25,claude_opus_4_8_max,59.829116018135394,2
25,gemini_3_1_pro_high,44.781253734691134,3
25,gpt_5_5_xhigh,30.44663298901122,4
25,claude_fable_5_max,29.386622284320246,5
25,deepseek_v4_flash_max,29.229933902899006,6
25,glm_5_2_max,25.5204402064957,7
25,kimi_k3_max,20.880654387445617,8
25,qwen3_8_max,17.18890926591855,9
25,deepseek_v4_pro_max,10.70413983154238,10
26,gpt_5_5_xhigh,79.55047485722858,1
26,qwen3_8_max,54.644723307487126,2
26,kimi_k3_max,52.270649829805436,3
26,claude_opus_4_8_max,47.1693949845468,4
26,gemini_3_1_pro_high,45.54226404177213,5
26,claude_fable_5_max,40.135245790393306,6
26,deepseek_v4_pro_max,34.399267764396825,7
26,glm_5_2_max,24.905001070410663,8
26,gpt_5_6_sol_max,20.292326896902907,9
26,deepseek_v4_flash_max,18.872956526538402,10
27,claude_opus_4_8_max,79.42491433865419,1
27,gemini_3_1_pro_high,63.03503328854342,2
27,kimi_k3_max,62.66705120565868,3
27,claude_fable_5_max,41.51879403280144,4
27,deepseek_v4_pro_max,40.59647477767582,5
27,gpt_5_5_xhigh,37.21627273477345,6
27,gpt_5_6_sol_max,35.28402784212342,7
27,glm_5_2_max,27.911220094065268,8
27,qwen3_8_max,20.994593345462857,9
27,deepseek_v4_flash_max,14.881290077138626,10
28,claude_opus_4_8_max,83.08201613103259,1
28,gpt_5_5_xhigh,62.91170032810777,2
28,gemini_3_1_pro_high,53.78472986232889,3
28,qwen3_8_max,47.45771909221011,4
28,gpt_5_6_sol_max,43.137971092970425,5
28,deepseek_v4_pro_max,39.224795603357364,6
28,claude_fable_5_max,35.76133514721134,7
28,kimi_k3_max,33.73597044454459,8
28,glm_5_2_max,16.674460059532706,9
28,deepseek_v4_flash_max,9.849511499877597,10
29,gpt_5_5_xhigh,73.59198167717592,1
29,gemini_3_1_pro_high,66.90730994181754,2
29,gpt_5_6_sol_max,66.22064789246369,3
29,claude_opus_4_8_max,46.983674046293565,4
29,kimi_k3_max,40.44176104400191,5
29,deepseek_v4_pro_max,27.108857069443694,6
29,glm_5_2_max,21.369294661317674,7
29,qwen3_8_max,20.946998039803077,8
29,claude_fable_5_max,19.43711045029934,9
29,deepseek_v4_flash_max,10.270092717688135,10
30,claude_opus_4_8_max,68.48840538621488,1
30,kimi_k3_max,55.424647691826905,2
30,claude_fable_5_max,52.25188833224391,3
30,gpt_5_5_xhigh,35.06697958373945,4
30,gemini_3_1_pro_high,32.801950090506445,5
30,qwen3_8_max,28.877896943760053,6
30,gpt_5_6_sol_max,27.191164557306834,7
30,deepseek_v4_pro_max,21.505178699793518,8
30,deepseek_v4_flash_max,20.77336409458587,9
30,glm_5_2_max,17.254050016588078,10
31,claude_fable_5_max,76.23650464256156,1
31,claude_opus_4_8_max,70.85221804463445,2
31,gemini_3_1_pro_high,68.27003762063991,3
31,gpt_5_5_xhigh,46.00532209548878,4
31,qwen3_8_max,40.612245347493676,5
31,deepseek_v4_pro_max,31.877529035360233,6
31,kimi_k3_max,21.593754387093885,7
31,gpt_5_6_sol_max,21.098560446564452,8
31,glm_5_2_max,7.574739442861416,9
31,deepseek_v4_flash_max,5.956507767418973,10
32,claude_fable_5_max,76.4118832000556,1
32,gpt_5_6_sol_max,62.84673349963521,2
32,qwen3_8_max,55.32625830252474,3
32,deepseek_v4_pro_max,47.26528885040932,4
32,kimi_k3_max,41.23008124396227,5
32,gpt_5_5_xhigh,40.361286144369494,6
32,claude_opus_4_8_max,30.958300453275584,7
32,glm_5_2_max,27.64707267192522,8
32,deepseek_v4_flash_max,27.05281684577733,9
32,gemini_3_1_pro_high,22.108052353435262,10
33,kimi_k3_max,77.27161319006001,1
33,gemini_3_1_pro_high,71.00978135625382,2
33,gpt_5_6_sol_max,55.6957031760237,3
33,claude_fable_5_max,52.390432677361076,4
33,gpt_5_5_xhigh,44.007844746826265,5
33,qwen3_8_max,36.61704887824272,6
33,glm_5_2_max,28.28704569303515,7
33,deepseek_v4_pro_max,24.283730510947116,8
33,deepseek_v4_flash_max,21.063069828233722,9
33,claude_opus_4_8_max,18.19542874605551,10
34,kimi_k3_max,66.24720137772356,1
34,gemini_3_1_pro_high,61.088221472918946,2
34,claude_opus_4_8_max,60.11542207054203,3
34,claude_fable_5_max,54.50600352830949,4
34,gpt_5_5_xhigh,51.43062200879185,5
34,qwen3_8_max,46.08628747135796,6
34,deepseek_v4_pro_max,43.42407074905208,7
34,glm_5_2_max,38.66825094981679,8
34,gpt_5_6_sol_max,31.14241783626685,9
34,deepseek_v4_flash_max,26.888414574216604,10
35,claude_opus_4_8_max,80.87247650689099,1
35,qwen3_8_max,69.64244451911404,2
35,claude_fable_5_max,67.89176609866486,3
35,gemini_3_1_pro_high,66.14633461152673,4
35,deepseek_v4_pro_max,30.126981818613466,5
35,gpt_5_5_xhigh,24.763179851402263,6
35,gpt_5_6_sol_max,23.046239190142956,7
35,kimi_k3_max,23.012481261937502,8
35,glm_5_2_max,21.38216746161764,9
35,deepseek_v4_flash_max,12.768298207626248,10
36,kimi_k3_max,68.52613965375616,1
36,gpt_5_5_xhigh,62.442625428001385,2
36,claude_fable_5_max,60.22221285205988,3
36,gpt_5_6_sol_max,52.77652045366813,4
36,qwen3_8_max,44.71786525844284,5
36,deepseek_v4_pro_max,35.45521635694026,6
36,claude_opus_4_8_max,33.105589721376376,7
36,gemini_3_1_pro_high,29.61748842202156,8
36,glm_5_2_max,28.744409868969118,9
36,deepseek_v4_flash_max,21.831131644650995,10
37,gpt_5_6_sol_max,66.13685852905428,1
37,claude_fable_5_max,56.86134386161146,2
37,gpt_5_5_xhigh,56.672905637397136,3
37,gemini_3_1_pro_high,55.8340893797117,4
37,kimi_k3_max,49.20300354094074,5
37,qwen3_8_max,39.63474592727666,6
37,deepseek_v4_pro_max,34.110954684535436,7
37,glm_5_2_max,21.02533085360094,8
37,deepseek_v4_flash_max,18.5824618311785,9
37,claude_opus_4_8_max,16.022385312018308,10
38,gpt_5_6_sol_max,82.79352171964578,1
38,claude_fable_5_max,69.05083315488963,2
38,gemini_3_1_pro_high,58.34926500059298,3
38,qwen3_8_max,54.71165472079552,4
38,claude_opus_4_8_max,45.997601627506484,5
38,kimi_k3_max,39.719070905268886,6
38,gpt_5_5_xhigh,31.789616847399518,7
38,deepseek_v4_pro_max,31.074374290668892,8
38,glm_5_2_max,20.803646811421597,9
38,deepseek_v4_flash_max,15.525673595209458,10
39,gpt_5_5_xhigh,78.43940721064682,1
39,claude_fable_5_max,45.32008227786302,2
39,gemini_3_1_pro_high,39.86761289754102,3
39,gpt_5_6_sol_max,39.08656792453566,4
39,kimi_k3_max,34.93701448084936,5
39,deepseek_v4_flash_max,32.441739197907,6
39,glm_5_2_max,25.49281171889208,7
39,qwen3_8_max,25.27305442255668,8
39,claude_opus_4_8_max,19.61810571685786,9
39,deepseek_v4_pro_max,17.170385014855974,10
40,claude_opus_4_8_max,72.942636634727,1
40,claude_fable_5_max,56.520269789950596,2
40,qwen3_8_max,49.02155024368845,3
40,kimi_k3_max,48.338562370117124,4
40,gpt_5_5_xhigh,35.12551301004837,5
40,deepseek_v4_pro_max,30.598987811068113,6
40,gpt_5_6_sol_max,30.557203548546443,7
40,gemini_3_1_pro_high,26.05855648921525,8
40,glm_5_2_max,24.49689756263676,9
40,deepseek_v4_flash_max,23.586772055410844,10
41,gemini_3_1_pro_high,73.01993006351677,1
41,claude_opus_4_8_max,68.31041754883206,2
41,gpt_5_6_sol_max,65.62477581087302,3
41,qwen3_8_max,63.139384203206575,4
41,claude_fable_5_max,58.26864605877858,5
41,kimi_k3_max,49.116818276327386,6
41,deepseek_v4_pro_max,48.87392552606512,7
41,deepseek_v4_flash_max,40.24039596730465,8
41,gpt_5_5_xhigh,20.616691056378123,9
41,glm_5_2_max,15.64127288785297,10
42,gpt_5_6_sol_max,70.26974239822543,1
42,gemini_3_1_pro_high,47.648709005036466,2
42,gpt_5_5_xhigh,45.82987536342682,3
42,glm_5_2_max,42.687488678632015,4
42,claude_fable_5_max,41.43863635183339,5
42,kimi_k3_max,41.32122657418567,6
42,claude_opus_4_8_max,36.65309860871003,7
42,qwen3_8_max,35.011008030946435,8
42,deepseek_v4_pro_max,20.154934689015022,9
42,deepseek_v4_flash_max,18.89899724393446,10
43,claude_fable_5_max,88.00826940680375,1
43,gpt_5_6_sol_max,68.44855031246635,2
43,gemini_3_1_pro_high,66.75741247242298,3
43,gpt_5_5_xhigh,60.60060619746032,4
43,kimi_k3_max,50.136728675623715,5
43,qwen3_8_max,42.27813210557014,6
43,deepseek_v4_flash_max,32.66980590114256,7
43,claude_opus_4_8_max,31.88458045624431,8
43,glm_5_2_max,18.186647660357487,9
43,deepseek_v4_pro_max,17.554189211386056,10
44,claude_opus_4_8_max,76.20044666313899,1
44,qwen3_8_max,70.83902401301029,2
44,claude_fable_5_max,63.77038592411999,3
44,gemini_3_1_pro_high,63.747954306339025,4
44,gpt_5_6_sol_max,58.87017084818294,5
44,gpt_5_5_xhigh,35.927828782930355,6
44,deepseek_v4_pro_max,24.412095850999677,7
44,glm_5_2_max,22.37274341111341,8
44,kimi_k3_max,19.97264883329336,9
44,deepseek_v4_flash_max,9.586369431606741,10
45,claude_fable_5_max,75.54423498931457,1
45,gpt_5_6_sol_max,55.4886298053878,2
45,gpt_5_5_xhigh,55.235900687614894,3
45,gemini_3_1_pro_high,53.93702549356408,4
45,kimi_k3_max,40.91274382249139,5
45,qwen3_8_max,38.687004614218374,6
45,glm_5_2_max,37.56027453986195,7
45,deepseek_v4_pro_max,36.00594867564378,8
45,deepseek_v4_flash_max,30.548485885287587,9
45,claude_opus_4_8_max,29.038897930382383,10
46,kimi_k3_max,75.90177701056615,1
46,claude_fable_5_max,63.789709180163285,2
46,gpt_5_6_sol_max,56.10553526547744,3
46,gemini_3_1_pro_high,52.653757472186584,4
46,gpt_5_5_xhigh,50.57193013382722,5
46,qwen3_8_max,42.93567236324818,6
46,deepseek_v4_pro_max,41.44868266536949,7
46,claude_opus_4_8_max,26.659784754499416,8
46,glm_5_2_max,16.206602777656272,9
46,deepseek_v4_flash_max,7.5558654766602364,10
47,claude_fable_5_max,68.61411291761016,1
47,kimi_k3_max,51.48436697386994,2
47,gemini_3_1_pro_high,47.30595578919006,3
47,qwen3_8_max,45.92702330642899,4
47,gpt_5_6_sol_max,41.72778838862209,5
47,gpt_5_5_xhigh,40.52682546598213,6
47,deepseek_v4_flash_max,32.779374309033585,7
47,claude_opus_4_8_max,24.4593327387122,8
47,deepseek_v4_pro_max,16.971991095726537,9
47,glm_5_2_max,12.104642833829345,10
48,gemini_3_1_pro_high,73.62758786832504,1
48,claude_fable_5_max,64.82771657061326,2
48,gpt_5_5_xhigh,62.733193620951724,3
48,qwen3_8_max,47.551451515439794,4
48,deepseek_v4_pro_max,41.99740460573054,5
48,kimi_k3_max,37.87088066400085,6
48,gpt_5_6_sol_max,36.84382514575749,7
48,claude_opus_4_8_max,26.31226604983626,8
48,glm_5_2_max,22.488096964312163,9
48,deepseek_v4_flash_max,16.377945453449428,10
49,kimi_k3_max,68.29332398148375,1
49,gpt_5_5_xhigh,63.36372949503799,2
49,gpt_5_6_sol_max,55.73252170871986,3
49,qwen3_8_max,53.875626059336966,4
49,gemini_3_1_pro_high,42.16969240557769,5
49,claude_opus_4_8_max,34.9119093618345,6
49,claude_fable_5_max,34.806355452214305,7
49,deepseek_v4_pro_max,27.90837474590777,8
49,deepseek_v4_flash_max,22.195544179948683,9
49,glm_5_2_max,18.40127670929577,10
50,gemini_3_1_pro_high,84.1945364127971,1
50,kimi_k3_max,73.59956087880238,2
50,qwen3_8_max,60.88420000532741,3
50,claude_fable_5_max,59.45177054045718,4
50,gpt_5_6_sol_max,52.65422693142722,5
50,gpt_5_5_xhigh,46.49385044436369,6
50,claude_opus_4_8_max,37.1703962073416,7
50,glm_5_2_max,23.49143405407405,8
50,deepseek_v4_flash_max,13.848630021783231,9
50,deepseek_v4_pro_max,13.556707424883653,10
51,gpt_5_6_sol_max,86.59032237028711,1
51,kimi_k3_max,74.66769210953606,2
51,gemini_3_1_pro_high,57.05616412578112,3
51,claude_fable_5_max,55.31701751861505,4
51,qwen3_8_max,39.88134517112263,5
51,deepseek_v4_pro_max,35.109729504111925,6
51,gpt_5_5_xhigh,33.84735831341096,7
51,claude_opus_4_8_max,29.384030656953207,8
51,deepseek_v4_flash_max,24.953837640959925,9
51,glm_5_2_max,13.940789612494854,10
52,claude_opus_4_8_max,86.81615210326304,1
52,gpt_5_5_xhigh,60.69860360328413,2
52,claude_fable_5_max,47.99345368294999,3
52,qwen3_8_max,42.985691868546795,4
52,deepseek_v4_pro_max,38.03071090486573,5
52,deepseek_v4_flash_max,36.33520650650559,6
52,glm_5_2_max,32.9192592034722,7
52,kimi_k3_max,31.243147704222203,8
52,gpt_5_6_sol_max,23.08156097719414,9
52,gemini_3_1_pro_high,18.097344281451157,10
53,gemini_3_1_pro_high,75.9148942642828,1
53,qwen3_8_max,69.34652143983769,2
53,kimi_k3_max,65.6447304187148,3
53,gpt_5_5_xhigh,63.60063697816868,4
53,claude_fable_5_max,61.43811457263678,5
53,gpt_5_6_sol_max,58.85135038050606,6
53,deepseek_v4_pro_max,29.422527955430276,7
53,claude_opus_4_8_max,27.111469386365215,8
53,glm_5_2_max,21.97436540744881,9
53,deepseek_v4_flash_max,18.606375556490903,10
54,claude_fable_5_max,86.29658676889011,1
54,gemini_3_1_pro_high,78.58192675401285,2
54,gpt_5_6_sol_max,67.33995615041646,3
54,qwen3_8_max,66.41932303992186,4
54,kimi_k3_max,42.44324492799227,5
54,gpt_5_5_xhigh,32.175912220006154,6
54,deepseek_v4_flash_max,29.873764042572116,7
54,claude_opus_4_8_max,29.756333426983062,8
54,glm_5_2_max,23.860543962437696,9
54,deepseek_v4_pro_max,7.510576797155476,10
55,kimi_k3_max,77.93404196829043,1
55,claude_opus_4_8_max,77.56040141973094,2
55,gemini_3_1_pro_high,63.29677110154559,3
55,gpt_5_6_sol_max,50.039255001532446,4
55,glm_5_2_max,42.19278068583783,5
55,gpt_5_5_xhigh,39.59114614298268,6
55,deepseek_v4_flash_max,34.10937394933097,7
55,qwen3_8_max,21.04013482633939,8
55,claude_fable_5_max,19.21241715517877,9
55,deepseek_v4_pro_max,13.585071288820295,10
56,gpt_5_6_sol_max,63.181750782468704,1
56,gpt_5_5_xhigh,55.55237239474839,2
56,qwen3_8_max,53.64163320229731,3
56,claude_opus_4_8_max,52.74560076521179,4
56,kimi_k3_max,51.147054761517154,5
56,claude_fable_5_max,47.67543058715854,6
56,deepseek_v4_pro_max,21.627906633994442,7
56,deepseek_v4_flash_max,21.243191785947438,8
56,glm_5_2_max,20.171485898485816,9
56,gemini_3_1_pro_high,11.873439620315562,10
57,gpt_5_6_sol_max,81.02119212959565,1
57,gpt_5_5_xhigh,51.496685098172705,2
57,claude_fable_5_max,50.58103157237739,3
57,claude_opus_4_8_max,50.39364529132136,4
57,gemini_3_1_pro_high,49.839898494497675,5
57,qwen3_8_max,48.193203166643286,6
57,deepseek_v4_flash_max,25.55679230034115,7
57,deepseek_v4_pro_max,22.098135013512056,8
57,kimi_k3_max,20.09902592373767,9
57,glm_5_2_max,14.73539239847587,10
58,gpt_5_6_sol_max,70.6595310957247,1
58,gemini_3_1_pro_high,55.685149161622,2
58,gpt_5_5_xhigh,54.94358251887953,3
58,claude_opus_4_8_max,47.226210056386535,4
58,kimi_k3_max,40.23546530799304,5
58,claude_fable_5_max,38.44334009151498,6
58,qwen3_8_max,37.983497075190755,7
58,deepseek_v4_pro_max,28.32790079149892,8
58,glm_5_2_max,17.815694900479826,9
58,deepseek_v4_flash_max,9.738287984126083,10
59,gpt_5_6_sol_max,72.02648127285917,1
59,claude_fable_5_max,58.20990842805351,2
59,gemini_3_1_pro_high,47.806874959390484,3
59,claude_opus_4_8_max,42.515236282023,4
59,deepseek_v4_pro_max,42.00522164383577,5
59,kimi_k3_max,39.41090839524436,6
59,qwen3_8_max,35.36825602832306,7
59,gpt_5_5_xhigh,20.240979730401023,8
59,glm_5_2_max,19.20359847026807,9
59,deepseek_v4_flash_max,17.498908195416217,10
60,claude_opus_4_8_max,70.42685074736502,1
60,gemini_3_1_pro_high,66.92231071653904,2
60,gpt_5_5_xhigh,65.48076485625305,3
60,claude_fable_5_max,62.23285060032134,4
60,qwen3_8_max,43.651130592426355,5
60,kimi_k3_max,40.00828730310393,6
60,gpt_5_6_sol_max,31.52852662509294,7
60,deepseek_v4_pro_max,19.426509017705342,8
60,deepseek_v4_flash_max,19.21038824064256,9
60,glm_5_2_max,16.133225931749056,10
61,gpt_5_6_sol_max,82.80038151762717,1
61,kimi_k3_max,81.84267609974093,2
61,gpt_5_5_xhigh,64.02814372172197,3
61,claude_fable_5_max,60.74715745993264,4
61,deepseek_v4_flash_max,35.50134550367054,5
61,qwen3_8_max,26.027035393203526,6
61,gemini_3_1_pro_high,25.042743505960345,7
61,deepseek_v4_pro_max,24.083733554767903,8
61,claude_opus_4_8_max,20.851180274161873,9
61,glm_5_2_max,8.768378158085577,10
62,gpt_5_6_sol_max,69.34526597245906,1
62,claude_fable_5_max,67.29818035631192,2
62,qwen3_8_max,66.73779173304018,3
62,gemini_3_1_pro_high,50.20249461861956,4
62,gpt_5_5_xhigh,46.07858983521119,5
62,kimi_k3_max,45.80641482312089,6
62,claude_opus_4_8_max,27.604082007838066,7
62,glm_5_2_max,27.24317737873467,8
62,deepseek_v4_pro_max,18.315307643098258,9
62,deepseek_v4_flash_max,18.311562326571526,10
63,kimi_k3_max,75.51177032736052,1
63,claude_fable_5_max,55.05132587849853,2
63,qwen3_8_max,52.25053543133673,3
63,gpt_5_6_sol_max,47.05743531700046,4
63,gpt_5_5_xhigh,33.26618656018723,5
63,deepseek_v4_flash_max,28.282338024606744,6
63,claude_opus_4_8_max,27.79414884563005,7
63,gemini_3_1_pro_high,27.438465677420467,8
63,deepseek_v4_pro_max,16.059248764744414,9
63,glm_5_2_max,14.130174150060618,10
64,kimi_k3_max,60.999994663081715,1
64,gpt_5_5_xhigh,57.26959378276409,2
64,gpt_5_6_sol_max,38.900001412945365,3
64,deepseek_v4_flash_max,34.33745477331837,4
64,claude_opus_4_8_max,32.65623821848145,5
64,claude_fable_5_max,25.920514045591077,6
64,glm_5_2_max,25.078771832036583,7
64,qwen3_8_max,24.840240790236933,8
64,gemini_3_1_pro_high,22.069512986149558,9
64,deepseek_v4_pro_max,21.20659292475398,10
65,gpt_5_6_sol_max,78.34144462180444,1
65,qwen3_8_max,65.79880873769113,2
65,claude_fable_5_max,65.36891532932201,3
65,gpt_5_5_xhigh,63.660026680665595,4
65,gemini_3_1_pro_high,50.41791565618696,5
65,kimi_k3_max,38.4079222816921,6
65,glm_5_2_max,34.58212395175343,7
65,claude_opus_4_8_max,29.54052914214712,8
65,deepseek_v4_pro_max,24.634346186075984,9
65,deepseek_v4_flash_max,21.951671622586694,10
66,claude_fable_5_max,70.91278183028479,1
66,kimi_k3_max,70.58160964773265,2
66,gemini_3_1_pro_high,54.33090898227997,3
66,gpt_5_6_sol_max,52.726863873585145,4
66,gpt_5_5_xhigh,49.003982648405994,5
66,qwen3_8_max,45.38825374320386,6
66,deepseek_v4_pro_max,44.10082546209338,7
66,claude_opus_4_8_max,37.38803039936367,8
66,glm_5_2_max,24.78491259864226,9
66,deepseek_v4_flash_max,23.35286644948625,10
67,gpt_5_5_xhigh,76.58531586323295,1
67,gpt_5_6_sol_max,75.0899322361534,2
67,kimi_k3_max,69.78681921381538,3
67,qwen3_8_max,67.64558197300647,4
67,claude_fable_5_max,63.90038321285581,5
67,deepseek_v4_flash_max,43.09274723918982,6
67,gemini_3_1_pro_high,41.125237060071974,7
67,deepseek_v4_pro_max,31.2018545774249,8
67,claude_opus_4_8_max,24.343172417004745,9
67,glm_5_2_max,12.321419453540596,10
68,gemini_3_1_pro_high,79.83306423492463,1
68,kimi_k3_max,74.2914269518074,2
68,qwen3_8_max,68.47116540311323,3
68,claude_opus_4_8_max,47.91811494873978,4
68,gpt_5_6_sol_max,44.41517249857307,5
68,claude_fable_5_max,33.19572331614317,6
68,gpt_5_5_xhigh,26.367450310713487,7
68,deepseek_v4_pro_max,25.956479470678456,8
68,glm_5_2_max,25.85310089968671,9
68,deepseek_v4_flash_max,15.83721498326717,10
69,claude_opus_4_8_max,76.75497144561331,1
69,claude_fable_5_max,68.95421028627885,2
69,gemini_3_1_pro_high,60.14266834374142,3
69,gpt_5_5_xhigh,59.387707509333325,4
69,qwen3_8_max,57.0200395475171,5
69,gpt_5_6_sol_max,47.943257039668026,6
69,kimi_k3_max,34.69678904647335,7
69,glm_5_2_max,28.979858357701925,8
69,deepseek_v4_pro_max,23.42811526348401,9
69,deepseek_v4_flash_max,20.471754593765844,10
70,kimi_k3_max,79.6950755504636,1
70,gpt_5_5_xhigh,70.8948336174267,2
70,claude_opus_4_8_max,68.1707353063183,3
70,gpt_5_6_sol_max,63.153336450563735,4
70,gemini_3_1_pro_high,51.61670116217749,5
70,qwen3_8_max,41.135891121613334,6
70,claude_fable_5_max,39.46254820400241,7
70,deepseek_v4_pro_max,30.28500208220256,8
70,glm_5_2_max,26.829385838858556,9
70,deepseek_v4_flash_max,22.975447890577495,10
71,gemini_3_1_pro_high,73.65017671981175,1
71,gpt_5_5_xhigh,62.5390931683148,2
71,kimi_k3_max,62.232013640147855,3
71,claude_fable_5_max,56.345146140246634,4
71,qwen3_8_max,50.021949301954095,5
71,claude_opus_4_8_max,45.75247058479891,6
71,gpt_5_6_sol_max,40.22046446771149,7
71,glm_5_2_max,24.133791024644076,8
71,deepseek_v4_pro_max,15.58222172552943,9
71,deepseek_v4_flash_max,14.248201036777076,10
72,gpt_5_6_sol_max,76.07765831854536,1
72,claude_opus_4_8_max,59.142356741063,2
72,kimi_k3_max,54.83826324703419,3
72,gpt_5_5_xhigh,54.680669184164586,4
72,claude_fable_5_max,48.330648860126594,5
72,gemini_3_1_pro_high,44.08652860740981,6
72,deepseek_v4_flash_max,35.62644034938941,7
72,glm_5_2_max,33.15829058267526,8
72,qwen3_8_max,31.45491513751417,9
72,deepseek_v4_pro_max,9.905022320525886,10
73,claude_opus_4_8_max,76.02315253396333,1
73,kimi_k3_max,55.42010046869444,2
73,qwen3_8_max,45.81453264188947,3
73,claude_fable_5_max,41.17521851851234,4
73,deepseek_v4_pro_max,39.5093587919275,5
73,gpt_5_6_sol_max,30.047427129757782,6
73,gemini_3_1_pro_high,27.076720608504246,7
73,gpt_5_5_xhigh,23.387526693008404,8
73,deepseek_v4_flash_max,19.259698831373314,9
73,glm_5_2_max,13.460590483158086,10
74,gpt_5_5_xhigh,70.55040198011943,1
74,claude_fable_5_max,62.06482479293073,2
74,gemini_3_1_pro_high,50.43752875090404,3
74,gpt_5_6_sol_max,49.79752992178712,4
74,glm_5_2_max,37.01009752837399,5
74,kimi_k3_max,31.455122234110284,6
74,qwen3_8_max,29.222899428647587,7
74,deepseek_v4_pro_max,21.794486797773672,8
74,claude_opus_4_8_max,18.57231484191985,9
74,deepseek_v4_flash_max,15.691598788208895,10
75,claude_fable_5_max,78.67812656548034,1
75,gpt_5_5_xhigh,58.03563533994456,2
75,claude_opus_4_8_max,55.75304098361764,3
75,gemini_3_1_pro_high,52.84071574213401,4
75,deepseek_v4_pro_max,42.96737720979514,5
75,glm_5_2_max,35.92458273789255,6
75,kimi_k3_max,35.159596105926866,7
75,qwen3_8_max,31.76886387973893,8
75,gpt_5_6_sol_max,15.208393743035385,9
75,deepseek_v4_flash_max,6.094974290583575,10
76,qwen3_8_max,75.12754185485235,1
76,gpt_5_6_sol_max,68.1792769103464,2
76,gpt_5_5_xhigh,65.31165605296349,3
76,claude_opus_4_8_max,49.825330191722415,4
76,claude_fable_5_max,41.512934022465096,5
76,deepseek_v4_pro_max,28.49041244024614,6
76,kimi_k3_max,20.080383520568233,7
76,deepseek_v4_flash_max,17.42023912230452,8
76,glm_5_2_max,13.962266449796697,9
76,gemini_3_1_pro_high,12.62776549429024,10
77,claude_fable_5_max,71.11538976668778,1
77,kimi_k3_max,70.23543748260943,2
77,gpt_5_6_sol_max,70.21343230796185,3
77,gpt_5_5_xhigh,64.77006664044163,4
77,gemini_3_1_pro_high,59.78679832276829,5
77,qwen3_8_max,56.34640761317972,6
77,deepseek_v4_flash_max,30.18944658053374,7
77,claude_opus_4_8_max,25.457333835945644,8
77,glm_5_2_max,20.012142469728264,9
77,deepseek_v4_pro_max,8.60396715025983,10
78,gemini_3_1_pro_high,69.73158957510054,1
78,claude_opus_4_8_max,64.84710021467289,2
78,gpt_5_6_sol_max,60.595794840732864,3
78,qwen3_8_max,45.55240389976785,4
78,gpt_5_5_xhigh,45.20864658214769,5
78,kimi_k3_max,44.52629536368053,6
78,deepseek_v4_pro_max,34.99319783249449,7
78,claude_fable_5_max,31.044760824968858,8
78,deepseek_v4_flash_max,27.64123941184632,9
78,glm_5_2_max,21.527773148600676,10
79,claude_fable_5_max,86.98459420184952,1
79,kimi_k3_max,58.94787596811454,2
79,qwen3_8_max,57.72651368255012,3
79,claude_opus_4_8_max,50.14563352880801,4
79,glm_5_2_max,46.03607914817665,5
79,gpt_5_6_sol_max,37.81362807252533,6
79,deepseek_v4_pro_max,31.14534955917926,7
79,gpt_5_5_xhigh,24.030694401324368,8
79,gemini_3_1_pro_high,18.03061982953127,9
79,deepseek_v4_flash_max,17.44141924057985,10
80,gpt_5_5_xhigh,74.60257438670162,1
80,kimi_k3_max,49.632255133035166,2
80,gpt_5_6_sol_max,42.96497657411248,3
80,gemini_3_1_pro_high,36.35270214690301,4
80,claude_fable_5_max,28.633917177137718,5
80,deepseek_v4_pro_max,28.5438550002557,6
80,qwen3_8_max,26.524647669760448,7
80,claude_opus_4_8_max,20.3625762986547,8
80,glm_5_2_max,17.298713716512975,9
80,deepseek_v4_flash_max,16.829917014092388,10
81,gpt_5_6_sol_max,60.55298215434156,1
81,gemini_3_1_pro_high,60.13466804419791,2
81,gpt_5_5_xhigh,46.98603089068206,3
81,kimi_k3_max,45.8483884607282,4
81,deepseek_v4_pro_max,45.23447163381984,5
81,claude_fable_5_max,36.526829561283556,6
81,qwen3_8_max,30.356001770315054,7
81,glm_5_2_max,24.495031889847297,8
81,claude_opus_4_8_max,22.295015789311364,9
81,deepseek_v4_flash_max,8.713910091076821,10
82,claude_fable_5_max,89.85931311937702,1
82,gemini_3_1_pro_high,62.92153224242347,2
82,claude_opus_4_8_max,62.9139274283345,3
82,gpt_5_5_xhigh,47.10101846413819,4
82,kimi_k3_max,43.127215848794435,5
82,deepseek_v4_pro_max,32.68872526806117,6
82,gpt_5_6_sol_max,31.198486915375206,7
82,glm_5_2_max,24.789809272256825,8
82,deepseek_v4_flash_max,22.12729183088601,9
82,qwen3_8_max,22.11814870029319,10
83,claude_opus_4_8_max,72.68762889988128,1
83,kimi_k3_max,63.978232435514606,2
83,gemini_3_1_pro_high,62.81124344636342,3
83,qwen3_8_max,43.48067495521164,4
83,claude_fable_5_max,42.51430384602309,5
83,gpt_5_6_sol_max,40.564182363164534,6
83,gpt_5_5_xhigh,26.856492711122144,7
83,deepseek_v4_pro_max,23.80163470002697,8
83,glm_5_2_max,21.583366647745617,9
83,deepseek_v4_flash_max,19.75573300805937,10
84,claude_opus_4_8_max,67.60977507471104,1
84,qwen3_8_max,63.42063079772264,2
84,kimi_k3_max,60.738286076298635,3
84,gpt_5_6_sol_max,56.095543448645316,4
84,gemini_3_1_pro_high,33.40712975681468,5
84,deepseek_v4_pro_max,30.228354090951804,6
84,gpt_5_5_xhigh,25.504025454164818,7
84,glm_5_2_max,22.377163942373755,8
84,claude_fable_5_max,12.036708867377069,9
84,deepseek_v4_flash_max,10.321586302864816,10
85,qwen3_8_max,68.39410896245019,1
85,gemini_3_1_pro_high,68.14614779780564,2
85,claude_fable_5_max,59.622471526638506,3
85,deepseek_v4_pro_max,48.28777745018079,4
85,gpt_5_5_xhigh,46.11052393290383,5
85,claude_opus_4_8_max,45.57442312871795,6
85,gpt_5_6_sol_max,41.58181517337066,7
85,kimi_k3_max,28.555803506069736,8
85,glm_5_2_max,13.990350557871732,9
85,deepseek_v4_flash_max,10.492163162428998,10
86,gpt_5_6_sol_max,70.7593597874156,1
86,claude_fable_5_max,62.03224366744406,2
86,qwen3_8_max,59.26801342909066,3
86,kimi_k3_max,48.33688366178496,4
86,deepseek_v4_pro_max,42.69687796899789,5
86,claude_opus_4_8_max,39.65291134624883,6
86,gemini_3_1_pro_high,31.333694253975242,7
86,deepseek_v4_flash_max,22.581409668831597,8
86,gpt_5_5_xhigh,16.31582159881785,9
86,glm_5_2_max,10.873738214970782,10
87,claude_fable_5_max,73.85190627273195,1
87,gpt_5_5_xhigh,46.0764613949724,2
87,kimi_k3_max,43.94713994775884,3
87,deepseek_v4_flash_max,37.79509894616025,4
87,gemini_3_1_pro_high,37.78776742123442,5
87,gpt_5_6_sol_max,34.236993797291916,6
87,qwen3_8_max,28.92740265828907,7
87,glm_5_2_max,27.995123486009817,8
87,claude_opus_4_8_max,26.152078757439323,9
87,deepseek_v4_pro_max,14.498396941784778,10
88,kimi_k3_max,82.14903873869847,1
88,qwen3_8_max,79.12717456898409,2
88,gemini_3_1_pro_high,70.07215922841844,3
88,claude_fable_5_max,64.74857210316492,4
88,gpt_5_6_sol_max,64.59992701795359,5
88,gpt_5_5_xhigh,62.02072019972999,6
88,glm_5_2_max,32.90342212408491,7
88,claude_opus_4_8_max,26.612277012087567,8
88,deepseek_v4_pro_max,25.889318232296844,9
88,deepseek_v4_flash_max,23.05902774090324,10
89,kimi_k3_max,76.3380967312208,1
89,gpt_5_6_sol_max,68.26431621870938,2
89,gemini_3_1_pro_high,54.24183116042272,3
89,qwen3_8_max,52.76149996409414,4
89,claude_opus_4_8_max,52.324654989297144,5
89,deepseek_v4_flash_max,47.39275513336871,6
89,gpt_5_5_xhigh,33.26066221471375,7
89,glm_5_2_max,20.194975422916837,8
89,claude_fable_5_max,17.13845155263647,9
89,deepseek_v4_pro_max,0.0,10
90,gpt_5_6_sol_max,77.95361730456358,1
90,claude_opus_4_8_max,68.2943834164573,2
90,kimi_k3_max,58.289990612632295,3
90,gpt_5_5_xhigh,41.76891772029288,4
90,claude_fable_5_max,40.36830777918576,5
90,qwen3_8_max,39.51090837860914,6
90,glm_5_2_max,29.313469211251913,7
90,gemini_3_1_pro_high,27.20498651757088,8
90,deepseek_v4_pro_max,25.04481207780164,9
90,deepseek_v4_flash_max,17.20247083624093,10
91,kimi_k3_max,76.37018746482087,1
91,claude_fable_5_max,73.5538663091134,2
91,gpt_5_6_sol_max,53.23140356696595,3
91,gemini_3_1_pro_high,52.22905753586649,4
91,gpt_5_5_xhigh,43.68181173741482,5
91,qwen3_8_max,34.382351290000415,6
91,deepseek_v4_flash_max,27.177148936210067,7
91,claude_opus_4_8_max,26.670742191355135,8
91,glm_5_2_max,18.861652721657975,9
91,deepseek_v4_pro_max,10.67280120562441,10
92,gemini_3_1_pro_high,82.91542533324366,1
92,gpt_5_5_xhigh,68.43812793454326,2
92,kimi_k3_max,67.74073405846028,3
92,qwen3_8_max,48.686534018401055,4
92,claude_opus_4_8_max,47.443204128427894,5
92,deepseek_v4_flash_max,36.21151210480157,6
92,claude_fable_5_max,34.14310400033292,7
92,gpt_5_6_sol_max,27.89341371958482,8
92,glm_5_2_max,23.620328059144445,9
92,deepseek_v4_pro_max,9.808923616061223,10
93,claude_opus_4_8_max,71.8199906917579,1
93,gemini_3_1_pro_high,71.45028117910402,2
93,gpt_5_6_sol_max,70.4833464828223,3
93,kimi_k3_max,51.05300667745928,4
93,claude_fable_5_max,32.41480813046116,5
93,gpt_5_5_xhigh,30.12429361686543,6
93,glm_5_2_max,24.572821797661145,7
93,deepseek_v4_pro_max,22.119520995827983,8
93,qwen3_8_max,19.03694858234767,9
93,deepseek_v4_flash_max,17.668866317869952,10
94,claude_fable_5_max,80.92901038801577,1
94,gpt_5_6_sol_max,70.9523090927882,2
94,claude_opus_4_8_max,49.7623488664032,3
94,qwen3_8_max,49.51944548406586,4
94,kimi_k3_max,40.578329774111864,5
94,deepseek_v4_pro_max,36.1782754968642,6
94,gpt_5_5_xhigh,25.104793426042527,7
94,gemini_3_1_pro_high,24.42435942775979,8
94,deepseek_v4_flash_max,22.94127645863893,9
94,glm_5_2_max,8.412131282866415,10
95,claude_opus_4_8_max,66.92645570995418,1
95,deepseek_v4_flash_max,38.92725235982313,2
95,kimi_k3_max,38.14434538179025,3
95,qwen3_8_max,37.396651125802606,4
95,glm_5_2_max,34.61114695646027,5
95,claude_fable_5_max,31.160642016562228,6
95,gpt_5_5_xhigh,27.486119689543322,7
95,gemini_3_1_pro_high,16.22175213674774,8
95,gpt_5_6_sol_max,13.775857510908537,9
95,deepseek_v4_pro_max,11.725501179772717,10
96,claude_fable_5_max,75.77074007374057,1
96,gpt_5_5_xhigh,74.8087044183742,2
96,qwen3_8_max,63.489568357876166,3
96,kimi_k3_max,57.50139882396445,4
96,gemini_3_1_pro_high,55.85555443782999,5
96,gpt_5_6_sol_max,28.51728837282853,6
96,deepseek_v4_flash_max,24.23177889537281,7
96,deepseek_v4_pro_max,21.614774067177414,8
96,glm_5_2_max,21.479768771033797,9
96,claude_opus_4_8_max,21.315155887577188,10
97,gpt_5_5_xhigh,74.82911815659688,1
97,claude_fable_5_max,59.228828325255066,2
97,kimi_k3_max,45.62239530226792,3
97,qwen3_8_max,38.81701506302548,4
97,deepseek_v4_pro_max,31.980484686690012,5
97,claude_opus_4_8_max,29.25764048194309,6
97,gemini_3_1_pro_high,25.14507711146533,7
97,glm_5_2_max,16.947278577941333,8
97,gpt_5_6_sol_max,14.931012333195923,9
97,deepseek_v4_flash_max,12.825086431431163,10
98,qwen3_8_max,78.90870139725112,1
98,kimi_k3_max,54.806473494911046,2
98,claude_opus_4_8_max,44.35004105436042,3
98,claude_fable_5_max,39.161617536774365,4
98,deepseek_v4_pro_max,31.656331228526113,5
98,gpt_5_5_xhigh,25.07468824084109,6
98,glm_5_2_max,23.545957373980272,7
98,gemini_3_1_pro_high,22.81980450161303,8
98,gpt_5_6_sol_max,22.544079287881416,9
98,deepseek_v4_flash_max,13.017560900490196,10
99,kimi_k3_max,73.19606137386273,1
99,claude_fable_5_max,71.64134271746676,2
99,qwen3_8_max,41.96863894897722,3
99,deepseek_v4_pro_max,35.70880157727541,4
99,gpt_5_5_xhigh,34.303034540074094,5
99,claude_opus_4_8_max,28.63343535288553,6
99,gpt_5_6_sol_max,24.803539221164677,7
99,gemini_3_1_pro_high,23.813425640414078,8
99,glm_5_2_max,17.502407479933943,9
99,deepseek_v4_flash_max,7.916136199395097,10
100,gpt_5_6_sol_max,79.03943931700798,1
100,gemini_3_1_pro_high,47.79332019298669,2
100,kimi_k3_max,46.966851826115374,3
100,deepseek_v4_pro_max,44.57883964207893,4
100,claude_opus_4_8_max,44.24807943069365,5
100,claude_fable_5_max,33.92873145938258,6
100,qwen3_8_max,24.100520535685504,7
100,gpt_5_5_xhigh,22.37930261048075,8
100,glm_5_2_max,21.52561909441202,9
100,deepseek_v4_flash_max,12.056683165940772,10
101,gpt_5_5_xhigh,71.13912788677992,1
101,claude_fable_5_max,62.30977525314005,2
101,claude_opus_4_8_max,58.98144438945905,3
101,qwen3_8_max,38.61081335495804,4
101,kimi_k3_max,34.836009309013164,5
101,gemini_3_1_pro_high,34.19004420890955,6
101,deepseek_v4_flash_max,29.27768570867749,7
101,glm_5_2_max,25.04011597404895,8
101,deepseek_v4_pro_max,22.127486285293664,9
101,gpt_5_6_sol_max,20.202208390018683,10
102,claude_fable_5_max,61.06733836227058,1
102,gemini_3_1_pro_high,60.14482833143799,2
102,qwen3_8_max,53.28533068605992,3
102,gpt_5_5_xhigh,52.92157446665399,4
102,kimi_k3_max,39.70739451836924,5
102,gpt_5_6_sol_max,23.773679779858565,6
102,deepseek_v4_flash_max,22.37334762312087,7
102,glm_5_2_max,21.693009578269322,8
102,claude_opus_4_8_max,16.16886370402741,9
102,deepseek_v4_pro_max,13.43185022000053,10
103,qwen3_8_max,78.12214085548344,1
103,claude_fable_5_max,67.47020696217935,2
103,kimi_k3_max,53.269283034342735,3
103,claude_opus_4_8_max,45.08338260322232,4
103,deepseek_v4_pro_max,37.70650286876217,5
103,gpt_5_6_sol_max,34.62007083485794,6
103,gpt_5_5_xhigh,33.63871268011319,7
103,glm_5_2_max,33.471801720398304,8
103,gemini_3_1_pro_high,28.88999425647518,9
103,deepseek_v4_flash_max,20.329233643049623,10
104,gpt_5_5_xhigh,79.23584128373247,1
104,kimi_k3_max,73.29232951421199,2
104,deepseek_v4_pro_max,50.37816819714739,3
104,gpt_5_6_sol_max,45.11848181301224,4
104,gemini_3_1_pro_high,44.42904100997251,5
104,claude_fable_5_max,36.46808813160717,6
104,glm_5_2_max,33.299627433818785,7
104,deepseek_v4_flash_max,32.188643300786325,8
104,qwen3_8_max,22.462648703061927,9
104,claude_opus_4_8_max,20.1301599684023,10
105,claude_fable_5_max,68.29933925224836,1
105,gpt_5_5_xhigh,67.67985606354767,2
105,gpt_5_6_sol_max,65.18530866140537,3
105,qwen3_8_max,54.17026830683304,4
105,deepseek_v4_flash_max,46.26071392476626,5
105,kimi_k3_max,42.77468489706935,6
105,gemini_3_1_pro_high,40.02669023221517,7
105,glm_5_2_max,30.291201893423004,8
105,claude_opus_4_8_max,30.051535312603633,9
105,deepseek_v4_pro_max,9.253103607912305,10
106,gpt_5_6_sol_max,74.24691466321214,1
106,qwen3_8_max,64.14474438567225,2
106,claude_opus_4_8_max,60.44569933626367,3
106,claude_fable_5_max,42.02932380734326,4
106,gpt_5_5_xhigh,26.292289227894983,5
106,kimi_k3_max,25.87792127630911,6
106,deepseek_v4_flash_max,21.499102189551195,7
106,gemini_3_1_pro_high,20.080042092910844,8
106,glm_5_2_max,18.21261767478162,9
106,deepseek_v4_pro_max,15.194533131203169,10
107,gemini_3_1_pro_high,70.64651903937163,1
107,claude_fable_5_max,64.67678202756247,2
107,kimi_k3_max,61.45721021998726,3
107,gpt_5_5_xhigh,52.47307703655118,4
107,claude_opus_4_8_max,47.46885289139769,5
107,qwen3_8_max,41.02903206262121,6
107,gpt_5_6_sol_max,39.90349632706426,7
107,glm_5_2_max,21.602653401918054,8
107,deepseek_v4_pro_max,19.89045337022873,9
107,deepseek_v4_flash_max,7.50865105449323,10
108,gpt_5_5_xhigh,74.32757088434093,1
108,claude_fable_5_max,53.54398141892226,2
108,kimi_k3_max,52.64048728714471,3
108,claude_opus_4_8_max,52.04751128887459,4
108,gemini_3_1_pro_high,44.81856687635214,5
108,deepseek_v4_flash_max,36.73660558116049,6
108,qwen3_8_max,33.13981292288046,7
108,gpt_5_6_sol_max,32.725997083538246,8
108,glm_5_2_max,25.321057226448914,9
108,deepseek_v4_pro_max,16.967038018753655,10
109,claude_fable_5_max,75.05616043225287,1
109,claude_opus_4_8_max,73.46438246428828,2
109,qwen3_8_max,71.35230237128263,3
109,gpt_5_6_sol_max,63.41428622463553,4
109,deepseek_v4_flash_max,43.79561160515931,5
109,gpt_5_5_xhigh,39.853458090020595,6
109,deepseek_v4_pro_max,37.91356783194732,7
109,gemini_3_1_pro_high,36.26171029519577,8
109,glm_5_2_max,34.95566433653936,9
109,kimi_k3_max,15.29932540906586,10
110,qwen3_8_max,64.23391566124104,1
110,gemini_3_1_pro_high,60.574741142612964,2
110,gpt_5_5_xhigh,59.616230668091006,3
110,claude_fable_5_max,54.47765430926874,4
110,claude_opus_4_8_max,48.56023563954417,5
110,kimi_k3_max,33.04377279005232,6
110,gpt_5_6_sol_max,32.02080075256954,7
110,deepseek_v4_pro_max,22.259143206673656,8
110,glm_5_2_max,21.47134746698938,9
110,deepseek_v4_flash_max,16.24229480302143,10
111,claude_opus_4_8_max,82.46336480050613,1
111,gemini_3_1_pro_high,73.20973505915998,2
111,qwen3_8_max,56.99965670235411,3
111,kimi_k3_max,49.87046815121406,4
111,gpt_5_5_xhigh,43.229906250284785,5
111,gpt_5_6_sol_max,29.780515065470826,6
111,deepseek_v4_flash_max,23.685535955968817,7
111,claude_fable_5_max,23.45689064596373,8
111,deepseek_v4_pro_max,19.073549875367384,9
111,glm_5_2_max,16.571465633302036,10
112,gemini_3_1_pro_high,88.39870217781855,1
112,claude_fable_5_max,81.20606624936919,2
112,qwen3_8_max,57.872299067105914,3
112,gpt_5_6_sol_max,53.10474535432633,4
112,claude_opus_4_8_max,48.532001505649205,5
112,gpt_5_5_xhigh,36.854500994993735,6
112,glm_5_2_max,27.469823409877318,7
112,deepseek_v4_flash_max,26.002458274596158,8
112,deepseek_v4_pro_max,16.656667588812198,9
112,kimi_k3_max,14.804771772385651,10
113,gpt_5_6_sol_max,55.527927046334966,1
113,qwen3_8_max,52.74516359460703,2
113,claude_fable_5_max,49.99142761591624,3
113,claude_opus_4_8_max,44.401865351547485,4
113,gemini_3_1_pro_high,43.44354630888505,5
113,kimi_k3_max,43.08101277297056,6
113,deepseek_v4_pro_max,30.370484941127103,7
113,deepseek_v4_flash_max,28.584075757769007,8
113,gpt_5_5_xhigh,25.055890744449382,9
113,glm_5_2_max,14.499254204302904,10
114,claude_opus_4_8_max,76.72514009622523,1
114,gemini_3_1_pro_high,70.86801829268589,2
114,claude_fable_5_max,65.11564580471729,3
114,qwen3_8_max,57.854227117208154,4
114,kimi_k3_max,45.95926573907406,5
114,glm_5_2_max,42.23969464438997,6
114,deepseek_v4_flash_max,31.94980945935298,7
114,gpt_5_6_sol_max,31.696398389440162,8
114,gpt_5_5_xhigh,26.43861848536911,9
114,deepseek_v4_pro_max,21.636611606736132,10
115,gpt_5_5_xhigh,79.53700360202552,1
115,kimi_k3_max,70.54691620496655,2
115,deepseek_v4_pro_max,51.8944451033907,3
115,claude_fable_5_max,51.0945017834041,4
115,claude_opus_4_8_max,49.10213672424172,5
115,gemini_3_1_pro_high,43.34797874111495,6
115,qwen3_8_max,35.53980407266731,7
115,deepseek_v4_flash_max,23.207551068358526,8
115,gpt_5_6_sol_max,20.26835560095366,9
115,glm_5_2_max,14.173369481960098,10
116,gpt_5_5_xhigh,79.33997416702773,1
116,claude_opus_4_8_max,69.66741705507206,2
116,gemini_3_1_pro_high,67.88635178100645,3
116,gpt_5_6_sol_max,49.49693137467838,4
116,claude_fable_5_max,40.51535308552755,5
116,qwen3_8_max,36.84047003879958,6
116,kimi_k3_max,30.93917518430741,7
116,glm_5_2_max,20.498327774643485,8
116,deepseek_v4_flash_max,15.917166069595565,9
116,deepseek_v4_pro_max,15.076568296122396,10
117,claude_opus_4_8_max,69.53032824377442,1
117,gpt_5_5_xhigh,42.06676839684752,2
117,claude_fable_5_max,36.51237336572357,3
117,gemini_3_1_pro_high,27.2119641161524,4
117,qwen3_8_max,24.256771742734912,5
117,kimi_k3_max,22.069626149869826,6
117,glm_5_2_max,15.88938194679681,7
117,gpt_5_6_sol_max,13.126069334831403,8
117,deepseek_v4_flash_max,11.822946803002068,9
117,deepseek_v4_pro_max,10.913332713823625,10
118,gpt_5_5_xhigh,68.98255760463005,1
118,gemini_3_1_pro_high,68.26073003765718,2
118,claude_opus_4_8_max,66.03508101803683,3
118,qwen3_8_max,43.999412823966544,4
118,claude_fable_5_max,34.565172872202254,5
118,gpt_5_6_sol_max,34.46851517370495,6
118,deepseek_v4_flash_max,33.89931207379056,7
118,kimi_k3_max,27.357486048125374,8
118,glm_5_2_max,19.703713059477295,9
118,deepseek_v4_pro_max,8.30140345798215,10
119,gemini_3_1_pro_high,70.44811147223557,1
119,qwen3_8_max,68.16652769825254,2
119,gpt_5_5_xhigh,67.07940911321546,3
119,claude_fable_5_max,57.04125282464088,4
119,deepseek_v4_pro_max,35.72296148316535,5
119,claude_opus_4_8_max,23.42683851302105,6
119,gpt_5_6_sol_max,22.364312675083738,7
119,glm_5_2_max,19.801178849098257,8
119,kimi_k3_max,17.350503908526928,9
119,deepseek_v4_flash_max,14.458233312733665,10
120,claude_fable_5_max,68.1845059199704,1
120,gpt_5_6_sol_max,63.202967119825416,2
120,gemini_3_1_pro_high,47.50519968641644,3
120,qwen3_8_max,42.843302729133626,4
120,gpt_5_5_xhigh,38.65077184117582,5
120,glm_5_2_max,30.341307500599203,6
120,kimi_k3_max,27.948104050917806,7
120,deepseek_v4_pro_max,24.860225922237532,8
120,deepseek_v4_flash_max,24.650122045968637,9
120,claude_opus_4_8_max,20.342050748545176,10
121,gpt_5_6_sol_max,77.68069292025294,1
121,claude_fable_5_max,70.1326152570691,2
121,gemini_3_1_pro_high,50.3963371691664,3
121,qwen3_8_max,50.15517141054694,4
121,kimi_k3_max,47.26598525913226,5
121,claude_opus_4_8_max,44.69676702710984,6
121,deepseek_v4_flash_max,44.370260438976466,7
121,deepseek_v4_pro_max,25.308975277684873,8
121,glm_5_2_max,21.346403214879416,9
121,gpt_5_5_xhigh,13.089190814485043,10
122,gpt_5_5_xhigh,69.55982925006352,1
122,kimi_k3_max,68.56218647000416,2
122,claude_opus_4_8_max,68.16374785597039,3
122,qwen3_8_max,59.34146814663707,4
122,claude_fable_5_max,59.11311313936311,5
122,gpt_5_6_sol_max,49.19155887339572,6
122,glm_5_2_max,31.427941871777772,7
122,deepseek_v4_pro_max,29.876396257018445,8
122,deepseek_v4_flash_max,29.434833523740533,9
122,gemini_3_1_pro_high,14.080633603949098,10
123,claude_fable_5_max,74.04615997865254,1
123,gpt_5_6_sol_max,59.60250550233756,2
123,gpt_5_5_xhigh,44.61115247529099,3
123,gemini_3_1_pro_high,35.376927275002885,4
123,claude_opus_4_8_max,32.02736838198385,5
123,qwen3_8_max,31.195026140762568,6
123,deepseek_v4_pro_max,23.65899425060944,7
123,kimi_k3_max,23.224826007827517,8
123,glm_5_2_max,23.15117384828679,9
123,deepseek_v4_flash_max,14.8787659055254,10
124,claude_fable_5_max,89.28541254999818,1
124,gemini_3_1_pro_high,67.44751741639479,2
124,gpt_5_6_sol_max,58.87173186987589,3
124,kimi_k3_max,51.91886110802126,4
124,gpt_5_5_xhigh,51.58208113133805,5
124,qwen3_8_max,48.13555588155363,6
124,claude_opus_4_8_max,30.684423098307793,7
124,deepseek_v4_pro_max,27.58961459215083,8
124,deepseek_v4_flash_max,16.5523215041657,9
124,glm_5_2_max,14.613103707456348,10
125,gpt_5_6_sol_max,84.29805012946022,1
125,gpt_5_5_xhigh,70.67015448540201,2
125,kimi_k3_max,56.36448390318962,3
125,claude_fable_5_max,53.39491592956808,4
125,gemini_3_1_pro_high,43.94010460524582,5
125,qwen3_8_max,43.20470582575513,6
125,glm_5_2_max,43.11397867291133,7
125,deepseek_v4_pro_max,36.338729632351956,8
125,claude_opus_4_8_max,27.931580171952756,9
125,deepseek_v4_flash_max,12.023351769672988,10
126,gpt_5_5_xhigh,68.01871684552799,1
126,qwen3_8_max,53.34205842475375,2
126,claude_opus_4_8_max,46.01520032424231,3
126,claude_fable_5_max,36.86067192633255,4
126,gpt_5_6_sol_max,27.62692028249832,5
126,kimi_k3_max,27.509121496063692,6
126,deepseek_v4_flash_max,22.662580951879097,7
126,deepseek_v4_pro_max,17.19020365455023,8
126,gemini_3_1_pro_high,11.753003058988224,9
126,glm_5_2_max,7.748482870426511,10
127,gpt_5_6_sol_max,86.55633217011399,1
127,qwen3_8_max,57.400422815938384,2
127,gemini_3_1_pro_high,50.000309201300304,3
127,gpt_5_5_xhigh,47.09899160851188,4
127,claude_fable_5_max,44.45669310714662,5
127,kimi_k3_max,44.36730209736586,6
127,claude_opus_4_8_max,35.701744738892785,7
127,deepseek_v4_pro_max,25.292437543665326,8
127,glm_5_2_max,23.284828594155574,9
127,deepseek_v4_flash_max,21.360488330701283,10
128,claude_opus_4_8_max,68.04564858863228,1
128,gemini_3_1_pro_high,56.532324429447655,2
128,qwen3_8_max,50.56760256536943,3
128,kimi_k3_max,47.353097780647914,4
128,gpt_5_5_xhigh,37.607259386391505,5
128,deepseek_v4_pro_max,37.52319970213641,6
128,gpt_5_6_sol_max,34.41174703243175,7
128,claude_fable_5_max,27.684604952085905,8
128,deepseek_v4_flash_max,13.66341089266904,9
128,glm_5_2_max,11.290353067669432,10
129,claude_fable_5_max,78.27570842171839,1
129,qwen3_8_max,70.63889996345775,2
129,gpt_5_6_sol_max,60.89286036940285,3
129,gemini_3_1_pro_high,55.840356464345334,4
129,kimi_k3_max,53.82259453445644,5
129,gpt_5_5_xhigh,52.5014097350584,6
129,glm_5_2_max,34.226061117133334,7
129,deepseek_v4_pro_max,34.1838512418499,8
129,claude_opus_4_8_max,22.153627025210895,9
129,deepseek_v4_flash_max,16.441794507977818,10
130,gemini_3_1_pro_high,72.0540205026901,1
130,gpt_5_5_xhigh,55.61191095715131,2
130,kimi_k3_max,55.508610350000374,3
130,qwen3_8_max,55.39400938204501,4
130,claude_opus_4_8_max,49.35931536474293,5
130,deepseek_v4_pro_max,49.21655451200119,6
130,gpt_5_6_sol_max,34.317189936954776,7
130,claude_fable_5_max,31.982628305468715,8
130,glm_5_2_max,21.044408687906955,9
130,deepseek_v4_flash_max,16.42823986455747,10
131,kimi_k3_max,86.60921144210376,1
131,gpt_5_6_sol_max,50.628866688384505,2
131,gemini_3_1_pro_high,34.80929995839284,3
131,claude_fable_5_max,33.18253932385028,4
131,claude_opus_4_8_max,28.971087320211513,5
131,deepseek_v4_pro_max,23.25351447386044,6
131,qwen3_8_max,22.22528035285238,7
131,gpt_5_5_xhigh,19.609790065562997,8
131,glm_5_2_max,15.267500053830515,9
131,deepseek_v4_flash_max,4.485725664082107,10
132,claude_fable_5_max,81.3921873932209,1
132,gemini_3_1_pro_high,57.287854198991255,2
132,kimi_k3_max,53.796522087215145,3
132,qwen3_8_max,50.62715879117254,4
132,gpt_5_6_sol_max,40.576292370007266,5
132,claude_opus_4_8_max,34.417304282619604,6
132,glm_5_2_max,23.043035964769594,7
132,deepseek_v4_pro_max,20.279671814091085,8
132,gpt_5_5_xhigh,20.238953979177044,9
132,deepseek_v4_flash_max,0.9718241038142353,10
133,gpt_5_6_sol_max,86.2300267505767,1
133,gemini_3_1_pro_high,66.47899002448636,2
133,qwen3_8_max,53.77983614167632,3
133,kimi_k3_max,41.492986264466424,4
133,glm_5_2_max,35.843659174808415,5
133,claude_opus_4_8_max,31.85564545987071,6
133,gpt_5_5_xhigh,30.918851012627563,7
133,deepseek_v4_flash_max,29.304870898343488,8
133,claude_fable_5_max,21.994736119322837,9
133,deepseek_v4_pro_max,9.183744704899992,10
134,claude_fable_5_max,87.47807482571258,1
134,gemini_3_1_pro_high,63.847020212796096,2
134,claude_opus_4_8_max,58.86265618758366,3
134,kimi_k3_max,48.990090114890904,4
134,qwen3_8_max,45.95718156763044,5
134,gpt_5_6_sol_max,41.75731330901658,6
134,glm_5_2_max,34.65808296710063,7
134,deepseek_v4_pro_max,30.06540979940518,8
134,gpt_5_5_xhigh,24.190002739256684,9
134,deepseek_v4_flash_max,24.106590079463903,10
135,gpt_5_6_sol_max,73.4844513129676,1
135,claude_fable_5_max,71.64433876075256,2
135,kimi_k3_max,61.54702773897948,3
135,gpt_5_5_xhigh,55.51181884504537,4
135,gemini_3_1_pro_high,53.15452907682611,5
135,qwen3_8_max,41.62963855446591,6
135,deepseek_v4_pro_max,39.83392073754938,7
135,claude_opus_4_8_max,26.6628402324731,8
135,deepseek_v4_flash_max,26.530641840123064,9
135,glm_5_2_max,22.03235373153717,10
136,claude_fable_5_max,81.53478796548038,1
136,kimi_k3_max,71.22872459038354,2
136,qwen3_8_max,53.70000886262775,3
136,gemini_3_1_pro_high,53.52952362004657,4
136,gpt_5_5_xhigh,48.974714243830746,5
136,glm_5_2_max,36.92652350030647,6
136,gpt_5_6_sol_max,32.034895431126714,7
136,deepseek_v4_flash_max,29.49732229351542,8
136,claude_opus_4_8_max,24.399942910532204,9
136,deepseek_v4_pro_max,14.341839942653262,10
137,claude_opus_4_8_max,67.9328885260723,1
137,kimi_k3_max,66.04538215335168,2
137,gemini_3_1_pro_high,64.82676006077119,3
137,claude_fable_5_max,64.23492934135945,4
137,qwen3_8_max,61.69179808210184,5
137,gpt_5_6_sol_max,59.86402400798826,6
137,deepseek_v4_flash_max,26.19536897124029,7
137,gpt_5_5_xhigh,26.01314735368968,8
137,deepseek_v4_pro_max,21.123763188739375,9
137,glm_5_2_max,12.86792681898968,10
138,claude_fable_5_max,77.61426169465568,1
138,qwen3_8_max,76.22804649072364,2
138,gpt_5_6_sol_max,58.50877805116508,3
138,gemini_3_1_pro_high,35.62415677566787,4
138,kimi_k3_max,35.181440880020595,5
138,glm_5_2_max,25.47008245259704,6
138,deepseek_v4_pro_max,24.396996606371978,7
138,gpt_5_5_xhigh,24.294427292485203,8
138,deepseek_v4_flash_max,23.577084570030117,9
138,claude_opus_4_8_max,20.164342700117647,10
139,gpt_5_6_sol_max,67.90226771962249,1
139,gpt_5_5_xhigh,65.37837870917042,2
139,gemini_3_1_pro_high,61.3353297557656,3
139,claude_fable_5_max,40.93362445951848,4
139,claude_opus_4_8_max,39.00502107642316,5
139,kimi_k3_max,36.23438623335747,6
139,qwen3_8_max,26.86764435395687,7
139,deepseek_v4_flash_max,24.122746139166527,8
139,deepseek_v4_pro_max,16.546038414632775,9
139,glm_5_2_max,15.92174720786522,10
140,gpt_5_5_xhigh,77.93440643535939,1
140,gpt_5_6_sol_max,70.62572161288685,2
140,claude_fable_5_max,59.619835644233035,3
140,qwen3_8_max,58.36126437521289,4
140,kimi_k3_max,52.07476875328169,5
140,gemini_3_1_pro_high,34.61240952794773,6
140,claude_opus_4_8_max,29.324707535872633,7
140,glm_5_2_max,17.376604079123645,8
140,deepseek_v4_flash_max,16.918635068634647,9
140,deepseek_v4_pro_max,16.150757349360507,10
141,gpt_5_6_sol_max,82.47598693251783,1
141,claude_fable_5_max,79.6548476375456,2
141,gpt_5_5_xhigh,71.67950326515735,3
141,qwen3_8_max,50.12398817437126,4
141,kimi_k3_max,45.685414036702696,5
141,gemini_3_1_pro_high,42.829412670275076,6
141,deepseek_v4_flash_max,35.93515587907871,7
141,claude_opus_4_8_max,30.761067993012084,8
141,deepseek_v4_pro_max,26.159592229893374,9
141,glm_5_2_max,15.936742587112523,10
142,gemini_3_1_pro_high,71.87288385557738,1
142,claude_fable_5_max,61.124329301608896,2
142,gpt_5_6_sol_max,53.30687057011791,3
142,claude_opus_4_8_max,48.33731484527544,4
142,deepseek_v4_flash_max,41.480796087722034,5
142,gpt_5_5_xhigh,37.67232410258389,6
142,kimi_k3_max,31.319150663100345,7
142,qwen3_8_max,25.58932902281056,8
142,deepseek_v4_pro_max,21.1221007725918,9
142,glm_5_2_max,10.22809779515675,10
143,kimi_k3_max,82.76598817094413,1
143,gemini_3_1_pro_high,69.45675606099697,2
143,gpt_5_6_sol_max,58.845687255297555,3
143,deepseek_v4_flash_max,38.45729691014212,4
143,gpt_5_5_xhigh,32.58574058439441,5
143,claude_opus_4_8_max,30.738513796231036,6
143,qwen3_8_max,29.277546312952232,7
143,claude_fable_5_max,21.379795475027194,8
143,deepseek_v4_pro_max,20.783696537238814,9
143,glm_5_2_max,19.64249737815023,10
144,claude_fable_5_max,81.23977205777321,1
144,gpt_5_6_sol_max,72.32087727944884,2
144,qwen3_8_max,47.510229263205716,3
144,kimi_k3_max,45.970854324464696,4
144,gpt_5_5_xhigh,44.711151917319114,5
144,deepseek_v4_pro_max,36.40812848925785,6
144,gemini_3_1_pro_high,30.21567678081553,7
144,glm_5_2_max,27.078954406996665,8
144,deepseek_v4_flash_max,21.356186374459227,9
144,claude_opus_4_8_max,15.634556138085856,10
145,gpt_5_6_sol_max,76.80635322909991,1
145,claude_fable_5_max,64.74812964379676,2
145,gpt_5_5_xhigh,53.8808407431927,3
145,kimi_k3_max,48.72694018938083,4
145,gemini_3_1_pro_high,36.956628047849044,5
145,glm_5_2_max,30.813336566370783,6
145,claude_opus_4_8_max,27.006387369744438,7
145,deepseek_v4_pro_max,22.44163837558599,8
145,qwen3_8_max,21.45715150285939,9
145,deepseek_v4_flash_max,13.012459270128362,10
146,gpt_5_5_xhigh,63.66905568936827,1
146,kimi_k3_max,54.96868840307012,2
146,deepseek_v4_pro_max,54.74845091544015,3
146,claude_fable_5_max,53.49426917507288,4
146,qwen3_8_max,53.389171370788496,5
146,gemini_3_1_pro_high,50.74843254704558,6
146,claude_opus_4_8_max,41.45231594387827,7
146,glm_5_2_max,21.723225787622013,8
146,gpt_5_6_sol_max,18.62862750711422,9
146,deepseek_v4_flash_max,13.229095276746722,10
147,claude_opus_4_8_max,82.23100449738808,1
147,gpt_5_5_xhigh,76.68654239768006,2
147,gemini_3_1_pro_high,56.6654321480257,3
147,gpt_5_6_sol_max,44.57203362477806,4
147,kimi_k3_max,36.93992002533893,5
147,claude_fable_5_max,35.79130885853591,6
147,glm_5_2_max,32.716524165886085,7
147,qwen3_8_max,27.214430508808995,8
147,deepseek_v4_flash_max,21.832787754986796,9
147,deepseek_v4_pro_max,19.580980790581293,10
148,gemini_3_1_pro_high,82.38823881864798,1
148,gpt_5_6_sol_max,70.92657187931815,2
148,claude_fable_5_max,66.42684948951785,3
148,gpt_5_5_xhigh,47.805672228091645,4
148,glm_5_2_max,43.224937851954635,5
148,qwen3_8_max,41.44277658062276,6
148,claude_opus_4_8_max,40.62884837783656,7
148,kimi_k3_max,26.47603388312616,8
148,deepseek_v4_flash_max,24.206773483695464,9
148,deepseek_v4_pro_max,16.667817963356516,10
149,gpt_5_5_xhigh,69.39143024665333,1
149,kimi_k3_max,62.015857287853215,2
149,gemini_3_1_pro_high,59.35207631839816,3
149,claude_fable_5_max,58.16289277369938,4
149,deepseek_v4_pro_max,48.9864332388301,5
149,qwen3_8_max,46.34926526910253,6
149,claude_opus_4_8_max,42.78771142063658,7
149,deepseek_v4_flash_max,21.393724989375293,8
149,gpt_5_6_sol_max,19.77395141907696,9
149,glm_5_2_max,18.665921233858274,10
150,kimi_k3_max,61.71948817318487,1
150,gpt_5_6_sol_max,60.0858439649211,2
150,claude_fable_5_max,58.10352836881583,3
150,claude_opus_4_8_max,52.827587445609424,4
150,gemini_3_1_pro_high,46.80878667615575,5
150,deepseek_v4_pro_max,45.05465417811211,6
150,qwen3_8_max,39.5279420065887,7
150,glm_5_2_max,27.823530362907135,8
150,gpt_5_5_xhigh,24.88480919382975,9
150,deepseek_v4_flash_max,17.90852381992326,10
151,gpt_5_6_sol_max,81.01625442716133,1
151,claude_fable_5_max,35.174859989678,2
151,claude_opus_4_8_max,32.178344553148776,3
151,kimi_k3_max,31.743267023955585,4
151,qwen3_8_max,31.57084807758582,5
151,gemini_3_1_pro_high,29.592165908818476,6
151,gpt_5_5_xhigh,24.763762853320948,7
151,glm_5_2_max,20.14506602129122,8
151,deepseek_v4_pro_max,14.14934072888357,9
151,deepseek_v4_flash_max,10.690420903114347,10
152,claude_fable_5_max,67.72653885399069,1
152,gpt_5_5_xhigh,59.92098597142726,2
152,gemini_3_1_pro_high,48.471659318905445,3
152,kimi_k3_max,38.4600603464919,4
152,deepseek_v4_flash_max,36.63496051716018,5
152,glm_5_2_max,36.42330316836581,6
152,claude_opus_4_8_max,35.899900457275244,7
152,deepseek_v4_pro_max,30.088931056010434,8
152,gpt_5_6_sol_max,25.725227495978064,9
152,qwen3_8_max,24.96864234412481,10
153,claude_fable_5_max,70.37470609373435,1
153,gpt_5_6_sol_max,63.20374689938923,2
153,claude_opus_4_8_max,56.1204744915338,3
153,gpt_5_5_xhigh,48.04167958809035,4
153,qwen3_8_max,44.633191712160496,5
153,kimi_k3_max,42.694229538932895,6
153,deepseek_v4_flash_max,25.56316677364196,7
153,deepseek_v4_pro_max,24.120193023998432,8
153,glm_5_2_max,20.4121378841725,9
153,gemini_3_1_pro_high,19.524507990110166,10
154,qwen3_8_max,70.3215917522678,1
154,claude_opus_4_8_max,68.23547412295758,2
154,kimi_k3_max,58.840506642387886,3
154,gpt_5_5_xhigh,54.20286708389277,4
154,gemini_3_1_pro_high,53.78178731344761,5
154,deepseek_v4_pro_max,50.84540707219372,6
154,claude_fable_5_max,49.68329263007077,7
154,gpt_5_6_sol_max,36.09287290453203,8
154,deepseek_v4_flash_max,24.949060928949248,9
154,glm_5_2_max,18.26767590363615,10
155,gpt_5_5_xhigh,73.65053685856873,1
155,kimi_k3_max,66.60988954412554,2
155,claude_fable_5_max,55.024367462859395,3
155,gpt_5_6_sol_max,51.5776995596108,4
155,deepseek_v4_flash_max,47.72704683582989,5
155,qwen3_8_max,45.98504011458939,6
155,gemini_3_1_pro_high,43.17597052541542,7
155,claude_opus_4_8_max,25.09707142415921,8
155,deepseek_v4_pro_max,23.451080584639307,9
155,glm_5_2_max,20.87105201495308,10
156,claude_fable_5_max,87.97393623854592,1
156,gpt_5_6_sol_max,62.876896575356035,2
156,qwen3_8_max,53.00701744931841,3
156,gemini_3_1_pro_high,46.97164290949526,4
156,claude_opus_4_8_max,43.384000222537836,5
156,deepseek_v4_pro_max,40.782231658350305,6
156,gpt_5_5_xhigh,38.15353448973735,7
156,kimi_k3_max,34.00758362683871,8
156,deepseek_v4_flash_max,27.116994618835122,9
156,glm_5_2_max,26.50347303901185,10
157,claude_opus_4_8_max,75.17675045810985,1
157,kimi_k3_max,55.12463999874186,2
157,gemini_3_1_pro_high,52.31618464435026,3
157,claude_fable_5_max,51.68057132701183,4
157,qwen3_8_max,47.94143804004159,5
157,gpt_5_5_xhigh,42.82282839975149,6
157,glm_5_2_max,35.64603923209139,7
157,deepseek_v4_flash_max,32.30950432555986,8
157,deepseek_v4_pro_max,30.027360252740074,9
157,gpt_5_6_sol_max,26.344611219321763,10
158,kimi_k3_max,81.85611879651586,1
158,claude_fable_5_max,64.66932645511116,2
158,qwen3_8_max,55.867238738235095,3
158,claude_opus_4_8_max,49.88915609454074,4
158,gpt_5_6_sol_max,45.47645142124129,5
158,gpt_5_5_xhigh,43.472619346389074,6
158,deepseek_v4_pro_max,34.94681431430929,7
158,glm_5_2_max,31.50527963945408,8
158,deepseek_v4_flash_max,28.639935430067375,9
158,gemini_3_1_pro_high,14.425680036087517,10
159,qwen3_8_max,74.58201805377729,1
159,kimi_k3_max,74.16201969370539,2
159,gpt_5_5_xhigh,60.92469404028435,3
159,claude_opus_4_8_max,57.2537102503222,4
159,claude_fable_5_max,50.26602461593864,5
159,gemini_3_1_pro_high,48.628206266178054,6
159,deepseek_v4_pro_max,25.563256746544056,7
159,gpt_5_6_sol_max,25.191025873416443,8
159,deepseek_v4_flash_max,24.29510959469777,9
159,glm_5_2_max,17.63060062309304,10
160,gpt_5_6_sol_max,77.9484110905562,1
160,gemini_3_1_pro_high,60.373682086294956,2
160,qwen3_8_max,58.87222948493374,3
160,kimi_k3_max,41.83640135907513,4
160,deepseek_v4_flash_max,35.761999672709464,5
160,claude_opus_4_8_max,31.659303217378618,6
160,claude_fable_5_max,31.387699459964452,7
160,gpt_5_5_xhigh,25.5798410270921,8
160,glm_5_2_max,24.632903086098416,9
160,deepseek_v4_pro_max,10.707951981642385,10
161,claude_fable_5_max,90.17335260882608,1
161,gpt_5_6_sol_max,70.15781809531452,2
161,kimi_k3_max,58.632947602059104,3
161,claude_opus_4_8_max,46.48393571854241,4
161,glm_5_2_max,41.127666620874386,5
161,qwen3_8_max,40.61054863215237,6
161,gpt_5_5_xhigh,36.94270420290619,7
161,deepseek_v4_flash_max,28.155322887637574,8
161,gemini_3_1_pro_high,19.598101810447524,9
161,deepseek_v4_pro_max,18.570100634560184,10
162,claude_fable_5_max,72.20353197136015,1
162,gemini_3_1_pro_high,68.7984591437408,2
162,qwen3_8_max,57.74072799015529,3
162,kimi_k3_max,55.85608553993163,4
162,claude_opus_4_8_max,44.96276938175045,5
162,deepseek_v4_pro_max,42.3855654479285,6
162,gpt_5_5_xhigh,30.40210507581149,7
162,glm_5_2_max,23.614317220179913,8
162,gpt_5_6_sol_max,21.524978435747634,9
162,deepseek_v4_flash_max,17.519245944164858,10
163,kimi_k3_max,75.17768460634805,1
163,claude_fable_5_max,64.79446640412668,2
163,glm_5_2_max,36.370766051604406,3
163,gemini_3_1_pro_high,36.18161171822284,4
163,gpt_5_6_sol_max,34.027938491288,5
163,deepseek_v4_pro_max,33.24351389211971,6
163,claude_opus_4_8_max,30.47885917515414,7
163,qwen3_8_max,29.448777606226972,8
163,gpt_5_5_xhigh,26.55647352403018,9
163,deepseek_v4_flash_max,22.835635153416632,10
164,claude_opus_4_8_max,81.67430098493902,1
164,qwen3_8_max,70.91678497210904,2
164,kimi_k3_max,49.899651988943965,3
164,claude_fable_5_max,49.40138394897636,4
164,gpt_5_5_xhigh,43.44552508281972,5
164,deepseek_v4_flash_max,33.235213194775056,6
164,gpt_5_6_sol_max,30.274952337998577,7
164,deepseek_v4_pro_max,22.86239573577746,8
164,gemini_3_1_pro_high,17.36741290319111,9
164,glm_5_2_max,9.826499128007862,10
165,gpt_5_6_sol_max,65.01358707798492,1
165,claude_fable_5_max,61.825151254003075,2
165,gpt_5_5_xhigh,51.4089181094796,3
165,kimi_k3_max,47.22520501466781,4
165,qwen3_8_max,40.086096348910594,5
165,deepseek_v4_pro_max,38.032507508757064,6
165,glm_5_2_max,32.679706634240105,7
165,claude_opus_4_8_max,31.953196029461054,8
165,gemini_3_1_pro_high,27.153119570909194,9
165,deepseek_v4_flash_max,27.042633912726103,10
166,claude_fable_5_max,73.97830319570359,1
166,kimi_k3_max,68.00448070335884,2
166,gemini_3_1_pro_high,52.08265224690305,3
166,gpt_5_6_sol_max,51.92095075947089,4
166,gpt_5_5_xhigh,50.59654288733367,5
166,qwen3_8_max,33.45350669403068,6
166,deepseek_v4_flash_max,26.66812344852788,7
166,claude_opus_4_8_max,22.58176700037261,8
166,glm_5_2_max,21.66833374675931,9
166,deepseek_v4_pro_max,21.16394513554466,10
167,gpt_5_5_xhigh,80.21739479586797,1
167,claude_fable_5_max,68.8315395005442,2
167,qwen3_8_max,54.07957528791993,3
167,kimi_k3_max,52.706739179447084,4
167,deepseek_v4_flash_max,41.242630486527574,5
167,gemini_3_1_pro_high,37.097190186358425,6
167,claude_opus_4_8_max,32.52476770224621,7
167,deepseek_v4_pro_max,22.58628742784596,8
167,gpt_5_6_sol_max,21.802768433143033,9
167,glm_5_2_max,13.978511662788007,10
168,claude_opus_4_8_max,58.45012502249429,1
168,gpt_5_5_xhigh,55.73114186459626,2
168,qwen3_8_max,39.48619635775022,3
168,claude_fable_5_max,38.8449250175244,4
168,glm_5_2_max,37.93619334240853,5
168,gemini_3_1_pro_high,36.8700989428258,6
168,gpt_5_6_sol_max,28.628147816705457,7
168,kimi_k3_max,24.143036978348643,8
168,deepseek_v4_pro_max,22.90324520674122,9
168,deepseek_v4_flash_max,16.571358532890862,10
169,claude_fable_5_max,75.15421262377384,1
169,gpt_5_6_sol_max,71.11623744016373,2
169,qwen3_8_max,68.66869874878365,3
169,kimi_k3_max,60.55901595831287,4
169,deepseek_v4_flash_max,51.00637406339972,5
169,gpt_5_5_xhigh,42.24865715534751,6
169,gemini_3_1_pro_high,36.21804524105819,7
169,claude_opus_4_8_max,35.64960546986792,8
169,glm_5_2_max,24.713867775933853,9
169,deepseek_v4_pro_max,8.296072108612494,10
170,claude_fable_5_max,92.19984014305294,1
170,gpt_5_5_xhigh,49.314029032454094,2
170,gpt_5_6_sol_max,39.83058081700641,3
170,kimi_k3_max,32.86744008283384,4
170,gemini_3_1_pro_high,27.67358355030901,5
170,glm_5_2_max,25.121839739160322,6
170,deepseek_v4_pro_max,20.898285348561995,7
170,claude_opus_4_8_max,19.214605091488032,8
170,qwen3_8_max,12.67687608410835,9
170,deepseek_v4_flash_max,5.6708572276158025,10
171,claude_fable_5_max,86.03792790028278,1
171,gemini_3_1_pro_high,48.206650045978556,2
171,gpt_5_6_sol_max,46.34997846533767,3
171,claude_opus_4_8_max,40.484751951008825,4
171,kimi_k3_max,39.93669497908087,5
171,qwen3_8_max,37.22994590817662,6
171,gpt_5_5_xhigh,26.334090694390454,7
171,deepseek_v4_pro_max,19.365164763958752,8
171,glm_5_2_max,18.155204862762094,9
171,deepseek_v4_flash_max,5.371414108082958,10
172,gemini_3_1_pro_high,76.60382752226847,1
172,claude_fable_5_max,61.309570382996604,2
172,kimi_k3_max,57.159760065434796,3
172,gpt_5_6_sol_max,55.4001363468674,4
172,qwen3_8_max,42.79699034091625,5
172,claude_opus_4_8_max,32.58295782782409,6
172,gpt_5_5_xhigh,31.76954486020617,7
172,deepseek_v4_pro_max,29.714133909221992,8
172,glm_5_2_max,24.471029634602026,9
172,deepseek_v4_flash_max,14.9754952411905,10
173,gpt_5_5_xhigh,77.81477235354937,1
173,claude_opus_4_8_max,75.8664027087321,2
173,qwen3_8_max,66.67607050744243,3
173,gpt_5_6_sol_max,51.93193678016148,4
173,kimi_k3_max,42.45635401579709,5
173,gemini_3_1_pro_high,41.12608465175636,6
173,claude_fable_5_max,39.222374457062855,7
173,deepseek_v4_pro_max,26.903912301607857,8
173,deepseek_v4_flash_max,24.525838699086815,9
173,glm_5_2_max,10.163001069463736,10
174,gemini_3_1_pro_high,65.77575008001001,1
174,gpt_5_6_sol_max,65.21180782730127,2
174,gpt_5_5_xhigh,64.73570611526637,3
174,qwen3_8_max,61.39653677783041,4
174,claude_fable_5_max,43.785232990196704,5
174,glm_5_2_max,36.8696964125011,6
174,deepseek_v4_pro_max,32.279007893369425,7
174,claude_opus_4_8_max,29.17129979391878,8
174,deepseek_v4_flash_max,21.145402787684993,9
174,kimi_k3_max,20.68643142598618,10
175,gpt_5_5_xhigh,74.46250586910202,1
175,claude_fable_5_max,66.28547786520922,2
175,gpt_5_6_sol_max,63.63056321147656,3
175,claude_opus_4_8_max,61.313109101731875,4
175,qwen3_8_max,60.12598944251409,5
175,gemini_3_1_pro_high,38.533691999670104,6
175,kimi_k3_max,18.96985699267102,7
175,glm_5_2_max,17.367842301083307,8
175,deepseek_v4_pro_max,14.729147748081596,9
175,deepseek_v4_flash_max,4.727610522276299,10
176,gemini_3_1_pro_high,86.50640094870238,1
176,gpt_5_6_sol_max,73.22465879534474,2
176,qwen3_8_max,66.263595606746,3
176,claude_opus_4_8_max,63.442593364958604,4
176,gpt_5_5_xhigh,49.05177795466254,5
176,claude_fable_5_max,42.70381499389708,6
176,kimi_k3_max,31.057166392865007,7
176,deepseek_v4_flash_max,23.886000465906207,8
176,glm_5_2_max,19.72984841174259,9
176,deepseek_v4_pro_max,18.494150319966707,10
177,gpt_5_5_xhigh,70.20678482902215,1
177,kimi_k3_max,66.61732317022361,2
177,claude_fable_5_max,51.06560001766714,3
177,deepseek_v4_pro_max,44.94460220236778,4
177,gemini_3_1_pro_high,44.63026256416653,5
177,qwen3_8_max,35.73233204917608,6
177,gpt_5_6_sol_max,21.50584389294656,7
177,claude_opus_4_8_max,18.922593213069117,8
177,glm_5_2_max,18.549303945996463,9
177,deepseek_v4_flash_max,10.263184117754783,10
178,claude_fable_5_max,85.34170397432396,1
178,gpt_5_5_xhigh,73.8214717315712,2
178,kimi_k3_max,69.62544090180855,3
178,qwen3_8_max,65.75974577444183,4
178,gemini_3_1_pro_high,39.0775096986784,5
178,deepseek_v4_pro_max,28.455268389602992,6
178,claude_opus_4_8_max,28.01430909957491,7
178,deepseek_v4_flash_max,20.50151641509182,8
178,gpt_5_6_sol_max,19.933465486467316,9
178,glm_5_2_max,17.237710663904462,10
179,gpt_5_5_xhigh,73.48520804311313,1
179,gemini_3_1_pro_high,68.74768972056202,2
179,kimi_k3_max,62.120807101444484,3
179,claude_fable_5_max,53.86768306877147,4
179,claude_opus_4_8_max,51.02897538656511,5
179,qwen3_8_max,48.46795219265221,6
179,deepseek_v4_flash_max,46.373100485235675,7
179,gpt_5_6_sol_max,39.797679001564056,8
179,glm_5_2_max,29.48798310270686,9
179,deepseek_v4_pro_max,17.80435796890861,10
180,gpt_5_6_sol_max,83.72760417576237,1
180,claude_opus_4_8_max,72.84841163268001,2
180,claude_fable_5_max,61.46763021285069,3
180,qwen3_8_max,58.35905393199688,4
180,gemini_3_1_pro_high,56.11155205977591,5
180,kimi_k3_max,55.62525424099895,6
180,gpt_5_5_xhigh,29.54718266009051,7
180,glm_5_2_max,26.556105199271048,8
180,deepseek_v4_pro_max,23.386178075641887,9
180,deepseek_v4_flash_max,5.792276090628028,10
181,claude_fable_5_max,78.93225790509189,1
181,gpt_5_6_sol_max,78.7705534595112,2
181,gemini_3_1_pro_high,59.60520430083258,3
181,qwen3_8_max,58.478340941312354,4
181,claude_opus_4_8_max,46.96740603319527,5
181,kimi_k3_max,40.62367004723741,6
181,glm_5_2_max,25.267505936063056,7
181,gpt_5_5_xhigh,23.913919835070626,8
181,deepseek_v4_pro_max,21.462135495321434,9
181,deepseek_v4_flash_max,20.36824778409655,10
182,claude_fable_5_max,70.74195583734274,1
182,gemini_3_1_pro_high,70.52022731985191,2
182,gpt_5_6_sol_max,45.36021967353726,3
182,claude_opus_4_8_max,37.22862249947143,4
182,deepseek_v4_flash_max,35.716067958850694,5
182,qwen3_8_max,33.649483678762614,6
182,glm_5_2_max,24.37916818608162,7
182,gpt_5_5_xhigh,24.341359978700144,8
182,kimi_k3_max,23.82610541275988,9
182,deepseek_v4_pro_max,11.15871962545045,10
183,gpt_5_6_sol_max,66.80110687757181,1
183,gpt_5_5_xhigh,47.62850382597634,2
183,claude_opus_4_8_max,45.90407303563468,3
183,claude_fable_5_max,45.00877102836687,4
183,gemini_3_1_pro_high,43.93816645431134,5
183,kimi_k3_max,35.53054341731862,6
183,qwen3_8_max,29.95475198497598,7
183,deepseek_v4_flash_max,23.125830458596113,8
183,glm_5_2_max,16.67086980867953,9
183,deepseek_v4_pro_max,9.360864674005086,10
184,gpt_5_6_sol_max,68.57148035977343,1
184,gemini_3_1_pro_high,60.614604645652584,2
184,claude_fable_5_max,53.89027228094618,3
184,claude_opus_4_8_max,52.24266986135993,4
184,qwen3_8_max,51.6282401209248,5
184,deepseek_v4_flash_max,47.770216888210385,6
184,gpt_5_5_xhigh,45.209505989819206,7
184,glm_5_2_max,24.028915607194477,8
184,kimi_k3_max,19.150255972811905,9
184,deepseek_v4_pro_max,8.380857294850468,10
185,gpt_5_6_sol_max,85.99376619770402,1
185,claude_fable_5_max,61.4665470699573,2
185,kimi_k3_max,60.6135716117916,3
185,gemini_3_1_pro_high,56.79904951651835,4
185,qwen3_8_max,56.70091386321216,5
185,claude_opus_4_8_max,56.29038250659978,6
185,deepseek_v4_pro_max,55.5739571360904,7
185,glm_5_2_max,42.73155333282032,8
185,gpt_5_5_xhigh,22.074881789226282,9
185,deepseek_v4_flash_max,20.792890072388527,10
186,gpt_5_6_sol_max,74.93421265276939,1
186,claude_fable_5_max,62.72551337284906,2
186,gemini_3_1_pro_high,54.21990048171223,3
186,kimi_k3_max,51.43009230458253,4
186,qwen3_8_max,32.91085516308211,5
186,gpt_5_5_xhigh,30.985640988037925,6
186,claude_opus_4_8_max,26.72584471577146,7
186,deepseek_v4_flash_max,24.47858723252355,8
186,glm_5_2_max,18.222301032106564,9
186,deepseek_v4_pro_max,10.107594833850708,10
187,gpt_5_6_sol_max,73.30289194806821,1
187,claude_fable_5_max,58.30046916200014,2
187,kimi_k3_max,58.084346135574236,3
187,qwen3_8_max,51.0477017449595,4
187,gpt_5_5_xhigh,33.30266210995175,5
187,gemini_3_1_pro_high,33.28222144792206,6
187,claude_opus_4_8_max,30.869176032016835,7
187,deepseek_v4_flash_max,24.078482183584843,8
187,deepseek_v4_pro_max,20.50749424713757,9
187,glm_5_2_max,18.9215470799571,10
188,gpt_5_5_xhigh,72.59916678309446,1
188,claude_opus_4_8_max,61.62753424275333,2
188,kimi_k3_max,53.766971009645445,3
188,qwen3_8_max,38.68497564015027,4
188,deepseek_v4_pro_max,38.484196360040166,5
188,claude_fable_5_max,31.27801542475725,6
188,gpt_5_6_sol_max,15.928095251666319,7
188,gemini_3_1_pro_high,15.761075910136785,8
188,deepseek_v4_flash_max,15.699186033967443,9
188,glm_5_2_max,12.643679742208503,10
189,claude_fable_5_max,79.68560712032392,1
189,gpt_5_5_xhigh,63.160910892397375,2
189,kimi_k3_max,57.144814982523826,3
189,gemini_3_1_pro_high,46.22784845487408,4
189,gpt_5_6_sol_max,41.80913314948069,5
189,glm_5_2_max,29.528190031187997,6
189,claude_opus_4_8_max,28.325315696934602,7
189,deepseek_v4_flash_max,25.476552658662072,8
189,deepseek_v4_pro_max,24.809211362683122,9
189,qwen3_8_max,21.55664281006896,10
190,gpt_5_6_sol_max,72.20069958687918,1
190,claude_fable_5_max,61.76554085098631,2
190,gpt_5_5_xhigh,52.2089693858883,3
190,claude_opus_4_8_max,47.78683100301215,4
190,kimi_k3_max,37.96762793728811,5
190,deepseek_v4_flash_max,32.50114519300225,6
190,qwen3_8_max,24.493230752446404,7
190,glm_5_2_max,20.448759810999704,8
190,gemini_3_1_pro_high,17.264557952686722,9
190,deepseek_v4_pro_max,15.067024625461649,10
191,claude_fable_5_max,65.91441142450826,1
191,gpt_5_6_sol_max,62.492771406766764,2
191,qwen3_8_max,51.17064750556806,3
191,gemini_3_1_pro_high,43.247111296234,4
191,deepseek_v4_pro_max,37.92510252441424,5
191,kimi_k3_max,37.86085767096221,6
191,claude_opus_4_8_max,37.703384059595734,7
191,glm_5_2_max,32.57917875947889,8
191,gpt_5_5_xhigh,22.138708173789002,9
191,deepseek_v4_flash_max,15.457039348429625,10
192,claude_fable_5_max,80.53045893362003,1
192,gpt_5_6_sol_max,66.97547694104284,2
192,qwen3_8_max,51.741016753233694,3
192,gemini_3_1_pro_high,48.84938901335773,4
192,kimi_k3_max,45.96818459445865,5
192,claude_opus_4_8_max,41.97099119155895,6
192,gpt_5_5_xhigh,37.196819933177295,7
192,glm_5_2_max,35.39431981984551,8
192,deepseek_v4_flash_max,30.717292001780326,9
192,deepseek_v4_pro_max,9.876861724108881,10
193,gpt_5_6_sol_max,77.17444068342165,1
193,gpt_5_5_xhigh,73.61725521505275,2
193,qwen3_8_max,64.49371264108181,3
193,kimi_k3_max,57.57191223339308,4
193,gemini_3_1_pro_high,52.645070101494916,5
193,claude_fable_5_max,46.985503659954404,6
193,deepseek_v4_pro_max,33.54670803217236,7
193,claude_opus_4_8_max,32.34610363983418,8
193,glm_5_2_max,23.001219266289695,9
193,deepseek_v4_flash_max,17.740771143547967,10
194,claude_fable_5_max,61.957171806078094,1
194,kimi_k3_max,60.58706825945421,2
194,gpt_5_5_xhigh,59.53762551104645,3
194,claude_opus_4_8_max,52.57461744419214,4
194,qwen3_8_max,36.70878548239087,5
194,deepseek_v4_pro_max,32.662784242160775,6
194,gemini_3_1_pro_high,29.064324260167915,7
194,glm_5_2_max,26.08948932542569,8
194,gpt_5_6_sol_max,17.54453296109198,9
194,deepseek_v4_flash_max,16.24605914553413,10
195,gpt_5_6_sol_max,85.18154505595462,1
195,qwen3_8_max,52.76398198812243,2
195,gpt_5_5_xhigh,46.50994818247276,3
195,claude_fable_5_max,45.72933849196557,4
195,gemini_3_1_pro_high,38.265262405616696,5
195,claude_opus_4_8_max,35.38733188245359,6
195,kimi_k3_max,32.85480047051085,7
195,deepseek_v4_flash_max,25.20122126873043,8
195,glm_5_2_max,20.464275751801743,9
195,deepseek_v4_pro_max,14.448138543749774,10
196,qwen3_8_max,53.87579075578881,1
196,claude_fable_5_max,47.98655403114708,2
196,gpt_5_6_sol_max,43.82799597000937,3
196,claude_opus_4_8_max,35.16513134621603,4
196,kimi_k3_max,31.94210386243292,5
196,gemini_3_1_pro_high,30.734351822610066,6
196,deepseek_v4_pro_max,27.429167603889553,7
196,glm_5_2_max,23.386878915157126,8
196,deepseek_v4_flash_max,23.272419031982043,9
196,gpt_5_5_xhigh,22.570550726673723,10
197,gemini_3_1_pro_high,77.46758709717338,1
197,gpt_5_6_sol_max,69.98452454859174,2
197,claude_opus_4_8_max,59.821628763270084,3
197,claude_fable_5_max,49.32430042852364,4
197,kimi_k3_max,48.066980450728494,5
197,deepseek_v4_flash_max,38.366041222380225,6
197,gpt_5_5_xhigh,34.43121821904611,7
197,glm_5_2_max,28.655438917619506,8
197,qwen3_8_max,27.858882545330378,9
197,deepseek_v4_pro_max,20.542256529252178,10
198,gpt_5_6_sol_max,76.59415064649977,1
198,qwen3_8_max,72.69108978090017,2
198,claude_fable_5_max,60.40628370273464,3
198,gemini_3_1_pro_high,60.28188145998746,4
198,gpt_5_5_xhigh,55.673940135974604,5
198,kimi_k3_max,47.30111952477209,6
198,claude_opus_4_8_max,33.74603803775689,7
198,deepseek_v4_flash_max,24.423968323260297,8
198,glm_5_2_max,24.20524451205273,9
198,deepseek_v4_pro_max,10.763529558596112,10
199,kimi_k3_max,74.22798044793224,1
199,gpt_5_5_xhigh,55.77307687218567,2
199,claude_fable_5_max,49.071471883944646,3
199,claude_opus_4_8_max,42.800219454185914,4
199,gemini_3_1_pro_high,37.90599589243993,5
199,gpt_5_6_sol_max,35.252128797779456,6
199,deepseek_v4_pro_max,34.42268765649747,7
199,qwen3_8_max,34.01094028137652,8
199,glm_5_2_max,22.63412490994299,9
199,deepseek_v4_flash_max,11.141428895451043,10
200,claude_opus_4_8_max,72.38451947564997,1
200,gpt_5_6_sol_max,53.78399336955075,2
200,qwen3_8_max,46.089129710075326,3
200,gemini_3_1_pro_high,38.66554022665422,4
200,deepseek_v4_flash_max,33.74641142144732,5
200,glm_5_2_max,27.61971669484662,6
200,kimi_k3_max,20.864856356834977,7
200,gpt_5_5_xhigh,20.30510410398796,8
200,claude_fable_5_max,20.057797342858724,9
200,deepseek_v4_pro_max,19.654523955355295,10
201,gpt_5_5_xhigh,85.69036179706306,1
201,gemini_3_1_pro_high,55.76110123301233,2
201,gpt_5_6_sol_max,53.614131958036424,3
201,claude_fable_5_max,51.3444381679559,4
201,qwen3_8_max,49.9852925959932,5
201,kimi_k3_max,46.09488172901446,6
201,glm_5_2_max,30.69319714586034,7
201,deepseek_v4_flash_max,29.422929932654306,8
201,claude_opus_4_8_max,23.147416283011015,9
201,deepseek_v4_pro_max,16.376487671958113,10
202,kimi_k3_max,70.31272840380797,1
202,gpt_5_5_xhigh,60.529689342289515,2
202,gemini_3_1_pro_high,54.33079635100478,3
202,gpt_5_6_sol_max,49.52426436217799,4
202,claude_fable_5_max,48.40980812542142,5
202,qwen3_8_max,43.40158301764477,6
202,claude_opus_4_8_max,37.37645253483853,7
202,deepseek_v4_pro_max,36.86963238454043,8
202,glm_5_2_max,36.776522063417204,9
202,deepseek_v4_flash_max,30.528429876751048,10
203,gpt_5_5_xhigh,74.52484123418215,1
203,claude_fable_5_max,52.22756841712453,2
203,gpt_5_6_sol_max,51.32539810125136,3
203,gemini_3_1_pro_high,47.05192156761622,4
203,claude_opus_4_8_max,46.31080619834943,5
203,qwen3_8_max,38.919999524481284,6
203,glm_5_2_max,31.640145953740852,7
203,deepseek_v4_pro_max,31.276082146605717,8
203,kimi_k3_max,28.772839516162932,9
203,deepseek_v4_flash_max,13.329051324412202,10
204,gpt_5_5_xhigh,77.77125169059937,1
204,claude_fable_5_max,73.6674742062244,2
204,gpt_5_6_sol_max,65.2567761662135,3
204,qwen3_8_max,47.34595308484532,4
204,deepseek_v4_flash_max,37.33135742791592,5
204,claude_opus_4_8_max,33.54352885668504,6
204,kimi_k3_max,26.506122527832066,7
204,glm_5_2_max,18.54101093935596,8
204,deepseek_v4_pro_max,14.083858832913789,9
204,gemini_3_1_pro_high,13.660558674995201,10
205,gemini_3_1_pro_high,80.06325512669113,1
205,qwen3_8_max,61.10120007565972,2
205,gpt_5_5_xhigh,60.80663537128321,3
205,claude_fable_5_max,52.593726289756326,4
205,kimi_k3_max,46.84080145150453,5
205,claude_opus_4_8_max,35.5474597981592,6
205,gpt_5_6_sol_max,35.116522891167264,7
205,deepseek_v4_pro_max,26.789686103259555,8
205,deepseek_v4_flash_max,26.402194312960013,9
205,glm_5_2_max,16.743969173480373,10
206,gpt_5_6_sol_max,76.90112926604067,1
206,qwen3_8_max,52.19401008043335,2
206,kimi_k3_max,42.38720111358073,3
206,claude_fable_5_max,37.42996984949082,4
206,gemini_3_1_pro_high,32.92847931071378,5
206,deepseek_v4_flash_max,29.644551732718817,6
206,gpt_5_5_xhigh,25.361282780738843,7
206,claude_opus_4_8_max,23.169860462989156,8
206,glm_5_2_max,18.76968151091441,9
206,deepseek_v4_pro_max,7.14366718872566,10
207,claude_fable_5_max,74.19411005438464,1
207,gpt_5_5_xhigh,55.17357993136639,2
207,claude_opus_4_8_max,55.0388614268816,3
207,gpt_5_6_sol_max,54.87114956551068,4
207,gemini_3_1_pro_high,45.15844148190244,5
207,deepseek_v4_pro_max,44.21948060961192,6
207,qwen3_8_max,39.38115931160888,7
207,kimi_k3_max,16.685983620104995,8
207,glm_5_2_max,16.20404737954027,9
207,deepseek_v4_flash_max,15.193378853770941,10
208,gpt_5_5_xhigh,74.28612344151921,1
208,claude_fable_5_max,74.08108748613242,2
208,qwen3_8_max,64.76276770749337,3
208,kimi_k3_max,57.81833461632813,4
208,gemini_3_1_pro_high,55.339593249386354,5
208,claude_opus_4_8_max,38.32334973724082,6
208,gpt_5_6_sol_max,30.600898100989028,7
208,deepseek_v4_flash_max,27.099135540656132,8
208,glm_5_2_max,14.521035425585588,9
208,deepseek_v4_pro_max,7.174937055590714,10
209,qwen3_8_max,78.84683179471519,1
209,gemini_3_1_pro_high,68.7517646707933,2
209,gpt_5_6_sol_max,66.56480422921871,3
209,claude_fable_5_max,63.54771781297105,4
209,kimi_k3_max,63.223475857269335,5
209,claude_opus_4_8_max,53.91621342751001,6
209,glm_5_2_max,41.25432856079308,7
209,deepseek_v4_pro_max,31.51442706796906,8
209,gpt_5_5_xhigh,17.83354649807609,9
209,deepseek_v4_flash_max,11.699305999440714,10
210,claude_fable_5_max,71.15505234572973,1
210,claude_opus_4_8_max,62.11331297063796,2
210,gpt_5_5_xhigh,52.716033630731786,3
210,gpt_5_6_sol_max,44.342240128896435,4
210,qwen3_8_max,42.734811434603344,5
210,gemini_3_1_pro_high,41.73237329418005,6
210,deepseek_v4_pro_max,28.206995304624247,7
210,deepseek_v4_flash_max,24.062407147293285,8
210,kimi_k3_max,18.685176342693815,9
210,glm_5_2_max,15.764784569660534,10
211,gemini_3_1_pro_high,63.64549911353447,1
211,claude_fable_5_max,60.61091924273398,2
211,gpt_5_5_xhigh,52.4245489977106,3
211,claude_opus_4_8_max,36.13851318163419,4
211,deepseek_v4_pro_max,35.25479434761508,5
211,gpt_5_6_sol_max,24.467993166285858,6
211,glm_5_2_max,19.82991864543765,7
211,qwen3_8_max,18.21650872856762,8
211,kimi_k3_max,15.459510984415628,9
211,deepseek_v4_flash_max,13.845468309918381,10
212,gemini_3_1_pro_high,68.75837234800684,1
212,gpt_5_6_sol_max,66.73799692385379,2
212,gpt_5_5_xhigh,60.13574180103562,3
212,qwen3_8_max,51.409708114813625,4
212,claude_fable_5_max,40.76098624428299,5
212,claude_opus_4_8_max,36.947481023288496,6
212,glm_5_2_max,35.32454854000196,7
212,kimi_k3_max,28.969848825320646,8
212,deepseek_v4_flash_max,20.45773835558327,9
212,deepseek_v4_pro_max,20.100440858990144,10
213,gemini_3_1_pro_high,78.95678094808704,1
213,claude_opus_4_8_max,67.98159508646415,2
213,qwen3_8_max,62.216305217475565,3
213,gpt_5_6_sol_max,54.48847852941815,4
213,kimi_k3_max,51.81159623056038,5
213,claude_fable_5_max,45.86315075885313,6
213,deepseek_v4_pro_max,33.241116329202896,7
213,gpt_5_5_xhigh,30.56294003827486,8
213,glm_5_2_max,18.954799144906616,9
213,deepseek_v4_flash_max,14.711093543486028,10
214,kimi_k3_max,75.48709763078182,1
214,claude_fable_5_max,66.42309212730217,2
214,gpt_5_5_xhigh,64.69766252925442,3
214,gemini_3_1_pro_high,50.15362818527831,4
214,gpt_5_6_sol_max,46.53851579844141,5
214,qwen3_8_max,45.06083667648609,6
214,claude_opus_4_8_max,30.03590540103683,7
214,glm_5_2_max,29.58636410388281,8
214,deepseek_v4_pro_max,24.530603936488518,9
214,deepseek_v4_flash_max,15.985076770135263,10
215,kimi_k3_max,63.05447746250943,1
215,gpt_5_6_sol_max,58.557578965381495,2
215,deepseek_v4_flash_max,52.376325094689854,3
215,claude_fable_5_max,47.2986734404135,4
215,gpt_5_5_xhigh,40.15976176712854,5
215,glm_5_2_max,35.334963920134676,6
215,gemini_3_1_pro_high,34.28277953530968,7
215,qwen3_8_max,30.025596772879616,8
215,claude_opus_4_8_max,24.959081622524717,9
215,deepseek_v4_pro_max,17.50617153288421,10
216,gpt_5_6_sol_max,76.69610898525985,1
216,gpt_5_5_xhigh,62.361594315006016,2
216,kimi_k3_max,56.846659999419856,3
216,qwen3_8_max,55.92248994187857,4
216,deepseek_v4_pro_max,43.6399339210495,5
216,gemini_3_1_pro_high,43.61655910286482,6
216,claude_fable_5_max,38.67998014946515,7
216,claude_opus_4_8_max,29.67320398926327,8
216,deepseek_v4_flash_max,22.875470041468375,9
216,glm_5_2_max,21.94761050770397,10
217,gpt_5_5_xhigh,72.28288416260132,1
217,gemini_3_1_pro_high,54.714983790521785,2
217,claude_fable_5_max,49.8016587343771,3
217,claude_opus_4_8_max,47.96788469473136,4
217,qwen3_8_max,40.761981677044275,5
217,deepseek_v4_pro_max,39.6966717230406,6
217,deepseek_v4_flash_max,31.021348048217664,7
217,kimi_k3_max,27.94072388556369,8
217,gpt_5_6_sol_max,26.171679893605088,9
217,glm_5_2_max,19.213553002509045,10
218,qwen3_8_max,73.04989149970105,1
218,claude_fable_5_max,69.72375376051858,2
218,gpt_5_6_sol_max,49.657634286010584,3
218,gemini_3_1_pro_high,44.16054571189762,4
218,claude_opus_4_8_max,40.31066380339984,5
218,kimi_k3_max,36.475959310881386,6
218,deepseek_v4_flash_max,29.09198175740497,7
218,gpt_5_5_xhigh,21.848926199319376,8
218,glm_5_2_max,11.021421975963225,9
218,deepseek_v4_pro_max,7.1707782916546225,10
219,claude_fable_5_max,82.4419939205753,1
219,kimi_k3_max,67.49637411372163,2
219,qwen3_8_max,53.627488171459134,3
219,gpt_5_5_xhigh,51.207834673420976,4
219,gemini_3_1_pro_high,49.76712526472116,5
219,deepseek_v4_pro_max,33.70088829514438,6
219,claude_opus_4_8_max,33.29477581338146,7
219,glm_5_2_max,28.12190123258484,8
219,gpt_5_6_sol_max,24.769463962099106,9
219,deepseek_v4_flash_max,12.97078875141559,10
220,gpt_5_5_xhigh,77.68938405110191,1
220,claude_fable_5_max,70.04047505492434,2
220,kimi_k3_max,54.548269359079484,3
220,glm_5_2_max,45.20232043313122,4
220,gemini_3_1_pro_high,40.821153875506724,5
220,deepseek_v4_flash_max,40.14053559439976,6
220,claude_opus_4_8_max,37.433365719187385,7
220,qwen3_8_max,31.731235529789558,8
220,gpt_5_6_sol_max,28.139268890730165,9
220,deepseek_v4_pro_max,22.54830865118,10
221,claude_fable_5_max,89.0041202933553,1
221,qwen3_8_max,74.64463460713026,2
221,gemini_3_1_pro_high,64.30988235408574,3
221,gpt_5_5_xhigh,50.84011648058535,4
221,deepseek_v4_pro_max,32.40729545543631,5
221,kimi_k3_max,29.39376750683652,6
221,claude_opus_4_8_max,25.346415840851698,7
221,gpt_5_6_sol_max,24.88230241077426,8
221,glm_5_2_max,20.457118113322895,9
221,deepseek_v4_flash_max,9.070565856966834,10
222,gemini_3_1_pro_high,74.14512360944516,1
222,gpt_5_5_xhigh,71.81459595002372,2
222,gpt_5_6_sol_max,51.25306471337141,3
222,qwen3_8_max,50.45357316515303,4
222,kimi_k3_max,46.39654840269506,5
222,claude_fable_5_max,36.19297592776219,6
222,claude_opus_4_8_max,35.23326224232392,7
222,deepseek_v4_flash_max,24.620785000521465,8
222,glm_5_2_max,22.49909909109656,9
222,deepseek_v4_pro_max,0.0,10
223,gpt_5_6_sol_max,79.03232856590978,1
223,gemini_3_1_pro_high,74.08479719640563,2
223,claude_fable_5_max,68.636694444364,3
223,qwen3_8_max,58.62066034239855,4
223,kimi_k3_max,56.427340912621425,5
223,claude_opus_4_8_max,29.70948374028834,6
223,gpt_5_5_xhigh,26.04746733842652,7
223,deepseek_v4_pro_max,23.40493579726912,8
223,glm_5_2_max,19.05775112591979,9
223,deepseek_v4_flash_max,15.126027669490071,10
224,gpt_5_6_sol_max,81.31261830968907,1
224,kimi_k3_max,59.439559573253646,2
224,claude_opus_4_8_max,58.73559403568123,3
224,gemini_3_1_pro_high,57.07205381046069,4
224,qwen3_8_max,47.74179322580334,5
224,claude_fable_5_max,34.085621776702965,6
224,gpt_5_5_xhigh,26.374249556780168,7
224,deepseek_v4_pro_max,26.26414696608309,8
224,deepseek_v4_flash_max,22.383437327759175,9
224,glm_5_2_max,22.153827268632387,10
225,claude_fable_5_max,79.21544226712271,1
225,gpt_5_5_xhigh,70.2443362964087,2
225,gpt_5_6_sol_max,53.90447171237837,3
225,kimi_k3_max,53.672594246058786,4
225,qwen3_8_max,50.46215772104331,5
225,gemini_3_1_pro_high,48.35606457527395,6
225,glm_5_2_max,34.428977823210914,7
225,deepseek_v4_flash_max,25.27615279118212,8
225,claude_opus_4_8_max,22.989320374735694,9
225,deepseek_v4_pro_max,4.783666644115584,10
226,gpt_5_5_xhigh,67.34553344158945,1
226,kimi_k3_max,60.25074827831135,2
226,gpt_5_6_sol_max,60.073244121000485,3
226,claude_fable_5_max,50.73137670527306,4
226,gemini_3_1_pro_high,39.036981547534744,5
226,deepseek_v4_pro_max,36.690404057321466,6
226,deepseek_v4_flash_max,34.75950492183841,7
226,qwen3_8_max,30.802555424135825,8
226,claude_opus_4_8_max,21.637396851499894,9
226,glm_5_2_max,17.198208501319325,10
227,gemini_3_1_pro_high,79.90102726068663,1
227,claude_opus_4_8_max,61.02240952146785,2
227,gpt_5_6_sol_max,55.752725359526195,3
227,gpt_5_5_xhigh,53.193200096569235,4
227,qwen3_8_max,52.30511453085124,5
227,kimi_k3_max,34.19636564991755,6
227,claude_fable_5_max,33.91349387787271,7
227,glm_5_2_max,24.990171467637957,8
227,deepseek_v4_pro_max,23.612874670072287,9
227,deepseek_v4_flash_max,5.681099222341446,10
228,claude_opus_4_8_max,72.45641966667931,1
228,qwen3_8_max,65.93540053384136,2
228,gemini_3_1_pro_high,55.66101991602886,3
228,claude_fable_5_max,53.735557015573264,4
228,gpt_5_6_sol_max,42.53747118443808,5
228,deepseek_v4_pro_max,30.327158944788746,6
228,kimi_k3_max,29.99498882825846,7
228,gpt_5_5_xhigh,26.34747247427624,8
228,deepseek_v4_flash_max,19.204643972759193,9
228,glm_5_2_max,16.087563934962553,10
229,claude_opus_4_8_max,78.22119751322407,1
229,gpt_5_5_xhigh,62.07146489120332,2
229,gpt_5_6_sol_max,43.41136830801469,3
229,kimi_k3_max,42.34548715813371,4
229,deepseek_v4_flash_max,37.2378446329366,5
229,glm_5_2_max,27.630963051540416,6
229,gemini_3_1_pro_high,24.719918470812615,7
229,qwen3_8_max,24.706827806599094,8
229,deepseek_v4_pro_max,24.123217379720224,9
229,claude_fable_5_max,20.974931836228215,10
230,claude_fable_5_max,73.89349810377433,1
230,kimi_k3_max,67.03545591205452,2
230,gpt_5_6_sol_max,55.52783582367686,3
230,gpt_5_5_xhigh,53.30756138716987,4
230,claude_opus_4_8_max,47.314014084151665,5
230,qwen3_8_max,39.63505454750663,6
230,gemini_3_1_pro_high,34.39117096162417,7
230,deepseek_v4_flash_max,31.04803773080539,8
230,deepseek_v4_pro_max,22.316432141515477,9
230,glm_5_2_max,9.759755658933098,10
231,claude_opus_4_8_max,79.0745040131258,1
231,qwen3_8_max,69.50719575722738,2
231,deepseek_v4_pro_max,35.29965181003181,3
231,kimi_k3_max,33.16043118445865,4
231,claude_fable_5_max,31.718094772904482,5
231,gpt_5_6_sol_max,30.995067108610986,6
231,gpt_5_5_xhigh,25.41610280450834,7
231,glm_5_2_max,23.07665440235298,8
231,gemini_3_1_pro_high,20.525694603185666,9
231,deepseek_v4_flash_max,12.971765454009232,10
232,kimi_k3_max,69.67187092174771,1
232,claude_fable_5_max,46.30666655876203,2
232,gpt_5_5_xhigh,36.186252738384965,3
232,claude_opus_4_8_max,35.36857464553929,4
232,gemini_3_1_pro_high,28.928688587422865,5
232,qwen3_8_max,24.86980162047719,6
232,deepseek_v4_pro_max,22.17005310394377,7
232,gpt_5_6_sol_max,17.45297741436246,8
232,glm_5_2_max,12.390251933986312,9
232,deepseek_v4_flash_max,6.628357670786777,10
233,gpt_5_6_sol_max,85.33722081254388,1
233,qwen3_8_max,56.842506230835866,2
233,claude_opus_4_8_max,53.514845598570574,3
233,gemini_3_1_pro_high,50.18903936487699,4
233,deepseek_v4_pro_max,36.85400802121108,5
233,gpt_5_5_xhigh,32.82293551411639,6
233,glm_5_2_max,23.808468781683622,7
233,kimi_k3_max,23.65810215482863,8
233,claude_fable_5_max,22.184713588653292,9
233,deepseek_v4_flash_max,16.20541794704432,10
234,kimi_k3_max,67.16151756103756,1
234,qwen3_8_max,50.48795891866196,2
234,claude_opus_4_8_max,48.85454550769995,3
234,gemini_3_1_pro_high,35.74243728573829,4
234,claude_fable_5_max,33.18327339999348,5
234,gpt_5_5_xhigh,30.462037856361235,6
234,gpt_5_6_sol_max,28.225557937417058,7
234,glm_5_2_max,24.28672713916768,8
234,deepseek_v4_pro_max,23.1600102472055,9
234,deepseek_v4_flash_max,16.821024419672465,10
235,claude_opus_4_8_max,81.2401053571904,1
235,gpt_5_5_xhigh,57.9291465217526,2
235,gpt_5_6_sol_max,52.2952708117314,3
235,qwen3_8_max,48.50176336842772,4
235,kimi_k3_max,43.82750409870902,5
235,claude_fable_5_max,36.16061209648803,6
235,deepseek_v4_flash_max,34.47626526796601,7
235,deepseek_v4_pro_max,25.96180515237574,8
235,glm_5_2_max,25.019244966928845,9
235,gemini_3_1_pro_high,17.567251261569265,10
236,claude_fable_5_max,65.48476410627525,1
236,gpt_5_5_xhigh,53.616374807825906,2
236,qwen3_8_max,46.299912175058246,3
236,gpt_5_6_sol_max,45.340594210721136,4
236,claude_opus_4_8_max,42.59762531035312,5
236,deepseek_v4_flash_max,37.871493251669236,6
236,gemini_3_1_pro_high,28.30135071446603,7
236,glm_5_2_max,26.30440909532043,8
236,kimi_k3_max,24.703828916152094,9
236,deepseek_v4_pro_max,2.3714325476113363,10
237,gpt_5_6_sol_max,73.92012075700661,1
237,claude_fable_5_max,66.27305476013828,2
237,gemini_3_1_pro_high,61.6536128492283,3
237,gpt_5_5_xhigh,54.639907216166314,4
237,kimi_k3_max,39.32559193054513,5
237,deepseek_v4_pro_max,27.486074112486953,6
237,qwen3_8_max,27.15601443337876,7
237,glm_5_2_max,24.778718864066278,8
237,claude_opus_4_8_max,19.891900612597055,9
237,deepseek_v4_flash_max,17.556172575068345,10
238,kimi_k3_max,74.57420489826842,1
238,gemini_3_1_pro_high,71.73802980252128,2
238,claude_opus_4_8_max,56.60855495849791,3
238,gpt_5_5_xhigh,51.17471187619835,4
238,qwen3_8_max,44.14020060618256,5
238,claude_fable_5_max,41.75925041789093,6
238,glm_5_2_max,31.253867368330937,7
238,deepseek_v4_flash_max,25.33623935132568,8
238,gpt_5_6_sol_max,17.530816831329066,9
238,deepseek_v4_pro_max,16.226957558053524,10
239,kimi_k3_max,80.647344405492,1
239,qwen3_8_max,58.59317779455858,2
239,gpt_5_5_xhigh,49.95811946414714,3
239,claude_opus_4_8_max,46.744154909175066,4
239,glm_5_2_max,33.37328244141144,5
239,deepseek_v4_pro_max,29.283809722959923,6
239,gemini_3_1_pro_high,28.12110083244314,7
239,gpt_5_6_sol_max,27.167703107961476,8
239,deepseek_v4_flash_max,18.690167479961538,9
239,claude_fable_5_max,15.529552829549104,10
240,claude_fable_5_max,77.26099570121961,1
240,claude_opus_4_8_max,55.48100716978238,2
240,gpt_5_5_xhigh,50.652265953312984,3
240,gemini_3_1_pro_high,41.80876737413437,4
240,kimi_k3_max,41.77796156786943,5
240,qwen3_8_max,36.967021609898126,6
240,gpt_5_6_sol_max,34.45933070682423,7
240,glm_5_2_max,33.790272323064784,8
240,deepseek_v4_pro_max,27.216117459820172,9
240,deepseek_v4_flash_max,25.261384760936895,10
241,claude_fable_5_max,81.49809982365426,1
241,claude_opus_4_8_max,69.47299779052578,2
241,gpt_5_6_sol_max,63.10291485392945,3
241,kimi_k3_max,54.96423000829239,4
241,gpt_5_5_xhigh,37.78225965949198,5
241,deepseek_v4_pro_max,35.597488922277144,6
241,gemini_3_1_pro_high,33.63352170071574,7
241,qwen3_8_max,24.574533626393457,8
241,glm_5_2_max,14.052939165295983,9
241,deepseek_v4_flash_max,12.476888273294378,10
242,qwen3_8_max,72.49237566577827,1
242,gemini_3_1_pro_high,67.86432404547134,2
242,claude_fable_5_max,67.18636167757954,3
242,claude_opus_4_8_max,64.4624481678852,4
242,kimi_k3_max,64.22712329898407,5
242,gpt_5_5_xhigh,61.25134421899958,6
242,gpt_5_6_sol_max,38.946667601558254,7
242,deepseek_v4_flash_max,37.09571443245983,8
242,glm_5_2_max,26.425606555473397,9
242,deepseek_v4_pro_max,5.915177113987317,10
243,kimi_k3_max,84.31559969223545,1
243,claude_fable_5_max,64.44196071516868,2
243,gemini_3_1_pro_high,61.94995089568249,3
243,gpt_5_6_sol_max,53.6445073406116,4
243,qwen3_8_max,41.33756407420722,5
243,deepseek_v4_pro_max,31.264643493605348,6
243,deepseek_v4_flash_max,27.667987508110535,7
243,gpt_5_5_xhigh,25.796404084349398,8
243,glm_5_2_max,16.995992931383014,9
243,claude_opus_4_8_max,12.695758453715952,10
244,claude_fable_5_max,60.57031079951378,1
244,gpt_5_5_xhigh,60.02649765824503,2
244,kimi_k3_max,52.72083166833939,3
244,claude_opus_4_8_max,51.9417778577753,4
244,qwen3_8_max,30.66704107123733,5
244,deepseek_v4_flash_max,23.777701665976856,6
244,gpt_5_6_sol_max,23.266098252452778,7
244,gemini_3_1_pro_high,20.71428335692854,8
244,deepseek_v4_pro_max,16.510890984236234,9
244,glm_5_2_max,11.665126726082377,10
245,gpt_5_6_sol_max,49.56425187995298,1
245,gemini_3_1_pro_high,46.66226884635219,2
245,deepseek_v4_pro_max,45.6675251626156,3
245,claude_opus_4_8_max,44.41230378915303,4
245,kimi_k3_max,44.28580051584652,5
245,claude_fable_5_max,43.739696326892215,6
245,qwen3_8_max,40.6932693989619,7
245,gpt_5_5_xhigh,37.70248141816337,8
245,glm_5_2_max,23.036488647143788,9
245,deepseek_v4_flash_max,10.707533009348477,10
246,qwen3_8_max,70.80823947141356,1
246,kimi_k3_max,64.50347672780926,2
246,gemini_3_1_pro_high,59.8171572482587,3
246,gpt_5_6_sol_max,48.85283080868436,4
246,claude_fable_5_max,43.856230954471116,5
246,claude_opus_4_8_max,38.9426691199806,6
246,glm_5_2_max,24.028116139826764,7
246,gpt_5_5_xhigh,23.736435398560083,8
246,deepseek_v4_pro_max,21.354638501273694,9
246,deepseek_v4_flash_max,21.296693741964145,10
247,claude_fable_5_max,77.88880435643075,1
247,gpt_5_6_sol_max,74.16888273773124,2
247,claude_opus_4_8_max,67.04335115959837,3
247,gpt_5_5_xhigh,48.644298491455146,4
247,gemini_3_1_pro_high,40.35881759551346,5
247,kimi_k3_max,36.33333277038942,6
247,deepseek_v4_pro_max,31.00727073350218,7
247,qwen3_8_max,29.461213704086123,8
247,deepseek_v4_flash_max,24.169166296332115,9
247,glm_5_2_max,12.968244191732888,10
248,claude_fable_5_max,77.73297001104434,1
248,kimi_k3_max,63.44393555702405,2
248,gemini_3_1_pro_high,63.10996677666495,3
248,gpt_5_5_xhigh,47.61864270712594,4
248,gpt_5_6_sol_max,36.59637249845163,5
248,claude_opus_4_8_max,34.5129983644822,6
248,qwen3_8_max,28.946311098936686,7
248,deepseek_v4_pro_max,22.110926456039856,8
248,deepseek_v4_flash_max,21.161519962723574,9
248,glm_5_2_max,17.198619006347236,10
249,gpt_5_6_sol_max,81.72212530168848,1
249,claude_fable_5_max,72.02914031805004,2
249,claude_opus_4_8_max,45.63329343824045,3
249,qwen3_8_max,43.56750393002663,4
249,kimi_k3_max,37.748054815634866,5
249,gemini_3_1_pro_high,35.00878533596074,6
249,gpt_5_5_xhigh,29.652024270167416,7
249,deepseek_v4_flash_max,22.333928688620407,8
249,deepseek_v4_pro_max,17.59962510124196,9
249,glm_5_2_max,16.64502993979702,10
250,gpt_5_5_xhigh,75.96851130203751,1
250,kimi_k3_max,64.99568029135399,2
250,gpt_5_6_sol_max,64.68505185607351,3
250,claude_opus_4_8_max,63.04812446085673,4
250,qwen3_8_max,36.17638347050934,5
250,deepseek_v4_pro_max,36.08186524279009,6
250,gemini_3_1_pro_high,31.366143644222497,7
250,deepseek_v4_flash_max,25.496390550053174,8
250,claude_fable_5_max,24.153964492142865,9
250,glm_5_2_max,18.61606537542015,10
251,gpt_5_6_sol_max,83.20999810241204,1
251,kimi_k3_max,73.93495929139573,2
251,claude_fable_5_max,54.306658915677616,3
251,gemini_3_1_pro_high,51.96420094662494,4
251,qwen3_8_max,42.68082843411575,5
251,gpt_5_5_xhigh,39.58580794596283,6
251,claude_opus_4_8_max,37.220445537467334,7
251,glm_5_2_max,33.028485899700335,8
251,deepseek_v4_flash_max,24.588082127071146,9
251,deepseek_v4_pro_max,4.959646287582024,10
252,claude_opus_4_8_max,78.93210305967646,1
252,gemini_3_1_pro_high,66.97476068668492,2
252,gpt_5_5_xhigh,50.67247802804343,3
252,gpt_5_6_sol_max,46.68390174701342,4
252,kimi_k3_max,39.169562081071426,5
252,deepseek_v4_pro_max,37.78169479643625,6
252,qwen3_8_max,31.901432817318902,7
252,claude_fable_5_max,24.0868021611646,8
252,glm_5_2_max,15.526354119124997,9
252,deepseek_v4_flash_max,12.49429380099188,10
253,gemini_3_1_pro_high,80.14795853570877,1
253,claude_fable_5_max,72.21344273563527,2
253,gpt_5_6_sol_max,54.15354654563528,3
253,qwen3_8_max,45.27417606480151,4
253,kimi_k3_max,44.936636869657335,5
253,claude_opus_4_8_max,38.21065533404772,6
253,glm_5_2_max,29.644155066530494,7
253,deepseek_v4_flash_max,26.702998470831574,8
253,gpt_5_5_xhigh,24.477791211952283,9
253,deepseek_v4_pro_max,18.45880749143812,10
254,gpt_5_6_sol_max,78.92260110741847,1
254,qwen3_8_max,73.88185613981442,2
254,gemini_3_1_pro_high,69.77515979486765,3
254,claude_fable_5_max,66.6680713893178,4
254,claude_opus_4_8_max,39.06690764420285,5
254,kimi_k3_max,29.360964133770743,6
254,gpt_5_5_xhigh,29.154610039976262,7
254,deepseek_v4_flash_max,27.8222137869029,8
254,deepseek_v4_pro_max,26.621597979890176,9
254,glm_5_2_max,23.350393864207085,10
255,gpt_5_6_sol_max,76.19089627552721,1
255,gemini_3_1_pro_high,68.3227768278115,2
255,claude_opus_4_8_max,64.60350677341191,3
255,qwen3_8_max,59.91395536321738,4
255,claude_fable_5_max,50.12762234469383,5
255,gpt_5_5_xhigh,48.862513702995855,6
255,deepseek_v4_pro_max,35.103148373333966,7
255,kimi_k3_max,27.451485118948945,8
255,glm_5_2_max,21.268776762938295,9
255,deepseek_v4_flash_max,13.4593678506216,10
256,claude_fable_5_max,67.45558468014858,1
256,qwen3_8_max,65.75105999502135,2
256,kimi_k3_max,54.29594145051906,3
256,claude_opus_4_8_max,52.62893377963624,4
256,gemini_3_1_pro_high,51.88017833766273,5
256,deepseek_v4_pro_max,47.7190473971293,6
256,gpt_5_6_sol_max,47.49467845417857,7
256,glm_5_2_max,39.82281969964881,8
256,deepseek_v4_flash_max,25.57028233743496,9
256,gpt_5_5_xhigh,20.561950659287753,10
257,gpt_5_5_xhigh,71.7372684664593,1
257,claude_opus_4_8_max,69.47190479844542,2
257,qwen3_8_max,67.82330265534145,3
257,kimi_k3_max,62.529998658825974,4
257,claude_fable_5_max,58.48043308559845,5
257,gemini_3_1_pro_high,52.09541166788567,6
257,gpt_5_6_sol_max,41.925746753876126,7
257,glm_5_2_max,33.06725946556564,8
257,deepseek_v4_pro_max,24.849458543158573,9
257,deepseek_v4_flash_max,14.700592342116778,10
258,kimi_k3_max,65.1955611649994,1
258,gemini_3_1_pro_high,63.7759751720859,2
258,gpt_5_6_sol_max,60.5352357673745,3
258,qwen3_8_max,43.4381213530679,4
258,claude_opus_4_8_max,33.01172569812658,5
258,gpt_5_5_xhigh,32.234380355046866,6
258,deepseek_v4_flash_max,30.767313965479048,7
258,deepseek_v4_pro_max,30.13518143150036,8
258,claude_fable_5_max,29.258875360118285,9
258,glm_5_2_max,28.714321647903006,10
259,qwen3_8_max,69.59822147842006,1
259,gpt_5_5_xhigh,67.16362640715975,2
259,gemini_3_1_pro_high,66.43454727394797,3
259,gpt_5_6_sol_max,65.91736415331235,4
259,kimi_k3_max,62.58155351232823,5
259,claude_fable_5_max,43.48558341195921,6
259,deepseek_v4_flash_max,38.75994435484223,7
259,claude_opus_4_8_max,30.318970913708977,8
259,glm_5_2_max,26.666982706969005,9
259,deepseek_v4_pro_max,23.99488714991056,10
260,gpt_5_6_sol_max,82.96145870563299,1
260,gemini_3_1_pro_high,60.682633650936076,2
260,kimi_k3_max,34.320826105496565,3
260,qwen3_8_max,32.74726184153687,4
260,deepseek_v4_pro_max,24.502196159686633,5
260,claude_fable_5_max,24.17363380822635,6
260,claude_opus_4_8_max,22.90940113510525,7
260,glm_5_2_max,22.41788411097576,8
260,gpt_5_5_xhigh,19.17949070725833,9
260,deepseek_v4_flash_max,16.837244896639973,10
261,gemini_3_1_pro_high,81.69928066890714,1
261,qwen3_8_max,74.29866044960208,2
261,gpt_5_6_sol_max,59.79836384123821,3
261,claude_fable_5_max,58.47959452339922,4
261,claude_opus_4_8_max,39.94071563022953,5
261,deepseek_v4_pro_max,32.29383876324215,6
261,glm_5_2_max,27.087871624080712,7
261,kimi_k3_max,26.391257447092876,8
261,gpt_5_5_xhigh,20.84101571908525,9
261,deepseek_v4_flash_max,16.556018482247755,10
262,gpt_5_5_xhigh,74.59524427869151,1
262,claude_fable_5_max,62.38095771362296,2
262,gpt_5_6_sol_max,46.94016816959183,3
262,qwen3_8_max,44.697031994584854,4
262,deepseek_v4_pro_max,35.25149020995417,5
262,glm_5_2_max,25.100770484393458,6
262,claude_opus_4_8_max,20.60339465542787,7
262,kimi_k3_max,18.22114760618879,8
262,gemini_3_1_pro_high,17.5770319369271,9
262,deepseek_v4_flash_max,8.442071815216883,10
263,claude_opus_4_8_max,86.15272598618128,1
263,gemini_3_1_pro_high,55.68745757935798,2
263,qwen3_8_max,52.33683725673224,3
263,claude_fable_5_max,47.82917462692932,4
263,gpt_5_5_xhigh,43.53249065326942,5
263,deepseek_v4_pro_max,36.63706002017457,6
263,kimi_k3_max,28.89667010071935,7
263,gpt_5_6_sol_max,27.415119611696444,8
263,glm_5_2_max,25.526757533286556,9
263,deepseek_v4_flash_max,7.486564627485557,10
264,claude_fable_5_max,86.98689999011353,1
264,gpt_5_5_xhigh,48.64678491425792,2
264,gemini_3_1_pro_high,47.8890817896985,3
264,claude_opus_4_8_max,46.62621575808419,4
264,gpt_5_6_sol_max,39.89388611283517,5
264,qwen3_8_max,39.325810352783016,6
264,kimi_k3_max,35.72923296242112,7
264,deepseek_v4_flash_max,29.38664129343484,8
264,glm_5_2_max,15.796889067682743,9
264,deepseek_v4_pro_max,12.107806149693886,10
265,gpt_5_6_sol_max,75.8163935347276,1
265,claude_fable_5_max,75.15819507015267,2
265,gemini_3_1_pro_high,54.82306482652672,3
265,gpt_5_5_xhigh,45.91820382888568,4
265,deepseek_v4_pro_max,41.858727388770674,5
265,qwen3_8_max,38.179426269477204,6
265,claude_opus_4_8_max,28.22106084134983,7
265,kimi_k3_max,26.429751381086508,8
265,glm_5_2_max,19.644916667118494,9
265,deepseek_v4_flash_max,16.870593701318544,10
266,qwen3_8_max,80.60158743749943,1
266,claude_opus_4_8_max,58.71501301257794,2
266,gpt_5_5_xhigh,56.40369476716492,3
266,glm_5_2_max,39.745047839470466,4
266,deepseek_v4_pro_max,34.10603281453833,5
266,gpt_5_6_sol_max,32.50576855482529,6
266,gemini_3_1_pro_high,25.471628683609417,7
266,kimi_k3_max,23.646182218895547,8
266,claude_fable_5_max,20.31601953029934,9
266,deepseek_v4_flash_max,9.362593788792477,10
267,claude_opus_4_8_max,82.36678729048762,1
267,qwen3_8_max,79.70793968175973,2
267,gemini_3_1_pro_high,62.86949689947227,3
267,kimi_k3_max,34.037424706507196,4
267,deepseek_v4_pro_max,33.26259024748091,5
267,gpt_5_5_xhigh,28.053596948305216,6
267,glm_5_2_max,26.071557384071006,7
267,gpt_5_6_sol_max,23.26468063236357,8
267,claude_fable_5_max,15.752873796507785,9
267,deepseek_v4_flash_max,14.375483431482458,10
268,kimi_k3_max,81.40910615325872,1
268,gpt_5_5_xhigh,67.23988624439943,2
268,claude_fable_5_max,62.8115929521285,3
268,gpt_5_6_sol_max,56.76207270421888,4
268,qwen3_8_max,53.603821795866175,5
268,gemini_3_1_pro_high,52.06163094855354,6
268,deepseek_v4_flash_max,50.33493028810363,7
268,glm_5_2_max,25.535632229850783,8
268,claude_opus_4_8_max,21.911029265718796,9
268,deepseek_v4_pro_max,15.90428717501285,10
269,claude_opus_4_8_max,73.48862974813771,1
269,qwen3_8_max,68.18725813149534,2
269,claude_fable_5_max,52.68375132741458,3
269,gpt_5_6_sol_max,52.198987330110285,4
269,gemini_3_1_pro_high,37.42881485397806,5
269,kimi_k3_max,29.909069612669686,6
269,gpt_5_5_xhigh,28.84659974022436,7
269,deepseek_v4_pro_max,26.039187555493086,8
269,glm_5_2_max,20.868106730519685,9
269,deepseek_v4_flash_max,5.669742064820036,10
270,gemini_3_1_pro_high,75.32542464753125,1
270,qwen3_8_max,73.08864605557062,2
270,claude_fable_5_max,61.29340068684941,3
270,gpt_5_6_sol_max,55.70286835778121,4
270,deepseek_v4_pro_max,40.093835055607244,5
270,gpt_5_5_xhigh,33.02500363896834,6
270,claude_opus_4_8_max,31.92598362107609,7
270,glm_5_2_max,17.83798154120107,8
270,kimi_k3_max,17.308786016411013,9
270,deepseek_v4_flash_max,6.183938763507456,10
271,claude_fable_5_max,75.24311552928768,1
271,kimi_k3_max,71.44553924870081,2
271,gemini_3_1_pro_high,66.24793143329089,3
271,qwen3_8_max,59.11440770637737,4
271,claude_opus_4_8_max,52.35119234278464,5
271,gpt_5_6_sol_max,44.462149154698935,6
271,deepseek_v4_pro_max,31.780683122856942,7
271,gpt_5_5_xhigh,26.021472477301785,8
271,deepseek_v4_flash_max,22.517953827449922,9
271,glm_5_2_max,18.654780715103623,10
272,claude_fable_5_max,69.80519822829447,1
272,gemini_3_1_pro_high,64.9127223754022,2
272,kimi_k3_max,62.52592352434557,3
272,gpt_5_5_xhigh,46.594629941378315,4
272,qwen3_8_max,45.87745412179409,5
272,deepseek_v4_pro_max,35.90885790357946,6
272,gpt_5_6_sol_max,32.76597450246248,7
272,claude_opus_4_8_max,28.964507692683114,8
272,deepseek_v4_flash_max,27.335984060265673,9
272,glm_5_2_max,26.310449575844515,10
273,claude_fable_5_max,76.62529317895968,1
273,gpt_5_6_sol_max,62.3641869321025,2
273,gpt_5_5_xhigh,47.4703250418896,3
273,gemini_3_1_pro_high,47.19103361292281,4
273,kimi_k3_max,46.643391168357645,5
273,qwen3_8_max,45.60030770635322,6
273,deepseek_v4_flash_max,42.5703007053583,7
273,glm_5_2_max,29.766113934460442,8
273,claude_opus_4_8_max,19.639037672484793,9
273,deepseek_v4_pro_max,16.98293468867324,10
274,gemini_3_1_pro_high,76.1170394952114,1
274,gpt_5_6_sol_max,70.64609406553377,2
274,kimi_k3_max,58.185225461531395,3
274,qwen3_8_max,53.51238749202273,4
274,claude_opus_4_8_max,42.075838119660574,5
274,claude_fable_5_max,39.504779241420756,6
274,gpt_5_5_xhigh,33.41821432100455,7
274,deepseek_v4_flash_max,31.898055302768757,8
274,glm_5_2_max,14.961575468600088,9
274,deepseek_v4_pro_max,5.061759927640878,10
275,gpt_5_5_xhigh,80.24372217246142,1
275,kimi_k3_max,70.57290084104599,2
275,gpt_5_6_sol_max,68.07117226271927,3
275,claude_fable_5_max,38.982930575901314,4
275,qwen3_8_max,38.340811930762136,5
275,glm_5_2_max,34.008425216762376,6
275,deepseek_v4_flash_max,33.513077550119995,7
275,claude_opus_4_8_max,28.086765838207565,8
275,deepseek_v4_pro_max,25.408564129781663,9
275,gemini_3_1_pro_high,21.52748173714884,10
276,claude_fable_5_max,79.35923958152047,1
276,gpt_5_6_sol_max,67.62348477356949,2
276,claude_opus_4_8_max,67.44100109301637,3
276,qwen3_8_max,42.655555353113634,4
276,gemini_3_1_pro_high,37.700736774683236,5
276,deepseek_v4_flash_max,26.15289494658686,6
276,kimi_k3_max,23.430947344088633,7
276,gpt_5_5_xhigh,22.571150783832522,8
276,deepseek_v4_pro_max,19.50706215851782,9
276,glm_5_2_max,15.66456444466186,10
277,claude_fable_5_max,76.93270500452631,1
277,qwen3_8_max,75.14284027642117,2
277,gpt_5_6_sol_max,58.85344502617938,3
277,kimi_k3_max,49.93556402865754,4
277,deepseek_v4_flash_max,45.183596869011204,5
277,gpt_5_5_xhigh,34.69267886721245,6
277,claude_opus_4_8_max,30.876676988175205,7
277,deepseek_v4_pro_max,20.693141571470683,8
277,gemini_3_1_pro_high,18.303946638158745,9
277,glm_5_2_max,11.438567834506053,10
278,gpt_5_6_sol_max,75.25026667853764,1
278,claude_opus_4_8_max,72.52100407262111,2
278,gemini_3_1_pro_high,54.06195645311187,3
278,gpt_5_5_xhigh,47.76134301446092,4
278,kimi_k3_max,43.70814229393579,5
278,claude_fable_5_max,41.89948984512617,6
278,deepseek_v4_flash_max,39.37507200042735,7
278,qwen3_8_max,39.121915613562194,8
278,deepseek_v4_pro_max,26.16013634936293,9
278,glm_5_2_max,17.17862340554226,10
279,gpt_5_5_xhigh,70.83746662992804,1
279,gpt_5_6_sol_max,69.06290077217183,2
279,claude_fable_5_max,54.76862680441988,3
279,kimi_k3_max,48.964802384909106,4
279,gemini_3_1_pro_high,44.399267951873455,5
279,qwen3_8_max,37.67926798205466,6
279,deepseek_v4_flash_max,33.580848589166905,7
279,glm_5_2_max,25.89418085562524,8
279,claude_opus_4_8_max,25.808321114154076,9
279,deepseek_v4_pro_max,10.901145955640343,10
280,claude_fable_5_max,58.14057798556132,1
280,claude_opus_4_8_max,51.13106266711443,2
280,gemini_3_1_pro_high,44.43669114703985,3
280,qwen3_8_max,43.98749457208548,4
280,deepseek_v4_flash_max,39.59651029447184,5
280,gpt_5_5_xhigh,38.30508526768107,6
280,gpt_5_6_sol_max,35.65959641833675,7
280,kimi_k3_max,19.952336573518455,8
280,deepseek_v4_pro_max,11.70682489319121,9
280,glm_5_2_max,10.347813823835265,10
281,claude_fable_5_max,73.72044345832657,1
281,kimi_k3_max,62.534703198028296,2
281,gpt_5_5_xhigh,39.264822861193885,3
281,qwen3_8_max,36.5521629344007,4
281,claude_opus_4_8_max,36.28877181858071,5
281,gpt_5_6_sol_max,32.95303656077035,6
281,glm_5_2_max,30.19695606733084,7
281,deepseek_v4_flash_max,28.221351574278156,8
281,deepseek_v4_pro_max,24.577419434927826,9
281,gemini_3_1_pro_high,10.402551368370736,10
282,gpt_5_5_xhigh,80.47002247850806,1
282,kimi_k3_max,54.95926982651295,2
282,claude_opus_4_8_max,49.57433249415899,3
282,qwen3_8_max,46.87213238818114,4
282,claude_fable_5_max,35.86246077945247,5
282,glm_5_2_max,29.952877571465027,6
282,deepseek_v4_pro_max,23.260453797379217,7
282,gpt_5_6_sol_max,19.055353866132116,8
282,deepseek_v4_flash_max,18.911084486566214,9
282,gemini_3_1_pro_high,18.896484057976924,10
283,gpt_5_5_xhigh,78.79332620565012,1
283,claude_fable_5_max,53.930795031720095,2
283,gpt_5_6_sol_max,49.12867385256451,3
283,kimi_k3_max,47.26687608217159,4
283,deepseek_v4_pro_max,43.96720750318073,5
283,claude_opus_4_8_max,35.63510003885969,6
283,glm_5_2_max,31.832199882334592,7
283,qwen3_8_max,29.539011089088223,8
283,deepseek_v4_flash_max,15.436600538490362,9
283,gemini_3_1_pro_high,12.82017098262003,10
284,qwen3_8_max,57.995395539887184,1
284,gpt_5_6_sol_max,51.07783162837965,2
284,claude_fable_5_max,49.34290228208292,3
284,kimi_k3_max,41.529871960440616,4
284,claude_opus_4_8_max,40.94961025220219,5
284,gemini_3_1_pro_high,39.683563538284695,6
284,deepseek_v4_flash_max,17.90455447351612,7
284,glm_5_2_max,15.116330997566763,8
284,deepseek_v4_pro_max,13.261465664634795,9
284,gpt_5_5_xhigh,11.703901152038277,10
285,gpt_5_5_xhigh,72.76473770570749,1
285,gpt_5_6_sol_max,68.02658263877396,2
285,qwen3_8_max,67.8084098604703,3
285,kimi_k3_max,64.87202546140068,4
285,claude_fable_5_max,56.73667662543255,5
285,gemini_3_1_pro_high,52.23517889810887,6
285,claude_opus_4_8_max,28.644947822932796,7
285,deepseek_v4_flash_max,20.20090152418977,8
285,deepseek_v4_pro_max,18.948643498185707,9
285,glm_5_2_max,17.659643191515283,10
286,gpt_5_6_sol_max,78.04024354331408,1
286,kimi_k3_max,67.31457385124419,2
286,gemini_3_1_pro_high,65.46207013889955,3
286,claude_fable_5_max,63.74783927395683,4
286,qwen3_8_max,58.55858279933365,5
286,gpt_5_5_xhigh,46.795921537404425,6
286,deepseek_v4_pro_max,40.89363885868724,7
286,glm_5_2_max,27.69735550194366,8
286,claude_opus_4_8_max,26.22643187368137,9
286,deepseek_v4_flash_max,16.946751628926876,10
287,claude_fable_5_max,81.76000717868733,1
287,kimi_k3_max,62.81671981099184,2
287,gpt_5_6_sol_max,55.86489095128445,3
287,qwen3_8_max,46.262831551451384,4
287,gpt_5_5_xhigh,45.29543550195128,5
287,gemini_3_1_pro_high,43.93660538501702,6
287,deepseek_v4_flash_max,31.33079189621006,7
287,deepseek_v4_pro_max,25.953264865409977,8
287,claude_opus_4_8_max,19.608525787206627,9
287,glm_5_2_max,14.061264022009842,10
288,gemini_3_1_pro_high,56.67518100433308,1
288,qwen3_8_max,48.44791501243412,2
288,claude_opus_4_8_max,42.30773982978487,3
288,deepseek_v4_flash_max,37.07573534394652,4
288,claude_fable_5_max,32.00869498563788,5
288,kimi_k3_max,29.87791728918896,6
288,gpt_5_6_sol_max,24.757874166953464,7
288,gpt_5_5_xhigh,21.260467692280805,8
288,glm_5_2_max,20.634372576445333,9
288,deepseek_v4_pro_max,14.962987854987432,10
289,gpt_5_5_xhigh,60.96568219337006,1
289,kimi_k3_max,38.10611921881203,2
289,deepseek_v4_pro_max,37.99785670469262,3
289,claude_opus_4_8_max,36.82310075456694,4
289,gpt_5_6_sol_max,35.99606473483761,5
289,glm_5_2_max,34.17830288996855,6
289,gemini_3_1_pro_high,30.69279341428622,7
289,qwen3_8_max,29.667540733810313,8
289,claude_fable_5_max,21.07587975435273,9
289,deepseek_v4_flash_max,19.76117258200486,10
290,claude_opus_4_8_max,84.12243508968598,1
290,gpt_5_5_xhigh,71.77776015838845,2
290,kimi_k3_max,71.74211184731453,3
290,gemini_3_1_pro_high,50.382428663370575,4
290,claude_fable_5_max,45.97949017321909,5
290,qwen3_8_max,37.29472800314603,6
290,deepseek_v4_pro_max,34.00106008434393,7
290,glm_5_2_max,25.70738448958441,8
290,gpt_5_6_sol_max,18.346472737245993,9
290,deepseek_v4_flash_max,3.6906097257536246,10
291,qwen3_8_max,78.30171147979453,1
291,gpt_5_6_sol_max,75.52794210756412,2
291,claude_opus_4_8_max,64.69833400311659,3
291,claude_fable_5_max,51.5588536251411,4
291,gemini_3_1_pro_high,51.33510258827155,5
291,gpt_5_5_xhigh,46.82446665504625,6
291,glm_5_2_max,41.985449169259255,7
291,deepseek_v4_pro_max,32.186460541276745,8
291,kimi_k3_max,22.705639440590936,9
291,deepseek_v4_flash_max,14.709096182026375,10
292,qwen3_8_max,74.37166134438122,1
292,gemini_3_1_pro_high,66.76329872778085,2
292,claude_opus_4_8_max,59.07187033802354,3
292,gpt_5_5_xhigh,58.65195425257291,4
292,gpt_5_6_sol_max,53.28352584354393,5
292,claude_fable_5_max,43.13589909933776,6
292,deepseek_v4_pro_max,35.73234587534971,7
292,deepseek_v4_flash_max,31.953763601398357,8
292,kimi_k3_max,29.858786693474702,9
292,glm_5_2_max,23.12585187991627,10
293,kimi_k3_max,61.75726086305434,1
293,claude_fable_5_max,57.586475448516275,2
293,gpt_5_6_sol_max,48.33529657197833,3
293,deepseek_v4_flash_max,44.52754321399515,4
293,qwen3_8_max,42.157306393919555,5
293,gpt_5_5_xhigh,40.383205068079725,6
293,deepseek_v4_pro_max,36.456301968226136,7
293,gemini_3_1_pro_high,28.958255102543937,8
293,claude_opus_4_8_max,19.01773281932953,9
293,glm_5_2_max,17.69434387518538,10
294,gpt_5_5_xhigh,85.77782274561258,1
294,kimi_k3_max,63.00334360243748,2
294,gpt_5_6_sol_max,59.41510722941442,3
294,claude_opus_4_8_max,49.640088940228196,4
294,gemini_3_1_pro_high,45.68897469716687,5
294,glm_5_2_max,27.965972678121325,6
294,qwen3_8_max,27.549064171914637,7
294,claude_fable_5_max,24.87088179637538,8
294,deepseek_v4_flash_max,22.153237252814474,9
294,deepseek_v4_pro_max,6.541410212324942,10
295,gpt_5_6_sol_max,68.83448394730206,1
295,gpt_5_5_xhigh,57.72880278537092,2
295,kimi_k3_max,55.51242668496514,3
295,qwen3_8_max,54.43612656129076,4
295,claude_fable_5_max,52.572522346243986,5
295,deepseek_v4_pro_max,36.06760215139339,6
295,claude_opus_4_8_max,29.230890921686036,7
295,gemini_3_1_pro_high,20.08673577073111,8
295,glm_5_2_max,17.456433531944114,9
295,deepseek_v4_flash_max,10.18228657460258,10
296,claude_fable_5_max,87.99358453352443,1
296,gpt_5_6_sol_max,60.32675464086485,2
296,gemini_3_1_pro_high,55.5261117761532,3
296,kimi_k3_max,55.36569565848127,4
296,qwen3_8_max,53.92058085093743,5
296,claude_opus_4_8_max,49.12588694133594,6
296,gpt_5_5_xhigh,29.181300007349808,7
296,deepseek_v4_pro_max,27.932368715146385,8
296,glm_5_2_max,15.651907831520028,9
296,deepseek_v4_flash_max,0.9354490894939514,10
297,gpt_5_6_sol_max,70.82495699668473,1
297,claude_opus_4_8_max,59.8868394822704,2
297,kimi_k3_max,51.77970478487718,3
297,claude_fable_5_max,50.557481701379714,4
297,gemini_3_1_pro_high,44.79576639098418,5
297,deepseek_v4_pro_max,39.507132053849574,6
297,qwen3_8_max,34.359735132582486,7
297,deepseek_v4_flash_max,23.241083005591484,8
297,glm_5_2_max,21.563261532941056,9
297,gpt_5_5_xhigh,20.19173486546382,10
298,kimi_k3_max,76.05837856491584,1
298,gpt_5_5_xhigh,64.30934817731702,2
298,gpt_5_6_sol_max,45.05963546900233,3
298,qwen3_8_max,42.78757349865747,4
298,deepseek_v4_pro_max,38.010475915502944,5
298,gemini_3_1_pro_high,36.699766413311714,6
298,glm_5_2_max,36.088559964690376,7
298,claude_fable_5_max,31.538073955813676,8
298,claude_opus_4_8_max,29.326279854282966,9
298,deepseek_v4_flash_max,3.258603320635106,10
299,gpt_5_6_sol_max,78.42569063434206,1
299,kimi_k3_max,67.36636412309565,2
299,qwen3_8_max,47.41126463289194,3
299,glm_5_2_max,37.36726360517518,4
299,claude_fable_5_max,35.158658209235035,5
299,claude_opus_4_8_max,30.64990418206612,6
299,gpt_5_5_xhigh,27.72779296962775,7
299,deepseek_v4_pro_max,22.611006848983045,8
299,deepseek_v4_flash_max,18.17083506815931,9
299,gemini_3_1_pro_high,16.9914446213847,10
300,kimi_k3_max,69.95608851339246,1
300,gemini_3_1_pro_high,66.88779506262557,2
300,claude_fable_5_max,62.774700980439796,3
300,gpt_5_6_sol_max,59.88703911835152,4
300,gpt_5_5_xhigh,59.39367026961206,5
300,qwen3_8_max,50.08059973474214,6
300,claude_opus_4_8_max,34.70183166690724,7
300,deepseek_v4_pro_max,28.488179089949675,8
300,deepseek_v4_flash_max,18.957004067662414,9
300,glm_5_2_max,10.03846880904888,10
301,qwen3_8_max,79.48342976191145,1
301,kimi_k3_max,72.36865041134986,2
301,gpt_5_5_xhigh,55.64746226608066,3
301,gemini_3_1_pro_high,50.01803445576932,4
301,claude_opus_4_8_max,41.7926005008747,5
301,claude_fable_5_max,40.20878287611821,6
301,glm_5_2_max,30.510708828247424,7
301,gpt_5_6_sol_max,22.920241377381643,8
301,deepseek_v4_flash_max,16.17388924190397,9
301,deepseek_v4_pro_max,10.700536988613486,10
302,claude_opus_4_8_max,83.52607394825273,1
302,gemini_3_1_pro_high,68.24169150996215,2
302,gpt_5_6_sol_max,60.322003055877005,3
302,claude_fable_5_max,59.40456305509855,4
302,deepseek_v4_pro_max,57.172875503584436,5
302,qwen3_8_max,54.601214297026296,6
302,gpt_5_5_xhigh,52.00706880454692,7
302,deepseek_v4_flash_max,40.09687145918578,8
302,glm_5_2_max,31.40048206302045,9
302,kimi_k3_max,20.489385235034582,10
303,gpt_5_6_sol_max,78.31956682416276,1
303,gpt_5_5_xhigh,55.49411706859702,2
303,kimi_k3_max,47.9479958025799,3
303,gemini_3_1_pro_high,40.074520588010714,4
303,glm_5_2_max,35.17404051974914,5
303,deepseek_v4_pro_max,30.086104833816243,6
303,qwen3_8_max,28.016320062458774,7
303,claude_opus_4_8_max,26.756985930376622,8
303,claude_fable_5_max,23.5205251883287,9
303,deepseek_v4_flash_max,8.522462496380545,10
304,kimi_k3_max,77.78361242262679,1
304,claude_fable_5_max,70.8871025624197,2
304,gpt_5_6_sol_max,67.60028331023909,3
304,gemini_3_1_pro_high,66.22676196469526,4
304,qwen3_8_max,61.994363149859566,5
304,claude_opus_4_8_max,55.40990489212798,6
304,gpt_5_5_xhigh,38.202285836366144,7
304,deepseek_v4_flash_max,31.04296174119515,8
304,deepseek_v4_pro_max,24.914240376605505,9
304,glm_5_2_max,20.345425494523553,10
305,claude_opus_4_8_max,85.24011727530936,1
305,gpt_5_6_sol_max,59.58463115238504,2
305,claude_fable_5_max,56.80313786244199,3
305,gpt_5_5_xhigh,53.69948018139958,4
305,qwen3_8_max,53.36885646558413,5
305,gemini_3_1_pro_high,48.1066189760282,6
305,deepseek_v4_flash_max,40.53823372360178,7
305,kimi_k3_max,34.782025458744386,8
305,deepseek_v4_pro_max,29.102375335342508,9
305,glm_5_2_max,16.541502746278347,10
306,claude_fable_5_max,89.43616793079545,1
306,kimi_k3_max,78.18205028121467,2
306,gpt_5_6_sol_max,62.98712713117044,3
306,gpt_5_5_xhigh,60.68546828984295,4
306,gemini_3_1_pro_high,43.471578235445236,5
306,claude_opus_4_8_max,30.263846933408768,6
306,deepseek_v4_pro_max,30.16491860189554,7
306,glm_5_2_max,21.944973312412095,8
306,deepseek_v4_flash_max,15.66171022603062,9
306,qwen3_8_max,14.144940241333186,10
307,kimi_k3_max,70.3187576746885,1
307,gpt_5_6_sol_max,57.19264536387951,2
307,claude_fable_5_max,55.03713012996559,3
307,claude_opus_4_8_max,45.895002150740225,4
307,gemini_3_1_pro_high,39.14420435518737,5
307,qwen3_8_max,35.94354270394834,6
307,gpt_5_5_xhigh,33.54775668379258,7
307,deepseek_v4_flash_max,23.110067166241702,8
307,glm_5_2_max,21.27046843327323,9
307,deepseek_v4_pro_max,19.758649896629628,10
308,claude_fable_5_max,68.50228203280037,1
308,qwen3_8_max,66.7142526207476,2
308,gpt_5_6_sol_max,61.69248477951425,3
308,gpt_5_5_xhigh,56.21220800800339,4
308,claude_opus_4_8_max,52.63801680082638,5
308,gemini_3_1_pro_high,41.611019298334966,6
308,kimi_k3_max,36.824028856448116,7
308,deepseek_v4_flash_max,36.04385784378461,8
308,deepseek_v4_pro_max,25.56359365477855,9
308,glm_5_2_max,14.030311556171142,10
309,claude_opus_4_8_max,65.73553104541267,1
309,gpt_5_5_xhigh,64.21713117317312,2
309,gpt_5_6_sol_max,63.7355233521739,3
309,qwen3_8_max,57.581250221612535,4
309,claude_fable_5_max,52.01031730763337,5
309,deepseek_v4_flash_max,46.72468251549933,6
309,deepseek_v4_pro_max,39.45091630551622,7
309,gemini_3_1_pro_high,34.0884817245139,8
309,kimi_k3_max,25.07278700254449,9
309,glm_5_2_max,17.836876342843265,10
310,claude_fable_5_max,71.84819343552608,1
310,qwen3_8_max,57.39898268865652,2
310,gpt_5_5_xhigh,54.67339422402631,3
310,gpt_5_6_sol_max,51.45209955803433,4
310,claude_opus_4_8_max,41.12218837967334,5
310,gemini_3_1_pro_high,40.24502286432714,6
310,deepseek_v4_pro_max,39.73107175641472,7
310,glm_5_2_max,30.612868212031508,8
310,deepseek_v4_flash_max,22.359065758567937,9
310,kimi_k3_max,21.932756897981033,10
311,kimi_k3_max,69.99445946276214,1
311,claude_fable_5_max,52.2421705797901,2
311,gpt_5_6_sol_max,41.2940984092362,3
311,deepseek_v4_pro_max,38.25058558351998,4
311,claude_opus_4_8_max,36.1284284930171,5
311,gpt_5_5_xhigh,36.059862630279,6
311,qwen3_8_max,28.242893849064473,7
311,gemini_3_1_pro_high,19.099575732584984,8
311,deepseek_v4_flash_max,18.243687336189012,9
311,glm_5_2_max,17.279601630434048,10
312,kimi_k3_max,76.25521757448695,1
312,qwen3_8_max,54.658748088470354,2
312,claude_opus_4_8_max,49.706452163396186,3
312,deepseek_v4_pro_max,49.17346809229063,4
312,gemini_3_1_pro_high,45.80361414754425,5
312,gpt_5_6_sol_max,45.20592944134244,6
312,claude_fable_5_max,35.61765844790519,7
312,deepseek_v4_flash_max,27.309389760372753,8
312,gpt_5_5_xhigh,25.326069913477752,9
312,glm_5_2_max,21.8232888745082,10
313,claude_opus_4_8_max,73.68979266055861,1
313,gemini_3_1_pro_high,53.63808395309286,2
313,qwen3_8_max,46.568370527011396,3
313,gpt_5_5_xhigh,41.33960554580838,4
313,claude_fable_5_max,39.09715281652213,5
313,gpt_5_6_sol_max,34.38077255435978,6
313,glm_5_2_max,29.897353621492783,7
313,kimi_k3_max,29.516795556279945,8
313,deepseek_v4_pro_max,25.695504079039225,9
313,deepseek_v4_flash_max,17.892172793688502,10
314,gpt_5_6_sol_max,73.21599884192624,1
314,gemini_3_1_pro_high,72.29100973746277,2
314,gpt_5_5_xhigh,60.0900315965614,3
314,claude_fable_5_max,59.37408378148481,4
314,qwen3_8_max,38.89973513740022,5
314,glm_5_2_max,28.906262712248143,6
314,claude_opus_4_8_max,27.932925692832764,7
314,kimi_k3_max,26.568520512942552,8
314,deepseek_v4_pro_max,25.429397000652493,9
314,deepseek_v4_flash_max,9.114775828568613,10
315,gpt_5_6_sol_max,68.63831108818158,1
315,gemini_3_1_pro_high,58.80074342934752,2
315,qwen3_8_max,56.711497119487376,3
315,gpt_5_5_xhigh,41.05646757341754,4
315,glm_5_2_max,36.66865277912041,5
315,claude_fable_5_max,31.584848925424193,6
315,deepseek_v4_pro_max,30.706648337202065,7
315,kimi_k3_max,28.362581944372465,8
315,claude_opus_4_8_max,28.29394695532135,9
315,deepseek_v4_flash_max,26.290503716978083,10
316,gpt_5_5_xhigh,72.23839908120304,1
316,claude_fable_5_max,71.13226785381048,2
316,kimi_k3_max,61.5295058875662,3
316,qwen3_8_max,54.967874061947654,4
316,claude_opus_4_8_max,48.408050877283785,5
316,gemini_3_1_pro_high,37.14112607328832,6
316,glm_5_2_max,32.161595241487795,7
316,gpt_5_6_sol_max,24.524272889077835,8
316,deepseek_v4_pro_max,23.8099039477406,9
316,deepseek_v4_flash_max,16.146298304642162,10
317,gemini_3_1_pro_high,79.86170562804587,1
317,gpt_5_6_sol_max,59.73122653417596,2
317,qwen3_8_max,52.11188696426896,3
317,kimi_k3_max,43.868397960105085,4
317,claude_fable_5_max,41.0044446028847,5
317,gpt_5_5_xhigh,40.59076988499335,6
317,deepseek_v4_pro_max,35.381209268956376,7
317,claude_opus_4_8_max,34.69307889847778,8
317,deepseek_v4_flash_max,20.939833735504223,9
317,glm_5_2_max,14.376336681920613,10
318,claude_opus_4_8_max,66.89191951818646,1
318,kimi_k3_max,58.33383663297479,2
318,gemini_3_1_pro_high,51.683899727430756,3
318,claude_fable_5_max,44.64491985015084,4
318,gpt_5_6_sol_max,42.71753637271415,5
318,qwen3_8_max,30.574065583622698,6
318,glm_5_2_max,29.385912474529476,7
318,deepseek_v4_flash_max,22.232013078658326,8
318,gpt_5_5_xhigh,19.081305205435452,9
318,deepseek_v4_pro_max,16.67881945229089,10
319,gpt_5_5_xhigh,64.53006466065426,1
319,kimi_k3_max,64.50915985996866,2
319,claude_fable_5_max,63.103511510747246,3
319,gemini_3_1_pro_high,50.64059925640464,4
319,claude_opus_4_8_max,50.17982749678906,5
319,deepseek_v4_flash_max,41.961160942781504,6
319,qwen3_8_max,33.04090953756017,7
319,glm_5_2_max,25.923998826331218,8
319,deepseek_v4_pro_max,19.919021673336015,9
319,gpt_5_6_sol_max,19.518888796165122,10
320,claude_fable_5_max,63.92007117894791,1
320,qwen3_8_max,54.99130130224786,2
320,gemini_3_1_pro_high,54.19436476051909,3
320,claude_opus_4_8_max,37.29540906629293,4
320,kimi_k3_max,29.424632895860903,5
320,glm_5_2_max,23.172105807682563,6
320,deepseek_v4_pro_max,22.888268902943523,7
320,gpt_5_5_xhigh,22.506360708352247,8
320,gpt_5_6_sol_max,18.559238196615777,9
320,deepseek_v4_flash_max,12.161256498582798,10
321,kimi_k3_max,74.36041577859902,1
321,claude_opus_4_8_max,71.18069300981628,2
321,gpt_5_5_xhigh,66.24699795862946,3
321,qwen3_8_max,52.936928105015035,4
321,gemini_3_1_pro_high,40.224440938259015,5
321,gpt_5_6_sol_max,30.390242518126286,6
321,claude_fable_5_max,29.318667192495912,7
321,glm_5_2_max,24.523527050874094,8
321,deepseek_v4_pro_max,24.186363285559082,9
321,deepseek_v4_flash_max,20.968390503665546,10
322,gpt_5_6_sol_max,84.5509483857449,1
322,gpt_5_5_xhigh,58.028844976177396,2
322,gemini_3_1_pro_high,32.300084087525086,3
322,kimi_k3_max,31.710144771783533,4
322,deepseek_v4_flash_max,31.250732898211005,5
322,claude_fable_5_max,27.719034973268197,6
322,qwen3_8_max,25.49762906638204,7
322,claude_opus_4_8_max,24.385843338923678,8
322,glm_5_2_max,15.899246428983673,9
322,deepseek_v4_pro_max,13.780131191998226,10
323,claude_fable_5_max,88.20456779055885,1
323,gpt_5_6_sol_max,55.312820877844146,2
323,qwen3_8_max,55.071276927451564,3
323,gemini_3_1_pro_high,52.444598500587915,4
323,kimi_k3_max,50.41759617673836,5
323,gpt_5_5_xhigh,37.277565505003466,6
323,claude_opus_4_8_max,33.2839383452223,7
323,deepseek_v4_pro_max,24.769765369281927,8
323,glm_5_2_max,22.38819258329691,9
323,deepseek_v4_flash_max,19.03813042641277,10
324,claude_fable_5_max,63.41245808042464,1
324,gpt_5_5_xhigh,53.38814932338452,2
324,gemini_3_1_pro_high,49.592210455810644,3
324,kimi_k3_max,38.63251423778216,4
324,qwen3_8_max,31.6964806698944,5
324,glm_5_2_max,29.584492074328686,6
324,claude_opus_4_8_max,28.51878962634248,7
324,deepseek_v4_flash_max,23.312049144289546,8
324,gpt_5_6_sol_max,12.39117606006956,9
324,deepseek_v4_pro_max,10.428975490706923,10
325,gpt_5_6_sol_max,71.28597780987376,1
325,claude_fable_5_max,59.237893143481344,2
325,gemini_3_1_pro_high,48.090157854127796,3
325,qwen3_8_max,34.24740541808332,4
325,claude_opus_4_8_max,34.09967606896582,5
325,glm_5_2_max,32.68022938574071,6
325,gpt_5_5_xhigh,31.696417053715166,7
325,deepseek_v4_pro_max,31.305826673749365,8
325,deepseek_v4_flash_max,24.89401050393431,9
325,kimi_k3_max,14.876625511905523,10
326,qwen3_8_max,77.01686051943877,1
326,gpt_5_6_sol_max,59.72158055801877,2
326,gpt_5_5_xhigh,58.751238112234816,3
326,claude_fable_5_max,58.32763342677018,4
326,gemini_3_1_pro_high,55.8201730113854,5
326,claude_opus_4_8_max,49.08126903921605,6
326,kimi_k3_max,33.440444314662315,7
326,deepseek_v4_pro_max,31.968696831370572,8
326,deepseek_v4_flash_max,30.52195187870766,9
326,glm_5_2_max,25.30028582995797,10
327,kimi_k3_max,69.25361094186795,1
327,claude_fable_5_max,67.70705701240414,2
327,gpt_5_6_sol_max,54.47371587733427,3
327,qwen3_8_max,39.732156529351855,4
327,gemini_3_1_pro_high,38.39902643574667,5
327,gpt_5_5_xhigh,31.000717003525914,6
327,deepseek_v4_pro_max,29.199389725583302,7
327,claude_opus_4_8_max,21.69889846840821,8
327,deepseek_v4_flash_max,19.80412828317509,9
327,glm_5_2_max,14.686757226136603,10
328,gpt_5_6_sol_max,78.70090721937704,1
328,kimi_k3_max,77.24365978151589,2
328,qwen3_8_max,69.06135331444061,3
328,claude_fable_5_max,66.15427376611851,4
328,gpt_5_5_xhigh,56.30423985060646,5
328,deepseek_v4_pro_max,50.83310408723681,6
328,gemini_3_1_pro_high,40.69769634444026,7
328,claude_opus_4_8_max,32.179514925472574,8
328,glm_5_2_max,27.38941408739645,9
328,deepseek_v4_flash_max,15.053984897205849,10
329,gemini_3_1_pro_high,71.66076842412258,1
329,claude_opus_4_8_max,68.56295849883745,2
329,qwen3_8_max,59.77780032034056,3
329,kimi_k3_max,58.15951614569222,4
329,claude_fable_5_max,46.31530285790408,5
329,gpt_5_6_sol_max,30.769782513102317,6
329,deepseek_v4_pro_max,25.83231510637755,7
329,gpt_5_5_xhigh,17.84477266141777,8
329,glm_5_2_max,17.69584363273713,9
329,deepseek_v4_flash_max,12.446329976046759,10
330,gemini_3_1_pro_high,74.15819403883776,1
330,claude_fable_5_max,58.00404468625123,2
330,gpt_5_6_sol_max,57.62605911150217,3
330,kimi_k3_max,51.27496292510671,4
330,qwen3_8_max,48.34555968682258,5
330,deepseek_v4_flash_max,36.978715659892984,6
330,claude_opus_4_8_max,32.27356764246313,7
330,gpt_5_5_xhigh,30.11756917549408,8
330,deepseek_v4_pro_max,27.207194840857568,9
330,glm_5_2_max,16.758673490686252,10
331,gpt_5_6_sol_max,77.23135866720838,1
331,gemini_3_1_pro_high,76.4587848161386,2
331,claude_fable_5_max,74.95963135797875,3
331,qwen3_8_max,55.81909458269397,4
331,claude_opus_4_8_max,45.350665393549704,5
331,glm_5_2_max,32.944663514380245,6
331,kimi_k3_max,29.58494573833618,7
331,gpt_5_5_xhigh,25.649220783161336,8
331,deepseek_v4_flash_max,20.262971566226494,9
331,deepseek_v4_pro_max,10.394272729293233,10
332,qwen3_8_max,86.9697105980471,1
332,gpt_5_5_xhigh,75.28347566049743,2
332,kimi_k3_max,68.03076072999235,3
332,claude_opus_4_8_max,53.478832297852136,4
332,claude_fable_5_max,36.66984478292203,5
332,deepseek_v4_pro_max,28.22181196093744,6
332,deepseek_v4_flash_max,25.72816908498084,7
332,gemini_3_1_pro_high,21.610143963491115,8
332,gpt_5_6_sol_max,21.396796358214726,9
332,glm_5_2_max,19.441560306571265,10
333,gpt_5_5_xhigh,79.54627704812016,1
333,qwen3_8_max,64.34738164532881,2
333,gpt_5_6_sol_max,59.299170514968516,3
333,gemini_3_1_pro_high,55.67127875017812,4
333,claude_opus_4_8_max,51.46571240580447,5
333,claude_fable_5_max,50.175491179074086,6
333,deepseek_v4_flash_max,39.73538014959088,7
333,kimi_k3_max,21.857147564633934,8
333,glm_5_2_max,21.77881994692153,9
333,deepseek_v4_pro_max,7.193579925946233,10
334,gpt_5_5_xhigh,80.5023582504743,1
334,kimi_k3_max,75.88077633390671,2
334,gemini_3_1_pro_high,50.49066406906415,3
334,qwen3_8_max,37.87620663930659,4
334,gpt_5_6_sol_max,30.99357938522574,5
334,claude_fable_5_max,30.182821005463772,6
334,glm_5_2_max,28.06339298917602,7
334,claude_opus_4_8_max,23.280960718301486,8
334,deepseek_v4_flash_max,22.726020872678838,9
334,deepseek_v4_pro_max,11.508780480819937,10
335,gpt_5_6_sol_max,76.10850103666102,1
335,kimi_k3_max,45.934277710227065,2
335,claude_opus_4_8_max,43.10867675971093,3
335,gemini_3_1_pro_high,37.349126143650686,4
335,gpt_5_5_xhigh,36.04152767455524,5
335,deepseek_v4_flash_max,35.564601865135316,6
335,claude_fable_5_max,23.742551128709827,7
335,qwen3_8_max,18.195773869428002,8
335,deepseek_v4_pro_max,16.304303803634298,9
335,glm_5_2_max,14.631405528855876,10
336,gpt_5_5_xhigh,80.66439789254662,1
336,gpt_5_6_sol_max,78.56280835904568,2
336,claude_opus_4_8_max,52.2207402688197,3
336,claude_fable_5_max,49.01275194274232,4
336,deepseek_v4_pro_max,43.24218164534286,5
336,qwen3_8_max,40.480601528341666,6
336,glm_5_2_max,20.141498943901208,7
336,kimi_k3_max,18.777119468087882,8
336,gemini_3_1_pro_high,16.61811090950754,9
336,deepseek_v4_flash_max,14.538108612546113,10
337,gpt_5_5_xhigh,74.57230051226465,1
337,gpt_5_6_sol_max,62.01790003638907,2
337,gemini_3_1_pro_high,61.221254678378436,3
337,qwen3_8_max,60.94216084129467,4
337,claude_fable_5_max,52.328315700587595,5
337,deepseek_v4_flash_max,44.17144113035931,6
337,kimi_k3_max,43.680926335567655,7
337,claude_opus_4_8_max,36.92234087015461,8
337,glm_5_2_max,11.281432201663526,9
337,deepseek_v4_pro_max,10.576617536933432,10
338,gpt_5_6_sol_max,72.89942156925936,1
338,claude_fable_5_max,66.94294453630897,2
338,kimi_k3_max,61.96006357883695,3
338,qwen3_8_max,60.20984767148781,4
338,gemini_3_1_pro_high,58.15167826235076,5
338,gpt_5_5_xhigh,46.57621309574236,6
338,claude_opus_4_8_max,37.21223106514822,7
338,deepseek_v4_flash_max,32.44452928764475,8
338,glm_5_2_max,25.7576231261907,9
338,deepseek_v4_pro_max,17.24420158533676,10
339,claude_opus_4_8_max,68.29841118752586,1
339,qwen3_8_max,58.232105038586894,2
339,claude_fable_5_max,46.208229560799055,3
339,gpt_5_6_sol_max,31.73846852405196,4
339,gpt_5_5_xhigh,29.91708106674275,5
339,glm_5_2_max,25.93390477271485,6
339,gemini_3_1_pro_high,19.842620221501704,7
339,deepseek_v4_flash_max,17.253979422526726,8
339,kimi_k3_max,16.243946396080965,9
339,deepseek_v4_pro_max,6.918465883662365,10
340,gpt_5_6_sol_max,75.84575938832953,1
340,gemini_3_1_pro_high,66.36087437180932,2
340,qwen3_8_max,64.87688355406634,3
340,claude_opus_4_8_max,51.69233939778377,4
340,claude_fable_5_max,47.77932955133873,5
340,deepseek_v4_pro_max,42.45747248237062,6
340,kimi_k3_max,40.19698147337087,7
340,gpt_5_5_xhigh,25.46897896804686,8
340,glm_5_2_max,22.956512452289616,9
340,deepseek_v4_flash_max,12.136718277432548,10
341,gpt_5_5_xhigh,87.40950564649557,1
341,claude_fable_5_max,66.29664172671501,2
341,kimi_k3_max,52.3149454537177,3
341,gpt_5_6_sol_max,51.60098453789386,4
341,qwen3_8_max,29.409183041144736,5
341,deepseek_v4_pro_max,26.664437313138095,6
341,claude_opus_4_8_max,26.504773392946678,7
341,deepseek_v4_flash_max,24.190713867259532,8
341,glm_5_2_max,18.122630554442658,9
341,gemini_3_1_pro_high,15.494361877074464,10
342,gpt_5_6_sol_max,66.52217036252208,1
342,claude_fable_5_max,62.6459233682831,2
342,claude_opus_4_8_max,60.294073850221174,3
342,qwen3_8_max,57.79942398893395,4
342,kimi_k3_max,42.61773717103357,5
342,gemini_3_1_pro_high,39.53536604085223,6
342,deepseek_v4_pro_max,32.408569923359615,7
342,glm_5_2_max,24.641601363331826,8
342,gpt_5_5_xhigh,24.590081390069894,9
342,deepseek_v4_flash_max,16.44759586454566,10
343,claude_opus_4_8_max,81.37325899063283,1
343,claude_fable_5_max,53.65977536321711,2
343,kimi_k3_max,51.78486337017587,3
343,deepseek_v4_pro_max,39.54253116598558,4
343,gpt_5_6_sol_max,32.49376908790413,5
343,gemini_3_1_pro_high,32.01788972052711,6
343,qwen3_8_max,30.93584032620714,7
343,gpt_5_5_xhigh,25.72327160199324,8
343,glm_5_2_max,24.15121345354598,9
343,deepseek_v4_flash_max,4.466743846470594,10
344,claude_opus_4_8_max,76.82970224847274,1
344,kimi_k3_max,48.18736879597891,2
344,qwen3_8_max,46.46398864149261,3
344,gemini_3_1_pro_high,45.061147503271194,4
344,claude_fable_5_max,39.22710462424868,5
344,gpt_5_6_sol_max,36.01237311516757,6
344,deepseek_v4_pro_max,35.50907117900289,7
344,glm_5_2_max,29.26089871421853,8
344,gpt_5_5_xhigh,22.241594117843107,9
344,deepseek_v4_flash_max,10.563430074750652,10
345,gpt_5_6_sol_max,76.67403075156456,1
345,qwen3_8_max,48.086807356836914,2
345,gemini_3_1_pro_high,39.87355419137502,3
345,gpt_5_5_xhigh,33.860071001157806,4
345,claude_fable_5_max,30.181038012513756,5
345,claude_opus_4_8_max,24.08210530733095,6
345,deepseek_v4_flash_max,23.052094350083234,7
345,glm_5_2_max,20.923745585588044,8
345,deepseek_v4_pro_max,14.989674132663627,9
345,kimi_k3_max,12.99435911550684,10
346,gpt_5_6_sol_max,87.15603379709773,1
346,gpt_5_5_xhigh,74.6666377727637,2
346,kimi_k3_max,63.88865501261691,3
346,claude_fable_5_max,48.105488962136,4
346,deepseek_v4_pro_max,42.23487259174418,5
346,qwen3_8_max,37.91094095115936,6
346,glm_5_2_max,33.903452994052294,7
346,gemini_3_1_pro_high,31.005376758493004,8
346,claude_opus_4_8_max,26.87909413228798,9
346,deepseek_v4_flash_max,18.83881007612442,10
347,gemini_3_1_pro_high,68.18791625973768,1
347,kimi_k3_max,63.952478869608285,2
347,gpt_5_6_sol_max,63.09337101527098,3
347,claude_opus_4_8_max,49.91806218362152,4
347,claude_fable_5_max,49.78428038947548,5
347,glm_5_2_max,36.93047033732793,6
347,gpt_5_5_xhigh,32.20225466271123,7
347,deepseek_v4_pro_max,29.7131370168606,8
347,deepseek_v4_flash_max,25.465278563787578,9
347,qwen3_8_max,21.856631242269476,10
348,gpt_5_6_sol_max,85.371530444803,1
348,gemini_3_1_pro_high,70.13249970776303,2
348,claude_fable_5_max,55.65814612613876,3
348,kimi_k3_max,55.563363079301794,4
348,qwen3_8_max,55.18198811322408,5
348,claude_opus_4_8_max,37.345373984423624,6
348,gpt_5_5_xhigh,30.865457900155384,7
348,deepseek_v4_flash_max,27.87500816257267,8
348,glm_5_2_max,20.165251670931966,9
348,deepseek_v4_pro_max,15.314713558920399,10
349,claude_fable_5_max,62.88619294313773,1
349,qwen3_8_max,61.44082683019744,2
349,claude_opus_4_8_max,56.33911142253545,3
349,deepseek_v4_pro_max,53.33661945986213,4
349,gpt_5_6_sol_max,50.778600032356465,5
349,gemini_3_1_pro_high,28.77272083751646,6
349,gpt_5_5_xhigh,27.75034306457514,7
349,kimi_k3_max,27.289156567300132,8
349,deepseek_v4_flash_max,20.54771427039635,9
349,glm_5_2_max,10.545403911568652,10
350,gpt_5_6_sol_max,65.5826348083237,1
350,qwen3_8_max,58.51547211732719,2
350,gemini_3_1_pro_high,51.664489497053026,3
350,kimi_k3_max,42.95794476612167,4
350,claude_opus_4_8_max,39.86573433070544,5
350,claude_fable_5_max,36.76868174805102,6
350,deepseek_v4_pro_max,32.37932031774782,7
350,glm_5_2_max,30.538394748529353,8
350,gpt_5_5_xhigh,17.059577914820075,9
350,deepseek_v4_flash_max,2.610983932246343,10
351,kimi_k3_max,80.8713616215729,1
351,gpt_5_6_sol_max,61.20561698997292,2
351,claude_fable_5_max,44.932610351783936,3
351,claude_opus_4_8_max,37.94280737680448,4
351,qwen3_8_max,37.801945513843656,5
351,deepseek_v4_pro_max,25.66385069664304,6
351,gemini_3_1_pro_high,24.229981966099952,7
351,gpt_5_5_xhigh,22.99193659117006,8
351,deepseek_v4_flash_max,19.77991086604071,9
351,glm_5_2_max,18.50566029508598,10
352,kimi_k3_max,74.66995694225906,1
352,claude_fable_5_max,54.73071645394124,2
352,claude_opus_4_8_max,50.509269439036686,3
352,deepseek_v4_pro_max,40.41806209636519,4
352,gemini_3_1_pro_high,38.65649572516409,5
352,qwen3_8_max,36.25340496388248,6
352,gpt_5_6_sol_max,28.765791682148986,7
352,glm_5_2_max,27.469638963163725,8
352,gpt_5_5_xhigh,21.759863573747324,9
352,deepseek_v4_flash_max,19.519112463289783,10
353,qwen3_8_max,76.72305989659257,1
353,gemini_3_1_pro_high,75.70611671185013,2
353,claude_fable_5_max,50.29423486096431,3
353,gpt_5_5_xhigh,46.347428523124606,4
353,gpt_5_6_sol_max,41.915611100967844,5
353,deepseek_v4_pro_max,40.60690735126714,6
353,kimi_k3_max,32.513767670868766,7
353,claude_opus_4_8_max,32.16648669211085,8
353,glm_5_2_max,21.706938535530057,9
353,deepseek_v4_flash_max,12.83330022910458,10
354,gpt_5_6_sol_max,74.89058640797688,1
354,kimi_k3_max,71.02992200601481,2
354,claude_fable_5_max,59.31116583410021,3
354,gemini_3_1_pro_high,52.15274898779342,4
354,gpt_5_5_xhigh,45.32362589729579,5
354,qwen3_8_max,42.834456946319385,6
354,deepseek_v4_flash_max,40.621167810159854,7
354,claude_opus_4_8_max,27.841103690000025,8
354,glm_5_2_max,22.636240119541625,9
354,deepseek_v4_pro_max,14.201396800002172,10
355,claude_fable_5_max,76.86769819932624,1
355,gpt_5_6_sol_max,67.81774787209123,2
355,qwen3_8_max,56.008335528998956,3
355,kimi_k3_max,54.998707784392764,4
355,gemini_3_1_pro_high,49.77077745851007,5
355,deepseek_v4_pro_max,43.283321211299466,6
355,claude_opus_4_8_max,30.179411140968327,7
355,gpt_5_5_xhigh,27.425152068923797,8
355,deepseek_v4_flash_max,24.89247977097878,9
355,glm_5_2_max,13.142836502209324,10
356,gpt_5_6_sol_max,76.75169310356276,1
356,gpt_5_5_xhigh,66.02256929197901,2
356,gemini_3_1_pro_high,60.255895343122134,3
356,kimi_k3_max,49.46149685792503,4
356,claude_fable_5_max,26.628688112375755,5
356,claude_opus_4_8_max,24.682711221450337,6
356,deepseek_v4_pro_max,21.96660542390756,7
356,qwen3_8_max,18.639016747937365,8
356,glm_5_2_max,17.273078732328923,9
356,deepseek_v4_flash_max,9.500515347575373,10
357,claude_opus_4_8_max,70.197190048848,1
357,claude_fable_5_max,59.66546011866168,2
357,kimi_k3_max,52.10457845455372,3
357,gpt_5_5_xhigh,48.85838301697897,4
357,qwen3_8_max,44.73291442561827,5
357,deepseek_v4_pro_max,36.46956363769986,6
357,gpt_5_6_sol_max,32.604531558908434,7
357,gemini_3_1_pro_high,23.47898618460963,8
357,deepseek_v4_flash_max,18.502799307828237,9
357,glm_5_2_max,11.223444895752454,10
358,kimi_k3_max,69.47483806275119,1
358,claude_fable_5_max,56.271826552729436,2
358,gpt_5_6_sol_max,52.32005875739427,3
358,gpt_5_5_xhigh,47.42692572863966,4
358,qwen3_8_max,46.67695650103809,5
358,gemini_3_1_pro_high,43.89085422183267,6
358,deepseek_v4_pro_max,35.55814864319471,7
358,deepseek_v4_flash_max,27.401245828523827,8
358,claude_opus_4_8_max,21.19688300261861,9
358,glm_5_2_max,19.23399924764698,10
359,gpt_5_5_xhigh,83.96427366220678,1
359,claude_fable_5_max,57.94361983990345,2
359,gpt_5_6_sol_max,56.24179565202463,3
359,deepseek_v4_pro_max,46.68808047168203,4
359,gemini_3_1_pro_high,46.67795411122479,5
359,qwen3_8_max,29.967324569030982,6
359,deepseek_v4_flash_max,28.263845044309416,7
359,claude_opus_4_8_max,28.006904800790423,8
359,kimi_k3_max,24.7932813912328,9
359,glm_5_2_max,23.373076913052508,10
360,claude_opus_4_8_max,85.66773439032978,1
360,gemini_3_1_pro_high,58.586137931828105,2
360,qwen3_8_max,47.223204589441046,3
360,gpt_5_6_sol_max,44.24221937326968,4
360,gpt_5_5_xhigh,37.88016280202392,5
360,claude_fable_5_max,37.65405562286094,6
360,kimi_k3_max,34.029479545782635,7
360,glm_5_2_max,28.257765988916415,8
360,deepseek_v4_flash_max,19.111090877764138,9
360,deepseek_v4_pro_max,15.295846293663228,10
361,qwen3_8_max,60.86768484450542,1
361,kimi_k3_max,59.54205628403645,2
361,gpt_5_5_xhigh,53.3624450437477,3
361,claude_opus_4_8_max,47.28264762003335,4
361,deepseek_v4_pro_max,40.94352135882501,5
361,gemini_3_1_pro_high,37.780817817732014,6
361,claude_fable_5_max,29.231440218065366,7
361,glm_5_2_max,20.358919014256976,8
361,gpt_5_6_sol_max,15.275898608845214,9
361,deepseek_v4_flash_max,12.295174887583133,10
362,claude_fable_5_max,82.05087271585454,1
362,gemini_3_1_pro_high,72.26191184588971,2
362,qwen3_8_max,63.759799737140426,3
362,kimi_k3_max,53.72148904573313,4
362,gpt_5_6_sol_max,53.18274713244223,5
362,gpt_5_5_xhigh,48.763689473743064,6
362,deepseek_v4_flash_max,32.13009029916965,7
362,claude_opus_4_8_max,31.13892553401073,8
362,deepseek_v4_pro_max,12.961917994341897,9
362,glm_5_2_max,12.87728508659777,10
363,qwen3_8_max,73.77845488761005,1
363,claude_fable_5_max,73.71222755390347,2
363,gemini_3_1_pro_high,69.48025199304625,3
363,kimi_k3_max,65.75320709306214,4
363,gpt_5_6_sol_max,64.03293013647306,5
363,claude_opus_4_8_max,39.067093730023515,6
363,deepseek_v4_flash_max,34.81467866104461,7
363,gpt_5_5_xhigh,34.49189818282455,8
363,glm_5_2_max,18.818929742460714,9
363,deepseek_v4_pro_max,3.4288650400691636,10
364,gpt_5_6_sol_max,73.12090524672777,1
364,gpt_5_5_xhigh,66.25459558010492,2
364,qwen3_8_max,43.10939360344903,3
364,kimi_k3_max,34.514912058167525,4
364,deepseek_v4_flash_max,34.506022591478896,5
364,claude_opus_4_8_max,32.27791086093087,6
364,claude_fable_5_max,23.533012382963914,7
364,gemini_3_1_pro_high,22.585293620155888,8
364,glm_5_2_max,12.533497970321905,9
364,deepseek_v4_pro_max,7.485971450343634,10
365,claude_opus_4_8_max,81.39676118791249,1
365,gpt_5_6_sol_max,80.45055559983265,2
365,claude_fable_5_max,65.77809274157562,3
365,gemini_3_1_pro_high,65.34380395533806,4
365,kimi_k3_max,63.21121971855823,5
365,qwen3_8_max,52.66589688530537,6
365,glm_5_2_max,42.79952420071933,7
365,gpt_5_5_xhigh,40.5829797488074,8
365,deepseek_v4_pro_max,24.73266125207914,9
365,deepseek_v4_flash_max,9.59514403577665,10
366,claude_opus_4_8_max,72.75503092781749,1
366,kimi_k3_max,45.037336280121565,2
366,gpt_5_5_xhigh,42.565280176295076,3
366,claude_fable_5_max,35.05001506854585,4
366,qwen3_8_max,33.978085956399525,5
366,glm_5_2_max,28.426892791366246,6
366,gpt_5_6_sol_max,27.700825431726855,7
366,deepseek_v4_flash_max,25.623579215688114,8
366,gemini_3_1_pro_high,21.78749518790806,9
366,deepseek_v4_pro_max,21.682443515235416,10
367,claude_fable_5_max,72.77008756597968,1
367,gemini_3_1_pro_high,63.77146849422412,2
367,kimi_k3_max,55.97287517052151,3
367,claude_opus_4_8_max,53.84656681504866,4
367,gpt_5_5_xhigh,49.13058291808136,5
367,qwen3_8_max,40.79414114239914,6
367,glm_5_2_max,27.723533396070597,7
367,gpt_5_6_sol_max,25.958151149160088,8
367,deepseek_v4_pro_max,22.795410931491702,9
367,deepseek_v4_flash_max,20.622600873335227,10
368,gpt_5_6_sol_max,76.82952428891718,1
368,qwen3_8_max,60.069143766835836,2
368,kimi_k3_max,58.3803899548964,3
368,claude_fable_5_max,53.276708604088185,4
368,gemini_3_1_pro_high,44.29780852858656,5
368,deepseek_v4_flash_max,43.53656180475089,6
368,gpt_5_5_xhigh,38.61763851852358,7
368,glm_5_2_max,26.875582522392097,8
368,claude_opus_4_8_max,25.27973390053951,9
368,deepseek_v4_pro_max,16.72593817157177,10
369,gpt_5_6_sol_max,64.11398447131737,1
369,claude_opus_4_8_max,57.53210019020413,2
369,qwen3_8_max,52.169548007377855,3
369,gpt_5_5_xhigh,28.768921595143475,4
369,kimi_k3_max,28.31199630459377,5
369,claude_fable_5_max,25.527212650719946,6
369,glm_5_2_max,23.100252625090686,7
369,gemini_3_1_pro_high,21.355338989670695,8
369,deepseek_v4_flash_max,20.518565170691602,9
369,deepseek_v4_pro_max,15.215478712039369,10
370,gpt_5_6_sol_max,83.30366025843878,1
370,claude_fable_5_max,71.37054977339317,2
370,gemini_3_1_pro_high,53.54411673388531,3
370,gpt_5_5_xhigh,47.097979908417365,4
370,qwen3_8_max,43.45793790344881,5
370,claude_opus_4_8_max,37.60316576869395,6
370,deepseek_v4_pro_max,22.638641208206508,7
370,glm_5_2_max,20.43326466618692,8
370,kimi_k3_max,15.09471672949923,9
370,deepseek_v4_flash_max,12.215681776428148,10
371,claude_opus_4_8_max,63.06025647433468,1
371,qwen3_8_max,54.40082112208789,2
371,kimi_k3_max,53.76632823041163,3
371,gemini_3_1_pro_high,51.07173534491314,4
371,claude_fable_5_max,49.55796239825762,5
371,gpt_5_5_xhigh,35.24467045363086,6
371,deepseek_v4_flash_max,30.84302667356731,7
371,deepseek_v4_pro_max,24.004247063941836,8
371,gpt_5_6_sol_max,21.429785018809948,9
371,glm_5_2_max,9.124977922625916,10
372,gpt_5_5_xhigh,83.3094431979489,1
372,kimi_k3_max,61.240677908790104,2
372,gemini_3_1_pro_high,54.605584212301025,3
372,claude_fable_5_max,53.52990217472103,4
372,qwen3_8_max,39.94871767374964,5
372,claude_opus_4_8_max,38.26461933888357,6
372,gpt_5_6_sol_max,38.123454796002854,7
372,deepseek_v4_flash_max,30.822449062672916,8
372,deepseek_v4_pro_max,25.460216760149056,9
372,glm_5_2_max,13.645327817888685,10
373,claude_opus_4_8_max,69.53782812174825,1
373,qwen3_8_max,48.71104208878876,2
373,claude_fable_5_max,48.10089537291327,3
373,gpt_5_6_sol_max,34.03521013988221,4
373,gemini_3_1_pro_high,29.727517953588354,5
373,gpt_5_5_xhigh,22.99357712644624,6
373,deepseek_v4_flash_max,22.729474797511685,7
373,glm_5_2_max,19.175817018200313,8
373,kimi_k3_max,12.793565760635328,9
373,deepseek_v4_pro_max,8.021592837363883,10
374,gpt_5_6_sol_max,62.32805150721515,1
374,claude_fable_5_max,60.744829554067195,2
374,gpt_5_5_xhigh,54.82939966510811,3
374,qwen3_8_max,47.343578283529055,4
374,kimi_k3_max,39.781413495299645,5
374,gemini_3_1_pro_high,37.87182749223515,6
374,deepseek_v4_flash_max,31.759089050407113,7
374,glm_5_2_max,20.433706388039994,8
374,claude_opus_4_8_max,20.132114263066647,9
374,deepseek_v4_pro_max,13.757667773533345,10
375,gpt_5_6_sol_max,84.77127382200398,1
375,gemini_3_1_pro_high,82.70426098807671,2
375,qwen3_8_max,66.30658539987166,3
375,claude_fable_5_max,65.54009880502225,4
375,kimi_k3_max,37.89625064125212,5
375,gpt_5_5_xhigh,36.826181292804115,6
375,deepseek_v4_pro_max,27.464696655044687,7
375,glm_5_2_max,21.520645708030333,8
375,claude_opus_4_8_max,18.81242666402222,9
375,deepseek_v4_flash_max,16.3096369303065,10
376,claude_opus_4_8_max,81.5101472501489,1
376,gpt_5_5_xhigh,76.7541454359023,2
376,gpt_5_6_sol_max,50.6973879813808,3
376,qwen3_8_max,50.51277414027477,4
376,gemini_3_1_pro_high,44.27189313066868,5
376,kimi_k3_max,43.79533848601962,6
376,claude_fable_5_max,28.801654075792687,7
376,deepseek_v4_pro_max,27.949144966074694,8
376,glm_5_2_max,27.79450131913174,9
376,deepseek_v4_flash_max,5.6857863671386095,10
377,claude_opus_4_8_max,78.8725222741945,1
377,kimi_k3_max,65.8244576158099,2
377,gpt_5_6_sol_max,50.765425496934434,3
377,qwen3_8_max,50.108478368949875,4
377,claude_fable_5_max,35.155474033404204,5
377,deepseek_v4_pro_max,32.54623727453965,6
377,deepseek_v4_flash_max,32.51595343809061,7
377,gemini_3_1_pro_high,30.44636869360724,8
377,glm_5_2_max,30.427549901322074,9
377,gpt_5_5_xhigh,14.439014273590434,10
378,claude_fable_5_max,84.19088692187336,1
378,gemini_3_1_pro_high,51.19493049286749,2
378,gpt_5_6_sol_max,48.539787497566,3
378,kimi_k3_max,45.217329223554785,4
378,qwen3_8_max,38.8333626746866,5
378,deepseek_v4_flash_max,33.09582316891101,6
378,claude_opus_4_8_max,21.79260283996919,7
378,gpt_5_5_xhigh,16.285125719686917,8
378,glm_5_2_max,12.77324949778664,9
378,deepseek_v4_pro_max,8.186426675455557,10
379,gpt_5_6_sol_max,71.296422464825,1
379,claude_fable_5_max,59.44620505851181,2
379,gpt_5_5_xhigh,43.699279290928764,3
379,deepseek_v4_flash_max,41.87477667790131,4
379,gemini_3_1_pro_high,34.13892225236914,5
379,qwen3_8_max,31.958827810119836,6
379,kimi_k3_max,26.927425890298217,7
379,glm_5_2_max,25.302879400554772,8
379,claude_opus_4_8_max,18.658024524482073,9
379,deepseek_v4_pro_max,9.01770630804909,10
380,kimi_k3_max,57.937699161956175,1
380,gemini_3_1_pro_high,50.399422807810296,2
380,deepseek_v4_pro_max,47.768538175759915,3
380,gpt_5_6_sol_max,46.251145884208164,4
380,claude_opus_4_8_max,41.68925465737497,5
380,qwen3_8_max,38.67546682826307,6
380,claude_fable_5_max,34.37386302118607,7
380,gpt_5_5_xhigh,33.181156342922975,8
380,deepseek_v4_flash_max,16.947900613267926,9
380,glm_5_2_max,16.260900311693664,10
381,gemini_3_1_pro_high,55.07837771704533,1
381,gpt_5_6_sol_max,53.85878527437657,2
381,claude_fable_5_max,46.56754809742253,3
381,kimi_k3_max,42.350697290595164,4
381,claude_opus_4_8_max,36.329319841268564,5
381,deepseek_v4_pro_max,32.42321636164047,6
381,qwen3_8_max,31.91534503264844,7
381,gpt_5_5_xhigh,24.776383443502834,8
381,glm_5_2_max,22.16725305951371,9
381,deepseek_v4_flash_max,11.066414323615989,10
382,kimi_k3_max,80.50740357100452,1
382,gpt_5_6_sol_max,59.07626831584015,2
382,claude_fable_5_max,48.43724460050729,3
382,qwen3_8_max,47.619905921781296,4
382,deepseek_v4_flash_max,39.30723703108034,5
382,glm_5_2_max,37.88102249031072,6
382,gemini_3_1_pro_high,30.812201995655137,7
382,claude_opus_4_8_max,29.166336765317432,8
382,gpt_5_5_xhigh,26.076694183737033,9
382,deepseek_v4_pro_max,9.878488161209528,10
383,claude_opus_4_8_max,81.42502230223539,1
383,qwen3_8_max,75.8536202250701,2
383,gemini_3_1_pro_high,68.40353372822975,3
383,kimi_k3_max,58.13893471068055,4
383,gpt_5_6_sol_max,43.498335566100565,5
383,claude_fable_5_max,38.13102769505541,6
383,deepseek_v4_flash_max,36.290381418533066,7
383,gpt_5_5_xhigh,29.543050584667753,8
383,glm_5_2_max,23.124057028105195,9
383,deepseek_v4_pro_max,22.714201127988975,10
384,gpt_5_6_sol_max,72.07175049132593,1
384,claude_opus_4_8_max,55.16681866835725,2
384,kimi_k3_max,52.10826073693137,3
384,gpt_5_5_xhigh,39.65627719053608,4
384,gemini_3_1_pro_high,34.31497463647257,5
384,claude_fable_5_max,33.97089630808651,6
384,deepseek_v4_pro_max,30.94301124949642,7
384,qwen3_8_max,20.33175576474256,8
384,glm_5_2_max,15.900515692685586,9
384,deepseek_v4_flash_max,10.582246901904476,10
385,gpt_5_5_xhigh,78.13867770387537,1
385,qwen3_8_max,74.63721640176603,2
385,gemini_3_1_pro_high,66.05666126622458,3
385,kimi_k3_max,61.58900980386926,4
385,claude_fable_5_max,59.142664399979154,5
385,claude_opus_4_8_max,42.52433276833967,6
385,deepseek_v4_flash_max,40.21127126499292,7
385,gpt_5_6_sol_max,35.39826498173611,8
385,glm_5_2_max,27.13800809562642,9
385,deepseek_v4_pro_max,9.331777099304672,10
386,claude_opus_4_8_max,63.218213580221985,1
386,gpt_5_6_sol_max,51.5006984637472,2
386,kimi_k3_max,48.67810836601465,3
386,deepseek_v4_pro_max,47.52091427901327,4
386,qwen3_8_max,32.87996905692155,5
386,gpt_5_5_xhigh,25.93726833201712,6
386,gemini_3_1_pro_high,25.535505287597285,7
386,claude_fable_5_max,24.345868821858744,8
386,glm_5_2_max,18.055850422283058,9
386,deepseek_v4_flash_max,12.7859926482079,10
387,claude_opus_4_8_max,79.93385975489298,1
387,gemini_3_1_pro_high,67.34567292921625,2
387,qwen3_8_max,55.428861217956864,3
387,gpt_5_5_xhigh,51.693590821973146,4
387,gpt_5_6_sol_max,51.02331632469945,5
387,claude_fable_5_max,45.769690725675844,6
387,deepseek_v4_pro_max,38.07476785228115,7
387,glm_5_2_max,27.8250482522471,8
387,kimi_k3_max,22.12973837178266,9
387,deepseek_v4_flash_max,19.48661714769399,10
388,qwen3_8_max,63.78213054584147,1
388,gpt_5_6_sol_max,53.148281424546504,2
388,gemini_3_1_pro_high,49.196360724878744,3
388,claude_fable_5_max,48.15817359646714,4
388,kimi_k3_max,46.17392802413711,5
388,claude_opus_4_8_max,37.82459946169513,6
388,deepseek_v4_flash_max,31.475816923552205,7
388,gpt_5_5_xhigh,28.50058399774648,8
388,glm_5_2_max,24.050216500423172,9
388,deepseek_v4_pro_max,20.45551669544296,10
389,gpt_5_6_sol_max,74.70043043999426,1
389,kimi_k3_max,70.42764369928545,2
389,gpt_5_5_xhigh,66.65122987309174,3
389,qwen3_8_max,61.55009502234219,4
389,claude_fable_5_max,61.19521307109049,5
389,deepseek_v4_pro_max,40.32551931445257,6
389,deepseek_v4_flash_max,30.812615865670246,7
389,claude_opus_4_8_max,27.581697621070596,8
389,gemini_3_1_pro_high,26.393507247166617,9
389,glm_5_2_max,14.776466824371587,10
390,claude_fable_5_max,88.65482179189016,1
390,gpt_5_6_sol_max,62.611737210332834,2
390,gemini_3_1_pro_high,61.625191874300675,3
390,gpt_5_5_xhigh,57.230191718547616,4
390,qwen3_8_max,50.42464644271206,5
390,deepseek_v4_flash_max,41.34669958879734,6
390,claude_opus_4_8_max,36.33558295202283,7
390,glm_5_2_max,29.16497046116471,8
390,deepseek_v4_pro_max,23.540726667966986,9
390,kimi_k3_max,23.01550037143392,10
391,claude_opus_4_8_max,57.13617000016182,1
391,gpt_5_6_sol_max,55.316308017132656,2
391,claude_fable_5_max,52.59746851697001,3
391,kimi_k3_max,38.2243824698501,4
391,qwen3_8_max,35.69244211805835,5
391,deepseek_v4_pro_max,34.38744866038502,6
391,gemini_3_1_pro_high,29.233951729265154,7
391,deepseek_v4_flash_max,21.66744079833631,8
391,gpt_5_5_xhigh,21.202360404526452,9
391,glm_5_2_max,16.225832347517184,10
392,claude_opus_4_8_max,80.93591416482951,1
392,gemini_3_1_pro_high,73.51852369447023,2
392,gpt_5_5_xhigh,71.83090678991425,3
392,qwen3_8_max,47.19599710729216,4
392,claude_fable_5_max,45.690164992627416,5
392,gpt_5_6_sol_max,37.62317215943926,6
392,deepseek_v4_pro_max,36.29649287317278,7
392,glm_5_2_max,34.26103681011454,8
392,deepseek_v4_flash_max,19.493078715415233,9
392,kimi_k3_max,17.24549492870359,10
393,gpt_5_5_xhigh,92.21786111248718,1
393,gemini_3_1_pro_high,77.80085625031774,2
393,kimi_k3_max,70.35936387122328,3
393,claude_opus_4_8_max,65.49888590878626,4
393,qwen3_8_max,52.728078776085,5
393,deepseek_v4_flash_max,46.65499085233168,6
393,glm_5_2_max,40.371721977313705,7
393,gpt_5_6_sol_max,38.632474455968065,8
393,claude_fable_5_max,33.26330130269057,9
393,deepseek_v4_pro_max,8.418169108666664,10
394,claude_opus_4_8_max,70.93245513846738,1
394,gemini_3_1_pro_high,54.30010096176707,2
394,gpt_5_6_sol_max,52.855935377814305,3
394,deepseek_v4_pro_max,47.82837782966299,4
394,kimi_k3_max,40.43552669867305,5
394,claude_fable_5_max,33.4779030335937,6
394,gpt_5_5_xhigh,31.84544756931976,7
394,qwen3_8_max,23.116519779408573,8
394,glm_5_2_max,17.815382980183998,9
394,deepseek_v4_flash_max,4.546719423879874,10
395,gpt_5_5_xhigh,66.01894247222599,1
395,claude_fable_5_max,65.61333472937724,2
395,gpt_5_6_sol_max,61.97000418377944,3
395,claude_opus_4_8_max,56.657132904697264,4
395,qwen3_8_max,55.64606462093528,5
395,gemini_3_1_pro_high,40.97555484756356,6
395,deepseek_v4_pro_max,32.9100054794166,7
395,glm_5_2_max,24.94010278301171,8
395,kimi_k3_max,16.13660568713068,9
395,deepseek_v4_flash_max,14.539774342868494,10
396,gpt_5_6_sol_max,75.23607905241425,1
396,claude_fable_5_max,58.38230249493875,2
396,kimi_k3_max,53.792056904082266,3
396,qwen3_8_max,45.10401351340131,4
396,deepseek_v4_pro_max,40.51470810797046,5
396,gemini_3_1_pro_high,35.94848717171089,6
396,gpt_5_5_xhigh,30.908620351966455,7
396,claude_opus_4_8_max,24.78144924398931,8
396,deepseek_v4_flash_max,24.6045838533733,9
396,glm_5_2_max,10.35966228110488,10
397,kimi_k3_max,89.80623029066214,1
397,claude_fable_5_max,71.73306068126257,2
397,gemini_3_1_pro_high,69.09595615674986,3
397,qwen3_8_max,58.83481129414974,4
397,gpt_5_6_sol_max,54.4983114120361,5
397,claude_opus_4_8_max,32.175516549096415,6
397,deepseek_v4_pro_max,27.624500427121795,7
397,gpt_5_5_xhigh,27.206314285204215,8
397,glm_5_2_max,15.482345726598286,9
397,deepseek_v4_flash_max,11.225573569155632,10
398,gpt_5_6_sol_max,66.67860851562722,1
398,claude_opus_4_8_max,44.59820977567512,2
398,qwen3_8_max,40.5265624276587,3
398,deepseek_v4_pro_max,33.251446549845475,4
398,claude_fable_5_max,33.094682955775696,5
398,kimi_k3_max,29.04551818382573,6
398,gpt_5_5_xhigh,24.717261991615977,7
398,deepseek_v4_flash_max,23.27380722955383,8
398,glm_5_2_max,20.164912485640517,9
398,gemini_3_1_pro_high,10.586391131543557,10
399,gpt_5_5_xhigh,69.07904410649084,1
399,kimi_k3_max,65.13567395515068,2
399,claude_fable_5_max,59.473715068292165,3
399,qwen3_8_max,50.410224894295574,4
399,claude_opus_4_8_max,46.7379398815264,5
399,deepseek_v4_pro_max,33.339698649647815,6
399,gpt_5_6_sol_max,28.193494659146864,7
399,gemini_3_1_pro_high,24.533868307906175,8
399,glm_5_2_max,22.75409957006591,9
399,deepseek_v4_flash_max,5.413685069565625,10
400,gpt_5_5_xhigh,82.87469196118315,1
400,kimi_k3_max,63.26855419963861,2
400,gpt_5_6_sol_max,62.84538905552976,3
400,claude_fable_5_max,40.321321868219435,4
400,qwen3_8_max,39.485136157774264,5
400,gemini_3_1_pro_high,36.744265485859074,6
400,deepseek_v4_pro_max,35.512819999706245,7
400,deepseek_v4_flash_max,29.563575043880498,8
400,glm_5_2_max,21.15741003496862,9
400,claude_opus_4_8_max,18.06561943819794,10
401,claude_fable_5_max,61.34471471895817,1
401,gemini_3_1_pro_high,59.17285357713142,2
401,gpt_5_6_sol_max,56.06151197092866,3
401,qwen3_8_max,53.21201125348186,4
401,deepseek_v4_flash_max,42.27379932389994,5
401,gpt_5_5_xhigh,38.55060541143189,6
401,kimi_k3_max,37.70803662486946,7
401,claude_opus_4_8_max,31.147343583053395,8
401,glm_5_2_max,20.053115815895627,9
401,deepseek_v4_pro_max,16.29866807515862,10
402,gpt_5_5_xhigh,79.63845760709188,1
402,claude_fable_5_max,79.49450496066515,2
402,kimi_k3_max,65.34055015775598,3
402,gpt_5_6_sol_max,54.966382874299164,4
402,qwen3_8_max,41.22804504039917,5
402,deepseek_v4_flash_max,26.509401642801265,6
402,glm_5_2_max,24.726967691223436,7
402,deepseek_v4_pro_max,23.80701168060557,8
402,claude_opus_4_8_max,17.713416611123996,9
402,gemini_3_1_pro_high,16.75380745760785,10
403,claude_opus_4_8_max,70.16751082107017,1
403,gpt_5_5_xhigh,62.630744603494364,2
403,qwen3_8_max,61.84409393222497,3
403,gemini_3_1_pro_high,58.6478806236547,4
403,claude_fable_5_max,55.79715746772368,5
403,kimi_k3_max,53.402806764692556,6
403,gpt_5_6_sol_max,34.90274177423899,7
403,deepseek_v4_pro_max,28.260894191547642,8
403,glm_5_2_max,26.479663022972936,9
403,deepseek_v4_flash_max,15.944798422987928,10
404,kimi_k3_max,79.00087488620395,1
404,qwen3_8_max,74.66059691668887,2
404,gemini_3_1_pro_high,72.91951881086506,3
404,claude_fable_5_max,71.65723590412146,4
404,gpt_5_6_sol_max,59.00487361994062,5
404,gpt_5_5_xhigh,54.2213939497792,6
404,claude_opus_4_8_max,34.57360121999629,7
404,deepseek_v4_flash_max,25.73636782372777,8
404,deepseek_v4_pro_max,13.406427805975474,9
404,glm_5_2_max,12.580346400821618,10
405,claude_fable_5_max,80.03309546096156,1
405,claude_opus_4_8_max,76.35715451470269,2
405,qwen3_8_max,64.13147959561147,3
405,gpt_5_6_sol_max,59.50646157983129,4
405,gemini_3_1_pro_high,46.946067450727696,5
405,gpt_5_5_xhigh,34.93195746248477,6
405,deepseek_v4_flash_max,30.689507356763755,7
405,kimi_k3_max,27.92475052501993,8
405,glm_5_2_max,23.94667694466141,9
405,deepseek_v4_pro_max,19.39401535272622,10
406,gpt_5_5_xhigh,71.18676450781118,1
406,gemini_3_1_pro_high,71.07327930724252,2
406,qwen3_8_max,60.66981930661053,3
406,kimi_k3_max,52.03526019453632,4
406,gpt_5_6_sol_max,50.35934021358209,5
406,claude_opus_4_8_max,45.46277159910072,6
406,claude_fable_5_max,37.39221713816841,7
406,deepseek_v4_pro_max,35.71201763812497,8
406,glm_5_2_max,26.024658542028924,9
406,deepseek_v4_flash_max,18.36312470768875,10
407,claude_opus_4_8_max,81.28970506888692,1
407,gpt_5_6_sol_max,78.54686104737802,2
407,gemini_3_1_pro_high,65.31669348342007,3
407,qwen3_8_max,60.9072812494359,4
407,kimi_k3_max,44.22577280293579,5
407,claude_fable_5_max,40.691670921699895,6
407,glm_5_2_max,34.18488647853069,7
407,deepseek_v4_flash_max,33.5241346261651,8
407,gpt_5_5_xhigh,24.01164649985745,9
407,deepseek_v4_pro_max,14.426248291716416,10
408,gpt_5_6_sol_max,88.14756401740138,1
408,gemini_3_1_pro_high,63.752796454012916,2
408,qwen3_8_max,37.83742651396689,3
408,deepseek_v4_flash_max,36.798532279667356,4
408,gpt_5_5_xhigh,30.20871423234739,5
408,kimi_k3_max,28.634056649344082,6
408,claude_fable_5_max,24.818319108007035,7
408,claude_opus_4_8_max,23.568701924763474,8
408,glm_5_2_max,15.351491169924456,9
408,deepseek_v4_pro_max,9.555562728107745,10
409,gpt_5_6_sol_max,82.34594689321054,1
409,claude_opus_4_8_max,43.62714237341061,2
409,qwen3_8_max,42.63552544327717,3
409,gemini_3_1_pro_high,39.16858257920732,4
409,claude_fable_5_max,36.79590729216713,5
409,glm_5_2_max,27.122049543342573,6
409,gpt_5_5_xhigh,27.088684606188718,7
409,deepseek_v4_flash_max,26.689697327144167,8
409,deepseek_v4_pro_max,25.543324503478253,9
409,kimi_k3_max,23.432105675638134,10
410,claude_fable_5_max,71.69630415991539,1
410,gpt_5_6_sol_max,67.94819898094818,2
410,kimi_k3_max,56.7216890885003,3
410,qwen3_8_max,38.77188585593431,4
410,gemini_3_1_pro_high,38.69192446561854,5
410,glm_5_2_max,38.57515819526925,6
410,gpt_5_5_xhigh,28.488625873375447,7
410,claude_opus_4_8_max,21.99037306860505,8
410,deepseek_v4_flash_max,17.31465368022043,9
410,deepseek_v4_pro_max,16.589393240686174,10
411,claude_opus_4_8_max,73.12047471216127,1
411,claude_fable_5_max,67.94206440786677,2
411,gpt_5_6_sol_max,66.21550163725229,3
411,gemini_3_1_pro_high,48.230773126912396,4
411,gpt_5_5_xhigh,45.09960087160272,5
411,kimi_k3_max,38.71840823239897,6
411,qwen3_8_max,34.481890259182336,7
411,deepseek_v4_pro_max,21.991917927121474,8
411,glm_5_2_max,13.374509255799076,9
411,deepseek_v4_flash_max,12.108388856142113,10
412,claude_opus_4_8_max,80.76514580565146,1
412,gemini_3_1_pro_high,68.13331785018211,2
412,claude_fable_5_max,58.714223061806855,3
412,gpt_5_5_xhigh,49.49637206315208,4
412,qwen3_8_max,44.90368232218103,5
412,gpt_5_6_sol_max,37.98974556078178,6
412,glm_5_2_max,34.04930996824527,7
412,deepseek_v4_pro_max,21.597843928250565,8
412,deepseek_v4_flash_max,21.3877611055947,9
412,kimi_k3_max,14.838147197987713,10
413,gpt_5_6_sol_max,79.86794273063376,1
413,qwen3_8_max,44.83655355724011,2
413,claude_opus_4_8_max,41.83319862913535,3
413,deepseek_v4_flash_max,40.50212763342371,4
413,claude_fable_5_max,39.92328447123457,5
413,kimi_k3_max,32.05163387776503,6
413,gemini_3_1_pro_high,26.712740332171684,7
413,glm_5_2_max,26.56530700852543,8
413,gpt_5_5_xhigh,23.268669984044564,9
413,deepseek_v4_pro_max,14.17771804640708,10
414,claude_fable_5_max,80.3011373347354,1
414,claude_opus_4_8_max,59.1649443967966,2
414,kimi_k3_max,25.403091439578457,3
414,gpt_5_6_sol_max,18.103408930081343,4
414,gemini_3_1_pro_high,18.1019042740201,5
414,gpt_5_5_xhigh,18.02222505075316,6
414,qwen3_8_max,16.04404373450565,7
414,deepseek_v4_pro_max,13.788917634117837,8
414,deepseek_v4_flash_max,11.274086169620883,9
414,glm_5_2_max,7.9284892856281015,10
415,claude_fable_5_max,76.08948894176943,1
415,kimi_k3_max,64.28183616635508,2
415,gemini_3_1_pro_high,51.53209572873159,3
415,deepseek_v4_pro_max,43.45949418066442,4
415,qwen3_8_max,39.55206540075025,5
415,glm_5_2_max,38.22108536749285,6
415,gpt_5_6_sol_max,37.70820128426049,7
415,claude_opus_4_8_max,35.76141601631505,8
415,gpt_5_5_xhigh,18.41051140180815,9
415,deepseek_v4_flash_max,10.288306947235675,10
416,gpt_5_5_xhigh,74.98543917870555,1
416,kimi_k3_max,64.4020315700156,2
416,claude_opus_4_8_max,56.83234800385787,3
416,qwen3_8_max,56.04115469373275,4
416,gemini_3_1_pro_high,51.80285763634225,5
416,gpt_5_6_sol_max,40.903984848568555,6
416,claude_fable_5_max,40.52626037896309,7
416,deepseek_v4_pro_max,34.810431815807505,8
416,deepseek_v4_flash_max,19.928309165644396,9
416,glm_5_2_max,11.891143329733131,10
417,claude_fable_5_max,83.45329774421319,1
417,claude_opus_4_8_max,66.17421962579235,2
417,kimi_k3_max,66.02125778416803,3
417,gpt_5_5_xhigh,63.48940121459046,4
417,qwen3_8_max,60.672721773353686,5
417,gemini_3_1_pro_high,27.095565465042647,6
417,glm_5_2_max,26.435407069470436,7
417,deepseek_v4_pro_max,26.310165802858172,8
417,deepseek_v4_flash_max,25.777287861350736,9
417,gpt_5_6_sol_max,25.560501217961573,10
418,gemini_3_1_pro_high,73.52654805345945,1
418,gpt_5_6_sol_max,68.09647864095803,2
418,kimi_k3_max,53.591458159537304,3
418,gpt_5_5_xhigh,48.08203912349687,4
418,qwen3_8_max,45.6833442931637,5
418,claude_opus_4_8_max,35.661888692450184,6
418,claude_fable_5_max,24.078051705746745,7
418,deepseek_v4_flash_max,17.696932610998573,8
418,glm_5_2_max,15.945130626661433,9
418,deepseek_v4_pro_max,15.136037480422013,10
419,gpt_5_5_xhigh,81.3914550149726,1
419,claude_fable_5_max,76.62560052258348,2
419,gemini_3_1_pro_high,53.00881994156126,3
419,claude_opus_4_8_max,41.396749500596,4
419,deepseek_v4_flash_max,30.924178948811385,5
419,gpt_5_6_sol_max,30.771962941088717,6
419,glm_5_2_max,26.296537846524124,7
419,qwen3_8_max,23.840455918422848,8
419,kimi_k3_max,19.218789252479972,9
419,deepseek_v4_pro_max,11.516760993027471,10
420,claude_fable_5_max,73.03736988847876,1
420,claude_opus_4_8_max,55.761846363520625,2
420,kimi_k3_max,53.16052251699459,3
420,deepseek_v4_flash_max,47.087578119770065,4
420,gpt_5_6_sol_max,45.721960492663214,5
420,gemini_3_1_pro_high,42.531946935829595,6
420,glm_5_2_max,33.18242210464288,7
420,qwen3_8_max,31.710780309161166,8
420,gpt_5_5_xhigh,20.735755968079438,9
420,deepseek_v4_pro_max,17.71515607917526,10
421,gpt_5_6_sol_max,72.84780140576909,1
421,gemini_3_1_pro_high,69.70563357624786,2
421,claude_fable_5_max,57.9791232047604,3
421,claude_opus_4_8_max,53.304340838443764,4
421,qwen3_8_max,51.959205705639604,5
421,kimi_k3_max,38.291255146315905,6
421,glm_5_2_max,30.168391452297612,7
421,gpt_5_5_xhigh,28.508085664503362,8
421,deepseek_v4_pro_max,25.61611848680387,9
421,deepseek_v4_flash_max,24.768724159791848,10
422,kimi_k3_max,77.9871951854679,1
422,qwen3_8_max,68.75242669059516,2
422,gpt_5_5_xhigh,66.33929187667744,3
422,claude_fable_5_max,57.750412521152306,4
422,deepseek_v4_pro_max,40.64394961584957,5
422,gpt_5_6_sol_max,35.275403273064654,6
422,claude_opus_4_8_max,34.9757205196326,7
422,gemini_3_1_pro_high,29.723232480855405,8
422,deepseek_v4_flash_max,21.0716200081634,9
422,glm_5_2_max,18.512853286125356,10
423,gpt_5_6_sol_max,87.54622192877746,1
423,claude_opus_4_8_max,64.72569541906778,2
423,gemini_3_1_pro_high,44.05719541186462,3
423,gpt_5_5_xhigh,43.93210395576626,4
423,kimi_k3_max,33.83447081384874,5
423,qwen3_8_max,28.965693351204557,6
423,claude_fable_5_max,25.512625110785695,7
423,deepseek_v4_pro_max,22.068334753192993,8
423,deepseek_v4_flash_max,18.5749103544149,9
423,glm_5_2_max,12.986162631829265,10
424,claude_fable_5_max,75.89414963485405,1
424,claude_opus_4_8_max,48.33874441881874,2
424,kimi_k3_max,47.786597517543605,3
424,gpt_5_5_xhigh,40.11751336748545,4
424,gemini_3_1_pro_high,38.34030266135771,5
424,qwen3_8_max,32.636378486750075,6
424,deepseek_v4_pro_max,25.060932908558662,7
424,glm_5_2_max,20.595069875320206,8
424,deepseek_v4_flash_max,19.38097011074222,9
424,gpt_5_6_sol_max,18.884779796107992,10
425,claude_opus_4_8_max,71.33346246752464,1
425,gpt_5_6_sol_max,63.93578520988372,2
425,gpt_5_5_xhigh,59.99526253916526,3
425,deepseek_v4_pro_max,41.38254420728303,4
425,claude_fable_5_max,38.52372388847671,5
425,qwen3_8_max,33.949703205030616,6
425,gemini_3_1_pro_high,31.674631705757424,7
425,kimi_k3_max,24.060947814228896,8
425,glm_5_2_max,19.25188244075113,9
425,deepseek_v4_flash_max,13.239857763110951,10
426,claude_opus_4_8_max,87.43257317599398,1
426,gpt_5_6_sol_max,77.37436600612732,2
426,gemini_3_1_pro_high,70.05040517752423,3
426,qwen3_8_max,49.89346511075905,4
426,claude_fable_5_max,32.14031172819691,5
426,kimi_k3_max,29.92416464019614,6
426,deepseek_v4_pro_max,27.286468313937593,7
426,glm_5_2_max,24.308780853910292,8
426,gpt_5_5_xhigh,21.77842743168918,9
426,deepseek_v4_flash_max,16.923193587552152,10
427,gpt_5_6_sol_max,62.91537080404116,1
427,kimi_k3_max,62.595846831419834,2
427,gpt_5_5_xhigh,62.236043718819985,3
427,gemini_3_1_pro_high,57.66894962214377,4
427,claude_fable_5_max,51.67921364536455,5
427,qwen3_8_max,33.30994080212265,6
427,claude_opus_4_8_max,27.175565929502866,7
427,deepseek_v4_pro_max,26.528300070855714,8
427,glm_5_2_max,19.696742232423258,9
427,deepseek_v4_flash_max,15.64693318611679,10
428,gpt_5_6_sol_max,88.33521013830251,1
428,qwen3_8_max,49.381072751385716,2
428,kimi_k3_max,38.8801871703758,3
428,claude_fable_5_max,33.068325094970575,4
428,deepseek_v4_flash_max,32.93218532177009,5
428,gpt_5_5_xhigh,32.288843463078926,6
428,gemini_3_1_pro_high,26.946655758013016,7
428,claude_opus_4_8_max,25.19418420568172,8
428,glm_5_2_max,12.148083682508354,9
428,deepseek_v4_pro_max,10.919076279668719,10
429,kimi_k3_max,75.74902737013339,1
429,claude_fable_5_max,75.59616559948147,2
429,qwen3_8_max,67.54608522623028,3
429,gpt_5_5_xhigh,63.78365585620744,4
429,gpt_5_6_sol_max,52.53826370414158,5
429,gemini_3_1_pro_high,48.51741585240198,6
429,deepseek_v4_pro_max,44.28117557226079,7
429,glm_5_2_max,31.574122726761736,8
429,claude_opus_4_8_max,29.487375338637598,9
429,deepseek_v4_flash_max,13.672914201650226,10
430,claude_opus_4_8_max,75.10091662244203,1
430,claude_fable_5_max,67.86401503157853,2
430,gemini_3_1_pro_high,48.52335590850049,3
430,gpt_5_6_sol_max,45.70567176969097,4
430,gpt_5_5_xhigh,40.06658677266937,5
430,deepseek_v4_pro_max,36.00415342870955,6
430,kimi_k3_max,35.79420544352844,7
430,glm_5_2_max,22.63181961324308,8
430,qwen3_8_max,20.530226961084864,9
430,deepseek_v4_flash_max,15.48049671898463,10
431,claude_fable_5_max,66.25186976162348,1
431,claude_opus_4_8_max,61.875343731496365,2
431,qwen3_8_max,59.041178976479124,3
431,gpt_5_5_xhigh,49.795708885375404,4
431,gemini_3_1_pro_high,47.94346461825775,5
431,gpt_5_6_sol_max,33.74793695150109,6
431,kimi_k3_max,25.916141874892602,7
431,deepseek_v4_flash_max,24.195119410899558,8
431,glm_5_2_max,12.370515374996502,9
431,deepseek_v4_pro_max,8.546272591236857,10
432,claude_opus_4_8_max,67.7345436827387,1
432,kimi_k3_max,66.71521845314909,2
432,qwen3_8_max,57.03130255830731,3
432,claude_fable_5_max,55.276210749562395,4
432,gpt_5_5_xhigh,49.00612702838434,5
432,gemini_3_1_pro_high,43.95371004432527,6
432,deepseek_v4_pro_max,35.65239258840263,7
432,gpt_5_6_sol_max,32.06314960152829,8
432,glm_5_2_max,11.706507966422002,9
432,deepseek_v4_flash_max,7.289754110101499,10
433,claude_fable_5_max,85.86370771561518,1
433,kimi_k3_max,63.180452721638545,2
433,claude_opus_4_8_max,52.628790495320146,3
433,qwen3_8_max,51.58267257346074,4
433,gemini_3_1_pro_high,34.49441123485127,5
433,deepseek_v4_flash_max,32.996870701319146,6
433,gpt_5_5_xhigh,24.828474073243413,7
433,gpt_5_6_sol_max,23.96449511696367,8
433,deepseek_v4_pro_max,12.275371832242591,9
433,glm_5_2_max,11.50362765832545,10
434,kimi_k3_max,78.87449801706373,1
434,gpt_5_6_sol_max,74.66024674774295,2
434,gpt_5_5_xhigh,53.34076412364036,3
434,qwen3_8_max,48.359170571399915,4
434,gemini_3_1_pro_high,42.315027365369204,5
434,claude_opus_4_8_max,40.01693210330711,6
434,claude_fable_5_max,35.2208875099466,7
434,deepseek_v4_flash_max,30.80299872359928,8
434,glm_5_2_max,23.145109539183956,9
434,deepseek_v4_pro_max,10.279490547946159,10
435,claude_fable_5_max,79.30122900562581,1
435,gpt_5_6_sol_max,51.93322474288573,2
435,gpt_5_5_xhigh,44.94264888954619,3
435,gemini_3_1_pro_high,41.17457663326218,4
435,claude_opus_4_8_max,41.14204228720116,5
435,qwen3_8_max,34.55459160189628,6
435,deepseek_v4_flash_max,30.289658335541624,7
435,kimi_k3_max,29.802094797621834,8
435,glm_5_2_max,20.988961217365773,9
435,deepseek_v4_pro_max,18.25714502156456,10
436,gpt_5_5_xhigh,66.94399281246062,1
436,claude_fable_5_max,59.04122967334395,2
436,kimi_k3_max,53.71346662067265,3
436,gemini_3_1_pro_high,47.94326439724237,4
436,gpt_5_6_sol_max,42.207708262434124,5
436,deepseek_v4_flash_max,38.25203614904596,6
436,qwen3_8_max,32.21793850764935,7
436,glm_5_2_max,26.07880777967075,8
436,claude_opus_4_8_max,15.891916501526739,9
436,deepseek_v4_pro_max,8.91686232338758,10
437,claude_opus_4_8_max,69.14767547845669,1
437,gpt_5_6_sol_max,56.76176565672185,2
437,gemini_3_1_pro_high,53.931913201231204,3
437,claude_fable_5_max,53.360199706611944,4
437,deepseek_v4_pro_max,44.783168293673654,5
437,kimi_k3_max,37.280401901217274,6
437,qwen3_8_max,34.50208054991607,7
437,glm_5_2_max,26.806971644517297,8
437,deepseek_v4_flash_max,23.916847327994873,9
437,gpt_5_5_xhigh,14.466195274995503,10
438,claude_fable_5_max,71.60815421370258,1
438,gpt_5_6_sol_max,67.99436996588365,2
438,gemini_3_1_pro_high,51.13924785861056,3
438,gpt_5_5_xhigh,51.12710761181904,4
438,kimi_k3_max,49.21562996289863,5
438,claude_opus_4_8_max,45.0125611514481,6
438,deepseek_v4_pro_max,33.9242021100423,7
438,glm_5_2_max,32.573623278883424,8
438,qwen3_8_max,31.811562909487247,9
438,deepseek_v4_flash_max,16.808588195446006,10
439,gpt_5_6_sol_max,77.99988906398835,1
439,kimi_k3_max,69.0946599794905,2
439,qwen3_8_max,64.71404295515069,3
439,gemini_3_1_pro_high,55.72334379691226,4
439,claude_opus_4_8_max,54.32401637371741,5
439,claude_fable_5_max,44.778040163383395,6
439,glm_5_2_max,33.72532377861343,7
439,deepseek_v4_pro_max,32.63956801540043,8
439,gpt_5_5_xhigh,28.6103601171586,9
439,deepseek_v4_flash_max,17.71803393903222,10
440,gpt_5_6_sol_max,77.49005604475205,1
440,kimi_k3_max,52.247164536807034,2
440,claude_fable_5_max,51.91590730651518,3
440,qwen3_8_max,47.042861871816896,4
440,deepseek_v4_pro_max,37.072416209829036,5
440,claude_opus_4_8_max,30.730558441822023,6
440,gpt_5_5_xhigh,26.764530025875736,7
440,gemini_3_1_pro_high,25.737299856332072,8
440,glm_5_2_max,23.282165234222816,9
440,deepseek_v4_flash_max,19.041778986617125,10
441,gpt_5_6_sol_max,65.83223438969145,1
441,gpt_5_5_xhigh,60.297825974519114,2
441,claude_opus_4_8_max,56.42971085890423,3
441,kimi_k3_max,41.387189509296334,4
441,deepseek_v4_pro_max,30.289394810847085,5
441,deepseek_v4_flash_max,28.398894437378875,6
441,qwen3_8_max,25.297748576384024,7
441,glm_5_2_max,22.573663520664365,8
441,claude_fable_5_max,21.402592627709,9
441,gemini_3_1_pro_high,20.212656493345904,10
442,gemini_3_1_pro_high,79.83661881472537,1
442,gpt_5_5_xhigh,78.62804800813551,2
442,qwen3_8_max,72.30374714052697,3
442,claude_fable_5_max,70.88852019952371,4
442,claude_opus_4_8_max,64.34916077920026,5
442,gpt_5_6_sol_max,37.49630224599471,6
442,glm_5_2_max,26.70741345698248,7
442,deepseek_v4_pro_max,20.78523461853444,8
442,deepseek_v4_flash_max,20.431704376576818,9
442,kimi_k3_max,20.205426857949064,10
443,claude_fable_5_max,64.62557072811212,1
443,gpt_5_5_xhigh,59.659728300218376,2
443,gpt_5_6_sol_max,58.05691405532538,3
443,gemini_3_1_pro_high,54.41477738597858,4
443,kimi_k3_max,43.87666365748988,5
443,qwen3_8_max,38.7048211500497,6
443,glm_5_2_max,38.48875222113839,7
443,claude_opus_4_8_max,24.659030291320796,8
443,deepseek_v4_pro_max,23.2457829409648,9
443,deepseek_v4_flash_max,16.468379739384826,10
444,gpt_5_5_xhigh,70.07351358642639,1
444,gpt_5_6_sol_max,62.43042141167855,2
444,claude_fable_5_max,57.361143819065866,3
444,gemini_3_1_pro_high,56.95803522016638,4
444,qwen3_8_max,51.08130307853283,5
444,deepseek_v4_flash_max,41.953342090567034,6
444,claude_opus_4_8_max,38.77179867508424,7
444,kimi_k3_max,37.378849280122346,8
444,glm_5_2_max,21.95621621252432,9
444,deepseek_v4_pro_max,20.224380508679303,10
445,gpt_5_5_xhigh,86.37844096464323,1
445,claude_fable_5_max,83.01824603029982,2
445,gpt_5_6_sol_max,80.38734244542735,3
445,kimi_k3_max,61.17421659195257,4
445,claude_opus_4_8_max,27.453652219729413,5
445,deepseek_v4_pro_max,26.36022694607574,6
445,gemini_3_1_pro_high,23.18338617585684,7
445,qwen3_8_max,20.09257611306002,8
445,deepseek_v4_flash_max,19.548709030340078,9
445,glm_5_2_max,18.784577083503017,10
446,claude_opus_4_8_max,76.89823185611328,1
446,qwen3_8_max,66.8202689302772,2
446,gemini_3_1_pro_high,49.069090139998536,3
446,gpt_5_5_xhigh,41.56155204983002,4
446,claude_fable_5_max,39.59073025052982,5
446,kimi_k3_max,35.59545743559457,6
446,deepseek_v4_pro_max,34.076350231592215,7
446,deepseek_v4_flash_max,29.66323485823616,8
446,glm_5_2_max,25.93844704993795,9
446,gpt_5_6_sol_max,19.47090120017272,10
447,gpt_5_6_sol_max,82.44289770100946,1
447,claude_fable_5_max,55.97544582547302,2
447,qwen3_8_max,37.35885052293202,3
447,gpt_5_5_xhigh,29.139246373853773,4
447,deepseek_v4_flash_max,24.080540172991583,5
447,kimi_k3_max,22.698707636308953,6
447,claude_opus_4_8_max,21.569109247799098,7
447,gemini_3_1_pro_high,19.51388913706355,8
447,deepseek_v4_pro_max,15.888723877403276,9
447,glm_5_2_max,7.816845772937672,10
448,kimi_k3_max,79.21729289202307,1
448,gpt_5_6_sol_max,69.19646820852142,2
448,gemini_3_1_pro_high,56.96955865476191,3
448,qwen3_8_max,51.71154050464671,4
448,gpt_5_5_xhigh,46.25433800876101,5
448,deepseek_v4_pro_max,42.99060268698366,6
448,claude_fable_5_max,40.209198978835566,7
448,glm_5_2_max,39.45846824123725,8
448,claude_opus_4_8_max,26.297244213419486,9
448,deepseek_v4_flash_max,17.221249793739105,10
449,gpt_5_6_sol_max,77.75558354311369,1
449,claude_opus_4_8_max,72.95891763270792,2
449,claude_fable_5_max,69.83401103930561,3
449,qwen3_8_max,60.36301090915241,4
449,gemini_3_1_pro_high,46.860951206372405,5
449,deepseek_v4_flash_max,41.29704601531964,6
449,gpt_5_5_xhigh,39.66582515181037,7
449,kimi_k3_max,29.023423347746338,8
449,deepseek_v4_pro_max,16.82510533537196,9
449,glm_5_2_max,13.46990353736783,10
450,claude_opus_4_8_max,80.31527001328156,1
450,qwen3_8_max,59.59363563174911,2
450,gpt_5_6_sol_max,43.61428412623158,3
450,gemini_3_1_pro_high,35.42319496381339,4
450,deepseek_v4_pro_max,34.39569455758145,5
450,claude_fable_5_max,32.02284815055359,6
450,glm_5_2_max,30.258139607224003,7
450,kimi_k3_max,24.900237729451568,8
450,gpt_5_5_xhigh,21.24276249937648,9
450,deepseek_v4_flash_max,18.382200451500392,10
451,kimi_k3_max,66.19207999487175,1
451,gpt_5_6_sol_max,59.58902580857748,2
451,qwen3_8_max,59.550404289956724,3
451,claude_opus_4_8_max,52.348768295559275,4
451,gpt_5_5_xhigh,44.25435154462082,5
451,deepseek_v4_flash_max,32.122478001114565,6
451,glm_5_2_max,31.6001250280048,7
451,gemini_3_1_pro_high,26.20414173647405,8
451,claude_fable_5_max,23.17992579719671,9
451,deepseek_v4_pro_max,21.505727115238727,10
452,claude_fable_5_max,80.27983242808781,1
452,gpt_5_5_xhigh,75.54169474890159,2
452,gpt_5_6_sol_max,60.24413512733727,3
452,kimi_k3_max,54.93777874770386,4
452,qwen3_8_max,36.539055205483244,5
452,glm_5_2_max,23.594174323000317,6
452,deepseek_v4_pro_max,23.309943049898724,7
452,claude_opus_4_8_max,18.855641685052404,8
452,gemini_3_1_pro_high,18.508451517056706,9
452,deepseek_v4_flash_max,17.6965793855837,10
453,gpt_5_5_xhigh,74.7151447333901,1
453,claude_fable_5_max,61.16260628433286,2
453,kimi_k3_max,59.520143222226494,3
453,gemini_3_1_pro_high,53.08380361449702,4
453,claude_opus_4_8_max,52.927234315800874,5
453,gpt_5_6_sol_max,37.40510945192679,6
453,deepseek_v4_pro_max,35.986736762676706,7
453,qwen3_8_max,35.94531704430343,8
453,glm_5_2_max,29.411051260163216,9
453,deepseek_v4_flash_max,18.349441650877573,10
454,gemini_3_1_pro_high,86.24475824853954,1
454,claude_fable_5_max,68.06608790160554,2
454,claude_opus_4_8_max,64.34297511041387,3
454,gpt_5_6_sol_max,63.47471400934873,4
454,gpt_5_5_xhigh,59.46057049146397,5
454,qwen3_8_max,56.48263145423461,6
454,glm_5_2_max,30.97564007847903,7
454,kimi_k3_max,29.362550032326205,8
454,deepseek_v4_flash_max,18.751306936997427,9
454,deepseek_v4_pro_max,18.328056107801622,10
455,gpt_5_5_xhigh,76.25961511501035,1
455,claude_opus_4_8_max,66.03184142710688,2
455,gpt_5_6_sol_max,50.426897550798856,3
455,qwen3_8_max,35.50131793027818,4
455,kimi_k3_max,33.15351780500582,5
455,claude_fable_5_max,29.423082455563183,6
455,deepseek_v4_flash_max,28.52137505536595,7
455,deepseek_v4_pro_max,24.74208638336041,8
455,gemini_3_1_pro_high,22.49820129180408,9
455,glm_5_2_max,8.453230787055755,10
456,gemini_3_1_pro_high,73.83145076782925,1
456,gpt_5_6_sol_max,71.60954410260767,2
456,qwen3_8_max,66.21881582360166,3
456,claude_fable_5_max,65.92800720349587,4
456,claude_opus_4_8_max,54.95704433621002,5
456,gpt_5_5_xhigh,49.212076397196526,6
456,kimi_k3_max,45.363365038602424,7
456,deepseek_v4_flash_max,27.46724902429381,8
456,glm_5_2_max,22.4401650475739,9
456,deepseek_v4_pro_max,19.845309982785516,10
457,gpt_5_6_sol_max,75.9441318566902,1
457,claude_fable_5_max,58.88173927030165,2
457,claude_opus_4_8_max,42.626548777331486,3
457,gemini_3_1_pro_high,42.33228702605856,4
457,deepseek_v4_flash_max,36.35161802900942,5
457,kimi_k3_max,33.461490152019714,6
457,qwen3_8_max,33.248960296107555,7
457,gpt_5_5_xhigh,27.32503939493268,8
457,glm_5_2_max,23.776622558738623,9
457,deepseek_v4_pro_max,23.600588944592722,10
458,gpt_5_6_sol_max,62.30117943540509,1
458,qwen3_8_max,54.81531329429351,2
458,claude_fable_5_max,54.56158715026709,3
458,claude_opus_4_8_max,50.80397190207283,4
458,deepseek_v4_pro_max,42.99462656864434,5
458,gemini_3_1_pro_high,40.722343994860594,6
458,deepseek_v4_flash_max,32.81461767272674,7
458,kimi_k3_max,30.121343225635883,8
458,gpt_5_5_xhigh,24.29275957624469,9
458,glm_5_2_max,19.855835633559163,10
459,claude_fable_5_max,83.82601960754022,1
459,kimi_k3_max,78.69518845689144,2
459,gemini_3_1_pro_high,76.62871395118188,3
459,claude_opus_4_8_max,75.25502706391396,4
459,gpt_5_5_xhigh,63.76552021257643,5
459,gpt_5_6_sol_max,58.73937684248725,6
459,qwen3_8_max,39.72049509767565,7
459,glm_5_2_max,25.02853343350116,8
459,deepseek_v4_flash_max,24.509486423967793,9
459,deepseek_v4_pro_max,13.276605748193969,10
460,gpt_5_6_sol_max,68.20281144714224,1
460,gemini_3_1_pro_high,42.7814098488881,2
460,deepseek_v4_pro_max,37.84759774734289,3
460,qwen3_8_max,36.526485310173555,4
460,gpt_5_5_xhigh,34.781300964881396,5
460,claude_opus_4_8_max,32.84362342158023,6
460,glm_5_2_max,29.24173213764806,7
460,claude_fable_5_max,23.3770232448142,8
460,kimi_k3_max,19.081006263963186,9
460,deepseek_v4_flash_max,9.85371427602124,10
461,kimi_k3_max,80.14451828147338,1
461,claude_opus_4_8_max,76.14141488516475,2
461,qwen3_8_max,41.01788707649067,3
461,claude_fable_5_max,38.954587659815985,4
461,gpt_5_6_sol_max,36.067316282645436,5
461,deepseek_v4_flash_max,30.489193542328955,6
461,gpt_5_5_xhigh,27.612880471263757,7
461,deepseek_v4_pro_max,27.07668813174235,8
461,gemini_3_1_pro_high,26.65580285064361,9
461,glm_5_2_max,26.323234054619295,10
462,kimi_k3_max,76.83261201716107,1
462,claude_opus_4_8_max,70.28917692704583,2
462,claude_fable_5_max,64.222030430065,3
462,gemini_3_1_pro_high,50.710633021768345,4
462,gpt_5_6_sol_max,47.28264501396721,5
462,qwen3_8_max,38.85602487879848,6
462,deepseek_v4_flash_max,30.169607727759548,7
462,gpt_5_5_xhigh,26.513608011039587,8
462,deepseek_v4_pro_max,14.79614998552002,9
462,glm_5_2_max,14.624240733716817,10
463,claude_fable_5_max,85.2946638020399,1
463,gpt_5_6_sol_max,76.2437757215488,2
463,kimi_k3_max,50.91660339939047,3
463,gemini_3_1_pro_high,47.46768373971969,4
463,claude_opus_4_8_max,38.40916276327904,5
463,qwen3_8_max,36.87963987872224,6
463,gpt_5_5_xhigh,36.210786128861834,7
463,deepseek_v4_flash_max,32.07914198917863,8
463,deepseek_v4_pro_max,17.0540969706814,9
463,glm_5_2_max,15.810206182928319,10
464,kimi_k3_max,71.91776873533917,1
464,gemini_3_1_pro_high,60.462877791522175,2
464,claude_fable_5_max,59.245199744647195,3
464,gpt_5_5_xhigh,58.92409460959233,4
464,qwen3_8_max,52.54484425476467,5
464,gpt_5_6_sol_max,37.37923207375192,6
464,claude_opus_4_8_max,29.936374017494405,7
464,deepseek_v4_pro_max,26.043895196252535,8
464,deepseek_v4_flash_max,20.32932492861887,9
464,glm_5_2_max,19.495073242339487,10
465,kimi_k3_max,56.40783915239105,1
465,gpt_5_6_sol_max,50.63404408913558,2
465,claude_fable_5_max,48.520896184935665,3
465,gemini_3_1_pro_high,46.796822670345456,4
465,qwen3_8_max,27.614142020187614,5
465,gpt_5_5_xhigh,25.667596704833585,6
465,glm_5_2_max,25.194439929149198,7
465,claude_opus_4_8_max,22.018043075351255,8
465,deepseek_v4_pro_max,15.228779040522149,9
465,deepseek_v4_flash_max,10.661561127691279,10
466,gpt_5_5_xhigh,73.49441697192316,1
466,gemini_3_1_pro_high,69.62268017620045,2
466,claude_fable_5_max,61.53988461382791,3
466,gpt_5_6_sol_max,47.10243095235931,4
466,kimi_k3_max,46.44135781594963,5
466,deepseek_v4_flash_max,29.911321058679817,6
466,deepseek_v4_pro_max,26.096037549155653,7
466,claude_opus_4_8_max,25.325666327424777,8
466,glm_5_2_max,22.53730192748629,9
466,qwen3_8_max,20.906894553811668,10
467,gpt_5_6_sol_max,78.312359355711,1
467,kimi_k3_max,69.07349649932814,2
467,gemini_3_1_pro_high,62.66154023073935,3
467,qwen3_8_max,52.07806150645841,4
467,claude_fable_5_max,51.603849191304775,5
467,claude_opus_4_8_max,31.66685652517809,6
467,gpt_5_5_xhigh,28.64530222801789,7
467,glm_5_2_max,27.064476016407767,8
467,deepseek_v4_flash_max,23.73948290196069,9
467,deepseek_v4_pro_max,20.33152459815973,10
468,gpt_5_6_sol_max,85.65520196610096,1
468,gemini_3_1_pro_high,68.24209450836192,2
468,claude_opus_4_8_max,65.54359668225493,3
468,kimi_k3_max,53.602699013815595,4
468,qwen3_8_max,48.43875524601435,5
468,gpt_5_5_xhigh,41.425456362508285,6
468,deepseek_v4_pro_max,29.266217809590636,7
468,glm_5_2_max,28.275470174102455,8
468,deepseek_v4_flash_max,26.645843180113,9
468,claude_fable_5_max,25.745618262488957,10
469,gpt_5_6_sol_max,73.84113827957367,1
469,qwen3_8_max,54.55851470153688,2
469,claude_opus_4_8_max,44.39514111456578,3
469,claude_fable_5_max,42.64571565437531,4
469,deepseek_v4_pro_max,41.76790783494037,5
469,kimi_k3_max,39.92494302508882,6
469,gemini_3_1_pro_high,37.1659522435767,7
469,glm_5_2_max,23.37490175299729,8
469,gpt_5_5_xhigh,21.820543361066687,9
469,deepseek_v4_flash_max,15.575040111531743,10
470,kimi_k3_max,63.49013677673721,1
470,qwen3_8_max,59.47279923631767,2
470,gemini_3_1_pro_high,58.92280216641707,3
470,claude_opus_4_8_max,41.41233842737739,4
470,glm_5_2_max,39.06549646454463,5
470,gpt_5_5_xhigh,34.305889305684154,6
470,gpt_5_6_sol_max,32.68546473697781,7
470,deepseek_v4_pro_max,32.1609040762996,8
470,deepseek_v4_flash_max,27.129492282254205,9
470,claude_fable_5_max,22.322018520645955,10
471,claude_fable_5_max,83.58976928390385,1
471,gemini_3_1_pro_high,65.29814254721629,2
471,claude_opus_4_8_max,55.717899723359324,3
471,qwen3_8_max,51.57100586800239,4
471,gpt_5_5_xhigh,50.88256373219352,5
471,kimi_k3_max,45.901600356341376,6
471,deepseek_v4_flash_max,29.985272975350185,7
471,glm_5_2_max,16.827304356607055,8
471,gpt_5_6_sol_max,16.313454555538936,9
471,deepseek_v4_pro_max,15.584624043218973,10
472,claude_opus_4_8_max,75.6832540684915,1
472,gemini_3_1_pro_high,66.81270919243144,2
472,kimi_k3_max,63.65736133126511,3
472,gpt_5_5_xhigh,53.544390743186334,4
472,qwen3_8_max,53.368768483635,5
472,claude_fable_5_max,41.49555193068987,6
472,deepseek_v4_pro_max,33.130143927260164,7
472,gpt_5_6_sol_max,32.030258413623045,8
472,glm_5_2_max,30.120337915037414,9
472,deepseek_v4_flash_max,21.67343568239639,10
473,claude_fable_5_max,63.761054962098505,1
473,gpt_5_6_sol_max,53.61825001565102,2
473,deepseek_v4_pro_max,50.45589460236485,3
473,gpt_5_5_xhigh,44.24641857249016,4
473,gemini_3_1_pro_high,38.137815672407314,5
473,kimi_k3_max,36.8161742139349,6
473,qwen3_8_max,36.239400283427535,7
473,deepseek_v4_flash_max,33.4775066717901,8
473,claude_opus_4_8_max,32.72112443126253,9
473,glm_5_2_max,19.857623293585455,10
474,kimi_k3_max,87.16488958363887,1
474,qwen3_8_max,55.205868599500896,2
474,claude_fable_5_max,45.520605611678434,3
474,gemini_3_1_pro_high,45.36510874701739,4
474,gpt_5_5_xhigh,42.44761162304486,5
474,gpt_5_6_sol_max,40.4731549500995,6
474,glm_5_2_max,34.259562418803824,7
474,claude_opus_4_8_max,29.993386804184322,8
474,deepseek_v4_flash_max,28.386611329112903,9
474,deepseek_v4_pro_max,20.341584459795293,10
475,gpt_5_6_sol_max,78.2481928514661,1
475,kimi_k3_max,75.20582698999789,2
475,gemini_3_1_pro_high,70.21843304047385,3
475,claude_fable_5_max,65.28576208999462,4
475,gpt_5_5_xhigh,56.764190687618935,5
475,qwen3_8_max,42.11341241807207,6
475,deepseek_v4_pro_max,38.96689605422171,7
475,claude_opus_4_8_max,29.893737717450744,8
475,deepseek_v4_flash_max,14.013163479228716,9
475,glm_5_2_max,9.925429668603627,10
476,gpt_5_6_sol_max,74.41810240818285,1
476,gemini_3_1_pro_high,64.815027523013,2
476,claude_fable_5_max,61.87268070746495,3
476,qwen3_8_max,47.38246414387148,4
476,gpt_5_5_xhigh,39.68042198147294,5
476,claude_opus_4_8_max,36.87216526834003,6
476,kimi_k3_max,29.66613800853434,7
476,glm_5_2_max,24.268570790206905,8
476,deepseek_v4_pro_max,15.339908675404551,9
476,deepseek_v4_flash_max,6.395479747079435,10
477,claude_opus_4_8_max,70.53918510953429,1
477,kimi_k3_max,56.63905331218362,2
477,gemini_3_1_pro_high,54.54768870611373,3
477,gpt_5_6_sol_max,47.380461480871716,4
477,claude_fable_5_max,39.04573040800909,5
477,deepseek_v4_flash_max,26.22406015695568,6
477,gpt_5_5_xhigh,25.843374155800984,7
477,deepseek_v4_pro_max,22.6117736515006,8
477,qwen3_8_max,17.183856245713123,9
477,glm_5_2_max,13.0135261244634,10
478,claude_opus_4_8_max,77.46924989213468,1
478,gpt_5_5_xhigh,70.6143610203444,2
478,qwen3_8_max,67.11907504492342,3
478,gemini_3_1_pro_high,60.74601750235762,4
478,kimi_k3_max,31.04367540740185,5
478,deepseek_v4_pro_max,26.480180173404417,6
478,claude_fable_5_max,24.44856540629635,7
478,glm_5_2_max,23.29081743285198,8
478,gpt_5_6_sol_max,22.83463284226901,9
478,deepseek_v4_flash_max,20.236686323686484,10
479,claude_fable_5_max,75.81945393788786,1
479,gpt_5_5_xhigh,69.37302431850749,2
479,claude_opus_4_8_max,47.38470167586074,3
479,qwen3_8_max,44.56041342680281,4
479,gemini_3_1_pro_high,37.24888519638307,5
479,glm_5_2_max,30.050222683531835,6
479,gpt_5_6_sol_max,27.43870395361492,7
479,deepseek_v4_pro_max,25.092747127597722,8
479,kimi_k3_max,18.156804607749365,9
479,deepseek_v4_flash_max,11.916040058205201,10
480,kimi_k3_max,84.19236237946035,1
480,claude_opus_4_8_max,57.758321817172316,2
480,qwen3_8_max,39.96050996409387,3
480,deepseek_v4_pro_max,38.44294786761461,4
480,claude_fable_5_max,30.72071152644162,5
480,gemini_3_1_pro_high,28.898449925980785,6
480,gpt_5_5_xhigh,28.235649321218915,7
480,gpt_5_6_sol_max,26.587072890434538,8
480,glm_5_2_max,13.801250346501728,9
480,deepseek_v4_flash_max,10.7548124954529,10
481,kimi_k3_max,68.37576350903149,1
481,claude_opus_4_8_max,65.54321969219498,2
481,gemini_3_1_pro_high,56.64986356495233,3
481,claude_fable_5_max,53.16615246215472,4
481,qwen3_8_max,36.043402639639204,5
481,gpt_5_5_xhigh,28.186891363200065,6
481,gpt_5_6_sol_max,25.795548215248665,7
481,deepseek_v4_flash_max,22.110489186987003,8
481,glm_5_2_max,17.02951917224023,9
481,deepseek_v4_pro_max,11.137153856371523,10
482,claude_fable_5_max,66.72083325976787,1
482,gpt_5_6_sol_max,63.17133370561375,2
482,gpt_5_5_xhigh,60.358547165798,3
482,claude_opus_4_8_max,60.28164930838339,4
482,kimi_k3_max,59.390531782917186,5
482,deepseek_v4_pro_max,41.90853916101021,6
482,deepseek_v4_flash_max,40.00031014705553,7
482,qwen3_8_max,32.964790236480724,8
482,gemini_3_1_pro_high,30.321238782776494,9
482,glm_5_2_max,18.74116499951809,10
483,gpt_5_6_sol_max,82.21296938569068,1
483,claude_fable_5_max,67.60201522007607,2
483,gpt_5_5_xhigh,50.26669881839668,3
483,kimi_k3_max,42.76499675020009,4
483,gemini_3_1_pro_high,34.98185577316788,5
483,qwen3_8_max,34.74935742366543,6
483,deepseek_v4_flash_max,32.45445405083997,7
483,claude_opus_4_8_max,31.752279210086343,8
483,deepseek_v4_pro_max,24.056326001624136,9
483,glm_5_2_max,20.996396097115216,10
484,claude_opus_4_8_max,77.1266903717325,1
484,qwen3_8_max,66.57683413545759,2
484,gemini_3_1_pro_high,55.073832603426936,3
484,gpt_5_6_sol_max,47.23427797360753,4
484,deepseek_v4_flash_max,40.34263849996502,5
484,kimi_k3_max,39.372335697907985,6
484,claude_fable_5_max,35.956204724239214,7
484,gpt_5_5_xhigh,29.269809569020435,8
484,glm_5_2_max,24.334763582770996,9
484,deepseek_v4_pro_max,13.865031406960526,10
485,kimi_k3_max,80.6107601625167,1
485,gpt_5_6_sol_max,69.2812463556034,2
485,claude_fable_5_max,68.267124152636,3
485,qwen3_8_max,62.55681275995025,4
485,gemini_3_1_pro_high,53.9934578210966,5
485,gpt_5_5_xhigh,28.921487469910222,6
485,deepseek_v4_pro_max,24.75948245805374,7
485,claude_opus_4_8_max,23.937168607469115,8
485,glm_5_2_max,23.68780422952999,9
485,deepseek_v4_flash_max,19.150486687137292,10
486,gemini_3_1_pro_high,71.12108624388296,1
486,gpt_5_6_sol_max,68.56071958460501,2
486,qwen3_8_max,55.38117649120495,3
486,claude_fable_5_max,55.254779447251536,4
486,claude_opus_4_8_max,51.287423715349036,5
486,gpt_5_5_xhigh,45.62602671020949,6
486,kimi_k3_max,30.5532658792905,7
486,deepseek_v4_flash_max,30.408879214657926,8
486,glm_5_2_max,27.718787752311133,9
486,deepseek_v4_pro_max,25.747658203866088,10
487,gpt_5_6_sol_max,82.52077321860779,1
487,gemini_3_1_pro_high,53.69744653506398,2
487,qwen3_8_max,52.30210338839007,3
487,claude_opus_4_8_max,45.04057498714685,4
487,claude_fable_5_max,43.00555328366857,5
487,deepseek_v4_flash_max,35.99981286935736,6
487,glm_5_2_max,31.080273696641765,7
487,gpt_5_5_xhigh,24.06615590724081,8
487,kimi_k3_max,22.748730243950444,9
487,deepseek_v4_pro_max,20.260944460905744,10
488,qwen3_8_max,74.72896125328754,1
488,gpt_5_6_sol_max,66.4451207450501,2
488,gemini_3_1_pro_high,54.189708138768,3
488,gpt_5_5_xhigh,46.20889032198469,4
488,deepseek_v4_flash_max,33.937877676975006,5
488,claude_opus_4_8_max,29.973284879383577,6
488,kimi_k3_max,28.735365937569863,7
488,glm_5_2_max,27.366119328301743,8
488,claude_fable_5_max,14.521780862460643,9
488,deepseek_v4_pro_max,11.949605431371062,10
489,claude_fable_5_max,73.3030517599469,1
489,gpt_5_6_sol_max,70.4171065351107,2
489,qwen3_8_max,67.04354254957929,3
489,claude_opus_4_8_max,61.71710203413346,4
489,gemini_3_1_pro_high,60.90752268838674,5
489,kimi_k3_max,43.35491272854509,6
489,glm_5_2_max,37.788872068176005,7
489,gpt_5_5_xhigh,28.27098631675074,8
489,deepseek_v4_flash_max,17.625076410037966,9
489,deepseek_v4_pro_max,14.914919577183568,10
490,claude_opus_4_8_max,66.63532918539812,1
490,gpt_5_5_xhigh,57.6938193906463,2
490,deepseek_v4_flash_max,45.810741977757985,3
490,kimi_k3_max,41.20029895791973,4
490,gpt_5_6_sol_max,30.316065771644105,5
490,qwen3_8_max,28.25914703604341,6
490,glm_5_2_max,26.794041037372324,7
490,deepseek_v4_pro_max,26.48211404801814,8
490,gemini_3_1_pro_high,22.40293041361334,9
490,claude_fable_5_max,16.23720828871067,10
491,gpt_5_6_sol_max,74.5606890872683,1
491,claude_fable_5_max,64.31467934525577,2
491,gpt_5_5_xhigh,57.83381442320923,3
491,claude_opus_4_8_max,50.79382692383466,4
491,kimi_k3_max,45.4565742249769,5
491,gemini_3_1_pro_high,38.71158257429859,6
491,qwen3_8_max,31.821013183833184,7
491,deepseek_v4_pro_max,17.05474408723564,8
491,glm_5_2_max,15.005061696901087,9
491,deepseek_v4_flash_max,13.643911797375413,10
492,claude_opus_4_8_max,68.40674949050646,1
492,qwen3_8_max,53.61542822944095,2
492,claude_fable_5_max,51.135876392672635,3
492,gemini_3_1_pro_high,50.44755378744229,4
492,kimi_k3_max,45.429396300520764,5
492,gpt_5_5_xhigh,40.66225097758266,6
492,deepseek_v4_flash_max,36.84895716025278,7
492,gpt_5_6_sol_max,31.34911172999954,8
492,glm_5_2_max,20.976106729508437,9
492,deepseek_v4_pro_max,15.814060983795976,10
493,qwen3_8_max,68.74595369114397,1
493,gpt_5_5_xhigh,61.23318899900376,2
493,claude_fable_5_max,56.88322221027158,3
493,gpt_5_6_sol_max,44.18486140747136,4
493,deepseek_v4_pro_max,43.52039363765873,5
493,kimi_k3_max,38.89209342598674,6
493,gemini_3_1_pro_high,38.50066398617871,7
493,glm_5_2_max,25.77241756369886,8
493,claude_opus_4_8_max,19.275032628919384,9
493,deepseek_v4_flash_max,16.205330426757723,10
494,gpt_5_6_sol_max,72.53813444326093,1
494,qwen3_8_max,54.94750454676381,2
494,claude_fable_5_max,45.56093583488349,3
494,kimi_k3_max,44.58255685618337,4
494,deepseek_v4_flash_max,39.80722956778672,5
494,deepseek_v4_pro_max,34.24959462198001,6
494,glm_5_2_max,28.13328848546024,7
494,claude_opus_4_8_max,23.76273751380491,8
494,gpt_5_5_xhigh,21.17069089590698,9
494,gemini_3_1_pro_high,15.05213371291087,10
495,claude_opus_4_8_max,68.3704029446364,1
495,kimi_k3_max,51.677015512803976,2
495,qwen3_8_max,43.86738266440072,3
495,gpt_5_6_sol_max,39.182918065692995,4
495,gemini_3_1_pro_high,38.84043834009445,5
495,claude_fable_5_max,36.185114869749896,6
495,deepseek_v4_flash_max,35.05457389503762,7
495,glm_5_2_max,23.400824362601597,8
495,deepseek_v4_pro_max,18.58955450319141,9
495,gpt_5_5_xhigh,18.296982296059394,10
496,kimi_k3_max,81.94288676762116,1
496,qwen3_8_max,54.76436029387189,2
496,gpt_5_6_sol_max,52.7624939332939,3
496,claude_fable_5_max,48.65354859427136,4
496,gpt_5_5_xhigh,47.598966139510566,5
496,claude_opus_4_8_max,42.01466537234836,6
496,gemini_3_1_pro_high,29.55876230573705,7
496,deepseek_v4_pro_max,25.972059197758746,8
496,deepseek_v4_flash_max,18.54746444802909,9
496,glm_5_2_max,12.46103222819415,10
497,gpt_5_5_xhigh,75.28266507235203,1
497,kimi_k3_max,72.94258305980816,2
497,qwen3_8_max,71.16695632344081,3
497,claude_fable_5_max,69.03682604995385,4
497,gpt_5_6_sol_max,58.719273404572434,5
497,gemini_3_1_pro_high,43.92551557766848,6
497,claude_opus_4_8_max,36.01462983976787,7
497,glm_5_2_max,32.72859138798411,8
497,deepseek_v4_flash_max,27.053402719062056,9
497,deepseek_v4_pro_max,23.539093570808625,10
498,gpt_5_6_sol_max,76.79834783819658,1
498,gemini_3_1_pro_high,66.15531387312072,2
498,qwen3_8_max,59.187915083093486,3
498,gpt_5_5_xhigh,51.66032961694023,4
498,claude_fable_5_max,48.5016498932297,5
498,kimi_k3_max,47.56782751579771,6
498,deepseek_v4_pro_max,30.84828579612337,7
498,deepseek_v4_flash_max,26.752875660205895,8
498,claude_opus_4_8_max,26.0980498409398,9
498,glm_5_2_max,24.189308148542118,10
499,gemini_3_1_pro_high,57.05812975721041,1
499,claude_opus_4_8_max,56.748853482290315,2
499,claude_fable_5_max,53.42694354009562,3
499,gpt_5_5_xhigh,52.11562059959195,4
499,gpt_5_6_sol_max,46.98474437964358,5
499,kimi_k3_max,45.22334106453503,6
499,deepseek_v4_flash_max,42.14061680633931,7
499,qwen3_8_max,40.623922221872746,8
499,deepseek_v4_pro_max,34.010266959843044,9
499,glm_5_2_max,33.305406863923594,10
500,gpt_5_6_sol_max,56.907422725653596,1
500,claude_opus_4_8_max,53.05400535036726,2
500,qwen3_8_max,42.09944144427848,3
500,gemini_3_1_pro_high,38.211074869482886,4
500,kimi_k3_max,29.59351390117157,5
500,gpt_5_5_xhigh,28.70803400496655,6
500,deepseek_v4_flash_max,24.699619993673487,7
500,claude_fable_5_max,24.301104735408746,8
500,deepseek_v4_pro_max,23.060159624575277,9
500,glm_5_2_max,23.026748452554497,10
501,claude_fable_5_max,69.79104970592965,1
501,gpt_5_6_sol_max,66.8343834094918,2
501,kimi_k3_max,56.88343546903856,3
501,gpt_5_5_xhigh,49.31786453127101,4
501,qwen3_8_max,32.35601078070415,5
501,deepseek_v4_flash_max,31.84385685952342,6
501,gemini_3_1_pro_high,29.12346427892257,7
501,deepseek_v4_pro_max,24.679972094032433,8
501,glm_5_2_max,18.450927607892986,9
501,claude_opus_4_8_max,17.86328199641586,10
502,claude_fable_5_max,52.932879900595964,1
502,qwen3_8_max,47.34005998118226,2
502,glm_5_2_max,46.324663307559526,3
502,gpt_5_5_xhigh,45.97021414190871,4
502,gpt_5_6_sol_max,43.433186332289566,5
502,claude_opus_4_8_max,43.37374964328748,6
502,gemini_3_1_pro_high,42.01681008884286,7
502,deepseek_v4_pro_max,23.18841729887448,8
502,deepseek_v4_flash_max,21.560121676501133,9
502,kimi_k3_max,19.793830315254993,10
503,claude_opus_4_8_max,86.66719136938511,1
503,claude_fable_5_max,61.13302377036359,2
503,qwen3_8_max,58.0821464073579,3
503,gemini_3_1_pro_high,57.07431115644803,4
503,kimi_k3_max,48.49429836607494,5
503,gpt_5_5_xhigh,35.81458670415654,6
503,glm_5_2_max,31.417609301925875,7
503,deepseek_v4_pro_max,30.8021637806173,8
503,deepseek_v4_flash_max,21.85630970193459,9
503,gpt_5_6_sol_max,20.699538989703242,10
504,gpt_5_5_xhigh,69.97563445935597,1
504,claude_fable_5_max,62.8044193683985,2
504,qwen3_8_max,51.29872422994055,3
504,claude_opus_4_8_max,49.758440442553315,4
504,gpt_5_6_sol_max,46.0986143067787,5
504,kimi_k3_max,35.61476755590473,6
504,gemini_3_1_pro_high,33.61100312515789,7
504,deepseek_v4_pro_max,33.34478532849856,8
504,glm_5_2_max,15.205459951383677,9
504,deepseek_v4_flash_max,5.362160519486639,10
505,kimi_k3_max,81.14010922178207,1
505,qwen3_8_max,73.23802019115212,2
505,gpt_5_6_sol_max,68.17312997310277,3
505,claude_fable_5_max,67.16257771074187,4
505,gemini_3_1_pro_high,46.74559839346201,5
505,gpt_5_5_xhigh,44.32908190748784,6
505,glm_5_2_max,27.715310676760854,7
505,claude_opus_4_8_max,27.623903478951696,8
505,deepseek_v4_pro_max,22.92630346203297,9
505,deepseek_v4_flash_max,9.53407694801915,10
506,gpt_5_6_sol_max,63.213596463917746,1
506,claude_fable_5_max,59.97726802953477,2
506,kimi_k3_max,57.892102990382995,3
506,qwen3_8_max,46.559242471532286,4
506,deepseek_v4_pro_max,45.07269122636084,5
506,gemini_3_1_pro_high,39.26829791389896,6
506,gpt_5_5_xhigh,32.417096501305934,7
506,deepseek_v4_flash_max,24.54352021654711,8
506,claude_opus_4_8_max,19.001615933420638,9
506,glm_5_2_max,17.397062540665807,10
507,kimi_k3_max,71.34220022004655,1
507,gemini_3_1_pro_high,68.8787009652842,2
507,qwen3_8_max,48.56830559924413,3
507,claude_fable_5_max,45.5848841886639,4
507,gpt_5_6_sol_max,44.03206984898211,5
507,claude_opus_4_8_max,43.535360053687285,6
507,deepseek_v4_pro_max,41.09307207311364,7
507,gpt_5_5_xhigh,33.9158638102958,8
507,glm_5_2_max,31.967518809060145,9
507,deepseek_v4_flash_max,11.701407037892567,10
508,claude_opus_4_8_max,79.35705185671127,1
508,gpt_5_6_sol_max,57.50586396369252,2
508,gemini_3_1_pro_high,51.7783780500523,3
508,qwen3_8_max,49.959880141508705,4
508,glm_5_2_max,39.698618557345895,5
508,claude_fable_5_max,39.078171621582754,6
508,gpt_5_5_xhigh,29.909658703147283,7
508,kimi_k3_max,28.84070998179048,8
508,deepseek_v4_flash_max,16.60085742581661,9
508,deepseek_v4_pro_max,9.908462795698831,10
509,gpt_5_6_sol_max,82.38030000902295,1
509,gpt_5_5_xhigh,72.53778269975464,2
509,qwen3_8_max,63.50227887804854,3
509,claude_opus_4_8_max,60.24763742253219,4
509,gemini_3_1_pro_high,45.97038022154523,5
509,kimi_k3_max,38.79131680747774,6
509,deepseek_v4_flash_max,26.89858344782267,7
509,glm_5_2_max,25.94334604881226,8
509,deepseek_v4_pro_max,21.87751096678005,9
509,claude_fable_5_max,18.38956934537614,10
510,kimi_k3_max,82.02302550020318,1
510,claude_fable_5_max,76.89981035605877,2
510,gpt_5_6_sol_max,63.244285478328955,3
510,qwen3_8_max,60.142919434498424,4
510,gpt_5_5_xhigh,48.29507064165449,5
510,gemini_3_1_pro_high,42.958741145821904,6
510,deepseek_v4_pro_max,33.171896617889914,7
510,claude_opus_4_8_max,29.55237335415633,8
510,deepseek_v4_flash_max,24.839442943856433,9
510,glm_5_2_max,12.927914537787668,10
511,claude_fable_5_max,82.67468948580219,1
511,kimi_k3_max,60.837395520001174,2
511,qwen3_8_max,47.95800317668793,3
511,claude_opus_4_8_max,46.11572133336017,4
511,gpt_5_6_sol_max,41.46764064800233,5
511,gemini_3_1_pro_high,31.93772368126153,6
511,gpt_5_5_xhigh,26.397456564291186,7
511,deepseek_v4_flash_max,25.328707260926436,8
511,deepseek_v4_pro_max,25.320654287872365,9
511,glm_5_2_max,14.311039370153061,10
512,kimi_k3_max,73.19332867211752,1
512,claude_fable_5_max,69.59926926008907,2
512,gpt_5_6_sol_max,63.545048930027235,3
512,gemini_3_1_pro_high,58.37451633634551,4
512,qwen3_8_max,52.51371483364863,5
512,deepseek_v4_flash_max,39.619660926304775,6
512,deepseek_v4_pro_max,38.48389575559413,7
512,gpt_5_5_xhigh,28.360349855158788,8
512,claude_opus_4_8_max,20.682095902576624,9
512,glm_5_2_max,19.296975425431476,10
513,kimi_k3_max,71.06547521664214,1
513,gpt_5_6_sol_max,70.19554191412622,2
513,gpt_5_5_xhigh,44.30922066027381,3
513,qwen3_8_max,41.81049480814062,4
513,gemini_3_1_pro_high,32.90600458030931,5
513,glm_5_2_max,30.008014777816687,6
513,claude_fable_5_max,25.341753968109842,7
513,claude_opus_4_8_max,23.25179629745958,8
513,deepseek_v4_flash_max,15.98881922962334,9
513,deepseek_v4_pro_max,12.897164877189638,10
514,gpt_5_6_sol_max,76.08367349332914,1
514,kimi_k3_max,66.85842444213398,2
514,claude_opus_4_8_max,54.95141070866376,3
514,qwen3_8_max,46.11798639044154,4
514,claude_fable_5_max,41.254670387277145,5
514,deepseek_v4_flash_max,33.87488301761526,6
514,glm_5_2_max,30.612455340076757,7
514,gemini_3_1_pro_high,24.634719001222948,8
514,gpt_5_5_xhigh,19.552160768215607,9
514,deepseek_v4_pro_max,11.23198474785273,10
515,gpt_5_6_sol_max,58.9477890641268,1
515,deepseek_v4_pro_max,50.302990521225254,2
515,claude_fable_5_max,48.95424597185895,3
515,kimi_k3_max,42.89185540867142,4
515,qwen3_8_max,37.50191445984346,5
515,claude_opus_4_8_max,36.93355751007816,6
515,gpt_5_5_xhigh,34.39406400163446,7
515,gemini_3_1_pro_high,29.714318583724307,8
515,glm_5_2_max,20.40651908900235,9
515,deepseek_v4_flash_max,7.99060533139559,10
516,claude_opus_4_8_max,71.13753393154354,1
516,gemini_3_1_pro_high,59.67947567645791,2
516,qwen3_8_max,48.19026889563119,3
516,gpt_5_5_xhigh,45.858696195177274,4
516,deepseek_v4_flash_max,44.3337135026868,5
516,gpt_5_6_sol_max,40.45367938523914,6
516,glm_5_2_max,39.74228332129218,7
516,claude_fable_5_max,24.375067107481645,8
516,kimi_k3_max,19.461867852234285,9
516,deepseek_v4_pro_max,15.195658903740831,10
517,claude_opus_4_8_max,65.02481724255209,1
517,claude_fable_5_max,57.83037621446389,2
517,qwen3_8_max,49.46083627756569,3
517,gemini_3_1_pro_high,49.00203869127593,4
517,gpt_5_6_sol_max,35.66971278093742,5
517,gpt_5_5_xhigh,31.50425662075583,6
517,deepseek_v4_flash_max,30.635750984797305,7
517,kimi_k3_max,22.93970811554057,8
517,glm_5_2_max,12.15112756327537,9
517,deepseek_v4_pro_max,10.578099663071297,10
518,gpt_5_5_xhigh,77.05960229525466,1
518,gpt_5_6_sol_max,63.08180584438223,2
518,claude_fable_5_max,51.94885315291842,3
518,kimi_k3_max,42.401593361039374,4
518,glm_5_2_max,40.882668809370884,5
518,claude_opus_4_8_max,39.79131876336188,6
518,qwen3_8_max,36.25187708704738,7
518,gemini_3_1_pro_high,32.67093705747442,8
518,deepseek_v4_pro_max,19.540584944658672,9
518,deepseek_v4_flash_max,15.284834879449726,10
519,claude_fable_5_max,81.7189319585077,1
519,qwen3_8_max,79.24047100229997,2
519,kimi_k3_max,78.68746982454286,3
519,claude_opus_4_8_max,53.47810236268472,4
519,gpt_5_6_sol_max,49.26318370392183,5
519,gpt_5_5_xhigh,32.02896272117588,6
519,gemini_3_1_pro_high,28.079326488031228,7
519,deepseek_v4_pro_max,25.72418671284275,8
519,deepseek_v4_flash_max,21.862283379180724,9
519,glm_5_2_max,21.225937097494096,10
520,claude_fable_5_max,71.84435512038588,1
520,qwen3_8_max,57.27079690839882,2
520,gemini_3_1_pro_high,48.8891541706126,3
520,kimi_k3_max,43.55258263116008,4
520,gpt_5_6_sol_max,42.38928853772057,5
520,deepseek_v4_pro_max,34.94353363564956,6
520,gpt_5_5_xhigh,30.123514410045686,7
520,claude_opus_4_8_max,23.324306102407334,8
520,glm_5_2_max,21.69043499185237,9
520,deepseek_v4_flash_max,1.000559907303376,10
521,kimi_k3_max,82.23165169133758,1
521,claude_opus_4_8_max,71.80605253371651,2
521,gpt_5_6_sol_max,68.75270112306121,3
521,claude_fable_5_max,65.12159691048201,4
521,gemini_3_1_pro_high,61.328736296406596,5
521,qwen3_8_max,41.86758161583589,6
521,gpt_5_5_xhigh,29.952504856764236,7
521,deepseek_v4_pro_max,28.496299839199217,8
521,deepseek_v4_flash_max,28.1448622250974,9
521,glm_5_2_max,18.638384947498224,10
522,gpt_5_6_sol_max,76.89790577983655,1
522,gpt_5_5_xhigh,70.11154469214281,2
522,qwen3_8_max,55.39779946551073,3
522,claude_opus_4_8_max,54.04497295881333,4
522,gemini_3_1_pro_high,42.52231178052984,5
522,kimi_k3_max,41.911163385310815,6
522,deepseek_v4_pro_max,41.468773505855914,7
522,claude_fable_5_max,25.432713144127433,8
522,glm_5_2_max,19.342504091566834,9
522,deepseek_v4_flash_max,11.049511554836517,10
523,kimi_k3_max,72.20050366918821,1
523,qwen3_8_max,64.71292990513223,2
523,gpt_5_5_xhigh,63.115435517366684,3
523,claude_fable_5_max,61.384639759447936,4
523,gemini_3_1_pro_high,56.212661234474126,5
523,claude_opus_4_8_max,46.512923609173995,6
523,deepseek_v4_flash_max,39.75120550991923,7
523,deepseek_v4_pro_max,23.16999582187041,8
523,gpt_5_6_sol_max,23.150571446451476,9
523,glm_5_2_max,16.60705163674186,10
524,claude_fable_5_max,73.68586901604505,1
524,gpt_5_6_sol_max,70.39593319884015,2
524,kimi_k3_max,62.078958600861654,3
524,gemini_3_1_pro_high,50.255860118548796,4
524,qwen3_8_max,41.608039872522475,5
524,claude_opus_4_8_max,38.2425226380314,6
524,gpt_5_5_xhigh,30.54395008338995,7
524,deepseek_v4_pro_max,22.00301012690073,8
524,glm_5_2_max,16.015204476199784,9
524,deepseek_v4_flash_max,13.652659118271472,10
525,gpt_5_6_sol_max,75.34150167202303,1
525,claude_fable_5_max,58.93131902870071,2
525,gemini_3_1_pro_high,51.82765746699504,3
525,kimi_k3_max,45.42684132053008,4
525,gpt_5_5_xhigh,39.57414371049521,5
525,qwen3_8_max,34.81757436001699,6
525,glm_5_2_max,32.524885406486774,7
525,claude_opus_4_8_max,27.3240481541223,8
525,deepseek_v4_pro_max,24.781792777506755,9
525,deepseek_v4_flash_max,13.10675997889634,10
526,gpt_5_6_sol_max,65.20618989180838,1
526,gemini_3_1_pro_high,56.21842521391332,2
526,claude_fable_5_max,54.236001649578725,3
526,claude_opus_4_8_max,52.795203870459034,4
526,qwen3_8_max,51.021950712965264,5
526,kimi_k3_max,46.79608737532647,6
526,deepseek_v4_flash_max,43.61727615088236,7
526,glm_5_2_max,23.07085531249424,8
526,gpt_5_5_xhigh,20.970765243043918,9
526,deepseek_v4_pro_max,19.166673617818862,10
527,claude_opus_4_8_max,58.8603024117736,1
527,gpt_5_5_xhigh,58.656003970847976,2
527,claude_fable_5_max,58.63936908682594,3
527,kimi_k3_max,50.781031404240856,4
527,qwen3_8_max,45.9024661855813,5
527,gemini_3_1_pro_high,42.98917476575174,6
527,glm_5_2_max,33.58687305799044,7
527,gpt_5_6_sol_max,30.397344298632774,8
527,deepseek_v4_pro_max,26.903001555228798,9
527,deepseek_v4_flash_max,18.51287556788185,10
528,claude_fable_5_max,75.18034758633817,1
528,kimi_k3_max,71.69061680883429,2
528,gpt_5_6_sol_max,70.98221981081159,3
528,gpt_5_5_xhigh,67.29374878791785,4
528,gemini_3_1_pro_high,67.27516582674379,5
528,qwen3_8_max,48.47143531837642,6
528,glm_5_2_max,33.712898457106306,7
528,deepseek_v4_pro_max,27.64329301396107,8
528,claude_opus_4_8_max,27.268531990518152,9
528,deepseek_v4_flash_max,20.486529853702383,10
529,gemini_3_1_pro_high,69.0456548924345,1
529,claude_fable_5_max,62.000842753893714,2
529,qwen3_8_max,59.17400121642985,3
529,gpt_5_5_xhigh,56.62316262095217,4
529,kimi_k3_max,52.415334652168795,5
529,deepseek_v4_flash_max,45.21277689899864,6
529,claude_opus_4_8_max,29.61360804659121,7
529,gpt_5_6_sol_max,23.79811491075538,8
529,glm_5_2_max,22.268552485874956,9
529,deepseek_v4_pro_max,13.610278843104236,10
530,gpt_5_6_sol_max,61.34057240688752,1
530,qwen3_8_max,60.53721491973546,2
530,gemini_3_1_pro_high,60.53434443740626,3
530,claude_fable_5_max,60.43073444802566,4
530,kimi_k3_max,54.401532848389614,5
530,claude_opus_4_8_max,54.12605404487572,6
530,deepseek_v4_pro_max,45.99696467386232,7
530,gpt_5_5_xhigh,36.73509048083382,8
530,glm_5_2_max,21.039231719929735,9
530,deepseek_v4_flash_max,19.875479167185116,10
531,claude_fable_5_max,71.6876783486185,1
531,gpt_5_5_xhigh,64.45158497249972,2
531,kimi_k3_max,62.22080553138676,3
531,gemini_3_1_pro_high,53.72725092509543,4
531,claude_opus_4_8_max,46.2457118475176,5
531,glm_5_2_max,26.206261461441226,6
531,deepseek_v4_flash_max,24.20868689420626,7
531,qwen3_8_max,22.988298488343144,8
531,gpt_5_6_sol_max,21.779813370639445,9
531,deepseek_v4_pro_max,20.61520329222175,10
532,kimi_k3_max,76.23834951237666,1
532,gpt_5_6_sol_max,62.39023922807053,2
532,claude_opus_4_8_max,51.83944358419474,3
532,gemini_3_1_pro_high,49.01878186943079,4
532,gpt_5_5_xhigh,45.590617122150974,5
532,qwen3_8_max,40.52833339850393,6
532,deepseek_v4_pro_max,37.652166837549046,7
532,glm_5_2_max,33.9409354937538,8
532,claude_fable_5_max,24.69926043938524,9
532,deepseek_v4_flash_max,19.9662974474003,10
533,gpt_5_5_xhigh,87.2243094622582,1
533,kimi_k3_max,61.99562089695257,2
533,claude_opus_4_8_max,59.109776027106264,3
533,claude_fable_5_max,57.25750153866247,4
533,gemini_3_1_pro_high,56.941014883906035,5
533,qwen3_8_max,52.27530948050609,6
533,glm_5_2_max,37.725908647676206,7
533,deepseek_v4_flash_max,36.632661202705556,8
533,gpt_5_6_sol_max,20.975220695919756,9
533,deepseek_v4_pro_max,1.3002130678989952,10
534,claude_fable_5_max,89.60733122415924,1
534,kimi_k3_max,67.12134732577425,2
534,gpt_5_5_xhigh,58.67286645412623,3
534,gemini_3_1_pro_high,55.268204529351294,4
534,claude_opus_4_8_max,54.16696493042949,5
534,qwen3_8_max,47.06550459204918,6
534,deepseek_v4_pro_max,38.20103582048313,7
534,gpt_5_6_sol_max,35.27996238305137,8
534,glm_5_2_max,21.713244679119043,9
534,deepseek_v4_flash_max,15.94798159904434,10
535,gpt_5_5_xhigh,73.92839636026105,1
535,qwen3_8_max,50.94900559899935,2
535,deepseek_v4_pro_max,45.76280595512741,3
535,claude_fable_5_max,38.03019356056331,4
535,gpt_5_6_sol_max,37.7859752611477,5
535,gemini_3_1_pro_high,30.31053526800075,6
535,kimi_k3_max,18.51204547638492,7
535,glm_5_2_max,16.15856115326809,8
535,claude_opus_4_8_max,13.29758205037322,9
535,deepseek_v4_flash_max,11.249502111702057,10
536,gpt_5_6_sol_max,80.58331261945878,1
536,gemini_3_1_pro_high,60.16489273846169,2
536,claude_fable_5_max,48.02804331960087,3
536,claude_opus_4_8_max,40.618976418110165,4
536,deepseek_v4_flash_max,37.15292460275887,5
536,qwen3_8_max,37.009644747026776,6
536,gpt_5_5_xhigh,26.889398412901826,7
536,kimi_k3_max,25.411498245470547,8
536,glm_5_2_max,15.380781997735413,9
536,deepseek_v4_pro_max,10.70574660241557,10
537,claude_fable_5_max,73.54748688907598,1
537,kimi_k3_max,65.37730180287299,2
537,gemini_3_1_pro_high,61.16001267028929,3
537,qwen3_8_max,43.230094462555684,4
537,claude_opus_4_8_max,41.1002041577992,5
537,gpt_5_5_xhigh,29.6652183722733,6
537,gpt_5_6_sol_max,28.818657495657988,7
537,deepseek_v4_pro_max,23.42977398981619,8
537,glm_5_2_max,15.873454868681995,9
537,deepseek_v4_flash_max,9.705172829926786,10
538,qwen3_8_max,78.46709487631664,1
538,gpt_5_5_xhigh,62.574577112450086,2
538,claude_opus_4_8_max,57.75864101226698,3
538,claude_fable_5_max,56.42197086981828,4
538,gpt_5_6_sol_max,48.84842636197078,5
538,gemini_3_1_pro_high,42.84226910002562,6
538,kimi_k3_max,33.68228474515627,7
538,glm_5_2_max,26.785779614503387,8
538,deepseek_v4_pro_max,22.25354955542214,9
538,deepseek_v4_flash_max,8.778640321828606,10
539,claude_opus_4_8_max,63.083921904104116,1
539,claude_fable_5_max,62.62819455957829,2
539,gpt_5_5_xhigh,55.999302951261484,3
539,deepseek_v4_flash_max,52.156957156872124,4
539,kimi_k3_max,47.20534641660569,5
539,gemini_3_1_pro_high,36.696369925570835,6
539,qwen3_8_max,33.6104935412074,7
539,glm_5_2_max,27.48099518409392,8
539,gpt_5_6_sol_max,26.394980805647823,9
539,deepseek_v4_pro_max,4.07011951409772,10
540,claude_fable_5_max,87.1624188787583,1
540,qwen3_8_max,59.49134808862958,2
540,gemini_3_1_pro_high,51.98130896848896,3
540,gpt_5_6_sol_max,48.71990653664586,4
540,claude_opus_4_8_max,47.81543260672371,5
540,gpt_5_5_xhigh,43.6124361912852,6
540,kimi_k3_max,24.847245731257814,7
540,deepseek_v4_flash_max,23.798114078358658,8
540,glm_5_2_max,15.335353190454981,9
540,deepseek_v4_pro_max,5.930029314572474,10
541,claude_fable_5_max,79.43665425432891,1
541,gpt_5_5_xhigh,71.70607073367223,2
541,qwen3_8_max,58.60052743018275,3
541,gpt_5_6_sol_max,53.60670450231321,4
541,gemini_3_1_pro_high,49.61100819868625,5
541,kimi_k3_max,37.04291563175927,6
541,deepseek_v4_pro_max,26.979258520423386,7
541,claude_opus_4_8_max,26.623660947654578,8
541,deepseek_v4_flash_max,21.502442099051212,9
541,glm_5_2_max,17.399299655524988,10
542,claude_fable_5_max,80.17480013817044,1
542,qwen3_8_max,75.80754921254528,2
542,gpt_5_6_sol_max,64.29086298059728,3
542,gemini_3_1_pro_high,61.16239218578068,4
542,claude_opus_4_8_max,39.34787373315852,5
542,kimi_k3_max,35.338811753925754,6
542,glm_5_2_max,31.910806169093142,7
542,gpt_5_5_xhigh,30.09816041439266,8
542,deepseek_v4_flash_max,17.90056765113883,9
542,deepseek_v4_pro_max,10.258993950236379,10
543,gpt_5_5_xhigh,72.73589209559186,1
543,gemini_3_1_pro_high,71.36575329479027,2
543,claude_fable_5_max,61.707906418398,3
543,claude_opus_4_8_max,49.741137087744,4
543,qwen3_8_max,31.992568124507834,5
543,gpt_5_6_sol_max,29.195938042684233,6
543,glm_5_2_max,27.350431792409104,7
543,kimi_k3_max,26.366848335328278,8
543,deepseek_v4_pro_max,19.998550542675353,9
543,deepseek_v4_flash_max,18.306745533717642,10
544,kimi_k3_max,71.60277195699898,1
544,gpt_5_5_xhigh,64.73038509974197,2
544,claude_opus_4_8_max,46.94846971148725,3
544,deepseek_v4_flash_max,45.341826427979164,4
544,claude_fable_5_max,41.03715748896974,5
544,gemini_3_1_pro_high,38.27487912063147,6
544,gpt_5_6_sol_max,33.49332256401087,7
544,qwen3_8_max,27.778572880818782,8
544,glm_5_2_max,24.44269229045626,9
544,deepseek_v4_pro_max,20.781303328050427,10
545,gpt_5_5_xhigh,82.99894598425286,1
545,gemini_3_1_pro_high,44.79057494331686,2
545,gpt_5_6_sol_max,40.882444654044235,3
545,claude_opus_4_8_max,35.851459816258206,4
545,deepseek_v4_pro_max,30.084215774944425,5
545,glm_5_2_max,28.636485980150812,6
545,qwen3_8_max,25.93393698293105,7
545,claude_fable_5_max,20.025256940413158,8
545,kimi_k3_max,10.40884079605964,9
545,deepseek_v4_flash_max,8.501666160548256,10
546,gpt_5_6_sol_max,75.01288206699853,1
546,gpt_5_5_xhigh,74.62389641586937,2
546,claude_fable_5_max,61.02615870942532,3
546,gemini_3_1_pro_high,54.248579921417154,4
546,claude_opus_4_8_max,38.80920596698881,5
546,qwen3_8_max,29.52698143990571,6
546,kimi_k3_max,27.909821861620248,7
546,deepseek_v4_flash_max,23.187175236653264,8
546,glm_5_2_max,21.095618987034797,9
546,deepseek_v4_pro_max,20.379759464870546,10
547,gemini_3_1_pro_high,60.485508881495434,1
547,gpt_5_6_sol_max,48.32943606351478,2
547,claude_fable_5_max,46.21144254891681,3
547,claude_opus_4_8_max,31.645222944746536,4
547,qwen3_8_max,27.518728650433076,5
547,kimi_k3_max,24.854137423300845,6
547,deepseek_v4_pro_max,23.353375710603597,7
547,gpt_5_5_xhigh,19.888553734692227,8
547,glm_5_2_max,11.563603936808224,9
547,deepseek_v4_flash_max,6.051430136290806,10
548,kimi_k3_max,71.62878307816268,1
548,claude_opus_4_8_max,65.44276672061682,2
548,claude_fable_5_max,63.002844723052576,3
548,qwen3_8_max,60.65692704935737,4
548,deepseek_v4_flash_max,52.95955273183307,5
548,gpt_5_6_sol_max,42.51741196788684,6
548,gemini_3_1_pro_high,40.12428101654329,7
548,gpt_5_5_xhigh,30.110937075503852,8
548,glm_5_2_max,16.746951043733606,9
548,deepseek_v4_pro_max,15.447238418724162,10
549,gpt_5_5_xhigh,86.76897017767368,1
549,claude_fable_5_max,74.35769547320645,2
549,gemini_3_1_pro_high,69.68999677707862,3
549,qwen3_8_max,53.99446432738986,4
549,kimi_k3_max,50.63343028757966,5
549,deepseek_v4_pro_max,38.08493616336134,6
549,claude_opus_4_8_max,36.443055143655315,7
549,gpt_5_6_sol_max,30.027997733834585,8
549,glm_5_2_max,23.68970105020404,9
549,deepseek_v4_flash_max,12.602524592285217,10
550,gemini_3_1_pro_high,72.1817299861145,1
550,claude_fable_5_max,68.53944308692112,2
550,gpt_5_6_sol_max,61.1946722246596,3
550,deepseek_v4_pro_max,49.853794395045234,4
550,qwen3_8_max,45.929507442555916,5
550,kimi_k3_max,44.284329764387905,6
550,claude_opus_4_8_max,39.99941533830295,7
550,deepseek_v4_flash_max,26.328352180762465,8
550,glm_5_2_max,24.25856360895218,9
550,gpt_5_5_xhigh,19.69798174260588,10
551,qwen3_8_max,64.88694699760325,1
551,claude_opus_4_8_max,63.99066364924907,2
551,kimi_k3_max,50.21180654524552,3
551,gpt_5_5_xhigh,46.63702393517163,4
551,deepseek_v4_pro_max,38.1425059898495,5
551,gpt_5_6_sol_max,36.93147504892273,6
551,gemini_3_1_pro_high,29.191250641544812,7
551,glm_5_2_max,20.87904338247624,8
551,deepseek_v4_flash_max,17.40516529325872,9
551,claude_fable_5_max,17.009466458793096,10
552,kimi_k3_max,84.42137120411032,1
552,claude_fable_5_max,76.76577482900836,2
552,gpt_5_6_sol_max,70.15843961153928,3
552,qwen3_8_max,61.96664224647894,4
552,gemini_3_1_pro_high,49.37565152059456,5
552,claude_opus_4_8_max,33.549975779021835,6
552,gpt_5_5_xhigh,32.121952135887256,7
552,glm_5_2_max,31.74170345966835,8
552,deepseek_v4_flash_max,25.908170593812002,9
552,deepseek_v4_pro_max,7.947516782080782,10
553,qwen3_8_max,72.43995670012697,1
553,claude_fable_5_max,58.80326937247139,2
553,gemini_3_1_pro_high,55.365748412317814,3
553,gpt_5_5_xhigh,55.359945831604904,4
553,kimi_k3_max,50.714916654101884,5
553,gpt_5_6_sol_max,45.27296265809801,6
553,deepseek_v4_pro_max,40.54433991475821,7
553,glm_5_2_max,39.904795221694734,8
553,claude_opus_4_8_max,29.540213314988495,9
553,deepseek_v4_flash_max,27.293816872852723,10
554,kimi_k3_max,71.23471155962723,1
554,claude_fable_5_max,68.95718083629116,2
554,gpt_5_6_sol_max,59.548812251307,3
554,gpt_5_5_xhigh,56.20364146431652,4
554,qwen3_8_max,46.01015323919398,5
554,deepseek_v4_flash_max,35.99301491992397,6
554,gemini_3_1_pro_high,33.31232023343776,7
554,glm_5_2_max,27.067346497121054,8
554,claude_opus_4_8_max,20.330752875767008,9
554,deepseek_v4_pro_max,14.499009230874979,10
555,kimi_k3_max,75.19936457952836,1
555,claude_fable_5_max,71.63577634808978,2
555,claude_opus_4_8_max,67.95817539600858,3
555,qwen3_8_max,64.93372188328381,4
555,gpt_5_6_sol_max,60.20252981506071,5
555,gemini_3_1_pro_high,47.42608552789058,6
555,deepseek_v4_flash_max,33.95260325846866,7
555,glm_5_2_max,28.134373100516953,8
555,gpt_5_5_xhigh,26.72569818092463,9
555,deepseek_v4_pro_max,12.858323790030378,10
556,claude_fable_5_max,85.40603018445346,1
556,gpt_5_5_xhigh,58.321240937120024,2
556,gemini_3_1_pro_high,52.78772503304704,3
556,kimi_k3_max,51.889998768514275,4
556,qwen3_8_max,47.73432757215751,5
556,gpt_5_6_sol_max,45.33609428938598,6
556,deepseek_v4_flash_max,42.51113345801713,7
556,claude_opus_4_8_max,28.912608233549076,8
556,glm_5_2_max,19.909024522734992,9
556,deepseek_v4_pro_max,8.7181799940845,10
557,qwen3_8_max,82.7026929175015,1
557,gemini_3_1_pro_high,69.47373479093567,2
557,kimi_k3_max,65.58630226790727,3
557,gpt_5_5_xhigh,65.08388126088536,4
557,gpt_5_6_sol_max,58.32226605720453,5
557,claude_fable_5_max,56.93345885266591,6
557,deepseek_v4_pro_max,38.950469009802234,7
557,claude_opus_4_8_max,34.31776199727471,8
557,glm_5_2_max,30.200691169820548,9
557,deepseek_v4_flash_max,28.087000573652134,10
558,gpt_5_5_xhigh,80.85390286623456,1
558,gemini_3_1_pro_high,67.07227921613337,2
558,claude_opus_4_8_max,52.59278524497221,3
558,claude_fable_5_max,51.410561744053524,4
558,kimi_k3_max,50.901918924904365,5
558,deepseek_v4_pro_max,50.33607445296475,6
558,qwen3_8_max,49.502298999177974,7
558,glm_5_2_max,34.74279727655145,8
558,gpt_5_6_sol_max,27.02235035407416,9
558,deepseek_v4_flash_max,12.395677019621404,10
559,claude_opus_4_8_max,74.82005722569355,1
559,gpt_5_5_xhigh,52.4430883200453,2
559,kimi_k3_max,49.57217242892887,3
559,gemini_3_1_pro_high,46.27844825757405,4
559,gpt_5_6_sol_max,44.26778850549562,5
559,claude_fable_5_max,40.49875036003859,6
559,deepseek_v4_pro_max,37.60710534664351,7
559,deepseek_v4_flash_max,36.593303244352896,8
559,qwen3_8_max,24.179280038773534,9
559,glm_5_2_max,17.46160879465054,10
560,gpt_5_6_sol_max,70.70311027005141,1
560,kimi_k3_max,70.14223433158175,2
560,gemini_3_1_pro_high,57.06778888153513,3
560,qwen3_8_max,51.17137044872773,4
560,claude_fable_5_max,41.82346982597086,5
560,claude_opus_4_8_max,41.30748316658507,6
560,deepseek_v4_flash_max,28.1105223064175,7
560,gpt_5_5_xhigh,24.135614343169404,8
560,glm_5_2_max,16.835785554347968,9
560,deepseek_v4_pro_max,8.128124728994784,10
561,claude_fable_5_max,84.67754702887191,1
561,kimi_k3_max,68.26378511938114,2
561,qwen3_8_max,56.26589356622886,3
561,claude_opus_4_8_max,54.26577550348851,4
561,deepseek_v4_pro_max,44.43559410595128,5
561,gemini_3_1_pro_high,43.95762257130305,6
561,gpt_5_6_sol_max,36.83389878208437,7
561,gpt_5_5_xhigh,35.288119893016514,8
561,deepseek_v4_flash_max,20.817806841999264,9
561,glm_5_2_max,17.309134173612556,10
562,gpt_5_6_sol_max,86.9282460467068,1
562,claude_fable_5_max,61.19739674103055,2
562,gemini_3_1_pro_high,58.15419668347748,3
562,kimi_k3_max,56.17163001020272,4
562,qwen3_8_max,41.5345230302179,5
562,claude_opus_4_8_max,38.6339602447011,6
562,deepseek_v4_flash_max,32.14409121867013,7
562,glm_5_2_max,29.650977815131142,8
562,gpt_5_5_xhigh,25.786351693857902,9
562,deepseek_v4_pro_max,16.039505975775064,10
563,claude_fable_5_max,80.03010476613028,1
563,qwen3_8_max,61.23653651185123,2
563,gpt_5_6_sol_max,57.30736411580918,3
563,claude_opus_4_8_max,42.97381032999597,4
563,kimi_k3_max,40.918473984183535,5
563,gemini_3_1_pro_high,38.37117587197727,6
563,deepseek_v4_pro_max,32.8379294824374,7
563,gpt_5_5_xhigh,26.553283904065434,8
563,glm_5_2_max,24.958575690549445,9
563,deepseek_v4_flash_max,20.214113733603657,10
564,gpt_5_6_sol_max,80.56491117115868,1
564,claude_opus_4_8_max,72.76001726502668,2
564,gemini_3_1_pro_high,50.521604006458944,3
564,gpt_5_5_xhigh,40.46862641874219,4
564,qwen3_8_max,37.15987746387623,5
564,glm_5_2_max,30.48835561856055,6
564,claude_fable_5_max,29.376758228583462,7
564,deepseek_v4_flash_max,28.786155012306587,8
564,kimi_k3_max,22.0321391524123,9
564,deepseek_v4_pro_max,8.208762383573376,10
565,claude_opus_4_8_max,75.76505797558045,1
565,kimi_k3_max,68.96681310437155,2
565,gpt_5_6_sol_max,68.13359375202695,3
565,claude_fable_5_max,50.31631965498514,4
565,gemini_3_1_pro_high,35.606937181333684,5
565,gpt_5_5_xhigh,31.91492873587233,6
565,qwen3_8_max,24.116094086165816,7
565,deepseek_v4_pro_max,20.652969231760245,8
565,deepseek_v4_flash_max,17.103730594046418,9
565,glm_5_2_max,10.282985859997146,10
566,kimi_k3_max,71.06901659145973,1
566,claude_opus_4_8_max,70.73864425264358,2
566,qwen3_8_max,64.23382027627513,3
566,gemini_3_1_pro_high,57.97828178313243,4
566,gpt_5_6_sol_max,53.800020610396736,5
566,claude_fable_5_max,49.909399890954674,6
566,deepseek_v4_pro_max,41.5999675413698,7
566,gpt_5_5_xhigh,23.957275615216144,8
566,glm_5_2_max,20.77930901060582,9
566,deepseek_v4_flash_max,18.2810289083325,10
567,kimi_k3_max,85.6963994581769,1
567,claude_fable_5_max,64.3567903319165,2
567,gpt_5_6_sol_max,61.91761790129043,3
567,qwen3_8_max,56.553290855429594,4
567,gemini_3_1_pro_high,45.754280405077225,5
567,claude_opus_4_8_max,43.09187246486147,6
567,deepseek_v4_pro_max,27.8630781106038,7
567,deepseek_v4_flash_max,24.664747322409475,8
567,gpt_5_5_xhigh,22.504123936419383,9
567,glm_5_2_max,19.507668566886824,10
568,gpt_5_6_sol_max,84.71804211328507,1
568,gemini_3_1_pro_high,76.88274459587065,2
568,claude_fable_5_max,58.19675675459595,3
568,claude_opus_4_8_max,54.25161192860468,4
568,qwen3_8_max,51.03193308944553,5
568,kimi_k3_max,48.020271382790696,6
568,gpt_5_5_xhigh,29.510030955623996,7
568,deepseek_v4_pro_max,27.17356304713993,8
568,glm_5_2_max,27.11649509412195,9
568,deepseek_v4_flash_max,20.908723482343028,10
569,claude_opus_4_8_max,74.62006365471304,1
569,qwen3_8_max,61.63095270308279,2
569,kimi_k3_max,53.59942708874773,3
569,gpt_5_5_xhigh,34.732484754870356,4
569,deepseek_v4_pro_max,32.00532658244778,5
569,claude_fable_5_max,26.771553072262996,6
569,deepseek_v4_flash_max,22.526900800385896,7
569,gpt_5_6_sol_max,19.372175478954667,8
569,gemini_3_1_pro_high,17.924504911047418,9
569,glm_5_2_max,13.186609857596748,10
570,gpt_5_5_xhigh,85.68373816627175,1
570,claude_fable_5_max,83.5199455376561,2
570,gemini_3_1_pro_high,80.39154772574344,3
570,claude_opus_4_8_max,70.11402956806577,4
570,gpt_5_6_sol_max,50.95773945681966,5
570,qwen3_8_max,45.36288618947941,6
570,kimi_k3_max,33.70014406475506,7
570,deepseek_v4_flash_max,30.809706404993292,8
570,glm_5_2_max,16.910688556314497,9
570,deepseek_v4_pro_max,14.11641565254402,10
571,kimi_k3_max,81.36464960263055,1
571,gpt_5_6_sol_max,79.05446811515546,2
571,claude_fable_5_max,59.958001086090064,3
571,gpt_5_5_xhigh,56.593248105800086,4
571,gemini_3_1_pro_high,54.91157621598528,5
571,qwen3_8_max,50.5530861750935,6
571,deepseek_v4_pro_max,30.96137718517201,7
571,claude_opus_4_8_max,26.969752061373452,8
571,glm_5_2_max,19.77403832372225,9
571,deepseek_v4_flash_max,17.706692444692873,10
572,qwen3_8_max,75.23433126669849,1
572,claude_fable_5_max,69.27734151727668,2
572,gpt_5_6_sol_max,58.109760926962366,3
572,kimi_k3_max,55.03327838350573,4
572,gpt_5_5_xhigh,47.399092965293335,5
572,claude_opus_4_8_max,42.03060145465381,6
572,glm_5_2_max,28.633258165360957,7
572,gemini_3_1_pro_high,22.73111137132879,8
572,deepseek_v4_pro_max,21.048885480298594,9
572,deepseek_v4_flash_max,7.6156542986552465,10
573,gpt_5_6_sol_max,90.71529171311334,1
573,claude_fable_5_max,68.8351304175439,2
573,qwen3_8_max,60.553121630754596,3
573,gemini_3_1_pro_high,46.20644526553103,4
573,claude_opus_4_8_max,44.30792062659959,5
573,deepseek_v4_pro_max,43.30656606401707,6
573,deepseek_v4_flash_max,29.106860746507458,7
573,gpt_5_5_xhigh,27.49045947231356,8
573,kimi_k3_max,15.699505509213534,9
573,glm_5_2_max,13.820726118141994,10
574,gpt_5_6_sol_max,52.89097800471145,1
574,claude_opus_4_8_max,52.329698833368774,2
574,gemini_3_1_pro_high,46.31387267157257,3
574,kimi_k3_max,46.18831941930816,4
574,qwen3_8_max,40.673974928184144,5
574,claude_fable_5_max,36.90747275305759,6
574,gpt_5_5_xhigh,24.34301646215311,7
574,deepseek_v4_pro_max,22.696100546166313,8
574,glm_5_2_max,19.133889863813977,9
574,deepseek_v4_flash_max,2.0348389135465066,10
575,kimi_k3_max,86.35639802503111,1
575,claude_fable_5_max,55.89802150117984,2
575,gpt_5_6_sol_max,55.322613015282016,3
575,qwen3_8_max,51.74512822879275,4
575,gemini_3_1_pro_high,47.20335530843187,5
575,deepseek_v4_pro_max,33.027356545303235,6
575,gpt_5_5_xhigh,28.955973058540405,7
575,claude_opus_4_8_max,27.692996361463905,8
575,deepseek_v4_flash_max,27.2811028006153,9
575,glm_5_2_max,22.930687334594015,10
576,gpt_5_5_xhigh,81.18895990848486,1
576,claude_opus_4_8_max,68.64932153488209,2
576,gemini_3_1_pro_high,44.95706046809149,3
576,qwen3_8_max,40.306767307313955,4
576,claude_fable_5_max,31.4989410766715,5
576,glm_5_2_max,26.725372491538064,6
576,kimi_k3_max,26.634276913187218,7
576,deepseek_v4_pro_max,24.985913994990952,8
576,gpt_5_6_sol_max,19.84252041306344,9
576,deepseek_v4_flash_max,17.983702420598366,10
577,gpt_5_6_sol_max,72.64263909277639,1
577,kimi_k3_max,45.95396155162106,2
577,qwen3_8_max,37.45553765220167,3
577,gemini_3_1_pro_high,33.47602304531219,4
577,glm_5_2_max,28.26047862583368,5
577,claude_opus_4_8_max,24.67958406998877,6
577,claude_fable_5_max,23.852498070188005,7
577,gpt_5_5_xhigh,23.792994190476648,8
577,deepseek_v4_pro_max,21.357375126493018,9
577,deepseek_v4_flash_max,0.0,10
578,gemini_3_1_pro_high,71.87025882934991,1
578,claude_opus_4_8_max,69.28531082792605,2
578,gpt_5_6_sol_max,64.74860963295343,3
578,claude_fable_5_max,51.57350321121844,4
578,kimi_k3_max,43.59108805380607,5
578,gpt_5_5_xhigh,38.38729262974212,6
578,qwen3_8_max,25.88043148635666,7
578,deepseek_v4_flash_max,20.99737316314709,8
578,deepseek_v4_pro_max,18.104968006308663,9
578,glm_5_2_max,10.714273686885495,10
579,kimi_k3_max,78.79483331924584,1
579,gpt_5_6_sol_max,71.06907469361887,2
579,gemini_3_1_pro_high,61.995644499561436,3
579,qwen3_8_max,53.80740770057039,4
579,claude_opus_4_8_max,46.65885219008416,5
579,deepseek_v4_pro_max,36.300018805191606,6
579,deepseek_v4_flash_max,34.27716499556989,7
579,glm_5_2_max,29.56100753369601,8
579,gpt_5_5_xhigh,23.471891876727767,9
579,claude_fable_5_max,14.895181034769367,10
580,qwen3_8_max,77.69346010429162,1
580,gpt_5_6_sol_max,71.02930186172173,2
580,gemini_3_1_pro_high,61.24542709364523,3
580,claude_opus_4_8_max,58.34701434450149,4
580,gpt_5_5_xhigh,48.43487023208303,5
580,claude_fable_5_max,37.67757176900382,6
580,deepseek_v4_pro_max,32.403694380456685,7
580,kimi_k3_max,27.909692445250457,8
580,glm_5_2_max,25.75128267515368,9
580,deepseek_v4_flash_max,17.993101256802515,10
581,gpt_5_5_xhigh,69.0130479150622,1
581,gpt_5_6_sol_max,64.96117641862926,2
581,kimi_k3_max,59.25842643402945,3
581,claude_opus_4_8_max,45.599809022143454,4
581,deepseek_v4_flash_max,44.93175523838935,5
581,glm_5_2_max,34.677166237010944,6
581,claude_fable_5_max,33.00845267738182,7
581,qwen3_8_max,29.620522242652207,8
581,deepseek_v4_pro_max,14.657485539972331,9
581,gemini_3_1_pro_high,11.627803367961892,10
582,gpt_5_6_sol_max,79.23755853304473,1
582,kimi_k3_max,59.16479301647172,2
582,claude_fable_5_max,50.77369838317169,3
582,gemini_3_1_pro_high,45.40476246928547,4
582,gpt_5_5_xhigh,36.786655579155706,5
582,deepseek_v4_pro_max,32.92892089005831,6
582,claude_opus_4_8_max,30.706225281482265,7
582,glm_5_2_max,26.932479756703543,8
582,deepseek_v4_flash_max,25.882737158447235,9
582,qwen3_8_max,21.78702620145982,10
583,gpt_5_6_sol_max,72.40266936877677,1
583,gpt_5_5_xhigh,53.90106872130514,2
583,qwen3_8_max,50.83107841389439,3
583,gemini_3_1_pro_high,48.59275685829774,4
583,kimi_k3_max,40.82534731492003,5
583,claude_fable_5_max,38.60237089058946,6
583,glm_5_2_max,35.81085299801501,7
583,claude_opus_4_8_max,35.07083508928018,8
583,deepseek_v4_pro_max,27.828256939923705,9
583,deepseek_v4_flash_max,18.87004614618198,10
584,claude_fable_5_max,88.7071407061414,1
584,gpt_5_6_sol_max,49.67902502328499,2
584,kimi_k3_max,48.71925544813108,3
584,gpt_5_5_xhigh,48.040113790690135,4
584,qwen3_8_max,36.176407932837336,5
584,gemini_3_1_pro_high,30.737247081251407,6
584,deepseek_v4_pro_max,21.692960266747928,7
584,claude_opus_4_8_max,17.866140637885866,8
584,glm_5_2_max,15.058968515460265,9
584,deepseek_v4_flash_max,10.35521949235579,10
585,gpt_5_5_xhigh,65.56513311872206,1
585,claude_opus_4_8_max,60.82287842156441,2
585,gemini_3_1_pro_high,60.81004058543755,3
585,gpt_5_6_sol_max,59.61293555778314,4
585,qwen3_8_max,53.045445615562016,5
585,kimi_k3_max,44.833500960288575,6
585,glm_5_2_max,38.07890322132208,7
585,deepseek_v4_pro_max,34.9250662116945,8
585,claude_fable_5_max,30.248044035583135,9
585,deepseek_v4_flash_max,8.816684646294647,10
586,claude_fable_5_max,86.48671886411316,1
586,gpt_5_6_sol_max,69.23191830697046,2
586,gpt_5_5_xhigh,68.09648685520673,3
586,qwen3_8_max,47.78872730200441,4
586,gemini_3_1_pro_high,40.48406010912266,5
586,deepseek_v4_flash_max,37.67506959278872,6
586,claude_opus_4_8_max,31.361132759077496,7
586,kimi_k3_max,30.239824773612654,8
586,glm_5_2_max,18.793075378601845,9
586,deepseek_v4_pro_max,13.345243976827039,10
587,gemini_3_1_pro_high,88.1313590266568,1
587,gpt_5_6_sol_max,74.22275167403467,2
587,gpt_5_5_xhigh,55.4182248036826,3
587,claude_fable_5_max,54.10173050063264,4
587,qwen3_8_max,48.383191016330365,5
587,kimi_k3_max,47.81516269287424,6
587,deepseek_v4_pro_max,33.74960599169073,7
587,claude_opus_4_8_max,30.543449428757096,8
587,glm_5_2_max,19.907865636904347,9
587,deepseek_v4_flash_max,7.712708240090535,10
588,claude_fable_5_max,78.71477025154141,1
588,qwen3_8_max,57.871340065716474,2
588,kimi_k3_max,53.0553763245602,3
588,gemini_3_1_pro_high,52.57215625488533,4
588,gpt_5_5_xhigh,48.344493890339,5
588,gpt_5_6_sol_max,41.5659748479727,6
588,glm_5_2_max,38.061030639497055,7
588,deepseek_v4_pro_max,25.205488808264505,8
588,deepseek_v4_flash_max,23.398509512824404,9
588,claude_opus_4_8_max,20.811696749350432,10
589,gemini_3_1_pro_high,90.53138662400674,1
589,kimi_k3_max,78.24237979316239,2
589,gpt_5_5_xhigh,73.45438286896875,3
589,qwen3_8_max,52.94640731553922,4
589,deepseek_v4_flash_max,32.901131059423406,5
589,gpt_5_6_sol_max,30.584959260560886,6
589,glm_5_2_max,28.222389551549643,7
589,claude_opus_4_8_max,22.645706628678234,8
589,deepseek_v4_pro_max,14.579267255573617,9
589,claude_fable_5_max,14.343202256998524,10
590,gpt_5_6_sol_max,62.09674495007918,1
590,qwen3_8_max,57.256950059385176,2
590,gemini_3_1_pro_high,51.523633900477556,3
590,kimi_k3_max,46.39758497688115,4
590,deepseek_v4_flash_max,42.01882612558009,5
590,claude_fable_5_max,40.567824683101065,6
590,claude_opus_4_8_max,40.39153318118823,7
590,deepseek_v4_pro_max,34.00140877839841,8
590,gpt_5_5_xhigh,30.064488763677993,9
590,glm_5_2_max,12.87677379655605,10
591,gpt_5_6_sol_max,72.50942982427726,1
591,gemini_3_1_pro_high,47.9084814993256,2
591,claude_fable_5_max,47.86257013287742,3
591,deepseek_v4_pro_max,38.371671019255025,4
591,qwen3_8_max,34.083054390402,5
591,kimi_k3_max,32.24841095159484,6
591,gpt_5_5_xhigh,25.42040740999746,7
591,deepseek_v4_flash_max,25.22433854554197,8
591,claude_opus_4_8_max,20.344597442661758,9
591,glm_5_2_max,18.055283640488483,10
592,claude_opus_4_8_max,73.09327305314162,1
592,gemini_3_1_pro_high,69.12020705929322,2
592,kimi_k3_max,58.98138485693548,3
592,claude_fable_5_max,52.27016827713723,4
592,gpt_5_6_sol_max,51.34548529332231,5
592,deepseek_v4_pro_max,40.48994455682615,6
592,qwen3_8_max,38.14069452321917,7
592,gpt_5_5_xhigh,33.27654106974191,8
592,glm_5_2_max,29.389210627612485,9
592,deepseek_v4_flash_max,12.847792539173644,10
593,gpt_5_6_sol_max,80.62471677036649,1
593,gemini_3_1_pro_high,65.39615522298232,2
593,claude_fable_5_max,47.42292662252523,3
593,qwen3_8_max,34.57765236834248,4
593,claude_opus_4_8_max,31.10352045286319,5
593,kimi_k3_max,30.933396005728383,6
593,deepseek_v4_pro_max,28.799702769128906,7
593,gpt_5_5_xhigh,19.935119152632797,8
593,glm_5_2_max,17.652984851635836,9
593,deepseek_v4_flash_max,14.301154060155412,10
594,gemini_3_1_pro_high,88.77357574569906,1
594,qwen3_8_max,81.79112508580094,2
594,gpt_5_6_sol_max,72.915287383319,3
594,claude_fable_5_max,58.989490042838874,4
594,kimi_k3_max,55.607096590140586,5
594,gpt_5_5_xhigh,44.51238491819544,6
594,deepseek_v4_pro_max,30.01691180814351,7
594,claude_opus_4_8_max,29.715423528040827,8
594,deepseek_v4_flash_max,26.605813901173548,9
594,glm_5_2_max,15.358731359392682,10
595,gpt_5_6_sol_max,71.6900537173189,1
595,kimi_k3_max,63.91908200450076,2
595,gpt_5_5_xhigh,54.36397555953729,3
595,claude_fable_5_max,53.22767863638984,4
595,glm_5_2_max,45.54935278115399,5
595,gemini_3_1_pro_high,36.85763889398891,6
595,qwen3_8_max,32.70417422339615,7
595,deepseek_v4_pro_max,24.34605373799652,8
595,claude_opus_4_8_max,24.08810572788271,9
595,deepseek_v4_flash_max,0.0,10
596,kimi_k3_max,79.25396285639096,1
596,gemini_3_1_pro_high,70.37134605518298,2
596,claude_fable_5_max,69.54451045953228,3
596,gpt_5_5_xhigh,57.70347161307485,4
596,claude_opus_4_8_max,48.697532264312684,5
596,qwen3_8_max,44.88456172767347,6
596,deepseek_v4_flash_max,34.59207646780373,7
596,gpt_5_6_sol_max,32.87018648715856,8
596,glm_5_2_max,24.635193641865797,9
596,deepseek_v4_pro_max,7.462511713992273,10
597,claude_opus_4_8_max,72.51096396841942,1
597,gpt_5_6_sol_max,70.83132196633792,2
597,qwen3_8_max,48.503278692007356,3
597,gpt_5_5_xhigh,46.933886947333,4
597,gemini_3_1_pro_high,43.9402487058457,5
597,deepseek_v4_pro_max,42.175325899471886,6
597,claude_fable_5_max,41.65905746111426,7
597,kimi_k3_max,27.301812345537893,8
597,deepseek_v4_flash_max,22.260421418414694,9
597,glm_5_2_max,22.194869919670303,10
598,gpt_5_5_xhigh,70.46074156588412,1
598,gpt_5_6_sol_max,52.09978110567314,2
598,deepseek_v4_flash_max,41.8689041793823,3
598,kimi_k3_max,39.06494772734272,4
598,gemini_3_1_pro_high,38.2001698539936,5
598,claude_opus_4_8_max,37.72480294797175,6
598,claude_fable_5_max,24.732384634879764,7
598,qwen3_8_max,23.230426836833193,8
598,glm_5_2_max,16.425014031417348,9
598,deepseek_v4_pro_max,14.948292668573831,10
599,kimi_k3_max,78.85094438848787,1
599,gemini_3_1_pro_high,73.64392010599738,2
599,claude_fable_5_max,69.97990604047439,3
599,gpt_5_6_sol_max,58.675617821379674,4
599,gpt_5_5_xhigh,49.91992915059541,5
599,qwen3_8_max,40.063212564953524,6
599,deepseek_v4_pro_max,39.044957950655586,7
599,claude_opus_4_8_max,26.5552426948735,8
599,glm_5_2_max,25.129619227610085,9
599,deepseek_v4_flash_max,23.450510616387476,10
600,gpt_5_6_sol_max,80.67425292766258,1
600,gemini_3_1_pro_high,59.824857744792254,2
600,qwen3_8_max,52.62040363590934,3
600,claude_fable_5_max,49.177939182411976,4
600,kimi_k3_max,48.4195679458758,5
600,deepseek_v4_pro_max,39.64848868901233,6
600,claude_opus_4_8_max,33.139348385366,7
600,glm_5_2_max,28.340298527612287,8
600,gpt_5_5_xhigh,21.479078165430977,9
600,deepseek_v4_flash_max,13.3292036131972,10
601,gpt_5_6_sol_max,73.70840782546668,1
601,gemini_3_1_pro_high,64.33705113381765,2
601,qwen3_8_max,61.23992325098328,3
601,claude_opus_4_8_max,55.78693460368503,4
601,kimi_k3_max,42.45559829469959,5
601,gpt_5_5_xhigh,27.558346879422572,6
601,claude_fable_5_max,25.539914895872396,7
601,deepseek_v4_flash_max,18.542703572150106,8
601,deepseek_v4_pro_max,16.5808482081975,9
601,glm_5_2_max,13.044804008222105,10
602,gemini_3_1_pro_high,80.84738866329677,1
602,claude_opus_4_8_max,78.03081929220805,2
602,kimi_k3_max,63.816950587873706,3
602,claude_fable_5_max,59.23275641393851,4
602,qwen3_8_max,56.1513769568797,5
602,gpt_5_6_sol_max,55.71128106236881,6
602,gpt_5_5_xhigh,43.85656596367201,7
602,glm_5_2_max,31.820193692432838,8
602,deepseek_v4_pro_max,22.864666074529296,9
602,deepseek_v4_flash_max,18.92805408252486,10
603,claude_opus_4_8_max,78.91743339372871,1
603,gpt_5_5_xhigh,70.8158074225008,2
603,gpt_5_6_sol_max,68.36828892984707,3
603,deepseek_v4_flash_max,48.08916117139822,4
603,gemini_3_1_pro_high,47.64452935303793,5
603,claude_fable_5_max,44.580244113446746,6
603,qwen3_8_max,42.75471022434952,7
603,kimi_k3_max,24.00895349688285,8
603,deepseek_v4_pro_max,17.249974077662156,9
603,glm_5_2_max,16.471802591237047,10
604,claude_fable_5_max,65.52143875796759,1
604,gpt_5_6_sol_max,55.7907741097617,2
604,claude_opus_4_8_max,53.63260057681128,3
604,gemini_3_1_pro_high,51.05109531374683,4
604,gpt_5_5_xhigh,51.01518335838575,5
604,deepseek_v4_pro_max,47.73842259066621,6
604,qwen3_8_max,40.712174417049056,7
604,deepseek_v4_flash_max,35.59729853583522,8
604,glm_5_2_max,21.894281025939613,9
604,kimi_k3_max,19.091646644400498,10
605,gpt_5_5_xhigh,75.87734742986316,1
605,claude_opus_4_8_max,72.28814143214295,2
605,claude_fable_5_max,65.83145697575247,3
605,qwen3_8_max,46.10747099849749,4
605,gpt_5_6_sol_max,33.94870897945753,5
605,kimi_k3_max,31.30775140526032,6
605,gemini_3_1_pro_high,30.305278730292475,7
605,deepseek_v4_pro_max,27.353835131424486,8
605,deepseek_v4_flash_max,17.052886784171015,9
605,glm_5_2_max,11.555151948737228,10
606,kimi_k3_max,77.95556230083935,1
606,qwen3_8_max,73.13647077814426,2
606,gpt_5_6_sol_max,62.51689589749502,3
606,claude_fable_5_max,55.66663931522493,4
606,claude_opus_4_8_max,48.84844272704803,5
606,gemini_3_1_pro_high,33.829267963296644,6
606,deepseek_v4_pro_max,30.876896209736348,7
606,glm_5_2_max,30.608376862446605,8
606,gpt_5_5_xhigh,23.741314794068696,9
606,deepseek_v4_flash_max,17.96936866018482,10
607,gpt_5_5_xhigh,81.8829946758051,1
607,claude_opus_4_8_max,65.42822455750925,2
607,qwen3_8_max,49.97053453728732,3
607,deepseek_v4_pro_max,29.816920429998177,4
607,gpt_5_6_sol_max,27.26507335544127,5
607,kimi_k3_max,26.123585776371755,6
607,gemini_3_1_pro_high,24.001519638405178,7
607,glm_5_2_max,18.237065461634735,8
607,claude_fable_5_max,14.162587366320585,9
607,deepseek_v4_flash_max,13.535969868145514,10
608,gpt_5_5_xhigh,75.16558388535907,1
608,gpt_5_6_sol_max,69.92704519128884,2
608,qwen3_8_max,68.85915346698667,3
608,claude_opus_4_8_max,66.60911615169698,4
608,gemini_3_1_pro_high,55.11006047358476,5
608,glm_5_2_max,34.60339721443563,6
608,kimi_k3_max,34.1228813964321,7
608,deepseek_v4_pro_max,24.914989979019538,8
608,deepseek_v4_flash_max,22.245692946392104,9
608,claude_fable_5_max,19.7234203722238,10
609,claude_fable_5_max,81.13777820176456,1
609,qwen3_8_max,69.22171143600525,2
609,gpt_5_5_xhigh,59.7604627263905,3
609,gpt_5_6_sol_max,52.176793941168796,4
609,kimi_k3_max,42.241260746623276,5
609,gemini_3_1_pro_high,30.64158242460863,6
609,deepseek_v4_flash_max,30.094552596858875,7
609,deepseek_v4_pro_max,27.027089437519493,8
609,claude_opus_4_8_max,25.240129608726207,9
609,glm_5_2_max,19.483622241787568,10
610,claude_opus_4_8_max,75.94128494851745,1
610,gpt_5_5_xhigh,71.51658665599521,2
610,kimi_k3_max,60.83423459252562,3
610,qwen3_8_max,35.526986869747766,4
610,deepseek_v4_pro_max,35.4687355780752,5
610,gpt_5_6_sol_max,28.854662087474424,6
610,glm_5_2_max,27.563084283687616,7
610,claude_fable_5_max,23.732668249977394,8
610,gemini_3_1_pro_high,19.865313224433255,9
610,deepseek_v4_flash_max,9.810357172980263,10
611,claude_opus_4_8_max,76.53465818915538,1
611,qwen3_8_max,72.0732377273692,2
611,kimi_k3_max,62.940225813866164,3
611,gemini_3_1_pro_high,59.971776397547444,4
611,deepseek_v4_flash_max,37.7725920731397,5
611,gpt_5_6_sol_max,35.27966410620025,6
611,claude_fable_5_max,31.796308528504547,7
611,gpt_5_5_xhigh,29.8513837633408,8
611,glm_5_2_max,21.54292729218995,9
611,deepseek_v4_pro_max,20.594181283612446,10
612,gpt_5_6_sol_max,84.01651536772766,1
612,qwen3_8_max,75.67899146728453,2
612,claude_fable_5_max,64.37469025275027,3
612,gpt_5_5_xhigh,57.5943906883801,4
612,kimi_k3_max,46.14609970524137,5
612,gemini_3_1_pro_high,40.72761725966054,6
612,claude_opus_4_8_max,31.805193643122355,7
612,deepseek_v4_flash_max,29.487888951445566,8
612,deepseek_v4_pro_max,28.456060302226582,9
612,glm_5_2_max,26.341017507956476,10
613,claude_opus_4_8_max,68.39951087935152,1
613,qwen3_8_max,60.872934515343694,2
613,gemini_3_1_pro_high,57.60613943559414,3
613,gpt_5_6_sol_max,53.32549704869252,4
613,deepseek_v4_pro_max,47.20124597907549,5
613,glm_5_2_max,32.814477043816396,6
613,deepseek_v4_flash_max,28.348091293403936,7
613,kimi_k3_max,27.09803948730539,8
613,claude_fable_5_max,21.786840414890847,9
613,gpt_5_5_xhigh,20.79251529285403,10
614,gemini_3_1_pro_high,86.47248693215596,1
614,qwen3_8_max,76.16439271586297,2
614,claude_fable_5_max,59.00929030845555,3
614,claude_opus_4_8_max,54.68965971716442,4
614,kimi_k3_max,50.5559587520754,5
614,gpt_5_6_sol_max,40.71443130981788,6
614,glm_5_2_max,37.69152321331896,7
614,deepseek_v4_flash_max,33.88013667362216,8
614,gpt_5_5_xhigh,19.54188579574863,9
614,deepseek_v4_pro_max,17.375013227439798,10
615,qwen3_8_max,79.75722661921314,1
615,claude_opus_4_8_max,73.96084409815282,2
615,claude_fable_5_max,58.98852856696806,3
615,gemini_3_1_pro_high,54.868213393127164,4
615,kimi_k3_max,52.32439578399384,5
615,gpt_5_6_sol_max,47.740991403808074,6
615,glm_5_2_max,26.27535515572927,7
615,gpt_5_5_xhigh,26.04515786032497,8
615,deepseek_v4_pro_max,25.846616843041225,9
615,deepseek_v4_flash_max,19.545080612629235,10
616,kimi_k3_max,75.49235466122732,1
616,claude_opus_4_8_max,71.53427854694996,2
616,qwen3_8_max,53.20618378042337,3
616,claude_fable_5_max,52.86910329737435,4
616,gemini_3_1_pro_high,45.45661755176978,5
616,gpt_5_6_sol_max,45.450143555248616,6
616,gpt_5_5_xhigh,30.505041807481067,7
616,deepseek_v4_pro_max,24.538267234596525,8
616,deepseek_v4_flash_max,19.446858330155635,9
616,glm_5_2_max,15.417805470478909,10
617,kimi_k3_max,80.47011007765555,1
617,claude_fable_5_max,77.92475806158805,2
617,gemini_3_1_pro_high,52.580073812556584,3
617,qwen3_8_max,47.80639137620523,4
617,gpt_5_5_xhigh,39.90620300166455,5
617,gpt_5_6_sol_max,36.08107112486542,6
617,deepseek_v4_flash_max,22.28492320503815,7
617,claude_opus_4_8_max,22.235158524861518,8
617,deepseek_v4_pro_max,20.142877372032505,9
617,glm_5_2_max,18.29167958630038,10
618,kimi_k3_max,79.80558244165546,1
618,claude_opus_4_8_max,76.14744255300404,2
618,qwen3_8_max,65.38056241082832,3
618,gpt_5_6_sol_max,51.90268480752089,4
618,gpt_5_5_xhigh,43.14389311851423,5
618,gemini_3_1_pro_high,40.16761778761857,6
618,claude_fable_5_max,37.72936561492796,7
618,deepseek_v4_flash_max,25.33472775774394,8
618,glm_5_2_max,17.736776674212912,9
618,deepseek_v4_pro_max,1.079825678076578,10
619,gpt_5_6_sol_max,81.87944449400749,1
619,qwen3_8_max,47.7423296106188,2
619,kimi_k3_max,46.84161128581772,3
619,claude_fable_5_max,45.29733302149947,4
619,gemini_3_1_pro_high,36.817571332433076,5
619,gpt_5_5_xhigh,29.622198325719072,6
619,glm_5_2_max,28.549960810872783,7
619,claude_opus_4_8_max,25.82128057621273,8
619,deepseek_v4_flash_max,20.060270270575757,9
619,deepseek_v4_pro_max,19.67898982036078,10
620,claude_fable_5_max,82.51765803009872,1
620,qwen3_8_max,57.59454349713843,2
620,gpt_5_6_sol_max,55.99195673407303,3
620,claude_opus_4_8_max,46.14902659361985,4
620,gemini_3_1_pro_high,45.180941599703445,5
620,glm_5_2_max,38.90687749687883,6
620,kimi_k3_max,36.33314658694117,7
620,deepseek_v4_pro_max,28.335071226362842,8
620,gpt_5_5_xhigh,26.52585301449741,9
620,deepseek_v4_flash_max,14.513094613165592,10
621,kimi_k3_max,76.91017340880455,1
621,gpt_5_5_xhigh,76.1474232031434,2
621,claude_opus_4_8_max,37.69516971976657,3
621,gemini_3_1_pro_high,35.95668522030306,4
621,gpt_5_6_sol_max,34.8227958430337,5
621,claude_fable_5_max,34.676873272994186,6
621,qwen3_8_max,30.93204081587293,7
621,glm_5_2_max,25.959014117147124,8
621,deepseek_v4_pro_max,18.202260296880496,9
621,deepseek_v4_flash_max,15.350046236925413,10
622,qwen3_8_max,80.1576626124675,1
622,gpt_5_6_sol_max,70.3231413925936,2
622,kimi_k3_max,61.08117976560559,3
622,gemini_3_1_pro_high,60.13593722898807,4
622,claude_opus_4_8_max,51.32311355265796,5
622,deepseek_v4_flash_max,39.21405447203817,6
622,gpt_5_5_xhigh,23.096534702013532,7
622,glm_5_2_max,22.323500143512444,8
622,claude_fable_5_max,20.179751054238107,9
622,deepseek_v4_pro_max,8.273497269344722,10
623,gpt_5_5_xhigh,69.65473449567406,1
623,kimi_k3_max,66.44139106921588,2
623,claude_opus_4_8_max,49.212379268972214,3
623,claude_fable_5_max,31.03532783995648,4
623,gemini_3_1_pro_high,25.699836173132734,5
623,deepseek_v4_flash_max,23.854856254102792,6
623,qwen3_8_max,23.844525116640007,7
623,deepseek_v4_pro_max,17.85763270434988,8
623,gpt_5_6_sol_max,15.753743712463155,9
623,glm_5_2_max,12.739019041646845,10
624,gpt_5_6_sol_max,81.41716917909,1
624,claude_fable_5_max,70.71583550274269,2
624,kimi_k3_max,58.765855185738914,3
624,qwen3_8_max,57.344856622084805,4
624,gemini_3_1_pro_high,40.41799437951023,5
624,claude_opus_4_8_max,35.38294344198902,6
624,deepseek_v4_pro_max,34.32457420801057,7
624,gpt_5_5_xhigh,29.20265939838044,8
624,glm_5_2_max,24.803876603832734,9
624,deepseek_v4_flash_max,13.168579836952741,10
625,gpt_5_6_sol_max,87.38472463568517,1
625,claude_opus_4_8_max,58.95384738547061,2
625,claude_fable_5_max,57.770830212233435,3
625,gpt_5_5_xhigh,57.11010856245369,4
625,gemini_3_1_pro_high,39.252630959466636,5
625,qwen3_8_max,33.711305941333706,6
625,glm_5_2_max,28.081080431759855,7
625,deepseek_v4_pro_max,24.627436305609976,8
625,kimi_k3_max,19.49212689078867,9
625,deepseek_v4_flash_max,11.6940443290935,10
626,gpt_5_6_sol_max,59.877604834442266,1
626,qwen3_8_max,57.732076723236595,2
626,gpt_5_5_xhigh,45.99750728616144,3
626,claude_fable_5_max,44.407611865445844,4
626,kimi_k3_max,42.554106450002934,5
626,claude_opus_4_8_max,42.548117302531125,6
626,deepseek_v4_flash_max,40.12550149144632,7
626,gemini_3_1_pro_high,31.169390608458027,8
626,deepseek_v4_pro_max,17.489075568073844,9
626,glm_5_2_max,15.314194254719965,10
627,claude_opus_4_8_max,78.47133671866098,1
627,qwen3_8_max,57.227641444666475,2
627,gemini_3_1_pro_high,56.37234130535775,3
627,gpt_5_5_xhigh,52.29558546185366,4
627,claude_fable_5_max,51.54901411217152,5
627,gpt_5_6_sol_max,47.49580565418256,6
627,deepseek_v4_flash_max,42.74544396996298,7
627,glm_5_2_max,40.28586843886548,8
627,kimi_k3_max,25.78815698448493,9
627,deepseek_v4_pro_max,22.972065772907403,10
628,claude_fable_5_max,76.32758601119903,1
628,qwen3_8_max,72.80754839254675,2
628,gpt_5_5_xhigh,70.88091430208098,3
628,gemini_3_1_pro_high,60.55754553973324,4
628,kimi_k3_max,56.16508591783692,5
628,deepseek_v4_flash_max,33.6618906898895,6
628,gpt_5_6_sol_max,29.22125104079811,7
628,claude_opus_4_8_max,28.860396151915932,8
628,deepseek_v4_pro_max,20.962413640778735,9
628,glm_5_2_max,18.877565425125155,10
629,gpt_5_5_xhigh,67.71741319071123,1
629,kimi_k3_max,63.84740679323239,2
629,claude_fable_5_max,61.35708255421363,3
629,gemini_3_1_pro_high,59.92172454908392,4
629,qwen3_8_max,59.845439869723876,5
629,claude_opus_4_8_max,42.68336046305005,6
629,deepseek_v4_pro_max,29.84251399384666,7
629,deepseek_v4_flash_max,27.05041290022342,8
629,gpt_5_6_sol_max,25.58676911990328,9
629,glm_5_2_max,21.419432318425457,10
630,gpt_5_5_xhigh,76.9229179546335,1
630,claude_opus_4_8_max,73.21060765500886,2
630,gemini_3_1_pro_high,56.56454879721631,3
630,qwen3_8_max,53.95161319835093,4
630,gpt_5_6_sol_max,42.5832240024291,5
630,deepseek_v4_pro_max,33.883574213915416,6
630,claude_fable_5_max,29.04255075928212,7
630,kimi_k3_max,26.413861832992,8
630,glm_5_2_max,22.197537958083515,9
630,deepseek_v4_flash_max,15.31453512911089,10
631,gpt_5_6_sol_max,78.57169966513877,1
631,kimi_k3_max,60.070055223005454,2
631,gpt_5_5_xhigh,57.48516651616107,3
631,qwen3_8_max,43.34075193170863,4
631,claude_fable_5_max,39.664499387728114,5
631,gemini_3_1_pro_high,39.07111238550553,6
631,glm_5_2_max,34.02300761108148,7
631,deepseek_v4_pro_max,31.24031439198229,8
631,claude_opus_4_8_max,30.76584170451225,9
631,deepseek_v4_flash_max,27.532583581445003,10
632,gpt_5_6_sol_max,80.7755054666842,1
632,claude_fable_5_max,64.33886698223046,2
632,qwen3_8_max,55.50307988384046,3
632,kimi_k3_max,52.82753613501867,4
632,gemini_3_1_pro_high,38.130018964213846,5
632,gpt_5_5_xhigh,37.7654674639428,6
632,glm_5_2_max,32.822638762124555,7
632,claude_opus_4_8_max,32.28543278911411,8
632,deepseek_v4_flash_max,25.790405587293918,9
632,deepseek_v4_pro_max,24.798814939187295,10
633,gpt_5_6_sol_max,83.8678267880846,1
633,qwen3_8_max,44.2330443027287,2
633,kimi_k3_max,41.214265165078004,3
633,gpt_5_5_xhigh,33.24341756880314,4
633,claude_opus_4_8_max,27.310243889249893,5
633,deepseek_v4_flash_max,26.764098732792775,6
633,glm_5_2_max,25.823281102215567,7
633,claude_fable_5_max,21.232388209057877,8
633,deepseek_v4_pro_max,19.312513481119744,9
633,gemini_3_1_pro_high,15.66483802535237,10
634,gpt_5_6_sol_max,77.59258290411574,1
634,gpt_5_5_xhigh,63.6179048646794,2
634,gemini_3_1_pro_high,57.36197022643354,3
634,qwen3_8_max,56.307511821076524,4
634,claude_opus_4_8_max,48.32044400190711,5
634,claude_fable_5_max,47.40267386585147,6
634,kimi_k3_max,29.21555219183513,7
634,deepseek_v4_flash_max,27.634026518327886,8
634,deepseek_v4_pro_max,27.479842593975313,9
634,glm_5_2_max,21.485959452454154,10
635,claude_opus_4_8_max,75.5805709304378,1
635,gpt_5_6_sol_max,48.84665369883614,2
635,gpt_5_5_xhigh,48.7172778484754,3
635,kimi_k3_max,33.800925263325105,4
635,deepseek_v4_flash_max,26.17869422652583,5
635,gemini_3_1_pro_high,25.253258165171868,6
635,claude_fable_5_max,19.878753790496717,7
635,glm_5_2_max,19.398153639664375,8
635,deepseek_v4_pro_max,18.869347364728096,9
635,qwen3_8_max,15.426902401122357,10
636,kimi_k3_max,69.43138271010434,1
636,gemini_3_1_pro_high,65.27499900457269,2
636,qwen3_8_max,54.126496628163565,3
636,claude_fable_5_max,47.48638966989245,4
636,claude_opus_4_8_max,44.057783785472985,5
636,gpt_5_5_xhigh,26.482459206605473,6
636,gpt_5_6_sol_max,18.36755659181268,7
636,deepseek_v4_pro_max,17.982795782711563,8
636,glm_5_2_max,17.93458023098233,9
636,deepseek_v4_flash_max,3.947600656594207,10
637,claude_opus_4_8_max,68.88479054189837,1
637,qwen3_8_max,64.52872702843432,2
637,claude_fable_5_max,57.15244956356776,3
637,kimi_k3_max,41.82472712475043,4
637,gpt_5_6_sol_max,40.503784199251186,5
637,gemini_3_1_pro_high,39.698292956277754,6
637,gpt_5_5_xhigh,30.805596479625567,7
637,deepseek_v4_flash_max,15.336603306091963,8
637,glm_5_2_max,11.403219407501389,9
637,deepseek_v4_pro_max,7.717060502784843,10
638,gpt_5_5_xhigh,73.28910705619411,1
638,gemini_3_1_pro_high,65.18887054911798,2
638,kimi_k3_max,56.19881627256214,3
638,claude_fable_5_max,51.56310656072724,4
638,glm_5_2_max,36.16155984906457,5
638,qwen3_8_max,34.96120781377198,6
638,deepseek_v4_flash_max,20.03257911532084,7
638,deepseek_v4_pro_max,19.455629767820405,8
638,gpt_5_6_sol_max,17.51737398059259,9
638,claude_opus_4_8_max,17.348386005439853,10
639,gpt_5_6_sol_max,76.10663340694963,1
639,gemini_3_1_pro_high,72.74470609871081,2
639,claude_fable_5_max,71.11633913688146,3
639,claude_opus_4_8_max,61.47243137539188,4
639,qwen3_8_max,58.03533674395996,5
639,kimi_k3_max,43.03198762703988,6
639,deepseek_v4_flash_max,36.30893137178152,7
639,glm_5_2_max,21.836342343226427,8
639,gpt_5_5_xhigh,21.158061943056673,9
639,deepseek_v4_pro_max,12.417609467231673,10
640,qwen3_8_max,64.72953744139339,1
640,gpt_5_6_sol_max,60.94582003594917,2
640,claude_fable_5_max,48.92781822711724,3
640,gemini_3_1_pro_high,46.59180912245198,4
640,kimi_k3_max,46.55155551438866,5
640,gpt_5_5_xhigh,38.50555037928596,6
640,glm_5_2_max,35.226404721042364,7
640,claude_opus_4_8_max,32.997228272178106,8
640,deepseek_v4_flash_max,24.6643145747298,9
640,deepseek_v4_pro_max,6.513404917393657,10
641,kimi_k3_max,75.08563062981275,1
641,qwen3_8_max,71.3018634133839,2
641,gemini_3_1_pro_high,69.07694873199694,3
641,gpt_5_6_sol_max,64.5989770698751,4
641,claude_fable_5_max,61.68237572070996,5
641,claude_opus_4_8_max,51.03800306625952,6
641,deepseek_v4_flash_max,36.76627547412096,7
641,gpt_5_5_xhigh,32.18574586068177,8
641,glm_5_2_max,23.33065864537398,9
641,deepseek_v4_pro_max,5.968336418678855,10
642,gpt_5_6_sol_max,80.02486645359892,1
642,gemini_3_1_pro_high,58.97581218914281,2
642,kimi_k3_max,54.45770871225889,3
642,qwen3_8_max,51.708694258096216,4
642,claude_fable_5_max,43.64888871424094,5
642,glm_5_2_max,29.53678282738854,6
642,claude_opus_4_8_max,25.194466810003814,7
642,deepseek_v4_flash_max,24.844210917686507,8
642,deepseek_v4_pro_max,22.715313484225526,9
642,gpt_5_5_xhigh,18.23132997847276,10
643,claude_opus_4_8_max,75.77825344966823,1
643,qwen3_8_max,52.67553179548473,2
643,gpt_5_6_sol_max,51.23020983419352,3
643,gpt_5_5_xhigh,43.292252958542804,4
643,gemini_3_1_pro_high,41.611121530859606,5
643,deepseek_v4_pro_max,37.427696206571625,6
643,claude_fable_5_max,36.87689482452397,7
643,deepseek_v4_flash_max,33.267997881292,8
643,glm_5_2_max,32.28264149480926,9
643,kimi_k3_max,18.903887740731385,10
644,gemini_3_1_pro_high,75.23944116076001,1
644,claude_fable_5_max,66.5651383267284,2
644,gpt_5_6_sol_max,56.625670661437226,3
644,kimi_k3_max,55.963861012203814,4
644,glm_5_2_max,47.89146706466938,5
644,claude_opus_4_8_max,42.37300476110998,6
644,qwen3_8_max,39.050622889961566,7
644,gpt_5_5_xhigh,37.244827427801624,8
644,deepseek_v4_flash_max,22.702592890483054,9
644,deepseek_v4_pro_max,8.087396323687557,10
645,claude_fable_5_max,74.31402262089227,1
645,gpt_5_6_sol_max,65.09755870743696,2
645,kimi_k3_max,55.68252418024367,3
645,claude_opus_4_8_max,52.58579297098443,4
645,deepseek_v4_pro_max,35.53754375309714,5
645,qwen3_8_max,35.42011636945983,6
645,gemini_3_1_pro_high,26.43770044287359,7
645,glm_5_2_max,22.898278471746206,8
645,deepseek_v4_flash_max,22.829123120105344,9
645,gpt_5_5_xhigh,22.200644327380168,10
646,gpt_5_6_sol_max,72.46474477614723,1
646,kimi_k3_max,58.81958126161973,2
646,qwen3_8_max,44.83916309217934,3
646,gpt_5_5_xhigh,43.17268265025639,4
646,deepseek_v4_pro_max,36.72154454189372,5
646,gemini_3_1_pro_high,35.70790870579013,6
646,glm_5_2_max,31.1304337148715,7
646,claude_opus_4_8_max,26.97174049033801,8
646,claude_fable_5_max,22.430681355139086,9
646,deepseek_v4_flash_max,12.61638149515656,10
647,gpt_5_6_sol_max,68.90450837495767,1
647,claude_fable_5_max,62.96632531590909,2
647,qwen3_8_max,62.198139357977425,3
647,gpt_5_5_xhigh,56.5908935089022,4
647,kimi_k3_max,49.23757230123907,5
647,gemini_3_1_pro_high,43.29619541101934,6
647,claude_opus_4_8_max,24.87324080956597,7
647,glm_5_2_max,24.175824395560618,8
647,deepseek_v4_flash_max,23.590606489903912,9
647,deepseek_v4_pro_max,4.7494150116178435,10
648,gpt_5_6_sol_max,61.28556534527878,1
648,gemini_3_1_pro_high,59.462476995178335,2
648,kimi_k3_max,56.42803172615391,3
648,claude_fable_5_max,54.00713534084012,4
648,deepseek_v4_flash_max,53.63371680263599,5
648,gpt_5_5_xhigh,44.12461991249845,6
648,glm_5_2_max,34.994337036037514,7
648,qwen3_8_max,27.004808401426196,8
648,claude_opus_4_8_max,25.01008277486313,9
648,deepseek_v4_pro_max,10.32908963766053,10
649,gpt_5_5_xhigh,60.77227379241495,1
649,kimi_k3_max,40.691644548342325,2
649,qwen3_8_max,39.89096793580515,3
649,claude_fable_5_max,38.93481684409743,4
649,gpt_5_6_sol_max,33.32275170027502,5
649,glm_5_2_max,32.15664748271503,6
649,deepseek_v4_flash_max,30.317686443732054,7
649,claude_opus_4_8_max,27.51508242076237,8
649,deepseek_v4_pro_max,21.154180884691826,9
649,gemini_3_1_pro_high,10.778734771563242,10
650,kimi_k3_max,79.4837161661323,1
650,qwen3_8_max,71.91615068535538,2
650,claude_fable_5_max,71.51689348758424,3
650,gpt_5_6_sol_max,69.94670506473767,4
650,gpt_5_5_xhigh,57.39032603312283,5
650,gemini_3_1_pro_high,39.66397736311053,6
650,deepseek_v4_flash_max,37.07609676882842,7
650,deepseek_v4_pro_max,35.014500561163196,8
650,claude_opus_4_8_max,23.354080373049026,9
650,glm_5_2_max,22.87053147731624,10
651,claude_fable_5_max,85.68901297398423,1
651,claude_opus_4_8_max,77.46291936532866,2
651,gpt_5_5_xhigh,71.64914683708383,3
651,qwen3_8_max,58.82690850737906,4
651,gemini_3_1_pro_high,52.163671630778055,5
651,gpt_5_6_sol_max,49.85805918604318,6
651,deepseek_v4_flash_max,34.90050555710897,7
651,kimi_k3_max,25.615872357956004,8
651,glm_5_2_max,22.74081373031967,9
651,deepseek_v4_pro_max,13.736711318461854,10
652,claude_fable_5_max,76.85411786651272,1
652,gpt_5_6_sol_max,74.14928789711644,2
652,gemini_3_1_pro_high,67.48699314508113,3
652,gpt_5_5_xhigh,39.492516493772555,4
652,qwen3_8_max,37.72949739021498,5
652,kimi_k3_max,34.090612081877325,6
652,claude_opus_4_8_max,32.38953046160862,7
652,deepseek_v4_flash_max,31.161472609582702,8
652,glm_5_2_max,29.91819439966993,9
652,deepseek_v4_pro_max,20.96249878853663,10
653,gpt_5_6_sol_max,76.97345736890648,1
653,gemini_3_1_pro_high,72.02666750584358,2
653,qwen3_8_max,45.39490868557668,3
653,claude_fable_5_max,35.38893464182799,4
653,kimi_k3_max,31.175610471237444,5
653,claude_opus_4_8_max,28.76172642302973,6
653,gpt_5_5_xhigh,27.62657957461814,7
653,deepseek_v4_pro_max,25.620444760079913,8
653,glm_5_2_max,24.47984545243731,9
653,deepseek_v4_flash_max,15.40765537241279,10
654,claude_opus_4_8_max,73.57850003316368,1
654,gpt_5_6_sol_max,64.69905112606156,2
654,gemini_3_1_pro_high,60.3455157960661,3
654,qwen3_8_max,57.75346223380899,4
654,claude_fable_5_max,39.91839045069732,5
654,glm_5_2_max,33.43884051792267,6
654,deepseek_v4_pro_max,30.92598338405829,7
654,kimi_k3_max,27.215264710070862,8
654,gpt_5_5_xhigh,14.71766176902155,9
654,deepseek_v4_flash_max,13.512737606107066,10
655,gpt_5_5_xhigh,77.67795164679643,1
655,kimi_k3_max,68.92470703676175,2
655,gpt_5_6_sol_max,67.96567455040385,3
655,claude_fable_5_max,58.2149964490205,4
655,qwen3_8_max,53.65226302151125,5
655,gemini_3_1_pro_high,50.65117403397214,6
655,deepseek_v4_flash_max,36.17990476001397,7
655,claude_opus_4_8_max,28.024983822273168,8
655,glm_5_2_max,20.98951123880039,9
655,deepseek_v4_pro_max,18.19219592683441,10
656,gpt_5_6_sol_max,63.59289222263067,1
656,claude_opus_4_8_max,58.95624207112434,2
656,gemini_3_1_pro_high,51.347181291700416,3
656,claude_fable_5_max,44.124459670948966,4
656,gpt_5_5_xhigh,35.50507084070224,5
656,glm_5_2_max,27.35014753437038,6
656,kimi_k3_max,24.966354545406343,7
656,deepseek_v4_flash_max,21.63896001297661,8
656,qwen3_8_max,20.632416666120587,9
656,deepseek_v4_pro_max,3.0266950903285523,10
657,gpt_5_6_sol_max,67.9742862274545,1
657,kimi_k3_max,57.324267234489476,2
657,qwen3_8_max,52.007092959580284,3
657,gemini_3_1_pro_high,51.86637032533096,4
657,claude_fable_5_max,49.11824286046766,5
657,gpt_5_5_xhigh,41.66353196681591,6
657,deepseek_v4_pro_max,40.95882665254969,7
657,claude_opus_4_8_max,26.583894511618183,8
657,glm_5_2_max,14.480793037720371,9
657,deepseek_v4_flash_max,10.022110727604678,10
658,gpt_5_6_sol_max,85.97272444517345,1
658,kimi_k3_max,56.44089190449186,2
658,qwen3_8_max,54.76545801328945,3
658,gemini_3_1_pro_high,44.76831919423752,4
658,claude_opus_4_8_max,43.52955614087925,5
658,gpt_5_5_xhigh,29.046675444692255,6
658,deepseek_v4_pro_max,26.20013801734364,7
658,deepseek_v4_flash_max,23.54896789300446,8
658,claude_fable_5_max,17.282227985588634,9
658,glm_5_2_max,15.635783434485942,10
659,claude_fable_5_max,76.00223733545182,1
659,gpt_5_5_xhigh,73.9912944567028,2
659,gpt_5_6_sol_max,60.76982711526683,3
659,kimi_k3_max,52.40763521475735,4
659,qwen3_8_max,38.455523235136646,5
659,deepseek_v4_flash_max,37.48553786261664,6
659,claude_opus_4_8_max,27.317854905791386,7
659,gemini_3_1_pro_high,24.694753446014147,8
659,glm_5_2_max,20.61658921810023,9
659,deepseek_v4_pro_max,14.66229153835941,10
660,kimi_k3_max,70.98643718436345,1
660,qwen3_8_max,59.219841961779764,2
660,claude_fable_5_max,53.89081921675003,3
660,deepseek_v4_flash_max,47.619693192242096,4
660,gpt_5_6_sol_max,43.741332706590164,5
660,gpt_5_5_xhigh,41.726074429115315,6
660,claude_opus_4_8_max,40.871971825984666,7
660,glm_5_2_max,29.42978388556995,8
660,gemini_3_1_pro_high,29.249809863594542,9
660,deepseek_v4_pro_max,11.540998188837337,10
661,claude_fable_5_max,75.87756280755497,1
661,gpt_5_5_xhigh,72.61221303721672,2
661,claude_opus_4_8_max,60.2892090740894,3
661,gemini_3_1_pro_high,58.971990117809014,4
661,qwen3_8_max,57.537086779711956,5
661,kimi_k3_max,55.90247934048194,6
661,glm_5_2_max,34.076550069200096,7
661,gpt_5_6_sol_max,28.868802297426992,8
661,deepseek_v4_flash_max,25.048295879192725,9
661,deepseek_v4_pro_max,15.49311756000248,10
662,gpt_5_6_sol_max,83.30891121044586,1
662,qwen3_8_max,51.88660186873118,2
662,claude_opus_4_8_max,42.646217351438096,3
662,gpt_5_5_xhigh,41.96570702606017,4
662,gemini_3_1_pro_high,40.26444051538204,5
662,claude_fable_5_max,38.86068034683235,6
662,deepseek_v4_pro_max,32.13824314052937,7
662,kimi_k3_max,25.264728359395114,8
662,glm_5_2_max,20.954822862088562,9
662,deepseek_v4_flash_max,11.840341375669576,10
663,gemini_3_1_pro_high,72.65948836908976,1
663,claude_fable_5_max,58.219142952140025,2
663,qwen3_8_max,57.72195031806421,3
663,kimi_k3_max,51.12183254729098,4
663,deepseek_v4_pro_max,45.168906754135946,5
663,gpt_5_5_xhigh,29.205904688211643,6
663,glm_5_2_max,27.632728253726388,7
663,gpt_5_6_sol_max,24.677806723405695,8
663,claude_opus_4_8_max,17.25548101758667,9
663,deepseek_v4_flash_max,12.503068832013172,10
664,claude_fable_5_max,83.91198174792154,1
664,qwen3_8_max,80.56263497202133,2
664,gemini_3_1_pro_high,62.59196344940164,3
664,kimi_k3_max,47.64890850222799,4
664,gpt_5_6_sol_max,42.391448891829185,5
664,claude_opus_4_8_max,41.9045102518478,6
664,glm_5_2_max,29.669939534383715,7
664,gpt_5_5_xhigh,26.891832479847054,8
664,deepseek_v4_flash_max,16.640391682006072,9
664,deepseek_v4_pro_max,13.768311716842213,10
665,kimi_k3_max,82.99746567305681,1
665,gpt_5_6_sol_max,64.69426426253321,2
665,claude_opus_4_8_max,45.33675553476968,3
665,gemini_3_1_pro_high,44.8159166874907,4
665,claude_fable_5_max,41.3201056734497,5
665,qwen3_8_max,37.76155280949048,6
665,glm_5_2_max,33.652709024867164,7
665,deepseek_v4_pro_max,32.668556912316596,8
665,deepseek_v4_flash_max,22.13327121771718,9
665,gpt_5_5_xhigh,15.598453434307196,10
666,claude_opus_4_8_max,63.44805801808428,1
666,gpt_5_6_sol_max,54.58039039572631,2
666,gemini_3_1_pro_high,41.57821992707912,3
666,claude_fable_5_max,41.06756136665488,4
666,deepseek_v4_flash_max,40.051388499319444,5
666,gpt_5_5_xhigh,38.15335683241298,6
666,deepseek_v4_pro_max,37.146352144558534,7
666,qwen3_8_max,24.54132427990222,8
666,glm_5_2_max,14.167024390953578,9
666,kimi_k3_max,13.744601733270823,10
667,claude_opus_4_8_max,63.569127435306825,1
667,gpt_5_6_sol_max,60.19390927759538,2
667,claude_fable_5_max,55.80104421554395,3
667,gemini_3_1_pro_high,54.035912167181195,4
667,kimi_k3_max,50.730787509109845,5
667,qwen3_8_max,43.798409984407996,6
667,deepseek_v4_pro_max,33.63223121450396,7
667,deepseek_v4_flash_max,22.02104289193025,8
667,gpt_5_5_xhigh,17.79186741249662,9
667,glm_5_2_max,17.38468478406116,10
668,kimi_k3_max,68.7632663559914,1
668,gpt_5_6_sol_max,56.82375870798762,2
668,claude_fable_5_max,54.128109978188036,3
668,deepseek_v4_pro_max,42.894060455748324,4
668,gpt_5_5_xhigh,41.94589343371872,5
668,glm_5_2_max,31.09145958239794,6
668,gemini_3_1_pro_high,21.211061792292462,7
668,qwen3_8_max,18.922765387336348,8
668,claude_opus_4_8_max,18.0936539757717,9
668,deepseek_v4_flash_max,15.94930208136935,10
669,claude_opus_4_8_max,68.11079870386493,1
669,qwen3_8_max,53.78830103929472,2
669,gpt_5_5_xhigh,49.45687381826316,3
669,kimi_k3_max,47.9022283344156,4
669,deepseek_v4_pro_max,42.496626384283296,5
669,claude_fable_5_max,39.28360417454972,6
669,gemini_3_1_pro_high,31.43857281377378,7
669,gpt_5_6_sol_max,21.073663240255943,8
669,deepseek_v4_flash_max,20.804926650212604,9
669,glm_5_2_max,8.025432664540963,10
670,claude_opus_4_8_max,66.00815059330377,1
670,qwen3_8_max,59.15491830063294,2
670,gemini_3_1_pro_high,57.94544664113482,3
670,gpt_5_5_xhigh,54.558864681454395,4
670,deepseek_v4_pro_max,49.43997753765864,5
670,gpt_5_6_sol_max,43.83150327086824,6
670,glm_5_2_max,37.31092335028789,7
670,kimi_k3_max,31.55976188904385,8
670,claude_fable_5_max,25.43722617162013,9
670,deepseek_v4_flash_max,16.979416477199013,10
671,gpt_5_5_xhigh,71.27599188621727,1
671,gpt_5_6_sol_max,49.869426525023506,2
671,claude_fable_5_max,48.28370995990839,3
671,qwen3_8_max,42.55614102282732,4
671,kimi_k3_max,36.76569209492818,5
671,claude_opus_4_8_max,30.769007616161595,6
671,deepseek_v4_pro_max,28.992966145062763,7
671,deepseek_v4_flash_max,26.80943424276912,8
671,glm_5_2_max,23.469884158175923,9
671,gemini_3_1_pro_high,21.921195959733,10
672,claude_fable_5_max,71.98218186337618,1
672,gpt_5_5_xhigh,52.89359358392317,2
672,kimi_k3_max,49.399536149842135,3
672,qwen3_8_max,42.641012890404625,4
672,gemini_3_1_pro_high,41.01968772024668,5
672,gpt_5_6_sol_max,40.64595678461515,6
672,glm_5_2_max,32.47561143419149,7
672,claude_opus_4_8_max,32.079369980756766,8
672,deepseek_v4_pro_max,21.088230563174086,9
672,deepseek_v4_flash_max,7.027251026734365,10
673,claude_opus_4_8_max,69.81539196974336,1
673,qwen3_8_max,66.62541648625384,2
673,gpt_5_6_sol_max,62.918946418871926,3
673,gemini_3_1_pro_high,61.11879290200822,4
673,claude_fable_5_max,53.81209357771934,5
673,kimi_k3_max,51.04259206006611,6
673,deepseek_v4_pro_max,46.9303350498886,7
673,gpt_5_5_xhigh,35.39043571299518,8
673,deepseek_v4_flash_max,32.05285874112744,9
673,glm_5_2_max,28.222955189852343,10
674,claude_opus_4_8_max,71.71816631879057,1
674,gpt_5_6_sol_max,60.732351616270705,2
674,claude_fable_5_max,58.14662757905593,3
674,qwen3_8_max,57.05563141195037,4
674,gemini_3_1_pro_high,48.615243812496104,5
674,gpt_5_5_xhigh,34.80403044398177,6
674,kimi_k3_max,33.98218172210486,7
674,deepseek_v4_flash_max,23.392042471816197,8
674,glm_5_2_max,14.995569385400422,9
674,deepseek_v4_pro_max,7.760864116151524,10
675,gpt_5_6_sol_max,78.28771607639223,1
675,qwen3_8_max,61.83211835025601,2
675,gpt_5_5_xhigh,55.141347783611195,3
675,claude_opus_4_8_max,46.624168668036894,4
675,gemini_3_1_pro_high,43.85898687615642,5
675,claude_fable_5_max,36.03172309889115,6
675,deepseek_v4_pro_max,33.88063000567735,7
675,glm_5_2_max,19.832054097558576,8
675,kimi_k3_max,18.486083602634203,9
675,deepseek_v4_flash_max,18.352104426182212,10
676,gemini_3_1_pro_high,77.62943606905887,1
676,gpt_5_5_xhigh,74.93480542585604,2
676,claude_opus_4_8_max,55.595219405178284,3
676,qwen3_8_max,51.251791650183414,4
676,gpt_5_6_sol_max,48.21357311688289,5
676,claude_fable_5_max,40.3822778692842,6
676,deepseek_v4_pro_max,37.00074501620436,7
676,glm_5_2_max,31.329322553567955,8
676,kimi_k3_max,27.497296880951332,9
676,deepseek_v4_flash_max,7.048645258007475,10
677,claude_fable_5_max,65.85667982430374,1
677,gpt_5_6_sol_max,65.73474558439906,2
677,qwen3_8_max,65.50856739389337,3
677,kimi_k3_max,57.44671226721283,4
677,gemini_3_1_pro_high,42.08932864847603,5
677,claude_opus_4_8_max,31.44118752505524,6
677,gpt_5_5_xhigh,24.79280958103428,7
677,glm_5_2_max,20.829938063062322,8
677,deepseek_v4_pro_max,19.720992151654915,9
677,deepseek_v4_flash_max,19.394338564047594,10
678,gpt_5_6_sol_max,77.50421176387644,1
678,gpt_5_5_xhigh,77.03478379480273,2
678,claude_fable_5_max,56.156365695392196,3
678,gemini_3_1_pro_high,55.86181058397108,4
678,qwen3_8_max,55.62860608014691,5
678,deepseek_v4_flash_max,45.2685230423549,6
678,glm_5_2_max,43.62727442049279,7
678,kimi_k3_max,38.8626990151604,8
678,deepseek_v4_pro_max,29.788379159283863,9
678,claude_opus_4_8_max,26.331428227078806,10
679,claude_opus_4_8_max,87.94109060569467,1
679,qwen3_8_max,79.18565111219338,2
679,gemini_3_1_pro_high,69.66174616036821,3
679,gpt_5_6_sol_max,66.88954924140842,4
679,claude_fable_5_max,54.36461239619737,5
679,kimi_k3_max,48.57283686712777,6
679,deepseek_v4_flash_max,36.24332220878021,7
679,glm_5_2_max,32.56869036889849,8
679,gpt_5_5_xhigh,20.987514062582214,9
679,deepseek_v4_pro_max,20.20564665401701,10
680,gpt_5_6_sol_max,73.94888702327069,1
680,gpt_5_5_xhigh,62.35923006094839,2
680,kimi_k3_max,48.5599985558689,3
680,gemini_3_1_pro_high,41.23814121630208,4
680,claude_fable_5_max,40.61584412485155,5
680,deepseek_v4_flash_max,30.18233823780848,6
680,claude_opus_4_8_max,28.38211802722896,7
680,qwen3_8_max,18.49741298279531,8
680,deepseek_v4_pro_max,17.972882774585056,9
680,glm_5_2_max,17.425880355581175,10
681,qwen3_8_max,75.5966682057076,1
681,gpt_5_5_xhigh,68.30704558317532,2
681,claude_fable_5_max,68.10666158227323,3
681,gpt_5_6_sol_max,59.230254049214025,4
681,gemini_3_1_pro_high,55.25975421625496,5
681,kimi_k3_max,40.32857695449189,6
681,deepseek_v4_pro_max,30.257892120862707,7
681,claude_opus_4_8_max,27.081747289813777,8
681,deepseek_v4_flash_max,22.81302630643158,9
681,glm_5_2_max,18.86230429505678,10
682,gpt_5_6_sol_max,78.19099049221401,1
682,claude_fable_5_max,66.0727601158837,2
682,kimi_k3_max,60.03160498405943,3
682,gemini_3_1_pro_high,51.85022306632676,4
682,qwen3_8_max,46.359543738780616,5
682,deepseek_v4_flash_max,40.40844705685124,6
682,deepseek_v4_pro_max,34.2025379266087,7
682,glm_5_2_max,26.436637719061903,8
682,claude_opus_4_8_max,22.56184614317405,9
682,gpt_5_5_xhigh,20.78852545202811,10
683,qwen3_8_max,70.5064781221643,1
683,gpt_5_6_sol_max,62.84597262223718,2
683,kimi_k3_max,59.31083447839687,3
683,gpt_5_5_xhigh,59.21882537011682,4
683,claude_fable_5_max,56.298577004468484,5
683,gemini_3_1_pro_high,50.3299092358908,6
683,deepseek_v4_flash_max,44.87254652272128,7
683,claude_opus_4_8_max,20.077773371519754,8
683,glm_5_2_max,19.078242053141956,9
683,deepseek_v4_pro_max,10.170140138543509,10
684,kimi_k3_max,83.87422762328033,1
684,gpt_5_6_sol_max,48.83043361394458,2
684,gemini_3_1_pro_high,41.38554777947245,3
684,claude_opus_4_8_max,41.33540734485088,4
684,claude_fable_5_max,37.990349648530106,5
684,deepseek_v4_pro_max,31.226271470574957,6
684,gpt_5_5_xhigh,30.468291636264613,7
684,glm_5_2_max,24.557956243307775,8
684,qwen3_8_max,18.52147639762477,9
684,deepseek_v4_flash_max,16.75434163688024,10
685,gpt_5_6_sol_max,79.76184173186518,1
685,claude_opus_4_8_max,53.12259469918881,2
685,gpt_5_5_xhigh,40.284150138124815,3
685,qwen3_8_max,39.55445870649034,4
685,kimi_k3_max,31.99275672157409,5
685,claude_fable_5_max,31.486651630344248,6
685,glm_5_2_max,26.395488355191787,7
685,gemini_3_1_pro_high,21.557961350406938,8
685,deepseek_v4_flash_max,20.53961607409394,9
685,deepseek_v4_pro_max,10.032078082409148,10
686,kimi_k3_max,75.6471593816882,1
686,claude_fable_5_max,67.36533915882237,2
686,qwen3_8_max,63.210762024193926,3
686,gpt_5_6_sol_max,62.487263939871426,4
686,gemini_3_1_pro_high,54.961786600011614,5
686,claude_opus_4_8_max,44.976584690339365,6
686,deepseek_v4_flash_max,39.5304442889851,7
686,gpt_5_5_xhigh,24.696677135277255,8
686,glm_5_2_max,19.179166726198705,9
686,deepseek_v4_pro_max,13.708313633239884,10
687,gpt_5_6_sol_max,78.01086562859288,1
687,claude_opus_4_8_max,55.46123037925048,2
687,qwen3_8_max,34.5034868694996,3
687,kimi_k3_max,34.245708776841816,4
687,claude_fable_5_max,32.85120459671026,5
687,gemini_3_1_pro_high,30.803092310541338,6
687,gpt_5_5_xhigh,29.48752365894734,7
687,deepseek_v4_pro_max,18.827224647559504,8
687,glm_5_2_max,16.033288401575064,9
687,deepseek_v4_flash_max,11.868141035419622,10
688,gpt_5_6_sol_max,81.94397434147899,1
688,gemini_3_1_pro_high,65.77598716451632,2
688,qwen3_8_max,57.66141056161072,3
688,kimi_k3_max,56.188091021196044,4
688,claude_opus_4_8_max,44.09715871795188,5
688,deepseek_v4_pro_max,42.98871495523681,6
688,claude_fable_5_max,40.29337792552898,7
688,glm_5_2_max,25.14222243193717,8
688,gpt_5_5_xhigh,19.12099189706483,9
688,deepseek_v4_flash_max,10.673735940809927,10
689,gpt_5_6_sol_max,78.4602214252229,1
689,qwen3_8_max,56.1859372339827,2
689,deepseek_v4_pro_max,54.35738661808208,3
689,gpt_5_5_xhigh,45.41977202234036,4
689,claude_fable_5_max,44.95203156055303,5
689,claude_opus_4_8_max,43.02146004866747,6
689,gemini_3_1_pro_high,42.48202044809369,7
689,kimi_k3_max,32.99169202606549,8
689,deepseek_v4_flash_max,25.205106345360868,9
689,glm_5_2_max,21.06440690648398,10
690,claude_fable_5_max,70.3561671207145,1
690,kimi_k3_max,65.00074417179107,2
690,gemini_3_1_pro_high,63.31040504450849,3
690,gpt_5_5_xhigh,63.27560578630221,4
690,gpt_5_6_sol_max,58.340029475302146,5
690,qwen3_8_max,40.730861429443976,6
690,deepseek_v4_pro_max,31.77601913045762,7
690,glm_5_2_max,25.9283478750734,8
690,claude_opus_4_8_max,24.86529037473171,9
690,deepseek_v4_flash_max,9.421937526305374,10
691,gpt_5_6_sol_max,78.51416506947112,1
691,gpt_5_5_xhigh,53.78186607793415,2
691,qwen3_8_max,51.38799908462235,3
691,claude_fable_5_max,50.190763069839264,4
691,gemini_3_1_pro_high,35.48386632980397,5
691,kimi_k3_max,30.977737935147978,6
691,claude_opus_4_8_max,28.557229861936296,7
691,glm_5_2_max,26.198401800688803,8
691,deepseek_v4_pro_max,19.9828988499449,9
691,deepseek_v4_flash_max,10.080119095156645,10
692,gpt_5_6_sol_max,76.30568970504149,1
692,gemini_3_1_pro_high,70.78996008792551,2
692,claude_fable_5_max,68.09873507174223,3
692,qwen3_8_max,57.4301493333289,4
692,claude_opus_4_8_max,55.45872269184119,5
692,kimi_k3_max,53.62779082189904,6
692,gpt_5_5_xhigh,27.64232240051432,7
692,deepseek_v4_flash_max,21.55201757126587,8
692,deepseek_v4_pro_max,20.093374838627092,9
692,glm_5_2_max,16.65632002500663,10
693,kimi_k3_max,60.12892017825432,1
693,claude_fable_5_max,57.4805001391465,2
693,qwen3_8_max,56.85344675565369,3
693,gpt_5_6_sol_max,50.14359640157724,4
693,gpt_5_5_xhigh,46.618289829840464,5
693,glm_5_2_max,39.766503659367366,6
693,gemini_3_1_pro_high,38.67039165712139,7
693,claude_opus_4_8_max,31.349192770787248,8
693,deepseek_v4_pro_max,30.1049055764331,9
693,deepseek_v4_flash_max,2.432944266693745,10
694,gpt_5_6_sol_max,84.50688570937874,1
694,claude_fable_5_max,65.3496349280387,2
694,kimi_k3_max,51.73367572173585,3
694,gemini_3_1_pro_high,50.731136843517774,4
694,claude_opus_4_8_max,46.858610634716825,5
694,gpt_5_5_xhigh,29.821914623254163,6
694,glm_5_2_max,28.409508215027444,7
694,deepseek_v4_pro_max,21.83658418949951,8
694,qwen3_8_max,20.255048491304535,9
694,deepseek_v4_flash_max,12.747215021787245,10
695,gpt_5_6_sol_max,63.260036529267055,1
695,gemini_3_1_pro_high,54.11191086484409,2
695,claude_fable_5_max,53.25780701218604,3
695,qwen3_8_max,43.58605016971075,4
695,claude_opus_4_8_max,41.59199788282267,5
695,kimi_k3_max,26.395257505357232,6
695,gpt_5_5_xhigh,23.504642822967888,7
695,deepseek_v4_pro_max,20.1943167217754,8
695,glm_5_2_max,16.548081735891422,9
695,deepseek_v4_flash_max,7.974401408440297,10
696,qwen3_8_max,82.37251581236117,1
696,gpt_5_6_sol_max,81.32778850410755,2
696,claude_opus_4_8_max,49.63345048659634,3
696,gemini_3_1_pro_high,32.579586859818065,4
696,kimi_k3_max,24.18510228098875,5
696,claude_fable_5_max,20.26152731806928,6
696,deepseek_v4_pro_max,19.47259141993937,7
696,glm_5_2_max,19.17832360501379,8
696,deepseek_v4_flash_max,18.954931363670966,9
696,gpt_5_5_xhigh,18.16848587427331,10
697,gpt_5_6_sol_max,79.75838519276785,1
697,claude_fable_5_max,76.84711648535557,2
697,gpt_5_5_xhigh,44.553793106805415,3
697,gemini_3_1_pro_high,43.122784257074514,4
697,glm_5_2_max,41.30051358014444,5
697,qwen3_8_max,39.488773145216726,6
697,claude_opus_4_8_max,33.60375512235012,7
697,kimi_k3_max,23.65458610887783,8
697,deepseek_v4_pro_max,21.64566990256148,9
697,deepseek_v4_flash_max,21.22076899253416,10
698,kimi_k3_max,66.10169262455607,1
698,claude_fable_5_max,56.3229551592478,2
698,gpt_5_5_xhigh,38.924327170672406,3
698,claude_opus_4_8_max,37.64516427400637,4
698,glm_5_2_max,34.48346147168354,5
698,gpt_5_6_sol_max,32.21868687307836,6
698,qwen3_8_max,24.325923409093036,7
698,deepseek_v4_pro_max,21.458370022730193,8
698,deepseek_v4_flash_max,20.411053718064807,9
698,gemini_3_1_pro_high,18.678698090364136,10
699,qwen3_8_max,77.00292691005647,1
699,gpt_5_5_xhigh,71.6264263821954,2
699,kimi_k3_max,68.82600496118606,3
699,claude_fable_5_max,58.609226357302646,4
699,deepseek_v4_flash_max,36.403481011767305,5
699,claude_opus_4_8_max,31.116421854270254,6
699,gpt_5_6_sol_max,28.465245716350097,7
699,gemini_3_1_pro_high,22.31272031412131,8
699,deepseek_v4_pro_max,14.475580030311736,9
699,glm_5_2_max,12.348235797111599,10
700,claude_opus_4_8_max,75.86330096744396,1
700,claude_fable_5_max,58.79028503084834,2
700,kimi_k3_max,54.19391107648258,3
700,gemini_3_1_pro_high,51.56351266565103,4
700,gpt_5_6_sol_max,50.41469633245896,5
700,deepseek_v4_pro_max,46.29028856927656,6
700,qwen3_8_max,44.55839976467108,7
700,gpt_5_5_xhigh,29.258105993972585,8
700,glm_5_2_max,21.21470356114909,9
700,deepseek_v4_flash_max,13.283666198627056,10
701,kimi_k3_max,71.76902626259252,1
701,claude_opus_4_8_max,59.698393390574715,2
701,claude_fable_5_max,50.322848654352896,3
701,gpt_5_5_xhigh,50.11144824121227,4
701,gpt_5_6_sol_max,45.63646755984706,5
701,qwen3_8_max,40.15865621655291,6
701,gemini_3_1_pro_high,38.72958860153422,7
701,glm_5_2_max,36.4644478276797,8
701,deepseek_v4_flash_max,29.688095669945504,9
701,deepseek_v4_pro_max,19.593181452796266,10
702,gemini_3_1_pro_high,75.81317460839583,1
702,qwen3_8_max,55.078947088764124,2
702,claude_opus_4_8_max,54.6673729103922,3
702,claude_fable_5_max,53.486748828136285,4
702,gpt_5_5_xhigh,32.20777100923381,5
702,gpt_5_6_sol_max,22.93171339911204,6
702,deepseek_v4_flash_max,19.03363871880142,7
702,kimi_k3_max,16.86100458267643,8
702,deepseek_v4_pro_max,13.097300490854394,9
702,glm_5_2_max,9.053988517451133,10
703,qwen3_8_max,71.03146182161188,1
703,gpt_5_6_sol_max,70.13245480872153,2
703,claude_opus_4_8_max,68.84812125286862,3
703,gemini_3_1_pro_high,64.4555276498555,4
703,claude_fable_5_max,62.213190211547,5
703,kimi_k3_max,39.6782466496521,6
703,deepseek_v4_flash_max,39.10490848727513,7
703,glm_5_2_max,32.812119042866584,8
703,gpt_5_5_xhigh,24.768926692752416,9
703,deepseek_v4_pro_max,21.90231567173973,10
704,claude_opus_4_8_max,78.9515187079754,1
704,claude_fable_5_max,65.33179168998588,2
704,gemini_3_1_pro_high,55.867368163001316,3
704,gpt_5_6_sol_max,54.627566033554594,4
704,qwen3_8_max,47.313247129338045,5
704,deepseek_v4_pro_max,45.62059158060021,6
704,gpt_5_5_xhigh,31.455404673863086,7
704,glm_5_2_max,27.439985006908874,8
704,kimi_k3_max,26.272071739820994,9
704,deepseek_v4_flash_max,10.925878199965052,10
705,gpt_5_5_xhigh,61.30535013355724,1
705,qwen3_8_max,58.70827734239745,2
705,claude_fable_5_max,52.02675727359218,3
705,gpt_5_6_sol_max,47.36151954488293,4
705,deepseek_v4_flash_max,33.911244394272785,5
705,kimi_k3_max,30.863085161978145,6
705,claude_opus_4_8_max,27.252606785844744,7
705,gemini_3_1_pro_high,22.57241058217998,8
705,glm_5_2_max,22.171728512259573,9
705,deepseek_v4_pro_max,13.15438244319106,10
706,gpt_5_6_sol_max,70.34680855294162,1
706,qwen3_8_max,64.22907731316872,2
706,claude_fable_5_max,51.13718492609405,3
706,gemini_3_1_pro_high,50.26164980580303,4
706,kimi_k3_max,39.810387588182614,5
706,gpt_5_5_xhigh,37.49376238793637,6
706,claude_opus_4_8_max,29.10295033141926,7
706,deepseek_v4_flash_max,26.00901956497012,8
706,deepseek_v4_pro_max,24.679971492744507,9
706,glm_5_2_max,20.26485207709873,10
707,gpt_5_6_sol_max,73.09246300659402,1
707,gpt_5_5_xhigh,49.372800911512314,2
707,qwen3_8_max,47.961929251200644,3
707,gemini_3_1_pro_high,35.0883576740696,4
707,claude_fable_5_max,34.487158761972154,5
707,claude_opus_4_8_max,33.74502353885951,6
707,kimi_k3_max,32.207828452157486,7
707,glm_5_2_max,31.38712869219823,8
707,deepseek_v4_pro_max,28.980195847890762,9
707,deepseek_v4_flash_max,10.844693893969067,10
708,claude_fable_5_max,74.92272687537348,1
708,qwen3_8_max,59.71106664171157,2
708,gemini_3_1_pro_high,55.27955461803871,3
708,kimi_k3_max,55.0335069434365,4
708,gpt_5_6_sol_max,54.25980461784047,5
708,deepseek_v4_pro_max,51.43447199469526,6
708,gpt_5_5_xhigh,37.32115364858312,7
708,glm_5_2_max,25.15817793647185,8
708,deepseek_v4_flash_max,22.7925183897707,9
708,claude_opus_4_8_max,21.274415699791206,10
709,claude_fable_5_max,68.48809096317181,1
709,claude_opus_4_8_max,67.09394562216671,2
709,gemini_3_1_pro_high,63.28026218603482,3
709,qwen3_8_max,57.155591724398846,4
709,gpt_5_5_xhigh,53.84980523886396,5
709,gpt_5_6_sol_max,50.98341515644401,6
709,kimi_k3_max,49.4230625513503,7
709,deepseek_v4_flash_max,39.918786639839155,8
709,deepseek_v4_pro_max,29.412499284291506,9
709,glm_5_2_max,20.896510728100413,10
710,claude_fable_5_max,79.30233031521931,1
710,gpt_5_5_xhigh,70.25024119292885,2
710,qwen3_8_max,54.5965529406994,3
710,claude_opus_4_8_max,46.251820486289276,4
710,kimi_k3_max,36.52696656508047,5
710,gpt_5_6_sol_max,34.52008791438977,6
710,gemini_3_1_pro_high,30.931130186109485,7
710,deepseek_v4_pro_max,22.999375168515684,8
710,glm_5_2_max,18.355713982261726,9
710,deepseek_v4_flash_max,17.44833192736479,10
711,kimi_k3_max,65.66676618035703,1
711,gemini_3_1_pro_high,64.88037305413003,2
711,gpt_5_6_sol_max,60.915416341582635,3
711,qwen3_8_max,53.270636442443916,4
711,claude_fable_5_max,52.1766933697504,5
711,claude_opus_4_8_max,44.80900973498976,6
711,gpt_5_5_xhigh,41.83407125414226,7
711,deepseek_v4_pro_max,22.801173478098953,8
711,deepseek_v4_flash_max,15.317621374552925,9
711,glm_5_2_max,12.316779780214635,10
712,gpt_5_5_xhigh,70.43988909261884,1
712,qwen3_8_max,65.75069857702488,2
712,claude_opus_4_8_max,63.336547244310815,3
712,gpt_5_6_sol_max,60.347338511766715,4
712,gemini_3_1_pro_high,58.115094066229574,5
712,deepseek_v4_flash_max,43.29871018389684,6
712,claude_fable_5_max,38.08501928587766,7
712,glm_5_2_max,30.562731916536606,8
712,deepseek_v4_pro_max,14.241962372911615,9
712,kimi_k3_max,13.268152244983884,10
713,claude_opus_4_8_max,79.81044778139693,1
713,gemini_3_1_pro_high,71.28368799337522,2
713,qwen3_8_max,56.11285829115673,3
713,claude_fable_5_max,53.888044065913775,4
713,deepseek_v4_pro_max,38.237010441762585,5
713,gpt_5_6_sol_max,37.19098288547979,6
713,kimi_k3_max,28.746154907012556,7
713,gpt_5_5_xhigh,26.945560357412155,8
713,glm_5_2_max,24.538115165122026,9
713,deepseek_v4_flash_max,16.12588718269084,10
714,claude_fable_5_max,71.29212033588945,1
714,claude_opus_4_8_max,63.914972888512054,2
714,gpt_5_5_xhigh,45.85403406385296,3
714,deepseek_v4_flash_max,28.446634821679638,4
714,gemini_3_1_pro_high,26.519106449748826,5
714,gpt_5_6_sol_max,26.09561160668631,6
714,kimi_k3_max,23.767668866466902,7
714,deepseek_v4_pro_max,22.646253220935165,8
714,qwen3_8_max,20.541084165761198,9
714,glm_5_2_max,16.367214383201066,10
715,gpt_5_5_xhigh,66.69486473275549,1
715,claude_fable_5_max,64.53340620460003,2
715,gpt_5_6_sol_max,43.79857381035157,3
715,deepseek_v4_flash_max,31.83184843117302,4
715,gemini_3_1_pro_high,29.340644529360723,5
715,kimi_k3_max,23.973447429856293,6
715,deepseek_v4_pro_max,21.6927377825153,7
715,qwen3_8_max,17.90625871715858,8
715,claude_opus_4_8_max,17.7780721688613,9
715,glm_5_2_max,17.645865310934553,10
716,gpt_5_5_xhigh,73.57756341392098,1
716,claude_fable_5_max,70.78038170368652,2
716,gpt_5_6_sol_max,66.67174279198115,3
716,qwen3_8_max,50.93931393143711,4
716,gemini_3_1_pro_high,42.254917316467775,5
716,kimi_k3_max,39.098589057319856,6
716,deepseek_v4_flash_max,33.2239261787862,7
716,deepseek_v4_pro_max,31.862848394078284,8
716,claude_opus_4_8_max,18.816696601304177,9
716,glm_5_2_max,10.28625895571069,10
717,claude_opus_4_8_max,78.98255085697501,1
717,gpt_5_6_sol_max,71.51262956044886,2
717,claude_fable_5_max,37.39843653009623,3
717,gemini_3_1_pro_high,28.605689412785836,4
717,kimi_k3_max,27.675594185200396,5
717,deepseek_v4_pro_max,27.547800483820666,6
717,qwen3_8_max,24.380432405861615,7
717,glm_5_2_max,22.045051771056826,8
717,deepseek_v4_flash_max,14.95508256005603,9
717,gpt_5_5_xhigh,11.880749020693745,10
718,gpt_5_6_sol_max,86.66987769996449,1
718,gpt_5_5_xhigh,45.07999802840018,2
718,gemini_3_1_pro_high,42.1103919976361,3
718,qwen3_8_max,40.4580247913546,4
718,claude_opus_4_8_max,37.81429541360144,5
718,kimi_k3_max,32.69350354528599,6
718,deepseek_v4_pro_max,28.683873114815924,7
718,claude_fable_5_max,26.222071602939344,8
718,glm_5_2_max,18.127347839876034,9
718,deepseek_v4_flash_max,6.229048251207913,10
719,gemini_3_1_pro_high,88.49083572788797,1
719,claude_opus_4_8_max,63.41891184229918,2
719,gpt_5_6_sol_max,58.32414954208506,3
719,kimi_k3_max,47.320684183814535,4
719,claude_fable_5_max,32.447376879455874,5
719,qwen3_8_max,28.158201422285664,6
719,deepseek_v4_pro_max,24.915071825922947,7
719,gpt_5_5_xhigh,15.492842217179525,8
719,glm_5_2_max,15.079649485934585,9
719,deepseek_v4_flash_max,12.586199401399917,10
720,claude_fable_5_max,69.13923377877654,1
720,claude_opus_4_8_max,62.32468183670598,2
720,gpt_5_5_xhigh,62.14338742212199,3
720,gemini_3_1_pro_high,59.68884321576368,4
720,gpt_5_6_sol_max,57.727720019585966,5
720,qwen3_8_max,47.79788021027288,6
720,kimi_k3_max,43.04109158364319,7
720,deepseek_v4_pro_max,36.94945249638176,8
720,glm_5_2_max,13.070602183111783,9
720,deepseek_v4_flash_max,7.302971710191925,10
721,claude_opus_4_8_max,78.36308200531715,1
721,gpt_5_5_xhigh,59.62049785274223,2
721,deepseek_v4_pro_max,46.569451323147085,3
721,kimi_k3_max,39.54389947848991,4
721,gpt_5_6_sol_max,39.144413559956234,5
721,qwen3_8_max,37.35823871117675,6
721,claude_fable_5_max,30.79463370260104,7
721,glm_5_2_max,22.76013424450076,8
721,deepseek_v4_flash_max,13.392456300258887,9
721,gemini_3_1_pro_high,13.294455911216442,10
722,gpt_5_5_xhigh,77.13671491800802,1
722,kimi_k3_max,53.11809078178388,2
722,claude_opus_4_8_max,49.92295281787431,3
722,deepseek_v4_pro_max,48.30983124303848,4
722,gemini_3_1_pro_high,43.23194027195865,5
722,qwen3_8_max,42.1702993936918,6
722,glm_5_2_max,36.00227325780595,7
722,claude_fable_5_max,31.118478506244628,8
722,gpt_5_6_sol_max,29.183988098274956,9
722,deepseek_v4_flash_max,15.933827261368602,10
723,claude_opus_4_8_max,72.95725280884304,1
723,kimi_k3_max,60.878862527368156,2
723,claude_fable_5_max,50.090690545302905,3
723,gpt_5_6_sol_max,44.298304956121086,4
723,qwen3_8_max,42.96532103397324,5
723,gemini_3_1_pro_high,37.838439451814175,6
723,deepseek_v4_pro_max,36.2076154440689,7
723,gpt_5_5_xhigh,28.962465495862936,8
723,deepseek_v4_flash_max,28.407909050664323,9
723,glm_5_2_max,20.521077388768887,10
724,kimi_k3_max,81.17689338752866,1
724,gemini_3_1_pro_high,61.87752168615456,2
724,claude_opus_4_8_max,58.17535927263705,3
724,qwen3_8_max,50.06354090010154,4
724,claude_fable_5_max,36.02169507150099,5
724,gpt_5_6_sol_max,31.244249568775153,6
724,deepseek_v4_pro_max,25.557204997476884,7
724,deepseek_v4_flash_max,22.49295243214584,8
724,gpt_5_5_xhigh,20.207747245539753,9
724,glm_5_2_max,19.894080657712497,10
725,gemini_3_1_pro_high,74.92846634984576,1
725,qwen3_8_max,69.65938013995645,2
725,kimi_k3_max,47.83611706870594,3
725,claude_fable_5_max,41.79826525003084,4
725,gpt_5_5_xhigh,34.098898091292575,5
725,glm_5_2_max,33.36873810654882,6
725,claude_opus_4_8_max,32.64650870956294,7
725,gpt_5_6_sol_max,30.590212755590464,8
725,deepseek_v4_pro_max,30.4746192890997,9
725,deepseek_v4_flash_max,0.48294284524058495,10
726,gemini_3_1_pro_high,60.062235220287114,1
726,kimi_k3_max,57.765580768312006,2
726,claude_fable_5_max,52.24089508419414,3
726,claude_opus_4_8_max,47.664847022305395,4
726,deepseek_v4_flash_max,39.9305061010365,5
726,qwen3_8_max,36.435525781795306,6
726,deepseek_v4_pro_max,29.8672313128857,7
726,gpt_5_6_sol_max,26.162674671235514,8
726,glm_5_2_max,22.66682285238909,9
726,gpt_5_5_xhigh,17.86559821904834,10
727,gpt_5_5_xhigh,73.32366767083204,1
727,gemini_3_1_pro_high,59.941402956538525,2
727,claude_fable_5_max,53.30139055877589,3
727,gpt_5_6_sol_max,51.2484991117866,4
727,glm_5_2_max,47.15020503732886,5
727,deepseek_v4_pro_max,45.86883731583971,6
727,claude_opus_4_8_max,42.711834576044325,7
727,kimi_k3_max,42.70633106918093,8
727,qwen3_8_max,37.7515803213659,9
727,deepseek_v4_flash_max,23.547115690026114,10
728,kimi_k3_max,73.3141271222353,1
728,gpt_5_6_sol_max,61.18344591887167,2
728,gemini_3_1_pro_high,44.54075265496443,3
728,glm_5_2_max,32.33947014217274,4
728,claude_opus_4_8_max,28.203844524345257,5
728,qwen3_8_max,27.98545973148491,6
728,claude_fable_5_max,24.04123539615138,7
728,deepseek_v4_pro_max,19.17060529592618,8
728,gpt_5_5_xhigh,14.558364094620268,9
728,deepseek_v4_flash_max,14.091221316208033,10
729,claude_fable_5_max,70.79501054681357,1
729,kimi_k3_max,59.398219546263746,2
729,claude_opus_4_8_max,55.96604829100926,3
729,gemini_3_1_pro_high,41.584873939968155,4
729,qwen3_8_max,37.71519488153727,5
729,gpt_5_6_sol_max,36.02032044806489,6
729,deepseek_v4_flash_max,32.03709715267103,7
729,gpt_5_5_xhigh,20.712915060571678,8
729,deepseek_v4_pro_max,16.85793680315429,9
729,glm_5_2_max,12.178861988808062,10
730,gpt_5_5_xhigh,71.45785134447527,1
730,claude_opus_4_8_max,70.8051129907776,2
730,claude_fable_5_max,47.98388885291834,3
730,gpt_5_6_sol_max,47.40876643064594,4
730,gemini_3_1_pro_high,46.4316303022133,5
730,qwen3_8_max,38.75461563271331,6
730,deepseek_v4_pro_max,23.387590089572793,7
730,kimi_k3_max,17.957356976348745,8
730,glm_5_2_max,16.729228157246542,9
730,deepseek_v4_flash_max,5.511114748408737,10
731,gpt_5_5_xhigh,72.76845186487583,1
731,qwen3_8_max,49.05796877029809,2
731,claude_opus_4_8_max,46.328584322331906,3
731,claude_fable_5_max,42.89203004892651,4
731,gpt_5_6_sol_max,28.53333434343836,5
731,deepseek_v4_pro_max,27.308993960622644,6
731,kimi_k3_max,26.284786799586673,7
731,gemini_3_1_pro_high,23.355078161639767,8
731,glm_5_2_max,14.415231186822577,9
731,deepseek_v4_flash_max,14.320215192683168,10
732,claude_fable_5_max,90.40780009235905,1
732,gpt_5_5_xhigh,54.196763429990874,2
732,gpt_5_6_sol_max,50.41716657069472,3
732,kimi_k3_max,50.205263682618494,4
732,deepseek_v4_flash_max,38.92163904285177,5
732,gemini_3_1_pro_high,37.336955315849266,6
732,glm_5_2_max,33.62176058902158,7
732,qwen3_8_max,29.424638582210314,8
732,claude_opus_4_8_max,26.918621463027577,9
732,deepseek_v4_pro_max,6.155131436065162,10
733,gpt_5_5_xhigh,67.79310424208622,1
733,claude_opus_4_8_max,61.316140113685066,2
733,kimi_k3_max,59.238984719757134,3
733,deepseek_v4_pro_max,49.06527893688599,4
733,claude_fable_5_max,46.75606814073729,5
733,qwen3_8_max,46.70506020916375,6
733,gemini_3_1_pro_high,32.230761952024025,7
733,deepseek_v4_flash_max,27.067468854562197,8
733,gpt_5_6_sol_max,15.749933899266853,9
733,glm_5_2_max,10.299263318724595,10
734,gpt_5_6_sol_max,72.34984824150149,1
734,gemini_3_1_pro_high,69.66172984645462,2
734,kimi_k3_max,62.66362167875654,3
734,qwen3_8_max,53.94730931863843,4
734,claude_fable_5_max,41.1131809749404,5
734,gpt_5_5_xhigh,38.5329995461887,6
734,claude_opus_4_8_max,27.97990179261705,7
734,deepseek_v4_pro_max,26.84838599085593,8
734,deepseek_v4_flash_max,26.703849706489294,9
734,glm_5_2_max,25.046734390020607,10
735,gpt_5_6_sol_max,74.51045437247728,1
735,gemini_3_1_pro_high,62.48089852894422,2
735,qwen3_8_max,35.84999920665176,3
735,deepseek_v4_pro_max,35.24467233298476,4
735,glm_5_2_max,32.67483791338478,5
735,kimi_k3_max,28.690066025484718,6
735,claude_fable_5_max,26.84685604078681,7
735,gpt_5_5_xhigh,24.464606702198306,8
735,deepseek_v4_flash_max,18.940626624670458,9
735,claude_opus_4_8_max,17.316543989601946,10
736,qwen3_8_max,77.7118813757221,1
736,gemini_3_1_pro_high,71.08427778532018,2
736,kimi_k3_max,63.27732722210115,3
736,gpt_5_5_xhigh,53.148149231734884,4
736,deepseek_v4_pro_max,36.624121198962186,5
736,claude_opus_4_8_max,30.51201271185353,6
736,claude_fable_5_max,27.793869329932388,7
736,gpt_5_6_sol_max,26.181741647632947,8
736,glm_5_2_max,24.212580974099776,9
736,deepseek_v4_flash_max,24.167580412066016,10
737,qwen3_8_max,69.34004331230247,1
737,gpt_5_6_sol_max,61.30619128241378,2
737,kimi_k3_max,53.76953088558855,3
737,claude_opus_4_8_max,50.47314001848939,4
737,claude_fable_5_max,47.93159505511349,5
737,gemini_3_1_pro_high,41.669193296182854,6
737,deepseek_v4_flash_max,34.47945479675833,7
737,gpt_5_5_xhigh,33.00602075603486,8
737,glm_5_2_max,14.132650203344298,9
737,deepseek_v4_pro_max,13.721507508957563,10
738,gemini_3_1_pro_high,72.71403818596212,1
738,kimi_k3_max,72.5446503851816,2
738,claude_fable_5_max,57.3246817228175,3
738,gpt_5_6_sol_max,48.63324275585846,4
738,claude_opus_4_8_max,41.82650504011464,5
738,deepseek_v4_pro_max,33.10717470408848,6
738,qwen3_8_max,29.11519411915091,7
738,gpt_5_5_xhigh,22.27041566490341,8
738,glm_5_2_max,20.90327586542265,9
738,deepseek_v4_flash_max,13.719209305432601,10
739,gpt_5_6_sol_max,79.93932801470204,1
739,claude_opus_4_8_max,64.02900106236874,2
739,gemini_3_1_pro_high,61.031937790836146,3
739,claude_fable_5_max,58.262387485136955,4
739,qwen3_8_max,55.46141241913211,5
739,gpt_5_5_xhigh,45.44560201268392,6
739,deepseek_v4_pro_max,44.9583868715639,7
739,kimi_k3_max,35.78611086865536,8
739,glm_5_2_max,26.086286956577986,9
739,deepseek_v4_flash_max,16.133020191553683,10
740,claude_opus_4_8_max,83.50209609929075,1
740,kimi_k3_max,54.61847760539878,2
740,qwen3_8_max,54.540785726921854,3
740,gemini_3_1_pro_high,53.93755173163225,4
740,claude_fable_5_max,39.630302065995274,5
740,gpt_5_5_xhigh,36.36738343787841,6
740,gpt_5_6_sol_max,26.40703524304602,7
740,glm_5_2_max,25.504053445577444,8
740,deepseek_v4_pro_max,23.086104231180535,9
740,deepseek_v4_flash_max,8.475061512686064,10
741,qwen3_8_max,75.99593944024159,1
741,claude_opus_4_8_max,52.07416950138958,2
741,gpt_5_5_xhigh,49.438597807787076,3
741,claude_fable_5_max,49.09768684039792,4
741,kimi_k3_max,48.654162728101944,5
741,gpt_5_6_sol_max,37.586800907103225,6
741,glm_5_2_max,30.355456580980352,7
741,deepseek_v4_flash_max,28.893363538156123,8
741,deepseek_v4_pro_max,20.788400592578956,9
741,gemini_3_1_pro_high,17.45547423901833,10
742,gpt_5_6_sol_max,76.01452551920883,1
742,claude_opus_4_8_max,56.534790235037576,2
742,claude_fable_5_max,52.236954360005484,3
742,qwen3_8_max,49.5584407288215,4
742,kimi_k3_max,46.50955124797129,5
742,deepseek_v4_flash_max,36.663034697434085,6
742,gpt_5_5_xhigh,32.67148686953794,7
742,gemini_3_1_pro_high,25.225897700408915,8
742,glm_5_2_max,20.528306620878954,9
742,deepseek_v4_pro_max,13.23046901047083,10
743,claude_fable_5_max,75.6035363993374,1
743,gpt_5_5_xhigh,64.71590354415363,2
743,qwen3_8_max,62.56357636706332,3
743,gpt_5_6_sol_max,51.38163075231705,4
743,claude_opus_4_8_max,48.365333970257794,5
743,deepseek_v4_flash_max,32.95757684096694,6
743,deepseek_v4_pro_max,25.107990269845104,7
743,gemini_3_1_pro_high,22.371123023910435,8
743,glm_5_2_max,19.555170677272873,9
743,kimi_k3_max,18.887716754501355,10
744,claude_fable_5_max,83.46158700549248,1
744,kimi_k3_max,71.61765762302043,2
744,qwen3_8_max,71.3890730434571,3
744,gemini_3_1_pro_high,69.33148695681636,4
744,claude_opus_4_8_max,65.80789707751782,5
744,gpt_5_6_sol_max,57.33086441621322,6
744,deepseek_v4_pro_max,32.2043510418818,7
744,deepseek_v4_flash_max,29.903361195616426,8
744,gpt_5_5_xhigh,28.791902855009518,9
744,glm_5_2_max,18.741851132314878,10
745,qwen3_8_max,67.98346493762419,1
745,gpt_5_5_xhigh,63.380507379756,2
745,claude_opus_4_8_max,55.04474656954034,3
745,gemini_3_1_pro_high,53.37255321109163,4
745,claude_fable_5_max,44.96235718229561,5
745,gpt_5_6_sol_max,33.62738033858732,6
745,kimi_k3_max,31.861642438463782,7
745,deepseek_v4_flash_max,20.732303593275986,8
745,deepseek_v4_pro_max,20.031276234496595,9
745,glm_5_2_max,18.773104332205413,10
746,gpt_5_6_sol_max,70.21311834105346,1
746,deepseek_v4_pro_max,59.227037804810365,2
746,gemini_3_1_pro_high,48.73560416734436,3
746,claude_fable_5_max,40.77539348472201,4
746,claude_opus_4_8_max,28.760332728357294,5
746,deepseek_v4_flash_max,28.187878990119152,6
746,qwen3_8_max,24.0538575962842,7
746,kimi_k3_max,17.524232561441632,8
746,gpt_5_5_xhigh,15.08965543262493,9
746,glm_5_2_max,12.533977206501156,10
747,qwen3_8_max,71.86125299424442,1
747,kimi_k3_max,66.38901061321783,2
747,gemini_3_1_pro_high,59.96269824802174,3
747,claude_opus_4_8_max,51.166481914860604,4
747,deepseek_v4_pro_max,45.67403598879227,5
747,gpt_5_5_xhigh,31.375003112388164,6
747,glm_5_2_max,24.199081753815893,7
747,claude_fable_5_max,23.980877157275785,8
747,gpt_5_6_sol_max,19.8629134540422,9
747,deepseek_v4_flash_max,15.910518143909922,10
748,gpt_5_6_sol_max,69.55097662871265,1
748,claude_fable_5_max,63.877186260660196,2
748,qwen3_8_max,59.530302880334034,3
748,gpt_5_5_xhigh,33.203959269150765,4
748,claude_opus_4_8_max,30.72185115198677,5
748,glm_5_2_max,30.244714811787986,6
748,gemini_3_1_pro_high,28.302872209241173,7
748,kimi_k3_max,24.654797389335407,8
748,deepseek_v4_flash_max,15.574554281233155,9
748,deepseek_v4_pro_max,11.145251817233929,10
749,claude_fable_5_max,86.0358276829905,1
749,gpt_5_6_sol_max,76.3167503192833,2
749,qwen3_8_max,56.46225297553143,3
749,glm_5_2_max,44.01674150084652,4
749,gemini_3_1_pro_high,43.38824962980644,5
749,claude_opus_4_8_max,39.546266596713636,6
749,deepseek_v4_flash_max,32.087636574032324,7
749,gpt_5_5_xhigh,24.211329877000544,8
749,kimi_k3_max,17.7919957388377,9
749,deepseek_v4_pro_max,16.473128490104436,10
750,gemini_3_1_pro_high,82.43835286423271,1
750,claude_fable_5_max,71.37012183316436,2
750,gpt_5_6_sol_max,64.62432273842663,3
750,qwen3_8_max,48.305455630539704,4
750,kimi_k3_max,35.90852050387725,5
750,gpt_5_5_xhigh,30.028135218212583,6
750,glm_5_2_max,24.335477608978234,7
750,deepseek_v4_flash_max,24.282138151563657,8
750,claude_opus_4_8_max,21.78695977367328,9
750,deepseek_v4_pro_max,9.49517070476699,10
751,qwen3_8_max,79.0671460260102,1
751,claude_fable_5_max,61.80639153541773,2
751,gpt_5_6_sol_max,59.327785825834546,3
751,kimi_k3_max,54.035059591333095,4
751,gpt_5_5_xhigh,51.23267591341194,5
751,glm_5_2_max,36.13159521598756,6
751,claude_opus_4_8_max,31.281572862539395,7
751,deepseek_v4_flash_max,23.23437322422963,8
751,deepseek_v4_pro_max,21.327790033950606,9
751,gemini_3_1_pro_high,19.622453436904692,10
752,claude_opus_4_8_max,81.96827059015675,1
752,gpt_5_6_sol_max,57.7682310949983,2
752,gemini_3_1_pro_high,42.42130227694511,3
752,gpt_5_5_xhigh,36.81120306700306,4
752,kimi_k3_max,34.35466601111398,5
752,claude_fable_5_max,29.024144255046227,6
752,deepseek_v4_pro_max,25.403421907949912,7
752,deepseek_v4_flash_max,21.159077963272644,8
752,qwen3_8_max,19.52033155438455,9
752,glm_5_2_max,10.308442498953426,10
753,kimi_k3_max,83.53734709159136,1
753,gpt_5_6_sol_max,68.4107046250459,2
753,claude_fable_5_max,49.986334500745265,3
753,gemini_3_1_pro_high,44.53741322933603,4
753,gpt_5_5_xhigh,43.589306779794654,5
753,qwen3_8_max,41.62713313678279,6
753,deepseek_v4_pro_max,38.18409517630615,7
753,claude_opus_4_8_max,31.05510542342574,8
753,glm_5_2_max,24.55679522463805,9
753,deepseek_v4_flash_max,19.45754345537002,10
754,gpt_5_6_sol_max,79.55682259406778,1
754,kimi_k3_max,53.53554809679876,2
754,gpt_5_5_xhigh,46.09230758457794,3
754,deepseek_v4_pro_max,35.048096996119014,4
754,gemini_3_1_pro_high,33.22179914645011,5
754,claude_fable_5_max,32.56809902667319,6
754,glm_5_2_max,26.357631965996063,7
754,qwen3_8_max,22.754459749075487,8
754,claude_opus_4_8_max,16.497525048711765,9
754,deepseek_v4_flash_max,6.645612536055518,10
755,gemini_3_1_pro_high,79.99145065483316,1
755,qwen3_8_max,68.76220392733218,2
755,gpt_5_6_sol_max,62.377055963517904,3
755,claude_fable_5_max,58.52197536250888,4
755,gpt_5_5_xhigh,49.015142600790995,5
755,claude_opus_4_8_max,44.26849130423389,6
755,kimi_k3_max,26.35897664468118,7
755,deepseek_v4_flash_max,22.061687314583004,8
755,glm_5_2_max,21.893912236059325,9
755,deepseek_v4_pro_max,3.203983272067799,10
756,gpt_5_6_sol_max,85.3939843284918,1
756,claude_fable_5_max,63.92974288448619,2
756,kimi_k3_max,53.239654297570056,3
756,qwen3_8_max,46.00348392119217,4
756,deepseek_v4_pro_max,25.693574935707307,5
756,gpt_5_5_xhigh,23.417955854382207,6
756,glm_5_2_max,23.274353545615988,7
756,deepseek_v4_flash_max,21.186373396313726,8
756,claude_opus_4_8_max,21.013944683072495,9
756,gemini_3_1_pro_high,19.556337762581304,10
757,gpt_5_6_sol_max,84.36011735045788,1
757,claude_opus_4_8_max,77.65952939666695,2
757,gemini_3_1_pro_high,55.7426839104475,3
757,kimi_k3_max,55.48130355565941,4
757,qwen3_8_max,38.56236514473507,5
757,gpt_5_5_xhigh,29.150430695283486,6
757,glm_5_2_max,26.389014837444424,7
757,deepseek_v4_flash_max,24.36952870662116,8
757,claude_fable_5_max,23.45875374869201,9
757,deepseek_v4_pro_max,13.126665625022646,10
758,gpt_5_5_xhigh,81.95732211568092,1
758,claude_opus_4_8_max,64.6010186539425,2
758,gemini_3_1_pro_high,41.30721160017717,3
758,qwen3_8_max,38.51754956288133,4
758,gpt_5_6_sol_max,31.42671235369291,5
758,claude_fable_5_max,27.92879242679612,6
758,deepseek_v4_pro_max,25.114200033720174,7
758,kimi_k3_max,20.835096750783634,8
758,glm_5_2_max,12.106119036073721,9
758,deepseek_v4_flash_max,9.043200944730915,10
759,gpt_5_6_sol_max,69.49760491699304,1
759,kimi_k3_max,63.5788424458966,2
759,claude_fable_5_max,62.65967022800097,3
759,claude_opus_4_8_max,50.69132374677888,4
759,qwen3_8_max,50.10821820060721,5
759,glm_5_2_max,34.742287640669275,6
759,gemini_3_1_pro_high,34.53311668152015,7
759,deepseek_v4_pro_max,26.540099075645713,8
759,gpt_5_5_xhigh,21.01724039310967,9
759,deepseek_v4_flash_max,19.592592081483975,10
760,claude_fable_5_max,72.55698179576561,1
760,gemini_3_1_pro_high,68.70349388448541,2
760,kimi_k3_max,66.0705801658755,3
760,qwen3_8_max,59.242501705886376,4
760,gpt_5_6_sol_max,43.9547979513565,5
760,claude_opus_4_8_max,35.96136888310346,6
760,deepseek_v4_flash_max,27.466447424506722,7
760,glm_5_2_max,22.368679374855677,8
760,gpt_5_5_xhigh,21.643636726385164,9
760,deepseek_v4_pro_max,18.67974139096846,10
761,claude_fable_5_max,77.02268096347747,1
761,gpt_5_6_sol_max,72.19251353727049,2
761,kimi_k3_max,49.92737608149817,3
761,gemini_3_1_pro_high,48.267930671910605,4
761,qwen3_8_max,44.94554811363534,5
761,glm_5_2_max,38.050048292316326,6
761,claude_opus_4_8_max,31.44579730069724,7
761,deepseek_v4_pro_max,31.036256947476655,8
761,deepseek_v4_flash_max,27.45584120329606,9
761,gpt_5_5_xhigh,20.888924335449193,10
762,gpt_5_5_xhigh,67.02900281193747,1
762,gemini_3_1_pro_high,64.49868380435316,2
762,claude_opus_4_8_max,60.60410467979665,3
762,claude_fable_5_max,43.912320762618606,4
762,gpt_5_6_sol_max,42.50671266826188,5
762,kimi_k3_max,35.87638070754034,6
762,glm_5_2_max,34.59775150447427,7
762,qwen3_8_max,33.48037672622587,8
762,deepseek_v4_flash_max,17.96047591423456,9
762,deepseek_v4_pro_max,15.539087920071438,10
763,gpt_5_6_sol_max,80.53522714875045,1
763,kimi_k3_max,69.89936131550422,2
763,qwen3_8_max,63.11444731221367,3
763,claude_opus_4_8_max,61.14499682502692,4
763,deepseek_v4_flash_max,29.13535561586134,5
763,glm_5_2_max,27.264912501274004,6
763,claude_fable_5_max,26.655669798291573,7
763,gpt_5_5_xhigh,19.65038311229611,8
763,deepseek_v4_pro_max,17.81360779902034,9
763,gemini_3_1_pro_high,17.08098272460218,10
764,gpt_5_6_sol_max,75.75352800148266,1
764,qwen3_8_max,71.37455231778603,2
764,gpt_5_5_xhigh,66.17080841256427,3
764,claude_opus_4_8_max,60.75623182273051,4
764,kimi_k3_max,58.64148810955616,5
764,claude_fable_5_max,46.66451403563744,6
764,deepseek_v4_pro_max,30.929005109783446,7
764,glm_5_2_max,29.96702117304666,8
764,gemini_3_1_pro_high,13.853192541952343,9
764,deepseek_v4_flash_max,10.514384427492727,10
765,gemini_3_1_pro_high,82.0265183335933,1
765,gpt_5_6_sol_max,72.87866233218635,2
765,claude_fable_5_max,71.1909232542294,3
765,claude_opus_4_8_max,67.7088764105745,4
765,kimi_k3_max,56.980456596162085,5
765,deepseek_v4_pro_max,41.27239551416324,6
765,qwen3_8_max,40.87195428791353,7
765,deepseek_v4_flash_max,37.606881597019886,8
765,gpt_5_5_xhigh,33.066078533379354,9
765,glm_5_2_max,12.440365179213611,10
766,claude_opus_4_8_max,67.31835383249607,1
766,gemini_3_1_pro_high,59.48080395274536,2
766,gpt_5_5_xhigh,41.619122234956635,3
766,gpt_5_6_sol_max,41.06859728354805,4
766,claude_fable_5_max,37.563558232455506,5
766,kimi_k3_max,33.553051740281134,6
766,deepseek_v4_pro_max,24.76485328587402,7
766,qwen3_8_max,21.254337998859157,8
766,deepseek_v4_flash_max,20.92391629586517,9
766,glm_5_2_max,17.06105803408189,10
767,gpt_5_5_xhigh,70.23823357614157,1
767,kimi_k3_max,68.65069077069788,2
767,claude_fable_5_max,51.096107403302796,3
767,claude_opus_4_8_max,45.45562349465435,4
767,gpt_5_6_sol_max,44.249509658498,5
767,gemini_3_1_pro_high,28.88513118270953,6
767,qwen3_8_max,28.506006121330852,7
767,deepseek_v4_pro_max,22.901407944712883,8
767,deepseek_v4_flash_max,14.803520105230794,9
767,glm_5_2_max,14.697524566148283,10
768,gpt_5_6_sol_max,78.42196015196912,1
768,claude_fable_5_max,76.01401210690423,2
768,gemini_3_1_pro_high,70.29813277123228,3
768,kimi_k3_max,67.02241346842331,4
768,gpt_5_5_xhigh,45.877499821079766,5
768,qwen3_8_max,44.55649551640638,6
768,deepseek_v4_pro_max,28.451740885244856,7
768,claude_opus_4_8_max,28.3347806315707,8
768,glm_5_2_max,14.056748961689873,9
768,deepseek_v4_flash_max,13.82650343776271,10
769,claude_opus_4_8_max,74.35756252660774,1
769,qwen3_8_max,52.64566145216392,2
769,gpt_5_5_xhigh,50.72475791471064,3
769,kimi_k3_max,47.89813692672755,4
769,gemini_3_1_pro_high,46.308662152221544,5
769,deepseek_v4_flash_max,44.93116928927031,6
769,claude_fable_5_max,36.05483396731983,7
769,glm_5_2_max,26.537332037418228,8
769,gpt_5_6_sol_max,21.321700454844358,9
769,deepseek_v4_pro_max,16.54756703821399,10
770,gpt_5_6_sol_max,75.92954002145619,1
770,claude_opus_4_8_max,66.34554304704423,2
770,deepseek_v4_pro_max,41.85001613159811,3
770,qwen3_8_max,39.87564532864624,4
770,kimi_k3_max,39.710990026041614,5
770,claude_fable_5_max,34.122653254451265,6
770,gpt_5_5_xhigh,23.555453481650915,7
770,glm_5_2_max,22.22501163580239,8
770,gemini_3_1_pro_high,19.950736200413875,9
770,deepseek_v4_flash_max,8.631746842224796,10
771,gemini_3_1_pro_high,72.02821644702395,1
771,gpt_5_5_xhigh,62.83358042604519,2
771,claude_fable_5_max,57.83686276499408,3
771,kimi_k3_max,56.813173003585426,4
771,claude_opus_4_8_max,48.955911966950815,5
771,qwen3_8_max,32.63656294348701,6
771,gpt_5_6_sol_max,28.607294234883142,7
771,deepseek_v4_pro_max,28.5010649806755,8
771,glm_5_2_max,20.51774361511252,9
771,deepseek_v4_flash_max,18.99227766180314,10
772,gpt_5_6_sol_max,61.997644729753326,1
772,claude_opus_4_8_max,49.382109614131195,2
772,claude_fable_5_max,47.451271440454796,3
772,gemini_3_1_pro_high,45.04922618841148,4
772,deepseek_v4_flash_max,43.33359557098942,5
772,qwen3_8_max,43.05322069131381,6
772,glm_5_2_max,38.27666683527397,7
772,deepseek_v4_pro_max,28.801557182616836,8
772,kimi_k3_max,25.087877009361062,9
772,gpt_5_5_xhigh,23.21285904267151,10
773,kimi_k3_max,68.60855514879995,1
773,claude_fable_5_max,65.36672988805856,2
773,gpt_5_6_sol_max,63.68190249044396,3
773,gemini_3_1_pro_high,52.51519127327951,4
773,qwen3_8_max,39.39233823104707,5
773,gpt_5_5_xhigh,37.58436495310987,6
773,deepseek_v4_pro_max,30.250447274242475,7
773,deepseek_v4_flash_max,27.115322970307595,8
773,glm_5_2_max,24.162145590859716,9
773,claude_opus_4_8_max,24.035894553649623,10
774,gpt_5_6_sol_max,74.26715740984169,1
774,qwen3_8_max,63.15141640156766,2
774,gemini_3_1_pro_high,62.19869531480647,3
774,claude_opus_4_8_max,49.53169395868417,4
774,deepseek_v4_flash_max,41.15689069074852,5
774,kimi_k3_max,35.84789354722578,6
774,deepseek_v4_pro_max,30.03747365929875,7
774,gpt_5_5_xhigh,29.317275447532573,8
774,glm_5_2_max,28.825973884422286,9
774,claude_fable_5_max,26.037372626108066,10
775,qwen3_8_max,62.04614115492824,1
775,kimi_k3_max,61.646702519568,2
775,gpt_5_6_sol_max,60.25152142923933,3
775,claude_fable_5_max,52.06480035193894,4
775,gemini_3_1_pro_high,38.96686534400209,5
775,gpt_5_5_xhigh,37.54040575146061,6
775,deepseek_v4_pro_max,36.605294344690385,7
775,claude_opus_4_8_max,21.922441003002696,8
775,deepseek_v4_flash_max,20.218627590575252,9
775,glm_5_2_max,11.191456587042794,10
776,gpt_5_5_xhigh,64.78622304290614,1
776,gpt_5_6_sol_max,63.69952843120839,2
776,claude_fable_5_max,49.83144262216226,3
776,claude_opus_4_8_max,41.61896408656307,4
776,kimi_k3_max,39.132617182335146,5
776,qwen3_8_max,35.331370547469284,6
776,gemini_3_1_pro_high,33.48531130803477,7
776,deepseek_v4_pro_max,26.997511129275416,8
776,glm_5_2_max,23.6785161637886,9
776,deepseek_v4_flash_max,15.789643323207684,10
777,gpt_5_5_xhigh,67.55307660295055,1
777,gemini_3_1_pro_high,59.10558395482106,2
777,kimi_k3_max,54.22793634960983,3
777,gpt_5_6_sol_max,52.36648568479423,4
777,qwen3_8_max,47.194441475372756,5
777,deepseek_v4_pro_max,33.09262199622357,6
777,claude_fable_5_max,32.28393059960046,7
777,glm_5_2_max,31.136839158035855,8
777,claude_opus_4_8_max,24.767686444297876,9
777,deepseek_v4_flash_max,15.336338518401135,10
778,kimi_k3_max,78.38432272818179,1
778,gemini_3_1_pro_high,65.05560922868787,2
778,gpt_5_5_xhigh,62.38738039493907,3
778,claude_opus_4_8_max,54.42758337085663,4
778,claude_fable_5_max,49.65893614952079,5
778,gpt_5_6_sol_max,42.88636252723819,6
778,deepseek_v4_flash_max,32.66797057113774,7
778,glm_5_2_max,27.597494338898272,8
778,qwen3_8_max,24.76833814510064,9
778,deepseek_v4_pro_max,16.628622820006395,10
779,gpt_5_6_sol_max,81.14169841982643,1
779,gpt_5_5_xhigh,76.58978690793548,2
779,kimi_k3_max,47.82387907608476,3
779,claude_opus_4_8_max,34.11782785793631,4
779,qwen3_8_max,33.85678017266534,5
779,claude_fable_5_max,32.22327791175465,6
779,deepseek_v4_pro_max,28.429140977074074,7
779,gemini_3_1_pro_high,18.216774110248988,8
779,deepseek_v4_flash_max,17.621882669567146,9
779,glm_5_2_max,9.429650554108376,10
780,claude_opus_4_8_max,70.30857467957716,1
780,claude_fable_5_max,51.705872525413184,2
780,gpt_5_6_sol_max,51.39878470419356,3
780,qwen3_8_max,46.54171387132048,4
780,kimi_k3_max,36.29363145110996,5
780,glm_5_2_max,27.207761612235448,6
780,gemini_3_1_pro_high,26.94336746216372,7
780,deepseek_v4_pro_max,26.197816270515723,8
780,deepseek_v4_flash_max,22.955093684143954,9
780,gpt_5_5_xhigh,17.39144517545608,10
781,claude_fable_5_max,77.70982219283478,1
781,gemini_3_1_pro_high,69.64936461597446,2
781,kimi_k3_max,58.52987775935689,3
781,gpt_5_6_sol_max,57.965312118751086,4
781,gpt_5_5_xhigh,51.40744471168776,5
781,qwen3_8_max,40.11760852116019,6
781,deepseek_v4_flash_max,35.16774953921326,7
781,claude_opus_4_8_max,31.965970915649706,8
781,glm_5_2_max,31.645423505067598,9
781,deepseek_v4_pro_max,0.0,10
782,claude_fable_5_max,81.75344240952793,1
782,gemini_3_1_pro_high,68.73261865100329,2
782,gpt_5_5_xhigh,65.58652254168443,3
782,kimi_k3_max,61.97908023924502,4
782,qwen3_8_max,40.106871362538314,5
782,deepseek_v4_flash_max,28.276015558440466,6
782,claude_opus_4_8_max,27.9838760557569,7
782,gpt_5_6_sol_max,21.352937963324745,8
782,deepseek_v4_pro_max,19.867312149271694,9
782,glm_5_2_max,16.502229486243856,10
783,kimi_k3_max,74.78404536678326,1
783,claude_fable_5_max,66.98706930427423,2
783,qwen3_8_max,41.86202205553319,3
783,claude_opus_4_8_max,41.08287332433664,4
783,gemini_3_1_pro_high,39.70366746441553,5
783,gpt_5_6_sol_max,29.017252608215575,6
783,deepseek_v4_pro_max,27.157218365961622,7
783,gpt_5_5_xhigh,23.90447094594601,8
783,deepseek_v4_flash_max,9.790075326316206,9
783,glm_5_2_max,7.111422908476235,10
784,gpt_5_6_sol_max,73.74669382122421,1
784,claude_fable_5_max,68.63598996711647,2
784,qwen3_8_max,54.37979828256854,3
784,claude_opus_4_8_max,43.468860338135066,4
784,gemini_3_1_pro_high,41.0629938680151,5
784,kimi_k3_max,37.98904832068951,6
784,deepseek_v4_flash_max,27.989539321763147,7
784,deepseek_v4_pro_max,26.46193182800305,8
784,gpt_5_5_xhigh,22.619083138443937,9
784,glm_5_2_max,12.866022176492022,10
785,gpt_5_6_sol_max,75.92166762297143,1
785,gpt_5_5_xhigh,64.03141650044286,2
785,qwen3_8_max,63.18387194366853,3
785,claude_fable_5_max,60.78624372895432,4
785,gemini_3_1_pro_high,56.85008591694883,5
785,claude_opus_4_8_max,35.46036040850955,6
785,deepseek_v4_pro_max,35.259068537227996,7
785,kimi_k3_max,28.088713022666926,8
785,glm_5_2_max,24.649563847798813,9
785,deepseek_v4_flash_max,5.592183411347605,10
786,gpt_5_6_sol_max,87.12550367011065,1
786,claude_opus_4_8_max,50.8336954561441,2
786,gpt_5_5_xhigh,49.14724512993254,3
786,qwen3_8_max,45.646359707415726,4
786,glm_5_2_max,33.230102677603824,5
786,gemini_3_1_pro_high,31.423986371068594,6
786,kimi_k3_max,30.061459282480605,7
786,claude_fable_5_max,26.11209355270052,8
786,deepseek_v4_flash_max,22.552235871500983,9
786,deepseek_v4_pro_max,9.177992745698468,10
787,claude_opus_4_8_max,78.45517052215259,1
787,qwen3_8_max,73.16204199456894,2
787,gemini_3_1_pro_high,60.13800802202968,3
787,kimi_k3_max,56.04629559283836,4
787,gpt_5_5_xhigh,46.58431120495311,5
787,claude_fable_5_max,34.30687863821398,6
787,gpt_5_6_sol_max,27.963670015911468,7
787,deepseek_v4_pro_max,22.79412681878244,8
787,glm_5_2_max,22.374403253773394,9
787,deepseek_v4_flash_max,17.64131939594274,10
788,gpt_5_6_sol_max,67.94353382797388,1
788,gemini_3_1_pro_high,61.333140767077055,2
788,kimi_k3_max,54.10228024853128,3
788,qwen3_8_max,47.98601166328861,4
788,deepseek_v4_flash_max,33.36556816937788,5
788,claude_opus_4_8_max,31.127506926058473,6
788,glm_5_2_max,29.832063907979517,7
788,claude_fable_5_max,29.25765337313288,8
788,deepseek_v4_pro_max,29.007053446423924,9
788,gpt_5_5_xhigh,16.24151505865401,10
789,kimi_k3_max,82.74860795791851,1
789,qwen3_8_max,67.86962219105986,2
789,claude_fable_5_max,67.77587915375203,3
789,gpt_5_6_sol_max,61.295433151818145,4
789,gemini_3_1_pro_high,48.81135409957824,5
789,gpt_5_5_xhigh,42.977905052829925,6
789,deepseek_v4_flash_max,35.657342251049165,7
789,claude_opus_4_8_max,30.12787418472404,8
789,deepseek_v4_pro_max,24.37702172782614,9
789,glm_5_2_max,23.095707299125372,10
790,claude_opus_4_8_max,86.70987962729947,1
790,kimi_k3_max,84.9536569427642,2
790,gpt_5_5_xhigh,74.61151993265572,3
790,qwen3_8_max,57.68747630317637,4
790,gemini_3_1_pro_high,56.28494607757979,5
790,deepseek_v4_flash_max,37.10565274762042,6
790,gpt_5_6_sol_max,34.10983068276437,7
790,claude_fable_5_max,31.958572723968636,8
790,glm_5_2_max,29.208703564621402,9
790,deepseek_v4_pro_max,15.215404726209247,10
791,gpt_5_5_xhigh,83.31683346319626,1
791,claude_opus_4_8_max,65.22210417937944,2
791,qwen3_8_max,49.56975681244252,3
791,gpt_5_6_sol_max,47.7133740980621,4
791,kimi_k3_max,46.93225515911216,5
791,gemini_3_1_pro_high,41.58314081937646,6
791,deepseek_v4_flash_max,29.56137980751914,7
791,claude_fable_5_max,24.870591218082716,8
791,deepseek_v4_pro_max,24.4114154614673,9
791,glm_5_2_max,23.227571214831855,10
792,qwen3_8_max,68.20415302603676,1
792,claude_fable_5_max,66.16620276352606,2
792,kimi_k3_max,65.9822978334159,3
792,glm_5_2_max,53.48268528191848,4
792,gemini_3_1_pro_high,51.25339990894314,5
792,gpt_5_5_xhigh,43.24925642831526,6
792,claude_opus_4_8_max,39.02977154093795,7
792,deepseek_v4_flash_max,31.585735614397173,8
792,gpt_5_6_sol_max,27.833141469725547,9
792,deepseek_v4_pro_max,10.556278708843859,10
793,gpt_5_6_sol_max,82.00063749288547,1
793,claude_fable_5_max,72.75484712047353,2
793,kimi_k3_max,68.67299795673365,3
793,qwen3_8_max,67.62043894329123,4
793,gpt_5_5_xhigh,46.11169869734262,5
793,claude_opus_4_8_max,38.70667247532019,6
793,gemini_3_1_pro_high,30.514386885555034,7
793,deepseek_v4_flash_max,24.439032746797366,8
793,glm_5_2_max,21.341109021305776,9
793,deepseek_v4_pro_max,17.68765559909347,10
794,gemini_3_1_pro_high,76.7227790108784,1
794,gpt_5_5_xhigh,67.76455475846593,2
794,claude_opus_4_8_max,63.16106001512431,3
794,claude_fable_5_max,51.52089630143651,4
794,kimi_k3_max,47.428801060266224,5
794,qwen3_8_max,40.39072235275236,6
794,glm_5_2_max,28.207851256544302,7
794,gpt_5_6_sol_max,26.5690055534059,8
794,deepseek_v4_pro_max,23.763448030954425,9
794,deepseek_v4_flash_max,6.152705898646559,10
795,gpt_5_6_sol_max,86.20989780007838,1
795,qwen3_8_max,55.10128747878396,2
795,claude_fable_5_max,48.48907005585364,3
795,claude_opus_4_8_max,38.63909502041201,4
795,gpt_5_5_xhigh,28.35333365909746,5
795,gemini_3_1_pro_high,27.90358065388775,6
795,glm_5_2_max,22.349502739081135,7
795,deepseek_v4_pro_max,22.17094780868971,8
795,deepseek_v4_flash_max,17.039821940924277,9
795,kimi_k3_max,15.120906953217474,10
796,gpt_5_6_sol_max,69.38184836665023,1
796,qwen3_8_max,63.16345038618867,2
796,claude_fable_5_max,41.18462017098453,3
796,gpt_5_5_xhigh,40.37880689996896,4
796,claude_opus_4_8_max,32.41145050797546,5
796,gemini_3_1_pro_high,31.94433817614516,6
796,deepseek_v4_flash_max,28.849970708757184,7
796,glm_5_2_max,24.393376933342505,8
796,kimi_k3_max,23.28305107892569,9
796,deepseek_v4_pro_max,11.2506473344869,10
797,claude_opus_4_8_max,65.20036702228296,1
797,gpt_5_6_sol_max,59.027732175943854,2
797,claude_fable_5_max,53.15949110456244,3
797,qwen3_8_max,50.38297583864371,4
797,deepseek_v4_pro_max,49.383015532327235,5
797,gpt_5_5_xhigh,38.11305008114002,6
797,gemini_3_1_pro_high,28.43496300503658,7
797,kimi_k3_max,26.668123250906167,8
797,glm_5_2_max,15.225696364319589,9
797,deepseek_v4_flash_max,8.508869401245702,10
798,claude_opus_4_8_max,70.60403446498903,1
798,kimi_k3_max,69.97718733159493,2
798,gemini_3_1_pro_high,66.22755668543347,3
798,qwen3_8_max,60.06139573157695,4
798,claude_fable_5_max,59.39711438296685,5
798,gpt_5_6_sol_max,36.75613762095303,6
798,deepseek_v4_pro_max,25.009833135771245,7
798,deepseek_v4_flash_max,24.447964286645785,8
798,gpt_5_5_xhigh,18.882019642983852,9
798,glm_5_2_max,18.68756187869936,10
799,gpt_5_5_xhigh,79.62230142499789,1
799,gpt_5_6_sol_max,42.32237339096815,2
799,deepseek_v4_pro_max,38.22034436695532,3
799,qwen3_8_max,37.097781003775054,4
799,gemini_3_1_pro_high,36.480809795605396,5
799,claude_opus_4_8_max,33.74408383067128,6
799,kimi_k3_max,30.873598058111913,7
799,deepseek_v4_flash_max,25.223790509306166,8
799,claude_fable_5_max,19.782990419844175,9
799,glm_5_2_max,13.31924172752931,10
800,gpt_5_6_sol_max,70.12229452234062,1
800,kimi_k3_max,66.59874573426427,2
800,gemini_3_1_pro_high,62.81024838896768,3
800,claude_fable_5_max,55.39326184304967,4
800,qwen3_8_max,53.98710092652202,5
800,gpt_5_5_xhigh,45.93498123629972,6
800,deepseek_v4_flash_max,45.86621045380086,7
800,claude_opus_4_8_max,44.058408206043296,8
800,deepseek_v4_pro_max,29.770367535575986,9
800,glm_5_2_max,19.932418421760893,10
801,claude_fable_5_max,71.28203658787146,1
801,qwen3_8_max,65.00496372282667,2
801,kimi_k3_max,51.87583371216402,3
801,gemini_3_1_pro_high,40.918398835182785,4
801,deepseek_v4_pro_max,39.85627259610456,5
801,gpt_5_6_sol_max,33.999473935073006,6
801,gpt_5_5_xhigh,30.27765430483741,7
801,claude_opus_4_8_max,27.158156400252082,8
801,glm_5_2_max,14.501385332379265,9
801,deepseek_v4_flash_max,9.856915121396618,10
802,claude_opus_4_8_max,83.28587053986888,1
802,qwen3_8_max,42.73935786370383,2
802,gpt_5_6_sol_max,36.64339661400979,3
802,gemini_3_1_pro_high,28.275512601402134,4
802,deepseek_v4_flash_max,27.8239258741529,5
802,glm_5_2_max,25.13139597464944,6
802,deepseek_v4_pro_max,23.16498161090416,7
802,gpt_5_5_xhigh,20.982017580537285,8
802,kimi_k3_max,19.895029509192355,9
802,claude_fable_5_max,13.379150392736818,10
803,gemini_3_1_pro_high,77.19986578282015,1
803,kimi_k3_max,76.32917884517056,2
803,claude_opus_4_8_max,68.78422042991053,3
803,gpt_5_6_sol_max,58.69189899457175,4
803,deepseek_v4_flash_max,31.570165466254558,5
803,qwen3_8_max,31.18806694451812,6
803,gpt_5_5_xhigh,30.162417639790064,7
803,claude_fable_5_max,29.783174096304908,8
803,glm_5_2_max,23.58441078354441,9
803,deepseek_v4_pro_max,19.02365841710373,10
804,qwen3_8_max,76.17451536055822,1
804,kimi_k3_max,64.73686575663748,2
804,deepseek_v4_flash_max,47.6659456403453,3
804,claude_fable_5_max,45.43224390519058,4
804,gemini_3_1_pro_high,39.76596791821244,5
804,gpt_5_6_sol_max,37.7886953058165,6
804,gpt_5_5_xhigh,29.158989138496324,7
804,claude_opus_4_8_max,25.59119656937993,8
804,glm_5_2_max,13.237886861500225,9
804,deepseek_v4_pro_max,6.732833255009801,10
805,kimi_k3_max,77.52082860755891,1
805,qwen3_8_max,72.77094369536255,2
805,claude_opus_4_8_max,57.829035788455656,3
805,gemini_3_1_pro_high,57.16120724409245,4
805,gpt_5_5_xhigh,47.80855111742264,5
805,claude_fable_5_max,38.30219532478651,6
805,gpt_5_6_sol_max,33.888924913563486,7
805,deepseek_v4_flash_max,25.27630435875956,8
805,glm_5_2_max,12.211426177358124,9
805,deepseek_v4_pro_max,11.169450863749745,10
806,gpt_5_6_sol_max,68.41468178087541,1
806,claude_fable_5_max,65.53550236069513,2
806,deepseek_v4_pro_max,50.6727131125994,3
806,gemini_3_1_pro_high,49.83216783754713,4
806,kimi_k3_max,48.690053005943824,5
806,qwen3_8_max,44.765502465415416,6
806,gpt_5_5_xhigh,38.090871991656456,7
806,claude_opus_4_8_max,25.98968451201946,8
806,deepseek_v4_flash_max,20.609494861863084,9
806,glm_5_2_max,19.62100206086482,10
807,claude_fable_5_max,73.49588186969096,1
807,gpt_5_6_sol_max,58.81951140360613,2
807,gpt_5_5_xhigh,53.79847191686633,3
807,qwen3_8_max,51.964132785530765,4
807,deepseek_v4_pro_max,44.26404544642428,5
807,gemini_3_1_pro_high,41.482072010738925,6
807,claude_opus_4_8_max,36.37222859056761,7
807,glm_5_2_max,29.76429444125205,8
807,kimi_k3_max,21.92305156825192,9
807,deepseek_v4_flash_max,18.903095479120445,10
808,kimi_k3_max,78.42721381648299,1
808,gpt_5_6_sol_max,75.76242332054355,2
808,gpt_5_5_xhigh,63.23540645070764,3
808,claude_fable_5_max,61.88651450873266,4
808,gemini_3_1_pro_high,54.88195653857032,5
808,qwen3_8_max,48.3159355672676,6
808,deepseek_v4_pro_max,47.507014405726494,7
808,claude_opus_4_8_max,36.411233631820224,8
808,deepseek_v4_flash_max,28.000322063921622,9
808,glm_5_2_max,24.70195127115859,10
809,gpt_5_6_sol_max,79.19706961420238,1
809,claude_fable_5_max,70.24822612906468,2
809,gemini_3_1_pro_high,59.85485361123496,3
809,kimi_k3_max,53.02664187623946,4
809,claude_opus_4_8_max,43.68084230880917,5
809,deepseek_v4_flash_max,42.44705798328413,6
809,qwen3_8_max,41.208250135902745,7
809,glm_5_2_max,29.413069287562543,8
809,gpt_5_5_xhigh,24.529611949847855,9
809,deepseek_v4_pro_max,10.967486211109643,10
810,claude_opus_4_8_max,68.2236169133201,1
810,qwen3_8_max,57.77490690188049,2
810,claude_fable_5_max,55.91498052766895,3
810,gemini_3_1_pro_high,50.814047700471036,4
810,gpt_5_6_sol_max,42.83896847541065,5
810,kimi_k3_max,41.93862472262038,6
810,deepseek_v4_flash_max,35.80448257922952,7
810,gpt_5_5_xhigh,32.886240408489854,8
810,glm_5_2_max,32.304496621416206,9
810,deepseek_v4_pro_max,26.800328887077196,10
811,gpt_5_6_sol_max,84.75396183293506,1
811,gpt_5_5_xhigh,73.99034470745423,2
811,kimi_k3_max,60.51671609376008,3
811,claude_opus_4_8_max,49.094482126242255,4
811,gemini_3_1_pro_high,44.57596562936378,5
811,claude_fable_5_max,30.91299732013433,6
811,glm_5_2_max,28.86239548329708,7
811,deepseek_v4_flash_max,28.434144107699098,8
811,qwen3_8_max,22.941736544373903,9
811,deepseek_v4_pro_max,17.895037196736716,10
812,gemini_3_1_pro_high,84.2998728039058,1
812,kimi_k3_max,78.43953942628112,2
812,claude_opus_4_8_max,55.93604429449675,3
812,claude_fable_5_max,47.73934415153164,4
812,glm_5_2_max,41.544615820362644,5
812,gpt_5_5_xhigh,41.186042921900984,6
812,qwen3_8_max,28.344218060000248,7
812,deepseek_v4_flash_max,28.0380482698894,8
812,gpt_5_6_sol_max,23.06121127160085,9
812,deepseek_v4_pro_max,17.558422087778556,10
813,gemini_3_1_pro_high,65.51539697528298,1
813,claude_opus_4_8_max,60.26453136501753,2
813,kimi_k3_max,55.55950972373175,3
813,glm_5_2_max,44.719087064241926,4
813,qwen3_8_max,41.103198106014915,5
813,claude_fable_5_max,39.62385732117544,6
813,gpt_5_5_xhigh,31.883091268359358,7
813,gpt_5_6_sol_max,25.457849005988493,8
813,deepseek_v4_pro_max,25.35411361938155,9
813,deepseek_v4_flash_max,2.8559301233991867,10
814,claude_opus_4_8_max,84.12834503934802,1
814,gpt_5_5_xhigh,61.081655745688124,2
814,kimi_k3_max,53.99363934279613,3
814,gemini_3_1_pro_high,43.75899490767923,4
814,qwen3_8_max,42.65965799753955,5
814,claude_fable_5_max,32.11566856912103,6
814,glm_5_2_max,26.08300660061405,7
814,deepseek_v4_flash_max,18.89873698392722,8
814,deepseek_v4_pro_max,17.637830162271282,9
814,gpt_5_6_sol_max,15.618261608037628,10
815,gemini_3_1_pro_high,79.93157759584018,1
815,gpt_5_6_sol_max,79.29657698866423,2
815,qwen3_8_max,58.225758413098234,3
815,kimi_k3_max,41.93969653850149,4
815,claude_opus_4_8_max,36.420219184859135,5
815,claude_fable_5_max,35.82105332286939,6
815,deepseek_v4_pro_max,31.196844081549674,7
815,gpt_5_5_xhigh,30.171558006334827,8
815,glm_5_2_max,22.459101803713192,9
815,deepseek_v4_flash_max,21.746386350325345,10
816,gemini_3_1_pro_high,76.53091933590095,1
816,kimi_k3_max,70.01914604556914,2
816,gpt_5_6_sol_max,64.66731485851483,3
816,qwen3_8_max,58.30616752873823,4
816,claude_opus_4_8_max,46.3208232479896,5
816,claude_fable_5_max,43.645892670675195,6
816,deepseek_v4_flash_max,37.48168643088282,7
816,gpt_5_5_xhigh,32.263935195935815,8
816,glm_5_2_max,27.226054464438164,9
816,deepseek_v4_pro_max,8.773642426877743,10
817,gpt_5_6_sol_max,73.03712160984679,1
817,claude_fable_5_max,58.85957925734121,2
817,qwen3_8_max,56.33899735378816,3
817,gemini_3_1_pro_high,45.19269939672385,4
817,gpt_5_5_xhigh,42.687616180524316,5
817,deepseek_v4_pro_max,37.81458345604585,6
817,deepseek_v4_flash_max,35.15568436780012,7
817,claude_opus_4_8_max,30.011654689323308,8
817,kimi_k3_max,27.424374454411627,9
817,glm_5_2_max,25.950996204747803,10
818,claude_opus_4_8_max,76.81299952064677,1
818,gemini_3_1_pro_high,67.67823923200751,2
818,claude_fable_5_max,67.56852860159407,3
818,qwen3_8_max,63.836309815192735,4
818,gpt_5_5_xhigh,55.207981596506784,5
818,gpt_5_6_sol_max,51.314188164996835,6
818,deepseek_v4_pro_max,31.346826682064247,7
818,glm_5_2_max,28.759111442347518,8
818,kimi_k3_max,25.238621882356412,9
818,deepseek_v4_flash_max,10.083427315783277,10
819,claude_opus_4_8_max,80.93134130556496,1
819,kimi_k3_max,49.79538066222956,2
819,gemini_3_1_pro_high,42.5221413904937,3
819,gpt_5_6_sol_max,40.10876759104631,4
819,gpt_5_5_xhigh,39.697146676201726,5
819,deepseek_v4_pro_max,39.65062154130965,6
819,qwen3_8_max,39.101761062582874,7
819,claude_fable_5_max,33.05536495027704,8
819,glm_5_2_max,16.502690761327923,9
819,deepseek_v4_flash_max,14.400995788852455,10
820,claude_opus_4_8_max,75.32994801050873,1
820,gemini_3_1_pro_high,53.65114626794461,2
820,qwen3_8_max,43.63062913594666,3
820,gpt_5_5_xhigh,42.98911190674151,4
820,gpt_5_6_sol_max,40.136032422470144,5
820,glm_5_2_max,37.63088160870828,6
820,kimi_k3_max,32.83568871601581,7
820,deepseek_v4_flash_max,24.064997298763537,8
820,deepseek_v4_pro_max,21.13847499862603,9
820,claude_fable_5_max,17.382884229830033,10
821,claude_fable_5_max,89.04447035421883,1
821,qwen3_8_max,70.77171780991007,2
821,gpt_5_6_sol_max,66.06762269605548,3
821,gemini_3_1_pro_high,54.885753705690874,4
821,gpt_5_5_xhigh,52.8314314817942,5
821,kimi_k3_max,44.9002502918034,6
821,glm_5_2_max,36.1931864802148,7
821,deepseek_v4_pro_max,31.10156142894229,8
821,claude_opus_4_8_max,22.000563101936596,9
821,deepseek_v4_flash_max,19.48389840579148,10
822,gpt_5_6_sol_max,81.05265572753825,1
822,qwen3_8_max,47.23432153489075,2
822,claude_fable_5_max,43.31808953695979,3
822,gpt_5_5_xhigh,39.66718967695517,4
822,claude_opus_4_8_max,36.40749526545717,5
822,kimi_k3_max,29.082360221230502,6
822,glm_5_2_max,25.563782610922182,7
822,deepseek_v4_pro_max,24.020174400553355,8
822,deepseek_v4_flash_max,22.457990977655825,9
822,gemini_3_1_pro_high,20.234488799278846,10
823,gpt_5_6_sol_max,77.5832807314043,1
823,claude_fable_5_max,52.33884566934414,2
823,qwen3_8_max,52.102189806201665,3
823,kimi_k3_max,48.79951950436312,4
823,gemini_3_1_pro_high,39.195275104054716,5
823,claude_opus_4_8_max,29.07178956547014,6
823,gpt_5_5_xhigh,27.13637689287176,7
823,deepseek_v4_flash_max,24.97097068198792,8
823,glm_5_2_max,21.713374821421255,9
823,deepseek_v4_pro_max,8.59596410753604,10
824,qwen3_8_max,77.87547267943177,1
824,claude_fable_5_max,77.33881240616259,2
824,gpt_5_6_sol_max,67.8526306322572,3
824,gemini_3_1_pro_high,49.7796841735664,4
824,claude_opus_4_8_max,48.78346546876958,5
824,deepseek_v4_flash_max,34.70786329334368,6
824,gpt_5_5_xhigh,31.47785017015589,7
824,glm_5_2_max,30.496951381571048,8
824,deepseek_v4_pro_max,28.45782467599409,9
824,kimi_k3_max,21.838925266479382,10
825,kimi_k3_max,74.9996830422003,1
825,gpt_5_6_sol_max,56.227644569314165,2
825,qwen3_8_max,55.874268190618494,3
825,claude_opus_4_8_max,55.06634599049427,4
825,gemini_3_1_pro_high,53.788347075407394,5
825,claude_fable_5_max,38.939055552855095,6
825,deepseek_v4_pro_max,38.27257388855918,7
825,glm_5_2_max,36.6545563205007,8
825,gpt_5_5_xhigh,33.082028488172234,9
825,deepseek_v4_flash_max,16.181228871735136,10
826,claude_opus_4_8_max,70.25932007509647,1
826,gemini_3_1_pro_high,45.092733709770606,2
826,kimi_k3_max,39.60368006277385,3
826,gpt_5_6_sol_max,37.70849450287365,4
826,deepseek_v4_flash_max,32.8607101739219,5
826,qwen3_8_max,29.980882245658986,6
826,gpt_5_5_xhigh,27.360508591152765,7
826,deepseek_v4_pro_max,26.310407664607638,8
826,claude_fable_5_max,17.726213433593173,9
826,glm_5_2_max,16.671109956483,10
827,qwen3_8_max,62.14720700950129,1
827,claude_fable_5_max,60.606072061485,2
827,gpt_5_6_sol_max,56.67664244083732,3
827,gpt_5_5_xhigh,52.95968059588779,4
827,kimi_k3_max,42.93393291142992,5
827,glm_5_2_max,34.88083107686115,6
827,deepseek_v4_pro_max,27.26231364266416,7
827,gemini_3_1_pro_high,24.501083995006972,8
827,claude_opus_4_8_max,23.327455502970935,9
827,deepseek_v4_flash_max,22.984666806277616,10
828,claude_opus_4_8_max,77.29859523770324,1
828,gemini_3_1_pro_high,66.96957036171051,2
828,qwen3_8_max,52.38262847096625,3
828,gpt_5_5_xhigh,38.86559561479316,4
828,gpt_5_6_sol_max,38.55906730285518,5
828,kimi_k3_max,38.4004393489668,6
828,deepseek_v4_pro_max,32.3095979456928,7
828,claude_fable_5_max,21.128710757320235,8
828,glm_5_2_max,18.82191907960489,9
828,deepseek_v4_flash_max,12.421869674526828,10
829,claude_fable_5_max,72.42052298102058,1
829,kimi_k3_max,71.84552625674299,2
829,gpt_5_5_xhigh,71.39918573917251,3
829,claude_opus_4_8_max,46.486784584907525,4
829,qwen3_8_max,35.00315587033013,5
829,gpt_5_6_sol_max,29.159582708200446,6
829,gemini_3_1_pro_high,24.81008429708441,7
829,glm_5_2_max,23.87008570725482,8
829,deepseek_v4_flash_max,23.094968972346884,9
829,deepseek_v4_pro_max,21.271611817064986,10
830,claude_fable_5_max,83.26351271205104,1
830,gpt_5_6_sol_max,74.55845968342453,2
830,gemini_3_1_pro_high,65.1348939659603,3
830,gpt_5_5_xhigh,55.74971407393373,4
830,qwen3_8_max,46.96988364540252,5
830,kimi_k3_max,44.726124918593975,6
830,glm_5_2_max,33.45698932474264,7
830,deepseek_v4_pro_max,25.639884726259726,8
830,claude_opus_4_8_max,24.202258093675646,9
830,deepseek_v4_flash_max,23.01178790151564,10
831,claude_opus_4_8_max,79.27989043514421,1
831,qwen3_8_max,75.50195907012971,2
831,gpt_5_5_xhigh,68.02012310064092,3
831,deepseek_v4_pro_max,34.744556566994845,4
831,gpt_5_6_sol_max,32.91155783782294,5
831,gemini_3_1_pro_high,27.610384211633132,6
831,claude_fable_5_max,26.95483604985865,7
831,deepseek_v4_flash_max,23.963206672219343,8
831,kimi_k3_max,23.153835290722338,9
831,glm_5_2_max,16.143202784799865,10
832,claude_fable_5_max,64.41857086575439,1
832,kimi_k3_max,56.140921143025906,2
832,qwen3_8_max,53.51996638784311,3
832,gemini_3_1_pro_high,50.62730962352694,4
832,claude_opus_4_8_max,47.69350487775069,5
832,gpt_5_6_sol_max,46.61303931122809,6
832,deepseek_v4_pro_max,32.732889763212206,7
832,gpt_5_5_xhigh,22.617484104692668,8
832,deepseek_v4_flash_max,21.06981033134252,9
832,glm_5_2_max,11.527217461491492,10
833,qwen3_8_max,85.70510709642969,1
833,gemini_3_1_pro_high,67.54027580395896,2
833,gpt_5_5_xhigh,67.13520852921584,3
833,claude_fable_5_max,57.17480496824331,4
833,gpt_5_6_sol_max,46.883754708384586,5
833,deepseek_v4_pro_max,33.546747007125695,6
833,kimi_k3_max,24.22925099904088,7
833,claude_opus_4_8_max,22.5873806350176,8
833,glm_5_2_max,15.963829214767358,9
833,deepseek_v4_flash_max,4.305483011720123,10
834,claude_fable_5_max,84.76503562998151,1
834,kimi_k3_max,72.26062057704178,2
834,claude_opus_4_8_max,61.58996262052863,3
834,gpt_5_6_sol_max,59.17062926408079,4
834,gpt_5_5_xhigh,54.61696134584095,5
834,qwen3_8_max,37.66188458325484,6
834,glm_5_2_max,36.4892090336696,7
834,gemini_3_1_pro_high,27.93685260187746,8
834,deepseek_v4_pro_max,23.660285257120293,9
834,deepseek_v4_flash_max,11.026063073063153,10
835,gpt_5_6_sol_max,74.17336359399813,1
835,claude_opus_4_8_max,65.5256606264706,2
835,gpt_5_5_xhigh,55.671526497536064,3
835,deepseek_v4_pro_max,41.2746321359066,4
835,gemini_3_1_pro_high,39.88179858742332,5
835,glm_5_2_max,30.934023771663945,6
835,claude_fable_5_max,30.14865866779046,7
835,kimi_k3_max,28.584905775503433,8
835,deepseek_v4_flash_max,19.203816914495054,9
835,qwen3_8_max,10.840933325129502,10
836,gpt_5_6_sol_max,69.3500142371398,1
836,gemini_3_1_pro_high,64.86830387642918,2
836,claude_opus_4_8_max,63.21315403021582,3
836,qwen3_8_max,61.94196798468828,4
836,claude_fable_5_max,50.84873974135584,5
836,deepseek_v4_pro_max,38.35219377133531,6
836,gpt_5_5_xhigh,37.56711408957408,7
836,deepseek_v4_flash_max,22.72604730901304,8
836,kimi_k3_max,21.80997324386867,9
836,glm_5_2_max,19.53540911083454,10
837,kimi_k3_max,76.77935225307016,1
837,claude_fable_5_max,62.76434269421175,2
837,claude_opus_4_8_max,55.39152750681377,3
837,gpt_5_5_xhigh,50.40661239853823,4
837,glm_5_2_max,38.514481823279716,5
837,gpt_5_6_sol_max,35.847089528037124,6
837,gemini_3_1_pro_high,31.08474395099443,7
837,deepseek_v4_pro_max,25.994603161943576,8
837,qwen3_8_max,23.31532405953898,9
837,deepseek_v4_flash_max,7.031605490038338,10
838,gemini_3_1_pro_high,81.98066992372983,1
838,kimi_k3_max,64.12046073349859,2
838,qwen3_8_max,63.632517612205355,3
838,claude_fable_5_max,60.515307159795164,4
838,claude_opus_4_8_max,40.97143146174191,5
838,gpt_5_5_xhigh,31.674907810192877,6
838,deepseek_v4_pro_max,31.22469354740108,7
838,deepseek_v4_flash_max,23.22382236775923,8
838,glm_5_2_max,22.80713532866475,9
838,gpt_5_6_sol_max,20.26651990908865,10
839,claude_fable_5_max,78.77627351745221,1
839,gemini_3_1_pro_high,77.06077035898264,2
839,gpt_5_6_sol_max,66.28267027073083,3
839,qwen3_8_max,48.18126699500506,4
839,claude_opus_4_8_max,47.57349021956653,5
839,deepseek_v4_pro_max,42.42669492971855,6
839,gpt_5_5_xhigh,42.38511942162088,7
839,glm_5_2_max,27.24017987125563,8
839,kimi_k3_max,25.018315980930463,9
839,deepseek_v4_flash_max,8.982963979356333,10
840,gpt_5_6_sol_max,66.26956376899057,1
840,claude_fable_5_max,41.64471353734736,2
840,gemini_3_1_pro_high,36.648955470312174,3
840,kimi_k3_max,35.432757229157005,4
840,deepseek_v4_pro_max,33.94427522108617,5
840,gpt_5_5_xhigh,31.70791952408982,6
840,qwen3_8_max,29.19469079949748,7
840,claude_opus_4_8_max,25.31987678120509,8
840,deepseek_v4_flash_max,21.641233787096947,9
840,glm_5_2_max,15.270033805907868,10
841,gpt_5_6_sol_max,77.61114358364367,1
841,claude_fable_5_max,66.02787013801013,2
841,kimi_k3_max,58.415460309769124,3
841,gemini_3_1_pro_high,56.89397665335648,4
841,qwen3_8_max,45.47414323531136,5
841,claude_opus_4_8_max,31.21561533269913,6
841,gpt_5_5_xhigh,29.530988772683642,7
841,deepseek_v4_pro_max,27.450740897552436,8
841,glm_5_2_max,20.30313635656607,9
841,deepseek_v4_flash_max,12.988067023165762,10
842,claude_fable_5_max,81.13391761092714,1
842,gpt_5_6_sol_max,64.42552674562003,2
842,kimi_k3_max,61.82553600292877,3
842,gpt_5_5_xhigh,61.190837783994965,4
842,deepseek_v4_flash_max,42.25774719084474,5
842,glm_5_2_max,39.337449509655784,6
842,gemini_3_1_pro_high,31.754436362598202,7
842,qwen3_8_max,31.595491307125613,8
842,claude_opus_4_8_max,22.30104685811135,9
842,deepseek_v4_pro_max,9.869158661132428,10
843,claude_fable_5_max,79.18394371156819,1
843,qwen3_8_max,63.900330541168955,2
843,deepseek_v4_pro_max,40.95557785618488,3
843,gpt_5_5_xhigh,39.498938050872646,4
843,gemini_3_1_pro_high,31.11223463974867,5
843,kimi_k3_max,28.481432358352055,6
843,gpt_5_6_sol_max,25.42370071434487,7
843,claude_opus_4_8_max,24.819968259475953,8
843,deepseek_v4_flash_max,20.569277675980175,9
843,glm_5_2_max,9.55093252414735,10
844,qwen3_8_max,73.94110665063356,1
844,gemini_3_1_pro_high,60.21249037195341,2
844,gpt_5_6_sol_max,57.63147742007564,3
844,claude_fable_5_max,51.161760635871204,4
844,claude_opus_4_8_max,49.64416596301365,5
844,kimi_k3_max,48.03282749645677,6
844,deepseek_v4_flash_max,40.237492023733175,7
844,deepseek_v4_pro_max,37.34358941075071,8
844,gpt_5_5_xhigh,35.7679784807445,9
844,glm_5_2_max,25.604741541755995,10
845,gpt_5_6_sol_max,84.37299688562877,1
845,claude_opus_4_8_max,70.51467159567937,2
845,gemini_3_1_pro_high,44.28936346121118,3
845,kimi_k3_max,37.01387078301635,4
845,gpt_5_5_xhigh,36.18079380568696,5
845,claude_fable_5_max,31.735050459270674,6
845,deepseek_v4_pro_max,27.362166378394722,7
845,qwen3_8_max,26.92895977056844,8
845,glm_5_2_max,22.698380856203066,9
845,deepseek_v4_flash_max,16.702096730285852,10
846,claude_fable_5_max,58.12267442534498,1
846,gpt_5_5_xhigh,53.033686843320716,2
846,claude_opus_4_8_max,39.98919006801998,3
846,gpt_5_6_sol_max,39.74063903841196,4
846,qwen3_8_max,39.08658847342525,5
846,deepseek_v4_pro_max,38.94955571765527,6
846,gemini_3_1_pro_high,37.50591279446729,7
846,glm_5_2_max,35.02203050355506,8
846,kimi_k3_max,29.069739195592206,9
846,deepseek_v4_flash_max,28.833543808261616,10
847,gpt_5_6_sol_max,66.02303095738574,1
847,claude_opus_4_8_max,49.095394938759426,2
847,deepseek_v4_pro_max,41.81687435917544,3
847,qwen3_8_max,40.60865498588163,4
847,kimi_k3_max,39.5298637007464,5
847,claude_fable_5_max,35.87147116717992,6
847,gemini_3_1_pro_high,28.96629080340777,7
847,glm_5_2_max,25.00166616421573,8
847,gpt_5_5_xhigh,23.611365403765774,9
847,deepseek_v4_flash_max,13.18629598189982,10
848,gpt_5_6_sol_max,75.88910985000426,1
848,kimi_k3_max,50.70637379986664,2
848,gemini_3_1_pro_high,48.02990805063803,3
848,qwen3_8_max,47.37848092603447,4
848,claude_opus_4_8_max,42.158473095343794,5
848,gpt_5_5_xhigh,39.99812343257641,6
848,claude_fable_5_max,27.481365926657823,7
848,deepseek_v4_flash_max,21.81532380353301,8
848,deepseek_v4_pro_max,19.605461157907826,9
848,glm_5_2_max,16.689231693895195,10
849,claude_fable_5_max,80.15969865837083,1
849,gpt_5_6_sol_max,75.07664992970643,2
849,kimi_k3_max,63.5743394190972,3
849,qwen3_8_max,59.73634100144654,4
849,gemini_3_1_pro_high,46.228096015195234,5
849,gpt_5_5_xhigh,45.601416097014564,6
849,claude_opus_4_8_max,24.696011600104356,7
849,deepseek_v4_flash_max,22.965532989290494,8
849,deepseek_v4_pro_max,15.040496215941374,9
849,glm_5_2_max,11.474761693814564,10
850,gemini_3_1_pro_high,72.75649385977647,1
850,claude_fable_5_max,67.62610213375743,2
850,qwen3_8_max,56.41783332945063,3
850,kimi_k3_max,53.68519377404625,4
850,gpt_5_6_sol_max,45.447820578035454,5
850,gpt_5_5_xhigh,44.99799269024909,6
850,claude_opus_4_8_max,36.61636425073706,7
850,deepseek_v4_pro_max,32.465553545809364,8
850,deepseek_v4_flash_max,16.345360905233605,9
850,glm_5_2_max,10.444057546902483,10
851,gemini_3_1_pro_high,74.70249376315022,1
851,claude_fable_5_max,73.64823200185545,2
851,gpt_5_6_sol_max,64.82637350802324,3
851,gpt_5_5_xhigh,51.55857861737127,4
851,qwen3_8_max,42.295662598205865,5
851,deepseek_v4_flash_max,38.75946629593802,6
851,glm_5_2_max,32.69877972549251,7
851,kimi_k3_max,29.51081956366316,8
851,claude_opus_4_8_max,18.81611610778777,9
851,deepseek_v4_pro_max,16.702341261236953,10
852,gpt_5_5_xhigh,74.71932992171271,1
852,claude_fable_5_max,72.78618288394131,2
852,claude_opus_4_8_max,54.96666320911241,3
852,kimi_k3_max,51.17618092045892,4
852,qwen3_8_max,46.04683017300576,5
852,deepseek_v4_flash_max,26.140461438729503,6
852,glm_5_2_max,24.91447424831761,7
852,deepseek_v4_pro_max,22.74946639152831,8
852,gpt_5_6_sol_max,21.278765738074,9
852,gemini_3_1_pro_high,10.044083319883132,10
853,claude_opus_4_8_max,77.48198779189131,1
853,gemini_3_1_pro_high,55.792424131465864,2
853,kimi_k3_max,53.40329737782859,3
853,qwen3_8_max,45.99916718343613,4
853,gpt_5_5_xhigh,43.85312884035602,5
853,deepseek_v4_pro_max,35.85297308793193,6
853,claude_fable_5_max,34.96418472819397,7
853,deepseek_v4_flash_max,24.86146826311886,8
853,glm_5_2_max,23.235616499869543,9
853,gpt_5_6_sol_max,18.37058506375935,10
854,gemini_3_1_pro_high,85.67788715382866,1
854,claude_fable_5_max,68.66088635687036,2
854,kimi_k3_max,65.91610022680955,3
854,qwen3_8_max,61.872559822655546,4
854,gpt_5_6_sol_max,58.357247970175294,5
854,gpt_5_5_xhigh,49.42815939187112,6
854,glm_5_2_max,31.279752364965322,7
854,claude_opus_4_8_max,27.600321596246044,8
854,deepseek_v4_flash_max,26.63622020533421,9
854,deepseek_v4_pro_max,19.644910725719022,10
855,gpt_5_6_sol_max,83.47278320740395,1
855,kimi_k3_max,61.49710276035777,2
855,gemini_3_1_pro_high,56.95586307891895,3
855,claude_opus_4_8_max,53.6802208453968,4
855,claude_fable_5_max,51.83823868457786,5
855,deepseek_v4_flash_max,47.30970352997323,6
855,gpt_5_5_xhigh,44.878290324160815,7
855,qwen3_8_max,23.819026655385812,8
855,deepseek_v4_pro_max,20.0054309016959,9
855,glm_5_2_max,15.753021342815405,10
856,gpt_5_6_sol_max,77.95212912194809,1
856,gpt_5_5_xhigh,57.29878318522449,2
856,gemini_3_1_pro_high,55.62412744454643,3
856,claude_opus_4_8_max,46.71036092394782,4
856,qwen3_8_max,42.7222071916259,5
856,kimi_k3_max,29.034207647233146,6
856,claude_fable_5_max,26.65733368541793,7
856,glm_5_2_max,26.00183135816899,8
856,deepseek_v4_pro_max,24.311836187068796,9
856,deepseek_v4_flash_max,22.580087204346036,10
857,claude_fable_5_max,67.5756773478042,1
857,gpt_5_6_sol_max,65.88973720940956,2
857,deepseek_v4_pro_max,54.58151868155606,3
857,qwen3_8_max,42.88354566206314,4
857,gemini_3_1_pro_high,42.025943634352075,5
857,kimi_k3_max,31.312348442831798,6
857,gpt_5_5_xhigh,23.582437689436947,7
857,deepseek_v4_flash_max,20.4138671135752,8
857,glm_5_2_max,19.034815682634772,9
857,claude_opus_4_8_max,17.925804785235865,10
858,kimi_k3_max,81.80951616685468,1
858,claude_opus_4_8_max,64.10963463289832,2
858,gpt_5_5_xhigh,56.93630681856958,3
858,qwen3_8_max,51.454926933747274,4
858,gpt_5_6_sol_max,45.86558749715196,5
858,gemini_3_1_pro_high,43.663583550559714,6
858,deepseek_v4_pro_max,38.197923657318015,7
858,claude_fable_5_max,35.32010489734403,8
858,deepseek_v4_flash_max,26.36542226211266,9
858,glm_5_2_max,17.95380204867556,10
859,claude_fable_5_max,69.81423334417818,1
859,gemini_3_1_pro_high,66.92114102598121,2
859,qwen3_8_max,57.62273222594373,3
859,gpt_5_6_sol_max,42.97767698885173,4
859,glm_5_2_max,39.80418889539339,5
859,kimi_k3_max,32.207176756515324,6
859,deepseek_v4_flash_max,23.85725933344484,7
859,gpt_5_5_xhigh,20.90036563768159,8
859,claude_opus_4_8_max,18.690369777537242,9
859,deepseek_v4_pro_max,14.39056609670071,10
860,claude_opus_4_8_max,77.59770353158076,1
860,gpt_5_5_xhigh,75.02684404381122,2
860,kimi_k3_max,72.24163987142722,3
860,gemini_3_1_pro_high,50.17398278643923,4
860,qwen3_8_max,43.17843329231942,5
860,gpt_5_6_sol_max,35.958785501300795,6
860,claude_fable_5_max,22.103537274772478,7
860,glm_5_2_max,21.938760544589613,8
860,deepseek_v4_pro_max,19.76153521924642,9
860,deepseek_v4_flash_max,16.109582059034036,10
861,qwen3_8_max,74.31053253252126,1
861,claude_fable_5_max,62.976974491336776,2
861,gemini_3_1_pro_high,58.42612358169027,3
861,kimi_k3_max,58.21827348645709,4
861,claude_opus_4_8_max,47.64343324825923,5
861,gpt_5_6_sol_max,43.545124015755164,6
861,deepseek_v4_flash_max,30.799944128380936,7
861,gpt_5_5_xhigh,29.35414901790648,8
861,glm_5_2_max,26.460264034131875,9
861,deepseek_v4_pro_max,12.836855867234508,10
862,gpt_5_6_sol_max,81.6470778214973,1
862,gemini_3_1_pro_high,47.214608876836294,2
862,kimi_k3_max,42.663699987938685,3
862,qwen3_8_max,42.63454102688196,4
862,claude_fable_5_max,41.65589856448668,5
862,gpt_5_5_xhigh,39.56255945457822,6
862,deepseek_v4_pro_max,34.12239347758651,7
862,claude_opus_4_8_max,30.169929012463868,8
862,glm_5_2_max,17.0272975478168,9
862,deepseek_v4_flash_max,7.579630118459816,10
863,claude_opus_4_8_max,76.23910640047805,1
863,gpt_5_5_xhigh,50.30401171175242,2
863,claude_fable_5_max,47.12238897835267,3
863,gpt_5_6_sol_max,45.966607566780425,4
863,gemini_3_1_pro_high,42.65645492924822,5
863,qwen3_8_max,31.38097441683123,6
863,glm_5_2_max,26.705639380531064,7
863,kimi_k3_max,26.381237907687257,8
863,deepseek_v4_flash_max,22.978857148936925,9
863,deepseek_v4_pro_max,15.712888970985512,10
864,gpt_5_5_xhigh,73.31007685329499,1
864,claude_fable_5_max,65.34615530399749,2
864,gemini_3_1_pro_high,53.29858271543301,3
864,claude_opus_4_8_max,47.086726184484775,4
864,kimi_k3_max,44.4572333427829,5
864,deepseek_v4_flash_max,42.93740759321017,6
864,qwen3_8_max,42.21518176687504,7
864,gpt_5_6_sol_max,28.253462161395902,8
864,deepseek_v4_pro_max,26.054640259161282,9
864,glm_5_2_max,16.68365289232856,10
865,gpt_5_6_sol_max,84.89667284584405,1
865,kimi_k3_max,77.76911835589257,2
865,gemini_3_1_pro_high,57.981699431644564,3
865,claude_fable_5_max,41.442545161639714,4
865,gpt_5_5_xhigh,34.9880172440963,5
865,deepseek_v4_pro_max,34.38838492603129,6
865,claude_opus_4_8_max,33.78455565876065,7
865,qwen3_8_max,33.728649130568925,8
865,glm_5_2_max,16.041365015327322,9
865,deepseek_v4_flash_max,10.713205907381143,10
866,kimi_k3_max,59.12481004828423,1
866,claude_opus_4_8_max,53.583167038326806,2
866,deepseek_v4_pro_max,52.303666658635365,3
866,gpt_5_5_xhigh,49.28526995137729,4
866,gpt_5_6_sol_max,48.02151444172994,5
866,claude_fable_5_max,45.86721738120399,6
866,qwen3_8_max,42.4045547415997,7
866,gemini_3_1_pro_high,30.276868857308926,8
866,glm_5_2_max,13.803127848777702,9
866,deepseek_v4_flash_max,4.0400839394414785,10
867,claude_opus_4_8_max,72.1014662130427,1
867,gpt_5_6_sol_max,59.00171709262784,2
867,qwen3_8_max,40.106511059921424,3
867,deepseek_v4_pro_max,39.53641404738638,4
867,claude_fable_5_max,37.91656592963858,5
867,gemini_3_1_pro_high,32.825021431386446,6
867,kimi_k3_max,25.56175460921405,7
867,glm_5_2_max,24.812144636667067,8
867,gpt_5_5_xhigh,21.338634997923347,9
867,deepseek_v4_flash_max,11.091832623841183,10
868,claude_fable_5_max,79.38867762511599,1
868,gemini_3_1_pro_high,77.43893920368332,2
868,kimi_k3_max,62.34424116653435,3
868,gpt_5_6_sol_max,55.150183322458574,4
868,claude_opus_4_8_max,53.583838449658465,5
868,qwen3_8_max,47.62444427603279,6
868,deepseek_v4_flash_max,30.00505526490315,7
868,gpt_5_5_xhigh,22.90733947933861,8
868,glm_5_2_max,21.217170499525164,9
868,deepseek_v4_pro_max,19.85082111958245,10
869,gemini_3_1_pro_high,64.00913045451625,1
869,qwen3_8_max,61.92861094072077,2
869,claude_fable_5_max,60.30641016253255,3
869,kimi_k3_max,53.55876620790261,4
869,claude_opus_4_8_max,53.51813408621447,5
869,gpt_5_6_sol_max,46.69691760825728,6
869,glm_5_2_max,43.57061679357275,7
869,deepseek_v4_flash_max,37.559242938625914,8
869,gpt_5_5_xhigh,28.65886473451446,9
869,deepseek_v4_pro_max,13.246794784590657,10
870,gpt_5_5_xhigh,74.7137163854908,1
870,claude_fable_5_max,70.11700831609575,2
870,kimi_k3_max,65.0927363805787,3
870,gpt_5_6_sol_max,56.13117799019274,4
870,gemini_3_1_pro_high,50.474170380216805,5
870,qwen3_8_max,50.02806562196503,6
870,deepseek_v4_flash_max,33.36331978917543,7
870,deepseek_v4_pro_max,28.453323880881044,8
870,claude_opus_4_8_max,26.45899973086308,9
870,glm_5_2_max,21.78622321659955,10
871,claude_fable_5_max,85.6177969188463,1
871,gemini_3_1_pro_high,66.06384827477889,2
871,kimi_k3_max,62.622875193982544,3
871,claude_opus_4_8_max,62.545767099294494,4
871,gpt_5_6_sol_max,55.200575088571846,5
871,qwen3_8_max,52.32933043312504,6
871,glm_5_2_max,38.46208771510576,7
871,gpt_5_5_xhigh,33.44726742825277,8
871,deepseek_v4_pro_max,25.260469569693598,9
871,deepseek_v4_flash_max,18.901039206587168,10
872,claude_fable_5_max,60.03072779192199,1
872,claude_opus_4_8_max,51.31005192675313,2
872,gemini_3_1_pro_high,49.517723433211835,3
872,qwen3_8_max,39.46321333703638,4
872,gpt_5_6_sol_max,39.00744320287144,5
872,gpt_5_5_xhigh,36.43503039373573,6
872,glm_5_2_max,32.85623805661979,7
872,deepseek_v4_flash_max,24.267035871365927,8
872,kimi_k3_max,22.87353806918129,9
872,deepseek_v4_pro_max,9.468137802497498,10
873,claude_opus_4_8_max,80.12197840186634,1
873,gemini_3_1_pro_high,72.49453722642072,2
873,gpt_5_6_sol_max,72.32037810033995,3
873,gpt_5_5_xhigh,58.75810985457544,4
873,deepseek_v4_flash_max,39.90634823338845,5
873,qwen3_8_max,32.045961226834606,6
873,glm_5_2_max,28.511090107799248,7
873,deepseek_v4_pro_max,26.956667470744044,8
873,claude_fable_5_max,23.475633410466493,9
873,kimi_k3_max,22.768427374470406,10
874,qwen3_8_max,66.3599920894089,1
874,gpt_5_6_sol_max,63.650900142341655,2
874,kimi_k3_max,50.529093225003095,3
874,claude_fable_5_max,49.76369245366601,4
874,gemini_3_1_pro_high,49.72755073097366,5
874,claude_opus_4_8_max,48.60890588616867,6
874,deepseek_v4_pro_max,41.217407783458356,7
874,gpt_5_5_xhigh,30.21660323421579,8
874,deepseek_v4_flash_max,22.81902627714818,9
874,glm_5_2_max,15.841102622696178,10
875,gpt_5_6_sol_max,77.5196969262413,1
875,gpt_5_5_xhigh,65.69203525637957,2
875,kimi_k3_max,41.10578896117997,3
875,glm_5_2_max,40.33619575338634,4
875,deepseek_v4_pro_max,36.26327456662974,5
875,gemini_3_1_pro_high,35.326451494551776,6
875,claude_fable_5_max,27.925851884010644,7
875,claude_opus_4_8_max,25.918602142415153,8
875,qwen3_8_max,24.065825396603415,9
875,deepseek_v4_flash_max,15.276857479685749,10
876,claude_fable_5_max,67.53383346202747,1
876,kimi_k3_max,61.48596028705676,2
876,claude_opus_4_8_max,53.06234171924549,3
876,gpt_5_6_sol_max,52.20454446603915,4
876,gemini_3_1_pro_high,48.02831763717137,5
876,gpt_5_5_xhigh,42.06932928551027,6
876,deepseek_v4_pro_max,29.877237741730426,7
876,qwen3_8_max,29.313527935476905,8
876,deepseek_v4_flash_max,24.82740179707664,9
876,glm_5_2_max,9.667596353151191,10
877,gpt_5_5_xhigh,74.58022325851275,1
877,gpt_5_6_sol_max,66.15570420975257,2
877,gemini_3_1_pro_high,64.67292323066502,3
877,qwen3_8_max,58.486477184114506,4
877,claude_opus_4_8_max,58.13219282662864,5
877,claude_fable_5_max,57.176668325426036,6
877,deepseek_v4_flash_max,47.94959113038709,7
877,glm_5_2_max,18.444656303231234,8
877,kimi_k3_max,16.173791219971566,9
877,deepseek_v4_pro_max,11.070856656543612,10
878,kimi_k3_max,70.22515364876537,1
878,gpt_5_6_sol_max,65.11321261328182,2
878,deepseek_v4_flash_max,47.09908537294435,3
878,claude_opus_4_8_max,39.607825988281505,4
878,qwen3_8_max,38.54569572286979,5
878,claude_fable_5_max,33.12264411762994,6
878,gpt_5_5_xhigh,32.16372733018811,7
878,gemini_3_1_pro_high,24.743905438604536,8
878,glm_5_2_max,20.565121805380688,9
878,deepseek_v4_pro_max,17.925553826381673,10
879,gpt_5_6_sol_max,86.72693260601129,1
879,claude_opus_4_8_max,63.24003423545459,2
879,gemini_3_1_pro_high,49.73465586165339,3
879,qwen3_8_max,32.90621034048345,4
879,kimi_k3_max,32.79794079995934,5
879,deepseek_v4_pro_max,22.608575833961567,6
879,gpt_5_5_xhigh,21.98335077999955,7
879,claude_fable_5_max,20.515116768436684,8
879,deepseek_v4_flash_max,18.406370472465383,9
879,glm_5_2_max,12.218199752560869,10
880,gpt_5_5_xhigh,79.84613665932781,1
880,claude_fable_5_max,74.98267775290489,2
880,qwen3_8_max,66.50737840880124,3
880,claude_opus_4_8_max,57.560962288820434,4
880,kimi_k3_max,45.48138414179718,5
880,deepseek_v4_flash_max,40.791676035278726,6
880,gemini_3_1_pro_high,38.85324969239973,7
880,gpt_5_6_sol_max,28.93609787122285,8
880,glm_5_2_max,22.719117753346765,9
880,deepseek_v4_pro_max,11.373009438811396,10
881,gpt_5_6_sol_max,69.13292044056847,1
881,gpt_5_5_xhigh,50.40484403493787,2
881,claude_opus_4_8_max,39.81301647521782,3
881,claude_fable_5_max,39.02833055622755,4
881,deepseek_v4_flash_max,34.34125297845405,5
881,qwen3_8_max,29.434922259874394,6
881,gemini_3_1_pro_high,25.15525570997992,7
881,glm_5_2_max,17.41859373935564,8
881,kimi_k3_max,14.41309211244679,9
881,deepseek_v4_pro_max,9.20891967104906,10
882,claude_opus_4_8_max,69.7773674747192,1
882,qwen3_8_max,47.10043777450501,2
882,deepseek_v4_pro_max,40.65928105671726,3
882,gpt_5_5_xhigh,36.03053591244953,4
882,kimi_k3_max,32.462488185590885,5
882,gemini_3_1_pro_high,31.409468762074237,6
882,deepseek_v4_flash_max,25.47281365003007,7
882,claude_fable_5_max,24.166594308919564,8
882,gpt_5_6_sol_max,23.95393034217477,9
882,glm_5_2_max,8.21676692187718,10
883,claude_opus_4_8_max,73.97968282415378,1
883,gpt_5_6_sol_max,65.59709191722256,2
883,qwen3_8_max,58.60629830890302,3
883,kimi_k3_max,41.021956588883285,4
883,deepseek_v4_flash_max,38.86781564210183,5
883,gemini_3_1_pro_high,36.99377364521002,6
883,glm_5_2_max,31.623039674473755,7
883,claude_fable_5_max,29.554148229058654,8
883,gpt_5_5_xhigh,22.85867015597844,9
883,deepseek_v4_pro_max,7.764357899208771,10
884,gpt_5_5_xhigh,66.24719258886466,1
884,kimi_k3_max,63.70302893156418,2
884,claude_opus_4_8_max,43.079718642385394,3
884,gemini_3_1_pro_high,42.59777274440829,4
884,claude_fable_5_max,40.27386410598759,5
884,qwen3_8_max,31.572662690717813,6
884,gpt_5_6_sol_max,31.04375635504783,7
884,deepseek_v4_flash_max,30.159988157289177,8
884,glm_5_2_max,22.856424632014026,9
884,deepseek_v4_pro_max,22.325890968063092,10
885,kimi_k3_max,75.72173773373885,1
885,gpt_5_5_xhigh,68.41521926263533,2
885,gpt_5_6_sol_max,56.307673336467474,3
885,qwen3_8_max,55.080549031748184,4
885,claude_fable_5_max,50.68610801341353,5
885,claude_opus_4_8_max,38.29973587365052,6
885,gemini_3_1_pro_high,37.27647207441714,7
885,deepseek_v4_flash_max,33.20316569262229,8
885,glm_5_2_max,18.207951887408687,9
885,deepseek_v4_pro_max,10.570336880766833,10
886,gpt_5_5_xhigh,63.115323532448855,1
886,claude_fable_5_max,59.609990589566834,2
886,qwen3_8_max,49.31393142833895,3
886,gemini_3_1_pro_high,47.559477108973695,4
886,kimi_k3_max,39.78878077585344,5
886,claude_opus_4_8_max,34.5338382148349,6
886,glm_5_2_max,25.65869424843568,7
886,deepseek_v4_pro_max,18.911006387299285,8
886,deepseek_v4_flash_max,17.152725724992575,9
886,gpt_5_6_sol_max,15.371782858228201,10
887,gemini_3_1_pro_high,76.85813289686352,1
887,qwen3_8_max,75.20197668354601,2
887,claude_fable_5_max,63.07551146084755,3
887,gpt_5_6_sol_max,61.219173871517874,4
887,kimi_k3_max,60.55410545237404,5
887,claude_opus_4_8_max,39.86258481184554,6
887,glm_5_2_max,29.433502751141177,7
887,gpt_5_5_xhigh,28.168431042752452,8
887,deepseek_v4_flash_max,27.55482887796331,9
887,deepseek_v4_pro_max,14.748972405556035,10
888,qwen3_8_max,73.04495103739342,1
888,kimi_k3_max,62.27662735366869,2
888,claude_fable_5_max,47.162346753946146,3
888,gpt_5_5_xhigh,46.20861383367125,4
888,claude_opus_4_8_max,43.81920770491609,5
888,gemini_3_1_pro_high,39.88712103440493,6
888,gpt_5_6_sol_max,36.528879546856245,7
888,glm_5_2_max,33.828923836265574,8
888,deepseek_v4_flash_max,22.614121994966652,9
888,deepseek_v4_pro_max,16.05051099144449,10
889,kimi_k3_max,72.6714824196882,1
889,gemini_3_1_pro_high,63.970467024147304,2
889,qwen3_8_max,62.90341540139313,3
889,claude_fable_5_max,49.7981164298302,4
889,gpt_5_6_sol_max,40.51718226263844,5
889,deepseek_v4_flash_max,36.193580214530506,6
889,gpt_5_5_xhigh,35.938010408865914,7
889,claude_opus_4_8_max,27.586320446888244,8
889,glm_5_2_max,17.26711171141752,9
889,deepseek_v4_pro_max,15.937990228986468,10
890,gpt_5_6_sol_max,60.276724687396715,1
890,kimi_k3_max,59.78149804260903,2
890,qwen3_8_max,56.16591771783298,3
890,claude_fable_5_max,47.294515635565986,4
890,gemini_3_1_pro_high,46.592128999724736,5
890,deepseek_v4_flash_max,32.61758441167662,6
890,claude_opus_4_8_max,29.42339444293607,7
890,deepseek_v4_pro_max,25.81924986920681,8
890,gpt_5_5_xhigh,22.273113076291096,9
890,glm_5_2_max,21.554395194822188,10
891,kimi_k3_max,68.10266224734993,1
891,qwen3_8_max,62.77171231494683,2
891,gpt_5_5_xhigh,50.73786980929117,3
891,claude_fable_5_max,47.97794838887863,4
891,gemini_3_1_pro_high,46.32930587582274,5
891,deepseek_v4_flash_max,37.91392858883942,6
891,deepseek_v4_pro_max,36.05305244887061,7
891,gpt_5_6_sol_max,34.868318912856495,8
891,glm_5_2_max,31.91695907648088,9
891,claude_opus_4_8_max,20.463112743675563,10
892,gpt_5_6_sol_max,71.8645467180813,1
892,gpt_5_5_xhigh,64.28977791641375,2
892,gemini_3_1_pro_high,60.318092350364225,3
892,deepseek_v4_pro_max,43.46264261001915,4
892,claude_fable_5_max,42.116291838384534,5
892,kimi_k3_max,41.20798380896178,6
892,deepseek_v4_flash_max,32.88362094587083,7
892,qwen3_8_max,29.561604620604715,8
892,claude_opus_4_8_max,26.152763008680886,9
892,glm_5_2_max,9.932465944304905,10
893,claude_opus_4_8_max,77.25753593756973,1
893,gpt_5_5_xhigh,62.56270850756014,2
893,gpt_5_6_sol_max,47.08669450457587,3
893,qwen3_8_max,46.442899015266306,4
893,claude_fable_5_max,39.941877499001954,5
893,glm_5_2_max,39.22370061939634,6
893,deepseek_v4_flash_max,36.4412390833076,7
893,kimi_k3_max,29.059192344401346,8
893,gemini_3_1_pro_high,18.12496485769872,9
893,deepseek_v4_pro_max,11.76667649212926,10
894,gpt_5_6_sol_max,82.36488926460589,1
894,claude_fable_5_max,68.57917504338232,2
894,gemini_3_1_pro_high,57.79408460252863,3
894,kimi_k3_max,54.53448256166364,4
894,claude_opus_4_8_max,50.06987866845802,5
894,qwen3_8_max,45.14978353787615,6
894,deepseek_v4_pro_max,32.92791877708166,7
894,glm_5_2_max,27.089101434410352,8
894,gpt_5_5_xhigh,21.974618538109034,9
894,deepseek_v4_flash_max,8.907021500406653,10
895,gemini_3_1_pro_high,83.91422656517874,1
895,qwen3_8_max,77.52766027886693,2
895,kimi_k3_max,74.09592087549859,3
895,gpt_5_6_sol_max,56.160218516761695,4
895,gpt_5_5_xhigh,43.9277268809048,5
895,claude_fable_5_max,34.472824393072365,6
895,deepseek_v4_pro_max,29.03355759085462,7
895,deepseek_v4_flash_max,27.059520970688556,8
895,glm_5_2_max,24.223512754777623,9
895,claude_opus_4_8_max,14.545802991495474,10
896,qwen3_8_max,62.92933830147988,1
896,gemini_3_1_pro_high,58.727448233251785,2
896,kimi_k3_max,48.77066361060911,3
896,gpt_5_5_xhigh,47.96327408018777,4
896,claude_fable_5_max,46.66597307707872,5
896,claude_opus_4_8_max,44.55334310877036,6
896,gpt_5_6_sol_max,38.335943069662996,7
896,deepseek_v4_pro_max,25.985958748463858,8
896,deepseek_v4_flash_max,20.100368013034576,9
896,glm_5_2_max,13.30597718679427,10
897,kimi_k3_max,88.9300941124641,1
897,gpt_5_5_xhigh,78.34433575063673,2
897,claude_fable_5_max,62.328539472562326,3
897,qwen3_8_max,43.853718164043755,4
897,gemini_3_1_pro_high,36.65013462275185,5
897,claude_opus_4_8_max,32.0335688948599,6
897,gpt_5_6_sol_max,30.940537161720545,7
897,deepseek_v4_flash_max,22.826280702318925,8
897,glm_5_2_max,19.977987613670706,9
897,deepseek_v4_pro_max,16.169491128523422,10
898,gpt_5_6_sol_max,81.3604175757902,1
898,claude_opus_4_8_max,61.22268903222452,2
898,gemini_3_1_pro_high,45.06804871976131,3
898,deepseek_v4_pro_max,43.65247113000079,4
898,qwen3_8_max,38.01015131243114,5
898,gpt_5_5_xhigh,37.55398175136209,6
898,claude_fable_5_max,31.38086555796912,7
898,glm_5_2_max,18.855453128841933,8
898,kimi_k3_max,13.696013784950974,9
898,deepseek_v4_flash_max,7.08652183362346,10
899,gpt_5_5_xhigh,72.49954042453561,1
899,claude_fable_5_max,67.92813236930608,2
899,gpt_5_6_sol_max,61.98775727173596,3
899,kimi_k3_max,55.35492590130052,4
899,qwen3_8_max,51.87965379465134,5
899,gemini_3_1_pro_high,47.49880697775079,6
899,deepseek_v4_flash_max,36.12860431506877,7
899,claude_opus_4_8_max,30.866257462672973,8
899,deepseek_v4_pro_max,28.30430190990046,9
899,glm_5_2_max,26.578948170478856,10
900,claude_fable_5_max,87.95743881785228,1
900,kimi_k3_max,75.03031412046829,2
900,gpt_5_6_sol_max,64.88759372300129,3
900,gpt_5_5_xhigh,55.885834411358445,4
900,gemini_3_1_pro_high,44.89208952927136,5
900,qwen3_8_max,40.41570055327964,6
900,claude_opus_4_8_max,31.969119479105906,7
900,glm_5_2_max,27.29083783901668,8
900,deepseek_v4_flash_max,23.834499758049187,9
900,deepseek_v4_pro_max,17.91548371902224,10
901,kimi_k3_max,67.36209740521603,1
901,gemini_3_1_pro_high,56.81819028441302,2
901,deepseek_v4_flash_max,52.91592736688006,3
901,claude_opus_4_8_max,47.96354201987245,4
901,gpt_5_6_sol_max,41.04014403115243,5
901,claude_fable_5_max,40.124637089806086,6
901,gpt_5_5_xhigh,32.35962674758625,7
901,deepseek_v4_pro_max,25.412356779508354,8
901,qwen3_8_max,24.741266301305846,9
901,glm_5_2_max,20.882023082560075,10
902,claude_opus_4_8_max,76.97202696621306,1
902,gpt_5_5_xhigh,64.77110566788795,2
902,gemini_3_1_pro_high,62.21202824274337,3
902,deepseek_v4_flash_max,42.12448366401448,4
902,qwen3_8_max,30.046580218521893,5
902,gpt_5_6_sol_max,26.910510319963766,6
902,kimi_k3_max,26.20199226453918,7
902,deepseek_v4_pro_max,22.83689513361911,8
902,glm_5_2_max,18.30078391601299,9
902,claude_fable_5_max,18.095393567094423,10
903,claude_opus_4_8_max,75.58853151955837,1
903,kimi_k3_max,72.74468451943645,2
903,claude_fable_5_max,61.106085043010744,3
903,gemini_3_1_pro_high,59.220222016626025,4
903,qwen3_8_max,56.26522565649898,5
903,gpt_5_6_sol_max,48.390650810007465,6
903,glm_5_2_max,44.13706297165483,7
903,gpt_5_5_xhigh,23.094350539372122,8
903,deepseek_v4_flash_max,19.326249615214763,9
903,deepseek_v4_pro_max,10.833698723505943,10
904,gpt_5_5_xhigh,69.43547550719536,1
904,gpt_5_6_sol_max,44.95036680842471,2
904,claude_opus_4_8_max,36.97505592678981,3
904,kimi_k3_max,35.67475891976626,4
904,gemini_3_1_pro_high,28.793348541090563,5
904,deepseek_v4_pro_max,24.288823010301513,6
904,claude_fable_5_max,24.148238159134504,7
904,qwen3_8_max,22.28142031911706,8
904,glm_5_2_max,17.740929544261526,9
904,deepseek_v4_flash_max,12.254931703385115,10
905,kimi_k3_max,81.08762010461587,1
905,qwen3_8_max,67.26049049566507,2
905,gpt_5_6_sol_max,59.67262126118954,3
905,gpt_5_5_xhigh,40.693864744881,4
905,gemini_3_1_pro_high,34.425203150051956,5
905,deepseek_v4_flash_max,27.757430979392367,6
905,glm_5_2_max,27.637938756583697,7
905,claude_opus_4_8_max,22.656038869793626,8
905,deepseek_v4_pro_max,18.364335468718515,9
905,claude_fable_5_max,12.355830905197033,10
906,gpt_5_6_sol_max,81.25617876036009,1
906,kimi_k3_max,76.73920537909142,2
906,qwen3_8_max,64.5220310016885,3
906,claude_fable_5_max,54.22325988167328,4
906,claude_opus_4_8_max,46.87299737740941,5
906,gemini_3_1_pro_high,36.58229020176845,6
906,deepseek_v4_pro_max,20.904677777408683,7
906,gpt_5_5_xhigh,19.549700874116724,8
906,glm_5_2_max,17.1740104418843,9
906,deepseek_v4_flash_max,15.591175549434851,10
907,gemini_3_1_pro_high,71.13807760588263,1
907,claude_fable_5_max,70.74722642068127,2
907,qwen3_8_max,58.221285096168145,3
907,gpt_5_5_xhigh,53.316504418314025,4
907,gpt_5_6_sol_max,43.87887722134706,5
907,deepseek_v4_pro_max,41.310858899285265,6
907,kimi_k3_max,37.49367774720964,7
907,glm_5_2_max,26.58587195986771,8
907,claude_opus_4_8_max,20.474344519562962,9
907,deepseek_v4_flash_max,6.316618632986468,10
908,gpt_5_5_xhigh,77.55285525694141,1
908,claude_fable_5_max,72.95898287160665,2
908,qwen3_8_max,62.3716203694126,3
908,deepseek_v4_pro_max,42.330004082033305,4
908,gemini_3_1_pro_high,39.06986151635222,5
908,gpt_5_6_sol_max,29.368871238410833,6
908,deepseek_v4_flash_max,25.100059481863852,7
908,claude_opus_4_8_max,20.84222165427969,8
908,kimi_k3_max,17.937144848335347,9
908,glm_5_2_max,13.733999142987052,10
909,gpt_5_5_xhigh,75.47586470142372,1
909,claude_fable_5_max,55.52360421346063,2
909,claude_opus_4_8_max,54.901204634642,3
909,kimi_k3_max,50.89592770173887,4
909,gemini_3_1_pro_high,39.69663438054086,5
909,gpt_5_6_sol_max,37.18622439585144,6
909,glm_5_2_max,26.978104267600976,7
909,deepseek_v4_flash_max,24.426281027797906,8
909,deepseek_v4_pro_max,21.939825389112798,9
909,qwen3_8_max,19.809850907281863,10
910,claude_fable_5_max,80.95651547663493,1
910,qwen3_8_max,64.17251004622231,2
910,gpt_5_6_sol_max,62.22597447499828,3
910,gemini_3_1_pro_high,55.17392557384126,4
910,claude_opus_4_8_max,46.12298721062703,5
910,gpt_5_5_xhigh,39.12756887303316,6
910,kimi_k3_max,29.459733144007238,7
910,deepseek_v4_pro_max,27.592478818366317,8
910,glm_5_2_max,26.30469425246912,9
910,deepseek_v4_flash_max,24.181089113954652,10
911,gpt_5_5_xhigh,82.76459237508983,1
911,gpt_5_6_sol_max,58.60503040103637,2
911,gemini_3_1_pro_high,29.846243594621377,3
911,deepseek_v4_pro_max,28.911966745414002,4
911,glm_5_2_max,24.264757594059947,5
911,kimi_k3_max,21.85185355332647,6
911,claude_fable_5_max,21.244008169856986,7
911,qwen3_8_max,21.063513201215358,8
911,deepseek_v4_flash_max,16.242915196864104,9
911,claude_opus_4_8_max,10.65652341458999,10
912,qwen3_8_max,79.06903904863047,1
912,gemini_3_1_pro_high,69.64397101999532,2
912,gpt_5_6_sol_max,68.98861122248687,3
912,claude_fable_5_max,60.43140944718242,4
912,gpt_5_5_xhigh,60.40437505416455,5
912,kimi_k3_max,30.246235868706613,6
912,glm_5_2_max,28.153209224622813,7
912,claude_opus_4_8_max,22.384641850475084,8
912,deepseek_v4_flash_max,17.038310531945136,9
912,deepseek_v4_pro_max,15.237847997588222,10
913,gpt_5_6_sol_max,56.6790076218556,1
913,qwen3_8_max,55.276973828484856,2
913,kimi_k3_max,50.598129830355795,3
913,claude_fable_5_max,46.20857509702648,4
913,gpt_5_5_xhigh,45.175175509193245,5
913,glm_5_2_max,40.1116326863508,6
913,gemini_3_1_pro_high,37.71046405539444,7
913,claude_opus_4_8_max,23.22342701220415,8
913,deepseek_v4_pro_max,22.13204222669481,9
913,deepseek_v4_flash_max,21.812160600946406,10
914,gpt_5_6_sol_max,56.135368169303604,1
914,gpt_5_5_xhigh,47.6380275487293,2
914,claude_opus_4_8_max,44.78115399740479,3
914,glm_5_2_max,44.271242581028424,4
914,qwen3_8_max,42.68661541472319,5
914,deepseek_v4_pro_max,37.49379819081482,6
914,gemini_3_1_pro_high,34.71718507714469,7
914,claude_fable_5_max,31.348903454736103,8
914,deepseek_v4_flash_max,14.993544645348003,9
914,kimi_k3_max,10.51582090808682,10
915,gpt_5_6_sol_max,64.1782794157722,1
915,claude_opus_4_8_max,59.2973204084914,2
915,qwen3_8_max,50.21420438185302,3
915,kimi_k3_max,44.16839299516193,4
915,deepseek_v4_pro_max,35.49739020271054,5
915,gemini_3_1_pro_high,33.288986529564006,6
915,glm_5_2_max,27.496321836621433,7
915,claude_fable_5_max,21.28159554000568,8
915,deepseek_v4_flash_max,19.98484584534871,9
915,gpt_5_5_xhigh,17.891369677448285,10
916,claude_fable_5_max,88.1610876267857,1
916,gpt_5_5_xhigh,68.4053845720701,2
916,kimi_k3_max,67.72930961715447,3
916,gemini_3_1_pro_high,61.9253075555134,4
916,gpt_5_6_sol_max,45.514728960856544,5
916,claude_opus_4_8_max,43.08678989840694,6
916,qwen3_8_max,27.828281578626104,7
916,deepseek_v4_pro_max,24.750658775027354,8
916,deepseek_v4_flash_max,23.783677702994808,9
916,glm_5_2_max,16.472814122035864,10
917,claude_opus_4_8_max,74.10405566106033,1
917,claude_fable_5_max,64.52765671928492,2
917,kimi_k3_max,60.53693548810068,3
917,qwen3_8_max,51.87710731627002,4
917,gpt_5_6_sol_max,49.46407741658962,5
917,gemini_3_1_pro_high,44.901576313553115,6
917,deepseek_v4_pro_max,35.14545479623482,7
917,deepseek_v4_flash_max,34.37114400820371,8
917,gpt_5_5_xhigh,33.394089661851616,9
917,glm_5_2_max,29.176057079185263,10
918,gpt_5_5_xhigh,63.686001136592694,1
918,claude_fable_5_max,59.07771544361114,2
918,kimi_k3_max,42.02756476637492,3
918,gpt_5_6_sol_max,39.850970408998805,4
918,gemini_3_1_pro_high,32.39730694386694,5
918,claude_opus_4_8_max,26.42453094171123,6
918,deepseek_v4_flash_max,23.512239532550076,7
918,qwen3_8_max,21.08532217500467,8
918,glm_5_2_max,17.373733340550952,9
918,deepseek_v4_pro_max,15.721214152098163,10
919,kimi_k3_max,68.5044476679317,1
919,claude_opus_4_8_max,66.48130164502953,2
919,qwen3_8_max,46.42414549190537,3
919,claude_fable_5_max,38.580663946395504,4
919,gemini_3_1_pro_high,27.264336529488304,5
919,gpt_5_5_xhigh,26.490251831615442,6
919,deepseek_v4_flash_max,25.478801766997584,7
919,deepseek_v4_pro_max,20.08763110720298,8
919,glm_5_2_max,19.34243129752347,9
919,gpt_5_6_sol_max,16.32154573515016,10
920,kimi_k3_max,81.66498323013491,1
920,gemini_3_1_pro_high,69.61885451555293,2
920,claude_opus_4_8_max,68.91100857611214,3
920,gpt_5_5_xhigh,55.16828418530049,4
920,deepseek_v4_pro_max,40.82057383848762,5
920,gpt_5_6_sol_max,37.864589962378744,6
920,qwen3_8_max,28.632256367274028,7
920,claude_fable_5_max,28.134685405326312,8
920,deepseek_v4_flash_max,22.123892958023845,9
920,glm_5_2_max,8.833057666911072,10
921,gpt_5_6_sol_max,79.30740157285774,1
921,claude_fable_5_max,60.71223554108048,2
921,qwen3_8_max,48.92447115751891,3
921,claude_opus_4_8_max,45.66645198188717,4
921,gemini_3_1_pro_high,43.00783620799858,5
921,kimi_k3_max,38.652320754320286,6
921,gpt_5_5_xhigh,37.11787298900051,7
921,deepseek_v4_flash_max,32.90434265516744,8
921,deepseek_v4_pro_max,30.209252384971407,9
921,glm_5_2_max,8.438842793490819,10
922,claude_opus_4_8_max,73.68007906772068,1
922,gpt_5_6_sol_max,59.755227358836095,2
922,qwen3_8_max,57.97884017441413,3
922,gemini_3_1_pro_high,38.0753280612371,4
922,deepseek_v4_flash_max,34.31877662870439,5
922,gpt_5_5_xhigh,33.07193026173682,6
922,claude_fable_5_max,31.906701408930797,7
922,deepseek_v4_pro_max,22.744705634676126,8
922,kimi_k3_max,21.660429079458716,9
922,glm_5_2_max,18.348722161951414,10
923,claude_fable_5_max,86.15600998161594,1
923,kimi_k3_max,61.99571702636134,2
923,qwen3_8_max,61.55753286441745,3
923,gpt_5_5_xhigh,56.768008131210436,4
923,claude_opus_4_8_max,49.68924326770593,5
923,deepseek_v4_pro_max,38.44819249689832,6
923,gpt_5_6_sol_max,34.72932784005477,7
923,deepseek_v4_flash_max,30.911320785941903,8
923,gemini_3_1_pro_high,29.948255024808116,9
923,glm_5_2_max,27.768455651270216,10
924,gpt_5_6_sol_max,82.20898599783327,1
924,claude_fable_5_max,56.7268072384924,2
924,gpt_5_5_xhigh,51.73516937710055,3
924,gemini_3_1_pro_high,37.17479021288347,4
924,claude_opus_4_8_max,36.74959334700841,5
924,qwen3_8_max,27.206994586298734,6
924,kimi_k3_max,26.805630081054282,7
924,deepseek_v4_pro_max,25.533099268913126,8
924,deepseek_v4_flash_max,23.322095740342206,9
924,glm_5_2_max,17.130267102033006,10
925,gpt_5_6_sol_max,84.69543694571627,1
925,gpt_5_5_xhigh,78.7205751992062,2
925,kimi_k3_max,49.839491096187615,3
925,claude_opus_4_8_max,48.033159460223416,4
925,gemini_3_1_pro_high,43.80506877144761,5
925,qwen3_8_max,42.96676327393968,6
925,glm_5_2_max,28.714389710982903,7
925,deepseek_v4_pro_max,17.688068820515227,8
925,deepseek_v4_flash_max,16.075196659144282,9
925,claude_fable_5_max,15.238464736653173,10
926,gpt_5_6_sol_max,70.67258274102537,1
926,gemini_3_1_pro_high,65.66542085886219,2
926,claude_fable_5_max,56.195505419144894,3
926,kimi_k3_max,55.640450177021556,4
926,gpt_5_5_xhigh,48.457799599045245,5
926,qwen3_8_max,44.81239336174694,6
926,deepseek_v4_flash_max,32.94151955016899,7
926,deepseek_v4_pro_max,32.77894497777945,8
926,claude_opus_4_8_max,26.91835066387887,9
926,glm_5_2_max,8.96463806510169,10
927,gemini_3_1_pro_high,65.76225814311647,1
927,claude_opus_4_8_max,52.66847850138194,2
927,kimi_k3_max,51.847570389687974,3
927,deepseek_v4_pro_max,45.767421634843785,4
927,claude_fable_5_max,45.28753624292684,5
927,gpt_5_6_sol_max,41.541958680912145,6
927,glm_5_2_max,24.596080043865854,7
927,qwen3_8_max,23.133081967214416,8
927,gpt_5_5_xhigh,19.020730442031574,9
927,deepseek_v4_flash_max,12.517546635445807,10
928,gpt_5_6_sol_max,77.52577578938,1
928,qwen3_8_max,51.15158035046292,2
928,gpt_5_5_xhigh,46.64514423339598,3
928,claude_opus_4_8_max,37.39619311752533,4
928,kimi_k3_max,36.86365820071494,5
928,deepseek_v4_pro_max,34.47862236757244,6
928,deepseek_v4_flash_max,32.07697227488008,7
928,gemini_3_1_pro_high,30.48481084219129,8
928,claude_fable_5_max,27.060039468601403,9
928,glm_5_2_max,9.57244439595786,10
929,claude_fable_5_max,80.68446580352382,1
929,claude_opus_4_8_max,74.59603985292071,2
929,gemini_3_1_pro_high,69.48723365566077,3
929,qwen3_8_max,65.53092599486354,4
929,gpt_5_5_xhigh,45.923885277890115,5
929,kimi_k3_max,40.777158379079324,6
929,deepseek_v4_pro_max,38.925202744560316,7
929,gpt_5_6_sol_max,25.89016704303215,8
929,deepseek_v4_flash_max,16.288255541264874,9
929,glm_5_2_max,15.09182497603298,10
930,gpt_5_6_sol_max,79.15917212283907,1
930,claude_fable_5_max,72.51378261439903,2
930,qwen3_8_max,50.2582088139191,3
930,gemini_3_1_pro_high,47.43183095162681,4
930,claude_opus_4_8_max,43.21569392859295,5
930,kimi_k3_max,33.7307846689839,6
930,deepseek_v4_pro_max,32.46185639645719,7
930,deepseek_v4_flash_max,27.384652886985307,8
930,gpt_5_5_xhigh,26.36014095683692,9
930,glm_5_2_max,16.997579070584845,10
931,kimi_k3_max,86.20200433545136,1
931,claude_opus_4_8_max,49.477536081320544,2
931,gpt_5_5_xhigh,45.01841744493264,3
931,gpt_5_6_sol_max,44.74092396985964,4
931,qwen3_8_max,40.660242919888645,5
931,deepseek_v4_flash_max,24.44470088744607,6
931,claude_fable_5_max,21.052469388365825,7
931,deepseek_v4_pro_max,18.938579525080268,8
931,glm_5_2_max,17.437099286066722,9
931,gemini_3_1_pro_high,16.224301997464735,10
932,gpt_5_5_xhigh,69.69256270995717,1
932,claude_opus_4_8_max,50.03291297206869,2
932,deepseek_v4_pro_max,47.103114938014855,3
932,gemini_3_1_pro_high,43.41873902523113,4
932,kimi_k3_max,41.92695384741909,5
932,glm_5_2_max,38.50732424981139,6
932,claude_fable_5_max,34.79423295184825,7
932,gpt_5_6_sol_max,33.680769955892686,8
932,qwen3_8_max,32.86161494627276,9
932,deepseek_v4_flash_max,24.08368755499368,10
933,claude_fable_5_max,62.263643696159015,1
933,gpt_5_6_sol_max,60.14371116461983,2
933,gpt_5_5_xhigh,48.52520123324612,3
933,claude_opus_4_8_max,44.82001174368693,4
933,qwen3_8_max,37.223763984736905,5
933,gemini_3_1_pro_high,35.307930024024216,6
933,deepseek_v4_flash_max,26.57072805026609,7
933,deepseek_v4_pro_max,20.682604700599146,8
933,glm_5_2_max,15.167678076044194,9
933,kimi_k3_max,13.918559736268325,10
934,kimi_k3_max,81.24442181774418,1
934,gemini_3_1_pro_high,63.13923069006204,2
934,claude_fable_5_max,47.34830065208695,3
934,qwen3_8_max,34.0268988137928,4
934,gpt_5_5_xhigh,32.19452840681484,5
934,claude_opus_4_8_max,25.27076883685669,6
934,deepseek_v4_flash_max,25.147301365586678,7
934,gpt_5_6_sol_max,22.114284817155248,8
934,glm_5_2_max,19.72905709294737,9
934,deepseek_v4_pro_max,18.787649756805216,10
935,kimi_k3_max,76.3365939892702,1
935,claude_opus_4_8_max,72.2804269938669,2
935,gpt_5_5_xhigh,60.87320649354314,3
935,claude_fable_5_max,51.132985621605,4
935,gpt_5_6_sol_max,47.365905178053225,5
935,qwen3_8_max,36.85976967730065,6
935,deepseek_v4_pro_max,26.584790525822314,7
935,gemini_3_1_pro_high,22.993016660911586,8
935,glm_5_2_max,18.73434574236582,9
935,deepseek_v4_flash_max,10.395231765250298,10
936,gpt_5_6_sol_max,68.43079298335968,1
936,kimi_k3_max,60.41042364058087,2
936,claude_fable_5_max,57.88976802061561,3
936,gemini_3_1_pro_high,50.788629646628706,4
936,qwen3_8_max,36.87409149867027,5
936,deepseek_v4_flash_max,26.006232060692223,6
936,gpt_5_5_xhigh,23.947543322893605,7
936,claude_opus_4_8_max,20.051449852967117,8
936,deepseek_v4_pro_max,18.929503527390512,9
936,glm_5_2_max,13.562715820098571,10
937,gemini_3_1_pro_high,74.75820235467903,1
937,claude_opus_4_8_max,61.92126712997528,2
937,gpt_5_5_xhigh,59.89658147588048,3
937,claude_fable_5_max,58.84999976344311,4
937,kimi_k3_max,52.312303140458695,5
937,qwen3_8_max,43.369446403384096,6
937,deepseek_v4_flash_max,32.846194716351604,7
937,glm_5_2_max,24.323366479157862,8
937,gpt_5_6_sol_max,24.186844703344853,9
937,deepseek_v4_pro_max,15.806358263564821,10
938,claude_opus_4_8_max,62.05244772257943,1
938,claude_fable_5_max,51.86888239603162,2
938,qwen3_8_max,39.67012485499626,3
938,gpt_5_5_xhigh,34.89195437392827,4
938,gemini_3_1_pro_high,34.720118436161854,5
938,kimi_k3_max,27.67278025740099,6
938,gpt_5_6_sol_max,21.907279437052427,7
938,deepseek_v4_pro_max,20.59773697586715,8
938,glm_5_2_max,19.774907795073997,9
938,deepseek_v4_flash_max,14.779138664642671,10
939,claude_opus_4_8_max,72.70442761719214,1
939,gpt_5_6_sol_max,69.227161195506,2
939,qwen3_8_max,57.66756095361892,3
939,claude_fable_5_max,52.79337895357449,4
939,gpt_5_5_xhigh,36.28916752438529,5
939,gemini_3_1_pro_high,34.592660898504946,6
939,kimi_k3_max,28.042384281900326,7
939,deepseek_v4_pro_max,23.473307826113018,8
939,deepseek_v4_flash_max,11.707947382932506,9
939,glm_5_2_max,11.524234265963003,10
940,claude_opus_4_8_max,66.6453794574276,1
940,qwen3_8_max,64.3261082944978,2
940,kimi_k3_max,60.21787072683511,3
940,gemini_3_1_pro_high,57.80236889027067,4
940,claude_fable_5_max,53.34220527976681,5
940,deepseek_v4_flash_max,36.632342109154166,6
940,gpt_5_5_xhigh,27.89107112707557,7
940,gpt_5_6_sol_max,27.657117696705036,8
940,glm_5_2_max,17.826223561358933,9
940,deepseek_v4_pro_max,11.806186804053395,10
941,claude_opus_4_8_max,73.11678132883654,1
941,gpt_5_6_sol_max,59.51094757993053,2
941,gemini_3_1_pro_high,58.89966112204852,3
941,qwen3_8_max,52.56237850598066,4
941,kimi_k3_max,52.40072649845776,5
941,claude_fable_5_max,48.96018382075708,6
941,deepseek_v4_pro_max,35.556626909775794,7
941,gpt_5_5_xhigh,25.700311066612375,8
941,glm_5_2_max,23.014077088644697,9
941,deepseek_v4_flash_max,14.979827346913808,10
942,gpt_5_6_sol_max,83.0821375720354,1
942,gpt_5_5_xhigh,40.18281215610411,2
942,qwen3_8_max,40.1765754227056,3
942,gemini_3_1_pro_high,30.292296175790316,4
942,claude_fable_5_max,29.44312867772031,5
942,deepseek_v4_pro_max,27.39170353263262,6
942,deepseek_v4_flash_max,22.738243837249662,7
942,glm_5_2_max,22.720439451551588,8
942,kimi_k3_max,21.320642443885852,9
942,claude_opus_4_8_max,16.870936952280545,10
943,gpt_5_5_xhigh,81.18749749954601,1
943,gpt_5_6_sol_max,46.06934717258437,2
943,claude_fable_5_max,44.51940918160727,3
943,gemini_3_1_pro_high,44.0570343749782,4
943,claude_opus_4_8_max,34.28000987144957,5
943,qwen3_8_max,31.262244396477954,6
943,deepseek_v4_pro_max,27.635652480251764,7
943,deepseek_v4_flash_max,22.05246355875667,8
943,kimi_k3_max,21.188422804006407,9
943,glm_5_2_max,15.657120862762605,10
944,kimi_k3_max,78.14575056143809,1
944,claude_opus_4_8_max,69.93692256878565,2
944,claude_fable_5_max,60.36492107576338,3
944,qwen3_8_max,53.53681124274112,4
944,gemini_3_1_pro_high,49.25438852568735,5
944,gpt_5_6_sol_max,35.338532191555686,6
944,deepseek_v4_pro_max,33.349723343227126,7
944,deepseek_v4_flash_max,26.9556651208644,8
944,gpt_5_5_xhigh,26.585525529114832,9
944,glm_5_2_max,26.347140098710817,10
945,gemini_3_1_pro_high,76.85303375608031,1
945,claude_fable_5_max,76.09007624370031,2
945,qwen3_8_max,56.682529904991625,3
945,kimi_k3_max,46.814373529203024,4
945,gpt_5_6_sol_max,46.42015248183696,5
945,claude_opus_4_8_max,45.70313715423771,6
945,glm_5_2_max,30.428725998929377,7
945,gpt_5_5_xhigh,24.69849214507552,8
945,deepseek_v4_pro_max,21.276005277894015,9
945,deepseek_v4_flash_max,19.470905807032604,10
946,gpt_5_6_sol_max,75.61913888477152,1
946,claude_opus_4_8_max,55.90556313278594,2
946,gpt_5_5_xhigh,51.94533100770825,3
946,qwen3_8_max,48.45533762791226,4
946,claude_fable_5_max,45.49364351730298,5
946,kimi_k3_max,43.51766491054931,6
946,deepseek_v4_flash_max,36.91299373271389,7
946,glm_5_2_max,22.56929607407727,8
946,gemini_3_1_pro_high,18.77181557137935,9
946,deepseek_v4_pro_max,13.428452078966885,10
947,claude_opus_4_8_max,66.31944947444644,1
947,claude_fable_5_max,64.3879017823482,2
947,gpt_5_5_xhigh,50.42886382973256,3
947,gpt_5_6_sol_max,47.80116977540793,4
947,qwen3_8_max,45.125845688429976,5
947,deepseek_v4_pro_max,37.0143797504135,6
947,glm_5_2_max,35.26096523056879,7
947,kimi_k3_max,35.128881159900686,8
947,gemini_3_1_pro_high,16.76367494596739,9
947,deepseek_v4_flash_max,16.36790305081348,10
948,claude_fable_5_max,86.52866998087714,1
948,gpt_5_6_sol_max,79.71228965198564,2
948,gemini_3_1_pro_high,70.49724298961377,3
948,qwen3_8_max,53.98211536757615,4
948,claude_opus_4_8_max,50.25641244462728,5
948,kimi_k3_max,37.09744677605924,6
948,deepseek_v4_pro_max,34.0136855896276,7
948,gpt_5_5_xhigh,30.149693977844876,8
948,deepseek_v4_flash_max,25.017821524777286,9
948,glm_5_2_max,16.004386529311137,10
949,gpt_5_5_xhigh,74.61676174796622,1
949,claude_opus_4_8_max,65.65402703102353,2
949,claude_fable_5_max,63.67869969839714,3
949,kimi_k3_max,42.45686109732451,4
949,qwen3_8_max,41.94485556867709,5
949,gemini_3_1_pro_high,39.960763444885885,6
949,glm_5_2_max,29.898478872344295,7
949,deepseek_v4_pro_max,27.389844754717203,8
949,deepseek_v4_flash_max,20.491921707067757,9
949,gpt_5_6_sol_max,11.09666808881649,10
950,kimi_k3_max,71.71121414684067,1
950,claude_fable_5_max,64.72662735602006,2
950,gpt_5_6_sol_max,61.532865966338534,3
950,qwen3_8_max,36.21687922052571,4
950,gemini_3_1_pro_high,33.583410149603395,5
950,deepseek_v4_flash_max,30.953811002978952,6
950,gpt_5_5_xhigh,28.51623638136563,7
950,deepseek_v4_pro_max,24.141181263864883,8
950,claude_opus_4_8_max,23.077511730620014,9
950,glm_5_2_max,15.73938286093589,10
951,gpt_5_5_xhigh,83.22642311908425,1
951,kimi_k3_max,82.03278989117476,2
951,claude_opus_4_8_max,62.78599164185533,3
951,qwen3_8_max,47.20395757907956,4
951,claude_fable_5_max,38.85204657557854,5
951,deepseek_v4_flash_max,38.31262900036921,6
951,gpt_5_6_sol_max,37.608754914310644,7
951,gemini_3_1_pro_high,35.01962807190773,8
951,glm_5_2_max,34.4035674632896,9
951,deepseek_v4_pro_max,8.344827842557068,10
952,gpt_5_5_xhigh,74.23237110168711,1
952,claude_fable_5_max,50.47448855449601,2
952,qwen3_8_max,44.550616648692596,3
952,claude_opus_4_8_max,43.10810996917871,4
952,kimi_k3_max,38.621973752740566,5
952,gemini_3_1_pro_high,33.273713653104394,6
952,deepseek_v4_pro_max,31.34791199647646,7
952,deepseek_v4_flash_max,30.51340871568764,8
952,glm_5_2_max,15.488183526755412,9
952,gpt_5_6_sol_max,13.74551369326655,10
953,kimi_k3_max,71.59197848916962,1
953,gpt_5_5_xhigh,53.8115965672332,2
953,gemini_3_1_pro_high,52.047548444632454,3
953,claude_opus_4_8_max,51.49831387211732,4
953,qwen3_8_max,45.46035884816162,5
953,deepseek_v4_pro_max,42.378558607250156,6
953,glm_5_2_max,34.80865585252683,7
953,claude_fable_5_max,30.435926191737646,8
953,gpt_5_6_sol_max,24.584068001017762,9
953,deepseek_v4_flash_max,11.588282197455323,10
954,gpt_5_5_xhigh,63.443025147874515,1
954,kimi_k3_max,58.511927581545564,2
954,claude_fable_5_max,58.400407616986,3
954,claude_opus_4_8_max,57.921978913335124,4
954,gemini_3_1_pro_high,44.92040691600889,5
954,glm_5_2_max,37.80149079935053,6
954,deepseek_v4_flash_max,28.917500726274852,7
954,deepseek_v4_pro_max,26.234941828764846,8
954,qwen3_8_max,25.86551203612887,9
954,gpt_5_6_sol_max,12.930162528052442,10
955,gpt_5_6_sol_max,80.6517122212423,1
955,kimi_k3_max,49.96850142004686,2
955,claude_opus_4_8_max,39.52554993514211,3
955,claude_fable_5_max,38.05345225136462,4
955,gemini_3_1_pro_high,31.509273146146437,5
955,gpt_5_5_xhigh,29.641779407539552,6
955,deepseek_v4_flash_max,27.92895712611919,7
955,qwen3_8_max,27.079416084792847,8
955,glm_5_2_max,11.783519688016916,9
955,deepseek_v4_pro_max,9.125055978498283,10
956,gpt_5_6_sol_max,67.75604102698978,1
956,claude_opus_4_8_max,56.91376443779813,2
956,claude_fable_5_max,43.329075849558905,3
956,gemini_3_1_pro_high,36.11058155388405,4
956,qwen3_8_max,27.119352437244636,5
956,deepseek_v4_flash_max,27.082601343151318,6
956,kimi_k3_max,21.112349421506224,7
956,gpt_5_5_xhigh,20.450972420878788,8
956,glm_5_2_max,19.876403864770843,9
956,deepseek_v4_pro_max,11.201601330433578,10
957,kimi_k3_max,75.8167694062132,1
957,qwen3_8_max,73.25743218142792,2
957,claude_opus_4_8_max,65.69705012984062,3
957,gemini_3_1_pro_high,51.78231484142668,4
957,claude_fable_5_max,45.04948284306574,5
957,gpt_5_6_sol_max,43.514453240899115,6
957,gpt_5_5_xhigh,35.832170442477434,7
957,deepseek_v4_flash_max,28.633478072359846,8
957,glm_5_2_max,28.092191896082138,9
957,deepseek_v4_pro_max,24.738655530458956,10
958,qwen3_8_max,53.859094825777134,1
958,claude_opus_4_8_max,52.36067319678379,2
958,claude_fable_5_max,51.97614342951995,3
958,gpt_5_6_sol_max,45.062706107127205,4
958,deepseek_v4_pro_max,38.6840708961066,5
958,gpt_5_5_xhigh,33.97600562161144,6
958,kimi_k3_max,33.72979734867043,7
958,glm_5_2_max,22.931692377983495,8
958,deepseek_v4_flash_max,16.823043493112102,9
958,gemini_3_1_pro_high,14.262148521139398,10
959,kimi_k3_max,73.07215303484116,1
959,claude_fable_5_max,63.197980223940455,2
959,gpt_5_5_xhigh,59.97983240570895,3
959,deepseek_v4_flash_max,46.34601996809488,4
959,gemini_3_1_pro_high,39.60903234533765,5
959,gpt_5_6_sol_max,39.09036165142112,6
959,claude_opus_4_8_max,37.144654274865516,7
959,deepseek_v4_pro_max,34.64678348283422,8
959,qwen3_8_max,32.01801259495623,9
959,glm_5_2_max,20.785807035670555,10
960,claude_opus_4_8_max,71.0678381224811,1
960,gpt_5_6_sol_max,68.11583575543014,2
960,kimi_k3_max,49.5075221063247,3
960,qwen3_8_max,46.93303408592047,4
960,gpt_5_5_xhigh,39.98373364041047,5
960,gemini_3_1_pro_high,33.58089849682543,6
960,glm_5_2_max,33.468931784863614,7
960,deepseek_v4_flash_max,30.90346930516434,8
960,claude_fable_5_max,26.281864776201076,9
960,deepseek_v4_pro_max,14.97918515015822,10
961,kimi_k3_max,72.81879713165722,1
961,qwen3_8_max,67.75183685506262,2
961,gpt_5_6_sol_max,50.239456607094944,3
961,claude_opus_4_8_max,49.98929899898582,4
961,gpt_5_5_xhigh,49.35626513946485,5
961,deepseek_v4_flash_max,48.97017602544389,6
961,gemini_3_1_pro_high,40.76122475268366,7
961,claude_fable_5_max,32.81014715877665,8
961,glm_5_2_max,16.92421818060724,9
961,deepseek_v4_pro_max,7.173236754424142,10
962,kimi_k3_max,79.2714360184248,1
962,claude_fable_5_max,59.99583782431225,2
962,qwen3_8_max,56.52610605543491,3
962,gpt_5_5_xhigh,51.24855476122563,4
962,deepseek_v4_pro_max,47.69919777572055,5
962,claude_opus_4_8_max,42.039213398957685,6
962,gemini_3_1_pro_high,41.02221790677217,7
962,glm_5_2_max,39.36072350092394,8
962,gpt_5_6_sol_max,38.5695022662702,9
962,deepseek_v4_flash_max,35.61331853288597,10
963,kimi_k3_max,77.89796406163873,1
963,gemini_3_1_pro_high,63.121677498506344,2
963,claude_fable_5_max,60.8383041229598,3
963,gpt_5_5_xhigh,59.73397011728589,4
963,gpt_5_6_sol_max,52.0344420001926,5
963,qwen3_8_max,37.662151295675045,6
963,deepseek_v4_flash_max,27.61068679158594,7
963,claude_opus_4_8_max,22.852356394818703,8
963,glm_5_2_max,16.03060862080613,9
963,deepseek_v4_pro_max,10.124756866448042,10
964,gpt_5_5_xhigh,64.74601876185751,1
964,claude_fable_5_max,59.65068139501634,2
964,qwen3_8_max,55.87331630514569,3
964,kimi_k3_max,49.14599563174933,4
964,claude_opus_4_8_max,39.486724095326636,5
964,deepseek_v4_pro_max,34.6567170166798,6
964,deepseek_v4_flash_max,28.097740677070362,7
964,gemini_3_1_pro_high,27.66184484895978,8
964,gpt_5_6_sol_max,24.911289721198504,9
964,glm_5_2_max,20.50870322099922,10
965,gemini_3_1_pro_high,77.6731019670316,1
965,gpt_5_6_sol_max,61.214980181462124,2
965,claude_fable_5_max,46.67197387488806,3
965,gpt_5_5_xhigh,44.41927755981629,4
965,kimi_k3_max,42.385383291426876,5
965,claude_opus_4_8_max,36.62516631628167,6
965,qwen3_8_max,35.84083462444247,7
965,deepseek_v4_flash_max,34.2443174868413,8
965,glm_5_2_max,32.45919869512368,9
965,deepseek_v4_pro_max,6.134736676608593,10
966,claude_opus_4_8_max,73.2760492901033,1
966,kimi_k3_max,62.006734166103975,2
966,qwen3_8_max,48.81860849802088,3
966,gpt_5_6_sol_max,44.38347606576213,4
966,gpt_5_5_xhigh,41.42245311191006,5
966,gemini_3_1_pro_high,39.767696554205536,6
966,deepseek_v4_flash_max,33.99183189487829,7
966,claude_fable_5_max,26.038395418386532,8
966,glm_5_2_max,22.558719333148435,9
966,deepseek_v4_pro_max,16.8731997313029,10
967,gpt_5_6_sol_max,72.30398478898425,1
967,gpt_5_5_xhigh,63.48479893995044,2
967,claude_opus_4_8_max,48.69099439312001,3
967,gemini_3_1_pro_high,42.17604328162267,4
967,qwen3_8_max,40.893350520456536,5
967,deepseek_v4_pro_max,30.984277450291202,6
967,claude_fable_5_max,25.26656101908874,7
967,deepseek_v4_flash_max,22.7177577922495,8
967,glm_5_2_max,22.62017772846727,9
967,kimi_k3_max,21.515808396662127,10
968,claude_opus_4_8_max,67.98306729158776,1
968,qwen3_8_max,45.41762858216755,2
968,gpt_5_6_sol_max,44.15008039459694,3
968,claude_fable_5_max,42.71035786585262,4
968,deepseek_v4_pro_max,35.39077299645261,5
968,kimi_k3_max,33.245481569896974,6
968,gemini_3_1_pro_high,30.838268935475043,7
968,gpt_5_5_xhigh,22.25077928704531,8
968,deepseek_v4_flash_max,20.450807738734156,9
968,glm_5_2_max,17.12589925657137,10
969,gpt_5_6_sol_max,71.80916117404658,1
969,claude_fable_5_max,67.69499321296644,2
969,kimi_k3_max,57.383299610992644,3
969,qwen3_8_max,52.908188753193755,4
969,deepseek_v4_pro_max,51.44795691996862,5
969,gemini_3_1_pro_high,47.90119453880955,6
969,claude_opus_4_8_max,33.81236554600558,7
969,gpt_5_5_xhigh,28.84241289705367,8
969,glm_5_2_max,25.193387984234732,9
969,deepseek_v4_flash_max,13.251893627307453,10
970,gpt_5_6_sol_max,62.07251166988166,1
970,kimi_k3_max,61.23872536883596,2
970,gemini_3_1_pro_high,59.4777843014666,3
970,deepseek_v4_pro_max,58.01269352925549,4
970,gpt_5_5_xhigh,56.42618722108605,5
970,claude_fable_5_max,53.9805410951878,6
970,qwen3_8_max,33.2543740806167,7
970,glm_5_2_max,30.40974389465924,8
970,claude_opus_4_8_max,21.811904753608566,9
970,deepseek_v4_flash_max,14.034102045948782,10
971,claude_fable_5_max,82.67237278342373,1
971,gemini_3_1_pro_high,63.67846595418714,2
971,qwen3_8_max,46.538906422807045,3
971,gpt_5_6_sol_max,44.085822076250665,4
971,gpt_5_5_xhigh,41.92160046146389,5
971,kimi_k3_max,36.81510376387059,6
971,glm_5_2_max,29.290173897448312,7
971,deepseek_v4_flash_max,25.328442498166904,8
971,claude_opus_4_8_max,21.16415590491946,9
971,deepseek_v4_pro_max,14.060044239272072,10
972,qwen3_8_max,86.0959816028869,1
972,claude_opus_4_8_max,66.63699082270466,2
972,gpt_5_5_xhigh,55.652634560438386,3
972,claude_fable_5_max,49.42480581554497,4
972,gpt_5_6_sol_max,42.18401391693001,5
972,deepseek_v4_flash_max,37.391334733093345,6
972,kimi_k3_max,35.22616188872877,7
972,gemini_3_1_pro_high,24.501209993017014,8
972,glm_5_2_max,23.358092391581856,9
972,deepseek_v4_pro_max,9.695524890217445,10
973,claude_opus_4_8_max,78.35005616943494,1
973,gpt_5_5_xhigh,65.2196817740627,2
973,kimi_k3_max,61.79626837071896,3
973,gpt_5_6_sol_max,55.57491385752169,4
973,qwen3_8_max,53.57020462585061,5
973,gemini_3_1_pro_high,34.34358951868397,6
973,claude_fable_5_max,34.18036871696282,7
973,glm_5_2_max,26.56563478445878,8
973,deepseek_v4_flash_max,25.159103333448144,9
973,deepseek_v4_pro_max,18.42518433979677,10
974,claude_opus_4_8_max,68.0626676015768,1
974,gpt_5_5_xhigh,64.50186186456912,2
974,gemini_3_1_pro_high,59.42535303224732,3
974,gpt_5_6_sol_max,54.88994913303998,4
974,deepseek_v4_pro_max,53.81218439455378,5
974,qwen3_8_max,44.03348231985666,6
974,claude_fable_5_max,42.9025764970312,7
974,kimi_k3_max,24.796200332752225,8
974,glm_5_2_max,18.39313517782385,9
974,deepseek_v4_flash_max,11.06677060288381,10
975,claude_fable_5_max,75.32556164503606,1
975,qwen3_8_max,72.87200876787296,2
975,gemini_3_1_pro_high,71.34695676509934,3
975,gpt_5_6_sol_max,67.01485581911217,4
975,kimi_k3_max,46.87310737784303,5
975,gpt_5_5_xhigh,45.87643643467929,6
975,glm_5_2_max,31.438057312219108,7
975,claude_opus_4_8_max,20.515171666681997,8
975,deepseek_v4_pro_max,18.625696244245084,9
975,deepseek_v4_flash_max,15.440955501925004,10
976,gpt_5_6_sol_max,83.2061243474235,1
976,gemini_3_1_pro_high,77.66923331724755,2
976,claude_fable_5_max,57.25498591564204,3
976,qwen3_8_max,45.991668770495814,4
976,gpt_5_5_xhigh,41.335751881439435,5
976,claude_opus_4_8_max,33.93635967420697,6
976,kimi_k3_max,33.23493378730227,7
976,deepseek_v4_pro_max,31.951017213650246,8
976,deepseek_v4_flash_max,17.027589587288983,9
976,glm_5_2_max,10.633318544042305,10
977,claude_fable_5_max,75.96889989099222,1
977,gemini_3_1_pro_high,65.69654490067904,2
977,gpt_5_5_xhigh,58.55308397386209,3
977,claude_opus_4_8_max,53.8335487793132,4
977,kimi_k3_max,44.82712561860642,5
977,qwen3_8_max,41.18009770652106,6
977,deepseek_v4_flash_max,33.140122158940194,7
977,glm_5_2_max,26.260275807654462,8
977,deepseek_v4_pro_max,25.24317227098596,9
977,gpt_5_6_sol_max,23.54037200874852,10
978,kimi_k3_max,78.09839890973102,1
978,claude_fable_5_max,50.481179099227724,2
978,gemini_3_1_pro_high,45.33312612234276,3
978,qwen3_8_max,41.16151886191366,4
978,gpt_5_6_sol_max,39.22835343971782,5
978,claude_opus_4_8_max,37.29032573118319,6
978,gpt_5_5_xhigh,35.93461476152588,7
978,deepseek_v4_flash_max,34.4293857576361,8
978,glm_5_2_max,29.07356931835515,9
978,deepseek_v4_pro_max,19.218085582374606,10
979,gpt_5_5_xhigh,69.6572654054181,1
979,kimi_k3_max,52.48515878097992,2
979,claude_opus_4_8_max,41.18968262068365,3
979,deepseek_v4_pro_max,34.954559711923594,4
979,gemini_3_1_pro_high,34.53307187927697,5
979,qwen3_8_max,34.00977110057232,6
979,claude_fable_5_max,33.03097570227919,7
979,gpt_5_6_sol_max,28.605645634953397,8
979,deepseek_v4_flash_max,18.112387234455557,9
979,glm_5_2_max,11.686230268706453,10
980,kimi_k3_max,87.56749427093584,1
980,gpt_5_5_xhigh,69.62957384905852,2
980,gemini_3_1_pro_high,67.36427783593572,3
980,gpt_5_6_sol_max,60.41860844368019,4
980,claude_fable_5_max,46.085733512127426,5
980,claude_opus_4_8_max,35.75426913873255,6
980,deepseek_v4_pro_max,27.556292165068403,7
980,qwen3_8_max,26.466333164398655,8
980,glm_5_2_max,16.374984185377766,9
980,deepseek_v4_flash_max,13.020433811731818,10
981,kimi_k3_max,74.18671276169572,1
981,gpt_5_6_sol_max,62.5916991466744,2
981,claude_fable_5_max,60.624373986738014,3
981,gemini_3_1_pro_high,60.29102474997739,4
981,qwen3_8_max,46.75914028331786,5
981,deepseek_v4_pro_max,41.13854590744749,6
981,gpt_5_5_xhigh,37.99961586594188,7
981,glm_5_2_max,25.682239633718655,8
981,claude_opus_4_8_max,20.992154881739527,9
981,deepseek_v4_flash_max,19.95348903287635,10
982,claude_opus_4_8_max,70.42202715427571,1
982,claude_fable_5_max,60.513182250093934,2
982,gemini_3_1_pro_high,54.722150384226026,3
982,gpt_5_5_xhigh,49.63529430011306,4
982,deepseek_v4_pro_max,30.339899622367263,5
982,kimi_k3_max,30.302565116154632,6
982,qwen3_8_max,26.82992879216524,7
982,gpt_5_6_sol_max,26.14308740047807,8
982,glm_5_2_max,17.087088464141708,9
982,deepseek_v4_flash_max,11.590771242949668,10
983,claude_fable_5_max,82.35514608401444,1
983,gpt_5_5_xhigh,63.82629148677381,2
983,qwen3_8_max,46.07246253552259,3
983,gpt_5_6_sol_max,41.72207930421129,4
983,gemini_3_1_pro_high,32.95246247306957,5
983,deepseek_v4_flash_max,32.644371406794896,6
983,claude_opus_4_8_max,32.11702997542948,7
983,glm_5_2_max,24.697822303348225,8
983,kimi_k3_max,19.691233081360846,9
983,deepseek_v4_pro_max,18.976146192843476,10
984,gpt_5_6_sol_max,60.13910634989552,1
984,qwen3_8_max,55.29553339925182,2
984,kimi_k3_max,53.940577621936576,3
984,claude_fable_5_max,53.57897455674944,4
984,claude_opus_4_8_max,38.58659084343695,5
984,gemini_3_1_pro_high,37.91896606185301,6
984,gpt_5_5_xhigh,31.79777292605952,7
984,deepseek_v4_pro_max,21.393187459996874,8
984,glm_5_2_max,14.053196815351857,9
984,deepseek_v4_flash_max,3.976744066604234,10
985,claude_fable_5_max,59.41268288909919,1
985,gpt_5_6_sol_max,58.28839170388282,2
985,qwen3_8_max,53.63737969837919,3
985,gemini_3_1_pro_high,52.22982327394361,4
985,gpt_5_5_xhigh,50.56737101292218,5
985,kimi_k3_max,42.73621939696114,6
985,deepseek_v4_pro_max,39.17567611247407,7
985,claude_opus_4_8_max,25.5273776541503,8
985,deepseek_v4_flash_max,23.290297446093803,9
985,glm_5_2_max,10.157059490495044,10
986,kimi_k3_max,66.52838808655743,1
986,claude_fable_5_max,65.6401511594427,2
986,gpt_5_5_xhigh,52.42558162726452,3
986,gemini_3_1_pro_high,52.000371332702215,4
986,qwen3_8_max,51.594200359065454,5
986,claude_opus_4_8_max,32.44562940005942,6
986,glm_5_2_max,29.048406229976123,7
986,deepseek_v4_pro_max,26.159980268269493,8
986,deepseek_v4_flash_max,19.852990351359114,9
986,gpt_5_6_sol_max,19.501540075649103,10
987,gpt_5_5_xhigh,76.441329776816,1
987,kimi_k3_max,46.18243622878751,2
987,claude_fable_5_max,44.60678421535857,3
987,gemini_3_1_pro_high,39.35819415878235,4
987,glm_5_2_max,39.272234208096194,5
987,gpt_5_6_sol_max,32.75519282720481,6
987,deepseek_v4_pro_max,27.524635738709048,7
987,deepseek_v4_flash_max,27.01376694898841,8
987,qwen3_8_max,25.91190295965831,9
987,claude_opus_4_8_max,22.468263188661794,10
988,gemini_3_1_pro_high,74.40702036265222,1
988,gpt_5_6_sol_max,69.8755807511277,2
988,kimi_k3_max,69.69008867789125,3
988,claude_fable_5_max,64.69374909324824,4
988,gpt_5_5_xhigh,54.66581770584793,5
988,deepseek_v4_flash_max,50.36048979067066,6
988,qwen3_8_max,48.26970559655572,7
988,glm_5_2_max,36.64221587791386,8
988,claude_opus_4_8_max,19.198702296808097,9
988,deepseek_v4_pro_max,11.18446497147836,10
989,claude_opus_4_8_max,75.6027330522562,1
989,qwen3_8_max,65.18914815000899,2
989,gpt_5_6_sol_max,48.45235597727975,3
989,claude_fable_5_max,44.595051420997535,4
989,glm_5_2_max,40.47289167068685,5
989,gemini_3_1_pro_high,40.07707494290517,6
989,kimi_k3_max,40.04522817686459,7
989,gpt_5_5_xhigh,30.378750626141468,8
989,deepseek_v4_flash_max,28.85598193425666,9
989,deepseek_v4_pro_max,14.196144033608881,10
990,claude_fable_5_max,66.81164912243383,1
990,kimi_k3_max,66.25300346250029,2
990,gpt_5_6_sol_max,61.96036594269398,3
990,gemini_3_1_pro_high,52.814732973923185,4
990,qwen3_8_max,49.99264405720588,5
990,deepseek_v4_flash_max,40.83336133671949,6
990,gpt_5_5_xhigh,30.316689488887402,7
990,claude_opus_4_8_max,29.13365222309904,8
990,glm_5_2_max,22.017862444194524,9
990,deepseek_v4_pro_max,19.517048002101443,10
991,claude_fable_5_max,68.06996142039077,1
991,gpt_5_5_xhigh,61.86755135285832,2
991,qwen3_8_max,42.04125681167112,3
991,deepseek_v4_pro_max,39.02355160976067,4
991,gpt_5_6_sol_max,29.909075106518046,5
991,kimi_k3_max,27.973354765268567,6
991,gemini_3_1_pro_high,26.126434536218543,7
991,claude_opus_4_8_max,25.176483187877082,8
991,glm_5_2_max,17.59027136393635,9
991,deepseek_v4_flash_max,10.703061623111562,10
992,claude_opus_4_8_max,80.70483575289056,1
992,gpt_5_5_xhigh,63.82477538271548,2
992,kimi_k3_max,59.14610717349389,3
992,qwen3_8_max,52.568206835415936,4
992,claude_fable_5_max,45.93392808950048,5
992,deepseek_v4_flash_max,36.057150403231226,6
992,gemini_3_1_pro_high,29.524964314317955,7
992,deepseek_v4_pro_max,24.118052235370783,8
992,glm_5_2_max,24.116870799514174,9
992,gpt_5_6_sol_max,24.089554774410743,10
993,gpt_5_6_sol_max,70.6595399575881,1
993,claude_fable_5_max,62.27039246216902,2
993,claude_opus_4_8_max,62.11208442012363,3
993,qwen3_8_max,43.80187883544998,4
993,gpt_5_5_xhigh,38.141824457845246,5
993,kimi_k3_max,33.944410449847126,6
993,deepseek_v4_flash_max,29.785246173746785,7
993,deepseek_v4_pro_max,15.479079819521413,8
993,glm_5_2_max,12.09109668509345,9
993,gemini_3_1_pro_high,11.164940174412877,10
994,claude_opus_4_8_max,83.22407775986878,1
994,qwen3_8_max,72.6865063922353,2
994,gpt_5_6_sol_max,70.88028296712278,3
994,kimi_k3_max,47.016910582091455,4
994,gemini_3_1_pro_high,40.29858863005475,5
994,claude_fable_5_max,31.404009336097076,6
994,deepseek_v4_pro_max,22.447582743990644,7
994,gpt_5_5_xhigh,21.93572360809124,8
994,deepseek_v4_flash_max,19.729512448216965,9
994,glm_5_2_max,11.453463650203506,10
995,claude_fable_5_max,77.37899551990262,1
995,qwen3_8_max,58.176968345249364,2
995,gpt_5_6_sol_max,53.66744037819561,3
995,gpt_5_5_xhigh,51.73584802294492,4
995,gemini_3_1_pro_high,41.4199831778167,5
995,kimi_k3_max,38.467244237088394,6
995,deepseek_v4_pro_max,30.331182759354895,7
995,deepseek_v4_flash_max,28.146788876890312,8
995,glm_5_2_max,21.86188700977853,9
995,claude_opus_4_8_max,21.591298870521626,10
996,kimi_k3_max,72.08530688434782,1
996,claude_fable_5_max,66.98407431789036,2
996,gpt_5_5_xhigh,60.377530187393056,3
996,qwen3_8_max,51.1971595008703,4
996,gemini_3_1_pro_high,43.017047094343035,5
996,claude_opus_4_8_max,35.045757849019445,6
996,deepseek_v4_pro_max,30.436263855811,7
996,glm_5_2_max,23.880814148328575,8
996,gpt_5_6_sol_max,22.8510046634665,9
996,deepseek_v4_flash_max,17.309901112084283,10
997,gemini_3_1_pro_high,70.51684035864784,1
997,claude_fable_5_max,63.58900054037912,2
997,kimi_k3_max,61.48341349580483,3
997,gpt_5_5_xhigh,45.354964863560134,4
997,qwen3_8_max,45.15604985182787,5
997,claude_opus_4_8_max,42.21536727644096,6
997,deepseek_v4_flash_max,22.146322367840078,7
997,gpt_5_6_sol_max,18.21758005603556,8
997,glm_5_2_max,15.659417596139852,9
997,deepseek_v4_pro_max,13.917690538823077,10
998,gpt_5_5_xhigh,58.32167107248854,1
998,gemini_3_1_pro_high,53.8008647547062,2
998,deepseek_v4_pro_max,44.49903574841522,3
998,claude_fable_5_max,44.19086689797556,4
998,kimi_k3_max,41.955611946998616,5
998,glm_5_2_max,36.82755608233426,6
998,gpt_5_6_sol_max,31.097366076800185,7
998,claude_opus_4_8_max,30.33567858339708,8
998,deepseek_v4_flash_max,13.83665482642427,9
998,qwen3_8_max,6.7786565357089,10
999,claude_fable_5_max,74.10614413193684,1
999,qwen3_8_max,69.76867742318319,2
999,kimi_k3_max,64.90579891000387,3
999,gemini_3_1_pro_high,60.823295363576534,4
999,claude_opus_4_8_max,56.49757431355577,5
999,gpt_5_6_sol_max,48.55289113467499,6
999,gpt_5_5_xhigh,39.660177054743876,7
999,glm_5_2_max,38.116882379734804,8
999,deepseek_v4_pro_max,28.23954524202696,9
999,deepseek_v4_flash_max,20.206646702387374,10
1000,claude_opus_4_8_max,78.5023462405698,1
1000,claude_fable_5_max,65.76001550563694,2
1000,gpt_5_6_sol_max,64.57394359084681,3
1000,qwen3_8_max,53.02324719397064,4
1000,gemini_3_1_pro_high,49.54381203491208,5
1000,gpt_5_5_xhigh,48.67020032602755,6
1000,deepseek_v4_pro_max,39.74603267306853,7
1000,kimi_k3_max,26.40837089783508,8
1000,glm_5_2_max,25.927113128547276,9
1000,deepseek_v4_flash_max,15.344075760781733,10
1001,claude_opus_4_8_max,78.40620176360244,1
1001,gpt_5_5_xhigh,75.19061737583708,2
1001,claude_fable_5_max,54.588710744868806,3
1001,qwen3_8_max,44.6785968688809,4
1001,gpt_5_6_sol_max,40.9409411587609,5
1001,kimi_k3_max,39.65191752462846,6
1001,deepseek_v4_flash_max,32.00629781746535,7
1001,glm_5_2_max,28.45712366175667,8
1001,deepseek_v4_pro_max,24.194827664337318,9
1001,gemini_3_1_pro_high,11.922789033463644,10
1002,claude_fable_5_max,85.68845010929553,1
1002,kimi_k3_max,64.75647198736326,2
1002,gpt_5_6_sol_max,51.2719178721762,3
1002,gpt_5_5_xhigh,47.80752801601147,4
1002,gemini_3_1_pro_high,35.53565377815907,5
1002,deepseek_v4_pro_max,34.70247845731586,6
1002,claude_opus_4_8_max,21.91798023901583,7
1002,glm_5_2_max,18.575395183356232,8
1002,qwen3_8_max,13.532367684703754,9
1002,deepseek_v4_flash_max,9.737545348017841,10
1003,kimi_k3_max,78.49247949018292,1
1003,gpt_5_6_sol_max,71.52003660428325,2
1003,gpt_5_5_xhigh,49.55316197876054,3
1003,claude_opus_4_8_max,35.37986644988719,4
1003,glm_5_2_max,33.392452332169505,5
1003,gemini_3_1_pro_high,30.924514426953003,6
1003,claude_fable_5_max,24.898635627795137,7
1003,deepseek_v4_pro_max,24.33733005583412,8
1003,qwen3_8_max,20.52190322925272,9
1003,deepseek_v4_flash_max,4.096824969717837,10
1004,claude_fable_5_max,74.9190631117791,1
1004,kimi_k3_max,63.11499977781194,2
1004,gpt_5_6_sol_max,59.790755553988234,3
1004,qwen3_8_max,56.209067932847724,4
1004,claude_opus_4_8_max,47.9778623185345,5
1004,gpt_5_5_xhigh,39.73851570288075,6
1004,gemini_3_1_pro_high,35.4527633044209,7
1004,deepseek_v4_pro_max,34.17178777214728,8
1004,glm_5_2_max,21.931536868820046,9
1004,deepseek_v4_flash_max,17.255113140374263,10
1005,gpt_5_6_sol_max,80.24673591746308,1
1005,claude_fable_5_max,73.2028971831834,2
1005,kimi_k3_max,69.10246317421002,3
1005,qwen3_8_max,39.63319536661517,4
1005,deepseek_v4_flash_max,38.237895826713384,5
1005,gemini_3_1_pro_high,38.152997614441816,6
1005,claude_opus_4_8_max,38.13744463825805,7
1005,gpt_5_5_xhigh,32.1782061857271,8
1005,glm_5_2_max,32.07658400337632,9
1005,deepseek_v4_pro_max,13.34329577997536,10
1006,claude_fable_5_max,77.47220753297334,1
1006,gemini_3_1_pro_high,74.15526162661851,2
1006,gpt_5_6_sol_max,69.36111304311709,3
1006,gpt_5_5_xhigh,67.19653352388941,4
1006,kimi_k3_max,66.62623772536638,5
1006,qwen3_8_max,62.28254737071737,6
1006,claude_opus_4_8_max,35.79213922121536,7
1006,glm_5_2_max,27.09745931906994,8
1006,deepseek_v4_flash_max,24.72899402246123,9
1006,deepseek_v4_pro_max,7.444113252880139,10
1007,claude_opus_4_8_max,83.83643672302384,1
1007,gemini_3_1_pro_high,63.38360467848444,2
1007,qwen3_8_max,55.40635990590495,3
1007,gpt_5_6_sol_max,48.56879591908293,4
1007,kimi_k3_max,45.83947141505347,5
1007,claude_fable_5_max,39.65801227328856,6
1007,deepseek_v4_flash_max,38.41646705977908,7
1007,glm_5_2_max,33.81811244765714,8
1007,gpt_5_5_xhigh,33.64842463924963,9
1007,deepseek_v4_pro_max,5.576048150895404,10
1008,gemini_3_1_pro_high,78.37891482772221,1
1008,qwen3_8_max,74.10611527611044,2
1008,gpt_5_6_sol_max,55.56170758785573,3
1008,claude_fable_5_max,51.796255814985955,4
1008,kimi_k3_max,42.89064205179861,5
1008,gpt_5_5_xhigh,36.824772363063644,6
1008,deepseek_v4_pro_max,34.6847286930318,7
1008,glm_5_2_max,28.53720265567099,8
1008,deepseek_v4_flash_max,21.900697835416185,9
1008,claude_opus_4_8_max,21.159666456443077,10
1009,gpt_5_5_xhigh,77.65456837866091,1
1009,claude_fable_5_max,55.10297215581703,2
1009,gemini_3_1_pro_high,43.32593927153037,3
1009,deepseek_v4_flash_max,41.13756103659407,4
1009,qwen3_8_max,39.13966478634094,5
1009,claude_opus_4_8_max,34.93049264778506,6
1009,glm_5_2_max,32.21058118803979,7
1009,gpt_5_6_sol_max,31.13426226174321,8
1009,kimi_k3_max,29.476998030630952,9
1009,deepseek_v4_pro_max,16.089779439431755,10
1010,kimi_k3_max,69.81646431490614,1
1010,claude_fable_5_max,47.58897435226712,2
1010,claude_opus_4_8_max,42.81544862221904,3
1010,gpt_5_6_sol_max,41.02021139247056,4
1010,gpt_5_5_xhigh,38.08021768713736,5
1010,gemini_3_1_pro_high,35.773126965817845,6
1010,qwen3_8_max,35.06786937644183,7
1010,deepseek_v4_pro_max,31.97064332582714,8
1010,glm_5_2_max,29.810525209608834,9
1010,deepseek_v4_flash_max,15.387724587289345,10
1011,claude_fable_5_max,64.91828929906417,1
1011,gemini_3_1_pro_high,63.29782754648809,2
1011,kimi_k3_max,61.73495996963256,3
1011,gpt_5_5_xhigh,46.013211283207696,4
1011,claude_opus_4_8_max,45.20165248858416,5
1011,qwen3_8_max,39.82698237923204,6
1011,gpt_5_6_sol_max,25.06523668689744,7
1011,deepseek_v4_flash_max,19.54175893958723,8
1011,glm_5_2_max,17.457739846573126,9
1011,deepseek_v4_pro_max,13.192956941330166,10
1012,claude_opus_4_8_max,81.60837499397502,1
1012,claude_fable_5_max,71.45359061222422,2
1012,gemini_3_1_pro_high,69.74644765585654,3
1012,gpt_5_6_sol_max,62.094501599437145,4
1012,qwen3_8_max,55.60291770888004,5
1012,kimi_k3_max,48.864788799573674,6
1012,gpt_5_5_xhigh,28.454002692051745,7
1012,deepseek_v4_flash_max,25.778488921656276,8
1012,glm_5_2_max,22.161555391105363,9
1012,deepseek_v4_pro_max,18.841919125510472,10
1013,claude_fable_5_max,77.94100293671373,1
1013,gpt_5_6_sol_max,77.17883106374731,2
1013,kimi_k3_max,61.30259914568052,3
1013,claude_opus_4_8_max,53.44867308114875,4
1013,gemini_3_1_pro_high,43.22932189381853,5
1013,qwen3_8_max,32.07212536207172,6
1013,gpt_5_5_xhigh,27.526388697763917,7
1013,deepseek_v4_flash_max,26.23071908789577,8
1013,deepseek_v4_pro_max,20.753187047377565,9
1013,glm_5_2_max,16.211156344188325,10
1014,claude_fable_5_max,82.29472308621969,1
1014,gpt_5_6_sol_max,67.88494830050601,2
1014,gemini_3_1_pro_high,56.26751035668798,3
1014,qwen3_8_max,45.30664198646929,4
1014,kimi_k3_max,43.75860262470128,5
1014,gpt_5_5_xhigh,35.776218245792926,6
1014,claude_opus_4_8_max,23.304286376511776,7
1014,deepseek_v4_flash_max,19.55806443929412,8
1014,deepseek_v4_pro_max,19.142499775685643,9
1014,glm_5_2_max,11.231153621474167,10
1015,gpt_5_6_sol_max,78.1002693513085,1
1015,claude_fable_5_max,59.094543973285326,2
1015,qwen3_8_max,56.65438359697573,3
1015,gemini_3_1_pro_high,48.76424665034106,4
1015,gpt_5_5_xhigh,48.241373702278764,5
1015,kimi_k3_max,43.857912314787946,6
1015,deepseek_v4_flash_max,30.651200086443044,7
1015,claude_opus_4_8_max,28.943254770823202,8
1015,glm_5_2_max,20.651604404730403,9
1015,deepseek_v4_pro_max,18.366538235288964,10
1016,kimi_k3_max,74.58683652154602,1
1016,claude_fable_5_max,62.51881545726681,2
1016,gemini_3_1_pro_high,54.90767641605865,3
1016,gpt_5_5_xhigh,48.86400222510768,4
1016,claude_opus_4_8_max,45.519059474981844,5
1016,deepseek_v4_pro_max,31.680421332104075,6
1016,glm_5_2_max,27.426638257616172,7
1016,gpt_5_6_sol_max,25.691545261705908,8
1016,qwen3_8_max,24.013787872552346,9
1016,deepseek_v4_flash_max,22.52684105620662,10
1017,qwen3_8_max,71.1437073545712,1
1017,kimi_k3_max,67.44762488677128,2
1017,gpt_5_5_xhigh,59.11654760489887,3
1017,claude_fable_5_max,52.679748624790406,4
1017,claude_opus_4_8_max,49.9554492934455,5
1017,gemini_3_1_pro_high,33.34084903365512,6
1017,deepseek_v4_pro_max,24.770472709391612,7
1017,glm_5_2_max,20.26887090248742,8
1017,gpt_5_6_sol_max,18.710058387562913,9
1017,deepseek_v4_flash_max,18.316059198556438,10
1018,gpt_5_6_sol_max,75.6460592682031,1
1018,claude_fable_5_max,65.28110877091663,2
1018,gemini_3_1_pro_high,62.32025236758026,3
1018,gpt_5_5_xhigh,59.86629136501928,4
1018,qwen3_8_max,59.09557667644515,5
1018,kimi_k3_max,50.01461922258612,6
1018,deepseek_v4_flash_max,25.91198341224851,7
1018,claude_opus_4_8_max,21.99172735319808,8
1018,deepseek_v4_pro_max,16.998155650503495,9
1018,glm_5_2_max,16.954724890502952,10
1019,claude_opus_4_8_max,77.642237136152,1
1019,gemini_3_1_pro_high,69.02586650678236,2
1019,claude_fable_5_max,58.994327874053454,3
1019,qwen3_8_max,52.448015478549465,4
1019,glm_5_2_max,43.36691146361878,5
1019,gpt_5_6_sol_max,36.58806540031366,6
1019,kimi_k3_max,36.02040557028512,7
1019,deepseek_v4_pro_max,34.496455908401074,8
1019,deepseek_v4_flash_max,32.995285353472696,9
1019,gpt_5_5_xhigh,26.74602036741465,10
1020,claude_fable_5_max,52.40977803125936,1
1020,claude_opus_4_8_max,51.80658241502054,2
1020,qwen3_8_max,50.0208608069575,3
1020,gpt_5_5_xhigh,45.88449976532077,4
1020,gemini_3_1_pro_high,43.02427885046715,5
1020,deepseek_v4_flash_max,24.742218654543535,6
1020,glm_5_2_max,22.271597439145864,7
1020,gpt_5_6_sol_max,21.646489382756894,8
1020,kimi_k3_max,9.552498198622011,9
1020,deepseek_v4_pro_max,8.055967086192501,10
1021,kimi_k3_max,64.6444250612141,1
1021,gemini_3_1_pro_high,61.775689612563085,2
1021,qwen3_8_max,44.9298467965788,3
1021,claude_fable_5_max,41.59924526647972,4
1021,claude_opus_4_8_max,36.57980163423004,5
1021,gpt_5_5_xhigh,34.65865574491117,6
1021,deepseek_v4_flash_max,27.341617679719228,7
1021,gpt_5_6_sol_max,22.823259236717803,8
1021,glm_5_2_max,18.377322194079817,9
1021,deepseek_v4_pro_max,18.339034238287848,10
1022,gpt_5_5_xhigh,78.81030992910293,1
1022,gpt_5_6_sol_max,68.7854919844637,2
1022,claude_fable_5_max,66.09299015140883,3
1022,qwen3_8_max,54.57922082045323,4
1022,gemini_3_1_pro_high,37.737691545772336,5
1022,deepseek_v4_pro_max,33.84265187640036,6
1022,claude_opus_4_8_max,29.026803963715512,7
1022,glm_5_2_max,28.20994533142622,8
1022,kimi_k3_max,17.352681187402506,9
1022,deepseek_v4_flash_max,10.000403582777901,10
1023,claude_opus_4_8_max,65.40046613488413,1
1023,gemini_3_1_pro_high,50.84653145398551,2
1023,kimi_k3_max,45.4786191644411,3
1023,gpt_5_6_sol_max,42.98207440416114,4
1023,deepseek_v4_pro_max,40.805811381248205,5
1023,claude_fable_5_max,36.692052838252025,6
1023,gpt_5_5_xhigh,30.652169192868744,7
1023,qwen3_8_max,23.40610279007567,8
1023,deepseek_v4_flash_max,22.09205918912727,9
1023,glm_5_2_max,17.31662217795908,10
1024,gpt_5_6_sol_max,76.42233378208225,1
1024,gemini_3_1_pro_high,59.42851843714692,2
1024,kimi_k3_max,56.119789584871015,3
1024,claude_fable_5_max,43.6295273065124,4
1024,deepseek_v4_pro_max,41.29995308332936,5
1024,claude_opus_4_8_max,39.569488471487254,6
1024,glm_5_2_max,29.102357947727814,7
1024,gpt_5_5_xhigh,25.1676321805624,8
1024,qwen3_8_max,22.696756072285375,9
1024,deepseek_v4_flash_max,8.929688037689255,10
1025,claude_fable_5_max,85.56244292207523,1
1025,gpt_5_6_sol_max,65.75641204510528,2
1025,gpt_5_5_xhigh,51.321166162768264,3
1025,gemini_3_1_pro_high,42.848575428802725,4
1025,claude_opus_4_8_max,35.984812332783804,5
1025,deepseek_v4_pro_max,34.853331629661454,6
1025,qwen3_8_max,30.57443297883591,7
1025,glm_5_2_max,27.43830393663349,8
1025,kimi_k3_max,25.728391424707915,9
1025,deepseek_v4_flash_max,16.377925976008964,10
1026,gpt_5_5_xhigh,80.63008928073727,1
1026,kimi_k3_max,49.031281488082705,2
1026,gemini_3_1_pro_high,43.770508314365316,3
1026,qwen3_8_max,37.644562480809824,4
1026,deepseek_v4_pro_max,33.70968906929994,5
1026,claude_opus_4_8_max,27.550963265879886,6
1026,gpt_5_6_sol_max,22.03280539209709,7
1026,deepseek_v4_flash_max,17.3417611889232,8
1026,glm_5_2_max,17.073735213622502,9
1026,claude_fable_5_max,13.74501071561848,10
1027,gpt_5_6_sol_max,80.72334688928962,1
1027,claude_opus_4_8_max,61.80145203299483,2
1027,claude_fable_5_max,38.15763091777768,3
1027,kimi_k3_max,36.345663579637346,4
1027,gpt_5_5_xhigh,34.73945571812638,5
1027,glm_5_2_max,27.7706861707395,6
1027,deepseek_v4_flash_max,21.90194272433039,7
1027,gemini_3_1_pro_high,17.784941160230762,8
1027,deepseek_v4_pro_max,16.031478856079442,9
1027,qwen3_8_max,13.995369081944602,10
1028,claude_opus_4_8_max,73.59409585707905,1
1028,gemini_3_1_pro_high,58.53801495623998,2
1028,claude_fable_5_max,52.56679332404237,3
1028,qwen3_8_max,51.272152736080734,4
1028,gpt_5_6_sol_max,50.24066291397084,5
1028,gpt_5_5_xhigh,43.921251556189986,6
1028,deepseek_v4_pro_max,28.4526321034837,7
1028,glm_5_2_max,27.675217169221213,8
1028,kimi_k3_max,24.40958510935898,9
1028,deepseek_v4_flash_max,1.6142009264762178,10
1029,gpt_5_5_xhigh,76.11713146840395,1
1029,kimi_k3_max,63.61825692896451,2
1029,qwen3_8_max,60.69356017448618,3
1029,claude_opus_4_8_max,57.40091698852521,4
1029,claude_fable_5_max,55.65874070084682,5
1029,deepseek_v4_pro_max,35.69164207489096,6
1029,gemini_3_1_pro_high,31.683357281984613,7
1029,gpt_5_6_sol_max,29.152355212387963,8
1029,deepseek_v4_flash_max,14.418142873096734,9
1029,glm_5_2_max,8.353815569103237,10
1030,gpt_5_6_sol_max,70.79955943479985,1
1030,gemini_3_1_pro_high,64.5029491036051,2
1030,claude_fable_5_max,36.35580654842177,3
1030,qwen3_8_max,35.784328922235034,4
1030,kimi_k3_max,29.782469774856207,5
1030,deepseek_v4_pro_max,29.452562231088542,6
1030,claude_opus_4_8_max,23.863366889090727,7
1030,glm_5_2_max,23.819951410758677,8
1030,gpt_5_5_xhigh,17.79340217033379,9
1030,deepseek_v4_flash_max,9.38848101178036,10
1031,gpt_5_6_sol_max,76.50042789099685,1
1031,gpt_5_5_xhigh,75.22688435961655,2
1031,qwen3_8_max,69.20943473592743,3
1031,claude_fable_5_max,48.213546217949244,4
1031,deepseek_v4_flash_max,25.678320428690423,5
1031,gemini_3_1_pro_high,19.545345988623374,6
1031,glm_5_2_max,17.713579262439133,7
1031,kimi_k3_max,17.566615573667733,8
1031,claude_opus_4_8_max,16.953153726158295,9
1031,deepseek_v4_pro_max,16.042186415844395,10
1032,gemini_3_1_pro_high,73.41999533177798,1
1032,gpt_5_6_sol_max,71.99187927859465,2
1032,qwen3_8_max,57.09879927335703,3
1032,claude_opus_4_8_max,55.14884191750484,4
1032,claude_fable_5_max,38.36192832759801,5
1032,gpt_5_5_xhigh,28.03770879330946,6
1032,deepseek_v4_flash_max,24.972708635037876,7
1032,glm_5_2_max,24.490926306229056,8
1032,deepseek_v4_pro_max,20.260888817368258,9
1032,kimi_k3_max,19.227633471347442,10
1033,claude_opus_4_8_max,66.33332303968525,1
1033,gpt_5_6_sol_max,64.45692136132625,2
1033,gemini_3_1_pro_high,61.66645499577272,3
1033,qwen3_8_max,46.18078306346078,4
1033,gpt_5_5_xhigh,37.293124385137915,5
1033,deepseek_v4_flash_max,33.67289550029905,6
1033,deepseek_v4_pro_max,33.22406639197007,7
1033,glm_5_2_max,26.202201971213157,8
1033,claude_fable_5_max,22.549351847174712,9
1033,kimi_k3_max,14.063615931603431,10
1034,claude_fable_5_max,73.88366102970483,1
1034,qwen3_8_max,70.17962407093279,2
1034,kimi_k3_max,69.23332538085029,3
1034,gpt_5_6_sol_max,52.865566128497385,4
1034,gemini_3_1_pro_high,39.31157623469029,5
1034,claude_opus_4_8_max,27.422538386350382,6
1034,glm_5_2_max,27.365163696421668,7
1034,deepseek_v4_flash_max,25.931496466721125,8
1034,gpt_5_5_xhigh,21.051005088598366,9
1034,deepseek_v4_pro_max,15.714392881743924,10
1035,gemini_3_1_pro_high,76.22860239236097,1
1035,gpt_5_6_sol_max,69.5888459356916,2
1035,qwen3_8_max,68.53070223574068,3
1035,gpt_5_5_xhigh,60.101728739727065,4
1035,kimi_k3_max,43.23629114520294,5
1035,claude_fable_5_max,37.191899410097456,6
1035,deepseek_v4_pro_max,28.645068006814626,7
1035,claude_opus_4_8_max,24.87596880754004,8
1035,glm_5_2_max,17.827493809764857,9
1035,deepseek_v4_flash_max,11.807978509758648,10
1036,gpt_5_5_xhigh,74.58007407538125,1
1036,gpt_5_6_sol_max,59.87033459749382,2
1036,claude_fable_5_max,45.6028264624378,3
1036,kimi_k3_max,33.409419447103396,4
1036,qwen3_8_max,28.551297573363,5
1036,gemini_3_1_pro_high,25.888321458163936,6
1036,deepseek_v4_flash_max,18.817098944189745,7
1036,claude_opus_4_8_max,15.380586130642296,8
1036,glm_5_2_max,13.121617484896774,9
1036,deepseek_v4_pro_max,4.8785972290466555,10
1037,kimi_k3_max,65.88693106011536,1
1037,claude_fable_5_max,56.05130146306208,2
1037,gemini_3_1_pro_high,54.62704132556447,3
1037,gpt_5_5_xhigh,32.138643964395044,4
1037,gpt_5_6_sol_max,30.61740134474833,5
1037,deepseek_v4_flash_max,23.262250468590924,6
1037,claude_opus_4_8_max,21.736360794909096,7
1037,glm_5_2_max,21.47944226328496,8
1037,qwen3_8_max,19.42319917767271,9
1037,deepseek_v4_pro_max,19.226008977507984,10
1038,kimi_k3_max,67.0611464010131,1
1038,gpt_5_6_sol_max,65.95187159114151,2
1038,qwen3_8_max,43.56721408612162,3
1038,gemini_3_1_pro_high,33.49712026419458,4
1038,deepseek_v4_flash_max,24.844793875398164,5
1038,glm_5_2_max,24.184401921599868,6
1038,claude_fable_5_max,23.21078197413273,7
1038,claude_opus_4_8_max,22.557009769921393,8
1038,gpt_5_5_xhigh,20.64545458618784,9
1038,deepseek_v4_pro_max,17.05978973654442,10
1039,claude_fable_5_max,74.33679884512368,1
1039,gpt_5_6_sol_max,71.64000782774619,2
1039,qwen3_8_max,59.914919740307425,3
1039,kimi_k3_max,43.332600205351575,4
1039,gemini_3_1_pro_high,38.86185508985792,5
1039,gpt_5_5_xhigh,35.52893671484078,6
1039,claude_opus_4_8_max,31.850832059583436,7
1039,glm_5_2_max,24.782630089885753,8
1039,deepseek_v4_flash_max,23.094800711805817,9
1039,deepseek_v4_pro_max,7.520216326046846,10
1040,claude_opus_4_8_max,74.76102710882489,1
1040,gpt_5_6_sol_max,51.62496320346831,2
1040,gpt_5_5_xhigh,50.86263569188668,3
1040,qwen3_8_max,50.1738634227857,4
1040,deepseek_v4_pro_max,42.98590993377317,5
1040,kimi_k3_max,39.45359836327218,6
1040,glm_5_2_max,30.349436655519206,7
1040,gemini_3_1_pro_high,27.919014447501972,8
1040,claude_fable_5_max,22.325543592709565,9
1040,deepseek_v4_flash_max,16.770738792919687,10
1041,qwen3_8_max,78.9780766844043,1
1041,claude_fable_5_max,62.13829162531104,2
1041,gpt_5_6_sol_max,56.505510306273386,3
1041,gemini_3_1_pro_high,50.863046650284446,4
1041,gpt_5_5_xhigh,48.97780766708091,5
1041,kimi_k3_max,48.404456813803584,6
1041,claude_opus_4_8_max,33.817991248487445,7
1041,deepseek_v4_flash_max,30.922847853728143,8
1041,glm_5_2_max,13.08902394136783,9
1041,deepseek_v4_pro_max,8.10601238506697,10
1042,claude_opus_4_8_max,68.87910842981654,1
1042,kimi_k3_max,63.95746993094123,2
1042,claude_fable_5_max,59.16545104987094,3
1042,qwen3_8_max,52.557862208802916,4
1042,gpt_5_5_xhigh,40.965935331316615,5
1042,gpt_5_6_sol_max,39.34540265905665,6
1042,deepseek_v4_flash_max,33.41711231419867,7
1042,gemini_3_1_pro_high,25.557680633059228,8
1042,glm_5_2_max,22.519911726222603,9
1042,deepseek_v4_pro_max,15.50655615291393,10
1043,gpt_5_6_sol_max,87.3780142177697,1
1043,claude_fable_5_max,54.543452318796575,2
1043,claude_opus_4_8_max,50.39502312028429,3
1043,qwen3_8_max,44.79392986744466,4
1043,glm_5_2_max,36.08894148912558,5
1043,deepseek_v4_flash_max,34.72630229560247,6
1043,kimi_k3_max,34.07726108248781,7
1043,deepseek_v4_pro_max,25.960024909155244,8
1043,gpt_5_5_xhigh,24.953759384270676,9
1043,gemini_3_1_pro_high,24.551041903532727,10
1044,claude_fable_5_max,79.83780166404557,1
1044,qwen3_8_max,56.46386440061677,2
1044,kimi_k3_max,52.13609761760759,3
1044,gpt_5_5_xhigh,46.2385450434551,4
1044,claude_opus_4_8_max,41.78083778742807,5
1044,gemini_3_1_pro_high,39.59288420140786,6
1044,gpt_5_6_sol_max,39.25747436772161,7
1044,deepseek_v4_pro_max,39.12618976485362,8
1044,deepseek_v4_flash_max,38.88436335421438,9
1044,glm_5_2_max,19.11551535423945,10
1045,kimi_k3_max,75.4863984866557,1
1045,qwen3_8_max,65.1387500837414,2
1045,claude_fable_5_max,62.71512456426678,3
1045,deepseek_v4_pro_max,37.579276617223485,4
1045,gemini_3_1_pro_high,37.448441996100485,5
1045,gpt_5_6_sol_max,34.12260835955152,6
1045,gpt_5_5_xhigh,27.596150780896274,7
1045,claude_opus_4_8_max,27.031456653264577,8
1045,glm_5_2_max,21.955631217525294,9
1045,deepseek_v4_flash_max,8.005273804732454,10
1046,gpt_5_6_sol_max,70.74352951800589,1
1046,qwen3_8_max,70.57663840534941,2
1046,gemini_3_1_pro_high,62.72658404680893,3
1046,claude_fable_5_max,62.487564599480606,4
1046,kimi_k3_max,47.83629419352846,5
1046,gpt_5_5_xhigh,33.04000964656648,6
1046,deepseek_v4_pro_max,31.592135483486132,7
1046,claude_opus_4_8_max,24.32710818104255,8
1046,deepseek_v4_flash_max,23.08143105482891,9
1046,glm_5_2_max,15.492158310405,10
1047,kimi_k3_max,78.01192793229555,1
1047,qwen3_8_max,59.558541572162156,2
1047,gpt_5_5_xhigh,55.14330931820885,3
1047,gemini_3_1_pro_high,45.44330786332485,4
1047,deepseek_v4_pro_max,32.3113341548798,5
1047,claude_opus_4_8_max,27.533433463391123,6
1047,gpt_5_6_sol_max,26.326514049793726,7
1047,claude_fable_5_max,26.314988496962574,8
1047,glm_5_2_max,20.879483891157914,9
1047,deepseek_v4_flash_max,17.74594293766357,10
1048,claude_fable_5_max,72.29087685193021,1
1048,qwen3_8_max,72.14441584847964,2
1048,kimi_k3_max,62.13824203745361,3
1048,gpt_5_5_xhigh,59.085726541940424,4
1048,gemini_3_1_pro_high,48.12812646897572,5
1048,claude_opus_4_8_max,35.78057573452637,6
1048,deepseek_v4_flash_max,31.006340702734335,7
1048,gpt_5_6_sol_max,25.257121990144583,8
1048,glm_5_2_max,20.06603755270255,9
1048,deepseek_v4_pro_max,18.93335714650041,10
1049,gpt_5_6_sol_max,81.11457533956315,1
1049,claude_fable_5_max,48.60339344270864,2
1049,qwen3_8_max,46.74276486463049,3
1049,kimi_k3_max,38.657036827898615,4
1049,claude_opus_4_8_max,37.30714040703199,5
1049,gpt_5_5_xhigh,33.35214053996405,6
1049,deepseek_v4_pro_max,33.2511166274613,7
1049,glm_5_2_max,25.125622018986164,8
1049,gemini_3_1_pro_high,21.574718918756126,9
1049,deepseek_v4_flash_max,11.347010659129655,10
1050,gpt_5_6_sol_max,83.11228952854206,1
1050,kimi_k3_max,59.70668945172878,2
1050,gemini_3_1_pro_high,52.162903574700344,3
1050,gpt_5_5_xhigh,44.71755957850121,4
1050,claude_fable_5_max,44.08180696575023,5
1050,qwen3_8_max,35.59216543283698,6
1050,claude_opus_4_8_max,33.729135806992126,7
1050,deepseek_v4_pro_max,31.902945349986318,8
1050,glm_5_2_max,22.432794116215856,9
1050,deepseek_v4_flash_max,16.808741525566234,10
1051,claude_opus_4_8_max,55.4673991121091,1
1051,gemini_3_1_pro_high,54.613090023384466,2
1051,claude_fable_5_max,53.147430967510076,3
1051,kimi_k3_max,47.411939674729354,4
1051,qwen3_8_max,44.25885715934301,5
1051,deepseek_v4_flash_max,41.71260602373479,6
1051,gpt_5_6_sol_max,39.9985338373086,7
1051,deepseek_v4_pro_max,32.69073712117517,8
1051,gpt_5_5_xhigh,32.339542780430676,9
1051,glm_5_2_max,28.29812343980082,10
1052,gpt_5_5_xhigh,81.44417081968297,1
1052,gemini_3_1_pro_high,70.54071104770927,2
1052,claude_fable_5_max,67.08315880913385,3
1052,gpt_5_6_sol_max,62.24340419013143,4
1052,kimi_k3_max,31.766980609006726,5
1052,glm_5_2_max,30.656241718765777,6
1052,claude_opus_4_8_max,24.731764921072276,7
1052,deepseek_v4_pro_max,19.88018378532833,8
1052,deepseek_v4_flash_max,18.74428542821386,9
1052,qwen3_8_max,18.21058780688702,10
1053,kimi_k3_max,77.1460059836746,1
1053,gemini_3_1_pro_high,55.67929331291547,2
1053,qwen3_8_max,45.33755211917077,3
1053,claude_fable_5_max,45.06048537071983,4
1053,gpt_5_5_xhigh,35.5842673423146,5
1053,gpt_5_6_sol_max,31.489992223618785,6
1053,glm_5_2_max,29.957607135372506,7
1053,claude_opus_4_8_max,29.805122061622388,8
1053,deepseek_v4_pro_max,21.180390674704256,9
1053,deepseek_v4_flash_max,20.20257756312929,10
1054,claude_opus_4_8_max,72.69659327108556,1
1054,qwen3_8_max,58.651879367358696,2
1054,kimi_k3_max,56.5428078662995,3
1054,gemini_3_1_pro_high,55.92966270616073,4
1054,gpt_5_6_sol_max,42.63088256415551,5
1054,gpt_5_5_xhigh,39.47916079198109,6
1054,deepseek_v4_pro_max,38.91653782296582,7
1054,deepseek_v4_flash_max,28.86656076535865,8
1054,claude_fable_5_max,20.795023135286286,9
1054,glm_5_2_max,18.7227776102301,10
1055,gpt_5_5_xhigh,83.81084899446691,1
1055,claude_opus_4_8_max,66.78205670635597,2
1055,claude_fable_5_max,66.68535597939139,3
1055,gpt_5_6_sol_max,63.50764512840759,4
1055,qwen3_8_max,62.50585947120642,5
1055,kimi_k3_max,58.09183466577938,6
1055,deepseek_v4_pro_max,34.118884451096534,7
1055,deepseek_v4_flash_max,31.423766904507467,8
1055,gemini_3_1_pro_high,29.10959249406224,9
1055,glm_5_2_max,24.70756735404528,10
1056,gpt_5_6_sol_max,62.13340426882601,1
1056,claude_fable_5_max,60.62956719756256,2
1056,qwen3_8_max,56.54876957700981,3
1056,claude_opus_4_8_max,45.25942371082432,4
1056,gemini_3_1_pro_high,45.19648257531795,5
1056,kimi_k3_max,44.69165338562791,6
1056,gpt_5_5_xhigh,25.834085071651703,7
1056,glm_5_2_max,21.160517439875523,8
1056,deepseek_v4_pro_max,19.705984800101646,9
1056,deepseek_v4_flash_max,17.820600535975082,10
1057,gemini_3_1_pro_high,71.07055022398674,1
1057,gpt_5_6_sol_max,69.79886929043923,2
1057,claude_fable_5_max,64.02392908842768,3
1057,qwen3_8_max,42.34391092749401,4
1057,gpt_5_5_xhigh,38.456346667573605,5
1057,deepseek_v4_pro_max,34.84084406944191,6
1057,claude_opus_4_8_max,33.32671543547155,7
1057,glm_5_2_max,28.82885515633485,8
1057,kimi_k3_max,26.001753837232485,9
1057,deepseek_v4_flash_max,13.274862080302832,10
1058,kimi_k3_max,74.26669358987128,1
1058,claude_opus_4_8_max,56.901488365499404,2
1058,qwen3_8_max,54.39308085836554,3
1058,claude_fable_5_max,40.60269414935184,4
1058,gpt_5_6_sol_max,33.26714036395457,5
1058,gemini_3_1_pro_high,30.465609621112712,6
1058,glm_5_2_max,23.32460233673306,7
1058,deepseek_v4_flash_max,22.979772621906587,8
1058,gpt_5_5_xhigh,22.58829269728414,9
1058,deepseek_v4_pro_max,16.85097916167218,10
1059,gpt_5_6_sol_max,75.14289660021491,1
1059,claude_fable_5_max,62.489266891851514,2
1059,glm_5_2_max,45.939740578010046,3
1059,qwen3_8_max,45.44467688154367,4
1059,kimi_k3_max,44.32112496341899,5
1059,gemini_3_1_pro_high,36.71889446026067,6
1059,deepseek_v4_pro_max,33.641410212927084,7
1059,gpt_5_5_xhigh,29.586450735439236,8
1059,claude_opus_4_8_max,23.515967027846514,9
1059,deepseek_v4_flash_max,22.494907085063076,10
1060,gemini_3_1_pro_high,61.78323706989291,1
1060,qwen3_8_max,57.88316589992255,2
1060,gpt_5_5_xhigh,56.84509916734807,3
1060,claude_fable_5_max,53.60210071441088,4
1060,gpt_5_6_sol_max,51.29035611762,5
1060,kimi_k3_max,41.22290793381241,6
1060,deepseek_v4_flash_max,23.95170396411448,7
1060,claude_opus_4_8_max,19.93262396878207,8
1060,glm_5_2_max,16.231922494646223,9
1060,deepseek_v4_pro_max,14.920964794595225,10
1061,gpt_5_6_sol_max,68.38883856549137,1
1061,claude_fable_5_max,65.61584074553983,2
1061,kimi_k3_max,59.86607208775375,3
1061,deepseek_v4_pro_max,57.84822960739787,4
1061,gpt_5_5_xhigh,44.342919027973316,5
1061,qwen3_8_max,42.37458436228674,6
1061,claude_opus_4_8_max,41.908670794563236,7
1061,gemini_3_1_pro_high,40.86748331170259,8
1061,glm_5_2_max,28.35376233892433,9
1061,deepseek_v4_flash_max,18.515714934095783,10
1062,gpt_5_5_xhigh,72.65138927464889,1
1062,claude_opus_4_8_max,70.85379545184814,2
1062,gemini_3_1_pro_high,61.04447331825786,3
1062,qwen3_8_max,43.78961207880765,4
1062,kimi_k3_max,37.88317977966392,5
1062,deepseek_v4_pro_max,31.512711139835307,6
1062,claude_fable_5_max,29.678685413529017,7
1062,gpt_5_6_sol_max,29.420778361841492,8
1062,glm_5_2_max,28.93472213245549,9
1062,deepseek_v4_flash_max,28.335923322509224,10
1063,claude_opus_4_8_max,67.9553341170932,1
1063,gemini_3_1_pro_high,64.99800242578775,2
1063,claude_fable_5_max,56.40276136768073,3
1063,gpt_5_5_xhigh,49.87359403305388,4
1063,qwen3_8_max,44.36345784358052,5
1063,gpt_5_6_sol_max,37.10740981283193,6
1063,kimi_k3_max,31.37790408720933,7
1063,deepseek_v4_pro_max,26.00763403697821,8
1063,glm_5_2_max,23.59976658470942,9
1063,deepseek_v4_flash_max,10.037673272849304,10
1064,kimi_k3_max,71.42689984194973,1
1064,gpt_5_5_xhigh,52.78717306690129,2
1064,gemini_3_1_pro_high,41.541956914661576,3
1064,qwen3_8_max,38.486504715684276,4
1064,claude_opus_4_8_max,38.42906680780672,5
1064,gpt_5_6_sol_max,36.7368635741622,6
1064,glm_5_2_max,24.02801386758876,7
1064,deepseek_v4_pro_max,19.783721692637172,8
1064,claude_fable_5_max,19.255671352183256,9
1064,deepseek_v4_flash_max,7.645266215828135,10
1065,claude_fable_5_max,77.37448792231875,1
1065,gemini_3_1_pro_high,70.5067454345186,2
1065,claude_opus_4_8_max,69.2207240739444,3
1065,qwen3_8_max,50.22596885809198,4
1065,gpt_5_5_xhigh,39.340745318919474,5
1065,gpt_5_6_sol_max,35.376965491032024,6
1065,deepseek_v4_flash_max,27.354482523257833,7
1065,kimi_k3_max,26.284774294432925,8
1065,glm_5_2_max,20.05120988369663,9
1065,deepseek_v4_pro_max,16.289514404821475,10
1066,gemini_3_1_pro_high,78.62753100336828,1
1066,gpt_5_6_sol_max,69.49548530451884,2
1066,kimi_k3_max,51.690514216588255,3
1066,gpt_5_5_xhigh,45.05102836159911,4
1066,claude_fable_5_max,42.10069268177773,5
1066,qwen3_8_max,40.28841395289854,6
1066,glm_5_2_max,31.247250672730004,7
1066,deepseek_v4_flash_max,29.662124701382538,8
1066,claude_opus_4_8_max,26.40339252103763,9
1066,deepseek_v4_pro_max,4.293385099764225,10
1067,kimi_k3_max,68.72059917184596,1
1067,gpt_5_6_sol_max,68.38544943975158,2
1067,claude_fable_5_max,46.09219861069754,3
1067,gemini_3_1_pro_high,45.81673990201391,4
1067,deepseek_v4_flash_max,41.300925630994705,5
1067,qwen3_8_max,34.36291370438248,6
1067,claude_opus_4_8_max,25.885088921009636,7
1067,deepseek_v4_pro_max,18.192874154578792,8
1067,glm_5_2_max,18.068909254572173,9
1067,gpt_5_5_xhigh,17.111024343303917,10
1068,claude_fable_5_max,71.00743031159251,1
1068,gpt_5_6_sol_max,59.583460339888035,2
1068,gpt_5_5_xhigh,56.456374243696985,3
1068,gemini_3_1_pro_high,54.37218601511729,4
1068,kimi_k3_max,44.37377435964288,5
1068,qwen3_8_max,30.43985886218764,6
1068,deepseek_v4_pro_max,23.522021737654036,7
1068,claude_opus_4_8_max,22.154321471902826,8
1068,deepseek_v4_flash_max,20.762758684526293,9
1068,glm_5_2_max,12.010390011586003,10
1069,gpt_5_6_sol_max,84.07024080702317,1
1069,qwen3_8_max,65.63525485325704,2
1069,claude_opus_4_8_max,54.522045892527814,3
1069,kimi_k3_max,53.316664373690415,4
1069,claude_fable_5_max,46.47131900006197,5
1069,gpt_5_5_xhigh,44.54179471929692,6
1069,deepseek_v4_flash_max,28.939475897456585,7
1069,gemini_3_1_pro_high,25.5492085349057,8
1069,deepseek_v4_pro_max,20.798531329026403,9
1069,glm_5_2_max,18.73542928609294,10
1070,gpt_5_6_sol_max,65.95148901399897,1
1070,gemini_3_1_pro_high,60.17061972655125,2
1070,gpt_5_5_xhigh,58.81547215893056,3
1070,kimi_k3_max,53.863558685380085,4
1070,claude_fable_5_max,45.26928562762996,5
1070,claude_opus_4_8_max,39.12090947443983,6
1070,qwen3_8_max,32.52741146303756,7
1070,glm_5_2_max,31.056897793093654,8
1070,deepseek_v4_pro_max,27.321135766266693,9
1070,deepseek_v4_flash_max,13.696179539847021,10
1071,claude_opus_4_8_max,68.46270173230391,1
1071,gpt_5_6_sol_max,57.785627537619014,2
1071,qwen3_8_max,57.710271988327875,3
1071,gemini_3_1_pro_high,46.19637383053514,4
1071,gpt_5_5_xhigh,32.974184698486376,5
1071,claude_fable_5_max,29.850263964872454,6
1071,kimi_k3_max,28.17848790399391,7
1071,deepseek_v4_flash_max,26.73135924442414,8
1071,deepseek_v4_pro_max,13.724109161331455,9
1071,glm_5_2_max,10.544755266320932,10
1072,claude_fable_5_max,85.95368711621764,1
1072,claude_opus_4_8_max,67.93690986693002,2
1072,gpt_5_6_sol_max,36.2912626917954,3
1072,kimi_k3_max,35.47719776068007,4
1072,gemini_3_1_pro_high,33.0897358156957,5
1072,qwen3_8_max,24.847475809445324,6
1072,gpt_5_5_xhigh,22.626021432196197,7
1072,glm_5_2_max,18.49024432732778,8
1072,deepseek_v4_pro_max,17.786197234025995,9
1072,deepseek_v4_flash_max,10.991373963080573,10
1073,claude_opus_4_8_max,67.71798393602002,1
1073,claude_fable_5_max,47.99877619324471,2
1073,gemini_3_1_pro_high,47.116909031389596,3
1073,qwen3_8_max,46.45401710336508,4
1073,gpt_5_5_xhigh,43.23685657559256,5
1073,deepseek_v4_pro_max,41.468110974978245,6
1073,kimi_k3_max,29.369266034649677,7
1073,glm_5_2_max,29.110001211443443,8
1073,gpt_5_6_sol_max,18.05029453711161,9
1073,deepseek_v4_flash_max,6.765007529948816,10
1074,claude_opus_4_8_max,73.03325094057227,1
1074,claude_fable_5_max,55.562306603062,2
1074,kimi_k3_max,53.80321968608823,3
1074,gpt_5_6_sol_max,46.043944690953744,4
1074,qwen3_8_max,41.15043038942615,5
1074,gemini_3_1_pro_high,38.44666625349692,6
1074,deepseek_v4_flash_max,36.66547594736817,7
1074,gpt_5_5_xhigh,27.49098252928271,8
1074,glm_5_2_max,16.459164415669335,9
1074,deepseek_v4_pro_max,10.443080380959373,10
1075,gpt_5_5_xhigh,69.4933684618434,1
1075,claude_opus_4_8_max,55.617648884942476,2
1075,claude_fable_5_max,46.5588570588011,3
1075,gemini_3_1_pro_high,42.54809259784402,4
1075,qwen3_8_max,39.68957467617773,5
1075,gpt_5_6_sol_max,28.12226321982435,6
1075,glm_5_2_max,24.8490794407272,7
1075,deepseek_v4_flash_max,19.415890694744498,8
1075,deepseek_v4_pro_max,16.343881962343787,9
1075,kimi_k3_max,15.045503448872255,10
1076,qwen3_8_max,80.86066672201795,1
1076,gemini_3_1_pro_high,76.19778266093186,2
1076,claude_fable_5_max,69.23263166683589,3
1076,claude_opus_4_8_max,47.76647411017794,4
1076,kimi_k3_max,44.51423696989794,5
1076,gpt_5_6_sol_max,27.68554128914393,6
1076,gpt_5_5_xhigh,26.78762123457161,7
1076,glm_5_2_max,19.05748984207854,8
1076,deepseek_v4_flash_max,17.934029621487078,9
1076,deepseek_v4_pro_max,10.146616521566248,10
1077,claude_fable_5_max,74.21019284023129,1
1077,kimi_k3_max,72.39353850398686,2
1077,qwen3_8_max,54.07121466009037,3
1077,gemini_3_1_pro_high,50.30262232023383,4
1077,claude_opus_4_8_max,49.67515715632767,5
1077,deepseek_v4_pro_max,47.271352915754655,6
1077,gpt_5_6_sol_max,33.191193176158286,7
1077,gpt_5_5_xhigh,29.752584479485325,8
1077,glm_5_2_max,17.539024986192164,9
1077,deepseek_v4_flash_max,16.75510817810125,10
1078,kimi_k3_max,91.41043040203526,1
1078,gpt_5_5_xhigh,64.4005940248454,2
1078,claude_fable_5_max,56.77629440452539,3
1078,qwen3_8_max,52.37412760048677,4
1078,gemini_3_1_pro_high,33.22337654243898,5
1078,gpt_5_6_sol_max,27.992080874421482,6
1078,glm_5_2_max,27.467982278055317,7
1078,deepseek_v4_flash_max,25.356177688451822,8
1078,deepseek_v4_pro_max,23.22700750936916,9
1078,claude_opus_4_8_max,22.218832052645954,10
1079,claude_fable_5_max,73.47037355957212,1
1079,gpt_5_6_sol_max,69.65754421230089,2
1079,qwen3_8_max,57.6577841623631,3
1079,gpt_5_5_xhigh,54.61123935483457,4
1079,kimi_k3_max,37.47060253902818,5
1079,glm_5_2_max,32.901252805473746,6
1079,deepseek_v4_pro_max,32.02960781920584,7
1079,gemini_3_1_pro_high,31.779711955122313,8
1079,claude_opus_4_8_max,25.277750675330093,9
1079,deepseek_v4_flash_max,16.520901722208833,10
1080,qwen3_8_max,78.79390127649759,1
1080,gpt_5_6_sol_max,68.33360808506525,2
1080,claude_fable_5_max,66.21688633551051,3
1080,kimi_k3_max,56.16542753525796,4
1080,claude_opus_4_8_max,42.26110109822804,5
1080,gemini_3_1_pro_high,35.60352182265331,6
1080,gpt_5_5_xhigh,32.479402112159974,7
1080,deepseek_v4_pro_max,28.9862101295576,8
1080,glm_5_2_max,18.058834579842507,9
1080,deepseek_v4_flash_max,11.044232874384793,10
1081,claude_fable_5_max,77.9010334641776,1
1081,gemini_3_1_pro_high,66.15342306382567,2
1081,gpt_5_6_sol_max,52.295100052540334,3
1081,claude_opus_4_8_max,42.715835572641836,4
1081,qwen3_8_max,38.57057014900962,5
1081,gpt_5_5_xhigh,33.20797480147812,6
1081,deepseek_v4_flash_max,29.981694029630553,7
1081,kimi_k3_max,27.489642802310726,8
1081,glm_5_2_max,23.27663960593231,9
1081,deepseek_v4_pro_max,4.382570322352271,10
1082,claude_fable_5_max,81.72213539464164,1
1082,gpt_5_6_sol_max,67.7922895009749,2
1082,qwen3_8_max,56.0130513704009,3
1082,gemini_3_1_pro_high,47.097388316617575,4
1082,kimi_k3_max,44.83979163132949,5
1082,deepseek_v4_flash_max,36.495149550830455,6
1082,claude_opus_4_8_max,29.01365221742504,7
1082,gpt_5_5_xhigh,24.102777877311674,8
1082,glm_5_2_max,20.354447523781296,9
1082,deepseek_v4_pro_max,17.84901988848231,10
1083,claude_opus_4_8_max,70.03387118044938,1
1083,gpt_5_6_sol_max,68.17484438027213,2
1083,gemini_3_1_pro_high,58.504480170178084,3
1083,qwen3_8_max,50.745545900975024,4
1083,claude_fable_5_max,45.85321811059624,5
1083,gpt_5_5_xhigh,37.996472753270865,6
1083,kimi_k3_max,36.09437976427208,7
1083,glm_5_2_max,28.913597618496784,8
1083,deepseek_v4_pro_max,20.325840562246345,9
1083,deepseek_v4_flash_max,18.296663899545976,10
1084,claude_opus_4_8_max,76.89953066281686,1
1084,gpt_5_5_xhigh,51.64270731420241,2
1084,qwen3_8_max,44.917515289402886,3
1084,deepseek_v4_flash_max,40.367429698634595,4
1084,gpt_5_6_sol_max,36.885214070365166,5
1084,claude_fable_5_max,30.564075195716697,6
1084,kimi_k3_max,29.258356842557795,7
1084,deepseek_v4_pro_max,24.52245934655334,8
1084,gemini_3_1_pro_high,23.95650694428101,9
1084,glm_5_2_max,20.860576332832586,10
1085,gpt_5_6_sol_max,81.11010846871807,1
1085,kimi_k3_max,62.86419110218028,2
1085,claude_fable_5_max,62.34080377756071,3
1085,qwen3_8_max,58.24642766024222,4
1085,gpt_5_5_xhigh,57.720495557652285,5
1085,gemini_3_1_pro_high,57.12429937975204,6
1085,glm_5_2_max,29.693905299112032,7
1085,claude_opus_4_8_max,25.471494555009542,8
1085,deepseek_v4_pro_max,22.68975656815876,9
1085,deepseek_v4_flash_max,21.35366512959627,10
1086,claude_opus_4_8_max,80.11831222404285,1
1086,gpt_5_6_sol_max,67.48031359854679,2
1086,claude_fable_5_max,57.71007812760309,3
1086,gemini_3_1_pro_high,55.368300200063445,4
1086,qwen3_8_max,39.59677118607872,5
1086,deepseek_v4_flash_max,33.28188691190681,6
1086,kimi_k3_max,24.252358427372656,7
1086,glm_5_2_max,23.368668501536998,8
1086,deepseek_v4_pro_max,15.227115642511722,9
1086,gpt_5_5_xhigh,15.149773609069687,10
1087,claude_fable_5_max,64.62776829327159,1
1087,gpt_5_6_sol_max,60.651309356276656,2
1087,kimi_k3_max,48.000242691602786,3
1087,qwen3_8_max,37.85996571200484,4
1087,gpt_5_5_xhigh,32.051724810016275,5
1087,glm_5_2_max,30.043048878796416,6
1087,claude_opus_4_8_max,25.875215506751235,7
1087,deepseek_v4_pro_max,25.399104933508227,8
1087,gemini_3_1_pro_high,20.686172873802136,9
1087,deepseek_v4_flash_max,16.096729663214653,10
1088,kimi_k3_max,63.79722729642941,1
1088,gpt_5_6_sol_max,57.000535633398044,2
1088,deepseek_v4_flash_max,48.88097892749266,3
1088,claude_opus_4_8_max,45.23789327433744,4
1088,qwen3_8_max,43.99460984317049,5
1088,claude_fable_5_max,43.52234588566893,6
1088,gemini_3_1_pro_high,36.425296234681774,7
1088,gpt_5_5_xhigh,33.33347360794126,8
1088,deepseek_v4_pro_max,16.21448382319213,9
1088,glm_5_2_max,12.002196404487174,10
1089,claude_opus_4_8_max,74.18230670703744,1
1089,gemini_3_1_pro_high,59.79052121605244,2
1089,claude_fable_5_max,59.730084202153336,3
1089,gpt_5_6_sol_max,56.922606451763116,4
1089,qwen3_8_max,42.63769964585623,5
1089,kimi_k3_max,36.558361800768544,6
1089,deepseek_v4_pro_max,30.59468300219741,7
1089,gpt_5_5_xhigh,27.143053772372742,8
1089,glm_5_2_max,19.74664745394991,9
1089,deepseek_v4_flash_max,8.747719280027084,10
1090,gemini_3_1_pro_high,71.65896844181648,1
1090,gpt_5_6_sol_max,71.01924347680284,2
1090,claude_opus_4_8_max,66.87759015156732,3
1090,qwen3_8_max,56.06828515202061,4
1090,claude_fable_5_max,41.33706890754921,5
1090,kimi_k3_max,31.462780524207048,6
1090,deepseek_v4_pro_max,30.861034193933115,7
1090,gpt_5_5_xhigh,29.70525244747291,8
1090,glm_5_2_max,28.188599409208805,9
1090,deepseek_v4_flash_max,22.864451295276826,10
1091,kimi_k3_max,69.98408709015405,1
1091,qwen3_8_max,66.4696869011624,2
1091,claude_fable_5_max,64.93992718804797,3
1091,gpt_5_6_sol_max,59.41029769905746,4
1091,gemini_3_1_pro_high,51.91135211970096,5
1091,claude_opus_4_8_max,40.330624313037724,6
1091,deepseek_v4_flash_max,38.51936545830762,7
1091,glm_5_2_max,37.90480501311901,8
1091,deepseek_v4_pro_max,24.907781417269096,9
1091,gpt_5_5_xhigh,17.698009835311673,10
1092,gpt_5_6_sol_max,70.62374445264498,1
1092,kimi_k3_max,45.525422465933886,2
1092,gemini_3_1_pro_high,44.91619693478512,3
1092,qwen3_8_max,44.34877128653159,4
1092,glm_5_2_max,39.83684608188494,5
1092,gpt_5_5_xhigh,39.22385375970103,6
1092,claude_fable_5_max,38.84518326577462,7
1092,claude_opus_4_8_max,29.950695758825752,8
1092,deepseek_v4_pro_max,28.78539370094333,9
1092,deepseek_v4_flash_max,27.95223571478902,10
1093,gpt_5_5_xhigh,66.37312907412526,1
1093,qwen3_8_max,66.27401918401316,2
1093,claude_opus_4_8_max,52.788376023145105,3
1093,claude_fable_5_max,52.46221394856982,4
1093,kimi_k3_max,42.126910750115066,5
1093,gpt_5_6_sol_max,38.3947345052854,6
1093,deepseek_v4_flash_max,34.884922463235505,7
1093,gemini_3_1_pro_high,29.814658674598444,8
1093,glm_5_2_max,19.156057967697983,9
1093,deepseek_v4_pro_max,18.436074050005757,10
1094,gpt_5_6_sol_max,61.93451197923895,1
1094,qwen3_8_max,59.72326703266661,2
1094,claude_fable_5_max,55.93498739782825,3
1094,gemini_3_1_pro_high,54.38435637504891,4
1094,claude_opus_4_8_max,47.62843230701749,5
1094,kimi_k3_max,38.363617109636586,6
1094,gpt_5_5_xhigh,33.1873825113559,7
1094,deepseek_v4_pro_max,32.62599663017531,8
1094,deepseek_v4_flash_max,19.487677332065605,9
1094,glm_5_2_max,8.006547210933604,10
1095,claude_fable_5_max,84.44921703945482,1
1095,gpt_5_6_sol_max,65.07973560534381,2
1095,gemini_3_1_pro_high,57.27149576325594,3
1095,gpt_5_5_xhigh,50.52351769160364,4
1095,kimi_k3_max,31.542423695609997,5
1095,claude_opus_4_8_max,27.794636778420493,6
1095,deepseek_v4_flash_max,27.590437047975367,7
1095,qwen3_8_max,27.413991919270764,8
1095,deepseek_v4_pro_max,27.366706016372852,9
1095,glm_5_2_max,21.10198836033807,10
1096,kimi_k3_max,60.36868851704268,1
1096,gpt_5_6_sol_max,45.11279031875678,2
1096,deepseek_v4_pro_max,43.85212003405552,3
1096,claude_opus_4_8_max,41.90269013098563,4
1096,qwen3_8_max,41.01645110404441,5
1096,gpt_5_5_xhigh,34.38061515824414,6
1096,claude_fable_5_max,34.14838486325253,7
1096,gemini_3_1_pro_high,33.448004863965814,8
1096,glm_5_2_max,22.16172713284243,9
1096,deepseek_v4_flash_max,9.949109360972255,10
1097,gpt_5_6_sol_max,81.69260912466805,1
1097,gpt_5_5_xhigh,64.60503358405786,2
1097,kimi_k3_max,42.57082483197727,3
1097,gemini_3_1_pro_high,39.90732238261661,4
1097,claude_opus_4_8_max,39.13081373226309,5
1097,claude_fable_5_max,34.960142629615646,6
1097,qwen3_8_max,27.171149521907438,7
1097,deepseek_v4_flash_max,25.573457582778772,8
1097,deepseek_v4_pro_max,16.688845759377756,9
1097,glm_5_2_max,14.39545479977215,10
1098,gpt_5_6_sol_max,71.46237738257682,1
1098,kimi_k3_max,63.82439744465651,2
1098,gpt_5_5_xhigh,45.83770965031266,3
1098,gemini_3_1_pro_high,40.07855626052357,4
1098,glm_5_2_max,38.91806420166992,5
1098,claude_opus_4_8_max,32.36683456031699,6
1098,qwen3_8_max,24.97103076286491,7
1098,deepseek_v4_pro_max,23.95105687946795,8
1098,deepseek_v4_flash_max,23.110952532689918,9
1098,claude_fable_5_max,19.391159309642386,10
1099,gpt_5_6_sol_max,67.00484097569354,1
1099,claude_fable_5_max,60.17090491963298,2
1099,kimi_k3_max,57.625916798356954,3
1099,claude_opus_4_8_max,46.63839675295257,4
1099,gemini_3_1_pro_high,42.21977035287207,5
1099,qwen3_8_max,35.50032155789734,6
1099,deepseek_v4_flash_max,27.786138952325416,7
1099,gpt_5_5_xhigh,27.643706057836155,8
1099,glm_5_2_max,26.040155939267617,9
1099,deepseek_v4_pro_max,17.1902972181211,10
1100,gpt_5_6_sol_max,87.13723664911612,1
1100,claude_fable_5_max,55.578715246592125,2
1100,gemini_3_1_pro_high,48.20249504026856,3
1100,qwen3_8_max,44.63729866648282,4
1100,kimi_k3_max,33.63812952248917,5
1100,gpt_5_5_xhigh,26.207453808916306,6
1100,deepseek_v4_flash_max,26.05763806770107,7
1100,claude_opus_4_8_max,24.053224507607553,8
1100,deepseek_v4_pro_max,23.735303342900707,9
1100,glm_5_2_max,16.900777143585632,10
1101,gpt_5_5_xhigh,81.30135136291779,1
1101,claude_opus_4_8_max,80.85885147181227,2
1101,qwen3_8_max,55.98644253282525,3
1101,gemini_3_1_pro_high,51.624637414676656,4
1101,kimi_k3_max,38.0951544181436,5
1101,claude_fable_5_max,37.20683426685834,6
1101,deepseek_v4_pro_max,36.73666427409682,7
1101,deepseek_v4_flash_max,26.785381663860676,8
1101,glm_5_2_max,23.59701860738498,9
1101,gpt_5_6_sol_max,22.575064837406455,10
1102,kimi_k3_max,74.3008702588462,1
1102,claude_fable_5_max,70.84346216670954,2
1102,gpt_5_6_sol_max,50.75150402844025,3
1102,claude_opus_4_8_max,43.29955836747108,4
1102,deepseek_v4_pro_max,26.911391548493825,5
1102,gpt_5_5_xhigh,26.87261563836998,6
1102,qwen3_8_max,26.410758224529335,7
1102,glm_5_2_max,22.406899091750425,8
1102,gemini_3_1_pro_high,21.877378214556185,9
1102,deepseek_v4_flash_max,20.776615317440182,10
1103,claude_opus_4_8_max,70.39487391211408,1
1103,kimi_k3_max,64.28558840973074,2
1103,qwen3_8_max,62.91120424815712,3
1103,gpt_5_6_sol_max,58.480536205285176,4
1103,gpt_5_5_xhigh,52.83767232838349,5
1103,claude_fable_5_max,40.058379797110945,6
1103,deepseek_v4_pro_max,34.01571671272145,7
1103,gemini_3_1_pro_high,29.636527828453467,8
1103,glm_5_2_max,27.315756387103235,9
1103,deepseek_v4_flash_max,8.3568965349092,10
1104,kimi_k3_max,64.49200969445869,1
1104,gpt_5_6_sol_max,63.42514924489523,2
1104,gemini_3_1_pro_high,52.429070615974624,3
1104,claude_fable_5_max,50.49022056858955,4
1104,qwen3_8_max,47.10755962108814,5
1104,claude_opus_4_8_max,41.982114020837784,6
1104,deepseek_v4_flash_max,37.375905978716915,7
1104,deepseek_v4_pro_max,31.058612563915137,8
1104,gpt_5_5_xhigh,19.660046556065645,9
1104,glm_5_2_max,14.181147282242108,10
1105,kimi_k3_max,79.20703442461233,1
1105,claude_fable_5_max,75.97097918578481,2
1105,gpt_5_5_xhigh,64.4377263858224,3
1105,qwen3_8_max,55.81795757800082,4
1105,gemini_3_1_pro_high,49.0752672625676,5
1105,claude_opus_4_8_max,42.37518999027855,6
1105,deepseek_v4_pro_max,39.80190608942733,7
1105,gpt_5_6_sol_max,37.464475368592005,8
1105,glm_5_2_max,18.537501791796146,9
1105,deepseek_v4_flash_max,14.443175493776877,10
1106,gpt_5_5_xhigh,62.21590061545484,1
1106,gpt_5_6_sol_max,56.87587341771777,2
1106,claude_fable_5_max,52.01778732864239,3
1106,qwen3_8_max,40.61731543988381,4
1106,claude_opus_4_8_max,39.49264300713345,5
1106,kimi_k3_max,33.54714753923465,6
1106,deepseek_v4_pro_max,23.990111134630464,7
1106,deepseek_v4_flash_max,23.42870557248171,8
1106,gemini_3_1_pro_high,15.0486651038911,9
1106,glm_5_2_max,12.286003840209364,10
1107,gpt_5_6_sol_max,68.03259456071167,1
1107,gpt_5_5_xhigh,66.76717829500679,2
1107,kimi_k3_max,64.40870698942847,3
1107,claude_opus_4_8_max,63.8098546116549,4
1107,claude_fable_5_max,51.166012871677594,5
1107,qwen3_8_max,31.84863329007923,6
1107,gemini_3_1_pro_high,26.03449298181787,7
1107,glm_5_2_max,22.63601424128318,8
1107,deepseek_v4_flash_max,21.645948475748433,9
1107,deepseek_v4_pro_max,20.493664724832264,10
1108,claude_opus_4_8_max,68.69549252432824,1
1108,gpt_5_6_sol_max,64.63298063447515,2
1108,gpt_5_5_xhigh,48.934215160250574,3
1108,qwen3_8_max,46.13397622329916,4
1108,claude_fable_5_max,35.210732295801854,5
1108,deepseek_v4_pro_max,32.92428185195816,6
1108,gemini_3_1_pro_high,32.676265738851654,7
1108,deepseek_v4_flash_max,25.390652389510088,8
1108,kimi_k3_max,21.236354211042915,9
1108,glm_5_2_max,18.147626906258207,10
1109,gpt_5_5_xhigh,82.2214077559253,1
1109,gpt_5_6_sol_max,58.099796941204374,2
1109,gemini_3_1_pro_high,55.14216782019518,3
1109,claude_fable_5_max,48.25762401074155,4
1109,qwen3_8_max,39.706231634328184,5
1109,glm_5_2_max,34.08691569125597,6
1109,kimi_k3_max,32.274841137905725,7
1109,claude_opus_4_8_max,27.08715360503681,8
1109,deepseek_v4_pro_max,26.393244981560763,9
1109,deepseek_v4_flash_max,19.206586830281214,10
1110,gpt_5_6_sol_max,77.10336683198848,1
1110,claude_fable_5_max,70.9548854729171,2
1110,gemini_3_1_pro_high,68.62265894990624,3
1110,qwen3_8_max,62.899070517189415,4
1110,kimi_k3_max,46.48458592720242,5
1110,deepseek_v4_flash_max,33.63285324745987,6
1110,glm_5_2_max,28.68203999965452,7
1110,gpt_5_5_xhigh,26.54430332931,8
1110,claude_opus_4_8_max,19.35368897796392,9
1110,deepseek_v4_pro_max,18.274268411733892,10
1111,gpt_5_5_xhigh,78.78234087967557,1
1111,gpt_5_6_sol_max,46.562544774983024,2
1111,kimi_k3_max,41.24378502329064,3
1111,claude_opus_4_8_max,40.083460293437184,4
1111,gemini_3_1_pro_high,37.39730804152586,5
1111,claude_fable_5_max,36.56897785041202,6
1111,deepseek_v4_flash_max,28.38050948887785,7
1111,qwen3_8_max,27.24680995157752,8
1111,deepseek_v4_pro_max,17.986269696881727,9
1111,glm_5_2_max,16.756548585126904,10
1112,gpt_5_5_xhigh,72.21379547999148,1
1112,claude_opus_4_8_max,55.881465140673164,2
1112,gemini_3_1_pro_high,47.578634142908285,3
1112,claude_fable_5_max,38.500565198615746,4
1112,gpt_5_6_sol_max,27.447212185292678,5
1112,qwen3_8_max,27.18736583930764,6
1112,deepseek_v4_flash_max,25.646230007120373,7
1112,glm_5_2_max,15.596192829203147,8
1112,deepseek_v4_pro_max,14.45571796427583,9
1112,kimi_k3_max,12.041132621660594,10
1113,gemini_3_1_pro_high,73.24855547850302,1
1113,kimi_k3_max,69.00008833683385,2
1113,gpt_5_6_sol_max,60.64605225103335,3
1113,gpt_5_5_xhigh,47.71456106008682,4
1113,qwen3_8_max,39.73057789862321,5
1113,claude_opus_4_8_max,34.97657228202502,6
1113,claude_fable_5_max,32.1632170920927,7
1113,deepseek_v4_pro_max,22.288605281553863,8
1113,deepseek_v4_flash_max,19.21442362518507,9
1113,glm_5_2_max,17.662984166797568,10
1114,gpt_5_5_xhigh,82.38718323316515,1
1114,kimi_k3_max,81.47461529923591,2
1114,gemini_3_1_pro_high,77.9823242855047,3
1114,gpt_5_6_sol_max,47.28567316263003,4
1114,deepseek_v4_pro_max,37.32875360318603,5
1114,glm_5_2_max,31.800709217815395,6
1114,claude_opus_4_8_max,28.47747188085768,7
1114,claude_fable_5_max,19.16191546986178,8
1114,qwen3_8_max,19.00852771326788,9
1114,deepseek_v4_flash_max,15.54593080331318,10
1115,gpt_5_5_xhigh,77.58014856268214,1
1115,gemini_3_1_pro_high,55.45358374786056,2
1115,kimi_k3_max,35.83044292685648,3
1115,gpt_5_6_sol_max,33.051190317193296,4
1115,qwen3_8_max,30.05870770019967,5
1115,claude_opus_4_8_max,26.43925455721123,6
1115,claude_fable_5_max,19.78422287443305,7
1115,glm_5_2_max,19.079482913716287,8
1115,deepseek_v4_pro_max,15.675494926422715,9
1115,deepseek_v4_flash_max,14.866423284731878,10
1116,kimi_k3_max,81.82613961785177,1
1116,claude_fable_5_max,73.6886979499329,2
1116,gpt_5_6_sol_max,73.09393556726296,3
1116,gemini_3_1_pro_high,63.10441181548373,4
1116,qwen3_8_max,59.612380763447916,5
1116,gpt_5_5_xhigh,38.594779770951746,6
1116,claude_opus_4_8_max,32.152743082147516,7
1116,glm_5_2_max,30.0452110423779,8
1116,deepseek_v4_pro_max,25.782197303130765,9
1116,deepseek_v4_flash_max,14.393243632320353,10
1117,claude_opus_4_8_max,58.59367960575664,1
1117,claude_fable_5_max,54.934859291799484,2
1117,qwen3_8_max,52.75019671190667,3
1117,gpt_5_6_sol_max,49.676170400150596,4
1117,gpt_5_5_xhigh,40.03183985864745,5
1117,gemini_3_1_pro_high,38.66574428638367,6
1117,kimi_k3_max,35.327572592047744,7
1117,glm_5_2_max,24.113917237853123,8
1117,deepseek_v4_pro_max,23.611759500320073,9
1117,deepseek_v4_flash_max,8.386854283498595,10
1118,claude_fable_5_max,80.43537824803023,1
1118,kimi_k3_max,65.1479817282711,2
1118,gpt_5_6_sol_max,60.382371249667855,3
1118,qwen3_8_max,52.55533546144743,4
1118,gemini_3_1_pro_high,52.13539963741704,5
1118,gpt_5_5_xhigh,32.09412058845742,6
1118,deepseek_v4_pro_max,26.272540580792732,7
1118,claude_opus_4_8_max,24.026880275730488,8
1118,glm_5_2_max,15.887304202170135,9
1118,deepseek_v4_flash_max,15.461898193770155,10
1119,gemini_3_1_pro_high,84.96293916182637,1
1119,claude_opus_4_8_max,68.7364158355405,2
1119,kimi_k3_max,60.045190517706786,3
1119,claude_fable_5_max,59.57789255550882,4
1119,gpt_5_5_xhigh,58.366903527025066,5
1119,qwen3_8_max,31.70378509343058,6
1119,gpt_5_6_sol_max,30.80299746625834,7
1119,glm_5_2_max,24.33070424290979,8
1119,deepseek_v4_flash_max,17.970710895008402,9
1119,deepseek_v4_pro_max,17.768481923848995,10
1120,gpt_5_6_sol_max,78.83117890734069,1
1120,claude_fable_5_max,70.87474561424256,2
1120,kimi_k3_max,57.923790429716085,3
1120,qwen3_8_max,39.61311132207373,4
1120,gemini_3_1_pro_high,35.565108408647774,5
1120,gpt_5_5_xhigh,23.600856847460435,6
1120,claude_opus_4_8_max,19.63961077271871,7
1120,glm_5_2_max,19.142901092385184,8
1120,deepseek_v4_pro_max,18.053320420341944,9
1120,deepseek_v4_flash_max,17.527411049375118,10
1121,claude_fable_5_max,80.05300022441875,1
1121,gemini_3_1_pro_high,70.4930661591591,2
1121,gpt_5_6_sol_max,69.32007362832417,3
1121,qwen3_8_max,62.5794969154277,4
1121,claude_opus_4_8_max,58.36926325390276,5
1121,gpt_5_5_xhigh,43.51987956717066,6
1121,glm_5_2_max,37.898095473990246,7
1121,kimi_k3_max,32.80647472582536,8
1121,deepseek_v4_flash_max,25.31259691625201,9
1121,deepseek_v4_pro_max,25.23457557245154,10
1122,claude_fable_5_max,78.38847575802475,1
1122,gemini_3_1_pro_high,71.88282451741577,2
1122,kimi_k3_max,69.43239475788192,3
1122,qwen3_8_max,65.8435854460883,4
1122,deepseek_v4_flash_max,29.406677278510806,5
1122,gpt_5_6_sol_max,28.33289128749469,6
1122,glm_5_2_max,27.24287986313263,7
1122,deepseek_v4_pro_max,24.270464532944217,8
1122,claude_opus_4_8_max,22.977780350642988,9
1122,gpt_5_5_xhigh,17.689535789530105,10
1123,claude_fable_5_max,77.77656435672483,1
1123,gpt_5_6_sol_max,66.31488576320275,2
1123,claude_opus_4_8_max,65.27156288313091,3
1123,qwen3_8_max,46.93322642152434,4
1123,gemini_3_1_pro_high,38.33609774837605,5
1123,kimi_k3_max,35.496183713393414,6
1123,gpt_5_5_xhigh,29.310586446870907,7
1123,glm_5_2_max,29.163646387461128,8
1123,deepseek_v4_pro_max,23.897191909841144,9
1123,deepseek_v4_flash_max,23.747475523487097,10
1124,qwen3_8_max,72.24120042485191,1
1124,claude_fable_5_max,69.25289821116482,2
1124,gpt_5_5_xhigh,64.03744838527322,3
1124,claude_opus_4_8_max,63.23017979075024,4
1124,gpt_5_6_sol_max,62.617470715241076,5
1124,kimi_k3_max,56.34570575768243,6
1124,deepseek_v4_pro_max,39.56351860950669,7
1124,glm_5_2_max,25.01549942294557,8
1124,gemini_3_1_pro_high,24.91854710512312,9
1124,deepseek_v4_flash_max,24.72056619257696,10
1125,gpt_5_6_sol_max,80.5282912821718,1
1125,kimi_k3_max,49.9245151886457,2
1125,gemini_3_1_pro_high,48.39565268067891,3
1125,qwen3_8_max,43.48154145097943,4
1125,glm_5_2_max,35.889910617844116,5
1125,claude_opus_4_8_max,35.735935107898754,6
1125,claude_fable_5_max,31.050429241407233,7
1125,gpt_5_5_xhigh,19.546716203324117,8
1125,deepseek_v4_pro_max,19.22655969588721,9
1125,deepseek_v4_flash_max,15.567683068291911,10
1126,gpt_5_5_xhigh,66.69790477556802,1
1126,claude_fable_5_max,51.13531322277791,2
1126,gemini_3_1_pro_high,44.2685438604108,3
1126,kimi_k3_max,42.92356140984216,4
1126,gpt_5_6_sol_max,35.225501066968334,5
1126,deepseek_v4_pro_max,28.128456254699756,6
1126,qwen3_8_max,23.721775550285678,7
1126,claude_opus_4_8_max,23.350945719001125,8
1126,glm_5_2_max,18.35587301880428,9
1126,deepseek_v4_flash_max,12.692466276610174,10
1127,claude_fable_5_max,71.25137441180505,1
1127,gemini_3_1_pro_high,67.35819599217588,2
1127,gpt_5_6_sol_max,55.24381853768519,3
1127,qwen3_8_max,53.86783893033762,4
1127,claude_opus_4_8_max,34.88149819098963,5
1127,kimi_k3_max,34.509323392828506,6
1127,gpt_5_5_xhigh,32.23093911405503,7
1127,deepseek_v4_flash_max,29.613973437357195,8
1127,glm_5_2_max,19.299126154258307,9
1127,deepseek_v4_pro_max,14.349650294530086,10
1128,qwen3_8_max,76.42007485745657,1
1128,kimi_k3_max,75.64613703954478,2
1128,gpt_5_5_xhigh,73.41460495371985,3
1128,claude_opus_4_8_max,59.277400840620565,4
1128,claude_fable_5_max,46.25238083380461,5
1128,gpt_5_6_sol_max,37.76140286120132,6
1128,glm_5_2_max,27.90840468667521,7
1128,deepseek_v4_flash_max,25.33056644379048,8
1128,deepseek_v4_pro_max,22.204238775115023,9
1128,gemini_3_1_pro_high,18.28025859200965,10
1129,gpt_5_6_sol_max,73.20009696437589,1
1129,claude_fable_5_max,69.8554166221046,2
1129,qwen3_8_max,61.0079275027305,3
1129,claude_opus_4_8_max,43.678839564961486,4
1129,kimi_k3_max,33.25155148184444,5
1129,gemini_3_1_pro_high,28.939536835071152,6
1129,deepseek_v4_pro_max,28.592631791122244,7
1129,gpt_5_5_xhigh,22.835314601981565,8
1129,glm_5_2_max,21.87402997075489,9
1129,deepseek_v4_flash_max,15.502363956446281,10
1130,gemini_3_1_pro_high,79.1660314051432,1
1130,qwen3_8_max,73.00658316614661,2
1130,gpt_5_6_sol_max,67.6389719092978,3
1130,gpt_5_5_xhigh,56.3600855580557,4
1130,claude_fable_5_max,54.24896443877692,5
1130,kimi_k3_max,51.548840797777224,6
1130,deepseek_v4_pro_max,35.47180888568776,7
1130,deepseek_v4_flash_max,29.685510399815065,8
1130,claude_opus_4_8_max,24.265615395994935,9
1130,glm_5_2_max,18.921083096751435,10
1131,kimi_k3_max,88.15553049248369,1
1131,claude_fable_5_max,77.05420200938045,2
1131,qwen3_8_max,74.81454017200005,3
1131,gpt_5_6_sol_max,62.20702957285503,4
1131,gpt_5_5_xhigh,58.19475432201243,5
1131,gemini_3_1_pro_high,36.65457955170837,6
1131,deepseek_v4_pro_max,33.36482624230843,7
1131,claude_opus_4_8_max,29.931403304652644,8
1131,deepseek_v4_flash_max,19.318947197915953,9
1131,glm_5_2_max,16.402235029079165,10
1132,claude_opus_4_8_max,78.00413105079602,1
1132,gemini_3_1_pro_high,75.02262137130487,2
1132,qwen3_8_max,67.10666102425904,3
1132,gpt_5_5_xhigh,66.34855196696272,4
1132,gpt_5_6_sol_max,55.08403495560824,5
1132,claude_fable_5_max,48.75881499982587,6
1132,kimi_k3_max,34.34619265138031,7
1132,deepseek_v4_pro_max,30.529912454661876,8
1132,glm_5_2_max,27.5930004478779,9
1132,deepseek_v4_flash_max,24.193458922374713,10
1133,gpt_5_6_sol_max,75.76062114869337,1
1133,claude_opus_4_8_max,71.10580817621474,2
1133,qwen3_8_max,40.68889273302388,3
1133,gemini_3_1_pro_high,39.75743127964526,4
1133,glm_5_2_max,37.637188379113084,5
1133,kimi_k3_max,35.72292075654994,6
1133,gpt_5_5_xhigh,26.359767538097376,7
1133,claude_fable_5_max,22.55003992053858,8
1133,deepseek_v4_flash_max,17.948505595140197,9
1133,deepseek_v4_pro_max,7.255521903809015,10
1134,gpt_5_6_sol_max,61.849155376386335,1
1134,claude_fable_5_max,59.33276349623223,2
1134,qwen3_8_max,47.4750043512519,3
1134,gpt_5_5_xhigh,42.712285176321146,4
1134,claude_opus_4_8_max,36.13678485120118,5
1134,kimi_k3_max,30.71335362012354,6
1134,gemini_3_1_pro_high,28.688930364972933,7
1134,deepseek_v4_flash_max,24.653770159657633,8
1134,deepseek_v4_pro_max,23.19383618222513,9
1134,glm_5_2_max,23.164984333178186,10
1135,claude_fable_5_max,81.36212664582862,1
1135,gpt_5_6_sol_max,73.36791506170908,2
1135,kimi_k3_max,60.08073227488419,3
1135,qwen3_8_max,55.94260805416583,4
1135,claude_opus_4_8_max,54.00497107355932,5
1135,gpt_5_5_xhigh,27.697318452061367,6
1135,gemini_3_1_pro_high,26.368903014231584,7
1135,deepseek_v4_flash_max,22.510180779782388,8
1135,deepseek_v4_pro_max,20.31414121427434,9
1135,glm_5_2_max,10.426313114608242,10
1136,kimi_k3_max,77.86255112055031,1
1136,gpt_5_6_sol_max,77.56626167596535,2
1136,qwen3_8_max,72.02750895553224,3
1136,gpt_5_5_xhigh,64.23481410020734,4
1136,gemini_3_1_pro_high,39.000382197215316,5
1136,claude_opus_4_8_max,38.64973058134418,6
1136,claude_fable_5_max,38.501681048204695,7
1136,deepseek_v4_pro_max,33.23384073289803,8
1136,deepseek_v4_flash_max,20.640664351293402,9
1136,glm_5_2_max,12.017912618768541,10
1137,gpt_5_6_sol_max,69.22266467893057,1
1137,claude_fable_5_max,56.54232081790059,2
1137,gpt_5_5_xhigh,56.33340081361783,3
1137,gemini_3_1_pro_high,55.90866583405658,4
1137,qwen3_8_max,46.04864751580696,5
1137,kimi_k3_max,35.429945360930375,6
1137,deepseek_v4_flash_max,29.01254601214195,7
1137,glm_5_2_max,24.002540677367985,8
1137,claude_opus_4_8_max,19.074803416177716,9
1137,deepseek_v4_pro_max,16.863310469893165,10
1138,kimi_k3_max,86.24071225144297,1
1138,gpt_5_6_sol_max,75.91869567187152,2
1138,claude_fable_5_max,59.201640944074654,3
1138,claude_opus_4_8_max,58.194385472067054,4
1138,gpt_5_5_xhigh,40.61986580372928,5
1138,gemini_3_1_pro_high,35.497816573201206,6
1138,qwen3_8_max,35.1176566122789,7
1138,glm_5_2_max,28.0967316267087,8
1138,deepseek_v4_flash_max,16.866547426324175,9
1138,deepseek_v4_pro_max,9.789676475713463,10
1139,claude_fable_5_max,74.34238549108734,1
1139,qwen3_8_max,65.98916867360813,2
1139,gemini_3_1_pro_high,63.08674512708377,3
1139,gpt_5_6_sol_max,62.52510784598744,4
1139,claude_opus_4_8_max,62.37657615915888,5
1139,kimi_k3_max,54.937991227208805,6
1139,glm_5_2_max,37.496869144842755,7
1139,gpt_5_5_xhigh,25.638486943873502,8
1139,deepseek_v4_flash_max,19.497790845470192,9
1139,deepseek_v4_pro_max,13.051009672620731,10
1140,claude_fable_5_max,80.31823004752553,1
1140,gemini_3_1_pro_high,73.1644854277246,2
1140,kimi_k3_max,60.970702675311465,3
1140,gpt_5_5_xhigh,60.86512643546203,4
1140,claude_opus_4_8_max,59.82294198858246,5
1140,qwen3_8_max,42.8169489812295,6
1140,deepseek_v4_pro_max,40.44475596632046,7
1140,gpt_5_6_sol_max,20.74744603321575,8
1140,glm_5_2_max,19.61910885905979,9
1140,deepseek_v4_flash_max,11.729466202785517,10
1141,claude_fable_5_max,69.27149749583435,1
1141,claude_opus_4_8_max,65.4789968823041,2
1141,kimi_k3_max,58.33499063562542,3
1141,qwen3_8_max,49.66668738121902,4
1141,gemini_3_1_pro_high,45.8322471082618,5
1141,gpt_5_6_sol_max,37.561983298179996,6
1141,deepseek_v4_flash_max,36.97251781579161,7
1141,deepseek_v4_pro_max,29.207337117763586,8
1141,glm_5_2_max,25.064554757371468,9
1141,gpt_5_5_xhigh,23.792030630816523,10
1142,kimi_k3_max,69.68744071880027,1
1142,claude_opus_4_8_max,68.47171528949701,2
1142,gpt_5_5_xhigh,65.6310349434963,3
1142,gemini_3_1_pro_high,55.687931173300186,4
1142,qwen3_8_max,53.58821774751491,5
1142,claude_fable_5_max,46.0490819222265,6
1142,gpt_5_6_sol_max,43.12259923312492,7
1142,deepseek_v4_flash_max,31.64951956585273,8
1142,deepseek_v4_pro_max,23.39724229620459,9
1142,glm_5_2_max,15.757808503442954,10
1143,gpt_5_6_sol_max,68.18466019381205,1
1143,gpt_5_5_xhigh,63.75259920475571,2
1143,kimi_k3_max,58.00825707388478,3
1143,gemini_3_1_pro_high,55.845429135676,4
1143,qwen3_8_max,55.71854968442479,5
1143,deepseek_v4_pro_max,37.95214105737185,6
1143,claude_fable_5_max,25.968456135765138,7
1143,glm_5_2_max,22.60986902765887,8
1143,claude_opus_4_8_max,13.8690604744462,9
1143,deepseek_v4_flash_max,11.864394658844407,10
1144,claude_opus_4_8_max,72.30690903233054,1
1144,claude_fable_5_max,58.61708675355468,2
1144,kimi_k3_max,57.41969816885596,3
1144,qwen3_8_max,52.71191464358499,4
1144,deepseek_v4_pro_max,52.31888086067233,5
1144,gpt_5_6_sol_max,35.72336420078218,6
1144,gemini_3_1_pro_high,32.963799537139124,7
1144,glm_5_2_max,23.076463862117908,8
1144,deepseek_v4_flash_max,22.284160562539665,9
1144,gpt_5_5_xhigh,19.911155347995255,10
1145,gpt_5_5_xhigh,70.97560642008918,1
1145,claude_fable_5_max,56.354251847837006,2
1145,qwen3_8_max,55.74637223783026,3
1145,gpt_5_6_sol_max,36.935632689893886,4
1145,gemini_3_1_pro_high,30.76082204889513,5
1145,deepseek_v4_pro_max,26.000370697257438,6
1145,deepseek_v4_flash_max,25.20674919874065,7
1145,kimi_k3_max,23.075218312840953,8
1145,glm_5_2_max,18.170606241268786,9
1145,claude_opus_4_8_max,13.655152267150353,10
1146,kimi_k3_max,68.8610654534421,1
1146,gpt_5_6_sol_max,57.97768460187283,2
1146,claude_opus_4_8_max,47.50159338919488,3
1146,deepseek_v4_flash_max,37.976997842038706,4
1146,gpt_5_5_xhigh,32.71828767252913,5
1146,gemini_3_1_pro_high,30.026507394151167,6
1146,glm_5_2_max,25.407039251167213,7
1146,qwen3_8_max,18.484666986599915,8
1146,deepseek_v4_pro_max,18.027517072186892,9
1146,claude_fable_5_max,17.325084279921164,10
1147,claude_fable_5_max,82.51783810227266,1
1147,gpt_5_5_xhigh,55.04374726151718,2
1147,gemini_3_1_pro_high,48.509363991010005,3
1147,gpt_5_6_sol_max,36.21525102851311,4
1147,deepseek_v4_pro_max,35.36297357224418,5
1147,claude_opus_4_8_max,34.94044304388291,6
1147,glm_5_2_max,28.39704357327168,7
1147,kimi_k3_max,27.662594310859554,8
1147,deepseek_v4_flash_max,17.913746727123414,9
1147,qwen3_8_max,14.019559025334356,10
1148,gpt_5_5_xhigh,73.36174285471492,1
1148,claude_fable_5_max,51.633315428970064,2
1148,kimi_k3_max,39.52954056422996,3
1148,gemini_3_1_pro_high,35.22812388430829,4
1148,qwen3_8_max,32.83553430171503,5
1148,deepseek_v4_pro_max,27.64503569410488,6
1148,gpt_5_6_sol_max,26.264867818909575,7
1148,glm_5_2_max,23.509403570824112,8
1148,deepseek_v4_flash_max,22.796478177664664,9
1148,claude_opus_4_8_max,15.91340240242081,10
1149,claude_opus_4_8_max,83.2107142808263,1
1149,gemini_3_1_pro_high,62.86903750374478,2
1149,gpt_5_6_sol_max,58.53901504756517,3
1149,gpt_5_5_xhigh,41.60391501951823,4
1149,deepseek_v4_flash_max,27.851671792301556,5
1149,kimi_k3_max,25.520711403440806,6
1149,glm_5_2_max,21.360339743935093,7
1149,qwen3_8_max,15.230221843563674,8
1149,claude_fable_5_max,14.528199072587299,9
1149,deepseek_v4_pro_max,9.216952712158388,10
1150,claude_opus_4_8_max,75.02924213236906,1
1150,gemini_3_1_pro_high,58.00860231274503,2
1150,kimi_k3_max,52.20579109152037,3
1150,qwen3_8_max,46.86298960022943,4
1150,claude_fable_5_max,39.87720959904478,5
1150,gpt_5_6_sol_max,37.137585378801404,6
1150,gpt_5_5_xhigh,35.87260707093509,7
1150,glm_5_2_max,29.265101839789686,8
1150,deepseek_v4_flash_max,25.912286842517304,9
1150,deepseek_v4_pro_max,14.017600931868177,10
1151,gpt_5_6_sol_max,60.943496846312414,1
1151,kimi_k3_max,59.10486242842947,2
1151,qwen3_8_max,55.02870914750238,3
1151,claude_fable_5_max,45.49077998490465,4
1151,gemini_3_1_pro_high,43.3995581337133,5
1151,deepseek_v4_pro_max,43.0540401312327,6
1151,claude_opus_4_8_max,40.23349807535852,7
1151,deepseek_v4_flash_max,28.544988147357216,8
1151,gpt_5_5_xhigh,28.41279716578248,9
1151,glm_5_2_max,19.687422722392682,10
1152,gpt_5_5_xhigh,87.10463460097117,1
1152,kimi_k3_max,44.89555040309703,2
1152,qwen3_8_max,42.76836379781759,3
1152,gemini_3_1_pro_high,39.80853916852842,4
1152,claude_opus_4_8_max,37.75898733403123,5
1152,gpt_5_6_sol_max,29.32971529571994,6
1152,glm_5_2_max,27.679721737403533,7
1152,claude_fable_5_max,24.406652768155375,8
1152,deepseek_v4_flash_max,24.19199458453883,9
1152,deepseek_v4_pro_max,13.98882519766111,10
1153,claude_opus_4_8_max,58.89830194945648,1
1153,gemini_3_1_pro_high,49.89544600095182,2
1153,qwen3_8_max,48.44249011425955,3
1153,claude_fable_5_max,37.246795791453565,4
1153,glm_5_2_max,35.648624204317514,5
1153,gpt_5_5_xhigh,25.33959358247073,6
1153,deepseek_v4_pro_max,23.32982052457472,7
1153,gpt_5_6_sol_max,17.44206438531922,8
1153,kimi_k3_max,17.0163288199278,9
1153,deepseek_v4_flash_max,13.281255215768415,10
1154,kimi_k3_max,80.08851055794872,1
1154,gpt_5_5_xhigh,77.00118633823638,2
1154,claude_opus_4_8_max,71.79621815930078,3
1154,qwen3_8_max,69.13173754222603,4
1154,gpt_5_6_sol_max,31.210853371510986,5
1154,claude_fable_5_max,29.88301469635962,6
1154,deepseek_v4_pro_max,24.804957627150984,7
1154,gemini_3_1_pro_high,23.68261998236443,8
1154,glm_5_2_max,19.383645090423162,9
1154,deepseek_v4_flash_max,13.30460693429696,10
1155,claude_fable_5_max,78.49158433263185,1
1155,gpt_5_5_xhigh,77.24547072117389,2
1155,gpt_5_6_sol_max,62.65028056026657,3
1155,kimi_k3_max,51.215547971408725,4
1155,deepseek_v4_pro_max,37.87798262717695,5
1155,glm_5_2_max,35.39812834811236,6
1155,claude_opus_4_8_max,34.59084844389878,7
1155,qwen3_8_max,34.19321536833148,8
1155,deepseek_v4_flash_max,27.908021542928154,9
1155,gemini_3_1_pro_high,23.611634581516412,10
1156,gpt_5_5_xhigh,81.29830893714879,1
1156,claude_fable_5_max,60.87141764307965,2
1156,claude_opus_4_8_max,56.09468803528306,3
1156,qwen3_8_max,46.116660127752645,4
1156,gemini_3_1_pro_high,44.64109209885643,5
1156,kimi_k3_max,42.61485920478789,6
1156,glm_5_2_max,37.263223037822634,7
1156,deepseek_v4_flash_max,28.866079341009193,8
1156,deepseek_v4_pro_max,28.614155837261464,9
1156,gpt_5_6_sol_max,13.497125875881435,10
1157,kimi_k3_max,58.19007747012165,1
1157,gemini_3_1_pro_high,57.83336596213911,2
1157,claude_fable_5_max,56.43641647468566,3
1157,gpt_5_5_xhigh,56.35717626810701,4
1157,gpt_5_6_sol_max,53.197152340806426,5
1157,deepseek_v4_flash_max,52.19131983233637,6
1157,qwen3_8_max,49.73838633458808,7
1157,glm_5_2_max,37.46959523970855,8
1157,claude_opus_4_8_max,16.8584496281932,9
1157,deepseek_v4_pro_max,4.43888768068227,10
1158,gemini_3_1_pro_high,90.60210541241432,1
1158,gpt_5_5_xhigh,70.8844191842,2
1158,kimi_k3_max,66.8034975571745,3
1158,qwen3_8_max,66.47158688882143,4
1158,gpt_5_6_sol_max,61.64812805711564,5
1158,claude_opus_4_8_max,32.061877572036714,6
1158,claude_fable_5_max,27.84726795317827,7
1158,glm_5_2_max,26.60180060359295,8
1158,deepseek_v4_flash_max,21.469485523961367,9
1158,deepseek_v4_pro_max,10.853001669256274,10
1159,gpt_5_6_sol_max,78.9923554655363,1
1159,gemini_3_1_pro_high,76.19707752326309,2
1159,claude_fable_5_max,56.79273013335535,3
1159,kimi_k3_max,43.22060656407103,4
1159,claude_opus_4_8_max,41.37134355963815,5
1159,gpt_5_5_xhigh,38.86114656617563,6
1159,glm_5_2_max,35.57380006676255,7
1159,deepseek_v4_flash_max,33.38250495073322,8
1159,qwen3_8_max,15.775873983729362,9
1159,deepseek_v4_pro_max,6.2886213646002425,10
1160,gemini_3_1_pro_high,91.35543533314109,1
1160,claude_fable_5_max,71.70529580178956,2
1160,kimi_k3_max,62.79097569695462,3
1160,qwen3_8_max,48.83870213520947,4
1160,gpt_5_6_sol_max,44.63530759925542,5
1160,gpt_5_5_xhigh,42.48693290208734,6
1160,glm_5_2_max,22.87097379905218,7
1160,claude_opus_4_8_max,22.714334241380534,8
1160,deepseek_v4_flash_max,21.799306698606323,9
1160,deepseek_v4_pro_max,21.673144716252335,10
1161,claude_fable_5_max,67.72870297334114,1
1161,gpt_5_5_xhigh,62.976587045473835,2
1161,gpt_5_6_sol_max,50.36400795571676,3
1161,deepseek_v4_flash_max,45.21862631063871,4
1161,gemini_3_1_pro_high,34.71486690455326,5
1161,qwen3_8_max,31.232302722419337,6
1161,kimi_k3_max,27.065070669152078,7
1161,claude_opus_4_8_max,23.664296753436176,8
1161,deepseek_v4_pro_max,13.473853428437883,9
1161,glm_5_2_max,13.239669224249322,10
1162,gpt_5_6_sol_max,76.2342923323884,1
1162,gemini_3_1_pro_high,67.22861875469141,2
1162,claude_fable_5_max,65.94464111383013,3
1162,kimi_k3_max,63.99244030748882,4
1162,qwen3_8_max,52.691978701451944,5
1162,gpt_5_5_xhigh,50.43110543048232,6
1162,deepseek_v4_pro_max,37.6871053125668,7
1162,claude_opus_4_8_max,29.982755790684482,8
1162,glm_5_2_max,24.427762210927842,9
1162,deepseek_v4_flash_max,12.31786241491569,10
1163,kimi_k3_max,78.47742547327998,1
1163,gemini_3_1_pro_high,64.50233563658222,2
1163,claude_fable_5_max,56.52768540350767,3
1163,qwen3_8_max,43.15849766527102,4
1163,gpt_5_5_xhigh,33.20949293542441,5
1163,claude_opus_4_8_max,28.017328054943683,6
1163,deepseek_v4_pro_max,27.646604517861295,7
1163,gpt_5_6_sol_max,26.29425470558874,8
1163,glm_5_2_max,19.546378414240046,9
1163,deepseek_v4_flash_max,15.117201271407048,10
1164,kimi_k3_max,70.47883579758746,1
1164,gpt_5_5_xhigh,70.42452772495423,2
1164,claude_fable_5_max,69.3850988633476,3
1164,qwen3_8_max,58.2733969748156,4
1164,gemini_3_1_pro_high,57.61186635442846,5
1164,gpt_5_6_sol_max,48.07440076295638,6
1164,claude_opus_4_8_max,45.320815771200174,7
1164,glm_5_2_max,33.59979243220688,8
1164,deepseek_v4_flash_max,11.585557083481035,9
1164,deepseek_v4_pro_max,11.405607979346692,10
1165,claude_opus_4_8_max,69.1862761176489,1
1165,claude_fable_5_max,52.00230603424474,2
1165,gpt_5_6_sol_max,43.91204889776691,3
1165,qwen3_8_max,39.96356665982298,4
1165,gemini_3_1_pro_high,34.665332083197896,5
1165,deepseek_v4_pro_max,28.36021742679798,6
1165,gpt_5_5_xhigh,24.066593612789006,7
1165,kimi_k3_max,17.63150770006881,8
1165,glm_5_2_max,13.191702325730674,9
1165,deepseek_v4_flash_max,13.104230248219169,10
1166,gpt_5_6_sol_max,74.37488783321444,1
1166,kimi_k3_max,74.07937790352247,2
1166,gpt_5_5_xhigh,70.3290673373387,3
1166,claude_fable_5_max,67.94112229820476,4
1166,gemini_3_1_pro_high,60.8901590455634,5
1166,qwen3_8_max,50.77302459362748,6
1166,claude_opus_4_8_max,30.88264588184387,7
1166,glm_5_2_max,27.015895462472407,8
1166,deepseek_v4_pro_max,22.285499295622017,9
1166,deepseek_v4_flash_max,14.891235939942781,10
1167,gpt_5_5_xhigh,74.7022323593747,1
1167,gpt_5_6_sol_max,72.82777373891781,2
1167,kimi_k3_max,57.8682491199413,3
1167,claude_fable_5_max,40.53424895861246,4
1167,qwen3_8_max,36.976558291978456,5
1167,gemini_3_1_pro_high,25.87887824135045,6
1167,glm_5_2_max,25.840220571869295,7
1167,deepseek_v4_pro_max,20.600797915922897,8
1167,deepseek_v4_flash_max,20.24339933051788,9
1167,claude_opus_4_8_max,19.502183200905787,10
1168,claude_fable_5_max,79.52217987999741,1
1168,gemini_3_1_pro_high,61.22111164552489,2
1168,gpt_5_6_sol_max,53.6078772622041,3
1168,qwen3_8_max,51.25421044563568,4
1168,gpt_5_5_xhigh,44.87952224976574,5
1168,claude_opus_4_8_max,31.479752862919764,6
1168,deepseek_v4_flash_max,31.26330201583561,7
1168,kimi_k3_max,26.87137985732587,8
1168,deepseek_v4_pro_max,20.98785747052826,9
1168,glm_5_2_max,20.083841630891285,10
1169,claude_opus_4_8_max,64.02158657003856,1
1169,claude_fable_5_max,63.31837568714875,2
1169,qwen3_8_max,46.36192949406666,3
1169,gpt_5_6_sol_max,41.14847635951805,4
1169,gemini_3_1_pro_high,40.23209592263766,5
1169,deepseek_v4_flash_max,29.47261825450403,6
1169,gpt_5_5_xhigh,24.23366196784577,7
1169,glm_5_2_max,21.463966875361205,8
1169,kimi_k3_max,20.327751155899996,9
1169,deepseek_v4_pro_max,12.258624322103547,10
1170,kimi_k3_max,74.29808497925869,1
1170,claude_fable_5_max,59.67927754258393,2
1170,gpt_5_5_xhigh,46.82489667791748,3
1170,deepseek_v4_flash_max,42.61326945873797,4
1170,gpt_5_6_sol_max,36.88457558623655,5
1170,glm_5_2_max,28.73671971056687,6
1170,claude_opus_4_8_max,26.978628045719823,7
1170,qwen3_8_max,26.284177303766654,8
1170,gemini_3_1_pro_high,25.79625527646197,9
1170,deepseek_v4_pro_max,5.250760608762452,10
1171,gpt_5_6_sol_max,55.70646523706969,1
1171,kimi_k3_max,52.8605778689148,2
1171,gpt_5_5_xhigh,48.05389254473812,3
1171,deepseek_v4_flash_max,43.23956461017484,4
1171,qwen3_8_max,41.67660697716645,5
1171,claude_opus_4_8_max,40.707050344264076,6
1171,gemini_3_1_pro_high,29.861493626530574,7
1171,glm_5_2_max,27.000309949673213,8
1171,claude_fable_5_max,17.03767847189151,9
1171,deepseek_v4_pro_max,15.58910405035061,10
1172,kimi_k3_max,69.82901994228475,1
1172,qwen3_8_max,56.27871399337139,2
1172,gpt_5_6_sol_max,51.86830584102736,3
1172,claude_fable_5_max,51.14325551554177,4
1172,gpt_5_5_xhigh,49.38016039570237,5
1172,gemini_3_1_pro_high,42.38948226960395,6
1172,claude_opus_4_8_max,33.03081990170657,7
1172,deepseek_v4_pro_max,30.997879503824205,8
1172,deepseek_v4_flash_max,25.34870401412746,9
1172,glm_5_2_max,14.984860639270856,10
1173,kimi_k3_max,72.63483987816176,1
1173,claude_fable_5_max,68.74272720097795,2
1173,qwen3_8_max,66.85407624473886,3
1173,gpt_5_6_sol_max,63.959419723223405,4
1173,gemini_3_1_pro_high,62.359017787518795,5
1173,gpt_5_5_xhigh,54.56727682935238,6
1173,deepseek_v4_flash_max,39.380462681335715,7
1173,glm_5_2_max,32.90978030743505,8
1173,claude_opus_4_8_max,26.249682270298326,9
1173,deepseek_v4_pro_max,9.531417768188271,10
1174,gemini_3_1_pro_high,70.96123742094626,1
1174,claude_opus_4_8_max,67.56172556789755,2
1174,claude_fable_5_max,63.71059937081047,3
1174,gpt_5_6_sol_max,61.68177371872984,4
1174,qwen3_8_max,59.63861204512111,5
1174,kimi_k3_max,39.42741149038727,6
1174,deepseek_v4_pro_max,32.1988520897636,7
1174,deepseek_v4_flash_max,29.518999432431926,8
1174,gpt_5_5_xhigh,28.093615730197573,9
1174,glm_5_2_max,18.463052897508643,10
1175,kimi_k3_max,80.21940849293304,1
1175,qwen3_8_max,72.2517664079435,2
1175,claude_opus_4_8_max,63.2412451057144,3
1175,claude_fable_5_max,55.56511278561742,4
1175,gemini_3_1_pro_high,50.32184297528116,5
1175,gpt_5_6_sol_max,45.22858064416445,6
1175,deepseek_v4_pro_max,43.19869299677946,7
1175,gpt_5_5_xhigh,27.817010194122325,8
1175,glm_5_2_max,22.260683790690067,9
1175,deepseek_v4_flash_max,12.516516949212088,10
1176,gemini_3_1_pro_high,83.44319119223825,1
1176,claude_fable_5_max,77.42832946238445,2
1176,claude_opus_4_8_max,61.683126484454824,3
1176,gpt_5_5_xhigh,61.470541206916934,4
1176,gpt_5_6_sol_max,35.17259051754885,5
1176,glm_5_2_max,25.310448906497427,6
1176,deepseek_v4_flash_max,23.489157962033193,7
1176,qwen3_8_max,22.917764804028373,8
1176,deepseek_v4_pro_max,22.431527954888974,9
1176,kimi_k3_max,15.527857992765542,10
1177,gpt_5_6_sol_max,68.10294523910882,1
1177,deepseek_v4_pro_max,57.79463205368937,2
1177,kimi_k3_max,56.47406329016262,3
1177,gpt_5_5_xhigh,55.82997843013693,4
1177,gemini_3_1_pro_high,43.696436039507816,5
1177,claude_fable_5_max,42.41004798436734,6
1177,qwen3_8_max,36.84515122158645,7
1177,glm_5_2_max,35.2014102170077,8
1177,claude_opus_4_8_max,34.62923143964744,9
1177,deepseek_v4_flash_max,26.577524576886926,10
1178,claude_opus_4_8_max,68.69741011149057,1
1178,claude_fable_5_max,55.139465358333176,2
1178,gemini_3_1_pro_high,48.97894062598843,3
1178,gpt_5_6_sol_max,40.44603274185033,4
1178,qwen3_8_max,40.29637730533081,5
1178,glm_5_2_max,32.64392223542541,6
1178,deepseek_v4_flash_max,32.323368837884075,7
1178,gpt_5_5_xhigh,29.959971130270077,8
1178,deepseek_v4_pro_max,27.329684036730843,9
1178,kimi_k3_max,24.523002538377714,10
1179,gpt_5_6_sol_max,75.57275651519384,1
1179,claude_fable_5_max,71.34054585938742,2
1179,gemini_3_1_pro_high,66.84952498814242,3
1179,qwen3_8_max,60.29143823616685,4
1179,gpt_5_5_xhigh,53.91861015933431,5
1179,deepseek_v4_flash_max,44.83764365615358,6
1179,glm_5_2_max,32.986668924073754,7
1179,claude_opus_4_8_max,31.470125930269383,8
1179,deepseek_v4_pro_max,24.73041146747662,9
1179,kimi_k3_max,23.263790358655548,10
1180,gpt_5_6_sol_max,75.99399585348405,1
1180,kimi_k3_max,66.68132237842747,2
1180,qwen3_8_max,59.190478727197466,3
1180,gemini_3_1_pro_high,58.78852456914804,4
1180,claude_opus_4_8_max,52.586230869454425,5
1180,claude_fable_5_max,40.28656270628956,6
1180,deepseek_v4_flash_max,40.11467161944165,7
1180,gpt_5_5_xhigh,31.69152963802719,8
1180,glm_5_2_max,19.99341515804086,9
1180,deepseek_v4_pro_max,17.005910779866923,10
1181,gemini_3_1_pro_high,77.96850471265293,1
1181,gpt_5_6_sol_max,66.93777045484075,2
1181,claude_opus_4_8_max,51.386562244457174,3
1181,kimi_k3_max,42.0941371053353,4
1181,claude_fable_5_max,35.722027036872475,5
1181,deepseek_v4_pro_max,29.55214596947569,6
1181,qwen3_8_max,27.887356559552565,7
1181,deepseek_v4_flash_max,25.49180831174221,8
1181,gpt_5_5_xhigh,19.732874542741193,9
1181,glm_5_2_max,11.688913455358637,10
1182,gpt_5_6_sol_max,85.57029966702531,1
1182,claude_opus_4_8_max,59.64070064807635,2
1182,gpt_5_5_xhigh,49.78014859690394,3
1182,glm_5_2_max,49.03069705485353,4
1182,gemini_3_1_pro_high,46.25764976019981,5
1182,claude_fable_5_max,45.51102823295289,6
1182,qwen3_8_max,39.38986266244267,7
1182,deepseek_v4_flash_max,23.6988472736763,8
1182,deepseek_v4_pro_max,19.95559056434773,9
1182,kimi_k3_max,17.09882894137342,10
1183,gpt_5_6_sol_max,84.37634483650743,1
1183,claude_fable_5_max,64.44831582184455,2
1183,qwen3_8_max,61.62976020005672,3
1183,kimi_k3_max,56.5542170117217,4
1183,gemini_3_1_pro_high,52.54581234204127,5
1183,claude_opus_4_8_max,39.73453269652959,6
1183,gpt_5_5_xhigh,36.07570274927444,7
1183,deepseek_v4_pro_max,31.08774090878507,8
1183,deepseek_v4_flash_max,20.185398792329806,9
1183,glm_5_2_max,15.631572017857508,10
1184,claude_opus_4_8_max,64.74475127476977,1
1184,gemini_3_1_pro_high,63.78011876281799,2
1184,gpt_5_6_sol_max,55.812176094805395,3
1184,deepseek_v4_flash_max,37.622414208947475,4
1184,qwen3_8_max,36.04462510310554,5
1184,gpt_5_5_xhigh,30.37212099079043,6
1184,kimi_k3_max,27.272683268872125,7
1184,deepseek_v4_pro_max,24.605904524689137,8
1184,claude_fable_5_max,24.31887450244819,9
1184,glm_5_2_max,20.854635054514574,10
1185,qwen3_8_max,69.9725110139922,1
1185,kimi_k3_max,65.11456052754232,2
1185,claude_fable_5_max,56.288372413747744,3
1185,gpt_5_6_sol_max,46.72848366052435,4
1185,claude_opus_4_8_max,43.81168122264292,5
1185,deepseek_v4_flash_max,37.37298259211751,6
1185,gpt_5_5_xhigh,35.05087945944022,7
1185,gemini_3_1_pro_high,34.775231421127764,8
1185,glm_5_2_max,30.181913624483286,9
1185,deepseek_v4_pro_max,25.038913772549428,10
1186,gpt_5_5_xhigh,82.91499538170974,1
1186,kimi_k3_max,81.60580033448701,2
1186,gpt_5_6_sol_max,69.86022086178866,3
1186,gemini_3_1_pro_high,66.58345887037511,4
1186,qwen3_8_max,50.4107044411564,5
1186,claude_fable_5_max,47.354463835974684,6
1186,claude_opus_4_8_max,37.35059409382101,7
1186,deepseek_v4_flash_max,36.59017781370474,8
1186,deepseek_v4_pro_max,23.542313537910815,9
1186,glm_5_2_max,22.366056794301386,10
1187,claude_opus_4_8_max,70.76536929273372,1
1187,gpt_5_6_sol_max,57.71439681103127,2
1187,gpt_5_5_xhigh,37.20776444702578,3
1187,deepseek_v4_pro_max,35.32203660091484,4
1187,claude_fable_5_max,33.504611248752866,5
1187,gemini_3_1_pro_high,29.715179056620663,6
1187,kimi_k3_max,26.00344287902747,7
1187,qwen3_8_max,21.36357489570479,8
1187,glm_5_2_max,13.395182254569917,9
1187,deepseek_v4_flash_max,10.153094880063456,10
1188,claude_opus_4_8_max,74.96796956694496,1
1188,gemini_3_1_pro_high,67.98436131902331,2
1188,gpt_5_5_xhigh,67.19585057526263,3
1188,claude_fable_5_max,66.37053012410617,4
1188,qwen3_8_max,47.67159793590282,5
1188,gpt_5_6_sol_max,30.4161423586268,6
1188,kimi_k3_max,29.77503009367129,7
1188,deepseek_v4_pro_max,25.053080084452674,8
1188,glm_5_2_max,22.343199184354816,9
1188,deepseek_v4_flash_max,19.946212288942085,10
1189,kimi_k3_max,74.78105728832327,1
1189,gpt_5_5_xhigh,71.61309531332878,2
1189,claude_opus_4_8_max,65.06774594935244,3
1189,qwen3_8_max,53.3401870776817,4
1189,deepseek_v4_pro_max,42.06184129379663,5
1189,gpt_5_6_sol_max,40.706558373974374,6
1189,claude_fable_5_max,28.239709243500656,7
1189,glm_5_2_max,18.349928672554846,8
1189,gemini_3_1_pro_high,15.35174890275048,9
1189,deepseek_v4_flash_max,9.96872375259477,10
1190,claude_opus_4_8_max,83.22835570448638,1
1190,gemini_3_1_pro_high,53.44663100611208,2
1190,kimi_k3_max,48.918290477839975,3
1190,qwen3_8_max,45.01645068450673,4
1190,deepseek_v4_flash_max,43.625503300319764,5
1190,gpt_5_6_sol_max,43.06957908550529,6
1190,claude_fable_5_max,42.63900593605724,7
1190,glm_5_2_max,33.79681538137049,8
1190,gpt_5_5_xhigh,32.94801717654683,9
1190,deepseek_v4_pro_max,22.728439862647384,10
1191,gpt_5_5_xhigh,76.22168312542631,1
1191,gpt_5_6_sol_max,68.16794033801928,2
1191,qwen3_8_max,62.87245927014227,3
1191,claude_opus_4_8_max,62.64642764063897,4
1191,gemini_3_1_pro_high,54.15207116677282,5
1191,claude_fable_5_max,47.83284526903408,6
1191,glm_5_2_max,32.95091672894857,7
1191,deepseek_v4_pro_max,30.517157395821048,8
1191,kimi_k3_max,23.19122629554731,9
1191,deepseek_v4_flash_max,22.19921214701492,10
1192,gpt_5_6_sol_max,80.43328536778263,1
1192,qwen3_8_max,70.45597812262753,2
1192,claude_opus_4_8_max,69.54370222086403,3
1192,gemini_3_1_pro_high,51.61173726551466,4
1192,claude_fable_5_max,48.83935196725962,5
1192,kimi_k3_max,28.413998349222723,6
1192,deepseek_v4_pro_max,24.889515683137358,7
1192,gpt_5_5_xhigh,23.84741304296597,8
1192,glm_5_2_max,20.199855568731582,9
1192,deepseek_v4_flash_max,13.006798109146501,10
1193,kimi_k3_max,59.31783443628744,1
1193,deepseek_v4_flash_max,56.23782345563883,2
1193,qwen3_8_max,54.39640278961994,3
1193,gemini_3_1_pro_high,54.17982357136845,4
1193,gpt_5_6_sol_max,48.13374223165206,5
1193,claude_fable_5_max,46.59786457386541,6
1193,glm_5_2_max,43.45174774649897,7
1193,gpt_5_5_xhigh,35.59014737445021,8
1193,claude_opus_4_8_max,30.264180970027944,9
1193,deepseek_v4_pro_max,15.979577290683663,10
1194,gpt_5_5_xhigh,77.34672125444962,1
1194,claude_opus_4_8_max,62.58563612715092,2
1194,gemini_3_1_pro_high,61.430772107793715,3
1194,qwen3_8_max,52.59886897657039,4
1194,claude_fable_5_max,46.31985797500287,5
1194,kimi_k3_max,41.898370025062746,6
1194,deepseek_v4_flash_max,32.29876239500656,7
1194,glm_5_2_max,29.244158355386705,8
1194,gpt_5_6_sol_max,20.77431298429531,9
1194,deepseek_v4_pro_max,11.428002744219471,10
1195,gpt_5_6_sol_max,77.4032775370739,1
1195,gpt_5_5_xhigh,67.14087973504152,2
1195,claude_fable_5_max,65.08472572075524,3
1195,kimi_k3_max,65.08246409790026,4
1195,qwen3_8_max,58.3080771206114,5
1195,claude_opus_4_8_max,52.21624552540624,6
1195,deepseek_v4_pro_max,28.655319090477104,7
1195,gemini_3_1_pro_high,21.535596722762197,8
1195,deepseek_v4_flash_max,16.96047973988772,9
1195,glm_5_2_max,14.129478049162485,10
1196,gemini_3_1_pro_high,65.54012552895537,1
1196,qwen3_8_max,56.12971828769203,2
1196,gpt_5_6_sol_max,54.539473724659274,3
1196,claude_fable_5_max,53.866365734112094,4
1196,claude_opus_4_8_max,53.10851237745355,5
1196,kimi_k3_max,49.912567735290374,6
1196,gpt_5_5_xhigh,25.472358231343016,7
1196,deepseek_v4_flash_max,25.14039077293542,8
1196,glm_5_2_max,19.199941465599263,9
1196,deepseek_v4_pro_max,10.196843526932653,10
1197,gpt_5_6_sol_max,78.77781592303701,1
1197,gemini_3_1_pro_high,44.448252999752825,2
1197,claude_opus_4_8_max,40.67464348209128,3
1197,qwen3_8_max,38.28837833045082,4
1197,claude_fable_5_max,34.366023599439075,5
1197,kimi_k3_max,30.049444527831238,6
1197,gpt_5_5_xhigh,27.710832380405122,7
1197,glm_5_2_max,25.341884022833366,8
1197,deepseek_v4_pro_max,20.425011596553006,9
1197,deepseek_v4_flash_max,4.9213057602767405,10
1198,claude_fable_5_max,86.80100496526671,1
1198,gemini_3_1_pro_high,65.07817143930502,2
1198,claude_opus_4_8_max,62.20526300313145,3
1198,gpt_5_5_xhigh,56.16416339873028,4
1198,gpt_5_6_sol_max,39.081242594337326,5
1198,glm_5_2_max,37.289813681767164,6
1198,qwen3_8_max,33.434171136709935,7
1198,kimi_k3_max,27.862452539891382,8
1198,deepseek_v4_pro_max,21.891931464556173,9
1198,deepseek_v4_flash_max,20.972613912029004,10
1199,claude_opus_4_8_max,84.99440010249745,1
1199,qwen3_8_max,77.6140091620631,2
1199,gpt_5_5_xhigh,76.67785171285234,3
1199,gpt_5_6_sol_max,46.760139264468286,4
1199,deepseek_v4_pro_max,42.00083455021657,5
1199,gemini_3_1_pro_high,35.70033868947879,6
1199,glm_5_2_max,31.115787393110224,7
1199,claude_fable_5_max,24.837523648219246,8
1199,kimi_k3_max,20.35203646767673,9
1199,deepseek_v4_flash_max,16.020492369299994,10
1200,gemini_3_1_pro_high,73.27872427630402,1
1200,claude_opus_4_8_max,70.39942439357446,2
1200,kimi_k3_max,61.999999560159395,3
1200,qwen3_8_max,55.362835738503854,4
1200,gpt_5_6_sol_max,52.11840501358786,5
1200,gpt_5_5_xhigh,48.54959603911256,6
1200,claude_fable_5_max,31.263268509269537,7
1200,deepseek_v4_flash_max,31.165379206859647,8
1200,glm_5_2_max,26.99587490232481,9
1200,deepseek_v4_pro_max,18.053751187385824,10
1201,gpt_5_6_sol_max,78.36995951679343,1
1201,gpt_5_5_xhigh,58.55399080599973,2
1201,qwen3_8_max,56.140523554809135,3
1201,claude_opus_4_8_max,33.81688316290967,4
1201,claude_fable_5_max,33.63519192799503,5
1201,glm_5_2_max,28.51893145721031,6
1201,kimi_k3_max,28.502003096825057,7
1201,gemini_3_1_pro_high,24.014008773871083,8
1201,deepseek_v4_flash_max,20.574344612375757,9
1201,deepseek_v4_pro_max,9.891662691193089,10
1202,claude_fable_5_max,72.30470477811505,1
1202,qwen3_8_max,61.9028379655564,2
1202,claude_opus_4_8_max,58.602132211328524,3
1202,gpt_5_5_xhigh,57.224319260332756,4
1202,gpt_5_6_sol_max,55.96783616294327,5
1202,kimi_k3_max,37.29665995451185,6
1202,gemini_3_1_pro_high,31.533202313783526,7
1202,glm_5_2_max,25.20138162799106,8
1202,deepseek_v4_pro_max,23.47874733970884,9
1202,deepseek_v4_flash_max,20.07027471700607,10
1203,gpt_5_6_sol_max,80.63010714778869,1
1203,qwen3_8_max,71.2363630550538,2
1203,gemini_3_1_pro_high,70.17153786628461,3
1203,claude_fable_5_max,70.0692173985013,4
1203,claude_opus_4_8_max,45.32715027206035,5
1203,kimi_k3_max,43.92511177994294,6
1203,gpt_5_5_xhigh,36.83883295844892,7
1203,deepseek_v4_flash_max,28.137288354016395,8
1203,deepseek_v4_pro_max,18.23248896645828,9
1203,glm_5_2_max,13.211802187129788,10
1204,claude_fable_5_max,67.53965614452063,1
1204,qwen3_8_max,66.78917379161182,2
1204,gpt_5_6_sol_max,66.44545709776011,3
1204,gemini_3_1_pro_high,61.009585834377326,4
1204,gpt_5_5_xhigh,53.51537838346017,5
1204,kimi_k3_max,38.14414406231212,6
1204,claude_opus_4_8_max,33.90089815389457,7
1204,deepseek_v4_flash_max,32.161381033784046,8
1204,deepseek_v4_pro_max,22.205146242425613,9
1204,glm_5_2_max,15.627921432208092,10
1205,claude_fable_5_max,87.45730798302262,1
1205,qwen3_8_max,58.94175458452537,2
1205,gemini_3_1_pro_high,56.787001572923565,3
1205,kimi_k3_max,47.5086505387221,4
1205,gpt_5_6_sol_max,43.107213950159895,5
1205,gpt_5_5_xhigh,41.735493498004686,6
1205,deepseek_v4_pro_max,25.846142627599114,7
1205,glm_5_2_max,25.647064771322967,8
1205,claude_opus_4_8_max,23.88005881442593,9
1205,deepseek_v4_flash_max,14.731657959456392,10
1206,claude_fable_5_max,71.23666286045992,1
1206,gemini_3_1_pro_high,70.43781911446972,2
1206,gpt_5_5_xhigh,70.12389689483444,3
1206,claude_opus_4_8_max,57.96229536913103,4
1206,qwen3_8_max,51.83532231402536,5
1206,glm_5_2_max,41.51625166168759,6
1206,gpt_5_6_sol_max,41.33734746540029,7
1206,kimi_k3_max,32.071423481743984,8
1206,deepseek_v4_flash_max,18.863524203727607,9
1206,deepseek_v4_pro_max,18.604987489087584,10
1207,kimi_k3_max,61.921206907876325,1
1207,gpt_5_6_sol_max,57.80361082515543,2
1207,claude_opus_4_8_max,54.97927672399415,3
1207,qwen3_8_max,53.669921305925925,4
1207,claude_fable_5_max,47.21706913425912,5
1207,gemini_3_1_pro_high,46.356202068490695,6
1207,gpt_5_5_xhigh,39.029552502986206,7
1207,glm_5_2_max,35.5769163168126,8
1207,deepseek_v4_pro_max,34.174435927203675,9
1207,deepseek_v4_flash_max,17.822878473250874,10
1208,gpt_5_5_xhigh,69.4277041138662,1
1208,gemini_3_1_pro_high,60.7598872729125,2
1208,claude_opus_4_8_max,48.48238895150246,3
1208,kimi_k3_max,36.022301046781365,4
1208,qwen3_8_max,32.98185961076093,5
1208,claude_fable_5_max,29.977187871418923,6
1208,gpt_5_6_sol_max,29.493566553810965,7
1208,deepseek_v4_flash_max,24.385744674804695,8
1208,glm_5_2_max,24.026298367688778,9
1208,deepseek_v4_pro_max,19.43396814419441,10
1209,claude_fable_5_max,76.7659095788579,1
1209,gpt_5_6_sol_max,64.79673036376505,2
1209,kimi_k3_max,64.55650772445003,3
1209,gpt_5_5_xhigh,54.02643644558816,4
1209,qwen3_8_max,53.00969140326605,5
1209,gemini_3_1_pro_high,49.15879656760538,6
1209,glm_5_2_max,39.78671002820349,7
1209,claude_opus_4_8_max,26.094805130005128,8
1209,deepseek_v4_flash_max,21.189962145198642,9
1209,deepseek_v4_pro_max,20.22854825790546,10
1210,kimi_k3_max,73.4799501956265,1
1210,gpt_5_6_sol_max,72.33740509104649,2
1210,claude_fable_5_max,69.1676868135076,3
1210,qwen3_8_max,60.62867760618523,4
1210,gpt_5_5_xhigh,43.978003461698215,5
1210,glm_5_2_max,42.60490449920453,6
1210,gemini_3_1_pro_high,40.29914583856073,7
1210,claude_opus_4_8_max,37.3059430321369,8
1210,deepseek_v4_pro_max,22.689372090707483,9
1210,deepseek_v4_flash_max,16.988269298326877,10
1211,gpt_5_6_sol_max,75.56114406016957,1
1211,claude_fable_5_max,67.8001119872609,2
1211,gemini_3_1_pro_high,61.23409443676307,3
1211,qwen3_8_max,60.42733321251476,4
1211,claude_opus_4_8_max,59.72591164216678,5
1211,kimi_k3_max,52.96822564004725,6
1211,deepseek_v4_pro_max,34.449186984796576,7
1211,gpt_5_5_xhigh,22.856520173713534,8
1211,deepseek_v4_flash_max,18.54391314872136,9
1211,glm_5_2_max,15.446120443494696,10
1212,claude_opus_4_8_max,67.03915649346055,1
1212,qwen3_8_max,62.315066477312286,2
1212,gpt_5_5_xhigh,52.94042418053703,3
1212,gemini_3_1_pro_high,42.808095093741116,4
1212,kimi_k3_max,32.96711683937443,5
1212,claude_fable_5_max,32.001750217391034,6
1212,gpt_5_6_sol_max,31.1066703335569,7
1212,deepseek_v4_flash_max,26.401279897426143,8
1212,glm_5_2_max,26.25605780975168,9
1212,deepseek_v4_pro_max,18.836146112123195,10
1213,gpt_5_5_xhigh,75.82455334929034,1
1213,gpt_5_6_sol_max,64.1025308533979,2
1213,gemini_3_1_pro_high,58.06468248353685,3
1213,qwen3_8_max,52.85708344257914,4
1213,claude_fable_5_max,48.48827222187782,5
1213,claude_opus_4_8_max,40.44772280543033,6
1213,glm_5_2_max,35.077105574641195,7
1213,kimi_k3_max,31.457752510418956,8
1213,deepseek_v4_pro_max,30.541447042946906,9
1213,deepseek_v4_flash_max,25.99015862367029,10
1214,gemini_3_1_pro_high,66.66572228102166,1
1214,gpt_5_6_sol_max,62.55176265723655,2
1214,claude_fable_5_max,51.8880767962332,3
1214,qwen3_8_max,44.61945866475705,4
1214,claude_opus_4_8_max,40.11386230423024,5
1214,kimi_k3_max,33.61630388765276,6
1214,gpt_5_5_xhigh,27.471514625280363,7
1214,deepseek_v4_flash_max,16.692549396051987,8
1214,glm_5_2_max,15.659804880506826,9
1214,deepseek_v4_pro_max,13.91617348215369,10
1215,claude_fable_5_max,64.18221204274762,1
1215,claude_opus_4_8_max,61.807874822955455,2
1215,gemini_3_1_pro_high,60.40935200612639,3
1215,gpt_5_6_sol_max,59.05803842605371,4
1215,deepseek_v4_pro_max,49.940010649124645,5
1215,kimi_k3_max,40.87692849635788,6
1215,qwen3_8_max,40.26118091048984,7
1215,deepseek_v4_flash_max,31.350780888329773,8
1215,glm_5_2_max,30.051283310084226,9
1215,gpt_5_5_xhigh,14.285442671605495,10
1216,claude_opus_4_8_max,84.3718504429861,1
1216,gemini_3_1_pro_high,47.71283170597979,2
1216,glm_5_2_max,43.368275561613665,3
1216,kimi_k3_max,38.200875513734786,4
1216,gpt_5_5_xhigh,37.614273304619736,5
1216,gpt_5_6_sol_max,33.02781815638275,6
1216,claude_fable_5_max,27.804515665267452,7
1216,qwen3_8_max,25.73819880585625,8
1216,deepseek_v4_flash_max,25.664606634662263,9
1216,deepseek_v4_pro_max,17.721249815076394,10
1217,gpt_5_6_sol_max,83.09460104311299,1
1217,claude_opus_4_8_max,73.43671407563372,2
1217,gpt_5_5_xhigh,66.9669260653275,3
1217,gemini_3_1_pro_high,56.603455858416694,4
1217,claude_fable_5_max,41.30740501025706,5
1217,glm_5_2_max,37.99535161324477,6
1217,qwen3_8_max,36.51488037684676,7
1217,deepseek_v4_pro_max,24.822354856057053,8
1217,deepseek_v4_flash_max,21.92688992369295,9
1217,kimi_k3_max,21.35430418556937,10
1218,gemini_3_1_pro_high,80.13254728537004,1
1218,gpt_5_5_xhigh,70.34713476413869,2
1218,kimi_k3_max,69.31018498207426,3
1218,qwen3_8_max,54.04542151988931,4
1218,claude_fable_5_max,46.83890651360491,5
1218,gpt_5_6_sol_max,42.73774455134903,6
1218,claude_opus_4_8_max,38.63655224165231,7
1218,deepseek_v4_pro_max,34.56883896593423,8
1218,glm_5_2_max,27.32348074733984,9
1218,deepseek_v4_flash_max,18.957551173851105,10
1219,gpt_5_6_sol_max,66.75548099342096,1
1219,gemini_3_1_pro_high,50.830166475110516,2
1219,gpt_5_5_xhigh,42.85816359730572,3
1219,qwen3_8_max,36.80219180542473,4
1219,deepseek_v4_flash_max,36.54076482374945,5
1219,claude_fable_5_max,34.547787145011995,6
1219,glm_5_2_max,27.159777257888567,7
1219,claude_opus_4_8_max,25.005579372300623,8
1219,deepseek_v4_pro_max,21.51402476266312,9
1219,kimi_k3_max,12.350536907684521,10
1220,claude_opus_4_8_max,65.4814888049763,1
1220,deepseek_v4_pro_max,46.46139445390891,2
1220,gemini_3_1_pro_high,43.25168839234039,3
1220,claude_fable_5_max,39.98746731640902,4
1220,gpt_5_6_sol_max,36.104050715089855,5
1220,gpt_5_5_xhigh,35.48183181625731,6
1220,qwen3_8_max,34.98970365985618,7
1220,kimi_k3_max,32.54122209430594,8
1220,glm_5_2_max,24.022964481831906,9
1220,deepseek_v4_flash_max,2.9874881445313033,10
1221,claude_fable_5_max,71.90747026718903,1
1221,gpt_5_5_xhigh,66.77351240010186,2
1221,kimi_k3_max,59.331284999161475,3
1221,gemini_3_1_pro_high,53.32879029972193,4
1221,deepseek_v4_pro_max,49.71279213853251,5
1221,qwen3_8_max,42.72506625902997,6
1221,gpt_5_6_sol_max,42.25566422144456,7
1221,claude_opus_4_8_max,27.382804385062617,8
1221,glm_5_2_max,22.503540861378347,9
1221,deepseek_v4_flash_max,16.70797778506335,10
1222,claude_fable_5_max,85.20881206015326,1
1222,gpt_5_6_sol_max,76.61986089211933,2
1222,gemini_3_1_pro_high,60.64441058139552,3
1222,kimi_k3_max,48.72117244813393,4
1222,claude_opus_4_8_max,41.99676615647401,5
1222,qwen3_8_max,41.3954877798887,6
1222,glm_5_2_max,32.78616164257183,7
1222,gpt_5_5_xhigh,26.386944769990382,8
1222,deepseek_v4_flash_max,23.117622564834463,9
1222,deepseek_v4_pro_max,21.537225557166654,10
1223,gpt_5_6_sol_max,84.83313161125942,1
1223,claude_fable_5_max,40.559311851147015,2
1223,gpt_5_5_xhigh,35.98556154882414,3
1223,claude_opus_4_8_max,35.34086241809505,4
1223,kimi_k3_max,34.825973878363655,5
1223,deepseek_v4_flash_max,24.16806015566396,6
1223,gemini_3_1_pro_high,18.267140662504413,7
1223,qwen3_8_max,18.023034787034696,8
1223,deepseek_v4_pro_max,15.533448085898714,9
1223,glm_5_2_max,13.635926973513905,10
1224,claude_fable_5_max,88.06254119958757,1
1224,gpt_5_6_sol_max,67.69467091715572,2
1224,kimi_k3_max,63.460602993140085,3
1224,gemini_3_1_pro_high,58.19298735999202,4
1224,claude_opus_4_8_max,58.049962666964085,5
1224,qwen3_8_max,50.65154643786183,6
1224,deepseek_v4_flash_max,35.58968533753865,7
1224,glm_5_2_max,28.852138583812632,8
1224,gpt_5_5_xhigh,25.724368287842573,9
1224,deepseek_v4_pro_max,10.648281543397383,10
1225,gemini_3_1_pro_high,78.81307150594718,1
1225,gpt_5_6_sol_max,64.93158997812505,2
1225,qwen3_8_max,44.88253102177137,3
1225,claude_opus_4_8_max,39.944157980400135,4
1225,claude_fable_5_max,34.23571182304789,5
1225,kimi_k3_max,33.79393491911725,6
1225,deepseek_v4_pro_max,25.200807719986667,7
1225,gpt_5_5_xhigh,23.490313321484827,8
1225,glm_5_2_max,18.678136497152714,9
1225,deepseek_v4_flash_max,10.694185827301203,10
1226,kimi_k3_max,73.22845163025116,1
1226,claude_fable_5_max,67.21208097334458,2
1226,gemini_3_1_pro_high,65.92040236976368,3
1226,gpt_5_6_sol_max,62.66123700707202,4
1226,claude_opus_4_8_max,52.201264928861306,5
1226,qwen3_8_max,32.09177417328438,6
1226,deepseek_v4_flash_max,28.026155553007648,7
1226,glm_5_2_max,27.137324712493932,8
1226,gpt_5_5_xhigh,25.363645471039895,9
1226,deepseek_v4_pro_max,16.717418790169905,10
1227,gpt_5_6_sol_max,70.7403711686187,1
1227,kimi_k3_max,61.61192479444392,2
1227,claude_fable_5_max,61.08892048759192,3
1227,qwen3_8_max,60.396994625686915,4
1227,gpt_5_5_xhigh,57.06889274533806,5
1227,glm_5_2_max,44.60562043656861,6
1227,gemini_3_1_pro_high,42.58140673380796,7
1227,claude_opus_4_8_max,37.152058347102844,8
1227,deepseek_v4_flash_max,32.394670306385464,9
1227,deepseek_v4_pro_max,24.61456006381816,10
1228,gpt_5_6_sol_max,82.6133578377135,1
1228,gpt_5_5_xhigh,51.49277698954861,2
1228,claude_fable_5_max,37.603150881595646,3
1228,deepseek_v4_pro_max,35.27535833886375,4
1228,claude_opus_4_8_max,32.258142659470934,5
1228,gemini_3_1_pro_high,32.149225333688406,6
1228,kimi_k3_max,31.56375600628777,7
1228,glm_5_2_max,25.073904354298485,8
1228,qwen3_8_max,23.486518990317656,9
1228,deepseek_v4_flash_max,12.646595202973181,10
1229,kimi_k3_max,81.13330463736573,1
1229,gpt_5_5_xhigh,60.23878441723767,2
1229,gpt_5_6_sol_max,47.374283369692186,3
1229,claude_fable_5_max,43.80981666114195,4
1229,qwen3_8_max,43.155081058629214,5
1229,gemini_3_1_pro_high,35.59867415558793,6
1229,deepseek_v4_flash_max,33.67484051755342,7
1229,claude_opus_4_8_max,22.768146447425877,8
1229,deepseek_v4_pro_max,20.79428071957613,9
1229,glm_5_2_max,12.88451569281633,10
1230,qwen3_8_max,74.89610836640415,1
1230,gpt_5_6_sol_max,70.85992033906423,2
1230,claude_fable_5_max,66.74395434233772,3
1230,gemini_3_1_pro_high,55.351259107409035,4
1230,kimi_k3_max,45.5575845688134,5
1230,gpt_5_5_xhigh,40.95376985089343,6
1230,deepseek_v4_pro_max,34.959067456365105,7
1230,claude_opus_4_8_max,27.967606513823846,8
1230,glm_5_2_max,20.409936421400324,9
1230,deepseek_v4_flash_max,8.282044330570816,10
1231,gpt_5_6_sol_max,87.09956738654856,1
1231,claude_opus_4_8_max,62.335103659865325,2
1231,claude_fable_5_max,52.317387203830954,3
1231,gemini_3_1_pro_high,50.90500196174206,4
1231,kimi_k3_max,48.981401020224446,5
1231,qwen3_8_max,44.938583088699,6
1231,glm_5_2_max,39.86381134524078,7
1231,deepseek_v4_flash_max,38.75367101725048,8
1231,gpt_5_5_xhigh,36.99542394084275,9
1231,deepseek_v4_pro_max,36.173580194208014,10
1232,gemini_3_1_pro_high,82.73119295010548,1
1232,kimi_k3_max,57.20213760164064,2
1232,gpt_5_5_xhigh,50.34491902383704,3
1232,gpt_5_6_sol_max,45.994129391677134,4
1232,qwen3_8_max,43.25053586988233,5
1232,claude_opus_4_8_max,36.94479140274373,6
1232,deepseek_v4_pro_max,32.48549204139559,7
1232,deepseek_v4_flash_max,31.298499338775446,8
1232,glm_5_2_max,22.12624994668394,9
1232,claude_fable_5_max,14.976440081478502,10
1233,gpt_5_6_sol_max,78.94688233357418,1
1233,claude_opus_4_8_max,77.15820693951977,2
1233,kimi_k3_max,58.42363487977751,3
1233,gemini_3_1_pro_high,40.09103365406823,4
1233,qwen3_8_max,36.58180762568246,5
1233,deepseek_v4_pro_max,33.66347474382987,6
1233,gpt_5_5_xhigh,28.15144625476913,7
1233,glm_5_2_max,21.633128747623346,8
1233,deepseek_v4_flash_max,9.98789691250942,9
1233,claude_fable_5_max,9.346809979835264,10
1234,claude_fable_5_max,73.67612079307732,1
1234,gpt_5_6_sol_max,71.49010086118538,2
1234,qwen3_8_max,40.304589645527784,3
1234,gemini_3_1_pro_high,39.93366902957671,4
1234,claude_opus_4_8_max,37.22237536136995,5
1234,kimi_k3_max,32.26984866704669,6
1234,gpt_5_5_xhigh,30.5488914477102,7
1234,deepseek_v4_flash_max,26.800001542675894,8
1234,glm_5_2_max,17.849792861925273,9
1234,deepseek_v4_pro_max,12.576711333651048,10
1235,kimi_k3_max,71.68721942334628,1
1235,qwen3_8_max,51.07543795539415,2
1235,gpt_5_5_xhigh,46.842304320448996,3
1235,claude_fable_5_max,42.63671005305463,4
1235,claude_opus_4_8_max,31.688732607284066,5
1235,gpt_5_6_sol_max,28.735435523686597,6
1235,deepseek_v4_flash_max,22.73240036323093,7
1235,gemini_3_1_pro_high,18.658244850262747,8
1235,deepseek_v4_pro_max,16.643289270266,9
1235,glm_5_2_max,11.108061154465894,10
1236,gemini_3_1_pro_high,70.20676527841695,1
1236,gpt_5_5_xhigh,62.458624705290866,2
1236,gpt_5_6_sol_max,61.241548987765,3
1236,claude_opus_4_8_max,55.03829625452081,4
1236,kimi_k3_max,47.97338781229887,5
1236,claude_fable_5_max,41.62653725247005,6
1236,glm_5_2_max,32.46181119557552,7
1236,deepseek_v4_flash_max,26.349016734441687,8
1236,qwen3_8_max,21.909702461936266,9
1236,deepseek_v4_pro_max,4.643747547150475,10
1237,kimi_k3_max,82.55964867747666,1
1237,claude_fable_5_max,68.76520693420085,2
1237,gpt_5_6_sol_max,59.303298584668966,3
1237,qwen3_8_max,46.88493737867073,4
1237,deepseek_v4_pro_max,37.97602524720865,5
1237,gpt_5_5_xhigh,35.29906837644195,6
1237,claude_opus_4_8_max,30.60248650145536,7
1237,gemini_3_1_pro_high,26.1824945076978,8
1237,glm_5_2_max,20.994248726838705,9
1237,deepseek_v4_flash_max,15.820641696034162,10
1238,claude_fable_5_max,81.71043094001752,1
1238,gpt_5_5_xhigh,69.7115772321678,2
1238,gpt_5_6_sol_max,60.11357211148188,3
1238,kimi_k3_max,55.69423515932581,4
1238,gemini_3_1_pro_high,45.67436703948415,5
1238,qwen3_8_max,44.88600415509433,6
1238,deepseek_v4_pro_max,31.817957248503248,7
1238,claude_opus_4_8_max,29.396055339275552,8
1238,glm_5_2_max,26.243580886167916,9
1238,deepseek_v4_flash_max,20.693834307508858,10
1239,gpt_5_6_sol_max,82.0383987893494,1
1239,claude_fable_5_max,72.52100440627238,2
1239,kimi_k3_max,65.32202666179211,3
1239,qwen3_8_max,60.127379423661445,4
1239,gpt_5_5_xhigh,48.24486774541232,5
1239,glm_5_2_max,41.25927134427856,6
1239,gemini_3_1_pro_high,34.7800425986632,7
1239,deepseek_v4_pro_max,34.05258441948097,8
1239,deepseek_v4_flash_max,21.92620114413229,9
1239,claude_opus_4_8_max,19.355777400274306,10
1240,gpt_5_6_sol_max,75.615777263091,1
1240,kimi_k3_max,69.26215727436426,2
1240,claude_fable_5_max,54.50738922876933,3
1240,gpt_5_5_xhigh,54.32271117603352,4
1240,qwen3_8_max,41.27102566908703,5
1240,deepseek_v4_flash_max,36.23871709976084,6
1240,gemini_3_1_pro_high,35.72088331299879,7
1240,claude_opus_4_8_max,30.642602584077107,8
1240,deepseek_v4_pro_max,25.342829438653997,9
1240,glm_5_2_max,20.678754405650935,10
1241,gemini_3_1_pro_high,72.94646677367382,1
1241,qwen3_8_max,62.00297015358473,2
1241,claude_opus_4_8_max,61.701185124782015,3
1241,gpt_5_6_sol_max,60.28845806178707,4
1241,kimi_k3_max,57.35815786853488,5
1241,claude_fable_5_max,55.0702703476546,6
1241,deepseek_v4_pro_max,28.300573348272366,7
1241,glm_5_2_max,25.305143899771934,8
1241,deepseek_v4_flash_max,21.123772122163835,9
1241,gpt_5_5_xhigh,15.107468884392496,10
1242,claude_opus_4_8_max,71.72153689930553,1
1242,claude_fable_5_max,59.693772230415306,2
1242,gemini_3_1_pro_high,58.75095810191567,3
1242,gpt_5_5_xhigh,53.44818527523041,4
1242,qwen3_8_max,52.87322119545393,5
1242,deepseek_v4_flash_max,46.97610897176472,6
1242,gpt_5_6_sol_max,42.21696198061134,7
1242,kimi_k3_max,38.166079211658044,8
1242,deepseek_v4_pro_max,24.88170759829797,9
1242,glm_5_2_max,21.43826536705403,10
1243,gpt_5_5_xhigh,71.11297509662258,1
1243,claude_opus_4_8_max,42.879679970671944,2
1243,kimi_k3_max,41.11041235596246,3
1243,deepseek_v4_flash_max,39.49023870337531,4
1243,claude_fable_5_max,37.71067313146699,5
1243,qwen3_8_max,32.618810999449444,6
1243,gpt_5_6_sol_max,27.577050447509507,7
1243,glm_5_2_max,23.59072535567906,8
1243,gemini_3_1_pro_high,20.098103738595107,9
1243,deepseek_v4_pro_max,10.216720333348958,10
1244,gpt_5_6_sol_max,81.03195109812833,1
1244,kimi_k3_max,51.853376365932505,2
1244,claude_fable_5_max,43.21968317177603,3
1244,gpt_5_5_xhigh,38.27889323249384,4
1244,claude_opus_4_8_max,24.467674683450635,5
1244,deepseek_v4_flash_max,20.35130270558667,6
1244,qwen3_8_max,18.829586883485057,7
1244,deepseek_v4_pro_max,17.86598141734995,8
1244,glm_5_2_max,15.69234012895179,9
1244,gemini_3_1_pro_high,14.388726404651685,10
1245,gpt_5_6_sol_max,81.27525986217265,1
1245,qwen3_8_max,57.456921144515995,2
1245,gemini_3_1_pro_high,56.03091965219424,3
1245,kimi_k3_max,46.13435052772991,4
1245,deepseek_v4_pro_max,30.736840386781978,5
1245,claude_opus_4_8_max,28.54031824115123,6
1245,deepseek_v4_flash_max,22.456794490384716,7
1245,claude_fable_5_max,22.331717098876247,8
1245,gpt_5_5_xhigh,19.897011013201617,9
1245,glm_5_2_max,12.66145351315894,10
1246,gpt_5_5_xhigh,73.89443130895508,1
1246,claude_opus_4_8_max,58.04011649760585,2
1246,gemini_3_1_pro_high,57.704128060333964,3
1246,gpt_5_6_sol_max,45.20438107351208,4
1246,glm_5_2_max,32.0605274021383,5
1246,deepseek_v4_pro_max,29.24637041191368,6
1246,kimi_k3_max,27.658608270023763,7
1246,claude_fable_5_max,25.082028373379345,8
1246,qwen3_8_max,15.571131761003407,9
1246,deepseek_v4_flash_max,7.411032996542357,10
1247,gpt_5_6_sol_max,82.07249133515411,1
1247,gemini_3_1_pro_high,73.4030213385386,2
1247,claude_fable_5_max,67.00553074627024,3
1247,kimi_k3_max,61.03257317203385,4
1247,gpt_5_5_xhigh,37.88142230146134,5
1247,deepseek_v4_pro_max,31.87427429914348,6
1247,glm_5_2_max,28.439297370376416,7
1247,qwen3_8_max,22.2681137511592,8
1247,claude_opus_4_8_max,21.40017981073535,9
1247,deepseek_v4_flash_max,13.840143244940844,10
1248,qwen3_8_max,77.91886573747712,1
1248,claude_fable_5_max,65.49100731092223,2
1248,gpt_5_6_sol_max,53.666345083887876,3
1248,claude_opus_4_8_max,50.433763721752754,4
1248,kimi_k3_max,43.77584171293512,5
1248,gpt_5_5_xhigh,34.251275295308474,6
1248,deepseek_v4_flash_max,30.8967471478277,7
1248,glm_5_2_max,24.63776077513565,8
1248,gemini_3_1_pro_high,17.59319180141351,9
1248,deepseek_v4_pro_max,9.20627566985277,10
1249,gpt_5_5_xhigh,68.68332406039698,1
1249,qwen3_8_max,51.77317186547551,2
1249,gpt_5_6_sol_max,39.13027847330726,3
1249,claude_opus_4_8_max,38.39275731256042,4
1249,claude_fable_5_max,37.87328309727371,5
1249,kimi_k3_max,34.16925285877181,6
1249,deepseek_v4_flash_max,28.82239637742667,7
1249,gemini_3_1_pro_high,23.925966494302173,8
1249,deepseek_v4_pro_max,15.767957126020274,9
1249,glm_5_2_max,8.7262387189823,10
1250,gpt_5_6_sol_max,57.68234769282288,1
1250,gemini_3_1_pro_high,52.90985727115143,2
1250,claude_opus_4_8_max,42.38298684080912,3
1250,gpt_5_5_xhigh,41.507047542608824,4
1250,qwen3_8_max,41.23039555835167,5
1250,claude_fable_5_max,38.652946917525526,6
1250,kimi_k3_max,37.44900856343723,7
1250,glm_5_2_max,31.934024611547393,8
1250,deepseek_v4_pro_max,27.853776662572166,9
1250,deepseek_v4_flash_max,26.555893632353836,10
1251,gpt_5_5_xhigh,77.44182732994311,1
1251,qwen3_8_max,69.63578812240787,2
1251,gpt_5_6_sol_max,68.14044303021807,3
1251,deepseek_v4_pro_max,50.3427157624528,4
1251,claude_opus_4_8_max,46.54163238381668,5
1251,gemini_3_1_pro_high,41.930842944461375,6
1251,glm_5_2_max,24.367976602136356,7
1251,kimi_k3_max,23.724016825257475,8
1251,claude_fable_5_max,21.5431524604679,9
1251,deepseek_v4_flash_max,8.17031658146403,10
1252,gpt_5_6_sol_max,78.59090109222552,1
1252,gemini_3_1_pro_high,54.475560312581166,2
1252,claude_fable_5_max,52.75040155979292,3
1252,gpt_5_5_xhigh,49.99022253417807,4
1252,glm_5_2_max,40.725841786218076,5
1252,deepseek_v4_pro_max,34.37364312339745,6
1252,claude_opus_4_8_max,29.104808782971723,7
1252,qwen3_8_max,29.075697398224897,8
1252,deepseek_v4_flash_max,25.108484347598406,9
1252,kimi_k3_max,24.971536419208462,10
1253,gpt_5_6_sol_max,71.72665711587754,1
1253,gemini_3_1_pro_high,47.652706949773716,2
1253,deepseek_v4_pro_max,39.46788197528592,3
1253,qwen3_8_max,36.98167210259166,4
1253,kimi_k3_max,25.092317371226535,5
1253,gpt_5_5_xhigh,24.474117055738358,6
1253,claude_opus_4_8_max,21.651979444622235,7
1253,claude_fable_5_max,18.35439369960875,8
1253,glm_5_2_max,13.59935007958255,9
1253,deepseek_v4_flash_max,10.012985864146572,10
1254,gpt_5_5_xhigh,83.00441336437879,1
1254,gpt_5_6_sol_max,47.02852251331027,2
1254,gemini_3_1_pro_high,44.4435095598582,3
1254,qwen3_8_max,42.54783935140927,4
1254,deepseek_v4_pro_max,35.70030875972887,5
1254,claude_opus_4_8_max,35.38761161756756,6
1254,kimi_k3_max,26.51383738067605,7
1254,claude_fable_5_max,23.136961824937607,8
1254,glm_5_2_max,15.695091280774093,9
1254,deepseek_v4_flash_max,10.878082610181274,10
1255,kimi_k3_max,65.59626970182883,1
1255,gpt_5_6_sol_max,55.86277982589833,2
1255,gpt_5_5_xhigh,54.212306606890905,3
1255,gemini_3_1_pro_high,44.94306918675808,4
1255,claude_opus_4_8_max,44.44618726196162,5
1255,qwen3_8_max,27.560293465997972,6
1255,deepseek_v4_pro_max,26.331106142081985,7
1255,claude_fable_5_max,25.122410229040096,8
1255,glm_5_2_max,10.210604178741283,9
1255,deepseek_v4_flash_max,8.453828237689581,10
1256,gpt_5_6_sol_max,69.90243302009688,1
1256,qwen3_8_max,60.313434328271306,2
1256,gemini_3_1_pro_high,60.075727336457405,3
1256,kimi_k3_max,45.790753182087556,4
1256,gpt_5_5_xhigh,45.591268090904,5
1256,claude_fable_5_max,40.799706345739196,6
1256,deepseek_v4_flash_max,32.253158428280535,7
1256,claude_opus_4_8_max,30.51531372871154,8
1256,glm_5_2_max,22.896089160587774,9
1256,deepseek_v4_pro_max,19.04905404082851,10
1257,gpt_5_5_xhigh,79.05344486710297,1
1257,gpt_5_6_sol_max,76.75308612777403,2
1257,claude_opus_4_8_max,65.99303282886493,3
1257,claude_fable_5_max,46.32013170420305,4
1257,kimi_k3_max,33.20130415810641,5
1257,deepseek_v4_flash_max,33.02972742983795,6
1257,deepseek_v4_pro_max,27.562826657118034,7
1257,gemini_3_1_pro_high,25.793106889256606,8
1257,qwen3_8_max,18.49597930559661,9
1257,glm_5_2_max,18.199514016391568,10
1258,gemini_3_1_pro_high,79.96594954532463,1
1258,qwen3_8_max,66.60418117222852,2
1258,claude_opus_4_8_max,65.98635525097139,3
1258,kimi_k3_max,64.13108383483026,4
1258,claude_fable_5_max,53.333114875334985,5
1258,gpt_5_6_sol_max,35.53980132878241,6
1258,gpt_5_5_xhigh,34.39081538080523,7
1258,deepseek_v4_pro_max,31.7827167992835,8
1258,glm_5_2_max,17.93166011632362,9
1258,deepseek_v4_flash_max,17.00103934296222,10
1259,gpt_5_5_xhigh,77.79972249299348,1
1259,claude_fable_5_max,61.75656919238599,2
1259,claude_opus_4_8_max,48.09260321822609,3
1259,kimi_k3_max,45.78513782391927,4
1259,deepseek_v4_pro_max,43.5286306077615,5
1259,qwen3_8_max,34.751994792458234,6
1259,gpt_5_6_sol_max,34.49529949706657,7
1259,gemini_3_1_pro_high,27.211740573529333,8
1259,deepseek_v4_flash_max,21.566766216234168,9
1259,glm_5_2_max,11.879401461382834,10
1260,claude_fable_5_max,85.44437456633172,1
1260,gpt_5_6_sol_max,78.23989972488131,2
1260,kimi_k3_max,55.79937918781626,3
1260,gemini_3_1_pro_high,52.355404782536084,4
1260,qwen3_8_max,50.86527019143015,5
1260,gpt_5_5_xhigh,39.89261260677299,6
1260,deepseek_v4_pro_max,37.341637798469534,7
1260,claude_opus_4_8_max,33.41784838201057,8
1260,deepseek_v4_flash_max,25.26914109599283,9
1260,glm_5_2_max,11.668655501794937,10
1261,claude_fable_5_max,82.90152003737256,1
1261,qwen3_8_max,74.58513748679313,2
1261,kimi_k3_max,62.93658841007682,3
1261,gemini_3_1_pro_high,51.57177868081424,4
1261,gpt_5_6_sol_max,35.877396236282806,5
1261,deepseek_v4_flash_max,35.532250717357144,6
1261,gpt_5_5_xhigh,31.489944315712286,7
1261,deepseek_v4_pro_max,25.694237820063297,8
1261,glm_5_2_max,25.580455894646914,9
1261,claude_opus_4_8_max,18.486335224157518,10
1262,claude_fable_5_max,74.63744208852737,1
1262,gpt_5_5_xhigh,67.99992516900014,2
1262,claude_opus_4_8_max,64.09984306399946,3
1262,qwen3_8_max,60.58719370808858,4
1262,gemini_3_1_pro_high,50.64334488055431,5
1262,kimi_k3_max,48.522494208776706,6
1262,deepseek_v4_pro_max,43.303343292195144,7
1262,gpt_5_6_sol_max,39.929434317979556,8
1262,glm_5_2_max,29.921291774747594,9
1262,deepseek_v4_flash_max,21.93061922431308,10
1263,claude_opus_4_8_max,59.646392658783796,1
1263,deepseek_v4_pro_max,55.28412339074205,2
1263,gpt_5_6_sol_max,54.79365006860904,3
1263,kimi_k3_max,54.36317844396803,4
1263,qwen3_8_max,39.854143669194855,5
1263,claude_fable_5_max,31.53725916738682,6
1263,gpt_5_5_xhigh,30.27523649755384,7
1263,deepseek_v4_flash_max,19.270034725660963,8
1263,gemini_3_1_pro_high,12.813054968355896,9
1263,glm_5_2_max,9.987010925650033,10
1264,gpt_5_6_sol_max,73.20720092776078,1
1264,claude_opus_4_8_max,58.74156527296824,2
1264,gemini_3_1_pro_high,55.01192386583591,3
1264,glm_5_2_max,50.97034761090967,4
1264,claude_fable_5_max,45.39884214080166,5
1264,deepseek_v4_pro_max,41.527071688876134,6
1264,kimi_k3_max,40.54032454953004,7
1264,qwen3_8_max,39.56422182859632,8
1264,gpt_5_5_xhigh,33.48987450700136,9
1264,deepseek_v4_flash_max,30.00524527700236,10
1265,claude_opus_4_8_max,86.66193548083942,1
1265,gpt_5_6_sol_max,41.1790930444211,2
1265,gpt_5_5_xhigh,39.61679711062957,3
1265,kimi_k3_max,37.0619188817071,4
1265,claude_fable_5_max,37.05126023039958,5
1265,deepseek_v4_pro_max,33.93742020497503,6
1265,qwen3_8_max,28.181129822615443,7
1265,gemini_3_1_pro_high,20.673999525301124,8
1265,deepseek_v4_flash_max,20.13318964135022,9
1265,glm_5_2_max,16.669628017234867,10
1266,gpt_5_6_sol_max,71.12446194009677,1
1266,kimi_k3_max,61.93699228573364,2
1266,gpt_5_5_xhigh,50.6205324403231,3
1266,qwen3_8_max,49.359725277446614,4
1266,deepseek_v4_flash_max,41.33574255694026,5
1266,claude_fable_5_max,32.540696168118004,6
1266,gemini_3_1_pro_high,27.40596618271978,7
1266,glm_5_2_max,23.284405391380215,8
1266,deepseek_v4_pro_max,19.862094478438657,9
1266,claude_opus_4_8_max,16.861019914238,10
1267,claude_fable_5_max,67.59387511539046,1
1267,gpt_5_6_sol_max,67.5514371140557,2
1267,qwen3_8_max,67.41949122290464,3
1267,gemini_3_1_pro_high,56.139053710913956,4
1267,claude_opus_4_8_max,51.14850173412205,5
1267,glm_5_2_max,38.143479650466574,6
1267,deepseek_v4_pro_max,26.35851795341171,7
1267,kimi_k3_max,26.28371969021591,8
1267,gpt_5_5_xhigh,22.419376032351526,9
1267,deepseek_v4_flash_max,12.519417231790486,10
1268,gemini_3_1_pro_high,80.58357230460638,1
1268,gpt_5_5_xhigh,73.03594773417036,2
1268,claude_opus_4_8_max,59.384277939956036,3
1268,gpt_5_6_sol_max,59.371655921925274,4
1268,qwen3_8_max,35.319220574221944,5
1268,claude_fable_5_max,32.51161244766789,6
1268,glm_5_2_max,27.796791637205704,7
1268,deepseek_v4_flash_max,27.263373136314208,8
1268,deepseek_v4_pro_max,20.979176739998955,9
1268,kimi_k3_max,12.945463425772395,10
1269,claude_opus_4_8_max,75.32040911984134,1
1269,kimi_k3_max,56.64944627027029,2
1269,gpt_5_6_sol_max,49.82044645233559,3
1269,qwen3_8_max,48.409921473513194,4
1269,claude_fable_5_max,41.81105405048649,5
1269,gemini_3_1_pro_high,37.772361939501586,6
1269,deepseek_v4_pro_max,36.02834906501933,7
1269,gpt_5_5_xhigh,32.57495259710179,8
1269,deepseek_v4_flash_max,22.19391801951336,9
1269,glm_5_2_max,12.80028166708042,10
1270,qwen3_8_max,65.19464757605128,1
1270,claude_fable_5_max,48.242132922126025,2
1270,claude_opus_4_8_max,38.63992185938218,3
1270,gpt_5_6_sol_max,30.345298629868275,4
1270,gemini_3_1_pro_high,23.779595271166308,5
1270,deepseek_v4_flash_max,18.982391182155084,6
1270,glm_5_2_max,16.96052254410888,7
1270,kimi_k3_max,15.12295630602868,8
1270,deepseek_v4_pro_max,14.551339986710474,9
1270,gpt_5_5_xhigh,14.143150749711067,10
1271,gpt_5_6_sol_max,76.0844043622057,1
1271,qwen3_8_max,63.01967594315868,2
1271,claude_fable_5_max,59.0510257654346,3
1271,gemini_3_1_pro_high,52.11962806610613,4
1271,deepseek_v4_pro_max,50.27189004734553,5
1271,kimi_k3_max,47.58847475553647,6
1271,claude_opus_4_8_max,46.29912460486668,7
1271,gpt_5_5_xhigh,23.57858788955719,8
1271,glm_5_2_max,18.59316798359039,9
1271,deepseek_v4_flash_max,11.317653368505047,10
1272,gpt_5_6_sol_max,85.23184445330496,1
1272,claude_opus_4_8_max,61.3844160469462,2
1272,qwen3_8_max,45.38872263095401,3
1272,claude_fable_5_max,39.84909277631414,4
1272,gemini_3_1_pro_high,38.18911582220056,5
1272,deepseek_v4_flash_max,27.202180353729574,6
1272,kimi_k3_max,24.968061958860726,7
1272,gpt_5_5_xhigh,24.768800808801537,8
1272,deepseek_v4_pro_max,15.600536334010247,9
1272,glm_5_2_max,9.890056110749834,10
1273,gemini_3_1_pro_high,77.61133547203588,1
1273,claude_fable_5_max,75.31960354280149,2
1273,gpt_5_6_sol_max,71.49655255754998,3
1273,claude_opus_4_8_max,54.52743792912595,4
1273,qwen3_8_max,39.61364986309922,5
1273,kimi_k3_max,31.12515938874993,6
1273,glm_5_2_max,30.30441660978265,7
1273,gpt_5_5_xhigh,28.08910006521554,8
1273,deepseek_v4_pro_max,23.47032028058309,9
1273,deepseek_v4_flash_max,12.136179979189182,10
1274,gpt_5_6_sol_max,83.17507569464416,1
1274,kimi_k3_max,55.83487300022362,2
1274,claude_fable_5_max,52.860268469186174,3
1274,qwen3_8_max,50.41462883119985,4
1274,gpt_5_5_xhigh,41.310841544516784,5
1274,deepseek_v4_flash_max,39.6559151751126,6
1274,glm_5_2_max,33.23446369163498,7
1274,gemini_3_1_pro_high,30.243534056337882,8
1274,deepseek_v4_pro_max,20.826602061324735,9
1274,claude_opus_4_8_max,17.530609161777686,10
1275,claude_fable_5_max,74.53042837899442,1
1275,gemini_3_1_pro_high,67.68974959130885,2
1275,gpt_5_6_sol_max,66.05197873260683,3
1275,kimi_k3_max,53.59820454810543,4
1275,deepseek_v4_pro_max,49.669768370601275,5
1275,gpt_5_5_xhigh,41.73817915724537,6
1275,qwen3_8_max,33.560504635218265,7
1275,glm_5_2_max,31.59928999219904,8
1275,claude_opus_4_8_max,27.1524039200334,9
1275,deepseek_v4_flash_max,24.991216210275333,10
1276,claude_fable_5_max,82.54571363173665,1
1276,gpt_5_5_xhigh,71.7769160503716,2
1276,gemini_3_1_pro_high,57.18143619910776,3
1276,claude_opus_4_8_max,52.25122033589794,4
1276,kimi_k3_max,34.82489862802865,5
1276,gpt_5_6_sol_max,31.537542940194786,6
1276,glm_5_2_max,24.132782981830516,7
1276,deepseek_v4_pro_max,21.755327338382322,8
1276,qwen3_8_max,20.16335952011898,9
1276,deepseek_v4_flash_max,8.77645120234572,10
1277,claude_fable_5_max,66.37897384189495,1
1277,gpt_5_5_xhigh,57.66653753981376,2
1277,kimi_k3_max,54.55348648444654,3
1277,qwen3_8_max,46.924562906488575,4
1277,gpt_5_6_sol_max,34.173051118678686,5
1277,deepseek_v4_flash_max,34.167057218067185,6
1277,glm_5_2_max,33.22118975017496,7
1277,claude_opus_4_8_max,30.30826999886754,8
1277,gemini_3_1_pro_high,19.684327546232193,9
1277,deepseek_v4_pro_max,11.39816905361182,10
1278,kimi_k3_max,65.28542396698028,1
1278,gpt_5_6_sol_max,63.94948313392148,2
1278,claude_fable_5_max,46.90887971236494,3
1278,claude_opus_4_8_max,37.39563660225941,4
1278,gpt_5_5_xhigh,36.05450396880101,5
1278,deepseek_v4_pro_max,27.832365233204754,6
1278,gemini_3_1_pro_high,25.313726795686584,7
1278,deepseek_v4_flash_max,14.398049017353717,8
1278,qwen3_8_max,12.250731163753755,9
1278,glm_5_2_max,10.900622362783064,10
1279,qwen3_8_max,74.2160054887957,1
1279,claude_opus_4_8_max,70.62183697945665,2
1279,gpt_5_6_sol_max,68.50451796440059,3
1279,kimi_k3_max,59.53290734049736,4
1279,gemini_3_1_pro_high,58.71823023922922,5
1279,claude_fable_5_max,45.73280406495775,6
1279,deepseek_v4_flash_max,45.13711155096159,7
1279,gpt_5_5_xhigh,43.632947207923294,8
1279,deepseek_v4_pro_max,17.013057300678895,9
1279,glm_5_2_max,14.468493714677741,10
1280,claude_fable_5_max,70.00520529487589,1
1280,gemini_3_1_pro_high,69.57313045844535,2
1280,qwen3_8_max,68.56832490029294,3
1280,gpt_5_6_sol_max,61.067881196734675,4
1280,kimi_k3_max,57.560370069508025,5
1280,gpt_5_5_xhigh,34.14060357587152,6
1280,claude_opus_4_8_max,30.361928204587656,7
1280,deepseek_v4_pro_max,30.332189985439935,8
1280,glm_5_2_max,20.5273666332127,9
1280,deepseek_v4_flash_max,18.876964561406155,10
1281,gpt_5_6_sol_max,63.952964958055745,1
1281,claude_fable_5_max,60.187225924580666,2
1281,gemini_3_1_pro_high,58.6897215528398,3
1281,qwen3_8_max,49.448373094316274,4
1281,kimi_k3_max,34.73023087308211,5
1281,gpt_5_5_xhigh,32.08286592542935,6
1281,claude_opus_4_8_max,29.21731431969836,7
1281,deepseek_v4_pro_max,24.02428499938734,8
1281,deepseek_v4_flash_max,17.437149756296137,9
1281,glm_5_2_max,10.394136837350487,10
1282,gpt_5_6_sol_max,88.7351092985121,1
1282,qwen3_8_max,49.46859862703429,2
1282,gpt_5_5_xhigh,48.324760767445625,3
1282,kimi_k3_max,45.89148926478627,4
1282,deepseek_v4_flash_max,37.26726265729631,5
1282,glm_5_2_max,29.636686997971616,6
1282,claude_opus_4_8_max,26.51404936516721,7
1282,claude_fable_5_max,24.466592247510285,8
1282,deepseek_v4_pro_max,24.399391919834116,9
1282,gemini_3_1_pro_high,19.976289887299536,10
1283,claude_fable_5_max,80.71960788540176,1
1283,kimi_k3_max,79.21794805785873,2
1283,gpt_5_6_sol_max,78.45732188091073,3
1283,gemini_3_1_pro_high,57.7026226739393,4
1283,deepseek_v4_pro_max,41.372314327786626,5
1283,claude_opus_4_8_max,30.227170985973533,6
1283,gpt_5_5_xhigh,25.18262022776242,7
1283,qwen3_8_max,24.62329851636826,8
1283,deepseek_v4_flash_max,16.603606196398996,9
1283,glm_5_2_max,10.582452157840041,10
1284,gemini_3_1_pro_high,81.15830250608951,1
1284,kimi_k3_max,78.04172839954563,2
1284,claude_opus_4_8_max,47.683643724803126,3
1284,gpt_5_5_xhigh,46.245740685683856,4
1284,deepseek_v4_flash_max,35.05521817252642,5
1284,qwen3_8_max,34.08610393480338,6
1284,claude_fable_5_max,33.34670781299736,7
1284,gpt_5_6_sol_max,29.88192668448581,8
1284,glm_5_2_max,27.942504838118115,9
1284,deepseek_v4_pro_max,10.017889237459999,10
1285,gpt_5_6_sol_max,73.8792368612413,1
1285,gemini_3_1_pro_high,56.80527428489226,2
1285,qwen3_8_max,47.25316661970526,3
1285,kimi_k3_max,44.041437249605565,4
1285,claude_fable_5_max,38.71300318156157,5
1285,deepseek_v4_flash_max,33.08474696745237,6
1285,glm_5_2_max,31.015165076437107,7
1285,claude_opus_4_8_max,29.27269883981708,8
1285,deepseek_v4_pro_max,19.96739417582823,9
1285,gpt_5_5_xhigh,14.843749042943937,10
1286,kimi_k3_max,87.89523901218539,1
1286,qwen3_8_max,69.75940812499701,2
1286,gpt_5_5_xhigh,65.96113105937127,3
1286,claude_fable_5_max,55.38214722071531,4
1286,gemini_3_1_pro_high,48.06858658369025,5
1286,gpt_5_6_sol_max,39.82428956259025,6
1286,glm_5_2_max,38.723984754159495,7
1286,deepseek_v4_pro_max,34.767820899299394,8
1286,claude_opus_4_8_max,32.31779712424033,9
1286,deepseek_v4_flash_max,25.88604983822286,10
1287,gpt_5_6_sol_max,71.68446233432857,1
1287,qwen3_8_max,47.85394180505254,2
1287,kimi_k3_max,40.12701044281407,3
1287,gpt_5_5_xhigh,37.60813084105266,4
1287,deepseek_v4_pro_max,35.40381905241816,5
1287,claude_opus_4_8_max,34.26690007999451,6
1287,gemini_3_1_pro_high,33.71144745999639,7
1287,claude_fable_5_max,33.61648190113596,8
1287,deepseek_v4_flash_max,32.744213948685456,9
1287,glm_5_2_max,23.753546167298197,10
1288,kimi_k3_max,85.5998818695183,1
1288,gpt_5_6_sol_max,77.14700087589343,2
1288,gemini_3_1_pro_high,64.32427574505317,3
1288,qwen3_8_max,46.503713876715096,4
1288,claude_opus_4_8_max,44.34296838893272,5
1288,claude_fable_5_max,39.7184579157004,6
1288,glm_5_2_max,34.164127805498914,7
1288,deepseek_v4_pro_max,31.387224429613134,8
1288,gpt_5_5_xhigh,29.650945095535683,9
1288,deepseek_v4_flash_max,22.936721900478865,10
1289,gemini_3_1_pro_high,75.64129160061208,1
1289,kimi_k3_max,72.14662976427906,2
1289,claude_opus_4_8_max,71.14061837699467,3
1289,gpt_5_6_sol_max,54.77676217109073,4
1289,claude_fable_5_max,48.680816483799624,5
1289,gpt_5_5_xhigh,43.76934015305672,6
1289,deepseek_v4_flash_max,40.90149150954452,7
1289,qwen3_8_max,35.75774445099071,8
1289,glm_5_2_max,10.338652707016124,9
1289,deepseek_v4_pro_max,10.165720898891973,10
1290,gemini_3_1_pro_high,74.63698169625002,1
1290,claude_opus_4_8_max,57.742845327021136,2
1290,claude_fable_5_max,44.76908748054181,3
1290,deepseek_v4_flash_max,43.08805711159853,4
1290,gpt_5_5_xhigh,42.699301458674725,5
1290,qwen3_8_max,40.37420927836185,6
1290,deepseek_v4_pro_max,39.25780903674909,7
1290,gpt_5_6_sol_max,30.409295761232777,8
1290,glm_5_2_max,26.30849110057712,9
1290,kimi_k3_max,12.727437354804833,10
1291,claude_opus_4_8_max,84.1517881679101,1
1291,qwen3_8_max,51.56149733929476,2
1291,gpt_5_6_sol_max,33.40101918077572,3
1291,kimi_k3_max,30.64734984079621,4
1291,deepseek_v4_pro_max,28.95649269207104,5
1291,claude_fable_5_max,23.64569139415102,6
1291,deepseek_v4_flash_max,19.292940374274796,7
1291,gpt_5_5_xhigh,19.204702200438533,8
1291,glm_5_2_max,17.221580175953736,9
1291,gemini_3_1_pro_high,11.698494900448637,10
1292,gemini_3_1_pro_high,81.00728620284623,1
1292,claude_opus_4_8_max,73.04997275280321,2
1292,kimi_k3_max,58.31809660713875,3
1292,qwen3_8_max,55.112690179964204,4
1292,claude_fable_5_max,47.54850310512114,5
1292,gpt_5_5_xhigh,41.76590918371829,6
1292,gpt_5_6_sol_max,37.837614101144126,7
1292,glm_5_2_max,30.561701614476185,8
1292,deepseek_v4_flash_max,19.809894652902422,9
1292,deepseek_v4_pro_max,19.091844007657485,10
1293,gpt_5_6_sol_max,67.89211195527628,1
1293,kimi_k3_max,52.8556041664299,2
1293,claude_fable_5_max,46.67173476282744,3
1293,gpt_5_5_xhigh,46.46286345900089,4
1293,gemini_3_1_pro_high,36.39652451834543,5
1293,qwen3_8_max,33.5172580847974,6
1293,deepseek_v4_pro_max,27.715786436850024,7
1293,claude_opus_4_8_max,24.66336433378689,8
1293,deepseek_v4_flash_max,24.13894099474684,9
1293,glm_5_2_max,16.04412902439457,10
1294,gpt_5_5_xhigh,69.16543632324283,1
1294,claude_fable_5_max,68.85087850295726,2
1294,kimi_k3_max,59.97389392969385,3
1294,claude_opus_4_8_max,59.381745704883016,4
1294,qwen3_8_max,39.69737497282816,5
1294,deepseek_v4_flash_max,35.523008679225825,6
1294,gpt_5_6_sol_max,28.948226442907085,7
1294,gemini_3_1_pro_high,28.75901584675033,8
1294,deepseek_v4_pro_max,21.44617252630859,9
1294,glm_5_2_max,13.979597229195365,10
1295,kimi_k3_max,82.5220205013655,1
1295,gpt_5_6_sol_max,77.62189593026585,2
1295,qwen3_8_max,76.20029192119645,3
1295,claude_fable_5_max,75.36585850683277,4
1295,gemini_3_1_pro_high,33.963024069865384,5
1295,gpt_5_5_xhigh,30.879603748693658,6
1295,deepseek_v4_pro_max,24.866519015608908,7
1295,glm_5_2_max,23.45097925409481,8
1295,deepseek_v4_flash_max,15.632477191915875,9
1295,claude_opus_4_8_max,14.53309766466491,10
1296,kimi_k3_max,68.52238016642033,1
1296,claude_fable_5_max,64.6974091512167,2
1296,qwen3_8_max,50.20251172848829,3
1296,gemini_3_1_pro_high,45.68850201339386,4
1296,claude_opus_4_8_max,44.75034476932473,5
1296,deepseek_v4_flash_max,37.840054690643285,6
1296,gpt_5_5_xhigh,34.485644305786835,7
1296,gpt_5_6_sol_max,32.867044745004094,8
1296,deepseek_v4_pro_max,25.352183362961686,9
1296,glm_5_2_max,15.44772544276324,10
1297,gemini_3_1_pro_high,75.06451998494958,1
1297,kimi_k3_max,70.23502293741751,2
1297,gpt_5_6_sol_max,59.80220980927973,3
1297,qwen3_8_max,53.879753844563055,4
1297,claude_opus_4_8_max,44.49719332283554,5
1297,glm_5_2_max,38.84891917323598,6
1297,claude_fable_5_max,37.257244531269365,7
1297,deepseek_v4_flash_max,29.41980207337678,8
1297,gpt_5_5_xhigh,29.094475720251403,9
1297,deepseek_v4_pro_max,19.06277066806349,10
1298,gpt_5_6_sol_max,76.31293576435618,1
1298,qwen3_8_max,71.41603707288402,2
1298,kimi_k3_max,62.377315819528,3
1298,claude_opus_4_8_max,54.72553979530115,4
1298,claude_fable_5_max,42.401738764148895,5
1298,gpt_5_5_xhigh,41.86315854328696,6
1298,glm_5_2_max,28.902779367684108,7
1298,deepseek_v4_pro_max,28.193744582515166,8
1298,gemini_3_1_pro_high,25.75842777409287,9
1298,deepseek_v4_flash_max,15.724074947726127,10
1299,claude_fable_5_max,88.1276326910482,1
1299,kimi_k3_max,77.15549689122126,2
1299,claude_opus_4_8_max,68.99945659438654,3
1299,qwen3_8_max,67.61089482146312,4
1299,gemini_3_1_pro_high,57.00302881334785,5
1299,gpt_5_5_xhigh,43.21203162744366,6
1299,gpt_5_6_sol_max,36.62270566331373,7
1299,deepseek_v4_pro_max,24.83036595006767,8
1299,deepseek_v4_flash_max,19.166428879837966,9
1299,glm_5_2_max,15.39699771847435,10
1300,gpt_5_5_xhigh,73.29658460131117,1
1300,claude_fable_5_max,72.30550493952542,2
1300,gpt_5_6_sol_max,71.33573321298292,3
1300,kimi_k3_max,60.347943375808974,4
1300,deepseek_v4_pro_max,52.62768660281381,5
1300,gemini_3_1_pro_high,45.00379789462785,6
1300,qwen3_8_max,44.447034733559256,7
1300,claude_opus_4_8_max,36.644447080228616,8
1300,deepseek_v4_flash_max,19.06504847054935,9
1300,glm_5_2_max,18.429530121600337,10
1301,claude_fable_5_max,79.89852910564426,1
1301,gemini_3_1_pro_high,77.2059761671135,2
1301,kimi_k3_max,76.85115132675563,3
1301,gpt_5_5_xhigh,60.63305095970496,4
1301,gpt_5_6_sol_max,48.718082303417106,5
1301,qwen3_8_max,36.65795289103601,6
1301,claude_opus_4_8_max,30.737225872009518,7
1301,glm_5_2_max,25.162331754186912,8
1301,deepseek_v4_pro_max,22.818708805989377,9
1301,deepseek_v4_flash_max,10.71619849683827,10
1302,gpt_5_5_xhigh,74.42582937202485,1
1302,qwen3_8_max,70.90179170019042,2
1302,kimi_k3_max,65.59731001876628,3
1302,gemini_3_1_pro_high,47.79010214522634,4
1302,claude_fable_5_max,39.51372353903243,5
1302,gpt_5_6_sol_max,37.1023553117646,6
1302,deepseek_v4_pro_max,36.103477463910636,7
1302,glm_5_2_max,21.075976017156194,8
1302,claude_opus_4_8_max,19.397509655185477,9
1302,deepseek_v4_flash_max,10.523600557323132,10
1303,claude_fable_5_max,70.53331791870119,1
1303,gpt_5_6_sol_max,61.15481066088597,2
1303,gpt_5_5_xhigh,61.053884459790886,3
1303,qwen3_8_max,58.33234021184123,4
1303,deepseek_v4_pro_max,55.858847520447966,5
1303,gemini_3_1_pro_high,47.50817769438345,6
1303,kimi_k3_max,36.183495632227874,7
1303,glm_5_2_max,24.82037791184929,8
1303,claude_opus_4_8_max,21.61364131795345,9
1303,deepseek_v4_flash_max,5.382345394077499,10
1304,claude_fable_5_max,75.34034509058998,1
1304,kimi_k3_max,71.78976953265324,2
1304,qwen3_8_max,66.31265291622691,3
1304,gemini_3_1_pro_high,64.79136543371362,4
1304,gpt_5_6_sol_max,63.183133897296685,5
1304,gpt_5_5_xhigh,58.60533728910139,6
1304,deepseek_v4_flash_max,37.69045976706166,7
1304,glm_5_2_max,26.43814743942113,8
1304,claude_opus_4_8_max,22.026043998408454,9
1304,deepseek_v4_pro_max,14.144510850485528,10
1305,claude_fable_5_max,75.48481837772245,1
1305,gemini_3_1_pro_high,72.54558651597003,2
1305,gpt_5_5_xhigh,57.15507600997779,3
1305,kimi_k3_max,55.405589129035945,4
1305,claude_opus_4_8_max,54.42492293394443,5
1305,qwen3_8_max,52.508979196728845,6
1305,deepseek_v4_flash_max,36.95192122927866,7
1305,glm_5_2_max,22.886708430245765,8
1305,gpt_5_6_sol_max,21.056829088754967,9
1305,deepseek_v4_pro_max,11.06522248384565,10
1306,qwen3_8_max,80.79337641352774,1
1306,gpt_5_6_sol_max,78.91228262739438,2
1306,gemini_3_1_pro_high,51.6805326750024,3
1306,kimi_k3_max,45.602442043626894,4
1306,claude_opus_4_8_max,39.586881167475504,5
1306,gpt_5_5_xhigh,38.91986164615257,6
1306,deepseek_v4_flash_max,30.182263545771498,7
1306,claude_fable_5_max,28.96824418329345,8
1306,glm_5_2_max,14.16854511867507,9
1306,deepseek_v4_pro_max,10.64533354764069,10
1307,gpt_5_6_sol_max,59.74369180609053,1
1307,claude_fable_5_max,58.98995133807165,2
1307,qwen3_8_max,58.514089806587045,3
1307,gemini_3_1_pro_high,52.152975078314114,4
1307,claude_opus_4_8_max,37.981818635239335,5
1307,kimi_k3_max,34.84508254580632,6
1307,gpt_5_5_xhigh,33.28195407073402,7
1307,glm_5_2_max,25.290692780433783,8
1307,deepseek_v4_pro_max,24.22555485265078,9
1307,deepseek_v4_flash_max,20.40622686326604,10
1308,gpt_5_6_sol_max,76.84514680922797,1
1308,claude_opus_4_8_max,70.71066318388482,2
1308,qwen3_8_max,58.35508039603172,3
1308,claude_fable_5_max,45.817797071380724,4
1308,deepseek_v4_flash_max,45.199932025915274,5
1308,gemini_3_1_pro_high,36.67092735424649,6
1308,glm_5_2_max,29.79612882808879,7
1308,kimi_k3_max,28.017363226723784,8
1308,gpt_5_5_xhigh,25.09656706430321,9
1308,deepseek_v4_pro_max,20.897626664676935,10
1309,gpt_5_5_xhigh,75.86301139219042,1
1309,claude_fable_5_max,57.272563569027426,2
1309,gemini_3_1_pro_high,41.38709940917268,3
1309,qwen3_8_max,36.15239917329757,4
1309,deepseek_v4_pro_max,27.132596260639097,5
1309,claude_opus_4_8_max,24.34086807381698,6
1309,kimi_k3_max,23.88577636879844,7
1309,gpt_5_6_sol_max,22.117565357353655,8
1309,glm_5_2_max,21.445860608286722,9
1309,deepseek_v4_flash_max,19.139015628396812,10
1310,gpt_5_5_xhigh,85.66307092541392,1
1310,gemini_3_1_pro_high,73.50283121810753,2
1310,kimi_k3_max,56.6558242024296,3
1310,qwen3_8_max,39.79616974348494,4
1310,deepseek_v4_pro_max,35.012707361931874,5
1310,glm_5_2_max,34.577798596967625,6
1310,gpt_5_6_sol_max,34.202835784813395,7
1310,deepseek_v4_flash_max,30.922962547882058,8
1310,claude_opus_4_8_max,21.329626094573634,9
1310,claude_fable_5_max,17.843220168343258,10
1311,claude_fable_5_max,85.30014634927726,1
1311,gpt_5_5_xhigh,78.75184852601856,2
1311,gpt_5_6_sol_max,77.93612505607251,3
1311,gemini_3_1_pro_high,58.571813818097304,4
1311,kimi_k3_max,55.260428692703236,5
1311,qwen3_8_max,51.247020926544764,6
1311,deepseek_v4_flash_max,35.549634310042755,7
1311,claude_opus_4_8_max,28.64317614487753,8
1311,deepseek_v4_pro_max,22.732751450209953,9
1311,glm_5_2_max,15.63669220937234,10
1312,claude_fable_5_max,81.43438283807319,1
1312,gemini_3_1_pro_high,74.54547688727158,2
1312,gpt_5_6_sol_max,73.9222725577396,3
1312,qwen3_8_max,57.98271097340642,4
1312,kimi_k3_max,57.315046572864134,5
1312,gpt_5_5_xhigh,35.04287150615667,6
1312,claude_opus_4_8_max,32.284228470877274,7
1312,glm_5_2_max,31.271061146002378,8
1312,deepseek_v4_flash_max,29.77199229810302,9
1312,deepseek_v4_pro_max,20.912161837494978,10
1313,gpt_5_5_xhigh,78.8733545269834,1
1313,claude_fable_5_max,63.75265951083155,2
1313,gemini_3_1_pro_high,58.08639121821265,3
1313,kimi_k3_max,52.25942379300913,4
1313,gpt_5_6_sol_max,36.7669459394144,5
1313,glm_5_2_max,26.063742367511942,6
1313,claude_opus_4_8_max,24.362652926523,7
1313,deepseek_v4_flash_max,20.352311473519926,8
1313,qwen3_8_max,19.18075927702652,9
1313,deepseek_v4_pro_max,18.951426976743832,10
1314,gpt_5_5_xhigh,75.48724857220034,1
1314,gpt_5_6_sol_max,74.03359774785974,2
1314,claude_fable_5_max,49.90704669271591,3
1314,qwen3_8_max,47.16731174511075,4
1314,gemini_3_1_pro_high,41.66246678010667,5
1314,kimi_k3_max,40.467493333870415,6
1314,claude_opus_4_8_max,35.15835797427306,7
1314,deepseek_v4_pro_max,32.77170333313611,8
1314,glm_5_2_max,25.082545236946423,9
1314,deepseek_v4_flash_max,24.208801621292977,10
1315,gpt_5_6_sol_max,71.55020651746435,1
1315,gpt_5_5_xhigh,63.73602042677406,2
1315,qwen3_8_max,62.917878500989836,3
1315,claude_opus_4_8_max,56.59720320200513,4
1315,kimi_k3_max,48.86198033028522,5
1315,deepseek_v4_pro_max,32.080746828836546,6
1315,gemini_3_1_pro_high,29.61957830617243,7
1315,claude_fable_5_max,27.178587350397287,8
1315,deepseek_v4_flash_max,24.21753015994901,9
1315,glm_5_2_max,16.646961213668906,10
1316,gpt_5_5_xhigh,72.27624654920712,1
1316,claude_fable_5_max,70.04801166109101,2
1316,qwen3_8_max,48.43333546287433,3
1316,kimi_k3_max,48.13062676303757,4
1316,gpt_5_6_sol_max,39.67906620412494,5
1316,gemini_3_1_pro_high,30.04524012249151,6
1316,claude_opus_4_8_max,26.28722543810733,7
1316,glm_5_2_max,18.662169916753147,8
1316,deepseek_v4_flash_max,17.393447187872162,9
1316,deepseek_v4_pro_max,8.229508390718966,10
1317,claude_fable_5_max,68.42383028165419,1
1317,kimi_k3_max,67.53763485477182,2
1317,gpt_5_6_sol_max,62.914738281521494,3
1317,qwen3_8_max,57.32644887936492,4
1317,gemini_3_1_pro_high,50.998643563223865,5
1317,deepseek_v4_flash_max,50.42403706137889,6
1317,claude_opus_4_8_max,39.243223309280395,7
1317,gpt_5_5_xhigh,21.675377958766425,8
1317,deepseek_v4_pro_max,19.864523790402348,9
1317,glm_5_2_max,13.670168318942551,10
1318,gpt_5_5_xhigh,82.1538508710564,1
1318,gpt_5_6_sol_max,72.24399125377866,2
1318,kimi_k3_max,71.83666528756427,3
1318,gemini_3_1_pro_high,64.59211634862993,4
1318,claude_fable_5_max,63.85480720575735,5
1318,qwen3_8_max,60.55348676775313,6
1318,claude_opus_4_8_max,37.440336833421256,7
1318,glm_5_2_max,22.305815948118436,8
1318,deepseek_v4_flash_max,17.156690973883627,9
1318,deepseek_v4_pro_max,14.222403977437075,10
1319,gpt_5_6_sol_max,74.11399043248441,1
1319,gpt_5_5_xhigh,45.651591303423935,2
1319,kimi_k3_max,42.91435806311212,3
1319,claude_fable_5_max,41.50542361884394,4
1319,gemini_3_1_pro_high,38.53795211911709,5
1319,deepseek_v4_pro_max,34.46071001831176,6
1319,qwen3_8_max,33.162804927489034,7
1319,claude_opus_4_8_max,30.538355041355906,8
1319,glm_5_2_max,29.077472421936264,9
1319,deepseek_v4_flash_max,6.7719178103973405,10
1320,gpt_5_6_sol_max,73.63938959229247,1
1320,kimi_k3_max,58.24672656192975,2
1320,claude_opus_4_8_max,52.95290801882177,3
1320,deepseek_v4_flash_max,50.03903042040368,4
1320,gemini_3_1_pro_high,48.939705061423545,5
1320,claude_fable_5_max,47.31014563056322,6
1320,qwen3_8_max,35.41846279543201,7
1320,deepseek_v4_pro_max,18.7423955511471,8
1320,glm_5_2_max,17.096640018743546,9
1320,gpt_5_5_xhigh,16.90715835862685,10
1321,qwen3_8_max,80.43579769536834,1
1321,gpt_5_5_xhigh,77.28945370475535,2
1321,gpt_5_6_sol_max,71.81018111194274,3
1321,claude_fable_5_max,60.471531207855065,4
1321,kimi_k3_max,57.57405797821323,5
1321,deepseek_v4_flash_max,33.29050067130203,6
1321,claude_opus_4_8_max,30.111998520755016,7
1321,gemini_3_1_pro_high,21.21197643980075,8
1321,glm_5_2_max,16.12728996098685,9
1321,deepseek_v4_pro_max,3.9062112794040593,10
1322,qwen3_8_max,76.40782796446751,1
1322,kimi_k3_max,76.28161898876569,2
1322,gemini_3_1_pro_high,66.32910153191546,3
1322,claude_fable_5_max,41.059606177563815,4
1322,deepseek_v4_flash_max,29.87121295574204,5
1322,gpt_5_5_xhigh,29.041638562862232,6
1322,deepseek_v4_pro_max,27.67943414339399,7
1322,gpt_5_6_sol_max,19.59801648921705,8
1322,claude_opus_4_8_max,18.89065935591171,9
1322,glm_5_2_max,18.477962645631415,10
1323,claude_opus_4_8_max,86.51594372856363,1
1323,gpt_5_5_xhigh,72.27369845723044,2
1323,qwen3_8_max,58.32487944128269,3
1323,gemini_3_1_pro_high,56.790124209965896,4
1323,gpt_5_6_sol_max,53.88173101178647,5
1323,claude_fable_5_max,45.46123979379348,6
1323,kimi_k3_max,32.1064978430795,7
1323,deepseek_v4_flash_max,28.34764930516757,8
1323,glm_5_2_max,24.01119334731293,9
1323,deepseek_v4_pro_max,20.301649050881316,10
1324,gpt_5_6_sol_max,83.14120195977796,1
1324,claude_opus_4_8_max,71.65068322230627,2
1324,claude_fable_5_max,66.58364243799052,3
1324,qwen3_8_max,35.749261984009266,4
1324,kimi_k3_max,26.46714285657552,5
1324,deepseek_v4_pro_max,19.03620035948981,6
1324,gpt_5_5_xhigh,18.600027200268514,7
1324,glm_5_2_max,16.50907562752374,8
1324,deepseek_v4_flash_max,15.298679119281097,9
1324,gemini_3_1_pro_high,15.082278684425514,10
1325,gpt_5_6_sol_max,69.8737238458949,1
1325,kimi_k3_max,50.150046324824054,2
1325,claude_fable_5_max,43.52589325883543,3
1325,gemini_3_1_pro_high,41.48148281998984,4
1325,deepseek_v4_pro_max,40.118341924208515,5
1325,claude_opus_4_8_max,39.507485251119476,6
1325,qwen3_8_max,36.04016002133745,7
1325,gpt_5_5_xhigh,24.946158504661124,8
1325,glm_5_2_max,13.5091865532078,9
1325,deepseek_v4_flash_max,12.008921703686525,10
1326,gpt_5_6_sol_max,65.25357279388842,1
1326,claude_fable_5_max,53.95176396512852,2
1326,deepseek_v4_pro_max,44.006614464165295,3
1326,gpt_5_5_xhigh,38.51244838474986,4
1326,kimi_k3_max,29.52413196632567,5
1326,qwen3_8_max,28.373408147096384,6
1326,claude_opus_4_8_max,27.954395254778163,7
1326,glm_5_2_max,25.704664651299883,8
1326,gemini_3_1_pro_high,17.36364870369603,9
1326,deepseek_v4_flash_max,17.173915323100378,10
1327,gpt_5_5_xhigh,65.52243561406928,1
1327,claude_fable_5_max,63.35910051719077,2
1327,gpt_5_6_sol_max,55.44186514360683,3
1327,gemini_3_1_pro_high,54.839548331990144,4
1327,qwen3_8_max,42.997746687621714,5
1327,claude_opus_4_8_max,35.20643182422796,6
1327,deepseek_v4_flash_max,31.89088621534392,7
1327,kimi_k3_max,28.831008728056965,8
1327,glm_5_2_max,16.882303079899838,9
1327,deepseek_v4_pro_max,12.492107381310033,10
1328,kimi_k3_max,79.35904712668025,1
1328,gpt_5_5_xhigh,55.30328487525695,2
1328,claude_opus_4_8_max,48.64222725251208,3
1328,qwen3_8_max,45.114500525137636,4
1328,gpt_5_6_sol_max,42.05138362656325,5
1328,deepseek_v4_pro_max,35.61756364770503,6
1328,claude_fable_5_max,34.431658570772036,7
1328,gemini_3_1_pro_high,20.50072108025387,8
1328,glm_5_2_max,20.438571154825667,9
1328,deepseek_v4_flash_max,11.751490009151432,10
1329,claude_fable_5_max,65.95911000017858,1
1329,gemini_3_1_pro_high,64.0543012815821,2
1329,gpt_5_5_xhigh,42.506522320183514,3
1329,gpt_5_6_sol_max,40.961711782132966,4
1329,qwen3_8_max,36.3932429120484,5
1329,kimi_k3_max,34.7870081407388,6
1329,deepseek_v4_pro_max,31.307991017736562,7
1329,claude_opus_4_8_max,22.63778892884788,8
1329,glm_5_2_max,16.839255205258397,9
1329,deepseek_v4_flash_max,8.820906581761694,10
1330,claude_opus_4_8_max,73.5952149139882,1
1330,claude_fable_5_max,60.078721633557635,2
1330,gpt_5_6_sol_max,51.29768217277666,3
1330,qwen3_8_max,39.509360755775525,4
1330,deepseek_v4_pro_max,36.60919239796995,5
1330,deepseek_v4_flash_max,34.874315047175045,6
1330,glm_5_2_max,30.723746356596415,7
1330,gemini_3_1_pro_high,26.51550629977843,8
1330,kimi_k3_max,25.15815117039442,9
1330,gpt_5_5_xhigh,23.773055048976044,10
1331,gemini_3_1_pro_high,72.6845112281737,1
1331,claude_opus_4_8_max,60.60588780466505,2
1331,kimi_k3_max,60.077572554808086,3
1331,qwen3_8_max,48.91892351755812,4
1331,gpt_5_6_sol_max,42.13694805449889,5
1331,claude_fable_5_max,24.18933972653569,6
1331,deepseek_v4_flash_max,21.904992149153678,7
1331,gpt_5_5_xhigh,14.242161644440603,8
1331,glm_5_2_max,13.453477969106745,9
1331,deepseek_v4_pro_max,10.20936130905347,10
1332,gpt_5_6_sol_max,68.32718065270507,1
1332,claude_fable_5_max,66.61190751026207,2
1332,gpt_5_5_xhigh,66.27299473360158,3
1332,qwen3_8_max,58.12687334964937,4
1332,kimi_k3_max,56.10383248283165,5
1332,gemini_3_1_pro_high,44.44188687760003,6
1332,deepseek_v4_flash_max,39.5095619099609,7
1332,glm_5_2_max,26.65690911115712,8
1332,deepseek_v4_pro_max,22.332923306484865,9
1332,claude_opus_4_8_max,19.638390859206687,10
1333,kimi_k3_max,77.92909208403502,1
1333,gpt_5_5_xhigh,73.52010070820205,2
1333,claude_fable_5_max,70.79670302984671,3
1333,gemini_3_1_pro_high,42.775112633709085,4
1333,deepseek_v4_pro_max,33.83753000168659,5
1333,claude_opus_4_8_max,25.722792312411258,6
1333,gpt_5_6_sol_max,24.44607142150886,7
1333,glm_5_2_max,23.69525422370653,8
1333,qwen3_8_max,21.767142252991505,9
1333,deepseek_v4_flash_max,10.210750857912888,10
1334,kimi_k3_max,77.93323281719196,1
1334,gpt_5_5_xhigh,61.663141456943194,2
1334,gpt_5_6_sol_max,60.292747166887224,3
1334,claude_opus_4_8_max,52.86098911196753,4
1334,gemini_3_1_pro_high,51.00875585488642,5
1334,qwen3_8_max,37.773310753869396,6
1334,claude_fable_5_max,33.91028106749367,7
1334,deepseek_v4_flash_max,30.690649875185358,8
1334,glm_5_2_max,26.68644164178507,9
1334,deepseek_v4_pro_max,22.98366186539118,10
1335,gpt_5_6_sol_max,84.08609782642452,1
1335,qwen3_8_max,54.99383290864258,2
1335,gemini_3_1_pro_high,48.54505813808014,3
1335,claude_opus_4_8_max,45.06740120481702,4
1335,claude_fable_5_max,43.91738467109549,5
1335,gpt_5_5_xhigh,38.87188562714752,6
1335,kimi_k3_max,31.784835186383177,7
1335,deepseek_v4_flash_max,31.6564980818809,8
1335,glm_5_2_max,16.94330639870157,9
1335,deepseek_v4_pro_max,16.265312026154227,10
1336,gpt_5_5_xhigh,88.87307628961156,1
1336,claude_opus_4_8_max,69.35771400775883,2
1336,qwen3_8_max,55.157558349992605,3
1336,gemini_3_1_pro_high,54.47490773066889,4
1336,gpt_5_6_sol_max,28.33499555217343,5
1336,claude_fable_5_max,24.43080691660811,6
1336,kimi_k3_max,23.31647552974675,7
1336,glm_5_2_max,22.768984245585244,8
1336,deepseek_v4_flash_max,21.377236750054735,9
1336,deepseek_v4_pro_max,15.509067995071245,10
1337,claude_fable_5_max,64.31732485405449,1
1337,gpt_5_6_sol_max,62.3967226522326,2
1337,gemini_3_1_pro_high,58.8161526387391,3
1337,claude_opus_4_8_max,57.03873025071856,4
1337,qwen3_8_max,48.746964989604436,5
1337,gpt_5_5_xhigh,43.441072037745066,6
1337,kimi_k3_max,40.49885656164106,7
1337,glm_5_2_max,25.565499380661723,8
1337,deepseek_v4_flash_max,10.263532793905679,9
1337,deepseek_v4_pro_max,9.746248756174632,10
1338,kimi_k3_max,84.75624206738753,1
1338,claude_fable_5_max,60.69668828913814,2
1338,gpt_5_6_sol_max,51.5073596279252,3
1338,qwen3_8_max,43.95848761125233,4
1338,gemini_3_1_pro_high,39.22111488858592,5
1338,gpt_5_5_xhigh,39.179017533699266,6
1338,claude_opus_4_8_max,27.668528708804413,7
1338,deepseek_v4_pro_max,23.924526387398306,8
1338,glm_5_2_max,10.888569850668013,9
1338,deepseek_v4_flash_max,9.689929911043876,10
1339,claude_opus_4_8_max,71.9464256610849,1
1339,kimi_k3_max,48.36512841574465,2
1339,claude_fable_5_max,42.44780016065962,3
1339,gpt_5_6_sol_max,40.22589733388763,4
1339,deepseek_v4_pro_max,28.9111697564703,5
1339,gemini_3_1_pro_high,27.591117514269293,6
1339,qwen3_8_max,26.63338403271526,7
1339,glm_5_2_max,20.606261212965236,8
1339,gpt_5_5_xhigh,19.20665704603239,9
1339,deepseek_v4_flash_max,12.210559339224162,10
1340,gpt_5_5_xhigh,61.56735443140647,1
1340,claude_fable_5_max,60.913928729966266,2
1340,kimi_k3_max,48.90818233137945,3
1340,claude_opus_4_8_max,43.092991165155894,4
1340,qwen3_8_max,41.432687442792535,5
1340,deepseek_v4_pro_max,31.382930109537618,6
1340,glm_5_2_max,25.525981010088497,7
1340,deepseek_v4_flash_max,18.993504188165357,8
1340,gemini_3_1_pro_high,16.019120599537622,9
1340,gpt_5_6_sol_max,15.726078693740527,10
1341,kimi_k3_max,87.60917509737945,1
1341,gpt_5_5_xhigh,76.86955374328633,2
1341,gpt_5_6_sol_max,51.53426604148467,3
1341,claude_opus_4_8_max,49.14483461102472,4
1341,gemini_3_1_pro_high,37.27259698353832,5
1341,claude_fable_5_max,35.65417865593469,6
1341,glm_5_2_max,35.11330420746048,7
1341,qwen3_8_max,31.432672940304084,8
1341,deepseek_v4_flash_max,26.51983869745674,9
1341,deepseek_v4_pro_max,23.746844618905158,10
1342,gemini_3_1_pro_high,82.04118003815354,1
1342,qwen3_8_max,70.81397010163295,2
1342,claude_opus_4_8_max,61.96079259753142,3
1342,gpt_5_5_xhigh,57.0000239101297,4
1342,claude_fable_5_max,50.09686241820978,5
1342,gpt_5_6_sol_max,43.53346576768374,6
1342,deepseek_v4_flash_max,36.546348911339294,7
1342,glm_5_2_max,34.56882819844563,8
1342,kimi_k3_max,18.590076309579644,9
1342,deepseek_v4_pro_max,17.753193004062382,10
1343,gpt_5_6_sol_max,82.19900942129286,1
1343,gemini_3_1_pro_high,79.78006739470015,2
1343,claude_fable_5_max,72.9914400999031,3
1343,qwen3_8_max,56.23075729677732,4
1343,kimi_k3_max,47.36023981570234,5
1343,deepseek_v4_pro_max,32.37978785880415,6
1343,gpt_5_5_xhigh,29.356522328083877,7
1343,claude_opus_4_8_max,25.964807085740862,8
1343,glm_5_2_max,22.59958047917013,9
1343,deepseek_v4_flash_max,8.95565800557938,10
1344,claude_fable_5_max,79.19629946341155,1
1344,qwen3_8_max,54.41967750381902,2
1344,gpt_5_5_xhigh,52.507181462592655,3
1344,deepseek_v4_flash_max,48.31302134734866,4
1344,gpt_5_6_sol_max,47.25483101220793,5
1344,kimi_k3_max,41.93436283094934,6
1344,claude_opus_4_8_max,21.940683508679033,7
1344,gemini_3_1_pro_high,17.99159288747917,8
1344,glm_5_2_max,8.797417274477034,9
1344,deepseek_v4_pro_max,7.163129368319848,10
1345,gpt_5_6_sol_max,77.14419933117847,1
1345,kimi_k3_max,61.68792298363161,2
1345,claude_fable_5_max,54.96884688181639,3
1345,qwen3_8_max,47.24389535478033,4
1345,claude_opus_4_8_max,40.104931036934566,5
1345,deepseek_v4_pro_max,38.850963737387175,6
1345,gemini_3_1_pro_high,36.26554080689492,7
1345,glm_5_2_max,29.898974448310216,8
1345,gpt_5_5_xhigh,23.61869860586767,9
1345,deepseek_v4_flash_max,12.620679112983073,10
1346,kimi_k3_max,88.0806322606328,1
1346,gpt_5_5_xhigh,51.296953943463436,2
1346,claude_fable_5_max,42.32677091378837,3
1346,qwen3_8_max,40.02475002383839,4
1346,deepseek_v4_pro_max,35.94586660181115,5
1346,deepseek_v4_flash_max,26.896621043016054,6
1346,gemini_3_1_pro_high,25.96596421057493,7
1346,glm_5_2_max,20.079505644871325,8
1346,gpt_5_6_sol_max,19.840961148383954,9
1346,claude_opus_4_8_max,15.12929079955549,10
1347,claude_opus_4_8_max,68.9905892230743,1
1347,qwen3_8_max,56.976051762604925,2
1347,gpt_5_5_xhigh,53.176370653367314,3
1347,glm_5_2_max,52.120792315742314,4
1347,claude_fable_5_max,51.11555922779482,5
1347,gemini_3_1_pro_high,50.25659438276666,6
1347,kimi_k3_max,49.190200502333326,7
1347,deepseek_v4_pro_max,41.81673096700787,8
1347,gpt_5_6_sol_max,20.793502070776004,9
1347,deepseek_v4_flash_max,13.105204971557445,10
1348,claude_fable_5_max,85.93109652204782,1
1348,gpt_5_6_sol_max,70.04789294645691,2
1348,gpt_5_5_xhigh,65.57698787237766,3
1348,kimi_k3_max,54.776235727524224,4
1348,qwen3_8_max,40.21017553255561,5
1348,gemini_3_1_pro_high,37.64173526393035,6
1348,glm_5_2_max,33.630881083977044,7
1348,deepseek_v4_flash_max,31.299816002476327,8
1348,claude_opus_4_8_max,20.89683172275821,9
1348,deepseek_v4_pro_max,15.647276669567495,10
1349,gpt_5_6_sol_max,85.09494580823929,1
1349,kimi_k3_max,73.88260880570859,2
1349,claude_fable_5_max,71.12311718442797,3
1349,qwen3_8_max,59.238722168443516,4
1349,gemini_3_1_pro_high,50.21499830452689,5
1349,claude_opus_4_8_max,37.98026209563479,6
1349,deepseek_v4_pro_max,27.790251175618714,7
1349,deepseek_v4_flash_max,27.461056874973806,8
1349,glm_5_2_max,26.953677314051586,9
1349,gpt_5_5_xhigh,21.911992527188517,10
1350,gpt_5_5_xhigh,86.06163756623829,1
1350,claude_opus_4_8_max,64.73627134995537,2
1350,qwen3_8_max,47.48561486268823,3
1350,deepseek_v4_pro_max,40.49258390837294,4
1350,gpt_5_6_sol_max,34.08038368822781,5
1350,gemini_3_1_pro_high,28.96058289184636,6
1350,kimi_k3_max,26.69921320637265,7
1350,claude_fable_5_max,22.17500041270696,8
1350,glm_5_2_max,20.465849149159144,9
1350,deepseek_v4_flash_max,9.237211950833476,10
1351,gpt_5_6_sol_max,63.2842615830062,1
1351,deepseek_v4_pro_max,59.56848930361306,2
1351,qwen3_8_max,58.232054536034596,3
1351,claude_opus_4_8_max,45.948836294231555,4
1351,claude_fable_5_max,43.37910765447333,5
1351,gemini_3_1_pro_high,40.13158006837648,6
1351,gpt_5_5_xhigh,26.309351158460537,7
1351,kimi_k3_max,25.02596624210382,8
1351,deepseek_v4_flash_max,24.46579277979042,9
1351,glm_5_2_max,11.197877764074578,10
1352,claude_fable_5_max,74.02112828322417,1
1352,qwen3_8_max,72.58703301386659,2
1352,kimi_k3_max,64.30527721566223,3
1352,gpt_5_6_sol_max,62.96648765062847,4
1352,gemini_3_1_pro_high,43.47832479424758,5
1352,claude_opus_4_8_max,38.47173317774376,6
1352,deepseek_v4_pro_max,35.1754427345992,7
1352,glm_5_2_max,28.436206475910147,8
1352,deepseek_v4_flash_max,21.834096035438325,9
1352,gpt_5_5_xhigh,17.545664686250714,10
1353,qwen3_8_max,68.62232855070098,1
1353,claude_opus_4_8_max,67.99367443486629,2
1353,gemini_3_1_pro_high,66.16975565113731,3
1353,gpt_5_5_xhigh,59.152843884890686,4
1353,claude_fable_5_max,49.49587760088115,5
1353,deepseek_v4_pro_max,32.90610417463989,6
1353,glm_5_2_max,31.54545669850118,7
1353,kimi_k3_max,28.14878015382559,8
1353,gpt_5_6_sol_max,19.745500092884697,9
1353,deepseek_v4_flash_max,13.13815463682285,10
1354,claude_opus_4_8_max,79.81432500461393,1
1354,gpt_5_6_sol_max,69.12464057532767,2
1354,gpt_5_5_xhigh,68.21107331266792,3
1354,claude_fable_5_max,46.718404028174334,4
1354,gemini_3_1_pro_high,41.659267658026465,5
1354,qwen3_8_max,34.33529555119195,6
1354,kimi_k3_max,31.617240524097706,7
1354,deepseek_v4_pro_max,27.756640142137297,8
1354,glm_5_2_max,25.60835512364693,9
1354,deepseek_v4_flash_max,20.625817765581424,10
1355,claude_opus_4_8_max,73.60645301458158,1
1355,gpt_5_5_xhigh,41.296907722835954,2
1355,gemini_3_1_pro_high,31.1036564202153,3
1355,claude_fable_5_max,30.509750035157534,4
1355,kimi_k3_max,28.24297704963142,5
1355,gpt_5_6_sol_max,22.487169074299565,6
1355,qwen3_8_max,16.709286917679858,7
1355,glm_5_2_max,15.018346045367274,8
1355,deepseek_v4_pro_max,14.13705869314158,9
1355,deepseek_v4_flash_max,9.251707565226798,10
1356,gpt_5_6_sol_max,90.23934628263764,1
1356,gemini_3_1_pro_high,55.88275711136383,2
1356,claude_opus_4_8_max,54.88707120890413,3
1356,deepseek_v4_pro_max,38.32743579760722,4
1356,claude_fable_5_max,33.792855415120066,5
1356,kimi_k3_max,32.76254029158838,6
1356,gpt_5_5_xhigh,32.47612352201223,7
1356,deepseek_v4_flash_max,31.64601788957853,8
1356,qwen3_8_max,22.28013696797514,9
1356,glm_5_2_max,10.148103152655256,10
1357,gpt_5_5_xhigh,74.19463620752197,1
1357,kimi_k3_max,72.8856856529393,2
1357,claude_fable_5_max,65.99717064084032,3
1357,gpt_5_6_sol_max,60.112955349034095,4
1357,claude_opus_4_8_max,53.253104455023575,5
1357,gemini_3_1_pro_high,53.15011007433294,6
1357,glm_5_2_max,32.221339473798395,7
1357,deepseek_v4_pro_max,31.258678818828095,8
1357,qwen3_8_max,26.44993771063739,9
1357,deepseek_v4_flash_max,13.304415823824081,10
1358,kimi_k3_max,65.15863297392465,1
1358,claude_opus_4_8_max,59.29926737865533,2
1358,gemini_3_1_pro_high,54.02480163076555,3
1358,gpt_5_5_xhigh,50.491593950787745,4
1358,qwen3_8_max,50.27354492972452,5
1358,claude_fable_5_max,43.22781856367394,6
1358,gpt_5_6_sol_max,33.13236209127364,7
1358,glm_5_2_max,26.55880170546338,8
1358,deepseek_v4_flash_max,17.673010339653366,9
1358,deepseek_v4_pro_max,3.6708820672527924,10
1359,claude_opus_4_8_max,75.27349211024215,1
1359,kimi_k3_max,46.41424087891882,2
1359,claude_fable_5_max,43.852737901500674,3
1359,gpt_5_6_sol_max,36.83553837026426,4
1359,deepseek_v4_pro_max,36.24108719654704,5
1359,gpt_5_5_xhigh,30.980185904719978,6
1359,qwen3_8_max,29.001512026888307,7
1359,glm_5_2_max,27.08361078072814,8
1359,gemini_3_1_pro_high,26.74211109277321,9
1359,deepseek_v4_flash_max,17.183518653899256,10
1360,gpt_5_6_sol_max,69.61171995946381,1
1360,claude_fable_5_max,59.19284074861099,2
1360,gpt_5_5_xhigh,53.14714342060587,3
1360,gemini_3_1_pro_high,49.90584127226431,4
1360,claude_opus_4_8_max,49.31410644056491,5
1360,kimi_k3_max,40.974928191041805,6
1360,deepseek_v4_pro_max,37.92215110635137,7
1360,qwen3_8_max,33.20604357120803,8
1360,deepseek_v4_flash_max,17.880735984825606,9
1360,glm_5_2_max,17.50658854423515,10
1361,kimi_k3_max,69.17078660260131,1
1361,claude_fable_5_max,66.23831367282148,2
1361,gpt_5_5_xhigh,59.149526205128964,3
1361,claude_opus_4_8_max,58.219886180588226,4
1361,qwen3_8_max,47.47230383437138,5
1361,deepseek_v4_pro_max,44.516454053154895,6
1361,gpt_5_6_sol_max,42.69432721283501,7
1361,glm_5_2_max,34.22371012547132,8
1361,gemini_3_1_pro_high,26.230970963987325,9
1361,deepseek_v4_flash_max,11.207574130488307,10
1362,claude_fable_5_max,60.16337300062851,1
1362,kimi_k3_max,55.3773572770232,2
1362,gemini_3_1_pro_high,36.99878623375522,3
1362,claude_opus_4_8_max,36.98276759386222,4
1362,deepseek_v4_pro_max,35.93882749159846,5
1362,gpt_5_5_xhigh,33.37219293448743,6
1362,qwen3_8_max,30.95893390800665,7
1362,deepseek_v4_flash_max,27.140223676254024,8
1362,glm_5_2_max,21.639593762599056,9
1362,gpt_5_6_sol_max,17.284908214012535,10
1363,gpt_5_5_xhigh,67.30377152027349,1
1363,claude_fable_5_max,58.874800718390176,2
1363,claude_opus_4_8_max,56.44852889800132,3
1363,kimi_k3_max,50.24512450470305,4
1363,deepseek_v4_flash_max,48.74471094641213,5
1363,qwen3_8_max,47.331833186321276,6
1363,gemini_3_1_pro_high,34.03467722417422,7
1363,gpt_5_6_sol_max,23.47817695430514,8
1363,glm_5_2_max,22.62213092783476,9
1363,deepseek_v4_pro_max,21.869376133489588,10
1364,claude_fable_5_max,69.81483669774006,1
1364,kimi_k3_max,69.29633470118839,2
1364,qwen3_8_max,61.32277683811132,3
1364,gemini_3_1_pro_high,51.77137292695005,4
1364,gpt_5_6_sol_max,32.547440154785164,5
1364,gpt_5_5_xhigh,25.43676156360283,6
1364,deepseek_v4_flash_max,23.893286540970642,7
1364,glm_5_2_max,22.95569570527492,8
1364,claude_opus_4_8_max,22.28774765812008,9
1364,deepseek_v4_pro_max,17.79530148123194,10
1365,gpt_5_5_xhigh,72.47897063726558,1
1365,claude_opus_4_8_max,65.71272456241451,2
1365,gpt_5_6_sol_max,64.18189512032228,3
1365,claude_fable_5_max,53.73629896091407,4
1365,gemini_3_1_pro_high,35.8969293454432,5
1365,kimi_k3_max,35.32053618538075,6
1365,deepseek_v4_pro_max,31.24870522817339,7
1365,qwen3_8_max,22.378022949611683,8
1365,glm_5_2_max,19.350717285302682,9
1365,deepseek_v4_flash_max,18.170911531465993,10
1366,claude_fable_5_max,84.00661111606865,1
1366,claude_opus_4_8_max,55.18999671675621,2
1366,kimi_k3_max,54.05208854519634,3
1366,qwen3_8_max,51.74677165465786,4
1366,gpt_5_5_xhigh,44.68277052496228,5
1366,gpt_5_6_sol_max,28.617456139678247,6
1366,deepseek_v4_pro_max,27.496095966736295,7
1366,deepseek_v4_flash_max,22.20874930828728,8
1366,gemini_3_1_pro_high,17.059477294030124,9
1366,glm_5_2_max,10.947930353248731,10
1367,qwen3_8_max,75.39626426726943,1
1367,gpt_5_6_sol_max,71.43492668582937,2
1367,kimi_k3_max,53.03769343811906,3
1367,gemini_3_1_pro_high,44.71302168316899,4
1367,glm_5_2_max,34.572604906401,5
1367,claude_fable_5_max,33.40025044809605,6
1367,gpt_5_5_xhigh,28.424388409994403,7
1367,deepseek_v4_flash_max,23.5815491555485,8
1367,claude_opus_4_8_max,21.393223919699736,9
1367,deepseek_v4_pro_max,12.987484954608892,10
1368,claude_fable_5_max,72.1758707253059,1
1368,gpt_5_5_xhigh,57.90042919717983,2
1368,gemini_3_1_pro_high,39.25106070043769,3
1368,kimi_k3_max,37.10421405524617,4
1368,qwen3_8_max,36.74422634983725,5
1368,gpt_5_6_sol_max,33.06627444718315,6
1368,glm_5_2_max,31.99766327517474,7
1368,deepseek_v4_pro_max,29.722121640917187,8
1368,deepseek_v4_flash_max,24.04627925401362,9
1368,claude_opus_4_8_max,21.091423568233292,10
1369,gpt_5_6_sol_max,72.62860979814099,1
1369,gemini_3_1_pro_high,59.06282009345951,2
1369,kimi_k3_max,52.04658302437005,3
1369,claude_fable_5_max,50.504888671159364,4
1369,gpt_5_5_xhigh,41.137933974880006,5
1369,qwen3_8_max,33.51866164243004,6
1369,deepseek_v4_flash_max,28.669629494796236,7
1369,claude_opus_4_8_max,21.5671708748758,8
1369,glm_5_2_max,17.457573169591555,9
1369,deepseek_v4_pro_max,1.2376432953534724,10
1370,gpt_5_5_xhigh,62.1463081103834,1
1370,gpt_5_6_sol_max,61.13475906494946,2
1370,kimi_k3_max,51.968631113411384,3
1370,qwen3_8_max,43.499316696634295,4
1370,claude_fable_5_max,40.55554972985434,5
1370,gemini_3_1_pro_high,38.532360400058515,6
1370,claude_opus_4_8_max,19.55477477728221,7
1370,deepseek_v4_pro_max,19.287858512678262,8
1370,glm_5_2_max,18.947954103615633,9
1370,deepseek_v4_flash_max,8.236603626025445,10
1371,kimi_k3_max,77.65044141340694,1
1371,claude_opus_4_8_max,63.42891150193026,2
1371,gemini_3_1_pro_high,57.15056520227437,3
1371,gpt_5_5_xhigh,57.011540858120455,4
1371,qwen3_8_max,52.15170580868987,5
1371,claude_fable_5_max,50.87518706205883,6
1371,glm_5_2_max,34.0113789391954,7
1371,gpt_5_6_sol_max,19.518683907882448,8
1371,deepseek_v4_flash_max,19.170467105855813,9
1371,deepseek_v4_pro_max,13.531713851110167,10
1372,claude_fable_5_max,75.72552690761414,1
1372,gpt_5_6_sol_max,68.36759315376446,2
1372,kimi_k3_max,64.30717137696385,3
1372,qwen3_8_max,60.891603659652276,4
1372,gemini_3_1_pro_high,35.933025608384156,5
1372,gpt_5_5_xhigh,35.028106157606395,6
1372,glm_5_2_max,26.757760553553233,7
1372,deepseek_v4_flash_max,26.000056888979024,8
1372,claude_opus_4_8_max,23.588282636562873,9
1372,deepseek_v4_pro_max,17.919757065386424,10
1373,claude_fable_5_max,78.59808961627343,1
1373,gpt_5_5_xhigh,68.82338961320353,2
1373,gemini_3_1_pro_high,59.87368210116058,3
1373,kimi_k3_max,42.83297622709577,4
1373,deepseek_v4_pro_max,40.79968385323048,5
1373,claude_opus_4_8_max,40.52068895235112,6
1373,gpt_5_6_sol_max,33.894617204027135,7
1373,qwen3_8_max,26.226848489189017,8
1373,glm_5_2_max,24.844751073354807,9
1373,deepseek_v4_flash_max,16.347009245574334,10
1374,qwen3_8_max,68.00542091898905,1
1374,kimi_k3_max,63.449626506135104,2
1374,claude_fable_5_max,58.56298219253203,3
1374,gemini_3_1_pro_high,55.68631226162887,4
1374,gpt_5_5_xhigh,49.71439765018093,5
1374,gpt_5_6_sol_max,42.02682352499366,6
1374,glm_5_2_max,37.99555592455602,7
1374,deepseek_v4_flash_max,27.69464087926369,8
1374,claude_opus_4_8_max,25.257074062570787,9
1374,deepseek_v4_pro_max,16.70667165480739,10
1375,gpt_5_6_sol_max,78.77287085147852,1
1375,gemini_3_1_pro_high,65.29828741451973,2
1375,qwen3_8_max,55.91460568139132,3
1375,kimi_k3_max,54.91670105227554,4
1375,deepseek_v4_pro_max,41.63581224990491,5
1375,gpt_5_5_xhigh,35.82357024541124,6
1375,claude_opus_4_8_max,26.148326192911355,7
1375,glm_5_2_max,25.166830923384957,8
1375,claude_fable_5_max,17.30775581591156,9
1375,deepseek_v4_flash_max,8.207234461386864,10
1376,kimi_k3_max,74.35905331607952,1
1376,claude_fable_5_max,63.59865066669701,2
1376,qwen3_8_max,47.83510665353127,3
1376,claude_opus_4_8_max,45.00156784955813,4
1376,gpt_5_6_sol_max,43.06872550159271,5
1376,gemini_3_1_pro_high,33.00788597993227,6
1376,glm_5_2_max,25.612686594281364,7
1376,gpt_5_5_xhigh,22.70311574522286,8
1376,deepseek_v4_pro_max,17.80194715500287,9
1376,deepseek_v4_flash_max,6.865925748816268,10
1377,claude_opus_4_8_max,71.13488975542646,1
1377,gemini_3_1_pro_high,59.88716542050582,2
1377,gpt_5_5_xhigh,55.63689267767265,3
1377,qwen3_8_max,45.12947380625963,4
1377,kimi_k3_max,41.853076018058964,5
1377,deepseek_v4_pro_max,38.64394848986673,6
1377,gpt_5_6_sol_max,33.134711638399715,7
1377,deepseek_v4_flash_max,25.274234029732693,8
1377,glm_5_2_max,24.70680100935983,9
1377,claude_fable_5_max,18.90039526921666,10
1378,gpt_5_5_xhigh,84.20735009082395,1
1378,claude_fable_5_max,51.88631572261501,2
1378,kimi_k3_max,48.282852436811666,3
1378,glm_5_2_max,39.28861366485167,4
1378,qwen3_8_max,34.231975980473294,5
1378,gemini_3_1_pro_high,32.0321763771948,6
1378,gpt_5_6_sol_max,27.094575910166355,7
1378,deepseek_v4_flash_max,26.01674333026724,8
1378,claude_opus_4_8_max,25.53097720360241,9
1378,deepseek_v4_pro_max,18.558194192966294,10
1379,claude_fable_5_max,67.08379465214033,1
1379,qwen3_8_max,60.58901893088569,2
1379,gpt_5_6_sol_max,57.02011829883278,3
1379,gemini_3_1_pro_high,51.55363747744585,4
1379,deepseek_v4_pro_max,46.646080908204084,5
1379,kimi_k3_max,41.97147578047307,6
1379,gpt_5_5_xhigh,29.20486121230752,7
1379,claude_opus_4_8_max,25.3488809206921,8
1379,glm_5_2_max,16.954887847465066,9
1379,deepseek_v4_flash_max,10.475877849364654,10
1380,claude_fable_5_max,71.40774886113044,1
1380,gemini_3_1_pro_high,66.9967475832724,2
1380,kimi_k3_max,66.62025605291046,3
1380,qwen3_8_max,55.13414666168191,4
1380,claude_opus_4_8_max,52.20026860228922,5
1380,glm_5_2_max,41.02173536866223,6
1380,gpt_5_6_sol_max,35.197973324850125,7
1380,deepseek_v4_pro_max,33.42299462729197,8
1380,gpt_5_5_xhigh,30.84853353268142,9
1380,deepseek_v4_flash_max,17.571007767129796,10
1381,qwen3_8_max,74.63696878222154,1
1381,gpt_5_6_sol_max,69.70048970759485,2
1381,claude_opus_4_8_max,68.91593593427575,3
1381,gemini_3_1_pro_high,58.459998827026936,4
1381,gpt_5_5_xhigh,54.71750527355015,5
1381,kimi_k3_max,40.13935508552154,6
1381,glm_5_2_max,28.455614572742103,7
1381,deepseek_v4_flash_max,26.663988066433454,8
1381,claude_fable_5_max,26.20325823432464,9
1381,deepseek_v4_pro_max,22.81987040206436,10
1382,claude_opus_4_8_max,67.6289788843683,1
1382,kimi_k3_max,66.88503756396831,2
1382,qwen3_8_max,53.37021034296992,3
1382,gemini_3_1_pro_high,41.5146962198088,4
1382,gpt_5_6_sol_max,39.85006481304921,5
1382,claude_fable_5_max,34.844058144370095,6
1382,deepseek_v4_flash_max,32.622292132059286,7
1382,glm_5_2_max,25.52435898661526,8
1382,gpt_5_5_xhigh,21.53757635032416,9
1382,deepseek_v4_pro_max,19.502871515600376,10
1383,gpt_5_6_sol_max,76.98061026452613,1
1383,qwen3_8_max,75.9960564153548,2
1383,kimi_k3_max,71.25214980945607,3
1383,gemini_3_1_pro_high,68.67480077945818,4
1383,claude_opus_4_8_max,57.07849310012806,5
1383,claude_fable_5_max,54.907567125204,6
1383,gpt_5_5_xhigh,35.3222149229841,7
1383,glm_5_2_max,30.4407984268704,8
1383,deepseek_v4_pro_max,29.13190248214928,9
1383,deepseek_v4_flash_max,20.416545471482934,10
1384,kimi_k3_max,79.57733267223807,1
1384,qwen3_8_max,68.57397322809908,2
1384,claude_fable_5_max,63.65555915718023,3
1384,gpt_5_6_sol_max,60.6192368553355,4
1384,deepseek_v4_pro_max,38.44932213976704,5
1384,gemini_3_1_pro_high,33.8668895956138,6
1384,claude_opus_4_8_max,28.627941880292486,7
1384,gpt_5_5_xhigh,21.983952911011503,8
1384,glm_5_2_max,14.103099078352923,9
1384,deepseek_v4_flash_max,10.174490430803177,10
1385,claude_fable_5_max,70.52334574693612,1
1385,qwen3_8_max,65.36898007875207,2
1385,gpt_5_6_sol_max,46.11690203381815,3
1385,kimi_k3_max,45.384118565623595,4
1385,claude_opus_4_8_max,45.27334854770147,5
1385,deepseek_v4_pro_max,37.60550564180118,6
1385,gpt_5_5_xhigh,35.21884875123904,7
1385,gemini_3_1_pro_high,29.51915405750175,8
1385,deepseek_v4_flash_max,28.89787351471732,9
1385,glm_5_2_max,24.826466912536784,10
1386,kimi_k3_max,80.24777040059956,1
1386,claude_fable_5_max,73.68503124709154,2
1386,gemini_3_1_pro_high,71.38425094878868,3
1386,gpt_5_6_sol_max,63.435717481163955,4
1386,claude_opus_4_8_max,59.8539113614217,5
1386,qwen3_8_max,52.548737375866736,6
1386,glm_5_2_max,49.312466966783674,7
1386,gpt_5_5_xhigh,37.51352820364836,8
1386,deepseek_v4_pro_max,21.82580723794608,9
1386,deepseek_v4_flash_max,15.646799112230688,10
1387,gpt_5_5_xhigh,66.10791997931075,1
1387,claude_fable_5_max,63.71336409541178,2
1387,gemini_3_1_pro_high,61.640148713045065,3
1387,gpt_5_6_sol_max,56.26743730571026,4
1387,claude_opus_4_8_max,54.141495661912316,5
1387,qwen3_8_max,46.95606594299204,6
1387,kimi_k3_max,32.992319755511744,7
1387,deepseek_v4_pro_max,32.095582026962674,8
1387,glm_5_2_max,31.151850894556596,9
1387,deepseek_v4_flash_max,8.380337946195588,10
1388,gpt_5_5_xhigh,74.16038258660521,1
1388,claude_opus_4_8_max,52.099531567428905,2
1388,gpt_5_6_sol_max,38.09034969294994,3
1388,qwen3_8_max,32.34796611248682,4
1388,claude_fable_5_max,27.30251451664337,5
1388,glm_5_2_max,25.12211568673674,6
1388,kimi_k3_max,23.27697743013407,7
1388,deepseek_v4_pro_max,21.361692614726493,8
1388,gemini_3_1_pro_high,18.977342425621888,9
1388,deepseek_v4_flash_max,14.790390764752832,10
1389,gpt_5_5_xhigh,85.39880659483468,1
1389,kimi_k3_max,73.79156774826492,2
1389,gpt_5_6_sol_max,71.6967054241723,3
1389,gemini_3_1_pro_high,47.97727984994,4
1389,claude_fable_5_max,47.19403589036015,5
1389,deepseek_v4_pro_max,34.860955956537666,6
1389,claude_opus_4_8_max,27.544606019612747,7
1389,qwen3_8_max,23.11647310524501,8
1389,glm_5_2_max,20.106224195706854,9
1389,deepseek_v4_flash_max,19.168597690054536,10
1390,gpt_5_6_sol_max,90.78206131538212,1
1390,claude_fable_5_max,59.64847382784788,2
1390,gemini_3_1_pro_high,54.16303432938099,3
1390,gpt_5_5_xhigh,37.80099383033986,4
1390,kimi_k3_max,34.55183252232859,5
1390,deepseek_v4_flash_max,31.794541268105895,6
1390,qwen3_8_max,31.102538742801375,7
1390,claude_opus_4_8_max,26.21590677998207,8
1390,deepseek_v4_pro_max,25.168427029935245,9
1390,glm_5_2_max,19.130787190243964,10
1391,gpt_5_5_xhigh,77.09094945083073,1
1391,gpt_5_6_sol_max,71.3031205789965,2
1391,claude_fable_5_max,65.90417569452174,3
1391,kimi_k3_max,39.41874185296652,4
1391,gemini_3_1_pro_high,36.2342283246319,5
1391,qwen3_8_max,35.047295849584856,6
1391,glm_5_2_max,34.787734971134334,7
1391,deepseek_v4_flash_max,31.955784636383292,8
1391,claude_opus_4_8_max,28.002588954949765,9
1391,deepseek_v4_pro_max,10.692660114534263,10
1392,claude_fable_5_max,73.62346712058053,1
1392,gpt_5_6_sol_max,70.82999226657276,2
1392,qwen3_8_max,49.788479955243254,3
1392,gpt_5_5_xhigh,31.70278465949074,4
1392,gemini_3_1_pro_high,30.751339012910563,5
1392,claude_opus_4_8_max,22.042871434975417,6
1392,deepseek_v4_pro_max,20.155427881236534,7
1392,kimi_k3_max,19.84146152574642,8
1392,glm_5_2_max,18.715959245828174,9
1392,deepseek_v4_flash_max,15.996041337111357,10
1393,claude_opus_4_8_max,65.28302858460796,1
1393,gpt_5_6_sol_max,64.0048546078252,2
1393,gemini_3_1_pro_high,57.20757940995414,3
1393,qwen3_8_max,45.4244937430922,4
1393,claude_fable_5_max,42.47159696325525,5
1393,kimi_k3_max,38.820909360820195,6
1393,gpt_5_5_xhigh,38.43774646612036,7
1393,deepseek_v4_pro_max,33.929363627334624,8
1393,deepseek_v4_flash_max,25.931122550982053,9
1393,glm_5_2_max,14.001616942798302,10
1394,claude_fable_5_max,82.88612476441111,1
1394,kimi_k3_max,74.88450787208541,2
1394,gpt_5_6_sol_max,67.97258284603953,3
1394,qwen3_8_max,65.89911121072745,4
1394,gpt_5_5_xhigh,53.02115355557271,5
1394,gemini_3_1_pro_high,44.50448693306846,6
1394,deepseek_v4_flash_max,32.88795840993461,7
1394,claude_opus_4_8_max,32.27001310866653,8
1394,deepseek_v4_pro_max,26.54962254257115,9
1394,glm_5_2_max,16.97890313276431,10
1395,claude_opus_4_8_max,65.45859066958263,1
1395,gpt_5_6_sol_max,43.751022536513034,2
1395,kimi_k3_max,42.580701884061675,3
1395,gemini_3_1_pro_high,40.02475503042776,4
1395,gpt_5_5_xhigh,37.68770847859787,5
1395,claude_fable_5_max,34.95221353960103,6
1395,glm_5_2_max,28.204553464597083,7
1395,deepseek_v4_pro_max,28.045000186090874,8
1395,qwen3_8_max,24.338562380045595,9
1395,deepseek_v4_flash_max,6.582921064811291,10
1396,claude_opus_4_8_max,71.17901017717229,1
1396,gemini_3_1_pro_high,70.86622072180054,2
1396,gpt_5_6_sol_max,65.43859641596399,3
1396,kimi_k3_max,62.296954325016685,4
1396,qwen3_8_max,55.353625268191415,5
1396,claude_fable_5_max,54.69921811923869,6
1396,gpt_5_5_xhigh,39.598415473636074,7
1396,glm_5_2_max,29.30214034605072,8
1396,deepseek_v4_pro_max,27.56455520164179,9
1396,deepseek_v4_flash_max,13.946334498487863,10
1397,gpt_5_6_sol_max,66.38348348661327,1
1397,claude_opus_4_8_max,51.55978213244508,2
1397,claude_fable_5_max,42.03202971097232,3
1397,deepseek_v4_flash_max,38.937733552834985,4
1397,qwen3_8_max,36.40520699190923,5
1397,kimi_k3_max,35.548800374849364,6
1397,glm_5_2_max,24.68881916155523,7
1397,gpt_5_5_xhigh,21.2683293132605,8
1397,deepseek_v4_pro_max,20.661391048853957,9
1397,gemini_3_1_pro_high,12.244310521447918,10
1398,claude_fable_5_max,86.0006468744383,1
1398,kimi_k3_max,56.65764915993745,2
1398,gpt_5_6_sol_max,55.755494887633944,3
1398,gemini_3_1_pro_high,55.29927470143713,4
1398,gpt_5_5_xhigh,50.601718327324534,5
1398,deepseek_v4_flash_max,28.378420199723937,6
1398,claude_opus_4_8_max,24.677301665009985,7
1398,deepseek_v4_pro_max,24.39637740494569,8
1398,qwen3_8_max,19.606439192649958,9
1398,glm_5_2_max,19.051749064855493,10
1399,claude_fable_5_max,62.795099901132616,1
1399,gemini_3_1_pro_high,62.64070222236575,2
1399,qwen3_8_max,62.35560488356458,3
1399,kimi_k3_max,60.073762779249016,4
1399,gpt_5_5_xhigh,56.86177632906679,5
1399,gpt_5_6_sol_max,53.46152013322359,6
1399,deepseek_v4_pro_max,29.634456332795178,7
1399,claude_opus_4_8_max,23.726820205043563,8
1399,glm_5_2_max,19.2552431930383,9
1399,deepseek_v4_flash_max,17.319550648069878,10
1400,gpt_5_6_sol_max,65.64649821006802,1
1400,deepseek_v4_pro_max,46.69854650774281,2
1400,claude_opus_4_8_max,45.29809666368776,3
1400,claude_fable_5_max,39.96708651052124,4
1400,qwen3_8_max,39.34878676083045,5
1400,gemini_3_1_pro_high,38.00663558227579,6
1400,gpt_5_5_xhigh,29.848438932708,7
1400,kimi_k3_max,28.469773258366377,8
1400,glm_5_2_max,21.211700631583703,9
1400,deepseek_v4_flash_max,5.382106983696265,10
1401,gemini_3_1_pro_high,73.55840991789213,1
1401,kimi_k3_max,58.630789359977136,2
1401,gpt_5_5_xhigh,50.90419451244003,3
1401,claude_opus_4_8_max,37.86693807123256,4
1401,claude_fable_5_max,37.179091233301335,5
1401,deepseek_v4_pro_max,34.82957535369561,6
1401,gpt_5_6_sol_max,30.385173463430377,7
1401,glm_5_2_max,27.99897917462986,8
1401,qwen3_8_max,25.870374746214885,9
1401,deepseek_v4_flash_max,13.189101148409426,10
1402,qwen3_8_max,74.15545155586518,1
1402,gpt_5_5_xhigh,71.16483784799443,2
1402,claude_fable_5_max,59.848329729458044,3
1402,kimi_k3_max,50.08526196061108,4
1402,gpt_5_6_sol_max,48.09179146819853,5
1402,glm_5_2_max,32.94151247213396,6
1402,deepseek_v4_pro_max,31.410619496858644,7
1402,deepseek_v4_flash_max,30.766974632513264,8
1402,gemini_3_1_pro_high,29.962879859277297,9
1402,claude_opus_4_8_max,27.875257998864885,10
1403,qwen3_8_max,79.54754206271926,1
1403,deepseek_v4_pro_max,57.237611586672244,2
1403,gpt_5_6_sol_max,56.587220379199124,3
1403,gemini_3_1_pro_high,53.30029382626053,4
1403,claude_opus_4_8_max,48.48514939271116,5
1403,claude_fable_5_max,48.03879227496766,6
1403,gpt_5_5_xhigh,46.08861041602958,7
1403,kimi_k3_max,37.904016029152885,8
1403,glm_5_2_max,29.539999030086634,9
1403,deepseek_v4_flash_max,21.623168162042123,10
1404,gpt_5_5_xhigh,78.75830760550573,1
1404,gemini_3_1_pro_high,62.769353173999136,2
1404,qwen3_8_max,53.38862162025367,3
1404,claude_opus_4_8_max,53.38331873669797,4
1404,gpt_5_6_sol_max,47.303084535188376,5
1404,claude_fable_5_max,43.55390332667312,6
1404,kimi_k3_max,27.442640566758794,7
1404,deepseek_v4_flash_max,24.847778507600374,8
1404,glm_5_2_max,18.26518671382536,9
1404,deepseek_v4_pro_max,13.018785453608952,10
1405,gpt_5_5_xhigh,70.5986250991144,1
1405,claude_opus_4_8_max,62.97430956026575,2
1405,gemini_3_1_pro_high,62.04507379239178,3
1405,claude_fable_5_max,61.921299047199895,4
1405,gpt_5_6_sol_max,60.46418508455382,5
1405,qwen3_8_max,56.58288998385676,6
1405,deepseek_v4_flash_max,39.752964776007715,7
1405,glm_5_2_max,33.06046453030298,8
1405,kimi_k3_max,23.897452391178312,9
1405,deepseek_v4_pro_max,21.658589150324804,10
1406,gpt_5_6_sol_max,79.7171211389886,1
1406,claude_fable_5_max,59.442551810698184,2
1406,qwen3_8_max,53.0235515543507,3
1406,kimi_k3_max,48.38226950515171,4
1406,gemini_3_1_pro_high,41.16166959441864,5
1406,claude_opus_4_8_max,40.412705431456786,6
1406,deepseek_v4_flash_max,32.33009764259919,7
1406,deepseek_v4_pro_max,26.998004576017124,8
1406,gpt_5_5_xhigh,23.483418662408475,9
1406,glm_5_2_max,14.576178277828953,10
1407,gpt_5_5_xhigh,65.03959523381204,1
1407,claude_fable_5_max,61.73149887142327,2
1407,qwen3_8_max,54.87597018397848,3
1407,kimi_k3_max,52.254365957245795,4
1407,deepseek_v4_flash_max,46.90085186965935,5
1407,claude_opus_4_8_max,32.57662628231865,6
1407,gpt_5_6_sol_max,29.30045457541559,7
1407,gemini_3_1_pro_high,24.97414225487938,8
1407,deepseek_v4_pro_max,24.30205746702815,9
1407,glm_5_2_max,13.681737376853645,10
1408,gpt_5_6_sol_max,89.80726974232456,1
1408,claude_fable_5_max,62.51066751738303,2
1408,gemini_3_1_pro_high,48.946877028931546,3
1408,qwen3_8_max,45.60358623148595,4
1408,deepseek_v4_pro_max,26.84507787478893,5
1408,deepseek_v4_flash_max,26.673837407076192,6
1408,kimi_k3_max,25.38034476883867,7
1408,claude_opus_4_8_max,22.79585049705193,8
1408,gpt_5_5_xhigh,19.105241901691816,9
1408,glm_5_2_max,19.096733562150753,10
1409,claude_opus_4_8_max,72.48339393324548,1
1409,kimi_k3_max,64.43764271295439,2
1409,gemini_3_1_pro_high,64.34015257736704,3
1409,qwen3_8_max,42.801270673088695,4
1409,claude_fable_5_max,41.85253023527669,5
1409,gpt_5_6_sol_max,41.000455786015735,6
1409,gpt_5_5_xhigh,39.92577220219632,7
1409,deepseek_v4_flash_max,38.12987027134659,8
1409,glm_5_2_max,37.552307760570955,9
1409,deepseek_v4_pro_max,5.311307155995897,10
1410,kimi_k3_max,72.69732115865745,1
1410,qwen3_8_max,70.30041676633383,2
1410,gpt_5_5_xhigh,63.023157161499554,3
1410,claude_fable_5_max,53.66671961750691,4
1410,gpt_5_6_sol_max,47.61260225036495,5
1410,gemini_3_1_pro_high,38.303134893205915,6
1410,deepseek_v4_pro_max,25.03874652625744,7
1410,glm_5_2_max,20.210478576996024,8
1410,deepseek_v4_flash_max,18.07159635959665,9
1410,claude_opus_4_8_max,17.373409677868295,10
1411,gpt_5_6_sol_max,69.5769497829827,1
1411,kimi_k3_max,69.15818091022659,2
1411,gpt_5_5_xhigh,57.23941779590565,3
1411,claude_fable_5_max,56.98711362057861,4
1411,qwen3_8_max,53.18721336885787,5
1411,deepseek_v4_pro_max,35.153873011160385,6
1411,claude_opus_4_8_max,34.58624041332109,7
1411,glm_5_2_max,28.170699386161978,8
1411,deepseek_v4_flash_max,26.630599316406794,9
1411,gemini_3_1_pro_high,9.902698020445946,10
1412,kimi_k3_max,72.37478209172781,1
1412,claude_fable_5_max,62.35888653196361,2
1412,qwen3_8_max,57.42992689710436,3
1412,gpt_5_6_sol_max,57.177276212945124,4
1412,deepseek_v4_pro_max,42.984279387007355,5
1412,claude_opus_4_8_max,40.598755654205604,6
1412,glm_5_2_max,25.505496986737015,7
1412,gpt_5_5_xhigh,24.16248568082615,8
1412,gemini_3_1_pro_high,20.801172921919527,9
1412,deepseek_v4_flash_max,6.254715269470309,10
1413,gpt_5_6_sol_max,84.27389081020763,1
1413,claude_fable_5_max,70.87608177052354,2
1413,qwen3_8_max,49.37774317980606,3
1413,gemini_3_1_pro_high,40.429561142915205,4
1413,claude_opus_4_8_max,39.95641970520876,5
1413,deepseek_v4_flash_max,39.72603324130532,6
1413,kimi_k3_max,36.649867574645015,7
1413,glm_5_2_max,26.299757168804163,8
1413,gpt_5_5_xhigh,25.97701297778831,9
1413,deepseek_v4_pro_max,16.81498377237264,10
1414,claude_opus_4_8_max,77.36125708831618,1
1414,qwen3_8_max,68.86619904893269,2
1414,gpt_5_5_xhigh,65.52513287768149,3
1414,gemini_3_1_pro_high,54.71934176449498,4
1414,gpt_5_6_sol_max,44.44390047954884,5
1414,claude_fable_5_max,42.343556808258114,6
1414,deepseek_v4_flash_max,35.324470016558614,7
1414,glm_5_2_max,32.87430600877529,8
1414,kimi_k3_max,24.173433204173865,9
1414,deepseek_v4_pro_max,17.50591246544651,10
1415,gpt_5_6_sol_max,79.21339355211038,1
1415,gpt_5_5_xhigh,41.90928923615733,2
1415,gemini_3_1_pro_high,41.84488832689838,3
1415,claude_fable_5_max,40.75128107929904,4
1415,qwen3_8_max,36.985882799034165,5
1415,claude_opus_4_8_max,35.91658259391565,6
1415,glm_5_2_max,26.444224086833753,7
1415,deepseek_v4_flash_max,26.328886950918466,8
1415,deepseek_v4_pro_max,24.597317520449124,9
1415,kimi_k3_max,18.572052345969325,10
1416,claude_opus_4_8_max,64.34841610970437,1
1416,qwen3_8_max,55.591100281440276,2
1416,gpt_5_6_sol_max,52.07411184977977,3
1416,gemini_3_1_pro_high,51.57570017256954,4
1416,claude_fable_5_max,44.68005967681911,5
1416,kimi_k3_max,37.22265720556096,6
1416,deepseek_v4_pro_max,31.479430658836947,7
1416,gpt_5_5_xhigh,24.000814506885668,8
1416,deepseek_v4_flash_max,19.46076375080451,9
1416,glm_5_2_max,18.467061566158364,10
1417,gpt_5_6_sol_max,77.5965680043902,1
1417,qwen3_8_max,69.18709693807622,2
1417,claude_fable_5_max,55.39874792618349,3
1417,gemini_3_1_pro_high,39.61922194604096,4
1417,kimi_k3_max,37.393772818278734,5
1417,deepseek_v4_pro_max,36.55303627620618,6
1417,glm_5_2_max,32.30160971434887,7
1417,gpt_5_5_xhigh,27.7504702660967,8
1417,claude_opus_4_8_max,19.437896765924577,9
1417,deepseek_v4_flash_max,19.267392864192217,10
1418,kimi_k3_max,74.97183344881503,1
1418,claude_fable_5_max,49.9111430737223,2
1418,gpt_5_5_xhigh,47.952573928154095,3
1418,qwen3_8_max,45.50202070330394,4
1418,gpt_5_6_sol_max,28.608930201360867,5
1418,claude_opus_4_8_max,24.78499875244932,6
1418,glm_5_2_max,21.63522636373321,7
1418,deepseek_v4_pro_max,20.95810233771961,8
1418,deepseek_v4_flash_max,20.73451295271417,9
1418,gemini_3_1_pro_high,16.68050016729447,10
1419,qwen3_8_max,55.58279673604383,1
1419,claude_opus_4_8_max,55.36404815951902,2
1419,gpt_5_6_sol_max,46.24221008953219,3
1419,gemini_3_1_pro_high,45.23056090328725,4
1419,deepseek_v4_flash_max,39.83879090437305,5
1419,claude_fable_5_max,33.02714611669229,6
1419,gpt_5_5_xhigh,31.740574165796055,7
1419,kimi_k3_max,29.631664084252996,8
1419,glm_5_2_max,26.917487489561378,9
1419,deepseek_v4_pro_max,18.96373954384594,10
1420,kimi_k3_max,69.69662301298122,1
1420,gpt_5_6_sol_max,63.416340717829534,2
1420,qwen3_8_max,55.449965764833465,3
1420,claude_fable_5_max,49.64784184100246,4
1420,claude_opus_4_8_max,47.648358571090306,5
1420,deepseek_v4_pro_max,29.592545631759037,6
1420,glm_5_2_max,28.69685766477984,7
1420,gpt_5_5_xhigh,24.486469384076308,8
1420,gemini_3_1_pro_high,23.54304890295287,9
1420,deepseek_v4_flash_max,21.338689412283724,10
1421,claude_opus_4_8_max,73.34662983337275,1
1421,qwen3_8_max,60.569922721827936,2
1421,kimi_k3_max,59.18678064047217,3
1421,gpt_5_6_sol_max,55.95369254341135,4
1421,claude_fable_5_max,49.5340314818213,5
1421,gemini_3_1_pro_high,46.85015997418822,6
1421,gpt_5_5_xhigh,39.82367455836402,7
1421,deepseek_v4_pro_max,37.79344433664174,8
1421,deepseek_v4_flash_max,34.31073050805834,9
1421,glm_5_2_max,24.05443756774781,10
1422,claude_fable_5_max,63.43266548740531,1
1422,qwen3_8_max,60.2317371194834,2
1422,kimi_k3_max,51.57209890548716,3
1422,claude_opus_4_8_max,48.39897100418855,4
1422,gemini_3_1_pro_high,43.49503534116444,5
1422,gpt_5_5_xhigh,28.171853559086347,6
1422,deepseek_v4_pro_max,26.743742272415734,7
1422,gpt_5_6_sol_max,20.665696666739525,8
1422,deepseek_v4_flash_max,17.07854484234467,9
1422,glm_5_2_max,10.670601071462277,10
1423,claude_fable_5_max,63.523251675600605,1
1423,gemini_3_1_pro_high,62.77820988668444,2
1423,claude_opus_4_8_max,49.79670015907077,3
1423,gpt_5_6_sol_max,41.63622141059974,4
1423,deepseek_v4_flash_max,41.11445699172952,5
1423,qwen3_8_max,40.28497406256726,6
1423,kimi_k3_max,38.9875231372614,7
1423,gpt_5_5_xhigh,30.905314778428366,8
1423,glm_5_2_max,30.585665509996048,9
1423,deepseek_v4_pro_max,8.258420982499244,10
1424,kimi_k3_max,74.76409604537196,1
1424,claude_fable_5_max,65.75786836829296,2
1424,gpt_5_6_sol_max,51.1815603487951,3
1424,claude_opus_4_8_max,41.285733709879125,4
1424,gpt_5_5_xhigh,40.716688504400246,5
1424,gemini_3_1_pro_high,38.66114183442934,6
1424,qwen3_8_max,31.781688460638918,7
1424,glm_5_2_max,23.684572738069694,8
1424,deepseek_v4_flash_max,14.856422429793636,9
1424,deepseek_v4_pro_max,13.17393229751694,10
1425,claude_fable_5_max,78.43564724118474,1
1425,claude_opus_4_8_max,45.41770740247464,2
1425,kimi_k3_max,42.49443280455606,3
1425,gemini_3_1_pro_high,42.371036871315845,4
1425,gpt_5_6_sol_max,34.942014754215734,5
1425,gpt_5_5_xhigh,32.64790373038012,6
1425,qwen3_8_max,31.431760524723707,7
1425,deepseek_v4_flash_max,29.780886489958657,8
1425,glm_5_2_max,29.66348887372426,9
1425,deepseek_v4_pro_max,22.502211454208506,10
1426,gpt_5_6_sol_max,76.44895316818658,1
1426,claude_fable_5_max,74.41556265528038,2
1426,gpt_5_5_xhigh,70.58436396951225,3
1426,gemini_3_1_pro_high,60.03866133379479,4
1426,deepseek_v4_pro_max,39.823308571492355,5
1426,glm_5_2_max,29.521895154685524,6
1426,qwen3_8_max,28.83839623250867,7
1426,claude_opus_4_8_max,25.32850590358651,8
1426,deepseek_v4_flash_max,22.780392990998084,9
1426,kimi_k3_max,15.797449078172564,10
1427,claude_fable_5_max,78.30997114618569,1
1427,gpt_5_6_sol_max,74.79432726054694,2
1427,claude_opus_4_8_max,71.5253846550322,3
1427,gpt_5_5_xhigh,69.44195260512774,4
1427,deepseek_v4_pro_max,46.35680557068289,5
1427,gemini_3_1_pro_high,42.85423224996786,6
1427,qwen3_8_max,40.701143260114264,7
1427,kimi_k3_max,29.60890104992645,8
1427,glm_5_2_max,24.760776580310086,9
1427,deepseek_v4_flash_max,23.93068446946788,10
1428,gpt_5_6_sol_max,65.00518229700253,1
1428,claude_opus_4_8_max,58.63352179024747,2
1428,qwen3_8_max,53.25758687342881,3
1428,gpt_5_5_xhigh,52.935873790613655,4
1428,glm_5_2_max,47.495809255607355,5
1428,kimi_k3_max,45.71649984187894,6
1428,deepseek_v4_pro_max,44.340956860496064,7
1428,claude_fable_5_max,39.187203957986604,8
1428,gemini_3_1_pro_high,26.71759695099925,9
1428,deepseek_v4_flash_max,15.268566868291085,10
1429,claude_fable_5_max,71.60114065765028,1
1429,gemini_3_1_pro_high,65.02703346823341,2
1429,claude_opus_4_8_max,64.30690211109462,3
1429,qwen3_8_max,44.6252844677623,4
1429,gpt_5_5_xhigh,37.62374442848832,5
1429,kimi_k3_max,26.56740713589084,6
1429,gpt_5_6_sol_max,24.624352446429477,7
1429,glm_5_2_max,20.735956549166723,8
1429,deepseek_v4_pro_max,13.573277083385229,9
1429,deepseek_v4_flash_max,4.097743946206134,10
1430,gpt_5_6_sol_max,66.61642616675871,1
1430,kimi_k3_max,62.67665796579917,2
1430,qwen3_8_max,59.742023216442604,3
1430,claude_opus_4_8_max,43.314973697990624,4
1430,deepseek_v4_pro_max,35.656138858976284,5
1430,gemini_3_1_pro_high,33.776791651429804,6
1430,gpt_5_5_xhigh,30.285147978418248,7
1430,claude_fable_5_max,29.524880910890055,8
1430,glm_5_2_max,26.867290524266476,9
1430,deepseek_v4_flash_max,25.70859657072029,10
1431,gpt_5_6_sol_max,62.89993499230428,1
1431,claude_opus_4_8_max,62.00374934524589,2
1431,kimi_k3_max,52.3560576054947,3
1431,gemini_3_1_pro_high,49.23133628561171,4
1431,qwen3_8_max,41.64976683073326,5
1431,claude_fable_5_max,41.22470781145818,6
1431,deepseek_v4_pro_max,33.05925877369854,7
1431,gpt_5_5_xhigh,27.087647209349132,8
1431,glm_5_2_max,24.683643496603167,9
1431,deepseek_v4_flash_max,20.50295382901531,10
1432,gpt_5_6_sol_max,76.23199249591995,1
1432,kimi_k3_max,69.15452546376386,2
1432,qwen3_8_max,61.70138317248429,3
1432,gpt_5_5_xhigh,61.60131568053269,4
1432,deepseek_v4_pro_max,43.81229630819442,5
1432,gemini_3_1_pro_high,41.57134585347271,6
1432,claude_opus_4_8_max,40.95315255398504,7
1432,claude_fable_5_max,39.19266422775809,8
1432,glm_5_2_max,34.50133256601968,9
1432,deepseek_v4_flash_max,23.293999066653548,10
1433,kimi_k3_max,76.18537942306901,1
1433,gpt_5_5_xhigh,68.39253054272785,2
1433,qwen3_8_max,63.57752416925923,3
1433,claude_opus_4_8_max,58.143282547528926,4
1433,claude_fable_5_max,49.741280048971966,5
1433,gemini_3_1_pro_high,37.38114913177752,6
1433,deepseek_v4_flash_max,30.66913739906572,7
1433,gpt_5_6_sol_max,27.81423033523298,8
1433,glm_5_2_max,24.846085704154987,9
1433,deepseek_v4_pro_max,23.147508324294613,10
1434,claude_opus_4_8_max,77.5955249182058,1
1434,gemini_3_1_pro_high,65.04790618917512,2
1434,gpt_5_5_xhigh,61.136049516243446,3
1434,claude_fable_5_max,55.160367895099064,4
1434,gpt_5_6_sol_max,55.0535881468899,5
1434,qwen3_8_max,47.85941940848657,6
1434,glm_5_2_max,36.780802320690746,7
1434,kimi_k3_max,33.07049932571719,8
1434,deepseek_v4_flash_max,17.51675470699205,9
1434,deepseek_v4_pro_max,14.25863208051382,10
1435,kimi_k3_max,78.12346698944658,1
1435,claude_fable_5_max,72.02117506910822,2
1435,qwen3_8_max,63.72643775418948,3
1435,gpt_5_6_sol_max,54.42095600024406,4
1435,gemini_3_1_pro_high,50.511938238863195,5
1435,deepseek_v4_pro_max,49.8170561833503,6
1435,deepseek_v4_flash_max,35.929391640704544,7
1435,gpt_5_5_xhigh,31.158814507534125,8
1435,glm_5_2_max,27.949953108421376,9
1435,claude_opus_4_8_max,27.094732094161817,10
1436,gpt_5_6_sol_max,72.6008281568268,1
1436,kimi_k3_max,49.47315711026292,2
1436,qwen3_8_max,44.446541651392366,3
1436,gemini_3_1_pro_high,43.0487616378184,4
1436,claude_opus_4_8_max,39.677508632365516,5
1436,claude_fable_5_max,39.04221460903805,6
1436,deepseek_v4_pro_max,26.742301035773153,7
1436,gpt_5_5_xhigh,23.193930798930257,8
1436,deepseek_v4_flash_max,15.981814416563521,9
1436,glm_5_2_max,12.350727329325416,10
1437,gemini_3_1_pro_high,77.5281931327574,1
1437,claude_fable_5_max,70.14285202094675,2
1437,gpt_5_5_xhigh,54.841080015076706,3
1437,claude_opus_4_8_max,47.87775880616776,4
1437,kimi_k3_max,38.339753779029465,5
1437,qwen3_8_max,37.48918603879058,6
1437,deepseek_v4_pro_max,33.094726006850436,7
1437,deepseek_v4_flash_max,28.851648856638114,8
1437,glm_5_2_max,27.68022917551948,9
1437,gpt_5_6_sol_max,25.51124159995704,10
1438,claude_fable_5_max,77.63908818760467,1
1438,claude_opus_4_8_max,73.59875606398043,2
1438,gpt_5_5_xhigh,66.29079393550873,3
1438,qwen3_8_max,46.36154170493904,4
1438,gemini_3_1_pro_high,32.09200842940032,5
1438,deepseek_v4_flash_max,27.07802460714165,6
1438,gpt_5_6_sol_max,24.377847366038417,7
1438,kimi_k3_max,22.682266805424927,8
1438,deepseek_v4_pro_max,20.15740137462479,9
1438,glm_5_2_max,17.436833034695685,10
1439,claude_opus_4_8_max,84.88930605711485,1
1439,qwen3_8_max,69.9937639682183,2
1439,gemini_3_1_pro_high,69.56293781712529,3
1439,gpt_5_6_sol_max,58.136840185500745,4
1439,claude_fable_5_max,50.81743452041124,5
1439,deepseek_v4_pro_max,40.81782505535972,6
1439,gpt_5_5_xhigh,29.91697705777254,7
1439,kimi_k3_max,23.328591504385273,8
1439,glm_5_2_max,16.858327719755387,9
1439,deepseek_v4_flash_max,10.116675064933847,10
1440,qwen3_8_max,84.08140666899442,1
1440,gemini_3_1_pro_high,72.8837147872581,2
1440,kimi_k3_max,69.27257058738303,3
1440,claude_fable_5_max,62.735471653883124,4
1440,claude_opus_4_8_max,50.98497110541141,5
1440,deepseek_v4_pro_max,48.04473565051089,6
1440,gpt_5_6_sol_max,39.59012231465947,7
1440,glm_5_2_max,38.2025012639475,8
1440,gpt_5_5_xhigh,37.36144578454711,9
1440,deepseek_v4_flash_max,25.73523214906703,10
1441,gpt_5_6_sol_max,73.78444660623019,1
1441,gemini_3_1_pro_high,59.26412599168927,2
1441,kimi_k3_max,51.63413436249033,3
1441,claude_fable_5_max,47.55627007601321,4
1441,qwen3_8_max,39.331652149571994,5
1441,gpt_5_5_xhigh,36.47395879049638,6
1441,glm_5_2_max,34.91130544774981,7
1441,deepseek_v4_pro_max,25.79920846349704,8
1441,deepseek_v4_flash_max,22.936382363426823,9
1441,claude_opus_4_8_max,21.485313692874307,10
1442,gpt_5_6_sol_max,81.30951844100528,1
1442,claude_fable_5_max,76.43417235780069,2
1442,qwen3_8_max,53.12241315913398,3
1442,claude_opus_4_8_max,43.256041081825764,4
1442,gemini_3_1_pro_high,35.63725725551447,5
1442,deepseek_v4_pro_max,32.1694613859375,6
1442,deepseek_v4_flash_max,30.60372141346437,7
1442,glm_5_2_max,27.818626305364333,8
1442,kimi_k3_max,27.800517910319105,9
1442,gpt_5_5_xhigh,26.878730593667225,10
1443,gpt_5_6_sol_max,62.471871169703675,1
1443,gemini_3_1_pro_high,48.945698824301175,2
1443,claude_fable_5_max,45.67049780528481,3
1443,kimi_k3_max,45.33126800269118,4
1443,claude_opus_4_8_max,44.35243181682486,5
1443,qwen3_8_max,41.51458930529009,6
1443,deepseek_v4_flash_max,32.77568602238375,7
1443,gpt_5_5_xhigh,29.673142939654007,8
1443,glm_5_2_max,24.66555263964319,9
1443,deepseek_v4_pro_max,9.928166149663529,10
1444,kimi_k3_max,72.6448651892151,1
1444,gpt_5_6_sol_max,65.77535542559644,2
1444,qwen3_8_max,38.058046392659485,3
1444,claude_fable_5_max,38.055327961042494,4
1444,gpt_5_5_xhigh,34.493853826746495,5
1444,glm_5_2_max,23.98991547671058,6
1444,gemini_3_1_pro_high,23.694391900240504,7
1444,claude_opus_4_8_max,23.377924103365842,8
1444,deepseek_v4_flash_max,19.986242792588136,9
1444,deepseek_v4_pro_max,16.504580683585765,10
1445,gpt_5_6_sol_max,83.64719339729247,1
1445,kimi_k3_max,75.95677745103987,2
1445,claude_fable_5_max,55.974385319380566,3
1445,gpt_5_5_xhigh,46.782117902413304,4
1445,deepseek_v4_flash_max,42.74453108183343,5
1445,qwen3_8_max,41.975939951538976,6
1445,gemini_3_1_pro_high,41.49997534993956,7
1445,deepseek_v4_pro_max,25.943366612194843,8
1445,glm_5_2_max,25.813626811837533,9
1445,claude_opus_4_8_max,19.02795246669938,10
1446,claude_fable_5_max,74.80529630007042,1
1446,kimi_k3_max,65.83529943042288,2
1446,gpt_5_5_xhigh,56.918033630558895,3
1446,gpt_5_6_sol_max,53.10476795611358,4
1446,glm_5_2_max,46.2550709414564,5
1446,gemini_3_1_pro_high,39.24868536962325,6
1446,qwen3_8_max,33.27822237127821,7
1446,deepseek_v4_flash_max,27.54297378421115,8
1446,claude_opus_4_8_max,27.112802678021772,9
1446,deepseek_v4_pro_max,21.07488735623223,10
1447,claude_fable_5_max,80.3782562104583,1
1447,qwen3_8_max,68.23618883689912,2
1447,gpt_5_6_sol_max,61.69846338741121,3
1447,gemini_3_1_pro_high,52.72859968710026,4
1447,claude_opus_4_8_max,50.99733631292277,5
1447,gpt_5_5_xhigh,47.59845949429205,6
1447,deepseek_v4_pro_max,43.913498119936094,7
1447,kimi_k3_max,34.980578628134054,8
1447,deepseek_v4_flash_max,32.0161818972451,9
1447,glm_5_2_max,10.863477697197311,10
1448,claude_fable_5_max,69.2364262433325,1
1448,gemini_3_1_pro_high,68.07773177014784,2
1448,qwen3_8_max,52.5688484170756,3
1448,kimi_k3_max,51.67285310179088,4
1448,claude_opus_4_8_max,49.97247636584295,5
1448,gpt_5_5_xhigh,40.51445278024382,6
1448,gpt_5_6_sol_max,32.6468091652506,7
1448,glm_5_2_max,31.273181252048573,8
1448,deepseek_v4_flash_max,18.569599495155614,9
1448,deepseek_v4_pro_max,14.477671851772401,10
1449,claude_fable_5_max,87.65825361948046,1
1449,qwen3_8_max,66.39105829401632,2
1449,gemini_3_1_pro_high,63.37092131686779,3
1449,claude_opus_4_8_max,61.248954055314975,4
1449,kimi_k3_max,59.750622615200136,5
1449,gpt_5_6_sol_max,56.54491987255617,6
1449,gpt_5_5_xhigh,32.913529936811834,7
1449,deepseek_v4_flash_max,30.438916841762605,8
1449,glm_5_2_max,29.189662992167694,9
1449,deepseek_v4_pro_max,27.426605117841433,10
1450,claude_fable_5_max,85.84648673632284,1
1450,gpt_5_6_sol_max,65.1911284895805,2
1450,claude_opus_4_8_max,56.50066036122506,3
1450,gpt_5_5_xhigh,46.78776077082675,4
1450,qwen3_8_max,46.315671679522794,5
1450,gemini_3_1_pro_high,43.37215595841471,6
1450,glm_5_2_max,31.297963724681765,7
1450,kimi_k3_max,25.78809594568763,8
1450,deepseek_v4_pro_max,22.067121305921525,9
1450,deepseek_v4_flash_max,17.897186734005032,10
1451,claude_opus_4_8_max,79.96940895430957,1
1451,qwen3_8_max,62.60687694125226,2
1451,gemini_3_1_pro_high,59.23202798578626,3
1451,kimi_k3_max,58.36280021608322,4
1451,claude_fable_5_max,37.94479470185237,5
1451,glm_5_2_max,34.39118586365368,6
1451,gpt_5_6_sol_max,27.14918577930194,7
1451,gpt_5_5_xhigh,26.031787003598012,8
1451,deepseek_v4_flash_max,25.387023903612246,9
1451,deepseek_v4_pro_max,10.318118385306498,10
1452,gemini_3_1_pro_high,81.08279764475228,1
1452,gpt_5_5_xhigh,58.56481162108039,2
1452,claude_opus_4_8_max,45.62440048094783,3
1452,claude_fable_5_max,38.07867126620955,4
1452,kimi_k3_max,31.992969207169867,5
1452,gpt_5_6_sol_max,28.222790216789523,6
1452,deepseek_v4_flash_max,25.559758108592533,7
1452,glm_5_2_max,23.016349361927812,8
1452,qwen3_8_max,22.49035010967247,9
1452,deepseek_v4_pro_max,0.0,10
1453,claude_fable_5_max,52.78040288690933,1
1453,claude_opus_4_8_max,51.89598071045509,2
1453,qwen3_8_max,48.944148733842674,3
1453,gpt_5_6_sol_max,42.64002613283955,4
1453,gpt_5_5_xhigh,40.510372658425084,5
1453,gemini_3_1_pro_high,39.52775555683699,6
1453,deepseek_v4_flash_max,39.148955225647015,7
1453,kimi_k3_max,24.784167292910816,8
1453,deepseek_v4_pro_max,24.57258996753237,9
1453,glm_5_2_max,18.32177464884093,10
1454,gpt_5_6_sol_max,82.80931963566354,1
1454,claude_fable_5_max,78.51320358907248,2
1454,kimi_k3_max,71.64842980910808,3
1454,qwen3_8_max,60.24097304774037,4
1454,gpt_5_5_xhigh,55.404823900484935,5
1454,gemini_3_1_pro_high,47.82016700583739,6
1454,deepseek_v4_flash_max,35.92462042594076,7
1454,glm_5_2_max,33.44584316755466,8
1454,claude_opus_4_8_max,28.335920624226894,9
1454,deepseek_v4_pro_max,5.652701563675918,10
1455,claude_fable_5_max,66.08661607638297,1
1455,gpt_5_5_xhigh,57.866661148359896,2
1455,gemini_3_1_pro_high,48.86659051058351,3
1455,deepseek_v4_flash_max,47.48394254694936,4
1455,claude_opus_4_8_max,40.961500436528205,5
1455,gpt_5_6_sol_max,39.17374509043309,6
1455,kimi_k3_max,30.034538291012208,7
1455,qwen3_8_max,29.1481538540477,8
1455,deepseek_v4_pro_max,22.850284673857253,9
1455,glm_5_2_max,17.268548613097224,10
1456,kimi_k3_max,57.89317007272511,1
1456,claude_fable_5_max,49.87541241002826,2
1456,gpt_5_6_sol_max,47.15758712669607,3
1456,gpt_5_5_xhigh,40.618207148870795,4
1456,qwen3_8_max,38.2450682390075,5
1456,claude_opus_4_8_max,34.024873446741964,6
1456,deepseek_v4_flash_max,26.895738785368195,7
1456,deepseek_v4_pro_max,23.09283479718388,8
1456,gemini_3_1_pro_high,22.814815897082568,9
1456,glm_5_2_max,15.77934114521025,10
1457,gemini_3_1_pro_high,70.05040875226139,1
1457,gpt_5_6_sol_max,62.84353175653455,2
1457,kimi_k3_max,38.74072065756558,3
1457,claude_opus_4_8_max,36.69854761437416,4
1457,qwen3_8_max,28.575749921180794,5
1457,claude_fable_5_max,28.350838533145406,6
1457,gpt_5_5_xhigh,25.57069259162285,7
1457,glm_5_2_max,24.562788508318025,8
1457,deepseek_v4_pro_max,19.739030177653156,9
1457,deepseek_v4_flash_max,13.6678167570258,10
1458,gpt_5_5_xhigh,72.89716100955033,1
1458,claude_fable_5_max,55.71945366828633,2
1458,claude_opus_4_8_max,50.657390605873985,3
1458,qwen3_8_max,49.184061724191736,4
1458,gpt_5_6_sol_max,39.91395929808675,5
1458,deepseek_v4_flash_max,37.966952558516596,6
1458,glm_5_2_max,34.858725389035925,7
1458,kimi_k3_max,34.224665714301054,8
1458,deepseek_v4_pro_max,27.657013547088745,9
1458,gemini_3_1_pro_high,17.43893624616786,10
1459,gemini_3_1_pro_high,73.429944948922,1
1459,claude_fable_5_max,64.48327690164167,2
1459,gpt_5_6_sol_max,48.51109111331841,3
1459,glm_5_2_max,38.902121631586944,4
1459,qwen3_8_max,36.96681626665533,5
1459,kimi_k3_max,35.256962301189816,6
1459,gpt_5_5_xhigh,34.999547114882276,7
1459,claude_opus_4_8_max,26.883205587197953,8
1459,deepseek_v4_flash_max,25.32507267729745,9
1459,deepseek_v4_pro_max,12.403150982456255,10
1460,gpt_5_6_sol_max,66.10810101355258,1
1460,claude_fable_5_max,55.16922786049686,2
1460,qwen3_8_max,54.45712473591866,3
1460,gpt_5_5_xhigh,53.07626455955743,4
1460,gemini_3_1_pro_high,51.8740078733382,5
1460,deepseek_v4_pro_max,46.631836832433294,6
1460,claude_opus_4_8_max,31.26875795858019,7
1460,glm_5_2_max,20.397454025007576,8
1460,kimi_k3_max,18.1891498138985,9
1460,deepseek_v4_flash_max,11.67270494709366,10
1461,claude_fable_5_max,76.38279797369454,1
1461,kimi_k3_max,63.84118832488012,2
1461,qwen3_8_max,62.70629489363348,3
1461,gpt_5_5_xhigh,52.75490137009703,4
1461,gpt_5_6_sol_max,45.44811109966041,5
1461,gemini_3_1_pro_high,44.182255714041474,6
1461,claude_opus_4_8_max,38.59125536609423,7
1461,deepseek_v4_flash_max,21.464390004516808,8
1461,glm_5_2_max,21.212357557582106,9
1461,deepseek_v4_pro_max,15.794390094073478,10
1462,gemini_3_1_pro_high,72.78236060616223,1
1462,claude_opus_4_8_max,68.5854914931581,2
1462,qwen3_8_max,61.12210713215339,3
1462,kimi_k3_max,58.62307340738126,4
1462,claude_fable_5_max,38.38828747407116,5
1462,glm_5_2_max,34.50593679530399,6
1462,gpt_5_6_sol_max,22.100026394110287,7
1462,deepseek_v4_pro_max,21.14891506731306,8
1462,gpt_5_5_xhigh,17.09325387738466,9
1462,deepseek_v4_flash_max,12.829006625789798,10
1463,kimi_k3_max,78.12589450227478,1
1463,claude_fable_5_max,76.97659741907407,2
1463,gpt_5_5_xhigh,56.29829195865817,3
1463,qwen3_8_max,50.31686583152729,4
1463,gpt_5_6_sol_max,34.744899816938606,5
1463,gemini_3_1_pro_high,31.442654437783393,6
1463,deepseek_v4_pro_max,26.346346904323234,7
1463,glm_5_2_max,25.307880607035386,8
1463,deepseek_v4_flash_max,23.41515766758835,9
1463,claude_opus_4_8_max,23.177014137248985,10
1464,claude_fable_5_max,78.0865299681782,1
1464,qwen3_8_max,64.56974587834397,2
1464,gpt_5_6_sol_max,59.59605081617305,3
1464,kimi_k3_max,55.627881146932225,4
1464,gemini_3_1_pro_high,38.806948684353,5
1464,claude_opus_4_8_max,30.504606023133167,6
1464,gpt_5_5_xhigh,28.11465682500193,7
1464,deepseek_v4_flash_max,28.02825370366299,8
1464,glm_5_2_max,21.304687523570664,9
1464,deepseek_v4_pro_max,14.902872032520202,10
1465,gpt_5_6_sol_max,78.10173990023455,1
1465,claude_fable_5_max,71.80357520854663,2
1465,gemini_3_1_pro_high,63.89440784638529,3
1465,glm_5_2_max,51.124174932318375,4
1465,kimi_k3_max,48.37783509785002,5
1465,qwen3_8_max,45.01476987268164,6
1465,gpt_5_5_xhigh,44.52415340848522,7
1465,deepseek_v4_flash_max,40.09017865226644,8
1465,claude_opus_4_8_max,21.852200684205926,9
1465,deepseek_v4_pro_max,14.555222851893486,10
1466,qwen3_8_max,66.24316437634236,1
1466,gpt_5_6_sol_max,58.521621449842584,2
1466,gemini_3_1_pro_high,57.84667715449629,3
1466,gpt_5_5_xhigh,56.52484773851174,4
1466,claude_fable_5_max,52.84227861911873,5
1466,claude_opus_4_8_max,45.628222517980234,6
1466,kimi_k3_max,38.10265266859409,7
1466,deepseek_v4_pro_max,31.818045969109093,8
1466,glm_5_2_max,29.130947928727238,9
1466,deepseek_v4_flash_max,23.62354200381555,10
1467,gpt_5_6_sol_max,64.98318161331757,1
1467,claude_fable_5_max,61.503598540300274,2
1467,claude_opus_4_8_max,59.4925152127032,3
1467,kimi_k3_max,50.18021670254271,4
1467,deepseek_v4_pro_max,43.53162861335432,5
1467,qwen3_8_max,42.629537620540546,6
1467,gemini_3_1_pro_high,37.40217763647341,7
1467,glm_5_2_max,18.486481523112406,8
1467,gpt_5_5_xhigh,18.37336996107514,9
1467,deepseek_v4_flash_max,14.257434898659989,10
1468,gemini_3_1_pro_high,78.44213474807646,1
1468,qwen3_8_max,54.15708902573114,2
1468,glm_5_2_max,48.08741191666486,3
1468,claude_fable_5_max,47.70158046916058,4
1468,kimi_k3_max,46.61166560967959,5
1468,gpt_5_6_sol_max,34.28083377343232,6
1468,claude_opus_4_8_max,28.016048116373547,7
1468,gpt_5_5_xhigh,27.48790153765012,8
1468,deepseek_v4_pro_max,20.71548334943573,9
1468,deepseek_v4_flash_max,8.481869937028904,10
1469,claude_fable_5_max,80.3372687455485,1
1469,claude_opus_4_8_max,72.91435134883491,2
1469,gemini_3_1_pro_high,60.6245376929577,3
1469,gpt_5_6_sol_max,44.55289891574319,4
1469,kimi_k3_max,39.6300158690729,5
1469,qwen3_8_max,39.49474109002976,6
1469,glm_5_2_max,36.60230605166583,7
1469,gpt_5_5_xhigh,33.422891939465416,8
1469,deepseek_v4_pro_max,13.249641545066783,9
1469,deepseek_v4_flash_max,12.819416352722772,10
1470,gpt_5_6_sol_max,83.31207890460203,1
1470,qwen3_8_max,61.79595676988355,2
1470,gemini_3_1_pro_high,44.06331944336435,3
1470,gpt_5_5_xhigh,37.01279342121078,4
1470,claude_fable_5_max,32.16266566588631,5
1470,deepseek_v4_pro_max,31.64085534403703,6
1470,claude_opus_4_8_max,30.213579923675944,7
1470,kimi_k3_max,29.908337819093717,8
1470,glm_5_2_max,27.049430417088466,9
1470,deepseek_v4_flash_max,18.275631800055365,10
1471,claude_opus_4_8_max,79.00090584227256,1
1471,qwen3_8_max,53.8413978218174,2
1471,gemini_3_1_pro_high,47.43785254121447,3
1471,gpt_5_6_sol_max,45.13408341930733,4
1471,claude_fable_5_max,42.61425517121507,5
1471,deepseek_v4_pro_max,40.62623378485928,6
1471,gpt_5_5_xhigh,32.303682780985476,7
1471,deepseek_v4_flash_max,25.346372199183314,8
1471,kimi_k3_max,20.70168313643419,9
1471,glm_5_2_max,12.474514734320433,10
1472,kimi_k3_max,77.9834023345902,1
1472,gpt_5_6_sol_max,73.73276124972196,2
1472,gpt_5_5_xhigh,58.089868093617696,3
1472,deepseek_v4_pro_max,47.62660350276463,4
1472,claude_fable_5_max,47.51690861432168,5
1472,qwen3_8_max,37.68238923050117,6
1472,glm_5_2_max,32.46329023160301,7
1472,claude_opus_4_8_max,24.627594782267852,8
1472,gemini_3_1_pro_high,18.213421046818468,9
1472,deepseek_v4_flash_max,13.3089737645561,10
1473,claude_fable_5_max,67.94616019047479,1
1473,gpt_5_6_sol_max,66.69183012302445,2
1473,claude_opus_4_8_max,54.80589318028035,3
1473,gemini_3_1_pro_high,49.8363054014523,4
1473,gpt_5_5_xhigh,46.256429800701696,5
1473,qwen3_8_max,40.7181087072583,6
1473,glm_5_2_max,28.470892137699366,7
1473,deepseek_v4_pro_max,17.52441849741756,8
1473,deepseek_v4_flash_max,15.990322655344707,9
1473,kimi_k3_max,14.769124070365502,10
1474,claude_fable_5_max,81.32457556851055,1
1474,qwen3_8_max,71.2805254007499,2
1474,kimi_k3_max,70.16297769177328,3
1474,gpt_5_6_sol_max,57.82303216858723,4
1474,claude_opus_4_8_max,54.34184443470321,5
1474,gpt_5_5_xhigh,30.81393343036631,6
1474,gemini_3_1_pro_high,26.627796762310982,7
1474,deepseek_v4_pro_max,26.56772516266738,8
1474,deepseek_v4_flash_max,21.469186914014532,9
1474,glm_5_2_max,10.030080011602834,10
1475,claude_opus_4_8_max,82.84194896814661,1
1475,qwen3_8_max,75.45141723870259,2
1475,gpt_5_5_xhigh,54.638966958906025,3
1475,kimi_k3_max,45.57695381987922,4
1475,gpt_5_6_sol_max,43.29696582024775,5
1475,claude_fable_5_max,40.395844626223294,6
1475,glm_5_2_max,37.293589215843134,7
1475,deepseek_v4_pro_max,33.337305463115584,8
1475,gemini_3_1_pro_high,16.23235920023079,9
1475,deepseek_v4_flash_max,13.42352164154549,10
1476,kimi_k3_max,80.25428510375386,1
1476,gpt_5_5_xhigh,66.86846167938869,2
1476,qwen3_8_max,63.09312922562712,3
1476,claude_opus_4_8_max,58.06440816886831,4
1476,claude_fable_5_max,56.28578698542946,5
1476,gemini_3_1_pro_high,43.786895469658965,6
1476,glm_5_2_max,41.406232471002205,7
1476,deepseek_v4_pro_max,38.332179757086784,8
1476,gpt_5_6_sol_max,33.18982389858759,9
1476,deepseek_v4_flash_max,27.179249018228333,10
1477,claude_fable_5_max,80.4501986382219,1
1477,qwen3_8_max,74.04432935097017,2
1477,gpt_5_6_sol_max,66.22190560339155,3
1477,gpt_5_5_xhigh,63.83919263378528,4
1477,deepseek_v4_pro_max,54.8081428711179,5
1477,kimi_k3_max,50.8218397249336,6
1477,gemini_3_1_pro_high,49.68023006227365,7
1477,claude_opus_4_8_max,34.49340960524199,8
1477,deepseek_v4_flash_max,23.147688504363515,9
1477,glm_5_2_max,20.717751219190276,10
1478,claude_fable_5_max,76.49311240368459,1
1478,gpt_5_6_sol_max,66.63642678235598,2
1478,kimi_k3_max,54.715395814343005,3
1478,gemini_3_1_pro_high,54.13902660843452,4
1478,claude_opus_4_8_max,49.03202840687516,5
1478,qwen3_8_max,48.55005570510454,6
1478,deepseek_v4_flash_max,26.92282041351291,7
1478,gpt_5_5_xhigh,20.104009184215002,8
1478,glm_5_2_max,17.299680232482014,9
1478,deepseek_v4_pro_max,11.077592404966758,10
1479,gpt_5_6_sol_max,83.8668003110009,1
1479,gpt_5_5_xhigh,45.05959990659194,2
1479,kimi_k3_max,31.55975441867547,3
1479,qwen3_8_max,29.436050949409974,4
1479,gemini_3_1_pro_high,29.302069469214835,5
1479,deepseek_v4_flash_max,29.120765816592236,6
1479,claude_fable_5_max,25.206823582088674,7
1479,claude_opus_4_8_max,24.053482791808126,8
1479,glm_5_2_max,19.61750610016683,9
1479,deepseek_v4_pro_max,13.20783764469062,10
1480,gpt_5_6_sol_max,75.59652701660093,1
1480,claude_fable_5_max,60.397794372372736,2
1480,qwen3_8_max,36.629504407754816,3
1480,gemini_3_1_pro_high,29.480592603939616,4
1480,claude_opus_4_8_max,24.41918981176059,5
1480,deepseek_v4_flash_max,24.111717390256125,6
1480,gpt_5_5_xhigh,23.14951706955027,7
1480,deepseek_v4_pro_max,21.52733437795582,8
1480,glm_5_2_max,16.048627242442723,9
1480,kimi_k3_max,14.810295134880032,10
1481,kimi_k3_max,76.69239959703211,1
1481,claude_fable_5_max,61.02599259025616,2
1481,qwen3_8_max,53.24780246340899,3
1481,gpt_5_6_sol_max,50.474978316048194,4
1481,claude_opus_4_8_max,38.86091269739953,5
1481,gemini_3_1_pro_high,33.34133751531829,6
1481,deepseek_v4_flash_max,25.62180429290224,7
1481,gpt_5_5_xhigh,23.148468515514573,8
1481,glm_5_2_max,20.521050066548124,9
1481,deepseek_v4_pro_max,15.155313210793732,10
1482,gpt_5_6_sol_max,82.58337079672022,1
1482,qwen3_8_max,47.085105777258505,2
1482,gemini_3_1_pro_high,46.30517082242308,3
1482,claude_opus_4_8_max,44.18270556850998,4
1482,claude_fable_5_max,41.79349716790354,5
1482,kimi_k3_max,29.135904230197863,6
1482,deepseek_v4_pro_max,28.406273856368383,7
1482,glm_5_2_max,20.030058076857458,8
1482,gpt_5_5_xhigh,16.618149109086982,9
1482,deepseek_v4_flash_max,13.203566877922004,10
1483,gpt_5_6_sol_max,81.1115101403479,1
1483,kimi_k3_max,56.37623602195238,2
1483,qwen3_8_max,47.34373877756977,3
1483,claude_opus_4_8_max,46.877603512424194,4
1483,gemini_3_1_pro_high,44.2425798684627,5
1483,deepseek_v4_pro_max,43.25061451486837,6
1483,claude_fable_5_max,32.73108440775454,7
1483,deepseek_v4_flash_max,23.774541527641496,8
1483,glm_5_2_max,16.081692638430756,9
1483,gpt_5_5_xhigh,14.031947475508884,10
1484,qwen3_8_max,55.90304969210671,1
1484,claude_fable_5_max,54.121456396198724,2
1484,claude_opus_4_8_max,49.08763404399589,3
1484,kimi_k3_max,48.88847742000514,4
1484,gpt_5_6_sol_max,39.33984891209444,5
1484,gpt_5_5_xhigh,34.6204673882108,6
1484,deepseek_v4_pro_max,30.60977165921703,7
1484,deepseek_v4_flash_max,26.902064753300532,8
1484,glm_5_2_max,22.389278615620068,9
1484,gemini_3_1_pro_high,20.019266476361516,10
1485,gpt_5_5_xhigh,63.66356170751199,1
1485,claude_fable_5_max,47.70369836570708,2
1485,qwen3_8_max,45.64700351568818,3
1485,gpt_5_6_sol_max,43.708401836336535,4
1485,gemini_3_1_pro_high,40.48518835991832,5
1485,glm_5_2_max,35.08550987773857,6
1485,deepseek_v4_flash_max,29.808871718038432,7
1485,claude_opus_4_8_max,29.194422294638052,8
1485,kimi_k3_max,20.677936856495997,9
1485,deepseek_v4_pro_max,9.133177345458057,10
1486,kimi_k3_max,75.22175398847175,1
1486,gpt_5_6_sol_max,70.38433990183226,2
1486,gpt_5_5_xhigh,56.80347103312635,3
1486,claude_fable_5_max,48.049039004950956,4
1486,deepseek_v4_pro_max,45.55955244138546,5
1486,claude_opus_4_8_max,26.178840181139773,6
1486,qwen3_8_max,19.70925755026774,7
1486,glm_5_2_max,17.040789633240287,8
1486,deepseek_v4_flash_max,16.068441529641696,9
1486,gemini_3_1_pro_high,13.428979212444432,10
1487,kimi_k3_max,76.9578547892257,1
1487,claude_fable_5_max,66.22300965380101,2
1487,gpt_5_5_xhigh,65.27980425515908,3
1487,qwen3_8_max,50.546006770591816,4
1487,gemini_3_1_pro_high,47.15671919636134,5
1487,gpt_5_6_sol_max,41.862409056953545,6
1487,deepseek_v4_flash_max,29.816948668927246,7
1487,deepseek_v4_pro_max,27.763957027424,8
1487,glm_5_2_max,26.723219986495355,9
1487,claude_opus_4_8_max,26.700667829155023,10
1488,gpt_5_6_sol_max,79.17580891797638,1
1488,gemini_3_1_pro_high,65.52548368618469,2
1488,qwen3_8_max,50.63139094066847,3
1488,claude_opus_4_8_max,38.304989352867615,4
1488,claude_fable_5_max,33.53819305142169,5
1488,kimi_k3_max,31.543628070219608,6
1488,glm_5_2_max,29.729976268111052,7
1488,gpt_5_5_xhigh,27.143268574039734,8
1488,deepseek_v4_flash_max,26.948096242499517,9
1488,deepseek_v4_pro_max,14.565789286867826,10
1489,gpt_5_6_sol_max,75.66135606741042,1
1489,claude_fable_5_max,61.971944624229096,2
1489,kimi_k3_max,57.12058088309272,3
1489,gpt_5_5_xhigh,44.053576641332775,4
1489,qwen3_8_max,38.15875036714546,5
1489,gemini_3_1_pro_high,35.1085086914925,6
1489,deepseek_v4_pro_max,26.604821923464414,7
1489,claude_opus_4_8_max,24.70800195295595,8
1489,glm_5_2_max,16.21685227628381,9
1489,deepseek_v4_flash_max,13.12664041004019,10
1490,claude_opus_4_8_max,70.3544853273689,1
1490,qwen3_8_max,65.60820867338697,2
1490,kimi_k3_max,41.492120821469214,3
1490,deepseek_v4_pro_max,35.4428179877189,4
1490,gemini_3_1_pro_high,35.16398403232823,5
1490,gpt_5_6_sol_max,31.869897569687453,6
1490,deepseek_v4_flash_max,30.15827346738909,7
1490,claude_fable_5_max,27.988654274977023,8
1490,gpt_5_5_xhigh,27.144000431057787,9
1490,glm_5_2_max,26.935756956139546,10
1491,claude_fable_5_max,71.90713395476476,1
1491,gpt_5_6_sol_max,64.35857146001447,2
1491,qwen3_8_max,52.879075240332185,3
1491,deepseek_v4_pro_max,46.68720322607246,4
1491,kimi_k3_max,41.1823349356258,5
1491,gemini_3_1_pro_high,33.92552297920534,6
1491,claude_opus_4_8_max,31.775305498796293,7
1491,glm_5_2_max,29.54933257550141,8
1491,gpt_5_5_xhigh,26.01305308127256,9
1491,deepseek_v4_flash_max,18.51576095224655,10
1492,gpt_5_6_sol_max,79.6214570031103,1
1492,kimi_k3_max,43.84866869521391,2
1492,claude_fable_5_max,39.006453067608945,3
1492,deepseek_v4_flash_max,35.0774925022993,4
1492,qwen3_8_max,31.035601727078458,5
1492,claude_opus_4_8_max,24.756654600927543,6
1492,deepseek_v4_pro_max,22.875407180904492,7
1492,gpt_5_5_xhigh,21.573638264565627,8
1492,gemini_3_1_pro_high,14.125732917563825,9
1492,glm_5_2_max,12.253240152839641,10
1493,gpt_5_6_sol_max,74.39062151653862,1
1493,claude_fable_5_max,45.619144152091806,2
1493,gpt_5_5_xhigh,44.415050515420795,3
1493,gemini_3_1_pro_high,44.041710033207565,4
1493,qwen3_8_max,36.24856046631061,5
1493,kimi_k3_max,32.360261949223634,6
1493,glm_5_2_max,28.455921081978488,7
1493,claude_opus_4_8_max,28.237112527631588,8
1493,deepseek_v4_flash_max,27.485121038126504,9
1493,deepseek_v4_pro_max,23.159010091662836,10
1494,claude_fable_5_max,74.46581951578594,1
1494,gpt_5_6_sol_max,70.49755057915768,2
1494,gpt_5_5_xhigh,51.86612750582362,3
1494,qwen3_8_max,51.28554372671741,4
1494,gemini_3_1_pro_high,48.07377206272534,5
1494,glm_5_2_max,37.86455954953218,6
1494,kimi_k3_max,31.344630066795037,7
1494,deepseek_v4_pro_max,29.476789336143344,8
1494,deepseek_v4_flash_max,26.44628793653897,9
1494,claude_opus_4_8_max,22.423020229434947,10
1495,gpt_5_5_xhigh,81.6813069805969,1
1495,gpt_5_6_sol_max,61.97996217531893,2
1495,gemini_3_1_pro_high,55.81629342905387,3
1495,claude_fable_5_max,51.62264412235076,4
1495,qwen3_8_max,50.06254219538422,5
1495,claude_opus_4_8_max,28.192814669436917,6
1495,deepseek_v4_pro_max,27.68883939068703,7
1495,kimi_k3_max,26.41522300959778,8
1495,glm_5_2_max,25.541096404281497,9
1495,deepseek_v4_flash_max,11.658263551745355,10
1496,claude_fable_5_max,69.77695476406862,1
1496,qwen3_8_max,57.3615208250081,2
1496,kimi_k3_max,56.881445931593376,3
1496,gpt_5_5_xhigh,52.416427969563486,4
1496,gemini_3_1_pro_high,50.51301938227651,5
1496,glm_5_2_max,35.80625899459561,6
1496,gpt_5_6_sol_max,33.70408895100721,7
1496,deepseek_v4_pro_max,27.21704857437223,8
1496,deepseek_v4_flash_max,23.849895113520276,9
1496,claude_opus_4_8_max,23.596637012861315,10
1497,kimi_k3_max,72.74273223217986,1
1497,qwen3_8_max,57.55550967753885,2
1497,gpt_5_5_xhigh,56.692575147495404,3
1497,claude_fable_5_max,48.625135815781654,4
1497,gemini_3_1_pro_high,47.395716879119206,5
1497,deepseek_v4_flash_max,47.24283383850549,6
1497,gpt_5_6_sol_max,41.197470269515506,7
1497,glm_5_2_max,34.9649302052051,8
1497,claude_opus_4_8_max,30.68114390426323,9
1497,deepseek_v4_pro_max,18.395251372012304,10
1498,claude_fable_5_max,64.46890209615847,1
1498,kimi_k3_max,62.233903951507045,2
1498,claude_opus_4_8_max,51.22722631559661,3
1498,gpt_5_5_xhigh,33.316906729359545,4
1498,qwen3_8_max,29.98924741843203,5
1498,deepseek_v4_pro_max,28.805338700310852,6
1498,gpt_5_6_sol_max,24.40895807508387,7
1498,gemini_3_1_pro_high,23.557954349790112,8
1498,glm_5_2_max,21.280095183123393,9
1498,deepseek_v4_flash_max,20.073813359581628,10
1499,gpt_5_6_sol_max,69.34154089748534,1
1499,gpt_5_5_xhigh,68.97605426662956,2
1499,claude_fable_5_max,65.34241705677928,3
1499,gemini_3_1_pro_high,49.786195442930556,4
1499,kimi_k3_max,42.6204050084623,5
1499,qwen3_8_max,40.78313963041187,6
1499,claude_opus_4_8_max,31.62679017369514,7
1499,deepseek_v4_flash_max,25.08189775889234,8
1499,deepseek_v4_pro_max,23.973171026381365,9
1499,glm_5_2_max,16.707240421311564,10
1500,gemini_3_1_pro_high,70.4374514844045,1
1500,claude_fable_5_max,68.75726029211563,2
1500,qwen3_8_max,65.78087578617077,3
1500,kimi_k3_max,52.04285244367949,4
1500,claude_opus_4_8_max,38.47258859242844,5
1500,gpt_5_6_sol_max,33.60788720562283,6
1500,deepseek_v4_pro_max,31.685853252149833,7
1500,gpt_5_5_xhigh,30.03739527342441,8
1500,glm_5_2_max,26.1412421023184,9
1500,deepseek_v4_flash_max,7.6762794696601,10
1501,gpt_5_6_sol_max,80.68224724507917,1
1501,gemini_3_1_pro_high,68.14978842608569,2
1501,claude_fable_5_max,67.5281700830803,3
1501,qwen3_8_max,64.42039993130933,4
1501,gpt_5_5_xhigh,54.539267930842236,5
1501,kimi_k3_max,52.96231442793335,6
1501,deepseek_v4_flash_max,38.14886044686278,7
1501,claude_opus_4_8_max,26.109852792796246,8
1501,glm_5_2_max,24.84853908610366,9
1501,deepseek_v4_pro_max,24.590009985781112,10
1502,claude_fable_5_max,76.26706361372382,1
1502,claude_opus_4_8_max,66.93141551583952,2
1502,kimi_k3_max,63.712242095462486,3
1502,gemini_3_1_pro_high,61.31494110924022,4
1502,gpt_5_5_xhigh,54.00953442669069,5
1502,deepseek_v4_flash_max,38.8484433507151,6
1502,glm_5_2_max,35.10699641328494,7
1502,qwen3_8_max,33.941909215285605,8
1502,gpt_5_6_sol_max,22.127717165252633,9
1502,deepseek_v4_pro_max,3.473803945638249,10
1503,gpt_5_5_xhigh,63.784040375983295,1
1503,claude_fable_5_max,59.90461997631435,2
1503,qwen3_8_max,58.09085442263962,3
1503,gemini_3_1_pro_high,44.71165949844929,4
1503,gpt_5_6_sol_max,42.22859718054933,5
1503,deepseek_v4_pro_max,33.066825045536234,6
1503,kimi_k3_max,29.33091821460529,7
1503,glm_5_2_max,27.926276147790055,8
1503,deepseek_v4_flash_max,21.130578274464163,9
1503,claude_opus_4_8_max,12.513603080513825,10
1504,gpt_5_5_xhigh,63.58960334954375,1
1504,claude_fable_5_max,59.88267421663198,2
1504,deepseek_v4_pro_max,56.25650607261076,3
1504,gemini_3_1_pro_high,38.393491854161766,4
1504,gpt_5_6_sol_max,33.34437369737608,5
1504,qwen3_8_max,32.6492689005218,6
1504,kimi_k3_max,25.695975633671498,7
1504,glm_5_2_max,22.939494418172956,8
1504,deepseek_v4_flash_max,14.056382586364782,9
1504,claude_opus_4_8_max,13.452595507397646,10
1505,claude_opus_4_8_max,57.84947417965908,1
1505,claude_fable_5_max,53.53073931735686,2
1505,gpt_5_5_xhigh,48.86767976371321,3
1505,qwen3_8_max,36.587866016604806,4
1505,glm_5_2_max,26.997347556640943,5
1505,deepseek_v4_flash_max,26.61875602235871,6
1505,gpt_5_6_sol_max,22.779381593756888,7
1505,gemini_3_1_pro_high,18.465181682539903,8
1505,deepseek_v4_pro_max,16.74424170267761,9
1505,kimi_k3_max,16.330201796564165,10
1506,claude_opus_4_8_max,73.3415455182705,1
1506,gpt_5_6_sol_max,60.070319874064786,2
1506,qwen3_8_max,50.68862684673829,3
1506,claude_fable_5_max,41.72530225750573,4
1506,gemini_3_1_pro_high,41.522872117078926,5
1506,gpt_5_5_xhigh,31.19235389117195,6
1506,deepseek_v4_pro_max,27.637536957518403,7
1506,deepseek_v4_flash_max,27.500012024120633,8
1506,kimi_k3_max,22.814176902345938,9
1506,glm_5_2_max,16.215677923905787,10
1507,gpt_5_6_sol_max,69.87879490332541,1
1507,gemini_3_1_pro_high,57.594998436024255,2
1507,claude_fable_5_max,41.14764591048117,3
1507,kimi_k3_max,33.08340773394768,4
1507,gpt_5_5_xhigh,29.032830339940716,5
1507,qwen3_8_max,24.294793869112233,6
1507,deepseek_v4_flash_max,19.28233615234578,7
1507,claude_opus_4_8_max,17.648927935869768,8
1507,deepseek_v4_pro_max,11.690057805133137,9
1507,glm_5_2_max,11.622810975216428,10
1508,kimi_k3_max,74.61596648762935,1
1508,claude_opus_4_8_max,62.14226880386519,2
1508,claude_fable_5_max,46.870951284773795,3
1508,gemini_3_1_pro_high,44.70783446852427,4
1508,gpt_5_6_sol_max,39.302070713555544,5
1508,deepseek_v4_flash_max,38.57160659125091,6
1508,gpt_5_5_xhigh,35.10186297155118,7
1508,deepseek_v4_pro_max,33.764317069058635,8
1508,qwen3_8_max,31.143785794200724,9
1508,glm_5_2_max,22.054712660972918,10
1509,claude_opus_4_8_max,70.43902247419346,1
1509,kimi_k3_max,63.25561208205374,2
1509,qwen3_8_max,42.61531030096249,3
1509,gpt_5_6_sol_max,40.00843327281416,4
1509,claude_fable_5_max,37.6652615590595,5
1509,gemini_3_1_pro_high,36.66955514981105,6
1509,glm_5_2_max,24.578898977200772,7
1509,deepseek_v4_pro_max,24.364349571184434,8
1509,gpt_5_5_xhigh,23.25368554148622,9
1509,deepseek_v4_flash_max,14.120854345651306,10
1510,kimi_k3_max,75.42679926381894,1
1510,gpt_5_6_sol_max,69.19599649153216,2
1510,gemini_3_1_pro_high,55.09032312562381,3
1510,claude_fable_5_max,51.572566131983265,4
1510,qwen3_8_max,47.90583243329116,5
1510,claude_opus_4_8_max,44.391137812914224,6
1510,glm_5_2_max,32.747553621706956,7
1510,gpt_5_5_xhigh,25.238395702546832,8
1510,deepseek_v4_pro_max,24.901661817893007,9
1510,deepseek_v4_flash_max,8.720673970478405,10
1511,kimi_k3_max,73.09009151830945,1
1511,claude_fable_5_max,59.26376140422943,2
1511,claude_opus_4_8_max,46.78936225754454,3
1511,gemini_3_1_pro_high,43.68158641447923,4
1511,gpt_5_5_xhigh,38.700319387769625,5
1511,gpt_5_6_sol_max,34.57018846511225,6
1511,qwen3_8_max,28.65170773935865,7
1511,deepseek_v4_flash_max,23.86045325521932,8
1511,deepseek_v4_pro_max,23.559945338289637,9
1511,glm_5_2_max,17.99394371577392,10
1512,claude_fable_5_max,85.3544852843994,1
1512,gpt_5_6_sol_max,68.87233546146634,2
1512,gemini_3_1_pro_high,56.1665606713343,3
1512,kimi_k3_max,48.08172314707932,4
1512,claude_opus_4_8_max,46.484790053208926,5
1512,gpt_5_5_xhigh,46.213512043257595,6
1512,qwen3_8_max,35.81291750418407,7
1512,deepseek_v4_pro_max,26.210863150695737,8
1512,deepseek_v4_flash_max,17.454953857428524,9
1512,glm_5_2_max,13.854062002975283,10
1513,kimi_k3_max,71.48274325806702,1
1513,claude_fable_5_max,62.92789309645522,2
1513,gemini_3_1_pro_high,61.9302052459165,3
1513,qwen3_8_max,47.868142063698926,4
1513,gpt_5_6_sol_max,39.7905078453004,5
1513,gpt_5_5_xhigh,39.50398051974354,6
1513,claude_opus_4_8_max,26.88077318182176,7
1513,deepseek_v4_flash_max,21.84158164702615,8
1513,glm_5_2_max,15.659128402274042,9
1513,deepseek_v4_pro_max,12.150871337007214,10
1514,gpt_5_6_sol_max,68.37626811293148,1
1514,qwen3_8_max,64.6566581070716,2
1514,claude_fable_5_max,44.51786460461232,3
1514,claude_opus_4_8_max,36.67445999980248,4
1514,kimi_k3_max,35.79361785467469,5
1514,deepseek_v4_flash_max,34.08524259278937,6
1514,gpt_5_5_xhigh,26.005284964054916,7
1514,glm_5_2_max,18.511904164008897,8
1514,gemini_3_1_pro_high,15.83276211785103,9
1514,deepseek_v4_pro_max,11.401801948273626,10
1515,claude_fable_5_max,83.61971655895846,1
1515,gpt_5_6_sol_max,63.99140605146416,2
1515,gpt_5_5_xhigh,59.09087197290101,3
1515,kimi_k3_max,53.386214940623276,4
1515,deepseek_v4_flash_max,47.82375492977081,5
1515,qwen3_8_max,43.71139982812086,6
1515,gemini_3_1_pro_high,24.845268837367634,7
1515,claude_opus_4_8_max,16.108364906060313,8
1515,glm_5_2_max,13.814016687437928,9
1515,deepseek_v4_pro_max,9.662500468091634,10
1516,qwen3_8_max,69.61499130857497,1
1516,claude_opus_4_8_max,66.31378537048414,2
1516,gemini_3_1_pro_high,60.700911073233684,3
1516,gpt_5_5_xhigh,38.2679944613477,4
1516,claude_fable_5_max,34.94728241149885,5
1516,deepseek_v4_flash_max,27.723341848462525,6
1516,kimi_k3_max,25.338572920867463,7
1516,gpt_5_6_sol_max,22.17776356572623,8
1516,glm_5_2_max,19.53257414307567,9
1516,deepseek_v4_pro_max,17.4544890467445,10
1517,claude_fable_5_max,79.46020261392313,1
1517,gemini_3_1_pro_high,51.151306176598965,2
1517,gpt_5_6_sol_max,49.98493421557663,3
1517,kimi_k3_max,48.112211192673925,4
1517,claude_opus_4_8_max,45.924820889842024,5
1517,qwen3_8_max,44.09831372607234,6
1517,gpt_5_5_xhigh,19.977056865971708,7
1517,deepseek_v4_pro_max,19.376942089097923,8
1517,glm_5_2_max,12.3408753591236,9
1517,deepseek_v4_flash_max,8.963233178214928,10
1518,claude_opus_4_8_max,75.08957826951297,1
1518,gpt_5_5_xhigh,73.19041502130924,2
1518,claude_fable_5_max,65.18929669364616,3
1518,qwen3_8_max,42.57468868837423,4
1518,deepseek_v4_pro_max,27.49512945536665,5
1518,gemini_3_1_pro_high,26.277545610486236,6
1518,gpt_5_6_sol_max,26.247002075838044,7
1518,kimi_k3_max,24.262164754614485,8
1518,glm_5_2_max,23.13831390593906,9
1518,deepseek_v4_flash_max,13.796577725685749,10
1519,claude_fable_5_max,83.60004103418265,1
1519,claude_opus_4_8_max,72.90476083550972,2
1519,gemini_3_1_pro_high,70.86910148185248,3
1519,qwen3_8_max,46.38375368962265,4
1519,deepseek_v4_pro_max,34.329379333398734,5
1519,kimi_k3_max,30.509872929762796,6
1519,gpt_5_5_xhigh,24.740736433836283,7
1519,deepseek_v4_flash_max,20.873389269206125,8
1519,gpt_5_6_sol_max,19.860808937040353,9
1519,glm_5_2_max,12.548282803840278,10
1520,gpt_5_6_sol_max,68.85576550127689,1
1520,claude_fable_5_max,47.96933759600887,2
1520,deepseek_v4_pro_max,42.365275133088254,3
1520,gemini_3_1_pro_high,42.15295339296635,4
1520,qwen3_8_max,41.21058200555264,5
1520,gpt_5_5_xhigh,32.63973520375784,6
1520,kimi_k3_max,25.24214701985446,7
1520,deepseek_v4_flash_max,21.988286862157327,8
1520,claude_opus_4_8_max,20.128389706544077,9
1520,glm_5_2_max,12.932908535981907,10
1521,claude_fable_5_max,71.38615321426676,1
1521,kimi_k3_max,67.08090283605722,2
1521,gpt_5_5_xhigh,54.86839970040093,3
1521,qwen3_8_max,51.928233801417065,4
1521,claude_opus_4_8_max,43.48594866332401,5
1521,gpt_5_6_sol_max,28.057293791262392,6
1521,deepseek_v4_flash_max,27.935621991179275,7
1521,gemini_3_1_pro_high,27.08009545596674,8
1521,glm_5_2_max,21.727296904319772,9
1521,deepseek_v4_pro_max,7.302230096759502,10
1522,kimi_k3_max,89.39610934894901,1
1522,claude_opus_4_8_max,47.781030087825485,2
1522,qwen3_8_max,34.71765135469549,3
1522,claude_fable_5_max,33.55452692387085,4
1522,gemini_3_1_pro_high,32.06025680821711,5
1522,gpt_5_6_sol_max,29.261402901015153,6
1522,deepseek_v4_pro_max,28.66759016670827,7
1522,gpt_5_5_xhigh,19.150630879765544,8
1522,deepseek_v4_flash_max,16.165251204567408,9
1522,glm_5_2_max,8.734289942623997,10
1523,gpt_5_6_sol_max,78.75782232621464,1
1523,kimi_k3_max,55.86171329265974,2
1523,claude_fable_5_max,41.144037468445376,3
1523,gemini_3_1_pro_high,38.261431301743215,4
1523,claude_opus_4_8_max,29.25684468366185,5
1523,glm_5_2_max,26.13471705278071,6
1523,deepseek_v4_flash_max,22.886266735887613,7
1523,deepseek_v4_pro_max,18.03457007213899,8
1523,qwen3_8_max,18.001489682287264,9
1523,gpt_5_5_xhigh,15.78537764342499,10
1524,claude_fable_5_max,82.37251172066044,1
1524,kimi_k3_max,68.54784835482944,2
1524,gemini_3_1_pro_high,50.30531002575405,3
1524,qwen3_8_max,42.90093027759153,4
1524,gpt_5_5_xhigh,34.823122434315025,5
1524,gpt_5_6_sol_max,32.77336049256352,6
1524,deepseek_v4_flash_max,32.22737613034303,7
1524,glm_5_2_max,28.24810931448568,8
1524,deepseek_v4_pro_max,22.198512736486904,9
1524,claude_opus_4_8_max,14.026487313466955,10
1525,gpt_5_6_sol_max,76.59964795486053,1
1525,gemini_3_1_pro_high,68.57445104144114,2
1525,claude_opus_4_8_max,68.30598540192884,3
1525,claude_fable_5_max,62.32275379952642,4
1525,qwen3_8_max,48.59991409941921,5
1525,gpt_5_5_xhigh,34.85722025729774,6
1525,deepseek_v4_pro_max,27.489110914310366,7
1525,kimi_k3_max,24.953051569126284,8
1525,deepseek_v4_flash_max,20.919123394515907,9
1525,glm_5_2_max,20.799952162831097,10
1526,gpt_5_5_xhigh,81.45713532215146,1
1526,claude_opus_4_8_max,69.68500119797962,2
1526,gemini_3_1_pro_high,46.19829070815995,3
1526,claude_fable_5_max,36.49946609541131,4
1526,qwen3_8_max,36.18940087856727,5
1526,kimi_k3_max,34.736807360007326,6
1526,gpt_5_6_sol_max,30.489715129460876,7
1526,deepseek_v4_pro_max,27.95648391289116,8
1526,glm_5_2_max,24.706533778838825,9
1526,deepseek_v4_flash_max,7.945597749969777,10
1527,claude_opus_4_8_max,56.93305910137048,1
1527,gpt_5_6_sol_max,56.776348389554656,2
1527,qwen3_8_max,56.638377273596376,3
1527,deepseek_v4_pro_max,41.158360647964834,4
1527,kimi_k3_max,38.17837710687592,5
1527,gpt_5_5_xhigh,35.12369204687201,6
1527,claude_fable_5_max,34.55961918349854,7
1527,gemini_3_1_pro_high,30.154853031378423,8
1527,glm_5_2_max,15.341187206712737,9
1527,deepseek_v4_flash_max,6.18289836065363,10
1528,gpt_5_6_sol_max,64.49880166458655,1
1528,qwen3_8_max,64.16854591512023,2
1528,gemini_3_1_pro_high,62.821984338439165,3
1528,kimi_k3_max,53.16522178433682,4
1528,gpt_5_5_xhigh,42.70803213290674,5
1528,claude_fable_5_max,40.81411343983003,6
1528,claude_opus_4_8_max,40.43477194020035,7
1528,deepseek_v4_pro_max,28.335335321794805,8
1528,deepseek_v4_flash_max,20.754226461160457,9
1528,glm_5_2_max,10.723681027790864,10
1529,gpt_5_6_sol_max,64.74794878296152,1
1529,claude_fable_5_max,60.80860747421981,2
1529,gpt_5_5_xhigh,48.85457646790417,3
1529,gemini_3_1_pro_high,42.29528114666216,4
1529,kimi_k3_max,32.56501920480136,5
1529,deepseek_v4_flash_max,30.14138135720029,6
1529,qwen3_8_max,29.89979470278151,7
1529,deepseek_v4_pro_max,20.47303174308889,8
1529,claude_opus_4_8_max,15.97601764063025,9
1529,glm_5_2_max,12.644553081695534,10
1530,gpt_5_6_sol_max,82.05255309128175,1
1530,claude_fable_5_max,72.60568782611853,2
1530,qwen3_8_max,53.761996453666505,3
1530,claude_opus_4_8_max,51.45129204074689,4
1530,gemini_3_1_pro_high,44.222088165386324,5
1530,kimi_k3_max,43.840782367754905,6
1530,gpt_5_5_xhigh,30.92144309017681,7
1530,glm_5_2_max,30.75219981782211,8
1530,deepseek_v4_flash_max,26.945149153762877,9
1530,deepseek_v4_pro_max,22.95256407957669,10
1531,kimi_k3_max,79.57859428412948,1
1531,gpt_5_5_xhigh,74.54122347731828,2
1531,claude_opus_4_8_max,50.611916925105135,3
1531,claude_fable_5_max,42.82090763846438,4
1531,deepseek_v4_pro_max,37.654819500751984,5
1531,gpt_5_6_sol_max,36.93951131528837,6
1531,glm_5_2_max,22.296203535377984,7
1531,qwen3_8_max,21.16838678981121,8
1531,gemini_3_1_pro_high,15.523662374095839,9
1531,deepseek_v4_flash_max,13.503366350271145,10
1532,gpt_5_6_sol_max,75.36216475323454,1
1532,kimi_k3_max,71.13180474130958,2
1532,qwen3_8_max,69.13451017581158,3
1532,claude_fable_5_max,55.419533869036,4
1532,claude_opus_4_8_max,52.15921065727866,5
1532,gemini_3_1_pro_high,48.371136651742226,6
1532,deepseek_v4_pro_max,38.58434397788597,7
1532,gpt_5_5_xhigh,32.99655116166696,8
1532,deepseek_v4_flash_max,23.299064891844854,9
1532,glm_5_2_max,8.953431928658697,10
1533,claude_fable_5_max,78.2164409696504,1
1533,gpt_5_6_sol_max,78.04881126719681,2
1533,gemini_3_1_pro_high,49.91177116734819,3
1533,qwen3_8_max,48.24965227906421,4
1533,gpt_5_5_xhigh,32.7430195145796,5
1533,claude_opus_4_8_max,30.905076671312795,6
1533,kimi_k3_max,29.42177187004573,7
1533,deepseek_v4_pro_max,26.81176128784454,8
1533,deepseek_v4_flash_max,25.462137362186667,9
1533,glm_5_2_max,13.144943410598202,10
1534,gpt_5_6_sol_max,64.36498824358013,1
1534,claude_fable_5_max,60.04281235016615,2
1534,qwen3_8_max,59.66901296834499,3
1534,kimi_k3_max,56.79977146326638,4
1534,deepseek_v4_pro_max,36.25329826635275,5
1534,gpt_5_5_xhigh,34.61181970732822,6
1534,deepseek_v4_flash_max,30.26914278201577,7
1534,gemini_3_1_pro_high,24.01248958403368,8
1534,claude_opus_4_8_max,13.372735527001174,9
1534,glm_5_2_max,9.698975786760224,10
1535,claude_fable_5_max,78.5167424204863,1
1535,gemini_3_1_pro_high,67.70010797162848,2
1535,claude_opus_4_8_max,59.37225957327882,3
1535,gpt_5_6_sol_max,57.57915105991489,4
1535,kimi_k3_max,56.25508228391766,5
1535,gpt_5_5_xhigh,48.05506752635189,6
1535,qwen3_8_max,37.43756445099477,7
1535,glm_5_2_max,27.833365312952907,8
1535,deepseek_v4_pro_max,26.37362974612528,9
1535,deepseek_v4_flash_max,10.54369046222771,10
1536,claude_fable_5_max,84.2178780540348,1
1536,claude_opus_4_8_max,70.3787056438496,2
1536,gemini_3_1_pro_high,66.49411637981996,3
1536,gpt_5_6_sol_max,56.78339412720608,4
1536,gpt_5_5_xhigh,23.347766845752865,5
1536,qwen3_8_max,21.76979663420163,6
1536,kimi_k3_max,19.83881957481744,7
1536,deepseek_v4_flash_max,18.770212745937222,8
1536,glm_5_2_max,18.164372490386068,9
1536,deepseek_v4_pro_max,7.689964717681794,10
1537,claude_fable_5_max,83.21141771133223,1
1537,gemini_3_1_pro_high,59.97500361236787,2
1537,qwen3_8_max,57.98142081625453,3
1537,gpt_5_6_sol_max,57.68034212021534,4
1537,deepseek_v4_pro_max,43.05577156684739,5
1537,gpt_5_5_xhigh,41.628205192495926,6
1537,claude_opus_4_8_max,39.17346770718191,7
1537,glm_5_2_max,24.844736218777108,8
1537,kimi_k3_max,21.68609787790392,9
1537,deepseek_v4_flash_max,7.38213436458598,10
1538,gpt_5_5_xhigh,78.36901135007662,1
1538,claude_opus_4_8_max,57.62645377416775,2
1538,gemini_3_1_pro_high,51.018260386503734,3
1538,qwen3_8_max,45.19521140401115,4
1538,gpt_5_6_sol_max,42.29475310432801,5
1538,deepseek_v4_flash_max,42.04561165245457,6
1538,claude_fable_5_max,38.76222627984347,7
1538,glm_5_2_max,21.732101883837963,8
1538,deepseek_v4_pro_max,20.591550031215633,9
1538,kimi_k3_max,20.352813458208175,10
1539,gemini_3_1_pro_high,84.50062532675273,1
1539,gpt_5_6_sol_max,80.70088144292214,2
1539,qwen3_8_max,68.6925392702385,3
1539,claude_opus_4_8_max,67.51510113955052,4
1539,kimi_k3_max,62.007996624833446,5
1539,gpt_5_5_xhigh,57.71422781987864,6
1539,claude_fable_5_max,34.66757912074325,7
1539,deepseek_v4_pro_max,34.15664187377846,8
1539,glm_5_2_max,31.465112705426662,9
1539,deepseek_v4_flash_max,17.882680869369757,10
1540,gpt_5_5_xhigh,61.766127165811426,1
1540,kimi_k3_max,61.687031660152336,2
1540,claude_fable_5_max,55.1542534328948,3
1540,gemini_3_1_pro_high,48.63517470337704,4
1540,gpt_5_6_sol_max,48.24871583951109,5
1540,qwen3_8_max,43.974114664723174,6
1540,claude_opus_4_8_max,33.56762041934116,7
1540,deepseek_v4_pro_max,26.45187974765392,8
1540,glm_5_2_max,25.769293707392507,9
1540,deepseek_v4_flash_max,22.552304729798884,10
1541,gpt_5_5_xhigh,78.68995192533139,1
1541,gpt_5_6_sol_max,64.28430492796386,2
1541,gemini_3_1_pro_high,59.27225135752025,3
1541,qwen3_8_max,56.95420581079071,4
1541,claude_opus_4_8_max,56.494740032205996,5
1541,deepseek_v4_flash_max,40.69894035126801,6
1541,kimi_k3_max,35.04939345991079,7
1541,claude_fable_5_max,33.559615003505776,8
1541,glm_5_2_max,24.061392044360993,9
1541,deepseek_v4_pro_max,14.174135553644952,10
1542,qwen3_8_max,64.51562251105095,1
1542,claude_fable_5_max,60.10659538288463,2
1542,gpt_5_5_xhigh,58.79336478284026,3
1542,kimi_k3_max,57.440350742579454,4
1542,claude_opus_4_8_max,55.09428067819317,5
1542,gpt_5_6_sol_max,41.69429616842727,6
1542,gemini_3_1_pro_high,36.32548204089082,7
1542,deepseek_v4_flash_max,31.1707164136362,8
1542,glm_5_2_max,26.879981141728205,9
1542,deepseek_v4_pro_max,20.831054197175824,10
1543,gpt_5_5_xhigh,81.10625404519394,1
1543,gemini_3_1_pro_high,64.01841623496941,2
1543,claude_opus_4_8_max,48.2519543664521,3
1543,claude_fable_5_max,44.521727294680815,4
1543,deepseek_v4_pro_max,29.209203302713398,5
1543,gpt_5_6_sol_max,25.246141635969398,6
1543,kimi_k3_max,24.995167284191055,7
1543,deepseek_v4_flash_max,20.773751052715873,8
1543,glm_5_2_max,19.955911002111918,9
1543,qwen3_8_max,16.718717676318175,10
1544,gpt_5_6_sol_max,74.4286808826267,1
1544,qwen3_8_max,61.58630712797448,2
1544,claude_fable_5_max,59.43141640545339,3
1544,gemini_3_1_pro_high,49.30579868618338,4
1544,kimi_k3_max,46.08696194257187,5
1544,gpt_5_5_xhigh,30.690081066459058,6
1544,glm_5_2_max,25.995611885519775,7
1544,claude_opus_4_8_max,22.811880350679623,8
1544,deepseek_v4_flash_max,22.5610336065155,9
1544,deepseek_v4_pro_max,15.809393351513432,10
1545,claude_fable_5_max,70.38252344143382,1
1545,kimi_k3_max,67.06090296412808,2
1545,gpt_5_6_sol_max,60.08255701433133,3
1545,gpt_5_5_xhigh,54.807666487839825,4
1545,qwen3_8_max,48.65971914375892,5
1545,gemini_3_1_pro_high,38.086106652308516,6
1545,claude_opus_4_8_max,33.9109545430149,7
1545,deepseek_v4_flash_max,24.963043976058852,8
1545,glm_5_2_max,24.35257911150089,9
1545,deepseek_v4_pro_max,19.296506992025698,10
1546,kimi_k3_max,85.12308567977912,1
1546,qwen3_8_max,77.8075030355432,2
1546,gpt_5_6_sol_max,70.3632906134996,3
1546,claude_opus_4_8_max,49.18858170089209,4
1546,deepseek_v4_pro_max,41.36051519159695,5
1546,claude_fable_5_max,36.361899099757466,6
1546,gpt_5_5_xhigh,19.730282231809397,7
1546,gemini_3_1_pro_high,18.478344449942007,8
1546,glm_5_2_max,14.660730702328985,9
1546,deepseek_v4_flash_max,10.620842629804878,10
1547,claude_fable_5_max,63.8133277805225,1
1547,gpt_5_6_sol_max,63.476063054788014,2
1547,gemini_3_1_pro_high,58.709523297727536,3
1547,claude_opus_4_8_max,49.82833249873309,4
1547,qwen3_8_max,38.461879113851325,5
1547,deepseek_v4_pro_max,34.43920905946124,6
1547,gpt_5_5_xhigh,30.77423202084386,7
1547,glm_5_2_max,18.61090967633313,8
1547,kimi_k3_max,18.177584724045815,9
1547,deepseek_v4_flash_max,18.130850665049394,10
1548,gemini_3_1_pro_high,79.57627275691667,1
1548,gpt_5_6_sol_max,65.4866103155941,2
1548,qwen3_8_max,51.76523518368753,3
1548,claude_fable_5_max,51.160395584732115,4
1548,glm_5_2_max,46.692488550933156,5
1548,kimi_k3_max,44.68291262936918,6
1548,deepseek_v4_pro_max,36.90477615087409,7
1548,claude_opus_4_8_max,33.124508812690806,8
1548,gpt_5_5_xhigh,24.167590410246017,9
1548,deepseek_v4_flash_max,9.165832209611755,10
1549,gpt_5_6_sol_max,81.53182131569176,1
1549,claude_opus_4_8_max,72.63902528307221,2
1549,claude_fable_5_max,49.32844550250488,3
1549,kimi_k3_max,48.248842503380104,4
1549,qwen3_8_max,47.21611737360345,5
1549,gpt_5_5_xhigh,37.657901389767915,6
1549,deepseek_v4_flash_max,29.031323617679163,7
1549,gemini_3_1_pro_high,25.0685222541091,8
1549,glm_5_2_max,20.190730619762494,9
1549,deepseek_v4_pro_max,10.135752895222476,10
1550,kimi_k3_max,81.71878563471995,1
1550,gpt_5_5_xhigh,66.32045330992187,2
1550,qwen3_8_max,54.32255084980974,3
1550,claude_fable_5_max,44.35249638745148,4
1550,gpt_5_6_sol_max,40.508261790720255,5
1550,deepseek_v4_flash_max,36.949707311018514,6
1550,glm_5_2_max,30.33670233317305,7
1550,gemini_3_1_pro_high,28.113342670827592,8
1550,claude_opus_4_8_max,20.17894686815201,9
1550,deepseek_v4_pro_max,19.380227014926213,10
1551,gemini_3_1_pro_high,81.56075435325081,1
1551,claude_fable_5_max,74.22119009822433,2
1551,claude_opus_4_8_max,43.40542901287436,3
1551,gpt_5_6_sol_max,39.07121824213063,4
1551,gpt_5_5_xhigh,37.64492934896782,5
1551,qwen3_8_max,31.720107130503308,6
1551,deepseek_v4_flash_max,26.926689403834487,7
1551,glm_5_2_max,24.67452294555153,8
1551,kimi_k3_max,24.0930521406813,9
1551,deepseek_v4_pro_max,10.594366112991594,10
1552,claude_fable_5_max,82.88521825052088,1
1552,gpt_5_6_sol_max,58.25755673624538,2
1552,gemini_3_1_pro_high,48.37127964058715,3
1552,qwen3_8_max,47.22585811093799,4
1552,deepseek_v4_flash_max,41.548425684885366,5
1552,claude_opus_4_8_max,36.22952049560351,6
1552,gpt_5_5_xhigh,32.37284444814799,7
1552,kimi_k3_max,23.727875357057343,8
1552,glm_5_2_max,17.17461798429112,9
1552,deepseek_v4_pro_max,9.553425335908901,10
1553,qwen3_8_max,72.36561003248158,1
1553,kimi_k3_max,61.09622865139435,2
1553,gpt_5_6_sol_max,56.68131490289124,3
1553,claude_fable_5_max,54.449330990627104,4
1553,claude_opus_4_8_max,52.85796745826694,5
1553,deepseek_v4_pro_max,42.69275774679475,6
1553,gpt_5_5_xhigh,34.86998030424084,7
1553,deepseek_v4_flash_max,25.65351519735446,8
1553,gemini_3_1_pro_high,17.097490344948852,9
1553,glm_5_2_max,15.908215450607187,10
1554,claude_fable_5_max,88.40358559070134,1
1554,gpt_5_5_xhigh,60.053376798653446,2
1554,kimi_k3_max,56.91457479778739,3
1554,gemini_3_1_pro_high,49.070180368333475,4
1554,claude_opus_4_8_max,44.95537360686475,5
1554,deepseek_v4_pro_max,34.537386200685496,6
1554,gpt_5_6_sol_max,27.04614338180202,7
1554,glm_5_2_max,22.401951970471245,8
1554,qwen3_8_max,16.809697321316513,9
1554,deepseek_v4_flash_max,15.393831403716264,10
1555,gpt_5_6_sol_max,74.46842260404955,1
1555,qwen3_8_max,70.71619253653242,2
1555,gpt_5_5_xhigh,67.73836839357446,3
1555,gemini_3_1_pro_high,67.2157149481504,4
1555,kimi_k3_max,54.83739166716796,5
1555,claude_opus_4_8_max,51.82284088552871,6
1555,claude_fable_5_max,41.650833874244135,7
1555,glm_5_2_max,24.220081511219504,8
1555,deepseek_v4_flash_max,19.48977734934645,9
1555,deepseek_v4_pro_max,13.239827933517779,10
1556,kimi_k3_max,82.29846744269825,1
1556,claude_opus_4_8_max,56.15439239340965,2
1556,qwen3_8_max,52.832081486225704,3
1556,gpt_5_6_sol_max,52.079593095291,4
1556,claude_fable_5_max,51.204162545284916,5
1556,gpt_5_5_xhigh,41.7862564361356,6
1556,deepseek_v4_pro_max,32.09585905427035,7
1556,deepseek_v4_flash_max,23.780712570898057,8
1556,gemini_3_1_pro_high,23.293299656375858,9
1556,glm_5_2_max,14.019022315602085,10
1557,gemini_3_1_pro_high,71.55495188966323,1
1557,claude_fable_5_max,63.879304815690574,2
1557,claude_opus_4_8_max,43.58210164345712,3
1557,kimi_k3_max,41.60034403001982,4
1557,gpt_5_5_xhigh,37.885114521126496,5
1557,qwen3_8_max,23.61424530498605,6
1557,deepseek_v4_flash_max,22.076512574008103,7
1557,gpt_5_6_sol_max,20.7569352184513,8
1557,glm_5_2_max,18.038818699789356,9
1557,deepseek_v4_pro_max,15.124300747506108,10
1558,kimi_k3_max,71.27700665243647,1
1558,claude_opus_4_8_max,66.8305830788338,2
1558,gpt_5_6_sol_max,52.75895323755767,3
1558,gemini_3_1_pro_high,44.268542471708685,4
1558,gpt_5_5_xhigh,43.09933360109177,5
1558,qwen3_8_max,25.595660987748875,6
1558,deepseek_v4_pro_max,25.466783976134344,7
1558,glm_5_2_max,22.126708853204022,8
1558,deepseek_v4_flash_max,15.962078194156984,9
1558,claude_fable_5_max,9.021040847086649,10
1559,kimi_k3_max,71.32826971569573,1
1559,gemini_3_1_pro_high,54.82851918231987,2
1559,gpt_5_6_sol_max,53.38391239079351,3
1559,claude_fable_5_max,42.14758321740989,4
1559,qwen3_8_max,41.96590810006704,5
1559,glm_5_2_max,36.00956556533006,6
1559,claude_opus_4_8_max,34.438856211719504,7
1559,gpt_5_5_xhigh,34.191284603766334,8
1559,deepseek_v4_pro_max,24.809271452211785,9
1559,deepseek_v4_flash_max,20.430655865966315,10
1560,gemini_3_1_pro_high,71.21552333426678,1
1560,kimi_k3_max,68.09245980887579,2
1560,gpt_5_6_sol_max,58.435745718199044,3
1560,qwen3_8_max,57.112471730427444,4
1560,claude_opus_4_8_max,51.47085998582259,5
1560,deepseek_v4_pro_max,42.14505002313085,6
1560,glm_5_2_max,35.17660834502883,7
1560,claude_fable_5_max,27.50543123986756,8
1560,gpt_5_5_xhigh,20.226056540689232,9
1560,deepseek_v4_flash_max,18.341160146275055,10
1561,gpt_5_5_xhigh,79.37224823633183,1
1561,qwen3_8_max,74.09393114144414,2
1561,claude_fable_5_max,56.97459809309004,3
1561,claude_opus_4_8_max,54.39888837006109,4
1561,gemini_3_1_pro_high,48.41499686078096,5
1561,deepseek_v4_pro_max,38.13838737715724,6
1561,kimi_k3_max,30.223802874335767,7
1561,glm_5_2_max,25.978825516920793,8
1561,gpt_5_6_sol_max,17.753124262460886,9
1561,deepseek_v4_flash_max,4.470806231514985,10
1562,claude_opus_4_8_max,70.69931080572705,1
1562,gemini_3_1_pro_high,70.00972182716683,2
1562,gpt_5_5_xhigh,67.38142693527308,3
1562,claude_fable_5_max,60.19306119672319,4
1562,gpt_5_6_sol_max,54.92742577697122,5
1562,qwen3_8_max,54.661634578248155,6
1562,glm_5_2_max,34.60956211469752,7
1562,deepseek_v4_flash_max,33.566269911721506,8
1562,kimi_k3_max,16.81039581665556,9
1562,deepseek_v4_pro_max,13.120951869916919,10
1563,kimi_k3_max,73.0693647916622,1
1563,gpt_5_5_xhigh,68.55813746875272,2
1563,claude_opus_4_8_max,65.06718011349463,3
1563,gemini_3_1_pro_high,62.48264934532449,4
1563,claude_fable_5_max,57.59955539094773,5
1563,qwen3_8_max,46.04131654244042,6
1563,deepseek_v4_pro_max,32.779745679626785,7
1563,glm_5_2_max,30.758891257844414,8
1563,gpt_5_6_sol_max,25.055336541184943,9
1563,deepseek_v4_flash_max,19.022747652663426,10
1564,claude_opus_4_8_max,63.62011583630711,1
1564,gpt_5_6_sol_max,53.92613639900365,2
1564,gemini_3_1_pro_high,53.79178516868565,3
1564,kimi_k3_max,41.31557734303403,4
1564,gpt_5_5_xhigh,38.52793924187938,5
1564,qwen3_8_max,37.43592307863698,6
1564,deepseek_v4_pro_max,35.638772323730436,7
1564,deepseek_v4_flash_max,25.585352924893808,8
1564,claude_fable_5_max,25.387450562438588,9
1564,glm_5_2_max,10.519175562257136,10
1565,qwen3_8_max,62.648730664545425,1
1565,claude_fable_5_max,62.63405384923269,2
1565,kimi_k3_max,59.53000575895985,3
1565,gemini_3_1_pro_high,53.79322594992168,4
1565,gpt_5_6_sol_max,52.59909908277186,5
1565,deepseek_v4_pro_max,50.3586285455594,6
1565,claude_opus_4_8_max,50.06104875504937,7
1565,gpt_5_5_xhigh,31.071931312721397,8
1565,glm_5_2_max,27.582844607701794,9
1565,deepseek_v4_flash_max,13.976314189734872,10
1566,kimi_k3_max,80.83629080169203,1
1566,claude_opus_4_8_max,75.59144976427257,2
1566,gpt_5_5_xhigh,42.9252726948234,3
1566,qwen3_8_max,37.471104483758744,4
1566,gpt_5_6_sol_max,30.90903545639837,5
1566,claude_fable_5_max,28.430595691655846,6
1566,gemini_3_1_pro_high,21.318385923753954,7
1566,deepseek_v4_flash_max,19.40853853052917,8
1566,deepseek_v4_pro_max,18.01262552476162,9
1566,glm_5_2_max,17.885394024056755,10
1567,gpt_5_6_sol_max,74.16523319101672,1
1567,claude_fable_5_max,48.18229189703638,2
1567,kimi_k3_max,41.376565054629296,3
1567,deepseek_v4_pro_max,37.3046543458928,4
1567,glm_5_2_max,35.77225832612595,5
1567,qwen3_8_max,32.750150588787676,6
1567,gemini_3_1_pro_high,24.43029986455786,7
1567,gpt_5_5_xhigh,22.990750463231223,8
1567,claude_opus_4_8_max,20.82534473862359,9
1567,deepseek_v4_flash_max,17.37973004726887,10
1568,claude_opus_4_8_max,75.01913146439622,1
1568,gpt_5_6_sol_max,63.89839582742901,2
1568,qwen3_8_max,61.48356390211349,3
1568,gemini_3_1_pro_high,52.85084268545098,4
1568,claude_fable_5_max,39.09786788542947,5
1568,gpt_5_5_xhigh,36.33077397311119,6
1568,kimi_k3_max,27.854504996683225,7
1568,deepseek_v4_flash_max,25.289348019281533,8
1568,glm_5_2_max,19.778600351776056,9
1568,deepseek_v4_pro_max,10.201624912153932,10
1569,claude_fable_5_max,91.00876731147423,1
1569,kimi_k3_max,64.05979366514455,2
1569,qwen3_8_max,62.04225248560707,3
1569,gemini_3_1_pro_high,56.65580564712805,4
1569,gpt_5_5_xhigh,49.638154039224844,5
1569,gpt_5_6_sol_max,47.16605788063248,6
1569,glm_5_2_max,27.414658136983885,7
1569,deepseek_v4_pro_max,26.016522019513538,8
1569,claude_opus_4_8_max,23.55724319193891,9
1569,deepseek_v4_flash_max,14.083711169435261,10
1570,gpt_5_6_sol_max,76.71640735426838,1
1570,gpt_5_5_xhigh,57.56826836688819,2
1570,qwen3_8_max,57.53073642157522,3
1570,gemini_3_1_pro_high,44.177070543337514,4
1570,kimi_k3_max,42.89607876155537,5
1570,claude_fable_5_max,42.706008413085264,6
1570,claude_opus_4_8_max,28.593492003662195,7
1570,deepseek_v4_flash_max,25.837691969434736,8
1570,deepseek_v4_pro_max,16.434292529373828,9
1570,glm_5_2_max,14.411943658688081,10
1571,qwen3_8_max,73.21438571085753,1
1571,gemini_3_1_pro_high,65.4936001270967,2
1571,claude_opus_4_8_max,58.92264631045007,3
1571,claude_fable_5_max,54.98698305178439,4
1571,deepseek_v4_pro_max,46.395707434647335,5
1571,gpt_5_6_sol_max,39.671552139220324,6
1571,gpt_5_5_xhigh,34.3787792325607,7
1571,glm_5_2_max,28.047383075142108,8
1571,kimi_k3_max,19.291050754390298,9
1571,deepseek_v4_flash_max,19.100897952739153,10
1572,gpt_5_6_sol_max,69.25082276118016,1
1572,qwen3_8_max,66.13477418989912,2
1572,gpt_5_5_xhigh,64.09981045496465,3
1572,claude_fable_5_max,59.47066024076213,4
1572,kimi_k3_max,55.7754819726703,5
1572,deepseek_v4_pro_max,41.82801313462555,6
1572,gemini_3_1_pro_high,35.99163416289314,7
1572,glm_5_2_max,31.791683813460246,8
1572,claude_opus_4_8_max,26.6575964094305,9
1572,deepseek_v4_flash_max,23.900770000750917,10
1573,gpt_5_5_xhigh,79.82035739462087,1
1573,gpt_5_6_sol_max,59.00740535363424,2
1573,gemini_3_1_pro_high,57.86726202452729,3
1573,claude_fable_5_max,54.78682691872152,4
1573,glm_5_2_max,41.77708982488194,5
1573,qwen3_8_max,39.48582811221742,6
1573,claude_opus_4_8_max,27.449872644930693,7
1573,deepseek_v4_flash_max,20.28180056566724,8
1573,kimi_k3_max,16.056008428081025,9
1573,deepseek_v4_pro_max,14.119516410434082,10
1574,gpt_5_5_xhigh,75.18210113977487,1
1574,claude_fable_5_max,60.13667641318895,2
1574,kimi_k3_max,51.60192734612879,3
1574,gpt_5_6_sol_max,45.94289467879888,4
1574,qwen3_8_max,28.219109822127606,5
1574,deepseek_v4_pro_max,22.733115223339784,6
1574,claude_opus_4_8_max,21.56411019919556,7
1574,gemini_3_1_pro_high,20.9379896249189,8
1574,glm_5_2_max,16.985423481777374,9
1574,deepseek_v4_flash_max,16.39425771030541,10
1575,gemini_3_1_pro_high,83.86185372133464,1
1575,gpt_5_6_sol_max,65.54280360910221,2
1575,claude_opus_4_8_max,63.052331887341246,3
1575,qwen3_8_max,60.904251856466175,4
1575,claude_fable_5_max,57.594287465948895,5
1575,gpt_5_5_xhigh,48.78328896717156,6
1575,deepseek_v4_pro_max,42.81785872752294,7
1575,deepseek_v4_flash_max,32.85275012487159,8
1575,kimi_k3_max,30.989735661640136,9
1575,glm_5_2_max,17.5531126220013,10
1576,claude_fable_5_max,71.09519018159752,1
1576,claude_opus_4_8_max,50.78616669061215,2
1576,gemini_3_1_pro_high,43.2064158016542,3
1576,qwen3_8_max,40.06592013495161,4
1576,gpt_5_5_xhigh,39.32566873469189,5
1576,glm_5_2_max,32.105678631519154,6
1576,deepseek_v4_flash_max,25.846739613329724,7
1576,kimi_k3_max,24.92963386103351,8
1576,gpt_5_6_sol_max,21.997362642008063,9
1576,deepseek_v4_pro_max,17.68133732237651,10
1577,gpt_5_6_sol_max,65.85384932354063,1
1577,claude_fable_5_max,61.65992077665548,2
1577,gemini_3_1_pro_high,51.03810796035092,3
1577,kimi_k3_max,49.097585312627324,4
1577,glm_5_2_max,47.67909357618835,5
1577,qwen3_8_max,42.49281676218383,6
1577,gpt_5_5_xhigh,39.750772551644204,7
1577,deepseek_v4_pro_max,37.371327852445326,8
1577,claude_opus_4_8_max,17.738879178812887,9
1577,deepseek_v4_flash_max,13.455978386042895,10
1578,gemini_3_1_pro_high,92.48513730462312,1
1578,gpt_5_5_xhigh,72.1386817982586,2
1578,claude_fable_5_max,46.67946955544309,3
1578,qwen3_8_max,38.39768240678309,4
1578,gpt_5_6_sol_max,37.35358733152753,5
1578,deepseek_v4_flash_max,28.860599183684407,6
1578,claude_opus_4_8_max,28.105000656037877,7
1578,deepseek_v4_pro_max,26.70066319474078,8
1578,kimi_k3_max,25.72376581946019,9
1578,glm_5_2_max,18.38670701949713,10
1579,gpt_5_6_sol_max,88.40532590022107,1
1579,gpt_5_5_xhigh,59.02712290849651,2
1579,qwen3_8_max,54.262199700955726,3
1579,claude_opus_4_8_max,40.23337254915343,4
1579,kimi_k3_max,33.68493431917844,5
1579,gemini_3_1_pro_high,30.57918572794772,6
1579,deepseek_v4_flash_max,24.233983747698655,7
1579,deepseek_v4_pro_max,19.706510056181486,8
1579,glm_5_2_max,18.392414598221006,9
1579,claude_fable_5_max,14.82282098135399,10
1580,gpt_5_6_sol_max,77.37756399649885,1
1580,glm_5_2_max,48.56151078640996,2
1580,claude_fable_5_max,42.37375146318511,3
1580,gemini_3_1_pro_high,37.21614809403428,4
1580,deepseek_v4_pro_max,32.57557011430357,5
1580,kimi_k3_max,30.56898743600606,6
1580,gpt_5_5_xhigh,29.99866332701489,7
1580,qwen3_8_max,28.25014927778144,8
1580,claude_opus_4_8_max,22.326806556574134,9
1580,deepseek_v4_flash_max,9.611203784139441,10
1581,gemini_3_1_pro_high,66.27957022221055,1
1581,qwen3_8_max,62.02626661218764,2
1581,kimi_k3_max,55.413276206564845,3
1581,gpt_5_5_xhigh,53.15645798416327,4
1581,claude_fable_5_max,48.728137285225884,5
1581,claude_opus_4_8_max,28.286092905414897,6
1581,deepseek_v4_flash_max,21.53838787423099,7
1581,glm_5_2_max,21.129400440056767,8
1581,gpt_5_6_sol_max,18.22123356932937,9
1581,deepseek_v4_pro_max,14.42121346992236,10
1582,kimi_k3_max,72.35583820498434,1
1582,qwen3_8_max,57.45066163358079,2
1582,gemini_3_1_pro_high,57.13793414223569,3
1582,claude_opus_4_8_max,56.24198459454881,4
1582,gpt_5_6_sol_max,43.55872607869665,5
1582,claude_fable_5_max,40.544550349833415,6
1582,gpt_5_5_xhigh,31.31994708057422,7
1582,deepseek_v4_pro_max,29.83011100118145,8
1582,deepseek_v4_flash_max,23.172526418128577,9
1582,glm_5_2_max,22.53625914227252,10
1583,qwen3_8_max,62.46961870526236,1
1583,gpt_5_6_sol_max,57.956146922495904,2
1583,gpt_5_5_xhigh,51.100354770605605,3
1583,deepseek_v4_pro_max,46.57508903353923,4
1583,kimi_k3_max,43.598145711202385,5
1583,claude_fable_5_max,39.30416860745618,6
1583,gemini_3_1_pro_high,33.94887433088304,7
1583,glm_5_2_max,22.76805066124804,8
1583,claude_opus_4_8_max,20.92408104419745,9
1583,deepseek_v4_flash_max,11.300761830186556,10
1584,claude_fable_5_max,77.88071789554813,1
1584,gpt_5_5_xhigh,62.350113775702035,2
1584,gemini_3_1_pro_high,47.51110951045457,3
1584,kimi_k3_max,46.5066917455209,4
1584,gpt_5_6_sol_max,36.16319875118059,5
1584,claude_opus_4_8_max,30.349845577384126,6
1584,deepseek_v4_pro_max,23.562000531519395,7
1584,deepseek_v4_flash_max,22.981147533293367,8
1584,glm_5_2_max,22.365165589504137,9
1584,qwen3_8_max,15.18862152065836,10
1585,gpt_5_6_sol_max,71.49718500614902,1
1585,claude_opus_4_8_max,50.31182891217483,2
1585,qwen3_8_max,48.74451153626358,3
1585,kimi_k3_max,46.982802999890225,4
1585,gpt_5_5_xhigh,45.39453701688609,5
1585,deepseek_v4_flash_max,41.666741561398396,6
1585,gemini_3_1_pro_high,39.73089491450504,7
1585,glm_5_2_max,31.35977064275024,8
1585,deepseek_v4_pro_max,28.5599730736167,9
1585,claude_fable_5_max,21.555035331115427,10
1586,claude_fable_5_max,69.34756259716713,1
1586,gpt_5_6_sol_max,61.852201225631546,2
1586,qwen3_8_max,43.42191660751773,3
1586,kimi_k3_max,40.47613229129968,4
1586,gpt_5_5_xhigh,34.66785214527259,5
1586,gemini_3_1_pro_high,27.833791552146288,6
1586,claude_opus_4_8_max,27.163636623385983,7
1586,glm_5_2_max,21.431488449323666,8
1586,deepseek_v4_pro_max,20.667198989422406,9
1586,deepseek_v4_flash_max,15.59189866292812,10
1587,qwen3_8_max,66.7703466375637,1
1587,claude_opus_4_8_max,56.430823121798795,2
1587,kimi_k3_max,51.36768448321473,3
1587,glm_5_2_max,44.661946033734814,4
1587,claude_fable_5_max,43.451859387158514,5
1587,gemini_3_1_pro_high,43.26250852091009,6
1587,deepseek_v4_pro_max,34.20742077562129,7
1587,gpt_5_6_sol_max,30.999876905680047,8
1587,deepseek_v4_flash_max,27.47490079934037,9
1587,gpt_5_5_xhigh,13.733510940356137,10
1588,claude_opus_4_8_max,74.15804242608746,1
1588,gemini_3_1_pro_high,51.41762176980187,2
1588,qwen3_8_max,49.82000954025425,3
1588,gpt_5_6_sol_max,48.960515341681074,4
1588,gpt_5_5_xhigh,35.4361688463989,5
1588,glm_5_2_max,33.56095147849261,6
1588,kimi_k3_max,32.303798959254074,7
1588,claude_fable_5_max,30.299069817723424,8
1588,deepseek_v4_pro_max,27.07475184644628,9
1588,deepseek_v4_flash_max,8.527809342831553,10
1589,gpt_5_6_sol_max,80.70315970575305,1
1589,qwen3_8_max,48.19346296621866,2
1589,gemini_3_1_pro_high,44.637028989246105,3
1589,deepseek_v4_flash_max,37.83478180499793,4
1589,claude_fable_5_max,33.10586154894778,5
1589,deepseek_v4_pro_max,31.128176354089156,6
1589,claude_opus_4_8_max,27.995837106204323,7
1589,kimi_k3_max,27.18710991351513,8
1589,glm_5_2_max,21.27743984638582,9
1589,gpt_5_5_xhigh,20.47929202448385,10
1590,claude_fable_5_max,76.66033866059777,1
1590,gpt_5_6_sol_max,70.62272900134056,2
1590,qwen3_8_max,59.3888093769774,3
1590,claude_opus_4_8_max,53.7524566287633,4
1590,deepseek_v4_flash_max,45.40051296250459,5
1590,gemini_3_1_pro_high,43.99907566258685,6
1590,kimi_k3_max,41.375040998470574,7
1590,glm_5_2_max,35.29608234939247,8
1590,gpt_5_5_xhigh,27.001990685418956,9
1590,deepseek_v4_pro_max,26.84189235574649,10
1591,kimi_k3_max,76.27681180011344,1
1591,gpt_5_5_xhigh,69.23377017902958,2
1591,claude_opus_4_8_max,68.96960054950885,3
1591,gemini_3_1_pro_high,68.32079576838704,4
1591,claude_fable_5_max,60.54443141759076,5
1591,qwen3_8_max,56.3824970051166,6
1591,glm_5_2_max,30.771503924051963,7
1591,deepseek_v4_pro_max,30.695060223649456,8
1591,gpt_5_6_sol_max,29.177916966200478,9
1591,deepseek_v4_flash_max,21.922093704180732,10
1592,claude_fable_5_max,91.19825930223365,1
1592,kimi_k3_max,61.29768718007642,2
1592,qwen3_8_max,59.18406635950544,3
1592,claude_opus_4_8_max,50.78428967209497,4
1592,gpt_5_5_xhigh,40.74647877824052,5
1592,gemini_3_1_pro_high,38.65851810506921,6
1592,gpt_5_6_sol_max,34.18762888802972,7
1592,glm_5_2_max,23.336339237032096,8
1592,deepseek_v4_flash_max,14.956513508744687,9
1592,deepseek_v4_pro_max,11.959408956771734,10
1593,claude_fable_5_max,61.43034041024813,1
1593,gpt_5_6_sol_max,56.11774093455497,2
1593,kimi_k3_max,44.74494676439632,3
1593,gemini_3_1_pro_high,43.344002161282205,4
1593,deepseek_v4_pro_max,34.431114196674336,5
1593,deepseek_v4_flash_max,26.686754315601483,6
1593,gpt_5_5_xhigh,21.485568908025577,7
1593,claude_opus_4_8_max,20.40833515240889,8
1593,qwen3_8_max,18.337121732471356,9
1593,glm_5_2_max,17.4129208061554,10
1594,claude_fable_5_max,85.20534003303624,1
1594,qwen3_8_max,70.87483036963863,2
1594,gemini_3_1_pro_high,57.548364733468816,3
1594,kimi_k3_max,54.84188468693178,4
1594,claude_opus_4_8_max,52.50349022889556,5
1594,gpt_5_6_sol_max,45.7829477084462,6
1594,deepseek_v4_pro_max,34.058058740681105,7
1594,glm_5_2_max,27.6131591396311,8
1594,gpt_5_5_xhigh,23.17625816064474,9
1594,deepseek_v4_flash_max,12.857193618840528,10
1595,gpt_5_6_sol_max,88.66648514500596,1
1595,claude_fable_5_max,55.81350221086599,2
1595,kimi_k3_max,53.18305662091579,3
1595,gemini_3_1_pro_high,48.93560927057287,4
1595,qwen3_8_max,29.751509787650214,5
1595,gpt_5_5_xhigh,28.128820983301072,6
1595,claude_opus_4_8_max,23.138387995990403,7
1595,deepseek_v4_pro_max,22.051645015092394,8
1595,glm_5_2_max,20.696830847391688,9
1595,deepseek_v4_flash_max,11.896525141076548,10
1596,claude_opus_4_8_max,71.40723070377409,1
1596,gpt_5_5_xhigh,52.25916888612022,2
1596,gpt_5_6_sol_max,42.97224092544671,3
1596,gemini_3_1_pro_high,40.4228416253644,4
1596,glm_5_2_max,31.201286553503472,5
1596,kimi_k3_max,29.19966041495909,6
1596,deepseek_v4_pro_max,25.78024437518375,7
1596,qwen3_8_max,21.26417058379042,8
1596,deepseek_v4_flash_max,17.330687529961555,9
1596,claude_fable_5_max,12.240571108990144,10
1597,claude_fable_5_max,88.43933346491133,1
1597,gpt_5_6_sol_max,69.89432936622745,2
1597,qwen3_8_max,52.30949972690044,3
1597,gpt_5_5_xhigh,47.81532196479607,4
1597,kimi_k3_max,40.04828907354396,5
1597,gemini_3_1_pro_high,38.45598986031412,6
1597,glm_5_2_max,27.153249090511686,7
1597,deepseek_v4_pro_max,25.46494426997509,8
1597,claude_opus_4_8_max,19.510119723110968,9
1597,deepseek_v4_flash_max,13.500729315393315,10
1598,kimi_k3_max,71.35266223129842,1
1598,qwen3_8_max,68.25830151895863,2
1598,claude_opus_4_8_max,66.59672819231122,3
1598,gpt_5_6_sol_max,60.85379433959177,4
1598,gemini_3_1_pro_high,59.56632161100052,5
1598,claude_fable_5_max,37.04210094238678,6
1598,deepseek_v4_pro_max,34.094434595220164,7
1598,gpt_5_5_xhigh,29.816408315638807,8
1598,glm_5_2_max,25.651168308434805,9
1598,deepseek_v4_flash_max,24.0518408999145,10
1599,claude_fable_5_max,76.66797952553256,1
1599,gpt_5_6_sol_max,70.59979937863466,2
1599,qwen3_8_max,63.02784679029214,3
1599,kimi_k3_max,59.28243044890707,4
1599,gpt_5_5_xhigh,57.90956807609065,5
1599,deepseek_v4_pro_max,39.17905929351355,6
1599,claude_opus_4_8_max,36.87240281868676,7
1599,gemini_3_1_pro_high,36.316518948328536,8
1599,glm_5_2_max,22.120969678778668,9
1599,deepseek_v4_flash_max,11.679993311071563,10
1600,gemini_3_1_pro_high,72.75372574407326,1
1600,claude_fable_5_max,71.46653700616832,2
1600,gpt_5_5_xhigh,65.07281928193,3
1600,kimi_k3_max,56.38434040156602,4
1600,qwen3_8_max,51.45628994885894,5
1600,deepseek_v4_pro_max,44.62180562871044,6
1600,gpt_5_6_sol_max,38.00395269748707,7
1600,claude_opus_4_8_max,31.989700895193806,8
1600,glm_5_2_max,22.98630976313872,9
1600,deepseek_v4_flash_max,19.53759197707715,10
1601,claude_fable_5_max,79.53594019822417,1
1601,gemini_3_1_pro_high,74.54504271651969,2
1601,gpt_5_6_sol_max,59.35038245267207,3
1601,qwen3_8_max,47.56244967082621,4
1601,claude_opus_4_8_max,46.64055369286962,5
1601,gpt_5_5_xhigh,46.53603440837939,6
1601,glm_5_2_max,24.027355925571168,7
1601,deepseek_v4_flash_max,21.492387794733347,8
1601,kimi_k3_max,17.36012596942477,9
1601,deepseek_v4_pro_max,14.488327901988658,10
1602,gpt_5_6_sol_max,79.62772202621345,1
1602,gpt_5_5_xhigh,66.46677689061958,2
1602,claude_opus_4_8_max,58.08132332694345,3
1602,gemini_3_1_pro_high,53.70093392182618,4
1602,qwen3_8_max,48.11550564656743,5
1602,claude_fable_5_max,45.69644637770466,6
1602,kimi_k3_max,43.68925825393019,7
1602,deepseek_v4_pro_max,41.79186881388398,8
1602,glm_5_2_max,33.840352141520896,9
1602,deepseek_v4_flash_max,18.057704163187648,10
1603,gemini_3_1_pro_high,91.99932290289962,1
1603,gpt_5_6_sol_max,79.28664846404281,2
1603,qwen3_8_max,75.31459844439992,3
1603,claude_opus_4_8_max,70.76410494673559,4
1603,claude_fable_5_max,51.43943197685091,5
1603,gpt_5_5_xhigh,32.435659983741125,6
1603,deepseek_v4_pro_max,29.487872626770837,7
1603,kimi_k3_max,28.257071820193666,8
1603,deepseek_v4_flash_max,23.858632620194992,9
1603,glm_5_2_max,22.977195236287816,10
1604,kimi_k3_max,86.8969648904392,1
1604,qwen3_8_max,67.1897947346956,2
1604,gemini_3_1_pro_high,65.74038538984556,3
1604,gpt_5_6_sol_max,62.48793521185482,4
1604,claude_fable_5_max,45.11148797485947,5
1604,claude_opus_4_8_max,41.026737749813364,6
1604,deepseek_v4_pro_max,30.514618820853123,7
1604,deepseek_v4_flash_max,30.071741016561024,8
1604,glm_5_2_max,19.83985568114068,9
1604,gpt_5_5_xhigh,18.677945746059606,10
1605,claude_fable_5_max,72.87969780228939,1
1605,gpt_5_6_sol_max,72.73419981488217,2
1605,gemini_3_1_pro_high,63.32328390050045,3
1605,kimi_k3_max,55.051494484547284,4
1605,qwen3_8_max,46.43778666573073,5
1605,deepseek_v4_flash_max,43.65061832552173,6
1605,deepseek_v4_pro_max,34.82862095297632,7
1605,claude_opus_4_8_max,34.491372850935605,8
1605,gpt_5_5_xhigh,32.48841728079229,9
1605,glm_5_2_max,28.208065510920825,10
1606,gpt_5_5_xhigh,66.61169523459901,1
1606,claude_fable_5_max,49.75290282004471,2
1606,deepseek_v4_pro_max,48.23489815211982,3
1606,gpt_5_6_sol_max,45.4964657390135,4
1606,kimi_k3_max,43.593866012679634,5
1606,gemini_3_1_pro_high,42.7902903765437,6
1606,qwen3_8_max,35.16623387327779,7
1606,deepseek_v4_flash_max,23.797908059652713,8
1606,claude_opus_4_8_max,19.569695182401198,9
1606,glm_5_2_max,8.801035517675114,10
1607,claude_opus_4_8_max,77.25003450589092,1
1607,gpt_5_5_xhigh,72.1567950718148,2
1607,qwen3_8_max,52.04633292901901,3
1607,gpt_5_6_sol_max,50.87300626473852,4
1607,claude_fable_5_max,34.051643001334234,5
1607,kimi_k3_max,27.40263989173981,6
1607,gemini_3_1_pro_high,22.704947439666476,7
1607,deepseek_v4_pro_max,21.72995169815919,8
1607,glm_5_2_max,18.898792717587213,9
1607,deepseek_v4_flash_max,14.12671106425182,10
1608,gpt_5_6_sol_max,73.9681519315413,1
1608,gpt_5_5_xhigh,48.132260744386635,2
1608,qwen3_8_max,47.799252944448995,3
1608,gemini_3_1_pro_high,46.0786169479795,4
1608,claude_fable_5_max,45.71526187123112,5
1608,glm_5_2_max,26.76786165154764,6
1608,deepseek_v4_flash_max,25.85750126439818,7
1608,deepseek_v4_pro_max,23.38128463560946,8
1608,kimi_k3_max,22.713317516171717,9
1608,claude_opus_4_8_max,22.162142281991816,10
1609,claude_fable_5_max,85.95877339205191,1
1609,gpt_5_6_sol_max,76.77354269399754,2
1609,gemini_3_1_pro_high,76.05383768112684,3
1609,qwen3_8_max,73.18240112258994,4
1609,kimi_k3_max,55.95641833483347,5
1609,gpt_5_5_xhigh,37.723549780679896,6
1609,deepseek_v4_flash_max,36.822367108156286,7
1609,claude_opus_4_8_max,28.76902017769503,8
1609,glm_5_2_max,19.50732759010675,9
1609,deepseek_v4_pro_max,12.27244278154497,10
1610,gpt_5_6_sol_max,82.64850536901878,1
1610,claude_fable_5_max,62.0655012163172,2
1610,gpt_5_5_xhigh,51.28295340042136,3
1610,kimi_k3_max,49.3892472728295,4
1610,qwen3_8_max,49.242850463287624,5
1610,gemini_3_1_pro_high,45.087679008728145,6
1610,glm_5_2_max,31.731022998602583,7
1610,claude_opus_4_8_max,27.162197169443875,8
1610,deepseek_v4_pro_max,26.256017910258826,9
1610,deepseek_v4_flash_max,14.015700785964361,10
1611,claude_opus_4_8_max,81.5880674425469,1
1611,claude_fable_5_max,61.386290881530655,2
1611,qwen3_8_max,56.19095882002566,3
1611,kimi_k3_max,55.12456263890294,4
1611,deepseek_v4_pro_max,42.931450504407515,5
1611,gpt_5_6_sol_max,34.79866622390839,6
1611,gpt_5_5_xhigh,32.27384010685186,7
1611,gemini_3_1_pro_high,29.974833461090626,8
1611,glm_5_2_max,16.806861916011776,9
1611,deepseek_v4_flash_max,12.417090563218366,10
1612,gpt_5_6_sol_max,76.38460119889533,1
1612,claude_opus_4_8_max,29.5379498702809,2
1612,qwen3_8_max,28.15663551223026,3
1612,gemini_3_1_pro_high,27.29988451166768,4
1612,deepseek_v4_flash_max,26.677680809972447,5
1612,glm_5_2_max,20.58968197437975,6
1612,claude_fable_5_max,20.575508778088622,7
1612,gpt_5_5_xhigh,18.74427984962538,8
1612,kimi_k3_max,16.25869447556039,9
1612,deepseek_v4_pro_max,15.328001108740219,10
1613,kimi_k3_max,85.15475570227751,1
1613,claude_opus_4_8_max,78.16115710676368,2
1613,gemini_3_1_pro_high,77.55219675429481,3
1613,claude_fable_5_max,54.508410961769606,4
1613,deepseek_v4_flash_max,43.87421192697283,5
1613,gpt_5_5_xhigh,41.20689294792571,6
1613,qwen3_8_max,40.09595259601653,7
1613,gpt_5_6_sol_max,39.36030804235692,8
1613,glm_5_2_max,18.367732434806587,9
1613,deepseek_v4_pro_max,16.003625768320912,10
1614,gpt_5_5_xhigh,72.61790790764034,1
1614,kimi_k3_max,70.00875420039593,2
1614,claude_opus_4_8_max,51.8969691387029,3
1614,gemini_3_1_pro_high,48.95700864275234,4
1614,claude_fable_5_max,35.511245241873894,5
1614,qwen3_8_max,23.209731333497274,6
1614,deepseek_v4_pro_max,22.187709579131372,7
1614,gpt_5_6_sol_max,21.250173593018776,8
1614,glm_5_2_max,20.469511875069152,9
1614,deepseek_v4_flash_max,17.743506494660284,10
1615,claude_fable_5_max,65.88924751242915,1
1615,claude_opus_4_8_max,58.597056079573846,2
1615,kimi_k3_max,56.589437128844715,3
1615,gpt_5_6_sol_max,56.5661167488302,4
1615,deepseek_v4_flash_max,51.55639459377292,5
1615,qwen3_8_max,51.11095500779964,6
1615,gemini_3_1_pro_high,39.68250292112758,7
1615,gpt_5_5_xhigh,23.69506048687416,8
1615,deepseek_v4_pro_max,19.310078190038144,9
1615,glm_5_2_max,12.546769730968837,10
1616,gpt_5_6_sol_max,81.54683302306529,1
1616,claude_fable_5_max,62.30102176179075,2
1616,gemini_3_1_pro_high,60.07897171898202,3
1616,qwen3_8_max,58.55511682385382,4
1616,claude_opus_4_8_max,45.49484054673943,5
1616,gpt_5_5_xhigh,34.528937502987255,6
1616,deepseek_v4_flash_max,30.503266327981905,7
1616,kimi_k3_max,23.648249158228488,8
1616,glm_5_2_max,18.368343506976075,9
1616,deepseek_v4_pro_max,14.355378325676188,10
1617,claude_opus_4_8_max,70.80496161700407,1
1617,claude_fable_5_max,64.29994493491057,2
1617,qwen3_8_max,49.84351100334423,3
1617,gpt_5_5_xhigh,48.9606956233509,4
1617,gemini_3_1_pro_high,35.76232389725899,5
1617,deepseek_v4_pro_max,34.0819751801789,6
1617,kimi_k3_max,27.190457036136145,7
1617,glm_5_2_max,19.854999426255738,8
1617,gpt_5_6_sol_max,18.121029028122113,9
1617,deepseek_v4_flash_max,16.918968153853353,10
1618,kimi_k3_max,72.34773022303605,1
1618,claude_opus_4_8_max,67.86349664070937,2
1618,gpt_5_5_xhigh,65.5671001766509,3
1618,gemini_3_1_pro_high,60.89422787008728,4
1618,qwen3_8_max,49.18142012076656,5
1618,claude_fable_5_max,36.98124925093101,6
1618,deepseek_v4_pro_max,34.48721250138108,7
1618,deepseek_v4_flash_max,26.75480305567276,8
1618,gpt_5_6_sol_max,21.139279141271054,9
1618,glm_5_2_max,14.269921284956474,10
1619,gpt_5_6_sol_max,67.09945306688357,1
1619,claude_opus_4_8_max,61.7493110027448,2
1619,gemini_3_1_pro_high,61.038394597939075,3
1619,claude_fable_5_max,40.073170367260474,4
1619,kimi_k3_max,33.92645879925941,5
1619,deepseek_v4_pro_max,27.12388252881778,6
1619,gpt_5_5_xhigh,24.401115743034076,7
1619,glm_5_2_max,18.497927533640926,8
1619,qwen3_8_max,11.68164684656461,9
1619,deepseek_v4_flash_max,10.276769634531966,10
1620,claude_opus_4_8_max,83.7300550411062,1
1620,gemini_3_1_pro_high,63.47976297791468,2
1620,qwen3_8_max,55.44857078880277,3
1620,gpt_5_5_xhigh,37.010867072225125,4
1620,gpt_5_6_sol_max,32.851590882274124,5
1620,kimi_k3_max,25.272983776249117,6
1620,claude_fable_5_max,23.361874129874174,7
1620,deepseek_v4_flash_max,21.119188636793766,8
1620,deepseek_v4_pro_max,20.3008245445135,9
1620,glm_5_2_max,17.69278883558449,10
1621,gpt_5_6_sol_max,70.25702248875402,1
1621,qwen3_8_max,46.658607662225975,2
1621,gpt_5_5_xhigh,43.913137696871026,3
1621,deepseek_v4_pro_max,39.85499956417213,4
1621,claude_fable_5_max,34.66368976089525,5
1621,kimi_k3_max,34.46887856099464,6
1621,glm_5_2_max,32.51927279950016,7
1621,deepseek_v4_flash_max,27.7611589405497,8
1621,claude_opus_4_8_max,24.200450936935347,9
1621,gemini_3_1_pro_high,22.149966880532894,10
1622,kimi_k3_max,70.45383584032992,1
1622,gpt_5_6_sol_max,66.10230363716296,2
1622,gemini_3_1_pro_high,59.53477102047559,3
1622,claude_fable_5_max,51.666527826594624,4
1622,qwen3_8_max,37.71873521309659,5
1622,gpt_5_5_xhigh,31.430757689466024,6
1622,deepseek_v4_pro_max,27.970897233720684,7
1622,deepseek_v4_flash_max,24.790807006173807,8
1622,claude_opus_4_8_max,20.314066885528185,9
1622,glm_5_2_max,7.942654640191844,10
1623,qwen3_8_max,86.44977711905352,1
1623,kimi_k3_max,70.94355222668412,2
1623,gemini_3_1_pro_high,59.70513175015903,3
1623,claude_fable_5_max,58.53916800223294,4
1623,claude_opus_4_8_max,44.3780095919622,5
1623,gpt_5_5_xhigh,44.01165654414146,6
1623,deepseek_v4_pro_max,28.664302789006594,7
1623,deepseek_v4_flash_max,25.36191195502611,8
1623,glm_5_2_max,19.2870874789784,9
1623,gpt_5_6_sol_max,18.12916562965311,10
1624,gpt_5_6_sol_max,78.22741744038385,1
1624,claude_fable_5_max,70.15190429018146,2
1624,qwen3_8_max,56.175881646571945,3
1624,gpt_5_5_xhigh,52.51345124641245,4
1624,gemini_3_1_pro_high,41.279760791334006,5
1624,kimi_k3_max,39.338341062021804,6
1624,deepseek_v4_flash_max,30.04735422393933,7
1624,claude_opus_4_8_max,28.530266241520987,8
1624,deepseek_v4_pro_max,20.473681385901525,9
1624,glm_5_2_max,13.424168863270292,10
1625,claude_opus_4_8_max,83.23102893175265,1
1625,gemini_3_1_pro_high,78.7745834361887,2
1625,gpt_5_5_xhigh,71.5089765205282,3
1625,kimi_k3_max,48.92081840581109,4
1625,qwen3_8_max,39.30349994095175,5
1625,deepseek_v4_pro_max,36.238797652066175,6
1625,gpt_5_6_sol_max,31.19999102974176,7
1625,claude_fable_5_max,29.26968553798564,8
1625,glm_5_2_max,23.378397543584374,9
1625,deepseek_v4_flash_max,21.034672435411316,10
1626,gpt_5_5_xhigh,70.78011323872772,1
1626,gemini_3_1_pro_high,49.15924994061223,2
1626,claude_opus_4_8_max,44.36550365978731,3
1626,claude_fable_5_max,37.955912743201964,4
1626,deepseek_v4_pro_max,27.570831719481145,5
1626,kimi_k3_max,27.489303553165687,6
1626,gpt_5_6_sol_max,25.92262052681091,7
1626,glm_5_2_max,20.699497271559448,8
1626,deepseek_v4_flash_max,16.24021351001863,9
1626,qwen3_8_max,13.82258051340163,10
1627,claude_fable_5_max,91.37013175421191,1
1627,qwen3_8_max,64.60131673867363,2
1627,kimi_k3_max,59.67012900266709,3
1627,gpt_5_5_xhigh,57.87286030680643,4
1627,gemini_3_1_pro_high,56.94865946933906,5
1627,deepseek_v4_pro_max,48.97735271853831,6
1627,gpt_5_6_sol_max,40.070716021382985,7
1627,glm_5_2_max,32.73142722426219,8
1627,claude_opus_4_8_max,23.853694990202847,9
1627,deepseek_v4_flash_max,16.10234880816168,10
1628,claude_opus_4_8_max,76.5660015921375,1
1628,gemini_3_1_pro_high,66.41990120342126,2
1628,qwen3_8_max,65.97284063439739,3
1628,kimi_k3_max,57.62416623693963,4
1628,gpt_5_5_xhigh,51.96541489962911,5
1628,claude_fable_5_max,50.338922599752465,6
1628,gpt_5_6_sol_max,32.746833279778386,7
1628,deepseek_v4_flash_max,28.95252071417394,8
1628,deepseek_v4_pro_max,21.671655206654712,9
1628,glm_5_2_max,10.772577715530819,10
1629,gpt_5_6_sol_max,80.18888111391388,1
1629,claude_fable_5_max,68.99642133319185,2
1629,qwen3_8_max,57.133536134396266,3
1629,gpt_5_5_xhigh,52.86263748824128,4
1629,gemini_3_1_pro_high,49.880669416224976,5
1629,claude_opus_4_8_max,26.195625835940138,6
1629,deepseek_v4_pro_max,23.8608244806471,7
1629,glm_5_2_max,21.90704710581146,8
1629,kimi_k3_max,16.176413156619525,9
1629,deepseek_v4_flash_max,14.722711709542729,10
1630,claude_opus_4_8_max,71.69171685297658,1
1630,gemini_3_1_pro_high,60.52912163633237,2
1630,qwen3_8_max,52.55392608455207,3
1630,claude_fable_5_max,51.10542966780913,4
1630,gpt_5_6_sol_max,44.51143293308938,5
1630,deepseek_v4_pro_max,43.06790573482648,6
1630,gpt_5_5_xhigh,37.670643491491745,7
1630,deepseek_v4_flash_max,32.720072327287404,8
1630,glm_5_2_max,22.76392387141309,9
1630,kimi_k3_max,20.54175906240279,10
1631,gpt_5_6_sol_max,77.50947118447706,1
1631,claude_opus_4_8_max,70.0202281298061,2
1631,kimi_k3_max,56.31968456291109,3
1631,gpt_5_5_xhigh,41.99328261863822,4
1631,claude_fable_5_max,36.06401960653581,5
1631,deepseek_v4_flash_max,32.55412201907512,6
1631,qwen3_8_max,26.941106533497518,7
1631,deepseek_v4_pro_max,23.028758178672646,8
1631,gemini_3_1_pro_high,22.81773483295215,9
1631,glm_5_2_max,17.998370277131656,10
1632,claude_opus_4_8_max,72.74677051849119,1
1632,kimi_k3_max,50.24200008838534,2
1632,gpt_5_5_xhigh,38.626003467740375,3
1632,qwen3_8_max,28.904421565356373,4
1632,claude_fable_5_max,27.43449128406471,5
1632,gpt_5_6_sol_max,26.58548749657719,6
1632,deepseek_v4_pro_max,25.75322462432849,7
1632,glm_5_2_max,24.972901436002832,8
1632,gemini_3_1_pro_high,24.503298557162232,9
1632,deepseek_v4_flash_max,17.944772969007985,10
1633,claude_fable_5_max,72.96155005333677,1
1633,gpt_5_6_sol_max,62.67080283802875,2
1633,kimi_k3_max,58.62381594754653,3
1633,gpt_5_5_xhigh,52.38537996015698,4
1633,qwen3_8_max,46.20086653270047,5
1633,deepseek_v4_pro_max,34.7841802482654,6
1633,gemini_3_1_pro_high,33.52373261843319,7
1633,claude_opus_4_8_max,23.52681721840245,8
1633,deepseek_v4_flash_max,20.969940099407893,9
1633,glm_5_2_max,15.400557125400793,10
1634,kimi_k3_max,75.44520745171931,1
1634,claude_fable_5_max,70.0241083697606,2
1634,gpt_5_5_xhigh,65.53880964536327,3
1634,gemini_3_1_pro_high,55.82079948940941,4
1634,gpt_5_6_sol_max,49.8799302201796,5
1634,claude_opus_4_8_max,42.09988129904818,6
1634,deepseek_v4_pro_max,38.73550792172347,7
1634,glm_5_2_max,27.86745490763714,8
1634,deepseek_v4_flash_max,27.3530974806888,9
1634,qwen3_8_max,15.923043262649138,10
1635,claude_fable_5_max,68.62833638990806,1
1635,gpt_5_6_sol_max,67.83029958793439,2
1635,gemini_3_1_pro_high,61.57800233685087,3
1635,gpt_5_5_xhigh,59.17109811763734,4
1635,qwen3_8_max,55.566509968654785,5
1635,kimi_k3_max,46.400413697051775,6
1635,deepseek_v4_pro_max,36.62534489152756,7
1635,glm_5_2_max,32.47572189979331,8
1635,deepseek_v4_flash_max,29.926122795510395,9
1635,claude_opus_4_8_max,29.626480669770046,10
1636,claude_fable_5_max,72.38812485523589,1
1636,gpt_5_6_sol_max,55.47147171252603,2
1636,qwen3_8_max,53.45284912684939,3
1636,gemini_3_1_pro_high,44.931407762637555,4
1636,deepseek_v4_pro_max,29.766610619636335,5
1636,kimi_k3_max,29.186655787021735,6
1636,gpt_5_5_xhigh,28.59622933900831,7
1636,claude_opus_4_8_max,20.910345443561475,8
1636,glm_5_2_max,19.707365814451236,9
1636,deepseek_v4_flash_max,17.95712393574523,10
1637,qwen3_8_max,59.439191610274634,1
1637,claude_opus_4_8_max,57.192097562483035,2
1637,gpt_5_6_sol_max,52.470785926790384,3
1637,gemini_3_1_pro_high,50.87520067414973,4
1637,deepseek_v4_pro_max,41.09918906094969,5
1637,claude_fable_5_max,38.87938362495489,6
1637,gpt_5_5_xhigh,31.58245901710118,7
1637,kimi_k3_max,29.02312138230672,8
1637,glm_5_2_max,23.10952822601421,9
1637,deepseek_v4_flash_max,15.092942216819702,10
1638,claude_opus_4_8_max,72.49922934413104,1
1638,gpt_5_5_xhigh,45.37691756990309,2
1638,claude_fable_5_max,43.37838031509122,3
1638,gemini_3_1_pro_high,34.056809453869135,4
1638,qwen3_8_max,33.91795222453735,5
1638,deepseek_v4_pro_max,33.45921839274619,6
1638,kimi_k3_max,24.390005229271576,7
1638,gpt_5_6_sol_max,21.937580061965047,8
1638,deepseek_v4_flash_max,21.21314210687986,9
1638,glm_5_2_max,11.805431056410525,10
1639,gpt_5_6_sol_max,79.56848944374107,1
1639,kimi_k3_max,72.02678972892177,2
1639,qwen3_8_max,70.36264315207916,3
1639,claude_opus_4_8_max,65.26468589768822,4
1639,gemini_3_1_pro_high,63.57179903172156,5
1639,deepseek_v4_flash_max,32.09943581072362,6
1639,claude_fable_5_max,31.845432870232727,7
1639,glm_5_2_max,26.467826121893122,8
1639,gpt_5_5_xhigh,26.212094256042384,9
1639,deepseek_v4_pro_max,10.502316677334406,10
1640,claude_fable_5_max,82.1532522538233,1
1640,gemini_3_1_pro_high,61.24970608158854,2
1640,claude_opus_4_8_max,60.07383102873221,3
1640,kimi_k3_max,59.88600039304448,4
1640,gpt_5_5_xhigh,42.75298119653648,5
1640,qwen3_8_max,40.08249250297229,6
1640,gpt_5_6_sol_max,38.699865770728394,7
1640,glm_5_2_max,32.76729454067667,8
1640,deepseek_v4_pro_max,31.77216331716298,9
1640,deepseek_v4_flash_max,16.05899694699783,10
1641,claude_opus_4_8_max,76.87695962854107,1
1641,kimi_k3_max,61.29744391122617,2
1641,claude_fable_5_max,60.48822203127847,3
1641,gpt_5_5_xhigh,57.549563344320134,4
1641,qwen3_8_max,53.293381514293316,5
1641,gpt_5_6_sol_max,34.30498318096991,6
1641,deepseek_v4_pro_max,22.495613772008156,7
1641,glm_5_2_max,22.331739553717792,8
1641,gemini_3_1_pro_high,21.80169150577351,9
1641,deepseek_v4_flash_max,15.951157091729364,10
1642,gemini_3_1_pro_high,80.80017643976885,1
1642,claude_fable_5_max,69.26455141603361,2
1642,claude_opus_4_8_max,54.15871972501745,3
1642,gpt_5_6_sol_max,42.19303310334803,4
1642,qwen3_8_max,33.23330152751399,5
1642,gpt_5_5_xhigh,32.406513230033035,6
1642,deepseek_v4_pro_max,32.01562572266398,7
1642,deepseek_v4_flash_max,21.744641820063435,8
1642,glm_5_2_max,16.480871448670293,9
1642,kimi_k3_max,13.14584907240351,10
1643,claude_opus_4_8_max,77.4451925768214,1
1643,gemini_3_1_pro_high,64.32411747950643,2
1643,gpt_5_6_sol_max,45.48502652000219,3
1643,qwen3_8_max,41.956612095408275,4
1643,gpt_5_5_xhigh,41.23005869702559,5
1643,claude_fable_5_max,39.24397811907251,6
1643,deepseek_v4_flash_max,33.753905568643724,7
1643,glm_5_2_max,21.98418248125064,8
1643,deepseek_v4_pro_max,21.05837596304784,9
1643,kimi_k3_max,18.913556954351368,10
1644,claude_fable_5_max,73.29377101502422,1
1644,qwen3_8_max,59.19359865209937,2
1644,gemini_3_1_pro_high,55.5917749737105,3
1644,gpt_5_6_sol_max,54.2679958885755,4
1644,gpt_5_5_xhigh,45.914320006837,5
1644,claude_opus_4_8_max,44.58818630316072,6
1644,glm_5_2_max,43.172905455154535,7
1644,deepseek_v4_flash_max,37.28412127956459,8
1644,deepseek_v4_pro_max,18.808391607875453,9
1644,kimi_k3_max,17.312809103899742,10
1645,gemini_3_1_pro_high,76.63996813205326,1
1645,gpt_5_6_sol_max,70.82347793728503,2
1645,claude_fable_5_max,70.68872598129423,3
1645,kimi_k3_max,60.41543351789982,4
1645,qwen3_8_max,43.59155702874874,5
1645,gpt_5_5_xhigh,40.87679278240123,6
1645,claude_opus_4_8_max,35.65518220664898,7
1645,deepseek_v4_flash_max,29.64460866265042,8
1645,glm_5_2_max,26.162581967320225,9
1645,deepseek_v4_pro_max,3.4099504618377883,10
1646,gemini_3_1_pro_high,73.99527202895943,1
1646,gpt_5_6_sol_max,57.11214280764642,2
1646,claude_fable_5_max,55.399251297157946,3
1646,qwen3_8_max,47.5634147623866,4
1646,kimi_k3_max,46.95401460327969,5
1646,gpt_5_5_xhigh,46.45583158666432,6
1646,claude_opus_4_8_max,43.383676689608855,7
1646,deepseek_v4_flash_max,19.585147451130577,8
1646,deepseek_v4_pro_max,17.544239826950747,9
1646,glm_5_2_max,15.425509031312583,10
1647,claude_fable_5_max,66.21449112505005,1
1647,gpt_5_5_xhigh,64.99661067794652,2
1647,kimi_k3_max,51.54889833811905,3
1647,claude_opus_4_8_max,48.65492707137935,4
1647,gemini_3_1_pro_high,39.09893064401394,5
1647,glm_5_2_max,34.96824063008788,6
1647,deepseek_v4_pro_max,30.433878097716214,7
1647,qwen3_8_max,30.226640750471606,8
1647,deepseek_v4_flash_max,29.26039510215687,9
1647,gpt_5_6_sol_max,24.192213738534793,10
1648,kimi_k3_max,80.98269785001553,1
1648,claude_fable_5_max,72.85482551889561,2
1648,gemini_3_1_pro_high,60.62378134335793,3
1648,gpt_5_6_sol_max,53.445871200355604,4
1648,qwen3_8_max,50.5370124493226,5
1648,gpt_5_5_xhigh,44.60521844752573,6
1648,deepseek_v4_flash_max,35.05241538721556,7
1648,claude_opus_4_8_max,30.304325241498276,8
1648,deepseek_v4_pro_max,15.452393034115353,9
1648,glm_5_2_max,13.507165114423023,10
1649,gemini_3_1_pro_high,80.20305289716339,1
1649,qwen3_8_max,70.36749567491184,2
1649,gpt_5_6_sol_max,54.31249718060501,3
1649,claude_fable_5_max,52.737741043419746,4
1649,kimi_k3_max,49.75551923950949,5
1649,gpt_5_5_xhigh,46.576558115832974,6
1649,claude_opus_4_8_max,38.62422597295562,7
1649,deepseek_v4_flash_max,26.12833892256866,8
1649,glm_5_2_max,25.587238068487494,9
1649,deepseek_v4_pro_max,10.158956299757019,10
1650,kimi_k3_max,62.589087414044215,1
1650,gemini_3_1_pro_high,60.15221231270235,2
1650,qwen3_8_max,57.74247425025078,3
1650,claude_fable_5_max,54.1384439349215,4
1650,claude_opus_4_8_max,42.746825371307686,5
1650,gpt_5_5_xhigh,31.11010664970893,6
1650,gpt_5_6_sol_max,26.398887437169943,7
1650,deepseek_v4_pro_max,17.293640145930443,8
1650,glm_5_2_max,14.173137630739983,9
1650,deepseek_v4_flash_max,8.777661509057445,10
1651,qwen3_8_max,84.17854056939437,1
1651,claude_fable_5_max,78.67979672079659,2
1651,kimi_k3_max,69.99061844250738,3
1651,gpt_5_5_xhigh,51.45485699295871,4
1651,gpt_5_6_sol_max,38.01619352345956,5
1651,glm_5_2_max,29.015491058641825,6
1651,claude_opus_4_8_max,27.243004103975476,7
1651,deepseek_v4_pro_max,23.849909785845398,8
1651,deepseek_v4_flash_max,18.64444846826531,9
1651,gemini_3_1_pro_high,17.223589498956564,10
1652,claude_opus_4_8_max,70.61018658410669,1
1652,gpt_5_6_sol_max,68.61423680748655,2
1652,gemini_3_1_pro_high,63.63343999316521,3
1652,qwen3_8_max,61.56955750378421,4
1652,gpt_5_5_xhigh,57.71568474542941,5
1652,glm_5_2_max,47.03097143296486,6
1652,claude_fable_5_max,22.019094429787977,7
1652,kimi_k3_max,21.183095210525877,8
1652,deepseek_v4_flash_max,21.167093564527246,9
1652,deepseek_v4_pro_max,15.048286884329936,10
1653,kimi_k3_max,77.41062707148365,1
1653,gemini_3_1_pro_high,72.21019212892313,2
1653,claude_opus_4_8_max,71.38857543376348,3
1653,deepseek_v4_pro_max,49.16613566079768,4
1653,gpt_5_6_sol_max,39.573339617631916,5
1653,gpt_5_5_xhigh,36.4421519669402,6
1653,claude_fable_5_max,35.03573271196875,7
1653,qwen3_8_max,34.526338145799585,8
1653,deepseek_v4_flash_max,21.097444586060952,9
1653,glm_5_2_max,19.341848229717257,10
1654,claude_fable_5_max,75.9428785677186,1
1654,gemini_3_1_pro_high,54.862571175666105,2
1654,gpt_5_5_xhigh,54.74958251070298,3
1654,kimi_k3_max,53.48750048347431,4
1654,deepseek_v4_pro_max,42.85086935160201,5
1654,gpt_5_6_sol_max,42.18396416228627,6
1654,deepseek_v4_flash_max,42.18312504957724,7
1654,qwen3_8_max,33.50134367454742,8
1654,claude_opus_4_8_max,32.18849643000358,9
1654,glm_5_2_max,20.492644747721016,10
1655,gpt_5_6_sol_max,76.43750637373486,1
1655,claude_opus_4_8_max,60.12062265468086,2
1655,kimi_k3_max,57.03576191349616,3
1655,gpt_5_5_xhigh,55.782043509905144,4
1655,claude_fable_5_max,54.22346199929123,5
1655,deepseek_v4_pro_max,43.178001555119,6
1655,gemini_3_1_pro_high,26.712453796914893,7
1655,glm_5_2_max,24.630046716208696,8
1655,qwen3_8_max,17.857967991921306,9
1655,deepseek_v4_flash_max,17.481032070064096,10
1656,gpt_5_6_sol_max,78.16831703352386,1
1656,gpt_5_5_xhigh,69.90882395998995,2
1656,gemini_3_1_pro_high,54.60979443626477,3
1656,claude_opus_4_8_max,52.933193376052515,4
1656,claude_fable_5_max,50.8778633475485,5
1656,qwen3_8_max,38.56136856630378,6
1656,deepseek_v4_flash_max,35.424169760320126,7
1656,kimi_k3_max,32.90568524786537,8
1656,glm_5_2_max,20.057656077750167,9
1656,deepseek_v4_pro_max,16.829933121816207,10
1657,claude_fable_5_max,80.60907587964287,1
1657,kimi_k3_max,76.93963927499784,2
1657,qwen3_8_max,58.802541600329505,3
1657,gemini_3_1_pro_high,55.983896585860634,4
1657,gpt_5_5_xhigh,45.77203673873932,5
1657,gpt_5_6_sol_max,45.194271881503184,6
1657,glm_5_2_max,31.444015746374554,7
1657,deepseek_v4_flash_max,23.652668800404697,8
1657,deepseek_v4_pro_max,21.827081486765486,9
1657,claude_opus_4_8_max,19.93308067055139,10
1658,claude_fable_5_max,71.12517936114887,1
1658,gemini_3_1_pro_high,61.07689669504745,2
1658,claude_opus_4_8_max,54.65554828613138,3
1658,gpt_5_5_xhigh,50.03888873581015,4
1658,qwen3_8_max,29.174220961987793,5
1658,kimi_k3_max,27.822946431394275,6
1658,gpt_5_6_sol_max,23.318908077417287,7
1658,deepseek_v4_pro_max,21.326096504165164,8
1658,deepseek_v4_flash_max,16.51913375568953,9
1658,glm_5_2_max,15.229912795218343,10
1659,gpt_5_6_sol_max,77.30617166480263,1
1659,kimi_k3_max,70.21329974917924,2
1659,gpt_5_5_xhigh,65.89202383016449,3
1659,claude_fable_5_max,58.1046064904524,4
1659,glm_5_2_max,39.84293901804923,5
1659,gemini_3_1_pro_high,38.423222799791375,6
1659,qwen3_8_max,37.957536302928474,7
1659,deepseek_v4_flash_max,32.1401532091087,8
1659,claude_opus_4_8_max,27.379087892309407,9
1659,deepseek_v4_pro_max,18.978129977734312,10
1660,gpt_5_5_xhigh,79.92457359456492,1
1660,qwen3_8_max,49.91739879255803,2
1660,claude_opus_4_8_max,49.564958674484025,3
1660,gpt_5_6_sol_max,49.02872727217853,4
1660,glm_5_2_max,41.20899885989923,5
1660,kimi_k3_max,40.786089577539855,6
1660,gemini_3_1_pro_high,38.442614779064925,7
1660,deepseek_v4_pro_max,35.750256587250284,8
1660,claude_fable_5_max,33.97092812389563,9
1660,deepseek_v4_flash_max,22.00641685518498,10
1661,gpt_5_6_sol_max,80.5888655577517,1
1661,claude_fable_5_max,69.62525359963244,2
1661,claude_opus_4_8_max,62.63548196500774,3
1661,gemini_3_1_pro_high,48.134973608644955,4
1661,qwen3_8_max,39.36113285651582,5
1661,glm_5_2_max,37.553179078485925,6
1661,kimi_k3_max,30.23740747803873,7
1661,deepseek_v4_flash_max,26.527189938721172,8
1661,deepseek_v4_pro_max,25.674064623679236,9
1661,gpt_5_5_xhigh,24.318006826980884,10
1662,claude_opus_4_8_max,75.63961016290074,1
1662,gemini_3_1_pro_high,62.826662259758685,2
1662,claude_fable_5_max,53.61689826109406,3
1662,qwen3_8_max,52.179781157864355,4
1662,kimi_k3_max,48.1407194048354,5
1662,gpt_5_6_sol_max,37.0546517041536,6
1662,glm_5_2_max,36.58818529450429,7
1662,gpt_5_5_xhigh,35.46139785156696,8
1662,deepseek_v4_pro_max,21.562348803394155,9
1662,deepseek_v4_flash_max,11.975032520320973,10
1663,gemini_3_1_pro_high,91.32666173255282,1
1663,claude_fable_5_max,79.58994364445996,2
1663,kimi_k3_max,78.61732897353764,3
1663,gpt_5_6_sol_max,71.77290953020929,4
1663,qwen3_8_max,63.96433143316811,5
1663,glm_5_2_max,36.70323243380882,6
1663,claude_opus_4_8_max,36.30767220380155,7
1663,gpt_5_5_xhigh,31.844100423825296,8
1663,deepseek_v4_pro_max,18.96745865335178,9
1663,deepseek_v4_flash_max,14.757228697697549,10
1664,gpt_5_6_sol_max,71.36021383621839,1
1664,claude_fable_5_max,56.478819984917216,2
1664,gpt_5_5_xhigh,49.47191534615749,3
1664,qwen3_8_max,46.62947644140027,4
1664,kimi_k3_max,42.66770780034904,5
1664,deepseek_v4_flash_max,37.78615207131297,6
1664,gemini_3_1_pro_high,34.881538738736154,7
1664,deepseek_v4_pro_max,28.312094557898817,8
1664,claude_opus_4_8_max,19.019922556990174,9
1664,glm_5_2_max,16.078710571696714,10
1665,gpt_5_6_sol_max,75.64209431055572,1
1665,claude_opus_4_8_max,66.81606893710497,2
1665,qwen3_8_max,50.559935635204226,3
1665,gemini_3_1_pro_high,34.78601901461094,4
1665,claude_fable_5_max,34.40475957786207,5
1665,deepseek_v4_flash_max,33.11323306386524,6
1665,gpt_5_5_xhigh,31.395973490046767,7
1665,kimi_k3_max,26.69589925202581,8
1665,deepseek_v4_pro_max,17.933057786670528,9
1665,glm_5_2_max,10.923552577320576,10
1666,qwen3_8_max,72.47836818193882,1
1666,claude_fable_5_max,59.80450399717284,2
1666,kimi_k3_max,55.82184012433957,3
1666,gpt_5_5_xhigh,53.238092815070374,4
1666,gemini_3_1_pro_high,52.82638804299455,5
1666,gpt_5_6_sol_max,46.66482013846771,6
1666,deepseek_v4_flash_max,31.124916810553177,7
1666,glm_5_2_max,28.727831430210344,8
1666,deepseek_v4_pro_max,17.94360967807662,9
1666,claude_opus_4_8_max,14.667841706092416,10
1667,claude_fable_5_max,63.994475745117555,1
1667,gemini_3_1_pro_high,51.477992468857906,2
1667,kimi_k3_max,51.0095977847335,3
1667,gpt_5_6_sol_max,49.68307818865611,4
1667,qwen3_8_max,49.00794010064164,5
1667,glm_5_2_max,43.737945705888045,6
1667,deepseek_v4_pro_max,36.61231042293393,7
1667,deepseek_v4_flash_max,30.69068519784053,8
1667,gpt_5_5_xhigh,27.304437090321894,9
1667,claude_opus_4_8_max,21.69951321482368,10
1668,claude_fable_5_max,88.7702964062129,1
1668,gpt_5_6_sol_max,51.075658119881304,2
1668,qwen3_8_max,46.50108535454223,3
1668,gemini_3_1_pro_high,37.02770132095764,4
1668,deepseek_v4_flash_max,34.840258270736996,5
1668,kimi_k3_max,33.796621339633475,6
1668,glm_5_2_max,28.80156239600698,7
1668,gpt_5_5_xhigh,26.569075046398897,8
1668,claude_opus_4_8_max,25.593057291938823,9
1668,deepseek_v4_pro_max,18.85245411161317,10
1669,qwen3_8_max,67.23115458110482,1
1669,gpt_5_5_xhigh,65.82763521743851,2
1669,claude_fable_5_max,61.959468227044724,3
1669,gemini_3_1_pro_high,60.32035649957406,4
1669,gpt_5_6_sol_max,35.04919421453452,5
1669,glm_5_2_max,34.46953588784629,6
1669,claude_opus_4_8_max,27.40714622644225,7
1669,deepseek_v4_pro_max,22.66415588497542,8
1669,kimi_k3_max,15.199161507482719,9
1669,deepseek_v4_flash_max,10.319391929994248,10
1670,gpt_5_6_sol_max,63.75405724491387,1
1670,gpt_5_5_xhigh,53.21238470292677,2
1670,deepseek_v4_pro_max,48.15311544459413,3
1670,claude_opus_4_8_max,46.20820148477978,4
1670,qwen3_8_max,41.96487650482701,5
1670,gemini_3_1_pro_high,38.80593697951831,6
1670,kimi_k3_max,30.249422186452836,7
1670,claude_fable_5_max,28.679892416985624,8
1670,glm_5_2_max,27.310019188533445,9
1670,deepseek_v4_flash_max,4.163726411435099,10
1671,gpt_5_6_sol_max,79.92872829991211,1
1671,gpt_5_5_xhigh,61.33754664636461,2
1671,claude_opus_4_8_max,60.432612932186345,3
1671,gemini_3_1_pro_high,41.09849689808625,4
1671,qwen3_8_max,39.5938865544156,5
1671,deepseek_v4_pro_max,38.904021605354245,6
1671,claude_fable_5_max,24.082363423173145,7
1671,glm_5_2_max,22.990889488283955,8
1671,kimi_k3_max,22.793500965989256,9
1671,deepseek_v4_flash_max,19.38576063459547,10
1672,gpt_5_6_sol_max,72.29735329805621,1
1672,claude_fable_5_max,69.97101547897518,2
1672,gpt_5_5_xhigh,61.45842393744101,3
1672,qwen3_8_max,49.05826976214511,4
1672,gemini_3_1_pro_high,36.862432726472484,5
1672,claude_opus_4_8_max,33.22181210483389,6
1672,deepseek_v4_flash_max,26.352740841945295,7
1672,kimi_k3_max,26.14390688730585,8
1672,deepseek_v4_pro_max,13.760011268077552,9
1672,glm_5_2_max,10.179292995285342,10
1673,gpt_5_6_sol_max,76.4619926620443,1
1673,kimi_k3_max,72.53677529342679,2
1673,claude_fable_5_max,71.90225645354536,3
1673,qwen3_8_max,46.756455515828605,4
1673,gemini_3_1_pro_high,39.0055351718619,5
1673,gpt_5_5_xhigh,35.93455300023856,6
1673,deepseek_v4_flash_max,29.076421635571357,7
1673,claude_opus_4_8_max,27.41054292618754,8
1673,glm_5_2_max,24.594678718529245,9
1673,deepseek_v4_pro_max,17.218317197667414,10
1674,gpt_5_6_sol_max,58.93589499236869,1
1674,claude_fable_5_max,54.52588842106601,2
1674,deepseek_v4_pro_max,52.65425909451569,3
1674,gemini_3_1_pro_high,34.60665281541924,4
1674,qwen3_8_max,32.293432803205626,5
1674,kimi_k3_max,31.172130124911654,6
1674,gpt_5_5_xhigh,27.68899742082598,7
1674,glm_5_2_max,26.78789077850706,8
1674,claude_opus_4_8_max,24.460574281510077,9
1674,deepseek_v4_flash_max,20.030986193023942,10
1675,gpt_5_6_sol_max,75.85632872548902,1
1675,claude_opus_4_8_max,43.384547764664454,2
1675,gpt_5_5_xhigh,41.180894776769115,3
1675,kimi_k3_max,40.02286985957157,4
1675,claude_fable_5_max,37.59909798913334,5
1675,gemini_3_1_pro_high,34.704329388468096,6
1675,deepseek_v4_pro_max,33.46573502179626,7
1675,qwen3_8_max,31.893007970200436,8
1675,glm_5_2_max,29.233430842313595,9
1675,deepseek_v4_flash_max,24.625241373541456,10
1676,kimi_k3_max,86.87782387610547,1
1676,gpt_5_6_sol_max,66.15342855665014,2
1676,gemini_3_1_pro_high,58.34564542366546,3
1676,qwen3_8_max,39.73243488673714,4
1676,claude_opus_4_8_max,37.7312550832201,5
1676,deepseek_v4_flash_max,33.50698086478959,6
1676,glm_5_2_max,27.757922476455178,7
1676,claude_fable_5_max,24.7344182584254,8
1676,deepseek_v4_pro_max,24.15368054935763,9
1676,gpt_5_5_xhigh,23.355003468429672,10
1677,claude_fable_5_max,64.60693322061068,1
1677,kimi_k3_max,59.55735987033491,2
1677,qwen3_8_max,58.39055117921884,3
1677,gpt_5_6_sol_max,50.773834959508726,4
1677,claude_opus_4_8_max,42.716018504700784,5
1677,glm_5_2_max,41.16264474469347,6
1677,gpt_5_5_xhigh,39.77365948196546,7
1677,gemini_3_1_pro_high,37.04581495168428,8
1677,deepseek_v4_pro_max,28.996528166656297,9
1677,deepseek_v4_flash_max,22.5506981506648,10
1678,qwen3_8_max,72.44238908508319,1
1678,claude_fable_5_max,72.21233288462429,2
1678,gemini_3_1_pro_high,60.6595739299225,3
1678,kimi_k3_max,57.954261302417024,4
1678,gpt_5_6_sol_max,54.713195289222234,5
1678,claude_opus_4_8_max,36.30692315158895,6
1678,deepseek_v4_flash_max,35.13777773247359,7
1678,gpt_5_5_xhigh,34.836588542472924,8
1678,glm_5_2_max,17.434674946282957,9
1678,deepseek_v4_pro_max,17.395204462810774,10
1679,gpt_5_6_sol_max,76.93799462325461,1
1679,claude_fable_5_max,46.68153853413972,2
1679,kimi_k3_max,37.91261122950317,3
1679,claude_opus_4_8_max,27.10653763682683,4
1679,qwen3_8_max,26.92325323256624,5
1679,gemini_3_1_pro_high,22.903560884475926,6
1679,deepseek_v4_pro_max,21.45418159372253,7
1679,deepseek_v4_flash_max,18.442689642134013,8
1679,gpt_5_5_xhigh,17.989987532691583,9
1679,glm_5_2_max,17.69614570874846,10
1680,gpt_5_6_sol_max,80.29645105473307,1
1680,gemini_3_1_pro_high,77.83148400211388,2
1680,gpt_5_5_xhigh,66.22944709903456,3
1680,kimi_k3_max,64.90531005467244,4
1680,claude_opus_4_8_max,53.69753712884764,5
1680,qwen3_8_max,53.07200052282835,6
1680,claude_fable_5_max,32.33077231220767,7
1680,glm_5_2_max,24.188629513774515,8
1680,deepseek_v4_pro_max,24.064284536205545,9
1680,deepseek_v4_flash_max,17.172699632079414,10
1681,claude_opus_4_8_max,72.86817340936689,1
1681,qwen3_8_max,54.65645732982411,2
1681,claude_fable_5_max,54.15038291827438,3
1681,gpt_5_5_xhigh,38.28334223246234,4
1681,gpt_5_6_sol_max,38.15376726501199,5
1681,glm_5_2_max,31.848186172996318,6
1681,deepseek_v4_pro_max,31.40282249310921,7
1681,gemini_3_1_pro_high,26.83854675903898,8
1681,deepseek_v4_flash_max,25.980813687746362,9
1681,kimi_k3_max,22.743591540256283,10
1682,gpt_5_5_xhigh,82.96747853614735,1
1682,claude_fable_5_max,73.27340209735496,2
1682,gpt_5_6_sol_max,63.26688123234912,3
1682,kimi_k3_max,60.92129189982809,4
1682,gemini_3_1_pro_high,55.93270129715881,5
1682,qwen3_8_max,45.42142929952989,6
1682,claude_opus_4_8_max,33.050087600398555,7
1682,deepseek_v4_flash_max,22.510770761392525,8
1682,deepseek_v4_pro_max,21.33327942756484,9
1682,glm_5_2_max,13.046807950643515,10
1683,claude_fable_5_max,87.06709155539244,1
1683,gemini_3_1_pro_high,70.12656983528514,2
1683,gpt_5_6_sol_max,65.00495980563714,3
1683,qwen3_8_max,62.72792463834628,4
1683,claude_opus_4_8_max,51.87052937044869,5
1683,gpt_5_5_xhigh,34.5648336848767,6
1683,kimi_k3_max,29.10960623603335,7
1683,deepseek_v4_flash_max,25.470299669906623,8
1683,glm_5_2_max,23.908228224230527,9
1683,deepseek_v4_pro_max,17.636774584128823,10
1684,kimi_k3_max,73.07618076667555,1
1684,gpt_5_6_sol_max,71.22021587883273,2
1684,gpt_5_5_xhigh,49.854315618922556,3
1684,qwen3_8_max,48.23568817213617,4
1684,deepseek_v4_pro_max,40.53357321262314,5
1684,gemini_3_1_pro_high,37.76534336111435,6
1684,claude_fable_5_max,36.608216558048994,7
1684,claude_opus_4_8_max,21.158696181493553,8
1684,glm_5_2_max,16.47709248120552,9
1684,deepseek_v4_flash_max,13.115101998336836,10
1685,claude_opus_4_8_max,79.82321703678804,1
1685,gpt_5_6_sol_max,61.733436364299706,2
1685,claude_fable_5_max,50.38909457851622,3
1685,qwen3_8_max,44.85894792403854,4
1685,deepseek_v4_flash_max,39.00910394370062,5
1685,gpt_5_5_xhigh,37.658137922266455,6
1685,gemini_3_1_pro_high,33.319582504793495,7
1685,deepseek_v4_pro_max,28.20900050541057,8
1685,glm_5_2_max,17.816430860658492,9
1685,kimi_k3_max,8.463309700813555,10
1686,claude_fable_5_max,72.393935432334,1
1686,qwen3_8_max,69.37091046530657,2
1686,gemini_3_1_pro_high,60.66494721863065,3
1686,kimi_k3_max,60.253862438169136,4
1686,claude_opus_4_8_max,47.46311720901376,5
1686,gpt_5_5_xhigh,38.460392494123894,6
1686,deepseek_v4_pro_max,31.51100577582654,7
1686,gpt_5_6_sol_max,31.20399292185276,8
1686,glm_5_2_max,24.851383842859782,9
1686,deepseek_v4_flash_max,23.752897118513054,10
1687,gpt_5_5_xhigh,78.262541477332,1
1687,kimi_k3_max,71.16880777984316,2
1687,claude_fable_5_max,56.79218916700412,3
1687,qwen3_8_max,54.25146585902272,4
1687,gemini_3_1_pro_high,54.15507941516715,5
1687,claude_opus_4_8_max,49.20248224081175,6
1687,gpt_5_6_sol_max,38.00068991474519,7
1687,deepseek_v4_pro_max,26.232155785361396,8
1687,deepseek_v4_flash_max,23.16372705852141,9
1687,glm_5_2_max,10.170172750731904,10
1688,gpt_5_6_sol_max,72.69935229700776,1
1688,gpt_5_5_xhigh,71.37471111558445,2
1688,gemini_3_1_pro_high,65.13720615372657,3
1688,claude_opus_4_8_max,59.14565621119691,4
1688,claude_fable_5_max,52.81430243359091,5
1688,qwen3_8_max,42.81961798124988,6
1688,deepseek_v4_pro_max,40.888194407835655,7
1688,glm_5_2_max,26.57432007413866,8
1688,kimi_k3_max,26.445543864341296,9
1688,deepseek_v4_flash_max,13.924697103260037,10
1689,claude_opus_4_8_max,73.92507620121819,1
1689,gemini_3_1_pro_high,73.0109713944534,2
1689,qwen3_8_max,60.69947953985607,3
1689,claude_fable_5_max,51.423959565691206,4
1689,gpt_5_6_sol_max,50.0665549507509,5
1689,kimi_k3_max,32.89358872455816,6
1689,deepseek_v4_pro_max,30.881174591497327,7
1689,gpt_5_5_xhigh,28.382707778631826,8
1689,glm_5_2_max,19.42514293569635,9
1689,deepseek_v4_flash_max,17.679609800306302,10
1690,gpt_5_6_sol_max,71.19348450455469,1
1690,claude_fable_5_max,58.00043630669315,2
1690,deepseek_v4_pro_max,51.45994511595673,3
1690,gemini_3_1_pro_high,51.26871232071234,4
1690,gpt_5_5_xhigh,47.44629103658655,5
1690,qwen3_8_max,44.706026119829176,6
1690,kimi_k3_max,38.68673853286461,7
1690,claude_opus_4_8_max,26.189019121964435,8
1690,glm_5_2_max,19.189732546180046,9
1690,deepseek_v4_flash_max,16.65578482770122,10
1691,gemini_3_1_pro_high,77.15055454762293,1
1691,claude_opus_4_8_max,76.05856395028115,2
1691,claude_fable_5_max,75.3325929401307,3
1691,gpt_5_5_xhigh,56.251714419999104,4
1691,qwen3_8_max,54.17369060276814,5
1691,gpt_5_6_sol_max,53.11349803893725,6
1691,deepseek_v4_pro_max,40.421915949510385,7
1691,glm_5_2_max,30.420572401492997,8
1691,kimi_k3_max,29.790221031765284,9
1691,deepseek_v4_flash_max,11.224497923707197,10
1692,gpt_5_6_sol_max,66.42085743680072,1
1692,qwen3_8_max,60.89325502511288,2
1692,claude_fable_5_max,54.29465948271189,3
1692,kimi_k3_max,40.15793393681509,4
1692,claude_opus_4_8_max,37.133830751150676,5
1692,gemini_3_1_pro_high,36.80533901296026,6
1692,gpt_5_5_xhigh,26.940197547327283,7
1692,deepseek_v4_flash_max,24.940006225679603,8
1692,glm_5_2_max,23.650073723696273,9
1692,deepseek_v4_pro_max,12.078256819045542,10
1693,kimi_k3_max,77.37081833959317,1
1693,gemini_3_1_pro_high,63.72394639075518,2
1693,qwen3_8_max,55.91363415350759,3
1693,claude_opus_4_8_max,47.11259162218159,4
1693,claude_fable_5_max,39.50439921665221,5
1693,deepseek_v4_pro_max,36.35902367915835,6
1693,gpt_5_6_sol_max,35.632557246941815,7
1693,glm_5_2_max,34.130979355049746,8
1693,gpt_5_5_xhigh,21.548987800946772,9
1693,deepseek_v4_flash_max,16.148810532389007,10
1694,gpt_5_6_sol_max,79.1608854528093,1
1694,gemini_3_1_pro_high,66.32922632921625,2
1694,claude_fable_5_max,62.32857139488788,3
1694,gpt_5_5_xhigh,51.57506110641775,4
1694,claude_opus_4_8_max,48.143534855109884,5
1694,qwen3_8_max,28.621062155178823,6
1694,kimi_k3_max,27.625131003428024,7
1694,glm_5_2_max,19.60423546160109,8
1694,deepseek_v4_flash_max,17.37246800034578,9
1694,deepseek_v4_pro_max,9.827811447665399,10
1695,gemini_3_1_pro_high,78.04816509046773,1
1695,qwen3_8_max,73.6276304516968,2
1695,gpt_5_5_xhigh,70.42051088435882,3
1695,kimi_k3_max,55.18601136725515,4
1695,claude_fable_5_max,50.14264964217466,5
1695,gpt_5_6_sol_max,40.15923424152484,6
1695,deepseek_v4_pro_max,36.870240298302505,7
1695,claude_opus_4_8_max,32.504085250236656,8
1695,deepseek_v4_flash_max,19.292843137314104,9
1695,glm_5_2_max,10.468485201116138,10
1696,gpt_5_6_sol_max,73.06696989255875,1
1696,claude_fable_5_max,64.21498141711396,2
1696,gemini_3_1_pro_high,62.72487983468405,3
1696,kimi_k3_max,52.98709288152938,4
1696,gpt_5_5_xhigh,40.4242539372472,5
1696,glm_5_2_max,30.71781716341028,6
1696,qwen3_8_max,28.856201363215142,7
1696,claude_opus_4_8_max,27.47737320338517,8
1696,deepseek_v4_flash_max,24.809446846842793,9
1696,deepseek_v4_pro_max,9.176731498570831,10
1697,qwen3_8_max,76.6125398336477,1
1697,claude_opus_4_8_max,59.64753483306502,2
1697,claude_fable_5_max,57.58186145956967,3
1697,gemini_3_1_pro_high,57.128765676159325,4
1697,gpt_5_6_sol_max,55.34354128048709,5
1697,gpt_5_5_xhigh,53.36793397081992,6
1697,deepseek_v4_pro_max,39.685147913753696,7
1697,glm_5_2_max,21.471130772542246,8
1697,kimi_k3_max,10.22074505389124,9
1697,deepseek_v4_flash_max,7.485988222531644,10
1698,gemini_3_1_pro_high,80.41355327680478,1
1698,claude_fable_5_max,77.37371705929223,2
1698,kimi_k3_max,72.99900709474795,3
1698,gpt_5_6_sol_max,69.50148142077359,4
1698,claude_opus_4_8_max,59.65340431633639,5
1698,qwen3_8_max,57.94751076382441,6
1698,gpt_5_5_xhigh,27.594530865555267,7
1698,deepseek_v4_pro_max,27.038385766472636,8
1698,glm_5_2_max,25.637690253087406,9
1698,deepseek_v4_flash_max,10.764992651387628,10
1699,claude_fable_5_max,78.73222319238357,1
1699,kimi_k3_max,71.6481189176177,2
1699,gpt_5_6_sol_max,64.2155958629366,3
1699,gemini_3_1_pro_high,55.23161169764058,4
1699,gpt_5_5_xhigh,51.51117874644041,5
1699,qwen3_8_max,34.00703381521248,6
1699,deepseek_v4_flash_max,28.343600453203052,7
1699,claude_opus_4_8_max,28.132882720833415,8
1699,glm_5_2_max,19.7058893533536,9
1699,deepseek_v4_pro_max,8.066329768507654,10
1700,gpt_5_6_sol_max,59.405626992392435,1
1700,claude_fable_5_max,53.68292534569789,2
1700,gpt_5_5_xhigh,50.9150373907073,3
1700,kimi_k3_max,35.06501194697844,4
1700,gemini_3_1_pro_high,30.699368298693237,5
1700,qwen3_8_max,29.518259857985836,6
1700,deepseek_v4_pro_max,22.92148122093455,7
1700,deepseek_v4_flash_max,22.092438488236596,8
1700,claude_opus_4_8_max,18.321647974260166,9
1700,glm_5_2_max,17.25055579052485,10
1701,claude_opus_4_8_max,79.18515026862764,1
1701,qwen3_8_max,73.82134314493315,2
1701,gpt_5_5_xhigh,55.25463946853981,3
1701,claude_fable_5_max,33.71132827032706,4
1701,gemini_3_1_pro_high,33.08974363927919,5
1701,gpt_5_6_sol_max,30.774901925536028,6
1701,glm_5_2_max,28.163368653837207,7
1701,deepseek_v4_flash_max,22.445378638815928,8
1701,deepseek_v4_pro_max,20.99599166954004,9
1701,kimi_k3_max,17.2685773776386,10
1702,claude_fable_5_max,67.87057252426206,1
1702,gpt_5_5_xhigh,65.82815687589792,2
1702,claude_opus_4_8_max,59.96161580281897,3
1702,kimi_k3_max,42.047460900835155,4
1702,deepseek_v4_pro_max,41.696557278618926,5
1702,gemini_3_1_pro_high,41.694842728263026,6
1702,qwen3_8_max,41.19939973187194,7
1702,gpt_5_6_sol_max,26.102422046412915,8
1702,deepseek_v4_flash_max,22.389197116055115,9
1702,glm_5_2_max,21.342635115841325,10
1703,gpt_5_5_xhigh,80.09057032851655,1
1703,kimi_k3_max,68.95039742514756,2
1703,gemini_3_1_pro_high,64.29726832054453,3
1703,claude_opus_4_8_max,60.48665393063168,4
1703,gpt_5_6_sol_max,53.35511590000797,5
1703,claude_fable_5_max,45.569152882630476,6
1703,deepseek_v4_pro_max,36.32515749668764,7
1703,qwen3_8_max,31.487209546563186,8
1703,glm_5_2_max,22.6408021893612,9
1703,deepseek_v4_flash_max,17.161887556683094,10
1704,kimi_k3_max,80.45042555818185,1
1704,claude_opus_4_8_max,65.29201623806016,2
1704,claude_fable_5_max,41.66701594199563,3
1704,gpt_5_5_xhigh,36.05106098196307,4
1704,gemini_3_1_pro_high,34.50018231385812,5
1704,gpt_5_6_sol_max,29.932107466231678,6
1704,qwen3_8_max,28.25856333697597,7
1704,deepseek_v4_pro_max,25.23072484472357,8
1704,glm_5_2_max,22.858398579363335,9
1704,deepseek_v4_flash_max,16.33449820643329,10
1705,gemini_3_1_pro_high,72.70217475403346,1
1705,claude_fable_5_max,70.9668233498466,2
1705,claude_opus_4_8_max,61.39933548558132,3
1705,kimi_k3_max,55.857342861229746,4
1705,gpt_5_6_sol_max,54.135737514369865,5
1705,qwen3_8_max,54.12294442109841,6
1705,deepseek_v4_pro_max,52.08700749594342,7
1705,gpt_5_5_xhigh,37.38810561973267,8
1705,glm_5_2_max,20.968864240015883,9
1705,deepseek_v4_flash_max,10.000513146820309,10
1706,gemini_3_1_pro_high,64.2690853638201,1
1706,gpt_5_6_sol_max,63.38237589522869,2
1706,claude_fable_5_max,60.70238975548516,3
1706,qwen3_8_max,48.481455039304265,4
1706,kimi_k3_max,42.84643903763972,5
1706,claude_opus_4_8_max,37.49212312785963,6
1706,deepseek_v4_pro_max,35.97979927114201,7
1706,glm_5_2_max,33.448289100405326,8
1706,gpt_5_5_xhigh,19.266220250275744,9
1706,deepseek_v4_flash_max,17.028479664076464,10
1707,gpt_5_6_sol_max,85.22586130258415,1
1707,qwen3_8_max,62.26762709680461,2
1707,gemini_3_1_pro_high,58.59977788935804,3
1707,claude_fable_5_max,52.266899435583184,4
1707,gpt_5_5_xhigh,51.53173997003181,5
1707,claude_opus_4_8_max,30.695451773884,6
1707,glm_5_2_max,30.367929600351545,7
1707,kimi_k3_max,24.91581988880248,8
1707,deepseek_v4_flash_max,20.643268551029053,9
1707,deepseek_v4_pro_max,14.76504742672746,10
1708,gpt_5_6_sol_max,83.0107373408961,1
1708,gpt_5_5_xhigh,67.2520566279934,2
1708,qwen3_8_max,51.498857166879276,3
1708,claude_fable_5_max,45.5846754932078,4
1708,gemini_3_1_pro_high,38.16282830326086,5
1708,deepseek_v4_pro_max,36.743186827298615,6
1708,kimi_k3_max,34.56439986121168,7
1708,claude_opus_4_8_max,26.063517520640314,8
1708,deepseek_v4_flash_max,24.900709367963692,9
1708,glm_5_2_max,24.161870682220567,10
1709,kimi_k3_max,78.750849723613,1
1709,gemini_3_1_pro_high,74.76316793693616,2
1709,qwen3_8_max,72.40584685159614,3
1709,claude_fable_5_max,59.85232991015157,4
1709,gpt_5_5_xhigh,59.70264315017184,5
1709,deepseek_v4_pro_max,43.86660349447084,6
1709,gpt_5_6_sol_max,30.929586897032884,7
1709,glm_5_2_max,26.299132030651535,8
1709,claude_opus_4_8_max,21.72451893004763,9
1709,deepseek_v4_flash_max,10.634489641497481,10
1710,gpt_5_5_xhigh,58.762144386339855,1
1710,gemini_3_1_pro_high,43.320715373398,2
1710,claude_opus_4_8_max,41.12442564615141,3
1710,claude_fable_5_max,34.03241200270979,4
1710,kimi_k3_max,28.341504749236794,5
1710,deepseek_v4_flash_max,24.28506295493901,6
1710,deepseek_v4_pro_max,19.95205762359793,7
1710,gpt_5_6_sol_max,15.495231773460635,8
1710,qwen3_8_max,13.564044199612823,9
1710,glm_5_2_max,12.36807851152771,10
1711,gpt_5_6_sol_max,71.0264276910255,1
1711,kimi_k3_max,56.733627693939084,2
1711,qwen3_8_max,49.04155988883923,3
1711,claude_opus_4_8_max,45.345428232736246,4
1711,gemini_3_1_pro_high,36.05124425093607,5
1711,deepseek_v4_pro_max,34.17205463585947,6
1711,deepseek_v4_flash_max,30.341133029289782,7
1711,claude_fable_5_max,25.404761725468077,8
1711,gpt_5_5_xhigh,20.065279064356915,9
1711,glm_5_2_max,19.57314263381126,10
1712,kimi_k3_max,72.1165676426726,1
1712,gemini_3_1_pro_high,62.52057004355247,2
1712,gpt_5_6_sol_max,60.646224344467484,3
1712,gpt_5_5_xhigh,56.6449767175974,4
1712,claude_fable_5_max,38.53249377448846,5
1712,claude_opus_4_8_max,32.488565666063664,6
1712,qwen3_8_max,32.41303558564,7
1712,deepseek_v4_flash_max,30.542685543129934,8
1712,deepseek_v4_pro_max,21.706961604224855,9
1712,glm_5_2_max,19.159944633473206,10
1713,claude_fable_5_max,68.76600824384316,1
1713,gpt_5_6_sol_max,56.83050400407487,2
1713,kimi_k3_max,56.076567473190565,3
1713,claude_opus_4_8_max,53.76336489078973,4
1713,glm_5_2_max,48.83615571644024,5
1713,gemini_3_1_pro_high,46.37187464711451,6
1713,qwen3_8_max,37.8388285419104,7
1713,gpt_5_5_xhigh,27.68779606170877,8
1713,deepseek_v4_flash_max,26.209218342586716,9
1713,deepseek_v4_pro_max,23.610515735485293,10
1714,kimi_k3_max,68.11922500504996,1
1714,claude_fable_5_max,51.655685959553225,2
1714,claude_opus_4_8_max,47.11993836052697,3
1714,qwen3_8_max,46.85951892379964,4
1714,gemini_3_1_pro_high,43.88806816589864,5
1714,gpt_5_6_sol_max,26.4870435242126,6
1714,gpt_5_5_xhigh,19.986495632888193,7
1714,deepseek_v4_flash_max,18.277301626772207,8
1714,glm_5_2_max,16.277328785380988,9
1714,deepseek_v4_pro_max,14.032534578592422,10
1715,gpt_5_6_sol_max,71.37189394577449,1
1715,qwen3_8_max,68.98101602759294,2
1715,claude_opus_4_8_max,62.66874278537832,3
1715,claude_fable_5_max,54.160181439376785,4
1715,deepseek_v4_pro_max,51.976627664183,5
1715,gemini_3_1_pro_high,48.83512553013213,6
1715,gpt_5_5_xhigh,37.428842548286546,7
1715,kimi_k3_max,29.714495111393575,8
1715,glm_5_2_max,16.45110264790724,9
1715,deepseek_v4_flash_max,6.299070088167962,10
1716,gpt_5_6_sol_max,83.11883618775022,1
1716,claude_fable_5_max,57.72508777447196,2
1716,gemini_3_1_pro_high,50.703939406064485,3
1716,deepseek_v4_pro_max,45.474162355806804,4
1716,qwen3_8_max,44.6225941883559,5
1716,kimi_k3_max,42.155534626983254,6
1716,gpt_5_5_xhigh,35.55120666558595,7
1716,claude_opus_4_8_max,24.01993478963921,8
1716,deepseek_v4_flash_max,16.94304837398767,9
1716,glm_5_2_max,13.076874475765244,10
1717,gpt_5_6_sol_max,75.54315900219854,1
1717,kimi_k3_max,66.52910808467558,2
1717,gemini_3_1_pro_high,56.31763661889357,3
1717,qwen3_8_max,54.625728713415,4
1717,claude_opus_4_8_max,49.324827908097035,5
1717,deepseek_v4_flash_max,45.618534065282,6
1717,claude_fable_5_max,40.23888586522139,7
1717,gpt_5_5_xhigh,26.62639528188685,8
1717,deepseek_v4_pro_max,23.994803259461015,9
1717,glm_5_2_max,14.184062954265583,10
1718,claude_opus_4_8_max,81.02284452345953,1
1718,gemini_3_1_pro_high,61.96389762721246,2
1718,gpt_5_6_sol_max,60.38602572881872,3
1718,claude_fable_5_max,56.560410029348475,4
1718,qwen3_8_max,45.065048140759785,5
1718,deepseek_v4_pro_max,39.47423033470302,6
1718,kimi_k3_max,29.72075326655966,7
1718,deepseek_v4_flash_max,22.518582589751027,8
1718,glm_5_2_max,18.40892126353422,9
1718,gpt_5_5_xhigh,15.866867408237614,10
1719,gpt_5_5_xhigh,66.91601615542646,1
1719,kimi_k3_max,51.12128574149059,2
1719,gpt_5_6_sol_max,47.613216310262146,3
1719,qwen3_8_max,42.91798580982727,4
1719,gemini_3_1_pro_high,42.063315143623356,5
1719,claude_fable_5_max,41.705458950628994,6
1719,deepseek_v4_flash_max,33.255825174833966,7
1719,claude_opus_4_8_max,31.074794915500636,8
1719,deepseek_v4_pro_max,26.547825128764718,9
1719,glm_5_2_max,10.31703640496916,10
1720,qwen3_8_max,63.12559307386615,1
1720,gpt_5_6_sol_max,55.53241759481993,2
1720,claude_fable_5_max,55.375895809004504,3
1720,kimi_k3_max,54.886910614920474,4
1720,deepseek_v4_flash_max,44.26520612360456,5
1720,gpt_5_5_xhigh,42.298710412522226,6
1720,claude_opus_4_8_max,41.41447985949629,7
1720,deepseek_v4_pro_max,29.27364584806235,8
1720,gemini_3_1_pro_high,16.525711702038222,9
1720,glm_5_2_max,14.09335070595077,10
1721,claude_fable_5_max,86.16804569505149,1
1721,gemini_3_1_pro_high,50.56757741009527,2
1721,deepseek_v4_pro_max,45.11765572022965,3
1721,kimi_k3_max,44.49083296348704,4
1721,qwen3_8_max,38.343019906103834,5
1721,deepseek_v4_flash_max,35.046113179034364,6
1721,gpt_5_5_xhigh,34.20300528049862,7
1721,claude_opus_4_8_max,30.844229655353345,8
1721,glm_5_2_max,10.9842418131624,9
1721,gpt_5_6_sol_max,10.764758815834874,10
1722,gemini_3_1_pro_high,90.69725438912461,1
1722,kimi_k3_max,78.49591323847986,2
1722,gpt_5_5_xhigh,68.34634451171655,3
1722,qwen3_8_max,68.09626793397936,4
1722,claude_fable_5_max,66.15994058697979,5
1722,gpt_5_6_sol_max,57.87364251131871,6
1722,claude_opus_4_8_max,34.22410711231555,7
1722,glm_5_2_max,24.926424411356066,8
1722,deepseek_v4_flash_max,22.74888357801641,9
1722,deepseek_v4_pro_max,21.688980233123992,10
1723,claude_opus_4_8_max,68.00587182481426,1
1723,gemini_3_1_pro_high,66.49532601431964,2
1723,claude_fable_5_max,55.83959999604043,3
1723,qwen3_8_max,51.8673862941838,4
1723,gpt_5_6_sol_max,47.693968674996015,5
1723,kimi_k3_max,42.465323654302374,6
1723,glm_5_2_max,41.62283206003281,7
1723,deepseek_v4_flash_max,39.09283938991849,8
1723,deepseek_v4_pro_max,29.592963302629407,9
1723,gpt_5_5_xhigh,16.964272567942484,10
1724,gpt_5_6_sol_max,79.36000873581665,1
1724,kimi_k3_max,59.629180703752404,2
1724,gpt_5_5_xhigh,57.546212043696535,3
1724,claude_fable_5_max,39.36856593342448,4
1724,gemini_3_1_pro_high,39.069049802242866,5
1724,glm_5_2_max,23.882267443225064,6
1724,claude_opus_4_8_max,23.511674323822188,7
1724,deepseek_v4_flash_max,20.125993412495223,8
1724,deepseek_v4_pro_max,17.245943929858246,9
1724,qwen3_8_max,13.546939695490522,10
1725,claude_fable_5_max,70.23112811199582,1
1725,kimi_k3_max,69.76156916734666,2
1725,gemini_3_1_pro_high,62.763357919474124,3
1725,gpt_5_6_sol_max,61.57949013833732,4
1725,qwen3_8_max,57.29363790028033,5
1725,claude_opus_4_8_max,39.2511898735099,6
1725,gpt_5_5_xhigh,34.557898758705264,7
1725,deepseek_v4_flash_max,21.05545834231084,8
1725,deepseek_v4_pro_max,20.138505592352523,9
1725,glm_5_2_max,15.619224136770992,10
1726,claude_opus_4_8_max,82.87921912714368,1
1726,qwen3_8_max,71.97111014671398,2
1726,gpt_5_6_sol_max,62.62991146858954,3
1726,gemini_3_1_pro_high,53.430317656656754,4
1726,claude_fable_5_max,46.35717167972812,5
1726,deepseek_v4_pro_max,33.98642965517128,6
1726,deepseek_v4_flash_max,27.533130574433123,7
1726,kimi_k3_max,26.578333870022224,8
1726,gpt_5_5_xhigh,25.625306434111607,9
1726,glm_5_2_max,16.244336635241318,10
1727,kimi_k3_max,67.45968660210475,1
1727,claude_opus_4_8_max,58.3530644239392,2
1727,gpt_5_5_xhigh,57.49657227395083,3
1727,qwen3_8_max,55.37381508520119,4
1727,gemini_3_1_pro_high,51.40847694841489,5
1727,claude_fable_5_max,46.93720016662426,6
1727,glm_5_2_max,34.55271852649609,7
1727,deepseek_v4_pro_max,34.39942513277716,8
1727,gpt_5_6_sol_max,28.236641958076962,9
1727,deepseek_v4_flash_max,12.60673102273003,10
1728,claude_fable_5_max,71.50318789142096,1
1728,gpt_5_6_sol_max,63.67000513588472,2
1728,gemini_3_1_pro_high,62.724348952140325,3
1728,gpt_5_5_xhigh,55.50901618844684,4
1728,claude_opus_4_8_max,35.04732204793818,5
1728,kimi_k3_max,34.674036449630464,6
1728,qwen3_8_max,33.56404366020513,7
1728,deepseek_v4_pro_max,31.35273675095841,8
1728,glm_5_2_max,21.934302360709978,9
1728,deepseek_v4_flash_max,20.390824178268925,10
1729,claude_opus_4_8_max,74.532873849475,1
1729,qwen3_8_max,73.01978437289065,2
1729,gemini_3_1_pro_high,70.0868671645759,3
1729,gpt_5_6_sol_max,48.24409705223526,4
1729,claude_fable_5_max,43.728834737716376,5
1729,gpt_5_5_xhigh,35.68360016162757,6
1729,kimi_k3_max,25.213603239794757,7
1729,glm_5_2_max,23.995165555171603,8
1729,deepseek_v4_flash_max,21.718787276782948,9
1729,deepseek_v4_pro_max,14.443670322487232,10
1730,qwen3_8_max,62.85931515155698,1
1730,claude_fable_5_max,43.033525823307365,2
1730,gpt_5_6_sol_max,39.00696064445653,3
1730,glm_5_2_max,37.36763567623616,4
1730,kimi_k3_max,36.59670040808645,5
1730,claude_opus_4_8_max,34.91884969475943,6
1730,gemini_3_1_pro_high,25.310513367094742,7
1730,deepseek_v4_flash_max,17.089060716172092,8
1730,gpt_5_5_xhigh,17.038956276257785,9
1730,deepseek_v4_pro_max,16.09832322414648,10
1731,claude_fable_5_max,64.93095232183552,1
1731,gpt_5_6_sol_max,57.36043763254231,2
1731,qwen3_8_max,54.403857533275655,3
1731,claude_opus_4_8_max,43.53468349410701,4
1731,gpt_5_5_xhigh,32.426002482549436,5
1731,deepseek_v4_flash_max,32.39062998188972,6
1731,gemini_3_1_pro_high,31.56267706815972,7
1731,kimi_k3_max,24.42417109210698,8
1731,deepseek_v4_pro_max,13.416137989041285,9
1731,glm_5_2_max,5.88968654031747,10
1732,gpt_5_5_xhigh,80.24677458837076,1
1732,claude_opus_4_8_max,48.40165520473377,2
1732,gpt_5_6_sol_max,46.127974462632416,3
1732,gemini_3_1_pro_high,42.88399098520331,4
1732,claude_fable_5_max,37.180606289018314,5
1732,qwen3_8_max,35.67764194251055,6
1732,glm_5_2_max,29.591607442599923,7
1732,deepseek_v4_pro_max,27.760640548480463,8
1732,deepseek_v4_flash_max,25.30567878987909,9
1732,kimi_k3_max,24.981424043206847,10
1733,gemini_3_1_pro_high,65.50204290396594,1
1733,claude_opus_4_8_max,57.749519010849696,2
1733,gpt_5_6_sol_max,48.91492000129108,3
1733,claude_fable_5_max,46.63572272625339,4
1733,qwen3_8_max,46.62419126359852,5
1733,deepseek_v4_pro_max,44.34678089683789,6
1733,kimi_k3_max,41.164785735597754,7
1733,gpt_5_5_xhigh,34.75016852594844,8
1733,deepseek_v4_flash_max,27.533011784171748,9
1733,glm_5_2_max,25.889954342529016,10
1734,gpt_5_6_sol_max,74.13050745578307,1
1734,kimi_k3_max,72.56470355092725,2
1734,gpt_5_5_xhigh,62.50799749494836,3
1734,claude_fable_5_max,53.043021138118846,4
1734,gemini_3_1_pro_high,44.676135398206156,5
1734,qwen3_8_max,36.23255629890919,6
1734,claude_opus_4_8_max,36.194103467212166,7
1734,deepseek_v4_pro_max,23.3711751352565,8
1734,deepseek_v4_flash_max,21.435333300598916,9
1734,glm_5_2_max,17.67341614869448,10
1735,gpt_5_6_sol_max,80.2326127007124,1
1735,claude_fable_5_max,67.16281093020373,2
1735,gpt_5_5_xhigh,45.45232688717797,3
1735,qwen3_8_max,42.133578719738466,4
1735,claude_opus_4_8_max,42.10057261149484,5
1735,deepseek_v4_flash_max,32.77574268130341,6
1735,glm_5_2_max,25.78737654869389,7
1735,deepseek_v4_pro_max,25.232897732048944,8
1735,kimi_k3_max,20.87491710807902,9
1735,gemini_3_1_pro_high,17.473644426860663,10
1736,claude_opus_4_8_max,77.59042734064428,1
1736,kimi_k3_max,60.55392303383627,2
1736,gpt_5_6_sol_max,50.96000325787772,3
1736,qwen3_8_max,49.45656090192553,4
1736,claude_fable_5_max,38.13685237855597,5
1736,gpt_5_5_xhigh,35.9556295738967,6
1736,gemini_3_1_pro_high,32.386821610422196,7
1736,deepseek_v4_flash_max,26.300587735442022,8
1736,deepseek_v4_pro_max,21.156454234227766,9
1736,glm_5_2_max,13.685607668113278,10
1737,gpt_5_5_xhigh,73.2532969502064,1
1737,qwen3_8_max,64.346837960432,2
1737,gemini_3_1_pro_high,57.330543661654715,3
1737,kimi_k3_max,53.72788733753013,4
1737,gpt_5_6_sol_max,52.020078982232604,5
1737,claude_fable_5_max,50.50461846896536,6
1737,claude_opus_4_8_max,26.72017242833513,7
1737,glm_5_2_max,23.67975497175049,8
1737,deepseek_v4_pro_max,23.03218245525301,9
1737,deepseek_v4_flash_max,19.068583797566134,10
1738,claude_fable_5_max,61.1336107978517,1
1738,kimi_k3_max,56.90679203104152,2
1738,gemini_3_1_pro_high,52.13540438969839,3
1738,gpt_5_6_sol_max,47.957805764907135,4
1738,deepseek_v4_flash_max,36.61051582646205,5
1738,qwen3_8_max,36.22371634184944,6
1738,gpt_5_5_xhigh,31.660184525975282,7
1738,glm_5_2_max,16.332452392819945,8
1738,claude_opus_4_8_max,13.56298641905302,9
1738,deepseek_v4_pro_max,8.884085204856936,10
1739,gemini_3_1_pro_high,73.0499633366984,1
1739,claude_opus_4_8_max,69.98717376276652,2
1739,claude_fable_5_max,69.80583477839139,3
1739,gpt_5_6_sol_max,61.19565074030587,4
1739,kimi_k3_max,57.24979090882232,5
1739,qwen3_8_max,55.21744170642532,6
1739,gpt_5_5_xhigh,41.10136261216003,7
1739,deepseek_v4_pro_max,31.6296950358592,8
1739,deepseek_v4_flash_max,29.51288471713601,9
1739,glm_5_2_max,26.49527068147298,10
1740,claude_opus_4_8_max,80.17873894954552,1
1740,gpt_5_5_xhigh,66.25402681522128,2
1740,claude_fable_5_max,64.53030861848445,3
1740,gpt_5_6_sol_max,47.76131086078372,4
1740,gemini_3_1_pro_high,45.50927644661981,5
1740,qwen3_8_max,40.37444203288684,6
1740,kimi_k3_max,36.54116762572725,7
1740,deepseek_v4_flash_max,34.08557327670624,8
1740,glm_5_2_max,29.59761982615234,9
1740,deepseek_v4_pro_max,25.217280983829834,10
1741,qwen3_8_max,70.01683344103955,1
1741,gpt_5_6_sol_max,61.36729795443371,2
1741,gemini_3_1_pro_high,60.48740923501576,3
1741,deepseek_v4_pro_max,58.03665898525597,4
1741,claude_fable_5_max,55.02243684777072,5
1741,gpt_5_5_xhigh,51.65809684350299,6
1741,kimi_k3_max,47.052370041739024,7
1741,deepseek_v4_flash_max,30.822839431585926,8
1741,claude_opus_4_8_max,27.717464409202087,9
1741,glm_5_2_max,23.859526846878527,10
1742,claude_opus_4_8_max,83.36365633984938,1
1742,gpt_5_5_xhigh,60.29018148249719,2
1742,gemini_3_1_pro_high,42.96101758594833,3
1742,gpt_5_6_sol_max,41.29787572343018,4
1742,kimi_k3_max,35.09463217278097,5
1742,deepseek_v4_flash_max,28.642851784368286,6
1742,qwen3_8_max,23.98497942999315,7
1742,glm_5_2_max,22.8985233006041,8
1742,claude_fable_5_max,21.18397036177076,9
1742,deepseek_v4_pro_max,19.38297246932892,10
1743,gpt_5_5_xhigh,79.8602610849687,1
1743,claude_fable_5_max,60.490637731696495,2
1743,kimi_k3_max,55.03089745205761,3
1743,qwen3_8_max,44.061364700072524,4
1743,gemini_3_1_pro_high,40.10456040190337,5
1743,claude_opus_4_8_max,36.78124664224659,6
1743,deepseek_v4_pro_max,35.95069518097116,7
1743,deepseek_v4_flash_max,24.002076748818062,8
1743,gpt_5_6_sol_max,19.689454039324865,9
1743,glm_5_2_max,9.817466125053128,10
1744,kimi_k3_max,78.2130764351521,1
1744,claude_fable_5_max,49.85113853252052,2
1744,claude_opus_4_8_max,40.46360741861632,3
1744,gpt_5_6_sol_max,35.51197194036569,4
1744,gemini_3_1_pro_high,33.93709588295829,5
1744,deepseek_v4_flash_max,29.212238119546367,6
1744,qwen3_8_max,25.253749097806843,7
1744,deepseek_v4_pro_max,24.644747309595125,8
1744,gpt_5_5_xhigh,20.559069995574752,9
1744,glm_5_2_max,17.981400515335793,10
1745,gpt_5_6_sol_max,78.73946160306238,1
1745,kimi_k3_max,67.5037577670351,2
1745,qwen3_8_max,63.330493588010114,3
1745,gemini_3_1_pro_high,45.52875495862432,4
1745,claude_fable_5_max,35.2089522812018,5
1745,deepseek_v4_pro_max,29.955059353305405,6
1745,glm_5_2_max,27.91373383226378,7
1745,claude_opus_4_8_max,26.148012898790245,8
1745,gpt_5_5_xhigh,16.832640137522063,9
1745,deepseek_v4_flash_max,8.313846120588531,10
1746,claude_opus_4_8_max,82.37835146257657,1
1746,kimi_k3_max,77.36810038905331,2
1746,gpt_5_6_sol_max,76.60449928199765,3
1746,gemini_3_1_pro_high,75.90323947439083,4
1746,qwen3_8_max,57.41837240196291,5
1746,claude_fable_5_max,56.43547888421564,6
1746,glm_5_2_max,39.94345459516326,7
1746,gpt_5_5_xhigh,30.232613909273915,8
1746,deepseek_v4_pro_max,20.93714807403863,9
1746,deepseek_v4_flash_max,18.57607023273969,10
1747,claude_fable_5_max,73.5033089933929,1
1747,claude_opus_4_8_max,49.36641588441836,2
1747,gpt_5_6_sol_max,42.18263172428797,3
1747,gemini_3_1_pro_high,39.16161171465368,4
1747,qwen3_8_max,32.547232026464584,5
1747,kimi_k3_max,30.71640951921359,6
1747,glm_5_2_max,25.08965853389413,7
1747,deepseek_v4_pro_max,20.298096441009548,8
1747,deepseek_v4_flash_max,15.687948530180563,9
1747,gpt_5_5_xhigh,14.77574954732075,10
1748,claude_fable_5_max,77.8317436292507,1
1748,gemini_3_1_pro_high,56.050209161508405,2
1748,gpt_5_6_sol_max,54.06925923052613,3
1748,kimi_k3_max,52.71587979401603,4
1748,deepseek_v4_flash_max,37.43594774045399,5
1748,qwen3_8_max,34.86325096544953,6
1748,gpt_5_5_xhigh,30.02323572542103,7
1748,glm_5_2_max,21.55532262455496,8
1748,claude_opus_4_8_max,20.30305143165368,9
1748,deepseek_v4_pro_max,19.093002530122796,10
1749,gpt_5_6_sol_max,69.87896613441482,1
1749,qwen3_8_max,62.40271595822948,2
1749,kimi_k3_max,61.70214711767,3
1749,claude_fable_5_max,50.44681144800038,4
1749,gemini_3_1_pro_high,47.09898533482582,5
1749,claude_opus_4_8_max,46.88426936083123,6
1749,deepseek_v4_flash_max,34.704641013610505,7
1749,gpt_5_5_xhigh,31.3363247605799,8
1749,glm_5_2_max,27.804838112405747,9
1749,deepseek_v4_pro_max,24.72784097812422,10
1750,qwen3_8_max,81.89811641085711,1
1750,claude_fable_5_max,79.58211183621356,2
1750,gpt_5_6_sol_max,59.24266444782565,3
1750,gemini_3_1_pro_high,56.62248855214388,4
1750,gpt_5_5_xhigh,50.45438570626254,5
1750,kimi_k3_max,47.10163916610859,6
1750,deepseek_v4_flash_max,43.018057121365935,7
1750,glm_5_2_max,30.162091072595615,8
1750,claude_opus_4_8_max,20.758935009609324,9
1750,deepseek_v4_pro_max,2.2303748354887882,10
1751,claude_opus_4_8_max,71.5763971395013,1
1751,qwen3_8_max,66.0783565963689,2
1751,gpt_5_6_sol_max,60.96122897899622,3
1751,kimi_k3_max,48.08903006671099,4
1751,gpt_5_5_xhigh,46.67764422755219,5
1751,deepseek_v4_pro_max,44.67742947985366,6
1751,glm_5_2_max,44.37003692428625,7
1751,gemini_3_1_pro_high,42.84112338770993,8
1751,claude_fable_5_max,42.32655980780972,9
1751,deepseek_v4_flash_max,22.927646344165264,10
1752,gpt_5_6_sol_max,71.57450525313095,1
1752,gpt_5_5_xhigh,60.299687952924565,2
1752,kimi_k3_max,53.1297149447921,3
1752,deepseek_v4_flash_max,42.418642148978506,4
1752,claude_opus_4_8_max,35.29240861951682,5
1752,qwen3_8_max,34.085483670092806,6
1752,gemini_3_1_pro_high,24.97872435274561,7
1752,claude_fable_5_max,24.081108245888448,8
1752,deepseek_v4_pro_max,19.07604851810894,9
1752,glm_5_2_max,14.762269476844539,10
1753,gpt_5_5_xhigh,83.92556453580548,1
1753,claude_opus_4_8_max,78.75790306301454,2
1753,claude_fable_5_max,46.3508914493305,3
1753,gemini_3_1_pro_high,45.533469153852906,4
1753,qwen3_8_max,39.71177076217654,5
1753,glm_5_2_max,32.37678704149696,6
1753,gpt_5_6_sol_max,30.61154415896236,7
1753,deepseek_v4_pro_max,29.152996392773876,8
1753,kimi_k3_max,24.850661387554304,9
1753,deepseek_v4_flash_max,8.20458785435459,10
1754,claude_opus_4_8_max,75.44704209278947,1
1754,kimi_k3_max,74.72077406470584,2
1754,gemini_3_1_pro_high,70.06330142165245,3
1754,claude_fable_5_max,65.1342900693064,4
1754,gpt_5_5_xhigh,58.738473086175404,5
1754,qwen3_8_max,55.86082592188754,6
1754,gpt_5_6_sol_max,31.97944737295988,7
1754,deepseek_v4_flash_max,25.919824370486694,8
1754,glm_5_2_max,21.408235799525695,9
1754,deepseek_v4_pro_max,10.676117737984283,10
1755,claude_fable_5_max,73.91101009945439,1
1755,claude_opus_4_8_max,67.58579183209154,2
1755,qwen3_8_max,51.73413893381071,3
1755,gemini_3_1_pro_high,45.509591845419955,4
1755,gpt_5_6_sol_max,35.273392187539386,5
1755,kimi_k3_max,27.64262687251011,6
1755,glm_5_2_max,26.083670182671252,7
1755,deepseek_v4_pro_max,21.432842110405677,8
1755,deepseek_v4_flash_max,17.46346708794857,9
1755,gpt_5_5_xhigh,16.142197516904023,10
1756,gpt_5_6_sol_max,88.46881196050906,1
1756,gemini_3_1_pro_high,82.54998432711652,2
1756,kimi_k3_max,81.04216299508852,3
1756,qwen3_8_max,45.92770796848415,4
1756,claude_fable_5_max,36.33793226864393,5
1756,deepseek_v4_pro_max,32.14422674963391,6
1756,glm_5_2_max,22.194154269900096,7
1756,gpt_5_5_xhigh,20.560202838310484,8
1756,claude_opus_4_8_max,17.831289650215872,9
1756,deepseek_v4_flash_max,13.98627861669921,10
1757,claude_opus_4_8_max,70.04607305856456,1
1757,qwen3_8_max,63.13232013352724,2
1757,gpt_5_6_sol_max,58.535624711074234,3
1757,gemini_3_1_pro_high,52.65238878520918,4
1757,deepseek_v4_pro_max,47.27390328058464,5
1757,claude_fable_5_max,43.759438521444835,6
1757,kimi_k3_max,42.156758312598285,7
1757,gpt_5_5_xhigh,34.25262673793715,8
1757,deepseek_v4_flash_max,24.7018806111938,9
1757,glm_5_2_max,23.10226784967807,10
1758,claude_fable_5_max,79.27459123684368,1
1758,qwen3_8_max,64.63056897054244,2
1758,gemini_3_1_pro_high,63.24694792836781,3
1758,gpt_5_6_sol_max,56.427379668680885,4
1758,gpt_5_5_xhigh,39.198483893268104,5
1758,kimi_k3_max,37.666564748506886,6
1758,deepseek_v4_flash_max,26.081608962548255,7
1758,claude_opus_4_8_max,25.765080706614338,8
1758,deepseek_v4_pro_max,17.623414536372763,9
1758,glm_5_2_max,11.35144250946955,10
1759,gemini_3_1_pro_high,78.26254104992817,1
1759,gpt_5_6_sol_max,74.9461488934825,2
1759,claude_fable_5_max,70.59097755872124,3
1759,kimi_k3_max,64.22581314457392,4
1759,qwen3_8_max,60.80737470005505,5
1759,claude_opus_4_8_max,54.61728267554921,6
1759,gpt_5_5_xhigh,33.30098907563698,7
1759,glm_5_2_max,27.957349298687966,8
1759,deepseek_v4_flash_max,27.734061126801745,9
1759,deepseek_v4_pro_max,23.50482137576227,10
1760,claude_opus_4_8_max,73.79256790900428,1
1760,gemini_3_1_pro_high,66.69303638292283,2
1760,kimi_k3_max,62.19694505103175,3
1760,claude_fable_5_max,52.700345703504155,4
1760,qwen3_8_max,52.571838566465885,5
1760,gpt_5_5_xhigh,47.955599652111744,6
1760,gpt_5_6_sol_max,27.066730778828713,7
1760,deepseek_v4_pro_max,25.267569992701272,8
1760,glm_5_2_max,25.152406850238055,9
1760,deepseek_v4_flash_max,14.526678528081085,10
1761,claude_fable_5_max,83.86300940546204,1
1761,qwen3_8_max,79.09065900122226,2
1761,claude_opus_4_8_max,64.17729318279248,3
1761,gpt_5_5_xhigh,54.268833470106884,4
1761,kimi_k3_max,53.48991976985993,5
1761,gpt_5_6_sol_max,32.773333380394305,6
1761,deepseek_v4_pro_max,30.857695332098444,7
1761,gemini_3_1_pro_high,21.713000244657888,8
1761,deepseek_v4_flash_max,17.143557932419945,9
1761,glm_5_2_max,16.796177664278765,10
1762,gpt_5_5_xhigh,70.08885294149925,1
1762,claude_opus_4_8_max,59.79737294059821,2
1762,kimi_k3_max,45.33156251754523,3
1762,deepseek_v4_pro_max,39.31257426977631,4
1762,gpt_5_6_sol_max,33.862758897493805,5
1762,qwen3_8_max,31.212930518749367,6
1762,gemini_3_1_pro_high,26.911493037676983,7
1762,glm_5_2_max,24.28203454935627,8
1762,claude_fable_5_max,17.86200322976593,9
1762,deepseek_v4_flash_max,15.510375506513999,10
1763,gemini_3_1_pro_high,72.16401937263495,1
1763,claude_opus_4_8_max,57.72501543557071,2
1763,kimi_k3_max,56.919585204395474,3
1763,qwen3_8_max,51.55937746391568,4
1763,gpt_5_6_sol_max,48.040367213843865,5
1763,claude_fable_5_max,40.739500795423766,6
1763,gpt_5_5_xhigh,36.77398693168162,7
1763,deepseek_v4_flash_max,20.35088882663821,8
1763,glm_5_2_max,15.359011015627933,9
1763,deepseek_v4_pro_max,10.65404722278847,10
1764,claude_fable_5_max,76.77981801124342,1
1764,claude_opus_4_8_max,70.50863267688528,2
1764,gemini_3_1_pro_high,59.741330409207194,3
1764,qwen3_8_max,56.737618417414325,4
1764,kimi_k3_max,50.316931767460346,5
1764,deepseek_v4_pro_max,41.02559633086675,6
1764,gpt_5_6_sol_max,36.08167341422488,7
1764,glm_5_2_max,28.98569947053143,8
1764,gpt_5_5_xhigh,27.825198378120923,9
1764,deepseek_v4_flash_max,16.859569056465844,10
1765,gpt_5_5_xhigh,64.09079511243485,1
1765,gemini_3_1_pro_high,48.656542275935344,2
1765,claude_opus_4_8_max,47.522426955080505,3
1765,gpt_5_6_sol_max,45.62048926938925,4
1765,claude_fable_5_max,45.39382831125921,5
1765,qwen3_8_max,44.25983381355657,6
1765,deepseek_v4_pro_max,34.258944101441294,7
1765,glm_5_2_max,23.562227136950888,8
1765,kimi_k3_max,21.924358282551772,9
1765,deepseek_v4_flash_max,11.296611692665342,10
1766,kimi_k3_max,70.29967612037264,1
1766,gpt_5_6_sol_max,66.26281536301818,2
1766,qwen3_8_max,64.87654226186355,3
1766,claude_opus_4_8_max,64.18190874126307,4
1766,claude_fable_5_max,62.07683076794139,5
1766,gemini_3_1_pro_high,61.70111834109386,6
1766,deepseek_v4_pro_max,51.03245274328776,7
1766,deepseek_v4_flash_max,29.857507646861606,8
1766,gpt_5_5_xhigh,26.00991941841756,9
1766,glm_5_2_max,24.269529522319754,10
1767,gpt_5_5_xhigh,70.67869068648565,1
1767,gpt_5_6_sol_max,60.79956428166666,2
1767,gemini_3_1_pro_high,50.43633939303855,3
1767,qwen3_8_max,39.120493356954135,4
1767,kimi_k3_max,36.29188323929782,5
1767,glm_5_2_max,26.41820615367062,6
1767,deepseek_v4_pro_max,24.499576685712775,7
1767,deepseek_v4_flash_max,24.395384920634264,8
1767,claude_opus_4_8_max,21.284865071248376,9
1767,claude_fable_5_max,14.630740681972679,10
1768,gpt_5_6_sol_max,87.4616826708,1
1768,kimi_k3_max,61.72626326895211,2
1768,claude_fable_5_max,52.60615179471864,3
1768,gemini_3_1_pro_high,50.425018589220024,4
1768,qwen3_8_max,38.55478587627166,5
1768,deepseek_v4_pro_max,31.09252551072572,6
1768,claude_opus_4_8_max,30.269152233901156,7
1768,gpt_5_5_xhigh,27.748332248678025,8
1768,glm_5_2_max,19.83781783807247,9
1768,deepseek_v4_flash_max,12.615729889482262,10
1769,gpt_5_6_sol_max,78.95091537300289,1
1769,gemini_3_1_pro_high,60.568899281225846,2
1769,kimi_k3_max,55.707914940544754,3
1769,claude_opus_4_8_max,38.88332898900341,4
1769,qwen3_8_max,36.66363952707918,5
1769,claude_fable_5_max,35.196814863685546,6
1769,deepseek_v4_pro_max,33.84274646629825,7
1769,glm_5_2_max,29.663529373432084,8
1769,deepseek_v4_flash_max,21.347449189251364,9
1769,gpt_5_5_xhigh,16.296478591181568,10
1770,qwen3_8_max,65.87848622610055,1
1770,claude_opus_4_8_max,61.776484141478974,2
1770,gemini_3_1_pro_high,60.61387628945202,3
1770,kimi_k3_max,49.084731633822315,4
1770,gpt_5_5_xhigh,43.43173890656491,5
1770,deepseek_v4_pro_max,39.127071894218595,6
1770,gpt_5_6_sol_max,37.41368162677565,7
1770,glm_5_2_max,26.525448002045835,8
1770,claude_fable_5_max,23.890357355055304,9
1770,deepseek_v4_flash_max,10.426320545358651,10
1771,claude_fable_5_max,79.86827192995119,1
1771,gpt_5_5_xhigh,78.46485489217497,2
1771,kimi_k3_max,75.82507877093313,3
1771,gpt_5_6_sol_max,59.849257649662434,4
1771,qwen3_8_max,40.41397281666363,5
1771,deepseek_v4_pro_max,37.21721986255714,6
1771,glm_5_2_max,29.547101707621884,7
1771,gemini_3_1_pro_high,23.265853442606534,8
1771,claude_opus_4_8_max,22.956617666682448,9
1771,deepseek_v4_flash_max,10.417129881176884,10
1772,gpt_5_5_xhigh,79.53597038014178,1
1772,gemini_3_1_pro_high,65.26880243818303,2
1772,claude_opus_4_8_max,58.73198931161996,3
1772,gpt_5_6_sol_max,58.16998119616764,4
1772,kimi_k3_max,39.21410269037575,5
1772,qwen3_8_max,35.376171896367595,6
1772,claude_fable_5_max,32.86788368893881,7
1772,glm_5_2_max,20.356136518625945,8
1772,deepseek_v4_flash_max,14.95051827299867,9
1772,deepseek_v4_pro_max,12.48037775792113,10
1773,claude_fable_5_max,90.87346379067827,1
1773,qwen3_8_max,48.744537560822636,2
1773,gemini_3_1_pro_high,46.998846540726404,3
1773,claude_opus_4_8_max,46.49023062950589,4
1773,kimi_k3_max,27.741666498606136,5
1773,gpt_5_6_sol_max,23.094608313972415,6
1773,gpt_5_5_xhigh,22.390040269682338,7
1773,glm_5_2_max,20.922857551101796,8
1773,deepseek_v4_flash_max,10.898876076540263,9
1773,deepseek_v4_pro_max,9.414216482528513,10
1774,claude_opus_4_8_max,81.44589449253019,1
1774,gpt_5_6_sol_max,61.3836493111453,2
1774,gemini_3_1_pro_high,57.5074219619673,3
1774,qwen3_8_max,50.23720700605546,4
1774,claude_fable_5_max,47.88926390815091,5
1774,gpt_5_5_xhigh,33.3546569108546,6
1774,kimi_k3_max,30.613032832054706,7
1774,deepseek_v4_pro_max,26.24194664098554,8
1774,glm_5_2_max,23.120595844643663,9
1774,deepseek_v4_flash_max,16.874705589976355,10
1775,qwen3_8_max,70.29656427604903,1
1775,kimi_k3_max,63.07235319948002,2
1775,gpt_5_5_xhigh,53.74301185005419,3
1775,gpt_5_6_sol_max,40.60838496197003,4
1775,claude_opus_4_8_max,36.52099330148047,5
1775,glm_5_2_max,32.064578657417634,6
1775,claude_fable_5_max,30.46829986091005,7
1775,deepseek_v4_flash_max,27.725125280004995,8
1775,gemini_3_1_pro_high,24.3506325465926,9
1775,deepseek_v4_pro_max,22.429865557601858,10
1776,gpt_5_5_xhigh,77.22252749957903,1
1776,claude_fable_5_max,61.213318218283774,2
1776,gemini_3_1_pro_high,47.230164314218754,3
1776,kimi_k3_max,38.020582350920904,4
1776,gpt_5_6_sol_max,28.994849534450957,5
1776,deepseek_v4_flash_max,27.938284593390975,6
1776,claude_opus_4_8_max,23.45421657576061,7
1776,deepseek_v4_pro_max,22.33453336691638,8
1776,glm_5_2_max,18.62013761353272,9
1776,qwen3_8_max,18.051353383630637,10
1777,gpt_5_6_sol_max,71.16034525300041,1
1777,claude_fable_5_max,63.51045192720034,2
1777,qwen3_8_max,53.0131834707382,3
1777,kimi_k3_max,42.74020840317684,4
1777,gemini_3_1_pro_high,42.20430476662037,5
1777,glm_5_2_max,30.870267835312553,6
1777,claude_opus_4_8_max,28.877732446308293,7
1777,deepseek_v4_flash_max,25.146173064357285,8
1777,gpt_5_5_xhigh,20.980969007107188,9
1777,deepseek_v4_pro_max,15.46393785454227,10
1778,kimi_k3_max,65.7729131328085,1
1778,qwen3_8_max,60.24933525957742,2
1778,gpt_5_6_sol_max,59.29928139002234,3
1778,claude_opus_4_8_max,58.27269235787824,4
1778,gemini_3_1_pro_high,50.01685028445148,5
1778,claude_fable_5_max,45.96831364418461,6
1778,gpt_5_5_xhigh,34.369534621332065,7
1778,deepseek_v4_pro_max,31.246987219876463,8
1778,glm_5_2_max,24.03277627296604,9
1778,deepseek_v4_flash_max,20.93301740000141,10
1779,claude_fable_5_max,79.97146646418416,1
1779,gpt_5_5_xhigh,75.15732078388234,2
1779,claude_opus_4_8_max,58.75462481896151,3
1779,gemini_3_1_pro_high,45.297632685984134,4
1779,deepseek_v4_pro_max,34.99855378734806,5
1779,kimi_k3_max,34.853582173411354,6
1779,gpt_5_6_sol_max,27.263032346357218,7
1779,qwen3_8_max,25.57855037598412,8
1779,glm_5_2_max,23.208880865661936,9
1779,deepseek_v4_flash_max,18.300044620804105,10
1780,kimi_k3_max,64.78335910325217,1
1780,qwen3_8_max,63.165790117436515,2
1780,claude_fable_5_max,61.93492527897783,3
1780,gpt_5_6_sol_max,59.23681329069203,4
1780,gemini_3_1_pro_high,45.8608028079612,5
1780,deepseek_v4_flash_max,42.75826639789462,6
1780,gpt_5_5_xhigh,33.45053674297546,7
1780,claude_opus_4_8_max,22.08271162132675,8
1780,deepseek_v4_pro_max,14.481600347201926,9
1780,glm_5_2_max,7.167904615573216,10
1781,gemini_3_1_pro_high,79.78931340430908,1
1781,qwen3_8_max,73.6948676496327,2
1781,gpt_5_6_sol_max,72.81337187554115,3
1781,claude_fable_5_max,68.70420313319454,4
1781,gpt_5_5_xhigh,47.427247116534865,5
1781,kimi_k3_max,46.16714121467374,6
1781,claude_opus_4_8_max,25.361453210728683,7
1781,deepseek_v4_pro_max,18.203375086324854,8
1781,glm_5_2_max,17.83061538622467,9
1781,deepseek_v4_flash_max,15.993776112335706,10
1782,claude_fable_5_max,71.64773358253677,1
1782,gemini_3_1_pro_high,68.66667744298735,2
1782,claude_opus_4_8_max,68.1869831214474,3
1782,qwen3_8_max,66.00597911292647,4
1782,kimi_k3_max,38.82114684797217,5
1782,gpt_5_6_sol_max,27.971799811403333,6
1782,glm_5_2_max,24.278831290718244,7
1782,gpt_5_5_xhigh,23.382808043368016,8
1782,deepseek_v4_pro_max,21.74053561526351,9
1782,deepseek_v4_flash_max,11.987691211397724,10
1783,qwen3_8_max,57.38093848398242,1
1783,gpt_5_6_sol_max,54.04518176869853,2
1783,claude_fable_5_max,53.3598908855574,3
1783,claude_opus_4_8_max,47.48044418483034,4
1783,gpt_5_5_xhigh,44.27813557090997,5
1783,deepseek_v4_pro_max,34.92930017199305,6
1783,gemini_3_1_pro_high,29.753341670512675,7
1783,kimi_k3_max,27.466731398120043,8
1783,glm_5_2_max,20.6703878121904,9
1783,deepseek_v4_flash_max,14.520061073549979,10
1784,kimi_k3_max,70.81828016353002,1
1784,claude_fable_5_max,58.33903669153495,2
1784,qwen3_8_max,53.87225405235818,3
1784,gemini_3_1_pro_high,42.116535426761416,4
1784,gpt_5_6_sol_max,41.25780699660423,5
1784,deepseek_v4_flash_max,37.54055613782533,6
1784,claude_opus_4_8_max,26.47718605232112,7
1784,deepseek_v4_pro_max,25.552494610430333,8
1784,gpt_5_5_xhigh,23.24598120199313,9
1784,glm_5_2_max,16.368718039991997,10
1785,gpt_5_5_xhigh,81.33701775137352,1
1785,claude_fable_5_max,69.00888903657602,2
1785,kimi_k3_max,62.298933986178454,3
1785,gpt_5_6_sol_max,61.32968446703081,4
1785,gemini_3_1_pro_high,54.42486199198461,5
1785,qwen3_8_max,30.435541967234027,6
1785,claude_opus_4_8_max,27.856428482243007,7
1785,deepseek_v4_flash_max,26.473734339858115,8
1785,glm_5_2_max,26.065319445676273,9
1785,deepseek_v4_pro_max,20.44486552220411,10
1786,gpt_5_6_sol_max,79.88252420110902,1
1786,kimi_k3_max,66.7325537270189,2
1786,claude_opus_4_8_max,44.568418814365465,3
1786,qwen3_8_max,40.34835163472043,4
1786,claude_fable_5_max,37.766124091758925,5
1786,deepseek_v4_pro_max,35.47710669469889,6
1786,gpt_5_5_xhigh,28.52838904210911,7
1786,gemini_3_1_pro_high,27.894567529850868,8
1786,glm_5_2_max,24.063519026011605,9
1786,deepseek_v4_flash_max,22.609973454561747,10
1787,claude_opus_4_8_max,76.90329789418429,1
1787,qwen3_8_max,64.60970844673434,2
1787,kimi_k3_max,48.59583641795969,3
1787,gemini_3_1_pro_high,45.14087812503668,4
1787,deepseek_v4_pro_max,43.11321924244401,5
1787,claude_fable_5_max,41.88928304640669,6
1787,gpt_5_6_sol_max,35.97470652089057,7
1787,deepseek_v4_flash_max,34.117974294676955,8
1787,gpt_5_5_xhigh,31.759292339748885,9
1787,glm_5_2_max,14.158928040947945,10
1788,gpt_5_5_xhigh,74.541869869409,1
1788,claude_fable_5_max,55.92655449745571,2
1788,qwen3_8_max,45.680726289179574,3
1788,kimi_k3_max,42.74347850950865,4
1788,gemini_3_1_pro_high,33.12680050941293,5
1788,deepseek_v4_pro_max,28.39166232311085,6
1788,gpt_5_6_sol_max,27.75629428628953,7
1788,glm_5_2_max,25.351546345218896,8
1788,claude_opus_4_8_max,22.487574769690482,9
1788,deepseek_v4_flash_max,19.90704715144658,10
1789,claude_opus_4_8_max,72.15218275528684,1
1789,gpt_5_5_xhigh,57.44281275454751,2
1789,gemini_3_1_pro_high,50.02926172185751,3
1789,kimi_k3_max,39.629576385131784,4
1789,claude_fable_5_max,38.40795364962569,5
1789,deepseek_v4_pro_max,35.91347332738874,6
1789,gpt_5_6_sol_max,31.44131982486806,7
1789,glm_5_2_max,24.9642760699224,8
1789,qwen3_8_max,24.234173528338737,9
1789,deepseek_v4_flash_max,23.977005565962813,10
1790,gpt_5_5_xhigh,68.14714727583079,1
1790,claude_opus_4_8_max,64.03518049735557,2
1790,gpt_5_6_sol_max,49.2987132078354,3
1790,deepseek_v4_pro_max,42.268367970340236,4
1790,gemini_3_1_pro_high,38.40933592625704,5
1790,deepseek_v4_flash_max,38.16768288969396,6
1790,claude_fable_5_max,33.60185660735637,7
1790,qwen3_8_max,31.389909455924446,8
1790,kimi_k3_max,24.007510741484015,9
1790,glm_5_2_max,18.043101000365514,10
1791,kimi_k3_max,78.42596745429034,1
1791,qwen3_8_max,57.0841529684267,2
1791,claude_fable_5_max,50.57374400375475,3
1791,gemini_3_1_pro_high,48.90943966515988,4
1791,gpt_5_5_xhigh,41.58408562540363,5
1791,gpt_5_6_sol_max,38.157673677542014,6
1791,deepseek_v4_flash_max,34.53912473864847,7
1791,deepseek_v4_pro_max,28.36435974434871,8
1791,claude_opus_4_8_max,27.421674380380196,9
1791,glm_5_2_max,23.393723803139192,10
1792,claude_opus_4_8_max,83.49500939150766,1
1792,kimi_k3_max,69.26879942285989,2
1792,qwen3_8_max,59.56001480068866,3
1792,gpt_5_5_xhigh,48.634195929711325,4
1792,gemini_3_1_pro_high,38.26846364182158,5
1792,claude_fable_5_max,35.87545383494029,6
1792,deepseek_v4_pro_max,25.297716353668097,7
1792,gpt_5_6_sol_max,22.11337059433116,8
1792,deepseek_v4_flash_max,19.323286931902743,9
1792,glm_5_2_max,19.254857102449314,10
1793,kimi_k3_max,78.79477744094771,1
1793,gemini_3_1_pro_high,60.7640063269919,2
1793,gpt_5_5_xhigh,59.21838539624332,3
1793,deepseek_v4_flash_max,40.93315262790519,4
1793,gpt_5_6_sol_max,34.61788405692566,5
1793,claude_fable_5_max,29.809391400528966,6
1793,qwen3_8_max,27.060810007695757,7
1793,claude_opus_4_8_max,25.81556695173723,8
1793,deepseek_v4_pro_max,23.6013980727936,9
1793,glm_5_2_max,9.682632274992468,10
1794,gpt_5_5_xhigh,64.87968155570128,1
1794,kimi_k3_max,64.78680222219941,2
1794,claude_fable_5_max,55.98293994764735,3
1794,claude_opus_4_8_max,50.60348551162511,4
1794,gemini_3_1_pro_high,48.48394138241129,5
1794,qwen3_8_max,42.228670338511925,6
1794,deepseek_v4_pro_max,37.91021841886462,7
1794,gpt_5_6_sol_max,29.177218275271642,8
1794,glm_5_2_max,25.271087385955354,9
1794,deepseek_v4_flash_max,11.6229521402183,10
1795,gpt_5_6_sol_max,81.32844238858664,1
1795,kimi_k3_max,45.129123415647754,2
1795,gpt_5_5_xhigh,39.65008685746102,3
1795,qwen3_8_max,38.22096636088339,4
1795,deepseek_v4_pro_max,34.16082652028612,5
1795,claude_fable_5_max,31.407430991227063,6
1795,claude_opus_4_8_max,29.28480766865886,7
1795,glm_5_2_max,25.28932947338262,8
1795,deepseek_v4_flash_max,19.595155357884952,9
1795,gemini_3_1_pro_high,15.074002737284644,10
1796,qwen3_8_max,70.5544566656526,1
1796,kimi_k3_max,55.570486250019144,2
1796,claude_opus_4_8_max,45.28713205643838,3
1796,deepseek_v4_pro_max,40.50831484969314,4
1796,gpt_5_6_sol_max,40.35927051143387,5
1796,gpt_5_5_xhigh,33.936709883148325,6
1796,gemini_3_1_pro_high,31.021480841802987,7
1796,claude_fable_5_max,28.67784457560758,8
1796,glm_5_2_max,23.790754129912916,9
1796,deepseek_v4_flash_max,22.927788251703802,10
1797,gpt_5_5_xhigh,67.09432171750096,1
1797,kimi_k3_max,54.5678424360404,2
1797,claude_fable_5_max,48.41775225157404,3
1797,gemini_3_1_pro_high,44.03064275646752,4
1797,qwen3_8_max,41.64399234631462,5
1797,gpt_5_6_sol_max,38.623981837323626,6
1797,deepseek_v4_pro_max,34.66826546970195,7
1797,claude_opus_4_8_max,32.1759183411378,8
1797,deepseek_v4_flash_max,17.64115703484186,9
1797,glm_5_2_max,17.000294620641405,10
1798,claude_fable_5_max,78.82034478893056,1
1798,gemini_3_1_pro_high,64.08609300149783,2
1798,claude_opus_4_8_max,63.126338974562714,3
1798,kimi_k3_max,59.312936309143524,4
1798,gpt_5_6_sol_max,56.97497867744928,5
1798,deepseek_v4_pro_max,40.659379681113414,6
1798,qwen3_8_max,39.45495536915551,7
1798,glm_5_2_max,36.1746262824286,8
1798,gpt_5_5_xhigh,18.45490149015971,9
1798,deepseek_v4_flash_max,16.53767995090854,10
1799,claude_opus_4_8_max,82.29113806872947,1
1799,qwen3_8_max,50.21506213228266,2
1799,kimi_k3_max,44.190424848639054,3
1799,gpt_5_6_sol_max,43.49805657618018,4
1799,gpt_5_5_xhigh,31.549795008218144,5
1799,gemini_3_1_pro_high,26.37709010215021,6
1799,claude_fable_5_max,24.458012604506532,7
1799,deepseek_v4_pro_max,24.370418721522555,8
1799,glm_5_2_max,22.24207038953093,9
1799,deepseek_v4_flash_max,13.858475690000546,10
1800,gpt_5_6_sol_max,71.16921144196758,1
1800,claude_fable_5_max,62.38993428864618,2
1800,qwen3_8_max,50.53272473563795,3
1800,gpt_5_5_xhigh,43.35226247378839,4
1800,gemini_3_1_pro_high,33.0414169946519,5
1800,deepseek_v4_pro_max,32.8179258373161,6
1800,kimi_k3_max,31.39039363432748,7
1800,glm_5_2_max,29.051716263025796,8
1800,claude_opus_4_8_max,27.82412610845351,9
1800,deepseek_v4_flash_max,20.816325055321393,10
1801,claude_fable_5_max,82.15223276252951,1
1801,gpt_5_6_sol_max,78.25354037805715,2
1801,kimi_k3_max,70.63011521297872,3
1801,claude_opus_4_8_max,54.37995662361662,4
1801,gpt_5_5_xhigh,54.25625448751093,5
1801,gemini_3_1_pro_high,34.76387130623624,6
1801,qwen3_8_max,29.795836319738356,7
1801,deepseek_v4_pro_max,29.07528622403793,8
1801,glm_5_2_max,18.36126820413045,9
1801,deepseek_v4_flash_max,15.699200867267862,10
1802,claude_opus_4_8_max,75.95158420307608,1
1802,qwen3_8_max,52.250649679793376,2
1802,deepseek_v4_pro_max,50.6251979618646,3
1802,gpt_5_5_xhigh,45.71638690306753,4
1802,gemini_3_1_pro_high,41.567343245606466,5
1802,kimi_k3_max,30.47448901124602,6
1802,claude_fable_5_max,28.29234400080174,7
1802,deepseek_v4_flash_max,23.684067966055817,8
1802,glm_5_2_max,17.807661708572535,9
1802,gpt_5_6_sol_max,16.224908780109836,10
1803,claude_fable_5_max,70.06552170453507,1
1803,gpt_5_5_xhigh,59.92231732898408,2
1803,gemini_3_1_pro_high,52.13034197743312,3
1803,kimi_k3_max,46.53131415076413,4
1803,gpt_5_6_sol_max,46.12864502000058,5
1803,deepseek_v4_pro_max,39.283327939520916,6
1803,claude_opus_4_8_max,38.601646949925865,7
1803,glm_5_2_max,23.659590535784467,8
1803,qwen3_8_max,17.761857969482683,9
1803,deepseek_v4_flash_max,17.389533543453027,10
1804,gpt_5_5_xhigh,63.31615610142279,1
1804,gpt_5_6_sol_max,59.66807669714847,2
1804,claude_opus_4_8_max,48.413193545964475,3
1804,qwen3_8_max,46.943516691821664,4
1804,claude_fable_5_max,44.26807787854628,5
1804,gemini_3_1_pro_high,31.860722109923184,6
1804,kimi_k3_max,27.821718301214165,7
1804,deepseek_v4_flash_max,22.640081811504373,8
1804,deepseek_v4_pro_max,18.652733910729697,9
1804,glm_5_2_max,13.555056519553839,10
1805,gpt_5_6_sol_max,82.45618254744677,1
1805,kimi_k3_max,77.99883384802607,2
1805,gemini_3_1_pro_high,63.51992145165047,3
1805,claude_fable_5_max,52.18664784680587,4
1805,claude_opus_4_8_max,51.88344420577074,5
1805,qwen3_8_max,47.28511227945436,6
1805,glm_5_2_max,35.25738725810252,7
1805,deepseek_v4_flash_max,29.014492119398838,8
1805,gpt_5_5_xhigh,24.954106013957944,9
1805,deepseek_v4_pro_max,10.787515182490075,10
1806,gemini_3_1_pro_high,83.79844647426876,1
1806,kimi_k3_max,68.44962229944723,2
1806,gpt_5_5_xhigh,65.24699132504524,3
1806,qwen3_8_max,55.34565556718036,4
1806,claude_opus_4_8_max,51.142012048849494,5
1806,glm_5_2_max,46.953690331239265,6
1806,claude_fable_5_max,46.68803326109571,7
1806,deepseek_v4_flash_max,28.549009651162844,8
1806,deepseek_v4_pro_max,20.700458693541044,9
1806,gpt_5_6_sol_max,18.204914258811947,10
1807,gpt_5_5_xhigh,78.61235573007087,1
1807,kimi_k3_max,44.86595630159168,2
1807,claude_fable_5_max,43.27289199364356,3
1807,gemini_3_1_pro_high,41.63047462089714,4
1807,qwen3_8_max,40.23194106660347,5
1807,gpt_5_6_sol_max,37.99493263844032,6
1807,deepseek_v4_flash_max,24.021151758189923,7
1807,glm_5_2_max,23.860301808186918,8
1807,claude_opus_4_8_max,23.697161201576808,9
1807,deepseek_v4_pro_max,15.512391372519765,10
1808,gpt_5_5_xhigh,77.84783213254045,1
1808,claude_fable_5_max,64.86878059030089,2
1808,gpt_5_6_sol_max,59.67635377498127,3
1808,qwen3_8_max,53.83131522558625,4
1808,kimi_k3_max,48.66697263882811,5
1808,deepseek_v4_pro_max,33.334631784054686,6
1808,gemini_3_1_pro_high,31.67193919448115,7
1808,claude_opus_4_8_max,28.388532212936056,8
1808,deepseek_v4_flash_max,23.71938060037309,9
1808,glm_5_2_max,20.696370496422556,10
1809,claude_fable_5_max,89.21517860389069,1
1809,qwen3_8_max,69.13000543158255,2
1809,gpt_5_5_xhigh,64.5571086657549,3
1809,gemini_3_1_pro_high,64.05487476228609,4
1809,gpt_5_6_sol_max,37.92154667780234,5
1809,claude_opus_4_8_max,29.95720360629614,6
1809,kimi_k3_max,26.310004791069147,7
1809,deepseek_v4_pro_max,12.79682321780108,8
1809,glm_5_2_max,12.293156164776535,9
1809,deepseek_v4_flash_max,10.946630719247548,10
1810,gpt_5_6_sol_max,77.53440483359688,1
1810,claude_fable_5_max,38.56416650791144,2
1810,claude_opus_4_8_max,37.13345616385936,3
1810,qwen3_8_max,31.66716130129494,4
1810,kimi_k3_max,29.817738632068895,5
1810,gpt_5_5_xhigh,26.20957329644209,6
1810,gemini_3_1_pro_high,25.60287556784368,7
1810,glm_5_2_max,21.531019896718142,8
1810,deepseek_v4_pro_max,19.929098375311053,9
1810,deepseek_v4_flash_max,16.827773727183647,10
1811,gpt_5_5_xhigh,84.53902827864596,1
1811,kimi_k3_max,70.44909625517363,2
1811,claude_fable_5_max,32.213022944518976,3
1811,deepseek_v4_flash_max,29.107551764503455,4
1811,claude_opus_4_8_max,24.02893929760601,5
1811,gpt_5_6_sol_max,19.729857375681192,6
1811,qwen3_8_max,19.50841191323851,7
1811,gemini_3_1_pro_high,19.20331767216735,8
1811,deepseek_v4_pro_max,15.692361584812733,9
1811,glm_5_2_max,10.772690400423283,10
1812,kimi_k3_max,94.01972563979862,1
1812,claude_opus_4_8_max,66.43554811770079,2
1812,gemini_3_1_pro_high,55.47949243604583,3
1812,qwen3_8_max,44.06069391491462,4
1812,gpt_5_6_sol_max,41.03777001198803,5
1812,claude_fable_5_max,39.16259574553591,6
1812,glm_5_2_max,32.61065805194641,7
1812,deepseek_v4_pro_max,28.670181739682306,8
1812,gpt_5_5_xhigh,22.83293348926917,9
1812,deepseek_v4_flash_max,9.14035518536166,10
1813,gpt_5_6_sol_max,89.10213463520827,1
1813,kimi_k3_max,63.64250156798114,2
1813,claude_opus_4_8_max,53.1697184224076,3
1813,claude_fable_5_max,50.671465166349535,4
1813,gpt_5_5_xhigh,41.32813730568516,5
1813,qwen3_8_max,35.38607030896554,6
1813,deepseek_v4_flash_max,35.307304680389855,7
1813,gemini_3_1_pro_high,26.351212545603147,8
1813,deepseek_v4_pro_max,18.819692529927437,9
1813,glm_5_2_max,18.223439008936108,10
1814,claude_fable_5_max,76.0529794726221,1
1814,gpt_5_6_sol_max,65.06857589967257,2
1814,qwen3_8_max,52.30731515132952,3
1814,claude_opus_4_8_max,50.68266375714025,4
1814,kimi_k3_max,49.81339317617115,5
1814,gemini_3_1_pro_high,48.890824902346196,6
1814,deepseek_v4_pro_max,33.67252077825647,7
1814,deepseek_v4_flash_max,30.60962808579923,8
1814,gpt_5_5_xhigh,26.028059149502724,9
1814,glm_5_2_max,23.164122538411664,10
1815,claude_fable_5_max,91.49879023068851,1
1815,kimi_k3_max,70.89307479381687,2
1815,gemini_3_1_pro_high,64.68401258765188,3
1815,gpt_5_6_sol_max,47.431140894469905,4
1815,qwen3_8_max,45.539317333991534,5
1815,gpt_5_5_xhigh,42.28565782979876,6
1815,claude_opus_4_8_max,35.347768923957005,7
1815,deepseek_v4_flash_max,31.264272400677974,8
1815,glm_5_2_max,20.278811695086667,9
1815,deepseek_v4_pro_max,2.7040935372135992,10
1816,gpt_5_6_sol_max,83.16410741455223,1
1816,claude_fable_5_max,71.16823109689713,2
1816,gpt_5_5_xhigh,48.53072961922241,3
1816,qwen3_8_max,32.71916918360327,4
1816,deepseek_v4_flash_max,27.582038003122157,5
1816,kimi_k3_max,26.841406824701473,6
1816,glm_5_2_max,22.267585172225495,7
1816,claude_opus_4_8_max,17.36121212612069,8
1816,deepseek_v4_pro_max,17.23208365767844,9
1816,gemini_3_1_pro_high,15.459929666859102,10
1817,claude_opus_4_8_max,80.10007535088948,1
1817,qwen3_8_max,59.467820014010144,2
1817,gemini_3_1_pro_high,52.11793271630068,3
1817,kimi_k3_max,44.971886617231874,4
1817,deepseek_v4_pro_max,40.02697510275584,5
1817,claude_fable_5_max,35.824715315990154,6
1817,gpt_5_5_xhigh,27.243601173309386,7
1817,glm_5_2_max,22.747618478340172,8
1817,gpt_5_6_sol_max,21.563372053942572,9
1817,deepseek_v4_flash_max,18.93828125462253,10
1818,claude_opus_4_8_max,69.4121491971911,1
1818,kimi_k3_max,64.03134182332951,2
1818,qwen3_8_max,45.76805051633542,3
1818,gpt_5_5_xhigh,43.573635794743794,4
1818,glm_5_2_max,36.71957277741355,5
1818,deepseek_v4_pro_max,33.56384594758089,6
1818,gemini_3_1_pro_high,33.29368172977067,7
1818,claude_fable_5_max,31.17099516538888,8
1818,gpt_5_6_sol_max,28.356471206319302,9
1818,deepseek_v4_flash_max,17.02941136183913,10
1819,kimi_k3_max,88.37802077371671,1
1819,claude_fable_5_max,63.12933831877778,2
1819,qwen3_8_max,59.09881553871794,3
1819,gemini_3_1_pro_high,51.06541529680021,4
1819,claude_opus_4_8_max,40.30404484308573,5
1819,gpt_5_5_xhigh,40.21549949602979,6
1819,gpt_5_6_sol_max,37.2181403131582,7
1819,deepseek_v4_pro_max,33.81995541165064,8
1819,deepseek_v4_flash_max,23.622905325329434,9
1819,glm_5_2_max,19.639835438835792,10
1820,claude_fable_5_max,80.6244168884603,1
1820,gpt_5_6_sol_max,74.8230915297419,2
1820,gemini_3_1_pro_high,64.68003969127165,3
1820,qwen3_8_max,60.80008257429691,4
1820,kimi_k3_max,46.6061584595772,5
1820,deepseek_v4_flash_max,35.90969939438283,6
1820,glm_5_2_max,24.43916983692187,7
1820,deepseek_v4_pro_max,22.417972468998293,8
1820,claude_opus_4_8_max,19.307421198117677,9
1820,gpt_5_5_xhigh,19.078106770311248,10
1821,claude_fable_5_max,67.28092725623685,1
1821,kimi_k3_max,52.54671708805968,2
1821,gpt_5_5_xhigh,52.02240044876463,3
1821,gpt_5_6_sol_max,47.84383432561134,4
1821,claude_opus_4_8_max,40.904915731000486,5
1821,gemini_3_1_pro_high,39.42951031687205,6
1821,qwen3_8_max,32.58789009475012,7
1821,glm_5_2_max,22.32219078157426,8
1821,deepseek_v4_flash_max,16.637966352360024,9
1821,deepseek_v4_pro_max,15.988742878589292,10
1822,gpt_5_6_sol_max,83.897121622674,1
1822,claude_opus_4_8_max,63.06587329085465,2
1822,claude_fable_5_max,59.99149276435969,3
1822,qwen3_8_max,57.04863679523433,4
1822,kimi_k3_max,44.97336111835093,5
1822,gemini_3_1_pro_high,41.78468270211246,6
1822,deepseek_v4_pro_max,32.40922130686612,7
1822,gpt_5_5_xhigh,30.92633441289034,8
1822,deepseek_v4_flash_max,30.02732223065213,9
1822,glm_5_2_max,15.083112445938921,10
1823,kimi_k3_max,72.54262404590423,1
1823,claude_fable_5_max,63.878371487296306,2
1823,gpt_5_6_sol_max,63.61482129478438,3
1823,claude_opus_4_8_max,48.15483154694773,4
1823,qwen3_8_max,39.74102474127528,5
1823,gemini_3_1_pro_high,30.009152852070528,6
1823,glm_5_2_max,25.601737344881954,7
1823,deepseek_v4_pro_max,24.212625024535086,8
1823,deepseek_v4_flash_max,19.74273036699637,9
1823,gpt_5_5_xhigh,17.23725039704266,10
1824,kimi_k3_max,78.32027228325299,1
1824,claude_fable_5_max,68.39210276928912,2
1824,qwen3_8_max,57.02961715060604,3
1824,gpt_5_6_sol_max,53.51794956868808,4
1824,claude_opus_4_8_max,48.59067696393301,5
1824,gemini_3_1_pro_high,43.43185597490405,6
1824,gpt_5_5_xhigh,32.05536418630329,7
1824,deepseek_v4_flash_max,29.45505126286016,8
1824,deepseek_v4_pro_max,26.56273347809031,9
1824,glm_5_2_max,25.76510100109484,10
1825,kimi_k3_max,81.27905736974937,1
1825,gpt_5_6_sol_max,80.33529033411195,2
1825,qwen3_8_max,37.174437745475686,3
1825,deepseek_v4_pro_max,34.673886255110446,4
1825,gemini_3_1_pro_high,33.466105753128076,5
1825,claude_opus_4_8_max,32.64827760584208,6
1825,glm_5_2_max,21.43032732636038,7
1825,claude_fable_5_max,17.166283619400936,8
1825,gpt_5_5_xhigh,16.29150777390631,9
1825,deepseek_v4_flash_max,10.73194201147138,10
1826,claude_fable_5_max,80.33710714298968,1
1826,gpt_5_6_sol_max,75.30000332105773,2
1826,gemini_3_1_pro_high,62.27586264701214,3
1826,kimi_k3_max,57.926900779474096,4
1826,qwen3_8_max,53.45319941249462,5
1826,gpt_5_5_xhigh,48.714148577561915,6
1826,deepseek_v4_pro_max,40.88329023241452,7
1826,claude_opus_4_8_max,32.87470172528562,8
1826,glm_5_2_max,24.323566674653204,9
1826,deepseek_v4_flash_max,15.16400992448906,10
1827,claude_fable_5_max,70.75506263219809,1
1827,kimi_k3_max,67.33422485926907,2
1827,gpt_5_6_sol_max,55.77086773046193,3
1827,qwen3_8_max,44.63782598210898,4
1827,claude_opus_4_8_max,39.15243653078181,5
1827,deepseek_v4_pro_max,38.240002602055284,6
1827,gpt_5_5_xhigh,30.620884723700918,7
1827,deepseek_v4_flash_max,24.63923310883787,8
1827,glm_5_2_max,21.53937524521844,9
1827,gemini_3_1_pro_high,19.265767244514002,10
1828,claude_fable_5_max,75.59137625176541,1
1828,gemini_3_1_pro_high,59.95838538090253,2
1828,kimi_k3_max,58.98322582456172,3
1828,qwen3_8_max,37.613413868795405,4
1828,claude_opus_4_8_max,31.781824062472836,5
1828,gpt_5_5_xhigh,26.102655922002533,6
1828,glm_5_2_max,24.227054007252338,7
1828,gpt_5_6_sol_max,24.08239919099813,8
1828,deepseek_v4_flash_max,17.286131839750144,9
1828,deepseek_v4_pro_max,6.93859976674699,10
1829,claude_opus_4_8_max,73.19121585693975,1
1829,gpt_5_6_sol_max,69.98556399626158,2
1829,gemini_3_1_pro_high,59.90814796690451,3
1829,claude_fable_5_max,54.888337241941514,4
1829,deepseek_v4_pro_max,53.79583004376099,5
1829,qwen3_8_max,34.43749529195567,6
1829,gpt_5_5_xhigh,28.95949111618093,7
1829,glm_5_2_max,24.751589564512283,8
1829,kimi_k3_max,22.301401012451265,9
1829,deepseek_v4_flash_max,7.670919931487818,10
1830,claude_fable_5_max,86.36853264436238,1
1830,gpt_5_6_sol_max,43.705680034080615,2
1830,gpt_5_5_xhigh,39.07203281186034,3
1830,kimi_k3_max,33.83524299778545,4
1830,claude_opus_4_8_max,29.603845416396517,5
1830,deepseek_v4_flash_max,23.4880838812743,6
1830,qwen3_8_max,22.588556436013803,7
1830,gemini_3_1_pro_high,17.219704812945086,8
1830,deepseek_v4_pro_max,13.87234332975071,9
1830,glm_5_2_max,12.89500347504677,10
1831,claude_fable_5_max,73.15002842279183,1
1831,gemini_3_1_pro_high,55.811237393590034,2
1831,gpt_5_5_xhigh,54.21213615946402,3
1831,qwen3_8_max,41.22756931308744,4
1831,glm_5_2_max,39.17208138398464,5
1831,claude_opus_4_8_max,37.58473592049617,6
1831,kimi_k3_max,32.52548165498464,7
1831,deepseek_v4_pro_max,28.786378431332903,8
1831,gpt_5_6_sol_max,24.486255794099712,9
1831,deepseek_v4_flash_max,21.006551911733766,10
1832,claude_fable_5_max,75.08449176816701,1
1832,gemini_3_1_pro_high,56.313119326401306,2
1832,kimi_k3_max,55.54892502139076,3
1832,gpt_5_5_xhigh,46.787935020745046,4
1832,qwen3_8_max,42.85809768396648,5
1832,gpt_5_6_sol_max,37.47924813495959,6
1832,glm_5_2_max,28.59593771479919,7
1832,claude_opus_4_8_max,16.949192907414997,8
1832,deepseek_v4_pro_max,16.743078348510984,9
1832,deepseek_v4_flash_max,15.243080566276024,10
1833,claude_fable_5_max,65.74375163012016,1
1833,gpt_5_6_sol_max,58.415158488230176,2
1833,gemini_3_1_pro_high,57.53082991152968,3
1833,kimi_k3_max,54.32924896490964,4
1833,gpt_5_5_xhigh,52.07271143564075,5
1833,qwen3_8_max,51.768976421580305,6
1833,claude_opus_4_8_max,44.741416369680316,7
1833,glm_5_2_max,31.727757164839836,8
1833,deepseek_v4_pro_max,31.511804047385834,9
1833,deepseek_v4_flash_max,27.154412119813657,10
1834,claude_fable_5_max,79.02662330709987,1
1834,gpt_5_6_sol_max,70.51306643897775,2
1834,gemini_3_1_pro_high,53.229497303218324,3
1834,gpt_5_5_xhigh,51.723004006774815,4
1834,qwen3_8_max,49.22740072253106,5
1834,kimi_k3_max,33.721026271244256,6
1834,claude_opus_4_8_max,28.532069772334033,7
1834,deepseek_v4_pro_max,26.098784425506494,8
1834,glm_5_2_max,17.61987906112757,9
1834,deepseek_v4_flash_max,11.020203977617118,10
1835,qwen3_8_max,64.79016529168027,1
1835,gpt_5_6_sol_max,63.833953475738284,2
1835,gpt_5_5_xhigh,61.86361117631276,3
1835,kimi_k3_max,60.78789458647947,4
1835,claude_fable_5_max,56.08465404548683,5
1835,gemini_3_1_pro_high,43.521103918941364,6
1835,claude_opus_4_8_max,39.0036196979416,7
1835,deepseek_v4_flash_max,37.680945869128294,8
1835,deepseek_v4_pro_max,32.15546578203803,9
1835,glm_5_2_max,12.393191148148738,10
1836,claude_fable_5_max,68.89637847004369,1
1836,qwen3_8_max,66.6078903665213,2
1836,gemini_3_1_pro_high,66.07619154033065,3
1836,claude_opus_4_8_max,63.62072856682195,4
1836,gpt_5_6_sol_max,56.7389490391495,5
1836,gpt_5_5_xhigh,38.50457054531292,6
1836,deepseek_v4_flash_max,34.298093650136714,7
1836,glm_5_2_max,32.24899781924834,8
1836,kimi_k3_max,17.986042333875545,9
1836,deepseek_v4_pro_max,11.40745840712846,10
1837,claude_fable_5_max,80.1974699264192,1
1837,claude_opus_4_8_max,52.521974161050956,2
1837,gpt_5_6_sol_max,47.97684414884378,3
1837,qwen3_8_max,41.11551489456727,4
1837,gemini_3_1_pro_high,40.27547525033535,5
1837,glm_5_2_max,36.395336673166895,6
1837,gpt_5_5_xhigh,35.674807986743254,7
1837,deepseek_v4_pro_max,33.54573325194407,8
1837,kimi_k3_max,22.38472154239671,9
1837,deepseek_v4_flash_max,14.627558553542285,10
1838,gpt_5_6_sol_max,82.86703963797851,1
1838,gpt_5_5_xhigh,54.556921072004016,2
1838,claude_opus_4_8_max,45.97241680148956,3
1838,qwen3_8_max,41.74024499514248,4
1838,glm_5_2_max,37.283646623836546,5
1838,kimi_k3_max,37.040055948130025,6
1838,gemini_3_1_pro_high,26.979781650078507,7
1838,deepseek_v4_flash_max,22.494584961044993,8
1838,deepseek_v4_pro_max,22.37244292369501,9
1838,claude_fable_5_max,12.120033565063073,10
1839,kimi_k3_max,77.58894403701078,1
1839,qwen3_8_max,70.64000602351322,2
1839,gpt_5_6_sol_max,51.39929755038543,3
1839,claude_fable_5_max,34.621289278854704,4
1839,claude_opus_4_8_max,33.012840296077144,5
1839,gpt_5_5_xhigh,32.304936336958264,6
1839,deepseek_v4_flash_max,31.38326333226047,7
1839,gemini_3_1_pro_high,18.617224836543603,8
1839,glm_5_2_max,17.11870136166867,9
1839,deepseek_v4_pro_max,4.4229285730295,10
1840,gpt_5_5_xhigh,86.32208581618053,1
1840,gemini_3_1_pro_high,69.39344576579971,2
1840,kimi_k3_max,67.21267461047375,3
1840,qwen3_8_max,66.56181432478184,4
1840,claude_opus_4_8_max,60.00342954662359,5
1840,deepseek_v4_pro_max,42.52822190300192,6
1840,claude_fable_5_max,41.36362870417163,7
1840,glm_5_2_max,35.656231918384854,8
1840,gpt_5_6_sol_max,25.643758473550434,9
1840,deepseek_v4_flash_max,9.61583901622478,10
1841,gpt_5_6_sol_max,77.8843131510202,1
1841,claude_fable_5_max,74.06638584160501,2
1841,qwen3_8_max,70.09813280339011,3
1841,gpt_5_5_xhigh,67.61796638686161,4
1841,kimi_k3_max,65.59309661456702,5
1841,gemini_3_1_pro_high,65.06140113238342,6
1841,deepseek_v4_flash_max,35.73564449676851,7
1841,claude_opus_4_8_max,30.337149413623358,8
1841,glm_5_2_max,29.998564406030063,9
1841,deepseek_v4_pro_max,17.254502333343428,10
1842,claude_fable_5_max,83.61560340772849,1
1842,gpt_5_5_xhigh,60.76337675922571,2
1842,qwen3_8_max,53.595273713912285,3
1842,gpt_5_6_sol_max,53.47070648891515,4
1842,kimi_k3_max,49.39628918307098,5
1842,gemini_3_1_pro_high,32.94790952080876,6
1842,deepseek_v4_pro_max,28.568787071132284,7
1842,glm_5_2_max,21.548280066850406,8
1842,claude_opus_4_8_max,16.11896060805553,9
1842,deepseek_v4_flash_max,6.067749469222302,10
1843,claude_fable_5_max,75.60261765689349,1
1843,kimi_k3_max,57.20737549620465,2
1843,qwen3_8_max,55.69944745280041,3
1843,gpt_5_6_sol_max,53.004187241676334,4
1843,gemini_3_1_pro_high,51.5771078018893,5
1843,gpt_5_5_xhigh,47.03091747205808,6
1843,deepseek_v4_pro_max,43.343205357779894,7
1843,claude_opus_4_8_max,25.105857987769433,8
1843,glm_5_2_max,24.911969174229817,9
1843,deepseek_v4_flash_max,21.79871804528615,10
1844,claude_opus_4_8_max,82.7102349934026,1
1844,qwen3_8_max,38.16102574623048,2
1844,gemini_3_1_pro_high,37.66714816496717,3
1844,deepseek_v4_pro_max,35.374834283508974,4
1844,gpt_5_6_sol_max,34.40645946812249,5
1844,gpt_5_5_xhigh,33.98242222402907,6
1844,kimi_k3_max,23.065711974967666,7
1844,glm_5_2_max,19.274175693790653,8
1844,deepseek_v4_flash_max,18.324405730515068,9
1844,claude_fable_5_max,14.483339900749016,10
1845,gpt_5_5_xhigh,56.32419522272579,1
1845,gemini_3_1_pro_high,55.04052422026757,2
1845,qwen3_8_max,48.431665150909275,3
1845,claude_fable_5_max,48.09964116832923,4
1845,gpt_5_6_sol_max,40.67892016678795,5
1845,deepseek_v4_flash_max,36.28363879399425,6
1845,kimi_k3_max,29.171993675647393,7
1845,claude_opus_4_8_max,26.41541775883458,8
1845,glm_5_2_max,17.07438570207751,9
1845,deepseek_v4_pro_max,16.37838556843621,10
1846,claude_fable_5_max,78.35595983960533,1
1846,gemini_3_1_pro_high,72.97818320014193,2
1846,claude_opus_4_8_max,72.48428518592948,3
1846,qwen3_8_max,59.31321154251512,4
1846,gpt_5_5_xhigh,38.08112084237199,5
1846,kimi_k3_max,31.933296407043315,6
1846,deepseek_v4_pro_max,24.778323766420574,7
1846,deepseek_v4_flash_max,20.227873149765223,8
1846,gpt_5_6_sol_max,18.734006478503545,9
1846,glm_5_2_max,12.222438364138037,10
1847,gpt_5_6_sol_max,69.37775921798506,1
1847,gemini_3_1_pro_high,55.37851775235341,2
1847,claude_opus_4_8_max,55.11130777189329,3
1847,claude_fable_5_max,50.85915358390033,4
1847,qwen3_8_max,45.74085832218198,5
1847,glm_5_2_max,35.819133646656965,6
1847,gpt_5_5_xhigh,30.449524850576807,7
1847,deepseek_v4_pro_max,27.36180505941094,8
1847,deepseek_v4_flash_max,17.456768833943478,9
1847,kimi_k3_max,13.32066084786969,10
1848,gpt_5_6_sol_max,84.83440267433224,1
1848,claude_fable_5_max,67.98372141246968,2
1848,gemini_3_1_pro_high,65.99120110998706,3
1848,kimi_k3_max,63.33027016337967,4
1848,gpt_5_5_xhigh,51.48240263701176,5
1848,qwen3_8_max,36.68744162524585,6
1848,glm_5_2_max,29.8744828560309,7
1848,claude_opus_4_8_max,29.07398731226121,8
1848,deepseek_v4_flash_max,20.175772214940263,9
1848,deepseek_v4_pro_max,15.1416625492282,10
1849,gpt_5_6_sol_max,64.56968335754684,1
1849,kimi_k3_max,62.66940793832771,2
1849,qwen3_8_max,53.99656446684227,3
1849,claude_fable_5_max,44.337532222575746,4
1849,claude_opus_4_8_max,35.110302753201196,5
1849,gemini_3_1_pro_high,31.437357720774393,6
1849,gpt_5_5_xhigh,29.895860533732176,7
1849,deepseek_v4_pro_max,29.664794758276706,8
1849,glm_5_2_max,27.696892217989067,9
1849,deepseek_v4_flash_max,18.836978954118635,10
1850,gpt_5_6_sol_max,71.0979188047735,1
1850,gemini_3_1_pro_high,56.090916479768886,2
1850,qwen3_8_max,42.77836203174347,3
1850,claude_opus_4_8_max,40.525817109614735,4
1850,gpt_5_5_xhigh,32.26418896895379,5
1850,deepseek_v4_flash_max,32.16414864980068,6
1850,kimi_k3_max,23.937031508531852,7
1850,glm_5_2_max,21.29051948592342,8
1850,deepseek_v4_pro_max,14.601301715773243,9
1850,claude_fable_5_max,12.939295277596985,10
1851,gpt_5_5_xhigh,69.13911615483048,1
1851,gpt_5_6_sol_max,61.77805840613049,2
1851,gemini_3_1_pro_high,45.7261489715609,3
1851,kimi_k3_max,38.46078182093379,4
1851,glm_5_2_max,35.45076085204731,5
1851,claude_opus_4_8_max,27.498920825894892,6
1851,claude_fable_5_max,23.675309984082123,7
1851,deepseek_v4_flash_max,18.987799381752218,8
1851,qwen3_8_max,15.56855629392874,9
1851,deepseek_v4_pro_max,7.435985249454642,10
1852,qwen3_8_max,79.19957890654132,1
1852,claude_opus_4_8_max,65.41429977247878,2
1852,claude_fable_5_max,54.60719443060127,3
1852,deepseek_v4_pro_max,49.49070218886556,4
1852,gpt_5_5_xhigh,48.84426609157002,5
1852,gpt_5_6_sol_max,47.033933664715526,6
1852,gemini_3_1_pro_high,42.286517711034236,7
1852,kimi_k3_max,38.01318736947613,8
1852,glm_5_2_max,21.665883111363065,9
1852,deepseek_v4_flash_max,14.793963753590575,10
1853,gpt_5_6_sol_max,81.09921378798458,1
1853,kimi_k3_max,68.33731996433329,2
1853,qwen3_8_max,59.88394992608786,3
1853,gemini_3_1_pro_high,42.27167709429813,4
1853,claude_opus_4_8_max,33.98932737372346,5
1853,deepseek_v4_flash_max,33.06812687843133,6
1853,claude_fable_5_max,26.597293556401063,7
1853,gpt_5_5_xhigh,20.4116484182584,8
1853,glm_5_2_max,20.344816609256554,9
1853,deepseek_v4_pro_max,11.584790677254881,10
1854,kimi_k3_max,84.37189069607882,1
1854,claude_fable_5_max,70.75530321409781,2
1854,claude_opus_4_8_max,54.01235154444298,3
1854,gpt_5_6_sol_max,45.69547670449515,4
1854,deepseek_v4_pro_max,39.49100322118334,5
1854,qwen3_8_max,35.54427874700103,6
1854,deepseek_v4_flash_max,20.933288097518545,7
1854,gemini_3_1_pro_high,20.392384562894502,8
1854,gpt_5_5_xhigh,20.18435389782354,9
1854,glm_5_2_max,20.09501991826201,10
1855,gpt_5_5_xhigh,63.78863847183031,1
1855,gemini_3_1_pro_high,57.71763819238886,2
1855,claude_opus_4_8_max,46.06319997727336,3
1855,glm_5_2_max,33.62814979727541,4
1855,kimi_k3_max,32.96035951656761,5
1855,qwen3_8_max,31.57760971975168,6
1855,gpt_5_6_sol_max,28.720678255667536,7
1855,deepseek_v4_pro_max,26.46160256031333,8
1855,claude_fable_5_max,25.350941176867792,9
1855,deepseek_v4_flash_max,3.547023614980059,10
1856,gpt_5_5_xhigh,82.13637975733138,1
1856,qwen3_8_max,76.89066117644138,2
1856,kimi_k3_max,55.27850469173117,3
1856,claude_fable_5_max,40.978331148741965,4
1856,gpt_5_6_sol_max,39.12412381182843,5
1856,deepseek_v4_flash_max,32.270706305135285,6
1856,gemini_3_1_pro_high,28.066710209993985,7
1856,claude_opus_4_8_max,27.537035642518173,8
1856,deepseek_v4_pro_max,14.68496745275432,9
1856,glm_5_2_max,10.531631102590286,10
1857,gpt_5_6_sol_max,77.66939363820481,1
1857,gemini_3_1_pro_high,71.33708178058188,2
1857,claude_opus_4_8_max,60.15965044204505,3
1857,kimi_k3_max,59.42485109665251,4
1857,claude_fable_5_max,56.347814193644986,5
1857,qwen3_8_max,55.853782469427344,6
1857,deepseek_v4_pro_max,31.273674001296804,7
1857,glm_5_2_max,29.69524549607913,8
1857,deepseek_v4_flash_max,27.71078529906531,9
1857,gpt_5_5_xhigh,27.128529022312065,10
1858,claude_fable_5_max,75.64732883849442,1
1858,kimi_k3_max,72.06464846709412,2
1858,gpt_5_5_xhigh,66.06753664240486,3
1858,gemini_3_1_pro_high,57.90439458898815,4
1858,gpt_5_6_sol_max,54.02693326676617,5
1858,claude_opus_4_8_max,38.15731894791188,6
1858,deepseek_v4_flash_max,27.04777856321082,7
1858,qwen3_8_max,23.491471117061067,8
1858,deepseek_v4_pro_max,22.90595947371225,9
1858,glm_5_2_max,12.80443708462193,10
1859,gemini_3_1_pro_high,67.69288287581404,1
1859,claude_opus_4_8_max,67.24139770782648,2
1859,gpt_5_5_xhigh,61.5565619015663,3
1859,claude_fable_5_max,57.17817764174318,4
1859,qwen3_8_max,48.1318877186518,5
1859,deepseek_v4_pro_max,46.21446693849502,6
1859,glm_5_2_max,43.42086396479085,7
1859,kimi_k3_max,30.890890022941,8
1859,gpt_5_6_sol_max,28.43259165966657,9
1859,deepseek_v4_flash_max,21.849697682859446,10
1860,claude_fable_5_max,71.19129486549218,1
1860,qwen3_8_max,69.11264608196662,2
1860,gpt_5_5_xhigh,62.5682189244433,3
1860,gemini_3_1_pro_high,53.10950584871495,4
1860,deepseek_v4_pro_max,35.38833557071463,5
1860,gpt_5_6_sol_max,32.89444015661385,6
1860,claude_opus_4_8_max,23.54358370738129,7
1860,kimi_k3_max,17.432980777289924,8
1860,glm_5_2_max,16.004069930108347,9
1860,deepseek_v4_flash_max,6.211923560931584,10
1861,gpt_5_5_xhigh,69.61828170495295,1
1861,gemini_3_1_pro_high,66.33937908658726,2
1861,kimi_k3_max,44.299744543531524,3
1861,claude_fable_5_max,43.871145019013234,4
1861,gpt_5_6_sol_max,43.492320590511895,5
1861,qwen3_8_max,39.26387874556688,6
1861,claude_opus_4_8_max,31.025972083764188,7
1861,deepseek_v4_pro_max,21.68020104453581,8
1861,deepseek_v4_flash_max,20.48087643543718,9
1861,glm_5_2_max,16.413200734226145,10
1862,gpt_5_6_sol_max,68.68999705538626,1
1862,gpt_5_5_xhigh,67.54229597747693,2
1862,kimi_k3_max,54.14957298106789,3
1862,qwen3_8_max,52.36308348866147,4
1862,gemini_3_1_pro_high,50.47690265948086,5
1862,claude_fable_5_max,41.89753967325382,6
1862,claude_opus_4_8_max,30.654206165570955,7
1862,deepseek_v4_flash_max,29.0872580248478,8
1862,deepseek_v4_pro_max,28.7372084813032,9
1862,glm_5_2_max,20.259456581723537,10
1863,gpt_5_6_sol_max,74.75548684575372,1
1863,gpt_5_5_xhigh,61.820347725611796,2
1863,qwen3_8_max,61.07142317030988,3
1863,claude_fable_5_max,60.91487652943813,4
1863,deepseek_v4_pro_max,29.231441263510312,5
1863,glm_5_2_max,28.766533250479313,6
1863,deepseek_v4_flash_max,23.30594768532212,7
1863,claude_opus_4_8_max,22.346215660182338,8
1863,kimi_k3_max,19.990227875536327,9
1863,gemini_3_1_pro_high,16.64216879828227,10
1864,claude_opus_4_8_max,69.07648569913809,1
1864,kimi_k3_max,65.70056259755275,2
1864,qwen3_8_max,60.335162803369585,3
1864,gpt_5_6_sol_max,50.636190509528525,4
1864,gemini_3_1_pro_high,50.34284277914812,5
1864,deepseek_v4_pro_max,43.30435968312493,6
1864,claude_fable_5_max,36.99887514095499,7
1864,glm_5_2_max,35.00808911889919,8
1864,deepseek_v4_flash_max,28.97695571400688,9
1864,gpt_5_5_xhigh,27.508960441204465,10
1865,kimi_k3_max,84.07993130102187,1
1865,claude_opus_4_8_max,65.53934670447546,2
1865,gpt_5_5_xhigh,36.9838596119529,3
1865,gemini_3_1_pro_high,33.630645672767415,4
1865,qwen3_8_max,32.088322054999104,5
1865,deepseek_v4_pro_max,30.36500225756479,6
1865,gpt_5_6_sol_max,29.808426948208343,7
1865,glm_5_2_max,23.041242067299777,8
1865,deepseek_v4_flash_max,17.30223397857818,9
1865,claude_fable_5_max,10.65562234323481,10
1866,gpt_5_6_sol_max,68.13094118142568,1
1866,claude_opus_4_8_max,62.491202903258085,2
1866,gpt_5_5_xhigh,55.13600705737382,3
1866,claude_fable_5_max,49.10456411916559,4
1866,qwen3_8_max,47.31494044376119,5
1866,gemini_3_1_pro_high,44.95372469476677,6
1866,kimi_k3_max,26.253718251213023,7
1866,glm_5_2_max,19.82523438680826,8
1866,deepseek_v4_pro_max,19.42650297756642,9
1866,deepseek_v4_flash_max,13.64239973277879,10
1867,claude_opus_4_8_max,75.34149708017735,1
1867,kimi_k3_max,55.98520909885358,2
1867,claude_fable_5_max,55.54853696497607,3
1867,gemini_3_1_pro_high,49.55927738939964,4
1867,qwen3_8_max,45.270461581811254,5
1867,deepseek_v4_flash_max,42.20497020098608,6
1867,gpt_5_6_sol_max,40.422666545200514,7
1867,glm_5_2_max,33.90330928653538,8
1867,deepseek_v4_pro_max,30.940862271517958,9
1867,gpt_5_5_xhigh,30.79302077306922,10
1868,claude_fable_5_max,72.82511395300835,1
1868,gpt_5_6_sol_max,71.48080750656929,2
1868,kimi_k3_max,62.86542949788482,3
1868,qwen3_8_max,61.13936337023505,4
1868,gemini_3_1_pro_high,42.82016276580376,5
1868,claude_opus_4_8_max,37.99604331337842,6
1868,gpt_5_5_xhigh,37.840020720793476,7
1868,deepseek_v4_pro_max,29.05698251801543,8
1868,deepseek_v4_flash_max,18.18747174580989,9
1868,glm_5_2_max,12.708763813704294,10
1869,claude_fable_5_max,78.23662540327679,1
1869,gpt_5_5_xhigh,65.59886440490038,2
1869,qwen3_8_max,43.99619164160403,3
1869,deepseek_v4_flash_max,33.09820113261988,4
1869,glm_5_2_max,31.303645468987092,5
1869,claude_opus_4_8_max,28.27105279188123,6
1869,gpt_5_6_sol_max,26.807819471418775,7
1869,gemini_3_1_pro_high,23.793113409880625,8
1869,kimi_k3_max,22.589780807890907,9
1869,deepseek_v4_pro_max,13.151808946709927,10
1870,gpt_5_6_sol_max,72.90719776579364,1
1870,claude_fable_5_max,60.5902587762716,2
1870,qwen3_8_max,58.607925270155754,3
1870,gemini_3_1_pro_high,58.3804845840927,4
1870,kimi_k3_max,52.84252484976983,5
1870,claude_opus_4_8_max,48.31702515773806,6
1870,glm_5_2_max,24.486513020229587,7
1870,gpt_5_5_xhigh,23.826662977935207,8
1870,deepseek_v4_flash_max,15.457651156301527,9
1870,deepseek_v4_pro_max,11.039406505106776,10
1871,claude_opus_4_8_max,70.25387062404191,1
1871,claude_fable_5_max,58.237979844231916,2
1871,gemini_3_1_pro_high,57.37627020234835,3
1871,gpt_5_6_sol_max,51.219059437367704,4
1871,kimi_k3_max,45.91783663731442,5
1871,gpt_5_5_xhigh,38.947354829762645,6
1871,deepseek_v4_pro_max,32.7214276182115,7
1871,deepseek_v4_flash_max,32.49079802456721,8
1871,glm_5_2_max,23.234005958648122,9
1871,qwen3_8_max,13.170832754051837,10
1872,kimi_k3_max,71.55350773547644,1
1872,claude_fable_5_max,65.43529534022005,2
1872,gpt_5_5_xhigh,57.40199783705907,3
1872,qwen3_8_max,47.85608865604372,4
1872,deepseek_v4_pro_max,47.44715860795719,5
1872,gpt_5_6_sol_max,42.424521624013686,6
1872,deepseek_v4_flash_max,36.13027836834526,7
1872,gemini_3_1_pro_high,31.547963388997708,8
1872,claude_opus_4_8_max,26.50938625843022,9
1872,glm_5_2_max,17.45967422466638,10
1873,gpt_5_6_sol_max,81.60164065183572,1
1873,claude_opus_4_8_max,78.89873544269878,2
1873,qwen3_8_max,70.77843515013922,3
1873,claude_fable_5_max,55.06853057452206,4
1873,deepseek_v4_flash_max,42.04230884434658,5
1873,gemini_3_1_pro_high,39.07358857148249,6
1873,kimi_k3_max,32.630930002890494,7
1873,gpt_5_5_xhigh,32.50338797817524,8
1873,deepseek_v4_pro_max,31.846873495792245,9
1873,glm_5_2_max,26.993334311592577,10
1874,gemini_3_1_pro_high,83.18500121051548,1
1874,gpt_5_6_sol_max,79.65875423714408,2
1874,kimi_k3_max,71.74998137738737,3
1874,qwen3_8_max,67.09649096075255,4
1874,claude_fable_5_max,56.4495774092335,5
1874,gpt_5_5_xhigh,43.510510751454554,6
1874,claude_opus_4_8_max,31.554125953265213,7
1874,deepseek_v4_flash_max,29.76612810343037,8
1874,deepseek_v4_pro_max,22.808595984415945,9
1874,glm_5_2_max,15.588802536127528,10
1875,claude_opus_4_8_max,81.80937138255939,1
1875,gpt_5_5_xhigh,64.78766039718721,2
1875,qwen3_8_max,61.18934911510344,3
1875,claude_fable_5_max,52.47428963552717,4
1875,gemini_3_1_pro_high,43.989420383532675,5
1875,kimi_k3_max,41.41833995981396,6
1875,deepseek_v4_flash_max,36.410399604091886,7
1875,gpt_5_6_sol_max,34.29245189179193,8
1875,glm_5_2_max,27.42982458688403,9
1875,deepseek_v4_pro_max,11.702505258685145,10
1876,claude_fable_5_max,66.37850736397866,1
1876,gpt_5_5_xhigh,60.54793563463289,2
1876,gemini_3_1_pro_high,59.42438208635403,3
1876,claude_opus_4_8_max,58.04047990379737,4
1876,qwen3_8_max,57.284097213162255,5
1876,kimi_k3_max,54.404563719135254,6
1876,deepseek_v4_pro_max,35.95531084828221,7
1876,gpt_5_6_sol_max,28.26889353527482,8
1876,glm_5_2_max,13.738738459398887,9
1876,deepseek_v4_flash_max,10.14043778106701,10
1877,gpt_5_5_xhigh,77.3849122613752,1
1877,gemini_3_1_pro_high,43.60672934633975,2
1877,claude_opus_4_8_max,41.794782780731424,3
1877,qwen3_8_max,29.907677377708616,4
1877,gpt_5_6_sol_max,28.31850631742366,5
1877,claude_fable_5_max,27.87217617125952,6
1877,deepseek_v4_pro_max,26.906669812443674,7
1877,kimi_k3_max,25.018993637505467,8
1877,glm_5_2_max,24.874559228649446,9
1877,deepseek_v4_flash_max,7.7285807731699485,10
1878,kimi_k3_max,80.91201773512002,1
1878,gpt_5_6_sol_max,42.906282216722005,2
1878,gemini_3_1_pro_high,37.82744417645395,3
1878,claude_opus_4_8_max,36.89564383957041,4
1878,claude_fable_5_max,32.01765885856176,5
1878,qwen3_8_max,24.827415493145434,6
1878,gpt_5_5_xhigh,21.848104369660867,7
1878,deepseek_v4_flash_max,17.666008033340077,8
1878,deepseek_v4_pro_max,16.861869737822197,9
1878,glm_5_2_max,16.184029773462147,10
1879,gpt_5_5_xhigh,86.8062013924785,1
1879,claude_opus_4_8_max,42.77676477986142,2
1879,qwen3_8_max,34.3445016319136,3
1879,deepseek_v4_pro_max,33.339486740267404,4
1879,kimi_k3_max,30.7543809507263,5
1879,gpt_5_6_sol_max,24.62026533497975,6
1879,gemini_3_1_pro_high,19.924696701272456,7
1879,glm_5_2_max,18.067114197294107,8
1879,deepseek_v4_flash_max,17.485821348467315,9
1879,claude_fable_5_max,15.693594433859197,10
1880,claude_fable_5_max,85.99057763630121,1
1880,gpt_5_6_sol_max,79.92502749953543,2
1880,gemini_3_1_pro_high,69.72837049283822,3
1880,kimi_k3_max,68.90957298006316,4
1880,claude_opus_4_8_max,57.42697780139276,5
1880,qwen3_8_max,57.32681122524321,6
1880,deepseek_v4_pro_max,32.72481179319839,7
1880,gpt_5_5_xhigh,30.417466224460707,8
1880,deepseek_v4_flash_max,18.29552043549844,9
1880,glm_5_2_max,14.088888966550494,10
1881,claude_fable_5_max,72.53332934841406,1
1881,gpt_5_6_sol_max,68.29022524992257,2
1881,gemini_3_1_pro_high,65.15649312041377,3
1881,qwen3_8_max,57.98979688432883,4
1881,gpt_5_5_xhigh,48.22165262216484,5
1881,kimi_k3_max,44.49729846135857,6
1881,deepseek_v4_pro_max,34.75847593363706,7
1881,glm_5_2_max,27.175894737831264,8
1881,claude_opus_4_8_max,19.730211988226806,9
1881,deepseek_v4_flash_max,13.550222511815816,10
1882,gpt_5_6_sol_max,79.85509930782814,1
1882,claude_fable_5_max,76.5514425822935,2
1882,gpt_5_5_xhigh,59.92285691634383,3
1882,kimi_k3_max,52.6984101566731,4
1882,gemini_3_1_pro_high,45.86788535599212,5
1882,deepseek_v4_pro_max,34.023667548083324,6
1882,glm_5_2_max,25.37532739187401,7
1882,qwen3_8_max,24.78479848164859,8
1882,claude_opus_4_8_max,22.352745724464718,9
1882,deepseek_v4_flash_max,10.867706495952124,10
1883,gpt_5_6_sol_max,74.19844911352322,1
1883,gpt_5_5_xhigh,36.3749831438265,2
1883,claude_opus_4_8_max,35.05684078358965,3
1883,kimi_k3_max,32.848938075203634,4
1883,glm_5_2_max,27.553736720495515,5
1883,qwen3_8_max,23.678594875759472,6
1883,deepseek_v4_flash_max,20.54108224570716,7
1883,deepseek_v4_pro_max,18.10521863625413,8
1883,claude_fable_5_max,14.480265352149221,9
1883,gemini_3_1_pro_high,12.82326364923701,10
1884,qwen3_8_max,64.28040880780131,1
1884,claude_fable_5_max,56.678226401463874,2
1884,deepseek_v4_pro_max,55.827864248309375,3
1884,gpt_5_5_xhigh,55.314814598176895,4
1884,claude_opus_4_8_max,49.0016078807063,5
1884,gpt_5_6_sol_max,47.249246628469535,6
1884,kimi_k3_max,37.2713381145066,7
1884,gemini_3_1_pro_high,26.886526936460324,8
1884,deepseek_v4_flash_max,25.73220113429335,9
1884,glm_5_2_max,24.072906717758666,10
1885,gpt_5_6_sol_max,75.62667934648736,1
1885,kimi_k3_max,71.40358380831468,2
1885,claude_fable_5_max,61.92209905367102,3
1885,claude_opus_4_8_max,44.361449418381156,4
1885,deepseek_v4_flash_max,32.50093073396184,5
1885,glm_5_2_max,31.83277388250575,6
1885,deepseek_v4_pro_max,31.761117619971035,7
1885,qwen3_8_max,30.580535588322274,8
1885,gpt_5_5_xhigh,24.330825787885207,9
1885,gemini_3_1_pro_high,10.972097893942117,10
1886,gpt_5_5_xhigh,62.23312098467549,1
1886,claude_fable_5_max,60.8473838511368,2
1886,qwen3_8_max,52.53588825250513,3
1886,gpt_5_6_sol_max,50.66857566573142,4
1886,gemini_3_1_pro_high,40.281601882737924,5
1886,deepseek_v4_pro_max,34.18831171302121,6
1886,glm_5_2_max,29.186327477183443,7
1886,claude_opus_4_8_max,19.57014649818218,8
1886,kimi_k3_max,19.012537864937865,9
1886,deepseek_v4_flash_max,11.991783312239065,10
1887,gemini_3_1_pro_high,71.51365697221102,1
1887,claude_fable_5_max,66.87569524076034,2
1887,qwen3_8_max,59.6394115749129,3
1887,kimi_k3_max,59.27454726609794,4
1887,gpt_5_5_xhigh,46.670127744751966,5
1887,gpt_5_6_sol_max,32.417719500807905,6
1887,deepseek_v4_pro_max,27.93076439492804,7
1887,claude_opus_4_8_max,21.37777948090542,8
1887,glm_5_2_max,19.753898820293067,9
1887,deepseek_v4_flash_max,12.285599103428533,10
1888,claude_opus_4_8_max,58.906437511368495,1
1888,kimi_k3_max,48.36364842059601,2
1888,gpt_5_5_xhigh,36.892678788977065,3
1888,claude_fable_5_max,35.347061975089886,4
1888,deepseek_v4_flash_max,34.48241248547457,5
1888,qwen3_8_max,33.700230676906045,6
1888,gemini_3_1_pro_high,26.627347102823382,7
1888,gpt_5_6_sol_max,18.159160970252753,8
1888,glm_5_2_max,14.992098165641288,9
1888,deepseek_v4_pro_max,12.736009374608493,10
1889,claude_opus_4_8_max,76.09104878449351,1
1889,kimi_k3_max,70.25945858204975,2
1889,gemini_3_1_pro_high,60.66126549225804,3
1889,claude_fable_5_max,56.980849643903824,4
1889,gpt_5_5_xhigh,47.94695737434801,5
1889,qwen3_8_max,46.88619208540462,6
1889,deepseek_v4_pro_max,41.991370648335874,7
1889,glm_5_2_max,35.348520908117415,8
1889,gpt_5_6_sol_max,22.409937437861835,9
1889,deepseek_v4_flash_max,7.006687081387218,10
1890,gpt_5_6_sol_max,71.99519938743038,1
1890,claude_fable_5_max,59.45610287676645,2
1890,gpt_5_5_xhigh,52.70744556073395,3
1890,qwen3_8_max,44.098444783222575,4
1890,gemini_3_1_pro_high,30.828642106343192,5
1890,claude_opus_4_8_max,28.402569887894884,6
1890,deepseek_v4_flash_max,27.7959210938901,7
1890,glm_5_2_max,20.687260880535927,8
1890,deepseek_v4_pro_max,20.31547540628336,9
1890,kimi_k3_max,9.588212843712409,10
1891,gpt_5_6_sol_max,73.8215353818663,1
1891,claude_fable_5_max,71.2773146452659,2
1891,gpt_5_5_xhigh,70.21976223892013,3
1891,kimi_k3_max,69.77020775972565,4
1891,gemini_3_1_pro_high,63.45645873781614,5
1891,qwen3_8_max,60.151700435540505,6
1891,claude_opus_4_8_max,33.43747518191904,7
1891,glm_5_2_max,30.76715143995691,8
1891,deepseek_v4_flash_max,21.474948986491082,9
1891,deepseek_v4_pro_max,18.47750209326756,10
1892,claude_opus_4_8_max,67.26694314661967,1
1892,gpt_5_6_sol_max,65.64417304096033,2
1892,gemini_3_1_pro_high,62.60709746963096,3
1892,claude_fable_5_max,62.244456096719865,4
1892,kimi_k3_max,60.49715786139862,5
1892,qwen3_8_max,57.99567056562392,6
1892,deepseek_v4_flash_max,51.49426687940271,7
1892,gpt_5_5_xhigh,26.356103620703944,8
1892,glm_5_2_max,20.731418989812767,9
1892,deepseek_v4_pro_max,12.978668284267245,10
1893,kimi_k3_max,87.86618642731074,1
1893,gpt_5_5_xhigh,76.47129657226202,2
1893,claude_opus_4_8_max,76.38825320018847,3
1893,gpt_5_6_sol_max,36.96469498412104,4
1893,claude_fable_5_max,26.56921958668827,5
1893,qwen3_8_max,25.800996704116642,6
1893,deepseek_v4_pro_max,25.595261189855986,7
1893,gemini_3_1_pro_high,20.358834934039677,8
1893,deepseek_v4_flash_max,18.20878631324186,9
1893,glm_5_2_max,13.75088216561792,10
1894,kimi_k3_max,77.87509915926762,1
1894,gpt_5_5_xhigh,60.41472882966087,2
1894,claude_fable_5_max,59.078407469327345,3
1894,gemini_3_1_pro_high,39.72622430865253,4
1894,qwen3_8_max,37.53236934236482,5
1894,gpt_5_6_sol_max,33.29944786624863,6
1894,deepseek_v4_flash_max,24.590736655034476,7
1894,deepseek_v4_pro_max,21.835306364489593,8
1894,glm_5_2_max,21.159577064099842,9
1894,claude_opus_4_8_max,17.328032641102496,10
1895,kimi_k3_max,82.96650442421992,1
1895,gpt_5_5_xhigh,74.06347740846266,2
1895,gpt_5_6_sol_max,59.889968714972625,3
1895,claude_fable_5_max,53.3453030576192,4
1895,gemini_3_1_pro_high,44.94582094406118,5
1895,deepseek_v4_pro_max,39.07370053724778,6
1895,claude_opus_4_8_max,28.542819524989937,7
1895,qwen3_8_max,23.037839256204002,8
1895,deepseek_v4_flash_max,21.223930144031314,9
1895,glm_5_2_max,14.010618529650284,10
1896,kimi_k3_max,68.71047511712366,1
1896,gemini_3_1_pro_high,62.71673921492018,2
1896,claude_fable_5_max,57.79526235156668,3
1896,claude_opus_4_8_max,57.175015230032926,4
1896,qwen3_8_max,54.341465169630894,5
1896,glm_5_2_max,35.699778510299204,6
1896,gpt_5_5_xhigh,34.79446663572075,7
1896,gpt_5_6_sol_max,34.098437731816375,8
1896,deepseek_v4_pro_max,31.154967611880004,9
1896,deepseek_v4_flash_max,28.187280250467875,10
1897,claude_opus_4_8_max,77.0383730607759,1
1897,gpt_5_6_sol_max,69.02367778575483,2
1897,kimi_k3_max,45.47194130658473,3
1897,claude_fable_5_max,45.10558924772663,4
1897,deepseek_v4_pro_max,38.39637510388705,5
1897,qwen3_8_max,37.66988726978201,6
1897,gemini_3_1_pro_high,33.193843569140675,7
1897,gpt_5_5_xhigh,27.073234793536738,8
1897,glm_5_2_max,24.56076357232435,9
1897,deepseek_v4_flash_max,14.817140966125217,10
1898,gpt_5_5_xhigh,58.8852732675943,1
1898,kimi_k3_max,51.32121149931217,2
1898,gpt_5_6_sol_max,47.55083972838116,3
1898,deepseek_v4_pro_max,44.35904981890228,4
1898,claude_fable_5_max,42.2958895243091,5
1898,qwen3_8_max,38.41899437152594,6
1898,glm_5_2_max,27.083231223530852,7
1898,gemini_3_1_pro_high,26.65461105560863,8
1898,claude_opus_4_8_max,25.169847587721573,9
1898,deepseek_v4_flash_max,18.26116057111495,10
1899,kimi_k3_max,81.75026296422477,1
1899,gpt_5_6_sol_max,78.28457412967319,2
1899,gpt_5_5_xhigh,66.05236095829885,3
1899,gemini_3_1_pro_high,49.67854694918783,4
1899,deepseek_v4_pro_max,40.831042092906955,5
1899,claude_fable_5_max,35.007488168587805,6
1899,glm_5_2_max,30.0071745667858,7
1899,claude_opus_4_8_max,20.06627560056873,8
1899,qwen3_8_max,19.504468983476006,9
1899,deepseek_v4_flash_max,5.645151407159191,10
1900,gpt_5_6_sol_max,71.14384621753878,1
1900,gemini_3_1_pro_high,51.34543382778182,2
1900,qwen3_8_max,51.221061489575206,3
1900,gpt_5_5_xhigh,45.268509953661564,4
1900,claude_fable_5_max,42.05211340881017,5
1900,claude_opus_4_8_max,39.50995331395826,6
1900,deepseek_v4_flash_max,38.378652679847015,7
1900,kimi_k3_max,31.263528390817374,8
1900,glm_5_2_max,13.466837878962533,9
1900,deepseek_v4_pro_max,10.6697654536717,10
1901,gpt_5_5_xhigh,72.78927733925214,1
1901,claude_fable_5_max,61.55889398058357,2
1901,gpt_5_6_sol_max,49.83443363791801,3
1901,qwen3_8_max,37.92796187127887,4
1901,gemini_3_1_pro_high,36.93892271471415,5
1901,glm_5_2_max,35.36544058316557,6
1901,kimi_k3_max,34.540505390688665,7
1901,claude_opus_4_8_max,22.798869363842254,8
1901,deepseek_v4_flash_max,21.0492245201999,9
1901,deepseek_v4_pro_max,16.370262722989352,10
1902,claude_opus_4_8_max,82.1446853012464,1
1902,kimi_k3_max,62.92681210792675,2
1902,claude_fable_5_max,58.586036326322656,3
1902,gemini_3_1_pro_high,48.32275327329809,4
1902,deepseek_v4_pro_max,43.141561544186345,5
1902,gpt_5_6_sol_max,42.792795471981535,6
1902,qwen3_8_max,37.15389878704954,7
1902,deepseek_v4_flash_max,33.1505710511005,8
1902,gpt_5_5_xhigh,26.781039778373394,9
1902,glm_5_2_max,16.308761511972065,10
1903,gpt_5_6_sol_max,64.43110449293677,1
1903,qwen3_8_max,60.849507321612975,2
1903,claude_fable_5_max,60.60419365844786,3
1903,gemini_3_1_pro_high,44.42571126879855,4
1903,deepseek_v4_pro_max,32.241662198092286,5
1903,gpt_5_5_xhigh,28.670120634855547,6
1903,claude_opus_4_8_max,28.179960142944616,7
1903,kimi_k3_max,27.578929004341724,8
1903,glm_5_2_max,13.137601849276422,9
1903,deepseek_v4_flash_max,8.606522788645764,10
1904,gpt_5_6_sol_max,75.16508450850041,1
1904,claude_fable_5_max,63.64068021399394,2
1904,qwen3_8_max,63.102325479965984,3
1904,gemini_3_1_pro_high,61.84666635143267,4
1904,claude_opus_4_8_max,57.31090521305828,5
1904,gpt_5_5_xhigh,40.06698011347804,6
1904,deepseek_v4_pro_max,39.06901098848473,7
1904,kimi_k3_max,30.025717641739384,8
1904,glm_5_2_max,19.0219569328901,9
1904,deepseek_v4_flash_max,15.629964433742298,10
1905,gpt_5_6_sol_max,82.29436728173218,1
1905,qwen3_8_max,60.14044075582751,2
1905,gemini_3_1_pro_high,54.602808217512184,3
1905,claude_opus_4_8_max,36.675840156709356,4
1905,gpt_5_5_xhigh,34.25767659921405,5
1905,claude_fable_5_max,33.64674404173349,6
1905,deepseek_v4_pro_max,25.773020473412494,7
1905,glm_5_2_max,17.78334727066,8
1905,deepseek_v4_flash_max,17.291980309468357,9
1905,kimi_k3_max,13.67030020869031,10
1906,claude_opus_4_8_max,76.04433996128887,1
1906,qwen3_8_max,66.58583389270039,2
1906,gpt_5_6_sol_max,59.80504728620092,3
1906,gemini_3_1_pro_high,46.137589442816726,4
1906,kimi_k3_max,42.35924341388163,5
1906,deepseek_v4_pro_max,35.8624870740002,6
1906,claude_fable_5_max,35.597070384466,7
1906,deepseek_v4_flash_max,33.61334626824649,8
1906,gpt_5_5_xhigh,30.080072486087335,9
1906,glm_5_2_max,18.139187022039806,10
1907,gemini_3_1_pro_high,84.86057755541987,1
1907,kimi_k3_max,75.93335031358882,2
1907,claude_fable_5_max,68.81322553573838,3
1907,qwen3_8_max,63.70444214568089,4
1907,gpt_5_5_xhigh,40.64750045791458,5
1907,gpt_5_6_sol_max,38.14752618803297,6
1907,deepseek_v4_flash_max,30.88089905686638,7
1907,claude_opus_4_8_max,27.82433033791788,8
1907,glm_5_2_max,25.073244426224182,9
1907,deepseek_v4_pro_max,15.938471623942862,10
1908,claude_fable_5_max,84.16320593215468,1
1908,gemini_3_1_pro_high,56.18126587853661,2
1908,gpt_5_6_sol_max,53.63883937222832,3
1908,qwen3_8_max,53.55424283478604,4
1908,deepseek_v4_flash_max,44.13381056489713,5
1908,gpt_5_5_xhigh,35.417530691320245,6
1908,kimi_k3_max,35.350776869307374,7
1908,deepseek_v4_pro_max,30.343430192003503,8
1908,claude_opus_4_8_max,22.148403161299097,9
1908,glm_5_2_max,9.766979583902257,10
1909,gpt_5_6_sol_max,85.63835005116677,1
1909,kimi_k3_max,80.68827376703082,2
1909,qwen3_8_max,54.81983720998893,3
1909,claude_opus_4_8_max,44.94814800453729,4
1909,deepseek_v4_flash_max,30.087072347764874,5
1909,deepseek_v4_pro_max,25.590549886143005,6
1909,claude_fable_5_max,25.3490980355199,7
1909,gpt_5_5_xhigh,24.141446244326325,8
1909,glm_5_2_max,17.227522195260345,9
1909,gemini_3_1_pro_high,16.5173556129193,10
1910,claude_fable_5_max,89.7579973426129,1
1910,gpt_5_5_xhigh,62.08472352613044,2
1910,gpt_5_6_sol_max,55.26507298774657,3
1910,qwen3_8_max,31.477000115437082,4
1910,deepseek_v4_flash_max,31.148510936383147,5
1910,gemini_3_1_pro_high,29.393642290237466,6
1910,glm_5_2_max,26.122131193405316,7
1910,kimi_k3_max,25.303254569752212,8
1910,claude_opus_4_8_max,17.115588697394106,9
1910,deepseek_v4_pro_max,17.087107218381192,10
1911,kimi_k3_max,76.90301753120058,1
1911,claude_fable_5_max,69.06214154117708,2
1911,gpt_5_5_xhigh,66.79163510093676,3
1911,gpt_5_6_sol_max,57.368679422073825,4
1911,gemini_3_1_pro_high,50.92809752324125,5
1911,qwen3_8_max,42.704743492593295,6
1911,deepseek_v4_flash_max,37.967484578261285,7
1911,claude_opus_4_8_max,23.79731051625605,8
1911,glm_5_2_max,17.42889072204704,9
1911,deepseek_v4_pro_max,17.389934374798358,10
1912,kimi_k3_max,86.65758676040132,1
1912,claude_fable_5_max,61.789744136267366,2
1912,qwen3_8_max,59.39811364265741,3
1912,gpt_5_5_xhigh,50.85564533549263,4
1912,gemini_3_1_pro_high,37.531389991421754,5
1912,claude_opus_4_8_max,37.063470383514556,6
1912,glm_5_2_max,25.466164649707682,7
1912,gpt_5_6_sol_max,21.40910028584479,8
1912,deepseek_v4_pro_max,19.247567397053444,9
1912,deepseek_v4_flash_max,11.951746390002748,10
1913,claude_fable_5_max,70.41033227684088,1
1913,gpt_5_5_xhigh,47.604827890146524,2
1913,gemini_3_1_pro_high,45.90884183569668,3
1913,claude_opus_4_8_max,35.25010250104876,4
1913,qwen3_8_max,29.07943098469722,5
1913,gpt_5_6_sol_max,27.35441773682012,6
1913,deepseek_v4_pro_max,24.7137426851854,7
1913,glm_5_2_max,20.295746792931617,8
1913,deepseek_v4_flash_max,17.975544851175577,9
1913,kimi_k3_max,11.625609239709945,10
1914,gemini_3_1_pro_high,75.07946538719034,1
1914,kimi_k3_max,56.574541915272086,2
1914,qwen3_8_max,54.22154510248195,3
1914,gpt_5_6_sol_max,52.4555449899496,4
1914,claude_fable_5_max,50.90823501612171,5
1914,gpt_5_5_xhigh,44.4593703601312,6
1914,claude_opus_4_8_max,39.142776552120324,7
1914,deepseek_v4_flash_max,37.53820864938882,8
1914,glm_5_2_max,31.986074441297912,9
1914,deepseek_v4_pro_max,11.576407396999178,10
1915,gpt_5_6_sol_max,70.70407497294886,1
1915,claude_fable_5_max,66.922729625051,2
1915,kimi_k3_max,37.86998525143109,3
1915,deepseek_v4_pro_max,36.384587142323596,4
1915,claude_opus_4_8_max,35.51912487140888,5
1915,gpt_5_5_xhigh,34.04438390998596,6
1915,qwen3_8_max,30.809513835618425,7
1915,gemini_3_1_pro_high,22.87011362262185,8
1915,glm_5_2_max,12.787777214678822,9
1915,deepseek_v4_flash_max,10.206980880295596,10
1916,gpt_5_6_sol_max,56.433640009838754,1
1916,qwen3_8_max,54.32167804175274,2
1916,gpt_5_5_xhigh,45.64376262308273,3
1916,claude_fable_5_max,45.10153700688177,4
1916,gemini_3_1_pro_high,44.088328833860906,5
1916,deepseek_v4_pro_max,38.68230815136264,6
1916,claude_opus_4_8_max,35.33265255922883,7
1916,deepseek_v4_flash_max,35.21735594880086,8
1916,glm_5_2_max,29.724299513032154,9
1916,kimi_k3_max,26.520529239256845,10
1917,kimi_k3_max,73.98231695231013,1
1917,gpt_5_5_xhigh,71.46799379264866,2
1917,claude_fable_5_max,59.44518219424494,3
1917,deepseek_v4_pro_max,47.345895320870774,4
1917,gemini_3_1_pro_high,40.523123235506574,5
1917,qwen3_8_max,33.655943865058546,6
1917,claude_opus_4_8_max,26.101217773605775,7
1917,gpt_5_6_sol_max,25.519302099422546,8
1917,glm_5_2_max,13.176151329472424,9
1917,deepseek_v4_flash_max,8.379349344095845,10
1918,claude_opus_4_8_max,77.58232829387993,1
1918,gpt_5_6_sol_max,75.46402590416608,2
1918,qwen3_8_max,74.09020642626827,3
1918,claude_fable_5_max,65.48891689743894,4
1918,gemini_3_1_pro_high,44.825808561395064,5
1918,kimi_k3_max,35.33224093203622,6
1918,gpt_5_5_xhigh,34.06405019066804,7
1918,deepseek_v4_flash_max,27.83305982283546,8
1918,glm_5_2_max,14.21535009593327,9
1918,deepseek_v4_pro_max,10.692060343404979,10
1919,gemini_3_1_pro_high,76.75374716004097,1
1919,gpt_5_5_xhigh,76.13114727609035,2
1919,claude_opus_4_8_max,62.16315297226998,3
1919,gpt_5_6_sol_max,56.400657124469035,4
1919,qwen3_8_max,50.42716738363687,5
1919,claude_fable_5_max,47.08425573085378,6
1919,kimi_k3_max,42.65559002825454,7
1919,deepseek_v4_flash_max,33.74861870874479,8
1919,deepseek_v4_pro_max,24.37751081081425,9
1919,glm_5_2_max,18.472944854353177,10
1920,gpt_5_5_xhigh,80.78776817594529,1
1920,gpt_5_6_sol_max,50.76792790053548,2
1920,claude_opus_4_8_max,39.18018070976569,3
1920,deepseek_v4_pro_max,31.809493699781555,4
1920,kimi_k3_max,31.501269866589766,5
1920,claude_fable_5_max,24.249763810201877,6
1920,qwen3_8_max,19.49124514400801,7
1920,gemini_3_1_pro_high,18.834646395289887,8
1920,deepseek_v4_flash_max,17.492751558321597,9
1920,glm_5_2_max,16.92308552931927,10
1921,claude_opus_4_8_max,72.61231200239399,1
1921,gpt_5_6_sol_max,67.8826474433335,2
1921,kimi_k3_max,66.43719207879154,3
1921,gemini_3_1_pro_high,60.413596780402514,4
1921,gpt_5_5_xhigh,58.88521287342461,5
1921,qwen3_8_max,55.80332602769772,6
1921,claude_fable_5_max,35.10860324296466,7
1921,deepseek_v4_flash_max,32.16048107784941,8
1921,glm_5_2_max,29.08740883106492,9
1921,deepseek_v4_pro_max,22.798021117898216,10
1922,gpt_5_6_sol_max,73.07872552579303,1
1922,gemini_3_1_pro_high,57.709684459449946,2
1922,qwen3_8_max,53.65004894647943,3
1922,kimi_k3_max,47.47900137400001,4
1922,deepseek_v4_flash_max,44.91922726278329,5
1922,claude_opus_4_8_max,44.13650618688633,6
1922,claude_fable_5_max,41.544308921139134,7
1922,deepseek_v4_pro_max,30.263678663669754,8
1922,gpt_5_5_xhigh,26.858153132526606,9
1922,glm_5_2_max,24.13134046789713,10
1923,kimi_k3_max,83.38167011077638,1
1923,claude_fable_5_max,60.83008698538484,2
1923,gpt_5_5_xhigh,51.024166480501634,3
1923,gpt_5_6_sol_max,41.59389316291794,4
1923,deepseek_v4_pro_max,36.828976939535934,5
1923,qwen3_8_max,35.56958271722445,6
1923,glm_5_2_max,32.27401917015763,7
1923,gemini_3_1_pro_high,26.66296128792039,8
1923,deepseek_v4_flash_max,19.84224629082874,9
1923,claude_opus_4_8_max,15.986141961562746,10
1924,gpt_5_6_sol_max,79.79172165743054,1
1924,qwen3_8_max,43.40360236189906,2
1924,gpt_5_5_xhigh,39.99202919220471,3
1924,gemini_3_1_pro_high,39.0429652644287,4
1924,claude_fable_5_max,35.99441694117348,5
1924,deepseek_v4_pro_max,35.19540013742623,6
1924,deepseek_v4_flash_max,33.616238023297704,7
1924,claude_opus_4_8_max,32.226449859823035,8
1924,kimi_k3_max,26.577788722625435,9
1924,glm_5_2_max,22.215219977869594,10
1925,gpt_5_6_sol_max,75.07129376308805,1
1925,gpt_5_5_xhigh,60.51112260088016,2
1925,claude_opus_4_8_max,57.01783702278632,3
1925,claude_fable_5_max,45.147469974682835,4
1925,gemini_3_1_pro_high,38.78150127450732,5
1925,deepseek_v4_flash_max,32.18960625561197,6
1925,qwen3_8_max,28.734756878331424,7
1925,kimi_k3_max,24.169565054134456,8
1925,glm_5_2_max,16.90999756632637,9
1925,deepseek_v4_pro_max,12.430491005925617,10
1926,claude_opus_4_8_max,86.94296810498598,1
1926,gpt_5_6_sol_max,52.07380379261592,2
1926,qwen3_8_max,50.83803168655165,3
1926,gpt_5_5_xhigh,46.784889787170584,4
1926,gemini_3_1_pro_high,37.67964100469349,5
1926,deepseek_v4_flash_max,30.568669668134454,6
1926,kimi_k3_max,29.945098574678735,7
1926,deepseek_v4_pro_max,29.520090750192416,8
1926,glm_5_2_max,26.76379119129897,9
1926,claude_fable_5_max,19.953365178926173,10
1927,gpt_5_5_xhigh,80.81701563052007,1
1927,gemini_3_1_pro_high,80.6813384732823,2
1927,gpt_5_6_sol_max,76.80457009108308,3
1927,kimi_k3_max,70.81696625076395,4
1927,qwen3_8_max,57.113251136908474,5
1927,deepseek_v4_flash_max,41.344524142039944,6
1927,glm_5_2_max,33.40131110224018,7
1927,claude_opus_4_8_max,29.21804742380155,8
1927,claude_fable_5_max,22.105780631940014,9
1927,deepseek_v4_pro_max,16.767686169579704,10
1928,gpt_5_6_sol_max,81.23481454308892,1
1928,gemini_3_1_pro_high,65.29147494189948,2
1928,qwen3_8_max,65.07932587594556,3
1928,gpt_5_5_xhigh,51.938215405593,4
1928,claude_opus_4_8_max,50.209427089263514,5
1928,claude_fable_5_max,42.70396178538781,6
1928,glm_5_2_max,28.67839353950482,7
1928,kimi_k3_max,27.550342809013873,8
1928,deepseek_v4_flash_max,19.383951303664624,9
1928,deepseek_v4_pro_max,19.06558575635373,10
1929,qwen3_8_max,73.69364282189916,1
1929,gpt_5_6_sol_max,71.62909207161134,2
1929,gpt_5_5_xhigh,70.78844851091122,3
1929,claude_opus_4_8_max,60.568674619089364,4
1929,kimi_k3_max,49.09676675477615,5
1929,gemini_3_1_pro_high,44.027949823258666,6
1929,claude_fable_5_max,34.63718711492412,7
1929,glm_5_2_max,29.84732306501911,8
1929,deepseek_v4_flash_max,20.910219134808248,9
1929,deepseek_v4_pro_max,12.046824481053513,10
1930,claude_fable_5_max,87.50270155013946,1
1930,gemini_3_1_pro_high,59.93246916302755,2
1930,qwen3_8_max,53.933874675073696,3
1930,gpt_5_5_xhigh,51.041633206761745,4
1930,gpt_5_6_sol_max,49.519959459379976,5
1930,deepseek_v4_flash_max,35.248720306665994,6
1930,claude_opus_4_8_max,30.720718598132507,7
1930,kimi_k3_max,30.470427317124113,8
1930,deepseek_v4_pro_max,25.30011319976104,9
1930,glm_5_2_max,21.15985642003602,10
1931,gpt_5_5_xhigh,70.43812620405603,1
1931,claude_opus_4_8_max,51.31359744236637,2
1931,claude_fable_5_max,49.46936817172263,3
1931,gpt_5_6_sol_max,43.18885482988645,4
1931,kimi_k3_max,38.65644265874239,5
1931,qwen3_8_max,38.03405534098971,6
1931,deepseek_v4_pro_max,26.437795566998098,7
1931,glm_5_2_max,22.995923624203144,8
1931,gemini_3_1_pro_high,16.87283438989199,9
1931,deepseek_v4_flash_max,5.580073687411577,10
1932,gpt_5_6_sol_max,74.21088010320378,1
1932,claude_fable_5_max,72.70125565272133,2
1932,kimi_k3_max,65.66523622164654,3
1932,qwen3_8_max,58.29441864301603,4
1932,gemini_3_1_pro_high,50.901825006555136,5
1932,deepseek_v4_flash_max,38.45906814499235,6
1932,claude_opus_4_8_max,30.19541364454579,7
1932,glm_5_2_max,27.575054895734414,8
1932,gpt_5_5_xhigh,25.517052145846694,9
1932,deepseek_v4_pro_max,2.014552094199449,10
1933,kimi_k3_max,90.11649101798855,1
1933,gpt_5_5_xhigh,67.576039898914,2
1933,gpt_5_6_sol_max,65.09474077545057,3
1933,claude_fable_5_max,55.001680897073896,4
1933,qwen3_8_max,52.09400462341098,5
1933,gemini_3_1_pro_high,47.45064192757923,6
1933,deepseek_v4_pro_max,28.035708274066863,7
1933,deepseek_v4_flash_max,26.659149610589786,8
1933,claude_opus_4_8_max,23.495367532199737,9
1933,glm_5_2_max,21.343593407381032,10
1934,gpt_5_6_sol_max,74.9846920651265,1
1934,claude_fable_5_max,67.68382202061488,2
1934,gemini_3_1_pro_high,54.96462688988197,3
1934,qwen3_8_max,41.62790257752678,4
1934,gpt_5_5_xhigh,36.36888831153202,5
1934,deepseek_v4_pro_max,36.11799688034181,6
1934,kimi_k3_max,34.58500017654354,7
1934,claude_opus_4_8_max,32.63359712276248,8
1934,glm_5_2_max,12.727754969713573,9
1934,deepseek_v4_flash_max,10.023105127319589,10
1935,gpt_5_6_sol_max,66.98799066721753,1
1935,kimi_k3_max,64.97424815354026,2
1935,claude_fable_5_max,64.46556800152656,3
1935,claude_opus_4_8_max,59.29669530958459,4
1935,qwen3_8_max,53.64866917742441,5
1935,gemini_3_1_pro_high,39.14651958389467,6
1935,gpt_5_5_xhigh,36.33844848335604,7
1935,deepseek_v4_pro_max,35.00214193961957,8
1935,deepseek_v4_flash_max,28.764971975842496,9
1935,glm_5_2_max,20.563556412943363,10
1936,claude_fable_5_max,92.44268975503743,1
1936,claude_opus_4_8_max,53.18425327431187,2
1936,gpt_5_6_sol_max,47.83057842434647,3
1936,gemini_3_1_pro_high,35.832004594102415,4
1936,deepseek_v4_pro_max,23.97294127334077,5
1936,glm_5_2_max,23.032492238195186,6
1936,deepseek_v4_flash_max,22.173597360064278,7
1936,gpt_5_5_xhigh,20.01688263222949,8
1936,qwen3_8_max,18.48080576010207,9
1936,kimi_k3_max,15.071875250125823,10
1937,claude_opus_4_8_max,56.35579601991432,1
1937,claude_fable_5_max,55.92770175344242,2
1937,gemini_3_1_pro_high,54.30594704481399,3
1937,kimi_k3_max,53.12351472182209,4
1937,qwen3_8_max,46.867953627053225,5
1937,gpt_5_5_xhigh,45.5834771824718,6
1937,gpt_5_6_sol_max,31.018436372732975,7
1937,deepseek_v4_flash_max,24.324833698946467,8
1937,deepseek_v4_pro_max,19.551673485126294,9
1937,glm_5_2_max,16.33821502123194,10
1938,kimi_k3_max,70.18984880001909,1
1938,gpt_5_5_xhigh,68.6948377782889,2
1938,gemini_3_1_pro_high,55.13565872599734,3
1938,qwen3_8_max,49.73508205509931,4
1938,claude_opus_4_8_max,44.67207412986269,5
1938,deepseek_v4_pro_max,38.52872142527785,6
1938,gpt_5_6_sol_max,31.159918784373037,7
1938,claude_fable_5_max,29.437396217522675,8
1938,glm_5_2_max,27.61008543427994,9
1938,deepseek_v4_flash_max,26.00027579676803,10
1939,gemini_3_1_pro_high,80.81359089599783,1
1939,claude_fable_5_max,61.33247892305694,2
1939,qwen3_8_max,51.16295184148413,3
1939,claude_opus_4_8_max,50.23901708902499,4
1939,gpt_5_6_sol_max,48.55013271001308,5
1939,kimi_k3_max,44.90464551453597,6
1939,glm_5_2_max,36.06756049997604,7
1939,gpt_5_5_xhigh,28.326722028887744,8
1939,deepseek_v4_flash_max,20.50498015197049,9
1939,deepseek_v4_pro_max,9.07182257806175,10
1940,kimi_k3_max,77.2514991563911,1
1940,claude_opus_4_8_max,61.512448738836476,2
1940,qwen3_8_max,49.72786812258646,3
1940,gpt_5_5_xhigh,49.21878320982864,4
1940,claude_fable_5_max,48.123320655031264,5
1940,gemini_3_1_pro_high,47.62967919691354,6
1940,deepseek_v4_pro_max,43.57898556455953,7
1940,deepseek_v4_flash_max,37.60261882104618,8
1940,gpt_5_6_sol_max,28.684264978265958,9
1940,glm_5_2_max,28.000002698708997,10
1941,claude_fable_5_max,78.49417071905481,1
1941,gpt_5_6_sol_max,66.10262489715707,2
1941,kimi_k3_max,60.67011788994526,3
1941,gpt_5_5_xhigh,58.51838724707552,4
1941,deepseek_v4_pro_max,39.98731462766056,5
1941,glm_5_2_max,33.22494237054498,6
1941,deepseek_v4_flash_max,29.53014800118821,7
1941,gemini_3_1_pro_high,26.301079862895236,8
1941,claude_opus_4_8_max,20.772564619570126,9
1941,qwen3_8_max,19.09422159041437,10
1942,gpt_5_5_xhigh,60.76761703878822,1
1942,gpt_5_6_sol_max,59.45516891504326,2
1942,claude_fable_5_max,49.457414108927225,3
1942,claude_opus_4_8_max,46.082483035924554,4
1942,qwen3_8_max,41.91946165921438,5
1942,gemini_3_1_pro_high,37.04683460647657,6
1942,kimi_k3_max,26.95260597564184,7
1942,deepseek_v4_pro_max,25.83403842348452,8
1942,glm_5_2_max,24.222548786491167,9
1942,deepseek_v4_flash_max,16.00943914726087,10
1943,gpt_5_6_sol_max,79.5542731433636,1
1943,gpt_5_5_xhigh,72.06227411356771,2
1943,claude_fable_5_max,63.81249389449354,3
1943,claude_opus_4_8_max,61.42391987518595,4
1943,qwen3_8_max,59.09536597775659,5
1943,gemini_3_1_pro_high,37.581669600117785,6
1943,deepseek_v4_pro_max,36.473808582829705,7
1943,deepseek_v4_flash_max,28.85058391981613,8
1943,kimi_k3_max,25.281808161681177,9
1943,glm_5_2_max,18.78054337177243,10
1944,gemini_3_1_pro_high,71.76034377801386,1
1944,claude_opus_4_8_max,65.43669716738202,2
1944,kimi_k3_max,59.550436373548585,3
1944,claude_fable_5_max,49.755701927477574,4
1944,gpt_5_6_sol_max,46.77651364966701,5
1944,qwen3_8_max,42.027953680917776,6
1944,gpt_5_5_xhigh,29.75290710321059,7
1944,deepseek_v4_flash_max,26.755154766306113,8
1944,deepseek_v4_pro_max,20.381907634332748,9
1944,glm_5_2_max,20.004964242503664,10
1945,gpt_5_6_sol_max,82.81540398009253,1
1945,gpt_5_5_xhigh,80.71675906376996,2
1945,qwen3_8_max,76.021271233665,3
1945,gemini_3_1_pro_high,70.96192305711762,4
1945,claude_fable_5_max,47.06126204806768,5
1945,kimi_k3_max,43.15795921444122,6
1945,claude_opus_4_8_max,34.4934410911195,7
1945,glm_5_2_max,25.887976935223747,8
1945,deepseek_v4_flash_max,25.07722604721178,9
1945,deepseek_v4_pro_max,10.992180452419303,10
1946,kimi_k3_max,75.98839192602954,1
1946,qwen3_8_max,68.82754152145553,2
1946,claude_fable_5_max,67.40020814901291,3
1946,gemini_3_1_pro_high,54.20935728275036,4
1946,gpt_5_6_sol_max,52.468786618543405,5
1946,claude_opus_4_8_max,47.62867725943498,6
1946,deepseek_v4_pro_max,42.972592352994965,7
1946,glm_5_2_max,35.37453068298645,8
1946,deepseek_v4_flash_max,24.47210231097791,9
1946,gpt_5_5_xhigh,16.808246454870268,10
1947,claude_opus_4_8_max,68.74473410460304,1
1947,gpt_5_5_xhigh,55.115158641360566,2
1947,claude_fable_5_max,52.315099883151206,3
1947,kimi_k3_max,50.14122885918305,4
1947,qwen3_8_max,41.80075890128913,5
1947,gemini_3_1_pro_high,39.742922583294956,6
1947,deepseek_v4_pro_max,31.7344829605527,7
1947,gpt_5_6_sol_max,26.14928812077367,8
1947,glm_5_2_max,14.245653902817851,9
1947,deepseek_v4_flash_max,10.7301492413237,10
1948,qwen3_8_max,79.1909337195427,1
1948,gpt_5_6_sol_max,76.56049515578279,2
1948,gpt_5_5_xhigh,67.82729079550289,3
1948,claude_fable_5_max,64.42356603367676,4
1948,claude_opus_4_8_max,64.1427972169411,5
1948,gemini_3_1_pro_high,48.02462834137532,6
1948,deepseek_v4_pro_max,43.65921602696138,7
1948,glm_5_2_max,32.06414834835486,8
1948,kimi_k3_max,30.7892746111727,9
1948,deepseek_v4_flash_max,26.70070850541304,10
1949,gpt_5_6_sol_max,78.97385125121167,1
1949,qwen3_8_max,61.77231693915046,2
1949,claude_fable_5_max,54.24802810560416,3
1949,deepseek_v4_pro_max,28.117780332782953,4
1949,gpt_5_5_xhigh,27.336027966365386,5
1949,glm_5_2_max,22.81277131929524,6
1949,gemini_3_1_pro_high,22.263652183832548,7
1949,claude_opus_4_8_max,20.883922345924145,8
1949,kimi_k3_max,19.144269144662967,9
1949,deepseek_v4_flash_max,6.797898395763803,10
1950,claude_fable_5_max,87.03766394630952,1
1950,gemini_3_1_pro_high,65.05743579618174,2
1950,gpt_5_6_sol_max,58.29080052695128,3
1950,kimi_k3_max,48.01068816616709,4
1950,gpt_5_5_xhigh,45.62133864023767,5
1950,claude_opus_4_8_max,34.411141008052795,6
1950,deepseek_v4_flash_max,28.649721803771918,7
1950,qwen3_8_max,25.645003647196642,8
1950,glm_5_2_max,21.315993859550883,9
1950,deepseek_v4_pro_max,10.746850676963032,10
1951,gpt_5_6_sol_max,76.62669349258903,1
1951,claude_opus_4_8_max,64.56616636296498,2
1951,gpt_5_5_xhigh,48.787599472693614,3
1951,kimi_k3_max,46.91388385096245,4
1951,qwen3_8_max,32.806573883883836,5
1951,claude_fable_5_max,29.082877858738556,6
1951,deepseek_v4_pro_max,23.07772940246226,7
1951,deepseek_v4_flash_max,23.07762286755393,8
1951,gemini_3_1_pro_high,19.975303664185507,9
1951,glm_5_2_max,13.622371911807871,10
1952,gpt_5_6_sol_max,82.49481408993535,1
1952,gemini_3_1_pro_high,66.00138111466595,2
1952,claude_opus_4_8_max,48.60406504144862,3
1952,claude_fable_5_max,44.929411671579764,4
1952,qwen3_8_max,43.86091000826764,5
1952,kimi_k3_max,42.71247566635409,6
1952,gpt_5_5_xhigh,26.296581544922148,7
1952,glm_5_2_max,25.649444531479425,8
1952,deepseek_v4_flash_max,18.278294530652083,9
1952,deepseek_v4_pro_max,17.436427870895407,10
1953,gpt_5_6_sol_max,73.64311575135339,1
1953,kimi_k3_max,55.73823132702738,2
1953,claude_opus_4_8_max,40.006631830577305,3
1953,gemini_3_1_pro_high,35.330662465544194,4
1953,qwen3_8_max,32.33832945503838,5
1953,claude_fable_5_max,31.0901116032779,6
1953,gpt_5_5_xhigh,24.712645748740908,7
1953,deepseek_v4_flash_max,22.25262329518676,8
1953,glm_5_2_max,16.695062533944082,9
1953,deepseek_v4_pro_max,14.613938678460466,10
1954,claude_fable_5_max,83.03106187216655,1
1954,qwen3_8_max,59.9870498037852,2
1954,claude_opus_4_8_max,53.366721347812586,3
1954,gpt_5_5_xhigh,49.038048136774336,4
1954,kimi_k3_max,48.77948555229056,5
1954,deepseek_v4_pro_max,35.86747440847996,6
1954,gpt_5_6_sol_max,33.601483793377334,7
1954,gemini_3_1_pro_high,26.980666182109204,8
1954,glm_5_2_max,17.64697745189532,9
1954,deepseek_v4_flash_max,10.421185350760103,10
1955,gpt_5_6_sol_max,69.62662999238631,1
1955,gpt_5_5_xhigh,69.59423300188746,2
1955,claude_opus_4_8_max,39.546025694421104,3
1955,kimi_k3_max,35.424490460128716,4
1955,gemini_3_1_pro_high,31.891062821326386,5
1955,qwen3_8_max,31.09065807604916,6
1955,claude_fable_5_max,26.094258457075167,7
1955,glm_5_2_max,25.682628133563796,8
1955,deepseek_v4_pro_max,20.812699995254732,9
1955,deepseek_v4_flash_max,12.577381777520177,10
1956,claude_opus_4_8_max,76.02512785921888,1
1956,claude_fable_5_max,59.02087989500171,2
1956,gpt_5_6_sol_max,57.57147397264934,3
1956,qwen3_8_max,54.787929034971,4
1956,gemini_3_1_pro_high,40.04906317325532,5
1956,deepseek_v4_flash_max,35.50872953747401,6
1956,kimi_k3_max,34.64613674897826,7
1956,glm_5_2_max,28.241952698204894,8
1956,gpt_5_5_xhigh,23.235020886107456,9
1956,deepseek_v4_pro_max,3.779845564972734,10
1957,gpt_5_5_xhigh,85.71812274480936,1
1957,gemini_3_1_pro_high,51.60207653405041,2
1957,kimi_k3_max,47.522676587167766,3
1957,qwen3_8_max,42.15370220303698,4
1957,gpt_5_6_sol_max,42.012336232860214,5
1957,claude_opus_4_8_max,38.79361674781957,6
1957,deepseek_v4_flash_max,33.92323143338984,7
1957,claude_fable_5_max,30.556183994137896,8
1957,deepseek_v4_pro_max,11.088086901973591,9
1957,glm_5_2_max,7.1087908313403005,10
1958,claude_fable_5_max,85.32862311644269,1
1958,gpt_5_6_sol_max,59.42119346653082,2
1958,gpt_5_5_xhigh,54.79286056060327,3
1958,qwen3_8_max,50.37062511794764,4
1958,glm_5_2_max,32.155220661805615,5
1958,gemini_3_1_pro_high,24.70968082503167,6
1958,kimi_k3_max,22.81140792755627,7
1958,claude_opus_4_8_max,20.525990405972408,8
1958,deepseek_v4_flash_max,14.64258396469025,9
1958,deepseek_v4_pro_max,5.361929235428193,10
1959,claude_fable_5_max,71.32923469373691,1
1959,kimi_k3_max,69.03069169728371,2
1959,gpt_5_6_sol_max,63.70157851794808,3
1959,qwen3_8_max,46.74084068017659,4
1959,gemini_3_1_pro_high,42.59778438308308,5
1959,gpt_5_5_xhigh,38.365127326407034,6
1959,glm_5_2_max,34.58315534115616,7
1959,deepseek_v4_flash_max,29.992684501107526,8
1959,deepseek_v4_pro_max,21.779636840622654,9
1959,claude_opus_4_8_max,20.405367713595872,10
1960,gpt_5_5_xhigh,83.44466227293677,1
1960,claude_fable_5_max,68.29857553568952,2
1960,gemini_3_1_pro_high,62.42918845402171,3
1960,gpt_5_6_sol_max,52.902187064047666,4
1960,qwen3_8_max,47.98906100857086,5
1960,claude_opus_4_8_max,39.64367672949312,6
1960,deepseek_v4_pro_max,33.07501999335784,7
1960,kimi_k3_max,24.224113208485598,8
1960,glm_5_2_max,12.216617650929361,9
1960,deepseek_v4_flash_max,10.007524869645149,10
1961,gpt_5_5_xhigh,75.12633351724716,1
1961,claude_fable_5_max,72.39765147655982,2
1961,claude_opus_4_8_max,53.70202217307882,3
1961,qwen3_8_max,53.65349125465162,4
1961,gemini_3_1_pro_high,51.07174687026472,5
1961,gpt_5_6_sol_max,37.00883306513208,6
1961,kimi_k3_max,33.734452281860364,7
1961,glm_5_2_max,31.431612164307808,8
1961,deepseek_v4_pro_max,24.54409566849405,9
1961,deepseek_v4_flash_max,10.394699071178586,10
1962,gpt_5_6_sol_max,80.27022031444946,1
1962,claude_opus_4_8_max,61.54976023283797,2
1962,gpt_5_5_xhigh,59.13379933207052,3
1962,claude_fable_5_max,49.83046954289707,4
1962,gemini_3_1_pro_high,38.821849293588166,5
1962,deepseek_v4_flash_max,38.00209303937636,6
1962,glm_5_2_max,34.39848944034953,7
1962,qwen3_8_max,32.08250532591435,8
1962,kimi_k3_max,11.407378679680303,9
1962,deepseek_v4_pro_max,10.918703513853368,10
1963,gpt_5_5_xhigh,57.18851774126795,1
1963,claude_opus_4_8_max,56.06846618976027,2
1963,gemini_3_1_pro_high,53.32611404222341,3
1963,gpt_5_6_sol_max,50.52282774856651,4
1963,qwen3_8_max,43.48990522644506,5
1963,kimi_k3_max,41.51200456051113,6
1963,claude_fable_5_max,28.850535889644576,7
1963,deepseek_v4_flash_max,26.72344537065436,8
1963,glm_5_2_max,17.974761967528742,9
1963,deepseek_v4_pro_max,16.073199025248247,10
1964,gpt_5_6_sol_max,93.3373546426466,1
1964,claude_fable_5_max,73.66077903650294,2
1964,kimi_k3_max,55.81220005135569,3
1964,gemini_3_1_pro_high,50.62505950278792,4
1964,qwen3_8_max,38.65652068420877,5
1964,glm_5_2_max,31.359847737373357,6
1964,claude_opus_4_8_max,29.21770206398201,7
1964,gpt_5_5_xhigh,26.29010209971193,8
1964,deepseek_v4_pro_max,20.496161091519404,9
1964,deepseek_v4_flash_max,15.584531990321986,10
1965,kimi_k3_max,73.7684766774407,1
1965,claude_fable_5_max,62.40561026022993,2
1965,claude_opus_4_8_max,48.95493055165986,3
1965,gpt_5_6_sol_max,47.11784547494,4
1965,gpt_5_5_xhigh,36.22676558568556,5
1965,qwen3_8_max,34.36597640465485,6
1965,gemini_3_1_pro_high,32.15208780404453,7
1965,deepseek_v4_pro_max,28.98157682277962,8
1965,glm_5_2_max,15.79187280230198,9
1965,deepseek_v4_flash_max,1.9923540501620107,10
1966,gpt_5_6_sol_max,84.13525125477545,1
1966,claude_fable_5_max,57.734829020878195,2
1966,gemini_3_1_pro_high,47.8954066481829,3
1966,qwen3_8_max,42.934302435803474,4
1966,kimi_k3_max,39.468457835162766,5
1966,claude_opus_4_8_max,38.464832425590075,6
1966,deepseek_v4_flash_max,26.275818663785657,7
1966,glm_5_2_max,25.1867832916989,8
1966,deepseek_v4_pro_max,23.81860012159958,9
1966,gpt_5_5_xhigh,22.84765811779092,10
1967,gemini_3_1_pro_high,80.12102389508851,1
1967,claude_opus_4_8_max,76.50561629565155,2
1967,kimi_k3_max,72.87605747948106,3
1967,claude_fable_5_max,58.2547194296305,4
1967,gpt_5_5_xhigh,52.11417897027499,5
1967,qwen3_8_max,45.91572923878019,6
1967,gpt_5_6_sol_max,34.02058823938761,7
1967,deepseek_v4_flash_max,24.850593138715794,8
1967,deepseek_v4_pro_max,21.564070187849126,9
1967,glm_5_2_max,20.935485087674593,10
1968,gpt_5_6_sol_max,79.55133512244353,1
1968,gpt_5_5_xhigh,67.64167759024359,2
1968,claude_fable_5_max,60.762945709087944,3
1968,kimi_k3_max,57.819424859552655,4
1968,gemini_3_1_pro_high,43.83770721200132,5
1968,qwen3_8_max,37.94012920015168,6
1968,claude_opus_4_8_max,34.76657886332044,7
1968,deepseek_v4_flash_max,28.60935321762935,8
1968,glm_5_2_max,21.816119895211838,9
1968,deepseek_v4_pro_max,16.17669961739989,10
1969,claude_fable_5_max,70.91175848066922,1
1969,gpt_5_6_sol_max,64.18218375782862,2
1969,kimi_k3_max,58.26606158383764,3
1969,qwen3_8_max,56.68917002548206,4
1969,gemini_3_1_pro_high,54.38763137222615,5
1969,gpt_5_5_xhigh,44.07201268020389,6
1969,deepseek_v4_flash_max,37.881158346383536,7
1969,claude_opus_4_8_max,24.11109729499279,8
1969,glm_5_2_max,17.972664881253287,9
1969,deepseek_v4_pro_max,0.0,10
1970,claude_opus_4_8_max,76.69480333182472,1
1970,gemini_3_1_pro_high,67.03782288469183,2
1970,gpt_5_5_xhigh,62.345668071327594,3
1970,kimi_k3_max,49.320089758305485,4
1970,gpt_5_6_sol_max,47.96387017148163,5
1970,claude_fable_5_max,42.32939988968798,6
1970,qwen3_8_max,39.02576050421137,7
1970,glm_5_2_max,20.55207240236927,8
1970,deepseek_v4_flash_max,19.41963089794904,9
1970,deepseek_v4_pro_max,2.533202186159174,10
1971,gemini_3_1_pro_high,83.06269486722694,1
1971,qwen3_8_max,46.62002828411984,2
1971,gpt_5_6_sol_max,46.06334884429789,3
1971,claude_fable_5_max,45.11924954787442,4
1971,claude_opus_4_8_max,43.52726439088312,5
1971,gpt_5_5_xhigh,33.71512996377548,6
1971,kimi_k3_max,22.139384679155906,7
1971,deepseek_v4_flash_max,21.454079943358074,8
1971,glm_5_2_max,12.488725205285402,9
1971,deepseek_v4_pro_max,11.189373039412885,10
1972,qwen3_8_max,72.601154473531,1
1972,claude_fable_5_max,67.50749918563844,2
1972,gpt_5_5_xhigh,65.33321920173326,3
1972,gemini_3_1_pro_high,54.501821768039086,4
1972,claude_opus_4_8_max,51.25853696448126,5
1972,deepseek_v4_pro_max,36.70763231058497,6
1972,glm_5_2_max,24.170275470261842,7
1972,gpt_5_6_sol_max,22.84084037662945,8
1972,kimi_k3_max,20.392068439664726,9
1972,deepseek_v4_flash_max,14.538983497650797,10
1973,claude_opus_4_8_max,84.94911397936662,1
1973,qwen3_8_max,70.25302491615221,2
1973,gemini_3_1_pro_high,56.25888371034472,3
1973,gpt_5_5_xhigh,50.89469515043993,4
1973,kimi_k3_max,41.74638907118337,5
1973,claude_fable_5_max,38.05080707349971,6
1973,deepseek_v4_flash_max,36.30290870677168,7
1973,deepseek_v4_pro_max,28.804532942309635,8
1973,gpt_5_6_sol_max,27.112241781123636,9
1973,glm_5_2_max,12.11453017254177,10
1974,kimi_k3_max,78.45394939365387,1
1974,claude_fable_5_max,54.10937623593644,2
1974,qwen3_8_max,47.44559209115424,3
1974,gpt_5_5_xhigh,35.44991844145035,4
1974,gemini_3_1_pro_high,34.49216457507547,5
1974,claude_opus_4_8_max,29.37908519830702,6
1974,gpt_5_6_sol_max,23.280406042835168,7
1974,deepseek_v4_flash_max,22.890382029152576,8
1974,deepseek_v4_pro_max,21.685647482711886,9
1974,glm_5_2_max,19.053014934237268,10
1975,gpt_5_5_xhigh,74.16151361146474,1
1975,claude_fable_5_max,49.99016907157871,2
1975,deepseek_v4_pro_max,39.54939834490882,3
1975,claude_opus_4_8_max,39.374955850343724,4
1975,gemini_3_1_pro_high,35.028440656095384,5
1975,qwen3_8_max,33.48153274481139,6
1975,kimi_k3_max,32.31814444067919,7
1975,gpt_5_6_sol_max,28.8230634724802,8
1975,deepseek_v4_flash_max,18.7636417082185,9
1975,glm_5_2_max,8.965300905277129,10
1976,claude_fable_5_max,84.90831639540643,1
1976,gemini_3_1_pro_high,61.91564386215101,2
1976,gpt_5_5_xhigh,52.988969192607826,3
1976,gpt_5_6_sol_max,47.65151358214476,4
1976,kimi_k3_max,46.48278889362781,5
1976,glm_5_2_max,27.033381128643384,6
1976,qwen3_8_max,18.60024554828211,7
1976,claude_opus_4_8_max,15.121949855012225,8
1976,deepseek_v4_flash_max,14.576817721290235,9
1976,deepseek_v4_pro_max,11.864852119120359,10
1977,kimi_k3_max,70.01685862649747,1
1977,claude_fable_5_max,64.47028350494665,2
1977,gpt_5_6_sol_max,62.78508365991829,3
1977,gpt_5_5_xhigh,52.97367750331656,4
1977,gemini_3_1_pro_high,45.87133564316281,5
1977,glm_5_2_max,39.86314987166438,6
1977,qwen3_8_max,38.77113272526542,7
1977,claude_opus_4_8_max,33.69490323596308,8
1977,deepseek_v4_pro_max,27.730575948455908,9
1977,deepseek_v4_flash_max,19.98008487073197,10
1978,gpt_5_6_sol_max,82.86640371438195,1
1978,claude_opus_4_8_max,72.17759958914743,2
1978,gpt_5_5_xhigh,63.15601387669352,3
1978,qwen3_8_max,62.8323531575535,4
1978,kimi_k3_max,52.997227328207096,5
1978,deepseek_v4_flash_max,33.57364632710572,6
1978,claude_fable_5_max,31.98995066207337,7
1978,gemini_3_1_pro_high,27.27841069773155,8
1978,glm_5_2_max,26.125386571835172,9
1978,deepseek_v4_pro_max,25.94583672500937,10
1979,claude_opus_4_8_max,65.01867455344484,1
1979,gpt_5_6_sol_max,59.889134878554046,2
1979,qwen3_8_max,54.0521080953019,3
1979,gemini_3_1_pro_high,51.59683951554598,4
1979,gpt_5_5_xhigh,44.030498995120965,5
1979,kimi_k3_max,35.52255553590592,6
1979,deepseek_v4_pro_max,33.420017485609264,7
1979,deepseek_v4_flash_max,22.091806311192833,8
1979,claude_fable_5_max,21.781410092896717,9
1979,glm_5_2_max,17.0057873345532,10
1980,gpt_5_5_xhigh,84.30088536878095,1
1980,qwen3_8_max,53.696414528750765,2
1980,claude_opus_4_8_max,49.25814090133193,3
1980,gpt_5_6_sol_max,47.476156729320564,4
1980,claude_fable_5_max,44.68588161087125,5
1980,deepseek_v4_pro_max,34.19483629070763,6
1980,kimi_k3_max,32.71232864021109,7
1980,gemini_3_1_pro_high,27.631663577480012,8
1980,deepseek_v4_flash_max,18.391742894142517,9
1980,glm_5_2_max,14.090341637840169,10
1981,gpt_5_5_xhigh,79.88634473668253,1
1981,gpt_5_6_sol_max,72.09232141317642,2
1981,claude_fable_5_max,64.56566326337246,3
1981,kimi_k3_max,62.751929484477756,4
1981,qwen3_8_max,54.13230846917587,5
1981,gemini_3_1_pro_high,43.26883201456734,6
1981,glm_5_2_max,39.10443451251922,7
1981,deepseek_v4_pro_max,36.03215398688154,8
1981,claude_opus_4_8_max,29.394320909826234,9
1981,deepseek_v4_flash_max,15.213539605177914,10
1982,claude_opus_4_8_max,61.93114744374836,1
1982,claude_fable_5_max,57.76129638948438,2
1982,gemini_3_1_pro_high,57.42110783878478,3
1982,gpt_5_5_xhigh,56.58356162353473,4
1982,qwen3_8_max,55.023182513581474,5
1982,gpt_5_6_sol_max,49.674231675113006,6
1982,deepseek_v4_flash_max,45.51964398775492,7
1982,kimi_k3_max,42.87271239550657,8
1982,deepseek_v4_pro_max,23.799846795738745,9
1982,glm_5_2_max,19.535456480948902,10
1983,claude_fable_5_max,68.97598888571059,1
1983,gpt_5_6_sol_max,63.23062887606031,2
1983,qwen3_8_max,53.82768069530465,3
1983,claude_opus_4_8_max,46.46022722982795,4
1983,deepseek_v4_pro_max,41.289774424919,5
1983,kimi_k3_max,32.04353927335081,6
1983,gemini_3_1_pro_high,31.47197151624252,7
1983,gpt_5_5_xhigh,29.300386277372446,8
1983,glm_5_2_max,19.299580145038036,9
1983,deepseek_v4_flash_max,12.043365500364121,10
1984,claude_fable_5_max,72.40078881120425,1
1984,gpt_5_6_sol_max,70.20267542536696,2
1984,gpt_5_5_xhigh,56.65689366875522,3
1984,qwen3_8_max,55.748005489480036,4
1984,kimi_k3_max,45.377675689677474,5
1984,deepseek_v4_pro_max,39.97140682565406,6
1984,gemini_3_1_pro_high,29.956925778212444,7
1984,claude_opus_4_8_max,24.734824836149965,8
1984,deepseek_v4_flash_max,17.56059286220974,9
1984,glm_5_2_max,9.905876808004997,10
1985,claude_fable_5_max,77.88360278295545,1
1985,gpt_5_6_sol_max,76.53681413963444,2
1985,kimi_k3_max,74.63896331904473,3
1985,gpt_5_5_xhigh,65.24531381182369,4
1985,claude_opus_4_8_max,35.74795722447977,5
1985,deepseek_v4_flash_max,35.14241532481435,6
1985,qwen3_8_max,32.20709885263004,7
1985,deepseek_v4_pro_max,31.32298883994158,8
1985,gemini_3_1_pro_high,25.818666857569934,9
1985,glm_5_2_max,22.966198710736126,10
1986,claude_fable_5_max,80.87492842342567,1
1986,qwen3_8_max,75.04228668902675,2
1986,gpt_5_6_sol_max,64.18224212711496,3
1986,kimi_k3_max,61.904113957380076,4
1986,gpt_5_5_xhigh,30.959046809618624,5
1986,gemini_3_1_pro_high,30.057887670640582,6
1986,claude_opus_4_8_max,28.961183667207074,7
1986,glm_5_2_max,27.90334511546208,8
1986,deepseek_v4_flash_max,27.705261785358395,9
1986,deepseek_v4_pro_max,23.402950997171185,10
1987,qwen3_8_max,74.79338941756677,1
1987,claude_opus_4_8_max,73.29666657358571,2
1987,gemini_3_1_pro_high,42.361778747615354,3
1987,gpt_5_6_sol_max,40.11065984830744,4
1987,claude_fable_5_max,36.60797548151252,5
1987,kimi_k3_max,33.18786457038209,6
1987,deepseek_v4_flash_max,32.44707983928508,7
1987,gpt_5_5_xhigh,32.07589768057542,8
1987,deepseek_v4_pro_max,29.63161228785936,9
1987,glm_5_2_max,12.517379479442315,10
1988,claude_opus_4_8_max,90.98749917957056,1
1988,gpt_5_6_sol_max,87.41955660118052,2
1988,qwen3_8_max,71.41920330413068,3
1988,kimi_k3_max,60.58471822432955,4
1988,claude_fable_5_max,45.408467463092954,5
1988,gemini_3_1_pro_high,31.32668763935417,6
1988,glm_5_2_max,26.08344819208007,7
1988,deepseek_v4_flash_max,25.609022360734507,8
1988,deepseek_v4_pro_max,19.593394833843618,9
1988,gpt_5_5_xhigh,18.278953487316144,10
1989,gpt_5_6_sol_max,76.37881074109012,1
1989,kimi_k3_max,56.59312266581573,2
1989,gpt_5_5_xhigh,55.51257890394263,3
1989,claude_opus_4_8_max,49.47333429190396,4
1989,claude_fable_5_max,36.845868134992855,5
1989,deepseek_v4_pro_max,30.649861667533834,6
1989,gemini_3_1_pro_high,29.60290482728224,7
1989,qwen3_8_max,16.743003068818737,8
1989,deepseek_v4_flash_max,15.785917141284905,9
1989,glm_5_2_max,12.949408773266683,10
1990,kimi_k3_max,83.23639147253445,1
1990,claude_fable_5_max,68.5864462228278,2
1990,gpt_5_6_sol_max,59.81565774348252,3
1990,gpt_5_5_xhigh,55.01156360862359,4
1990,deepseek_v4_pro_max,51.94139836044839,5
1990,gemini_3_1_pro_high,49.21876321287316,6
1990,qwen3_8_max,44.382441761890625,7
1990,claude_opus_4_8_max,34.33372398213221,8
1990,glm_5_2_max,24.710327433640114,9
1990,deepseek_v4_flash_max,21.64550345677152,10
1991,kimi_k3_max,73.56963536774037,1
1991,claude_opus_4_8_max,65.21592568474692,2
1991,claude_fable_5_max,58.79079171755223,3
1991,qwen3_8_max,49.53916303967907,4
1991,gpt_5_6_sol_max,42.12845217389601,5
1991,gemini_3_1_pro_high,39.2298627455327,6
1991,deepseek_v4_flash_max,29.36053779086828,7
1991,glm_5_2_max,21.120329060130725,8
1991,gpt_5_5_xhigh,15.446797039241156,9
1991,deepseek_v4_pro_max,7.607796151410543,10
1992,gpt_5_5_xhigh,84.58518192178477,1
1992,qwen3_8_max,48.40285529573307,2
1992,gpt_5_6_sol_max,48.29930859262378,3
1992,deepseek_v4_pro_max,45.98307257363213,4
1992,claude_opus_4_8_max,45.5549790321853,5
1992,claude_fable_5_max,45.4340472915807,6
1992,kimi_k3_max,31.10880985153425,7
1992,gemini_3_1_pro_high,28.496079175978405,8
1992,glm_5_2_max,20.06864090623566,9
1992,deepseek_v4_flash_max,8.276310974880086,10
1993,claude_fable_5_max,69.60374217325659,1
1993,gpt_5_6_sol_max,54.58063182878441,2
1993,qwen3_8_max,50.75995567560945,3
1993,gemini_3_1_pro_high,50.50029953440945,4
1993,kimi_k3_max,49.39448219073431,5
1993,deepseek_v4_pro_max,32.550700689273356,6
1993,gpt_5_5_xhigh,31.86119562327498,7
1993,glm_5_2_max,29.947957345641733,8
1993,claude_opus_4_8_max,21.19941460924791,9
1993,deepseek_v4_flash_max,13.439042949978719,10
1994,gpt_5_5_xhigh,66.67168927578349,1
1994,claude_opus_4_8_max,49.72904830562504,2
1994,gemini_3_1_pro_high,46.72590533699339,3
1994,kimi_k3_max,45.509275346306026,4
1994,gpt_5_6_sol_max,44.18195076646842,5
1994,deepseek_v4_pro_max,36.93370632129693,6
1994,qwen3_8_max,36.64100597898817,7
1994,claude_fable_5_max,36.3018204879095,8
1994,glm_5_2_max,20.338771036689547,9
1994,deepseek_v4_flash_max,14.759848140887295,10
1995,claude_fable_5_max,83.3590458218332,1
1995,kimi_k3_max,62.16065649297134,2
1995,gpt_5_6_sol_max,61.902625799338466,3
1995,qwen3_8_max,60.42307470436195,4
1995,gpt_5_5_xhigh,55.047450753241634,5
1995,gemini_3_1_pro_high,38.45833574969234,6
1995,claude_opus_4_8_max,24.89947773126707,7
1995,glm_5_2_max,24.429819650352748,8
1995,deepseek_v4_flash_max,24.100999034651743,9
1995,deepseek_v4_pro_max,12.835559461842998,10
1996,claude_opus_4_8_max,70.43905480121312,1
1996,claude_fable_5_max,68.6032149891486,2
1996,gpt_5_5_xhigh,66.19492936966138,3
1996,qwen3_8_max,62.38744256376809,4
1996,kimi_k3_max,56.89784662424758,5
1996,gemini_3_1_pro_high,46.85007324320651,6
1996,deepseek_v4_flash_max,30.242363044755663,7
1996,glm_5_2_max,27.83545731329529,8
1996,gpt_5_6_sol_max,24.82822961897181,9
1996,deepseek_v4_pro_max,22.290003849243142,10
1997,gpt_5_5_xhigh,74.48059723037238,1
1997,kimi_k3_max,59.63381103872493,2
1997,claude_fable_5_max,56.48328951105524,3
1997,claude_opus_4_8_max,54.817386605573105,4
1997,qwen3_8_max,40.754697646007244,5
1997,gemini_3_1_pro_high,40.14863020681892,6
1997,deepseek_v4_flash_max,29.322840295637825,7
1997,gpt_5_6_sol_max,26.411005243981798,8
1997,glm_5_2_max,24.238655916962173,9
1997,deepseek_v4_pro_max,18.65189538537861,10
1998,claude_opus_4_8_max,75.87325180242146,1
1998,gemini_3_1_pro_high,64.22288363660562,2
1998,gpt_5_6_sol_max,58.736114704793444,3
1998,gpt_5_5_xhigh,49.19609562245433,4
1998,qwen3_8_max,47.343036938897725,5
1998,claude_fable_5_max,36.67650681002733,6
1998,glm_5_2_max,34.998464915358234,7
1998,kimi_k3_max,27.632915726009387,8
1998,deepseek_v4_pro_max,20.45917454865819,9
1998,deepseek_v4_flash_max,17.04214185443462,10
1999,claude_opus_4_8_max,69.61512207222563,1
1999,kimi_k3_max,54.33398000915568,2
1999,gpt_5_6_sol_max,48.46262217368795,3
1999,qwen3_8_max,43.926780369755654,4
1999,claude_fable_5_max,38.67589491724759,5
1999,gemini_3_1_pro_high,30.25969420141066,6
1999,deepseek_v4_pro_max,25.254226776829796,7
1999,deepseek_v4_flash_max,23.958968235920878,8
1999,glm_5_2_max,23.257381802071226,9
1999,gpt_5_5_xhigh,14.363025022047687,10
2000,kimi_k3_max,85.02008482070023,1
2000,claude_fable_5_max,81.40819031497051,2
2000,gpt_5_5_xhigh,76.93845584337912,3
2000,qwen3_8_max,57.84813631217286,4
2000,claude_opus_4_8_max,47.025280751692314,5
2000,gemini_3_1_pro_high,46.94990369118032,6
2000,deepseek_v4_flash_max,33.30125765687948,7
2000,gpt_5_6_sol_max,32.86350098710695,8
2000,deepseek_v4_pro_max,32.67435768910585,9
2000,glm_5_2_max,24.031505065564936,10
